timestamp,quantity,price,fee,amount,side
2018-12-02 01:27,0.00210000,4817000,5.05,-10121,0
2018-12-02 01:30,0.00210000,4821000,5.06,10119,1
2018-12-02 02:02,0.44891805,4816000,1080.99,-2163071,0
2018-12-02 02:02,0.00905806,4816000,21.81,-43646,0
2018-12-02 02:02,0.11502389,4816000,276.97,-554232,0
2018-12-02 02:02,0.00297888,4817000,7.17,-14357,0
2018-12-02 02:02,0.01796774,4819000,43.29,-86630,0
2018-12-02 02:02,0.59183226,4819000,1426.01,-2853466,0
2018-12-02 02:22,0.00576579,4810000,13.86,27719,1
2018-12-02 02:22,0.04145300,4810000,99.69,199289,1
2018-12-02 02:22,0.04000000,4810000,96.20,192303,1
2018-12-02 02:24,0.00335729,4792000,8.04,16080,1
2018-12-02 02:24,0.05540000,4792000,132.73,265344,1
2018-12-02 02:24,0.04000000,4792000,95.84,191584,1
2018-12-02 02:24,0.10600000,4792000,253.97,507698,1
2018-12-02 02:25,0.00144322,4788000,3.45,6906,1
2018-12-02 02:25,0.08709158,4788000,208.49,416785,1
2018-12-02 02:25,0.00144322,4788000,3.45,6906,1
2018-12-02 02:26,1.19620000,4795000,2867.88,-5738647,0
2018-12-02 02:27,0.00188400,4787000,4.50,9014,1
2018-12-02 02:27,0.00100000,4787000,2.39,4784,1
2018-12-02 02:27,0.39531423,4787000,946.18,1891423,1
2018-12-02 02:27,0.15410000,4787000,368.83,737307,1
2018-12-02 02:27,0.64000000,4787000,1531.84,3062148,1
2018-12-02 02:27,0.00206610,4787000,4.94,9885,1
2018-12-02 02:27,0.02094213,4787000,50.12,100199,1
2018-12-02 02:27,0.01047107,4787000,25.06,50099,1
2018-12-02 02:27,0.00206610,4787000,4.94,9885,1
2018-12-02 02:27,0.01047107,4787000,25.06,50099,1
2018-12-02 02:28,0.10000000,4787000,239.35,478460,1
2018-12-02 02:28,0.00002431,4782000,0.05,-117,0
2018-12-02 02:28,0.00187569,4782000,4.48,-8974,0
2018-12-02 02:42,0.03000000,4769000,71.53,-143142,0
2018-12-02 02:44,0.00462414,4782000,11.05,-22124,0
2018-12-02 02:44,0.02897586,4782000,69.28,-138632,0
2018-12-02 02:47,0.11225239,4794000,269.06,537868,1
2018-12-02 02:58,1.38510000,4776000,3307.61,-6618546,0
2018-12-02 03:00,0.00091868,4780000,2.19,4389,1
2018-12-02 03:00,0.01600000,4780000,38.24,76441,1
2018-12-02 03:07,0.00867275,4789000,20.76,41513,1
2018-12-02 03:07,0.00100000,4789000,2.39,4786,1
2018-12-02 03:10,0.02590415,4787000,62.00,123941,1
2018-12-02 03:26,0.03647405,4790000,87.35,174623,1
2018-12-02 03:26,0.05000000,4790000,119.75,239380,1
2018-12-02 03:26,0.18900000,4790000,452.65,904857,1
2018-12-02 03:26,0.50000000,4790000,1197.50,2393802,1
2018-12-02 03:26,0.40000000,4790000,958.00,1915042,1
2018-12-02 03:26,0.05000000,4790000,119.75,239380,1
2018-12-02 03:32,0.00081109,4800000,1.94,3891,1
2018-12-02 03:40,0.00100000,4796000,2.39,4793,1
2018-12-02 03:42,0.15956945,4796000,382.64,764912,1
2018-12-02 03:42,0.04009670,4795000,96.13,192167,1
2018-12-02 03:51,0.00153240,4786000,3.66,7330,1
2018-12-02 03:58,0.06289210,4783000,150.40,300662,1
2018-12-02 03:58,0.06945255,4783000,166.09,332025,1
2018-12-02 04:03,0.05598170,4783000,133.88,267626,1
2018-12-02 04:03,0.33071830,4783000,790.91,1581034,1
2018-12-02 05:29,0.09726707,4781000,232.51,-465267,0
2018-12-02 05:33,0.90000000,4788000,2154.60,-4311355,0
2018-12-02 05:34,0.23366066,4787000,559.26,-1119093,0
2018-12-02 05:34,0.11633934,4787000,278.45,-557195,0
2018-12-02 05:34,0.41379609,4787000,990.42,-1981833,0
2018-12-02 05:34,0.23890391,4787000,571.81,-1144205,0
2018-12-02 05:37,0.00209002,4749000,4.96,9920,1
2018-12-02 05:37,0.08500000,4743000,201.57,402953,1
2018-12-02 05:37,0.00209384,4743000,4.96,9926,1
2018-12-02 05:37,0.07400000,4743000,175.49,350806,1
2018-12-02 05:37,0.03300000,4743000,78.25,156440,1
2018-12-02 05:37,0.17168416,4743000,407.14,813890,1
2018-12-02 05:37,0.02400000,4743000,56.91,113775,1
2018-12-02 05:37,0.01300000,4743000,30.82,61628,1
2018-12-02 05:37,0.00500000,4743000,11.85,23703,1
2018-12-02 05:37,0.09035200,4743000,214.26,428325,1
2018-12-02 05:37,0.02300000,4743000,54.54,109034,1
2018-12-02 05:37,0.01200000,4743000,28.45,56887,1
2018-12-02 05:37,0.25000000,4743000,592.87,1185157,1
2018-12-02 05:37,0.02013840,4743000,47.75,95468,1
2018-12-02 05:50,0.10000000,4731000,236.55,472863,1
2018-12-02 05:50,0.00603218,4731000,14.26,28523,1
2018-12-02 05:50,0.01681728,4731000,39.78,79522,1
2018-12-02 06:01,0.87867200,4751000,2087.28,4172483,1
2018-12-02 06:01,0.19302800,4751000,458.53,916617,1
2018-12-02 06:16,0.92339960,4710000,2174.60,-4351387,0
2018-12-02 06:17,1.04320000,4720000,2461.95,-4926366,0
2018-12-02 06:19,0.44503830,4735000,1053.62,2106202,1
2018-12-02 06:25,0.00020000,4736000,0.47,946,1
2018-12-02 06:25,0.01940067,4736000,45.94,91835,1
2018-12-02 06:25,0.19034296,4736000,450.73,901013,1
2018-12-02 06:25,0.25185309,4736000,596.38,1192179,1
2018-12-02 06:29,0.02655453,4731000,62.81,125566,1
2018-12-02 06:34,1.03330000,4738000,2447.88,4893327,1
2018-12-02 06:48,2.00000000,4719000,4719.00,-9442719,0
2018-12-02 06:57,0.31336724,4747000,743.77,1486810,1
2018-12-02 07:00,0.00171491,4752000,4.07,8145,1
2018-12-02 07:00,0.08495750,4752000,201.85,403516,1
2018-12-02 07:00,0.35272019,4752000,838.06,1675288,1
2018-12-02 07:02,0.00055651,4751000,1.32,2642,1
2018-12-02 07:02,1.24664349,4751000,2961.40,5919841,1
2018-12-02 07:14,0.00330832,4748000,7.85,-15716,0
2018-12-02 07:28,0.00330000,4758000,7.85,15693,1
2018-12-02 07:35,0.00001472,4752000,0.03,-70,0
2018-12-02 07:35,0.11531209,4752000,273.98,-548237,0
2018-12-02 07:37,0.00066858,4760000,1.59,3180,1
2018-12-02 07:37,0.00003723,4760000,0.08,177,1
2018-12-02 07:41,0.11460000,4765000,273.03,545795,1
2018-12-02 08:12,0.00600000,4749000,14.24,-28509,0
2018-12-02 08:12,0.00930000,4749000,22.08,-44188,0
2018-12-02 08:12,0.01265043,4749000,30.03,-60107,0
2018-12-02 08:12,0.10000000,4749000,237.45,-475138,0
2018-12-02 08:12,0.02108461,4749000,50.06,-100181,0
2018-12-02 08:12,0.02108461,4749000,50.06,-100181,0
2018-12-02 08:12,0.02108461,4749000,50.06,-100181,0
2018-12-02 08:16,0.21856856,4732000,517.13,-1034784,0
2018-12-02 08:18,0.00682100,4732000,16.13,-32294,0
2018-12-02 08:20,0.09350000,4729000,221.08,-442383,0
2018-12-02 08:20,0.60430000,4729000,1428.86,-2859164,0
2018-12-02 09:03,0.18462965,4725000,436.18,871938,1
2018-12-02 09:03,0.92977035,4725000,2196.58,4390968,1
2018-12-02 09:06,0.00800000,4713000,18.85,-37723,0
2018-12-02 09:06,0.00800000,4720000,18.88,37741,1
2018-12-02 09:07,0.02010000,4714000,47.37,-94799,0
2018-12-02 09:08,0.00771292,4738000,18.27,36525,1
2018-12-02 09:08,0.00132914,4738000,3.14,6294,1
2018-12-02 09:08,0.00132914,4738000,3.14,6294,1
2018-12-02 09:08,0.00972880,4738000,23.04,46072,1
2018-12-02 09:51,0.58296892,4758000,1386.88,-2775153,0
2018-12-02 09:51,0.00988691,4758000,23.52,-47066,0
2018-12-02 09:56,0.00790989,4759000,18.82,-37662,0
2018-12-02 09:56,0.01919011,4759000,45.66,-91372,0
2018-12-02 10:09,0.01510832,4755000,35.92,-71876,0
2018-12-02 10:10,0.33390000,4762000,795.01,-1590827,0
2018-12-02 10:12,0.00074961,4767000,1.78,3571,1
2018-12-02 10:26,0.96820000,4774000,2311.09,4619875,1
2018-12-02 10:39,0.12098348,4820000,291.57,-583432,0
2018-12-02 10:39,0.00207729,4820000,5.00,-10018,0
2018-12-02 10:39,0.00207729,4820000,5.00,-10018,0
2018-12-02 10:39,1.49576194,4820000,3604.78,-7213178,0
2018-12-02 10:56,0.05488904,4828000,132.50,264871,1
2018-12-02 10:56,0.00135888,4828000,3.28,6557,1
2018-12-02 10:56,0.12380035,4828000,298.85,597409,1
2018-12-02 11:03,0.00329894,4816000,7.94,15879,1
2018-12-02 11:03,0.00445424,4816000,10.72,21440,1
2018-12-02 11:14,0.41081693,4837000,993.56,1986127,1
2018-12-02 11:14,0.36588710,4837000,884.89,1768911,1
2018-12-02 11:14,0.65640000,4837000,1587.50,3173419,1
2018-12-02 11:31,0.05545039,4809000,133.33,-266795,0
2018-12-02 11:31,0.00514961,4809000,12.38,-24777,0
2018-12-02 11:31,1.93940000,4810000,4664.25,-9333179,0
2018-12-02 11:37,0.98574119,4810000,2370.70,4739044,1
2018-12-02 11:37,0.01565985,4810000,37.66,75286,1
2018-12-02 11:37,0.02000000,4810000,48.10,96151,1
2018-12-02 11:37,0.05814300,4810000,139.83,279527,1
2018-12-02 11:40,0.67150621,4806000,1613.62,3225645,1
2018-12-02 11:40,0.24899379,4806000,598.33,1196065,1
2018-12-02 12:03,0.19544422,4795000,468.57,-937624,0
2018-12-02 12:03,0.52295578,4795000,1253.78,-2508827,0
2018-12-02 12:07,0.04000000,4756000,95.12,190144,1
2018-12-02 12:07,0.01391726,4756000,33.09,66157,1
2018-12-02 12:07,0.08038973,4756000,191.16,382142,1
2018-12-02 12:07,0.04213187,4747000,99.99,199899,1
2018-12-02 12:07,0.19570000,4747000,464.49,928523,1
2018-12-02 12:07,0.34626813,4747000,821.86,1642912,1
2018-12-02 12:07,2.00000000,4752000,4752.00,-9508752,0
2018-12-02 12:27,0.20286341,4708000,477.54,954603,1
2018-12-02 12:27,0.14269399,4708000,335.90,671467,1
2018-12-02 12:27,0.01000000,4708000,23.54,47056,1
2018-12-02 12:35,0.88051652,4719000,2077.57,4153079,1
2018-12-02 12:35,0.76388348,4719000,1802.38,3602963,1
2018-12-02 12:59,0.03070000,4725000,72.52,-145130,0
2018-12-02 13:09,0.03070000,4729000,72.59,145107,1
2018-12-02 14:02,0.30390000,4691000,712.79,-1426308,0
2018-12-02 14:03,0.00380000,4676000,8.88,-17778,0
2018-12-02 14:05,0.00213389,4660000,4.97,9938,1
2018-12-02 14:05,0.00900000,4660000,20.97,41919,1
2018-12-02 14:05,0.01075644,4660000,25.06,50099,1
2018-12-02 14:05,0.04000000,4660000,93.20,186306,1
2018-12-02 14:05,0.01060173,4660000,24.70,49379,1
2018-12-02 14:05,0.07300000,4660000,170.09,340009,1
2018-12-02 14:06,0.01614983,4661000,37.63,-75312,0
2018-12-02 14:06,0.01000000,4661000,23.30,-46634,0
2018-12-02 14:06,1.10850300,4661000,2583.36,-5169316,0
2018-12-02 14:06,0.20551167,4661000,478.94,-958369,0
2018-12-02 14:06,0.02172478,4661000,50.62,-101310,0
2018-12-02 14:06,0.47591072,4661000,1109.10,-2219329,0
2018-12-02 14:24,0.04338188,4655000,100.97,201841,1
2018-12-02 14:24,0.90000000,4655000,2094.75,4187405,1
2018-12-02 14:24,0.03704536,4655000,86.22,172359,1
2018-12-02 14:24,0.00592530,4655000,13.79,27568,1
2018-12-02 14:24,0.00598000,4655000,13.91,27822,1
2018-12-02 14:24,0.02112485,4655000,49.16,98287,1
2018-12-02 14:24,0.08482800,4655000,197.43,394676,1
2018-12-02 14:25,0.00354000,4655000,8.23,16470,1
2018-12-02 14:30,1.10170000,4660000,2566.96,-5136489,0
2018-12-02 14:42,0.03842836,4675000,89.82,179562,1
2018-12-02 14:53,0.00021430,4671000,0.50,1000,1
2018-12-02 14:53,0.02000000,4671000,46.71,93373,1
2018-12-02 14:53,0.01209588,4671000,28.24,56471,1
2018-12-02 14:53,0.04474800,4671000,104.50,208913,1
2018-12-02 14:53,0.08959000,4671000,209.23,418265,1
2018-12-02 14:53,0.01210688,4671000,28.27,56522,1
2018-12-02 14:53,0.92500000,4671000,2160.33,4318514,1
2018-12-02 14:53,0.04474800,4671000,104.50,208913,1
2018-12-02 14:54,0.28437877,4670000,664.02,-1328713,0
2018-12-02 14:54,0.00109337,4670000,2.55,-5109,0
2018-12-02 15:09,0.34530208,4676000,807.31,1613825,1
2018-12-02 15:09,0.75309792,4676000,1760.74,3519725,1
2018-12-02 15:36,1.25886714,4683000,2947.63,-5898223,0
2018-12-02 15:36,0.06005366,4683000,140.61,-281372,0
2018-12-02 15:43,0.00054360,4689000,1.27,2547,1
2018-12-02 15:53,1.31840000,4690000,3091.64,6180204,1
2018-12-02 16:03,1.26181106,4677000,2950.74,-5904441,0
2018-12-02 16:03,0.09998894,4677000,233.82,-467882,0
2018-12-02 16:06,0.00165574,4669000,3.86,7726,1
2018-12-02 16:15,0.49432718,4685000,1157.96,2314764,1
2018-12-02 16:15,0.08387917,4685000,196.48,392777,1
2018-12-02 16:16,0.29934532,4685000,701.21,1401731,1
2018-12-02 16:16,0.06022961,4685000,141.08,282034,1
2018-12-02 16:16,0.03492001,4685000,81.80,163518,1
2018-12-02 16:16,0.00094551,4685000,2.21,4427,1
2018-12-02 16:16,0.08319223,4685000,194.87,389560,1
2018-12-02 16:16,0.30336732,4685000,710.63,1420565,1
2018-12-02 16:23,1.12312943,4700000,2639.35,-5281348,0
2018-12-02 16:23,0.73979345,4700000,1738.51,-3478768,0
2018-12-02 16:23,0.00030000,4700000,0.70,-1411,0
2018-12-02 16:23,0.13677712,4700000,321.42,-643174,0
2018-12-02 16:28,2.00000000,4735000,4735.00,9465265,1
2018-12-02 16:49,0.85917359,4710000,2023.35,-4048731,0
2018-12-02 16:49,0.00452018,4710000,10.64,-21301,0
2018-12-02 16:49,0.09593074,4710000,225.91,-452060,0
2018-12-02 16:49,1.04037549,4710000,2450.08,-4902619,0
2018-12-02 16:53,0.00401517,4715000,9.46,18922,1
2018-12-02 16:53,0.00002111,4714000,0.04,99,1
2018-12-02 16:53,1.22023527,4714000,2876.09,5749312,1
2018-12-02 16:53,0.13471075,4714000,317.51,634708,1
2018-12-02 16:53,0.03600000,4714000,84.85,169619,1
2018-12-02 16:53,0.39500000,4714000,931.01,1861098,1
2018-12-02 16:53,0.01497851,4714000,35.30,70573,1
2018-12-02 17:00,0.19500000,4703000,458.54,916626,1
2018-12-02 17:04,0.01147183,4690000,26.90,-53830,0
2018-12-02 17:04,0.04262817,4690000,99.96,-200026,0
2018-12-02 17:05,1.38130000,4690000,3239.14,-6481537,0
2018-12-02 17:11,0.00068784,4704000,1.61,3233,1
2018-12-02 17:11,0.03280666,4704000,77.16,154245,1
2018-12-02 17:11,0.55071835,4704000,1295.28,2589283,1
2018-12-02 17:11,0.00063261,4704000,1.48,2974,1
2018-12-02 17:13,1.14950000,4697000,2699.60,-5401902,0
2018-12-02 17:14,0.12631498,4705000,297.15,594014,1
2018-12-02 17:14,0.90492159,4705000,2128.82,4255527,1
2018-12-02 17:14,0.00077663,4705000,1.82,3652,1
2018-12-02 17:14,0.00073334,4705000,1.72,3448,1
2018-12-02 17:14,0.00073334,4705000,1.72,3448,1
2018-12-02 17:14,0.00209199,4705000,4.92,9837,1
2018-12-02 17:14,0.00017926,4705000,0.42,842,1
2018-12-02 17:14,0.03590739,4705000,84.47,168859,1
2018-12-02 17:14,0.00145791,4705000,3.42,6856,1
2018-12-02 17:14,0.28000000,4705000,658.70,1316741,1
2018-12-02 17:15,0.00219455,4705000,5.16,10320,1
2018-12-02 17:15,0.00341593,4705000,8.03,16063,1
2018-12-02 17:17,0.64130000,4720000,1513.46,3025422,1
2018-12-02 17:57,1.18790000,4698000,2790.37,-5583545,0
2018-12-02 18:01,0.05304000,4711000,124.93,249746,1
2018-12-02 18:01,0.03433821,4711000,80.88,161686,1
2018-12-02 18:02,0.00000042,4717000,0,1,1
2018-12-02 18:02,0.64549755,4717000,1522.40,3043289,1
2018-12-02 18:03,0.07450313,4719000,175.79,351404,1
2018-12-02 18:03,0.38049687,4719000,897.78,1794666,1
2018-12-02 18:05,0.00010825,4749000,0.25,-515,0
2018-12-02 18:05,0.00199175,4749000,4.72,-9464,0
2018-12-02 18:05,0.00923188,4748000,21.91,-43855,0
2018-12-02 18:05,0.05386812,4748000,127.88,-255894,0
2018-12-02 18:06,0.00022346,4746000,0.53,1060,1
2018-12-02 18:06,0.04564041,4746000,108.30,216501,1
2018-12-02 18:06,0.01933613,4746000,45.88,91723,1
2018-12-02 18:21,0.51200000,4754000,1217.02,-2435265,0
2018-12-02 18:21,0.01355117,4758000,32.23,-64509,0
2018-12-02 18:21,0.03394883,4758000,80.76,-161610,0
2018-12-02 18:23,1.44050000,4749000,3420.46,-6844355,0
2018-12-02 19:03,0.65191651,4739000,1544.71,3087887,1
2018-12-02 19:04,0.00687992,4729000,16.26,32518,1
2018-12-02 19:04,0.01491384,4729000,35.26,70492,1
2018-12-02 19:06,1.32630000,4728000,3135.37,6267611,1
2018-12-02 19:11,0.26208519,4700000,615.90,-1232417,0
2018-12-02 19:11,0.00500000,4700000,11.75,-23512,0
2018-12-02 19:11,0.00023000,4700000,0.54,-1082,0
2018-12-02 19:11,0.23007701,4700000,540.68,-1081903,0
2018-12-02 19:11,0.48212700,4700000,1132.99,-2267130,0
2018-12-02 19:18,0.00635217,4704000,14.94,29865,1
2018-12-02 19:33,0.63737390,4676000,1490.18,-2981851,0
2018-12-02 19:33,0.17412610,4676000,407.10,-814621,0
2018-12-02 19:38,1.17911030,4652000,2742.61,5482478,1
2018-12-02 19:38,0.00002915,4653000,0.06,135,1
2018-12-02 19:38,0.00364450,4653000,8.47,16949,1
2018-12-02 19:38,0.53597121,4653000,1246.93,2492627,1
2018-12-02 19:39,0.02000000,4653000,46.53,93013,1
2018-12-02 19:39,0.00033597,4644000,0.78,-1561,0
2018-12-02 19:39,0.00796403,4644000,18.49,-37004,0
2018-12-02 19:42,0.01080000,4638000,25.04,-50116,0
2018-12-02 19:44,0.03250000,4640000,75.40,-150876,0
2018-12-02 19:47,0.00014206,4640000,0.32,658,1
2018-12-02 19:47,0.09735794,4640000,225.87,451514,1
2018-12-02 19:52,0.40758225,4653000,948.24,-1897429,0
2018-12-02 19:52,0.17360000,4653000,403.88,-808165,0
2018-12-02 19:52,0.15284900,4653000,355.60,-711562,0
2018-12-02 19:52,0.01130000,4653000,26.28,-52606,0
2018-12-02 19:52,0.56216875,4653000,1307.88,-2617079,0
2018-12-02 19:55,0.47207617,4657000,1099.22,2197359,1
2018-12-02 19:55,0.14869000,4657000,346.22,692103,1
2018-12-02 19:55,0.00760000,4658000,17.70,-35419,0
2018-12-02 19:57,0.21164894,4650000,492.08,-984660,0
2018-12-02 19:57,0.00212433,4650000,4.93,-9883,0
2018-12-02 19:57,0.19586518,4650000,455.38,-911229,0
2018-12-02 20:09,1.10400000,4635000,2558.52,5114481,1
2018-12-02 20:16,0.00950000,4650000,22.08,-44197,0
2018-12-02 20:26,0.00950000,4668000,22.17,44323,1
2018-12-02 21:11,0.15615167,4680000,365.39,-731156,0
2018-12-02 21:13,0.00140000,4679000,3.27,-6554,0
2018-12-02 21:19,0.08710000,4670000,203.37,-406961,0
2018-12-02 21:22,0.00960000,4670000,22.41,-44855,0
2018-12-02 21:28,0.25430000,4683000,595.44,1190291,1
2018-12-02 21:39,0.03503385,4694000,82.22,-164532,0
2018-12-02 21:39,0.00796615,4694000,18.69,-37412,0
2018-12-02 21:46,0.04300000,4719000,101.45,202815,1
2018-12-02 21:55,0.01680000,4692000,39.41,-78865,0
2018-12-02 22:08,0.01680000,4700000,39.48,78920,1
2018-12-02 22:30,0.00650000,4667000,15.16,-30351,0
2018-12-02 22:34,0.00650000,4679000,15.20,30398,1
2018-12-02 22:42,2.00000000,4655000,4655.00,-9314655,0
2018-12-02 22:51,0.00895331,4669000,20.90,41782,1
2018-12-02 22:51,0.04958774,4669000,115.76,231409,1
2018-12-02 22:51,0.20029172,4669000,467.58,934694,1
2018-12-02 22:55,0.00059889,4676000,1.40,2799,1
2018-12-02 22:55,1.74050000,4676000,4069.28,8134508,1
2018-12-02 23:32,0.01480000,4707000,34.83,-69699,0
2018-12-02 23:33,0.01480000,4714000,34.88,69732,1
2018-12-03 00:03,0.00001978,4708000,0.04,-94,0
2018-12-03 00:11,0.31520000,4687000,738.67,-1478081,0
2018-12-03 00:11,0.00180484,4690000,4.23,-8469,0
2018-12-03 00:15,0.00826070,4683000,19.34,38665,1
2018-12-03 00:15,0.03066358,4683000,71.79,143525,1
2018-12-03 00:15,0.01514184,4683000,35.45,70873,1
2018-12-03 00:15,0.01548388,4683000,36.25,72474,1
2018-12-03 00:16,0.00033235,4683000,0.77,1555,1
2018-12-03 00:16,0.00744663,4678000,17.41,34817,1
2018-12-03 00:16,0.00111795,4678000,2.61,5227,1
2018-12-03 00:16,0.01123868,4678000,26.28,52548,1
2018-12-03 00:16,0.22739674,4678000,531.88,1063230,1
2018-12-03 00:19,0.00400000,4689000,9.37,-18766,0
2018-12-03 00:19,0.21000000,4689000,492.34,-985183,0
2018-12-03 00:19,1.01600000,4689000,2382.01,-4766406,0
2018-12-03 00:27,0.00665529,4693000,15.61,31217,1
2018-12-03 00:27,0.20000000,4693000,469.30,938130,1
2018-12-03 00:27,0.90000000,4693000,2111.85,4221588,1
2018-12-03 00:27,0.02701618,4693000,63.39,126723,1
2018-12-03 00:31,0.00178304,4693000,4.18,8363,1
2018-12-03 00:31,0.09451696,4693000,221.78,443346,1
2018-12-03 00:36,2.00000000,4697000,4697.00,-9398697,0
2018-12-03 00:38,0.01261530,4704000,29.67,59312,1
2018-12-03 00:38,0.13839976,4704000,325.51,650706,1
2018-12-03 00:38,0.02226275,4704000,52.36,104671,1
2018-12-03 00:38,1.82672219,4704000,4296.45,8588604,1
2018-12-03 00:40,0.43660000,4695000,1024.91,-2050862,0
2018-12-03 00:42,0.43660000,4715000,1029.28,2057539,1
2018-12-03 01:00,0.00023091,4700000,0.54,-1086,0
2018-12-03 01:55,1.99980000,4701000,4700.52,-9405761,0
2018-12-03 01:56,0.36912338,4707000,868.73,1736595,1
2018-12-03 01:58,0.00981007,4705000,23.07,46133,1
2018-12-03 01:58,0.63730074,4705000,1499.24,2997000,1
2018-12-03 01:58,0.33236545,4705000,781.88,1562997,1
2018-12-03 01:58,0.01684903,4705000,39.63,79235,1
2018-12-03 01:58,0.04700000,4705000,110.56,221024,1
2018-12-03 02:01,0.00001507,4714000,0.03,71,1
2018-12-03 02:01,0.00090000,4714000,2.12,4240,1
2018-12-03 02:01,0.00530000,4714000,12.49,24971,1
2018-12-03 02:04,0.00920000,4694000,21.59,-43207,0
2018-12-03 02:07,0.00040000,4686000,0.93,1873,1
2018-12-03 02:07,0.01681393,4686000,39.39,78750,1
2018-12-03 02:07,0.16363221,4686000,383.39,766397,1
2018-12-03 02:07,0.03900000,4686000,91.37,182662,1
2018-12-03 02:09,0.00503204,4681000,11.77,23543,1
2018-12-03 02:10,0.15980000,4681000,374.01,747649,1
2018-12-03 02:12,0.00686612,4679000,16.06,32110,1
2018-12-03 02:12,0.19903388,4679000,465.63,930813,1
2018-12-03 02:13,0.40540766,4673000,947.23,-1895418,0
2018-12-03 02:15,0.13720000,4664000,319.95,-640221,0
2018-12-03 02:17,1.45740000,4661000,3396.47,-6796338,0
2018-12-03 02:26,0.00200000,4681000,4.68,9357,1
2018-12-03 02:28,0.21777983,4685000,510.14,1019788,1
2018-12-03 02:38,0.00250000,4674000,5.84,11679,1
2018-12-03 02:39,0.90000000,4675000,2103.75,4205396,1
2018-12-03 02:39,0.72834792,4675000,1702.51,3403324,1
2018-12-03 02:39,0.06876698,4675000,160.74,321324,1
2018-12-03 02:40,0.08060000,4674000,188.36,376536,1
2018-12-03 05:30,0.00000122,4709000,0,-6,0
2018-12-03 05:40,0.17000000,4732000,402.22,-804843,0
2018-12-03 05:40,0.17000000,4750000,403.75,807096,1
2018-12-03 07:15,0.64735410,4725000,1529.37,-3060278,0
2018-12-03 07:17,0.02715421,4717000,64.04,-128151,0
2018-12-03 07:28,0.00424989,4706000,9.99,19989,1
2018-12-03 07:28,0.09257130,4706000,217.82,435422,1
2018-12-03 07:28,0.55057881,4706000,1295.51,2589728,1
2018-12-03 07:29,0.02710000,4706000,63.76,127468,1
2018-12-03 07:39,2.00000000,4700000,4700.00,-9404700,0
2018-12-03 07:43,0.00300000,4696000,7.04,14080,1
2018-12-03 07:43,0.00755697,4696000,17.74,35469,1
2018-12-03 07:43,0.00453413,4696000,10.64,21281,1
2018-12-03 07:43,0.00453413,4696000,10.64,21281,1
2018-12-03 07:43,0.00453413,4696000,10.64,21281,1
2018-12-03 07:43,0.16931500,4696000,397.55,794705,1
2018-12-03 07:43,0.00700000,4696000,16.43,32855,1
2018-12-03 07:44,0.04000000,4698000,93.96,187826,1
2018-12-03 07:46,0.40445265,4695000,949.45,1897955,1
2018-12-03 07:46,0.02200000,4695000,51.64,103238,1
2018-12-03 07:46,0.90000000,4695000,2112.75,4223387,1
2018-12-03 07:46,0.43304735,4695000,1016.57,2032140,1
2018-12-03 07:47,0.32270836,4695000,757.55,-1515874,0
2018-12-03 07:47,0.36994670,4695000,868.44,-1737769,0
2018-12-03 07:47,0.00204494,4695000,4.80,-9606,0
2018-12-03 07:47,1.23385065,4700000,2899.54,-5801998,0
2018-12-03 07:53,0.08552115,4708000,201.31,402432,1
2018-12-03 07:53,0.19665090,4708000,462.91,925369,1
2018-12-03 07:53,0.30000000,4708000,706.20,1411693,1
2018-12-03 07:56,0.00087257,4709000,2.05,4106,1
2018-12-03 08:02,0.02240000,4726000,52.93,105809,1
2018-12-03 08:14,0.13204598,4729000,312.22,624133,1
2018-12-03 08:14,0.02114609,4729000,49.99,99949,1
2018-12-03 08:14,1.17000793,4729000,2766.48,5530201,1
2018-12-03 08:41,1.11954843,4679000,2619.18,-5240987,0
2018-12-03 08:41,0.88045157,4679000,2059.81,-4121693,0
2018-12-03 08:55,0.00212000,4680000,4.96,9916,1
2018-12-03 08:55,0.00012000,4680000,0.28,561,1
2018-12-03 08:55,0.04000000,4680000,93.60,187106,1
2018-12-03 09:00,0.17927629,4708000,422.01,843610,1
2018-12-03 09:00,1.77842371,4708000,4186.40,8368632,1
2018-12-03 09:00,0.18920000,4702000,444.80,-890064,0
2018-12-03 09:00,0.18920000,4707000,445.28,890119,1
2018-12-03 09:10,2.00000000,4667000,4667.00,-9338667,0
2018-12-03 09:12,0.09139912,4681000,213.91,427625,1
2018-12-03 09:12,0.01283885,4681000,30.04,60068,1
2018-12-03 09:12,0.07917592,4681000,185.31,370437,1
2018-12-03 09:12,0.10800000,4681000,252.77,505295,1
2018-12-03 09:12,0.59904899,4681000,1402.07,2802746,1
2018-12-03 09:12,0.02873260,4681000,67.24,134430,1
2018-12-03 09:12,0.59964194,4681000,1403.46,2805520,1
2018-12-03 09:12,0.10600000,4681000,248.09,495937,1
2018-12-03 09:12,0.16640828,4681000,389.47,778567,1
2018-12-03 09:12,0.20875430,4681000,488.58,976690,1
2018-12-03 09:14,1.22478508,4667000,2858.03,-5718930,0
2018-12-03 09:15,0.02125686,4686000,49.80,99559,1
2018-12-03 09:15,0.00303681,4684000,7.11,14217,1
2018-12-03 09:15,0.41836157,4684000,979.80,1958625,1
2018-12-03 09:15,0.00031007,4684000,0.72,1451,1
2018-12-03 09:15,0.04000000,4684000,93.68,187266,1
2018-12-03 09:15,0.00211549,4684000,4.95,9904,1
2018-12-03 09:15,0.00211549,4684000,4.95,9904,1
2018-12-03 09:15,0.02632678,4684000,61.65,123252,1
2018-12-03 09:15,0.71123379,4684000,1665.70,3329753,1
2018-12-03 09:17,0.02837308,4682000,66.42,-132910,0
2018-12-03 09:17,0.13213106,4682000,309.31,-618947,0
2018-12-03 09:19,0.16050000,4678000,375.40,750443,1
2018-12-03 09:21,0.01237902,4666000,28.88,-57790,0
2018-12-03 09:22,0.01240000,4672000,28.96,57903,1
2018-12-03 09:28,0.83540000,4658000,1945.64,-3893239,0
2018-12-03 09:30,0.83540000,4657000,1945.22,3888512,1
2018-12-03 09:31,0.04000000,4653000,93.06,-186213,0
2018-12-03 09:31,0.04500000,4653000,104.69,-209490,0
2018-12-03 09:31,0.00090000,4653000,2.09,-4190,0
2018-12-03 09:35,0.04667650,4654000,108.61,-217341,0
2018-12-03 09:35,0.01212350,4655000,28.21,-56464,0
2018-12-03 09:37,0.00453273,4666000,10.57,21139,1
2018-12-03 09:37,0.14016727,4666000,327.01,653693,1
2018-12-03 09:47,0.71969626,4675000,1682.29,-3366263,0
2018-12-03 09:47,0.00062412,4675000,1.45,-2920,0
2018-12-03 09:47,0.00214544,4675000,5.01,-10035,0
2018-12-03 09:48,0.00210000,4677000,4.91,-9827,0
2018-12-03 09:49,0.00028304,4679000,0.66,1323,1
2018-12-03 09:49,0.01070589,4679000,25.04,50067,1
2018-12-03 09:49,0.08579375,4679000,200.71,401228,1
2018-12-03 09:49,0.21395400,4679000,500.54,1000590,1
2018-12-03 09:49,0.00747551,4679000,17.48,34960,1
2018-12-03 09:53,1.32090000,4673000,3086.28,-6175652,0
2018-12-03 10:15,0.05175773,4676000,121.00,241898,1
2018-12-03 10:19,1.66961348,4682000,3908.56,7813221,1
2018-12-03 10:19,0.00588652,4682000,13.78,27546,1
2018-12-03 10:32,0.02400000,4664000,55.96,-111992,0
2018-12-03 10:37,0.04010000,4654000,93.31,-186719,0
2018-12-03 10:37,0.11904701,4654000,277.02,-554322,0
2018-12-03 10:37,0.00075299,4654000,1.75,-3507,0
2018-12-03 10:38,0.00898144,4654000,20.89,-41821,0
2018-12-03 10:38,0.10701287,4654000,249.01,-498287,0
2018-12-03 10:38,0.00750000,4654000,17.45,-34923,0
2018-12-03 10:38,0.48000000,4654000,1116.96,-2235037,0
2018-12-03 11:07,0.78740000,4651000,1831.09,3660366,1
2018-12-03 11:16,0.07997506,4515000,180.54,-361268,0
2018-12-03 11:16,0.25392494,4515000,573.23,-1147045,0
2018-12-03 11:17,0.45353416,4520000,1024.98,-2051000,0
2018-12-03 11:17,0.00800000,4527000,18.10,-36235,0
2018-12-03 11:18,0.79540000,4527000,1800.38,3598975,1
2018-12-03 11:20,0.00610000,4532000,13.82,-27659,0
2018-12-03 11:20,0.00610000,4538000,13.84,27667,1
2018-12-03 11:25,0.11984044,4522000,270.95,-542190,0
2018-12-03 11:25,0.06604800,4522000,149.33,-298819,0
2018-12-03 11:25,0.18200000,4522000,411.50,-823416,0
2018-12-03 11:25,0.10723343,4522000,242.45,-485152,0
2018-12-03 11:25,0.20000000,4522000,452.20,-904853,0
2018-12-03 11:30,0.00300000,4517000,6.77,13544,1
2018-12-03 11:30,0.09740232,4517000,219.98,439746,1
2018-12-03 11:30,0.04696728,4517000,106.07,212045,1
2018-12-03 11:30,0.00749872,4516000,16.93,33847,1
2018-12-03 11:30,0.52030000,4516000,1174.83,2348499,1
2018-12-03 11:30,0.00000128,4516000,0,5,1
2018-12-03 11:35,0.25303148,4511000,570.71,-1141996,0
2018-12-03 11:36,0.06820000,4512000,153.85,-307873,0
2018-12-03 11:41,0.32120000,4523000,726.39,1452061,1
2018-12-03 11:45,0.11000000,4518000,248.49,-497229,0
2018-12-03 11:47,0.11000000,4507000,247.88,495522,1
2018-12-03 11:49,2.00000000,4482000,4482.00,-8968482,0
2018-12-03 11:56,1.09832704,4517000,2480.57,4958662,1
2018-12-03 11:56,0.50934434,4518000,1150.60,2300067,1
2018-12-03 11:56,0.39235566,4518000,886.33,1771776,1
2018-12-03 13:00,2.00000000,4537000,4537.00,-9078537,0
2018-12-03 13:10,0.41860402,4543000,950.85,1900767,1
2018-12-03 13:10,0.00356527,4543000,8.09,16188,1
2018-12-03 13:13,0.73355362,4531000,1661.86,3322069,1
2018-12-03 13:13,0.11891273,4531000,269.39,538524,1
2018-12-03 13:13,0.04000000,4531000,90.62,181149,1
2018-12-03 13:13,0.20000000,4531000,453.10,905746,1
2018-12-03 13:13,0.35000000,4529000,792.57,1584357,1
2018-12-03 13:13,0.13540000,4529000,306.61,612919,1
2018-12-03 13:14,0.00513606,4523000,11.61,-23242,0
2018-12-03 13:20,0.02083102,4525000,47.13,-94308,0
2018-12-03 13:20,0.41963890,4525000,949.43,-1899816,0
2018-12-03 13:20,0.05700000,4525000,128.96,-258054,0
2018-12-03 13:20,0.66461402,4525000,1503.68,-3008883,0
2018-12-03 13:20,0.49991606,4525000,1131.06,-2263252,0
2018-12-03 13:48,0.00013623,4540000,0.30,618,1
2018-12-03 13:48,0.18949788,4540000,430.16,859890,1
2018-12-03 13:55,0.00032787,4558000,0.74,1493,1
2018-12-03 13:59,0.00003577,4552000,0.08,162,1
2018-12-03 13:59,0.02310000,4552000,52.57,105098,1
2018-12-03 13:59,0.26718463,4552000,608.11,1215616,1
2018-12-03 14:03,1.18680000,4555000,2702.93,5403171,1
2018-12-03 14:42,2.00000000,4533000,4533.00,-9070533,0
2018-12-03 14:52,0.00000443,4543000,0.01,20,1
2018-12-03 15:02,2.00000000,4524000,4524.00,9043476,1
2018-12-03 15:07,0.26630000,4509000,600.37,-1201347,0
2018-12-03 15:09,0.14261807,4518000,322.17,644026,1
2018-12-03 15:09,0.12368193,4518000,279.39,558515,1
2018-12-03 15:18,2.00000000,4519000,4519.00,-9042519,0
2018-12-03 15:37,0.01058160,4515000,23.88,47752,1
2018-12-03 15:37,0.90000000,4515000,2031.75,4061468,1
2018-12-03 15:37,0.10000000,4515000,225.75,451274,1
2018-12-03 15:37,0.98941840,4515000,2233.61,4464990,1
2018-12-03 15:54,0.05000000,4529000,113.22,-226564,0
2018-12-03 15:58,0.00231730,4526000,5.24,10482,1
2018-12-03 15:58,0.04770000,4526000,107.94,215782,1
2018-12-03 16:24,2.00000000,4498000,4498.00,-9000498,0
2018-12-03 16:29,1.07976504,4514000,2437.02,4871622,1
2018-12-03 16:29,0.13264488,4514000,299.37,598459,1
2018-12-03 16:29,0.03528857,4514000,79.64,159212,1
2018-12-03 16:30,0.00044061,4519000,0.99,1990,1
2018-12-03 16:30,0.08192015,4519000,185.09,370012,1
2018-12-03 16:31,0.66990000,4517000,1512.96,3024425,1
2018-12-03 17:26,2.00000000,4501000,4501.00,-9006501,0
2018-12-03 17:33,0.16333946,4514000,368.65,736945,1
2018-12-03 17:33,0.41202010,4514000,929.92,1858928,1
2018-12-03 17:33,0.45060342,4514000,1017.01,2033006,1
2018-12-03 17:41,0.00220000,4513000,4.96,-9934,0
2018-12-03 17:43,0.97630000,4518000,2205.46,4408717,1
2018-12-03 17:56,0.00000336,4531000,0,-16,0
2018-12-03 17:56,0.00219664,4531000,4.97,-9958,0
2018-12-03 17:57,0.00220000,4538000,4.99,9978,1
2018-12-03 18:00,0.02782270,4544000,63.21,-126490,0
2018-12-03 18:01,0.02780000,4555000,63.31,126565,1
2018-12-03 18:19,1.12850000,4552000,2568.46,-5139501,0
2018-12-03 18:23,0.00000018,4558000,0,0,1
2018-12-03 18:23,1.12849982,4558000,2571.85,5141130,1
2018-12-03 19:06,0.02400000,4538000,54.45,-108967,0
2018-12-03 19:07,0.00091522,4547000,2.08,4159,1
2018-12-03 19:07,0.00490118,4547000,11.14,22274,1
2018-12-03 19:07,0.01818360,4547000,41.34,82639,1
2018-12-19 18:07,2.00000000,4175000,4175.00,-8354175,0
2018-12-19 18:07,0.45330000,4175000,946.26,-1893474,0
2018-12-19 18:07,0.00012488,4175000,0.26,-522,0
2018-12-19 18:07,0.02287512,4175000,47.75,-95552,0
2018-12-19 18:29,0.00026109,4212000,0.54,1099,1
2018-12-19 18:29,0.00026115,4212000,0.54,1099,1
2018-12-19 18:29,0.08371380,4212000,176.30,352426,1
2018-12-19 18:29,0.00026115,4212000,0.54,1099,1
2018-12-19 18:29,0.06844952,4212000,144.15,288165,1
2018-12-19 18:29,0.00026115,4212000,0.54,1099,1
2018-12-19 18:29,0.00026115,4212000,0.54,1099,1
2018-12-19 18:31,0.06328495,4205000,133.05,265980,1
2018-12-19 18:31,0.00052266,4205000,1.09,2196,1
2018-12-19 18:31,1.09000000,4203000,2290.63,4578979,1
2018-12-19 18:31,1.10000000,4203000,2311.65,4620988,1
2018-12-19 18:31,0.06907639,4203000,145.16,290182,1
2018-12-19 19:38,0.08000000,4240000,169.60,-339370,0
2018-12-19 19:53,0.08000000,4256000,170.24,340309,1
2018-12-19 19:57,0.05500000,4257000,117.06,-234252,0
2018-12-19 19:59,0.05500000,4253000,116.95,233798,1
2018-12-19 20:11,0.03510056,4266000,74.86,-149814,0
2018-12-19 20:11,0.03638686,4266000,77.61,-155304,0
2018-12-19 20:11,0.07056251,4266000,150.50,-301171,0
2018-12-19 20:11,0.00025785,4266000,0.54,-1101,0
2018-12-19 20:11,0.19775758,4266000,421.81,-844056,0
2018-12-19 20:11,0.00051570,4266000,1.09,-2201,0
2018-12-19 20:11,0.17641730,4266000,376.29,-752973,0
2018-12-19 20:11,0.08780400,4266000,187.28,-374760,0
2018-12-19 20:11,0.01407669,4266000,30.02,-60082,0
2018-12-19 20:11,0.33750000,4266000,719.88,-1440495,0
2018-12-19 20:12,0.01407669,4266000,30.02,-60082,0
2018-12-19 20:19,0.97040000,4261000,2067.43,4132806,1
2018-12-19 20:48,0.00450000,4285000,9.64,-19293,0
2018-12-19 20:49,0.00410000,4293000,8.80,17592,1
2018-12-19 20:49,0.00040000,4293000,0.85,1716,1
2018-12-19 20:56,0.04690000,4295000,100.71,-201537,0
2018-12-19 20:56,0.01955272,4302000,42.05,84073,1
2018-12-19 20:57,0.02734728,4302000,58.82,117589,1
2018-12-19 21:03,1.37935729,4253000,2933.20,-5869340,0
2018-12-19 21:03,0.37144271,4253000,789.87,-1580536,0
2018-12-19 21:05,1.75080000,4256000,3725.70,7447679,1
2018-12-19 21:08,0.94640420,4264000,2017.73,-4037486,0
2018-12-19 21:08,1.05359580,4264000,2246.26,-4494779,0
2018-12-19 21:27,0.03297736,4283000,70.62,141171,1
2018-12-19 21:27,0.13652375,4283000,292.36,584438,1
2018-12-19 21:43,0.01476124,4286000,31.63,63235,1
2018-12-19 21:43,0.99115632,4286000,2124.04,4245971,1
2018-12-19 21:43,0.47870804,4286000,1025.87,2050716,1
2018-12-19 21:43,0.34587440,4286000,741.20,1481676,1
2018-12-19 22:11,0.24115270,4327000,521.73,-1043990,0
2018-12-19 22:11,0.02313845,4327000,50.06,-100171,0
2018-12-19 22:11,0.02313845,4327000,50.06,-100171,0
2018-12-19 22:11,0.00400000,4327000,8.65,-17317,0
2018-12-19 22:15,0.29140000,4325000,630.15,1259674,1
2018-12-19 22:20,0.30437073,4317000,656.98,-1314626,0
2018-12-19 22:20,0.04009958,4317000,86.55,-173197,0
2018-12-19 22:20,0.00598494,4317000,12.91,-25850,0
2018-12-19 22:20,0.02864475,4317000,61.82,-123722,0
2018-12-19 22:25,0.02500000,4351000,54.38,-108830,0
2018-12-19 22:25,0.10100851,4355000,219.94,-440112,0
2018-12-19 22:25,0.12518008,4355000,272.57,-545432,0
2018-12-19 22:25,0.00227530,4355000,4.95,-9914,0
2018-12-19 22:25,0.04023611,4355000,87.61,-175316,0
2018-12-19 22:26,0.07250000,4355000,157.86,-315896,0
2018-12-19 22:29,0.73011893,4340000,1584.35,3167131,1
2018-12-19 22:29,0.01421584,4340000,30.84,61665,1
2018-12-19 22:29,0.00025339,4340000,0.54,1099,1
2018-12-19 22:29,0.00071184,4340000,1.54,3087,1
2018-12-19 22:35,1.81128633,4360000,3948.60,-7901157,0
2018-12-19 22:35,0.06500000,4360000,141.70,-283542,0
2018-12-19 22:35,0.04443159,4360000,96.86,-193819,0
2018-12-19 22:35,0.00268081,4360000,5.84,-11695,0
2018-12-19 22:35,0.03872814,4360000,84.42,-168940,0
2018-12-19 22:37,0.08843600,4385000,193.89,387597,1
2018-12-19 22:37,1.87376400,4385000,4108.22,8212346,1
2018-12-19 22:38,0.04529460,4379000,99.17,-198445,0
2018-12-19 22:38,0.02700000,4379000,59.11,-118293,0
2018-12-19 22:41,0.07230000,4384000,158.48,316804,1
2018-12-19 22:45,0.12750000,4354000,277.56,-555413,0
2018-12-19 22:46,0.01504470,4350000,32.72,65411,1
2018-12-19 22:46,0.00452384,4349000,9.83,19664,1
2018-12-19 22:46,0.10793146,4349000,234.69,469159,1
2018-12-19 22:52,0.26991839,4326000,583.83,-1168251,0
2018-12-19 22:52,0.05351848,4326000,115.76,-231637,0
2018-12-19 22:52,0.00016313,4326000,0.35,-706,0
2018-12-19 23:00,0.00031410,4328000,0.67,-1361,0
2018-12-19 23:00,0.00198590,4328000,4.29,-8600,0
2018-12-19 23:01,0.00230000,4333000,4.98,-9971,0
2018-12-19 23:03,0.02640000,4339000,57.27,-114607,0
2018-12-19 23:05,1.48579293,4320000,3209.31,-6421835,0
2018-12-19 23:05,0.04099734,4320000,88.55,-177197,0
2018-12-19 23:09,1.07108147,4288000,2296.39,4590500,1
2018-12-19 23:09,0.00233208,4288000,4.99,9994,1
2018-12-19 23:09,0.05000000,4288000,107.20,214292,1
2018-12-19 23:09,0.00025647,4288000,0.54,1099,1
2018-12-19 23:10,0.05867431,4278000,125.50,250883,1
2018-12-19 23:10,0.01069380,4276000,22.86,45703,1
2018-12-19 23:10,0.02344481,4276000,50.12,100199,1
2018-12-19 23:10,0.02344481,4276000,50.12,100199,1
2018-12-19 23:10,0.01171966,4276000,25.05,50088,1
2018-12-19 23:10,0.10100000,4276000,215.93,431660,1
2018-12-19 23:10,0.01171966,4276000,25.05,50088,1
2018-12-19 23:10,0.05000000,4276000,106.90,213693,1
2018-12-19 23:10,0.26094299,4271000,557.24,1113930,1
2018-12-19 23:10,0.20605701,4271000,440.03,879629,1
2018-12-19 23:11,0.04000000,4265000,85.30,-170686,0
2018-12-19 23:11,0.04000000,4281000,85.62,171154,1
2018-12-19 23:13,0.00037267,4269000,0.79,-1592,0
2018-12-19 23:13,0.00192733,4269000,4.11,-8232,0
2018-12-19 23:15,0.00017925,4271000,0.38,-766,0
2018-12-19 23:15,0.00500000,4271000,10.67,-21366,0
2018-12-19 23:15,0.00392075,4271000,8.37,-16754,0
2018-12-19 23:16,0.01140000,4289000,24.44,48870,1
2018-12-19 23:29,1.12741022,4247000,2394.05,-4790506,0
2018-12-19 23:29,0.01298978,4247000,27.58,-55196,0
2018-12-19 23:30,0.00025821,4260000,0.54,1099,1
2018-12-19 23:30,0.14095000,4260000,300.22,600146,1
2018-12-19 23:30,0.00025821,4260000,0.54,1099,1
2018-12-19 23:30,0.23550000,4260000,501.61,1002728,1
2018-12-19 23:32,0.50000000,4253000,1063.25,2125436,1
2018-12-19 23:32,0.26340000,4253000,560.12,1119680,1
2018-12-19 23:49,0.31133104,4233000,658.93,-1318524,0
2018-12-19 23:49,0.01537372,4233000,32.53,-65110,0
2018-12-19 23:53,0.30793149,4245000,653.58,1306515,1
2018-12-19 23:53,0.01876851,4244000,39.82,79613,1
2018-12-20 00:33,0.61983780,4220000,1307.85,-2617024,0
2018-12-20 00:33,0.03897544,4220000,82.23,-164559,0
2018-12-20 00:33,0.05988676,4220000,126.36,-252849,0
2018-12-20 00:33,0.02880000,4220000,60.76,-121597,0
2018-12-20 00:35,0.04532583,4199000,95.16,190227,1
2018-12-20 00:35,0.17000000,4199000,356.91,713473,1
2018-12-20 00:35,0.53217417,4199000,1117.29,2233482,1
2018-12-20 00:35,0.27393513,4198000,574.98,-1150555,0
2018-12-20 00:35,0.00190000,4200000,3.99,-7984,0
2018-12-20 00:35,0.67270000,4200000,1412.67,-2826753,0
2018-12-20 00:45,0.17007968,4203000,357.42,714487,1
2018-12-20 00:45,0.17010000,4203000,357.46,714572,1
2018-12-20 00:45,0.17010000,4203000,357.46,714572,1
2018-12-20 00:45,0.17010000,4203000,357.46,714572,1
2018-12-20 00:45,0.09911717,4201000,208.19,416183,1
2018-12-20 00:45,0.16908283,4201000,355.15,709961,1
2018-12-20 00:50,0.36915300,4187000,772.82,-1546417,0
2018-12-20 00:58,0.36910000,4205000,776.03,1551289,1
2018-12-20 01:11,2.00000000,4231000,4231.00,-8466231,0
2018-12-20 01:14,0.44911425,4220000,947.63,1894314,1
2018-12-20 01:14,0.02369668,4220000,49.99,99949,1
2018-12-20 01:22,0.00079462,4208000,1.67,3342,1
2018-12-20 01:28,0.00061786,4224000,1.30,2608,1
2018-12-20 01:28,0.01532242,4224000,32.36,64689,1
2018-12-20 01:28,0.01186671,4224000,25.06,50099,1
2018-12-20 01:28,0.02373343,4224000,50.12,100199,1
2018-12-20 01:28,0.01186671,4224000,25.06,50099,1
2018-12-20 01:28,0.02373343,4224000,50.12,100199,1
2018-12-20 01:28,0.01186907,4224000,25.06,50109,1
2018-12-20 01:31,0.03100000,4223000,65.45,130847,1
2018-12-20 01:31,0.00100000,4223000,2.11,4220,1
2018-12-20 01:52,0.07190359,4237000,152.32,304503,1
2018-12-20 01:52,0.00700000,4237000,14.82,29644,1
2018-12-20 01:54,0.09933929,4245000,210.84,421484,1
2018-12-20 01:54,0.21000000,4245000,445.72,891004,1
2018-12-20 01:54,0.00000001,4245000,0,0,1
2018-12-20 01:57,0.07198281,4257000,153.21,306277,1
2018-12-20 01:59,0.90280942,4258000,1922.08,3842240,1
2018-12-20 01:59,0.03239058,4258000,68.95,137850,1
2018-12-20 02:36,0.01452448,4255000,30.90,-61833,0
2018-12-20 02:36,0.00960000,4254000,20.41,-40859,0
2018-12-20 02:38,0.02410000,4250000,51.21,102373,1
2018-12-20 02:40,0.06300000,4242000,133.62,-267380,0
2018-12-20 02:42,0.00871384,4240000,18.47,36928,1
2018-12-20 02:44,0.94246559,4227000,1991.90,-3985794,0
2018-12-20 02:44,0.08568239,4227000,181.08,-362361,0
2018-12-20 02:44,0.07185202,4227000,151.85,-303871,0
2018-12-20 02:46,0.06094353,4238000,129.13,258149,1
2018-12-20 02:46,0.03258660,4238000,69.05,138032,1
2018-12-20 02:46,0.02500000,4238000,52.97,105897,1
2018-12-20 02:46,0.02500000,4238000,52.97,105897,1
2018-12-20 02:50,0.00000114,4229000,0,4,1
2018-12-20 02:50,0.03540735,4229000,74.86,149662,1
2018-12-20 02:51,0.02415081,4229000,51.06,102082,1
2018-12-20 02:52,0.28030700,4221000,591.58,1182584,1
2018-12-20 02:53,0.00020000,4217000,0.42,842,1
2018-12-20 02:53,0.00442265,4217000,9.32,18640,1
2018-12-20 02:53,0.06664100,4217000,140.51,280884,1
2018-12-20 02:55,0.59960000,4224000,1266.35,2531444,1
2018-12-20 03:03,0.50211005,4220000,1059.45,-2119964,0
2018-12-20 03:03,0.00108995,4220000,2.29,-4602,0
2018-12-20 03:10,0.82020000,4216000,1728.98,-3459693,0
2018-12-20 03:15,0.00049087,4224000,1.03,2072,1
2018-12-20 03:15,0.00549768,4224000,11.61,23210,1
2018-12-20 03:19,0.52051554,4227000,1100.10,2199119,1
2018-12-20 03:19,0.78094240,4227000,1650.52,3299393,1
2018-12-20 03:20,0.01594206,4227000,33.69,67353,1
2018-12-20 03:27,0.40150747,4218000,846.77,-1694406,0
2018-12-20 03:27,0.00120000,4220000,2.53,-5067,0
2018-12-20 03:27,0.00008600,4220000,0.18,-364,0
2018-12-20 03:27,0.00460116,4220000,9.70,-19427,0
2018-12-20 03:27,0.05241284,4220000,110.59,-221293,0
2018-12-20 03:28,0.00027000,4222000,0.56,-1141,0
2018-12-20 03:28,0.00450000,4222000,9.49,-19009,0
2018-12-20 03:28,0.00149130,4222000,3.14,-6300,0
2018-12-20 03:34,0.00319164,4238000,6.76,13519,1
2018-12-20 03:34,0.00120811,4238000,2.55,5117,1
2018-12-20 03:36,0.01370000,4247000,29.09,-58213,0
2018-12-20 03:42,0.47540000,4251000,1010.46,2019914,1
2018-12-20 04:46,0.01080000,4239000,22.89,-45804,0
2018-12-20 04:47,1.98920000,4246000,4223.07,-8450367,0
2018-12-20 05:02,0.87137856,4226000,1841.22,3680604,1
2018-12-20 05:02,1.10000000,4226000,2324.30,4646275,1
2018-12-20 05:02,0.02804760,4226000,59.26,118469,1
2018-12-20 05:02,0.00057384,4226000,1.21,2423,1
2018-12-20 05:03,0.03910000,4223000,82.55,-165202,0
2018-12-20 05:03,0.00180000,4223000,3.80,-7606,0
2018-12-20 05:03,0.00180000,4223000,3.80,-7606,0
2018-12-20 05:03,0.00210000,4223000,4.43,-8873,0
2018-12-20 05:03,0.00240000,4223000,5.06,-10141,0
2018-12-20 05:03,0.00500000,4223000,10.55,-21126,0
2018-12-20 05:03,0.00360000,4223000,7.60,-15211,0
2018-12-20 05:03,0.00210000,4223000,4.43,-8873,0
2018-12-20 05:03,0.00720000,4223000,15.20,-30421,0
2018-12-20 05:03,0.03460000,4223000,73.05,-146189,0
2018-12-20 05:03,1.10000000,4223000,2322.65,-4647623,0
2018-12-20 05:03,0.80030000,4223000,1689.83,-3381357,0
2018-12-20 05:03,0.00012193,4216000,0.25,513,1
2018-12-20 05:03,0.12385778,4216000,261.09,521923,1
2018-12-20 05:03,0.00300000,4216000,6.32,12641,1
2018-12-20 05:14,0.03030680,4194000,63.55,127043,1
2018-12-20 05:14,0.30000000,4194000,629.10,1257570,1
2018-12-20 05:19,0.00026221,4193000,0.54,1098,1
2018-12-20 05:19,0.00026234,4193000,0.54,1099,1
2018-12-20 05:19,0.00026234,4193000,0.54,1099,1
2018-12-20 05:25,0.00091788,4179000,1.91,3833,1
2018-12-20 05:30,0.01000000,4180000,20.90,41779,1
2018-12-20 05:30,0.13179710,4180000,275.45,550636,1
2018-12-20 05:30,0.01492399,4180000,31.19,62351,1
2018-12-20 05:30,0.00090000,4180000,1.88,3760,1
2018-12-20 05:30,0.00119588,4180000,2.49,4996,1
2018-12-20 05:34,0.29478300,4187000,617.12,1233639,1
2018-12-20 05:34,1.08741700,4187000,2276.50,4550738,1
2018-12-20 05:53,0.00052398,4198000,1.09,-2201,0
2018-12-20 05:54,0.00250000,4197000,5.24,-10498,0
2018-12-20 05:58,0.09310000,4190000,195.04,-390284,0
2018-12-20 05:59,0.00864265,4192000,18.11,-36249,0
2018-12-20 05:59,0.04000000,4192000,83.84,-167764,0
2018-12-20 06:03,0.30616600,4190000,641.41,-1283477,0
2018-12-20 06:03,0.00517006,4190000,10.83,-21674,0
2018-12-20 06:03,1.09996394,4190000,2304.42,-4611154,0
2018-12-20 06:39,0.29680562,4127000,612.45,1224304,1
2018-12-20 06:39,0.05616506,4127000,115.89,231677,1
2018-12-20 06:52,0.00069578,4132000,1.43,2873,1
2018-12-20 06:52,0.90349800,4132000,1866.62,3731387,1
2018-12-20 06:52,0.29890000,4130000,617.22,1233839,1
2018-12-20 06:52,0.02430000,4120000,50.05,-100166,0
2018-12-20 06:53,0.06583039,4120000,135.61,-271357,0
2018-12-20 06:56,0.09010000,4110000,185.15,370125,1
2018-12-20 07:00,0.00080000,4116000,1.64,-3295,0
2018-12-20 07:00,0.00190000,4116000,3.91,-7825,0
2018-12-20 07:00,0.01379868,4116000,28.39,-56824,0
2018-12-20 07:00,0.00130132,4116000,2.67,-5359,0
2018-12-20 07:01,0.01780000,4131000,36.76,73495,1
2018-12-20 07:13,0.07463521,4151000,154.90,-309966,0
2018-12-20 07:13,0.09693221,4151000,201.18,-402567,0
2018-12-20 07:13,1.61201114,4151000,3345.72,-6694804,0
2018-12-20 07:13,0.00100000,4151000,2.07,-4153,0
2018-12-20 07:13,0.21542144,4151000,447.10,-894662,0
2018-12-20 07:17,0.00100000,4150000,2.07,4147,1
2018-12-20 07:17,0.36805740,4150000,763.71,1526674,1
2018-12-20 07:17,0.08413491,4150000,174.57,348985,1
2018-12-20 07:17,0.03614457,4150000,74.99,149924,1
2018-12-20 07:17,0.21000000,4147000,435.43,870434,1
2018-12-20 07:17,0.29975453,4147000,621.54,1242460,1
2018-12-20 07:17,0.00120569,4147000,2.49,4997,1
2018-12-20 07:17,0.05100000,4147000,105.74,211391,1
2018-12-20 07:17,0.14800000,4147000,306.87,613449,1
2018-12-20 07:17,0.33826400,4147000,701.39,1402079,1
2018-12-20 07:17,0.02104000,4147000,43.62,87209,1
2018-12-20 07:17,0.02234232,4147000,46.32,92607,1
2018-12-20 07:17,0.03950000,4147000,81.90,163724,1
2018-12-20 07:17,0.01035327,4147000,21.46,42913,1
2018-12-20 07:26,0.00003367,4155000,0.06,139,1
2018-12-20 07:26,0.00462575,4155000,9.60,19210,1
2018-12-20 07:53,0.06633639,4174000,138.44,276749,1
2018-12-20 07:53,0.02487943,4174000,51.92,103794,1
2018-12-20 07:53,0.00230000,4174000,4.80,9595,1
2018-12-20 07:53,0.00230000,4174000,4.80,9595,1
2018-12-20 07:53,0.00680680,4174000,14.20,28397,1
2018-12-20 07:53,0.00238000,4174000,4.96,9929,1
2018-12-20 07:53,0.00238000,4174000,4.96,9929,1
2018-12-20 07:53,0.22205359,4174000,463.42,926388,1
2018-12-20 07:53,0.00238000,4174000,4.96,9929,1
2018-12-20 07:53,0.00238000,4174000,4.96,9929,1
2018-12-20 07:53,0.03040379,4174000,63.45,126841,1
2018-12-20 08:30,0.61234495,4174000,1277.96,-2557206,0
2018-12-20 08:31,0.01987611,4175000,41.49,82941,1
2018-12-20 08:32,0.04350548,4174000,90.79,181501,1
2018-12-20 08:32,0.00364343,4174000,7.60,15200,1
2018-12-20 08:35,0.24180761,4172000,504.41,1008316,1
2018-12-20 08:35,0.22457759,4172000,468.46,936469,1
2018-12-20 08:35,0.07670638,4171000,159.97,319782,1
2018-12-20 08:35,0.00219362,4171000,4.57,9145,1
2018-12-20 08:45,0.16080000,4145000,333.25,-666850,0
2018-12-20 08:45,1.58649495,4148000,3290.39,-6584072,0
2018-12-20 08:45,0.18161840,4148000,376.67,-753730,0
2018-12-20 08:45,0.07108665,4148000,147.43,-295015,0
2018-12-20 09:03,0.00219854,4101000,4.50,9011,1
2018-12-20 09:03,0.01437455,4101000,29.47,58920,1
2018-12-20 09:03,1.98340000,4100000,4065.97,8127874,1
2018-12-20 09:04,0.00260000,4098000,5.32,-10661,0
2018-12-20 09:04,0.12823000,4098000,262.74,-525750,0
2018-12-20 09:04,0.00082200,4100000,1.68,-3372,0
2018-12-20 09:04,0.29629800,4100000,607.41,-1215430,0
2018-12-20 09:04,0.00376988,4100000,7.72,-15465,0
2018-12-20 09:04,0.04000000,4100000,82.00,-164082,0
2018-12-20 09:04,0.00379000,4100000,7.76,-15547,0
2018-12-20 09:04,0.02380379,4100000,48.79,-97645,0
2018-12-20 09:04,0.02442028,4100000,50.06,-100174,0
2018-12-20 09:04,0.03450000,4100000,70.72,-141521,0
2018-12-20 09:08,0.07292365,4100000,149.49,298837,1
2018-12-20 09:08,0.17093824,4100000,350.42,700496,1
2018-12-20 09:08,0.01238970,4100000,25.39,50772,1
2018-12-20 09:08,0.09009693,4100000,184.69,369212,1
2018-12-20 09:08,0.01321775,4100000,27.09,54165,1
2018-12-20 09:08,0.04400000,4100000,90.20,180309,1
2018-12-20 09:08,0.02117486,4100000,43.40,86773,1
2018-12-20 09:08,0.01058743,4100000,21.70,43386,1
2018-12-20 09:11,0.03038643,4102000,62.32,124582,1
2018-12-20 09:11,0.00026816,4102000,0.54,1099,1
2018-12-20 09:11,0.00242014,4102000,4.96,9922,1
2018-12-20 09:11,0.00242014,4102000,4.96,9922,1
2018-12-20 09:11,0.01238627,4102000,25.40,50783,1
2018-12-20 09:11,0.00026809,4102000,0.54,1099,1
2018-12-20 09:11,0.00026809,4102000,0.54,1099,1
2018-12-20 09:11,0.07453727,4102000,152.87,305599,1
2018-12-20 09:19,2.00000000,4143000,4143.00,-8290143,0
2018-12-20 09:27,0.00064466,4172000,1.34,2688,1
2018-12-20 09:27,1.96883141,4172000,4106.98,8209857,1
2018-12-20 09:27,0.03052393,4172000,63.67,127282,1
2018-12-20 09:30,0.93270000,4182000,1950.27,-3902502,0
2018-12-20 09:31,0.93270000,4183000,1950.74,3899533,1
2018-12-20 10:17,0.00011198,4166000,0.23,-467,0
2018-12-20 11:11,1.10000000,4234000,2328.70,-4659729,0
2018-12-20 11:12,0.73937743,4241000,1567.84,3134131,1
2018-12-20 11:12,0.36070000,4240000,764.68,1528603,1
2018-12-20 11:28,2.00000000,4223000,4223.00,-8450223,0
2018-12-20 11:30,0.00026054,4221000,0.54,1099,1
2018-12-20 11:30,0.00026060,4221000,0.54,1099,1
2018-12-20 11:46,1.66590582,4200000,3498.40,6993306,1
2018-12-20 11:46,0.20000000,4200000,420.00,839580,1
2018-12-20 12:01,0.13360000,4199000,280.49,560705,1
2018-12-20 12:03,2.00000000,4188000,4188.00,-8380188,0
2018-12-20 12:12,0.00249100,4185000,5.21,10419,1
2018-12-20 12:12,0.09869700,4185000,206.52,412840,1
2018-12-20 12:20,0.23889154,4186000,499.99,999499,1
2018-12-20 12:20,1.65990846,4186000,3474.18,6944902,1
2018-12-20 12:33,2.00000000,4200000,4200.00,-8404200,0
2018-12-20 12:34,0.00007370,4212000,0.15,310,1
2018-12-20 12:37,0.05548374,4208000,116.73,233358,1
2018-12-20 12:37,0.12283335,4208000,258.44,516624,1
2018-12-20 12:37,0.25984687,4208000,546.71,1092888,1
2018-12-20 12:37,0.03392053,4208000,71.36,142666,1
2018-12-20 12:37,0.01026000,4208000,21.58,43152,1
2018-12-20 12:43,0.00005686,4208000,0.11,239,1
2018-12-20 12:55,0.26455995,4195000,554.91,1109274,1
2018-12-20 12:55,0.00545487,4195000,11.44,22871,1
2018-12-20 12:55,0.10000000,4195000,209.75,419290,1
2018-12-20 12:55,0.81012585,4195000,1699.23,3396778,1
2018-12-20 12:56,0.33740000,4192000,707.19,1413673,1
2018-12-20 13:15,0.57906289,4189000,1212.84,-2426908,0
2018-12-20 13:15,1.42093711,4190000,2976.86,-5956704,0
2018-12-20 13:17,0.00026209,4197000,0.54,1099,1
2018-12-20 13:17,0.06039207,4198000,126.76,253399,1
2018-12-20 13:18,0.00881816,4198000,18.50,37000,1
2018-12-20 13:18,0.00296850,4198000,6.23,12455,1
2018-12-20 13:18,0.01588772,4198000,33.34,66663,1
2018-12-20 13:36,0.31553058,4214000,664.82,1328981,1
2018-12-20 13:38,0.20702843,4219000,436.72,873016,1
2018-12-20 13:38,0.00030000,4219000,0.63,1265,1
2018-12-20 13:38,0.40264228,4219000,849.37,1697898,1
2018-12-20 14:06,0.00710000,4204000,14.92,-29864,0
2018-12-20 14:10,0.00663831,4207000,13.96,27913,1
2018-12-20 14:10,0.98666169,4207000,2075.44,4148810,1
2018-12-20 14:32,0.00388650,4194000,8.14,-16309,0
2018-12-20 14:32,0.00078588,4194000,1.64,-3298,0
2018-12-20 14:43,0.00460000,4190000,9.63,19264,1
2018-12-20 14:45,0.01750000,4173000,36.51,-73064,0
2018-12-20 14:45,0.01750000,4169000,36.47,72921,1
2018-12-20 15:49,2.00000000,4200000,4200.00,-8404200,0
2018-12-20 15:52,0.02540015,4197000,53.30,106551,1
2018-12-20 15:52,0.00127262,4197000,2.67,5338,1
2018-12-20 15:52,0.11750999,4196000,246.53,492825,1
2018-12-20 15:55,0.03892553,4199000,81.72,163366,1
2018-12-20 16:09,1.81690000,4190000,3806.40,7609004,1
2018-12-20 16:22,0.39930701,4185000,835.54,-1671936,0
2018-12-20 16:22,1.59417235,4185000,3335.80,-6674947,0
2018-12-20 16:35,0.59535958,4198000,1249.65,2498069,1
2018-12-20 16:35,0.19500000,4198000,409.30,818200,1
2018-12-20 16:35,0.00026190,4198000,0.54,1098,1
2018-12-20 16:35,0.00026190,4198000,0.54,1098,1
2018-12-20 16:35,0.09360000,4198000,196.46,392736,1
2018-12-20 16:47,0.00236000,4203000,4.95,9914,1
2018-12-20 16:47,0.00236000,4203000,4.95,9914,1
2018-12-20 16:47,0.00236000,4203000,4.95,9914,1
2018-12-20 16:47,0.00283710,4203000,5.96,11918,1
2018-12-20 16:47,0.00236000,4203000,4.95,9914,1
2018-12-20 16:49,0.11663219,4204000,245.16,490076,1
2018-12-20 16:49,0.98016781,4204000,2060.31,4118565,1
2018-12-20 16:59,0.69953881,4210000,1472.52,-2946531,0
2018-12-20 16:59,0.06289281,4210000,132.38,-264912,0
2018-12-20 16:59,0.00030000,4210000,0.63,-1264,0
2018-12-20 16:59,0.07196838,4210000,151.49,-303139,0
2018-12-20 17:03,0.02188107,4229000,46.26,92488,1
2018-12-20 17:03,0.16081273,4229000,340.03,679736,1
2018-12-20 17:03,0.09558100,4229000,202.10,404009,1
2018-12-20 17:03,0.09598600,4229000,202.96,405721,1
2018-12-20 17:03,0.46043300,4229000,973.58,1946197,1
2018-12-20 17:05,2.00000000,4250000,4250.00,-8504250,0
2018-12-20 17:05,2.00000000,4249000,4249.00,8493751,1
2018-12-20 17:10,0.01900000,4265000,40.51,-81076,0
2018-12-20 17:10,0.00630000,4271000,13.45,-26921,0
2018-12-20 17:11,0.02530000,4293000,54.30,108558,1
2018-12-20 17:15,0.07569000,4319000,163.45,-327069,0
2018-12-20 17:15,0.00077226,4319000,1.66,-3337,0
2018-12-20 17:15,0.60000000,4319000,1295.70,-2592696,0
2018-12-20 17:15,0.01153774,4319000,24.91,-49857,0
2018-12-20 17:15,0.00200000,4319000,4.31,-8643,0
2018-12-20 17:15,0.00056016,4325000,1.21,2421,1
2018-12-20 17:15,0.00200000,4325000,4.32,8645,1
2018-12-20 17:15,0.05030000,4325000,108.77,217438,1
2018-12-20 17:15,0.00380000,4325000,8.21,16426,1
2018-12-20 17:15,0.00120000,4325000,2.59,5187,1
2018-12-20 17:15,0.00140000,4325000,3.02,6051,1
2018-12-20 17:15,0.00140000,4325000,3.02,6051,1
2018-12-20 17:15,0.00120000,4325000,2.59,5187,1
2018-12-20 17:15,0.00610000,4325000,13.19,26369,1
2018-12-20 17:15,0.00120000,4325000,2.59,5187,1
2018-12-20 17:15,0.00900000,4325000,19.46,38905,1
2018-12-20 17:15,0.00170000,4325000,3.67,7348,1
2018-12-20 17:15,0.00250000,4325000,5.40,10807,1
2018-12-20 17:15,0.00250000,4325000,5.40,10807,1
2018-12-20 17:15,0.00120000,4325000,2.59,5187,1
2018-12-20 17:15,0.02420000,4325000,52.33,104612,1
2018-12-20 17:15,0.00150000,4325000,3.24,6484,1
2018-12-20 17:15,0.00140000,4325000,3.02,6051,1
2018-12-20 17:15,0.00120000,4325000,2.59,5187,1
2018-12-20 17:15,0.00350000,4325000,7.56,15129,1
2018-12-20 17:15,0.00520000,4325000,11.24,22478,1
2018-12-20 17:15,0.00250000,4325000,5.40,10807,1
2018-12-20 17:15,0.00090000,4325000,1.94,3890,1
2018-12-20 17:15,0.01010000,4325000,21.84,43660,1
2018-12-20 17:15,0.00110000,4325000,2.37,4755,1
2018-12-20 17:15,0.02550000,4325000,55.14,110232,1
2018-12-20 17:15,0.01310000,4325000,28.32,56629,1
2018-12-20 17:15,0.00120000,4325000,2.59,5187,1
2018-12-20 17:15,0.00180000,4325000,3.89,7781,1
2018-12-20 17:15,0.00150000,4325000,3.24,6484,1
2018-12-20 17:15,0.00150000,4325000,3.24,6484,1
2018-12-20 17:15,0.00500000,4325000,10.81,21614,1
2018-12-20 17:15,0.00470000,4325000,10.16,20317,1
2018-12-20 17:15,0.00150000,4325000,3.24,6484,1
2018-12-20 17:15,0.00500000,4325000,10.81,21614,1
2018-12-20 17:15,0.00200000,4325000,4.32,8645,1
2018-12-20 17:15,0.00520000,4325000,11.24,22478,1
2018-12-20 17:15,0.00500000,4325000,10.81,21614,1
2018-12-20 17:15,0.01150000,4325000,24.86,49712,1
2018-12-20 17:15,0.00670000,4325000,14.48,28963,1
2018-12-20 17:15,0.00090000,4325000,1.94,3890,1
2018-12-20 17:15,0.01100000,4325000,23.78,47551,1
2018-12-20 17:15,0.31000000,4325000,670.37,1340079,1
2018-12-20 17:15,0.02530000,4325000,54.71,109367,1
2018-12-20 17:15,0.01500000,4325000,32.43,64842,1
2018-12-20 17:15,0.00930000,4325000,20.11,40202,1
2018-12-20 17:15,0.00070000,4325000,1.51,3025,1
2018-12-20 17:15,0.00170000,4325000,3.67,7348,1
2018-12-20 17:15,0.00220000,4325000,4.75,9510,1
2018-12-20 17:15,0.00550000,4325000,11.89,23775,1
2018-12-20 17:15,0.00250000,4325000,5.40,10807,1
2018-12-20 17:15,0.01270000,4325000,27.46,54900,1
2018-12-20 17:15,0.06433984,4325000,139.13,278130,1
2018-12-20 17:19,0.08022790,4362000,174.97,-350129,0
2018-12-20 17:19,0.18147200,4362000,395.79,-791977,0
2018-12-20 17:19,0.01149729,4362000,25.07,-50177,0
2018-12-20 17:19,1.70280281,4362000,3713.81,-7431340,0
2018-12-20 17:19,0.02400000,4362000,52.34,-104741,0
2018-12-20 17:20,1.99301296,4394000,4378.64,8752920,1
2018-12-20 17:20,0.00027685,4394000,0.60,1215,1
2018-12-20 17:20,0.00670000,4397000,14.72,29445,1
2018-12-20 17:20,2.00000000,4400000,4400.00,-8804400,0
2018-12-20 17:22,0.16660000,4408000,367.18,734005,1
2018-12-20 17:22,0.96032369,4408000,2116.55,4230990,1
2018-12-20 17:22,0.04178700,4408000,92.09,184104,1
2018-12-20 17:22,0.05517499,4408000,121.60,243089,1
2018-12-20 17:22,0.43897961,4398000,965.31,1929667,1
2018-12-20 17:22,0.33712039,4397000,741.15,1481577,1
2018-12-20 17:22,0.00150000,4393000,3.29,-6593,0
2018-12-20 17:23,0.00150000,4392000,3.29,6584,1
2018-12-20 17:24,2.00000000,4370000,4370.00,-8744370,0
2018-12-20 17:27,0.07168126,4398000,157.62,315096,1
2018-12-20 17:27,0.25300000,4398000,556.34,1112137,1
2018-12-20 17:27,0.18999900,4398000,417.80,835197,1
2018-12-20 17:27,0.17898180,4398000,393.58,786768,1
2018-12-20 17:27,0.07924700,4398000,174.26,348354,1
2018-12-20 17:28,1.22710000,4406000,2703.30,5403899,1
2018-12-20 17:32,0.61168939,4411000,1349.08,-2699511,0
2018-12-20 17:32,0.22200000,4411000,489.62,-979732,0
2018-12-20 17:32,0.20000000,4411000,441.10,-882642,0
2018-12-20 17:33,0.01361169,4411000,30.02,-60072,0
2018-12-20 17:33,0.80128258,4416000,1769.23,3536694,1
2018-12-20 17:33,0.24601742,4416000,543.20,1085869,1
2018-12-20 17:34,0.00164960,4421000,3.64,-7297,0
2018-12-20 17:34,0.15398467,4421000,340.38,-681107,0
2018-12-20 17:34,0.61529900,4421000,1360.11,-2721597,0
2018-12-20 17:34,0.00024774,4436000,0.54,1098,1
2018-12-20 17:34,0.00024785,4436000,0.54,1098,1
2018-12-20 17:34,0.00024797,4436000,0.54,1099,1
2018-12-20 17:34,0.00024797,4436000,0.54,1099,1
2018-12-20 17:35,0.07500000,4440000,166.50,332833,1
2018-12-20 17:35,0.69490000,4439000,1542.33,3083118,1
2018-12-20 17:35,0.00074172,4445000,1.64,-3299,0
2018-12-20 17:35,0.04835828,4445000,107.47,-215060,0
2018-12-20 17:35,0.20020000,4450000,445.44,-891336,0
2018-12-20 17:35,0.04636411,4450000,103.16,-206424,0
2018-12-20 17:35,0.00225024,4450000,5.00,-10019,0
2018-12-20 17:36,1.13768565,4450000,2531.35,-5065233,0
2018-12-20 17:37,0.00760003,4443000,16.88,33750,1
2018-12-20 17:37,0.01016183,4443000,22.57,45126,1
2018-12-20 17:37,0.05000000,4443000,111.07,222038,1
2018-12-20 17:37,0.01014939,4443000,22.54,45071,1
2018-12-20 17:37,0.12200000,4443000,271.02,541774,1
2018-12-20 17:37,0.12200000,4443000,271.02,541774,1
2018-12-20 17:37,0.12200000,4443000,271.02,541774,1
2018-12-20 17:37,0.99168875,4443000,2203.03,4403870,1
2018-12-20 17:39,0.07323655,4420000,161.85,-323868,0
2018-12-20 17:39,1.11138895,4422000,2457.28,-4917020,0
2018-12-20 17:39,0.00109726,4422000,2.42,-4855,0
2018-12-20 17:39,0.02100000,4422000,46.43,-92909,0
2018-12-20 17:39,0.01477574,4422000,32.66,-65371,0
2018-12-20 17:39,0.02600000,4422000,57.48,-115030,0
2018-12-20 17:39,0.02500000,4422000,55.27,-110606,0
2018-12-20 17:39,0.02103515,4422000,46.50,-93064,0
2018-12-20 17:39,0.02600000,4422000,57.48,-115030,0
2018-12-20 17:39,0.08365207,4422000,184.95,-370095,0
2018-12-20 17:39,0.02071428,4422000,45.79,-91645,0
2018-12-20 17:41,0.74432365,4433000,1649.79,3297936,1
2018-12-20 17:41,0.20100055,4433000,445.51,890589,1
2018-12-20 17:41,0.05442100,4433000,120.62,241127,1
2018-12-20 17:41,0.00329254,4426000,7.28,14565,1
2018-12-20 17:41,0.23600000,4426000,522.26,1044013,1
2018-12-20 17:41,0.18490746,4426000,409.20,817991,1
2018-12-20 17:43,0.67177965,4422000,1485.30,-2972095,0
2018-12-20 17:43,0.83392035,4422000,1843.79,-3689440,0
2018-12-20 17:44,1.50570000,4400000,3312.54,6621767,1
2018-12-20 17:45,0.16060000,4388000,352.35,-705066,0
2018-12-20 17:45,1.83940000,4391000,4038.40,-8080844,0
2018-12-20 17:46,0.00022060,4401000,0.48,970,1
2018-12-20 17:46,1.54619780,4401000,3402.40,6801414,1
2018-12-20 17:46,1.16760000,4401000,2569.30,-5141177,0
2018-12-20 17:48,0.00412346,4422000,9.11,18224,1
2018-12-20 17:49,0.01977555,4428000,43.78,87522,1
2018-12-20 17:50,0.00214306,4419000,4.73,9465,1
2018-12-20 17:51,0.73365503,4412000,1618.44,3235267,1
2018-12-20 17:51,0.14340759,4412000,316.35,632397,1
2018-12-20 17:51,0.16042893,4412000,353.90,707458,1
2018-12-20 17:51,0.13325518,4412000,293.96,587627,1
2018-12-20 17:51,0.03010199,4409000,66.35,132653,1
2018-12-20 17:51,0.39429801,4409000,869.22,1737590,1
2018-12-20 17:52,0.00980000,4405000,21.58,-43191,0
2018-12-20 17:52,0.64807935,4405000,1427.39,-2856217,0
2018-12-20 17:52,0.00107097,4405000,2.35,-4720,0
2018-12-20 17:55,0.67270000,4415000,1484.98,-2971456,0
2018-12-20 17:56,0.48822669,4417000,1078.24,2155419,1
2018-12-20 17:56,0.04020000,4411000,88.66,177233,1
2018-12-20 17:56,0.02519022,4411000,55.55,111058,1
2018-12-20 17:56,0.77800000,4413000,1716.65,3431597,1
2018-12-20 17:58,0.09238681,4406000,203.52,-407260,0
2018-12-20 18:01,0.00069281,4423000,1.53,-3066,0
2018-12-20 18:01,0.00119454,4423000,2.64,-5286,0
2018-12-20 18:01,0.00371265,4423000,8.21,-16430,0
2018-12-20 18:01,0.06093910,4424000,134.79,-269730,0
2018-12-20 18:01,1.82641805,4430000,4045.51,-8095078,0
2018-12-20 18:01,0.01100000,4430000,24.36,-48755,0
2018-12-20 18:01,0.00368195,4430000,8.15,-16320,0
2018-12-20 18:02,0.62000000,4448000,1378.88,2756381,1
2018-12-20 18:02,0.10129247,4448000,225.27,450323,1
2018-12-20 18:02,1.27870753,4448000,2843.84,5684847,1
2018-12-20 18:03,1.09174797,4436000,2421.49,-4845416,0
2018-12-20 18:04,0.08699077,4450000,193.55,386915,1
2018-12-20 18:04,0.00112823,4450000,2.51,5018,1
2018-12-20 18:07,0.42443127,4485000,951.78,1902622,1
2018-12-20 18:07,0.44500000,4485000,997.91,1994827,1
2018-12-20 18:07,0.13426873,4485000,301.09,601894,1
2018-12-20 18:08,0.51120138,4482000,1145.60,-2292351,0
2018-12-20 18:08,0.36739862,4482000,823.34,-1647504,0
2018-12-20 18:08,0.00000044,4486000,0,-2,0
2018-12-20 18:08,0.00440987,4486000,9.89,-19793,0
2018-12-20 18:08,0.01028969,4486000,23.07,-46183,0
2018-12-20 18:09,0.89330000,4495000,2007.69,4013375,1
2018-12-20 18:10,0.05460000,4489000,122.54,-245222,0
2018-12-20 18:10,0.08596763,4489000,192.95,-386102,0
2018-12-20 18:10,0.02443237,4489000,54.83,-109732,0
2018-12-20 18:11,0.03119038,4466000,69.64,139226,1
2018-12-20 18:11,0.13380962,4466000,298.79,597294,1
2018-12-20 18:12,0.14931245,4454000,332.51,-665371,0
2018-12-20 18:12,0.14684090,4454000,327.01,-654357,0
2018-12-20 18:12,0.01870000,4454000,41.64,-83332,0
2018-12-20 18:12,1.68520000,4454000,3752.94,-7509634,0
2018-12-20 18:13,0.01705960,4452000,37.97,75911,1
2018-12-20 18:13,0.01896740,4452000,42.22,84400,1
2018-12-20 18:13,0.02200000,4452000,48.97,97895,1
2018-12-20 18:13,0.36920000,4452000,821.83,1642856,1
2018-12-20 18:13,0.07750000,4442000,172.12,344082,1
2018-12-20 18:13,0.04212019,4442000,93.54,187004,1
2018-12-20 18:13,0.00001672,4448000,0.03,74,1
2018-12-20 18:13,0.15378405,4448000,342.01,683689,1
2018-12-20 18:13,0.10252270,4448000,228.01,455792,1
2018-12-20 18:13,0.11241007,4448000,249.99,499749,1
2018-12-20 18:14,0.14843991,4456000,330.72,661117,1
2018-12-20 18:14,0.22995155,4457000,512.44,1024381,1
2018-12-20 18:14,0.18068216,4457000,402.65,804897,1
2018-12-20 18:15,0.13254316,4457000,295.37,590449,1
2018-12-20 18:15,0.02242540,4457000,49.97,99900,1
2018-12-20 18:15,0.22436571,4457000,499.99,999497,1
2018-12-20 18:15,0.14603202,4457000,325.43,650539,1
2018-12-20 18:15,0.76582681,4458000,1707.02,-3415763,0
2018-12-20 18:15,0.00498988,4458000,11.12,-22256,0
2018-12-20 18:16,0.77000000,4454000,1714.79,3427865,1
2018-12-20 18:18,0.00094770,4462000,2.11,-4231,0
2018-12-20 18:18,0.01347252,4462000,30.05,-60145,0
2018-12-20 18:18,0.00534910,4462000,11.93,-23880,0
2018-12-20 18:19,0.02060000,4462000,45.95,91871,1
2018-12-20 18:20,0.02490000,4453000,55.43,-110936,0
2018-12-20 18:20,0.02490000,4458000,55.50,110948,1
2018-12-20 18:21,0.31975018,4470000,714.64,-1429998,0
2018-12-20 18:21,0.00360411,4470000,8.05,-16119,0
2018-12-20 18:21,0.01388003,4472000,31.03,-62103,0
2018-12-20 18:21,0.00100000,4473000,2.23,-4476,0
2018-12-20 18:21,0.06750000,4473000,150.96,-302079,0
2018-12-20 18:21,0.27701997,4473000,619.55,-1239730,0
2018-12-20 18:21,0.01390000,4473000,31.08,-62206,0
2018-12-20 18:23,0.01340844,4478000,30.02,-60073,0
2018-12-20 18:23,1.28989156,4479000,2888.71,-5780313,0
2018-12-20 18:23,0.00925739,4475000,20.71,41406,1
2018-12-20 18:23,0.07041600,4475000,157.55,314954,1
2018-12-20 18:23,0.58030164,4475000,1298.42,2595551,1
2018-12-20 18:23,0.00492165,4475000,11.01,22013,1
2018-12-20 18:23,1.33500000,4474000,2986.39,5969803,1
2018-12-20 18:26,0.14770000,4474000,330.40,-661141,0
2018-12-20 18:26,0.00240000,4480000,5.37,-10758,0
2018-12-20 18:26,0.04334339,4484000,97.17,194254,1
2018-12-20 18:26,0.00024520,4484000,0.54,1098,1
2018-12-20 18:27,0.02991081,4480000,67.00,133933,1
2018-12-20 18:27,0.07658919,4480000,171.55,342948,1
2018-12-20 18:28,0.00610000,4485000,13.67,-27373,0
2018-12-20 18:28,0.00045370,4495000,1.01,2038,1
2018-12-20 18:28,0.00564630,4495000,12.69,25367,1
2018-12-20 18:29,0.30011783,4500000,675.26,-1351206,0
2018-12-20 18:29,1.00000000,4500000,2250.00,-4502250,0
2018-12-20 18:29,0.04585787,4500000,103.18,-206464,0
2018-12-20 18:29,0.00030000,4500000,0.67,-1351,0
2018-12-20 18:29,0.00480430,4500000,10.80,-21631,0
2018-12-20 18:29,0.02000000,4500000,45.00,-90045,0
2018-12-20 18:29,0.01000000,4500000,22.50,-45023,0
2018-12-20 18:29,0.40072793,4500000,901.63,-1804178,0
2018-12-20 18:29,0.02559439,4500000,57.58,-115233,0
2018-12-20 18:29,0.00300000,4500000,6.75,-13507,0
2018-12-20 18:29,0.10000000,4500000,225.00,-450225,0
2018-12-20 18:29,0.01000000,4500000,22.50,-45023,0
2018-12-20 18:29,0.07959768,4500000,179.09,-358369,0
2018-12-20 18:29,0.00274000,4480000,6.13,12269,1
2018-12-20 18:29,0.61340792,4480000,1374.03,2746693,1
2018-12-20 18:29,0.00111381,4480000,2.49,4987,1
2018-12-20 18:29,0.05000000,4480000,112.00,223888,1
2018-12-20 18:29,0.27397202,4480000,613.69,1226780,1
2018-12-20 18:29,0.02520000,4480000,56.44,112839,1
2018-12-20 18:29,0.40620000,4480000,909.88,1818866,1
2018-12-20 18:29,0.05000000,4480000,112.00,223888,1
2018-12-20 18:29,0.57736625,4480000,1293.30,2585307,1
2018-12-20 18:32,0.00055317,4460000,1.23,-2469,0
2018-12-20 18:33,0.00021421,4473000,0.47,-959,0
2018-12-20 18:33,0.00698579,4473000,15.62,-31263,0
2018-12-20 18:34,0.00191820,4465000,4.28,8560,1
2018-12-20 18:36,0.00590000,4465000,13.17,26330,1
2018-12-20 18:42,0.00600000,4469000,13.40,-26828,0
2018-12-20 18:42,0.03188311,4469000,71.24,-142557,0
2018-12-20 18:42,1.39032403,4470000,3107.37,-6217856,0
2018-12-20 18:42,0.19027597,4470000,425.26,-850959,0
2018-12-20 18:43,0.68460690,4478000,1532.83,3064136,1
2018-12-20 18:43,0.25653778,4478000,574.38,1148201,1
2018-12-20 18:43,0.67730000,4470000,1513.76,3026017,1
2018-12-20 18:47,0.04410000,4483000,98.85,-197800,0
2018-12-20 18:47,0.04410000,4484000,98.87,197645,1
2018-12-20 18:48,0.05020000,4469000,112.17,-224456,0
2018-12-20 18:48,0.05020000,4475000,112.32,224532,1
2018-12-20 18:51,0.65304996,4463000,1457.28,-2916020,0
2018-12-20 18:51,0.27995004,4463000,624.70,-1250042,0
2018-12-20 18:51,1.06700000,4463000,2381.01,-4764402,0
2018-12-20 18:51,2.00000000,4481000,4481.00,8957519,1
2018-12-20 18:52,2.00000000,4470000,4470.00,-8944470,0
2018-12-20 18:53,0.08845438,4482000,198.22,396254,1
2018-12-20 18:53,0.03764752,4481000,84.34,168614,1
2018-12-20 18:53,0.04787146,4481000,107.25,214404,1
2018-12-20 18:53,0.16666646,4481000,373.41,746458,1
2018-12-20 18:54,0.03694833,4494000,83.02,165962,1
2018-12-20 18:54,0.00214351,4494000,4.81,9628,1
2018-12-20 18:54,0.28174573,4494000,633.08,1265532,1
2018-12-20 18:54,0.00669712,4494000,15.04,30081,1
2018-12-20 18:56,1.10872788,4492000,2490.20,4977915,1
2018-12-20 18:56,0.04743272,4492000,106.53,212961,1
2018-12-20 18:56,0.08455653,4492000,189.91,379638,1
2018-12-20 18:56,0.09108287,4492000,204.57,408939,1
2018-12-20 18:57,0.75989303,4510000,1713.55,-3428832,0
2018-12-20 18:57,0.26020697,4510000,586.76,-1174121,0
2018-12-20 18:57,1.02010000,4507000,2298.79,4595291,1
2018-12-20 18:58,0.00043697,4507000,0.98,-1971,0
2018-12-20 18:58,0.01111075,4507000,25.03,-50102,0
2018-12-20 18:58,0.00500000,4514000,11.28,-22582,0
2018-12-20 18:58,0.01320000,4523000,29.85,-59734,0
2018-12-20 18:59,0.05389903,4526000,121.97,-244069,0
2018-12-20 18:59,0.08370000,4524000,189.32,378469,1
2018-12-20 19:00,0.01540000,4522000,34.81,-69674,0
2018-12-20 19:01,0.01540000,4543000,34.98,69927,1
2018-12-20 19:02,0.92477698,4529000,2094.15,-4190409,0
2018-12-20 19:02,0.46002302,4529000,1041.72,-2084486,0
2018-12-20 19:03,0.13900000,4516000,313.86,627410,1
2018-12-20 19:03,0.38457946,4515000,868.18,1735508,1
2018-12-20 19:03,0.84399560,4515000,1905.32,3808734,1
2018-12-20 19:03,0.01720000,4512000,38.80,77567,1
2018-12-20 19:04,0.00100000,4501000,2.25,-4504,0
2018-12-20 19:05,0.00100000,4506000,2.25,4503,1
2018-12-20 19:07,0.00220000,4489000,4.93,-9881,0
2018-12-20 19:08,0.00220000,4488000,4.93,9868,1
2018-12-20 19:13,0.80341470,4479000,1799.24,-3600294,0
2018-12-20 19:13,0.03309938,4479000,74.12,-148327,0
2018-12-20 19:14,0.05000000,4478000,111.95,223788,1
2018-12-20 19:14,0.24700000,4478000,553.03,1105512,1
2018-12-20 19:14,0.08015335,4478000,179.46,358747,1
2018-12-20 19:14,0.01032730,4479000,23.12,46232,1
2018-12-20 19:14,0.20000000,4479000,447.90,895352,1
2018-12-20 19:14,0.00013670,4479000,0.30,611,1
2018-12-20 19:14,0.24886330,4479000,557.32,1114101,1
2018-12-20 19:18,0.00088198,4473000,1.97,-3947,0
2018-12-20 19:20,0.49651017,4459000,1106.96,-2215046,0
2018-12-20 19:20,0.27400000,4459000,610.88,-1222377,0
2018-12-20 19:20,0.00773104,4459000,17.23,-34490,0
2018-12-20 19:20,0.01347377,4459000,30.03,-60110,0
2018-12-20 19:20,0.11748502,4459000,261.93,-524128,0
2018-12-20 19:21,0.07272569,4464000,162.32,-324810,0
2018-12-20 19:21,0.12727431,4464000,284.07,-568437,0
2018-12-20 19:22,0.02594159,4465000,57.91,115771,1
2018-12-20 19:22,0.10000000,4465000,223.25,446276,1
2018-12-20 19:22,0.17696039,4461000,394.71,-789815,0
2018-12-20 19:22,0.00579252,4461000,12.92,-25854,0
2018-12-20 19:22,0.00500629,4461000,11.16,-22345,0
2018-12-20 19:22,0.04692144,4461000,104.65,-209422,0
2018-12-20 19:24,0.00120887,4474000,2.70,5405,1
2018-12-20 19:26,0.31712031,4469000,708.60,1416502,1
2018-12-20 19:26,0.49700102,4469000,1110.54,2219987,1
2018-12-20 19:26,0.14912322,4469000,333.21,666098,1
2018-12-20 19:26,0.01621908,4469000,36.24,72446,1
2018-12-20 19:26,0.23823637,4469000,532.33,1064145,1
2018-12-20 19:27,0.00141429,4479000,3.16,-6338,0
2018-12-20 19:27,0.16998571,4479000,380.68,-761747,0
2018-12-20 19:28,0.00043627,4483000,0.97,-1957,0
2018-12-20 19:28,0.00095788,4483000,2.14,-4297,0
2018-12-20 19:28,0.01116479,4483000,25.02,-50077,0
2018-12-20 19:28,0.00177733,4483000,3.98,-7972,0
2018-12-20 19:29,0.01960000,4489000,43.99,-88029,0
2018-12-20 19:29,0.00000181,4489000,0,-9,0
2018-12-20 19:29,0.00139819,4489000,3.13,-6280,0
2018-12-20 19:29,0.00009633,4489000,0.21,-433,0
2018-12-20 19:29,0.02690367,4489000,60.38,-120831,0
2018-12-20 19:30,0.06899246,4491000,154.92,309690,1
2018-12-20 19:30,0.05961687,4490000,133.83,267545,1
2018-12-20 19:31,0.01930000,4487000,43.29,-86643,0
2018-12-20 19:32,0.00283311,4492000,6.36,12719,1
2018-12-20 19:32,0.07403614,4492000,166.28,332404,1
2018-12-20 19:34,0.00130000,4486000,2.91,-5835,0
2018-12-20 19:36,0.04880000,4483000,109.38,218661,1
2018-12-20 19:37,0.00950000,4486000,21.30,-42639,0
2018-12-20 19:37,0.04080000,4488000,91.55,-183202,0
2018-12-20 19:38,0.05030000,4492000,112.97,225834,1
2018-12-20 19:39,0.02526000,4501000,56.84,-113753,0
2018-12-20 19:39,0.00939468,4501000,21.14,-42307,0
2018-12-20 19:39,0.24087085,4501000,542.07,-1084702,0
2018-12-20 19:39,0.00222200,4501000,5.00,-10007,0
2018-12-20 19:39,0.71125162,4501000,1600.67,-3202945,0
2018-12-20 19:39,0.05000000,4501000,112.52,-225163,0
2018-12-20 19:39,0.96100085,4501000,2162.73,-4327628,0
2018-12-20 19:40,2.00000000,4510000,4510.00,9015490,1
2018-12-20 19:47,0.01020000,4488000,22.88,-45801,0
2018-12-20 19:47,0.01000000,4487000,22.43,-44893,0
2018-12-20 19:48,0.02000000,4488000,44.88,-89805,0
2018-12-20 19:48,0.27550000,4488000,618.22,-1237063,0
2018-12-20 19:49,0.04438217,4486000,99.54,198998,1
2018-12-20 19:49,0.17657585,4486000,396.05,791723,1
2018-12-20 19:50,0.09480000,4484000,212.54,424870,1
2018-12-20 19:51,0.12840000,4485000,287.93,-576162,0
2018-12-20 19:51,0.00031254,4490000,0.70,-1404,0
2018-12-20 19:51,0.00383006,4490000,8.59,-17206,0
2018-12-20 19:51,0.00315740,4490000,7.08,-14184,0
2018-12-20 19:51,0.00005504,4489000,0.12,-248,0
2018-12-20 19:52,0.13570000,4496000,305.05,609802,1
2018-12-20 19:53,0.71010454,4495000,1595.95,-3193516,0
2018-12-20 19:56,0.71010000,4513000,1602.34,3203078,1
2018-12-20 19:56,0.02500000,4516000,56.45,-112957,0
2018-12-20 19:57,0.00086458,4517000,1.95,-3908,0
2018-12-20 19:57,0.05193542,4517000,117.29,-234710,0
2018-12-20 19:58,0.70762082,4505000,1593.91,-3189426,0
2018-12-20 19:58,0.00072664,4512000,1.63,-3281,0
2018-12-20 20:00,0.30875246,4520000,697.78,1394863,1
2018-12-20 20:00,0.03338640,4520000,75.45,150831,1
2018-12-20 20:00,0.09064217,4520000,204.85,409497,1
2018-12-20 20:00,0.07399000,4520000,167.21,334267,1
2018-12-20 20:00,0.27082900,4520000,612.07,1223535,1
2018-12-20 20:01,0.00094521,4520000,2.13,4270,1
2018-12-20 20:01,0.00760000,4522000,17.18,34350,1
2018-12-20 20:02,1.95926014,4528000,4435.76,-8875966,0
2018-12-20 20:02,0.00143986,4528000,3.25,-6523,0
2018-12-20 20:03,0.03470000,4539000,78.75,157424,1
2018-12-20 20:03,0.00839103,4531000,19.00,38000,1
2018-12-20 20:03,0.15764639,4531000,357.14,713938,1
2018-12-20 20:03,0.05600000,4531000,126.86,253609,1
2018-12-20 20:03,0.03634092,4531000,82.33,164578,1
2018-12-20 20:03,0.02500000,4531000,56.63,113218,1
2018-12-20 20:05,0.02007926,4533000,45.50,90973,1
2018-12-20 20:05,0.01600000,4533000,36.26,72491,1
2018-12-20 20:05,0.32573700,4533000,738.28,1475827,1
2018-12-20 20:06,1.28080000,4534000,2903.57,5804243,1
2018-12-20 20:08,0.83440539,4540000,1894.10,-3790095,0
2018-12-20 20:08,0.03079836,4540000,69.91,-139895,0
2018-12-20 20:08,0.27835119,4540000,631.85,-1264347,0
2018-12-20 20:08,0.01335725,4540000,30.32,-60673,0
2018-12-20 20:08,0.09998781,4540000,226.97,-454172,0
2018-12-20 20:10,0.41810380,4547000,950.55,1900167,1
2018-12-20 20:10,0.83879620,4547000,1907.00,3812099,1
2018-12-20 20:13,0.68716199,4516000,1551.61,-3104776,0
2018-12-20 20:13,0.01113801,4516000,25.14,-50325,0
2018-12-20 20:14,0.16654381,4519000,376.30,752235,1
2018-12-20 20:14,0.42733171,4518000,965.34,1929719,1
2018-12-20 20:14,0.02910873,4518000,65.75,131447,1
2018-12-20 20:14,0.00370000,4518000,8.35,16708,1
2018-12-20 20:14,0.00220144,4518000,4.97,9941,1
2018-12-20 20:14,0.06941431,4518000,156.80,313457,1
2018-12-20 20:14,0.11650000,4518000,263.17,-526611,0
2018-12-20 20:15,0.00060593,4515000,1.36,2734,1
2018-12-20 20:15,0.11590000,4511000,261.41,522563,1
2018-12-20 20:26,0.02961991,4507000,66.74,-133564,0
2018-12-20 20:26,0.03328009,4507000,74.99,-150069,0
2018-12-20 20:26,0.01330000,4504000,29.95,-59934,0
2018-12-20 20:27,0.07620000,4500000,171.45,342728,1
2018-12-20 20:38,0.00487332,4463000,10.87,-21761,0
2018-12-20 20:38,0.33992668,4463000,758.54,-1517852,0
2018-12-20 20:38,0.00870000,4461000,19.40,-38831,0
2018-12-20 20:39,0.35350000,4458000,787.95,1575115,1
2018-12-20 20:41,0.22700000,4450000,505.07,-1010655,0
2018-12-20 20:41,0.04956439,4450000,110.28,-220672,0
2018-12-20 20:41,0.01300000,4450000,28.92,-57879,0
2018-12-20 20:41,0.02878379,4450000,64.04,-128152,0
2018-12-20 20:41,0.06709600,4450000,149.28,-298727,0
2018-12-20 20:41,0.01267678,4452000,28.21,56408,1
2018-12-20 20:41,0.10457787,4452000,232.79,465347,1
2018-12-20 20:44,0.97871800,4454000,2179.60,-4361390,0
2018-12-20 20:44,0.75308200,4454000,1677.11,-3355905,0
2018-12-20 20:46,2.00000000,4476000,4476.00,8947524,1
2018-12-20 20:48,0.02240000,4468000,50.04,-100134,0
2018-12-20 20:51,0.02240000,4468000,50.04,100033,1
2018-12-20 20:51,0.05810000,4459000,129.53,-259198,0
2018-12-20 20:52,0.05810000,4463000,129.65,259170,1
2018-12-20 20:57,0.00650000,4471000,14.53,-29076,0
2018-12-20 20:58,0.00650000,4467000,14.51,29020,1
2018-12-20 21:00,0.00253215,4458000,5.64,-11294,0
2018-12-20 21:00,0.00160000,4458000,3.56,-7137,0
2018-12-20 21:00,0.00390000,4458000,8.69,-17395,0
2018-12-20 21:00,0.00100000,4458000,2.22,-4461,0
2018-12-20 21:00,0.01120000,4458000,24.96,-49955,0
2018-12-20 21:00,0.03650000,4458000,81.35,-162799,0
2018-12-20 21:00,0.03310000,4458000,73.77,-147634,0
2018-12-20 21:00,0.00110000,4458000,2.45,-4907,0
2018-12-20 21:00,0.00290000,4458000,6.46,-12935,0
2018-12-20 21:00,0.00230000,4458000,5.12,-10259,0
2018-12-20 21:00,0.00070000,4458000,1.56,-3123,0
2018-12-20 21:00,0.00270000,4458000,6.01,-12043,0
2018-12-20 21:00,0.00050000,4458000,1.11,-2231,0
2018-12-20 21:00,0.00090000,4458000,2.00,-4015,0
2018-12-20 21:00,0.00080000,4458000,1.78,-3569,0
2018-12-20 21:00,0.00090000,4458000,2.00,-4015,0
2018-12-20 21:00,0.00170000,4458000,3.78,-7583,0
2018-12-20 21:00,0.00100000,4458000,2.22,-4461,0
2018-12-20 21:00,0.00100000,4458000,2.22,-4461,0
2018-12-20 21:00,0.00710000,4458000,15.82,-31668,0
2018-12-20 21:00,0.00080000,4458000,1.78,-3569,0
2018-12-20 21:00,0.01910000,4458000,42.57,-85191,0
2018-12-20 21:00,0.00090000,4458000,2.00,-4015,0
2018-12-20 21:00,0.00100000,4458000,2.22,-4461,0
2018-12-20 21:00,0.00340000,4458000,7.57,-15165,0
2018-12-20 21:00,0.00170000,4458000,3.78,-7583,0
2018-12-20 21:00,0.00140000,4458000,3.12,-6245,0
2018-12-20 21:00,0.00090000,4458000,2.00,-4015,0
2018-12-20 21:00,0.00310000,4458000,6.90,-13827,0
2018-12-20 21:00,0.00350000,4458000,7.80,-15611,0
2018-12-20 21:00,0.00430000,4458000,9.58,-19179,0
2018-12-20 21:00,0.00100000,4458000,2.22,-4461,0
2018-12-20 21:00,0.00060000,4458000,1.33,-2677,0
2018-12-20 21:00,0.01020000,4458000,22.73,-45495,0
2018-12-20 21:00,0.00280000,4458000,6.24,-12489,0
2018-12-20 21:00,0.00680000,4458000,15.15,-30330,0
2018-12-20 21:00,0.00210000,4458000,4.68,-9367,0
2018-12-20 21:00,0.00090000,4458000,2.00,-4015,0
2018-12-20 21:00,0.00040000,4458000,0.89,-1784,0
2018-12-20 21:00,0.00290000,4458000,6.46,-12935,0
2018-12-20 21:00,0.00090000,4458000,2.00,-4015,0
2018-12-20 21:00,0.00110000,4458000,2.45,-4907,0
2018-12-20 21:00,0.00080000,4458000,1.78,-3569,0
2018-12-20 21:00,0.00110000,4458000,2.45,-4907,0
2018-12-20 21:00,0.00090000,4458000,2.00,-4015,0
2018-12-20 21:00,0.00150000,4458000,3.34,-6691,0
2018-12-20 21:00,0.00720000,4458000,16.04,-32114,0
2018-12-20 21:00,0.00090000,4458000,2.00,-4015,0
2018-12-20 21:00,0.00090000,4458000,2.00,-4015,0
2018-12-20 21:00,0.00140000,4458000,3.12,-6245,0
2018-12-20 21:00,0.00100000,4458000,2.22,-4461,0
2018-12-20 21:00,0.00100000,4458000,2.22,-4461,0
2018-12-20 21:00,0.00570000,4458000,12.70,-25424,0
2018-12-20 21:00,0.00070000,4458000,1.56,-3123,0
2018-12-20 21:00,0.00090000,4458000,2.00,-4015,0
2018-12-20 21:00,0.00090000,4458000,2.00,-4015,0
2018-12-20 21:00,0.00340000,4458000,7.57,-15165,0
2018-12-20 21:00,0.00106785,4458000,2.38,-4763,0
2018-12-20 21:00,1.86480000,4459000,4157.57,-8319301,0
2018-12-20 21:04,1.06882378,4494000,2401.64,4800892,1
2018-12-20 21:04,1.00857622,4494000,2266.27,4530275,1
2018-12-20 21:05,2.00000000,4494000,4494.00,-8992494,0
2018-12-20 21:05,0.16035255,4497000,360.55,720744,1
2018-12-20 21:05,0.03976506,4491000,89.29,178495,1
2018-12-20 21:05,0.03048404,4491000,68.45,136835,1
2018-12-20 21:05,0.30000000,4491000,673.65,1346626,1
2018-12-20 21:05,0.30700000,4491000,689.36,1378047,1
2018-12-20 21:05,0.17941800,4491000,402.88,805363,1
2018-12-20 21:05,0.11879900,4491000,266.76,533259,1
2018-12-20 21:05,0.12368100,4491000,277.72,555173,1
2018-12-20 21:06,0.15028176,4491000,337.45,674577,1
2018-12-20 21:06,0.23719597,4499000,533.57,1066611,1
2018-12-20 21:06,0.00222222,4499000,4.99,9992,1
2018-12-20 21:06,0.06800000,4499000,152.96,305779,1
2018-12-20 21:06,0.20000000,4497000,449.70,898950,1
2018-12-20 21:07,0.00143593,4496000,3.22,-6460,0
2018-12-20 21:07,0.00222694,4496000,5.00,-10018,0
2018-12-20 21:07,0.00823713,4496000,18.51,-37053,0
2018-12-20 21:08,0.00700000,4500000,15.75,-31516,0
2018-12-20 21:08,0.00034900,4499000,0.78,-1571,0
2018-12-20 21:08,0.00022506,4500000,0.50,-1014,0
2018-12-20 21:08,0.00162594,4500000,3.65,-7321,0
2018-12-20 21:08,0.00620000,4498000,13.94,-27902,0
2018-12-20 21:09,0.11010000,4510000,248.27,496302,1
2018-12-20 21:11,0.12902289,4518000,291.46,-583217,0
2018-12-20 21:11,0.01328976,4518000,30.02,-60074,0
2018-12-20 21:11,0.00221606,4518000,5.00,-10018,0
2018-12-20 21:11,0.04027129,4518000,90.97,-182037,0
2018-12-20 21:11,0.00013172,4517000,0.29,-596,0
2018-12-20 21:11,0.03976828,4517000,89.81,-179724,0
2018-12-20 21:12,0.22386900,4503000,504.04,1007578,1
2018-12-20 21:18,0.00860000,4488000,19.29,-38616,0
2018-12-20 21:18,0.00830000,4493000,18.64,-37311,0
2018-12-20 21:20,0.01770000,4496000,39.78,79539,1
2018-12-20 21:20,0.66793956,4502000,1503.53,-3008568,0
2018-12-20 21:22,0.00007590,4506000,0.17,341,1
2018-12-20 21:23,0.00000330,4499000,0,14,1
2018-12-20 21:23,0.00676306,4499000,15.21,30411,1
2018-12-20 21:23,0.66113364,4499000,1487.22,2972953,1
2018-12-20 21:28,1.12636987,4483000,2524.75,-5052041,0
2018-12-20 21:29,0.01851585,4487000,41.54,83039,1
2018-12-20 21:29,0.24326674,4486000,545.64,1090748,1
2018-12-20 21:29,0.55930791,4486000,1254.52,2507800,1
2018-12-20 21:31,0.79669977,4479000,1784.20,-3570203,0
2018-12-20 21:31,0.22744173,4479000,509.35,-1019221,0
2018-12-20 21:33,0.02346910,4472000,52.47,104901,1
2018-12-20 21:33,0.11144644,4472000,249.19,498139,1
2018-12-20 21:39,1.19450000,4491000,2682.24,5361817,1
2018-12-20 21:46,0.00120000,4502000,2.70,-5406,0
2018-12-20 21:46,0.00120000,4507000,2.70,5405,1
2018-12-20 21:50,0.01549037,4515000,34.96,-69974,0
2018-12-20 21:50,0.01550000,4521000,35.03,70040,1
2018-12-20 21:53,0.00372266,4521000,8.41,-16839,0
2018-12-20 21:53,0.00908434,4521000,20.53,-41091,0
2018-12-20 21:53,0.20050810,4521000,453.24,-906951,0
2018-12-20 21:53,0.43114621,4525000,975.46,-1951912,0
2018-12-20 21:53,0.13179676,4525000,298.19,-596679,0
2018-12-20 21:53,0.35400000,4525000,800.92,-1602651,0
2018-12-20 21:55,0.31450757,4518000,710.47,1420234,1
2018-12-20 21:55,0.01790735,4518000,40.45,80864,1
2018-12-20 21:55,0.82541160,4510000,1861.30,-3724468,0
2018-12-20 21:55,0.00198840,4510000,4.48,-8973,0
2018-12-20 21:56,0.00645011,4518000,14.57,29127,1
2018-12-20 21:56,0.13000000,4518000,293.67,587046,1
2018-12-20 21:57,0.82654166,4516000,1866.33,3730795,1
2018-12-20 21:57,0.66225834,4516000,1495.37,2989263,1
2018-12-20 21:58,2.00000000,4525000,4525.00,-9054525,0
2018-12-20 21:59,0.13941252,4527000,315.56,630804,1
2018-12-20 22:00,0.03733988,4527000,84.51,168953,1
2018-12-20 22:00,0.00250590,4527000,5.67,11338,1
2018-12-20 22:00,0.00219752,4527000,4.97,9943,1
2018-12-20 22:00,0.00219752,4527000,4.97,9943,1
2018-12-20 22:00,0.00220312,4525000,4.98,9964,1
2018-12-20 22:00,0.00220312,4525000,4.98,9964,1
2018-12-20 22:00,0.20431036,4526000,462.35,924246,1
2018-12-20 22:00,0.08296085,4526000,187.74,375293,1
2018-12-20 22:00,0.91249812,4525000,2064.52,4126989,1
2018-12-20 22:00,0.00220312,4525000,4.98,9964,1
2018-12-20 22:00,0.00220312,4525000,4.98,9964,1
2018-12-20 22:00,0.00220312,4525000,4.98,9964,1
2018-12-20 22:00,0.00033495,4524000,0.75,1514,1
2018-12-20 22:00,0.01136430,4524000,25.70,51386,1
2018-12-20 22:00,0.00181425,4524000,4.10,8203,1
2018-12-20 22:00,0.00181425,4524000,4.10,8203,1
2018-12-20 22:00,0.01200000,4521000,27.12,54224,1
2018-12-20 22:00,0.00221043,4521000,4.99,9988,1
2018-12-20 22:01,0.00042097,4524000,0.95,1903,1
2018-12-20 22:01,1.42430000,4530000,3226.03,-6455305,0
2018-12-20 22:02,0.30000000,4562000,684.30,1367915,1
2018-12-20 22:02,0.00827696,4551000,18.83,37649,1
2018-12-20 22:02,0.02196221,4551000,49.97,99900,1
2018-12-20 22:02,0.00300000,4551000,6.82,13646,1
2018-12-20 22:02,0.14000000,4551000,318.57,636821,1
2018-12-20 22:02,0.00120000,4551000,2.73,5458,1
2018-12-20 22:04,0.00053761,4538000,1.21,2438,1
2018-12-20 22:04,0.08884538,4534000,201.41,402623,1
2018-12-20 22:04,0.00200000,4534000,4.53,9063,1
2018-12-20 22:04,0.08440000,4534000,191.33,382478,1
2018-12-20 22:04,0.18138310,4526000,410.46,820529,1
2018-12-20 22:04,0.04852133,4526000,109.80,219497,1
2018-12-20 22:04,0.83848280,4520000,1894.97,3788047,1
2018-12-20 22:04,0.28131720,4520000,635.77,1270917,1
2018-12-20 22:05,1.97230859,4490000,4427.83,-8860094,0
2018-12-20 22:07,0.44460000,4478000,995.45,1989923,1
2018-12-20 22:07,0.00520000,4478000,11.64,23273,1
2018-12-20 22:07,0.03812199,4478000,85.35,170624,1
2018-12-20 22:07,1.48440000,4476000,3322.08,6640852,1
2018-12-20 22:16,0.32520000,4473000,727.30,-1455347,0
2018-12-20 22:16,1.67480000,4473000,3745.69,-7495126,0
2018-12-20 22:17,0.26234010,4463000,585.41,1170238,1
2018-12-20 22:17,0.18050000,4463000,402.78,805168,1
2018-12-20 22:18,0.48668522,4455000,1084.09,2167098,1
2018-12-20 22:18,0.00112233,4455000,2.49,4997,1
2018-12-20 22:18,0.00300000,4455000,6.68,13358,1
2018-12-20 22:18,0.00331139,4449000,7.36,14725,1
2018-12-20 22:18,0.00515891,4449000,11.47,22940,1
2018-12-20 22:18,0.04158179,4449000,92.49,184904,1
2018-12-20 22:18,0.16110849,4449000,358.38,716413,1
2018-12-20 22:18,0.00300000,4443000,6.66,13322,1
2018-12-20 22:18,0.00640000,4443000,14.21,28420,1
2018-12-20 22:18,0.00500000,4443000,11.10,22203,1
2018-12-20 22:18,0.40000000,4443000,888.60,1776311,1
2018-12-20 22:18,0.26799151,4443000,595.34,1190090,1
2018-12-20 22:18,0.01126911,4443000,25.03,50043,1
2018-12-20 22:19,0.03603109,4449000,80.15,160222,1
2018-12-20 22:19,0.00654344,4439000,14.52,-29061,0
2018-12-20 22:19,0.08578019,4441000,190.47,-381141,0
2018-12-20 22:19,0.15067637,4441000,334.57,-669489,0
2018-12-20 22:19,0.00997502,4434000,22.11,-44252,0
2018-12-20 22:19,1.00863849,4438000,2238.16,-4478576,0
2018-12-20 22:20,0.29136151,4438000,646.53,-1293709,0
2018-12-20 22:21,0.27242056,4450000,606.13,1211665,1
2018-12-20 22:21,0.01340239,4450000,29.82,59610,1
2018-12-20 22:21,0.02246686,4450000,49.98,99927,1
2018-12-20 22:22,0.19575523,4448000,435.35,870283,1
2018-12-20 22:22,0.53929869,4448000,1199.40,2397601,1
2018-12-20 22:22,0.00747929,4448000,16.63,33251,1
2018-12-20 22:22,0.00587726,4448000,13.07,26128,1
2018-12-20 22:23,0.20000000,4443000,444.30,-889045,0
2018-12-20 22:26,0.23653435,4461000,527.58,1054652,1
2018-12-20 22:27,0.18312257,4454000,407.81,-816036,0
2018-12-20 22:27,0.63317743,4454000,1410.08,-2821583,0
2018-12-20 22:28,0.41202808,4463000,919.44,1837961,1
2018-12-20 22:28,0.02519565,4463000,56.22,112391,1
2018-12-20 22:30,0.01124888,4456000,25.06,50099,1
2018-12-20 22:31,0.01300000,4428000,28.78,57535,1
2018-12-20 22:31,0.71536000,4428000,1583.80,3166030,1
2018-12-20 22:31,0.22141719,4428000,490.21,979945,1
2018-12-20 22:31,0.00322281,4428000,7.13,14263,1
2018-12-20 22:32,0.00500000,4425000,11.06,-22136,0
2018-12-20 22:33,0.00500000,4440000,11.10,22188,1
2018-12-20 22:33,0.00270000,4440000,5.99,-11994,0
2018-12-20 22:34,0.00270000,4441000,5.99,11984,1
2018-12-20 22:36,2.00000000,4452000,4452.00,-8908452,0
2018-12-20 22:40,2.00000000,4451000,4451.00,8897549,1
2018-12-20 22:42,2.00000000,4439000,4439.00,-8882439,0
2018-12-20 22:42,0.19899427,4447000,442.46,884485,1
2018-12-20 22:43,0.01127418,4446000,25.06,50099,1
2018-12-20 22:43,0.20000000,4446000,444.60,888755,1
2018-12-20 22:43,0.00222487,4446000,4.94,9886,1
2018-12-20 22:44,0.04200000,4449000,93.42,186764,1
2018-12-20 22:44,0.01100000,4449000,24.46,48914,1
2018-12-20 22:44,0.18735497,4448000,416.67,832938,1
2018-12-20 22:44,0.13204600,4448000,293.67,587046,1
2018-12-20 22:44,0.01000000,4447000,22.23,44447,1
2018-12-20 22:45,0.43039156,4447000,956.97,1912994,1
2018-12-20 22:45,0.15360000,4447000,341.52,682717,1
2018-12-20 22:45,0.62110000,4445000,1380.39,2759409,1
2018-12-20 22:50,0.58619261,4424000,1296.65,-2594613,0
2018-12-20 22:50,0.00478613,4424000,10.58,-21185,0
2018-12-20 22:50,0.49992126,4424000,1105.82,-2212758,0
2018-12-20 22:52,0.06660000,4435000,147.68,295223,1
2018-12-20 22:52,0.02204416,4435000,48.88,97716,1
2018-12-20 22:52,0.03400000,4435000,75.39,150714,1
2018-12-20 22:53,0.19650508,4438000,436.04,871653,1
2018-12-20 22:53,0.09111346,4445000,202.49,404796,1
2018-12-20 22:53,0.00072014,4445000,1.60,3199,1
2018-12-20 22:53,0.00008092,4446000,0.17,359,1
2018-12-20 22:53,0.26237443,4446000,583.25,1165933,1
2018-12-20 22:53,0.41754465,4446000,928.20,1855475,1
2018-12-20 22:58,0.06770400,4451000,150.67,-301502,0
2018-12-20 22:59,0.01588646,4466000,35.47,70913,1
2018-12-20 22:59,0.05181354,4466000,115.69,231283,1
2018-12-20 23:05,0.02500000,4463000,55.78,-111631,0
2018-12-20 23:06,0.02500000,4462000,55.77,111494,1
2018-12-20 23:07,1.18581018,4450000,2638.42,-5279494,0
2018-12-20 23:12,0.69794728,4456000,1555.02,3108498,1
2018-12-20 23:12,0.48785272,4456000,1086.93,2172784,1
2018-12-20 23:16,0.31311026,4461000,698.39,-1397484,0
2018-12-20 23:16,0.00049890,4461000,1.11,-2227,0
2018-12-20 23:17,0.00580000,4464000,12.94,-25905,0
2018-12-20 23:17,0.02400000,4464000,53.56,-107190,0
2018-12-20 23:17,0.00100000,4467000,2.23,-4470,0
2018-12-20 23:18,0.07812486,4468000,174.53,348887,1
2018-12-20 23:18,0.26627514,4468000,594.85,1189122,1
2018-12-20 23:23,0.00095062,4476000,2.12,-4258,0
2018-12-20 23:23,0.01341399,4481000,30.05,-60139,0
2018-12-20 23:23,0.03018601,4481000,67.63,-135332,0
2018-12-20 23:23,0.04450000,4487000,99.83,199571,1
2018-12-20 23:31,0.08040000,4474000,179.85,-359890,0
2018-12-20 23:32,0.08040000,4472000,179.77,359369,1
2018-12-20 23:35,0.03840000,4464000,85.70,-171504,0
2018-12-20 23:35,0.00089078,4464000,1.98,-3979,0
2018-12-20 23:35,0.02240922,4464000,50.01,-100085,0
2018-12-20 23:35,0.00021050,4464000,0.46,-941,0
2018-12-20 23:36,0.00298950,4464000,6.67,-13352,0
2018-12-20 23:36,0.00093935,4464000,2.09,-4196,0
2018-12-20 23:36,0.01696065,4464000,37.85,-75751,0
2018-12-20 23:36,1.50060000,4465000,3350.08,-6703529,0
2018-12-20 23:39,0.30450797,4453000,677.98,1355296,1
2018-12-20 23:39,1.27890000,4440000,2839.15,5675476,1
2018-12-20 23:40,0.00058068,4440000,1.28,-2580,0
2018-12-20 23:40,0.00082074,4444000,1.82,-3650,0
2018-12-20 23:40,0.00600000,4444000,13.33,-26678,0
2018-12-20 23:40,0.00797926,4444000,17.72,-35478,0
2018-12-20 23:41,0.00233212,4449000,5.18,10370,1
2018-12-20 23:41,0.01310000,4446000,29.12,58213,1
2018-12-20 23:43,0.53335957,4446000,1185.65,-2372503,0
2018-12-20 23:43,0.00534043,4446000,11.87,-23756,0
2018-12-20 23:44,0.18357126,4449000,408.35,-817117,0
2018-12-20 23:45,0.38868309,4448000,864.43,1727997,1
2018-12-20 23:45,0.02253315,4448000,50.11,100177,1
2018-12-20 23:45,0.01126658,4448000,25.05,50088,1
2018-12-20 23:45,0.00223126,4448000,4.96,9919,1
2018-12-20 23:45,0.00223126,4448000,4.96,9919,1
2018-12-20 23:45,0.10000000,4448000,222.40,444577,1
2018-12-20 23:45,1.80470000,4450000,4015.45,-8034931,0
2018-12-20 23:47,0.90526656,4448000,2013.31,4024612,1
2018-12-20 23:50,0.21507936,4450000,478.55,956624,1
2018-12-20 23:50,0.17549671,4450000,390.48,780569,1
2018-12-20 23:50,0.00760000,4456000,16.93,-33883,0
2018-12-20 23:51,0.01850000,4457000,41.22,-82496,0
2018-12-20 23:54,0.11721396,4472000,262.09,523918,1
2018-12-20 23:54,0.58688907,4467000,1310.81,2620322,1
2018-12-20 23:55,0.03009128,4454000,67.01,-134094,0
2018-12-20 23:55,0.00510687,4454000,11.37,-22758,0
2018-12-20 23:55,0.01710185,4454000,38.08,-76210,0
2018-12-20 23:55,0.52705246,4458000,1174.79,-2350775,0
2018-12-20 23:55,0.78750000,4458000,1755.33,-3512431,0
2018-12-20 23:55,0.00204617,4467000,4.57,9135,1
2018-12-20 23:55,0.01100000,4467000,24.56,49112,1
2018-12-20 23:59,0.00058700,4473000,1.31,2624,1
2018-12-21 00:00,0.38792412,4469000,866.81,1732766,1
2018-12-21 00:00,0.99147588,4469000,2215.45,4428690,1
2018-12-21 00:02,0.75002485,4500000,1687.55,-3376800,0
2018-12-21 00:02,0.03340147,4500000,75.15,-150382,0
2018-12-21 00:02,0.00267368,4500000,6.01,-12038,0
2018-12-21 00:03,0.75859121,4500000,1706.83,3411953,1
2018-12-21 00:03,0.00754601,4492000,16.94,33879,1
2018-12-21 00:03,0.01995399,4492000,44.81,89588,1
2018-12-21 00:11,0.00140000,4502000,3.15,-6306,0
2018-12-21 00:12,0.00140000,4504000,3.15,6302,1
2018-12-21 00:17,0.06290000,4496000,141.39,-282940,0
2018-12-21 00:17,0.06290000,4490000,141.21,282279,1
2018-12-21 00:22,2.00000000,4488000,4488.00,-8980488,0
2018-12-21 00:23,0.00000699,4488000,0.01,31,1
2018-12-21 00:23,0.00280528,4488000,6.29,12583,1
2018-12-21 00:23,0.09882795,4488000,221.76,443318,1
2018-12-21 00:23,0.44422177,4488000,996.83,1992670,1
2018-12-21 00:23,0.44422177,4488000,996.83,1992670,1
2018-12-21 00:24,0.07078676,4498000,159.19,318239,1
2018-12-21 00:24,0.02601300,4494000,58.45,116843,1
2018-12-21 00:24,0.17837560,4494000,400.80,801219,1
2018-12-21 00:24,0.01306037,4494000,29.34,58663,1
2018-12-21 00:24,0.02586229,4494000,58.11,116167,1
2018-12-21 00:24,0.18969703,4494000,426.24,852072,1
2018-12-21 00:24,0.06580000,4494000,147.85,295557,1
2018-12-21 00:25,0.00713781,4501000,16.06,-32144,0
2018-12-21 00:25,0.30381039,4497000,683.11,1365552,1
2018-12-21 00:25,0.14358961,4497000,322.86,645399,1
2018-12-21 00:26,0.25370000,4490000,569.55,-1139683,0
2018-12-21 00:26,0.01050000,4492000,23.58,-47190,0
2018-12-21 00:26,0.19911470,4497000,447.70,894971,1
2018-12-21 00:26,0.06508530,4497000,146.34,292542,1
2018-12-21 00:28,0.14637495,4486000,328.31,-656967,0
2018-12-21 00:29,0.00890000,4501000,20.02,-40079,0
2018-12-21 00:30,0.02700092,4507000,60.84,121632,1
2018-12-21 00:30,0.09900000,4507000,223.09,445969,1
2018-12-21 00:30,0.02929908,4507000,66.02,131984,1
2018-12-21 00:30,0.14080000,4514000,317.78,-635889,0
2018-12-21 00:31,0.10020000,4517000,226.30,-452830,0
2018-12-21 00:32,0.24100000,4527000,545.50,1090461,1
2018-12-21 00:32,0.01330000,4519000,30.05,-60133,0
2018-12-21 00:33,0.01330000,4519000,30.05,60072,1
2018-12-21 00:33,0.03017887,4492000,67.78,-135632,0
2018-12-21 00:33,0.10389837,4492000,233.35,-466945,0
2018-12-21 00:33,0.17624576,4492000,395.84,-792092,0
2018-12-21 00:33,0.04488000,4513000,101.27,202442,1
2018-12-21 00:33,0.26542000,4513000,598.92,1197241,1
2018-12-21 00:34,0.39720000,4511000,895.88,-1792665,0
2018-12-21 00:35,0.39720000,4510000,895.68,1790476,1
2018-12-21 00:41,0.12040000,4468000,268.97,-538217,0
2018-12-21 00:42,0.20895835,4470000,467.02,-934511,0
2018-12-21 00:42,0.05098612,4470000,113.95,-228022,0
2018-12-21 00:42,0.19995553,4470000,446.90,-894249,0
2018-12-21 00:42,0.58030000,4465000,1295.51,2589743,1
2018-12-21 00:43,0.50510000,4452000,1124.35,-2249830,0
2018-12-21 00:43,0.01690520,4452000,37.63,-75300,0
2018-12-21 00:43,0.16699104,4452000,371.72,-743816,0
2018-12-21 00:43,0.17533162,4450000,390.11,779835,1
2018-12-21 00:43,0.02165123,4450000,48.17,96299,1
2018-12-21 00:43,0.05000000,4450000,111.25,222388,1
2018-12-21 00:43,0.01000000,4449000,22.24,44467,1
2018-12-21 00:44,0.00294846,4450000,6.56,-13128,0
2018-12-21 00:44,0.39995154,4450000,889.89,-1780675,0
2018-12-21 00:44,1.16510000,4443000,2588.26,-5179128,0
2018-12-21 00:45,0.92770000,4443000,2060.88,4119710,1
2018-12-21 00:46,0.43200614,4435000,957.97,1914989,1
2018-12-21 00:46,0.00338219,4435000,7.50,14992,1
2018-12-21 00:46,0.08380162,4435000,185.83,371474,1
2018-12-21 00:46,0.55311005,4435000,1226.52,2451816,1
2018-12-21 00:48,0.00400000,4439000,8.87,-17765,0
2018-12-21 00:49,0.26648367,4437000,591.19,-1182980,0
2018-12-21 00:49,0.00067614,4437000,1.50,-3002,0
2018-12-21 00:49,0.22412361,4437000,497.21,-994934,0
2018-12-21 00:49,0.10047161,4437000,222.89,-446016,0
2018-12-21 00:49,0.00702656,4437000,15.58,-31193,0
2018-12-21 00:51,0.01193881,4450000,26.56,-53155,0
2018-12-21 00:51,0.00816119,4450000,18.15,-36336,0
2018-12-21 00:52,0.00460420,4460000,10.26,20524,1
2018-12-21 00:52,0.07470000,4460000,166.58,332995,1
2018-12-21 00:52,0.16419300,4460000,366.15,731934,1
2018-12-21 00:52,0.00002493,4460000,0.05,111,1
2018-12-21 00:52,0.37041422,4460000,826.02,1651221,1
2018-12-21 00:52,0.00900000,4459000,20.06,40110,1
2018-12-21 00:55,0.00410000,4465000,9.15,-18316,0
2018-12-21 00:55,0.03457598,4462000,77.13,-154356,0
2018-12-21 00:55,0.00100000,4461000,2.23,-4464,0
2018-12-21 00:56,0.00864794,4461000,19.28,-38598,0
2018-12-21 00:56,0.00810000,4461000,18.06,-36153,0
2018-12-21 00:56,0.00180000,4461000,4.01,-8034,0
2018-12-21 00:56,0.07409653,4461000,165.27,-330710,0
2018-12-21 00:56,0.05841200,4461000,130.28,-260707,0
2018-12-21 00:56,0.17439147,4461000,388.98,-778350,0
2018-12-21 00:59,0.00180000,4466000,4.01,-8043,0
2018-12-21 00:59,0.00720000,4466000,16.07,-32172,0
2018-12-21 00:59,0.37410000,4471000,836.30,1671764,1
2018-12-21 01:03,0.01820000,4446000,40.45,-80958,0
2018-12-21 01:03,0.00062534,4443000,1.38,-2780,0
2018-12-21 01:03,0.02197466,4443000,48.81,-97683,0
2018-12-21 01:03,0.05410000,4445000,120.23,-240595,0
2018-12-21 01:03,0.11260000,4451000,250.59,-501434,0
2018-12-21 01:04,0.05010000,4448000,111.42,-222957,0
2018-12-21 01:04,0.25760000,4454000,573.67,1146776,1
2018-12-21 01:05,0.04870000,4440000,108.11,-216337,0
2018-12-21 01:05,0.00310000,4440000,6.88,-13771,0
2018-12-21 01:05,0.16149337,4440000,358.51,-717389,0
2018-12-21 01:05,0.00225838,4440000,5.01,-10033,0
2018-12-21 01:05,0.00844825,4440000,18.75,-37529,0
2018-12-21 01:05,0.10645014,4440000,236.31,-472875,0
2018-12-21 01:05,0.04185663,4440000,92.92,-185937,0
2018-12-21 01:05,0.24789323,4440000,550.32,-1101197,0
2018-12-21 01:05,0.01474971,4437000,32.72,-65478,0
2018-12-21 01:05,0.19905029,4442000,442.09,-884624,0
2018-12-21 01:06,0.00130000,4440000,2.88,-5775,0
2018-12-21 01:06,0.05340000,4441000,118.57,-237268,0
2018-12-21 01:07,0.09616521,4447000,213.82,-427861,0
2018-12-21 01:07,0.04883479,4447000,108.58,-217277,0
2018-12-21 01:07,0.00617200,4474000,13.80,27599,1
2018-12-21 01:07,0.13944509,4474000,311.93,623565,1
2018-12-21 01:07,0.30306598,4474000,677.95,1355239,1
2018-12-21 01:07,0.20000000,4474000,447.40,894352,1
2018-12-21 01:07,0.38501693,4474000,861.28,1721704,1
2018-12-21 01:07,0.00258948,4462000,5.77,-11560,0
2018-12-21 01:07,0.00229166,4462000,5.11,-10231,0
2018-12-21 01:07,0.00958696,4462000,21.38,-42799,0
2018-12-21 01:07,0.09493190,4462000,211.79,-423798,0
2018-12-21 01:08,0.00229847,4463000,5.12,-10264,0
2018-12-21 01:08,0.00911670,4463000,20.34,-40709,0
2018-12-21 01:08,0.00114958,4463000,2.56,-5134,0
2018-12-21 01:08,0.03219907,4477000,72.07,-144228,0
2018-12-21 01:08,0.01341782,4477000,30.03,-60102,0
2018-12-21 01:08,0.12077998,4478000,270.42,-541124,0
2018-12-21 01:09,0.00211795,4481000,4.74,-9496,0
2018-12-21 01:09,0.09152825,4481000,205.06,409933,1
2018-12-21 01:09,0.09152825,4481000,205.06,409933,1
2018-12-21 01:09,0.03592130,4480000,80.46,160846,1
2018-12-21 01:09,0.06300000,4480000,141.12,282098,1
2018-12-21 01:09,0.00587684,4480000,13.16,26315,1
2018-12-21 01:09,0.00260000,4465000,5.80,11603,1
2018-12-21 01:10,0.13021146,4478000,291.54,-583379,0
2018-12-21 01:10,0.04618854,4478000,103.41,-206936,0
2018-12-21 01:11,0.17640000,4478000,394.95,789524,1
2018-12-21 01:12,0.02610000,4461000,58.21,-116491,0
2018-12-21 01:12,0.05470000,4452000,121.76,-243647,0
2018-12-21 01:12,0.00240000,4451000,5.34,-10688,0
2018-12-21 01:12,0.00000078,4462000,0,-4,0
2018-12-21 01:12,0.03039922,4462000,67.82,-135710,0
2018-12-21 01:13,0.32040000,4463000,714.97,-1430661,0
2018-12-21 01:13,0.43400000,4474000,970.85,1940745,1
2018-12-21 01:13,0.07310000,4482000,163.81,-327798,0
2018-12-21 01:13,0.07310000,4480000,163.74,327324,1
2018-12-21 01:14,0.00194473,4481000,4.35,-8719,0
2018-12-21 01:14,0.25106599,4481000,562.51,-1125590,0
2018-12-21 01:14,0.01339970,4481000,30.02,-60074,0
2018-12-21 01:14,0.01000000,4482000,22.41,-44843,0
2018-12-21 01:15,0.00360979,4482000,8.08,16170,1
2018-12-21 01:15,0.15798255,4489000,354.59,708829,1
2018-12-21 01:15,0.11481745,4489000,257.70,515157,1
2018-12-21 01:16,0.02990000,4480000,66.97,-134019,0
2018-12-21 01:16,0.05020000,4472000,112.24,-224607,0
2018-12-21 01:16,0.06100000,4475000,136.48,-273112,0
2018-12-21 01:16,0.01520000,4475000,34.01,-68054,0
2018-12-21 01:17,0.01090055,4475000,24.38,-48805,0
2018-12-21 01:17,0.00019945,4475000,0.44,-893,0
2018-12-21 01:17,0.69150000,4473000,1546.53,-3094626,0
2018-12-21 01:19,0.49160000,4468000,1098.23,2195370,1
2018-12-21 01:19,0.30597069,4468000,683.53,1366393,1
2018-12-21 01:19,0.06132931,4468000,137.00,273882,1
2018-12-21 01:19,0.00400000,4467000,8.93,-17877,0
2018-12-21 01:20,1.19526679,4472000,2672.61,-5347906,0
2018-12-21 01:20,0.64193321,4472000,1435.36,-2872161,0
2018-12-21 01:20,0.09249278,4474000,206.90,413605,1
2018-12-21 01:21,0.00029819,4473000,0.66,1333,1
2018-12-21 01:21,0.00220945,4473000,4.94,9877,1
2018-12-21 01:21,0.19786184,4473000,442.51,884593,1
2018-12-21 01:21,0.07878288,4473000,176.19,352219,1
2018-12-21 01:21,0.00221104,4473000,4.94,9885,1
2018-12-21 01:21,0.00392129,4473000,8.76,17531,1
2018-12-21 01:21,0.00222896,4473000,4.98,9965,1
2018-12-21 01:21,0.00222896,4473000,4.98,9965,1
2018-12-21 01:21,0.01880673,4473000,42.06,84080,1
2018-12-21 01:22,0.31034945,4484000,695.80,1390911,1
2018-12-21 01:22,0.13347458,4484000,299.25,598200,1
2018-12-21 01:22,0.10000000,4484000,224.20,448175,1
2018-12-21 01:22,0.22245763,4484000,498.75,997001,1
2018-12-21 01:22,0.02716763,4484000,60.90,121758,1
2018-12-21 01:22,0.03530356,4482000,79.11,158151,1
2018-12-21 01:22,0.43098892,4482000,965.84,1930726,1
2018-12-21 01:22,0.05200000,4488000,116.68,233259,1
2018-12-21 01:22,0.12850000,4488000,288.35,576419,1
2018-12-21 01:24,0.00730000,4477000,16.34,-32699,0
2018-12-21 01:25,0.11620000,4475000,259.99,-520255,0
2018-12-21 01:25,0.12350000,4472000,276.14,552015,1
2018-12-21 01:25,0.01140000,4472000,25.49,-51007,0
2018-12-21 01:26,0.01100000,4480000,24.64,-49305,0
2018-12-21 01:26,0.33182766,4480000,743.29,-1487332,0
2018-12-21 01:26,0.09381849,4489000,210.57,420940,1
2018-12-21 01:26,0.11703207,4489000,262.67,525094,1
2018-12-21 01:27,0.05434556,4491000,122.03,243943,1
2018-12-21 01:27,0.08895444,4491000,199.74,399294,1
2018-12-21 01:27,0.03020000,4498000,67.91,-135908,0
2018-12-21 01:27,0.28433154,4500000,639.74,-1280132,0
2018-12-21 01:27,0.31460000,4520000,710.99,1421281,1
2018-12-21 01:28,0.07580000,4514000,171.08,-342333,0
2018-12-21 01:28,0.07580000,4533000,171.80,343429,1
2018-12-21 01:29,0.32141506,4540000,729.61,-1459954,0
2018-12-21 01:29,0.00560736,4540000,12.72,-25471,0
2018-12-21 01:29,0.00481293,4540000,10.92,-21862,0
2018-12-21 01:29,0.21533247,4540000,488.80,-978099,0
2018-12-21 01:29,0.00724137,4540000,16.43,-32893,0
2018-12-21 01:29,0.55002616,4540000,1248.55,-2498368,0
2018-12-21 01:29,0.02875171,4545000,65.33,130611,1
2018-12-21 01:29,0.00283985,4545000,6.45,12900,1
2018-12-21 01:29,0.11610000,4545000,263.83,527410,1
2018-12-21 01:29,0.00218000,4545000,4.95,9903,1
2018-12-21 01:29,0.00218000,4545000,4.95,9903,1
2018-12-21 01:29,0.00218000,4545000,4.95,9903,1
2018-12-21 01:29,0.00218000,4545000,4.95,9903,1
2018-12-21 01:29,0.15700000,4545000,356.78,713208,1
2018-12-21 01:29,0.07620000,4545000,173.16,346155,1
2018-12-21 01:29,0.71478844,4545000,1624.35,3247089,1
2018-12-21 01:29,0.04411702,4543000,100.21,-200524,0
2018-12-21 01:29,0.12848486,4543000,291.85,-583999,0
2018-12-21 01:29,0.02229812,4543000,50.65,-101351,0
2018-12-21 01:29,0.10816922,4545000,245.81,491383,1
2018-12-21 01:29,0.08673078,4545000,197.09,393994,1
2018-12-21 01:29,0.06760000,4538000,153.38,-306923,0
2018-12-21 01:29,0.01300000,4524000,29.40,58782,1
2018-12-21 01:29,0.01410404,4524000,31.90,63774,1
2018-12-21 01:29,0.03830596,4524000,86.64,173209,1
2018-12-21 01:29,0.00219000,4524000,4.95,9902,1
2018-12-21 01:30,0.00119453,4509000,2.69,-5389,0
2018-12-21 01:30,0.00222000,4509000,5.00,-10015,0
2018-12-21 01:30,0.13168547,4509000,296.88,-594067,0
2018-12-21 01:30,0.13510000,4526000,305.73,611156,1
2018-12-21 01:31,0.01631624,4531000,36.96,-73966,0
2018-12-21 01:31,0.01631624,4531000,36.96,-73966,0
2018-12-21 01:31,0.02467401,4547000,56.09,112136,1
2018-12-21 01:31,0.00792599,4547000,18.01,36021,1
2018-12-21 01:31,0.01705362,4533000,38.65,-77343,0
2018-12-21 01:31,0.00294638,4533000,6.67,-13363,0
2018-12-21 01:31,0.00090320,4544000,2.05,4102,1
2018-12-21 01:31,0.01909680,4544000,43.38,86732,1
2018-12-21 01:31,0.00220000,4534000,4.98,-9980,0
2018-12-21 01:31,0.00220000,4545000,4.99,9994,1
2018-12-21 01:31,0.04320000,4541000,98.08,-196270,0
2018-12-21 01:32,0.04320000,4555000,98.38,196677,1
2018-12-21 01:33,0.01050000,4588000,24.08,-48198,0
2018-12-21 01:33,0.00219130,4588000,5.02,-10059,0
2018-12-21 01:33,0.00735738,4588000,16.87,-33773,0
2018-12-21 01:33,0.00145132,4588000,3.32,-6662,0
2018-12-21 01:33,0.02150000,4587000,49.31,98571,1
2018-12-21 01:38,0.05390000,4521000,121.84,-243804,0
2018-12-21 01:38,0.15538736,4510000,350.39,-701148,0
2018-12-21 01:38,1.79071264,4511000,4038.95,-8081944,0
2018-12-21 01:38,0.01461773,4510000,32.96,65892,1
2018-12-21 01:39,0.00213750,4504000,4.81,9622,1
2018-12-21 01:39,0.59659134,4504000,1343.52,2685703,1
2018-12-21 01:40,0.05315024,4510000,119.85,239587,1
2018-12-21 01:40,0.20000000,4510000,451.00,901549,1
2018-12-21 01:40,0.12900000,4510000,290.89,581499,1
2018-12-21 01:40,0.06550000,4510000,147.70,295257,1
2018-12-21 01:40,0.20000000,4505000,450.50,900549,1
2018-12-21 01:40,0.20981600,4505000,472.61,944748,1
2018-12-21 01:40,0.16413858,4505000,369.72,739074,1
2018-12-21 01:40,0.14157968,4508000,319.12,637922,1
2018-12-21 01:40,0.20962043,4508000,472.48,944496,1
2018-12-21 01:41,0.35820000,4510000,807.74,-1616290,0
2018-12-21 01:43,0.00021288,4534000,0.48,-966,0
2018-12-21 01:43,0.00198712,4534000,4.50,-9015,0
2018-12-21 01:43,0.04401408,4544000,99.99,199899,1
2018-12-21 01:43,0.33028592,4543000,750.24,1499738,1
2018-12-21 01:46,0.05231026,4538000,118.69,-237503,0
2018-12-21 01:46,0.10288974,4538000,233.45,-467147,0
2018-12-21 01:46,0.15520000,4546000,352.76,705186,1
2018-12-21 01:49,0.01544715,4560000,35.21,-70475,0
2018-12-21 01:49,0.18065285,4560000,411.88,-824189,0
2018-12-21 01:49,1.23996958,4562000,2828.37,-5659570,0
2018-12-21 01:49,0.00219575,4562000,5.00,-10022,0
2018-12-21 01:49,0.04412578,4558000,100.56,201024,1
2018-12-21 01:49,0.77864499,4558000,1774.53,3547289,1
2018-12-21 01:49,0.01119208,4558000,25.50,50987,1
2018-12-21 01:50,0.60430000,4554000,1375.99,2750606,1
2018-12-21 01:51,0.13950000,4565000,318.40,-637136,0
2018-12-21 01:51,0.14002481,4570000,319.95,-640234,0
2018-12-21 01:51,0.02747642,4570000,62.78,-125630,0
2018-12-21 01:51,0.50000000,4570000,1142.50,-2286143,0
2018-12-21 01:51,0.00219111,4570000,5.00,-10019,0
2018-12-21 01:51,0.59200766,4570000,1352.73,-2706828,0
2018-12-21 01:52,0.01337752,4594000,30.72,61425,1
2018-12-21 01:52,0.13000000,4594000,298.61,596921,1
2018-12-21 01:52,0.67298660,4588000,1543.83,3086118,1
2018-12-21 01:52,0.58481340,4588000,1341.56,2681782,1
2018-12-21 01:54,0.18270000,4577000,418.10,-836636,0
2018-12-21 01:54,0.00100000,4596000,2.29,-4599,0
2018-12-21 01:54,0.18370000,4590000,421.59,842761,1
2018-12-21 01:55,0.00210000,4591000,4.82,-9646,0
2018-12-21 01:55,0.00210000,4598000,4.82,9650,1
2018-12-21 01:59,0.15510720,4572000,354.57,-709505,0
2018-12-21 01:59,0.04460000,4587000,102.29,204477,1
2018-12-21 01:59,0.11050000,4587000,253.43,506610,1
2018-12-21 01:59,2.00000000,4580000,4580.00,-9164580,0
2018-12-21 02:00,0.00210000,4593000,4.82,9640,1
2018-12-21 02:00,0.21730000,4593000,499.02,997559,1
2018-12-21 02:00,0.00216000,4593000,4.96,9915,1
2018-12-21 02:00,0.00216000,4593000,4.96,9915,1
2018-12-21 02:00,0.19786184,4593000,454.38,908325,1
2018-12-21 02:00,0.01220000,4592000,28.01,55994,1
2018-12-21 02:00,0.57042101,4592000,1309.68,2618063,1
2018-12-21 02:00,0.99577800,4592000,2286.30,4570326,1
2018-12-21 02:00,0.00000099,4592000,0,4,1
2018-12-21 02:01,0.07483533,4630000,173.24,-346661,0
2018-12-21 02:01,0.19996467,4630000,462.91,-926300,0
2018-12-21 02:02,0.02156663,4628000,49.90,99760,1
2018-12-21 02:02,0.03010326,4628000,69.65,139248,1
2018-12-21 02:02,0.22313011,4628000,516.32,1032129,1
2018-12-21 02:04,0.00230000,4583000,5.27,-10547,0
2018-12-21 02:04,0.03320705,4584000,76.11,-152298,0
2018-12-21 02:04,0.55808592,4584000,1279.13,-2559545,0
2018-12-21 02:04,0.05070703,4584000,116.22,-232558,0
2018-12-21 02:04,1.35570000,4580000,3104.55,-6212211,0
2018-12-21 02:05,0.01529635,4589000,35.09,70159,1
2018-12-21 02:06,0.00000749,4590000,0.01,34,1
2018-12-21 02:06,0.05000000,4590000,114.75,229385,1
2018-12-21 02:07,0.29917115,4571000,683.75,1366827,1
2018-12-21 02:07,0.01000000,4571000,22.85,45687,1
2018-12-21 02:08,1.62560000,4577000,3720.18,7436651,1
2018-12-21 02:08,0.05800000,4563000,132.32,-264787,0
2018-12-21 02:08,0.00076600,4574000,1.75,3501,1
2018-12-21 02:08,0.05723400,4574000,130.89,261657,1
2018-12-21 02:10,2.00000000,4565000,4565.00,-9134565,0
2018-12-21 02:10,0.06196521,4572000,141.65,283163,1
2018-12-21 02:10,0.00420000,4572000,9.60,19192,1
2018-12-21 02:13,1.93380000,4585000,4433.23,8862039,1
2018-12-21 02:15,0.01328753,4536000,30.13,-60303,0
2018-12-21 02:15,0.02661247,4536000,60.35,-120775,0
2018-12-21 02:15,0.02440000,4535000,55.32,-110710,0
2018-12-21 02:15,0.05614200,4545000,127.58,-255293,0
2018-12-21 02:15,0.02815800,4545000,63.98,-128042,0
2018-12-21 02:15,0.01320000,4539000,29.95,-59945,0
2018-12-21 02:16,1.83820000,4540000,4172.71,-8349601,0
2018-12-21 02:17,0.65670869,4539000,1490.40,2979310,1
2018-12-21 02:17,1.10000000,4539000,2496.45,4990403,1
2018-12-21 02:17,0.04900000,4539000,111.20,222299,1
2018-12-21 02:17,0.01970000,4539000,44.70,89373,1
2018-12-21 02:17,0.17460000,4539000,396.25,792113,1
2018-12-21 02:18,0.17446978,4527000,394.91,-790220,0
2018-12-21 02:18,0.01537063,4521000,34.74,69455,1
2018-12-21 02:18,0.02215470,4521000,50.08,100111,1
2018-12-21 02:18,0.13690000,4516000,309.12,617931,1
2018-12-21 02:19,0.00440000,4508000,9.91,-19846,0
2018-12-21 02:19,0.00440000,4516000,9.93,19860,1
2018-12-21 02:19,0.20324480,4517000,459.02,-918516,0
2018-12-21 02:19,0.15757957,4517000,355.89,-712143,0
2018-12-21 02:20,0.00027568,4526000,0.62,-1249,0
2018-12-21 02:20,0.00042804,4526000,0.96,-1939,0
2018-12-21 02:22,0.36160000,4520000,817.21,1633614,1
2018-12-21 02:23,0.00441908,4497000,9.93,-19883,0
2018-12-21 02:23,0.00888092,4497000,19.96,-39958,0
2018-12-21 02:23,0.01330000,4493000,29.87,59727,1
2018-12-21 02:24,0.73861625,4500000,1661.88,-3325435,0
2018-12-21 02:24,0.05256802,4500000,118.27,-236675,0
2018-12-21 02:24,0.45147794,4500000,1015.82,-2032667,0
2018-12-21 02:25,0.05648394,4503000,127.17,254220,1
2018-12-21 02:25,0.53534259,4502000,1205.05,2408907,1
2018-12-21 02:26,0.05000000,4502000,112.55,224987,1
2018-12-21 02:26,0.00270000,4496000,6.06,-12146,0
2018-12-21 02:26,0.20912360,4504000,470.94,941421,1
2018-12-21 02:26,0.31168540,4504000,701.91,1403129,1
2018-12-21 02:26,0.07228124,4504000,162.77,325391,1
2018-12-21 02:27,0.01040000,4507000,23.43,46849,1
2018-12-21 02:27,0.33370000,4505000,751.65,-1504071,0
2018-12-21 02:28,0.13600000,4508000,306.54,-613395,0
2018-12-21 02:29,1.53030000,4512000,3452.35,-6908166,0
2018-12-21 02:29,0.00070961,4511000,1.60,3199,1
2018-12-21 02:30,1.37806638,4516000,3111.67,6220236,1
2018-12-21 02:30,0.10289191,4507000,231.86,-463966,0
2018-12-21 02:30,0.01108579,4507000,24.98,-49989,0
2018-12-21 02:30,0.01180350,4507000,26.59,-53225,0
2018-12-21 02:31,0.74700000,4499000,1680.37,3359072,1
2018-12-21 02:32,0.33405894,4500000,751.63,-1504017,0
2018-12-21 02:32,0.33040694,4500000,743.41,-1487575,0
2018-12-21 02:32,0.33033412,4500000,743.25,-1487247,0
2018-12-21 02:32,0.00066423,4500000,1.49,-2991,0
2018-12-21 02:32,0.07700000,4500000,173.25,-346674,0
2018-12-21 02:32,0.00433577,4500000,9.75,-19521,0
2018-12-21 02:33,0.17002001,4509000,383.31,766236,1
2018-12-21 02:33,0.21479000,4509000,484.24,968003,1
2018-12-21 02:34,0.17714100,4514000,399.80,799214,1
2018-12-21 02:34,0.00597272,4514000,13.48,26947,1
2018-12-21 02:34,0.00221729,4510000,4.99,9994,1
2018-12-21 02:34,0.24500000,4510000,552.47,1104397,1
2018-12-21 02:35,0.45850000,4504000,1032.54,-2066117,0
2018-12-21 02:35,0.13200000,4504000,297.26,-594826,0
2018-12-21 02:37,0.03470000,4505000,78.16,-156402,0
2018-12-21 02:38,0.00743404,4499000,16.72,33429,1
2018-12-21 02:39,0.00046017,4492000,1.03,2066,1
2018-12-21 02:39,0.00219984,4492000,4.94,9876,1
2018-12-21 02:39,0.00219984,4492000,4.94,9876,1
2018-12-21 02:40,0.24500000,4487000,549.65,1098765,1
2018-12-21 02:40,0.01734378,4487000,38.91,77782,1
2018-12-21 02:40,0.00418551,4488000,9.39,18775,1
2018-12-21 02:41,0.00414745,4490000,9.31,18612,1
2018-12-21 02:41,0.00000305,4484000,0,13,1
2018-12-21 02:41,0.08944903,4484000,200.54,400888,1
2018-12-21 02:41,0.00418454,4484000,9.38,18754,1
2018-12-21 02:41,0.00221771,4484000,4.97,9939,1
2018-12-21 02:41,0.00222313,4484000,4.98,9963,1
2018-12-21 02:41,0.26127954,4484000,585.78,1170991,1
2018-12-21 02:41,0.24454300,4484000,548.26,1095982,1
2018-12-21 02:42,1.04615257,4500000,2353.84,-4710041,0
2018-12-21 02:42,0.11094743,4500000,249.63,-499513,0
2018-12-21 02:44,0.21701900,4504000,488.72,976964,1
2018-12-21 02:45,0.00096445,4491000,2.16,4329,1
2018-12-21 02:45,0.15848709,4491000,355.88,711409,1
2018-12-21 02:45,0.24500000,4491000,550.14,1099744,1
2018-12-21 02:46,0.15290000,4494000,343.56,-687477,0
2018-12-21 02:46,0.48779589,4493000,1095.83,-2192763,0
2018-12-21 02:46,0.82370411,4493000,1850.45,-3702753,0
2018-12-21 02:47,0.00381112,4495000,8.56,17122,1
2018-12-21 02:47,0.13066754,4495000,293.67,587056,1
2018-12-21 02:47,0.20553300,4495000,461.93,923408,1
2018-12-21 02:47,0.00230000,4495000,5.16,10333,1
2018-12-21 02:47,0.09009263,4487000,202.12,404043,1
2018-12-21 02:49,0.19786184,4497000,444.89,889339,1
2018-12-21 02:49,0.11634000,4497000,261.59,522919,1
2018-12-21 02:49,0.17754637,4497000,399.21,798026,1
2018-12-21 02:49,0.01110555,4497000,24.97,49916,1
2018-12-21 02:49,1.06474624,4497000,2394.08,4785769,1
2018-12-21 02:49,0.02066600,4481000,46.30,-92651,0
2018-12-21 02:49,0.04733400,4481000,106.05,-212210,0
2018-12-21 02:50,0.09440000,4482000,211.55,-423313,0
2018-12-21 02:50,0.16240000,4476000,363.45,726538,1
2018-12-21 02:50,0.10961436,4481000,245.59,-491428,0
2018-12-21 02:51,0.11783900,4485000,264.25,-528773,0
2018-12-21 02:51,0.13110000,4485000,293.99,-588278,0
2018-12-21 02:51,0.02766100,4485000,62.02,-124122,0
2018-12-21 02:52,0.00182943,4494000,4.11,8217,1
2018-12-21 02:52,0.00452067,4494000,10.15,20305,1
2018-12-21 02:52,0.00222175,4494000,4.99,9979,1
2018-12-21 02:52,0.19786186,4494000,444.59,888746,1
2018-12-21 02:52,0.00222291,4490000,4.99,9975,1
2018-12-21 02:52,0.17757709,4490000,398.66,796922,1
2018-12-21 02:54,0.00575073,4490000,12.91,-25834,0
2018-12-21 02:54,0.00916136,4490000,20.56,-41155,0
2018-12-21 02:54,0.04400000,4490000,98.78,-197659,0
2018-12-21 02:54,0.00300000,4490000,6.73,-13477,0
2018-12-21 02:57,0.00010264,4488000,0.23,460,1
2018-12-21 02:57,0.06179736,4488000,138.67,277207,1
2018-12-21 02:59,0.73580000,4504000,1657.02,-3315701,0
2018-12-21 02:59,0.11419324,4505000,257.22,-514698,0
2018-12-21 02:59,0.11491475,4505000,258.84,-517950,0
2018-12-21 02:59,0.01339487,4505000,30.17,-60374,0
2018-12-21 03:00,0.80727589,4506000,1818.79,3635766,1
2018-12-21 03:00,0.00479696,4504000,10.80,21594,1
2018-12-21 03:00,0.00253693,4500000,5.70,11410,1
2018-12-21 03:01,0.00022000,4499000,0.49,-991,0
2018-12-21 03:02,0.01200000,4498000,26.98,-54003,0
2018-12-21 03:05,0.00586924,4488000,13.17,-26355,0
2018-12-21 03:05,0.37993076,4488000,852.56,-1705982,0
2018-12-21 03:05,0.56170000,4492000,1261.57,2521894,1
2018-12-21 03:06,0.00465743,4495000,10.46,-20946,0
2018-12-21 03:07,0.00470000,4502000,10.57,21148,1
2018-12-21 03:11,0.07100000,4502000,159.82,-319802,0
2018-12-21 03:11,0.07100000,4507000,159.99,319837,1
2018-12-21 03:19,0.11310258,4502000,254.59,-509443,0
2018-12-21 03:19,0.00410000,4503000,9.23,-18472,0
2018-12-21 03:21,1.72806098,4500000,3888.13,-7780163,0
2018-12-21 03:26,0.00002071,4506000,0.04,93,1
2018-12-21 03:26,1.10000000,4506000,2478.30,4954121,1
2018-12-21 03:32,0.03374500,4505000,76.01,151945,1
2018-12-21 03:32,0.01145127,4505000,25.79,51562,1
2018-12-21 03:33,0.00073311,4512000,1.65,3306,1
2018-12-21 03:36,0.00099421,4496000,2.23,4467,1
2018-12-21 03:36,0.04300000,4496000,96.66,193231,1
2018-12-21 03:36,0.00106612,4492000,2.39,4786,1
2018-12-21 03:36,0.60000000,4492000,1347.60,2693852,1
2018-12-21 03:38,0.29500000,4495000,663.01,-1326688,0
2018-12-21 03:38,0.02230000,4491000,50.07,-100200,0
2018-12-21 03:38,0.03544129,4495000,79.65,159228,1
2018-12-21 03:38,0.08900000,4495000,200.02,399854,1
2018-12-21 03:38,0.01092304,4495000,24.54,49074,1
2018-12-21 03:38,0.00230000,4497000,5.17,-10349,0
2018-12-21 03:40,0.00940441,4496000,21.14,42261,1
2018-12-21 03:42,0.00251251,4491000,5.64,11278,1
2018-12-21 03:42,0.00520000,4489000,11.67,23331,1
2018-12-21 03:42,0.00066877,4486000,1.50,2998,1
2018-12-21 03:42,0.02800000,4486000,62.80,125545,1
2018-12-21 03:43,0.00385561,4486000,8.64,17287,1
2018-12-21 03:45,0.11690000,4474000,261.50,-523273,0
2018-12-21 03:45,0.36880041,4473000,824.82,-1650469,0
2018-12-21 03:45,0.53807533,4473000,1203.40,-2408015,0
2018-12-21 03:50,0.14960500,4481000,335.19,670044,1
2018-12-21 03:50,0.05000000,4481000,112.02,223937,1
2018-12-21 03:53,0.04174800,4490000,93.72,187354,1
2018-12-21 03:53,0.14781220,4490000,331.83,663344,1
2018-12-21 03:53,0.82343980,4490000,1848.62,3695396,1
2018-12-21 04:14,0.00060000,4485000,1.34,-2693,0
2018-12-21 04:39,0.00400000,4496000,8.99,-17993,0
2018-12-21 04:43,0.00460000,4501000,10.35,20694,1
2018-12-21 05:07,0.43650000,4467000,974.92,-1950821,0
2018-12-21 05:07,0.70450000,4463000,1572.09,-3145756,0
2018-12-21 05:07,0.37640000,4464000,840.12,-1681090,0
2018-12-21 05:07,0.00813516,4462000,18.14,36280,1
2018-12-21 05:07,0.03809500,4462000,84.98,169894,1
2018-12-21 05:07,0.02500000,4462000,55.77,111494,1
2018-12-21 05:08,0.01914332,4460000,42.68,85336,1
2018-12-21 05:09,0.00007170,4434000,0.15,317,1
2018-12-21 05:09,0.01190000,4434000,26.38,52738,1
2018-12-21 05:09,0.01190000,4434000,26.38,52738,1
2018-12-21 05:10,0.68584263,4416000,1514.34,3027166,1
2018-12-21 05:10,0.11480000,4416000,253.47,506703,1
2018-12-21 05:10,0.05670000,4416000,125.19,250262,1
2018-12-21 05:10,0.34390000,4416000,759.33,1517903,1
2018-12-21 05:10,0.17048402,4414000,376.25,-752893,0
2018-12-21 05:10,0.03400000,4422000,75.17,-150424,0
2018-12-21 05:10,0.02540000,4414000,56.05,-112172,0
2018-12-21 05:10,0.16910000,4414000,373.20,-746781,0
2018-12-21 05:11,0.02620410,4413000,57.81,-115697,0
2018-12-21 05:11,0.17149590,4413000,378.40,-757190,0
2018-12-21 05:11,0.00002388,4403000,0.05,-106,0
2018-12-21 05:11,0.02547612,4403000,56.08,-112228,0
2018-12-21 05:12,0.00750000,4421000,16.57,-33174,0
2018-12-21 05:12,0.67150000,4420000,1484.01,-2969514,0
2018-12-21 05:18,0.00191351,4398000,4.20,8411,1
2018-12-21 05:18,0.48621414,4398000,1069.18,2137300,1
2018-12-21 05:18,0.30000000,4398000,659.70,1318740,1
2018-12-21 05:18,0.27175452,4398000,597.58,1194578,1
2018-12-21 05:19,1.30391733,4410000,2875.13,-5753151,0
2018-12-21 05:19,0.10000000,4410000,220.50,-441221,0
2018-12-21 05:19,0.15288267,4410000,337.10,-674550,0
2018-12-21 05:19,0.06164995,4407000,135.84,271555,1
2018-12-21 05:19,0.02154438,4407000,47.47,94898,1
2018-12-21 05:19,0.51348600,4407000,1131.46,2261801,1
2018-12-21 05:21,0.10099761,4414000,222.90,445580,1
2018-12-21 05:21,0.00188736,4415000,4.16,8328,1
2018-12-21 05:21,0.20000000,4415000,441.50,882558,1
2018-12-21 05:23,0.00600000,4400000,13.20,26386,1
2018-12-21 05:23,0.00187744,4400000,4.13,8256,1
2018-12-21 05:23,0.02200000,4400000,48.40,96751,1
2018-12-21 05:23,0.00836850,4400000,18.41,36802,1
2018-12-21 05:23,0.03795410,4400000,83.49,166914,1
2018-12-21 05:23,0.12189000,4400000,268.15,536047,1
2018-12-21 05:24,0.00096826,4407000,2.13,-4270,0
2018-12-21 05:26,0.05000000,4409000,110.22,220339,1
2018-12-21 05:27,0.00100529,4406000,2.21,4427,1
2018-12-21 05:27,0.00118296,4406000,2.60,5209,1
2018-12-21 05:27,0.00241504,4405000,5.31,10632,1
2018-12-21 05:27,0.00260545,4405000,5.73,11471,1
2018-12-21 05:27,0.00300000,4405000,6.60,13208,1
2018-12-21 05:27,0.00129215,4404000,2.84,5687,1
2018-12-21 05:27,0.00225562,4404000,4.96,9928,1
2018-12-21 05:28,0.11982723,4415000,264.51,528772,1
2018-12-21 05:28,0.59281261,4412000,1307.74,2614181,1
2018-12-21 05:28,0.12688739,4411000,279.85,559420,1
2018-12-21 05:30,0.00830000,4410000,18.30,-36622,0
2018-12-21 05:32,0.00000061,4415000,0,2,1
2018-12-21 05:34,0.00493414,4410000,10.87,21748,1
2018-12-21 05:34,0.00336586,4410000,7.42,14836,1
2018-12-21 05:39,0.00053844,4396000,1.18,-2369,0
2018-12-21 05:41,0.20000000,4393000,439.30,-879040,0
2018-12-21 05:41,0.17190000,4394000,377.66,-755707,0
2018-12-21 05:41,0.00086500,4400000,1.90,-3808,0
2018-12-21 05:42,0.11892517,4402000,261.75,523246,1
2018-12-21 05:44,0.08451886,4387000,185.39,370598,1
2018-12-21 05:44,0.00700000,4387000,15.35,30693,1
2018-12-21 05:44,0.01441520,4376000,31.54,-63113,0
2018-12-21 05:45,0.03600000,4388000,78.98,-158047,0
2018-12-21 05:45,0.07250000,4389000,159.10,-318362,0
2018-12-21 05:45,0.00741900,4383000,16.25,32501,1
2018-12-21 05:45,0.00117932,4383000,2.58,5166,1
2018-12-21 05:46,0.05359342,4366000,116.99,233871,1
2018-12-21 05:46,0.01147025,4366000,25.03,50054,1
2018-12-21 05:46,0.09444200,4366000,206.16,412127,1
2018-12-21 05:46,0.06600000,4366000,144.07,288011,1
2018-12-21 05:46,0.00209655,4366000,4.57,9148,1
2018-12-21 05:46,0.01000000,4366000,21.83,43638,1
2018-12-21 05:46,0.03960000,4365000,86.42,172767,1
2018-12-21 05:47,2.00000000,4365000,4365.00,-8734365,0
2018-12-21 05:47,0.10812663,4374000,236.47,472709,1
2018-12-21 05:47,0.04546296,4374000,99.42,198755,1
2018-12-21 05:47,0.07356723,4374000,160.89,321622,1
2018-12-21 05:47,0.27376428,4368000,597.90,1195204,1
2018-12-21 05:49,0.00013040,4367000,0.28,569,1
2018-12-21 05:53,0.00027541,4373000,0.60,1203,1
2018-12-21 05:55,1.49870000,4368000,3273.16,6543048,1
2018-12-21 06:01,0.06057210,4365000,132.19,-264530,0
2018-12-21 06:01,0.05787885,4370000,126.46,-253057,0
2018-12-21 06:01,0.02072115,4370000,45.27,-90597,0
2018-12-21 06:01,0.04620000,4371000,100.97,-202042,0
2018-12-21 06:01,0.02362535,4373000,51.65,103261,1
2018-12-21 06:01,0.16177465,4373000,353.72,707086,1
2018-12-21 06:02,0.20283700,4389000,445.12,-890697,0
2018-12-21 06:02,0.05520000,4389000,121.13,-242394,0
2018-12-21 06:02,0.24196300,4389000,530.98,-1062507,0
2018-12-21 06:02,0.01480134,4394000,32.51,65004,1
2018-12-21 06:02,0.04003456,4386000,87.79,175503,1
2018-12-21 06:02,0.00387006,4386000,8.48,16965,1
2018-12-21 06:03,0.44130000,4385000,967.55,1934132,1
2018-12-21 06:07,0.00470000,4388000,10.31,-20634,0
2018-12-21 06:08,0.30573247,4390000,671.08,-1342837,0
2018-12-21 06:09,0.00027671,4397000,0.60,-1218,0
2018-12-21 06:10,1.68930000,4398000,3714.77,-7433257,0
2018-12-21 06:10,0.03542437,4403000,77.98,155895,1
2018-12-21 06:12,0.00001877,4403000,0.04,82,1
2018-12-21 06:12,0.00285125,4402000,6.27,12544,1
2018-12-21 06:12,0.00100867,4402000,2.22,4437,1
2018-12-21 06:12,0.00100867,4402000,2.22,4437,1
2018-12-21 06:12,0.39100000,4402000,860.59,1720321,1
2018-12-21 06:12,0.00100867,4402000,2.22,4437,1
2018-12-21 06:13,0.00011964,4405000,0.26,526,1
2018-12-21 06:14,0.06644945,4399000,146.15,292164,1
2018-12-21 06:14,0.33521800,4399000,737.31,1473886,1
2018-12-21 06:18,0.00015079,4400000,0.33,663,1
2018-12-21 06:24,0.00350920,4400000,7.72,15432,1
2018-12-21 06:25,0.06450049,4401000,141.93,283724,1
2018-12-21 06:25,0.00089318,4398000,1.96,3926,1
2018-12-21 06:25,0.00100000,4398000,2.19,4395,1
2018-12-21 06:25,0.00070188,4401000,1.54,3087,1
2018-12-21 06:29,0.00039723,4398000,0.87,1746,1
2018-12-21 06:35,0.49674262,4442000,1103.26,2205427,1
2018-12-21 06:35,0.00030000,4437000,0.66,1330,1
2018-12-21 06:35,0.01000000,4437000,22.18,44347,1
2018-12-21 06:35,0.00026471,4435000,0.58,1173,1
2018-12-21 06:35,0.00306229,4435000,6.79,13574,1
2018-12-21 06:35,0.58430000,4428000,1293.64,2585986,1
2018-12-21 06:36,0.05050000,4426000,111.75,-223625,0
2018-12-21 06:36,1.94950000,4425000,4313.26,-8630851,0
2018-12-21 06:36,0.12279399,4423000,271.55,542846,1
2018-12-21 06:37,0.01802990,4426000,39.90,79760,1
2018-12-21 06:37,0.42285082,4426000,935.76,1870601,1
2018-12-21 06:37,0.20180000,4426000,446.58,892720,1
2018-12-21 06:37,0.00028500,4426000,0.63,1260,1
2018-12-21 06:38,0.00030000,4427000,0.66,1327,1
2018-12-21 06:39,0.22249079,4435000,493.37,986253,1
2018-12-21 06:40,0.94650717,4430000,2096.51,4190930,1
2018-12-21 06:40,0.06499283,4430000,143.95,287774,1
2018-12-21 06:42,1.65780385,4433000,3674.52,-7352719,0
2018-12-21 06:42,0.10000000,4433000,221.65,-443522,0
2018-12-21 06:42,0.24219615,4433000,536.82,-1074193,0
2018-12-21 06:42,0.20000000,4431000,443.10,885756,1
2018-12-21 06:42,1.10000000,4431000,2437.05,4871662,1
2018-12-21 06:42,0.70000000,4431000,1550.85,3100149,1
2018-12-21 06:42,1.12287309,4432000,2488.28,-4979062,0
2018-12-21 06:42,0.02585919,4439000,57.39,114731,1
2018-12-21 06:42,0.00022558,4439000,0.50,1000,1
2018-12-21 06:42,0.03709514,4439000,82.33,164582,1
2018-12-21 06:43,0.03313631,4435000,73.47,146886,1
2018-12-21 06:43,0.38330000,4435000,849.96,1699085,1
2018-12-21 06:43,0.00500000,4435000,11.08,22163,1
2018-12-21 06:43,0.00057292,4437000,1.27,2540,1
2018-12-21 06:43,0.20000000,4436000,443.60,886756,1
2018-12-21 06:43,0.03313961,4435000,73.48,146900,1
2018-12-21 06:43,0.29813001,4435000,661.10,1321545,1
2018-12-21 06:43,0.10643038,4435000,236.00,471782,1
2018-12-21 06:47,0.33525940,4423000,741.42,-1483594,0
2018-12-21 06:47,0.00041250,4423000,0.91,-1826,0
2018-12-21 06:47,0.00369539,4426000,8.17,16347,1
2018-12-21 06:47,0.33173900,4426000,734.13,1467542,1
2018-12-21 06:47,0.00016561,4426000,0.36,732,1
2018-12-21 06:58,0.17918235,4438000,397.60,-795609,0
2018-12-21 06:58,0.00833673,4438000,18.49,-37017,0
2018-12-21 06:58,0.00584135,4438000,12.96,-25937,0
2018-12-21 06:58,0.14050000,4438000,311.76,-623851,0
2018-12-21 06:58,0.54972736,4441000,1220.66,-2442560,0
2018-12-21 06:58,0.00054442,4446000,1.21,-2422,0
2018-12-21 06:58,0.02195558,4446000,48.80,-97664,0
2018-12-21 06:58,0.01991249,4450000,44.30,-88655,0
2018-12-21 06:58,0.02008751,4450000,44.69,-89435,0
2018-12-21 06:58,0.00089044,4450000,1.98,-3965,0
2018-12-21 06:58,0.00190956,4450000,4.24,-8502,0
2018-12-21 06:58,0.00390000,4469000,8.71,-17438,0
2018-12-21 06:59,0.37875588,4461000,844.81,1688785,1
2018-12-21 06:59,0.57404412,4460000,1280.11,2558956,1
2018-12-21 07:01,1.93888060,4474000,4337.27,-8678889,0
2018-12-21 07:02,0.00010000,4480000,0.22,447,1
2018-12-21 07:02,0.00207743,4480000,4.65,9302,1
2018-12-21 07:02,0.07000000,4480000,156.80,313443,1
2018-12-21 07:02,0.00100000,4480000,2.24,4477,1
2018-12-21 07:02,0.12310000,4480000,275.74,551212,1
2018-12-21 07:02,0.00012264,4480000,0.27,549,1
2018-12-21 07:02,0.05040000,4480000,112.89,225679,1
2018-12-21 07:04,0.05376752,4480000,120.43,240758,1
2018-12-21 07:04,1.63833248,4480000,3669.86,7336059,1
2018-12-21 07:06,0.02025517,4485000,45.42,-90890,0
2018-12-21 07:06,0.00225868,4485000,5.06,-10136,0
2018-12-21 07:06,0.00225868,4485000,5.06,-10136,0
2018-12-21 07:06,0.02480000,4492000,55.70,111345,1
2018-12-21 07:10,0.02169584,4492000,48.72,-97507,0
2018-12-21 07:10,0.00350416,4492000,7.87,-15749,0
2018-12-21 07:10,0.00270000,4492000,6.06,-12135,0
2018-12-21 07:12,0.02790000,4500000,62.77,125487,1
2018-12-21 07:18,0.00072703,4505000,1.63,-3277,0
2018-12-21 07:18,0.01270250,4505000,28.61,-57254,0
2018-12-21 07:18,0.01340000,4509000,30.21,60390,1
2018-12-21 07:19,0.00220000,4519000,4.97,-9947,0
2018-12-21 07:19,0.00220000,4522000,4.97,9943,1
2018-12-21 07:29,0.00625230,4501000,14.07,-28156,0
2018-12-21 07:30,0.00630000,4500000,14.17,28335,1
2018-12-21 07:30,0.00560000,4503000,12.60,-25230,0
2018-12-21 07:31,0.00140000,4511000,3.15,-6319,0
2018-12-21 07:31,0.00700000,4516000,15.80,31596,1
2018-12-21 07:33,2.00000000,4539000,4539.00,-9082539,0
2018-12-21 07:34,0.18512090,4535000,419.76,839103,1
2018-12-21 07:34,0.37025588,4535000,839.55,1678270,1
2018-12-21 07:34,1.10000000,4535000,2494.25,4986005,1
2018-12-21 07:34,0.00140000,4535000,3.17,6345,1
2018-12-21 07:34,0.10821822,4535000,245.38,490524,1
2018-12-21 07:34,0.00100000,4535000,2.26,4532,1
2018-12-21 07:34,0.23400000,4541000,531.29,1062062,1
2018-12-21 07:36,0.00072619,4544000,1.64,-3302,0
2018-12-21 07:36,0.02202049,4544000,50.03,-100112,0
2018-12-21 07:36,0.14426600,4544000,327.77,-655873,0
2018-12-21 07:36,0.16700000,4547000,379.67,758969,1
2018-12-21 07:40,0.00160000,4532000,3.62,-7255,0
2018-12-21 07:40,0.00100000,4530000,2.26,-4533,0
2018-12-21 07:41,0.00020000,4530000,0.45,-907,0
2018-12-21 07:41,0.08100000,4530000,183.46,-367114,0
2018-12-21 07:41,0.00267521,4532000,6.06,-12131,0
2018-12-21 07:41,0.09521000,4532000,215.74,-431708,0
2018-12-21 07:41,0.19991479,4532000,453.00,-906467,0
2018-12-21 07:42,0.18180656,4531000,411.88,-824178,0
2018-12-21 07:42,1.09999344,4531000,2492.03,-4986563,0
2018-12-21 07:43,0.77704525,4524000,1757.67,3513595,1
2018-12-21 07:43,0.07441966,4524000,168.33,336506,1
2018-12-21 07:43,0.08456241,4518000,191.02,381861,1
2018-12-21 07:43,0.10000000,4518000,225.90,451574,1
2018-12-21 07:43,0.28405221,4518000,641.67,1282706,1
2018-12-21 07:43,0.18160000,4518000,410.23,820058,1
2018-12-21 07:43,0.00330000,4518000,7.45,14901,1
2018-12-21 07:43,0.15840000,4514000,357.50,714660,1
2018-12-21 07:47,0.00841227,4501000,18.93,-37883,0
2018-12-21 07:47,0.06800000,4501000,153.03,-306221,0
2018-12-21 07:47,0.24309451,4509000,548.05,-1096662,0
2018-12-21 07:47,0.02223356,4509000,50.12,-100302,0
2018-12-21 07:47,0.02223356,4509000,50.12,-100302,0
2018-12-21 07:47,0.02500000,4509000,56.36,-112782,0
2018-12-21 07:48,0.01940000,4514000,43.78,-87616,0
2018-12-21 07:48,0.00400000,4514000,9.02,-18065,0
2018-12-21 07:48,0.00002880,4514000,0.06,-130,0
2018-12-21 07:48,0.04588711,4514000,103.56,-207238,0
2018-12-21 07:48,0.00860000,4514000,19.41,-38840,0
2018-12-21 07:48,0.00330000,4516000,7.45,-14911,0
2018-12-21 07:49,0.20000000,4524000,452.40,-905253,0
2018-12-21 07:49,0.04980000,4525000,112.67,-225458,0
2018-12-21 07:49,0.00097471,4520000,2.20,4403,1
2018-12-21 07:49,0.03318584,4520000,74.99,149924,1
2018-12-21 07:49,0.68580000,4519000,1549.56,3097580,1
2018-12-21 07:50,0.00966098,4509000,21.78,-43584,0
2018-12-21 07:50,0.00300000,4516000,6.77,-13555,0
2018-12-21 07:50,0.05190000,4509000,117.00,-234135,0
2018-12-21 07:50,0.00740000,4510000,16.68,-33391,0
2018-12-21 07:50,0.05168722,4509000,116.52,-233175,0
2018-12-21 07:51,0.04122001,4510000,92.95,-185996,0
2018-12-21 07:51,0.01177999,4510000,26.56,-53155,0
2018-12-21 07:51,0.02218874,4517000,50.11,-100277,0
2018-12-21 07:51,0.27781126,4517000,627.43,-1255501,0
2018-12-21 07:51,0.00610000,4515000,13.77,-27556,0
2018-12-21 07:52,1.51710000,4514000,3424.09,-6851614,0
2018-12-21 07:58,0.94117732,4538000,2135.53,4268927,1
2018-12-21 07:58,0.63739492,4538000,1446.24,2891051,1
2018-12-21 07:58,0.02756848,4538000,62.55,125043,1
2018-12-21 07:58,0.00435691,4543000,9.89,19783,1
2018-12-21 07:59,0.38940000,4540000,883.93,1766992,1
2018-12-21 08:11,0.12139259,4555000,276.47,-553220,0
2018-12-21 08:11,0.01090741,4555000,24.84,-49708,0
2018-12-21 08:12,0.01200000,4562000,27.37,-54772,0
2018-12-21 08:12,0.09034639,4561000,206.03,411863,1
2018-12-21 08:12,0.05395361,4561000,123.04,245959,1
2018-12-21 08:12,0.07506250,4569000,171.48,-343132,0
2018-12-21 08:12,0.04993750,4569000,114.08,-228279,0
2018-12-21 08:12,0.00006250,4569000,0.14,-286,0
2018-12-21 08:12,0.04593750,4569000,104.94,-209994,0
2018-12-21 08:12,0.03303964,4570000,75.49,-151067,0
2018-12-21 08:12,0.00247257,4570000,5.64,-11306,0
2018-12-21 08:12,0.03068779,4570000,70.12,-140314,0
2018-12-21 08:12,0.00590000,4570000,13.48,-26977,0
2018-12-21 08:13,0.00333246,4570000,7.61,15221,1
2018-12-21 08:13,0.06497090,4570000,148.45,296768,1
2018-12-21 08:13,0.01408033,4568000,32.15,64286,1
2018-12-21 08:13,0.07397319,4568000,168.95,337740,1
2018-12-21 08:13,0.08674648,4568000,198.12,396059,1
2018-12-21 08:17,0.00036499,4560000,0.83,-1666,0
2018-12-21 08:17,0.00393501,4560000,8.97,-17953,0
2018-12-21 08:17,0.00100000,4559000,2.27,-4562,0
2018-12-21 08:18,0.00530000,4564000,12.09,24177,1
2018-12-21 08:22,0.20000000,4540000,454.00,-908454,0
2018-12-21 08:22,0.00161366,4539000,3.66,-7328,0
2018-12-21 08:22,0.07019100,4539000,159.29,-318757,0
2018-12-21 08:23,0.01137425,4545000,25.84,-51722,0
2018-12-21 08:23,0.02492575,4545000,56.64,-113345,0
2018-12-21 08:25,0.30810000,4530000,697.84,1394995,1
2018-12-21 08:30,0.04980000,4527000,112.72,-225558,0
2018-12-21 08:34,0.04980000,4529000,112.77,225431,1
2018-12-21 08:37,0.00054618,4514000,1.23,-2467,0
2018-12-21 08:41,0.07061922,4525000,159.77,-319712,0
2018-12-21 08:41,0.06612155,4525000,149.60,-299350,0
2018-12-21 08:41,0.03780000,4525000,85.52,-171131,0
2018-12-21 08:42,0.17510000,4536000,397.12,793856,1
2018-12-21 08:42,0.04740000,4537000,107.52,-215162,0
2018-12-21 08:42,0.00008314,4533000,0.18,-377,0
2018-12-21 08:42,0.02191686,4533000,49.67,-99399,0
2018-12-21 08:45,0.06940000,4543000,157.64,315126,1
2018-12-21 08:47,0.00116573,4534000,2.64,-5288,0
2018-12-21 08:47,0.15683427,4534000,355.54,-711443,0
2018-12-21 08:47,0.15800000,4537000,358.42,716487,1
2018-12-21 08:52,0.03017221,4546000,68.58,-137232,0
2018-12-21 08:52,0.01470786,4546000,33.43,-66896,0
2018-12-21 08:52,0.00230000,4552000,5.23,-10475,0
2018-12-21 08:52,0.00561578,4552000,12.78,-25576,0
2018-12-21 08:54,0.00428895,4559000,9.77,19543,1
2018-12-21 08:54,0.04851105,4559000,110.58,221051,1
2018-12-21 09:01,0.06360000,4538000,144.30,-288762,0
2018-12-21 09:01,0.06360000,4546000,144.56,288981,1
2018-12-21 09:02,0.04269300,4534000,96.78,-193667,0
2018-12-21 09:02,0.00772661,4534000,17.51,-35050,0
2018-12-21 09:02,0.04998039,4534000,113.30,-226725,0
2018-12-21 09:03,0.04445432,4499000,99.99,199899,1
2018-12-21 09:03,0.05594568,4499000,125.84,251573,1
2018-12-21 09:03,0.42687743,4500000,960.47,-1921909,0
2018-12-21 09:03,0.10000000,4500000,225.00,-450225,0
2018-12-21 09:03,0.06818558,4500000,153.41,-306989,0
2018-12-21 09:03,1.00000000,4500000,2250.00,-4502250,0
2018-12-21 09:03,0.40493699,4500000,911.10,-1823128,0
2018-12-21 09:05,0.10199009,4498000,229.37,458522,1
2018-12-21 09:05,0.27900111,4498000,627.47,1254319,1
2018-12-21 09:05,0.01610800,4497000,36.21,72401,1
2018-12-21 09:05,0.09418800,4497000,211.78,423351,1
2018-12-21 09:05,0.00220000,4497000,4.94,9888,1
2018-12-21 09:05,0.00220000,4497000,4.94,9888,1
2018-12-21 09:05,1.07094636,4497000,2408.02,4813637,1
2018-12-21 09:05,0.43335764,4497000,974.40,1947834,1
2018-12-21 09:05,1.39863015,4500000,3146.91,-6296983,0
2018-12-21 09:05,0.13896985,4500000,312.68,-625677,0
2018-12-21 09:06,1.53760000,4518000,3473.43,6943403,1
2018-12-21 09:06,0.41860000,4516000,945.19,-1891343,0
2018-12-21 09:06,0.02300000,4507000,51.83,-103713,0
2018-12-21 09:06,0.23599495,4507000,531.81,-1064161,0
2018-12-21 09:06,0.20439600,4507000,460.60,-921674,0
2018-12-21 09:06,0.00809584,4507000,18.24,-36507,0
2018-12-21 09:06,0.02331244,4542000,52.94,105832,1
2018-12-21 09:06,0.86678756,4542000,1968.47,3934980,1
2018-12-21 09:08,0.07560000,4550000,171.99,-344152,0
2018-12-21 09:09,0.21790000,4548000,495.50,-991505,0
2018-12-21 09:10,0.12960754,4556000,295.24,590196,1
2018-12-21 09:10,0.00216983,4556000,4.94,9880,1
2018-12-21 09:10,0.03721016,4557000,84.78,169481,1
2018-12-21 09:10,0.12448984,4557000,283.65,567016,1
2018-12-21 09:11,0.00200000,4563000,4.56,-9131,0
2018-12-21 09:11,0.04030000,4563000,91.94,-183981,0
2018-12-21 09:11,0.11830000,4551000,269.19,-538653,0
2018-12-21 09:11,1.83940000,4553000,4187.39,-8378976,0
2018-12-21 09:11,0.21836690,4565000,498.42,996346,1
2018-12-21 09:11,0.13049000,4565000,297.84,595389,1
2018-12-21 09:11,0.19786129,4565000,451.61,902785,1
2018-12-21 09:11,1.45328181,4565000,3317.11,6630914,1
2018-12-21 09:21,0.00960932,4523000,21.73,-43485,0
2018-12-21 09:22,0.09840000,4542000,223.46,-447157,0
2018-12-21 09:23,0.00474065,4539000,10.75,-21529,0
2018-12-21 09:23,0.08676703,4544000,197.13,394072,1
2018-12-21 09:23,0.02593297,4544000,58.91,117780,1
2018-12-21 09:28,0.02146349,4539000,48.71,-97472,0
2018-12-21 09:28,0.01142154,4539000,25.92,-51869,0
2018-12-21 09:28,0.08174900,4539000,185.52,-371245,0
2018-12-21 09:28,0.22706597,4539000,515.32,-1031168,0
2018-12-21 09:28,0.60390457,4539000,1370.56,-2742494,0
2018-12-21 09:29,0.02200000,4539000,49.92,-99908,0
2018-12-21 09:29,0.21772553,4540000,494.23,-988969,0
2018-12-21 09:31,1.18540000,4537000,2689.07,5375470,1
2018-12-21 09:35,0.01080000,4530000,24.46,-48949,0
2018-12-21 09:35,0.00068422,4536000,1.55,-3106,0
2018-12-21 09:35,0.00291578,4536000,6.61,-13233,0
2018-12-21 09:36,0.02130000,4539000,48.34,-96729,0
2018-12-21 09:36,0.00190000,4541000,4.31,-8633,0
2018-12-21 09:37,0.01819270,4560000,41.47,82917,1
2018-12-21 09:37,0.01940730,4560000,44.24,88453,1
2018-12-21 09:39,2.00000000,4555000,4555.00,-9114555,0
2018-12-21 09:40,0.20000000,4549000,454.90,909345,1
2018-12-21 09:40,0.01364149,4549000,31.02,62024,1
2018-12-21 09:41,0.00810907,4547000,18.43,36853,1
2018-12-21 09:41,0.20000000,4547000,454.70,908945,1
2018-12-21 09:41,0.00316284,4546000,7.18,14371,1
2018-12-21 09:42,0.00219192,4552000,4.98,9972,1
2018-12-21 09:42,0.00075780,4549000,1.72,3445,1
2018-12-21 09:48,1.57210000,4551000,3577.31,7151049,1
2018-12-21 09:49,0.00429272,4555000,9.77,-19564,0
2018-12-21 09:49,0.39720000,4555000,904.62,-1810151,0
2018-12-21 09:49,0.02386200,4555000,54.34,-108746,0
2018-12-21 09:49,0.52200000,4559000,1189.89,-2380988,0
2018-12-21 09:49,0.26900000,4559000,613.18,-1226985,0
2018-12-21 09:49,0.00050000,4559000,1.13,-2281,0
2018-12-21 09:51,1.21690000,4561000,2775.14,5547505,1
2018-12-21 09:52,0.31000000,4561000,706.95,-1414617,0
2018-12-21 09:52,0.01090000,4561000,24.85,-49740,0
2018-12-21 09:53,0.32090000,4560000,731.65,1462572,1
2018-12-21 09:54,0.00110000,4559000,2.50,-5018,0
2018-12-21 09:54,0.00110000,4564000,2.51,5017,1
2018-12-21 09:54,0.30640000,4565000,699.35,-1399416,0
2018-12-21 09:55,0.30640000,4568000,699.81,1398935,1
2018-12-21 09:55,0.01850000,4560000,42.18,-84403,0
2018-12-21 09:55,0.00700000,4569000,15.99,-31999,0
2018-12-21 09:55,0.00860000,4569000,19.64,-39313,0
2018-12-21 09:56,0.17554977,4570000,401.13,-802664,0
2018-12-21 09:56,0.00685023,4570000,15.65,-31322,0
2018-12-21 09:56,0.05536157,4569000,126.47,-253074,0
2018-12-21 09:56,0.02308478,4569000,52.73,-105527,0
2018-12-21 09:56,0.28395365,4569000,648.69,-1298033,0
2018-12-21 09:56,0.40970000,4569000,935.95,-1872856,0
2018-12-21 09:56,0.00930000,4573000,21.26,-42551,0
2018-12-21 09:56,0.39870000,4577000,912.42,-1825763,0
2018-12-21 09:56,0.39785701,4581000,911.29,1821671,1
2018-12-21 09:57,0.99870000,4590000,2292.01,4581740,1
2018-12-21 09:57,0.34917263,4587000,800.82,-1602456,0
2018-12-21 09:57,0.13942737,4588000,319.84,-640013,0
2018-12-21 09:57,0.39240000,4593000,901.14,-1803195,0
2018-12-21 09:57,0.16879870,4594000,387.73,-775849,0
2018-12-21 09:57,0.05660000,4594000,130.01,-260151,0
2018-12-21 09:58,0.03638968,4594000,83.58,-167258,0
2018-12-21 09:58,0.05727286,4614000,132.12,264124,1
2018-12-21 09:58,0.44682345,4614000,1030.82,2060612,1
2018-12-21 09:59,0.63870000,4624000,1476.67,2951872,1
2018-12-21 09:59,0.20125020,4613000,464.18,-928832,0
2018-12-21 09:59,0.01014980,4613000,23.41,-46845,0
2018-12-21 10:00,0.00372247,4622000,8.60,17196,1
2018-12-21 10:00,0.01298701,4620000,29.99,59969,1
2018-12-21 10:00,0.19469052,4617000,449.44,898436,1
2018-12-21 10:00,0.25950000,4613000,598.53,-1197672,0
2018-12-21 10:00,0.40440000,4610000,932.14,-1865217,0
2018-12-21 10:00,0.01012000,4608000,23.31,-46657,0
2018-12-21 10:00,0.11938000,4608000,275.05,-550378,0
2018-12-21 10:01,0.01084762,4601000,24.95,49884,1
2018-12-21 10:01,0.00217155,4601000,4.99,9986,1
2018-12-21 10:01,0.78038083,4601000,1795.26,3588736,1
2018-12-21 10:02,0.02410000,4587000,55.27,-110602,0
2018-12-21 10:02,0.31320000,4589000,718.63,-1437994,0
2018-12-21 10:02,0.00840000,4590000,19.27,-38576,0
2018-12-21 10:02,0.02600000,4590000,59.67,-119400,0
2018-12-21 10:03,0.00024183,4594000,0.55,1110,1
2018-12-21 10:03,0.37145817,4594000,853.23,1705625,1
2018-12-21 10:05,1.48362631,4594000,3407.88,-6819188,0
2018-12-21 10:05,0.02585143,4594000,59.38,-118821,0
2018-12-21 10:05,0.09135200,4594000,209.83,-419881,0
2018-12-21 10:07,0.21712682,4601000,499.50,998500,1
2018-12-21 10:07,0.18176918,4601000,418.15,835901,1
2018-12-21 10:07,0.00216575,4601000,4.98,9959,1
2018-12-21 10:07,0.00308527,4601000,7.09,14188,1
2018-12-21 10:09,0.32476608,4595000,746.15,1491553,1
2018-12-21 10:09,0.87193392,4595000,2003.26,4004533,1
2018-12-21 10:10,0.02170000,4597000,49.87,-99805,0
2018-12-21 10:10,0.01860000,4596000,42.74,-85529,0
2018-12-21 10:10,0.00016711,4604000,0.38,768,1
2018-12-21 10:10,0.00216834,4604000,4.99,9978,1
2018-12-21 10:11,0.02042508,4601000,46.98,-94023,0
2018-12-21 10:11,0.11915200,4601000,274.10,-548493,0
2018-12-21 10:11,0.20344769,4601000,468.03,-936531,0
2018-12-21 10:11,0.14028199,4601000,322.71,-645761,0
2018-12-21 10:11,0.00500000,4604000,11.51,-23032,0
2018-12-21 10:11,0.00440000,4607000,10.13,-20281,0
2018-12-21 10:11,0.00066328,4603000,1.52,-3055,0
2018-12-21 10:11,0.00433672,4603000,9.98,-19972,0
2018-12-21 10:12,0.08193340,4610000,188.85,-377902,0
2018-12-21 10:12,0.25046660,4610000,577.32,-1155229,0
2018-12-21 10:13,0.00500000,4605000,11.51,-23037,0
2018-12-21 10:13,0.00210000,4612000,4.84,9680,1
2018-12-21 10:13,0.10820000,4612000,249.50,498768,1
2018-12-21 10:13,0.37640321,4612000,867.98,1735103,1
2018-12-21 10:13,0.18895899,4612000,435.73,871043,1
2018-12-21 10:13,0.19733780,4612000,455.06,909666,1
2018-12-21 10:13,0.02747177,4605000,63.25,-126571,0
2018-12-21 10:13,1.06182823,4605000,2444.85,-4892164,0
2018-12-21 10:13,0.55364393,4630000,1281.68,2562089,1
2018-12-21 10:13,0.11810000,4609000,272.16,-544595,0
2018-12-21 10:14,0.07938394,4596000,182.42,364666,1
2018-12-21 10:14,0.10125908,4596000,232.69,465154,1
2018-12-21 10:14,0.48680000,4596000,1118.66,-2238452,0
2018-12-21 10:14,0.01300000,4608000,29.95,-59934,0
2018-12-21 10:15,0.02440000,4598000,56.09,-112248,0
2018-12-21 10:15,0.08389366,4599000,192.91,-386020,0
2018-12-21 10:15,0.00500000,4599000,11.49,-23007,0
2018-12-21 10:15,0.01580634,4599000,36.34,-72730,0
2018-12-21 10:15,1.10210000,4606000,2538.13,5073734,1
2018-12-21 10:15,0.02560000,4598000,58.85,-117768,0
2018-12-21 10:16,0.02560000,4599000,58.86,117675,1
2018-12-21 10:16,0.63367774,4592000,1454.92,-2911304,0
2018-12-21 10:16,0.07058695,4599000,162.31,324467,1
2018-12-21 10:16,0.56301305,4599000,1294.64,2588002,1
2018-12-21 10:17,0.13730000,4595000,315.44,-631209,0
2018-12-21 10:17,0.00500000,4594000,11.48,-22982,0
2018-12-21 10:17,0.00848964,4593000,19.49,-39013,0
2018-12-21 10:17,0.01160000,4593000,26.63,-53306,0
2018-12-21 10:17,0.28428806,4593000,652.86,-1306388,0
2018-12-21 10:17,0.00211194,4593000,4.85,-9705,0
2018-12-21 10:18,0.02173299,4599000,49.97,99900,1
2018-12-21 10:18,0.01237408,4598000,28.44,56867,1
2018-12-21 10:18,0.01304915,4598000,29.99,59969,1
2018-12-21 10:19,0.01880000,4608000,43.31,-86674,0
2018-12-21 10:19,0.35566069,4610000,819.79,1638775,1
2018-12-21 10:19,0.06483931,4610000,149.45,298759,1
2018-12-21 10:19,0.00840000,4601000,19.32,-38668,0
2018-12-21 10:20,0.00840000,4595000,19.29,38578,1
2018-12-21 10:21,0.03200000,4592000,73.47,-147018,0
2018-12-21 10:22,0.00500000,4588000,11.47,-22952,0
2018-12-21 10:22,0.21942354,4588000,503.35,-1007219,0
2018-12-21 10:22,0.54188396,4588000,1243.08,-2487407,0
2018-12-21 10:22,0.00218781,4588000,5.01,-10043,0
2018-12-21 10:22,0.00218781,4588000,5.01,-10043,0
2018-12-21 10:22,0.02838663,4598000,65.26,130456,1
2018-12-21 10:22,0.01018303,4598000,23.41,46798,1
2018-12-21 10:22,0.38475804,4598000,884.55,1768232,1
2018-12-21 10:22,0.37937230,4598000,872.17,1743481,1
2018-12-21 10:27,0.00780000,4609000,17.97,-35969,0
2018-12-21 10:27,0.66270000,4609000,1527.19,-3055912,0
2018-12-21 10:28,0.04409668,4615000,101.75,203404,1
2018-12-21 10:28,0.02167404,4615000,50.01,99975,1
2018-12-21 10:28,0.19769221,4615000,456.17,911893,1
2018-12-21 10:28,0.19787913,4615000,456.60,912755,1
2018-12-21 10:28,0.08888772,4615000,205.10,410011,1
2018-12-21 10:28,0.07133238,4637000,165.38,330602,1
2018-12-21 10:28,0.04804907,4637000,111.40,222692,1
2018-12-21 10:28,0.00081855,4637000,1.89,3793,1
2018-12-21 10:30,0.00215369,4655000,5.01,-10031,0
2018-12-21 10:31,0.02764631,4655000,64.34,-128758,0
2018-12-21 10:31,0.02157956,4659000,50.26,-100590,0
2018-12-21 10:31,0.01112044,4660000,25.91,-51848,0
2018-12-21 10:31,0.06250000,4647000,145.21,290292,1
2018-12-21 10:32,0.00160000,4644000,3.71,-7435,0
2018-12-21 10:32,0.01652277,4640000,38.33,-76704,0
2018-12-21 10:32,1.05427723,4640000,2445.92,-4894293,0
2018-12-21 10:33,0.12435727,4652000,289.25,578220,1
2018-12-21 10:33,0.13572000,4652000,315.68,631053,1
2018-12-21 10:33,0.41000000,4652000,953.66,1906366,1
2018-12-21 10:33,0.19785284,4652000,460.20,919951,1
2018-12-21 10:33,0.01577975,4652000,36.70,73370,1
2018-12-21 10:33,0.18874741,4652000,439.02,877613,1
2018-12-21 10:34,0.00215533,4659000,5.02,-10047,0
2018-12-21 10:34,0.00215533,4659000,5.02,-10047,0
2018-12-21 10:34,0.16165540,4659000,376.57,-753529,0
2018-12-21 10:34,0.15833394,4659000,368.83,-738047,0
2018-12-21 10:34,0.32430000,4675000,758.05,1515344,1
2018-12-21 10:34,0.07034966,4662000,163.98,-328134,0
2018-12-21 10:34,0.16450000,4662000,383.44,-767283,0
2018-12-21 10:34,0.10515034,4662000,245.10,-490456,0
2018-12-21 10:34,0.34000000,4673000,794.41,1588025,1
2018-12-21 10:35,0.61406026,4659000,1430.45,-2862338,0
2018-12-21 10:35,0.61400000,4670000,1433.69,2865946,1
2018-12-21 10:35,0.06490000,4661000,151.24,-302651,0
2018-12-21 10:36,0.06490000,4655000,151.05,301958,1
2018-12-21 10:37,0.19536088,4653000,454.50,-909469,0
2018-12-21 10:37,0.00463912,4653000,10.79,-21597,0
2018-12-21 10:38,0.20000000,4684000,468.40,-937269,0
2018-12-21 10:38,0.12640000,4676000,295.52,-591342,0
2018-12-21 10:39,0.00997499,4690000,23.39,-46806,0
2018-12-21 10:39,0.09685385,4694000,227.31,-454860,0
2018-12-21 10:39,0.05524615,4694000,129.66,-259455,0
2018-12-21 10:39,0.01490000,4704000,35.04,-70125,0
2018-12-21 10:39,0.01975738,4703000,46.45,-92966,0
2018-12-21 10:39,0.02364262,4703000,55.59,-111247,0
2018-12-21 10:40,0.40641184,4727000,960.55,1920148,1
2018-12-21 10:40,0.00009640,4714000,0.22,-455,0
2018-12-21 10:40,0.02270360,4714000,53.51,-107079,0
2018-12-21 10:40,0.28820000,4712000,678.99,-1358678,0
2018-12-21 10:40,0.05010000,4709000,117.96,-236039,0
2018-12-21 10:41,0.01000000,4709000,23.54,-47114,0
2018-12-21 10:42,0.03000000,4690000,70.35,-140771,0
2018-12-21 10:42,0.05488937,4689000,128.68,-257505,0
2018-12-21 10:42,0.00091063,4689000,2.13,-4272,0
2018-12-21 10:45,0.79730000,4697000,1872.45,3743045,1
2018-12-21 10:46,0.00970000,4677000,22.68,-45390,0
2018-12-21 10:47,0.00035635,4675000,0.83,-1667,0
2018-12-21 10:49,0.51110000,4674000,1194.44,-2390076,0
2018-12-21 10:49,0.04932494,4682000,115.46,230823,1
2018-12-21 10:49,0.00212000,4682000,4.96,9920,1
2018-12-21 10:49,0.00212000,4682000,4.96,9920,1
2018-12-21 10:49,0.00212000,4682000,4.96,9920,1
2018-12-21 10:49,0.00212000,4682000,4.96,9920,1
2018-12-21 10:49,0.00311467,4682000,7.29,14575,1
2018-12-21 10:51,0.88480000,4690000,2074.85,-4151787,0
2018-12-21 10:55,0.00005139,4697000,0.12,241,1
2018-12-21 10:58,0.20834931,4689000,488.47,976461,1
2018-12-21 10:58,0.00090676,4689000,2.12,4249,1
2018-12-21 10:58,0.00090676,4689000,2.12,4249,1
2018-12-21 11:00,0.96000000,4686000,2249.28,4496310,1
2018-12-21 11:00,0.00062836,4686000,1.47,2943,1
2018-12-21 11:00,0.00212249,4686000,4.97,9941,1
2018-12-21 11:00,0.06800000,4686000,159.32,318488,1
2018-12-21 11:00,0.02094267,4686000,49.06,98088,1
2018-12-21 11:00,0.00611675,4686000,14.33,28648,1
2018-12-21 11:00,0.00212249,4686000,4.97,9941,1
2018-12-21 11:02,0.07900000,4685000,185.05,-370300,0
2018-12-21 11:02,0.12190000,4685000,285.55,-571387,0
2018-12-21 11:04,0.01310000,4686000,30.69,-61418,0
2018-12-21 11:05,0.03500000,4682000,81.93,-163952,0
2018-12-21 11:06,0.03324668,4677000,77.74,-155573,0
2018-12-21 11:06,0.05522899,4667000,128.87,257624,1
2018-12-21 11:06,0.01100000,4666000,25.66,51300,1
2018-12-21 11:06,0.00212649,4666000,4.96,9917,1
2018-12-21 11:06,0.20440000,4666000,476.86,953253,1
2018-12-21 11:06,0.00213057,4666000,4.97,9936,1
2018-12-21 11:06,0.05270000,4666000,122.94,245775,1
2018-12-21 11:06,0.00023554,4666000,0.54,1098,1
2018-12-21 11:06,0.00023554,4666000,0.54,1098,1
2018-12-21 11:07,0.02910000,4641000,67.52,134985,1
2018-12-21 11:07,0.05120000,4633000,118.60,-237329,0
2018-12-21 11:07,0.00210000,4625000,4.85,-9718,0
2018-12-21 11:07,0.01000000,4625000,23.12,-46274,0
2018-12-21 11:08,0.00110000,4625000,2.54,-5090,0
2018-12-21 11:09,0.06440000,4618000,148.69,297250,1
2018-12-21 11:09,0.09464107,4595000,217.43,-435094,0
2018-12-21 11:09,0.02115893,4595000,48.61,-97274,0
2018-12-21 11:10,0.11580000,4605000,266.62,532992,1
2018-12-21 11:10,0.05080000,4609000,117.06,-234255,0
2018-12-21 11:12,0.00006309,4592000,0.14,-290,0
2018-12-21 11:12,0.05533691,4592000,127.05,-254235,0
2018-12-21 11:12,0.10620000,4587000,243.56,486895,1
2018-12-21 11:13,1.15708093,4587000,2653.76,-5310184,0
2018-12-21 11:13,0.02186779,4587000,50.15,-100358,0
2018-12-21 11:13,0.00304326,4587000,6.97,-13967,0
2018-12-21 11:13,0.10092983,4587000,231.48,-463197,0
2018-12-21 11:13,0.00557780,4587000,12.79,-25599,0
2018-12-21 11:13,0.05855100,4587000,134.28,-268708,0
2018-12-21 11:13,0.09370000,4587000,214.90,-430017,0
2018-12-21 11:13,0.10440944,4587000,239.46,-479166,0
2018-12-21 11:13,0.09503995,4587000,217.97,-436167,0
2018-12-21 11:16,0.00472062,4582000,10.81,21619,1
2018-12-21 11:16,0.07388251,4582000,169.26,338360,1
2018-12-21 11:16,0.19786184,4582000,453.30,906149,1
2018-12-21 11:16,0.02300000,4582000,52.69,105333,1
2018-12-21 11:16,0.18000000,4582000,412.38,824347,1
2018-12-21 11:17,0.02947457,4569000,67.33,134601,1
2018-12-21 11:17,0.00057099,4569000,1.30,2607,1
2018-12-21 11:24,0.14935527,4567000,341.05,681764,1
2018-12-21 11:24,0.00054731,4565000,1.24,2497,1
2018-12-21 11:24,0.98075269,4564000,2238.07,4473917,1
2018-12-21 11:26,0.00100000,4535000,2.26,-4538,0
2018-12-21 11:26,0.01100000,4530000,24.91,-49855,0
2018-12-21 11:28,0.55220000,4512000,1245.76,-2492773,0
2018-12-21 11:28,0.05720000,4514000,129.10,-258330,0
2018-12-21 11:28,0.00722904,4511000,16.30,-32627,0
2018-12-21 11:28,0.09177096,4511000,206.98,-414186,0
2018-12-21 11:28,0.38015640,4511000,857.44,-1715743,0
2018-12-21 11:28,0.06300000,4511000,142.09,-284335,0
2018-12-21 11:28,0.28324360,4511000,638.85,-1278351,0
2018-12-21 11:30,0.23251431,4504000,523.62,1046720,1
2018-12-21 11:30,0.17555709,4504000,395.35,790313,1
2018-12-21 11:30,0.00100000,4504000,2.25,4501,1
2018-12-21 11:30,0.50000000,4504000,1126.00,2250874,1
2018-12-21 11:30,0.53772860,4504000,1210.96,2420718,1
2018-12-21 11:31,0.24300000,4506000,547.47,-1095506,0
2018-12-21 11:31,0.03304142,4513000,74.55,-149191,0
2018-12-21 11:31,0.00222150,4513000,5.01,-10031,0
2018-12-21 11:31,0.00003708,4513000,0.08,-168,0
2018-12-21 11:32,0.27830000,4522000,629.23,1257843,1
2018-12-21 11:35,2.00000000,4540000,4540.00,-9084540,0
2018-12-21 11:35,0.78445486,4535000,1778.75,3555724,1
2018-12-21 11:35,0.50000000,4535000,1133.75,2266366,1
2018-12-21 11:36,0.00320000,4534000,7.25,-14516,0
2018-12-21 11:36,0.00320000,4535000,7.25,-14520,0
2018-12-21 11:36,0.26768585,4542000,607.91,1215221,1
2018-12-21 11:37,0.05000000,4542000,113.55,226986,1
2018-12-21 11:37,0.04873299,4543000,110.69,221283,1
2018-12-21 11:37,0.11581672,4543000,263.07,525892,1
2018-12-21 11:37,0.00660356,4543000,14.99,29984,1
2018-12-21 11:37,0.19786184,4543000,449.44,898436,1
2018-12-21 11:37,0.01103345,4543000,25.06,50099,1
2018-12-21 11:39,0.00962013,4549000,21.88,-43784,0
2018-12-21 11:39,0.18454200,4549000,419.74,-839902,0
2018-12-21 11:40,0.20000000,4553000,455.30,-911056,0
2018-12-21 11:40,0.54090000,4552000,1231.08,-2463408,0
2018-12-21 11:40,0.02180000,4554000,49.63,-99327,0
2018-12-21 11:40,0.98110000,4555000,2234.45,4466676,1
2018-12-21 11:50,0.02939780,4539000,66.71,-133504,0
2018-12-21 11:51,0.00091018,4535000,2.06,-4130,0
2018-12-21 11:51,0.00819676,4535000,18.58,-37191,0
2018-12-21 11:51,0.00779306,4535000,17.67,-35360,0
2018-12-21 11:54,0.02713104,4542000,61.61,123167,1
2018-12-21 11:54,0.01919356,4542000,43.58,87133,1
2018-12-21 14:14,0.00300000,4450000,6.67,-13357,0
2018-12-21 14:18,0.00038811,4451000,0.86,1726,1
2018-12-21 14:18,0.00260780,4451000,5.80,11601,1
2018-12-21 14:18,0.00000409,4451000,0,18,1
2018-12-21 14:20,0.08510640,4450000,189.36,-378913,0
2018-12-21 14:20,0.04569410,4450000,101.66,-203441,0
2018-12-21 14:20,0.06885613,4450000,153.20,-306563,0
2018-12-21 14:20,0.27195774,4450000,605.10,-1210817,0
2018-12-21 14:20,0.61029437,4458000,1360.34,-2722053,0
2018-12-21 14:20,0.91810563,4458000,2046.45,-4094962,0
2018-12-21 14:26,2.00000000,4457000,4457.00,8909543,1
2018-12-21 14:28,0.00920000,4450000,20.47,-40961,0
2018-12-21 14:29,0.00042967,4448000,0.95,-1913,0
2018-12-21 14:29,0.00697033,4448000,15.50,-31020,0
2018-12-21 14:33,0.00100000,4443000,2.22,4440,1
2018-12-21 14:33,0.01560000,4443000,34.65,69276,1
2018-12-21 14:43,0.01210000,4375000,26.46,-52964,0
2018-12-21 14:43,0.01210000,4384000,26.52,53019,1
2018-12-21 14:49,0.03210000,4359000,69.96,-139994,0
2018-12-21 14:49,0.03210000,4364000,70.04,140014,1
2018-12-21 14:50,0.01410000,4368000,30.79,-61620,0
2018-12-21 14:52,0.02120000,4370000,46.32,-92691,0
2018-12-21 14:52,0.00888681,4366000,19.39,38780,1
2018-12-21 14:53,0.02640000,4360000,57.55,115046,1
2018-12-21 14:54,0.00200000,4378000,4.37,-8761,0
2018-12-21 14:56,0.00200000,4391000,4.39,8777,1
2018-12-21 14:57,0.00004806,4380000,0.10,-211,0
2018-12-21 14:57,0.03045194,4380000,66.68,-133447,0
2018-12-21 14:58,0.00220000,4383000,4.82,-9648,0
2018-12-21 15:00,0.03188903,4387000,69.94,139827,1
2018-12-21 15:05,1.99920000,4403000,4401.23,-8806879,0
2018-12-21 15:09,0.83784794,4414000,1849.13,3696411,1
2018-12-21 15:09,0.00025057,4414000,0.55,1105,1
2018-12-21 15:09,0.00983047,4414000,21.69,43369,1
2018-12-21 15:09,0.97166161,4414000,2144.45,4286769,1
2018-12-21 15:09,0.18040941,4414000,398.16,795928,1
2018-12-21 15:23,0.07140000,4423000,157.90,-315961,0
2018-12-21 15:34,0.07140000,4444000,158.65,317142,1
2018-12-21 15:38,2.00000000,4446000,4446.00,-8896446,0
2018-12-21 15:40,0.02125257,4454000,47.32,94611,1
2018-12-21 15:44,0.00054928,4470000,1.22,2454,1
2018-12-21 15:45,0.22996245,4470000,513.96,1027418,1
2018-12-21 15:45,0.05226991,4470000,116.82,233529,1
2018-12-21 15:45,0.11165105,4470000,249.54,498830,1
2018-12-21 15:46,0.00827408,4469000,18.48,36958,1
2018-12-21 15:46,0.14535486,4469000,324.79,649266,1
2018-12-21 15:46,0.00457781,4469000,10.22,20448,1
2018-12-21 15:50,0.84078973,4453000,1872.01,3742164,1
2018-12-21 15:55,0.00002770,4447000,0.06,123,1
2018-12-21 16:00,0.58530000,4444000,1300.53,2599772,1
2018-12-21 16:04,0.16018463,4450000,356.41,-713178,0
2018-12-21 16:04,0.06281537,4450000,139.76,-279669,0
2018-12-21 16:07,0.10000000,4459000,222.95,445677,1
2018-12-21 16:13,0.01206534,4439000,26.77,53531,1
2018-12-21 16:13,0.11093466,4439000,246.21,492192,1
2018-12-21 16:44,0.24100000,4419000,532.48,-1065512,0
2018-12-21 16:45,0.19048323,4419000,420.87,-842167,0
2018-12-21 16:48,0.57198655,4415000,1262.66,-2526584,0
2018-12-21 16:48,0.22151247,4415000,488.98,-978467,0
2018-12-21 16:48,0.06329043,4415000,139.71,-279567,0
2018-12-21 16:56,0.79953104,4446000,1777.35,3552937,1
2018-12-21 16:56,0.48876896,4446000,1086.53,2171980,1
2018-12-21 17:02,2.00000000,4468000,4468.00,-8940468,0
2018-12-21 17:05,1.94388013,4510000,4383.44,8762515,1
2018-12-21 17:05,0.05611987,4510000,126.55,252974,1
2018-12-21 17:07,2.00000000,4503000,4503.00,-9010503,0
2018-12-21 17:07,0.03858467,4515000,87.10,174122,1
2018-12-21 17:07,1.96141533,4515000,4427.89,8851362,1
2018-12-21 17:08,0.14400000,4518000,325.29,-650918,0
2018-12-21 17:09,0.02574953,4534000,58.37,116689,1
2018-12-21 17:09,0.11825047,4532000,267.95,535643,1
2018-12-21 17:16,0.07220000,4538000,163.82,-327808,0
2018-12-21 17:17,0.07220000,4543000,164.00,327840,1
2018-12-21 17:25,1.77929135,4491000,3995.39,-7994793,0
2018-12-21 17:25,0.08126513,4491000,182.48,-365145,0
2018-12-21 17:25,0.00227527,4491000,5.10,-10224,0
2018-12-21 17:28,0.17300000,4506000,389.76,779148,1
2018-12-21 17:28,0.10950483,4506000,246.71,493182,1
2018-12-21 17:28,0.04000000,4506000,90.12,180149,1
2018-12-21 17:28,0.00220692,4506000,4.97,9939,1
2018-12-21 17:28,0.00220705,4506000,4.97,9939,1
2018-12-21 17:28,0.00220705,4506000,4.97,9939,1
2018-12-21 17:29,0.09000000,4507000,202.81,405427,1
2018-12-21 17:29,0.11000000,4507000,247.88,495522,1
2018-12-21 17:33,0.20205539,4523000,456.94,913439,1
2018-12-21 17:35,0.12562169,4500000,282.64,565014,1
2018-12-21 17:35,0.00292793,4500000,6.58,13169,1
2018-12-21 17:35,0.00220884,4500000,4.96,9934,1
2018-12-21 17:38,1.00080000,4487000,2245.29,4488344,1
2018-12-21 17:47,0.44313654,4479000,992.40,-1985801,0
2018-12-21 17:47,0.65032062,4479000,1456.39,-2914243,0
2018-12-21 17:47,0.90654284,4480000,2030.65,-4063343,0
2018-12-21 17:54,0.02341058,4497000,52.63,105224,1
2018-12-21 18:00,1.97660000,4511000,4458.22,8911984,1
2018-12-21 18:15,0.00340000,4501000,7.65,-15311,0
2018-12-21 18:16,0.00340000,4500000,7.65,15292,1
2018-12-21 18:30,0.00001668,4475000,0.03,-75,0
2018-12-21 18:30,0.04000000,4475000,89.50,-179090,0
2018-12-21 18:30,0.03658332,4475000,81.85,-163793,0
2018-12-21 18:30,0.07660000,4470000,171.20,342230,1
2018-12-21 18:49,0.12704819,4465000,283.63,-567554,0
2018-12-21 18:49,1.10000000,4465000,2455.75,-4913956,0
2018-12-21 18:53,1.14934944,4460000,2563.04,5123535,1
2018-12-21 18:53,0.07770000,4450000,172.88,345592,1
2018-12-21 19:08,0.13650000,4451000,303.78,-607866,0
2018-12-21 19:08,0.03641222,4451000,81.03,-162152,0
2018-12-21 19:09,0.03220911,4452000,71.69,143323,1
2018-12-21 19:11,0.14070000,4454000,313.33,626364,1
2018-12-21 19:21,0.03465395,4429000,76.74,-153559,0
2018-12-21 19:21,0.00124605,4433000,2.76,-5527,0
2018-12-21 19:29,1.96410000,4410000,4330.84,-8666012,0
2018-12-21 19:31,0.55519293,4409000,1223.92,2446621,1
2018-12-21 19:31,0.00191359,4409000,4.21,8432,1
2018-12-21 19:31,0.51336200,4409000,1131.70,2262281,1
2018-12-21 19:31,0.05952784,4409000,131.22,262327,1
2018-12-21 19:31,0.87000364,4409000,1917.92,3833928,1
2018-12-21 19:32,0.00080169,4406000,1.76,-3534,0
2018-12-21 19:33,0.00290000,4412000,6.39,-12802,0
2018-12-21 19:47,0.00609234,4446000,13.54,-27100,0
2018-12-21 19:47,0.01673145,4446000,37.19,-74426,0
2018-12-21 19:47,0.08000000,4446000,177.84,-355858,0
2018-12-21 19:47,0.00392889,4446000,8.73,-17477,0
2018-12-21 19:47,0.00745706,4446000,16.57,-33171,0
2018-12-21 19:49,1.88210000,4449000,4186.73,-8377650,0
2018-12-21 19:50,0.00054552,4478000,1.22,2441,1
2018-12-21 19:50,0.00223214,4478000,4.99,9990,1
2018-12-21 20:04,1.99730000,4476000,4469.95,8935444,1
2018-12-21 20:06,0.00001879,4488000,0.04,-85,0
2018-12-21 20:20,0.02223127,4506000,50.08,-100225,0
2018-12-21 20:20,0.25741188,4506000,579.94,-1160478,0
2018-12-21 20:20,0.26055685,4506000,587.03,-1174657,0
2018-12-21 20:21,0.21360000,4502000,480.81,-962108,0
2018-12-21 20:22,0.13020686,4502000,293.09,-586485,0
2018-12-21 20:22,0.08939314,4502000,201.22,-402650,0
2018-12-21 20:25,0.97340000,4498000,2189.17,4376164,1
2018-12-21 20:58,0.13850707,4494000,311.22,-622762,0
2018-12-21 20:58,0.11572156,4496000,260.14,-520545,0
2018-12-21 20:58,0.03300000,4496000,74.18,-148443,0
2018-12-21 21:05,0.28720000,4491000,644.90,1289170,1
2018-12-21 21:13,0.25342071,4459000,565.00,-1130568,0
2018-12-21 21:13,0.81693170,4459000,1821.34,-3644520,0
2018-12-21 21:13,0.20634759,4459000,460.05,-920564,0
2018-12-21 21:18,0.00166992,4486000,3.74,7487,1
2018-12-21 21:18,0.02477760,4486000,55.57,111096,1
2018-12-21 21:24,0.19794999,4491000,444.49,888548,1
2018-12-21 21:24,0.00220000,4491000,4.94,9875,1
2018-12-21 21:24,0.72022721,4491000,1617.27,3232923,1
2018-12-21 21:24,0.05666000,4491000,127.23,254332,1
2018-12-21 21:24,0.01112533,4491000,24.98,49938,1
2018-12-21 21:24,0.01112533,4491000,24.98,49938,1
2018-12-21 21:24,0.25101214,4491000,563.64,1126731,1
2018-12-21 21:28,0.61736264,4502000,1389.68,-2780757,0
2018-12-21 21:28,0.41443736,4502000,932.89,-1866730,0
2018-12-21 21:29,0.33913404,4502000,763.39,1526018,1
2018-12-21 21:29,0.17298460,4498000,389.04,777695,1
2018-12-21 21:29,0.01466782,4498000,32.98,65942,1
2018-12-21 21:29,0.04100000,4498000,92.20,184325,1
2018-12-21 21:29,0.05122901,4498000,115.21,230312,1
2018-12-21 21:29,0.01800000,4498000,40.48,80923,1
2018-12-21 21:29,0.39478453,4498000,887.87,1774852,1
2018-12-21 21:36,0.01220000,4555000,27.78,-55599,0
2018-12-21 21:36,0.03576762,4561000,81.56,-163218,0
2018-12-21 21:36,0.08970000,4570000,204.96,-410134,0
2018-12-21 21:36,0.04000000,4570000,91.40,-182892,0
2018-12-21 21:36,1.18684323,4580000,2717.87,-5438460,0
2018-12-21 21:36,0.00495677,4580000,11.35,-22714,0
2018-12-21 21:37,0.54962077,4595000,1262.75,2524244,1
2018-12-21 21:37,0.81977923,4595000,1883.44,3765002,1
2018-12-21 21:37,0.03388749,4595000,77.85,-155791,0
2018-12-21 21:37,0.00876655,4595000,20.14,-40303,0
2018-12-21 21:37,0.10425038,4595000,239.51,-479270,0
2018-12-21 21:37,0.01431660,4595000,32.89,-65818,0
2018-12-21 21:37,0.06317898,4595000,145.15,-290453,0
2018-12-21 21:37,0.04373409,4592000,100.41,-200928,0
2018-12-21 21:37,0.07666591,4592000,176.02,-352226,0
2018-12-21 21:38,1.25236268,4588000,2872.91,-5748713,0
2018-12-21 21:38,0.02993290,4590000,68.69,-137461,0
2018-12-21 21:38,0.23570865,4575000,539.18,1077827,1
2018-12-21 21:38,0.23478000,4575000,537.05,1073581,1
2018-12-21 21:38,1.15661135,4574000,2645.17,5287695,1
2018-12-21 21:48,2.00000000,4524000,4524.00,-9052524,0
2018-12-21 21:50,0.05090279,4530000,115.29,230474,1
2018-12-21 21:54,0.05308283,4538000,120.44,240769,1
2018-12-21 22:09,0.00517600,4560000,11.80,23590,1
2018-12-21 22:09,0.01946084,4558000,44.35,88658,1
2018-12-21 22:09,0.03587106,4558000,81.75,163418,1
2018-12-21 22:09,0.18392350,4558000,419.16,837904,1
2018-12-21 22:09,0.02000000,4558000,45.58,91114,1
2018-12-21 22:10,0.00088199,4558000,2.01,4018,1
2018-12-21 22:10,0.11290000,4558000,257.29,514340,1
2018-12-21 22:10,0.00117980,4558000,2.68,5374,1
2018-12-21 22:10,0.00754797,4558000,17.20,34386,1
2018-12-21 22:10,0.03019188,4558000,68.80,137545,1
2018-12-21 22:13,0.01798243,4568000,41.07,82102,1
2018-12-21 22:13,0.19786184,4568000,451.91,903380,1
2018-12-21 22:13,1.12900706,4567000,2578.08,5153597,1
2018-12-21 22:14,0.13410000,4550000,305.07,609849,1
2018-12-21 22:19,0.33032843,4552000,751.82,-1504407,0
2018-12-21 22:22,0.30000000,4553000,682.95,1365217,1
2018-12-21 22:22,0.03030000,4553000,68.97,137886,1
2018-12-21 22:28,0.79217311,4543000,1799.42,-3600642,0
2018-12-21 22:28,0.40783448,4543000,926.39,-1853719,0
2018-12-21 22:30,0.02206549,4540000,50.08,100127,1
2018-12-21 22:30,0.34379200,4540000,780.40,1560035,1
2018-12-21 22:30,0.20000000,4540000,454.00,907546,1
2018-12-21 22:30,0.17881815,4534000,405.38,810356,1
2018-12-21 22:35,0.00284019,4511000,6.40,12805,1
2018-12-21 22:35,0.34000000,4511000,766.87,1532973,1
2018-12-21 22:35,0.11245981,4511000,253.65,507052,1
2018-12-21 22:36,0.09910165,4506000,223.27,-446776,0
2018-12-21 22:36,0.01572646,4506000,35.43,-70899,0
2018-12-21 22:40,0.11490000,4507000,258.92,517595,1
2018-12-21 22:47,0.00113701,4491000,2.55,-5109,0
2018-12-21 22:58,0.03450000,4500000,77.62,-155328,0
2018-12-21 23:02,0.03560000,4506000,80.20,160333,1
2018-12-21 23:06,0.00630000,4481000,14.11,-28245,0
2018-12-21 23:06,0.00385093,4479000,8.62,-17257,0
2018-12-21 23:06,0.00174907,4479000,3.91,-7838,0
2018-12-21 23:18,0.98200000,4500000,2209.50,-4421210,0
2018-12-21 23:22,0.01900000,4494000,42.69,85343,1
2018-12-21 23:22,0.20345240,4493000,457.05,913654,1
2018-12-21 23:26,0.77140000,4481000,1728.32,3454915,1
2018-12-21 23:30,0.00008201,4471000,0.18,-367,0
2018-12-21 23:30,0.00091799,4471000,2.05,-4107,0
2018-12-21 23:34,0.00100000,4489000,2.24,4486,1
2018-12-21 23:37,0.00498612,4514000,11.25,-22519,0
2018-12-21 23:37,0.00041388,4514000,0.93,-1870,0
2018-12-21 23:37,0.17426501,4522000,394.01,-788421,0
2018-12-21 23:37,0.01000000,4522000,22.61,-45243,0
2018-12-21 23:38,0.08723070,4525000,197.35,394521,1
2018-12-21 23:38,0.10246930,4525000,231.83,463441,1
2018-12-22 00:05,0.56399866,4480000,1263.35,-2527978,0
2018-12-22 00:05,0.01050000,4479000,23.51,-47053,0
2018-12-22 00:05,1.42550000,4480000,3193.12,-6389434,0
2018-12-22 00:09,2.00000000,4471000,4471.00,8937529,1
2018-12-22 00:16,0.01700000,4473000,38.02,-76079,0
2018-12-22 00:16,0.06560131,4474000,146.75,-293647,0
2018-12-22 00:16,0.07859900,4474000,175.82,-351828,0
2018-12-22 00:18,0.16120000,4466000,359.95,719559,1
2018-12-22 00:44,1.19470000,4421000,2640.88,-5284410,0
2018-12-22 00:49,0.55600000,4434000,1232.65,2464071,1
2018-12-22 00:49,0.02300000,4434000,50.99,101931,1
2018-12-22 00:49,0.61570000,4434000,1365.00,2728648,1
2018-12-22 00:49,1.89235133,4439000,4200.07,-8404348,0
2018-12-22 00:49,0.10764867,4439000,238.92,-478092,0
2018-12-22 00:50,0.06831576,4440000,151.66,303170,1
2018-12-22 00:50,0.06538329,4440000,145.15,290156,1
2018-12-22 00:51,0.04165000,4440000,92.46,184833,1
2018-12-22 00:53,1.82470000,4429000,4040.79,8077555,1
2018-12-22 00:58,0.01360000,4434000,30.15,-60333,0
2018-12-22 01:00,0.01360000,4426000,30.09,60163,1
2018-12-22 01:17,0.00935124,4444000,20.77,-41578,0
2018-12-22 01:21,0.00930000,4461000,20.74,41466,1
2018-12-22 01:31,0.12500000,4440000,277.50,-555278,0
2018-12-22 01:32,0.12500000,4436000,277.25,554222,1
2018-12-22 01:52,1.40422555,4420000,3103.33,-6209781,0
2018-12-22 01:52,0.05000000,4420000,110.50,-221111,0
2018-12-22 02:10,0.00040880,4416000,0.90,1804,1
2018-12-22 02:10,0.04024812,4416000,88.86,177646,1
2018-12-22 02:20,0.00063505,4425000,1.40,2808,1
2018-12-22 02:28,0.07524520,4441000,167.08,333996,1
2018-12-22 02:28,1.33700000,4441000,2968.80,5934648,1
2018-12-22 02:28,0.00065480,4441000,1.45,2906,1
2018-12-22 02:32,0.00079635,4438000,1.76,-3536,0
2018-12-22 02:32,0.00590365,4438000,13.10,-26214,0
2018-12-22 02:32,0.00670000,4436000,14.86,29706,1
2018-12-22 02:39,1.05881271,4410000,2334.68,-4671699,0
2018-12-22 02:39,0.06059782,4410000,133.61,-267370,0
2018-12-22 02:39,0.02670000,4410000,58.87,-117806,0
2018-12-22 03:04,0.00050073,4373000,1.09,2188,1
2018-12-22 03:10,0.00347353,4386000,7.61,15227,1
2018-12-22 03:10,0.06350000,4383000,139.16,278181,1
2018-12-22 03:10,0.43000000,4383000,942.34,1883747,1
2018-12-22 03:10,0.03073495,4383000,67.35,134643,1
2018-12-22 03:30,0.00055849,4399000,1.22,2455,1
2018-12-22 03:30,0.00032235,4399000,0.70,1417,1
2018-12-22 03:30,0.01200000,4399000,26.39,52761,1
2018-12-22 03:35,0.01000000,4389000,21.94,43868,1
2018-12-22 03:35,0.01098250,4389000,24.10,48178,1
2018-12-22 03:35,0.01101750,4389000,24.17,48331,1
2018-12-22 03:35,0.25700000,4389000,563.98,1127409,1
2018-12-22 03:35,0.31610000,4389000,693.68,1386669,1
2018-12-22 04:22,0.19394148,4396000,426.28,-852993,0
2018-12-22 04:24,0.07403854,4386000,162.36,324570,1
2018-12-22 04:24,0.11986146,4386000,262.85,525449,1
2018-12-22 04:34,0.07725323,4317000,166.75,-333669,0
2018-12-22 04:34,0.04000000,4317000,86.34,-172767,0
2018-12-22 04:34,0.03320000,4325000,71.79,-143662,0
2018-12-22 04:34,0.04540000,4315000,97.95,-195999,0
2018-12-22 04:39,1.80410000,4306000,3884.22,-7772339,0
2018-12-22 04:41,0.06464193,4315000,139.46,278790,1
2018-12-22 04:44,0.06800000,4312000,146.60,293069,1
2018-12-22 04:50,0.42245286,4290000,906.16,1811416,1
2018-12-22 04:50,0.03000000,4290000,64.35,128635,1
2018-12-22 04:50,0.00043699,4290000,0.93,1873,1
2018-12-22 04:50,0.00058275,4290000,1.24,2498,1
2018-12-22 04:50,0.52600000,4289000,1128.00,2254885,1
2018-12-22 04:51,0.25340000,4286000,543.03,-1086616,0
2018-12-22 04:51,0.00081635,4306000,1.75,3513,1
2018-12-22 04:51,0.00022642,4304000,0.48,974,1
2018-12-22 04:51,0.00081635,4304000,1.75,3511,1
2018-12-22 04:51,0.00316417,4304000,6.80,13611,1
2018-12-22 04:51,0.00599026,4304000,12.89,25769,1
2018-12-22 04:51,0.00177376,4304000,3.81,7630,1
2018-12-22 04:57,0.00058495,4291000,1.25,2508,1
2018-12-22 04:57,0.49800000,4291000,1068.45,2135849,1
2018-12-22 04:57,0.06200000,4291000,133.02,265908,1
2018-12-22 04:57,0.02500000,4291000,53.63,107221,1
2018-12-22 04:57,0.02270000,4291000,48.70,97356,1
2018-12-22 04:57,0.02230622,4291000,47.85,95668,1
2018-12-22 04:57,0.00527301,4291000,11.31,22615,1
2018-12-22 04:58,0.00127922,4283000,2.73,5476,1
2018-12-22 04:58,0.00176160,4283000,3.77,7541,1
2018-12-22 04:58,0.00176160,4283000,3.77,7541,1
2018-12-22 04:58,0.07300000,4283000,156.32,312502,1
2018-12-22 04:58,0.00232463,4283000,4.97,9951,1
2018-12-22 04:58,0.00233111,4283000,4.99,9979,1
2018-12-22 04:58,0.00233111,4283000,4.99,9979,1
2018-12-22 04:58,0.00393526,4283000,8.42,16846,1
2018-12-22 04:58,0.00200000,4283000,4.28,8561,1
2018-12-22 04:58,0.05400000,4283000,115.64,231166,1
2018-12-22 04:58,0.00170332,4283000,3.64,7291,1
2018-12-22 04:58,0.02090935,4283000,44.77,89509,1
2018-12-22 04:58,0.00321609,4279000,6.88,13754,1
2018-12-22 04:58,0.00030000,4279000,0.64,1283,1
2018-12-22 04:58,0.00228775,4279000,4.89,9784,1
2018-12-22 04:58,0.00228866,4279000,4.89,9788,1
2018-12-22 04:58,0.00151737,4279000,3.24,6489,1
2018-12-22 04:58,0.00050392,4279000,1.07,2155,1
2018-12-22 04:58,0.00050392,4279000,1.07,2155,1
2018-12-22 04:59,0.23935591,4281000,512.34,-1025195,0
2018-12-22 05:15,1.44600000,4291000,3102.39,-6207889,0
2018-12-22 05:17,0.00084579,4303000,1.81,3637,1
2018-12-22 05:20,0.06092829,4287000,130.59,261068,1
2018-12-22 05:23,0.53276543,4300000,1145.44,2289745,1
2018-12-22 05:23,0.00776467,4300000,16.69,33371,1
2018-12-22 05:25,0.00080929,4302000,1.74,3479,1
2018-12-22 05:25,0.02330311,4302000,50.12,100199,1
2018-12-22 05:46,1.07364951,4250000,2281.50,4560728,1
2018-12-22 05:46,0.17527815,4250000,372.46,744559,1
2018-12-22 05:46,0.10000000,4250000,212.50,424787,1
2018-12-22 05:46,0.02467234,4250000,52.42,104805,1
2018-12-22 06:46,0.25363719,4330000,549.12,-1098799,0
2018-12-22 06:46,0.07326708,4330000,158.62,-317405,0
2018-12-22 06:49,0.52985800,4334000,1148.20,-2297553,0
2018-12-22 06:49,0.00984200,4334000,21.32,-42677,0
2018-12-22 06:50,0.01150000,4340000,24.95,-49935,0
2018-12-22 06:50,0.01040162,4347000,22.60,45193,1
2018-12-22 06:50,0.30440542,4347000,661.62,1322588,1
2018-12-22 06:51,0.01141461,4344000,24.79,49560,1
2018-12-22 07:04,0.23380000,4324000,505.47,1010445,1
2018-12-22 07:04,0.31810000,4324000,687.73,1374776,1
2018-12-22 07:07,0.00635630,4317000,13.72,-27454,0
2018-12-22 07:12,0.00393852,4322000,8.51,17013,1
2018-12-22 07:12,0.00236148,4322000,5.10,10201,1
2018-12-22 07:32,0.25100000,4302000,539.90,-1080342,0
2018-12-22 07:32,0.11474400,4302000,246.81,-493876,0
2018-12-22 07:41,0.13050000,4280000,279.27,-558820,0
2018-12-22 07:46,0.00243680,4292000,5.22,10453,1
2018-12-22 07:53,0.00022326,4292000,0.47,957,1
2018-12-22 07:53,0.49357674,4292000,1059.21,2117372,1
2018-12-22 08:09,1.14890000,4284000,2460.94,-4924349,0
2018-12-22 08:21,0.00014240,4315000,0.30,614,1
2018-12-22 08:25,0.00000041,4339000,0,1,1
2018-12-22 08:28,0.00000067,4340000,0,2,1
2018-12-22 08:28,0.30000000,4340000,651.00,1301349,1
2018-12-22 08:33,1.15120000,4328000,2491.19,-4984885,0
2018-12-22 08:41,1.99299200,4334000,4318.81,8633308,1
2018-12-22 08:41,0.00700800,4334000,15.18,30357,1
2018-12-22 09:01,0.20000000,4354000,435.40,-871236,0
2018-12-22 09:01,0.00007558,4350000,0.16,-329,0
2018-12-22 09:01,0.39962442,4350000,869.18,-1739236,0
2018-12-22 09:05,0.59970000,4355000,1305.84,2610387,1
2018-12-22 09:06,0.00092382,4356000,2.01,-4027,0
2018-12-22 09:06,0.02659282,4356000,57.91,-115897,0
2018-12-22 09:08,0.02750000,4356000,59.89,119730,1
2018-12-22 09:14,0.01900000,4347000,41.29,-82635,0
2018-12-22 09:16,0.01900000,4360000,41.42,82798,1
2018-12-22 09:19,0.00920000,4345000,19.98,-39994,0
2018-12-22 09:19,0.00920000,4357000,20.04,40064,1
2018-12-22 10:24,1.25153168,4325000,2706.43,-5415581,0
2018-12-22 10:39,0.05686803,4306000,122.43,244751,1
2018-12-22 10:39,0.05686803,4306000,122.43,244751,1
2018-12-22 10:42,0.05189317,4293000,111.38,222665,1
2018-12-22 10:44,0.03421963,4304000,73.64,147207,1
2018-12-22 10:46,0.00022014,4308000,0.47,947,1
2018-12-22 10:46,0.01431320,4308000,30.83,61630,1
2018-12-22 10:51,0.06039031,4303000,129.92,259729,1
2018-12-22 10:51,0.00190984,4303000,4.10,8213,1
2018-12-22 11:04,0.13410533,4300000,288.32,576364,1
2018-12-22 11:04,0.02000000,4300000,43.00,85957,1
2018-12-22 11:04,0.35229160,4300000,757.42,1514096,1
2018-12-22 11:04,0.46840307,4300000,1007.06,2013126,1
2018-12-22 11:37,0.03333402,4305000,71.75,-143575,0
2018-12-22 11:37,0.00596598,4305000,12.84,-25697,0
2018-12-22 11:39,0.03930000,4302000,84.53,168984,1
2018-12-22 12:28,0.78300999,4316000,1689.73,-3381161,0
2018-12-22 12:28,1.10000000,4316000,2373.80,-4749974,0
2018-12-22 12:28,0.04500000,4316000,97.11,-194318,0
2018-12-22 12:28,0.07199001,4316000,155.35,-310865,0
2018-12-22 12:33,0.00330814,4324000,7.15,14297,1
2018-12-22 12:58,1.99600000,4306000,4297.38,8590478,1
2018-12-22 13:36,0.00510000,4297000,10.95,-21926,0
2018-12-22 13:46,1.99420000,4291000,4278.55,-8561391,0
2018-12-22 13:48,0.46607612,4289000,999.50,1998000,1
2018-12-22 13:48,0.00233100,4289000,4.99,9992,1
2018-12-22 14:05,0.02332702,4294000,50.08,100116,1
2018-12-22 14:05,0.92400000,4294000,1983.82,3965672,1
2018-12-22 14:08,1.10000000,4303000,2366.65,-4735667,0
2018-12-22 14:14,0.00040458,4302000,0.87,1739,1
2018-12-22 14:23,0.00231000,4292000,4.95,9909,1
2018-12-22 14:23,0.00842000,4292000,18.06,36120,1
2018-12-22 14:33,1.67300000,4287000,3586.07,7168564,1
2018-12-22 14:55,0.01820000,4301000,39.13,-78318,0
2018-12-22 15:01,0.38496938,4311000,829.80,-1660433,0
2018-12-22 15:01,0.01200000,4311000,25.86,-51758,0
2018-12-22 15:01,0.05513486,4311000,118.84,-237806,0
2018-12-22 15:01,0.00030000,4311000,0.64,-1294,0
2018-12-22 15:01,0.00030000,4311000,0.64,-1294,0
2018-12-22 15:01,0.00030000,4311000,0.64,-1294,0
2018-12-22 15:01,0.00030000,4311000,0.64,-1294,0
2018-12-22 15:01,0.00029576,4311000,0.63,-1276,0
2018-12-22 15:02,0.00021681,4314000,0.46,934,1
2018-12-22 15:03,0.03792576,4314000,81.80,163529,1
2018-12-22 15:09,1.56620000,4315000,3379.07,-6761532,0
2018-12-22 15:19,0.16633733,4321000,359.37,718384,1
2018-12-22 15:19,0.09770800,4321000,211.09,421985,1
2018-12-22 15:31,0.12255922,4323000,264.91,529558,1
2018-12-22 15:31,0.02840714,4323000,61.40,122742,1
2018-12-22 15:44,0.36749972,4333000,796.18,1591580,1
2018-12-22 15:44,0.60844575,4333000,1318.19,2635077,1
2018-12-22 15:44,0.60905453,4333000,1319.51,2637713,1
2018-12-27 13:28,0.11820000,4228000,249.87,-500000,0
2018-12-27 13:32,0.11820000,4223000,249.57,498909,1
2018-12-27 14:18,0.00500000,4187000,10.46,-20946,0
2018-12-27 14:19,0.00500000,4198000,10.49,20979,1
2018-12-27 14:25,1.75892682,4199000,3692.86,-7389427,0
2018-12-27 14:25,0.00500000,4199000,10.49,-21006,0
2018-12-27 14:25,0.02752157,4199000,57.78,-115621,0
2018-12-27 14:25,0.00247138,4199000,5.18,-10383,0
2018-12-27 14:25,0.36800000,4199000,772.61,-1546005,0
2018-12-27 14:27,0.03344053,4202000,70.25,140446,1
2018-12-27 14:37,0.20036596,4202000,420.96,841516,1
2018-12-27 14:37,0.04174319,4202000,87.70,175317,1
2018-12-27 14:42,0.00050158,4194000,1.05,2102,1
2018-12-27 14:46,0.71081850,4200000,1492.71,-2986931,0
2018-12-27 14:46,0.01245000,4200000,26.14,-52317,0
2018-12-27 14:46,0.07182713,4200000,150.83,-301825,0
2018-12-27 14:46,1.31900437,4200000,2769.90,-5542589,0
2018-12-27 14:47,0.07086574,4203000,148.92,297699,1
2018-12-27 14:47,0.03335066,4203000,70.08,140102,1
2018-12-27 14:47,0.03331734,4203000,70.01,139962,1
2018-12-27 14:47,0.20000000,4202000,420.20,839979,1
2018-12-27 14:47,1.10000000,4202000,2311.10,4619888,1
2018-12-27 14:47,0.08954813,4202000,188.14,376093,1
2018-12-27 14:47,0.01994751,4202000,41.90,83777,1
2018-12-27 14:51,0.00131206,4206000,2.75,5515,1
2018-12-27 14:51,0.05596631,4206000,117.69,235276,1
2018-12-27 15:02,0.00538876,4218000,11.36,22718,1
2018-12-27 15:02,0.26632650,4218000,561.68,1122803,1
2018-12-27 15:02,0.13122000,4218000,276.74,553209,1
2018-12-27 15:02,0.14992500,4218000,316.19,632067,1
2018-12-27 15:02,0.02627300,4218000,55.40,110764,1
2018-12-27 15:02,1.05980000,4218000,2235.11,4468001,1
2018-12-27 15:04,0.25789808,4228000,545.19,1089847,1
2018-12-27 15:22,0.00077988,4226000,1.64,3294,1
2018-12-27 15:33,0.03676020,4225000,77.65,155234,1
2018-12-27 15:34,0.13731747,4225000,290.08,579876,1
2018-12-27 15:43,0.00099750,4227000,2.10,4214,1
2018-12-27 15:51,0.32300000,4220000,681.53,1362378,1
2018-12-27 15:56,0.04730900,4216000,99.72,-199555,0
2018-12-27 16:04,0.07109611,4224000,150.15,-300461,0
2018-12-27 16:04,0.07109611,4224000,150.15,-300461,0
2018-12-27 16:04,0.03153806,4224000,66.60,-133284,0
2018-12-27 16:04,0.16589093,4224000,350.36,-701074,0
2018-12-27 17:04,0.05000000,4238000,105.95,-212006,0
2018-12-27 17:05,0.02500000,4234000,52.92,105797,1
2018-12-27 17:05,0.02500000,4234000,52.92,105797,1
2018-12-27 17:11,0.71920000,4242000,1525.42,-3052372,0
2018-12-27 17:11,0.01200000,4239000,25.43,-50894,0
2018-12-27 17:12,0.00009453,4243000,0.20,-402,0
2018-12-27 17:12,0.01214218,4243000,25.75,-51545,0
2018-12-27 17:22,0.59142654,4250000,1256.78,2512306,1
2018-12-27 17:24,0.53890000,4249000,1144.89,2288641,1
2018-12-27 18:03,0.00009441,4220000,0.19,-399,0
2018-12-27 18:05,0.00174534,4222000,3.68,-7373,0
2018-12-27 18:05,0.50065466,4222000,1056.88,-2114821,0
2018-12-27 18:06,0.00029292,4223000,0.61,1236,1
2018-12-27 18:10,0.36557900,4224000,772.10,-1544978,0
2018-12-27 18:10,0.00120000,4229000,2.53,-5078,0
2018-12-27 18:15,0.04903720,4226000,103.61,207127,1
2018-12-27 18:15,0.05234965,4226000,110.61,221119,1
2018-12-27 18:15,0.00023699,4226000,0.50,1001,1
2018-12-27 18:25,0.08757410,4239000,185.61,371040,1
2018-12-27 18:25,0.10912472,4239000,231.28,462348,1
2018-12-27 18:28,0.00030000,4242000,0.63,-1274,0
2018-12-27 18:28,0.11290000,4242000,239.46,-479162,0
2018-12-27 18:37,0.57704318,4237000,1222.46,-2446155,0
2018-12-27 18:37,0.91984344,4237000,1948.68,-3899326,0
2018-12-27 18:37,0.18068245,4237000,382.77,-765935,0
2018-12-27 18:37,0.19993093,4237000,423.55,-847531,0
2018-12-27 18:43,2.56140000,4233000,5421.20,10836984,1
2018-12-27 19:00,0.00172892,4238000,3.66,-7331,0
2018-12-27 19:00,0.00090000,4238000,1.90,-3817,0
2018-12-27 19:00,0.00100000,4238000,2.11,-4241,0
2018-12-27 19:00,0.00120000,4238000,2.54,-5089,0
2018-12-27 19:00,0.00100000,4238000,2.11,-4241,0
2018-12-27 19:00,0.00880000,4238000,18.64,-37313,0
2018-12-27 19:00,0.00220000,4238000,4.66,-9329,0
2018-12-27 19:00,0.02200000,4238000,46.61,-93283,0
2018-12-27 19:00,0.00090000,4238000,1.90,-3817,0
2018-12-27 19:00,0.00090000,4238000,1.90,-3817,0
2018-12-27 19:00,0.00050000,4238000,1.05,-2120,0
2018-12-27 19:00,0.00160000,4238000,3.39,-6785,0
2018-12-27 19:00,0.00110000,4238000,2.33,-4665,0
2018-12-27 19:00,0.00250000,4238000,5.29,-10601,0
2018-12-27 19:00,0.00120000,4238000,2.54,-5089,0
2018-12-27 19:00,0.00180000,4238000,3.81,-7633,0
2018-12-27 19:00,0.00590000,4238000,12.50,-25017,0
2018-12-27 19:00,0.02000000,4238000,42.38,-84803,0
2018-12-27 19:00,0.00130000,4238000,2.75,-5513,0
2018-12-27 19:00,0.00080000,4238000,1.69,-3392,0
2018-12-27 19:00,0.00100000,4238000,2.11,-4241,0
2018-12-27 19:00,0.00420000,4238000,8.89,-17809,0
2018-12-27 19:00,0.00250000,4238000,5.29,-10601,0
2018-12-27 19:00,0.00210000,4238000,4.44,-8905,0
2018-12-27 19:00,0.00100000,4238000,2.11,-4241,0
2018-12-27 19:00,0.00210000,4238000,4.44,-8905,0
2018-12-27 19:00,0.00560000,4238000,11.86,-23745,0
2018-12-27 19:00,0.00140000,4238000,2.96,-5937,0
2018-12-27 19:00,0.00100000,4238000,2.11,-4241,0
2018-12-27 19:00,0.00120000,4238000,2.54,-5089,0
2018-12-27 19:00,0.00440000,4238000,9.32,-18657,0
2018-12-27 19:00,0.00150000,4238000,3.17,-6361,0
2018-12-27 19:00,0.00060000,4238000,1.27,-2544,0
2018-12-27 19:00,0.00100000,4238000,2.11,-4241,0
2018-12-27 19:00,0.00140000,4238000,2.96,-5937,0
2018-12-27 19:00,0.00227108,4238000,4.81,-9630,0
2018-12-27 19:01,0.10973070,4245000,232.90,465573,1
2018-12-27 19:14,1.32450649,4248000,2813.25,-5629317,0
2018-12-27 19:14,0.20000000,4248000,424.80,-850025,0
2018-12-27 19:14,1.46515552,4253000,3115.65,-6234422,0
2018-12-27 19:14,0.07200000,4253000,153.10,-306370,0
2018-12-27 19:14,0.02953291,4253000,62.80,-125667,0
2018-12-27 19:14,0.83891157,4253000,1783.94,-3569675,0
2018-12-27 19:17,0.00014807,4256000,0.31,629,1
2018-12-27 19:17,0.20000000,4256000,425.60,850774,1
2018-12-27 19:17,0.14971039,4256000,318.58,636848,1
2018-12-27 19:21,0.87540700,4249000,1859.80,3717744,1
2018-12-27 19:21,0.02417281,4249000,51.35,102658,1
2018-12-27 19:26,0.63851782,4246000,1355.57,2709791,1
2018-12-27 19:30,0.00027426,4249000,0.58,1164,1
2018-12-27 19:30,0.00159601,4249000,3.39,6778,1
2018-12-27 19:43,0.70903304,4229000,1499.25,2997001,1
2018-12-27 19:43,0.39749613,4229000,840.50,1680170,1
2018-12-27 19:43,0.47225501,4229000,998.58,1996167,1
2018-12-27 20:07,0.01870000,4234000,39.58,-79216,0
2018-12-27 20:07,0.05700000,4234000,120.66,-241459,0
2018-12-27 20:14,0.00059603,4238000,1.26,2524,1
2018-12-27 20:21,0.00085698,4236000,1.81,3628,1
2018-12-27 20:34,0.53660000,4231000,1135.17,2269219,1
2018-12-27 20:53,0.00220000,4234000,4.65,-9320,0
2018-12-27 20:55,0.00220000,4233000,4.65,9307,1
2018-12-27 21:28,0.00006698,4235000,0.14,-284,0
2018-12-27 22:35,0.03882015,4267000,82.82,-165729,0
2018-12-27 22:35,0.00127985,4267000,2.73,-5464,0
2018-12-27 22:35,0.28736657,4273000,613.95,-1228532,0
2018-12-27 22:35,0.05613118,4273000,119.92,-239969,0
2018-12-27 22:35,0.07853720,4273000,167.79,-335758,0
2018-12-27 22:43,0.03000000,4242000,63.63,127196,1
2018-12-27 22:43,0.06049450,4242000,128.30,256489,1
2018-12-27 22:43,0.37170550,4242000,788.38,1575986,1
2018-12-28 00:00,0.01198928,4239000,25.41,-50848,0
2018-12-28 00:00,3.98801072,4240000,8454.58,-16917620,0
2018-12-28 00:12,0.18909439,4238000,400.69,800981,1
2018-12-28 00:12,0.05865425,4238000,124.28,248452,1
2018-12-28 00:12,0.00031289,4238000,0.66,1325,1
2018-12-28 00:17,0.69085266,4241000,1464.95,2928441,1
2018-12-28 00:17,0.10000000,4241000,212.05,423887,1
2018-12-28 00:23,0.49906810,4230000,1055.52,2110002,1
2018-12-28 00:41,0.01000000,4217000,21.08,42148,1
2018-12-28 00:41,0.00023938,4217000,0.50,1008,1
2018-12-28 00:41,0.00800000,4217000,16.86,33719,1
2018-12-28 00:41,0.21110000,4217000,445.10,889763,1
2018-12-28 00:46,0.02364066,4230000,49.99,99949,1
2018-12-28 00:46,0.02368296,4230000,50.08,100128,1
2018-12-28 00:53,0.00552660,4226000,11.67,23343,1
2018-12-28 00:53,0.00552660,4226000,11.67,23343,1
2018-12-28 00:55,0.00030000,4225000,0.63,1266,1
2018-12-28 00:55,0.05266999,4225000,111.26,222419,1
2018-12-28 00:55,1.10000000,4225000,2323.75,4645176,1
2018-12-28 00:55,0.99197926,4225000,2095.55,4189016,1
2018-12-28 00:55,0.02935075,4225000,62.00,123944,1
2018-12-28 01:00,0.85030000,4228000,1797.53,-3596866,0
2018-12-28 01:09,0.00200000,4237000,4.23,8469,1
2018-12-28 01:10,0.00046938,4240000,0.99,1989,1
2018-12-28 01:10,0.00231472,4240000,4.90,9809,1
2018-12-28 01:10,0.00987442,4240000,20.93,41846,1
2018-12-28 01:10,0.00231472,4240000,4.90,9809,1
2018-12-28 01:10,0.00231447,4240000,4.90,9808,1
2018-12-28 01:14,0.21909900,4241000,464.59,928734,1
2018-12-28 01:14,0.34960441,4241000,741.33,1481930,1
2018-12-28 01:14,0.26229659,4241000,556.19,1111843,1
2018-12-28 03:07,0.47772671,4227000,1009.67,-2020361,0
2018-12-28 03:07,0.06687329,4227000,141.33,-282815,0
2018-12-28 03:08,0.32385157,4227000,684.46,-1369605,0
2018-12-28 03:08,0.32344843,4227000,683.60,-1367901,0
2018-12-28 03:10,0.00323981,4238000,6.86,13723,1
2018-12-28 03:10,0.02500000,4238000,52.97,105897,1
2018-12-28 03:10,0.02500000,4238000,52.97,105897,1
2018-12-28 03:10,0.02892286,4238000,61.28,122513,1
2018-12-28 03:10,0.01415762,4238000,29.99,59969,1
2018-12-28 03:10,0.28232500,4238000,598.24,1195895,1
2018-12-28 03:10,0.01200000,4238000,25.42,50830,1
2018-12-28 03:10,0.10436013,4238000,221.13,442057,1
2018-12-28 03:10,0.20855800,4238000,441.93,883426,1
2018-12-28 03:10,0.02502990,4238000,53.03,106023,1
2018-12-28 03:11,0.00098194,4239000,2.08,4160,1
2018-12-28 03:11,0.00298194,4239000,6.32,12634,1
2018-12-28 03:11,0.10110000,4239000,214.28,428348,1
2018-12-28 03:11,0.09296400,4239000,197.03,393877,1
2018-12-28 03:14,0.00324509,4238000,6.87,13745,1
2018-12-28 03:17,0.00083402,4244000,1.76,3537,1
2018-12-28 03:23,0.26120000,4240000,553.74,1106934,1
2018-12-28 04:01,0.00460000,4240000,9.75,-19514,0
2018-12-28 04:03,3.70975277,4236000,7857.25,-15722370,0
2018-12-28 04:03,0.10833500,4236000,229.45,-459137,0
2018-12-28 04:03,0.17731223,4236000,375.54,-751471,0
2018-12-28 04:04,0.06100000,4231000,129.04,257961,1
2018-12-28 04:06,0.00085775,4208000,1.80,3607,1
2018-12-28 04:06,0.00085775,4208000,1.80,3607,1
2018-12-28 04:06,0.00120353,4208000,2.53,5061,1
2018-12-28 04:06,0.01011436,4208000,21.28,42539,1
2018-12-28 04:06,0.16209537,4200000,340.40,680460,1
2018-12-28 04:06,0.00476190,4200000,9.99,19989,1
2018-12-28 04:06,0.01000000,4200000,21.00,41979,1
2018-12-28 04:06,0.06710930,4200000,140.92,281718,1
2018-12-28 04:06,0.23858267,4200000,501.02,1001546,1
2018-12-28 04:06,0.01126823,4200000,23.66,47302,1
2018-12-28 04:06,0.02171228,4200000,45.59,91145,1
2018-12-28 04:06,0.45016554,4200000,945.34,1889749,1
2018-12-28 04:06,0.00085932,4200000,1.80,3607,1
2018-12-28 04:06,0.00231064,4200000,4.85,9699,1
2018-12-28 04:07,0.06283086,4192000,131.69,263255,1
2018-12-28 04:07,0.02133766,4191000,44.71,89381,1
2018-12-28 04:07,0.02100000,4191000,44.00,87966,1
2018-12-28 04:07,0.00980000,4191000,20.53,41051,1
2018-12-28 04:09,0.00111333,4187000,2.33,4659,1
2018-12-28 04:09,0.05500000,4187000,115.14,230169,1
2018-12-28 04:11,0.05300000,4172000,110.55,221005,1
2018-12-28 04:11,0.11130384,4172000,232.17,464127,1
2018-12-28 04:11,0.00239047,4171000,4.98,9965,1
2018-12-28 04:11,0.42814096,4170000,892.67,1784455,1
2018-12-28 04:11,0.10000000,4170000,208.50,416791,1
2018-12-28 04:11,0.05000000,4170000,104.25,208395,1
2018-12-28 04:11,0.30000000,4170000,625.50,1250374,1
2018-12-28 04:11,1.74116473,4170000,3630.32,7257026,1
2018-12-28 04:11,2.99465684,4172000,6246.85,-12499956,0
2018-12-28 04:17,0.22247595,4166000,463.41,-927299,0
2018-12-28 04:17,0.18576800,4166000,386.95,-774297,0
2018-12-28 04:23,0.00174622,4165000,3.63,7269,1
2018-12-28 04:37,0.00058421,4152000,1.21,2424,1
2018-12-28 04:37,0.00600000,4152000,12.45,24899,1
2018-12-28 04:44,0.06130610,4164000,127.63,255150,1
2018-12-28 04:58,0.01359952,4156000,28.25,56491,1
2018-12-28 05:03,0.02500000,4163000,52.03,104022,1
2018-12-28 05:14,0.00966731,4148000,20.05,40079,1
2018-12-28 05:15,0.78631354,4150000,1631.60,3261569,1
2018-12-28 05:15,0.27261500,4150000,565.67,1130786,1
2018-12-28 05:15,0.17190000,4150000,356.69,713028,1
2018-12-28 05:15,0.28600000,4150000,593.45,1186306,1
2018-12-28 05:15,0.07078000,4150000,146.86,293590,1
2018-12-28 05:17,1.10000000,4155000,2285.25,4568214,1
2018-12-28 05:18,0.05423812,4154000,112.65,225192,1
2018-12-28 05:18,0.36400000,4154000,756.02,1511299,1
2018-12-28 05:18,0.17916188,4154000,372.11,743866,1
2018-12-28 05:31,0.21200000,4139000,438.73,-877907,0
2018-12-28 05:34,0.05999984,4143000,124.28,248455,1
2018-12-28 05:34,0.15197434,4143000,314.81,629314,1
2018-12-28 05:36,2.37730732,4137000,4917.46,-9839838,0
2018-12-28 05:36,0.03000000,4137000,62.05,-124172,0
2018-12-28 05:40,0.10000000,4129000,206.45,412693,1
2018-12-28 05:40,0.96000000,4129000,1981.92,3961858,1
2018-12-28 05:40,0.00240261,4129000,4.96,9915,1
2018-12-28 05:40,0.00239968,4129000,4.95,9903,1
2018-12-28 05:40,0.00678450,4129000,14.00,27999,1
2018-12-28 05:40,0.00240261,4129000,4.96,9915,1
2018-12-28 05:43,0.06100000,4123000,125.75,-251629,0
2018-12-28 05:47,0.00008018,4110000,0.16,-330,0
2018-12-28 05:47,0.00850912,4110000,17.48,-34990,0
2018-12-28 05:47,0.00195582,4110000,4.01,-8043,0
2018-12-28 05:47,0.00055846,4114000,1.14,-2299,0
2018-12-28 05:47,0.00694154,4114000,14.27,-28572,0
2018-12-28 05:50,1.41240000,4115000,2906.01,5809119,1
2018-12-28 05:59,1.31127000,4105000,2691.38,-5385455,0
2018-12-28 05:59,0.34697023,4105000,712.15,-1425025,0
2018-12-28 05:59,0.06595977,4105000,135.38,-270901,0
2018-12-28 06:00,0.49860011,4100000,1022.13,2043238,1
2018-12-28 06:00,1.22559989,4100000,2512.47,5022447,1
2018-12-28 06:11,0.01560000,4122000,32.15,-64336,0
2018-12-28 06:27,0.01560000,4123000,32.15,64286,1
2018-12-28 06:38,0.00220000,4104000,4.51,-9034,0
2018-12-28 06:49,0.00220000,4100000,4.51,9015,1
2018-12-28 07:33,0.01700000,4074000,34.62,-69293,0
2018-12-28 07:41,0.00005403,4078000,0.11,-221,0
2018-12-28 07:41,2.35872044,4080000,4811.78,-9628392,0
2018-12-28 07:41,1.62417956,4080000,3313.32,-6629966,0
2018-12-28 07:56,0.42757589,4106000,877.81,1754748,1
2018-12-28 07:56,0.10600000,4106000,217.61,435018,1
2018-12-28 07:56,0.07300000,4106000,149.86,299588,1
2018-12-28 07:56,0.16666773,4106000,342.16,683995,1
2018-12-28 08:01,0.77119899,4098000,1580.18,3158793,1
2018-12-28 08:01,0.00280752,4098000,5.75,11499,1
2018-12-28 08:01,0.04000000,4098000,81.96,163838,1
2018-12-28 08:01,0.12197338,4098000,249.92,499596,1
2018-12-28 08:02,1.10000000,4099000,2254.45,4506645,1
2018-12-28 08:02,1.10000000,4099000,2254.45,4506645,1
2018-12-28 08:02,0.09055800,4099000,185.59,371011,1
2018-12-28 08:23,3.99980000,4097000,8193.59,-16395375,0
2018-12-28 08:24,0.06299038,4108000,129.38,258635,1
2018-12-28 08:27,0.15480436,4111000,318.20,636082,1
2018-12-28 08:27,0.42635154,4111000,876.36,1751854,1
2018-12-28 08:27,0.06308199,4111000,129.66,259200,1
2018-12-28 08:27,0.40000000,4111000,822.20,1643577,1
2018-12-28 08:27,0.04300000,4111000,88.38,176684,1
2018-12-28 08:27,1.14521154,4111000,2353.98,4705610,1
2018-12-28 08:27,0.29586026,4111000,608.14,1215673,1
2018-12-28 08:27,0.00780000,4116000,16.05,-32121,0
2018-12-28 08:27,0.32526140,4116000,669.38,1338106,1
2018-12-28 08:28,0.00000532,4115000,0.01,21,1
2018-12-28 08:28,0.06299825,4115000,129.61,259108,1
2018-12-28 08:28,0.66733183,4115000,1373.03,2744697,1
2018-12-28 08:40,0.04180000,4126000,86.23,-172553,0
2018-12-28 08:44,0.08400000,4124000,173.20,-346590,0
2018-12-28 08:44,0.00070000,4124000,1.44,-2889,0
2018-12-28 09:06,0.05670000,4120000,116.80,-233721,0
2018-12-28 09:06,0.01521985,4133000,31.45,-62935,0
2018-12-28 09:06,2.74117625,4136000,5668.75,-11343174,0
2018-12-28 09:06,0.03131000,4136000,64.74,-129563,0
2018-12-28 09:12,0.00473893,4128000,9.78,19552,1
2018-12-28 09:34,0.67145522,4107000,1378.83,2756287,1
2018-12-28 09:34,0.07000000,4107000,143.74,287346,1
2018-12-28 09:34,0.05800000,4107000,119.10,238086,1
2018-12-28 09:35,0.00430000,4101000,8.81,17625,1
2018-12-28 09:35,0.98000000,4101000,2009.49,4016970,1
2018-12-28 09:41,0.04171644,4093000,85.37,170660,1
2018-12-28 09:41,1.50158356,4093000,3072.99,6142908,1
