timestamp,quantity,price,fee,amount,side
2018-06-01 00:00:50,359.93268695,13570,0,4884287,1
2018-06-01 00:01:34,22.075,13590,0,299999,1
2018-06-01 00:01:34,779.4174,13590,0,10592282,1
2018-06-01 00:01:34,22.075,13590,0,299999,1
2018-06-01 00:01:45,1200.0,13570,0,-16284000,0
2018-06-01 00:04:09,1200.0,13570,0,16284000,1
2018-06-01 00:33:09,28.9587,13510,0,-391232,0
2018-06-01 00:44:13,28.2853,13470,0,381003,1
2018-06-01 00:44:13,0.6734,13470,0,9071,1
2018-06-01 00:53:36,225.84570044,13510,0,-3051175,0
2018-06-01 00:53:36,1.0,13510,0,-13510,0
2018-06-01 00:53:36,18.0,13510,0,-243180,0
2018-06-01 00:53:36,3.2277,13510,0,-43606,0
2018-06-01 00:53:37,39.99999955,13510,0,-540400,0
2018-06-01 00:55:06,396.0955,13510,0,-5351250,0
2018-06-01 01:22:28,0.5,13470,0,6735,1
2018-06-01 01:38:18,59.4933,13510,0,803754,1
2018-06-01 01:39:44,87.618,13520,0,1184595,1
2018-06-01 01:39:56,87.628,13520,0,1184731,1
2018-06-01 01:40:02,87.628,13520,0,1184731,1
2018-06-01 01:44:20,1.002,13540,0,13567,1
2018-06-01 01:44:31,5.0,13540,0,67700,1
2018-06-01 01:45:00,5.0,13540,0,67700,1
2018-06-01 01:45:01,131.2795,13540,0,1777524,1
2018-06-01 01:49:50,10.0,13550,0,135500,1
2018-06-01 01:54:42,0.0046,13540,0,62,1
2018-06-01 02:20:10,209.0155,13550,0,2832160,1
2018-06-01 02:29:49,133.5363,13610,0,-1817429,0
2018-06-01 02:29:49,994.0039,13610,0,-13528393,0
2018-06-01 02:29:49,72.4598,13610,0,-986178,0
2018-06-01 02:31:44,3.1149,13630,0,42456,1
2018-06-01 02:31:44,537.3176,13630,0,7323639,1
2018-06-01 02:31:44,431.904,13630,0,5886852,1
2018-06-01 02:31:46,35.8723,13620,0,488581,1
2018-06-01 02:31:46,87.434,13620,0,1190851,1
2018-06-01 02:32:03,130.9432,13650,0,-1787375,0
2018-06-01 02:32:06,382.149,13630,0,-5208691,0
2018-06-01 02:32:22,7.4637,13600,0,101506,1
2018-06-01 02:32:23,50.0,13600,0,680000,1
2018-06-01 02:32:23,70.0,13600,0,952000,1
2018-06-01 02:32:32,52.2556,13610,0,-711199,0
2018-06-01 02:32:58,90.1379,13630,0,-1228580,0
2018-06-01 02:33:21,632.3792,13630,0,8619328,1
2018-06-01 02:36:25,244.0195,13670,0,-3335747,0
2018-06-01 02:36:26,95.5247,13670,0,-1305823,0
2018-06-01 02:36:26,69.6753,13670,0,-952461,0
2018-06-01 02:36:26,158.624,13670,0,-2168390,0
2018-06-01 02:36:26,460.3916,13670,0,-6293553,0
2018-06-01 02:36:26,166.2084,13670,0,-2272069,0
2018-06-01 02:38:29,85.746,13690,0,1173863,1
2018-06-01 02:38:30,1.2776,13690,0,17490,1
2018-06-01 02:39:52,100.0,13710,0,1371000,1
2018-06-01 02:39:53,121.5026,13710,0,1665801,1
2018-06-01 02:39:53,0.81,13710,0,11105,1
2018-06-01 02:41:32,55.7224,13750,0,766183,1
2018-06-01 02:41:32,369.2762,13750,0,5077548,1
2018-06-01 02:41:36,17.9593,13750,0,246940,1
2018-06-01 02:42:08,0.0001,13750,0,-1,0
2018-06-01 02:42:30,182.1925,13770,0,-2508791,0
2018-06-01 02:42:30,14.7882,13770,0,-203634,0
2018-06-01 02:42:30,560.8698,13770,0,-7723177,0
2018-06-01 02:44:15,59.7382,13830,0,826179,1
2018-06-01 02:44:15,463.6164,13830,0,6411815,1
2018-06-01 02:44:15,63.8972,13830,0,883698,1
2018-06-01 02:44:15,0.2658,13830,0,3676,1
2018-06-01 02:45:45,211.3098,13800,0,2916075,1
2018-06-01 02:45:45,19.0,13800,0,262200,1
2018-06-01 02:46:19,32.7147,13830,0,-452444,0
2018-06-01 02:46:32,411.887,13830,0,5696397,1
2018-06-01 02:46:32,3.0003,13830,0,41494,1
2018-06-01 02:46:52,242.1165,13880,0,-3360577,0
2018-06-01 02:46:53,738.78,13880,0,-10254266,0
2018-06-01 02:46:53,50.0,13880,0,-694000,0
2018-06-01 02:46:53,3.644,13880,0,-50579,0
2018-06-01 02:46:53,160.4595,13880,0,-2227178,0
2018-06-01 02:46:53,5.0,13880,0,-69400,0
2018-06-01 02:49:22,339.4574,13800,0,4684512,1
2018-06-01 02:49:30,68.39,13800,0,943782,1
2018-06-01 02:52:51,187.1796,13780,0,2579335,1
2018-06-01 03:02:13,10.3779,13840,0,143630,1
2018-06-01 03:02:14,594.5951,13840,0,8229196,1
2018-06-01 03:07:23,147.4036,13780,0,-2031222,0
2018-06-01 03:07:37,21.4656,13750,0,-295152,0
2018-06-01 03:08:24,85.879,13770,0,-1182554,0
2018-06-01 03:08:25,7.2412,13770,0,-99711,0
2018-06-01 03:08:28,148.9697,13750,0,-2048333,0
2018-06-01 03:08:51,789.0409,13750,0,-10849312,0
2018-06-01 03:22:44,306.4647,13750,0,4213890,1
2018-06-01 03:22:44,24.6487,13750,0,338920,1
2018-06-01 03:27:04,250.0,13750,0,3437500,1
2018-06-01 03:32:34,179.4392,13760,0,2469083,1
2018-06-01 03:32:35,250.0,13760,0,3440000,1
2018-06-01 03:49:15,189.4474,13750,0,2604902,1
2018-06-01 04:00:46,20.8515,13750,0,-286708,0
2018-06-01 04:09:08,671.0834,13700,0,-9193843,0
2018-06-01 04:09:08,24.9606,13700,0,-341960,0
2018-06-01 04:09:08,378.4229,13700,0,-5184394,0
2018-06-01 04:09:08,104.6816,13700,0,-1434138,0
2018-06-01 04:38:43,10.0,13660,0,136600,1
2018-06-01 04:38:43,2.561,13660,0,34983,1
2018-06-01 04:39:21,888.9002,13670,0,12151266,1
2018-06-01 04:39:21,8.03,13670,0,109770,1
2018-06-01 04:44:38,2.2686,13680,0,-31034,0
2018-06-01 04:44:44,51.0817,13690,0,-699308,0
2018-06-01 04:44:44,73.3023,13690,0,-1003508,0
2018-06-01 04:45:55,671.2678,13700,0,-9196369,0
2018-06-01 04:48:52,44.89386413,13690,0,614597,1
2018-06-01 05:02:40,1.5378,13650,0,20991,1
2018-06-01 05:02:41,1.8,13650,0,24570,1
2018-06-01 05:02:41,2.0,13650,0,27300,1
2018-06-01 05:02:41,2.6,13650,0,35490,1
2018-06-01 05:02:41,2.0,13650,0,27300,1
2018-06-01 05:02:41,5.6,13650,0,76440,1
2018-06-01 05:02:50,378.753,13640,0,5166191,1
2018-06-01 05:02:50,14.1238,13640,0,192649,1
2018-06-01 05:02:50,165.9331,13640,0,2263327,1
2018-06-01 05:03:15,366.1881,13650,0,-4998468,0
2018-06-01 05:06:48,202.5609,13670,0,2769008,1
2018-06-01 05:18:01,632.8148,13680,0,8656906,1
2018-06-01 06:17:51,20.9441,13700,0,-286934,0
2018-06-01 06:19:04,20.9441,13700,0,286934,1
2018-06-01 06:19:33,70.8927,13690,0,-970521,0
2018-06-01 06:20:17,70.8927,13710,0,971939,1
2018-06-01 06:48:11,57.45418978,13700,0,-787122,0
2018-06-01 06:51:59,57.4542,13710,0,787697,1
2018-06-01 06:56:32,1200.0,13680,0,-16416000,0
2018-06-01 07:07:41,54.886,13580,0,745352,1
2018-06-01 07:14:10,99.2174,13550,0,1344396,1
2018-06-01 07:14:10,699.4931,13550,0,9478132,1
2018-06-01 07:14:10,33.2563,13550,0,450623,1
2018-06-01 07:14:10,2.7187,13550,0,36838,1
2018-06-01 07:14:10,25.0,13550,0,338750,1
2018-06-01 07:14:11,1.96,13550,0,26558,1
2018-06-01 07:14:13,0.6,13550,0,8130,1
2018-06-01 07:14:31,86.2998,13560,0,-1170225,0
2018-06-01 07:14:31,193.1793,13560,0,-2619511,0
2018-06-01 07:14:31,119.0773,13560,0,-1614688,0
2018-06-01 07:14:32,43.1017,13560,0,-584459,0
2018-06-01 07:23:19,724.5266,13560,0,9824581,1
2018-06-01 07:24:58,844.7622,13570,0,-11463423,0
2018-06-01 07:35:57,775.4203,13540,0,10499191,1
2018-06-01 07:35:57,22.3207,13540,0,302222,1
2018-06-01 07:35:57,47.0212,13540,0,636667,1
2018-06-01 07:37:24,166.0669,13510,0,-2243564,0
2018-06-01 07:37:34,10.0,13530,0,-135300,0
2018-06-01 07:37:40,89.9864,13530,0,-1217516,0
2018-06-01 07:37:41,281.743,13530,0,-3811983,0
2018-06-01 07:37:46,222.1111,13530,0,-3005163,0
2018-06-01 07:39:26,231.5581,13540,0,3135297,1
2018-06-01 07:39:42,48.2826,13520,0,-652781,0
2018-06-01 07:41:46,272.1154,13520,0,-3679000,0
2018-06-01 07:52:59,151.7739,13560,0,2058054,1
2018-06-01 07:53:00,87.112,13560,0,1181239,1
2018-06-01 07:53:03,153.1,13560,0,2076036,1
2018-06-01 07:53:37,70.8654,13560,0,960935,1
2018-06-01 07:55:10,395.896,13550,0,5364391,1
2018-06-01 08:08:13,0.1,13600,0,-1360,0
2018-06-01 08:17:25,57.5839,13570,0,-781414,0
2018-06-01 08:17:29,97.164,13570,0,-1318515,0
2018-06-01 08:20:55,9.5,13570,0,128915,1
2018-06-01 08:26:07,145.3479,13540,0,1968011,1
2018-06-01 08:40:39,53.34,13520,0,-721157,0
2018-06-01 08:40:39,46.0,13520,0,-621920,0
2018-06-01 08:42:52,99.34,13520,0,1343077,1
2018-06-01 09:41:55,97.33,13540,0,-1317848,0
2018-06-01 09:47:53,97.33,13510,0,1314928,1
2018-06-01 10:00:37,110.0,13520,0,-1487200,0
2018-06-01 10:01:05,59.3785,13520,0,802797,1
2018-06-01 10:07:35,0.0001,13460,0,-1,0
2018-06-01 10:08:02,50.6216,13440,0,680354,1
2018-06-01 10:13:29,96.7384,13460,0,-1302099,0
2018-06-01 10:13:29,200.0,13460,0,-2692000,0
2018-06-01 10:13:29,10.0,13460,0,-134600,0
2018-06-01 10:13:33,35.9139,13460,0,-483401,0
2018-06-01 10:19:03,179.4596,13460,0,-2415526,0
2018-06-01 10:22:10,677.8881,13500,0,-9151489,0
2018-06-01 10:23:24,172.9823,13510,0,2336991,1
2018-06-01 10:29:59,379.28214201,13520,0,5127895,1
2018-06-01 10:30:27,269.1236,13510,0,3635860,1
2018-06-01 10:30:43,25.0429,13500,0,338079,1
2018-06-01 10:30:43,11.5889,13500,0,156450,1
2018-06-01 10:30:43,0.1,13500,0,1350,1
2018-06-01 10:30:44,10.0,13500,0,135000,1
2018-06-01 10:30:44,10.0,13500,0,135000,1
2018-06-01 10:30:44,99.4857,13500,0,1343057,1
2018-06-01 10:35:14,222.3945,13480,0,2997878,1
2018-06-01 10:36:37,1.8598,13490,0,-25089,0
2018-06-01 10:36:55,1.8598,13480,0,25070,1
2018-06-01 10:38:17,1200.0,13450,0,-16140000,0
2018-06-01 10:44:20,1200.0,13440,0,16128000,1
2018-06-01 10:49:32,8.3164,13460,0,-111939,0
2018-06-01 10:49:32,49.645,13460,0,-668222,0
2018-06-01 10:49:32,252.0,13460,0,-3391920,0
2018-06-01 10:49:32,93.159,13460,0,-1253920,0
2018-06-01 10:49:32,157.9178,13460,0,-2125574,0
2018-06-01 10:49:32,344.3824,13460,0,-4635387,0
2018-06-01 10:51:15,794.8291,13430,0,10674555,1
2018-06-01 10:51:52,23.64889277,13400,0,316895,1
2018-06-01 10:51:52,86.94260722,13400,0,1165031,1
2018-06-01 10:52:47,128.9762,13430,0,-1732150,0
2018-06-01 10:52:47,1071.0238,13430,0,-14383850,0
2018-06-01 10:57:33,1.0,13420,0,13420,1
2018-06-01 10:57:33,0.7451,13420,0,9999,1
2018-06-01 11:02:18,37.7063,13440,0,506773,1
2018-06-01 11:02:19,1160.5486,13440,0,15597773,1
2018-06-01 11:29:07,50.0,13480,0,-674000,0
2018-06-01 11:29:36,9.436e-05,13480,0,-1,0
2018-06-01 11:32:16,31.8695,13490,0,-429920,0
2018-06-01 11:32:17,4.8088,13490,0,-64871,0
2018-06-01 11:32:49,1113.3216,13450,0,-14974176,0
2018-06-01 11:49:47,40.7774,13480,0,549679,1
2018-06-01 11:59:42,47.2997,13490,0,638073,1
2018-06-01 12:12:26,1111.9229,13480,0,14988721,1
2018-06-01 13:04:27,243.6753,13360,0,-3255502,0
2018-06-01 13:06:43,956.3247,13400,0,-12814751,0
2018-06-01 13:12:38,1200.0,13400,0,16080000,1
2018-06-01 13:14:52,88.9135,13430,0,-1194108,0
2018-06-01 13:14:56,1111.0864,13430,0,-14921890,0
2018-06-01 13:24:38,0.01,13420,0,134,1
2018-06-01 13:24:38,148.4185,13420,0,1991776,1
2018-06-01 13:24:53,37.3134,13400,0,500000,1
2018-06-01 13:24:53,42.8792,13400,0,574581,1
2018-06-01 13:24:53,88.348,13400,0,1183863,1
2018-06-01 13:24:53,6.2,13400,0,83080,1
2018-06-01 13:24:58,505.7653,13390,0,6772197,1
2018-06-01 13:24:58,371.0655,13390,0,4968567,1
2018-06-01 13:25:30,68.6968,13400,0,-920537,0
2018-06-01 13:30:00,2.0,13380,0,-26760,0
2018-06-01 13:31:24,43.1827,13390,0,-578216,0
2018-06-01 13:31:24,321.13,13390,0,-4299931,0
2018-06-01 13:31:29,0.0001,13400,0,-1,0
2018-06-01 13:31:29,275.2,13400,0,-3687680,0
2018-06-01 13:31:29,74.9999,13400,0,-1004999,0
2018-06-01 13:37:55,785.2095,13380,0,10506103,1
2018-06-01 13:59:04,1.34208424,13330,0,-17890,0
2018-06-01 14:02:58,1.3421,13350,0,17917,1
2018-06-01 14:48:36,219.4398,13190,0,-2894411,0
2018-06-01 14:48:36,47.1123,13190,0,-621411,0
2018-06-01 14:48:44,408.6197,13200,0,-5393780,0
2018-06-01 14:48:44,240.0,13200,0,-3168000,0
2018-06-01 14:48:44,16.3777,13200,0,-216186,0
2018-06-01 14:48:45,268.4505,13200,0,-3543547,0
2018-06-01 14:55:04,7.8965,13260,0,104708,1
2018-06-01 15:21:19,197.6152,13370,0,2642115,1
2018-06-01 15:24:43,731.6388,13410,0,9811276,1
2018-06-01 15:24:44,2.0,13410,0,26820,1
2018-06-01 15:25:06,237.4951,13410,0,3184809,1
2018-06-01 15:25:07,23.3544,13410,0,313183,1
2018-06-01 16:00:52,1200.0,13450,0,-16140000,0
2018-06-01 16:01:28,336.85,13450,0,4530633,1
2018-06-01 16:01:28,106.076,13450,0,1426722,1
2018-06-01 16:01:37,646.2018,13440,0,8684952,1
2018-06-01 16:01:38,29.293,13440,0,393698,1
2018-06-01 16:03:24,81.5792,13460,0,1098056,1
2018-06-01 16:05:22,1200.0,13500,0,-16200000,0
2018-06-01 16:07:39,11.9303,13520,0,161298,1
2018-06-01 16:07:39,8.9906,13520,0,121553,1
2018-06-01 16:08:47,1179.0791,13520,0,15941149,1
2018-06-01 16:11:27,1200.0,13540,0,-16248000,0
2018-06-01 16:12:57,859.474,13550,0,11645873,1
2018-06-01 16:12:57,28.6853,13550,0,388686,1
2018-06-01 16:13:01,6.644,13540,0,89960,1
2018-06-01 16:13:01,37.3892,13540,0,506250,1
2018-06-01 16:13:01,70.0628,13540,0,948650,1
2018-06-01 16:13:01,197.7447,13540,0,2677463,1
2018-06-01 16:14:57,46.235,13490,0,-623710,0
2018-06-01 16:15:05,46.235,13500,0,624173,1
2018-06-01 16:49:51,25.8296,13480,0,-348183,0
2018-06-01 16:49:51,15.8392,13480,0,-213512,0
2018-06-01 16:50:27,41.6688,13470,0,561279,1
2018-06-01 17:03:16,23.0852,13440,0,-310265,0
2018-06-01 17:03:17,8.9366,13440,0,-120108,0
2018-06-01 17:04:40,32.0218,13410,0,429412,1
2018-06-01 17:05:53,7.069e-05,13410,0,-1,0
2018-06-01 17:59:35,1200.0,13510,0,-16212000,0
2018-06-01 18:01:06,348.5667,13470,0,4695193,1
2018-06-01 18:01:06,7.4753,13470,0,100692,1
2018-06-01 18:01:14,280.0,13460,0,3768800,1
2018-06-01 18:01:14,22.5113,13460,0,303002,1
2018-06-01 18:01:14,13.2548,13460,0,178410,1
2018-06-01 18:01:25,117.4552,13470,0,1582122,1
2018-06-01 18:01:25,410.7367,13470,0,5532623,1
2018-06-01 18:28:22,979.0943,13400,0,-13119864,0
2018-06-01 18:42:43,120.0206,13390,0,1607076,1
2018-06-01 18:43:08,61.8146,13380,0,827079,1
2018-06-01 18:43:08,15.8938,13380,0,212659,1
2018-06-01 18:43:08,500.0,13380,0,6690000,1
2018-06-01 19:00:01,11.0,13360,0,146960,1
2018-06-01 19:00:01,78.5527,13360,0,1049464,1
2018-06-01 19:00:01,38.1935,13360,0,510265,1
2018-06-01 19:00:01,2.0,13360,0,26720,1
2018-06-01 19:00:02,30.7607,13360,0,410963,1
2018-06-01 19:00:02,62.7,13360,0,837672,1
2018-06-01 19:00:02,7.2602,13360,0,96996,1
2018-06-01 19:00:02,50.8982,13360,0,680000,1
2018-06-01 19:01:23,36.5798,13330,0,-487609,0
2018-06-01 19:01:29,252.0,13340,0,-3361680,0
2018-06-01 19:01:34,71.404,13350,0,-953243,0
2018-06-01 19:05:32,8.6225,13350,0,115110,1
2018-06-01 19:27:16,201.93008116,13380,0,2701824,1
2018-06-01 19:28:22,86.11827977,13350,0,1149679,1
2018-06-01 19:28:22,1.0,13350,0,13350,1
2018-06-01 19:28:23,28.01792022,13350,0,374039,1
2018-06-01 19:28:23,7.2978,13350,0,97426,1
2018-06-01 19:28:23,2.3882,13350,0,31882,1
2018-06-01 19:28:23,24.609,13350,0,328530,1
2018-06-01 20:04:05,181.6707,13390,0,-2432571,0
2018-06-01 20:04:05,356.1629,13390,0,-4769021,0
2018-06-01 20:04:06,1.2044,13390,0,-16127,0
2018-06-01 20:04:06,388.586,13390,0,-5203167,0
2018-06-01 20:04:51,49.3147,13400,0,660817,1
2018-06-01 20:20:00,336.4138,13430,0,4518037,1
2018-06-01 20:20:00,1.0,13430,0,13430,1
2018-06-01 20:30:49,0.5,13400,0,6700,1
2018-06-01 20:30:53,82.8978,13400,0,1110831,1
2018-06-01 20:42:10,23.009,13400,0,308321,1
2018-06-01 20:42:10,434.4887,13400,0,5822149,1
2018-06-01 20:54:20,0.367,13270,0,-4870,0
2018-06-01 20:54:51,36.1308,13260,0,-479094,0
2018-06-01 20:54:52,84.2988,13260,0,-1117802,0
2018-06-01 20:54:52,46.2306,13260,0,-613018,0
2018-06-01 20:55:37,167.0272,13250,0,2213110,1
2018-06-01 20:56:49,1200.0,13250,0,-15900000,0
2018-06-01 20:58:16,447.0211,13210,0,5905149,1
2018-06-01 20:58:16,50.0,13210,0,660500,1
2018-06-01 20:58:16,1.0,13210,0,13210,1
2018-06-01 20:58:16,100.0,13210,0,1321000,1
2018-06-01 20:58:17,194.6496,13210,0,2571321,1
2018-06-01 20:58:17,12.211,13210,0,161307,1
2018-06-01 20:58:17,2.06,13210,0,27213,1
2018-06-01 20:58:17,55.1929,13210,0,729098,1
2018-06-01 20:58:17,10.0,13210,0,132100,1
2018-06-01 20:58:17,50.0,13210,0,660500,1
2018-06-01 20:58:17,124.2672,13210,0,1641570,1
2018-06-01 20:58:17,153.5982,13210,0,2029032,1
2018-06-01 21:00:28,251.1757,13210,0,-3318031,0
2018-06-01 21:00:28,647.1432,13210,0,-8548762,0
2018-06-01 21:00:28,0.3994,13210,0,-5276,0
2018-06-01 21:08:21,546.5849,13240,0,7236784,1
2018-06-01 21:08:26,352.1334,13240,0,4662246,1
2018-06-01 21:13:53,232.52952024,13240,0,-3078691,0
2018-06-01 21:13:53,20.0,13240,0,-264800,0
2018-06-01 21:13:54,18.86457975,13240,0,-249767,0
2018-06-01 21:13:59,63.7505,13250,0,-844694,0
2018-06-01 21:13:59,177.1385,13250,0,-2347085,0
2018-06-01 21:13:59,30.5888,13250,0,-405302,0
2018-06-01 21:14:00,657.1281,13250,0,-8706947,0
2018-06-01 21:16:28,0.5,13230,0,6615,1
2018-06-01 21:29:26,14.1049,13240,0,186749,1
2018-06-01 21:29:26,122.8185,13240,0,1626117,1
2018-06-01 21:37:14,812.6627,13190,0,10719021,1
2018-06-01 21:37:15,249.9139,13190,0,3296364,1
2018-06-01 21:37:43,1200.0,13210,0,-15852000,0
2018-06-01 21:46:41,205.20505204,13210,0,2710759,1
2018-06-01 21:46:41,10.0,13210,0,132100,1
2018-06-01 21:54:09,984.795,13260,0,13058382,1
2018-06-01 22:05:17,637.9832,13220,0,-8434138,0
2018-06-01 22:09:59,0.2214,13240,0,2931,1
2018-06-01 22:11:07,54.7041,13240,0,724282,1
2018-06-01 22:12:11,4.73846163,13250,0,62785,1
2018-06-01 22:12:57,0.3196,13250,0,4235,1
2018-06-01 22:12:57,34.9181,13250,0,462665,1
2018-06-01 22:28:46,300.0,13270,0,3981000,1
2018-06-01 22:28:51,243.0815,13270,0,3225692,1
2018-06-01 22:43:05,14.0932,13270,0,-187017,0
2018-06-01 22:46:04,230.2051,13260,0,-3052520,0
2018-06-01 22:51:11,955.7017,13270,0,-12682162,0
2018-06-01 22:55:16,206.2953,13270,0,2737539,1
2018-06-01 23:00:31,0.0029,13270,0,38,1
2018-06-01 23:24:26,64.2636,13270,0,852778,1
2018-06-01 23:24:26,224.5754,13270,0,2980116,1
2018-06-01 23:27:07,81.8966,13280,0,1087587,1
2018-06-01 23:32:52,17.7983,13280,0,236361,1
2018-06-01 23:32:52,3.7622,13280,0,49962,1
2018-06-01 23:42:07,23.25542626,13290,0,309064,1
2018-06-01 23:42:08,410.7249,13290,0,5458534,1
2018-06-01 23:42:31,167.4254,13290,0,2225084,1
2018-06-02 00:17:39,297.5568,13250,0,-3942628,0
2018-06-02 00:19:43,40.8358,13250,0,-541074,0
2018-06-02 00:24:04,83.1923,13270,0,-1103962,0
2018-06-02 00:24:28,6.7715,13280,0,-89926,0
2018-06-02 00:24:28,524.2199,13280,0,-6961640,0
2018-06-02 00:24:28,86.3989,13280,0,-1147377,0
2018-06-02 00:24:28,49.2953,13280,0,-654642,0
2018-06-02 00:24:28,39.9553,13280,0,-530606,0
2018-06-02 00:24:28,0.5,13280,0,-6640,0
2018-06-02 00:24:28,71.1741,13280,0,-945192,0
2018-06-02 00:24:28,0.1,13280,0,-1328,0
2018-06-02 00:27:43,45.002,13280,0,597627,1
2018-06-02 00:41:22,185.16104846,13330,0,2468196,1
2018-06-02 00:42:57,244.0053,13310,0,3247711,1
2018-06-02 00:44:34,725.8316,13300,0,9653560,1
2018-06-02 01:07:09,270.3764,13300,0,-3596006,0
2018-06-02 01:07:09,89.213,13280,0,-1184749,0
2018-06-02 01:07:10,280.0,13300,0,-3724000,0
2018-06-02 01:07:11,403.127,13300,0,-5361589,0
2018-06-02 01:16:05,26.6,13360,0,355376,1
2018-06-02 01:16:26,238.8919,13350,0,3189207,1
2018-06-02 01:16:44,0.05,13370,0,669,1
2018-06-02 01:16:50,199.5,13370,0,2667315,1
2018-06-02 01:17:22,58.18,13370,0,777867,1
2018-06-02 01:17:27,62.9833,13370,0,842087,1
2018-06-02 01:17:27,2.7777,13370,0,37138,1
2018-06-02 01:20:31,11.8282353,13370,0,158144,1
2018-06-02 01:21:26,441.9052,13370,0,5908273,1
2018-06-02 01:33:11,13.8012,13300,0,-183556,0
2018-06-02 01:33:11,0.7264,13300,0,-9661,0
2018-06-02 01:35:48,10.1441,13320,0,-135119,0
2018-06-02 01:36:13,24.6717,13340,0,329120,1
2018-06-02 01:43:35,1.0,13390,0,-13390,0
2018-06-02 01:43:35,500.0,13390,0,-6695000,0
2018-06-02 01:43:35,627.35743959,13390,0,-8400316,0
2018-06-02 01:43:35,71.6425604,13390,0,-959294,0
2018-06-02 01:45:31,361.47904328,13400,0,4843819,1
2018-06-02 01:45:31,150.3,13400,0,2014020,1
2018-06-02 01:45:34,21.0881,13390,0,282370,1
2018-06-02 01:45:34,36.8064,13390,0,492838,1
2018-06-02 01:45:35,70.0,13390,0,937300,1
2018-06-02 01:45:48,1.4,13410,0,-18774,0
2018-06-02 01:45:48,1.2,13410,0,-16092,0
2018-06-02 01:45:48,1.2,13410,0,-16092,0
2018-06-02 01:46:15,564.1265,13400,0,7559295,1
2018-06-02 01:55:45,13.316,13450,0,-179100,0
2018-06-02 01:55:45,3.1,13450,0,-41695,0
2018-06-02 01:59:53,1183.584,13430,0,-15895533,0
2018-06-02 02:00:39,200.17,13450,0,2692287,1
2018-06-02 02:00:39,51.9,13450,0,698055,1
2018-06-02 02:00:57,233.5873,13460,0,3144085,1
2018-06-02 02:14:04,714.3427,13400,0,9572192,1
2018-06-02 02:46:33,323.2117,13340,0,-4311644,0
2018-06-02 02:46:37,876.7883,13350,0,-11705124,0
2018-06-02 02:55:39,11.5172,13340,0,153639,1
2018-06-02 03:15:34,1088.9,13300,0,14482370,1
2018-06-02 03:15:35,0.1,13300,0,1330,1
2018-06-02 03:15:35,21.9565,13300,0,292021,1
2018-06-02 03:17:33,3.786,13320,0,-50430,0
2018-06-02 03:18:00,370.9403,13330,0,-4944634,0
2018-06-02 03:32:24,747.7474,13310,0,-9952518,0
2018-06-02 04:34:53,0.2,13280,0,2656,1
2018-06-02 04:34:53,879.6395,13280,0,11681613,1
2018-06-02 04:34:53,71.2908,13280,0,946742,1
2018-06-02 04:34:53,6.4947,13280,0,86250,1
2018-06-02 04:34:54,11.2984,13280,0,150043,1
2018-06-02 04:34:54,99.5991,13280,0,1322676,1
2018-06-02 04:34:54,15.2644,13280,0,202711,1
2018-06-02 04:34:54,116.2131,13280,0,1543310,1
2018-06-02 04:45:23,410.7251,13290,0,-5458537,0
2018-06-02 04:45:27,789.2749,13280,0,-10481571,0
2018-06-02 04:50:32,755.8487,13230,0,9999878,1
2018-06-02 04:50:32,444.1513,13230,0,5876122,1
2018-06-02 04:50:41,77.212,13250,0,-1023059,0
2018-06-02 04:50:45,60.922,13260,0,-807826,0
2018-06-02 04:50:50,1055.4818,13260,0,-13995689,0
2018-06-02 05:36:26,85.2196,13260,0,1130012,1
2018-06-02 05:36:26,10.4,13260,0,137904,1
2018-06-02 05:39:06,103.1012,13330,0,1374339,1
2018-06-02 05:39:06,50.0,13330,0,666500,1
2018-06-02 05:39:10,89.247,13340,0,1190555,1
2018-06-02 05:39:10,30.0,13340,0,400200,1
2018-06-02 05:39:49,825.648,13360,0,11030657,1
2018-06-02 05:57:13,410.7265,13310,0,-5466770,0
2018-06-02 05:57:13,89.247,13310,0,-1187878,0
2018-06-02 05:58:29,64.4873,13330,0,-859616,0
2018-06-02 06:05:31,564.4608,13350,0,7535552,1
2018-06-02 07:25:54,81.97892053,13340,0,-1093599,0
2018-06-02 07:25:54,848.6837,13340,0,-11321441,0
2018-06-02 07:25:54,269.33737946,13340,0,-3592961,0
2018-06-02 07:26:54,45.42864338,13370,0,607381,1
2018-06-02 07:27:34,52.5204,13370,0,702198,1
2018-06-02 07:27:34,8.6261,13370,0,115331,1
2018-06-02 07:27:56,1007.28943602,13380,0,13477533,1
2018-06-02 07:28:12,7.1501,13360,0,95525,1
2018-06-02 07:31:54,13.7221,13350,0,183190,1
2018-06-02 07:31:58,18.9882,13350,0,-253492,0
2018-06-02 07:35:33,68.773,13370,0,919495,1
2018-06-02 07:35:34,15.4784,13370,0,206946,1
2018-06-02 07:43:33,7.1732,13330,0,-95619,0
2018-06-02 07:44:07,50.1966,13320,0,-668619,0
2018-06-02 07:44:07,55.3482,13320,0,-737238,0
2018-06-02 07:45:51,112.718,13350,0,1504785,1
2018-06-02 08:43:55,183.4776,13450,0,-2467774,0
2018-06-02 08:43:55,115.0,13450,0,-1546750,0
2018-06-02 08:43:55,177.44,13450,0,-2386568,0
2018-06-02 08:43:55,113.29,13450,0,-1523751,0
2018-06-02 08:43:55,5.0,13450,0,-67250,0
2018-06-02 08:43:55,50.0,13450,0,-672500,0
2018-06-02 08:43:56,4.8203,13450,0,-64833,0
2018-06-02 08:43:56,6.2485,13450,0,-84042,0
2018-06-02 08:43:56,20.0,13450,0,-269000,0
2018-06-02 08:43:56,1.0,13450,0,-13450,0
2018-06-02 08:43:56,85.1643,13450,0,-1145460,0
2018-06-02 08:44:05,145.068,13440,0,1949714,1
2018-06-02 08:44:05,616.3727,13440,0,8284049,1
2018-06-02 08:48:09,217.9654,13490,0,-2940353,0
2018-06-02 08:48:09,134.91339347,13490,0,-1819982,0
2018-06-02 08:48:13,200.0,13500,0,-2700000,0
2018-06-02 08:48:13,200.0,13500,0,-2700000,0
2018-06-02 08:48:13,200.0,13500,0,-2700000,0
2018-06-02 08:48:13,75.8467,13500,0,-1023930,0
2018-06-02 08:48:13,171.2745,13500,0,-2312206,0
2018-06-02 08:50:04,495.1642,13470,0,6669862,1
2018-06-02 08:50:04,704.8358,13470,0,9494138,1
2018-06-02 09:36:53,95.3454,13400,0,-1277628,0
2018-06-02 09:36:56,95.3454,13430,0,1280489,1
2018-06-02 10:52:30,1200.0,13450,0,-16140000,0
2018-06-02 10:56:25,22.6194,13460,0,304457,1
2018-06-02 11:07:59,10.7889,13440,0,145003,1
2018-06-02 11:29:08,10.0,13470,0,134700,1
2018-06-02 11:29:08,14.9193,13470,0,200963,1
2018-06-02 11:29:08,35.643,13470,0,480111,1
2018-06-02 11:29:42,0.2227,13470,0,3000,1
2018-06-02 11:35:57,1105.8067,13480,0,14906274,1
2018-06-02 12:24:21,1027.49116398,13500,0,-13871131,0
2018-06-02 12:24:21,172.50883601,13500,0,-2328869,0
2018-06-02 12:29:02,11.9999,13520,0,162239,1
2018-06-02 12:29:52,427.3825,13520,0,5778211,1
2018-06-02 12:48:02,0.6,13470,0,8082,1
2018-06-02 12:48:03,446.546,13470,0,6014975,1
2018-06-02 12:48:07,313.4716,13480,0,4225597,1
2018-06-02 14:06:04,17.7299,13570,0,-240595,0
2018-06-02 14:06:04,1181.2701,13570,0,-16029835,0
2018-06-02 14:06:04,1.0,13570,0,-13570,0
2018-06-02 14:06:28,9.198,13560,0,124725,1
2018-06-02 14:06:28,29.9339,13560,0,405904,1
2018-06-02 14:06:32,957.24792472,13550,0,12970709,1
2018-06-02 14:06:32,11.9945,13550,0,162525,1
2018-06-02 14:14:20,1.0,13580,0,-13580,0
2018-06-02 14:14:20,349.0089,13580,0,-4739541,0
2018-06-02 14:14:20,233.024,13580,0,-3164466,0
2018-06-02 14:27:34,774.6586,13650,0,10574090,1
2018-06-02 14:38:08,5.0,13690,0,-68450,0
2018-06-02 14:38:09,1170.5042,13690,0,-16024202,0
2018-06-02 14:41:49,1175.5042,13660,0,16057387,1
2018-06-02 15:00:04,84.3034,13650,0,-1150741,0
2018-06-02 15:00:04,255.6846,13650,0,-3490095,0
2018-06-02 15:00:04,1.3,13650,0,-17745,0
2018-06-02 15:00:09,199.7,13660,0,-2727902,0
2018-06-02 15:01:54,21.0179,13680,0,287525,1
2018-06-02 15:02:53,295.8059,13680,0,4046625,1
2018-06-02 15:02:54,220.0,13680,0,3009600,1
2018-06-02 15:05:31,569.4764,13720,0,-7813216,0
2018-06-02 15:05:39,300.0,13750,0,-4125000,0
2018-06-02 15:05:39,0.1,13750,0,-1375,0
2018-06-02 15:05:39,1.0,13750,0,-13750,0
2018-06-02 15:05:40,13.666,13750,0,-187908,0
2018-06-02 15:05:40,207.5,13750,0,-2853125,0
2018-06-02 15:05:40,25.2727,13750,0,-347500,0
2018-06-02 15:05:40,38.0,13750,0,-522500,0
2018-06-02 15:05:40,18.9522,13750,0,-260593,0
2018-06-02 15:05:43,21.8685,13750,0,-300692,0
2018-06-02 15:09:36,1015.0,13660,0,13864900,1
2018-06-02 15:09:36,185.0,13660,0,2527100,1
2018-06-02 15:10:48,55.5852,13600,0,-755959,0
2018-06-02 15:10:52,1144.4148,13600,0,-15564041,0
2018-06-02 15:11:48,10.4654,13610,0,142434,1
2018-06-02 15:11:48,83.4988,13610,0,1136419,1
2018-06-02 15:11:48,15.0172,13610,0,204384,1
2018-06-02 15:11:49,1091.0186,13610,0,14848763,1
2018-06-02 15:13:07,357.7292,13630,0,-4875849,0
2018-06-02 15:13:35,3.56,13620,0,48487,1
2018-06-02 15:15:05,3.0355,13590,0,41252,1
2018-06-02 15:16:36,13.3075,13560,0,180450,1
2018-06-02 15:16:40,72.4009,13560,0,981756,1
2018-06-02 15:16:48,265.4253,13550,0,3596513,1
2018-06-02 15:27:58,1200.0,13580,0,-16296000,0
2018-06-02 15:35:29,32.1821,13620,0,438320,1
2018-06-02 15:40:09,233.4728,13600,0,3175230,1
2018-06-02 15:44:49,396.803,13600,0,5396521,1
2018-06-02 15:53:26,662.4579,13640,0,-9035926,0
2018-06-02 15:55:47,327.3185,13740,0,4497356,1
2018-06-02 15:55:48,654.44,13740,0,8992006,1
2018-06-02 15:55:48,200.0001,13740,0,2748001,1
2018-06-02 15:56:04,20.0,13750,0,-275000,0
2018-06-02 15:56:08,83.1528,13760,0,-1144183,0
2018-06-02 15:56:08,1.8,13760,0,-24768,0
2018-06-02 15:56:12,2.1,13760,0,-28896,0
2018-06-02 15:57:04,1069.7058,13790,0,-14751243,0
2018-06-02 15:57:04,5.0,13790,0,-68950,0
2018-06-02 15:58:17,116.2221,13780,0,1601541,1
2018-06-02 15:58:30,33.102,13750,0,455153,1
2018-06-02 15:58:30,429.5035,13750,0,5905673,1
2018-06-02 15:58:31,64.7903,13750,0,890867,1
2018-06-02 15:58:32,556.3821,13750,0,7650254,1
2018-06-02 16:03:37,1200.0,13810,0,-16572000,0
2018-06-02 16:06:25,1200.0,13800,0,16560000,1
2018-06-02 16:16:13,163.7808,13720,0,-2247073,0
2018-06-02 16:16:13,1036.2192,13720,0,-14216927,0
2018-06-02 16:22:40,7.3963,13770,0,101847,1
2018-06-02 16:26:11,1106.7557,13800,0,15273229,1
2018-06-02 16:26:11,85.848,13810,0,1185561,1
2018-06-02 16:31:12,46.4355,13860,0,-643596,0
2018-06-02 16:31:12,19.7039,13860,0,-273096,0
2018-06-02 16:31:12,1133.8606,13860,0,-15715308,0
2018-06-02 16:33:16,92.2159,13910,0,1282723,1
2018-06-02 16:33:16,202.3404,13910,0,2814555,1
2018-06-02 16:33:16,905.4437,13910,0,12594722,1
2018-06-02 16:33:34,215.8278,13940,0,-3008640,0
2018-06-02 16:33:34,311.6928,13940,0,-4344998,0
2018-06-02 16:33:34,100.0,13940,0,-1394000,0
2018-06-02 16:33:35,10.0,13940,0,-139400,0
2018-06-02 16:33:36,562.4794,13940,0,-7840963,0
2018-06-02 16:33:59,198.8321,13900,0,2763766,1
2018-06-02 16:33:59,1000.0,13900,0,13900000,1
2018-06-02 16:33:59,1.1679,13900,0,16234,1
2018-06-02 16:43:15,36.7934,13970,0,-514004,0
2018-06-02 16:43:15,10.0,13970,0,-139700,0
2018-06-02 16:43:29,263.0725,14000,0,-3683015,0
2018-06-02 16:43:30,296.7085,14000,0,-4153919,0
2018-06-02 16:43:30,100.0,14000,0,-1400000,0
2018-06-02 16:44:38,67.6001,14000,0,946401,1
2018-06-02 16:44:38,300.2424,14000,0,4203394,1
2018-06-02 16:45:20,12.116,14010,0,-169745,0
2018-06-02 16:45:45,350.8479,13990,0,4908362,1
2018-06-02 16:49:21,33.7692,14010,0,-473106,0
2018-06-02 16:49:35,33.7692,14000,0,472769,1
2018-06-02 17:00:58,99.5591,13980,0,-1391836,0
2018-06-02 17:00:59,1.0,13980,0,-13980,0
2018-06-02 17:00:59,42.6884,13980,0,-596784,0
2018-06-02 17:00:59,1.7878,13980,0,-24993,0
2018-06-02 17:01:02,71.02,13990,0,-993570,0
2018-06-02 17:01:03,404.757,13990,0,-5662550,0
2018-06-02 17:01:03,57.1372,13990,0,-799349,0
2018-06-02 17:01:03,35.5626,13990,0,-497521,0
2018-06-02 17:01:03,15.5252,13990,0,-217198,0
2018-06-02 17:01:03,304.3199,13990,0,-4257435,0
2018-06-02 17:02:22,608.5084,14020,0,8531288,1
2018-06-02 17:03:10,63.6049,14000,0,890469,1
2018-06-02 17:03:10,360.8928,14000,0,5052499,1
2018-06-02 17:03:10,0.3511,14020,0,4922,1
2018-06-02 17:13:15,100.0,14070,0,-1407000,0
2018-06-02 17:13:15,1.0,14070,0,-14070,0
2018-06-02 17:13:16,636.4479,14070,0,-8954822,0
2018-06-02 17:13:16,3.8806,14070,0,-54600,0
2018-06-02 17:13:16,1.0,14070,0,-14070,0
2018-06-02 17:13:16,457.6715,14070,0,-6439438,0
2018-06-02 17:14:42,597.6161,14070,0,8408459,1
2018-06-02 17:14:42,126.8643,14070,0,1784981,1
2018-06-02 17:14:42,195.5196,14070,0,2750961,1
2018-06-02 17:14:42,280.0,14070,0,3939600,1
2018-06-02 17:18:06,347.4898,14080,0,-4892656,0
2018-06-02 17:19:04,95.9793,14120,0,1355228,1
2018-06-02 17:19:38,98.0813,14140,0,-1386870,0
2018-06-02 17:19:43,254.5459,14170,0,-3606915,0
2018-06-02 17:19:44,79.6167,14170,0,-1128169,0
2018-06-02 17:19:45,386.9922,14170,0,-5483679,0
2018-06-02 17:19:46,3.9,14170,0,-55263,0
2018-06-02 17:19:47,3.0,14170,0,-42510,0
2018-06-02 17:19:47,1.7,14170,0,-24089,0
2018-06-02 17:19:47,1.9,14170,0,-26923,0
2018-06-02 17:19:47,113.0,14170,0,-1601210,0
2018-06-02 17:19:48,5.7534,14170,0,-81526,0
2018-06-02 17:21:28,145.8007,14260,0,2079118,1
2018-06-02 17:21:28,2.8883,14260,0,41187,1
2018-06-02 17:21:29,134.6349,14260,0,1919894,1
2018-06-02 17:21:29,210.2312,14260,0,2997897,1
2018-06-02 17:23:19,276.7422,14420,0,3990623,1
2018-06-02 17:23:19,270.28,14420,0,3897438,1
2018-06-02 17:23:20,83.038,14420,0,1197408,1
2018-06-02 17:23:20,5.1282,14420,0,73949,1
2018-06-02 17:23:21,71.2565,14420,0,1027519,1
2018-06-02 17:25:58,1064.8376,14390,0,-15323013,0
2018-06-02 17:27:38,1064.8376,14500,0,15440145,1
2018-06-02 17:28:53,1200.0,14430,0,-17316000,0
2018-06-02 17:29:38,956.8298,14410,0,13787917,1
2018-06-02 17:29:39,243.1702,14410,0,3504083,1
2018-06-02 17:31:24,26.8962,14360,0,-386229,0
2018-06-02 17:31:44,1172.8038,14390,0,-16876647,0
2018-06-02 17:31:44,0.3,14390,0,-4317,0
2018-06-02 17:32:51,8.3675,14420,0,120659,1
2018-06-02 17:32:51,48.6719,14420,0,701849,1
2018-06-02 17:32:51,11.4943,14420,0,165748,1
2018-06-02 17:32:51,9.7942,14420,0,141232,1
2018-06-02 17:32:51,100.0,14420,0,1442000,1
2018-06-02 17:32:55,41.0619,14410,0,591702,1
2018-06-02 17:32:55,980.6102,14410,0,14130593,1
2018-06-02 17:35:00,286.42028284,14530,0,-4161687,0
2018-06-02 17:35:00,88.709,14530,0,-1288942,0
2018-06-02 17:35:00,25.5378,14530,0,-371064,0
2018-06-02 17:35:00,45.17641715,14530,0,-656413,0
2018-06-02 17:35:36,445.8435,14520,0,6473648,1
2018-06-02 17:39:01,0.182,14430,0,-2626,0
2018-06-02 17:39:01,50.0,14430,0,-721500,0
2018-06-02 17:39:20,50.182,14400,0,722621,1
2018-06-02 17:39:39,100.0,14400,0,-1440000,0
2018-06-02 17:39:42,1100.0,14400,0,-15840000,0
2018-06-02 17:41:14,1200.0,14400,0,17280000,1
2018-06-02 17:42:44,61.26,14410,0,-882757,0
2018-06-02 17:42:44,441.0956,14410,0,-6356188,0
2018-06-02 17:42:44,408.3533,14410,0,-5884371,0
2018-06-02 17:42:45,289.2911,14410,0,-4168685,0
2018-06-02 17:44:53,38.8686,14470,0,562429,1
2018-06-02 17:44:54,1147.1178,14470,0,16598795,1
2018-06-02 17:45:07,14.0136,14470,0,202777,1
2018-06-02 17:46:07,45.8349,14410,0,-660481,0
2018-06-02 17:47:00,4.012e-05,14430,0,-1,0
2018-06-02 17:49:05,45.8349,14370,0,658648,1
2018-06-02 17:53:03,68.2572,14390,0,-982221,0
2018-06-02 17:53:03,731.4884,14390,0,-10526118,0
2018-06-02 17:53:03,9.0,14390,0,-129510,0
2018-06-02 17:53:03,94.8182,14390,0,-1364434,0
2018-06-02 17:53:03,296.4362,14390,0,-4265717,0
2018-06-02 17:53:30,608.0598,14380,0,8743900,1
2018-06-02 17:54:35,30.0,14350,0,430500,1
2018-06-02 17:54:50,2.0,14340,0,28680,1
2018-06-02 17:54:50,89.8222,14340,0,1288050,1
2018-06-02 17:54:55,280.0,14340,0,4015200,1
2018-06-02 17:54:55,48.9502,14340,0,701946,1
2018-06-02 17:56:42,117.3972,14330,0,1682302,1
2018-06-02 17:56:54,15.1491,14320,0,216935,1
2018-06-02 17:56:54,8.6215,14320,0,123460,1
2018-06-02 17:58:34,752.5664,14290,0,-10754174,0
2018-06-02 17:59:51,93.45061698,14310,0,1337278,1
2018-06-02 17:59:56,200.0,14300,0,2860000,1
2018-06-02 17:59:57,25.1271,14300,0,359318,1
2018-06-02 18:00:00,5.0,14300,0,71500,1
2018-06-02 18:00:00,12.5819,14300,0,179921,1
2018-06-02 18:01:04,281.3510905,14320,0,-4028948,0
2018-06-02 18:01:38,697.7579,14310,0,9984916,1
2018-06-02 18:02:50,2.0,14340,0,-28680,0
2018-06-02 18:02:50,0.3444,14340,0,-4939,0
2018-06-02 18:02:50,588.82019302,14340,0,-8443682,0
2018-06-02 18:03:50,57.6532,14330,0,826170,1
2018-06-02 18:03:50,100.7676,14330,0,1444000,1
2018-06-02 18:03:50,77.0827,14330,0,1104595,1
2018-06-02 18:03:51,237.4316,14330,0,3402395,1
2018-06-02 18:03:51,118.2295,14330,0,1694229,1
2018-06-02 18:04:20,400.0,14370,0,-5748000,0
2018-06-02 18:04:20,21.658,14370,0,-311225,0
2018-06-02 18:04:21,5.2447,14370,0,-75366,0
2018-06-02 18:04:21,0.5465,14370,0,-7853,0
2018-06-02 18:04:21,30.7602,14370,0,-442024,0
2018-06-02 18:04:21,460.97160751,14370,0,-6624162,0
2018-06-02 18:08:50,69.0,14290,0,986010,1
2018-06-02 18:08:50,9.0,14290,0,128610,1
2018-06-02 18:08:50,9.0,14290,0,128610,1
2018-06-02 18:08:50,111.0,14290,0,1586190,1
2018-06-02 18:08:50,38.518,14290,0,550422,1
2018-06-02 18:08:50,139.958,14290,0,2000000,1
2018-06-02 18:08:50,280.0,14290,0,4001200,1
2018-06-02 18:08:50,2.6313,14290,0,37601,1
2018-06-02 18:08:50,5.0,14290,0,71450,1
2018-06-02 18:08:51,255.0737,14290,0,3645003,1
2018-06-02 18:12:09,193.3873,14260,0,-2757703,0
2018-06-02 18:12:10,351.8384,14260,0,-5017216,0
2018-06-02 18:12:51,545.2257,14220,0,7753109,1
2018-06-02 18:16:27,34.4309,14270,0,-491329,0
2018-06-02 18:17:18,34.4309,14310,0,492706,1
2018-06-02 18:19:35,336.5434,14300,0,-4812571,0
2018-06-02 18:19:40,6.697,14290,0,-95700,0
2018-06-02 18:20:12,568.43608041,14300,0,-8128636,0
2018-06-02 18:20:12,288.32351958,14300,0,-4123026,0
2018-06-02 18:25:41,1200.0,14290,0,17148000,1
2018-06-02 18:30:44,1190.2479,14420,0,-17163375,0
2018-06-02 18:30:44,8.7521,14420,0,-126205,0
2018-06-02 18:30:44,1.0,14420,0,-14420,0
2018-06-02 18:31:22,400.8557,14390,0,5768314,1
2018-06-02 18:31:26,21.222,14390,0,305385,1
2018-06-02 18:31:33,777.9223,14390,0,11194302,1
2018-06-02 18:32:16,199.0,14420,0,-2869580,0
2018-06-02 18:32:16,52.1548,14420,0,-752072,0
2018-06-02 18:32:16,69.5049,14420,0,-1002261,0
2018-06-02 18:32:16,564.8653,14420,0,-8145358,0
2018-06-02 18:32:16,314.475,14420,0,-4534730,0
2018-06-02 18:34:35,610.5904,14390,0,8786396,1
2018-06-02 18:34:39,589.4096,14370,0,8469816,1
2018-06-02 18:35:20,2.0,14390,0,-28780,0
2018-06-02 18:38:13,2.0,14360,0,28720,1
2018-06-02 18:44:58,439.691,14410,0,-6335947,0
2018-06-02 18:45:24,93.501,14440,0,-1350154,0
2018-06-02 18:45:50,91.95474221,14450,0,-1328746,0
2018-06-02 18:45:50,100.0,14450,0,-1445000,0
2018-06-02 18:45:50,84.5001,14450,0,-1221026,0
2018-06-02 18:45:50,20.0,14450,0,-289000,0
2018-06-02 18:45:50,24.7132,14450,0,-357106,0
2018-06-02 18:45:50,13.1446,14450,0,-189939,0
2018-06-02 18:46:22,10.3951,14430,0,150001,1
2018-06-02 18:47:19,155.672,14420,0,2244790,1
2018-06-02 18:49:03,0.5,14410,0,7205,1
2018-06-02 18:49:23,28.9663,14380,0,416535,1
2018-06-02 18:49:23,152.8561,14380,0,2198071,1
2018-06-02 18:49:23,340.1171,14380,0,4890884,1
2018-06-02 18:49:23,178.998,14380,0,2573991,1
2018-06-02 18:51:22,278.7456,14390,0,-4011149,0
2018-06-02 18:51:33,98.0584,14380,0,1410080,1
2018-06-02 18:52:17,91.1336,14400,0,-1312324,0
2018-06-02 18:52:21,132.44,14410,0,-1908460,0
2018-06-02 18:52:21,14.604,14410,0,-210444,0
2018-06-02 18:53:46,124.39798904,14420,0,1793819,1
2018-06-02 18:53:46,203.4305,14420,0,2933468,1
2018-06-02 18:54:22,57.6271,14390,0,829254,1
2018-06-02 18:54:23,3.0423,14390,0,43779,1
2018-06-02 18:57:17,30.3669,14350,0,435765,1
2018-06-02 19:05:53,18.5084,14430,0,-267076,0
2018-06-02 19:06:34,425.8084,14460,0,-6157189,0
2018-06-02 19:06:34,200.0,14460,0,-2892000,0
2018-06-02 19:09:58,57.1608,14570,0,832833,1
2018-06-02 19:09:59,81.699,14570,0,1190354,1
2018-06-02 19:10:15,317.6624,14540,0,4618811,1
2018-06-02 19:10:15,187.7946,14540,0,2730533,1
2018-06-02 19:12:29,1200.0,14620,0,-17544000,0
2018-06-02 19:15:41,410.8112,14790,0,6075898,1
2018-06-02 19:15:42,90.0,14790,0,1331100,1
2018-06-02 19:15:48,20.0,14780,0,295600,1
2018-06-02 19:15:48,201.1211,14780,0,2972570,1
2018-06-02 19:15:48,202.9769,14780,0,2999999,1
2018-06-02 19:15:49,131.8976,14780,0,1949447,1
2018-06-02 19:15:49,65.8902,14780,0,973857,1
2018-06-02 19:15:49,77.303,14780,0,1142538,1
2018-06-02 19:16:58,500.0,14860,0,-7430000,0
2018-06-02 19:16:58,234.9411,14860,0,-3491225,0
2018-06-02 19:16:58,8.6516,14860,0,-128563,0
2018-06-02 19:16:58,10.0,14860,0,-148600,0
2018-06-02 19:16:58,2.0048,14860,0,-29791,0
2018-06-02 19:16:59,444.4025,14860,0,-6603821,0
2018-06-02 19:17:38,277.8655,14790,0,4109631,1
2018-06-02 19:17:38,922.1345,14790,0,13638369,1
2018-06-02 19:19:17,285.38562388,14820,0,-4229415,0
2018-06-02 19:19:18,1.0,14820,0,-14820,0
2018-06-02 19:19:18,675.09997611,14820,0,-10004982,0
2018-06-02 19:19:18,5.0,14820,0,-74100,0
2018-06-02 19:20:35,966.4856,14740,0,14245998,1
2018-06-02 19:21:13,73.4836,14750,0,-1083883,0
2018-06-02 19:21:30,73.4836,14780,0,1086088,1
2018-06-02 19:23:37,403.1991,14790,0,-5963315,0
2018-06-02 19:23:38,5.0,14790,0,-73950,0
2018-06-02 19:24:08,408.1991,14810,0,6045429,1
2018-06-02 19:26:06,24.0747,14830,0,-357028,0
2018-06-02 19:26:07,25.6706,14830,0,-380695,0
2018-06-02 19:26:07,29.9483,14830,0,-444133,0
2018-06-02 19:26:07,6.7575,14830,0,-100214,0
2018-06-02 19:26:07,11.0,14830,0,-163130,0
2018-06-02 19:26:07,280.0,14830,0,-4152400,0
2018-06-02 19:28:13,629.36956017,14790,0,-9308376,0
2018-06-02 19:28:13,193.17933982,14790,0,-2857122,0
2018-06-02 19:28:25,55.0,14770,0,812350,1
2018-06-02 19:28:25,0.5,14770,0,7385,1
2018-06-02 19:29:06,1144.5,14740,0,16869930,1
2018-06-02 19:31:57,14.8214,14690,0,-217726,0
2018-06-02 19:32:01,184.9735,14710,0,-2720960,0
2018-06-02 19:32:38,2.0,14700,0,-29400,0
2018-06-02 19:33:10,266.895,14740,0,-3934032,0
2018-06-02 19:34:22,731.31,14730,0,-10772196,0
2018-06-02 19:34:37,0.3795,14730,0,5590,1
2018-06-02 19:37:24,1199.6204,14890,0,17862348,1
2018-06-02 19:38:40,1200.0,14910,0,-17892000,0
2018-06-02 19:41:53,1200.0,14930,0,17916000,1
2018-06-02 19:42:03,152.3173352,14940,0,-2275621,0
2018-06-02 19:42:31,152.3174,14960,0,2278668,1
2018-06-02 19:42:41,6.4534,14930,0,-96349,0
2018-06-02 19:42:50,6.4534,14930,0,96349,1
2018-06-02 19:43:24,560.51165093,14960,0,-8385254,0
2018-06-02 19:43:37,639.4884,14970,0,-9573141,0
2018-06-02 19:45:46,614.255698,15050,0,9244548,1
2018-06-02 19:46:11,614.2557,15050,0,-9244548,0
2018-06-02 19:48:19,525.7916,15000,0,7886874,1
2018-06-02 19:48:19,240.7421,15000,0,3611132,1
2018-06-02 19:48:26,376.4886,15000,0,5647329,1
2018-06-02 19:48:26,56.9777,15000,0,854665,1
2018-06-02 19:50:30,320.4873,15080,0,-4832948,0
2018-06-02 19:50:30,471.14072546,15080,0,-7104802,0
2018-06-02 19:50:30,408.37197453,15080,0,-6158249,0
2018-06-02 19:50:46,880.8245,15100,0,13300450,1
2018-06-02 19:50:46,56.42,15100,0,851942,1
2018-06-02 19:50:47,147.3659,15100,0,2225225,1
2018-06-02 19:50:47,115.3896,15100,0,1742383,1
2018-06-02 19:51:17,2.4,15090,0,-36216,0
2018-06-02 19:51:25,472.7709,15090,0,-7134113,0
2018-06-02 19:51:37,64.03249682,15120,0,-968171,0
2018-06-02 19:51:37,4.96640317,15120,0,-75092,0
2018-06-02 19:52:10,101.3663,15080,0,1528604,1
2018-06-02 19:52:10,19.495,15080,0,293985,1
2018-06-02 19:52:10,56.59273823,15080,0,853418,1
2018-06-02 19:52:10,50.0,15080,0,754000,1
2018-06-02 19:52:10,136.64536176,15080,0,2060612,1
2018-06-02 19:52:10,180.0704,15080,0,2715462,1
2018-06-02 19:53:33,1200.0,15140,0,-18168000,0
2018-06-02 19:55:48,40.9773,14990,0,614250,1
2018-06-02 19:55:48,50.7767,14990,0,761143,1
2018-06-02 19:55:48,45.699,14990,0,685028,1
2018-06-02 19:55:49,358.0,14990,0,5366420,1
2018-06-02 19:55:49,704.547,14990,0,10561160,1
2018-06-02 19:56:00,913.13717784,15030,0,-13724452,0
2018-06-02 19:56:00,286.86282215,15030,0,-4311548,0
2018-06-02 19:59:03,1136.3268,15010,0,17056265,1
2018-06-02 19:59:03,63.6732,15010,0,955735,1
2018-06-02 20:00:23,0.7349,15020,0,-11038,0
2018-06-02 20:00:34,1129.6864,15030,0,-16979187,0
2018-06-02 20:00:34,69.5787,15030,0,-1045768,0
2018-06-02 20:00:55,0.4,14990,0,5996,1
2018-06-02 20:00:55,111.8934,14990,0,1677282,1
2018-06-02 20:00:56,1000.0,14990,0,14990000,1
2018-06-02 20:01:00,43.2142,14990,0,647781,1
2018-06-02 20:01:06,44.4924,14980,0,666496,1
2018-06-02 20:03:14,693.0242,14960,0,-10367642,0
2018-06-02 20:03:54,84.4968,14900,0,1259002,1
2018-06-02 20:03:55,239.626,14900,0,3570427,1
2018-06-02 20:03:55,33.0,14900,0,491700,1
2018-06-02 20:03:55,263.4147,14900,0,3924879,1
2018-06-02 20:03:55,71.4867,14900,0,1065152,1
2018-06-02 20:03:55,1.0,14900,0,14900,1
2018-06-02 20:08:31,1200.0,14910,0,-17892000,0
2018-06-02 20:08:59,3.224,14910,0,48070,1
2018-06-02 20:08:59,99.51515761,14910,0,1483771,1
2018-06-02 20:09:01,100.0,14910,0,1491000,1
2018-06-02 20:09:03,131.0865,14910,0,1954500,1
2018-06-02 20:09:05,79.397,14910,0,1183809,1
2018-06-02 20:09:06,17.5109,14910,0,261088,1
2018-06-02 20:09:08,154.634,14910,0,2305593,1
2018-06-02 20:09:12,168.07,14910,0,2505924,1
2018-06-02 20:09:15,3.224,14910,0,48070,1
2018-06-02 20:09:19,443.33844238,14910,0,6610176,1
2018-06-02 20:13:25,139.4661,14770,0,-2059914,0
2018-06-02 20:15:15,76.5914,14820,0,1135085,1
2018-06-02 20:15:48,79.3969,14820,0,-1176662,0
2018-06-02 20:16:19,142.2716,14800,0,2105620,1
2018-06-02 20:17:37,142.0062,14830,0,-2105952,0
2018-06-02 20:17:43,188.7185,14830,0,-2798695,0
2018-06-02 20:17:43,81.6367,14830,0,-1210672,0
2018-06-02 20:19:24,412.3614,14840,0,6119443,1
2018-06-02 20:19:59,10.0,14840,0,-148400,0
2018-06-02 20:20:09,98.23857676,14850,0,-1458843,0
2018-06-02 20:20:09,200.2071,14850,0,-2973075,0
2018-06-02 20:20:43,119.8679,14850,0,1780038,1
2018-06-02 20:20:43,188.5778,14850,0,2800380,1
2018-06-02 20:21:17,1153.7485,14820,0,-17098553,0
2018-06-02 20:26:49,72.2365,14880,0,1074879,1
2018-06-02 20:26:49,100.0,14880,0,1488000,1
2018-06-02 20:26:50,200.0,14880,0,2976000,1
2018-06-02 20:26:50,16.801,14880,0,249999,1
2018-06-02 20:26:50,47.9807,14880,0,713953,1
2018-06-02 20:27:15,201.8842,14860,0,2999999,1
2018-06-02 20:27:18,82.81197846,14860,0,1230586,1
2018-06-02 20:27:19,121.0404,14860,0,1798660,1
2018-06-02 20:27:20,60.5202,14860,0,899330,1
2018-06-02 20:27:21,13.2754,14860,0,197272,1
2018-06-02 20:27:44,3.2926,14860,0,48928,1
2018-06-02 20:27:45,53.4322,14860,0,794002,1
2018-06-02 20:27:45,45.2393,14860,0,672256,1
2018-06-02 20:27:45,16.8237,14860,0,250000,1
2018-06-02 20:28:32,852.3623,14850,0,-12657580,0
2018-06-02 20:29:40,4.309e-05,14850,0,1,1
2018-06-02 20:29:41,0.4,14850,0,5940,1
2018-06-02 20:31:53,61.636,14810,0,912829,1
2018-06-02 20:33:21,250.0,14800,0,3700000,1
2018-06-02 20:33:21,658.7366,14800,0,9749302,1
2018-06-02 20:33:38,49.925,14800,0,-738890,0
2018-06-02 20:33:38,85.5333,14800,0,-1265893,0
2018-06-02 20:33:38,482.07,14800,0,-7134636,0
2018-06-02 20:33:38,53.4299,14800,0,-790763,0
2018-06-02 20:34:09,7.0,14790,0,103530,1
2018-06-02 20:34:13,1.0,14790,0,14790,1
2018-06-02 20:35:17,662.9582,14810,0,9818411,1
2018-06-02 20:35:39,46.5656,14810,0,-689637,0
2018-06-02 20:36:20,39.5175,14810,0,-585254,0
2018-06-02 20:38:18,86.0831,14800,0,1274030,1
2018-06-02 20:55:42,72.4333,14700,0,-1064770,0
2018-06-02 20:55:42,87.5768,14700,0,-1287379,0
2018-06-02 20:56:35,154.7819,14680,0,2272198,1
2018-06-02 20:56:36,5.2282,14680,0,76750,1
2018-06-02 21:01:04,1023.0013,14660,0,-14997199,0
2018-06-02 21:01:05,176.9987,14660,0,-2594801,0
2018-06-02 21:01:32,776.3242,14670,0,11388676,1
2018-06-02 21:01:38,70.8183,14670,0,1038904,1
2018-06-02 21:01:55,79.397,14680,0,1165548,1
2018-06-02 21:01:55,168.8082,14680,0,2478104,1
2018-06-02 21:01:55,104.6523,14680,0,1536296,1
2018-06-02 21:10:01,37.8046,14820,0,-560264,0
2018-06-02 21:10:13,37.8046,14820,0,560264,1
2018-06-02 21:10:55,66.2893,14900,0,-987711,0
2018-06-02 21:10:56,71.9933,14900,0,-1072700,0
2018-06-02 21:10:56,25.0,14900,0,-372500,0
2018-06-02 21:10:56,10.0,14900,0,-149000,0
2018-06-02 21:10:56,1024.7174,14900,0,-15268289,0
2018-06-02 21:10:56,2.0,14900,0,-29800,0
2018-06-02 21:12:31,1200.0,14840,0,17808000,1
2018-06-02 21:25:46,53.7764,14770,0,-794277,0
2018-06-02 21:25:47,152.5989,14770,0,-2253886,0
2018-06-02 21:25:47,46.3404,14770,0,-684448,0
2018-06-02 21:25:47,200.0,14770,0,-2954000,0
2018-06-02 21:26:10,5.0,14740,0,73700,1
2018-06-02 21:26:11,16.9606,14740,0,249999,1
2018-06-02 21:26:11,4.0,14740,0,58960,1
2018-06-02 21:26:11,5.0,14740,0,73700,1
2018-06-02 21:26:11,421.7551,14740,0,6216670,1
2018-06-02 21:35:57,1200.0,14680,0,-17616000,0
2018-06-02 21:37:28,200.0001,14700,0,2940001,1
2018-06-02 21:40:34,176.9405,14710,0,2602795,1
2018-06-02 21:42:55,110.4362,14740,0,1627830,1
2018-06-02 21:42:55,80.477,14740,0,1186231,1
2018-06-02 21:43:00,22.1245,14730,0,325894,1
2018-06-02 21:43:00,80.477,14730,0,1185426,1
2018-06-02 21:44:17,80.477,14720,0,1184621,1
2018-06-02 21:44:18,200.0001,14720,0,2944001,1
2018-06-02 21:44:30,36.9606,14720,0,-544060,0
2018-06-02 21:45:54,410.8082,14760,0,-6063529,0
2018-06-02 21:48:16,231.6263,14710,0,3407223,1
2018-06-02 21:48:16,1.0,14710,0,14710,1
2018-06-02 21:48:16,3.0753,14710,0,45238,1
2018-06-02 21:48:16,10.0,14710,0,147100,1
2018-06-02 21:48:16,67.0172,14710,0,985823,1
2018-06-02 21:48:16,293.6406,14710,0,4319453,1
2018-06-02 21:48:16,80.477,14720,0,1184621,1
2018-06-02 21:48:16,10.0,14710,0,147100,1
2018-06-02 21:48:30,23.0758,14710,0,-339445,0
2018-06-02 21:49:19,21.9243,14750,0,323383,1
2018-06-02 21:49:51,0.0042,14780,0,62,1
2018-06-02 21:49:52,1.1473,14780,0,16957,1
2018-06-02 21:50:00,11.7069,14810,0,-173379,0
2018-06-02 21:50:00,177.4783,14810,0,-2628454,0
2018-06-02 21:50:00,50.0,14810,0,-740500,0
2018-06-02 21:50:00,48.1735,14810,0,-713450,0
2018-06-02 21:50:01,39.1875,14810,0,-580367,0
2018-06-02 21:50:01,1.0,14810,0,-14810,0
2018-06-02 21:50:01,0.6237,14810,0,-9237,0
2018-06-02 21:50:41,328.1699,14790,0,4853633,1
2018-06-02 22:05:16,619.815,14700,0,-9111281,0
2018-06-02 22:15:10,619.815,14760,0,9148469,1
2018-06-02 22:19:02,67.112,14810,0,-993929,0
2018-06-02 22:19:53,67.112,14830,0,995271,1
2018-06-02 22:23:00,91.3571,14790,0,-1351172,0
2018-06-02 22:23:57,88.2263,14790,0,1304867,1
2018-06-02 22:24:07,3.1308,14770,0,46242,1
2018-06-02 22:26:00,824.7227,14810,0,-12214143,0
2018-06-02 22:26:26,824.7227,14810,0,12214143,1
2018-06-02 22:28:44,107.2801,14820,0,-1589891,0
2018-06-02 22:30:14,92.4627,14760,0,1364749,1
2018-06-02 22:30:14,14.8174,14760,0,218705,1
2018-06-02 22:30:17,107.2801,14760,0,-1583454,0
2018-06-02 22:32:23,107.2801,14790,0,1586673,1
2018-06-02 22:45:14,544.3337,14900,0,-8110572,0
2018-06-02 22:45:19,625.3265,14900,0,-9317365,0
2018-06-02 22:46:05,6.6224,14890,0,98608,1
2018-06-02 22:46:39,252.4988,14900,0,3762232,1
2018-06-02 22:46:39,0.2738,14900,0,4080,1
2018-06-02 22:46:39,894.1057,14900,0,13322175,1
2018-06-02 22:46:39,16.1595,14900,0,240777,1
2018-06-02 22:53:19,410.8108,14810,0,-6084108,0
2018-06-02 22:53:19,3.2667,14810,0,-48380,0
2018-06-02 22:53:43,785.9225,14800,0,-11631653,0
2018-06-02 22:55:02,225.3721,14790,0,3333253,1
2018-06-02 22:55:02,316.1493,14790,0,4675848,1
2018-06-02 22:55:03,0.5,14790,0,7395,1
2018-06-02 22:55:08,657.9786,14780,0,9724924,1
2018-06-02 22:57:37,50.0,14790,0,-739500,0
2018-06-02 22:57:37,769.3348,14790,0,-11378462,0
2018-06-02 23:00:55,34.3029,14760,0,506311,1
2018-06-02 23:00:55,57.4,14760,0,847224,1
2018-06-02 23:00:55,92.0,14760,0,1357920,1
2018-06-02 23:00:55,0.3,14760,0,4428,1
2018-06-02 23:00:55,0.5,14760,0,7380,1
2018-06-02 23:00:55,0.4,14760,0,5904,1
2018-06-02 23:01:08,634.4319,14760,0,9364215,1
2018-06-02 23:01:34,14.8444,14760,0,-219103,0
2018-06-02 23:02:22,52.0732,14770,0,-769121,0
2018-06-02 23:02:23,200.0,14770,0,-2954000,0
2018-06-02 23:02:23,288.2608,14770,0,-4257612,0
2018-06-02 23:08:27,249.237,14810,0,-3691200,0
2018-06-02 23:08:27,221.8587,14810,0,-3285727,0
2018-06-02 23:09:58,3.0363,14790,0,44907,1
2018-06-02 23:09:59,51.0,14790,0,754290,1
2018-06-02 23:12:47,135.4096,14770,0,2000000,1
2018-06-02 23:12:47,25.3893,14770,0,375000,1
2018-06-02 23:12:47,5.0,14770,0,73850,1
2018-06-02 23:12:47,742.8458,14770,0,10971832,1
2018-06-02 23:12:47,63.5931,14770,0,939270,1
2018-06-02 23:12:59,1.1456,14770,0,-16921,0
2018-06-02 23:14:13,192.583,14760,0,-2842525,0
2018-06-02 23:15:54,193.7286,14770,0,2861371,1
2018-06-02 23:20:29,0.033,14750,0,-487,0
2018-06-02 23:20:29,169.5113,14750,0,-2500292,0
2018-06-02 23:27:45,79.987,14800,0,1183808,1
2018-06-02 23:27:46,89.5573,14800,0,1325448,1
2018-06-02 23:28:55,174.1695,14860,0,-2588159,0
2018-06-02 23:28:55,200.0,14860,0,-2972000,0
2018-06-02 23:28:56,8.5,14860,0,-126310,0
2018-06-02 23:28:56,453.67,14860,0,-6741536,0
2018-06-02 23:29:36,836.3395,14830,0,12402915,1
2018-06-02 23:39:33,5.233e-05,14790,0,-1,0
2018-06-02 23:43:42,88.4333,14770,0,-1306160,0
2018-06-02 23:44:40,17.1158,14780,0,-252972,0
2018-06-02 23:44:44,70.9758,14780,0,-1049022,0
2018-06-02 23:46:01,505.5589,14780,0,-7472161,0
2018-06-02 23:50:47,105.5209,14820,0,1563820,1
2018-06-02 23:51:27,54.268,14820,0,804252,1
2018-06-02 23:51:28,56.3657,14820,0,835340,1
2018-06-02 23:52:18,465.9292,14800,0,6895752,1
2018-06-02 23:58:23,558.1249,14850,0,-8288155,0
2018-06-02 23:59:12,84.3065,14830,0,1250265,1
2018-06-02 23:59:12,93.9553,14830,0,1393357,1
2018-06-03 00:03:55,65.7458,14840,0,975668,1
2018-06-03 00:04:39,314.1173,14830,0,4658360,1
2018-06-03 00:07:27,4.3882,14820,0,-65033,0
2018-06-03 00:07:27,30.0,14820,0,-444600,0
2018-06-03 00:07:27,650.9169,14820,0,-9646588,0
2018-06-03 00:11:48,685.3051,14890,0,10204193,1
2018-06-03 00:16:28,1.3,14940,0,-19422,0
2018-06-03 00:16:31,200.9718,14960,0,-3006538,0
2018-06-03 00:16:32,20.0,14960,0,-299200,0
2018-06-03 00:16:32,1.0,14960,0,-14960,0
2018-06-03 00:16:32,23.7269,14960,0,-354954,0
2018-06-03 00:16:42,85.0,15000,0,-1275000,0
2018-06-03 00:16:43,88.0013,15000,0,-1320020,0
2018-06-03 00:16:43,780.0,15000,0,-11700000,0
2018-06-03 00:17:20,35.71,15020,0,536364,1
2018-06-03 00:17:20,1.0704,15020,0,16077,1
2018-06-03 00:17:21,234.4495,15020,0,3521431,1
2018-06-03 00:17:21,700.492,15020,0,10521390,1
2018-06-03 00:17:25,198.6001,15030,0,2984960,1
2018-06-03 00:17:25,29.678,15030,0,446060,1
2018-06-03 00:17:45,1072.932,15130,0,-16233461,0
2018-06-03 00:17:45,127.068,15130,0,-1922539,0
2018-06-03 00:17:56,387.9213,15100,0,5857612,1
2018-06-03 00:17:56,52.9019,15100,0,798819,1
2018-06-03 00:17:56,352.4837,15100,0,5322504,1
2018-06-03 00:17:56,406.6931,15100,0,6141066,1
2018-06-03 00:18:09,95.0,15140,0,-1438300,0
2018-06-03 00:18:18,1105.0,15130,0,-16718650,0
2018-06-03 00:19:02,573.5815,15100,0,8661081,1
2018-06-03 00:19:07,597.779,15100,0,9026463,1
2018-06-03 00:19:07,28.6395,15100,0,432456,1
2018-06-03 00:24:28,217.97528904,15120,0,-3295786,0
2018-06-03 00:24:28,300.0,15120,0,-4536000,0
2018-06-03 00:24:28,21.0821,15120,0,-318761,0
2018-06-03 00:24:28,18.8926,15120,0,-285656,0
2018-06-03 00:24:29,642.05001095,15120,0,-9707796,0
2018-06-03 00:26:33,36.2452,15070,0,546215,1
2018-06-03 00:26:33,80.0,15070,0,1205600,1
2018-06-03 00:26:33,104.6887,15070,0,1577659,1
2018-06-03 00:26:34,979.0661,15070,0,14754526,1
2018-06-03 00:27:44,134.6454,15020,0,-2022374,0
2018-06-03 00:28:55,134.6454,15050,0,2026413,1
2018-06-03 00:29:10,1200.0,15000,0,-18000000,0
2018-06-03 00:30:01,3.41,14950,0,50980,1
2018-06-03 00:30:01,51.0,14950,0,762450,1
2018-06-03 00:30:02,28.43,14950,0,425029,1
2018-06-03 00:30:02,41.1,14950,0,614445,1
2018-06-03 00:30:02,4.9833,14950,0,74500,1
2018-06-03 00:30:02,250.0,14950,0,3737500,1
2018-06-03 00:30:02,817.05,14950,0,12214898,1
2018-06-03 00:32:15,235.5651,14940,0,-3519343,0
2018-06-03 00:32:15,121.8061,14940,0,-1819783,0
2018-06-03 00:32:18,0.99906042,14960,0,-14946,0
2018-06-03 00:32:19,268.45623957,14960,0,-4016105,0
2018-06-03 00:32:19,22.7165,14960,0,-339839,0
2018-06-03 00:32:28,653.5697,14960,0,9777403,1
2018-06-03 00:34:27,635.25150776,14940,0,-9490658,0
2018-06-03 00:34:28,564.74849223,14940,0,-8437342,0
2018-06-03 00:35:46,31.3556,15010,0,470648,1
2018-06-03 00:35:47,10.314,15010,0,154813,1
2018-06-03 00:35:47,219.9746,15010,0,3301819,1
2018-06-03 00:35:47,593.82,15010,0,8913238,1
2018-06-03 00:35:47,55.7206,15010,0,836366,1
2018-06-03 00:35:47,153.621,15010,0,2305851,1
2018-06-03 00:35:51,0.20006675,14980,0,2997,1
2018-06-03 00:36:41,134.9942,15000,0,2024913,1
2018-06-03 00:38:25,1200.0,15010,0,-18012000,0
2018-06-03 00:39:18,684.5009,14970,0,10246978,1
2018-06-03 00:39:18,32.3823,14970,0,484763,1
2018-06-03 00:39:18,472.9869,14970,0,7080614,1
2018-06-03 00:39:18,9.7361,14970,0,145749,1
2018-06-03 00:39:18,0.3938,14970,0,5895,1
2018-06-03 00:52:11,792.0381,15040,0,-11912253,0
2018-06-03 00:53:44,198.2666,15040,0,2981929,1
2018-06-03 00:53:44,370.7641,15040,0,5576292,1
2018-06-03 00:53:45,166.903125,15040,0,2510223,1
2018-06-03 00:56:49,56.1043,15090,0,846614,1
2018-06-03 00:58:01,1200.0,15150,0,-18180000,0
2018-06-03 00:58:41,10.0,15140,0,151400,1
2018-06-03 00:58:41,467.6873297,15150,0,7085463,1
2018-06-03 00:58:43,274.669749,15140,0,4158500,1
2018-06-03 00:58:43,447.64292128,15140,0,6777314,1
2018-06-03 00:59:35,2.3,15180,0,-34914,0
2018-06-03 00:59:35,797.5814,15180,0,-12107286,0
2018-06-03 00:59:36,11.9675,15180,0,-181667,0
2018-06-03 01:01:29,0.9,15190,0,13671,1
2018-06-03 01:01:29,162.8757,15190,0,2474082,1
2018-06-03 01:01:30,124.635,15190,0,1893206,1
2018-06-03 01:01:30,97.7639,15190,0,1485034,1
2018-06-03 01:01:30,94.553,15190,0,1436260,1
2018-06-03 01:01:31,331.1213,15190,0,5029733,1
2018-06-03 01:03:30,1200.0,15300,0,-18360000,0
2018-06-03 01:04:34,95.19670454,15220,0,1448894,1
2018-06-03 01:04:34,185.4333,15220,0,2822295,1
2018-06-03 01:04:38,280.0,15200,0,4256000,1
2018-06-03 01:04:38,519.3157,15200,0,7893599,1
2018-06-03 01:04:38,120.0543,15200,0,1824825,1
2018-06-03 01:07:46,37.7375,15200,0,-573610,0
2018-06-03 01:08:14,321.7475,15210,0,-4893779,0
2018-06-03 01:08:23,250.0,15210,0,3802500,1
2018-06-03 01:08:23,109.485,15210,0,1665267,1
2018-06-03 01:10:16,4.295e-05,15180,0,-1,0
2018-06-03 01:10:16,200.0001,15180,0,-3036002,0
2018-06-03 01:10:38,17.48103605,15170,0,-265187,0
2018-06-03 01:10:44,9.925,15170,0,-150562,0
2018-06-03 01:10:47,20.9766,15170,0,-318215,0
2018-06-03 01:11:10,222.5473,15150,0,3371592,1
2018-06-03 01:11:10,25.8354,15150,0,391406,1
2018-06-03 01:11:32,981.6554,15110,0,-14832813,0
2018-06-03 01:11:32,75.1502,15110,0,-1135520,0
2018-06-03 01:12:04,10.5815,15120,0,159992,1
2018-06-03 01:12:48,1.0,15080,0,15080,1
2018-06-03 01:12:48,3.5979,15080,0,54256,1
2018-06-03 01:12:49,503.7117,15080,0,7595972,1
2018-06-03 01:12:49,11.9392,15080,0,180043,1
2018-06-03 01:12:49,457.6893,15080,0,6901955,1
2018-06-03 01:12:49,20.8309,15080,0,314130,1
2018-06-03 01:12:49,47.4551,15080,0,715623,1
2018-06-03 01:13:17,561.3707,15060,0,-8454243,0
2018-06-03 01:14:11,78.6048,15110,0,-1187719,0
2018-06-03 01:14:11,100.0,15110,0,-1511000,0
2018-06-03 01:14:12,200.0001,15110,0,-3022002,0
2018-06-03 01:15:00,355.689,15110,0,5374461,1
2018-06-03 01:15:46,615.7134,15150,0,-9328058,0
2018-06-03 01:16:17,139.3562,15110,0,2105672,1
2018-06-03 01:16:18,20.0,15110,0,302200,1
2018-06-03 01:16:25,107.8626,15110,0,1629804,1
2018-06-03 01:16:29,5.069,15110,0,76593,1
2018-06-03 01:17:29,52.2794,15120,0,790465,1
2018-06-03 01:19:30,274.31520825,15160,0,4158619,1
2018-06-03 01:20:23,336.3037,15180,0,5105090,1
2018-06-03 01:20:23,264.8139,15180,0,4019875,1
2018-06-03 01:23:15,1200.0,15140,0,-18168000,0
2018-06-03 01:24:18,25.2798,15150,0,382989,1
2018-06-03 01:31:32,67.0,15100,0,1011700,1
2018-06-03 01:31:32,330.0,15100,0,4983000,1
2018-06-03 01:31:32,373.474,15100,0,5639457,1
2018-06-03 01:31:32,404.2462,15100,0,6104118,1
2018-06-03 01:31:58,143.5109,15110,0,-2168450,0
2018-06-03 01:33:37,53.4197,15130,0,-808240,0
2018-06-03 01:34:10,1.3999,15170,0,-21236,0
2018-06-03 01:34:10,1.7,15170,0,-25789,0
2018-06-03 01:34:25,145.409,15170,0,-2205855,0
2018-06-03 01:34:27,488.7347,15170,0,-7414105,0
2018-06-03 01:37:28,14.503,15220,0,220736,1
2018-06-03 01:38:15,210.5441,15230,0,3206587,1
2018-06-03 01:38:15,101.28364537,15230,0,1542550,1
2018-06-03 01:38:39,389.7401,15210,0,5927947,1
2018-06-03 01:38:47,1.3985,15190,0,21243,1
2018-06-03 01:39:13,1083.2951,15200,0,-16466086,0
2018-06-03 01:39:36,1.0,15190,0,15190,1
2018-06-03 01:39:36,16.7783,15190,0,254862,1
2018-06-03 01:39:36,316.849,15190,0,4812936,1
2018-06-03 01:39:36,478.6307,15190,0,7270400,1
2018-06-03 01:39:37,386.742,15190,0,5874611,1
2018-06-03 01:40:08,1200.0,15200,0,-18240000,0
2018-06-03 01:43:45,1200.0,15190,0,18228000,1
2018-06-03 01:44:43,50.0,15230,0,-761500,0
2018-06-03 01:46:16,50.0,15230,0,761500,1
2018-06-03 01:46:47,344.5504,15190,0,-5233721,0
2018-06-03 01:47:16,855.4496,15210,0,-13011388,0
2018-06-03 01:49:11,201.4032,15250,0,3071399,1
2018-06-03 01:51:11,77.988,15240,0,1188537,1
2018-06-03 01:53:30,100.0,15250,0,1525000,1
2018-06-03 01:53:30,147.1511,15250,0,2244054,1
2018-06-03 01:53:30,69.3629,15250,0,1057784,1
2018-06-03 01:53:34,410.8307,15250,0,6265168,1
2018-06-03 01:57:11,30.1214,15270,0,459954,1
2018-06-03 01:57:11,9.9653,15270,0,152170,1
2018-06-03 01:57:11,100.0,15270,0,1527000,1
2018-06-03 01:57:11,53.1774,15270,0,812019,1
2018-06-03 02:00:37,74.6400036,15280,0,-1140499,0
2018-06-03 02:00:42,1125.3599,15270,0,-17184246,0
2018-06-03 02:03:53,86.5056,15390,0,1331321,1
2018-06-03 02:05:02,282.7501,15350,0,4340214,1
2018-06-03 02:05:02,32.5732,15350,0,499999,1
2018-06-03 02:05:02,195.596,15350,0,3002399,1
2018-06-03 02:11:50,602.575,15540,0,9364016,1
2018-06-03 02:12:10,415.7933,15500,0,-6444796,0
2018-06-03 02:12:19,132.1192,15500,0,-2047848,0
2018-06-03 02:12:32,114.0759,15520,0,-1770458,0
2018-06-03 02:12:47,22.6632,15540,0,352186,1
2018-06-03 02:12:47,202.9933,15540,0,3154516,1
2018-06-03 02:12:52,307.48705627,15550,0,4781424,1
2018-06-03 02:13:21,128.8448,15540,0,2002248,1
2018-06-03 02:13:55,1.0,15580,0,-15580,0
2018-06-03 02:14:08,1.0,15560,0,15560,1
2018-06-03 02:16:57,160.83792536,15630,0,-2513897,0
2018-06-03 02:16:58,1.0,15630,0,-15630,0
2018-06-03 02:16:58,642.4,15630,0,-10040712,0
2018-06-03 02:18:09,245.6089,15680,0,3851148,1
2018-06-03 02:18:09,558.6291,15680,0,8759304,1
2018-06-03 02:19:00,1200.0,15680,0,-18816000,0
2018-06-03 02:20:15,1.0,15570,0,15570,1
2018-06-03 02:20:15,362.3356,15570,0,5641565,1
2018-06-03 02:20:15,528.4273,15570,0,8227613,1
2018-06-03 02:20:16,308.2371,15570,0,4799252,1
2018-06-03 02:20:52,105.0,15570,0,-1634850,0
2018-06-03 02:21:18,1095.0,15600,0,-17082000,0
2018-06-03 02:22:40,808.2681,15590,0,12600900,1
2018-06-03 02:22:40,240.4202,15590,0,3748151,1
2018-06-03 02:22:40,31.0693,15590,0,484370,1
2018-06-03 02:22:44,120.2424,15570,0,1872174,1
2018-06-03 02:24:06,1200.0,15550,0,-18660000,0
2018-06-03 02:24:37,5.0,15560,0,77800,1
2018-06-03 02:24:37,60.2715,15560,0,937825,1
2018-06-03 02:24:37,19.3902,15560,0,301712,1
2018-06-03 02:24:37,27.1017,15560,0,421702,1
2018-06-03 02:25:38,19.5147,15510,0,302673,1
2018-06-03 02:25:38,50.0,15510,0,775500,1
2018-06-03 02:25:38,14.8997,15510,0,231094,1
2018-06-03 02:25:38,13.0579,15510,0,202528,1
2018-06-03 02:25:38,9.7935,15510,0,151897,1
2018-06-03 02:25:38,94.7392,15510,0,1469405,1
2018-06-03 02:25:38,14.5896,15510,0,226285,1
2018-06-03 02:25:42,23.9939,15490,0,371666,1
2018-06-03 02:25:42,847.6481,15490,0,13130069,1
2018-06-03 02:26:08,132.37,15500,0,-2051735,0
2018-06-03 02:26:21,1067.63,15500,0,-16548265,0
2018-06-03 02:27:08,79.241,15480,0,1226651,1
2018-06-03 02:27:08,20.44,15480,0,316411,1
2018-06-03 02:27:08,22.7156,15480,0,351637,1
2018-06-03 02:27:08,579.818,15480,0,8975583,1
2018-06-03 02:27:09,26.723,15480,0,413672,1
2018-06-03 02:27:12,24.8303,15470,0,384125,1
2018-06-03 02:27:12,71.7869,15470,0,1110543,1
2018-06-03 02:27:12,141.1472,15470,0,2183547,1
2018-06-03 02:27:12,100.0,15470,0,1547000,1
2018-06-03 02:27:12,9.0249,15470,0,139615,1
2018-06-03 02:27:13,10.989,15470,0,170000,1
2018-06-03 02:27:31,113.2841,15470,0,1752505,1
2018-06-03 02:27:49,908.9322,15490,0,-14079360,0
2018-06-03 02:28:06,908.9322,15510,0,14097538,1
2018-06-03 02:28:45,480.6483,15470,0,-7435629,0
2018-06-03 02:28:58,719.3516,15480,0,-11135563,0
2018-06-03 02:35:06,342.85548268,15470,0,5303974,1
2018-06-03 02:35:06,857.14441731,15470,0,13260024,1
2018-06-03 02:35:18,7.4442,15460,0,-115087,0
2018-06-03 02:35:18,1120.60689003,15460,0,-17324583,0
2018-06-03 02:35:18,71.94890996,15460,0,-1112330,0
2018-06-03 02:37:09,37.01270967,15500,0,573697,1
2018-06-03 02:37:59,494.7082,15520,0,7677871,1
2018-06-03 02:38:24,604.7619,15520,0,9385905,1
2018-06-03 02:38:24,63.5171,15520,0,985785,1
2018-06-03 02:38:40,5.467,15530,0,-84903,0
2018-06-03 02:38:40,26.359,15530,0,-409355,0
2018-06-03 02:38:47,31.826,15520,0,493940,1
2018-06-03 02:41:50,548.5584,15600,0,-8557511,0
2018-06-03 02:41:50,61.1631,15600,0,-954144,0
2018-06-03 02:42:11,609.7215,15600,0,9511655,1
2018-06-03 02:43:46,1200.0,15550,0,-18660000,0
2018-06-03 02:48:24,355.6875,15570,0,5538054,1
2018-06-03 02:49:33,33.0,15520,0,512160,1
2018-06-03 02:49:33,37.8232,15520,0,587016,1
2018-06-03 02:49:33,18.18,15520,0,282154,1
2018-06-03 02:49:33,284.3927,15520,0,4413775,1
2018-06-03 02:49:59,485.99961705,15530,0,-7547574,0
2018-06-03 02:49:59,76.423,15530,0,-1186849,0
2018-06-03 02:49:59,147.778,15530,0,-2294992,0
2018-06-03 02:49:59,18.88278294,15530,0,-293250,0
2018-06-03 02:55:29,51.2935,15520,0,796075,1
2018-06-03 02:57:11,23.5151,15490,0,364249,1
2018-06-03 02:57:11,1086.6106,15500,0,16842464,1
2018-06-03 02:57:11,25.9476,15490,0,401928,1
2018-06-03 02:57:11,12.6332,15490,0,195688,1
2018-06-03 02:58:13,1200.0,15490,0,-18588000,0
2018-06-03 03:00:15,32.0566,15520,0,497518,1
2018-06-03 03:03:33,110.2363,15550,0,1714174,1
2018-06-03 03:03:53,58.6523,15550,0,912043,1
2018-06-03 03:03:54,999.0548,15550,0,15535302,1
2018-06-03 03:04:29,828.7012,15530,0,-12869730,0
2018-06-03 03:06:47,828.7012,15540,0,12878017,1
2018-06-03 03:07:53,410.8422,15480,0,-6359837,0
2018-06-03 03:08:06,143.4291,15470,0,2218848,1
2018-06-03 03:08:07,267.4131,15470,0,4136881,1
2018-06-03 03:08:10,541.9603,15480,0,-8389545,0
2018-06-03 03:08:27,4.4856,15470,0,-69392,0
2018-06-03 03:09:17,546.4459,15450,0,8442589,1
2018-06-03 03:13:07,90.1202,15280,0,-1377037,0
2018-06-03 03:13:07,1109.8798,15280,0,-16958963,0
2018-06-03 03:25:52,144.129,15330,0,2209498,1
2018-06-03 03:25:56,351.0,15330,0,5380830,1
2018-06-03 03:28:32,13.2429,15410,0,204073,1
2018-06-03 03:28:32,21.9828,15410,0,338755,1
2018-06-03 03:28:36,669.6453,15400,0,10312538,1
2018-06-03 03:29:48,13.2393,15340,0,-203091,0
2018-06-03 03:30:10,69.9999,15350,0,-1074498,0
2018-06-03 03:30:10,615.7629,15350,0,-9451961,0
2018-06-03 03:38:09,699.0021,15420,0,10778612,1
2018-06-03 03:39:00,40.0,15460,0,-618400,0
2018-06-03 03:39:00,16.2264,15460,0,-250860,0
2018-06-03 03:39:00,37.0,15460,0,-572020,0
2018-06-03 03:39:00,3.2415,15460,0,-50114,0
2018-06-03 03:39:00,1.0,15460,0,-15460,0
2018-06-03 03:39:00,30.5636,15460,0,-472513,0
2018-06-03 03:39:28,743.161,15480,0,-11504132,0
2018-06-03 03:39:59,871.1925,15520,0,13520908,1
2018-06-03 03:51:42,4.5178,15560,0,-70297,0
2018-06-03 03:51:51,4.5178,15550,0,70252,1
2018-06-03 03:53:42,1.406,15470,0,-21751,0
2018-06-03 03:53:42,38.2622,15470,0,-591916,0
2018-06-03 03:54:32,8.0004,15490,0,-123926,0
2018-06-03 03:54:38,1152.3314,15470,0,-17826567,0
2018-06-03 03:59:08,227.9547,15420,0,3515061,1
2018-06-03 04:03:42,319.03516391,15500,0,4945045,1
2018-06-03 04:04:18,11.3738,15470,0,175953,1
2018-06-03 04:04:19,200.0001,15470,0,3094002,1
2018-06-03 04:06:07,45.4882753,15520,0,705978,1
2018-06-03 04:06:52,0.4,15510,0,6204,1
2018-06-03 04:08:40,71.7165,15490,0,1110889,1
2018-06-03 04:08:41,4.1883,15490,0,64877,1
2018-06-03 04:08:41,37.5731,15490,0,582007,1
2018-06-03 04:10:37,917.7299,15470,0,-14197282,0
2018-06-03 04:14:31,432.29899677,15500,0,6700634,1
2018-06-03 04:15:36,33.6821,15440,0,520052,1
2018-06-03 04:25:16,734.0189,15450,0,11340592,1
2018-06-03 04:25:38,13.5403,15440,0,-209062,0
2018-06-03 04:26:02,13.5403,15470,0,209468,1
2018-06-03 04:30:27,250.0,15510,0,-3877500,0
2018-06-03 04:30:42,250.0,15550,0,3887500,1
2018-06-03 04:41:57,31.0274,15530,0,-481856,0
2018-06-03 04:42:54,13.0798,15560,0,-203522,0
2018-06-03 04:43:18,44.1072,15590,0,687631,1
2018-06-03 04:44:32,250.0,15640,0,-3910000,0
2018-06-03 04:44:39,2.2,15650,0,-34430,0
2018-06-03 04:46:07,196.3279,15640,0,3070568,1
2018-06-03 04:46:07,55.8721,15640,0,873840,1
2018-06-03 04:50:26,76.275,15620,0,-1191416,0
2018-06-03 04:50:33,334.6832,15620,0,-5227752,0
2018-06-03 04:50:33,0.128,15620,0,-1999,0
2018-06-03 04:50:48,317.8527,15630,0,-4968038,0
2018-06-03 04:53:20,728.9389,15620,0,11386026,1
2018-06-03 04:53:30,100.0,15610,0,-1561000,0
2018-06-03 04:58:21,37.3187,15580,0,-581425,0
2018-06-03 05:00:55,2.12406913,15550,0,-33029,0
2018-06-03 05:00:56,5.33723086,15550,0,-82994,0
2018-06-03 05:01:24,94.7343,15540,0,-1472171,0
2018-06-03 05:02:19,76.5814,15530,0,-1189309,0
2018-06-03 05:02:24,248.9706,15530,0,-3866513,0
2018-06-03 05:02:30,3.7912,15520,0,-58839,0
2018-06-03 05:02:35,388.022,15530,0,-6025982,0
2018-06-03 05:05:39,250.0,15570,0,3892500,1
2018-06-03 05:09:17,249.295,15640,0,3898974,1
2018-06-03 05:09:28,75.836,15640,0,1186075,1
2018-06-03 05:13:09,13.0327,15600,0,203310,1
2018-06-03 05:13:49,368.7158,15590,0,5748279,1
2018-06-03 05:26:12,327.4715,15640,0,-5121654,0
2018-06-03 05:29:03,276.6003,15630,0,4323263,1
2018-06-03 05:29:03,50.8712,15630,0,795117,1
2018-06-03 05:29:23,1200.0,15600,0,-18720000,0
2018-06-03 05:30:47,1072.3176,15640,0,16771047,1
2018-06-03 05:31:37,127.6824,15640,0,1996953,1
2018-06-03 05:33:03,1200.0,15730,0,-18876000,0
2018-06-03 05:33:14,555.1096,15730,0,8731874,1
2018-06-03 05:33:14,247.4965,15730,0,3893120,1
2018-06-03 05:33:15,127.0648,15730,0,1998729,1
2018-06-03 05:34:00,12.5998,15730,0,198195,1
2018-06-03 05:35:46,113.8346,15850,0,-1804278,0
2018-06-03 05:35:46,0.0807,15850,0,-1279,0
2018-06-03 05:35:47,790.9469,15850,0,-12536508,0
2018-06-03 05:35:47,37.4085,15850,0,-592925,0
2018-06-03 05:36:20,209.74793186,15850,0,3324505,1
2018-06-03 05:36:27,72.6238,15830,0,1149635,1
2018-06-03 05:36:27,274.9523,15830,0,4352495,1
2018-06-03 05:37:03,11.6175,15790,0,183440,1
2018-06-03 05:37:03,63.4181,15790,0,1001372,1
2018-06-03 05:37:03,104.1189,15790,0,1644037,1
2018-06-03 05:37:07,225.9683,15780,0,3565780,1
2018-06-03 05:37:07,237.5532,15780,0,3748589,1
2018-06-03 05:39:19,131.3524,15870,0,-2084563,0
2018-06-03 05:39:24,127.4604,15890,0,-2025346,0
2018-06-03 05:39:24,891.1872,15890,0,-14160965,0
2018-06-03 05:39:24,50.0,15890,0,-794500,0
2018-06-03 05:40:27,1200.0,15890,0,19068000,1
2018-06-03 05:40:33,197.3778,15900,0,-3138307,0
2018-06-03 05:40:33,26.1819,15900,0,-416292,0
2018-06-03 05:40:33,402.27654213,15900,0,-6396197,0
2018-06-03 05:44:08,625.8362,15900,0,9950796,1
2018-06-03 05:44:17,0.0001,15890,0,-2,0
2018-06-03 05:44:21,1019.6395,15890,0,-16202072,0
2018-06-03 05:44:44,1019.6396,15860,0,16171484,1
2018-06-03 05:44:51,431.8819,15860,0,-6849647,0
2018-06-03 05:44:56,339.4232,15860,0,5383252,1
2018-06-03 05:45:29,92.4587,15840,0,1464546,1
2018-06-03 05:45:46,125.09821726,15860,0,-1984058,0
2018-06-03 05:45:46,231.7065,15860,0,-3674865,0
2018-06-03 05:45:51,4.353e-05,15850,0,-1,0
2018-06-03 05:45:59,843.1952,15860,0,-13373076,0
2018-06-03 05:46:59,1200.0,15890,0,19068000,1
2018-06-03 05:50:51,68.2902,15920,0,-1087180,0
2018-06-03 05:51:35,1.9767,15900,0,31430,1
2018-06-03 05:51:35,66.3135,15900,0,1054385,1
2018-06-03 05:53:36,3.233e-05,15960,0,-1,0
2018-06-03 05:53:45,566.6839,15960,0,-9044275,0
2018-06-03 05:54:35,237.18740926,15980,0,-3790255,0
2018-06-03 05:55:04,110.23153605,15950,0,1758193,1
2018-06-03 05:55:10,4.8083,15950,0,76692,1
2018-06-03 05:55:41,295.8226,15820,0,4679914,1
2018-06-03 05:55:41,27.7469,15820,0,438956,1
2018-06-03 05:55:41,130.5486,15820,0,2065279,1
2018-06-03 05:55:51,965.2866,15800,0,-15251528,0
2018-06-03 05:56:16,594.7321,15740,0,9361083,1
2018-06-03 05:56:17,593.3526,15740,0,9339370,1
2018-06-03 05:56:21,11.9153,15720,0,187309,1
2018-06-03 05:56:30,12.7947,15560,0,-199086,0
2018-06-03 05:56:30,993.2337,15560,0,-15454716,0
2018-06-03 05:56:31,193.9716,15560,0,-3018198,0
2018-06-03 05:57:17,458.7935,15620,0,7166354,1
2018-06-03 05:57:25,535.87449485,15560,0,8338207,1
2018-06-03 05:57:25,205.33200514,15560,0,3194966,1
2018-06-03 05:58:07,6.38,15340,0,-97869,0
2018-06-03 05:58:07,447.31436075,15340,0,-6861802,0
2018-06-03 05:58:13,453.6943,15400,0,6986892,1
2018-06-03 05:59:19,6.2424,15480,0,-96632,0
2018-06-03 05:59:38,6.2424,15530,0,96944,1
2018-06-03 06:01:10,251.4231,15430,0,-3879458,0
2018-06-03 06:01:16,948.5769,15430,0,-14636542,0
2018-06-03 06:01:31,27.0675,15450,0,418193,1
2018-06-03 06:02:03,0.3725,15350,0,5718,1
2018-06-03 06:02:03,49.0392,15350,0,752752,1
2018-06-03 06:02:03,201.9437,15350,0,3099836,1
2018-06-03 06:02:03,7.06,15350,0,108371,1
2018-06-03 06:02:10,432.152,15350,0,6633533,1
2018-06-03 06:02:10,482.3651,15360,0,7409128,1
2018-06-03 06:02:19,668.5168,15350,0,-10261733,0
2018-06-03 06:02:20,93.175,15350,0,-1430236,0
2018-06-03 06:02:32,761.6918,15400,0,11730054,1
2018-06-03 06:04:01,20.0,15420,0,-308400,0
2018-06-03 06:04:14,12.7887,15430,0,197330,1
2018-06-03 06:04:14,7.2113,15430,0,111270,1
2018-06-03 06:05:13,0.0001,15440,0,-2,0
2018-06-03 06:06:19,46.7621,15460,0,-722942,0
2018-06-03 06:07:04,1153.2378,15440,0,-17805992,0
2018-06-03 06:07:31,0.5,15360,0,7680,1
2018-06-03 06:07:31,0.8,15360,0,12288,1
2018-06-03 06:07:36,623.3271,15370,0,9580538,1
2018-06-03 06:07:40,575.3729,15370,0,8843481,1
2018-06-03 06:08:19,22.2582,15430,0,-343444,0
2018-06-03 06:08:33,503.0104,15410,0,-7751390,0
2018-06-03 06:08:50,0.4,15430,0,6172,1
2018-06-03 06:08:50,219.2,15430,0,3382256,1
2018-06-03 06:08:50,34.1515,15430,0,526958,1
2018-06-03 06:08:51,271.5171,15430,0,4189509,1
2018-06-03 06:14:03,682.3943,15280,0,-10426985,0
2018-06-03 06:14:04,218.7838,15280,0,-3343016,0
2018-06-03 06:14:04,298.8219,15280,0,-4565999,0
2018-06-03 06:14:27,328.4795,15270,0,5015882,1
2018-06-03 06:14:32,5.2,15270,0,79404,1
2018-06-03 06:14:42,866.3205,15230,0,13194061,1
2018-06-03 06:14:56,20.3943,15210,0,-310197,0
2018-06-03 06:15:02,20.3943,15220,0,310401,1
2018-06-03 06:19:36,11.4971,15120,0,-173836,0
2018-06-03 06:19:43,14.12988306,15120,0,-213644,0
2018-06-03 06:20:22,25.627,15070,0,386199,1
2018-06-03 06:22:05,1200.0,15100,0,-18120000,0
2018-06-03 06:22:28,1200.0,15070,0,18084000,1
2018-06-03 06:22:39,264.5866,15110,0,-3997904,0
2018-06-03 06:22:40,935.4134,15110,0,-14134096,0
2018-06-03 06:24:38,64.6207,15160,0,979650,1
2018-06-03 06:24:39,12.342,15160,0,187105,1
2018-06-03 06:24:39,152.27480211,15160,0,2308486,1
2018-06-03 06:26:27,4.2078,15150,0,63748,1
2018-06-03 06:26:27,277.2923,15150,0,4200978,1
2018-06-03 06:26:28,47.4553,15150,0,718948,1
2018-06-03 06:26:28,641.8071,15150,0,9723378,1
2018-06-03 06:27:48,530.92215274,15190,0,-8064708,0
2018-06-03 06:27:48,26.8482,15190,0,-407824,0
2018-06-03 06:27:49,593.8205,15190,0,-9020133,0
2018-06-03 06:27:49,48.40914725,15190,0,-735335,0
2018-06-03 06:28:32,1200.0,15120,0,18144000,1
2018-06-03 06:30:13,1200.0,14970,0,-17964000,0
2018-06-03 06:34:02,548.1638,14920,0,8178604,1
2018-06-03 06:34:02,3.2617,14920,0,48665,1
2018-06-03 06:34:03,26.7156,14920,0,398597,1
2018-06-03 06:34:03,71.93,14920,0,1073196,1
2018-06-03 06:34:03,3.72,14920,0,55502,1
2018-06-03 06:34:07,270.3288,14900,0,4027899,1
2018-06-03 06:34:07,100.0,14900,0,1490000,1
2018-06-03 06:34:07,14.7976,14900,0,220484,1
2018-06-03 06:34:07,161.0825,14900,0,2400129,1
2018-06-03 06:34:21,176.7644,14890,0,-2632022,0
2018-06-03 06:34:32,119.9999,14930,0,-1791599,0
2018-06-03 06:34:36,127.5382,14920,0,-1902870,0
2018-06-03 06:34:42,424.3025,14890,0,6317864,1
2018-06-03 06:35:50,54.0,14800,0,-799200,0
2018-06-03 06:35:54,20.0,14840,0,-296800,0
2018-06-03 06:36:07,477.3782,14880,0,-7103388,0
2018-06-03 06:36:12,0.1,14880,0,1488,1
2018-06-03 06:36:49,648.7218,14880,0,-9652980,0
2018-06-03 06:37:14,1200.0,14810,0,17772000,1
2018-06-03 06:38:47,9.193e-05,14880,0,-1,0
2018-06-03 06:39:19,457.7713,14860,0,-6802482,0
2018-06-03 06:39:21,457.7714,14900,0,6820794,1
2018-06-03 06:39:27,1200.0,14900,0,-17880000,0
2018-06-03 06:40:07,8.0,14970,0,119760,1
2018-06-03 06:40:07,10.3302,14970,0,154643,1
2018-06-03 06:40:11,2.5998,14960,0,38893,1
2018-06-03 06:40:11,353.37,14960,0,5286415,1
2018-06-03 06:40:17,63.74,14950,0,952913,1
2018-06-03 06:41:24,761.96,14960,0,11398922,1
2018-06-03 06:44:17,209.70933903,14960,0,-3137252,0
2018-06-03 06:44:17,668.59996096,14960,0,-10002255,0
2018-06-03 06:47:10,878.3093,15060,0,13227338,1
2018-06-03 06:48:30,1200.0,14900,0,-17880000,0
2018-06-03 06:49:25,1200.0,14840,0,17808000,1
2018-06-03 06:49:57,39.3936,14740,0,-580662,0
2018-06-03 06:49:57,228.0386,14740,0,-3361289,0
2018-06-03 06:49:58,932.5678,14740,0,-13746049,0
2018-06-03 06:50:25,119.052,14810,0,1763160,1
2018-06-03 06:50:25,36.1373,14810,0,535193,1
2018-06-03 06:51:33,1044.8107,14790,0,15452750,1
2018-06-03 06:51:57,1200.0,14830,0,-17796000,0
2018-06-03 06:53:12,1200.0,14840,0,17808000,1
2018-06-03 06:53:32,158.8454,14790,0,-2349323,0
2018-06-03 06:53:45,20.4658,14780,0,-302485,0
2018-06-03 06:54:12,9.0823,14720,0,133691,1
2018-06-03 06:54:12,10.0,14720,0,147200,1
2018-06-03 06:54:12,3.141,14720,0,46236,1
2018-06-03 06:54:12,157.0879,14720,0,2312334,1
2018-06-03 06:56:46,229.1238,14710,0,-3370411,0
2018-06-03 06:56:57,970.8762,14710,0,-14281589,0
2018-06-03 07:00:14,1200.0,14720,0,17664000,1
2018-06-03 07:00:35,20.9198,14770,0,-308985,0
2018-06-03 07:00:48,76.92,14770,0,-1136108,0
2018-06-03 07:00:54,64.1615,14750,0,-946382,0
2018-06-03 07:00:58,12.7582,14790,0,-188694,0
2018-06-03 07:00:58,1025.2405,14790,0,-15163307,0
2018-06-03 07:02:00,1.2,14640,0,17568,1
2018-06-03 07:02:00,3.2,14640,0,46848,1
2018-06-03 07:02:00,1.5,14640,0,21960,1
2018-06-03 07:02:00,1.3,14640,0,19032,1
2018-06-03 07:02:01,1.1,14640,0,16104,1
2018-06-03 07:02:01,2.0,14640,0,29280,1
2018-06-03 07:02:01,3.2,14640,0,46848,1
2018-06-03 07:02:01,1.1,14640,0,16104,1
2018-06-03 07:02:01,3.2,14640,0,46848,1
2018-06-03 07:02:02,1182.2,14640,0,17307408,1
2018-06-03 07:02:10,12.7523,14670,0,-187076,0
2018-06-03 07:02:14,10.195,14690,0,-149765,0
2018-06-03 07:02:24,22.9473,14650,0,336178,1
2018-06-03 07:02:38,143.0601,14720,0,-2105845,0
2018-06-03 07:02:38,23.1217,14720,0,-340351,0
2018-06-03 07:02:44,280.0,14710,0,-4118800,0
2018-06-03 07:02:44,7.4425,14710,0,-109479,0
2018-06-03 07:02:55,746.3757,14730,0,-10994114,0
2018-06-03 07:03:56,1200.0,14890,0,17868000,1
2018-06-03 07:04:18,165.1114,14940,0,-2466764,0
2018-06-03 07:04:39,33.95868544,14910,0,506324,1
2018-06-03 07:04:39,2.5469,14910,0,37974,1
2018-06-03 07:04:43,128.6059,14880,0,1913656,1
2018-06-03 07:06:31,50.0341,14860,0,-743507,0
2018-06-03 07:06:31,675.3585,14860,0,-10035827,0
2018-06-03 07:06:31,300.0,14860,0,-4458000,0
2018-06-03 07:06:31,159.4896,14860,0,-2370015,0
2018-06-03 07:06:31,15.1178,14860,0,-224651,0
2018-06-03 07:06:47,1200.0,14890,0,17868000,1
2018-06-03 07:07:11,12.7665,14960,0,-190987,0
2018-06-03 07:07:11,366.76352834,14960,0,-5486782,0
2018-06-03 07:07:11,2.0,14960,0,-29920,0
2018-06-03 07:07:11,4.7068,14960,0,-70414,0
2018-06-03 07:07:15,271.08484076,14990,0,-4063562,0
2018-06-03 07:07:15,330.6873,14990,0,-4957003,0
2018-06-03 07:07:15,9.8995,14990,0,-148394,0
2018-06-03 07:07:41,22.3781,15020,0,336119,1
2018-06-03 07:07:41,975.5303,15020,0,14652465,1
2018-06-03 07:08:19,1200.0,14970,0,-17964000,0
2018-06-03 07:08:40,412.1111,14980,0,6173424,1
2018-06-03 07:09:43,40.8071,15000,0,612107,1
2018-06-03 07:10:24,747.0818,14960,0,11176344,1
2018-06-03 07:11:07,64.86887817,14960,0,-970438,0
2018-06-03 07:11:07,23.92942182,14960,0,-357984,0
2018-06-03 07:11:24,88.7983,14940,0,1326647,1
2018-06-03 07:12:12,1200.0,14920,0,-17904000,0
2018-06-03 07:12:58,410.3601,14880,0,6106158,1
2018-06-03 07:12:58,69.1662,14880,0,1029193,1
2018-06-03 07:13:17,490.495,14890,0,7303471,1
2018-06-03 07:13:17,229.9787,14890,0,3424383,1
2018-06-03 07:13:40,126.3998,14900,0,-1883357,0
2018-06-03 07:13:40,30.91,14900,0,-460559,0
2018-06-03 07:13:40,51.819,14900,0,-772103,0
2018-06-03 07:13:40,120.0,14900,0,-1788000,0
2018-06-03 07:13:40,45.0906,14900,0,-671850,0
2018-06-03 07:13:46,22.0,14910,0,-328020,0
2018-06-03 07:13:46,803.7806,14910,0,-11984369,0
2018-06-03 07:16:56,157.295,14960,0,2353133,1
2018-06-03 07:17:11,1042.705,14950,0,15588440,1
2018-06-03 07:18:45,546.9759,14900,0,-8149941,0
2018-06-03 07:20:24,64.1851,14930,0,958284,1
2018-06-03 07:20:38,30.721,14920,0,458357,1
2018-06-03 07:20:55,17.041,14910,0,254081,1
2018-06-03 07:21:12,20.9109,14910,0,311782,1
2018-06-03 07:21:18,0.7286,14920,0,10871,1
2018-06-03 07:21:43,12.7663,14950,0,-190856,0
2018-06-03 07:22:22,12.7696,15000,0,191544,1
2018-06-03 07:22:51,786.614,15060,0,-11846407,0
2018-06-03 07:23:18,161.5581,15040,0,2429834,1
2018-06-03 07:23:30,151.7956,15040,0,2283006,1
2018-06-03 07:23:30,27.2406,15040,0,409699,1
2018-06-03 07:23:41,423.1663,15030,0,6360189,1
2018-06-03 07:24:06,293.0045,15070,0,-4415578,0
2018-06-03 07:24:56,540.3183,15080,0,8148000,1
2018-06-03 07:24:57,44.8039,15080,0,675643,1
2018-06-03 07:24:57,79.211,15080,0,1194502,1
2018-06-03 07:24:58,11.87214854,15080,0,179032,1
2018-06-03 07:25:01,53.03855145,15080,0,799821,1
2018-06-03 07:26:21,200.0001,15060,0,-3012002,0
2018-06-03 07:26:32,999.9999,15050,0,-15049998,0
2018-06-03 07:27:02,19.0845,15050,0,287222,1
2018-06-03 07:27:02,0.3161,15050,0,4757,1
2018-06-03 07:27:06,1.8,15010,0,27018,1
2018-06-03 07:27:10,121.8505,15000,0,1827758,1
2018-06-03 07:27:10,277.1184,15000,0,4156776,1
2018-06-03 07:27:10,170.3703,15000,0,2555555,1
2018-06-03 07:27:10,11.285,15000,0,169275,1
2018-06-03 07:27:10,47.0052,15000,0,705078,1
2018-06-03 07:27:10,20.0,15000,0,300000,1
2018-06-03 07:27:11,6.2913,15000,0,94370,1
2018-06-03 07:27:14,466.955,15000,0,7004325,1
2018-06-03 07:27:15,57.9237,15000,0,868856,1
2018-06-03 07:28:36,2.9313,15020,0,-44028,0
2018-06-03 07:28:36,778.03362729,15020,0,-11686065,0
2018-06-03 07:28:36,419.0350727,15020,0,-6293907,0
2018-06-03 07:30:32,1200.0,15050,0,18060000,1
2018-06-03 07:31:31,33.9408,15060,0,-511148,0
2018-06-03 07:32:14,374.41289457,15110,0,-5657379,0
2018-06-03 07:32:15,791.64630542,15110,0,-11961776,0
2018-06-03 07:35:39,579.7668,15090,0,8748681,1
2018-06-03 07:35:40,419.4788,15090,0,6329935,1
2018-06-03 07:35:40,200.7544,15090,0,3029384,1
2018-06-03 07:39:15,1200.0,15110,0,-18132000,0
2018-06-03 07:39:52,189.5409,15070,0,2856381,1
2018-06-03 07:39:53,50.0,15070,0,753500,1
2018-06-03 07:39:53,141.8124,15070,0,2137113,1
2018-06-03 07:39:53,200.0,15070,0,3014000,1
2018-06-03 07:39:53,618.6467,15070,0,9323006,1
2018-06-03 07:42:30,522.1559,15120,0,-7894997,0
2018-06-03 07:42:43,0.081,15110,0,1224,1
2018-06-03 07:42:44,522.0749,15110,0,7888552,1
2018-06-03 07:45:27,159.616,15030,0,-2399028,0
2018-06-03 07:45:34,0.4,15010,0,6004,1
2018-06-03 07:45:38,76.9381,14990,0,1153302,1
2018-06-03 07:45:38,82.2779,14990,0,1233346,1
2018-06-03 07:46:31,134.0508,14950,0,-2004059,0
2018-06-03 07:46:31,500.0,14950,0,-7475000,0
2018-06-03 07:46:31,222.4883,14950,0,-3326200,0
2018-06-03 07:49:39,114.9635,14920,0,1715255,1
2018-06-03 07:49:47,692.0004,14900,0,10310806,1
2018-06-03 07:49:47,0.5,14900,0,7450,1
2018-06-03 07:49:48,49.0752,14900,0,731220,1
2018-06-03 07:52:22,578.1014,15000,0,-8671521,0
2018-06-03 07:52:22,256.6879,15000,0,-3850319,0
2018-06-03 07:52:22,0.5,15000,0,-7500,0
2018-06-03 07:52:23,10.0,15000,0,-150000,0
2018-06-03 07:52:23,240.0,15000,0,-3600000,0
2018-06-03 07:54:06,695.3309,15020,0,10443870,1
2018-06-03 07:54:46,13.4629,14990,0,201809,1
2018-06-03 07:55:13,376.4955,15010,0,5651197,1
2018-06-03 07:57:37,547.8303952,15020,0,-8228413,0
2018-06-03 07:57:37,24.4387,15020,0,-367069,0
2018-06-03 07:57:37,627.73090479,15020,0,-9428518,0
2018-06-03 08:01:22,5.1724,15080,0,78000,1
2018-06-03 08:01:22,8.7061,15080,0,131288,1
2018-06-03 08:01:22,917.1181,15080,0,13830141,1
2018-06-03 08:01:22,0.1,15080,0,1508,1
2018-06-03 08:01:26,15.2777,15070,0,230235,1
2018-06-03 08:01:26,8.7118,15070,0,131287,1
2018-06-03 08:02:24,2.8732,15100,0,43385,1
2018-06-03 08:02:29,12.7696,15080,0,192566,1
2018-06-03 08:02:29,44.6716,15080,0,673648,1
2018-06-03 08:02:29,62.3051,15080,0,939561,1
2018-06-03 08:03:18,10.0,15070,0,150700,1
2018-06-03 08:04:22,200.0,15120,0,-3024000,0
2018-06-03 08:04:22,10.0,15120,0,-151200,0
2018-06-03 08:04:22,26.5538,15120,0,-401493,0
2018-06-03 08:04:22,30.5849,15120,0,-462444,0
2018-06-03 08:04:37,379.4331,15100,0,5729440,1
2018-06-03 08:05:28,23.9899,15100,0,-362247,0
2018-06-03 08:08:34,23.9899,15100,0,362247,1
2018-06-03 08:09:34,697.033,15150,0,-10560050,0
2018-06-03 08:09:34,185.49639735,15150,0,-2810270,0
2018-06-03 08:09:34,317.47060264,15150,0,-4809680,0
2018-06-03 08:10:47,1200.0,15120,0,18144000,1
2018-06-03 08:15:25,1136.4599,15130,0,-17194638,0
2018-06-03 08:17:04,316.76309808,15180,0,4808464,1
2018-06-03 08:17:04,216.0772,15180,0,3280052,1
2018-06-03 08:17:04,69.3424,15180,0,1052618,1
2018-06-03 08:17:04,534.27720191,15180,0,8110328,1
2018-06-03 08:18:18,488.002,15210,0,-7422510,0
2018-06-03 08:18:18,711.998,15210,0,-10829490,0
2018-06-03 08:20:06,1200.0,15270,0,18324000,1
2018-06-03 08:21:08,8.687e-05,15240,0,-1,0
2018-06-03 08:21:15,639.3,15260,0,-9755718,0
2018-06-03 08:21:35,34.2905,15240,0,522587,1
2018-06-03 08:25:57,200.8199,15370,0,3086602,1
2018-06-03 08:26:02,141.03,15370,0,2167631,1
2018-06-03 08:26:02,263.1597,15370,0,4044765,1
2018-06-03 08:27:23,5.3326,15410,0,-82175,0
2018-06-03 08:28:18,5.3326,15380,0,82015,1
2018-06-03 08:29:24,12.788,15420,0,-197191,0
2018-06-03 08:32:49,1187.212,15500,0,-18401786,0
2018-06-03 08:34:55,5.0,15390,0,76950,1
2018-06-03 08:34:55,1.8593,15390,0,28615,1
2018-06-03 08:34:55,152.5794,15390,0,2348197,1
2018-06-03 08:34:55,143.2281,15390,0,2204280,1
2018-06-03 08:34:55,1.488,15390,0,22900,1
2018-06-03 08:34:56,134.95,15390,0,2076881,1
2018-06-03 08:35:41,513.2348,15380,0,7893551,1
2018-06-03 08:35:41,141.466,15380,0,2175747,1
2018-06-03 08:35:41,106.1944,15380,0,1633270,1
2018-06-03 08:35:51,297.5779,15420,0,-4588651,0
2018-06-03 08:35:51,1.0,15420,0,-15420,0
2018-06-03 08:35:51,20.0469,15420,0,-309123,0
2018-06-03 08:37:05,78.372,15330,0,1201443,1
2018-06-03 08:37:05,1.0,15330,0,15330,1
2018-06-03 08:37:37,10.0,15300,0,153000,1
2018-06-03 08:37:37,5.0,15300,0,76500,1
2018-06-03 08:37:37,104.5287,15300,0,1599289,1
2018-06-03 08:37:37,7.1185,15300,0,108913,1
2018-06-03 08:37:38,51.0,15300,0,780300,1
2018-06-03 08:37:38,41.6056,15300,0,636566,1
2018-06-03 08:37:38,10.0,15300,0,153000,1
2018-06-03 08:37:38,10.0,15300,0,153000,1
2018-06-03 08:38:10,106.0132,15330,0,-1625182,0
2018-06-03 08:38:10,90.6442,15330,0,-1389576,0
2018-06-03 08:38:10,37.051,15330,0,-567992,0
2018-06-03 08:38:10,64.9642,15330,0,-995901,0
2018-06-03 08:38:20,142.99928292,15340,0,-2193609,0
2018-06-03 08:38:21,12.78451707,15340,0,-196114,0
2018-06-03 08:38:48,452.37990781,15350,0,-6944032,0
2018-06-03 08:38:48,94.73159218,15350,0,-1454130,0
2018-06-03 08:38:48,198.4321,15350,0,-3045933,0
2018-06-03 08:39:38,77.0523296,15330,0,1181212,1
2018-06-03 08:39:58,196.7619,15300,0,3010457,1
2018-06-03 08:39:59,16.6993,15300,0,255499,1
2018-06-03 08:39:59,1.0,15300,0,15300,1
2018-06-03 08:39:59,79.153,15300,0,1211041,1
2018-06-03 08:39:59,12.7839,15300,0,195594,1
2018-06-03 08:39:59,9.4989,15300,0,145333,1
2018-06-03 08:40:23,807.0507,15310,0,12355946,1
2018-06-03 08:42:20,120.0,15370,0,-1844400,0
2018-06-03 08:44:12,20.0,15340,0,306800,1
2018-06-03 08:44:12,100.0,15340,0,1534000,1
2018-06-03 08:45:33,220.0322,15270,0,-3359892,0
2018-06-03 08:45:33,12.7065,15270,0,-194028,0
2018-06-03 08:45:33,51.2627,15270,0,-782781,0
2018-06-03 08:45:33,123.6945,15270,0,-1888815,0
2018-06-03 08:45:35,628.49,15270,0,-9597042,0
2018-06-03 08:45:35,46.9693,15270,0,-717221,0
2018-06-03 08:45:35,116.8448,15270,0,-1784220,0
2018-06-03 08:45:56,0.2961,15240,0,4513,1
2018-06-03 08:45:56,0.0658,15240,0,1003,1
2018-06-03 08:45:56,19.6851,15240,0,300001,1
2018-06-03 08:45:56,27.1583,15240,0,413892,1
2018-06-03 08:46:37,3.1492,15250,0,48025,1
2018-06-03 08:46:37,907.6768,15250,0,13842071,1
2018-06-03 08:46:37,241.9687,15250,0,3690023,1
2018-06-03 08:47:43,69.36982686,15260,0,-1058584,0
2018-06-03 08:47:48,1009.68255998,15270,0,-15417853,0
2018-06-03 08:47:48,120.94764001,15270,0,-1846870,0
2018-06-03 08:51:04,30.0552,15270,0,458943,1
2018-06-03 08:54:28,57.7643,15190,0,877440,1
2018-06-03 08:54:28,872.1392,15190,0,13247794,1
2018-06-03 08:54:28,10.0,15190,0,151900,1
2018-06-03 08:54:28,0.3356,15190,0,5098,1
2018-06-03 08:54:28,177.0121,15190,0,2688814,1
2018-06-03 08:54:28,13.7452,15190,0,208790,1
2018-06-03 08:54:28,38.9484,15190,0,591626,1
2018-06-03 08:56:15,442.0226,15220,0,-6727584,0
2018-06-03 08:56:57,81.8848,15240,0,-1247924,0
2018-06-03 08:57:18,144.0092,15250,0,-2196140,0
2018-06-03 09:00:08,140.22547653,15260,0,2139841,1
2018-06-03 09:00:13,527.6911,15270,0,8057843,1
2018-06-03 09:00:43,172.8188,15300,0,-2644128,0
2018-06-03 09:00:43,43.0,15300,0,-657900,0
2018-06-03 09:00:55,12.9017,15350,0,-198041,0
2018-06-03 09:00:55,547.7285,15350,0,-8407632,0
2018-06-03 09:00:55,423.551,15350,0,-6501508,0
2018-06-03 09:01:22,500.0,15320,0,7660000,1
2018-06-03 09:01:22,125.8619,15320,0,1928204,1
2018-06-03 09:01:22,52.685,15320,0,807134,1
2018-06-03 09:01:30,365.4858,15320,0,5599242,1
2018-06-03 09:01:49,927.08,15290,0,-14175053,0
2018-06-03 09:04:22,0.6741,15370,0,10361,1
2018-06-03 09:04:22,211.64,15370,0,3252907,1
2018-06-03 09:05:08,562.7928,15360,0,8644497,1
2018-06-03 09:05:08,99.13,15360,0,1522637,1
2018-06-03 09:05:44,0.01,15390,0,-154,0
2018-06-03 09:05:48,9.7464,15410,0,-150192,0
2018-06-03 09:05:48,40.6172,15410,0,-625911,0
2018-06-03 09:05:53,740.4846,15410,0,-11410868,0
2018-06-03 09:06:21,67.4889,15390,0,1038654,1
2018-06-03 09:06:31,166.3083,15370,0,2556159,1
2018-06-03 09:07:26,116.01690182,15380,0,1784340,1
2018-06-03 09:07:38,66.3389,15370,0,1019629,1
2018-06-03 09:07:44,132.3707,15370,0,2034538,1
2018-06-03 09:07:48,409.4845,15360,0,6289682,1
2018-06-03 09:07:48,41.6604,15360,0,639904,1
2018-06-03 09:12:34,75.2921,15400,0,-1159498,0
2018-06-03 09:12:35,2.3492,15400,0,-36178,0
2018-06-03 09:12:35,611.7512,15400,0,-9420968,0
2018-06-03 09:12:35,509.6075,15400,0,-7847956,0
2018-06-03 09:12:35,1.0,15400,0,-15400,0
2018-06-03 09:13:11,67.754,15400,0,1043412,1
2018-06-03 09:13:12,194.2679,15400,0,2991726,1
2018-06-03 09:13:12,17.6262,15400,0,271443,1
2018-06-03 09:13:15,70.33630214,15390,0,1082476,1
2018-06-03 09:13:20,850.0156,15390,0,13081740,1
2018-06-03 09:24:48,1200.0,15420,0,-18504000,0
2018-06-03 09:34:21,55.0337,15400,0,847519,1
2018-06-03 09:34:22,5.5988,15400,0,86222,1
2018-06-03 09:34:22,23.2011,15400,0,357297,1
2018-06-03 09:34:22,200.0,15400,0,3080000,1
2018-06-03 09:34:22,10.76,15400,0,165704,1
2018-06-03 09:34:25,905.4064,15390,0,13934204,1
2018-06-03 09:37:24,84.623,15350,0,-1298963,0
2018-06-03 09:37:48,681.6804,15360,0,-10470611,0
2018-06-03 09:41:40,60.598,15370,0,931391,1
2018-06-03 09:41:40,4.498,15370,0,69134,1
2018-06-03 09:41:40,30.0,15370,0,461100,1
2018-06-03 09:42:58,50.0,15380,0,769000,1
2018-06-03 09:42:58,200.0,15380,0,3076000,1
2018-06-03 09:42:58,104.573,15380,0,1608333,1
2018-06-03 09:45:27,883.3656,15410,0,-13612664,0
2018-06-03 09:45:41,153.7636,15400,0,2367959,1
2018-06-03 09:46:10,120.7914,15390,0,1858980,1
2018-06-03 09:46:10,20.1155,15390,0,309578,1
2018-06-03 09:46:10,905.3295,15390,0,13933021,1
2018-06-03 09:46:56,29.6579,15400,0,-456732,0
2018-06-03 09:46:56,100.9292,15400,0,-1554310,0
2018-06-03 09:47:40,41.94238643,15410,0,646332,1
2018-06-03 09:47:40,47.1488,15410,0,726563,1
2018-06-03 09:47:44,41.4959,15410,0,639452,1
2018-06-03 09:51:09,1200.0,15440,0,-18528000,0
2018-06-03 09:55:22,199.1938,15390,0,3065593,1
2018-06-03 09:55:23,3.3105,15390,0,50949,1
2018-06-03 09:55:23,25.9346,15390,0,399133,1
2018-06-03 09:55:23,19.9531,15390,0,307078,1
2018-06-03 09:55:23,8.8075,15390,0,135547,1
2018-06-03 09:55:23,80.0664,15390,0,1232222,1
2018-06-03 09:55:23,862.7341,15390,0,13277478,1
2018-06-03 09:56:22,5.0,15390,0,-76950,0
2018-06-03 09:56:23,111.5186,15390,0,-1716271,0
2018-06-03 09:56:25,63.9991,15380,0,-984306,0
2018-06-03 09:57:36,162.9,15390,0,-2507031,0
2018-06-03 09:57:48,81.0522,15390,0,-1247393,0
2018-06-03 09:57:48,30.1339,15390,0,-463761,0
2018-06-03 09:57:48,745.3962,15390,0,-11471648,0
2018-06-03 10:05:55,485.7442,15390,0,7475603,1
2018-06-03 10:05:55,714.2558,15390,0,10992397,1
2018-06-03 10:10:01,263.6075,15370,0,-4051647,0
2018-06-03 10:12:06,263.6075,15380,0,4054283,1
2018-06-03 10:23:33,7.15e-05,15400,0,-1,0
2018-06-03 10:33:13,7.0563,15380,0,-108526,0
2018-06-03 10:33:13,23.2209,15380,0,-357137,0
2018-06-03 10:33:14,76.92,15380,0,-1183030,0
2018-06-03 10:33:44,1092.8027,15380,0,-16807306,0
2018-06-03 10:39:23,161.4826,15360,0,2480373,1
2018-06-03 10:39:23,20.3442,15360,0,312487,1
2018-06-03 10:39:23,65.0195,15360,0,998700,1
2018-06-03 10:39:23,232.132,15360,0,3565548,1
2018-06-03 10:39:23,609.138,15360,0,9356360,1
2018-06-03 10:39:23,111.8837,15360,0,1718534,1
2018-06-03 10:44:07,9.4736,15150,0,-143525,0
2018-06-03 10:44:07,1079.8307,15150,0,-16359435,0
2018-06-03 10:44:08,58.5146,15150,0,-886496,0
2018-06-03 10:44:56,103.409,15130,0,1564578,1
2018-06-03 10:45:00,221.3813,15110,0,3345071,1
2018-06-03 10:45:00,118.3621,15110,0,1788451,1
2018-06-03 10:45:00,51.764,15110,0,782154,1
2018-06-03 10:45:00,12.7346,15110,0,192420,1
2018-06-03 10:45:00,17.0,15110,0,256870,1
2018-06-03 10:45:01,0.4,15110,0,6044,1
2018-06-03 10:45:01,0.9,15110,0,13599,1
2018-06-03 10:45:01,20.0,15110,0,302200,1
2018-06-03 10:45:07,247.8236,15100,0,3742136,1
2018-06-03 10:45:08,354.0443,15100,0,5346069,1
2018-06-03 10:46:01,14.3605,15090,0,-216700,0
2018-06-03 10:46:26,238.7093,15120,0,-3609285,0
2018-06-03 10:46:26,76.92,15120,0,-1163030,0
2018-06-03 10:47:14,289.3839,15130,0,4378378,1
2018-06-03 10:47:35,28.95735376,15140,0,-438414,0
2018-06-03 10:47:35,547.24074623,15140,0,-8285225,0
2018-06-03 10:49:20,506.3738,15130,0,7661436,1
2018-06-03 10:49:20,110.4302,15130,0,1670809,1
2018-06-03 10:50:40,93.7365,15080,0,-1413546,0
2018-06-03 10:51:27,10.0,15030,0,150300,1
2018-06-03 10:51:28,0.1481,15030,0,2226,1
2018-06-03 10:51:28,83.5884,15030,0,1256334,1
2018-06-03 10:52:28,1200.0,15050,0,-18060000,0
2018-06-03 10:54:56,1151.0532,15100,0,17380903,1
2018-06-03 10:55:09,20.0,15120,0,-302400,0
2018-06-03 10:55:10,100.0,15120,0,-1512000,0
2018-06-03 10:55:10,304.9149,15120,0,-4610313,0
2018-06-03 10:55:27,180.0,15120,0,-2721600,0
2018-06-03 10:56:30,653.8617,15110,0,9879850,1
2018-06-03 11:07:48,1200.0,15160,0,-18192000,0
2018-06-03 11:08:11,340.60174587,15160,0,5163522,1
2018-06-03 11:08:11,859.39825412,15160,0,13028478,1
2018-06-03 11:13:12,147.86223645,15180,0,-2244549,0
2018-06-03 11:13:12,6.6316,15180,0,-100668,0
2018-06-03 11:13:13,50.0,15180,0,-759000,0
2018-06-03 11:13:13,70.22016354,15180,0,-1065942,0
2018-06-03 11:14:39,300.0,15240,0,-4572000,0
2018-06-03 11:14:39,20.0,15240,0,-304800,0
2018-06-03 11:14:39,80.1125,15240,0,-1220915,0
2018-06-03 11:14:39,0.2972,15240,0,-4529,0
2018-06-03 11:14:39,18.7304,15240,0,-285451,0
2018-06-03 11:14:39,5.7,15240,0,-86868,0
2018-06-03 11:14:39,1.0,15240,0,-15240,0
2018-06-03 11:14:39,1.5091,15240,0,-22999,0
2018-06-03 11:14:40,1.0,15240,0,-15240,0
2018-06-03 11:14:40,10.0,15240,0,-152400,0
2018-06-03 11:14:40,188.0,15240,0,-2865120,0
2018-06-03 11:17:56,29.6185,15260,0,451978,1
2018-06-03 11:21:46,149.2844,15220,0,2272109,1
2018-06-03 11:21:47,275.0241,15220,0,4185867,1
2018-06-03 11:23:24,0.1964,15270,0,2999,1
2018-06-03 11:26:44,22.0591,15200,0,335298,1
2018-06-03 11:26:44,3.0,15200,0,45600,1
2018-06-03 11:26:44,421.8807,15200,0,6412587,1
2018-06-03 11:28:40,18.6807,15220,0,-284320,0
2018-06-03 11:30:50,18.6807,15170,0,283386,1
2018-06-03 11:44:41,410.8272,15150,0,-6224032,0
2018-06-03 11:47:12,269.99064105,15100,0,-4076859,0
2018-06-03 11:47:12,300.0,15100,0,-4530000,0
2018-06-03 11:47:13,59.0,15100,0,-890900,0
2018-06-03 11:47:40,0.1989,15080,0,2999,1
2018-06-03 11:47:40,30.33,15080,0,457376,1
2018-06-03 11:47:41,410.8242,15080,0,6195229,1
2018-06-03 11:47:41,16.9739,15080,0,255966,1
2018-06-03 11:47:41,503.76,15080,0,7596701,1
2018-06-03 11:47:41,2.0,15080,0,30160,1
2018-06-03 11:47:41,3.29,15080,0,49613,1
2018-06-03 11:47:44,33.5357,15080,0,505718,1
2018-06-03 11:47:50,15.905,15060,0,239529,1
2018-06-03 11:47:50,23.0001,15060,0,346382,1
2018-06-03 11:48:10,264.51464923,15090,0,-3991526,0
2018-06-03 11:48:10,120.0,15090,0,-1810800,0
2018-06-03 11:48:11,72.344,15090,0,-1091671,0
2018-06-03 11:48:29,10.4322,15110,0,-157631,0
2018-06-03 11:49:10,1.2243,15100,0,-18487,0
2018-06-03 11:51:24,468.5152,15090,0,7069894,1
2018-06-03 11:52:54,1200.0,15120,0,-18144000,0
2018-06-03 11:53:56,36.8872611,15170,0,559580,1
2018-06-03 11:54:08,160.0047,15140,0,2422471,1
2018-06-03 11:55:53,1003.108,15170,0,15217148,1
2018-06-03 11:58:14,479.62838421,15200,0,-7290351,0
2018-06-03 11:58:15,12.9115,15200,0,-196255,0
2018-06-03 11:58:18,527.3919,15200,0,-8016357,0
2018-06-03 11:58:19,128.5554,15210,0,-1955328,0
2018-06-03 11:58:19,51.5128,15210,0,-783510,0
2018-06-03 12:00:02,88.979,15220,0,1354260,1
2018-06-03 12:00:41,12.2055,15190,0,185402,1
2018-06-03 12:00:41,0.1975,15190,0,3000,1
2018-06-03 12:00:41,1098.618,15190,0,16688007,1
2018-06-03 12:47:11,2.2776,15150,0,-34506,0
2018-06-03 12:50:20,2.2776,15140,0,34483,1
2018-06-03 12:58:15,338.9573,15120,0,-5125034,0
2018-06-03 12:58:16,278.9808,15120,0,-4218190,0
2018-06-03 12:58:16,2.3293,15120,0,-35219,0
2018-06-03 13:03:51,620.2674,15110,0,9372240,1
2018-06-03 13:11:23,9.8289,15070,0,-148122,0
2018-06-03 13:11:24,60.7224,15070,0,-915087,0
2018-06-03 13:11:24,116.8439,15070,0,-1760838,0
2018-06-03 13:13:49,4.1611,15050,0,62625,1
2018-06-03 13:13:50,31.0223,15050,0,466886,1
2018-06-03 13:13:50,127.397,15050,0,1917325,1
2018-06-03 13:13:50,24.8148,15050,0,373463,1
2018-06-03 13:14:51,164.2816,15040,0,-2470795,0
2018-06-03 13:14:51,1035.7184,15040,0,-15577205,0
2018-06-03 13:15:13,1200.0,15020,0,18024000,1
2018-06-03 13:15:33,130.0,15050,0,-1956500,0
2018-06-03 13:15:38,135.9693,15050,0,-2046338,0
2018-06-03 13:15:38,414.186,15050,0,-6233499,0
2018-06-03 13:15:38,75.5384,15050,0,-1136853,0
2018-06-03 13:17:22,755.6937,15030,0,11358076,1
2018-06-03 13:19:25,140.7907,15030,0,-2116084,0
2018-06-03 13:19:26,6.6533,15030,0,-99999,0
2018-06-03 13:19:31,4.9925,15040,0,-75087,0
2018-06-03 13:20:04,151.0646,15030,0,2270501,1
2018-06-03 13:20:24,1.3719,15020,0,20606,1
2018-06-03 13:22:01,6.1552,15030,0,-92513,0
2018-06-03 13:25:30,6.1552,15050,0,92636,1
2018-06-03 13:37:02,120.4,15030,0,-1809612,0
2018-06-03 13:38:11,120.4,15060,0,1813224,1
2018-06-03 13:38:28,64.2045,15040,0,-965636,0
2018-06-03 13:41:51,0.4,15010,0,6004,1
2018-06-03 13:42:40,63.8045,14980,0,955791,1
2018-06-03 13:45:44,14.9691,14960,0,-223938,0
2018-06-03 13:46:53,14.9691,14950,0,223788,1
2018-06-03 13:50:58,20.8473,14940,0,-311459,0
2018-06-03 13:51:28,61.0637,14920,0,-911070,0
2018-06-03 13:52:26,81.911,14920,0,1222112,1
2018-06-03 13:54:37,77.5875,14910,0,-1156830,0
2018-06-03 13:55:41,77.5875,14900,0,1156054,1
2018-06-03 14:06:05,197.0167,14960,0,-2947370,0
2018-06-03 14:06:05,280.0,14960,0,-4188800,0
2018-06-03 14:06:05,28.1981,14960,0,-421844,0
2018-06-03 14:06:05,11.5315,14960,0,-172511,0
2018-06-03 14:06:05,163.2404,14960,0,-2442076,0
2018-06-03 14:06:05,169.3019,14960,0,-2532756,0
2018-06-03 14:06:45,83.6539,14980,0,1253135,1
2018-06-03 14:06:49,370.0009,14960,0,5535213,1
2018-06-03 14:06:49,203.1653,14960,0,3039353,1
2018-06-03 14:06:49,81.1332,14960,0,1213753,1
2018-06-03 14:06:49,111.3353,14960,0,1665576,1
2018-06-03 14:08:52,8.647e-05,14930,0,-1,0
2018-06-03 14:09:45,1199.9999,14940,0,-17927999,0
2018-06-03 14:10:55,140.735,14950,0,2103988,1
2018-06-03 14:12:19,775.9428,14920,0,11577067,1
2018-06-03 14:12:19,4.989,14920,0,74436,1
2018-06-03 14:12:19,278.3332,14920,0,4152731,1
2018-06-03 14:23:29,5.7,15010,0,-85557,0
2018-06-03 14:23:29,8.3,15010,0,-124583,0
2018-06-03 14:23:29,2.0,15010,0,-30020,0
2018-06-03 14:23:29,2.5,15010,0,-37525,0
2018-06-03 14:23:29,9.2,15010,0,-138092,0
2018-06-03 14:23:30,2.5,15010,0,-37525,0
2018-06-03 14:23:30,11.4,15010,0,-171114,0
2018-06-03 14:23:30,4.4,15010,0,-66044,0
2018-06-03 14:23:30,4.6,15010,0,-69046,0
2018-06-03 14:23:30,5.0,15010,0,-75050,0
2018-06-03 14:23:30,21.9,15010,0,-328719,0
2018-06-03 14:23:30,3.0,15010,0,-45030,0
2018-06-03 14:23:30,4.3,15010,0,-64543,0
2018-06-03 14:23:30,14.7,15010,0,-220647,0
2018-06-03 14:23:31,14.0,15010,0,-210140,0
2018-06-03 14:23:31,7.6,15010,0,-114076,0
2018-06-03 14:23:31,7.3,15010,0,-109573,0
2018-06-03 14:23:34,1.2003,15020,0,-18029,0
2018-06-03 14:23:34,10.0049,15020,0,-150274,0
2018-06-03 14:23:34,153.60286737,15020,0,-2307115,0
2018-06-03 14:23:34,7.7,15020,0,-115654,0
2018-06-03 14:23:34,4.2,15020,0,-63084,0
2018-06-03 14:23:34,30.7,15020,0,-461114,0
2018-06-03 14:23:34,34.90053262,15020,0,-524206,0
2018-06-03 14:23:34,600.6428,15010,0,-9015648,0
2018-06-03 14:23:34,12.6,15020,0,-189252,0
2018-06-03 14:25:06,181.5575,14990,0,2721547,1
2018-06-03 14:25:06,18.7301,14990,0,280764,1
2018-06-03 14:25:06,200.0,14990,0,2998000,1
2018-06-03 14:25:07,182.7,14990,0,2738673,1
2018-06-03 14:25:07,55.8435,14990,0,837094,1
2018-06-03 14:25:07,124.3797,14990,0,1864452,1
2018-06-03 14:25:09,220.7406,14990,0,3308902,1
2018-06-03 14:29:04,6.3445,15030,0,-95358,0
2018-06-03 14:29:04,68.2357,15030,0,-1025583,0
2018-06-03 14:29:04,200.0,15030,0,-3006000,0
2018-06-03 14:29:04,2.0,15030,0,-30060,0
2018-06-03 14:29:08,20.0,15030,0,-300600,0
2018-06-03 14:29:49,10.3727,15030,0,-155902,0
2018-06-03 14:31:29,200.0,15090,0,-3018000,0
2018-06-03 14:31:29,90.2986,15090,0,-1362606,0
2018-06-03 14:31:29,83.3412,15090,0,-1257619,0
2018-06-03 14:31:29,100.0,15090,0,-1509000,0
2018-06-03 14:32:25,68.0448,15110,0,1028157,1
2018-06-03 14:32:25,30.1732,15110,0,455917,1
2018-06-03 14:32:25,9.172,15110,0,138589,1
2018-06-03 14:32:26,0.3681,15110,0,5562,1
2018-06-03 14:34:28,7.7578,15120,0,117298,1
2018-06-03 14:34:28,258.21564021,15120,0,3904220,1
2018-06-03 14:34:32,406.8612,15110,0,6147673,1
2018-06-03 14:43:08,326.83943381,15140,0,-4948349,0
2018-06-03 14:48:07,2.3128,15090,0,34900,1
2018-06-03 14:48:07,20.6393,15090,0,311447,1
2018-06-03 14:48:55,0.4,15060,0,6024,1
2018-06-03 14:48:55,250.0,15060,0,3765000,1
2018-06-03 14:49:04,51.6873,15020,0,776343,1
2018-06-03 14:49:04,1.8,15020,0,27036,1
2018-06-03 14:52:58,0.5804,15070,0,-8747,0
2018-06-03 14:52:58,888.1604,15070,0,-13384577,0
2018-06-03 14:54:53,65.7358,15080,0,991296,1
2018-06-03 14:54:53,520.692,15080,0,7852035,1
2018-06-03 14:54:53,0.4,15080,0,6032,1
2018-06-03 14:56:56,183.4079,15060,0,2762123,1
2018-06-03 14:57:18,118.5051,15050,0,1783502,1
2018-06-03 15:17:23,131.082,15110,0,-1980649,0
2018-06-03 15:17:23,50.0,15110,0,-755500,0
2018-06-03 15:17:23,0.9271,15110,0,-14008,0
2018-06-03 15:17:23,5.5845,15110,0,-84382,0
2018-06-03 15:17:23,54.8101,15110,0,-828181,0
2018-06-03 15:17:23,500.0,15110,0,-7555000,0
2018-06-03 15:17:24,280.0,15110,0,-4230800,0
2018-06-03 15:17:24,177.5963,15110,0,-2683480,0
2018-06-03 15:18:43,936.3733,15100,0,14139237,1
2018-06-03 15:22:59,1.0,15100,0,15100,1
2018-06-03 15:22:59,4.9844,15100,0,75264,1
2018-06-03 15:22:59,69.3788,15100,0,1047620,1
2018-06-03 15:29:10,0.0189,15120,0,286,1
2018-06-03 15:37:37,5.0,15160,0,-75800,0
2018-06-03 15:37:37,10.1274,15160,0,-153531,0
2018-06-03 15:37:37,5.0,15160,0,-75800,0
2018-06-03 15:37:38,3.4696,15160,0,-52599,0
2018-06-03 15:37:38,82.0,15160,0,-1243120,0
2018-06-03 15:37:44,153.5937,15180,0,-2331552,0
2018-06-03 15:37:44,37.1828,15180,0,-564435,0
2018-06-03 15:37:44,715.3819,15180,0,-10859497,0
2018-06-03 15:40:29,935.58513689,15340,0,14351876,1
2018-06-03 15:40:35,277.4349,15340,0,-4255851,0
2018-06-03 15:40:35,658.1502,15340,0,-10096024,0
2018-06-03 15:41:18,1023.83176777,15330,0,15695341,1
2018-06-03 15:41:19,176.1682,15300,0,2695373,1
2018-06-03 15:45:45,809.6508,15290,0,-12379561,0
2018-06-03 15:46:21,325.9064,15320,0,4992886,1
2018-06-03 15:47:23,698.9070387,15350,0,-10728223,0
2018-06-03 15:47:23,17.34856129,15350,0,-266300,0
2018-06-03 15:49:49,125.0,15370,0,1921250,1
2018-06-03 15:50:01,70.0,15330,0,1073100,1
2018-06-03 15:50:01,27.3257,15330,0,418903,1
2018-06-03 15:50:01,194.5996,15330,0,2983212,1
2018-06-03 15:50:22,410.8358,15310,0,6289896,1
2018-06-03 15:50:22,117.465,15310,0,1798389,1
2018-06-03 15:50:22,200.0001,15310,0,3062002,1
2018-06-03 15:50:23,54.7738,15310,0,838587,1
2018-06-03 15:50:35,5.0,15310,0,-76550,0
2018-06-03 15:50:40,5.0,15310,0,76550,1
2018-06-03 15:50:58,76.4228,15330,0,-1171562,0
2018-06-03 15:52:20,9.1057,15320,0,139499,1
2018-06-03 15:52:20,67.3171,15320,0,1031298,1
2018-06-03 15:54:17,355.4185,15370,0,-5462782,0
2018-06-03 15:54:18,9.0,15370,0,-138330,0
2018-06-03 15:54:18,119.8199,15370,0,-1841632,0
2018-06-03 15:54:18,9.985,15370,0,-153469,0
2018-06-03 15:54:18,5.9908,15370,0,-92079,0
2018-06-03 15:54:23,699.7858,15380,0,-10762706,0
2018-06-03 15:56:10,172.8108,15350,0,2652646,1
2018-06-03 15:57:12,16.7458,15310,0,256378,1
2018-06-03 15:57:12,111.0566,15310,0,1700277,1
2018-06-03 16:11:46,775.30684443,15370,0,11916466,1
2018-06-03 16:11:47,124.07995556,15370,0,1907109,1
2018-06-03 16:13:03,75.2965,15370,0,-1157307,0
2018-06-03 16:13:49,75.2965,15370,0,1157307,1
2018-06-03 16:26:10,146.8064,15310,0,-2247606,0
2018-06-03 16:26:11,20.0,15310,0,-306200,0
2018-06-03 16:26:40,31.5622,15320,0,-483533,0
2018-06-03 16:27:00,32.33367899,15330,0,495675,1
2018-06-03 16:28:18,166.0349,15330,0,2545315,1
2018-06-03 16:29:12,1153.83,15360,0,-17722829,0
2018-06-03 16:29:13,46.17,15360,0,-709171,0
2018-06-03 16:30:08,49.557,15350,0,760700,1
2018-06-03 16:30:08,22.0145,15350,0,337923,1
2018-06-03 16:30:15,200.0,15350,0,3070000,1
2018-06-03 16:30:15,16.1588,15350,0,248038,1
2018-06-03 16:30:20,218.6247,15350,0,3355889,1
2018-06-03 16:30:34,32.78768729,15350,0,503291,1
2018-06-03 16:31:00,660.8573127,15350,0,10144160,1
2018-06-03 16:32:47,38.4975,15350,0,-590937,0
2018-06-03 16:32:52,17.4903,15350,0,-268476,0
2018-06-03 16:34:30,55.9878,15360,0,859973,1
2018-06-03 16:36:13,173.5928,15350,0,-2664649,0
2018-06-03 16:36:40,50.0,15390,0,-769500,0
2018-06-03 16:36:40,542.05944119,15390,0,-8342295,0
2018-06-03 16:36:41,201.8357,15390,0,-3106251,0
2018-06-03 16:36:41,129.2432,15390,0,-1989053,0
2018-06-03 16:36:41,5.0,15390,0,-76950,0
2018-06-03 16:36:41,80.6055,15390,0,-1240519,0
2018-06-03 16:36:41,17.6633588,15390,0,-271839,0
2018-06-03 16:37:21,6.8277,15370,0,104942,1
2018-06-03 16:38:08,5.0,15360,0,76800,1
2018-06-03 16:38:08,19.4595,15360,0,298898,1
2018-06-03 16:38:08,1168.7128,15360,0,17951429,1
2018-06-03 16:38:21,562.8617,15400,0,-8668070,0
2018-06-03 16:38:21,70.0071,15400,0,-1078109,0
2018-06-03 16:38:21,129.805,15400,0,-1998997,0
2018-06-03 16:38:22,437.3262,15400,0,-6734823,0
2018-06-03 16:38:59,1.0,15390,0,15390,1
2018-06-03 16:40:29,0.3794,15390,0,5839,1
2018-06-03 16:40:29,1198.6206,15390,0,18446771,1
2018-06-03 17:08:25,31.341,15340,0,-480771,0
2018-06-03 17:12:46,31.341,15340,0,480771,1
2018-06-03 17:15:37,346.9327,15310,0,-5311540,0
2018-06-03 17:19:03,97.8455,15270,0,1494101,1
2018-06-03 17:19:03,200.0,15270,0,3054000,1
2018-06-03 17:19:03,32.63,15270,0,498260,1
2018-06-03 17:19:03,4.2089,15270,0,64270,1
2018-06-03 17:19:03,12.2483,15270,0,187032,1
2018-06-03 17:20:33,22.1795,15260,0,-338459,0
2018-06-03 17:21:14,22.1795,15250,0,338237,1
2018-06-03 17:22:13,746.8039,15250,0,-11388759,0
2018-06-03 17:24:35,305.3558,15310,0,4674997,1
2018-06-03 17:24:39,113.9466,15310,0,1744522,1
2018-06-03 17:24:47,213.5572,15310,0,3269561,1
2018-06-03 17:24:48,0.1544,15310,0,2364,1
2018-06-03 17:25:44,113.7899,15310,0,1742123,1
2018-06-03 17:40:22,0.196,15320,0,-3003,0
2018-06-03 17:40:22,0.9926,15320,0,-15207,0
2018-06-03 17:40:22,1.0336,15320,0,-15835,0
2018-06-03 17:43:04,2.2222,15300,0,34000,1
2018-06-03 17:43:23,0.7468,15310,0,-11434,0
2018-06-03 17:43:23,14.4136,15310,0,-220672,0
2018-06-03 17:43:28,311.9187,15310,0,-4775475,0
2018-06-03 17:43:35,27.9252,15310,0,-427535,0
2018-06-03 17:45:20,230.4204,15320,0,-3530041,0
2018-06-03 17:45:57,173.4121,15320,0,-2656673,0
2018-06-03 17:50:27,200.93141749,15310,0,3076260,1
2018-06-03 17:50:59,557.9054,15300,0,8535953,1
2018-06-03 17:52:30,36.6104,15280,0,-559407,0
2018-06-03 17:54:14,36.6104,15300,0,560139,1
2018-06-03 17:56:26,250.22800725,15310,0,-3830991,0
2018-06-03 17:56:26,100.0,15310,0,-1531000,0
2018-06-03 17:56:26,318.3276,15310,0,-4873596,0
2018-06-03 17:56:26,114.6219,15310,0,-1754861,0
2018-06-03 17:56:27,90.1348,15310,0,-1379964,0
2018-06-03 17:56:27,226.68769274,15310,0,-3470589,0
2018-06-03 17:56:27,100.0,15310,0,-1531000,0
2018-06-03 18:14:49,1200.0,15290,0,18348000,1
2018-06-03 18:22:48,402.228,15250,0,-6133977,0
2018-06-03 18:24:26,38.598,15280,0,589777,1
2018-06-03 18:25:36,1.0303,15280,0,15743,1
2018-06-03 18:25:36,77.272,15280,0,1180716,1
2018-06-03 18:25:40,285.3277,15280,0,4359807,1
2018-06-03 18:26:56,590.75820352,15310,0,-9044508,0
2018-06-03 18:26:56,105.0,15310,0,-1607550,0
2018-06-03 18:28:42,667.7793262,15330,0,10237057,1
2018-06-03 18:28:42,27.97887379,15330,0,428916,1
2018-06-03 18:56:04,5.63e-05,15380,0,-1,0
2018-06-03 18:56:04,2.94304369,15380,0,-45264,0
2018-06-03 18:56:45,189.715,15400,0,-2921611,0
2018-06-03 18:56:45,51.81494528,15400,0,-797950,0
2018-06-03 18:56:45,0.1,15400,0,-1540,0
2018-06-03 18:56:46,591.73305471,15400,0,-9112689,0
2018-06-03 18:56:46,32.1889,15400,0,-495709,0
2018-06-03 18:56:46,239.64,15400,0,-3690456,0
2018-06-03 18:56:46,89.865,15400,0,-1383921,0
2018-06-03 18:56:46,2.0,15400,0,-30800,0
2018-06-03 19:02:38,257.0731,15460,0,3974350,1
2018-06-03 19:05:34,942.9269,15520,0,14634225,1
2018-06-03 19:10:24,6.287e-05,15460,0,-1,0
2018-06-03 19:14:23,24.9479,15430,0,-384946,0
2018-06-03 19:14:25,24.948,15430,0,384948,1
2018-06-03 19:33:53,1.0,15420,0,-15420,0
2018-06-03 19:37:22,1.0,15390,0,15390,1
2018-06-03 19:38:54,138.0677,15400,0,-2126243,0
2018-06-03 19:39:41,160.8466,15400,0,-2477038,0
2018-06-03 19:39:45,33.9901,15400,0,-523448,0
2018-06-03 19:42:27,64.2373,15430,0,-991182,0
2018-06-03 19:42:28,126.9524,15430,0,-1958876,0
2018-06-03 19:42:28,649.1,15430,0,-10015613,0
2018-06-03 19:42:28,26.8059,15430,0,-413615,0
2018-06-03 19:43:35,0.4,15390,0,6156,1
2018-06-03 19:46:44,423.1037,15360,0,6498873,1
2018-06-03 19:48:47,30.0,15340,0,460200,1
2018-06-03 19:48:48,70.0,15340,0,1073800,1
2018-06-03 19:49:31,10.0,15330,0,153300,1
2018-06-03 19:49:31,49.4565,15330,0,758168,1
2018-06-03 19:50:28,0.1,15310,0,1531,1
2018-06-03 19:50:38,89.1491,15300,0,1363981,1
2018-06-03 19:50:38,5.0,15300,0,76500,1
2018-06-03 19:50:38,22.7907,15300,0,348698,1
2018-06-03 19:50:38,500.0,15300,0,7650000,1
2018-06-03 20:18:31,87.88,15370,0,-1350716,0
2018-06-03 20:19:47,87.88,15370,0,1350716,1
2018-06-03 20:23:23,7.0,15370,0,-107590,0
2018-06-03 20:29:59,7.0,15370,0,107590,1
2018-06-03 20:40:25,589.7064,15330,0,-9040199,0
2018-06-03 20:40:25,63.1538,15330,0,-968148,0
2018-06-03 20:40:47,652.8602,15310,0,9995290,1
2018-06-03 20:45:54,3.2881,15310,0,-50341,0
2018-06-03 20:57:35,4.4604,15350,0,-68467,0
2018-06-03 21:00:22,7.7485,15330,0,118785,1
2018-06-03 21:22:39,1.6,15410,0,-24656,0
2018-06-03 21:22:39,1.1,15410,0,-16951,0
2018-06-03 21:22:40,1197.3,15410,0,-18450393,0
2018-06-03 21:23:39,1200.0,15450,0,18540000,1
2018-06-03 21:24:00,793.1495,15480,0,-12277954,0
2018-06-03 21:24:00,406.8505,15480,0,-6298046,0
2018-06-03 21:25:05,920.2832,15480,0,14245984,1
2018-06-03 21:26:40,279.7168,15440,0,4318827,1
2018-06-03 21:32:06,416.6231,15460,0,-6440993,0
2018-06-03 21:33:57,7.419e-05,15500,0,-1,0
2018-06-03 21:34:49,215.30208994,15520,0,-3341488,0
2018-06-03 21:34:49,2.4,15520,0,-37248,0
2018-06-03 21:34:49,4.5,15520,0,-69840,0
2018-06-03 21:34:49,5.6,15520,0,-86912,0
2018-06-03 21:34:49,3.4,15520,0,-52768,0
2018-06-03 21:34:49,336.193,15520,0,-5217715,0
2018-06-03 21:34:50,8.0,15520,0,-124160,0
2018-06-03 21:34:50,3.6,15520,0,-55872,0
2018-06-03 21:34:50,5.2,15520,0,-80704,0
2018-06-03 21:34:50,4.7,15520,0,-72944,0
2018-06-03 21:34:50,11.5,15520,0,-178480,0
2018-06-03 21:34:50,6.9,15520,0,-107088,0
2018-06-03 21:34:50,8.2,15520,0,-127264,0
2018-06-03 21:34:50,1.3,15520,0,-20176,0
2018-06-03 21:34:50,1.4,15520,0,-21728,0
2018-06-03 21:34:51,1.6,15520,0,-24832,0
2018-06-03 21:34:51,9.6,15520,0,-148992,0
2018-06-03 21:34:51,4.9,15520,0,-76048,0
2018-06-03 21:34:51,2.7,15520,0,-41904,0
2018-06-03 21:34:51,3.7,15520,0,-57424,0
2018-06-03 21:34:51,1.3,15520,0,-20176,0
2018-06-03 21:34:51,1.3,15520,0,-20176,0
2018-06-03 21:34:51,1.7,15520,0,-26384,0
2018-06-03 21:34:51,5.1,15520,0,-79152,0
2018-06-03 21:34:56,126.6109,15520,0,-1965001,0
2018-06-03 21:35:35,377.7289,15560,0,5877462,1
2018-06-03 21:35:39,4.2771,15540,0,66466,1
2018-06-03 21:35:39,510.2541,15540,0,7929349,1
2018-06-03 21:35:39,14.6858,15540,0,228217,1
2018-06-03 21:35:39,286.3832,15540,0,4450395,1
2018-06-03 21:39:06,100.0,15600,0,-1560000,0
2018-06-03 21:39:06,1100.0,15600,0,-17160000,0
2018-06-03 21:39:26,1200.0,15600,0,18720000,1
2018-06-03 21:40:33,5.0,15660,0,-78300,0
2018-06-03 21:40:33,11.0,15660,0,-172260,0
2018-06-03 21:40:33,596.8442,15660,0,-9346580,0
2018-06-03 21:40:33,587.1558,15660,0,-9194860,0
2018-06-03 21:42:41,51.7559,15650,0,809980,1
2018-06-03 21:42:42,487.0505,15650,0,7622340,1
2018-06-03 21:44:06,661.1936,15660,0,10354292,1
2018-06-03 21:46:43,191.5974,15690,0,-3006163,0
2018-06-03 21:46:43,609.3815,15690,0,-9561196,0
2018-06-03 21:46:44,48.2732,15690,0,-757407,0
2018-06-03 21:49:56,10.0,15780,0,157800,1
2018-06-03 21:49:57,10.0,15780,0,157800,1
2018-06-03 21:49:57,120.025,15780,0,1893995,1
2018-06-03 21:49:57,200.0001,15780,0,3156002,1
2018-06-03 21:49:58,508.5399,15780,0,8024760,1
2018-06-03 21:49:58,0.6871,15780,0,10842,1
2018-06-03 21:51:23,918.159,15770,0,-14479367,0
2018-06-03 21:51:55,918.159,15750,0,14461004,1
2018-06-03 21:52:19,1.48927563,15760,0,-23471,0
2018-06-03 21:52:19,419.6889,15760,0,-6614297,0
2018-06-03 21:52:41,421.1782,15740,0,6629345,1
2018-06-03 21:53:38,19.8302,15720,0,-311731,0
2018-06-03 21:54:39,5.72091297,15700,0,89818,1
2018-06-03 21:54:39,14.10928702,15700,0,221516,1
2018-06-03 21:55:00,1200.0,15680,0,-18816000,0
2018-06-03 21:59:33,500.0,15680,0,7840000,1
2018-06-03 22:00:21,700.0,15650,0,10955000,1
2018-06-03 22:06:48,1200.0,15720,0,-18864000,0
2018-06-03 22:10:17,3.18,15790,0,50212,1
2018-06-03 22:10:17,63.3312,15790,0,1000000,1
2018-06-03 22:10:17,315.5606,15790,0,4982702,1
2018-06-03 22:10:17,240.0,15790,0,3789600,1
2018-06-03 22:10:27,577.9282,15770,0,9113928,1
2018-06-03 22:13:56,7.5131,15740,0,-118256,0
2018-06-03 22:13:59,7.5131,15750,0,118331,1
2018-06-03 22:15:07,1200.0,15790,0,-18948000,0
2018-06-03 22:15:57,200.0001,15810,0,3162002,1
2018-06-03 22:15:57,75.161,15810,0,1188295,1
2018-06-03 22:16:16,10.0,15810,0,158100,1
2018-06-03 22:16:49,76.3312,15790,0,1205270,1
2018-06-03 22:16:49,67.3403,15790,0,1063303,1
2018-06-03 22:16:49,82.1053,15790,0,1296443,1
2018-06-03 22:16:50,3.5783,15790,0,56501,1
2018-06-03 22:16:50,283.5165,15790,0,4476726,1
2018-06-03 22:17:01,401.9673,15790,0,6347064,1
2018-06-03 22:17:18,411.6479,15820,0,-6512270,0
2018-06-03 22:19:08,10.0,15840,0,158400,1
2018-06-03 22:19:09,24.2029,15840,0,383374,1
2018-06-03 22:19:09,177.1488,15840,0,2806037,1
2018-06-03 22:19:09,200.2962,15840,0,3172692,1
2018-06-03 22:20:06,1200.0,15800,0,-18960000,0
2018-06-03 22:27:12,28.88390397,15930,0,460121,1
2018-06-03 22:27:12,210.0,15930,0,3345300,1
2018-06-03 22:27:12,40.9439,15930,0,652236,1
2018-06-03 22:27:12,130.0,15930,0,2070900,1
2018-06-03 22:27:12,213.8374,15930,0,3406430,1
2018-06-03 22:27:12,231.7702,15930,0,3692099,1
2018-06-03 22:27:12,87.4392,15930,0,1392906,1
2018-06-03 22:27:21,95.456,15910,0,-1518705,0
2018-06-03 22:28:23,410.8605,15910,0,-6536791,0
2018-06-03 22:32:01,269.07001559,16030,0,4313192,1
2018-06-03 22:32:02,223.04701029,16030,0,3575444,1
2018-06-03 22:32:02,79.123,16030,0,1268342,1
2018-06-03 22:32:02,104.28047411,16030,0,1671616,1
2018-06-03 22:32:02,72.32,16030,0,1159290,1
2018-06-03 22:32:02,15.6014,16030,0,250090,1
2018-06-03 22:33:51,1200.0,16010,0,-19212000,0
2018-06-03 22:34:48,80.3973,15980,0,1284749,1
2018-06-03 22:34:49,1119.6027,15980,0,17891251,1
2018-06-03 22:37:11,60.6227,16020,0,-971176,0
2018-06-03 22:37:12,1139.3773,16020,0,-18252824,0
2018-06-03 22:38:12,12.4036,15990,0,198334,1
2018-06-03 22:38:28,124.6483,15980,0,1991880,1
2018-06-03 22:38:32,50.0,15980,0,799000,1
2018-06-03 22:38:32,0.9742,15980,0,15568,1
2018-06-03 22:38:32,48.619,15980,0,776932,1
2018-06-03 22:38:35,43.3264,15980,0,692356,1
2018-06-03 22:38:35,75.161,15980,0,1201073,1
2018-06-03 22:38:36,1.1,15980,0,17578,1
2018-06-03 22:38:37,18.77346683,15980,0,300000,1
2018-06-03 22:38:39,61.9519,15980,0,989991,1
2018-06-03 22:38:40,104.5632,15980,0,1670920,1
2018-06-03 22:40:00,200.0001,15920,0,3184002,1
2018-06-03 22:40:00,6.6326,15920,0,105591,1
2018-06-03 22:40:47,26.6129,15950,0,-424476,0
2018-06-03 22:40:47,235.04881818,15950,0,-3749029,0
2018-06-03 22:40:47,3.4482,15950,0,-54999,0
2018-06-03 22:40:47,3.16688181,15950,0,-50512,0
2018-06-03 22:40:47,30.5839,15950,0,-487813,0
2018-06-03 22:40:47,275.3235,15950,0,-4391410,0
2018-06-03 22:41:46,25.80533525,15940,0,411337,1
2018-06-03 22:41:46,143.3916,15940,0,2285662,1
2018-06-03 22:41:46,107.9004,15940,0,1719932,1
2018-06-03 22:42:52,748.9331,16000,0,11982930,1
2018-06-03 22:43:22,1147.35679036,15990,0,-18346235,0
2018-06-03 22:43:22,52.64320963,15990,0,-841765,0
2018-06-03 22:43:50,28.2728,15970,0,451517,1
2018-06-03 22:43:50,27.0501,15970,0,431990,1
2018-06-03 22:43:50,88.3036,15970,0,1410208,1
2018-06-03 22:43:50,1056.3735,15970,0,16870285,1
2018-06-03 22:44:20,2.4962,16030,0,-40014,0
2018-06-03 22:44:20,0.1872,16030,0,-3001,0
2018-06-03 22:44:20,99.85,16030,0,-1600596,0
2018-06-03 22:44:20,10.8395,16030,0,-173757,0
2018-06-03 22:44:20,281.0617,16030,0,-4505419,0
2018-06-03 22:44:20,251.9763,16030,0,-4039180,0
2018-06-03 22:44:20,10.0,16030,0,-160300,0
2018-06-03 22:44:21,543.5891,16030,0,-8713733,0
2018-06-03 22:45:15,16.9741,16020,0,271925,1
2018-06-03 22:45:16,31.2549,16020,0,500703,1
2018-06-03 22:45:16,67.7956,16020,0,1086086,1
2018-06-03 22:45:26,60.4449,16010,0,967723,1
2018-06-03 22:45:42,42.3166,16020,0,677912,1
2018-06-03 22:45:43,300.0,16020,0,4806000,1
2018-06-03 22:45:58,326.50356027,16010,0,5227322,1
2018-06-03 22:46:01,46.8457,16010,0,750000,1
2018-06-03 22:46:17,307.8646,15970,0,4916598,1
2018-06-03 22:46:47,1136.0237,15910,0,-18074137,0
2018-06-03 22:49:44,160.7685,15950,0,2564258,1
2018-06-03 22:49:44,221.66370741,15950,0,3535536,1
2018-06-03 22:49:44,3.3766,15950,0,53857,1
2018-06-03 22:51:45,18.02,15880,0,286158,1
2018-06-03 22:54:19,311.5923,15840,0,4935622,1
2018-06-03 22:55:02,80.6213,15860,0,1278654,1
2018-06-03 22:55:06,292.1834,15850,0,4631107,1
2018-06-03 22:55:06,2.4521,15850,0,38866,1
2018-06-03 22:55:06,31.8874,15850,0,505415,1
2018-06-03 22:55:06,13.4584,15850,0,213316,1
2018-06-03 22:56:20,614.4172,15850,0,-9738513,0
2018-06-03 22:56:20,187.8366981,15850,0,-2977212,0
2018-06-03 22:56:20,167.7801,15850,0,-2659315,0
2018-06-03 22:56:20,229.96600189,15850,0,-3644961,0
2018-06-03 22:59:49,1153.0591,15830,0,18252926,1
2018-06-03 22:59:49,5.0,15830,0,79150,1
2018-06-03 22:59:49,41.9409,15830,0,663924,1
2018-06-03 23:01:07,240.0001,15860,0,-3806402,0
2018-06-03 23:01:07,83.3904,15860,0,-1322572,0
2018-06-03 23:01:07,50.0,15860,0,-793000,0
2018-06-03 23:01:07,50.7622,15860,0,-805088,0
2018-06-03 23:01:07,566.1077,15860,0,-8978468,0
2018-06-03 23:01:08,209.7396,15860,0,-3326470,0
2018-06-03 23:02:19,0.32,15840,0,5069,1
2018-06-03 23:02:19,579.8962,15840,0,9185556,1
2018-06-03 23:02:19,48.2592,15840,0,764426,1
2018-06-03 23:02:20,0.32,15840,0,5069,1
2018-06-03 23:02:20,30.0,15840,0,475200,1
2018-06-03 23:02:58,396.47917287,15850,0,-6284195,0
2018-06-03 23:02:58,190.51132712,15850,0,-3019605,0
2018-06-03 23:03:32,19.1728,15850,0,303889,1
2018-06-03 23:03:32,9.5017,15850,0,150602,1
2018-06-03 23:03:32,497.4126,15850,0,7883990,1
2018-06-03 23:03:33,31.8574,15850,0,504940,1
2018-06-03 23:03:54,100.0,15900,0,-1590000,0
2018-06-03 23:03:54,85.7276,15900,0,-1363069,0
2018-06-03 23:03:54,0.1,15900,0,-1590,0
2018-06-03 23:03:54,28.91527044,15900,0,-459753,0
2018-06-03 23:03:55,346.82832955,15900,0,-5514570,0
2018-06-03 23:03:55,2.6008,15900,0,-41353,0
2018-06-03 23:03:55,15.6524,15900,0,-248873,0
2018-06-03 23:03:55,49.925,15900,0,-793808,0
2018-06-03 23:04:37,1200.0,15890,0,19068000,1
2018-06-03 23:06:32,100.0,15890,0,-1589000,0
2018-06-03 23:07:34,100.0,15870,0,1587000,1
2018-06-03 23:09:49,216.6083,15800,0,-3422411,0
2018-06-03 23:09:49,23.0,15800,0,-363400,0
2018-06-03 23:10:19,0.1899,15790,0,2999,1
2018-06-03 23:10:19,1.1687,15790,0,18454,1
2018-06-03 23:10:19,238.2497,15790,0,3761963,1
2018-06-03 23:14:26,1083.2295,15760,0,-17071697,0
2018-06-03 23:14:35,2.5,15760,0,39400,1
2018-06-03 23:14:35,4.2,15760,0,66192,1
2018-06-03 23:14:35,2.8,15760,0,44128,1
2018-06-03 23:14:44,254.8613,15750,0,4014065,1
2018-06-03 23:14:44,0.6349,15750,0,10000,1
2018-06-03 23:14:44,30.0,15750,0,472500,1
2018-06-03 23:14:44,75.0532,15750,0,1182088,1
2018-06-03 23:14:44,10.0,15750,0,157500,1
2018-06-03 23:14:44,5.0,15750,0,78750,1
2018-06-03 23:14:44,5.0,15750,0,78750,1
2018-06-03 23:14:44,300.0,15750,0,4725000,1
2018-06-03 23:14:45,1.0,15750,0,15750,1
2018-06-03 23:14:45,392.1801,15750,0,6176837,1
2018-06-03 23:15:30,1200.0,15760,0,-18912000,0
2018-06-03 23:16:30,1.7571,15730,0,27639,1
2018-06-03 23:17:38,5.0,15700,0,78500,1
2018-06-03 23:17:38,12.4346,15700,0,195223,1
2018-06-03 23:17:38,2.0,15700,0,31400,1
2018-06-03 23:17:38,43.7497,15700,0,686870,1
2018-06-03 23:17:38,10.0,15700,0,157000,1
2018-06-03 23:17:38,20.0,15700,0,314000,1
2018-06-03 23:17:39,5.0,15700,0,78500,1
2018-06-03 23:17:49,17.61,15700,0,276477,1
2018-06-03 23:18:01,1068.059,15690,0,16757846,1
2018-06-03 23:18:01,8.892,15690,0,139515,1
2018-06-03 23:18:01,1.0455,15690,0,16404,1
2018-06-03 23:18:01,4.4521,15690,0,69853,1
2018-06-03 23:18:54,21.9688,15700,0,-344910,0
2018-06-03 23:18:54,16.235,15700,0,-254890,0
2018-06-03 23:18:54,360.1718,15700,0,-5654697,0
2018-06-03 23:18:54,127.13168152,15700,0,-1995967,0
2018-06-03 23:18:54,234.5416,15700,0,-3682303,0
2018-06-03 23:18:55,10.0,15700,0,-157000,0
2018-06-03 23:18:55,338.7626,15700,0,-5318573,0
2018-06-03 23:18:55,91.18851847,15700,0,-1431660,0
2018-06-03 23:19:37,0.8829,15700,0,13862,1
2018-06-03 23:19:38,147.6928,15700,0,2318777,1
2018-06-03 23:19:38,10.1419,15700,0,159228,1
2018-06-03 23:19:38,246.1758,15700,0,3864960,1
2018-06-03 23:19:38,24.8026,15700,0,389401,1
2018-06-03 23:19:42,770.304,15720,0,12109179,1
2018-06-03 23:20:54,0.0001,15700,0,-2,0
2018-06-03 23:21:00,143.3814,15710,0,-2252522,0
2018-06-03 23:21:37,143.3815,15700,0,2251090,1
2018-06-03 23:23:40,567.05190458,15720,0,-8914056,0
2018-06-03 23:23:41,31.94189541,15720,0,-502127,0
2018-06-03 23:23:41,4.6958,15720,0,-73818,0
2018-06-03 23:23:41,129.7204,15720,0,-2039205,0
2018-06-03 23:23:41,466.59,15720,0,-7334795,0
2018-06-03 23:29:47,6.4,15750,0,100800,1
2018-06-03 23:29:47,125.0,15750,0,1968750,1
2018-06-03 23:31:05,59.5858,15740,0,937880,1
2018-06-03 23:31:05,120.0,15740,0,1888800,1
2018-06-03 23:31:05,37.8741,15740,0,596138,1
2018-06-03 23:31:05,27.1231,15740,0,426918,1
2018-06-03 23:31:05,481.8503,15740,0,7584324,1
2018-06-03 23:31:05,50.0,15740,0,787000,1
2018-06-03 23:31:06,6.0306,15740,0,94922,1
2018-06-03 23:31:06,1.062,15740,0,16716,1
2018-06-03 23:31:06,11.786,15740,0,185512,1
2018-06-03 23:31:06,243.2881,15740,0,3829355,1
2018-06-03 23:31:06,30.0,15740,0,472200,1
2018-06-03 23:34:30,343.169,15710,0,-5391185,0
2018-06-03 23:34:30,240.0,15710,0,-3770400,0
2018-06-03 23:34:36,56.9893,15690,0,894162,1
2018-06-03 23:34:36,175.4643,15690,0,2753035,1
2018-06-03 23:34:36,0.2549,15690,0,3999,1
2018-06-03 23:34:36,10.0,15690,0,156900,1
2018-06-03 23:34:36,5.0,15690,0,78450,1
2018-06-03 23:34:41,335.4605,15690,0,5263375,1
2018-06-03 23:34:53,1200.0,15710,0,-18852000,0
2018-06-03 23:37:37,287.66,15710,0,4519139,1
2018-06-03 23:40:04,377.8106,15730,0,5942961,1
2018-06-03 23:40:55,341.5376,15780,0,-5389463,0
2018-06-03 23:40:55,125.5185,15780,0,-1980682,0
2018-06-03 23:40:55,100.0,15780,0,-1578000,0
2018-06-03 23:40:55,98.4145,15780,0,-1552981,0
2018-06-03 23:41:35,889.2392,15770,0,14023302,1
2018-06-03 23:42:05,81.2109,15770,0,1280696,1
2018-06-03 23:43:14,111.73288479,15780,0,1763145,1
2018-06-03 23:43:14,117.8170152,15780,0,1859152,1
2018-06-03 23:44:44,6.5051,15800,0,-102781,0
2018-06-03 23:44:44,340.5826,15800,0,-5381205,0
2018-06-03 23:44:44,127.7332,15800,0,-2018185,0
2018-06-03 23:44:44,61.5728,15800,0,-972850,0
2018-06-03 23:44:44,310.26146708,15800,0,-4902131,0
2018-06-03 23:44:45,223.4067,15800,0,-3529826,0
2018-06-03 23:44:45,27.0286,15800,0,-427052,0
2018-06-03 23:49:29,74.709,15830,0,1182643,1
2018-06-03 23:49:29,45.8833,15830,0,726333,1
2018-06-04 00:03:19,971.8796,15840,0,15394573,1
2018-06-04 00:04:10,4.6186,15860,0,73251,1
2018-06-04 00:06:09,569.95683282,15880,0,-9050915,0
2018-06-04 00:06:09,35.7921,15880,0,-568379,0
2018-06-04 00:06:09,0.1889,15880,0,-3000,0
2018-06-04 00:06:09,116.15306717,15880,0,-1844511,0
2018-06-04 00:06:09,280.0,15880,0,-4446400,0
2018-06-04 00:06:09,178.8267,15880,0,-2839768,0
2018-06-04 00:06:09,19.0824,15880,0,-303029,0
2018-06-04 00:07:17,1159.2681,15890,0,18420770,1
2018-06-04 00:07:17,40.7319,15890,0,647230,1
2018-06-04 00:07:57,15.597,15870,0,-247524,0
2018-06-04 00:08:11,157.2965,15880,0,-2497868,0
2018-06-04 00:08:16,173.8274,15890,0,-2762117,0
2018-06-04 00:09:03,178.3932,15900,0,2836452,1
2018-06-04 00:09:03,126.2313,15900,0,2007078,1
2018-06-04 00:09:03,3.6445,15900,0,57948,1
2018-06-04 00:09:30,38.4519,15900,0,611385,1
2018-06-04 00:11:10,7.192e-05,15850,0,-1,0
2018-06-04 00:15:05,15.0,15850,0,-237750,0
2018-06-04 00:15:05,126.58,15850,0,-2006293,0
2018-06-04 00:16:53,141.5801,15820,0,2239797,1
2018-06-04 00:23:05,14.8226,15820,0,-234494,0
2018-06-04 00:24:17,14.8226,15800,0,234197,1
2018-06-04 00:27:28,217.0,15820,0,-3432940,0
2018-06-04 00:27:43,4.8029,15820,0,-75982,0
2018-06-04 00:29:18,75.3094,15800,0,1189889,1
2018-06-04 00:29:18,146.4935,15800,0,2314597,1
2018-06-04 00:40:06,55.998,15770,0,-883088,0
2018-06-04 00:41:34,138.0065,15790,0,-2179123,0
2018-06-04 00:41:38,24.3223,15780,0,-383806,0
2018-06-04 00:42:01,2.7852,15790,0,43978,1
2018-06-04 00:42:29,5.822e-05,15800,0,-1,0
2018-06-04 00:42:29,15.08854177,15800,0,-238399,0
2018-06-04 00:43:38,133.1632,15810,0,2105310,1
2018-06-04 00:43:38,97.467,15810,0,1540953,1
2018-06-04 00:49:31,62.1942,15810,0,-983290,0
2018-06-04 00:50:39,947.1854,15810,0,-14975001,0
2018-06-04 00:50:39,126.0471,15810,0,-1992805,0
2018-06-04 00:58:04,0.4,15770,0,6308,1
2018-06-04 00:58:04,0.0001,15770,0,2,1
2018-06-04 00:58:34,26.0484,15760,0,410523,1
2018-06-04 00:58:34,157.7511,15760,0,2486157,1
2018-06-04 00:58:56,11.3878,15770,0,179586,1
2018-06-04 01:00:09,939.2393,15770,0,14811804,1
2018-06-04 01:00:09,0.6,15770,0,9462,1
2018-06-04 01:02:13,0.0001,15760,0,-2,0
2018-06-04 01:02:13,516.7627,15760,0,-8144180,0
2018-06-04 01:04:29,516.7628,15810,0,8170020,1
2018-06-04 01:11:01,799.99,15770,0,-12615842,0
2018-06-04 01:12:38,799.99,15710,0,12567843,1
2018-06-04 01:13:02,1200.0,15700,0,-18840000,0
2018-06-04 01:15:31,1.0,15680,0,15680,1
2018-06-04 01:15:32,127.0971,15680,0,1992883,1
2018-06-04 01:15:32,741.8684,15680,0,11632497,1
2018-06-04 01:15:32,130.0345,15680,0,2038941,1
2018-06-04 01:15:32,200.0,15680,0,3136000,1
2018-06-04 01:17:06,74.971,15670,0,-1174796,0
2018-06-04 01:18:47,254.5242,15710,0,-3998575,0
2018-06-04 01:18:56,4.5,15710,0,70695,1
2018-06-04 01:19:04,875.0048,15690,0,-13728825,0
2018-06-04 01:22:25,5.7339,15700,0,90022,1
2018-06-04 01:27:19,331.0107,15690,0,5193558,1
2018-06-04 01:27:19,11.9503,15690,0,187500,1
2018-06-04 01:27:20,122.0478,15690,0,1914930,1
2018-06-04 01:27:23,312.8044,15680,0,4904773,1
2018-06-04 01:27:24,85.7357,15680,0,1344336,1
2018-06-04 01:27:24,0.3188,15680,0,4999,1
2018-06-04 01:27:24,0.1,15680,0,1568,1
2018-06-04 01:35:12,0.0013,15670,0,20,1
2018-06-04 01:36:08,3.65,15650,0,57123,1
2018-06-04 01:36:08,34.9481,15650,0,546938,1
2018-06-04 01:36:09,80.604,15650,0,1261453,1
2018-06-04 01:36:09,50.0,15650,0,782500,1
2018-06-04 01:36:09,161.095,15650,0,2521137,1
2018-06-04 01:40:27,1002.1152,15650,0,-15683103,0
2018-06-04 01:40:27,17.8848,15650,0,-279897,0
2018-06-04 01:40:27,180.0,15650,0,-2817000,0
2018-06-04 01:40:40,300.0,15610,0,4683000,1
2018-06-04 01:40:40,829.6537,15610,0,12950894,1
2018-06-04 01:42:42,28.6532,15610,0,-447276,0
2018-06-04 01:47:35,1.8858,15620,0,29456,1
2018-06-04 01:48:36,0.0001,15630,0,-2,0
2018-06-04 01:48:36,10.0,15630,0,-156300,0
2018-06-04 01:51:46,107.1138,15610,0,1672046,1
2018-06-04 01:52:23,283.46,15620,0,-4427645,0
2018-06-04 01:53:06,283.46,15590,0,4419141,1
2018-06-04 01:54:54,1200.0,15560,0,-18672000,0
2018-06-04 02:12:04,1200.0,15540,0,18648000,1
2018-06-04 02:15:28,76.128,15520,0,-1181507,0
2018-06-04 02:15:28,109.7136,15520,0,-1702755,0
2018-06-04 02:19:09,7.1354,15500,0,110599,1
2018-06-04 02:19:09,67.6024,15500,0,1047837,1
2018-06-04 02:19:10,9.0208,15500,0,139822,1
2018-06-04 02:19:10,30.0,15500,0,465000,1
2018-06-04 02:19:10,29.4194,15500,0,456001,1
2018-06-04 02:19:11,20.971,15500,0,325051,1
2018-06-04 02:19:11,21.6926,15500,0,336235,1
2018-06-04 02:34:58,570.30166244,15460,0,-8816864,0
2018-06-04 02:37:16,570.3016,15530,0,8856784,1
2018-06-04 02:39:52,1200.0,15500,0,-18600000,0
2018-06-04 02:42:31,1200.0,15510,0,18612000,1
2018-06-04 02:50:22,63.2629,15500,0,-980575,0
2018-06-04 02:50:27,63.2629,15520,0,981840,1
2018-06-04 02:52:47,392.9642,15490,0,-6087015,0
2018-06-04 02:52:47,540.1272,15490,0,-8366570,0
2018-06-04 02:52:47,19.2712,15490,0,-298511,0
2018-06-04 02:58:24,410.8428,15520,0,6376280,1
2018-06-04 02:58:24,115.0903,15520,0,1786201,1
2018-06-04 02:58:30,416.3808,15520,0,6462230,1
2018-06-04 02:58:41,10.0487,15520,0,155956,1
2018-06-04 03:03:47,148.4189,15510,0,-2301977,0
2018-06-04 03:03:51,1.0,15520,0,15520,1
2018-06-04 03:07:49,114.5518,15460,0,1770971,1
2018-06-04 03:09:18,316.6861,15450,0,-4892800,0
2018-06-04 03:09:32,17.5883,15470,0,272091,1
2018-06-04 03:09:35,646.5,15460,0,-9994890,0
2018-06-04 03:12:14,978.4649,15420,0,15087929,1
2018-06-04 03:12:58,1200.0,15440,0,-18528000,0
2018-06-04 03:14:01,31.2483,15430,0,482161,1
2018-06-04 03:14:01,139.8,15430,0,2157114,1
2018-06-04 03:14:01,179.9216,15430,0,2776190,1
2018-06-04 03:16:47,367.3549,15400,0,5657265,1
2018-06-04 03:16:47,476.6752,15400,0,7340798,1
2018-06-04 03:16:47,5.0,15400,0,77000,1
2018-06-04 03:18:52,648.6,15440,0,-10014384,0
2018-06-04 03:44:23,20.0,15430,0,308600,1
2018-06-04 03:46:56,628.6,15430,0,9699298,1
2018-06-04 04:02:03,42.0347,15470,0,-650277,0
2018-06-04 04:02:07,400.0,15470,0,-6188000,0
2018-06-04 04:02:07,126.03,15470,0,-1949684,0
2018-06-04 04:05:33,250.0,15510,0,-3877500,0
2018-06-04 04:08:09,818.0647,15490,0,12671822,1
2018-06-04 04:08:47,250.0,15470,0,-3867500,0
2018-06-04 04:09:23,248.5725,15470,0,-3845417,0
2018-06-04 04:10:52,114.8177,15450,0,-1773933,0
2018-06-04 04:14:25,144.9042,15420,0,2234423,1
2018-06-04 04:14:25,334.5451,15420,0,5158685,1
2018-06-04 04:14:25,3.0,15420,0,46260,1
2018-06-04 04:14:25,1.0,15420,0,15420,1
2018-06-04 04:14:26,2.0,15420,0,30840,1
2018-06-04 04:14:42,127.9409,15410,0,1971569,1
2018-06-04 04:17:41,1.4384,15410,0,-22166,0
2018-06-04 04:17:45,100.0,15400,0,-1540000,0
2018-06-04 04:19:21,45.8622,15340,0,703526,1
2018-06-04 04:19:21,55.5762,15340,0,852539,1
2018-06-04 04:23:54,1200.0,15360,0,-18432000,0
2018-06-04 04:26:15,415.3854,15380,0,6388627,1
2018-06-04 04:26:15,250.0,15380,0,3845000,1
2018-06-04 04:27:56,22.369,15370,0,-343812,0
2018-06-04 04:32:56,556.9836,15400,0,8577547,1
2018-06-04 04:34:31,131.1698,15420,0,-2022638,0
2018-06-04 04:36:23,68.0,15480,0,-1052640,0
2018-06-04 04:36:23,14.1,15480,0,-218268,0
2018-06-04 04:36:23,11.0,15480,0,-170280,0
2018-06-04 04:36:23,52.8,15480,0,-817344,0
2018-06-04 04:36:23,2.8,15480,0,-43344,0
2018-06-04 04:36:27,156.79,15480,0,-2427109,0
2018-06-04 04:36:35,15.0639,15500,0,-233490,0
2018-06-04 04:36:47,128.8169,15480,0,1994086,1
2018-06-04 04:36:47,100.0,15480,0,1548000,1
2018-06-04 04:36:47,222.9068,15480,0,3450597,1
2018-06-04 04:37:26,22.5669,15490,0,-349561,0
2018-06-04 04:39:17,1.7073,15520,0,26497,1
2018-06-04 04:39:17,17.6154,15520,0,273391,1
2018-06-04 04:40:57,3.2442,15510,0,50318,1
2018-06-04 05:01:12,139.3225,15520,0,-2162285,0
2018-06-04 05:01:31,76.497,15560,0,-1190293,0
2018-06-04 05:03:39,150.9232,15540,0,-2345347,0
2018-06-04 05:03:39,250.0,15540,0,-3885000,0
2018-06-04 05:03:39,90.3193,15540,0,-1403562,0
2018-06-04 05:03:39,388.504,15540,0,-6037352,0
2018-06-04 05:08:17,4.2326,15500,0,65605,1
2018-06-04 05:08:17,25.5624,15500,0,396217,1
2018-06-04 05:08:18,644.1,15500,0,9983550,1
2018-06-04 05:08:21,28.6722,15490,0,444132,1
2018-06-04 05:09:02,13.5369,15470,0,209416,1
2018-06-04 05:09:02,15.21,15470,0,235299,1
2018-06-04 05:09:12,364.2519,15480,0,5638619,1
2018-06-04 05:12:11,233.811,15470,0,-3617056,0
2018-06-04 05:12:12,76.374,15470,0,-1181506,0
2018-06-04 05:12:12,213.4313,15470,0,-3301782,0
2018-06-04 05:12:12,236.1583,15470,0,-3653369,0
2018-06-04 05:18:32,179.1139,15550,0,2785221,1
2018-06-04 05:18:46,249.9999,15550,0,3887498,1
2018-06-04 05:18:55,287.6077,15550,0,4472300,1
2018-06-04 05:20:24,43.0531,15520,0,668184,1
2018-06-04 05:26:08,391.9971,15510,0,-6079875,0
2018-06-04 05:28:43,7.078,15520,0,109851,1
2018-06-04 05:28:45,68.9109,15520,0,1069497,1
2018-06-04 05:28:47,10.0,15520,0,155200,1
2018-06-04 05:34:59,236.99,15580,0,3692304,1
2018-06-04 05:35:04,69.0182,15590,0,1075994,1
2018-06-04 05:35:38,23.7886,15580,0,-370626,0
2018-06-04 05:35:57,23.7886,15600,0,371102,1
2018-06-04 05:39:15,20.0,15600,0,-312000,0
2018-06-04 05:39:29,24.9625,15610,0,-389665,0
2018-06-04 05:39:45,44.9625,15610,0,701865,1
2018-06-04 05:47:56,577.02253786,15580,0,-8990011,0
2018-06-04 05:47:56,9.7123,15580,0,-151318,0
2018-06-04 05:47:57,613.26516213,15580,0,-9554671,0
2018-06-04 05:57:56,321.5,15560,0,5002540,1
2018-06-04 05:57:56,15.0,15560,0,233400,1
2018-06-04 05:57:56,5.0519,15560,0,78608,1
2018-06-04 05:58:03,59.1795,15570,0,921425,1
2018-06-04 06:25:43,296.4282,15570,0,4615387,1
2018-06-04 06:28:33,10.7,15570,0,166599,1
2018-06-04 06:33:46,449.1646,15580,0,6997984,1
2018-06-04 06:39:47,42.9758,15570,0,669133,1
2018-06-04 06:43:40,0.0001,15520,0,-2,0
2018-06-04 06:43:51,256.3446,15520,0,-3978468,0
2018-06-04 06:44:00,75.982,15520,0,-1179241,0
2018-06-04 06:44:27,25.7859,15530,0,-400455,0
2018-06-04 06:49:25,7.0795,15540,0,-110015,0
2018-06-04 06:49:25,13.2986,15540,0,-206660,0
2018-06-04 06:50:01,9.7934,15530,0,-152092,0
2018-06-04 06:50:37,47.8432,15540,0,-743483,0
2018-06-04 06:50:56,3.4773,15540,0,-54037,0
2018-06-04 06:55:08,439.6046,15510,0,6818267,1
2018-06-04 06:59:42,439.2648,15540,0,-6826175,0
2018-06-04 06:59:48,2.1805,15540,0,-33885,0
2018-06-04 07:01:26,5.7137,15540,0,-88791,0
2018-06-04 07:08:06,20.0,15530,0,-310600,0
2018-06-04 07:08:06,47.0094,15530,0,-730056,0
2018-06-04 07:08:06,41.1764,15530,0,-639469,0
2018-06-04 07:09:33,38.6847,15510,0,600000,1
2018-06-04 07:09:33,0.1238,15510,0,1920,1
2018-06-04 07:09:33,10.0,15510,0,155100,1
2018-06-04 07:09:33,55.2188,15510,0,856444,1
2018-06-04 07:09:33,188.1096,15510,0,2917580,1
2018-06-04 07:09:34,38.5091,15510,0,597276,1
2018-06-04 07:09:34,224.6988,15510,0,3485078,1
2018-06-04 07:19:08,3.72e-05,15480,0,-1,0
2018-06-04 07:24:53,0.00014346,15460,0,-2,0
2018-06-04 07:26:05,230.5807,15460,0,-3564778,0
2018-06-04 07:32:55,175.0454,15440,0,2702701,1
2018-06-04 07:32:55,55.5355,15440,0,857468,1
2018-06-04 07:34:10,19.99994401,15450,0,-308999,0
2018-06-04 07:34:10,17.32725598,15450,0,-267706,0
2018-06-04 07:34:10,24.3245,15450,0,-375814,0
2018-06-04 07:34:15,53.17804401,15450,0,-821601,0
2018-06-04 07:34:15,5.598e-05,15450,0,-1,0
2018-06-04 07:34:19,5.598e-05,15450,0,-1,0
2018-06-04 07:34:23,22.1299,15450,0,-341907,0
2018-06-04 07:34:27,69.895,15450,0,-1079878,0
2018-06-04 07:35:29,206.8548,15420,0,3189701,1
2018-06-04 07:36:15,15.0353,15420,0,-231844,0
2018-06-04 07:37:39,15.0353,15420,0,231844,1
2018-06-04 07:39:24,123.39,15400,0,-1900206,0
2018-06-04 07:39:41,412.9167,15400,0,-6358917,0
2018-06-04 07:39:49,0.0001,15400,0,-2,0
2018-06-04 07:39:49,11.9685,15400,0,-184315,0
2018-06-04 07:39:55,247.1217,15410,0,3808145,1
2018-06-04 07:39:55,250.0,15410,0,3852500,1
2018-06-04 07:41:04,51.1536,15350,0,785208,1
2018-06-04 07:41:10,155.9089,15360,0,-2394761,0
2018-06-04 07:41:13,3.8671,15350,0,-59360,0
2018-06-04 07:41:13,248.8552,15360,0,-3822416,0
2018-06-04 07:41:13,682.43208835,15370,0,-10488981,0
2018-06-04 07:41:13,100.0,15370,0,-1537000,0
2018-06-04 07:41:13,8.93671164,15370,0,-137357,0
2018-06-04 07:46:04,51.5108,15430,0,794812,1
2018-06-04 07:46:13,0.4,15420,0,6168,1
2018-06-04 07:46:13,4.6,15420,0,70932,1
2018-06-04 07:46:16,117.7342,15420,0,1815461,1
2018-06-04 07:46:17,239.9667,15410,0,3697887,1
2018-06-04 07:46:17,2.0037,15410,0,30877,1
2018-06-04 07:46:18,5.5413,15410,0,85391,1
2018-06-04 07:46:18,64.9131,15410,0,1000311,1
2018-06-04 07:58:47,142.28349718,15490,0,2203971,1
2018-06-04 08:00:41,7.5485,15480,0,116851,1
2018-06-04 08:00:41,127.1219,15480,0,1967847,1
2018-06-04 08:00:42,3.4347,15480,0,53169,1
2018-06-04 08:03:03,211.0732,15460,0,3263192,1
2018-06-04 08:03:03,161.7076,15460,0,2499999,1
2018-06-04 08:03:04,31.8997,15460,0,493169,1
2018-06-04 08:03:04,8.2611,15460,0,127717,1
2018-06-04 08:03:04,20.0,15460,0,309200,1
2018-06-04 08:05:45,1200.0,15520,0,-18624000,0
2018-06-04 08:07:56,1200.0,15530,0,18636000,1
2018-06-04 08:11:40,102.5776,15490,0,-1588927,0
2018-06-04 08:12:05,1.0,15500,0,15500,1
2018-06-04 08:12:17,1098.4224,15490,0,-17014563,0
2018-06-04 08:17:40,377.8016,15470,0,5844591,1
2018-06-04 08:17:40,73.4288,15470,0,1135944,1
2018-06-04 08:17:40,36.6918,15470,0,567622,1
2018-06-04 08:17:40,20.0,15470,0,309400,1
2018-06-04 08:18:29,131.6763,15460,0,2035716,1
2018-06-04 08:18:29,76.202,15460,0,1178083,1
2018-06-04 08:18:29,133.3156,15460,0,2061059,1
2018-06-04 08:18:30,20.0,15460,0,309200,1
2018-06-04 08:18:34,27.8823,15450,0,430782,1
2018-06-04 08:18:34,299.3341,15450,0,4624712,1
2018-06-04 08:18:34,3.6675,15450,0,56663,1
2018-06-04 08:19:27,10.3429,15460,0,-159901,0
2018-06-04 08:19:52,400.0,15480,0,-6192000,0
2018-06-04 08:20:25,76.202,15480,0,1179607,1
2018-06-04 08:20:25,307.143,15480,0,4754574,1
2018-06-04 08:21:51,26.9979,15480,0,417927,1
2018-06-04 08:32:12,556.7579,15510,0,-8635315,0
2018-06-04 08:32:19,23.1759,15530,0,359922,1
2018-06-04 08:32:25,0.3,15520,0,4656,1
2018-06-04 08:33:18,666.718,15530,0,-10354131,0
2018-06-04 08:37:50,272.3173,15530,0,4229088,1
2018-06-04 08:37:50,532.51305009,15530,0,8269928,1
2018-06-04 08:39:22,395.1696,15550,0,6144887,1
2018-06-04 08:43:12,808.4371,15470,0,-12506522,0
2018-06-04 08:43:12,250.0,15470,0,-3867500,0
2018-06-04 08:48:40,53.8235,15490,0,833726,1
2018-06-04 08:48:50,153.2232,15490,0,2373427,1
2018-06-04 08:48:55,384.526,15490,0,5956308,1
2018-06-04 08:48:57,466.8644,15490,0,7231730,1
2018-06-04 08:49:44,11.3838,15490,0,-176335,0
2018-06-04 08:51:26,107.112,15480,0,-1658094,0
2018-06-04 08:52:31,234.173,15490,0,-3627340,0
2018-06-04 08:54:25,352.6688,15520,0,5473420,1
2018-06-04 09:06:47,5.0,15590,0,-77950,0
2018-06-04 09:06:47,59.9353,15590,0,-934391,0
2018-06-04 09:06:48,2.39145417,15590,0,-37283,0
2018-06-04 09:06:48,329.8682,15590,0,-5142645,0
2018-06-04 09:06:48,277.7038,15590,0,-4329402,0
2018-06-04 09:07:12,245.6705,15590,0,3830003,1
2018-06-04 09:07:12,162.3102,15590,0,2530416,1
2018-06-04 09:07:30,933.0819,15590,0,-14546747,0
2018-06-04 09:08:50,15.2272,15580,0,237240,1
2018-06-04 09:08:54,5.0,15570,0,77850,1
2018-06-04 09:08:58,23.1269,15570,0,360086,1
2018-06-04 09:08:58,31.5907,15570,0,491867,1
2018-06-04 09:09:04,5.0,15550,0,77750,1
2018-06-04 09:09:04,21.39,15550,0,332615,1
2018-06-04 09:09:04,70.254,15550,0,1092450,1
2018-06-04 09:09:05,5.0,15550,0,77750,1
2018-06-04 09:09:13,124.0,15550,0,1928200,1
2018-06-04 09:09:13,13.2143,15550,0,205482,1
2018-06-04 09:09:13,221.1848,15550,0,3439424,1
2018-06-04 09:09:13,40.7116,15550,0,633065,1
2018-06-04 09:09:56,28.39039055,15570,0,442038,1
2018-06-04 09:09:57,60.5485,15570,0,942740,1
2018-06-04 09:09:57,113.9647,15570,0,1774430,1
2018-06-04 09:10:39,38.6575,15580,0,602284,1
2018-06-04 09:10:43,101.5368,15570,0,1580928,1
2018-06-04 09:10:44,200.0001,15570,0,3114002,1
2018-06-04 09:10:52,10.0,15580,0,155800,1
2018-06-04 09:10:52,56.541,15580,0,880909,1
2018-06-04 09:12:01,14.6615,15580,0,228426,1
2018-06-04 09:16:53,1200.0,15610,0,-18732000,0
2018-06-04 09:19:05,726.7689,15620,0,11352130,1
2018-06-04 09:20:32,383.82253171,15640,0,6002984,1
2018-06-04 09:20:32,0.1918,15640,0,3000,1
2018-06-04 09:20:32,20.6629,15640,0,323168,1
2018-06-04 09:20:32,68.55386828,15640,0,1072182,1
2018-06-04 09:20:49,620.5665,15660,0,-9718071,0
2018-06-04 09:20:49,4.2104,15670,0,-65977,0
2018-06-04 09:22:43,624.7769,15690,0,9802750,1
2018-06-04 09:23:52,500.0,15710,0,-7855000,0
2018-06-04 09:23:52,382.6078,15710,0,-6010769,0
2018-06-04 09:23:52,20.0,15710,0,-314200,0
2018-06-04 09:23:52,297.3922,15710,0,-4672031,0
2018-06-04 09:25:11,1200.0,15680,0,18816000,1
2018-06-04 09:31:38,20.0,15720,0,-314400,0
2018-06-04 09:31:38,0.9061,15720,0,-14244,0
2018-06-04 09:31:38,81.4301,15720,0,-1280081,0
2018-06-04 09:31:38,320.10960559,15720,0,-5032123,0
2018-06-04 09:31:38,777.5541944,15720,0,-12223152,0
2018-06-04 09:32:03,1200.0,15720,0,18864000,1
2018-06-04 09:37:36,13.7036,15720,0,-215421,0
2018-06-04 09:39:37,15.7956,15710,0,-248149,0
2018-06-04 09:39:37,118.0826,15710,0,-1855078,0
2018-06-04 09:40:56,147.5818,15700,0,2317034,1
2018-06-04 09:43:07,200.0001,15660,0,-3132002,0
2018-06-04 09:43:08,75.884,15660,0,-1188343,0
2018-06-04 09:43:36,45.6149,15660,0,714329,1
2018-06-04 09:43:36,230.2692,15660,0,3606016,1
2018-06-04 09:56:52,313.9947,15600,0,-4898317,0
2018-06-04 09:59:52,0.194,15600,0,3026,1
2018-06-04 09:59:52,121.2217,15600,0,1891059,1
2018-06-04 09:59:56,0.1923,15600,0,3000,1
2018-06-04 10:00:00,0.192,15600,0,2995,1
2018-06-04 10:00:01,0.0192,15600,0,300,1
2018-06-04 10:01:05,0.4,15570,0,6228,1
2018-06-04 10:01:05,45.0,15570,0,700650,1
2018-06-04 10:01:10,75.884,15560,0,1180755,1
2018-06-04 10:01:11,70.8915,15560,0,1103072,1
2018-06-04 10:03:55,1066.84529588,15560,0,-16600113,0
2018-06-04 10:03:55,45.17190411,15560,0,-702875,0
2018-06-04 10:04:53,0.1928,15560,0,3000,1
2018-06-04 10:04:53,0.1928,15560,0,3000,1
2018-06-04 10:05:43,0.1928,15560,0,3000,1
2018-06-04 10:08:24,30.0,15560,0,466800,1
2018-06-04 10:08:24,221.5195,15560,0,3446843,1
2018-06-04 10:08:25,238.4113,15560,0,3709680,1
2018-06-04 10:08:49,621.508,15540,0,9658234,1
2018-06-04 10:22:05,107.347,15590,0,-1673540,0
2018-06-04 10:23:01,28.50594362,15610,0,-444978,0
2018-06-04 10:23:01,354.5683,15610,0,-5534811,0
2018-06-04 10:23:01,12.15665637,15610,0,-189765,0
2018-06-04 10:23:01,109.375,15610,0,-1707344,0
2018-06-04 10:23:01,30.0,15610,0,-468300,0
2018-06-04 10:23:01,337.651,15610,0,-5270732,0
2018-06-04 10:25:27,0.5218,15580,0,8130,1
2018-06-04 10:25:32,50.0354,15570,0,779051,1
2018-06-04 10:25:54,746.0928,15580,0,11624126,1
2018-06-04 10:25:54,120.0,15580,0,1869600,1
2018-06-04 10:25:54,62.9539,15580,0,980822,1
2018-06-04 10:27:08,71.7779,15600,0,-1119735,0
2018-06-04 10:27:50,0.1924,15590,0,3000,1
2018-06-04 10:27:50,56.19727761,15590,0,876116,1
2018-06-04 10:27:51,15.38822238,15590,0,239902,1
2018-06-04 10:33:17,141.92882876,15610,0,-2215509,0
2018-06-04 10:33:20,32.9207,15620,0,-514221,0
2018-06-04 10:33:21,0.9922,15620,0,-15498,0
2018-06-04 10:33:21,10.0,15620,0,-156200,0
2018-06-04 10:33:21,147.2659,15620,0,-2300293,0
2018-06-04 10:33:21,120.3192,15620,0,-1879386,0
2018-06-04 10:33:21,222.915,15620,0,-3481932,0
2018-06-04 10:33:21,19.9999,15620,0,-312398,0
2018-06-04 10:33:21,0.7389,15620,0,-11542,0
2018-06-04 10:33:21,87.3483,15620,0,-1364380,0
2018-06-04 10:37:02,0.205,15600,0,3198,1
2018-06-04 10:37:08,784.2239,15580,0,12218208,1
2018-06-04 10:38:37,15.5827,15560,0,-242467,0
2018-06-04 10:38:49,12.5451,15570,0,195327,1
2018-06-04 10:40:15,3.0376,15550,0,47235,1
2018-06-04 10:40:39,39.5513,15570,0,-615814,0
2018-06-04 10:40:39,380.0,15570,0,-5916600,0
2018-06-04 10:41:21,64.5505,15530,0,1002469,1
2018-06-04 10:41:21,355.0008,15530,0,5513162,1
2018-06-04 10:41:27,569.6242,15540,0,-8851960,0
2018-06-04 10:41:28,290.7038,15540,0,-4517537,0
2018-06-04 10:41:28,249.9999,15540,0,-3884998,0
2018-06-04 10:42:51,42.0644,15520,0,652839,1
2018-06-04 10:42:51,10.0,15520,0,155200,1
2018-06-04 10:42:51,98.7981,15520,0,1533347,1
2018-06-04 10:42:51,0.192,15520,0,2980,1
2018-06-04 10:42:51,10.0848,15520,0,156516,1
2018-06-04 10:42:51,493.0898,15520,0,7652754,1
2018-06-04 10:42:51,6.0,15520,0,93120,1
2018-06-04 10:42:52,20.0,15520,0,310400,1
2018-06-04 10:42:52,1.6235,15520,0,25197,1
2018-06-04 10:42:52,7.56,15520,0,117331,1
2018-06-04 10:42:52,0.9962,15520,0,15461,1
2018-06-04 10:42:54,0.4,15520,0,6208,1
2018-06-04 10:42:55,1.2,15520,0,18624,1
2018-06-04 10:44:26,20.0,15490,0,309800,1
2018-06-04 10:44:26,8.4327,15490,0,130623,1
2018-06-04 10:44:30,5.7406,15490,0,88922,1
2018-06-04 10:44:30,0.1936,15490,0,2999,1
2018-06-04 10:44:31,383.9522,15490,0,5947420,1
2018-06-04 10:47:26,1200.0,15500,0,-18600000,0
2018-06-04 11:05:20,0.4,15500,0,6200,1
2018-06-04 11:05:21,80.0,15500,0,1240000,1
2018-06-04 11:05:24,0.256,15500,0,3968,1
2018-06-04 11:05:24,11.6803,15500,0,181045,1
2018-06-04 11:08:41,45.0779,15490,0,698257,1
2018-06-04 11:08:41,10.0768,15490,0,156090,1
2018-06-04 11:08:41,0.7091,15490,0,10984,1
2018-06-04 11:08:41,20.0,15490,0,309800,1
2018-06-04 11:08:41,1.0,15490,0,15490,1
2018-06-04 11:08:41,313.4317,15490,0,4855057,1
2018-06-04 11:08:42,21.7684,15490,0,337193,1
2018-06-04 11:08:42,221.8784,15490,0,3436896,1
2018-06-04 11:08:42,193.5658,15490,0,2998334,1
2018-06-04 11:08:46,207.1573,15480,0,3206795,1
2018-06-04 11:08:46,72.9983,15480,0,1130014,1
2018-06-04 11:09:46,5.2907,15490,0,-81953,0
2018-06-04 11:12:06,5.2907,15460,0,81794,1
2018-06-04 11:12:35,8.0895,15460,0,-125064,0
2018-06-04 11:12:37,3.8218,15460,0,-59085,0
2018-06-04 11:12:39,351.3621,15470,0,-5435572,0
2018-06-04 11:12:39,17.6034,15470,0,-272325,0
2018-06-04 11:14:01,380.8768,15450,0,5884547,1
2018-06-04 11:14:36,1200.0,15450,0,-18540000,0
2018-06-04 11:14:54,0.19,15470,0,2939,1
2018-06-04 11:14:55,593.25623787,15470,0,9177674,1
2018-06-04 11:16:35,606.5538,15460,0,9377322,1
2018-06-04 11:29:21,410.8372,15380,0,-6318676,0
2018-06-04 11:29:21,2.0,15380,0,-30760,0
2018-06-04 11:29:29,30.6448,15370,0,-471011,0
2018-06-04 11:29:36,54.1445,15360,0,831660,1
2018-06-04 11:29:37,295.0072,15360,0,4531311,1
2018-06-04 11:29:37,44.3303,15360,0,680913,1
2018-06-04 11:29:37,50.0,15360,0,768000,1
2018-06-04 11:30:28,24.2692,15340,0,-372290,0
2018-06-04 11:34:06,24.2692,15380,0,373260,1
2018-06-04 11:41:19,2.2052,15370,0,-33894,0
2018-06-04 11:54:38,1197.7947,15390,0,-18434060,0
2018-06-04 12:00:55,90.0,15340,0,1380600,1
2018-06-04 12:00:55,0.4,15340,0,6136,1
2018-06-04 12:00:56,107.6783,15340,0,1651785,1
2018-06-04 12:04:12,341.6658,15380,0,5254820,1
2018-06-04 12:04:12,0.4,15380,0,6152,1
2018-06-04 12:04:12,217.3488,15380,0,3342825,1
2018-06-04 12:05:57,20.0,15400,0,-308000,0
2018-06-04 12:06:09,19.4302,15420,0,-299614,0
2018-06-04 12:06:09,65.0,15420,0,-1002300,0
2018-06-04 12:06:09,143.0481,15420,0,-2205802,0
2018-06-04 12:16:16,100.0,15480,0,1548000,1
2018-06-04 12:16:16,200.0,15480,0,3096000,1
2018-06-04 12:17:05,3.0,15500,0,-46500,0
2018-06-04 12:17:05,145.0397,15500,0,-2248115,0
2018-06-04 12:17:05,131.968,15500,0,-2045504,0
2018-06-04 12:17:05,171.5114,15500,0,-2658427,0
2018-06-04 12:17:05,40.0,15500,0,-620000,0
2018-06-04 12:17:05,171.5115,15500,0,-2658428,0
2018-06-04 12:18:23,90.7368,15510,0,1407328,1
2018-06-04 12:18:23,130.5431,15510,0,2024723,1
2018-06-04 12:18:23,831.736,15510,0,12900225,1
2018-06-04 12:42:04,30.0,15450,0,-463500,0
2018-06-04 12:43:28,0.1938,15440,0,2992,1
2018-06-04 12:43:43,2.554,15440,0,-39434,0
2018-06-04 12:44:58,32.3602,15470,0,500612,1
2018-06-04 13:18:10,13.46,15410,0,-207419,0
2018-06-04 13:31:18,76.671,15450,0,-1184567,0
2018-06-04 13:35:31,90.131,15480,0,1395228,1
2018-06-04 13:49:26,0.27,15460,0,-4174,0
2018-06-04 13:55:40,378.3814,15450,0,-5845993,0
2018-06-04 14:00:01,378.6514,15460,0,5853951,1
2018-06-04 14:04:08,5.501e-05,15450,0,-1,0
2018-06-04 14:04:09,196.54774498,15450,0,-3036663,0
2018-06-04 14:07:48,196.5478,15460,0,3038629,1
2018-06-04 14:17:06,119.8945,15430,0,-1849972,0
2018-06-04 14:19:06,145.64223774,15420,0,-2245803,0
2018-06-04 14:19:07,28.80776225,15420,0,-444216,0
2018-06-04 14:19:40,119.8494,15420,0,-1848078,0
2018-06-04 14:26:07,262.7528,15420,0,4051648,1
2018-06-04 14:26:07,151.4411,15420,0,2335222,1
2018-06-04 14:55:04,14.1455,15220,0,-215295,0
2018-06-04 14:55:04,86.7736,15220,0,-1320694,0
2018-06-04 14:55:04,1099.0809,15220,0,-16728011,0
2018-06-04 14:56:15,545.1546,15200,0,8286350,1
2018-06-04 14:56:23,42.2482,15200,0,642173,1
2018-06-04 14:56:23,75.2971,15200,0,1144516,1
2018-06-04 14:56:23,2.194,15200,0,33349,1
2018-06-04 14:57:22,20.0,15190,0,303800,1
2018-06-04 14:57:32,432.292,15170,0,6557870,1
2018-06-04 14:57:32,82.8141,15170,0,1256290,1
2018-06-04 15:10:00,85.44705842,15010,0,-1282560,0
2018-06-04 15:10:00,94.55294157,15010,0,-1419240,0
2018-06-04 15:13:42,180.0,15070,0,2712600,1
2018-06-22 16:12:55,1000.0,11050,0,-11050000,0
2018-06-22 16:13:58,930.3623,11030,0,10261896,1
2018-06-22 16:13:58,8.7318,11030,0,96312,1
2018-06-22 16:13:58,60.9059,11030,0,671792,1
2018-06-22 16:25:48,862.3631,11020,0,-9503241,0
2018-06-22 16:25:49,137.6369,11020,0,-1516759,0
2018-06-22 16:37:02,1000.0,11020,0,11020000,1
2018-06-22 16:43:06,55.9409,10990,0,-614790,0
2018-06-22 16:45:42,205.8689,10960,0,-2256323,0
2018-06-22 16:46:55,3.1867,11000,0,35054,1
2018-06-22 16:49:12,2.9265,10980,0,32133,1
2018-06-22 16:49:26,107.096,10980,0,1175914,1
2018-06-22 16:49:42,64.396,10980,0,707068,1
2018-06-22 17:01:16,84.2046,11070,0,932145,1
2018-06-22 17:40:07,108.96633761,10900,0,-1187733,0
2018-06-22 17:40:07,620.7141,10900,0,-6765784,0
2018-06-22 17:42:06,0.0005,10900,0,5,1
2018-06-22 17:59:13,0.098,10950,0,1073,1
2018-06-22 18:10:55,0.0002,10920,0,2,1
2018-06-22 18:13:43,2.2159,10930,0,24220,1
2018-06-22 18:18:56,0.0125,10930,0,137,1
2018-06-22 18:18:56,700.2,10930,0,7653186,1
2018-06-22 18:22:00,27.1534,10940,0,297058,1
2018-06-22 18:23:14,15.1285,10920,0,-165203,0
2018-06-22 18:24:08,0.51,10920,0,5569,1
2018-06-22 18:26:41,14.6185,10940,0,159926,1
2018-06-22 19:00:15,66.697,10830,0,-722329,0
2018-06-22 19:00:23,25.7225,10830,0,-278575,0
2018-06-22 19:06:24,92.4195,10860,0,1003676,1
2018-06-22 19:16:57,147.7852,10870,0,-1606425,0
2018-06-22 19:24:57,4.4,10950,0,48180,1
2018-06-22 19:34:41,108.72,10920,0,1187222,1
2018-06-22 19:34:47,34.6652,10920,0,378544,1
2018-06-22 19:53:14,3.3,11000,0,-36300,0
2018-06-22 19:59:51,3.3,10990,0,36267,1
2018-06-22 20:27:14,15.0,10970,0,-164550,0
2018-06-22 20:32:40,0.0125,10970,0,137,1
2018-06-22 20:35:08,0.2269,10890,0,2471,1
2018-06-22 20:35:08,6.4631,10890,0,70383,1
2018-06-22 20:35:08,8.2975,10890,0,90360,1
2018-06-22 20:42:32,108.1201,10910,0,-1179590,0
2018-06-22 20:42:32,89.865,10910,0,-980427,0
2018-06-22 20:54:25,159.80207579,10950,0,1749833,1
2018-06-22 21:01:31,38.183,10930,0,417340,1
2018-06-22 21:15:04,7.472e-05,10920,0,-1,0
2018-06-22 21:24:16,205.7632,10930,0,-2248992,0
2018-06-22 21:26:33,108.223,10950,0,1185042,1
2018-06-22 21:54:55,493.5524,10900,0,-5379721,0
2018-06-22 22:05:35,64.5548,10880,0,702356,1
2018-06-22 22:05:35,100.6528,10880,0,1095102,1
2018-06-22 22:07:03,242.9512,10790,0,2621443,1
2018-06-22 22:07:04,46.3392,10790,0,500000,1
2018-06-22 22:07:04,97.7772,10790,0,1055016,1
2018-06-22 22:07:04,3.6,10790,0,38844,1
2018-06-22 22:07:07,35.2175,10780,0,379645,1
2018-06-22 22:07:38,113.8844,10750,0,-1224257,0
2018-06-22 22:07:38,0.01,10750,0,-108,0
2018-06-22 22:14:30,595.2568,10720,0,-6381153,0
2018-06-22 22:14:30,84.05465746,10720,0,-901066,0
2018-06-22 22:21:41,153.8719,10750,0,1654123,1
2018-06-22 22:22:25,5.7907,10710,0,62018,1
2018-06-22 22:22:25,100.0,10710,0,1071000,1
2018-06-22 22:22:25,85.0,10710,0,910350,1
2018-06-22 22:22:25,42.2734,10710,0,452748,1
2018-06-22 22:22:26,406.2699,10710,0,4351151,1
2018-06-22 22:36:27,1.0,10410,0,-10410,0
2018-06-22 22:37:04,1.0,10390,0,10390,1
2018-06-22 22:38:00,96.6699,10440,0,-1009234,0
2018-06-22 22:40:00,397.68164761,10500,0,-4175657,0
2018-06-22 22:40:00,10.0,10500,0,-105000,0
2018-06-22 22:40:01,300.0,10500,0,-3150000,0
2018-06-22 22:40:26,804.3515,10490,0,8437647,1
2018-06-22 22:42:10,297.0,10470,0,-3109590,0
2018-06-22 22:46:02,297.0,10500,0,3118500,1
2018-06-22 22:50:13,109.932,10400,0,-1143293,0
2018-06-22 22:50:13,330.9928,10400,0,-3442325,0
2018-06-22 22:50:34,136.3955,10390,0,1417149,1
2018-06-22 22:50:34,47.4748,10390,0,493263,1
2018-06-22 22:50:34,50.0,10390,0,519500,1
2018-06-22 22:50:41,207.0545,10390,0,2151296,1
2018-06-22 22:51:59,303.1404,10440,0,-3164786,0
2018-06-22 22:53:23,102.7923,10410,0,-1070068,0
2018-06-22 22:53:23,10.0,10410,0,-104100,0
2018-06-22 22:53:23,244.5642,10410,0,-2545913,0
2018-06-22 22:58:07,197.27301873,10460,0,2063476,1
2018-06-22 22:58:39,7.6,10380,0,78888,1
2018-06-22 22:58:39,6.3,10380,0,65394,1
2018-06-22 22:58:39,7.3,10380,0,75774,1
2018-06-22 22:58:39,4.8,10380,0,49824,1
2018-06-22 22:58:39,133.6201,10380,0,1386977,1
2018-06-22 22:58:39,1.0289,10380,0,10680,1
2018-06-22 22:58:40,48.1695,10380,0,499999,1
2018-06-22 22:58:40,130.6118,10380,0,1355750,1
2018-06-22 22:58:40,123.7936,10380,0,1284978,1
2018-06-22 22:59:02,203.657,10400,0,-2118033,0
2018-06-22 23:01:00,796.343,10400,0,-8281967,0
2018-06-22 23:02:40,16.86461328,10390,0,175223,1
2018-06-22 23:04:12,26.1684,10380,0,271628,1
2018-06-22 23:15:33,27.6369,10380,0,286871,1
2018-06-22 23:15:54,929.3301,10420,0,9683620,1
2018-06-22 23:32:58,215.2077,10260,0,-2208031,0
2018-06-22 23:37:56,215.2077,10270,0,2210183,1
2018-06-22 23:38:56,333.489,10230,0,-3411592,0
2018-06-22 23:41:03,283.5919,10250,0,-2906817,0
2018-06-22 23:52:04,1.0,10260,0,10260,1
2018-06-23 00:11:00,30.2666,10320,0,312351,1
2018-06-23 00:22:36,585.8143,10200,0,5975306,1
2018-06-23 00:23:26,72.1001,10200,0,-735421,0
2018-06-23 00:24:27,0.0013,10200,0,13,1
2018-06-23 00:29:39,0.3078,10200,0,3140,1
2018-06-23 00:34:01,0.3474,10220,0,3550,1
2018-06-23 00:34:05,1.6090998,10220,0,16445,1
2018-06-23 00:34:19,69.8345,10210,0,713010,1
2018-06-23 00:55:49,1.0,10250,0,-10250,0
2018-06-23 00:56:16,1.0,10240,0,-10240,0
2018-06-23 00:56:28,0.153,10240,0,1567,1
2018-06-23 00:58:25,1.847,10260,0,18950,1
2018-06-23 00:59:19,1.0,10260,0,-10260,0
2018-06-23 01:00:13,1.0,10310,0,10310,1
2018-06-23 01:04:43,18.3533,10250,0,-188121,0
2018-06-23 01:05:44,18.3533,10240,0,187938,1
2018-06-23 01:59:04,871.93,10420,0,-9085511,0
2018-06-23 02:05:33,0.0067,10430,0,70,1
2018-06-23 02:08:47,0.005,10420,0,52,1
2018-06-23 02:16:08,871.9183,10390,0,9059231,1
2018-06-23 03:06:19,7.6147,10400,0,-79193,0
2018-06-23 03:19:03,0.0497,10410,0,517,1
2018-06-23 03:34:57,7.565,10450,0,79054,1
2018-06-23 04:06:23,457.5916,10510,0,-4809288,0
2018-06-23 04:06:27,113.626,10510,0,-1194209,0
2018-06-23 04:17:39,144.0617,10560,0,1521292,1
2018-06-23 04:20:37,140.6509,10580,0,1488087,1
2018-06-23 04:20:52,112.066,10570,0,1184538,1
2018-06-23 04:20:56,174.439,10570,0,1843820,1
2018-06-23 04:42:17,43.3126,10570,0,-457814,0
2018-06-23 04:42:17,43.8613,10570,0,-463614,0
2018-06-23 04:42:18,68.47,10570,0,-723728,0
2018-06-23 04:48:18,138.4877,10570,0,-1463815,0
2018-06-23 05:02:15,10.0,10530,0,-105300,0
2018-06-23 05:13:59,44.1569,10510,0,-464089,0
2018-06-23 05:14:15,0.0001,10510,0,-1,0
2018-06-23 05:14:15,299.9999,10510,0,-3152999,0
2018-06-23 05:26:36,161.5243,10380,0,1676622,1
2018-06-23 05:27:08,300.0,10370,0,-3111000,0
2018-06-23 05:55:20,0.0726,10340,0,751,1
2018-06-23 05:56:59,295.225,10350,0,3055579,1
2018-06-23 05:58:04,17.1035,10380,0,177534,1
2018-06-23 06:05:45,1.0,10190,0,10190,1
2018-06-23 06:05:45,183.9057,10190,0,1873999,1
2018-06-23 06:05:45,74.4232,10190,0,758372,1
2018-06-23 06:05:49,215.0342,10200,0,2193349,1
2018-06-23 06:09:34,24.4527,10120,0,-247461,0
2018-06-23 06:09:35,0.1,10120,0,-1012,0
2018-06-23 06:10:36,458.94,10180,0,-4672009,0
2018-06-23 06:11:47,483.4927,10270,0,4965470,1
2018-06-23 06:18:46,635.8006,10220,0,-6497882,0
2018-06-23 06:24:47,1.0,10300,0,10300,1
2018-06-23 06:25:18,59.5685,10290,0,612960,1
2018-06-23 06:32:43,482.3788,10220,0,4929911,1
2018-06-23 06:33:31,18.2663,10210,0,186499,1
2018-06-23 06:33:31,33.4677,10210,0,341705,1
2018-06-23 06:35:47,1.0,10240,0,10240,1
2018-06-23 06:39:37,5.0,10250,0,51250,1
2018-06-23 06:42:23,0.1001,10240,0,1025,1
2018-06-23 06:43:34,35.0191,10250,0,358946,1
2018-06-23 06:49:24,30.4449,10200,0,-310538,0
2018-06-23 06:54:59,30.4449,10240,0,311756,1
2018-06-23 07:03:56,11.4578,10300,0,-118015,0
2018-06-23 07:05:26,655.0416,10220,0,-6694525,0
2018-06-23 07:06:43,55.7121,10280,0,572720,1
2018-06-23 07:28:08,242.3535,10330,0,2503512,1
2018-06-23 07:28:58,22.083,10320,0,-227897,0
2018-06-23 07:29:13,29.04156844,10330,0,299999,1
2018-06-23 07:30:41,638.5248,10350,0,-6608732,0
2018-06-23 07:37:17,47.866,10420,0,498764,1
2018-06-23 07:37:42,67.3014,10430,0,701954,1
2018-06-23 07:42:50,25.0484,10480,0,262507,1
2018-06-23 07:44:25,114.617,10480,0,1201186,1
2018-06-23 07:51:51,47.8928,10440,0,500001,1
2018-06-23 07:51:51,0.0081,10440,0,85,1
2018-06-23 07:55:35,0.5659,10450,0,5914,1
2018-06-23 08:02:10,6.867,10400,0,71417,1
2018-06-23 08:05:31,230.7958,10360,0,2391044,1
2018-06-23 08:05:41,459.0376,10370,0,4760220,1
2018-06-23 08:23:43,103.6437,10350,0,-1072712,0
2018-06-23 08:25:36,59.2214,10360,0,613534,1
2018-06-23 08:32:20,0.1,10350,0,1035,1
2018-06-23 08:47:17,44.3223,10270,0,455190,1
2018-06-23 08:51:09,1.1715,10250,0,-12008,0
2018-06-23 08:52:16,0.0007,10280,0,7,1
2018-06-23 09:04:27,1.1708,10330,0,12094,1
2018-06-23 09:04:33,158.5554,10320,0,-1636292,0
2018-06-23 09:11:22,0.0021,10330,0,22,1
2018-06-23 09:12:19,9.168e-05,10340,0,1,1
2018-06-23 09:28:11,158.5532,10340,0,1639440,1
2018-06-23 09:32:06,0.1001,10410,0,-1042,0
2018-06-23 09:32:06,1.2,10410,0,-12492,0
2018-06-23 09:32:06,209.6531,10410,0,-2182489,0
2018-06-23 09:32:07,4.2,10410,0,-43722,0
2018-06-23 09:32:07,1.2,10410,0,-12492,0
2018-06-23 09:34:18,47.97279177,10470,0,502275,1
2018-06-23 09:34:26,168.3804,10470,0,1762943,1
2018-06-23 12:26:56,0.0439,10320,0,-453,0
2018-06-23 12:27:02,7.8086,10320,0,-80585,0
2018-06-23 12:27:28,54.0647,10320,0,-557948,0
2018-06-23 12:28:21,721.3348,10310,0,-7436962,0
2018-06-23 13:10:48,3.9,10210,0,39819,1
2018-06-23 13:19:03,5.199e-05,10270,0,1,1
2018-06-23 13:20:24,779.352,10270,0,8003945,1
2018-06-23 13:21:11,464.0341,10260,0,-4760990,0
2018-06-23 13:30:32,23.99704031,10320,0,247649,1
2018-06-23 13:30:45,68.9332,10320,0,711390,1
2018-06-23 13:31:17,69.5906,10320,0,718175,1
2018-06-23 14:14:54,5.219e-05,10270,0,1,1
2018-06-23 14:30:06,96.74483104,10180,0,-984862,0
2018-06-23 14:40:16,24.745,10190,0,252152,1
2018-06-23 14:49:56,0.524,10130,0,5308,1
2018-06-23 14:53:35,372.989,10090,0,3763459,1
2018-06-23 15:21:35,1.0,9840,0,-9840,0
2018-06-23 15:25:00,1.0,9740,0,9740,1
2018-06-23 16:05:32,1000.0,9800,0,-9800000,0
2018-06-23 16:11:41,200.0,9880,0,1976000,1
2018-06-23 16:11:42,151.8218,9880,0,1499999,1
2018-06-23 16:11:43,500.0,9880,0,4940000,1
2018-06-23 16:11:44,148.17819392,9880,0,1464001,1
2018-06-23 16:20:05,108.5935,10080,0,-1094622,0
2018-06-23 16:20:09,43.4332,10110,0,439110,1
2018-06-23 16:21:26,65.1603,10030,0,653558,1
2018-06-23 16:31:13,1000.0,10070,0,-10070000,0
2018-06-23 16:39:13,22.9829,10020,0,230289,1
2018-06-23 16:42:19,378.388,10010,0,3787664,1
2018-06-23 16:47:20,598.6291,10040,0,6010236,1
2018-06-23 16:53:27,58.3897,10050,0,-586816,0
2018-06-23 16:56:35,58.3897,10120,0,590904,1
2018-06-23 17:10:03,10.6228,10050,0,-106759,0
2018-06-23 17:14:37,10.6228,10060,0,106865,1
2018-06-23 17:27:39,201.4511,10000,0,-2014511,0
2018-06-23 17:28:19,28.3313,10000,0,-283313,0
2018-06-23 17:52:24,300.0,9940,0,-2982000,0
2018-06-23 17:57:41,10.0053,9950,0,99553,1
2018-06-23 18:00:52,58.8643,9960,0,586288,1
2018-06-23 18:00:52,200.8033,9960,0,2000001,1
2018-06-23 18:14:52,208.7822,10000,0,-2087822,0
2018-06-23 18:14:52,531.1083,10000,0,-5311083,0
2018-06-23 18:42:02,13.7334,10050,0,138021,1
2018-06-23 18:42:55,970.2665,10080,0,9780286,1
2018-06-23 18:42:55,16.0,10080,0,161280,1
2018-06-23 19:40:15,15.697,10050,0,-157755,0
2018-06-23 19:41:32,15.697,9990,0,156813,1
2018-06-23 19:42:04,0.6515,10000,0,-6515,0
2018-06-23 19:42:21,421.5682,10040,0,-4232545,0
2018-06-23 19:42:21,5.414,10040,0,-54357,0
2018-06-23 19:42:27,39.9525,10040,0,-401123,0
2018-06-23 19:43:10,114.4983,10000,0,-1144983,0
2018-06-23 19:49:26,0.0125,10050,0,126,1
2018-06-23 19:53:45,0.0125,10030,0,125,1
2018-06-23 19:54:16,339.915,10020,0,3405948,1
2018-06-23 19:55:05,47.4464,10020,0,475413,1
2018-06-23 20:01:16,194.6981,10100,0,1966451,1
2018-06-23 20:08:52,117.344,10120,0,-1187521,0
2018-06-23 20:09:25,0.0547,10130,0,554,1
2018-06-23 20:20:53,0.3228,10110,0,3264,1
2018-06-23 20:22:29,75.0494,10100,0,-757999,0
2018-06-23 20:22:29,24.344,10100,0,-245874,0
2018-06-23 20:24:45,216.3599,10100,0,2185235,1
2018-06-23 20:25:35,1000.0,10060,0,-10060000,0
2018-06-23 20:26:32,29.8804,10040,0,299999,1
2018-06-23 20:33:07,777.2323,10030,0,7795640,1
2018-06-23 20:43:20,55.4483,10030,0,-556146,0
2018-06-23 20:45:11,248.3356,10060,0,2498256,1
2018-06-23 20:51:28,972.7246,10060,0,-9785609,0
2018-06-23 20:59:29,9.484e-05,10090,0,1,1
2018-06-23 21:10:17,129.9352,9950,0,1292855,1
2018-06-23 21:10:17,706.5998,9950,0,7030668,1
2018-06-23 21:10:17,135.0,9950,0,1343250,1
2018-06-23 21:10:17,1.1895,9950,0,11836,1
2018-06-23 21:10:31,135.9964,9960,0,-1354524,0
2018-06-23 21:10:31,71.4834,9960,0,-711975,0
2018-06-23 21:12:30,15.0865,9930,0,-149809,0
2018-06-23 21:13:37,98.0146,9950,0,-975245,0
2018-06-23 21:48:20,1.0,10000,0,10000,1
2018-06-23 21:51:36,243.7087,10040,0,-2446835,0
2018-06-23 21:51:50,0.0226,10040,0,227,1
2018-06-23 22:14:35,20.0,9970,0,199400,1
2018-06-23 22:14:40,1.0,9990,0,9990,1
2018-06-23 22:15:14,118.519,9960,0,1180449,1
2018-06-23 22:16:31,16.2654,9960,0,-162003,0
2018-06-23 22:39:40,10.8586,9960,0,-108152,0
2018-06-23 22:39:40,10.8012,9960,0,-107580,0
2018-06-23 22:39:40,10.8885,9960,0,-108449,0
2018-06-23 23:12:35,63.8468,9970,0,-636553,0
2018-06-23 23:25:38,299.99189301,10020,0,3005919,1
2018-06-23 23:50:00,0.5,9980,0,4990,1
2018-06-23 23:50:41,72.7595,9970,0,-725412,0
2018-06-24 00:00:45,2.4018,9960,0,-23922,0
2018-06-24 00:12:04,118.164,9970,0,1178095,1
2018-06-24 00:12:04,69.0123,9970,0,688053,1
2018-06-24 00:18:22,15.6687,9950,0,-155904,0
2018-06-24 00:20:12,23.1091,9940,0,-229704,0
2018-06-24 00:20:22,6.2464,9940,0,-62089,0
2018-06-24 00:23:07,168.9258,9910,0,1674055,1
2018-06-24 01:01:22,20.0,9970,0,-199400,0
2018-06-24 01:08:26,2.4907,10000,0,24907,1
2018-06-24 01:08:50,0.3065,10000,0,3065,1
2018-06-24 01:24:11,15.4571,9970,0,154107,1
2018-06-24 01:26:30,1.7457,9980,0,17422,1
2018-06-24 01:36:37,19.61,9970,0,-195512,0
2018-06-24 02:01:18,10.0401,9960,0,99999,1
2018-06-24 02:31:24,9.5699,9940,0,95125,1
2018-06-24 03:16:30,119.056,9960,0,-1185798,0
2018-06-24 03:19:01,119.056,9960,0,1185798,1
2018-06-24 04:12:54,287.9626,9980,0,-2873867,0
2018-06-24 04:14:34,30.0,10010,0,-300300,0
2018-06-24 04:19:00,49.725,10030,0,498742,1
2018-06-24 04:26:38,125.4987,10010,0,-1256242,0
2018-06-24 04:50:50,385.0542,10040,0,3865944,1
2018-06-24 05:00:40,101.51,9990,0,-1014085,0
2018-06-24 05:05:44,1.4333,9980,0,-14304,0
2018-06-24 05:09:43,291.9228,9970,0,-2910470,0
2018-06-24 05:09:56,118.047,9970,0,-1176929,0
2018-06-24 05:30:00,94.6145,10000,0,946145,1
2018-06-24 05:30:31,253.066,10010,0,2533191,1
2018-06-24 05:30:36,6.9555,10010,0,69625,1
2018-06-24 05:30:43,62.1123,10010,0,621744,1
2018-06-24 06:16:51,47.0359,10040,0,472240,1
2018-06-24 06:30:35,117.929,10120,0,-1193441,0
2018-06-24 06:32:22,5.812e-05,10150,0,1,1
2018-06-24 06:32:51,117.929,10170,0,-1199338,0
2018-06-24 06:32:56,4.1,10170,0,-41697,0
2018-06-24 06:33:25,1.15,10170,0,-11696,0
2018-06-24 06:33:33,1.15,10170,0,-11696,0
2018-06-24 06:34:06,9.607e-05,10200,0,1,1
2018-06-24 06:37:22,289.3298,10170,0,2942484,1
2018-06-24 06:38:40,10.7391,10170,0,109217,1
2018-06-24 07:04:13,171.2425,10320,0,-1767223,0
2018-06-24 07:04:52,171.2425,10320,0,1767223,1
2018-06-24 07:45:33,18.2719,10300,0,-188201,0
2018-06-24 07:46:07,23.967,10300,0,-246860,0
2018-06-24 08:01:54,12.307,10310,0,126885,1
2018-06-24 08:02:01,8.7769,10310,0,90490,1
2018-06-24 08:02:07,21.155,10310,0,218108,1
2018-06-24 08:19:34,35.946,10190,0,-366290,0
2018-06-24 08:21:21,386.5136,10210,0,-3946304,0
2018-06-24 08:30:07,272.0054,10160,0,-2763575,0
2018-06-24 08:41:29,278.89,10200,0,2844678,1
2018-06-24 08:42:03,133.4612,10200,0,1361304,1
2018-06-24 08:58:56,99.85,10200,0,-1018470,0
2018-06-24 08:58:56,208.5991,10200,0,-2127711,0
2018-06-24 09:16:47,590.5628,10170,0,6006024,1
2018-06-24 09:26:02,1000.0,10150,0,-10150000,0
2018-06-24 09:32:59,310.6707,10130,0,3147094,1
2018-06-24 09:36:20,250.0,10080,0,2520000,1
2018-06-24 09:37:06,1.5435,10080,0,-15558,0
2018-06-24 09:48:55,22.0791,10040,0,-221674,0
2018-06-24 09:49:12,47.0,10060,0,472820,1
2018-06-24 10:19:16,38.1872,10050,0,-383781,0
2018-06-24 10:19:16,160.942,10050,0,-1617467,0
2018-06-24 10:23:28,615.0811,10000,0,6150811,1
2018-06-24 11:11:22,100.0,9980,0,-998000,0
2018-06-24 11:14:20,100.0,9950,0,995000,1
2018-06-24 12:22:37,21.2022,9730,0,-206297,0
2018-06-24 12:22:41,21.063,9730,0,-204943,0
2018-06-24 12:23:47,248.1921,9730,0,-2414909,0
2018-06-24 12:33:44,53.1518,9820,0,-521951,0
2018-06-24 12:33:45,10.0,9820,0,-98200,0
2018-06-24 12:35:09,78.8601,9840,0,775983,1
2018-06-24 12:35:09,245.7541,9840,0,2418220,1
2018-06-24 12:49:39,28.9949,9720,0,281830,1
2018-06-24 12:59:31,272.8873,9690,0,-2644278,0
2018-06-24 13:00:55,21.7917,9580,0,208764,1
2018-06-24 13:00:56,251.0956,9580,0,2405496,1
2018-06-24 13:01:10,374.56,9590,0,-3592030,0
2018-06-24 13:01:20,1.0,9560,0,9560,1
2018-06-24 13:01:21,53.5962,9560,0,512380,1
2018-06-24 13:01:21,112.0798,9560,0,1071483,1
2018-06-24 13:01:21,207.884,9560,0,1987371,1
2018-06-24 13:01:51,200.0,9570,0,-1914000,0
2018-06-24 13:01:51,41.0771,9570,0,-393108,0
2018-06-24 13:03:54,43.3452,9540,0,413513,1
2018-06-24 13:04:45,197.7319,9500,0,1878453,1
2018-06-24 13:12:09,8.9814,9470,0,-85054,0
2018-06-24 13:13:23,0.5571,9490,0,5287,1
2018-06-24 13:14:39,0.0002,9550,0,2,1
2018-06-24 13:14:39,8.4241,9550,0,80450,1
2018-06-24 13:17:24,778.0681,9530,0,-7414989,0
2018-06-24 13:19:10,538.4313,9440,0,5082791,1
2018-06-24 13:19:49,239.6368,9380,0,2247793,1
2018-06-24 13:41:34,506.9107,9370,0,-4749753,0
2018-06-24 13:41:34,493.0893,9370,0,-4620247,0
2018-06-24 13:42:01,156.1336,9340,0,1458288,1
2018-06-24 13:42:01,200.0,9340,0,1868000,1
2018-06-24 13:42:02,135.0,9340,0,1260900,1
2018-06-24 13:42:02,4.3501,9340,0,40630,1
2018-06-24 13:42:02,3.5707,9340,0,33350,1
2018-06-24 13:42:02,500.9456,9340,0,4678832,1
2018-06-24 14:13:20,4.4944,9200,0,-41348,0
2018-06-24 14:17:33,4.4944,9220,0,41438,1
2018-06-24 14:57:21,144.7877,9250,0,-1339286,0
2018-06-24 15:01:22,3.904,9250,0,-36112,0
2018-06-24 15:01:22,0.1001,9250,0,-926,0
2018-06-24 15:04:31,66.8665,9230,0,-617178,0
2018-06-24 15:07:33,0.5,9190,0,4595,1
2018-06-24 15:07:33,15.4607,9190,0,142084,1
2018-06-24 15:07:33,195.0443,9190,0,1792457,1
2018-06-24 15:07:33,4.6533,9190,0,42764,1
2018-06-24 15:12:34,1000.0,9120,0,-9120000,0
2018-06-24 15:12:39,8.287e-05,9110,0,1,1
2018-06-24 15:14:26,29.9332,9080,0,271793,1
2018-06-24 15:25:05,5.614e-05,9120,0,1,1
2018-06-24 15:27:31,19.9016,9080,0,180707,1
2018-06-24 15:29:37,40.8196,9020,0,368193,1
2018-06-24 15:29:37,514.0169,9020,0,4636432,1
2018-06-24 15:30:05,101.9415,9000,0,917474,1
2018-06-24 15:30:05,21.7471,9000,0,195724,1
2018-06-24 15:30:06,24.8469,9000,0,223622,1
2018-06-24 15:30:06,100.0,9000,0,900000,1
2018-06-24 15:30:06,146.793,9000,0,1321137,1
2018-06-24 15:58:50,7.9024,9020,0,-71280,0
2018-06-24 16:01:47,2.7781,9070,0,25197,1
2018-06-24 16:05:02,5.1243,9180,0,47041,1
2018-06-24 16:26:24,12.8702,9030,0,-116218,0
2018-06-24 16:26:39,12.8702,9060,0,116604,1
2018-06-24 16:35:21,130.981,9080,0,-1189307,0
2018-06-24 16:35:28,156.0857,9080,0,-1417258,0
2018-06-24 16:35:50,12.5507,9080,0,-113960,0
2018-06-24 16:43:18,6.10671806,9080,0,55449,1
2018-06-24 16:51:37,0.0006,9050,0,5,1
2018-06-24 16:51:38,293.5101,9050,0,2656266,1
2018-06-24 17:15:07,3.1636,8940,0,-28283,0
2018-06-24 17:21:07,3.1636,8890,0,28124,1
2018-06-24 17:39:50,71.7091,8770,0,-628889,0
2018-06-24 17:48:54,71.7091,8880,0,636777,1
2018-06-24 17:49:03,12.152,8880,0,-107910,0
2018-06-24 17:51:54,0.00968958,8930,0,87,1
2018-06-24 18:01:24,42.326,8800,0,-372469,0
2018-06-24 18:02:07,222.5183,8790,0,-1955936,0
2018-06-24 18:14:44,27.9642,8940,0,250000,1
2018-06-24 18:14:44,231.3181,8940,0,2067984,1
2018-06-24 18:15:06,0.0355,8950,0,318,1
2018-06-24 18:21:12,17.6688,8910,0,157429,1
2018-06-24 18:37:04,83.9689,9060,0,-760758,0
2018-06-24 18:38:07,57.5724,9080,0,522757,1
2018-06-24 18:45:43,26.3965,9010,0,237832,1
2018-06-24 18:53:36,2.5157,8980,0,-22591,0
2018-06-24 18:53:43,2.5157,9000,0,22641,1
2018-06-24 20:02:25,100.7094,9100,0,-916456,0
2018-06-24 20:05:27,0.0085,9100,0,77,1
2018-06-24 20:07:09,0.003,9090,0,27,1
2018-06-24 20:12:40,0.1418,9090,0,1289,1
2018-06-24 20:27:37,20.081,9010,0,-180930,0
2018-06-24 20:30:43,0.5845,9040,0,5284,1
2018-06-24 20:41:48,120.0526,9070,0,1088877,1
2018-06-24 20:45:12,10.2465,9080,0,-93038,0
2018-06-24 20:51:55,10.2465,9080,0,93038,1
2018-06-24 21:05:30,392.8746,8990,0,-3531943,0
2018-06-24 21:09:19,149.5291,8990,0,1344267,1
2018-06-24 21:11:54,58.4615,8980,0,-524984,0
2018-06-24 21:14:04,12.9207,9000,0,-116286,0
2018-06-24 21:14:04,0.1108,9000,0,-997,0
2018-06-24 21:21:11,15.6465,8970,0,-140349,0
2018-06-24 21:33:31,0.5768,9010,0,5197,1
2018-06-24 21:37:26,522.7651,8970,0,-4689203,0
2018-06-24 22:09:19,0.0005,9020,0,5,1
2018-06-24 22:10:01,0.1,9030,0,903,1
2018-06-24 22:15:02,1.5,9040,0,13560,1
2018-06-24 22:15:03,11.5326,9040,0,104255,1
2018-06-24 22:15:03,1.5,9040,0,13560,1
2018-06-24 22:59:05,838.0401,9060,0,7592643,1
2018-06-24 23:08:26,28.5253,9030,0,-257583,0
2018-06-25 00:07:15,28.5253,8890,0,253590,1
2018-06-25 00:13:12,718.6575,8850,0,-6360119,0
2018-06-25 00:15:47,86.5481,8790,0,760758,1
2018-06-25 00:15:47,1.0,8790,0,8790,1
2018-06-25 00:15:47,0.5,8790,0,4395,1
2018-06-25 00:15:47,131.054,8790,0,1151965,1
2018-06-25 00:18:34,500.4446,8770,0,-4388899,0
2018-06-25 00:19:48,852.713,8820,0,7520929,1
2018-06-25 00:19:49,58.5575,8820,0,516477,1
2018-06-25 00:19:52,4.6255,8820,0,40797,1
2018-06-25 00:19:57,84.104,8820,0,741797,1
2018-06-25 00:30:25,1.842,8830,0,-16265,0
2018-06-25 00:36:44,50.0,8820,0,-441000,0
2018-06-25 00:37:50,948.158,8830,0,-8372235,0
2018-06-25 00:41:42,2.0,8770,0,17540,1
2018-06-25 00:41:42,2.0,8770,0,17540,1
2018-06-25 00:41:42,37.0,8770,0,324490,1
2018-06-25 00:41:42,25.1211,8770,0,220312,1
2018-06-25 01:03:59,0.9999,8780,0,8779,1
2018-06-25 01:03:59,135.016,8780,0,1185440,1
2018-06-25 01:06:38,188.9777,8860,0,1674342,1
2018-06-25 01:16:49,35.7921,8930,0,319623,1
2018-06-25 01:20:32,10.4908,8960,0,93998,1
2018-06-25 01:23:11,263.761,8940,0,2358023,1
2018-06-25 01:26:02,53.1506,9120,0,484733,1
2018-06-25 01:26:02,10.01096491,9120,0,91300,1
2018-06-25 01:26:39,235.6798,9140,0,2154113,1
2018-06-25 01:32:09,887.2899,9130,0,-8100957,0
2018-06-25 01:32:35,115.6436,9150,0,1058139,1
2018-06-25 01:32:35,86.0484,9150,0,787343,1
2018-06-25 01:38:39,56.2302,9090,0,511133,1
2018-06-25 01:38:43,629.3677,9110,0,5733540,1
2018-06-25 01:41:37,300.0,9170,0,-2751000,0
2018-06-25 01:41:57,83.7183,9200,0,-770208,0
2018-06-25 01:44:29,189.1668,9370,0,1772493,1
2018-06-25 01:44:29,194.5515,9370,0,1822948,1
2018-06-25 01:44:52,274.0118,9420,0,-2581191,0
2018-06-25 01:46:01,0.3416,9510,0,-3249,0
2018-06-25 01:46:01,10.5468,9510,0,-100300,0
2018-06-25 01:46:01,0.7623,9510,0,-7249,0
2018-06-25 01:46:01,3.0,9510,0,-28530,0
2018-06-25 01:46:30,406.8166,9520,0,-3872894,0
2018-06-25 01:47:36,695.4791,9590,0,6669645,1
2018-06-25 01:55:17,1000.0,9550,0,-9550000,0
2018-06-25 01:56:49,18.8321,9590,0,180600,1
2018-06-25 01:59:02,981.1679,9520,0,9340718,1
2018-06-25 01:59:46,561.0925,9570,0,-5369655,0
2018-06-25 02:03:42,3.1575,9580,0,30249,1
2018-06-25 02:03:47,100.0,9570,0,957000,1
2018-06-25 02:05:50,132.299,9500,0,1256841,1
2018-06-25 02:05:50,50.0,9500,0,475000,1
2018-06-25 02:05:51,275.636,9500,0,2618542,1
2018-06-25 02:21:39,134.83552463,9660,0,-1302511,0
2018-06-25 02:21:58,4.2607,9720,0,-41414,0
2018-06-25 02:21:58,309.5065,9720,0,-3008403,0
2018-06-25 02:21:59,3.0,9720,0,-29160,0
2018-06-25 02:21:59,300.0,9720,0,-2916000,0
2018-06-25 02:21:59,165.453,9720,0,-1608203,0
2018-06-25 02:23:41,843.6771,9940,0,8386150,1
2018-06-25 02:23:41,73.3786,9940,0,729383,1
2018-06-25 02:29:40,1.0,9890,0,-9890,0
2018-06-25 02:29:40,1.0,9890,0,-9890,0
2018-06-25 02:30:56,998.0,9830,0,-9810340,0
2018-06-25 02:31:11,85.4514,9800,0,837424,1
2018-06-25 02:31:17,914.5486,9810,0,8971722,1
2018-06-25 02:38:23,156.0772,9950,0,-1552968,0
2018-06-25 02:41:48,156.0772,9930,0,1549847,1
2018-06-25 02:55:36,6.5732,9840,0,-64680,0
2018-06-25 02:55:58,4.6296,9850,0,-45602,0
2018-06-25 02:59:11,11.2028,9800,0,109787,1
2018-06-25 03:02:14,1000.0,9670,0,-9670000,0
2018-06-25 03:02:33,1000.0,9680,0,9680000,1
2018-06-25 03:04:32,525.8733,9730,0,-5116747,0
2018-06-25 03:12:54,100.0,9670,0,967000,1
2018-06-25 03:16:52,8.5609,9670,0,82784,1
2018-06-25 03:17:53,417.3124,9700,0,4047930,1
2018-06-25 04:07:11,8.4908,9830,0,-83465,0
2018-06-25 04:07:19,8.4908,9850,0,83634,1
2018-06-25 04:08:03,64.7199,9810,0,-634902,0
2018-06-25 04:08:03,122.1279,9810,0,-1198075,0
2018-06-25 04:08:07,439.2988,9810,0,-4309521,0
2018-06-25 04:08:07,373.8534,9810,0,-3667502,0
2018-06-25 04:19:30,0.003,9730,0,29,1
2018-06-25 04:31:15,9.4748,9760,0,92474,1
2018-06-25 04:31:34,0.0059,9770,0,58,1
2018-06-25 04:35:24,6.996e-05,9790,0,1,1
2018-06-25 04:38:12,326.19167484,9780,0,3190155,1
2018-06-25 04:38:45,193.0,9790,0,1889470,1
2018-06-25 04:45:08,471.3245,9900,0,4666113,1
2018-06-25 04:48:40,250.0,9910,0,-2477500,0
2018-06-25 04:49:21,250.0,9930,0,2482500,1
2018-06-25 05:06:12,22.0,9790,0,-215380,0
2018-06-25 05:06:41,13.3477,9810,0,130941,1
2018-06-25 05:13:02,991.3477,9760,0,-9675554,0
2018-06-25 05:26:06,1000.0,9850,0,9850000,1
2018-06-25 05:28:54,32.5876,9790,0,-319033,0
2018-06-25 05:30:57,32.5876,9830,0,320336,1
2018-06-25 05:34:49,2.0,10010,0,-20020,0
2018-06-25 05:34:54,501.338,10010,0,-5018393,0
2018-06-25 05:35:36,382.21005324,10030,0,3833567,1
2018-06-25 05:35:36,121.12794675,10030,0,1214913,1
2018-06-25 05:37:19,17.8697,9980,0,-178340,0
2018-06-25 05:37:23,615.2332,9970,0,-6133875,0
2018-06-25 05:38:52,617.3791,10000,0,6173791,1
2018-06-25 05:42:44,984.2762,10060,0,-9901819,0
2018-06-25 05:43:19,1000.0,10090,0,10090000,1
2018-06-25 05:45:11,1000.0,10110,0,-10110000,0
2018-06-25 05:45:36,32.4609,10090,0,327530,1
2018-06-25 05:45:54,50.0,10070,0,503500,1
2018-06-25 05:51:59,917.5391,9980,0,9157040,1
2018-06-25 06:04:31,39.3584,9990,0,-393190,0
2018-06-25 06:10:47,279.8675,9960,0,-2787480,0
2018-06-25 06:27:52,316.1976,9840,0,3111384,1
2018-06-25 06:27:52,3.0283,9840,0,29798,1
2018-06-25 06:34:50,20.0,9810,0,-196200,0
2018-06-25 06:38:58,64.87954358,9740,0,-631927,0
2018-06-25 06:40:01,84.8796,9690,0,822483,1
2018-06-25 06:57:04,1.0,9710,0,-9710,0
2018-06-25 06:57:12,1.0,9710,0,-9710,0
2018-06-25 06:57:39,1.0,9710,0,-9710,0
2018-06-25 07:01:02,1.0,9700,0,-9700,0
2018-06-25 07:03:54,4.0,9670,0,38680,1
2018-06-25 07:37:52,11.081,9560,0,-105934,0
2018-06-25 07:38:15,8.4394,9540,0,80512,1
2018-06-25 07:49:59,2.6416,9580,0,25307,1
2018-06-25 08:01:26,46.476,9510,0,-441987,0
2018-06-25 08:03:44,3.6472,9500,0,-34648,0
2018-06-25 08:05:37,50.1232,9520,0,477173,1
2018-06-25 08:14:28,157.6515,9520,0,-1500842,0
2018-06-25 08:30:04,124.373,9460,0,1176569,1
2018-06-25 08:31:28,70.1,9480,0,-664548,0
2018-06-25 08:41:15,24.3131,9530,0,-231704,0
2018-06-25 08:53:35,75.939,9490,0,-720661,0
2018-06-25 08:53:35,11.4083,9490,0,-108265,0
2018-06-25 08:55:23,2.55187829,9490,0,24217,1
2018-06-25 09:13:05,1.7,9420,0,16014,1
2018-06-25 09:13:05,43.2985,9420,0,407872,1
2018-06-25 09:13:05,3.2,9420,0,30144,1
2018-06-25 09:13:05,1.2,9420,0,11304,1
2018-06-25 09:13:28,131.7438,9370,0,1234439,1
2018-06-25 09:13:28,21.3447,9370,0,200000,1
2018-06-25 09:13:28,10.0,9370,0,93700,1
2018-06-25 09:15:12,17.273,9360,0,-161675,0
2018-06-25 09:23:53,17.273,9390,0,162193,1
2018-06-25 09:24:33,0.0005,9360,0,-5,0
2018-06-25 09:36:44,999.9995,9390,0,-9389995,0
2018-06-25 09:52:48,1.0,9370,0,9370,1
2018-06-25 09:52:49,71.2322,9370,0,667446,1
2018-06-25 09:54:46,3.0,9310,0,27930,1
2018-06-25 09:55:40,0.0485,9290,0,451,1
2018-06-25 09:55:44,4.3689,9290,0,40587,1
2018-06-25 09:56:00,1.0064,9290,0,9349,1
2018-06-25 09:57:26,122.8797,9320,0,1145239,1
2018-06-25 09:57:27,41.6693,9320,0,388358,1
2018-06-25 09:57:59,77.0,9330,0,718410,1
2018-06-25 10:00:59,0.2033,9290,0,1889,1
2018-06-25 10:07:06,81.8253,9230,0,755248,1
2018-06-25 10:07:06,17.3911,9230,0,160520,1
2018-06-25 10:07:07,307.5091,9230,0,2838309,1
2018-06-25 10:07:07,21.6684,9230,0,199999,1
2018-06-25 10:07:07,149.1978,9230,0,1377096,1
2018-06-25 10:07:07,100.0,9230,0,923000,1
2018-06-25 10:38:52,100.0,9100,0,-910000,0
2018-06-25 10:38:52,352.8817,9100,0,-3211223,0
2018-06-25 10:46:29,143.2444,9080,0,1300659,1
2018-06-25 10:47:23,309.6373,9050,0,2802218,1
2018-06-25 11:35:11,1.0,9020,0,-9020,0
2018-06-25 11:35:47,5.5493,9060,0,-50277,0
2018-06-25 11:49:30,6.5492,8980,0,58812,1
2018-06-25 12:22:52,352.2825,9160,0,-3226908,0
2018-06-25 12:23:05,6.9255,9150,0,-63368,0
2018-06-25 12:26:09,640.7919,9120,0,-5844022,0
2018-06-25 12:33:44,2.0,9120,0,18240,1
2018-06-25 12:39:47,0.3293,9110,0,3000,1
2018-06-25 12:56:48,633.8158,9180,0,5818429,1
2018-06-25 13:03:12,636.1451,9210,0,-5858896,0
2018-06-25 13:37:25,117.4485,9210,0,1081701,1
2018-06-25 13:37:25,10.4185,9210,0,95954,1
2018-06-25 13:59:17,8.26e-05,9190,0,1,1
2018-06-25 14:08:38,127.867,9160,0,1171262,1
2018-06-25 14:39:40,18.20825841,9210,0,167698,1
2018-06-25 14:46:27,5.945e-05,9250,0,1,1
2018-06-25 15:32:22,0.0040269,9330,0,38,1
2018-06-25 15:33:51,726.0534,9350,0,6788599,1
2018-06-25 16:49:04,33.7333,9280,0,-313045,0
2018-06-25 16:49:09,77.592,9280,0,-720054,0
2018-06-25 17:25:53,111.3253,9360,0,1042005,1
2018-06-25 17:29:19,1000.0,9360,0,-9360000,0
2018-06-25 17:46:14,488.94554675,9410,0,4600978,1
2018-06-25 17:54:03,22.6452,9500,0,215129,1
2018-06-25 17:54:03,218.9241,9500,0,2079779,1
2018-06-25 17:55:04,326.7438,9570,0,-3126938,0
2018-06-25 17:55:08,596.2289,9570,0,5705911,1
2018-06-25 17:55:32,14.2343,9530,0,-135653,0
2018-06-25 17:55:54,203.3953,9530,0,-1938357,0
2018-06-25 17:56:00,5.3301,9530,0,-50796,0
2018-06-25 17:56:31,0.0098,9500,0,93,1
2018-06-25 17:57:05,94.7979,9470,0,-897736,0
2018-06-25 17:57:23,6.1595,9480,0,58392,1
2018-06-25 18:08:16,6.44e-05,9440,0,1,1
2018-06-25 18:14:08,11.0,9410,0,-103510,0
2018-06-25 18:33:35,20.2837,9400,0,-190667,0
2018-06-25 18:33:35,309.0,9400,0,-2904600,0
2018-06-25 18:47:02,0.01,9430,0,94,1
2018-06-25 18:47:03,83.3106,9430,0,785619,1
2018-06-25 18:57:35,0.01,9450,0,95,1
2018-06-25 19:02:12,251.3692,9470,0,2380466,1
2018-06-25 19:09:51,317.1721,9580,0,3038509,1
2018-06-25 19:41:44,2.0,9640,0,-19280,0
2018-06-25 19:43:39,998.0,9560,0,-9540880,0
2018-06-25 19:56:29,0.0088,9550,0,84,1
2018-06-25 20:01:19,1.3589,9520,0,12937,1
2018-06-25 20:01:27,998.6323,9520,0,9506979,1
2018-06-25 20:18:19,664.98568556,9710,0,-6457011,0
2018-06-25 20:18:19,335.01431443,9710,0,-3252989,0
2018-06-25 20:19:28,0.0124668,9670,0,121,1
2018-06-25 20:22:50,112.75736111,9670,0,1090364,1
2018-06-25 20:29:29,0.01,9620,0,96,1
2018-06-25 20:37:12,72.972,9650,0,704180,1
2018-06-25 20:37:13,0.01,9650,0,97,1
2018-06-25 20:42:20,234.831,9680,0,2273164,1
2018-06-25 20:42:21,0.01,9680,0,97,1
2018-06-25 20:42:40,0.01,9680,0,97,1
2018-06-25 20:42:40,102.4132,9680,0,991360,1
2018-06-25 20:57:29,49.8701,9670,0,482244,1
2018-06-25 21:04:58,0.01,9740,0,97,1
2018-06-25 21:07:06,10.4337,9710,0,-101311,0
2018-06-25 21:13:26,10.4275,9590,0,100000,1
2018-06-25 21:13:26,0.01,9590,0,96,1
2018-06-25 21:13:27,427.0901,9590,0,4095794,1
2018-06-25 21:15:48,558.8457,9560,0,-5342565,0
2018-06-25 21:19:01,558.8457,9470,0,5292269,1
2018-06-25 21:22:12,101.8996,9430,0,-960913,0
2018-06-25 21:22:16,1.0,9440,0,-9440,0
2018-06-25 21:26:47,897.1004,9410,0,-8441715,0
2018-06-25 21:36:21,89.9854,9390,0,844963,1
2018-06-25 21:36:56,39.1296,9340,0,365470,1
2018-06-25 21:36:57,870.885,9340,0,8134066,1
2018-06-25 22:48:09,693.6804,9390,0,-6513659,0
2018-06-25 22:49:06,103.4766,9410,0,973715,1
2018-06-25 22:49:59,100.0,9410,0,941000,1
2018-06-25 23:06:52,3.6434,9370,0,34139,1
2018-06-25 23:07:27,105.7703,9380,0,992125,1
2018-06-25 23:07:27,38.4262,9380,0,360438,1
2018-06-25 23:10:08,322.7,9410,0,3036607,1
2018-06-25 23:10:48,19.6639,9430,0,185431,1
2018-06-25 23:26:18,1.8,9540,0,-17172,0
2018-06-25 23:29:15,1.8,9620,0,17316,1
2018-06-25 23:39:26,154.2029,9520,0,-1468012,0
2018-06-25 23:41:05,154.2029,9570,0,1475722,1
2018-06-25 23:44:06,324.9532,9560,0,-3106553,0
2018-06-25 23:56:39,675.0468,9600,0,-6480449,0
2018-06-25 23:58:14,3.0,9550,0,28650,1
2018-06-26 00:01:25,4.4157,9560,0,42214,1
2018-06-26 00:01:25,1.0,9560,0,9560,1
2018-06-26 00:21:56,796.2408,9550,0,7604100,1
2018-06-26 00:26:02,0.0053,9580,0,51,1
2018-06-26 00:28:20,195.3382,9600,0,1875247,1
2018-06-26 00:33:54,123.7252,9550,0,-1181576,0
2018-06-26 00:36:54,6.718e-05,9570,0,1,1
2018-06-26 00:58:38,5.427e-05,9580,0,1,1
2018-06-26 01:00:25,123.7251,9590,0,1186524,1
2018-06-26 01:05:09,1000.0,9710,0,-9710000,0
2018-06-26 01:05:19,12.0,9700,0,116400,1
2018-06-26 01:05:23,42.7619,9700,0,414790,1
2018-06-26 01:05:24,26.6322,9700,0,258332,1
2018-06-26 01:09:56,9.808,9640,0,94549,1
2018-06-26 01:15:10,361.3961,9630,0,3480244,1
2018-06-26 01:31:21,0.0046,9550,0,44,1
2018-06-26 01:31:21,1.04,9550,0,9932,1
2018-06-26 01:34:27,24.93,9540,0,237832,1
2018-06-26 01:39:10,1.2,9460,0,11352,1
2018-06-26 01:39:10,1.6,9460,0,15136,1
2018-06-26 01:39:10,6.2,9460,0,58652,1
2018-06-26 01:39:11,2.2,9460,0,20812,1
2018-06-26 01:39:11,1.6,9460,0,15136,1
2018-06-26 01:39:13,1.1,9460,0,10406,1
2018-06-26 01:39:13,1.2,9460,0,11352,1
2018-06-26 01:39:13,2.5,9460,0,23650,1
2018-06-26 01:39:14,503.8271,9460,0,4766204,1
2018-06-26 01:40:59,5.965,9460,0,-56429,0
2018-06-26 01:41:28,5.965,9490,0,56608,1
2018-06-26 01:52:32,123.3427,9520,0,-1174223,0
2018-06-26 02:00:28,122.952,9500,0,1168044,1
2018-06-26 02:00:55,10.0959,9460,0,-95507,0
2018-06-26 02:01:11,10.4866,9470,0,99308,1
2018-06-26 02:06:32,500.0,9450,0,-4725000,0
2018-06-26 02:27:11,500.0,9460,0,4730000,1
2018-06-26 03:16:32,26.9026,9510,0,-255844,0
2018-06-26 03:17:08,33.8775,9510,0,-322175,0
2018-06-26 03:27:52,258.8639,9460,0,-2448852,0
2018-06-26 04:10:35,9.2374,9480,0,87571,1
2018-06-26 04:23:43,125.229,9440,0,-1182162,0
2018-06-26 04:23:49,125.229,9440,0,-1182162,0
2018-06-26 04:41:55,125.229,9470,0,1185919,1
2018-06-26 05:04:25,0.0021,9510,0,20,1
2018-06-26 05:15:28,155.989,9510,0,-1483455,0
2018-06-26 06:13:47,124.7,9430,0,1175921,1
2018-06-26 06:13:47,8.8,9430,0,82984,1
2018-06-26 06:47:26,63.244,9430,0,-596391,0
2018-06-26 07:06:25,14.5001,9550,0,138476,1
2018-06-26 07:35:50,15.7743,9490,0,149698,1
2018-06-26 07:49:43,37.1308,9440,0,-350515,0
2018-06-26 08:41:21,1.116,9460,0,10557,1
2018-06-26 09:05:20,106.95291052,9500,0,1016053,1
2018-06-26 09:06:35,3.6827,9500,0,34986,1
2018-06-26 09:17:21,93.8776,9490,0,890898,1
2018-06-26 09:24:20,0.0063,9450,0,60,1
2018-06-26 09:35:30,1.9,9380,0,17822,1
2018-06-26 09:35:31,125.031,9380,0,1172791,1
2018-06-26 09:38:12,47.5024,9370,0,-445097,0
2018-06-26 09:40:18,74.0176,9340,0,691324,1
2018-06-26 09:40:18,10.0,9340,0,93400,1
2018-06-26 09:40:18,43.4056,9340,0,405408,1
2018-06-26 09:40:18,115.7356,9340,0,1080971,1
2018-06-26 09:48:49,396.8876,9260,0,-3675179,0
2018-06-26 09:48:49,56.6883,9260,0,-524934,0
2018-06-26 09:48:49,110.0,9260,0,-1018600,0
2018-06-26 09:55:13,0.0002,9260,0,2,1
2018-06-26 10:01:27,0.0005,9240,0,5,1
2018-06-26 11:01:06,0.0041,9400,0,39,1
2018-06-26 12:04:56,563.571,9390,0,5291932,1
2018-06-26 15:01:45,1.0,9310,0,-9310,0
2018-06-26 15:18:28,1.0,9300,0,9300,1
2018-06-26 16:16:15,261.1481,9220,0,-2407785,0
2018-06-26 16:18:12,0.0024,9240,0,22,1
2018-06-26 16:39:36,0.9592,9280,0,8901,1
2018-06-26 16:46:06,0.3306,9290,0,3071,1
2018-06-26 16:51:16,8.7782,9300,0,81637,1
2018-06-26 18:34:39,5.46,9260,0,-50560,0
2018-06-26 18:54:46,256.5377,9200,0,2360147,1
2018-06-26 20:55:10,1.5087,9200,0,-13880,0
2018-06-26 22:09:47,1.5087,9360,0,14121,1
2018-06-26 22:12:53,186.4826,9380,0,-1749207,0
2018-06-26 22:12:57,813.5173,9370,0,-7622657,0
2018-06-26 22:31:21,300.0,9220,0,2766000,1
2018-06-26 22:50:13,52.345,9210,0,482097,1
2018-06-26 22:52:35,178.8741,9190,0,1643853,1
2018-06-26 22:57:29,0.1943,9220,0,1791,1
2018-06-26 23:14:47,0.0007,9140,0,6,1
2018-06-26 23:15:37,165.0165,9090,0,1500000,1
2018-06-26 23:15:37,30.0,9090,0,272700,1
2018-06-26 23:15:37,1.0,9090,0,9090,1
2018-06-26 23:15:38,24.0,9090,0,218160,1
2018-06-26 23:15:38,11.0011,9090,0,100000,1
2018-06-26 23:15:38,225.5682,9090,0,2050415,1
2018-06-26 23:15:38,2.0,9090,0,18180,1
2018-06-26 23:15:38,10.0,9090,0,90900,1
2018-06-27 00:00:38,127.832,9200,0,-1176054,0
2018-06-27 00:03:49,35.9506,9200,0,330746,1
2018-06-27 00:03:49,3.0,9200,0,27600,1
2018-06-27 00:08:13,1.0,9190,0,9190,1
2018-06-27 00:10:38,87.8814,9210,0,809388,1
2018-06-27 00:50:05,76.3,9140,0,-697382,0
2018-06-27 00:53:00,76.3,9190,0,701197,1
2018-06-27 01:21:35,47.4016,9170,0,-434673,0
2018-06-27 01:23:25,47.4016,9190,0,435621,1
