timestamp,quantity,price,fee,amount,side
2018-11-01 00:00,0.00205712,7082000,7.28,14561,1
2018-11-01 00:00,0.23660000,7082000,837.80,1674763,1
2018-11-01 00:31,0.34954141,7107000,1242.09,2482948,1
2018-11-01 00:35,0.04660031,7131000,166.15,332140,1
2018-11-01 00:35,0.00079369,7131000,2.82,5656,1
2018-11-01 00:35,1.36440600,7131000,4864.78,9724714,1
2018-11-01 00:49,0.85436329,7133000,3047.08,-6097221,0
2018-11-01 00:49,1.12780729,7146000,4029.65,-8063341,0
2018-11-01 00:49,0.01789271,7146000,63.93,-127926,0
2018-11-01 00:52,0.19866022,7169000,712.09,1423483,1
2018-11-01 00:52,0.03309476,7169000,118.62,237137,1
2018-11-01 00:55,0.41095178,7194000,1478.19,2954908,1
2018-11-01 00:55,1.35730000,7189000,4878.81,9752750,1
2018-11-01 00:56,0.00790000,7188000,28.39,-56814,0
2018-11-01 00:57,0.00790000,7181000,28.36,56701,1
2018-11-01 04:22,0.00290000,7156000,10.37,-20763,0
2018-11-01 04:27,0.00127930,7154000,4.57,-9157,0
2018-11-01 04:27,0.18527057,7154000,662.71,-1326089,0
2018-11-01 04:49,0.00311141,7167000,11.14,22288,1
2018-11-01 04:50,0.00005213,7157000,0.18,-374,0
2018-11-01 04:50,0.01674787,7157000,59.93,-119925,0
2018-11-01 04:52,0.04187840,7169000,150.11,300076,1
2018-11-01 05:17,0.00478960,7169000,17.16,34319,1
2018-11-01 05:28,0.15650000,7169000,560.97,1121387,1
2018-11-01 05:33,0.00170000,7154000,6.08,-12168,0
2018-11-01 05:40,0.00004447,7156000,0.15,-319,0
2018-11-01 05:46,0.02110000,7154000,75.47,-151025,0
2018-11-01 05:50,0.00773475,7146000,27.63,-55301,0
2018-11-01 05:50,0.00600506,7146000,21.45,-42934,0
2018-11-01 05:50,0.03294198,7146000,117.70,-235521,0
2018-11-01 05:50,0.00252588,7146000,9.02,-18059,0
2018-11-01 05:52,0.00048390,7145000,1.72,-3460,0
2018-11-01 05:52,0.00551610,7145000,19.70,-39433,0
2018-11-01 05:53,0.06220000,7144000,222.17,-444579,0
2018-11-01 05:53,0.20227338,7144000,722.52,-1445764,0
2018-11-01 05:53,0.07452662,7144000,266.20,-532685,0
2018-11-01 05:54,0.13893460,7142000,496.13,-992767,0
2018-11-01 05:54,0.08830000,7143000,315.36,-631043,0
2018-11-01 06:04,0.00470000,7146000,16.79,-33603,0
2018-11-01 06:06,0.00952535,7146000,34.03,-68103,0
2018-11-01 06:06,1.34150000,7145000,4792.50,-9589810,0
2018-11-01 06:31,0.03593537,7152000,128.50,256881,1
2018-11-01 06:31,0.10200000,7152000,364.75,729139,1
2018-11-01 06:31,0.00971745,7152000,34.74,69464,1
2018-11-01 06:33,0.08083486,7153000,289.10,577922,1
2018-11-01 06:37,0.00022694,7154000,0.81,1622,1
2018-11-01 06:37,0.00194216,7154000,6.94,13887,1
2018-11-01 06:38,0.02210000,7152000,79.02,157980,1
2018-11-01 06:38,0.02200000,7152000,78.67,157265,1
2018-11-01 06:38,1.54767806,7150000,5532.94,11060365,1
2018-11-01 06:38,0.13979024,7150000,499.75,999000,1
2018-11-01 06:38,0.00701343,7147000,25.06,50099,1
2018-11-01 06:38,0.00701343,7147000,25.06,50099,1
2018-11-01 06:38,0.00701245,7147000,25.05,50092,1
2018-11-01 06:38,0.00705637,7147000,25.21,50406,1
2018-11-01 06:39,0.00008813,7147000,0.31,629,1
2018-11-01 06:40,0.00960000,7151000,34.32,68615,1
2018-11-01 07:00,0.02230000,7140000,79.61,-159302,0
2018-11-01 07:38,0.00500000,7144000,17.86,-35738,0
2018-11-01 08:06,0.02730000,7157000,97.69,195288,1
2018-11-01 12:44,1.59140000,7159000,5696.41,-11398529,0
2018-11-01 14:15,0.07057206,7155000,252.47,504690,1
2018-11-01 14:15,0.02698000,7155000,96.52,192945,1
2018-11-01 14:15,0.04940366,7155000,176.74,353306,1
2018-11-01 17:06,1.44450000,7184000,5188.64,10372099,1
2018-11-02 03:47,1.99940000,7150000,7147.85,-14302858,0
2018-11-02 04:38,0.05602918,7160000,200.58,400968,1
2018-11-02 04:56,0.07580000,7163000,271.47,542683,1
2018-11-02 04:56,0.02490000,7163000,89.17,178269,1
2018-11-02 04:56,0.00220000,7163000,7.87,15750,1
2018-11-02 05:07,0.13737417,7163000,492.00,983519,1
2018-11-02 05:07,0.01280000,7163000,45.84,91640,1
2018-11-02 05:07,0.00110000,7163000,3.93,7875,1
2018-11-02 05:33,1.63316531,7170000,5854.89,11703940,1
2018-11-02 05:37,0.05600000,7170000,200.76,401319,1
2018-11-02 10:19,0.00008848,7208000,0.31,-638,0
2018-11-02 16:13,0.01080000,7205000,38.90,-77853,0
2018-11-02 16:20,0.00225939,7206000,8.14,16273,1
2018-11-02 16:20,0.00864061,7206000,31.13,62233,1
2018-11-02 21:14,0.26150000,7177000,938.39,-1877724,0
2018-11-02 22:01,1.25018043,7176000,4485.64,-8975781,0
2018-11-02 22:01,0.48831957,7176000,1752.09,-3505934,0
2018-11-02 22:02,0.04541747,7184000,163.13,326115,1
2018-11-02 22:02,0.00075278,7184000,2.70,5405,1
2018-11-02 22:04,0.00661683,7183000,23.76,47504,1
2018-11-02 22:04,0.21808719,7183000,783.26,1565737,1
2018-11-02 22:04,0.00697827,7183000,25.06,50099,1
2018-11-02 22:04,0.06676025,7183000,239.76,479299,1
2018-11-02 22:41,0.00027859,7179000,0.99,1998,1
2018-11-02 22:41,0.41700000,7179000,1496.82,2992146,1
2018-11-02 22:41,0.44191388,7179000,1586.24,3170913,1
2018-11-02 23:19,0.15350222,7192000,551.99,1103435,1
2018-11-02 23:39,0.23699388,7188000,851.75,1702660,1
2018-11-02 23:40,0.21812846,7188000,783.95,1567123,1
2018-11-02 23:40,0.18750000,7188000,673.87,1347076,1
2018-11-03 04:12,2.00000000,7165000,7165.00,-14337165,0
2018-11-03 05:06,0.00110294,7183000,3.96,7918,1
2018-11-03 05:06,0.01709962,7183000,61.41,122765,1
2018-11-03 05:06,0.00600000,7183000,21.54,43076,1
2018-11-03 05:06,0.05300000,7183000,190.34,380508,1
2018-11-03 05:06,0.01395656,7183000,50.12,100199,1
2018-11-03 05:06,0.02237860,7183000,80.37,160665,1
2018-11-03 05:07,0.13853896,7188000,497.90,995320,1
2018-11-03 05:21,0.01152316,7184000,41.39,82740,1
2018-11-03 05:21,0.00691000,7184000,24.82,49616,1
2018-11-03 05:21,0.00691000,7184000,24.82,49616,1
2018-11-03 05:21,0.00691000,7184000,24.82,49616,1
2018-11-03 05:21,0.00691000,7184000,24.82,49616,1
2018-11-03 05:21,0.00691000,7184000,24.82,49616,1
2018-11-03 05:21,0.00691000,7184000,24.82,49616,1
2018-11-03 05:21,0.02822198,7184000,101.37,202645,1
2018-11-03 05:21,0.00693007,7184000,24.89,49760,1
2018-11-03 05:21,0.02776874,7184000,99.74,199390,1
2018-11-03 05:21,0.02026108,7184000,72.77,145482,1
2018-11-03 05:21,0.13229175,7184000,475.19,949908,1
2018-11-03 05:21,0.04981758,7184000,178.94,357710,1
2018-11-03 05:21,0.01580000,7177000,56.69,-113454,0
2018-11-03 05:30,0.00001057,7178000,0.03,-76,0
2018-11-03 05:30,0.00998943,7178000,35.85,-71740,0
2018-11-03 05:31,0.02800000,7177000,100.47,-201057,0
2018-11-03 05:31,0.00727000,7176000,26.08,-52196,0
2018-11-03 05:33,0.05021373,7186000,180.41,360655,1
2018-11-03 05:34,0.00358428,7178000,12.86,-25741,0
2018-11-03 05:34,0.28781572,7178000,1032.97,-2066975,0
2018-11-03 06:13,0.03152844,7181000,113.20,226292,1
2018-11-03 06:32,0.00889952,7182000,31.95,63884,1
2018-11-03 06:32,0.15371480,7182000,551.98,1103427,1
2018-11-03 06:36,0.00000185,7184000,0,13,1
2018-11-03 06:36,0.00697634,7184000,25.05,50092,1
2018-11-03 06:36,0.00697731,7184000,25.06,50099,1
2018-11-03 06:42,0.00002277,7187000,0.08,163,1
2018-11-03 06:44,0.27097458,7190000,974.15,1947333,1
2018-11-03 06:44,0.00210000,7190000,7.54,15091,1
2018-11-03 07:02,0.29810000,7189000,1071.52,2141969,1
2018-11-03 07:02,0.01394492,7189000,50.12,100199,1
2018-11-03 07:06,0.00697343,7188000,25.06,50099,1
2018-11-03 07:30,0.00238914,7180000,8.57,17145,1
2018-11-03 07:36,0.48218464,7175000,1729.83,-3461405,0
2018-11-03 07:36,0.15314471,7175000,549.40,-1099363,0
2018-11-03 07:36,0.04191188,7175000,150.35,-300868,0
2018-11-03 07:54,0.00999999,7179000,35.89,71754,1
2018-11-03 07:54,0.00698217,7179000,25.06,50099,1
2018-11-03 07:54,0.00698161,7179000,25.06,50095,1
2018-11-03 07:54,0.00167839,7179000,6.02,12043,1
2018-11-03 07:54,0.00025937,7179000,0.93,1861,1
2018-11-03 09:13,0.00481248,7184000,17.28,34555,1
2018-11-03 09:13,0.01859000,7184000,66.77,133483,1
2018-11-03 09:13,0.12574914,7184000,451.69,902930,1
2018-11-03 09:13,0.03310623,7184000,118.91,237716,1
2018-11-03 09:13,0.00654448,7184000,23.50,46992,1
2018-11-03 09:14,0.00715425,7182000,25.69,51356,1
2018-11-03 09:14,0.07017500,7182000,251.99,503744,1
2018-11-03 09:14,0.00697828,7182000,25.05,50092,1
2018-11-03 09:14,0.01395851,7182000,50.12,100199,1
2018-11-03 09:14,0.00697925,7182000,25.06,50099,1
2018-11-03 09:14,0.01000000,7182000,35.91,71784,1
2018-11-03 10:12,0.00860000,7155000,30.76,-61564,0
2018-11-03 14:25,0.00340000,7162000,12.17,-24363,0
2018-11-03 15:12,0.66820000,7156000,2390.81,-4784030,0
2018-11-03 18:30,0.07430000,7118000,264.43,528602,1
2018-11-03 18:30,0.02820000,7118000,100.36,200627,1
2018-11-03 18:30,0.01172000,7118000,41.71,83381,1
2018-11-03 18:30,0.00698000,7118000,24.84,49658,1
2018-11-03 18:31,1.04899452,7122000,3735.46,7467203,1
2018-11-03 18:33,0.00003016,7113000,0.10,214,1
2018-11-03 18:33,0.01411357,7113000,50.19,100339,1
2018-11-03 18:33,0.02563697,7113000,91.17,182264,1
2018-11-03 18:33,0.00321515,7113000,11.43,22857,1
2018-11-03 18:36,0.13520000,7108000,480.50,-961483,0
2018-11-03 18:48,0.00005361,7132000,0.19,-383,0
2018-11-03 18:48,0.00050000,7132000,1.78,-3568,0
2018-11-03 18:48,0.00050000,7132000,1.78,-3568,0
2018-11-03 18:48,0.00050000,7132000,1.78,-3568,0
2018-11-03 18:48,0.00900000,7132000,32.09,-64220,0
2018-11-03 18:48,0.00050000,7132000,1.78,-3568,0
2018-11-03 20:11,0.54039638,7152000,1932.45,3862982,1
2018-11-03 20:11,0.19613775,7152000,701.38,1402075,1
2018-11-03 20:12,0.06572289,7154000,235.09,469946,1
2018-11-03 20:12,0.00698072,7153000,24.96,49908,1
2018-11-03 20:16,0.08070000,7144000,288.26,576232,1
2018-11-03 20:23,0.00001088,7135000,0.03,-78,0
2018-11-03 20:23,0.00050000,7135000,1.78,-3570,0
2018-11-03 20:23,0.00050000,7135000,1.78,-3570,0
2018-11-03 20:23,0.00050000,7135000,1.78,-3570,0
2018-11-03 20:23,0.00150000,7146000,5.35,10713,1
2018-11-03 22:21,0.00435933,7127000,15.53,-31085,0
2018-11-03 22:21,0.00394871,7127000,14.07,-28157,0
2018-11-03 22:21,0.00394871,7127000,14.07,-28157,0
2018-11-03 22:35,1.22457391,7126000,4363.15,-8730677,0
2018-11-03 22:35,0.00272609,7126000,9.71,-19436,0
2018-11-03 22:39,0.00094440,7128000,3.36,6728,1
2018-11-03 22:54,0.27118688,7142000,968.40,1935848,1
2018-11-04 00:46,0.10001311,7140000,357.04,713736,1
2018-11-04 00:49,0.05292263,7142000,188.98,377784,1
2018-11-04 00:49,0.06997341,7142000,249.87,499500,1
2018-11-04 00:49,0.06227983,7142000,222.40,444580,1
2018-11-04 00:49,0.23285934,7142000,831.54,1662249,1
2018-11-04 00:52,0.44930000,7145000,1605.12,3208643,1
2018-11-04 05:23,0.01403889,7132000,50.06,-100176,0
2018-11-04 05:23,0.00096111,7132000,3.42,-6858,0
2018-11-04 05:24,0.00930876,7131000,33.19,-66414,0
2018-11-04 05:24,0.01900000,7131000,67.74,-135557,0
2018-11-04 05:24,0.01404149,7131000,50.06,-100180,0
2018-11-04 05:24,0.01394975,7131000,49.73,-99526,0
2018-11-04 09:21,0.00005951,7136000,0.21,-425,0
2018-11-04 10:01,0.00300000,7135000,10.70,-21416,0
2018-11-04 10:01,0.34580830,7135000,1233.67,-2468576,0
2018-11-04 14:20,0.42020000,7131000,1498.22,2994947,1
2018-11-04 15:15,0.00021846,7137000,0.77,-1560,0
2018-11-04 15:15,0.01048154,7137000,37.40,-74845,0
2018-11-04 15:15,0.01070000,7147000,38.23,76434,1
2018-11-04 15:17,0.11729700,7142000,418.86,-838154,0
2018-11-04 15:17,0.00841088,7142000,30.03,-60101,0
2018-11-04 15:17,0.00701257,7142000,25.04,-50109,0
2018-11-04 15:17,0.15140000,7142000,540.64,-1081840,0
2018-11-04 15:22,0.28410000,7162000,1017.36,2033706,1
2018-11-04 15:50,0.00001764,7158000,0.06,-127,0
2018-11-04 15:50,0.16100000,7158000,576.21,-1153015,0
2018-11-04 15:50,0.01000000,7159000,35.79,-71626,0
2018-11-04 15:50,0.31628900,7159000,1132.15,-2265446,0
2018-11-04 15:50,0.00419087,7159000,15.00,-30018,0
2018-11-04 15:50,0.38612013,7159000,1382.11,-2765617,0
2018-11-04 15:51,0.00002537,7154000,0.09,-182,0
2018-11-04 15:51,0.01027463,7154000,36.75,-73542,0
2018-11-04 15:51,0.00204488,7159000,7.31,-14647,0
2018-11-04 15:51,0.04200000,7159000,150.33,-300829,0
2018-11-04 15:51,0.02400000,7159000,85.90,-171902,0
2018-11-04 15:51,0.02735512,7159000,97.91,-195934,0
2018-11-04 15:52,0.01190000,7154000,42.56,-85176,0
2018-11-04 15:53,0.08960000,7154000,320.49,-641319,0
2018-11-04 15:54,0.00007014,7154000,0.25,-502,0
2018-11-04 15:55,0.01390000,7154000,49.72,-99491,0
2018-11-04 15:56,0.00139605,7154000,4.99,-9993,0
2018-11-04 15:57,0.00001462,7154000,0.05,-105,0
2018-11-04 15:57,0.89980000,7159000,3220.83,-6444889,0
2018-11-04 17:54,0.68264932,7163000,2444.90,4887372,1
2018-11-04 17:55,0.11348111,7165000,406.54,812685,1
2018-11-04 17:55,0.00001762,7154000,0.06,-127,0
2018-11-04 18:48,0.08520791,7160000,305.04,609783,1
2018-11-04 18:48,0.00354513,7160000,12.69,25370,1
2018-11-04 18:48,0.00144310,7160000,5.16,10327,1
2018-11-04 18:48,0.00144310,7160000,5.16,10327,1
2018-11-04 19:30,0.01070574,7164000,38.34,76657,1
2018-11-04 19:34,0.00500000,7157000,17.89,-35803,0
2018-11-04 19:43,0.00007971,7157000,0.28,-571,0
2018-11-04 19:43,0.08700000,7157000,311.32,-622971,0
2018-11-04 19:44,0.00004950,7157000,0.17,-355,0
2018-11-04 19:53,0.00001033,7153000,0.03,-74,0
2018-11-04 19:53,0.09086000,7153000,324.96,-650247,0
2018-11-04 19:53,0.00002967,7153000,0.10,-213,0
2018-11-04 19:53,0.07515051,7158000,268.96,-538197,0
2018-11-04 19:53,0.04957454,7158000,177.42,-355032,0
2018-11-04 19:53,0.09183609,7158000,328.68,-657692,0
2018-11-04 19:53,0.10863886,7158000,388.81,-778026,0
2018-11-04 20:06,1.60980000,7160000,5763.08,11520404,1
2018-11-04 20:10,0.00004409,7158000,0.15,-316,0
2018-11-04 20:10,0.00700000,7158000,25.05,-50131,0
2018-11-04 20:11,0.00004413,7158000,0.15,-316,0
2018-11-04 22:15,0.00710000,7177000,25.47,50931,1
2018-11-05 00:55,0.69307622,7219000,2501.65,-5005819,0
2018-11-05 00:55,0.00002378,7219000,0.08,-172,0
2018-11-05 00:56,0.04531817,7220000,163.59,-327361,0
2018-11-05 00:56,0.00688183,7220000,24.84,-49712,0
2018-11-05 00:56,1.25470000,7230000,4535.74,-9076017,0
2018-11-05 00:57,2.00000000,7250000,7250.00,14492750,1
2018-11-05 01:04,0.00370000,7220000,13.35,-26728,0
2018-11-05 01:16,1.99630000,7210000,7196.66,-14400520,0
2018-11-05 01:26,0.13163299,7227000,475.65,950835,1
2018-11-05 01:32,0.00000945,7227000,0.03,68,1
2018-11-05 01:32,0.00969682,7227000,35.03,70043,1
2018-11-05 01:32,0.01466722,7227000,52.99,105946,1
2018-11-05 01:32,0.00687000,7227000,24.82,49624,1
2018-11-05 01:54,0.23926652,7228000,864.70,1728553,1
2018-11-05 01:54,0.34393980,7228000,1242.99,2484753,1
2018-11-05 01:54,0.04660562,7228000,168.43,336696,1
2018-11-05 01:54,0.08309857,7228000,300.31,600336,1
2018-11-05 01:54,0.01898773,7228000,68.62,137174,1
2018-11-05 01:54,0.17744200,7228000,641.27,1281909,1
2018-11-05 02:56,0.00200000,7208000,7.20,-14424,0
2018-11-05 03:10,0.30655524,7227000,1107.73,2214366,1
2018-11-05 03:23,0.00137157,7229000,4.95,-9920,0
2018-11-05 03:23,0.00062843,7229000,2.27,-4546,0
2018-11-05 03:25,0.62520000,7250000,2266.35,4530433,1
2018-11-05 03:26,0.00063600,7242000,2.30,-4609,0
2018-11-05 03:26,0.01071000,7242000,38.78,-77601,0
2018-11-05 03:26,0.01941000,7242000,70.28,-140638,0
2018-11-05 03:26,0.00610760,7242000,22.11,-44254,0
2018-11-05 03:26,0.02440000,7251000,88.46,-177013,0
2018-11-05 03:27,0.00480000,7251000,17.40,-34823,0
2018-11-05 03:27,0.00004911,7255000,0.17,-357,0
2018-11-05 03:27,0.03456800,7255000,125.39,-250917,0
2018-11-05 03:27,0.00385202,7255000,13.97,-27961,0
2018-11-05 03:27,0.00269439,7255000,9.77,-19558,0
2018-11-05 03:27,0.00385202,7255000,13.97,-27961,0
2018-11-05 03:27,0.63620800,7255000,2307.84,-4617997,0
2018-11-05 03:27,0.54417646,7255000,1974.00,-3949975,0
2018-11-05 03:28,0.00798754,7258000,28.98,-58003,0
2018-11-05 03:28,0.70041200,7258000,2541.79,-5086132,0
2018-11-05 03:28,0.00000046,7258000,0,-4,0
2018-11-05 03:29,1.99990000,7250000,7249.63,14492025,1
2018-11-05 03:32,0.00009528,7231000,0.34,-690,0
2018-11-05 03:32,0.00692382,7231000,25.03,-50092,0
2018-11-05 03:32,0.00678090,7231000,24.51,-49058,0
2018-11-05 03:32,0.00190140,7231000,6.87,-13756,0
2018-11-05 03:32,0.00692708,7231000,25.04,-50115,0
2018-11-05 03:32,0.00407152,7231000,14.72,-29456,0
2018-11-05 03:38,0.16490000,7231000,596.19,-1192988,0
2018-11-05 03:40,0.21680554,7239000,784.72,-1570240,0
2018-11-05 03:40,1.59159446,7240000,5761.57,-11528906,0
2018-11-05 04:02,0.99046282,7240000,3585.47,7167365,1
2018-11-05 04:08,1.00950000,7245000,3656.91,7310170,1
2018-11-05 05:32,2.00000000,7226000,7226.00,-14459226,0
2018-11-05 05:35,0.01462447,7232000,52.88,105711,1
2018-11-05 08:23,0.02881822,7215000,103.96,207819,1
2018-11-05 08:23,1.78608172,7215000,6443.28,12880136,1
2018-11-05 08:35,0.01027290,7219000,37.08,74122,1
2018-11-05 08:36,0.16020000,7215000,577.92,1155265,1
2018-11-05 09:16,0.01390383,7204000,50.08,-100214,0
2018-11-05 09:16,0.01389617,7204000,50.05,-100158,0
2018-11-05 09:17,0.00800000,7203000,28.81,-57653,0
2018-11-05 09:19,0.00005737,7204000,0.20,-414,0
2018-11-05 09:19,0.00279896,7204000,10.08,-20174,0
2018-11-05 09:19,0.27345861,7204000,984.99,-1970981,0
2018-11-05 09:19,0.00046185,7205000,1.66,-3330,0
2018-11-05 09:19,0.05000000,7205000,180.12,-360431,0
2018-11-05 09:19,0.06093815,7205000,219.52,-439279,0
2018-11-05 09:19,0.08795800,7205000,316.86,-634055,0
2018-11-05 09:19,0.97463749,7206000,3511.61,-7026750,0
2018-11-05 09:19,0.16100000,7206000,580.08,-1160746,0
2018-11-05 09:19,0.01600000,7206000,57.64,-115354,0
2018-11-05 09:19,0.00694695,7206000,25.02,-50085,0
2018-11-05 09:19,0.00694695,7206000,25.02,-50085,0
2018-11-05 09:19,0.29659400,7206000,1068.62,-2138325,0
2018-11-05 09:19,0.00694695,7206000,25.02,-50085,0
2018-11-05 09:19,0.01946966,7206000,70.14,-140369,0
2018-11-05 09:32,0.00614871,7199000,22.13,44242,1
2018-11-05 09:32,1.40105749,7199000,5043.10,10081169,1
2018-11-05 09:32,0.00170000,7199000,6.11,12232,1
2018-11-05 09:39,0.00512624,7197000,18.44,36875,1
2018-11-05 09:39,0.11300669,7197000,406.65,812902,1
2018-11-05 09:39,0.15500000,7197000,557.76,1114977,1
2018-11-05 09:46,0.00443929,7202000,15.98,31955,1
2018-11-05 09:53,0.42600000,7205000,1534.66,-3070865,0
2018-11-05 09:56,0.61600000,7206000,2219.44,-4441116,0
2018-11-05 09:57,0.64440000,7206000,2321.77,-4645869,0
2018-11-05 10:39,0.31250748,7219000,1127.99,2254863,1
2018-11-05 12:34,1.68750000,7221000,6092.71,12179344,1
2018-11-05 19:05,0.63390000,7215000,2286.79,-4575876,0
2018-11-05 19:09,0.32822975,7224000,1185.56,2369946,1
2018-11-05 19:09,0.14107041,7224000,509.54,1018583,1
2018-11-05 19:10,0.06175499,7225000,223.08,445956,1
2018-11-05 19:10,0.04162630,7225000,150.37,300599,1
2018-11-05 19:10,0.06121871,7225000,221.15,442084,1
2018-11-05 19:18,2.00000000,7231000,7231.00,-14469231,0
2018-11-05 19:37,0.12942822,7229000,467.81,935168,1
2018-11-05 19:37,0.14168500,7229000,512.12,1023728,1
2018-11-05 19:37,0.04966534,7229000,179.51,358851,1
2018-11-05 19:44,0.90292161,7231000,3264.51,6525761,1
2018-11-05 19:44,0.16655880,7231000,602.19,1203784,1
2018-11-05 19:44,0.01508556,7231000,54.54,109029,1
2018-11-05 19:44,0.01039433,7231000,37.58,75123,1
2018-11-05 19:46,0.18180000,7222000,656.47,-1313616,0
2018-11-05 19:47,0.01491089,7232000,53.91,107781,1
2018-11-05 20:36,0.00502555,7226000,18.15,36296,1
2018-11-05 20:36,0.00220852,7226000,7.97,15950,1
2018-11-05 20:36,0.01706656,7226000,61.66,123261,1
2018-11-05 20:48,0.72680000,7230000,2627.38,5252136,1
2018-11-05 21:04,0.00016426,7221000,0.59,-1187,0
2018-11-06 00:32,0.00069840,7223000,2.52,-5047,0
2018-11-06 00:32,0.00069840,7223000,2.52,-5047,0
2018-11-06 00:47,0.00002602,7206000,0.09,-188,0
2018-11-06 00:47,0.05852302,7206000,210.85,-421928,0
2018-11-06 01:01,0.06010000,7231000,217.29,434365,1
2018-11-06 01:20,0.00396998,7215000,14.32,-28658,0
2018-11-06 01:20,0.22182732,7215000,800.24,-1601285,0
2018-11-06 01:20,0.00000270,7215000,0,-20,0
2018-11-06 01:23,0.00150000,7215000,5.41,-10828,0
2018-11-06 01:24,0.00148829,7223000,5.37,10744,1
2018-11-06 01:24,0.01387927,7223000,50.12,100199,1
2018-11-06 01:25,0.00027687,7223000,0.99,1998,1
2018-11-06 01:25,0.00688550,7223000,24.86,49709,1
2018-11-06 01:25,0.00693964,7223000,25.06,50099,1
2018-11-06 01:25,0.00688550,7223000,24.86,49709,1
2018-11-06 01:25,0.00693964,7223000,25.06,50099,1
2018-11-06 02:22,0.00000427,7209000,0.01,30,1
2018-11-06 02:22,0.00171265,7209000,6.17,12340,1
2018-11-06 02:22,0.10264938,7209000,369.99,739629,1
2018-11-06 02:22,0.00695311,7209000,25.06,50099,1
2018-11-06 02:22,0.06441612,7209000,232.18,464143,1
2018-11-06 02:24,0.00830000,7211000,29.92,59821,1
2018-11-06 02:50,0.00737486,7194000,26.52,-53082,0
2018-11-06 03:42,1.50000000,7200000,5400.00,-10805400,0
2018-11-06 03:42,0.49260000,7200000,1773.36,-3548494,0
2018-11-06 04:24,0.00000110,7207000,0,7,1
2018-11-06 06:40,0.02236947,7196000,80.48,160890,1
2018-11-06 06:40,0.20000000,7196000,719.60,1438480,1
2018-11-06 06:40,0.27745143,7196000,998.27,1995542,1
2018-11-06 06:40,0.05000000,7196000,179.90,359620,1
2018-11-06 06:40,0.10001113,7196000,359.84,719320,1
2018-11-06 06:40,0.02029113,7196000,73.00,145941,1
2018-11-06 06:40,0.81114599,7196000,2918.50,5834088,1
2018-11-06 06:40,0.02093900,7196000,75.33,150601,1
2018-11-06 06:40,0.27840000,7196000,1001.68,2002364,1
2018-11-06 06:43,0.82220000,7196000,2958.27,-5919510,0
2018-11-06 06:44,0.77530000,7196000,2789.52,-5581849,0
2018-11-06 09:47,1.81690000,7195000,6536.29,13066059,1
2018-11-06 11:03,0.00008400,7208000,0.30,-606,0
2018-11-06 12:06,0.09604196,7194000,345.46,-691272,0
2018-11-06 12:06,0.06129098,7194000,220.46,-441148,0
2018-11-06 12:06,0.01486706,7194000,53.47,-107008,0
2018-11-06 12:07,0.88677941,7194000,3189.74,-6382681,0
2018-11-06 12:45,0.45488420,7195000,1636.44,3271255,1
2018-11-06 12:53,0.16778616,7193000,603.44,1206282,1
2018-11-06 13:05,0.00603737,7188000,21.69,-43419,0
2018-11-06 13:12,0.20001912,7193000,719.36,1438018,1
2018-11-06 13:12,0.01017467,7193000,36.59,73149,1
2018-11-06 13:12,0.00213726,7193000,7.68,15365,1
2018-11-06 13:12,0.04154741,7193000,149.42,298701,1
2018-11-06 13:12,0.04824461,7193000,173.51,346849,1
2018-11-06 13:15,0.00000131,7196000,0,9,1
2018-11-06 13:15,0.00218927,7196000,7.87,15746,1
2018-11-06 13:15,0.00621441,7196000,22.35,44696,1
2018-11-06 13:42,0.13190000,7201000,474.90,949336,1
2018-11-06 14:15,0.40460000,7192000,1454.94,-2911339,0
2018-11-06 14:15,0.32500434,7196000,1169.36,-2339901,0
2018-11-06 14:15,0.11999566,7196000,431.74,-863921,0
2018-11-06 14:15,0.00420000,7198000,15.11,-30247,0
2018-11-06 14:19,0.85380000,7197000,3072.39,6141726,1
2018-11-06 14:47,2.00000000,7198000,7198.00,-14403198,0
2018-11-06 17:20,0.42474205,7225000,1534.38,3067226,1
2018-11-06 17:22,1.57520000,7230000,5694.34,11383001,1
2018-11-06 17:25,0.00990000,7228000,35.77,-71593,0
2018-11-06 17:32,0.00990000,7232000,35.79,71561,1
2018-11-06 19:02,0.10910000,7252000,395.59,-791589,0
2018-11-06 19:15,0.10910000,7248000,395.37,790361,1
2018-11-06 20:11,0.10001934,7201000,360.11,-720600,0
2018-11-06 20:11,0.00003207,7202000,0.11,-231,0
2018-11-06 20:35,0.12289607,7205000,442.73,-885909,0
2018-11-06 20:35,0.05500000,7205000,198.13,-396474,0
2018-11-06 20:35,0.03158440,7205000,113.78,-227680,0
2018-11-06 20:35,0.12173387,7205000,438.54,-877531,0
2018-11-06 20:35,0.39673266,7205000,1429.22,-2859888,0
2018-11-06 20:35,0.33617631,7205000,1211.07,-2423362,0
2018-11-06 20:35,0.03000000,7205000,108.07,-216258,0
2018-11-06 21:12,0.00619516,7207000,22.32,-44671,0
2018-11-06 21:12,0.00690484,7207000,24.88,-49788,0
2018-11-06 21:14,0.22040000,7206000,794.10,-1588997,0
2018-11-06 21:33,0.08550000,7210000,308.22,-616764,0
2018-11-06 21:35,0.01043151,7218000,37.64,75256,1
2018-11-06 21:37,1.50280000,7216000,5422.10,10838782,1
2018-11-06 22:06,0.00590000,7210000,21.26,-42561,0
2018-11-06 22:06,0.00692787,7210000,24.97,-49975,0
2018-11-06 22:06,0.00334300,7210000,12.05,-24115,0
2018-11-06 22:06,0.00352913,7210000,12.72,-25458,0
2018-11-06 22:16,0.01970000,7230000,71.21,142359,1
2018-11-06 23:16,0.00001167,7219000,0.04,-85,0
2018-11-06 23:16,0.08288833,7219000,299.18,-598670,0
2018-11-06 23:26,0.08290000,7228000,299.60,598901,1
2018-11-07 00:24,0.00005940,7230000,0.21,-430,0
2018-11-07 01:37,2.00000000,7209000,7209.00,-14425209,0
2018-11-07 04:55,0.00686241,7230000,24.80,49590,1
2018-11-07 04:55,0.07510379,7230000,271.50,542728,1
2018-11-07 04:55,0.05975375,7230000,216.00,431803,1
2018-11-07 04:55,0.00062694,7230000,2.26,4530,1
2018-11-07 06:27,0.27442964,7207000,988.90,1976825,1
2018-11-07 06:27,0.10000000,7207000,360.35,720339,1
2018-11-07 06:27,0.02775079,7207000,99.99,199899,1
2018-11-07 06:27,0.14300000,7207000,515.30,1030085,1
2018-11-07 06:27,0.01000000,7207000,36.03,72033,1
2018-11-07 06:27,1.30250000,7205000,4692.25,9379820,1
2018-11-07 06:28,1.12640000,7205000,4057.85,-8119770,0
2018-11-07 07:00,0.00831601,7215000,30.00,59970,1
2018-11-07 07:00,0.01642287,7214000,59.23,118415,1
2018-11-07 07:00,0.07489090,7214000,270.13,539992,1
2018-11-07 07:49,1.02680000,7233000,3713.42,7423130,1
2018-11-07 07:51,2.00000000,7221000,7221.00,-14449221,0
2018-11-07 09:00,0.00131164,7237000,4.74,9487,1
2018-11-07 09:00,0.02671408,7237000,96.66,193233,1
2018-11-07 09:00,0.00457041,7237000,16.53,33059,1
2018-11-07 09:00,0.13000000,7237000,470.40,940339,1
2018-11-07 09:03,0.17856577,7237000,646.14,1291634,1
2018-11-07 09:06,0.00189838,7229000,6.86,13716,1
2018-11-07 09:06,1.22391467,7229000,4423.83,8843255,1
2018-11-07 09:06,0.05138016,7229000,185.71,371241,1
2018-11-07 09:06,0.38160679,7229000,1379.31,2757256,1
2018-11-07 09:07,0.00501943,7223000,18.12,-36274,0
2018-11-07 09:07,0.01388383,7223000,50.14,-100333,0
2018-11-07 09:07,0.01046034,7223000,37.77,-75593,0
2018-11-07 09:07,0.01263640,7223000,45.63,-91319,0
2018-11-07 09:07,0.01770000,7223000,63.92,-127911,0
2018-11-07 09:07,0.01090627,7223000,39.38,-78816,0
2018-11-07 09:07,0.00549373,7223000,19.84,-39701,0
2018-11-07 09:09,0.00537962,7222000,19.42,-38871,0
2018-11-07 09:09,0.00152038,7222000,5.49,-10986,0
2018-11-07 09:09,0.00015214,7229000,0.54,1099,1
2018-11-07 09:10,0.08284786,7229000,299.45,598607,1
2018-11-07 09:10,0.01520000,7225000,54.91,-109875,0
2018-11-07 09:11,0.00310000,7227000,11.20,-22415,0
2018-11-07 09:13,0.01830000,7238000,66.22,132389,1
2018-11-07 09:14,0.06570000,7230000,237.50,-475249,0
2018-11-07 09:16,0.06570000,7246000,238.03,475824,1
2018-11-07 09:16,0.08697136,7252000,315.35,-631032,0
2018-11-07 09:16,0.00029328,7252000,1.06,-2128,0
2018-11-07 09:16,0.00033536,7252000,1.21,-2434,0
2018-11-07 09:17,0.04700000,7254000,170.46,-341109,0
2018-11-07 09:17,0.00690000,7257000,25.03,-50099,0
2018-11-07 09:17,0.00280000,7251000,10.15,-20313,0
2018-11-07 09:18,0.02663600,7253000,96.59,193094,1
2018-11-07 09:18,0.11766400,7253000,426.70,852990,1
2018-11-07 09:24,0.00860000,7268000,31.25,-62536,0
2018-11-07 09:24,0.44988167,7270000,1635.31,-3272275,0
2018-11-07 09:24,0.08677112,7270000,315.41,-631142,0
2018-11-07 09:24,0.01390820,7270000,50.55,-101164,0
2018-11-07 09:24,1.44083901,7270000,5237.44,-10480137,0
2018-11-07 09:26,0.99084903,7299000,3616.10,7228590,1
2018-11-07 09:26,0.15656938,7299000,571.39,1142228,1
2018-11-07 09:27,0.19184553,7297000,699.94,1399196,1
2018-11-07 09:30,0.02320000,7319000,84.90,-169886,0
2018-11-07 09:31,0.68390000,7323000,2504.09,5005695,1
2018-11-07 09:40,1.12806892,7285000,4108.99,-8222091,0
2018-11-07 09:40,0.07743086,7285000,282.04,-564366,0
2018-11-07 09:40,0.10000000,7285000,364.25,-728865,0
2018-11-07 09:40,0.00280140,7285000,10.20,-20419,0
2018-11-07 09:40,1.30830000,7296000,4772.67,9540584,1
2018-11-07 10:04,1.98666241,7269000,7220.52,-14448270,0
2018-11-07 10:07,1.10943540,7289000,4043.33,8082631,1
2018-11-07 10:07,0.00926848,7289000,33.77,67524,1
2018-11-07 10:07,0.01234120,7289000,44.97,89910,1
2018-11-07 10:07,0.20233915,7289000,737.42,1474112,1
2018-11-07 10:27,0.16007775,7284000,583.00,-1166590,0
2018-11-07 10:27,0.00983333,7284000,35.81,-71662,0
2018-11-07 10:27,0.01702404,7284000,62.00,-124066,0
2018-11-07 10:27,1.04419392,7284000,3802.95,-7609712,0
2018-11-07 10:27,0.11557096,7284000,420.90,-842240,0
2018-11-07 10:40,0.10628949,7292000,387.53,774675,1
2018-11-07 10:53,0.24379513,7294000,889.12,1777352,1
2018-11-07 10:53,0.04000000,7294000,145.88,291614,1
2018-11-07 11:07,0.08009760,7313000,292.87,585460,1
2018-11-07 11:19,0.42532277,7325000,1557.74,3113931,1
2018-11-07 11:19,0.00015015,7325000,0.54,1099,1
2018-11-07 11:19,0.00015017,7325000,0.54,1099,1
2018-11-07 11:19,0.00015017,7325000,0.54,1099,1
2018-11-07 11:35,0.12491578,7333000,458.00,915549,1
2018-11-07 11:35,0.97918422,7333000,3590.17,7176767,1
2018-11-07 11:53,0.95982031,7321000,3513.42,-7030358,0
2018-11-07 11:53,1.04017969,7321000,3807.57,-7618963,0
2018-11-07 14:13,0.17019529,7305000,621.63,1242654,1
2018-11-07 14:13,0.00604841,7305000,22.09,44161,1
2018-11-07 15:31,0.28729961,7311000,1050.22,2099397,1
2018-11-07 15:32,0.06064647,7311000,221.69,443164,1
2018-11-07 17:03,0.15003294,7311000,548.44,-1097440,0
2018-11-07 17:03,0.00070000,7311000,2.55,-5121,0
2018-11-07 17:03,0.00680000,7311000,24.85,-49740,0
2018-11-07 17:03,0.00040000,7311000,1.46,-2926,0
2018-11-07 17:03,0.00060000,7311000,2.19,-4389,0
2018-11-07 17:03,0.00250000,7311000,9.13,-18287,0
2018-11-07 17:03,0.00250000,7311000,9.13,-18287,0
2018-11-07 17:03,0.00290000,7311000,10.60,-21213,0
2018-11-07 17:03,0.00470000,7311000,17.18,-34379,0
2018-11-07 17:03,0.01510000,7311000,55.19,-110452,0
2018-11-07 17:03,0.00030000,7311000,1.09,-2195,0
2018-11-07 17:03,0.01580000,7311000,57.75,-115572,0
2018-11-07 17:03,0.00230000,7311000,8.40,-16824,0
2018-11-07 17:03,0.00130000,7311000,4.75,-9509,0
2018-11-07 17:03,0.05306706,7311000,193.98,-388168,0
2018-11-07 17:08,0.72950991,7325000,2671.83,5340988,1
2018-11-07 17:08,0.01916720,7325000,70.19,140329,1
2018-11-07 17:08,0.57356210,7325000,2100.67,4199241,1
2018-11-07 17:18,0.01584355,7328000,58.05,116043,1
2018-11-07 17:18,0.00136394,7328000,4.99,9989,1
2018-11-07 17:18,0.30340000,7328000,1111.65,2222203,1
2018-11-07 17:18,0.04906580,7328000,179.77,359374,1
2018-11-07 17:19,0.04290000,7325000,157.12,314085,1
2018-11-07 17:36,0.00682030,7340000,25.03,-50086,0
2018-11-07 17:43,0.00005325,7339000,0.19,390,1
2018-11-07 17:44,0.00097757,7340000,3.58,7171,1
2018-11-07 17:45,0.00065001,7337000,2.38,4766,1
2018-11-07 17:45,0.00504999,7337000,18.52,37033,1
2018-11-07 19:07,0.11530531,7322000,422.13,-844688,0
2018-11-07 19:07,0.20940012,7322000,766.61,-1533995,0
2018-11-07 19:37,0.08400000,7328000,307.77,615244,1
2018-11-07 19:50,0.00550000,7322000,20.13,-40292,0
2018-11-07 20:17,0.00009182,7326000,0.33,-673,0
2018-11-07 20:18,0.01068706,7326000,39.14,-78333,0
2018-11-07 20:19,0.09144183,7334000,335.31,670299,1
2018-11-07 20:20,0.01586420,7333000,58.16,116274,1
2018-11-07 20:25,0.14970000,7336000,549.09,1097650,1
2018-11-07 20:32,0.00800000,7325000,29.30,-58630,0
2018-11-07 20:41,0.00800000,7332000,29.32,58626,1
2018-11-07 23:18,0.00680000,7302000,24.82,-49679,0
2018-11-07 23:33,1.99320000,7292000,7267.20,-14541682,0
2018-11-08 00:28,0.99745129,7289000,3635.21,7266787,1
2018-11-08 00:28,0.00043901,7289000,1.59,3198,1
2018-11-08 00:28,0.20002000,7289000,728.97,1457216,1
2018-11-08 00:39,0.05131701,7289000,187.02,373862,1
2018-11-08 00:39,0.02141672,7289000,78.05,156028,1
2018-11-08 00:43,0.02190000,7294000,79.86,-159819,0
2018-11-08 00:44,0.01048077,7298000,38.24,76450,1
2018-11-08 00:44,0.15597229,7298000,569.14,1137716,1
2018-11-08 00:44,0.46482156,7298000,1696.13,3390571,1
2018-11-08 00:51,0.01065616,7299000,38.88,77740,1
2018-11-08 00:51,0.10934384,7299000,399.05,797701,1
2018-11-08 01:32,1.41834597,7300000,5176.96,-10359103,0
2018-11-08 01:32,0.58165403,7300000,2123.03,-4248198,0
2018-11-08 02:17,0.26785598,7320000,980.35,1959725,1
2018-11-08 02:20,0.80000000,7318000,2927.20,5851472,1
2018-11-08 02:20,0.80000000,7318000,2927.20,5851472,1
2018-11-08 02:20,0.13210000,7317000,483.28,966092,1
2018-11-08 10:44,0.13780000,7300000,502.97,-1006443,0
2018-11-08 11:03,0.69539322,7288000,2534.01,-5070560,0
2018-11-08 11:03,0.39726897,7291000,1448.24,-2897937,0
2018-11-08 11:03,0.03373103,7291000,122.96,-246056,0
2018-11-08 11:04,0.02193370,7288000,79.92,-159933,0
2018-11-08 11:04,0.08263061,7288000,301.10,-602513,0
2018-11-08 11:04,0.03248744,7288000,118.38,-236887,0
2018-11-08 11:04,0.13544825,7288000,493.57,-987641,0
2018-11-08 11:24,1.10454014,7296000,4029.36,8054695,1
2018-11-08 11:35,0.03230980,7295000,117.84,235582,1
2018-11-08 11:36,0.00005253,7288000,0.19,-383,0
2018-11-08 11:41,0.38690199,7279000,1408.12,2814851,1
2018-11-08 11:41,0.01299801,7279000,47.30,94565,1
2018-11-08 11:43,1.98608673,7266000,7215.45,-14438122,0
2018-11-08 12:03,0.02771072,7258000,100.56,201023,1
2018-11-08 12:19,1.28383621,7250000,4653.90,9303158,1
2018-11-08 12:19,0.00100000,7250000,3.62,7246,1
2018-11-08 12:19,0.26870864,7250000,974.06,1947163,1
2018-11-08 12:19,0.24835025,7250000,900.26,1799639,1
2018-11-08 12:19,0.15650490,7250000,567.33,1134093,1
2018-11-08 12:37,2.00000000,7260000,7260.00,-14527260,0
2018-11-08 12:45,0.06913044,7261000,250.97,501705,1
2018-11-08 12:45,0.01800000,7261000,65.34,130632,1
2018-11-08 12:46,0.07711293,7261000,279.95,559637,1
2018-11-08 12:46,0.00500000,7261000,18.15,36286,1
2018-11-08 12:46,0.19000000,7261000,689.79,1378900,1
2018-11-08 12:46,0.12461748,7261000,452.42,904395,1
2018-11-08 12:46,0.05706700,7261000,207.18,414156,1
2018-11-08 12:46,0.02800000,7261000,101.65,203206,1
2018-11-08 12:56,0.00289000,7261000,10.49,20973,1
2018-11-08 12:56,0.00497522,7261000,18.06,36107,1
2018-11-08 12:56,0.01970754,7261000,71.54,143024,1
2018-11-08 12:56,0.47270100,7261000,1716.14,3430565,1
2018-11-08 12:56,0.03728984,7261000,135.38,270626,1
2018-11-08 12:59,0.00072390,7254000,2.62,-5254,0
2018-11-08 13:00,0.00060478,7254000,2.19,-4390,0
2018-11-08 13:00,0.01379951,7254000,50.05,-100152,0
2018-11-08 13:00,0.02825305,7254000,102.47,-205050,0
2018-11-08 13:00,0.31974266,7254000,1159.70,-2320573,0
2018-11-08 13:00,0.74340000,7251000,2695.19,-5393089,0
2018-11-08 13:25,1.91365994,7276000,6961.89,13916827,1
2018-11-08 13:25,0.00301249,7276000,10.95,21907,1
2018-11-08 13:25,0.00301249,7276000,10.95,21907,1
2018-11-08 15:10,0.08040000,7265000,292.05,583813,1
2018-11-08 16:57,0.16260000,7283000,592.10,-1184808,0
2018-11-08 17:04,0.00000988,7289000,0.03,71,1
2018-11-08 17:58,0.01000000,7288000,36.44,72843,1
2018-11-08 18:13,0.15260000,7296000,556.68,1112812,1
2018-11-08 19:19,0.00300000,7306000,10.95,-21929,0
2018-11-08 21:53,0.00300000,7313000,10.96,21928,1
2018-11-08 22:47,0.03190000,7322000,116.78,-233689,0
2018-11-08 23:29,0.07900000,7322000,289.21,-578728,0
2018-11-08 23:33,1.38920144,7332000,5092.81,-10190718,0
2018-11-08 23:33,0.01000000,7332000,36.66,-73357,0
2018-11-08 23:33,0.00916463,7332000,33.59,-67229,0
2018-11-08 23:33,0.03153393,7332000,115.60,-231323,0
2018-11-08 23:46,0.08804600,7340000,323.12,645934,1
2018-11-08 23:46,0.02723062,7340000,99.93,199772,1
2018-11-09 00:11,0.00580597,7337000,21.29,42577,1
2018-11-09 00:53,0.57030000,7307000,2083.59,-4169266,0
2018-11-09 01:02,0.25882647,7289000,943.29,1885642,1
2018-11-09 01:02,0.02191050,7289000,79.85,159625,1
2018-11-09 01:02,0.74869370,7289000,2728.61,5454499,1
2018-11-09 01:02,0.01374983,7289000,50.11,100172,1
2018-11-09 01:02,0.00687680,7289000,25.06,50099,1
2018-11-09 01:02,0.00687680,7289000,25.06,50099,1
2018-11-09 01:02,0.08325167,7280000,303.03,605769,1
2018-11-09 01:02,0.64699879,7280000,2355.07,4707796,1
2018-11-09 01:02,0.20000000,7280000,728.00,1455272,1
2018-11-09 01:02,0.00458473,7280000,16.68,33360,1
2018-11-09 01:03,0.69000000,7263000,2505.73,-5013976,0
2018-11-09 01:03,0.80000000,7263000,2905.20,-5813306,0
2018-11-09 01:04,0.00900115,7262000,32.68,-65399,0
2018-11-09 01:04,0.00849885,7262000,30.85,-61750,0
2018-11-09 01:05,0.23439466,7272000,852.25,1703665,1
2018-11-09 01:05,0.31870799,7272000,1158.82,2316485,1
2018-11-09 01:05,0.00106075,7272000,3.85,7709,1
2018-11-09 01:06,0.05883984,7266000,213.76,-427744,0
2018-11-09 01:06,0.09896016,7266000,359.52,-719404,0
2018-11-09 01:12,0.00084377,7275000,3.06,-6142,0
2018-11-09 01:21,0.19884881,7265000,722.31,-1445359,0
2018-11-09 01:21,0.01422684,7265000,51.67,-103410,0
2018-11-09 01:21,0.66672435,7265000,2421.87,-4846175,0
2018-11-09 04:02,0.00038413,7281000,1.39,2795,1
2018-11-09 04:02,0.30700000,7281000,1117.63,2234149,1
2018-11-09 04:25,0.04761170,7281000,173.33,346487,1
2018-11-09 07:49,0.00187776,7296000,6.85,13693,1
2018-11-09 07:49,0.12348200,7296000,450.46,900474,1
2018-11-09 07:49,0.76106951,7296000,2776.38,5549986,1
2018-11-09 07:50,0.00810000,7285000,29.50,-59038,0
2018-11-09 07:50,0.07675090,7285000,279.56,-559410,0
2018-11-09 07:50,0.01504910,7285000,54.81,-109688,0
2018-11-09 07:51,0.79729915,7284000,2903.76,-5810431,0
2018-11-09 07:51,0.00017000,7284000,0.61,-1239,0
2018-11-09 08:05,0.04371748,7283000,159.19,318235,1
2018-11-09 08:05,0.20390950,7283000,742.53,1484330,1
2018-11-09 08:37,0.59160000,7273000,2151.35,-4304859,0
2018-11-09 08:40,0.04631164,7281000,168.59,337026,1
2018-11-09 08:40,0.00688436,7281000,25.06,50099,1
2018-11-09 08:57,0.01211043,7298000,44.19,88337,1
2018-11-09 08:57,0.01028413,7298000,37.52,75016,1
2018-11-09 08:57,0.56174143,7294000,2048.67,4095293,1
2018-11-09 08:57,0.03062408,7294000,111.68,223260,1
2018-11-09 08:57,0.00336772,7294000,12.28,24551,1
2018-11-09 09:00,0.00420000,7282000,15.29,-30600,0
2018-11-09 09:00,0.00346169,7281000,12.60,-25218,0
2018-11-09 09:00,0.02357960,7290000,85.94,171809,1
2018-11-09 09:00,0.02404221,7290000,87.63,175180,1
2018-11-09 09:00,0.00266313,7290000,9.70,19404,1
2018-11-09 09:00,0.00266313,7290000,9.70,19404,1
2018-11-09 09:00,0.00266313,7290000,9.70,19404,1
2018-11-09 09:00,0.00061874,7295000,2.25,4511,1
2018-11-09 09:00,0.00398232,7295000,14.52,29036,1
2018-11-09 09:00,0.11103374,7295000,404.99,809586,1
2018-11-09 09:00,0.05324876,7295000,194.22,388255,1
2018-11-09 09:00,0.08266207,7295000,301.50,602718,1
2018-11-09 09:02,0.02460000,7281000,89.55,-179203,0
2018-11-09 09:02,0.00680000,7281000,24.75,-49536,0
2018-11-09 09:10,0.02780000,7286000,101.27,-202652,0
2018-11-09 09:10,0.04580000,7283000,166.78,-333729,0
2018-11-09 09:25,0.26817520,7296000,978.30,1955627,1
2018-11-09 09:26,0.00690000,7287000,25.14,-50306,0
2018-11-09 09:30,0.00000489,7297000,0.01,35,1
2018-11-09 09:30,0.00196839,7297000,7.18,14356,1
2018-11-09 09:30,0.00686926,7297000,25.06,50099,1
2018-11-09 09:31,0.02853231,7297000,104.10,208096,1
2018-11-09 09:31,0.02400907,7297000,87.59,175106,1
2018-11-09 10:15,0.25944887,7296000,946.46,1891992,1
2018-11-09 10:15,0.09486100,7296000,346.05,691759,1
2018-11-09 10:33,0.45710000,7298000,1667.95,3334247,1
2018-11-09 11:03,0.02150000,7287000,78.33,-156749,0
2018-11-09 11:17,0.02150000,7287000,78.33,156592,1
2018-11-09 16:46,0.75221871,7296000,2744.09,-5490932,0
2018-11-09 16:49,0.02290000,7297000,83.55,-167185,0
2018-11-09 16:50,0.46358480,7303000,1692.77,3383867,1
2018-11-09 16:50,0.31151520,7303000,1137.49,2273858,1
2018-11-09 17:44,1.46995126,7285000,5354.29,-10713950,0
2018-11-09 17:44,0.02617113,7285000,95.32,-190752,0
2018-11-09 17:44,0.50387761,7285000,1835.37,-3672584,0
2018-11-09 17:56,0.00034686,7290000,1.26,2527,1
2018-11-09 18:12,0.05487721,7274000,199.58,398977,1
2018-11-09 18:39,0.48092970,7233000,1739.28,3476825,1
2018-11-09 18:39,0.00032757,7233000,1.18,2368,1
2018-11-09 18:39,0.00014000,7233000,0.50,1012,1
2018-11-09 18:39,0.04731506,7233000,171.11,342058,1
2018-11-09 18:39,0.00138255,7233000,4.99,9994,1
2018-11-09 18:39,0.16700000,7233000,603.95,1207307,1
2018-11-09 18:39,0.05000000,7233000,180.82,361469,1
2018-11-09 18:39,0.13780000,7233000,498.35,996209,1
2018-11-09 18:43,0.00304401,7218000,10.98,-21983,0
2018-11-09 18:57,0.58418368,7229000,2111.53,4220952,1
2018-11-09 18:57,0.00138331,7229000,4.99,9994,1
2018-11-09 19:10,1.52260000,7219000,5495.82,-10997146,0
2018-11-09 22:25,0.03300000,7225000,119.21,238305,1
2018-11-09 22:25,0.03300000,7225000,119.21,238305,1
2018-11-09 22:27,0.08646441,7215000,311.92,623528,1
2018-11-09 22:27,0.13853087,7215000,499.75,999000,1
2018-11-09 22:28,0.70900511,7211000,2556.31,5110079,1
2018-11-09 22:28,0.14207700,7211000,512.25,1024004,1
2018-11-09 22:28,0.22860000,7211000,824.21,1647610,1
2018-11-09 22:28,0.22860000,7211000,824.21,1647610,1
2018-11-09 22:28,0.14211100,7211000,512.38,1024250,1
2018-11-09 22:39,1.74140000,7203000,6271.65,-12549576,0
2018-11-09 22:42,0.14173000,7219000,511.57,1022637,1
2018-11-09 22:42,0.10497508,7219000,378.90,757436,1
2018-11-09 22:42,0.04712499,7219000,170.09,340025,1
2018-11-09 22:42,0.13441368,7219000,485.16,969847,1
2018-11-09 22:53,0.05042665,7233000,182.36,364553,1
2018-11-09 22:56,0.02668367,7232000,96.48,192879,1
2018-11-09 22:56,0.13943558,7232000,504.19,1007893,1
2018-11-09 23:00,0.80672458,7231000,2916.71,5830508,1
2018-11-09 23:42,0.00292698,7217000,10.56,21113,1
2018-11-09 23:42,0.01389081,7217000,50.12,100199,1
2018-11-09 23:42,0.10442708,7217000,376.82,753273,1
2018-11-10 00:21,0.75520287,7220000,2726.28,-5455291,0
2018-11-10 00:21,0.17999713,7220000,649.78,-1300229,0
2018-11-10 02:47,0.13699305,7227000,495.02,-990544,0
2018-11-10 03:48,0.00590000,7228000,21.32,-42667,0
2018-11-10 04:40,0.00020000,7237000,0.72,1446,1
2018-11-10 04:41,0.34200000,7237000,1237.52,2473816,1
2018-11-10 04:41,0.04210000,7237000,152.33,304525,1
2018-11-10 04:43,0.50000000,7234000,1808.50,3615191,1
2018-11-10 04:43,0.04143865,7234000,149.88,299617,1
2018-11-10 04:43,0.57956135,7234000,2096.27,4190450,1
2018-11-10 06:04,0.26914200,7235000,973.62,-1948216,0
2018-11-10 06:04,0.50000000,7235000,1808.75,-3619309,0
2018-11-10 06:16,1.23070000,7221000,4443.44,-8891329,0
2018-11-10 06:23,0.04241729,7237000,153.48,306820,1
2018-11-10 06:23,0.04241729,7237000,153.48,306820,1
2018-11-10 06:23,0.11657000,7237000,421.80,843195,1
2018-11-10 06:23,0.00689228,7237000,24.93,49854,1
2018-11-10 06:23,0.48952979,7237000,1771.36,3540955,1
2018-11-10 06:23,0.00689228,7237000,24.93,49854,1
2018-11-10 06:23,1.29518107,7237000,4686.61,9368538,1
2018-11-10 23:38,0.00005615,7248000,0.20,-408,0
2018-11-11 03:38,0.04948831,7249000,179.37,-358921,0
2018-11-11 03:38,0.10837740,7249000,392.81,-786021,0
2018-11-11 03:38,0.27500000,7249000,996.73,-1994472,0
2018-11-11 03:38,0.04300000,7249000,155.85,-311863,0
2018-11-11 03:38,0.04200000,7249000,152.22,-304611,0
2018-11-11 03:38,0.01393429,7249000,50.50,-101061,0
2018-11-11 04:17,0.14650000,7243000,530.54,-1061630,0
2018-11-11 04:22,0.00690000,7244000,24.99,-50009,0
2018-11-11 04:22,0.00002275,7244000,0.08,-165,0
2018-11-11 04:29,0.00014000,7255000,0.50,1015,1
2018-11-11 04:36,0.00022753,7251000,0.82,1648,1
2018-11-11 04:36,0.04533570,7251000,164.36,328564,1
2018-11-11 06:41,0.04869605,7248000,176.47,352772,1
2018-11-11 06:41,0.03769952,7248000,136.62,273109,1
2018-11-11 06:41,0.00680000,7248000,24.64,49261,1
2018-11-11 07:01,0.58910000,7238000,2131.95,-4266038,0
2018-11-11 08:45,0.00015000,7244000,0.54,1086,1
2018-11-11 08:45,0.77770000,7244000,2816.82,5630841,1
2018-11-11 08:46,0.12640000,7244000,457.82,915183,1
2018-11-11 08:54,1.76880000,7230000,6394.21,-12794819,0
2018-11-11 11:42,0.05440969,7252000,197.28,394381,1
2018-11-11 12:22,0.12190285,7254000,442.14,883841,1
2018-11-11 12:22,0.01282815,7254000,46.52,93008,1
2018-11-11 12:26,0.01110815,7255000,40.29,80549,1
2018-11-11 13:47,0.00710937,7257000,25.79,51566,1
2018-11-11 13:47,0.00685877,7257000,24.88,49749,1
2018-11-11 13:47,0.09361597,7257000,339.68,679031,1
2018-11-11 13:47,0.17841943,7257000,647.39,1294142,1
2018-11-11 13:52,0.01461740,7258000,53.04,106040,1
2018-11-11 13:52,0.36545633,7258000,1326.24,2651155,1
2018-11-11 13:52,0.10440960,7258000,378.90,757425,1
2018-11-11 13:55,0.16041112,7256000,581.97,1163361,1
2018-11-11 13:55,0.00690712,7256000,25.05,50093,1
2018-11-11 13:55,0.00683358,7256000,24.79,49559,1
2018-11-11 13:55,0.00683358,7256000,24.79,49559,1
2018-11-11 13:55,0.00683358,7256000,24.79,49559,1
2018-11-11 13:55,0.00683358,7256000,24.79,49559,1
2018-11-11 13:55,0.03527950,7256000,127.99,255860,1
2018-11-11 13:55,0.09993379,7256000,362.55,724757,1
2018-11-11 13:55,0.00683358,7256000,24.79,49559,1
2018-11-11 13:55,0.00690808,7256000,25.06,50099,1
2018-11-11 13:57,0.01607367,7258000,58.33,116604,1
2018-11-11 13:57,0.15388471,7258000,558.44,1116336,1
2018-11-11 13:57,0.11696858,7258000,424.47,848533,1
2018-11-11 13:57,0.04010979,7258000,145.55,290971,1
2018-11-11 13:57,0.00661751,7258000,24.01,48005,1
2018-11-11 13:57,0.00574432,7258000,20.84,41671,1
2018-11-11 15:29,0.01344518,7253000,48.75,97469,1
2018-11-11 15:40,0.00008396,7257000,0.30,608,1
2018-11-11 15:40,0.09896278,7257000,359.08,717813,1
2018-11-11 15:42,0.21455512,7258000,778.62,1556462,1
2018-11-11 15:42,0.01924488,7258000,69.83,139609,1
2018-11-11 17:55,1.27888370,7242000,4630.83,-9266307,0
2018-11-11 17:55,0.01950000,7242000,70.60,-141290,0
2018-11-11 17:58,0.28176258,7248000,1021.10,2041194,1
2018-11-11 18:03,0.01022950,7248000,37.07,-74181,0
2018-11-11 18:03,0.04954846,7248000,179.56,-359307,0
2018-11-11 18:03,0.12732204,7248000,461.41,-923292,0
2018-11-11 18:43,0.53886029,7247000,1952.56,3903167,1
2018-11-11 18:43,0.06826999,7247000,247.37,494505,1
2018-11-11 18:54,1.40340000,7240000,5080.30,-10165697,0
2018-11-11 19:13,2.00000000,7238000,7238.00,14468762,1
2018-11-11 20:47,2.00000000,7234000,7234.00,-14475234,0
2018-11-11 21:07,1.71125710,7247000,6200.74,12395279,1
2018-11-11 21:07,0.13791917,7247000,499.75,999000,1
2018-11-11 21:07,0.14200000,7247000,514.53,1028559,1
2018-11-11 21:07,0.00882373,7247000,31.97,63913,1
2018-11-11 23:19,0.00007308,7215000,0.26,-528,0
2018-11-12 00:01,2.00000000,7219000,7219.00,-14445219,0
2018-11-12 00:39,2.00000000,7205000,7205.00,14402795,1
2018-11-12 00:41,0.00690000,7189000,24.80,-49629,0
2018-11-12 00:42,0.00690000,7190000,24.80,49586,1
2018-11-12 00:44,0.15960000,7188000,573.60,-1147779,0
2018-11-12 01:03,1.84040000,7187000,6613.47,-13233569,0
2018-11-12 03:14,0.08563646,7215000,308.93,617558,1
2018-11-12 03:14,0.01894300,7215000,68.33,136605,1
2018-11-12 03:24,0.68974006,7222000,2490.65,4978812,1
2018-11-12 03:24,0.01335001,7222000,48.20,96365,1
2018-11-12 03:24,1.19240000,7223000,4306.35,8608398,1
2018-11-12 07:25,0.04870000,7225000,175.92,-352034,0
2018-11-12 07:58,0.04870000,7223000,175.88,351584,1
2018-11-12 08:06,0.00387843,7218000,13.99,-28009,0
2018-11-12 08:13,0.00380000,7224000,13.72,27437,1
2018-11-12 09:01,0.03243447,7270000,117.89,-235917,0
2018-11-12 09:01,0.01535413,7270000,55.81,-111681,0
2018-11-12 09:01,1.28236847,7270000,4661.40,-9327481,0
2018-11-12 09:01,0.00179130,7270000,6.51,-13030,0
2018-11-12 09:01,0.00826411,7270000,30.04,-60111,0
2018-11-12 09:01,0.00453082,7270000,16.46,-32956,0
2018-11-12 09:01,0.03041803,7270000,110.56,-221250,0
2018-11-12 09:01,0.01702232,7270000,61.87,-123815,0
2018-11-12 09:01,0.00680000,7278000,24.74,-49516,0
2018-11-12 09:01,0.60100000,7279000,2187.33,-4376867,0
2018-11-12 09:06,0.00031550,7274000,1.14,2293,1
2018-11-12 09:06,0.03900000,7274000,141.84,283544,1
2018-11-12 09:06,0.00500000,7274000,18.18,36351,1
2018-11-12 10:00,1.30459126,7249000,4728.49,9452253,1
2018-11-12 10:00,0.28969462,7249000,1049.99,2098946,1
2018-11-12 10:00,0.15134363,7249000,548.54,1096541,1
2018-11-12 10:00,0.03536778,7249000,128.19,256252,1
2018-11-12 10:00,0.17470271,7249000,633.20,1265786,1
2018-11-12 12:00,0.22137462,7254000,802.92,-1606655,0
2018-11-12 12:15,0.03834643,7264000,139.27,278409,1
2018-11-12 12:16,0.00023440,7265000,0.85,1702,1
2018-11-12 12:16,0.09133710,7265000,331.78,663232,1
2018-11-12 12:16,0.09150000,7264000,332.32,664323,1
2018-11-12 15:23,0.06956280,7255000,252.33,-504931,0
2018-11-12 15:27,0.06200000,7255000,224.90,-450035,0
2018-11-12 17:05,0.00001903,7258000,0.06,138,1
2018-11-12 17:05,0.00763087,7258000,27.69,55357,1
2018-11-12 17:12,0.11487547,7260000,416.99,833578,1
2018-11-12 17:13,0.00902453,7260000,32.75,65485,1
2018-11-12 18:18,0.15360000,7244000,556.33,-1113235,0
2018-11-12 18:31,0.15360000,7257000,557.33,1114117,1
2018-11-12 19:27,0.00001887,7243000,0.06,-137,0
2018-11-12 19:37,0.87447534,7239000,3165.16,-6333493,0
2018-11-12 19:46,0.65357893,7247000,2368.24,4734118,1
2018-11-12 19:46,0.04137575,7247000,149.92,299700,1
2018-11-12 19:46,0.17954532,7247000,650.58,1300514,1
2018-11-12 23:19,0.00099518,7258000,3.61,-7227,0
2018-11-12 23:19,0.00090482,7258000,3.28,-6571,0
2018-11-12 23:20,0.01260000,7258000,45.72,-91497,0
2018-11-12 23:22,0.01450000,7272000,52.72,105391,1
2018-11-13 00:31,0.95020746,7242000,3440.70,-6884844,0
2018-11-13 00:32,0.08264800,7242000,299.26,-598836,0
2018-11-13 00:32,0.07495019,7242000,271.39,-543061,0
2018-11-13 00:32,0.26729435,7242000,967.87,-1936714,0
2018-11-13 00:55,0.00008071,7251000,0.29,584,1
2018-11-13 00:55,0.03236640,7251000,117.34,234571,1
2018-11-13 00:55,0.05220321,7251000,189.26,378336,1
2018-11-13 00:56,0.32513572,7250000,1178.61,2356055,1
2018-11-13 01:15,0.13933611,7244000,504.67,1008846,1
2018-11-13 01:15,0.00475070,7244000,17.20,34396,1
2018-11-13 01:15,0.16665825,7244000,603.63,1206668,1
2018-11-13 01:21,1.34550000,7240000,4870.71,-9746291,0
2018-11-13 01:32,0.09170272,7249000,332.37,664420,1
2018-11-13 01:34,0.18808757,7248000,681.62,1362577,1
2018-11-13 02:09,0.01461824,7247000,52.96,105885,1
2018-11-13 02:24,1.22105739,7247000,4424.50,8844578,1
2018-11-13 02:25,0.16541938,7247000,599.39,1198194,1
2018-11-13 03:14,0.11961900,7255000,433.91,867401,1
2018-11-13 03:17,0.00008992,7242000,0.32,-652,0
2018-11-13 03:25,0.00420977,7243000,15.24,-30507,0
2018-11-13 03:25,0.05599023,7243000,202.76,-405740,0
2018-11-13 03:31,0.02590000,7242000,93.78,-187662,0
2018-11-13 04:08,0.13610079,7247000,493.16,985829,1
2018-11-13 04:08,0.14959921,7247000,542.07,1083603,1
2018-11-13 07:13,0.11644572,7239000,421.47,-843372,0
2018-11-13 07:46,0.11650000,7250000,422.31,844202,1
2018-11-13 09:15,0.00691709,7241000,25.04,-50112,0
2018-11-13 09:15,0.00688291,7241000,24.91,-49864,0
2018-11-13 09:15,0.00120000,7238000,4.34,-8690,0
2018-11-13 09:16,0.01500000,7246000,54.34,108635,1
2018-11-13 09:25,0.43081447,7239000,1559.33,-3120226,0
2018-11-13 09:37,0.11233938,7251000,407.28,814165,1
2018-11-13 10:03,0.22704690,7249000,822.93,1645040,1
2018-11-13 10:03,0.09145310,7249000,331.47,662612,1
2018-11-13 14:01,0.82683060,7241000,2993.54,-5990074,0
2018-11-13 14:20,0.34140432,7248000,1237.24,2473261,1
2018-11-13 15:06,0.00449226,7248000,16.27,32543,1
2018-11-13 15:56,0.00008599,7249000,0.31,-624,0
2018-11-13 15:58,0.12130000,7250000,439.71,-879865,0
2018-11-13 15:58,0.06270000,7250000,227.28,-454803,0
2018-11-13 16:15,0.00008735,7250000,0.31,-634,0
2018-11-13 16:16,0.22412841,7248000,812.24,1623670,1
2018-11-13 16:16,0.04133984,7248000,149.81,299481,1
2018-11-13 16:16,0.15688700,7248000,568.55,1136548,1
2018-11-13 16:16,0.00017772,7248000,0.64,1287,1
2018-11-13 16:16,0.03500000,7248000,126.84,253553,1
2018-11-13 16:25,0.00000862,7251000,0.03,62,1
2018-11-13 16:25,0.00345592,7251000,12.52,25046,1
2018-11-13 16:25,0.00345592,7251000,12.52,25046,1
2018-11-13 16:25,0.00691284,7251000,25.06,50099,1
2018-11-13 16:25,0.01382568,7251000,50.12,100199,1
2018-11-13 16:26,0.01382568,7251000,50.12,100199,1
2018-11-13 16:26,0.00691284,7251000,25.06,50099,1
2018-11-13 16:26,0.15613200,7251000,566.05,1131547,1
2018-11-13 16:26,0.00300000,7250000,10.87,21739,1
2018-11-14 02:03,0.13271700,7241000,480.50,-961485,0
2018-11-14 02:03,0.00270452,7241000,9.79,-19594,0
2018-11-14 02:03,0.02778700,7241000,100.60,-201307,0
2018-11-14 02:05,0.02447293,7249000,88.70,177315,1
2018-11-14 02:11,0.07360000,7238000,266.35,-532984,0
2018-11-14 02:12,0.00158160,7238000,5.72,-11454,0
2018-11-14 02:12,0.01991840,7238000,72.08,-144242,0
2018-11-14 02:20,0.01016463,7243000,36.81,73585,1
2018-11-14 02:20,0.02583583,7243000,93.56,187035,1
2018-11-14 03:10,0.19780000,7258000,717.81,1434914,1
2018-11-14 03:31,0.01387356,7242000,50.23,-100523,0
2018-11-14 03:31,0.00190643,7243000,6.90,-13816,0
2018-11-14 03:31,0.00492001,7243000,17.81,-35654,0
2018-11-14 03:32,0.05270000,7243000,190.85,-381897,0
2018-11-14 03:38,0.07340000,7257000,266.33,532397,1
2018-11-14 03:54,0.02810000,7239000,101.70,-203518,0
2018-11-14 03:55,0.02810000,7250000,101.86,203623,1
2018-11-14 03:58,0.02470000,7234000,89.33,-178770,0
2018-11-14 03:58,0.00081437,7249000,2.95,5900,1
2018-11-14 03:58,0.01000000,7249000,36.24,72453,1
2018-11-14 03:58,0.01382377,7249000,50.10,100158,1
2018-11-14 03:58,0.00006186,7249000,0.22,448,1
2018-11-14 06:18,0.00140000,7246000,5.07,-10150,0
2018-11-14 06:20,0.00140000,7258000,5.08,10156,1
2018-11-14 06:36,0.00094825,7247000,3.43,-6876,0
2018-11-14 06:36,0.00691725,7247000,25.06,-50155,0
2018-11-14 06:36,0.00223450,7247000,8.09,-16202,0
2018-11-14 06:48,1.98990000,7253000,7216.37,-14439961,0
2018-11-14 06:49,0.00048492,7259000,1.76,3518,1
2018-11-14 06:59,0.00684508,7267000,24.87,49718,1
2018-11-14 06:59,0.00684508,7267000,24.87,49718,1
2018-11-14 06:59,0.06290657,7267000,228.57,456913,1
2018-11-14 06:59,0.04148848,7267000,150.74,301346,1
2018-11-14 07:29,0.37276554,7266000,1354.25,2707160,1
2018-11-14 07:43,0.00327784,7259000,11.89,23781,1
2018-11-14 07:43,0.00444793,7259000,16.14,32271,1
2018-11-14 07:44,0.40495673,7259000,1469.79,2938111,1
2018-11-14 07:44,0.01350000,7259000,48.99,97947,1
2018-11-14 07:44,0.00194933,7259000,7.07,14143,1
2018-11-14 07:45,0.02287739,7258000,83.02,165961,1
2018-11-14 07:45,0.00710732,7258000,25.79,51559,1
2018-11-14 08:13,0.00004135,7250000,0.14,-300,0
2018-11-14 08:42,0.00001398,7258000,0.05,101,1
2018-11-14 09:01,0.00055993,7252000,2.03,4058,1
2018-11-14 09:01,0.00411000,7252000,14.90,29790,1
2018-11-14 09:06,0.22691294,7243000,821.76,1642708,1
2018-11-14 09:06,0.27780000,7243000,1006.05,2011099,1
2018-11-14 09:06,0.00004584,7243000,0.16,331,1
2018-11-14 09:08,0.02498212,7245000,90.49,180904,1
2018-11-14 09:08,0.00082760,7245000,2.99,5992,1
2018-11-14 09:39,0.43862857,7252000,1590.46,3179343,1
2018-11-14 09:39,0.02200000,7252000,79.77,159464,1
2018-11-14 09:39,0.03540904,7252000,128.39,256657,1
2018-11-14 10:03,0.01930000,7246000,69.92,139777,1
2018-11-14 14:43,0.00808541,7240000,29.26,-58568,0
2018-11-14 14:45,0.00810000,7250000,29.36,58695,1
2018-11-14 16:12,0.01790000,7235000,64.75,-129572,0
2018-11-14 17:10,0.00621096,7248000,22.50,44994,1
2018-11-14 17:10,0.01168904,7248000,42.36,84679,1
2018-11-14 18:50,0.00006125,7246000,0.22,-444,0
2018-11-14 18:50,0.31624422,7246000,1145.75,-2292652,0
2018-11-14 18:54,0.00220000,7238000,7.96,-15932,0
2018-11-14 18:58,0.06420000,7220000,231.76,-463756,0
2018-11-14 19:01,0.00006495,7224000,0.23,-470,0
2018-11-14 19:02,0.38280000,7235000,1384.77,2768173,1
2018-11-14 19:03,0.00002699,7226000,0.09,-196,0
2018-11-14 19:03,0.01387301,7226000,50.12,-100297,0
2018-11-14 19:17,0.01390000,7227000,50.22,100405,1
2018-11-14 19:27,0.02650000,7158000,94.84,-189782,0
2018-11-14 19:27,0.05820000,7158000,208.29,-416804,0
2018-11-14 19:27,0.63135285,7161000,2260.55,-4523379,0
2018-11-14 19:27,0.10094715,7161000,361.44,-723244,0
2018-11-14 19:28,0.15700000,7158000,561.90,-1124368,0
2018-11-14 19:28,0.04580000,7157000,163.89,-327955,0
2018-11-14 19:31,0.30828596,7157000,1103.20,2205299,1
2018-11-14 19:43,0.01238492,7185000,44.49,-89031,0
2018-11-14 19:43,0.05863900,7185000,210.66,-421532,0
2018-11-14 19:43,0.00249000,7185000,8.94,-17900,0
2018-11-14 19:43,0.01807420,7185000,64.93,-129928,0
2018-11-14 19:43,0.00027856,7185000,1.00,-2003,0
2018-11-14 19:56,0.86810000,7174000,3113.87,-6230864,0
2018-11-14 20:07,0.62849999,7174000,2254.42,4506604,1
2018-11-14 20:17,0.95700000,7159000,3425.58,-6854589,0
2018-11-14 20:44,1.66379372,7195000,5985.49,11965010,1
2018-11-14 20:44,0.25547884,7195000,919.08,1837251,1
2018-11-14 21:09,0.00100000,7190000,3.59,7186,1
2018-11-14 21:13,0.07970000,7191000,286.56,572836,1
2018-11-14 23:22,0.29813826,7169000,1068.67,-2138422,0
2018-11-14 23:22,0.74906174,7169000,2685.01,-5372709,0
2018-11-14 23:23,0.11070000,7169000,396.80,-794006,0
2018-11-14 23:35,0.03984584,7159000,142.62,285113,1
2018-11-14 23:35,0.02481000,7159000,88.80,177525,1
2018-11-14 23:35,0.00416000,7159000,14.89,29766,1
2018-11-14 23:35,0.00416000,7159000,14.89,29766,1
2018-11-14 23:35,0.00416000,7159000,14.89,29766,1
2018-11-14 23:35,0.12217100,7159000,437.31,874184,1
2018-11-14 23:35,0.00416000,7159000,14.89,29766,1
2018-11-14 23:35,0.02482000,7159000,88.84,177597,1
2018-11-14 23:35,0.00416000,7159000,14.89,29766,1
2018-11-14 23:35,0.04000000,7159000,143.18,286216,1
2018-11-14 23:35,0.00416000,7159000,14.89,29766,1
2018-11-14 23:35,0.00416000,7159000,14.89,29766,1
2018-11-14 23:35,0.00416000,7159000,14.89,29766,1
2018-11-14 23:35,0.00804000,7159000,28.77,57529,1
2018-11-14 23:35,0.00023905,7159000,0.85,1710,1
2018-11-14 23:35,0.00416000,7159000,14.89,29766,1
2018-11-14 23:37,0.10502600,7157000,375.83,751295,1
2018-11-14 23:37,0.04686851,7157000,167.71,335270,1
2018-11-14 23:37,0.04443703,7156000,158.99,317832,1
2018-11-14 23:37,0.01530000,7150000,54.69,109340,1
2018-11-14 23:37,0.22130000,7150000,791.14,1581503,1
2018-11-14 23:37,0.28100000,7150000,1004.57,2008145,1
2018-11-14 23:37,0.14660000,7150000,524.09,1047665,1
2018-11-14 23:41,0.00229246,7134000,8.17,-16363,0
2018-11-14 23:41,0.00028051,7134000,1.00,-2003,0
2018-11-14 23:41,0.00500000,7134000,17.83,-35688,0
2018-11-14 23:41,0.06800000,7134000,242.55,-485355,0
2018-11-14 23:44,0.00005371,7142000,0.19,-384,0
2018-11-14 23:44,0.00563568,7142000,20.12,-40271,0
2018-11-14 23:44,0.00028027,7142000,1.00,-2003,0
2018-11-14 23:44,0.00023034,7142000,0.82,-1646,0
2018-11-14 23:44,0.00210000,7144000,7.50,-15010,0
2018-11-14 23:44,0.00560000,7144000,20.00,-40027,0
2018-11-14 23:44,0.00500000,7144000,17.86,-35738,0
2018-11-14 23:48,0.09450000,7157000,338.16,675998,1
2018-11-14 23:54,0.03980000,7138000,142.04,-284235,0
2018-11-14 23:55,0.00200000,7139000,7.13,-14286,0
2018-11-14 23:56,0.00280000,7133000,9.98,-19983,0
2018-11-14 23:56,0.03785359,7131000,134.96,-270069,0
2018-11-14 23:56,0.00500000,7131000,17.82,-35673,0
2018-11-14 23:56,0.00500000,7131000,17.82,-35673,0
2018-11-14 23:58,0.00012111,7140000,0.43,-866,0
2018-11-14 23:58,0.00197889,7140000,7.06,-14137,0
2018-11-14 23:59,0.06550000,7140000,233.83,-467904,0
2018-11-14 23:59,0.02161751,7138000,77.15,-154383,0
2018-11-14 23:59,0.00500000,7138000,17.84,-35708,0
2018-11-14 23:59,0.00500000,7138000,17.84,-35708,0
2018-11-15 00:05,1.80840000,7133000,6449.65,-12905767,0
2018-11-15 00:13,0.01019568,7133000,36.36,72689,1
2018-11-15 00:13,0.04604800,7133000,164.23,328296,1
2018-11-15 00:13,0.02254903,7133000,80.42,160761,1
2018-11-15 00:13,0.10356600,7133000,369.36,738366,1
2018-11-15 00:13,0.01000000,7133000,35.66,71294,1
2018-11-15 00:13,0.79202500,7133000,2824.75,5646689,1
2018-11-15 00:13,0.05510000,7133000,196.51,392831,1
2018-11-15 00:14,0.01574478,7125000,56.09,-112238,0
2018-11-15 00:14,0.51855522,7125000,1847.35,-3696554,0
2018-11-15 00:16,0.03562158,7123000,126.86,253605,1
2018-11-15 00:16,0.10442708,7123000,371.91,743462,1
2018-11-15 00:16,0.03300000,7123000,117.52,234941,1
2018-11-15 00:16,0.00498004,7125000,17.74,35465,1
2018-11-15 00:16,0.09400000,7125000,334.87,669415,1
2018-11-15 00:16,0.16106700,7125000,573.80,1147028,1
2018-11-15 00:16,0.10000000,7125000,356.25,712143,1
2018-11-15 00:16,0.15077858,7125000,537.14,1073760,1
2018-11-15 00:16,0.08209890,7125000,292.47,584662,1
2018-11-15 00:16,0.01755000,7125000,62.52,124981,1
2018-11-15 00:16,0.00693122,7125000,24.69,49360,1
2018-11-15 00:16,0.55089426,7125000,1962.56,3923159,1
2018-11-15 00:16,0.15350000,7125000,546.84,1093140,1
2018-11-15 00:56,0.00700000,7104000,24.86,-49753,0
2018-11-15 00:56,0.28941700,7106000,1028.29,-2057626,0
2018-11-15 00:56,0.49998300,7106000,1776.43,-3554656,0
2018-11-15 00:57,0.79640000,7100000,2827.22,5651612,1
2018-11-15 00:58,0.05612709,7072000,198.46,-397130,0
2018-11-15 00:58,0.07631900,7072000,269.86,-539998,0
2018-11-15 00:58,0.18585391,7072000,657.17,-1315016,0
2018-11-15 00:59,0.20929082,7087000,741.62,1482502,1
2018-11-15 00:59,0.06690692,7087000,237.08,473932,1
2018-11-15 00:59,0.00800000,7087000,28.34,56667,1
2018-11-15 00:59,0.03410226,7087000,120.84,241561,1
2018-11-15 01:00,0.01740000,7087000,61.65,-123376,0
2018-11-15 01:00,0.09727386,7087000,344.68,-689725,0
2018-11-15 01:00,0.09863886,7087000,349.52,-699404,0
2018-11-15 01:00,0.00128728,7087000,4.56,-9128,0
2018-11-15 01:01,1.78540000,7090000,6329.24,-12664816,0
2018-11-15 01:03,0.27126749,7108000,964.08,1927205,1
2018-11-15 01:03,0.22881749,7108000,813.21,1625621,1
2018-11-15 01:03,0.07035503,7108000,250.04,499833,1
2018-11-15 01:09,0.03407006,7080000,120.60,-241337,0
2018-11-15 01:09,0.02040281,7080000,72.22,-144525,0
2018-11-15 01:09,0.16500000,7080000,584.10,-1168785,0
2018-11-15 01:10,0.17349893,7094000,615.40,1230186,1
2018-11-15 01:10,0.08926476,7094000,316.62,632927,1
2018-11-15 01:10,0.07500000,7090000,265.87,531484,1
2018-11-15 01:10,0.00706782,7090000,25.05,50085,1
2018-11-15 01:10,0.13422344,7090000,475.82,951168,1
2018-11-15 01:10,0.21420800,7090000,759.36,1517975,1
2018-11-15 01:10,0.00697434,7090000,24.72,49423,1
2018-11-15 01:10,0.13090000,7092000,464.17,927878,1
2018-11-15 01:10,0.17150576,7092000,608.15,1215710,1
2018-11-15 01:10,0.06079800,7092000,215.58,430963,1
2018-11-15 01:11,0.22669684,7083000,802.84,1604890,1
2018-11-15 01:11,0.04494267,7083000,159.16,318169,1
2018-11-15 01:11,0.00570232,7083000,20.19,40369,1
2018-11-15 01:11,0.08687897,7083000,307.68,615056,1
2018-11-15 01:11,0.00570362,7083000,20.19,40378,1
2018-11-15 01:11,0.21154932,7083000,749.20,1497654,1
2018-11-15 01:11,0.00412626,7083000,14.61,29211,1
2018-11-15 01:16,0.06780000,7020000,237.97,-476194,0
2018-11-15 01:17,0.00740000,7015000,25.95,-51937,0
2018-11-15 01:17,0.07520000,7042000,264.77,529293,1
2018-11-15 01:18,0.01259908,7029000,44.27,-88604,0
2018-11-15 01:18,0.01110092,7029000,39.01,-78068,0
2018-11-15 01:18,0.04600000,7017000,161.39,-322944,0
2018-11-15 01:19,0.01250000,7005000,43.78,-87607,0
2018-11-15 01:19,0.07360416,7014000,258.12,516001,1
2018-11-15 01:19,0.00014260,7014000,0.50,999,1
2018-11-15 01:19,0.00845324,7014000,29.64,59261,1
2018-11-15 01:20,0.00170000,7001000,5.95,-11908,0
2018-11-15 01:20,0.01540000,7001000,53.90,-107870,0
2018-11-15 01:21,0.01710000,7013000,59.96,119862,1
2018-11-15 01:21,0.00600000,7000000,21.00,-42021,0
2018-11-15 01:22,0.00600000,7013000,21.03,42056,1
2018-11-15 01:22,0.01800000,6997000,62.97,-126009,0
2018-11-15 01:23,0.01800000,7009000,63.08,126098,1
2018-11-15 01:24,0.00390000,6995000,13.64,-27295,0
2018-11-15 01:24,0.00390000,7004000,13.65,27301,1
2018-11-15 01:26,0.01700000,6957000,59.13,-118329,0
2018-11-15 01:26,0.01700000,6968000,59.22,118396,1
2018-11-15 01:27,0.01440000,6989000,50.32,-100692,0
2018-11-15 01:27,0.01440000,6999000,50.39,100735,1
2018-11-15 01:29,0.22310000,6960000,776.38,-1553553,0
2018-11-15 01:29,0.17704465,6957000,615.84,-1232316,0
2018-11-15 01:29,0.03783899,6957000,131.62,-263378,0
2018-11-15 01:29,0.00131551,6957000,4.57,-9157,0
2018-11-15 01:29,0.00720934,6957000,25.07,-50181,0
2018-11-15 01:29,0.04714300,6957000,163.98,-328138,0
2018-11-15 01:29,0.13400000,6957000,466.11,-932705,0
2018-11-15 01:29,0.02784600,6957000,96.86,-193822,0
2018-11-15 01:29,0.01262812,6957000,43.92,-87898,0
2018-11-15 01:29,0.21615152,6957000,751.88,-1504518,0
2018-11-15 01:29,0.14277650,6957000,496.64,-993793,0
2018-11-15 01:29,0.24444637,6957000,850.30,-1701464,0
2018-11-15 01:30,0.01441352,6954000,50.11,-100282,0
2018-11-15 01:30,0.07788648,6954000,270.81,-541894,0
2018-11-15 01:30,0.04508839,6968000,157.08,314018,1
2018-11-15 01:30,1.00000000,6968000,3484.00,6964516,1
2018-11-15 01:30,0.31871161,6968000,1110.39,2219672,1
2018-11-15 01:30,0.04668623,6951000,162.25,-324679,0
2018-11-15 01:30,0.10824595,6951000,376.20,-752794,0
2018-11-15 01:30,0.19500000,6951000,677.72,-1356123,0
2018-11-15 01:30,0.01443279,6951000,50.16,-100373,0
2018-11-15 01:30,0.15673503,6951000,544.73,-1090010,0
2018-11-15 01:30,0.21120000,6951000,734.02,-1468786,0
2018-11-15 01:31,1.26770000,6945000,4402.08,-8808579,0
2018-11-15 01:32,0.13532545,6973000,471.81,943152,1
2018-11-15 01:32,0.03200000,6973000,111.56,223024,1
2018-11-15 01:32,0.00281251,6973000,9.80,19601,1
2018-11-15 01:33,0.08461790,6973000,295.02,589745,1
2018-11-15 01:33,0.03583465,6973000,124.93,249750,1
2018-11-15 01:33,0.45637258,6973000,1591.14,3180694,1
2018-11-15 01:33,0.00183278,6973000,6.38,12773,1
2018-11-15 01:33,0.32272900,6973000,1125.19,2249264,1
2018-11-15 01:33,0.00100000,6971000,3.48,6967,1
2018-11-15 01:33,0.80865184,6971000,2818.55,5634293,1
2018-11-15 01:33,0.11884816,6971000,414.24,828076,1
2018-11-15 01:33,0.00326820,6986000,11.41,-22843,0
2018-11-15 01:33,0.50023180,6986000,1747.30,-3496367,0
2018-11-15 01:33,0.02632488,7034000,92.58,185076,1
2018-11-15 01:33,0.12848948,7034000,451.89,903343,1
2018-11-15 01:33,0.00139000,7034000,4.88,9772,1
2018-11-15 01:33,0.10525977,7034000,370.19,740027,1
2018-11-15 01:33,0.01203094,7034000,42.31,84583,1
2018-11-15 01:33,0.00146000,7034000,5.13,10264,1
2018-11-15 01:33,0.00424000,7034000,14.91,29809,1
2018-11-15 01:33,0.00525670,7034000,18.48,36957,1
2018-11-15 01:33,0.21904823,7034000,770.39,1540014,1
2018-11-15 01:33,0.05000000,6975000,174.37,-348925,0
2018-11-15 01:33,0.03076822,6975000,107.30,-214716,0
2018-11-15 01:33,0.08070000,7033000,283.78,567279,1
2018-11-15 01:34,0.11360000,6994000,397.25,-794916,0
2018-11-15 01:34,0.08127880,7027000,285.57,570860,1
2018-11-15 01:34,0.03240000,7024000,113.78,227463,1
2018-11-15 01:36,0.16887260,7025000,593.16,-1186924,0
2018-11-15 01:36,1.43532740,7025000,5041.58,-10088217,0
2018-11-15 01:37,0.00014310,6990000,0.50,999,1
2018-11-15 01:37,0.20660080,6983000,721.34,1441972,1
2018-11-15 01:37,0.01800000,6983000,62.84,125631,1
2018-11-15 01:37,0.00800000,6983000,27.93,55836,1
2018-11-15 01:37,0.00464010,6983000,16.20,32385,1
2018-11-15 01:37,0.06338471,6983000,221.30,442394,1
2018-11-15 01:37,0.00717096,6983000,25.03,50049,1
2018-11-15 01:37,0.96000000,6983000,3351.84,6700328,1
2018-11-15 01:37,0.00892970,6983000,31.17,62324,1
2018-11-15 01:37,0.32733063,6983000,1142.87,2284606,1
2018-11-15 01:37,1.31806560,6980000,4600.04,-9204698,0
2018-11-15 01:37,0.15033440,6980000,524.66,-1049859,0
2018-11-15 01:38,0.00130000,6973000,4.53,-9070,0
2018-11-15 01:38,0.06140000,6970000,213.97,-428172,0
2018-11-15 01:39,0.85513047,6996000,2991.24,5979501,1
2018-11-15 01:39,0.45090000,6996000,1577.24,3152919,1
2018-11-15 01:39,0.22506953,6996000,787.29,1573799,1
2018-11-15 01:40,0.00150000,7007000,5.25,-10516,0
2018-11-15 01:40,0.00200515,7029000,7.04,-14102,0
2018-11-15 01:40,0.00779485,7030000,27.39,-54826,0
2018-11-15 01:40,0.00130000,7030000,4.56,-9144,0
2018-11-15 01:41,0.01260000,7031000,44.29,88546,1
2018-11-15 01:42,0.00110000,7008000,3.85,-7713,0
2018-11-15 01:42,0.00110000,7021000,3.86,7719,1
2018-11-15 01:42,0.22880000,6970000,797.36,-1595534,0
2018-11-15 01:43,0.05830000,6966000,203.05,-406321,0
2018-11-15 01:43,0.22880000,6979000,798.39,1595996,1
2018-11-15 01:44,0.02374696,6976000,82.82,-165742,0
2018-11-15 01:44,0.00975304,6976000,34.01,-68072,0
2018-11-15 01:45,0.01450000,6957000,50.43,100826,1
2018-11-15 01:45,0.03211928,6957000,111.72,223342,1
2018-11-15 01:45,0.04518072,6957000,157.16,314165,1
2018-11-15 01:45,0.00270000,6967000,9.40,-18821,0
2018-11-15 01:45,0.00762680,6954000,26.51,-53064,0
2018-11-15 01:45,0.15243519,6954000,530.01,-1060565,0
2018-11-15 01:45,0.00933801,6954000,32.46,-64969,0
2018-11-15 01:45,0.01269326,6958000,44.15,-88364,0
2018-11-15 01:45,0.07690674,6958000,267.55,-535385,0
2018-11-15 01:46,1.17320000,6954000,4079.21,-8162512,0
2018-11-15 01:46,0.05000000,6966000,174.15,-348475,0
2018-11-15 01:46,0.03895333,6968000,135.71,-271563,0
2018-11-15 01:46,0.00044667,6968000,1.55,-3114,0
2018-11-15 01:47,1.52430000,6980000,5319.80,10634294,1
2018-11-15 01:48,0.02410000,6957000,83.83,-167748,0
2018-11-15 01:48,0.02410000,6939000,83.61,167146,1
2018-11-15 01:54,0.02838796,6878000,97.62,-195350,0
2018-11-15 01:54,0.23617994,6879000,812.34,-1625495,0
2018-11-15 01:54,0.02023210,6879000,69.58,-139247,0
2018-11-15 01:55,0.02217290,6904000,76.54,153005,1
2018-11-15 01:55,0.01503209,6904000,51.89,103729,1
2018-11-15 01:55,0.03859898,6904000,133.24,266354,1
2018-11-15 01:55,0.05518500,6904000,190.49,380806,1
2018-11-15 01:55,0.14900000,6904000,514.34,1028181,1
2018-11-15 01:55,0.00481103,6904000,16.60,33198,1
2018-11-15 01:55,0.07617321,6930000,263.94,-528145,0
2018-11-15 01:55,0.17900000,6930000,620.23,-1241091,0
2018-11-15 01:55,0.16500994,6928000,571.59,-1143761,0
2018-11-15 01:55,0.03979006,6930000,137.87,-275883,0
2018-11-15 01:56,0.08561350,6905000,295.58,590865,1
2018-11-15 01:56,0.09600000,6905000,331.44,662548,1
2018-11-15 01:56,0.00434467,6905000,14.99,29984,1
2018-11-15 01:56,0.40917411,6911000,1413.90,-2829217,0
2018-11-15 01:56,0.51242589,6912000,1770.94,-3543659,0
2018-11-15 01:56,0.29990000,6906000,1035.55,-2072145,0
2018-11-15 01:57,0.50440000,6908000,1742.19,-3486138,0
2018-11-15 01:58,1.55394662,6914000,5371.99,10738614,1
2018-11-15 01:58,0.07347800,6914000,254.01,507772,1
2018-11-15 01:58,0.32300000,6914000,1116.61,2232105,1
2018-11-15 01:58,0.04947538,6914000,171.03,341901,1
2018-11-15 01:59,0.00056080,6900000,1.93,-3872,0
2018-11-15 02:01,0.83880164,6875000,2883.38,-5769645,0
2018-11-15 02:01,0.43620255,6875000,1499.44,-3000392,0
2018-11-15 02:01,0.72449581,6875000,2490.45,-4983400,0
2018-11-15 02:03,0.04001282,6845000,136.94,273750,1
2018-11-15 02:03,0.00726500,6844000,24.86,49696,1
2018-11-15 02:03,0.01198043,6844000,40.99,81953,1
2018-11-15 02:03,0.00242963,6844000,8.31,16620,1
2018-11-15 02:03,0.02472615,6844000,84.61,169141,1
2018-11-15 02:03,0.02950000,6844000,100.94,201797,1
2018-11-15 02:03,0.10810352,6844000,369.93,739490,1
2018-11-15 02:03,0.00052332,6844000,1.79,3579,1
2018-11-15 02:03,0.00715805,6844000,24.49,48965,1
2018-11-15 02:03,0.00662000,6844000,22.65,45284,1
2018-11-15 02:03,0.00662000,6844000,22.65,45284,1
2018-11-15 02:03,0.00045769,6844000,1.56,3130,1
2018-11-15 02:03,0.00519846,6844000,17.78,35560,1
2018-11-15 02:04,0.02697900,6844000,92.32,184551,1
2018-11-15 02:04,0.00717596,6844000,24.55,49087,1
2018-11-15 02:04,0.00726292,6844000,24.85,49682,1
2018-11-15 02:04,0.10059141,6825000,343.26,686193,1
2018-11-15 02:04,0.23870000,6825000,814.56,1628312,1
2018-11-15 02:04,1.27128377,6825000,4338.25,8672173,1
2018-11-15 02:04,0.00691952,6825000,23.61,47202,1
2018-11-15 02:04,0.09050530,6825000,308.84,617389,1
2018-11-15 02:05,0.00445140,6867000,15.28,-30583,0
2018-11-15 02:05,0.00081278,6867000,2.79,-5585,0
2018-11-15 02:05,0.00900000,6867000,30.90,-61834,0
2018-11-15 02:05,0.00023582,6867000,0.80,-1621,0
2018-11-15 02:05,0.00357054,6878000,12.27,24545,1
2018-11-15 02:06,0.01100000,6852000,37.68,75334,1
2018-11-15 02:06,0.00150000,6830000,5.12,-10251,0
2018-11-15 02:06,1.99850000,6830000,6824.87,-13656580,0
2018-11-15 02:09,0.07326008,6849000,250.87,501507,1
2018-11-15 02:09,1.38885567,6848000,4755.44,9506128,1
2018-11-15 02:09,0.08323087,6848000,284.98,569680,1
2018-11-15 02:09,0.01300000,6848000,44.51,88979,1
2018-11-15 02:09,0.00886676,6848000,30.35,60689,1
2018-11-15 02:09,0.43274670,6848000,1481.72,2961967,1
2018-11-15 02:13,0.03750000,6802000,127.53,-255203,0
2018-11-15 02:14,1.69390000,6799000,5758.41,-11522585,0
2018-11-15 02:17,0.27987578,6846000,958.01,1915071,1
2018-11-15 02:17,0.00175284,6846000,5.99,11993,1
2018-11-15 02:17,1.44977138,6846000,4962.56,9920172,1
2018-11-15 02:24,0.03460000,6867000,118.79,-237717,0
2018-11-15 02:25,0.03460000,6882000,119.05,237998,1
2018-11-15 02:32,0.00002697,6839000,0.09,-185,0
2018-11-15 02:32,0.50000000,6839000,1709.75,-3421210,0
2018-11-15 02:32,0.00508896,6839000,17.40,-34821,0
2018-11-15 02:32,0.04187310,6839000,143.18,-286514,0
2018-11-15 02:32,0.00400000,6839000,13.67,-27370,0
2018-11-15 02:32,0.06581300,6839000,225.04,-450321,0
2018-11-15 02:32,0.31397007,6839000,1073.62,-2148315,0
2018-11-15 02:32,0.13003700,6839000,444.66,-889768,0
2018-11-15 02:32,0.22000000,6839000,752.29,-1505333,0
2018-11-15 02:34,0.71920000,6821000,2452.83,-4908116,0
2018-11-15 02:34,0.50000000,6837000,1709.25,3416790,1
2018-11-15 02:34,0.90000000,6837000,3076.65,6150223,1
2018-11-15 02:34,0.00120000,6837000,4.10,8200,1
2018-11-15 02:34,0.00026225,6837000,0.89,1792,1
2018-11-15 02:34,0.59853775,6837000,2046.10,4090156,1
2018-11-15 02:35,0.13710000,6813000,467.03,-934530,0
2018-11-15 02:36,0.13710000,6796000,465.86,931265,1
2018-11-15 02:39,0.08117400,6783000,275.30,-550879,0
2018-11-15 02:39,0.06842600,6784000,232.10,-464434,0
2018-11-15 02:40,0.00097502,6770000,3.30,6597,1
2018-11-15 02:40,0.00389179,6770000,13.17,26334,1
2018-11-15 02:40,0.00389179,6770000,13.17,26334,1
2018-11-15 02:40,0.01480798,6770000,50.12,100199,1
2018-11-15 02:40,0.00110124,6770000,3.72,7451,1
2018-11-15 02:40,0.00389179,6770000,13.17,26334,1
2018-11-15 02:40,0.00389179,6770000,13.17,26334,1
2018-11-15 02:40,0.00754235,6770000,25.53,51036,1
2018-11-15 02:40,0.01480798,6770000,50.12,100199,1
2018-11-15 02:42,0.00009585,6768000,0.32,-649,0
2018-11-15 02:42,0.16500415,6768000,558.37,-1117307,0
2018-11-15 02:49,0.22883384,6825000,780.89,-1562572,0
2018-11-15 02:49,0.50006616,6826000,1706.72,-3415159,0
2018-11-15 02:50,0.01460000,6819000,49.77,-99608,0
2018-11-15 02:51,0.11594378,6819000,395.31,790225,1
2018-11-15 02:51,0.26224906,6818000,894.00,1787120,1
2018-11-15 02:51,0.13743494,6818000,468.51,936562,1
2018-11-15 02:51,0.10261809,6818000,349.82,699300,1
2018-11-15 02:51,0.00220005,6818000,7.49,14992,1
2018-11-15 02:51,0.10753508,6818000,366.58,732807,1
2018-11-15 02:51,0.27540000,6815000,938.42,1875912,1
2018-11-15 02:58,0.06070000,6788000,206.01,-412238,0
2018-11-15 03:00,0.06070000,6809000,206.65,413099,1
2018-11-15 03:05,0.37162196,6792000,1262.02,-2525319,0
2018-11-15 03:05,0.50000000,6790000,1697.50,-3396698,0
2018-11-15 03:06,0.02305071,6789000,78.24,-156570,0
2018-11-15 03:06,0.03600000,6789000,122.20,-244527,0
2018-11-15 03:06,0.00749090,6789000,25.42,-50882,0
2018-11-15 03:06,0.10042567,6789000,340.89,-682131,0
2018-11-15 03:06,0.13923632,6789000,472.63,-945748,0
2018-11-15 03:10,0.00626886,6764000,21.20,-42424,0
2018-11-15 03:10,0.08152800,6764000,275.72,-551732,0
2018-11-15 03:10,0.00007688,6772000,0.26,-521,0
2018-11-15 03:10,0.00832312,6772000,28.18,-56393,0
2018-11-15 03:21,0.00737349,6798000,25.06,50099,1
2018-11-15 03:21,0.01474698,6798000,50.12,100199,1
2018-11-15 03:21,0.11504100,6798000,391.02,781657,1
2018-11-15 03:21,0.06085319,6798000,206.83,413473,1
2018-11-15 03:21,0.00737349,6798000,25.06,50099,1
2018-11-15 03:21,0.09095286,6798000,309.14,617988,1
2018-11-15 03:25,0.00174000,6818000,5.93,11857,1
2018-11-15 03:25,0.00735294,6817000,25.06,50099,1
2018-11-15 03:25,0.00437000,6817000,14.89,29775,1
2018-11-15 03:25,0.00437000,6817000,14.89,29775,1
2018-11-15 03:25,0.04509755,6817000,153.71,307276,1
2018-11-15 03:25,0.23574368,6817000,803.53,1606261,1
2018-11-15 03:25,0.01832788,6817000,62.47,124878,1
2018-11-15 03:25,0.13141058,6817000,447.91,895378,1
2018-11-15 03:25,0.11383463,6817000,388.00,775622,1
2018-11-15 03:25,0.00146604,6817000,4.99,9988,1
2018-11-15 03:25,0.00691952,6817000,23.58,47146,1
2018-11-15 03:25,0.01383713,6817000,47.16,94280,1
2018-11-15 03:35,0.08230000,6793000,279.53,-559344,0
2018-11-15 03:40,0.23629570,6768000,799.62,-1600049,0
2018-11-15 03:40,0.03890000,6768000,131.63,-263407,0
2018-11-15 03:40,0.06110000,6768000,206.76,-413732,0
2018-11-15 03:40,0.10000000,6768000,338.40,-677139,0
2018-11-15 03:40,0.03310037,6768000,112.01,-224136,0
2018-11-15 03:41,0.02810000,6766000,95.06,-190220,0
2018-11-15 03:43,0.19907625,6768000,673.67,-1348022,0
2018-11-15 03:43,0.68740000,6768000,2326.16,-4654650,0
2018-11-15 03:43,0.00382518,6768000,12.94,-25902,0
2018-11-15 03:46,0.00136857,6768000,4.63,9257,1
2018-11-15 03:46,0.00136857,6768000,4.63,9257,1
2018-11-15 03:46,0.00060537,6768000,2.04,4095,1
2018-11-15 03:46,0.00440000,6768000,14.88,29764,1
2018-11-15 03:46,0.00440000,6768000,14.88,29764,1
2018-11-15 03:46,0.00440000,6768000,14.88,29764,1
2018-11-15 03:46,0.00511859,6768000,17.32,34625,1
2018-11-15 03:46,0.00717740,6768000,24.28,48552,1
2018-11-15 03:46,0.00511859,6768000,17.32,34625,1
2018-11-15 03:46,0.00440000,6768000,14.88,29764,1
2018-11-15 03:46,0.00440000,6768000,14.88,29764,1
2018-11-15 03:50,0.10000000,6736000,336.80,673263,1
2018-11-15 03:54,0.48343402,6723000,1625.06,3248501,1
2018-11-15 03:54,0.04462293,6723000,149.99,299849,1
2018-11-15 03:54,0.05651925,6723000,189.98,379788,1
2018-11-15 03:54,0.11477100,6723000,385.80,771219,1
2018-11-15 03:54,0.00736404,6723000,24.75,49483,1
2018-11-15 03:54,0.00240371,6723000,8.08,16152,1
2018-11-15 03:54,0.16397370,6723000,551.19,1101843,1
2018-11-15 03:54,0.00240371,6723000,8.08,16152,1
2018-11-15 03:54,0.00240371,6723000,8.08,16152,1
2018-11-15 03:54,0.00257784,6723000,8.66,17322,1
2018-11-15 03:54,0.10000000,6723000,336.15,671963,1
2018-11-15 03:54,0.00194950,6723000,6.55,13099,1
2018-11-15 03:56,0.38710000,6726000,1301.81,-2604937,0
2018-11-15 03:56,0.20993101,6726000,705.99,-1412702,0
2018-11-15 03:56,0.07106899,6726000,239.00,-478249,0
2018-11-15 04:01,0.12440000,6701000,416.80,-834022,0
2018-11-15 04:02,0.38007501,6718000,1276.67,2552067,1
2018-11-15 04:02,0.20230833,6718000,679.55,1358427,1
2018-11-15 04:02,0.01567317,6718000,52.64,105239,1
2018-11-15 04:03,0.50494098,6718000,1696.09,3390497,1
2018-11-15 04:03,0.07900000,6718000,265.36,530456,1
2018-11-15 04:08,0.34870000,6741000,1175.29,2349411,1
2018-11-15 04:09,0.00640000,6749000,21.59,-43216,0
2018-11-15 04:10,0.01480000,6751000,49.95,-99965,0
2018-11-15 04:11,0.00771128,6752000,26.03,-52093,0
2018-11-15 04:11,0.00741390,6752000,25.02,-50084,0
2018-11-15 04:11,0.01447482,6752000,48.86,-97783,0
2018-11-15 04:11,0.00741949,6752000,25.04,-50122,0
2018-11-15 04:11,0.00499095,6752000,16.84,-33716,0
2018-11-15 04:11,0.00452588,6752000,15.27,-30574,0
2018-11-15 04:11,0.02006368,6752000,67.73,-135538,0
2018-11-15 04:12,0.08780000,6764000,296.93,593582,1
2018-11-15 04:18,0.10144630,6720000,340.85,-682060,0
2018-11-15 04:18,0.00114030,6720000,3.83,-7667,0
2018-11-15 04:18,0.01881340,6720000,63.21,-126490,0
2018-11-15 04:19,0.03095639,6700000,103.70,-207512,0
2018-11-15 04:21,0.00691952,6714000,23.22,46434,1
2018-11-15 04:23,0.02825526,6698000,94.62,-189349,0
2018-11-15 04:24,0.03950000,6685000,132.02,-264190,0
2018-11-15 04:26,0.98730000,6682000,3298.56,-6600438,0
2018-11-15 04:27,0.31805610,6682000,1062.62,2124188,1
2018-11-15 04:27,0.00600000,6682000,20.04,40071,1
2018-11-15 04:27,0.00400000,6682000,13.36,26714,1
2018-11-15 04:27,0.02823800,6682000,94.34,188591,1
2018-11-15 04:27,0.00507605,6682000,16.95,33901,1
2018-11-15 04:27,0.08460000,6682000,282.64,565014,1
2018-11-15 04:27,0.20000000,6682000,668.20,1335731,1
2018-11-15 04:27,0.00200000,6682000,6.68,13357,1
2018-11-15 04:27,1.44750000,6674000,4830.30,-9665446,0
2018-11-15 04:31,0.24920367,6649000,828.47,1656126,1
2018-11-15 04:31,0.00303356,6649000,10.08,20160,1
2018-11-15 04:31,0.16186690,6649000,538.12,1075714,1
2018-11-15 04:31,1.26000000,6649000,4188.87,8373551,1
2018-11-15 04:31,0.32589587,6649000,1083.44,2165798,1
2018-11-15 04:33,0.63102721,6637000,2094.06,-4190222,0
2018-11-15 04:34,0.05071011,6625000,167.97,-336123,0
2018-11-15 04:34,0.50000000,6625000,1656.25,-3314157,0
2018-11-15 04:34,0.49998989,6625000,1656.21,-3314090,0
2018-11-15 04:34,0.02894818,6619000,95.80,191512,1
2018-11-15 04:34,0.00742264,6619000,24.56,49105,1
2018-11-15 04:34,0.00757175,6619000,25.05,50092,1
2018-11-15 04:34,0.00549949,6619000,18.20,36382,1
2018-11-15 04:40,0.20000000,6615000,661.50,1322338,1
2018-11-15 04:40,0.10000000,6615000,330.75,661169,1
2018-11-15 04:40,0.20000000,6615000,661.50,1322338,1
2018-11-15 04:40,0.18341000,6614000,606.53,1212467,1
2018-11-15 04:40,0.26843000,6614000,887.69,1774508,1
2018-11-15 04:40,0.30027000,6614000,992.99,1984992,1
2018-11-15 04:40,0.20000000,6614000,661.40,1322138,1
2018-11-15 04:40,0.10000000,6614000,330.70,661069,1
2018-11-15 04:40,0.08019000,6614000,265.18,530111,1
2018-11-15 04:40,2.00000000,6618000,6618.00,-13242618,0
2018-11-15 04:41,0.08664543,6675000,289.17,578069,1
2018-11-15 04:41,0.33897144,6675000,1131.31,2261503,1
2018-11-15 04:41,1.04652338,6675000,3492.77,6982050,1
2018-11-15 04:41,0.20000000,6675000,667.50,1334332,1
2018-11-15 04:44,0.00889418,6693000,29.76,59498,1
2018-11-15 04:44,0.00500000,6693000,16.73,33448,1
2018-11-15 04:44,0.01918155,6693000,64.19,128317,1
2018-11-15 04:44,0.00034300,6662000,1.14,-2287,0
2018-11-15 04:44,0.06565700,6662000,218.70,-437626,0
2018-11-15 04:45,0.00000229,6678000,0,15,1
2018-11-15 04:45,0.00744261,6678000,24.85,49676,1
2018-11-15 04:45,0.07634555,6678000,254.91,509580,1
2018-11-15 04:45,0.00744261,6678000,24.85,49676,1
2018-11-15 04:50,0.00008836,6667000,0.29,-590,0
2018-11-15 04:50,0.31841164,6667000,1061.42,-2123912,0
2018-11-15 04:51,0.00910000,6667000,30.33,-60700,0
2018-11-15 04:51,0.00006207,6667000,0.20,-414,0
2018-11-15 04:51,0.50000000,6667000,1666.75,-3335167,0
2018-11-15 04:52,0.01000000,6667000,33.33,-66704,0
2018-11-15 04:52,0.89280000,6667000,2976.14,-5955274,0
2018-11-15 04:54,0.00049863,6687000,1.66,3332,1
2018-11-15 04:54,0.25778298,6687000,861.89,1722932,1
2018-11-15 04:59,0.40425947,6708000,1355.88,2710416,1
2018-11-15 04:59,0.01831500,6708000,61.42,122795,1
2018-11-15 04:59,1.31912553,6708000,4424.34,8844269,1
2018-11-15 05:05,0.59782268,6666000,1992.54,-3987079,0
2018-11-15 05:05,0.00450000,6666000,14.99,-30012,0
2018-11-15 05:05,0.00450000,6666000,14.99,-30012,0
2018-11-15 05:05,0.02057732,6666000,68.58,-137237,0
2018-11-15 05:11,0.00075256,6640000,2.49,4994,1
2018-11-15 05:12,1.37340000,6622000,4547.32,-9099203,0
2018-11-15 05:18,0.01648536,6639000,54.72,109391,1
2018-11-15 05:18,0.07800000,6639000,258.92,517583,1
2018-11-15 05:18,0.00294197,6639000,9.76,19521,1
2018-11-15 05:19,0.07100620,6636000,235.59,470961,1
2018-11-15 05:19,0.86018144,6636000,2854.08,5705309,1
2018-11-15 05:19,0.07700000,6636000,255.48,510716,1
2018-11-15 05:19,0.07547206,6636000,250.41,500582,1
2018-11-15 05:26,0.01054225,6601000,34.79,69554,1
2018-11-15 05:26,0.01000000,6601000,33.00,65976,1
2018-11-15 05:26,0.02986700,6601000,98.57,197053,1
2018-11-15 05:27,0.50473550,6589000,1662.85,3324039,1
2018-11-15 05:30,0.00005792,6570000,0.19,-381,0
2018-11-15 05:30,0.02554208,6570000,83.90,-167896,0
2018-11-15 05:30,0.08725167,6570000,286.62,-573530,0
2018-11-15 05:30,0.01274833,6570000,41.87,-83799,0
2018-11-15 05:31,0.38940000,6560000,1277.23,2553186,1
2018-11-15 05:32,0.50000000,6553000,1638.25,-3278139,0
2018-11-15 05:32,0.49100000,6564000,1611.46,-3224536,0
2018-11-15 05:33,0.04353130,6547000,142.49,-285142,0
2018-11-15 05:33,0.12986870,6547000,425.12,-850676,0
2018-11-15 05:33,0.08263100,6546000,270.45,-541173,0
2018-11-15 05:33,0.00400000,6546000,13.09,-26197,0
2018-11-15 05:33,0.10038813,6545000,328.52,-657369,0
2018-11-15 05:33,0.19000000,6546000,621.87,-1244362,0
2018-11-15 05:33,0.00482500,6546000,15.79,-31601,0
2018-11-15 05:33,0.10315587,6546000,337.62,-675596,0
2018-11-15 05:33,0.00456000,6533000,14.89,29775,1
2018-11-15 05:33,0.00841000,6533000,27.47,54915,1
2018-11-15 05:33,0.00456000,6528000,14.88,29752,1
2018-11-15 05:33,0.00456000,6528000,14.88,29752,1
2018-11-15 05:33,0.00456000,6528000,14.88,29752,1
2018-11-15 05:33,0.00456000,6528000,14.88,29752,1
2018-11-15 05:33,0.00456000,6528000,14.88,29752,1
2018-11-15 05:33,0.00456000,6528000,14.88,29752,1
2018-11-15 05:38,0.08348552,6567000,274.12,547975,1
2018-11-15 05:38,0.14697400,6567000,482.58,964695,1
2018-11-15 05:38,0.09650108,6567000,316.86,633405,1
2018-11-15 05:38,0.13669400,6567000,448.83,897220,1
2018-11-15 05:38,0.07852989,6567000,257.85,515447,1
2018-11-15 05:39,0.00209287,6574000,6.87,13751,1
2018-11-15 05:39,0.26589225,6574000,873.98,1747101,1
2018-11-15 05:39,0.10000000,6574000,328.70,657071,1
2018-11-15 05:40,0.04460000,6580000,146.73,-293615,0
2018-11-15 05:41,0.44533470,6584000,1466.04,-2933550,0
2018-11-15 05:41,0.00166530,6584000,5.48,-10970,0
2018-11-15 05:41,0.53980000,6587000,1777.83,-3557441,0
2018-11-15 05:44,0.01094714,6606000,36.15,72280,1
2018-11-15 05:44,0.02209480,6606000,72.97,145885,1
2018-11-15 05:47,0.00933909,6580000,30.72,61420,1
2018-11-15 05:47,0.04930000,6580000,162.19,324231,1
2018-11-15 05:47,0.04930000,6580000,162.19,324231,1
2018-11-15 05:47,0.04930000,6580000,162.19,324231,1
2018-11-15 05:47,0.00575680,6580000,18.93,37860,1
2018-11-15 05:47,0.04930000,6580000,162.19,324231,1
2018-11-15 05:47,0.50000000,6580000,1645.00,3288355,1
2018-11-15 05:47,0.50000000,6580000,1645.00,3288355,1
2018-11-15 05:47,0.46000360,6580000,1513.41,3025310,1
2018-11-15 05:47,0.01960000,6580000,64.48,128903,1
2018-11-15 05:47,0.00540051,6580000,17.76,35517,1
2018-11-15 05:47,0.06260000,6562000,205.39,-410987,0
2018-11-15 05:48,0.00024685,6573000,0.81,1621,1
2018-11-15 05:48,0.06235315,6573000,204.92,409642,1
2018-11-15 05:53,0.06000000,6561000,196.83,-393857,0
2018-11-15 05:56,0.06000000,6585000,197.55,394902,1
2018-11-15 06:03,0.00179975,6565000,5.90,-11822,0
2018-11-15 06:04,0.26740025,6565000,877.74,-1756361,0
2018-11-15 06:04,0.87651659,6565000,2877.16,-5757209,0
2018-11-15 06:04,0.33337447,6565000,1094.30,-2189698,0
2018-11-15 06:04,0.06767292,6567000,222.20,-444631,0
2018-11-15 06:04,0.01182708,6567000,38.83,-77708,0
2018-11-15 06:14,0.00663915,6601000,21.91,43803,1
2018-11-15 06:14,0.33280451,6601000,1098.42,2195744,1
2018-11-15 06:14,0.19946325,6601000,658.32,1315998,1
2018-11-15 06:14,0.04216618,6601000,139.16,278199,1
2018-11-15 06:14,0.00250630,6601000,8.27,16535,1
2018-11-15 06:14,0.00684710,6601000,22.59,45175,1
2018-11-15 06:14,0.01280000,6601000,42.24,84450,1
2018-11-15 06:14,0.00684710,6601000,22.59,45175,1
2018-11-15 06:14,0.10284222,6619000,340.35,-681053,0
2018-11-15 06:14,0.30295778,6619000,1002.63,-2006281,0
2018-11-15 06:14,0.00067944,6627000,2.25,-4505,0
2018-11-15 06:14,0.00382056,6627000,12.65,-25332,0
2018-11-15 06:15,0.06961938,6618000,230.37,-460972,0
2018-11-15 06:15,0.01058062,6618000,35.01,-70058,0
2018-11-15 06:15,0.00350000,6620000,11.58,-23182,0
2018-11-15 06:16,0.16620000,6618000,549.95,-1100462,0
2018-11-15 06:18,0.00154000,6612000,5.09,10177,1
2018-11-15 06:18,0.00451000,6612000,14.91,29805,1
2018-11-15 06:18,0.00451000,6612000,14.91,29805,1
2018-11-15 06:18,0.00451000,6612000,14.91,29805,1
2018-11-15 06:18,0.00451000,6612000,14.91,29805,1
2018-11-15 06:18,0.00451000,6612000,14.91,29805,1
2018-11-15 06:18,0.00451000,6612000,14.91,29805,1
2018-11-15 06:18,0.00451000,6612000,14.91,29805,1
2018-11-15 06:18,0.00451000,6612000,14.91,29805,1
2018-11-15 06:18,0.00451000,6612000,14.91,29805,1
2018-11-15 06:18,0.00451000,6612000,14.91,29805,1
2018-11-15 06:18,0.00451000,6612000,14.91,29805,1
2018-11-15 06:18,0.00451000,6612000,14.91,29805,1
2018-11-15 06:18,0.00100000,6612000,3.30,6608,1
2018-11-15 06:18,0.00451000,6612000,14.91,29805,1
2018-11-15 06:18,0.00451000,6612000,14.91,29805,1
2018-11-15 06:21,0.00448000,6653000,14.90,29790,1
2018-11-15 06:23,0.03858312,6666000,128.59,257066,1
2018-11-15 06:23,0.30000000,6666000,999.90,1998800,1
2018-11-15 06:23,1.19991688,6666000,3999.32,7994646,1
2018-11-15 06:24,0.00000562,6651000,0.01,-38,0
2018-11-15 06:24,0.01419438,6651000,47.20,-94454,0
2018-11-15 06:24,0.01420000,6665000,47.32,94595,1
2018-11-15 06:25,0.00004336,6646000,0.14,-289,0
2018-11-15 06:25,0.00307703,6646000,10.22,-20461,0
2018-11-15 06:25,0.08087961,6646000,268.76,-537795,0
2018-11-15 06:25,0.13281229,6646000,441.33,-883112,0
2018-11-15 06:25,1.06493874,6646000,3538.79,-7081122,0
2018-11-15 06:26,0.00082468,6646000,2.74,-5484,0
2018-11-15 06:29,0.01070072,6678000,35.72,71423,1
2018-11-15 06:29,0.05000000,6678000,166.95,333733,1
2018-11-15 06:29,0.31900000,6678000,1065.14,2129216,1
2018-11-15 06:30,0.05509294,6675000,183.87,367561,1
2018-11-15 06:30,0.02835406,6675000,94.63,189168,1
2018-11-15 06:30,0.02370074,6675000,79.10,158123,1
2018-11-15 06:31,0.00447000,6668000,14.90,29791,1
2018-11-15 06:31,0.00252000,6668000,8.40,16794,1
2018-11-15 06:32,0.03539282,6665000,117.94,235775,1
2018-11-15 06:32,0.10000000,6665000,333.25,666166,1
2018-11-15 06:32,0.22494379,6665000,749.62,1498500,1
2018-11-15 06:40,0.23871647,6679000,797.19,1593590,1
2018-11-15 06:40,0.02994789,6679000,100.01,199921,1
2018-11-15 06:40,0.06643738,6679000,221.86,443513,1
2018-11-15 06:40,0.09329826,6679000,311.56,622827,1
2018-11-15 06:43,0.00068202,6695000,2.28,-4569,0
2018-11-15 06:43,0.00747665,6695000,25.02,-50082,0
2018-11-15 06:43,0.00448000,6695000,14.99,-30009,0
2018-11-15 06:43,0.01096133,6695000,36.69,-73423,0
2018-11-15 06:44,0.00443000,6719000,14.88,29750,1
2018-11-15 06:46,0.01920000,6706000,64.37,128690,1
2018-11-15 06:49,0.00002287,6672000,0.07,-153,0
2018-11-15 06:49,0.00190000,6682000,6.34,-12703,0
2018-11-15 06:49,0.00187924,6679000,6.27,-12558,0
2018-11-15 06:49,0.00052076,6679000,1.73,-3480,0
2018-11-15 06:50,0.00430000,6698000,14.40,28786,1
2018-11-15 07:07,0.72100000,6634000,2391.55,-4785506,0
2018-11-15 07:08,0.14740367,6641000,489.45,978418,1
2018-11-15 07:08,0.55689960,6641000,1849.18,3696521,1
2018-11-15 07:11,0.01670000,6656000,55.57,111099,1
2018-11-15 07:45,0.20067212,6662000,668.43,-1337547,0
2018-11-15 07:45,0.01171969,6662000,39.03,-78116,0
2018-11-15 07:45,0.06039708,6662000,201.18,-402567,0
2018-11-15 07:45,0.01982612,6662000,66.04,-132148,0
2018-11-15 07:47,0.05569669,6669000,185.72,371255,1
2018-11-15 07:47,0.07503755,6669000,250.21,500175,1
2018-11-15 08:16,0.11799354,6695000,394.98,789571,1
2018-11-15 08:17,0.19530197,6688000,653.08,-1306833,0
2018-11-15 08:17,0.52420000,6688000,1752.92,-3507603,0
2018-11-15 08:25,0.00100000,6715000,3.35,-6719,0
2018-11-15 08:25,0.00100000,6715000,3.35,-6719,0
2018-11-15 08:25,0.00817956,6714000,27.45,-54945,0
2018-11-15 08:25,0.09490000,6717000,318.72,-637762,0
2018-11-15 08:26,0.00140000,6731000,4.71,-9429,0
2018-11-15 08:29,0.43679976,6750000,1474.19,2946924,1
2018-11-15 08:29,0.04441565,6750000,149.90,299655,1
2018-11-15 08:29,0.38868459,6750000,1311.81,2622309,1
2018-11-15 08:32,0.08770000,6705000,294.01,-588323,0
2018-11-15 08:33,0.00003536,6695000,0.11,-237,0
2018-11-15 08:38,0.08770000,6693000,293.48,586682,1
2018-11-15 08:42,0.00470000,6700000,15.74,-31506,0
2018-11-15 08:42,0.00200000,6724000,6.72,-13455,0
2018-11-15 08:51,0.00240000,6734000,8.08,-16170,0
2018-11-15 08:51,0.05180000,6738000,174.51,-349203,0
2018-11-15 08:52,0.06090000,6748000,205.47,410747,1
2018-11-15 08:56,0.00170000,6759000,5.74,-11496,0
2018-11-15 08:58,0.00170000,6774000,5.75,11510,1
2018-11-15 08:58,2.00000000,6776000,6776.00,-13558776,0
2018-11-15 09:02,0.04164745,6784000,141.26,282395,1
2018-11-15 09:02,0.02186152,6784000,74.15,148234,1
2018-11-15 09:09,0.02418050,6757000,81.69,163305,1
2018-11-15 09:48,0.01792906,6803000,60.98,121910,1
2018-11-15 09:48,0.00293841,6803000,9.99,19980,1
2018-11-15 09:48,0.02405763,6803000,81.83,163582,1
2018-11-15 09:48,0.00967361,6803000,32.90,65776,1
2018-11-15 09:48,0.00412751,6803000,14.03,28065,1
2018-11-15 09:48,0.10442708,6803000,355.20,710062,1
2018-11-15 09:48,0.00736591,6803000,25.05,50085,1
2018-11-15 09:48,0.06479328,6803000,220.39,440568,1
2018-11-15 09:48,0.02004672,6803000,68.18,136309,1
2018-11-15 09:48,0.21124891,6803000,718.56,1436407,1
2018-11-15 09:48,0.55430000,6800000,1884.62,-3771125,0
2018-11-15 09:55,0.20000000,6789000,678.90,1357121,1
2018-11-15 09:55,0.00567693,6789000,19.27,38521,1
2018-11-15 09:59,0.03762590,6770000,127.36,254599,1
2018-11-15 09:59,0.50000000,6770000,1692.50,3383307,1
2018-11-15 10:00,0.00192269,6768000,6.50,-13020,0
2018-11-15 10:00,0.01097731,6768000,37.14,-74332,0
2018-11-15 10:06,0.00160000,6739000,5.39,-10788,0
2018-11-15 10:07,0.00114946,6740000,3.87,-7752,0
2018-11-15 10:07,0.01924328,6740000,64.84,-129765,0
2018-11-15 10:07,0.05640726,6740000,190.09,-380375,0
2018-11-15 10:07,0.00842081,6750000,28.42,56812,1
2018-11-15 10:09,0.02659743,6751000,89.77,179469,1
2018-11-15 10:09,0.00054018,6751000,1.82,3644,1
2018-11-15 10:09,0.03847861,6751000,129.88,259639,1
2018-11-15 10:09,0.03059838,6751000,103.28,206466,1
2018-11-15 10:09,0.01145867,6751000,38.67,77318,1
2018-11-15 10:17,0.01000000,6744000,33.72,67406,1
2018-11-15 10:17,0.01702796,6744000,57.41,114779,1
2018-11-15 10:17,1.16551400,6744000,3930.11,7856296,1
2018-11-15 10:17,0.03935804,6744000,132.71,265297,1
2018-11-15 10:18,0.07850000,6742000,264.62,-529512,0
2018-11-15 10:19,0.07850000,6749000,264.89,529531,1
2018-11-15 10:33,0.00720000,6746000,24.28,-48596,0
2018-11-15 10:47,0.00020000,6737000,0.67,1346,1
2018-11-15 10:47,0.00700000,6737000,23.57,47135,1
2018-11-15 11:02,0.00000487,6652000,0.01,-33,0
2018-11-15 11:03,0.00909513,6652000,30.25,-60531,0
2018-11-15 11:09,0.00910000,6625000,30.14,60257,1
2018-11-15 11:10,0.00038563,6615000,1.27,-2553,0
2018-11-15 11:10,0.01142835,6615000,37.79,-75637,0
2018-11-15 11:10,0.02248602,6615000,74.37,-148820,0
2018-11-15 11:13,0.03430000,6610000,113.36,226609,1
2018-11-15 11:26,0.00370000,6611000,12.23,-24473,0
2018-11-15 11:26,0.01092275,6611000,36.10,-72247,0
2018-11-15 11:26,0.00083463,6611000,2.75,-5521,0
2018-11-15 11:26,0.04464262,6611000,147.56,-295280,0
2018-11-15 11:34,0.05000000,6569000,164.22,328285,1
2018-11-15 11:34,0.01010000,6569000,33.17,66313,1
2018-11-15 11:34,0.26356156,6575000,866.45,-1733784,0
2018-11-15 11:34,0.54273844,6575000,1784.25,-3570290,0
2018-11-15 11:38,0.00756058,6549000,24.75,49489,1
2018-11-15 11:38,0.01000000,6549000,32.74,65457,1
2018-11-15 11:38,0.00764602,6549000,25.03,50048,1
2018-11-15 11:38,0.00100000,6549000,3.27,6545,1
2018-11-15 11:38,0.70000000,6547000,2291.45,4580608,1
2018-11-15 11:38,0.08010000,6547000,262.20,524152,1
2018-11-15 11:52,0.40341612,6505000,1312.11,-2625534,0
2018-11-15 11:53,0.05058308,6500000,164.39,328625,1
2018-11-15 11:53,0.01500000,6500000,48.75,97451,1
2018-11-15 11:53,0.00370991,6500000,12.05,24102,1
2018-11-15 11:53,0.10000000,6500000,325.00,649675,1
2018-11-15 11:53,0.00311382,6500000,10.11,20229,1
2018-11-15 11:53,0.23099319,6500000,750.72,1500705,1
2018-11-15 11:56,0.00770000,6476000,24.93,-49891,0
2018-11-15 11:57,0.03080000,6500000,100.10,-200301,0
2018-11-15 11:58,0.00066376,6522000,2.16,-4332,0
2018-11-15 11:58,0.00093624,6522000,3.05,-6110,0
2018-11-15 11:59,0.00015592,6506000,0.50,-1015,0
2018-11-15 11:59,0.05344408,6506000,173.85,-347881,0
2018-11-15 11:59,0.00450000,6520000,14.67,-29355,0
2018-11-15 11:59,0.01390000,6527000,45.36,-90771,0
2018-11-15 11:59,0.03405848,6521000,111.04,-222207,0
2018-11-15 11:59,0.04604152,6521000,150.11,-300387,0
2018-11-15 12:01,0.25570000,6539000,836.01,-1672859,0
2018-11-15 12:06,0.02430000,6572000,79.84,-159780,0
2018-11-15 12:10,0.41086622,6577000,1351.13,2700915,1
2018-11-15 12:10,0.02450000,6577000,80.56,161055,1
2018-11-15 12:10,0.03683378,6577000,121.12,242134,1
2018-11-15 12:13,0.00645906,6542000,21.12,-42277,0
2018-11-15 12:13,0.00104094,6542000,3.40,-6814,0
2018-11-15 12:14,1.09237241,6542000,3573.15,-7149874,0
2018-11-15 12:15,0.00048457,6555000,1.58,3174,1
2018-11-15 12:15,0.01000000,6555000,32.77,65517,1
2018-11-15 12:20,0.00257310,6565000,8.44,16883,1
2018-11-15 12:21,0.00178219,6569000,5.85,11701,1
2018-11-15 12:27,0.00007417,6545000,0.24,-486,0
2018-11-15 12:27,0.00122583,6545000,4.01,-8027,0
2018-11-15 12:29,0.00009430,6544000,0.30,-618,0
2018-11-15 12:29,0.04660000,6545000,152.49,-305150,0
2018-11-15 12:30,0.01383713,6555000,45.35,90657,1
2018-11-15 12:35,0.70779856,6550000,2318.04,4633762,1
2018-11-15 12:35,0.02759078,6550000,90.35,180629,1
2018-11-15 12:40,0.00061922,6542000,2.02,4048,1
2018-11-15 12:40,0.04000000,6542000,130.84,261549,1
2018-11-15 12:41,0.00020286,6526000,0.66,-1325,0
2018-11-15 12:41,0.00200000,6526000,6.52,-13059,0
2018-11-15 12:41,1.32505097,6521000,4320.32,-8644978,0
2018-11-15 12:41,0.04994903,6521000,162.85,-325881,0
2018-11-15 13:07,0.00318088,6519000,10.36,20725,1
2018-11-15 13:08,0.07037375,6493000,228.46,456708,1
2018-11-15 13:08,0.02717229,6493000,88.21,176341,1
2018-11-15 13:08,0.00153015,6484000,4.96,9916,1
2018-11-15 13:08,0.01320687,6484000,42.81,85590,1
2018-11-15 13:08,0.00500000,6484000,16.21,32403,1
2018-11-15 13:08,0.26470000,6484000,858.15,1715456,1
2018-11-15 13:08,0.00100000,6484000,3.24,6480,1
2018-11-15 13:09,0.58652394,6475000,1898.87,-3799642,0
2018-11-15 13:09,0.03177606,6475000,102.87,-205853,0
2018-11-15 13:10,0.87338263,6460000,2821.02,5639230,1
2018-11-15 13:10,0.02370620,6460000,76.57,153065,1
2018-11-15 13:10,0.04000000,6460000,129.20,258270,1
2018-11-15 13:19,0.01719507,6443000,55.39,110732,1
2018-11-15 13:19,0.05600000,6443000,180.40,360627,1
2018-11-15 13:22,0.76470912,6439000,2461.98,-4926424,0
2018-11-15 13:22,0.29299088,6439000,943.28,-1887512,0
2018-11-15 13:36,1.54357301,6512000,5025.87,10046721,1
2018-11-15 13:36,0.02334052,6512000,75.99,151917,1
2018-11-15 13:36,0.14180496,6512000,461.71,922972,1
2018-11-15 13:36,0.08000000,6512000,260.48,520699,1
2018-11-15 13:36,0.21128151,6512000,687.93,1375177,1
2018-11-15 13:41,2.00000000,6500000,6500.00,-13006500,0
2018-11-15 13:45,0.00080545,6482000,2.61,5218,1
2018-11-15 13:45,0.53557000,6482000,1735.78,3469828,1
2018-11-15 13:45,1.46362455,6482000,4743.60,9482470,1
2018-11-15 13:48,0.00320000,6492000,10.38,-20785,0
2018-11-15 13:49,1.84475699,6492000,5988.08,-11982151,0
2018-11-15 13:49,0.00789932,6492000,25.64,-51308,0
2018-11-15 13:51,0.00038658,6486000,1.25,2506,1
2018-11-15 13:51,0.08715517,6486000,282.64,565005,1
2018-11-15 13:51,0.00653448,6486000,21.19,42361,1
2018-11-15 14:00,0.60157205,6520000,1961.12,3920288,1
2018-11-15 14:00,0.69671268,6520000,2271.28,4540295,1
2018-11-15 14:00,0.46351527,6520000,1511.05,3020608,1
2018-11-15 14:19,0.34900000,6520000,1137.74,-2276618,0
2018-11-15 14:19,0.17469743,6520000,569.51,-1139597,0
2018-11-15 14:19,0.01816178,6520000,59.20,-118474,0
2018-11-15 14:20,0.00052112,6522000,1.69,3397,1
2018-11-15 14:20,0.54127888,6522000,1765.11,3528455,1
2018-11-15 14:28,0.32086615,6506000,1043.77,-2088599,0
2018-11-15 14:28,0.17913385,6506000,582.72,-1166028,0
2018-11-15 14:35,1.37952841,6510000,4490.36,-8985221,0
2018-11-15 15:03,0.01759430,6563000,57.73,115413,1
2018-11-15 15:04,0.05664984,6562000,185.86,371550,1
2018-11-15 15:04,0.09139715,6562000,299.87,599448,1
2018-11-15 15:04,0.00800000,6562000,26.24,52469,1
2018-11-15 15:04,0.20592232,6562000,675.63,1350586,1
2018-11-15 15:04,0.00198578,6562000,6.51,13024,1
2018-11-15 15:04,0.09925844,6562000,325.66,651008,1
2018-11-15 15:04,0.02431412,6562000,79.77,159469,1
2018-11-15 15:04,0.25995271,6562000,852.90,1704956,1
2018-11-15 16:12,0.32738421,6562000,1074.14,2147221,1
2018-11-15 16:12,0.22012800,6562000,722.23,1443757,1
2018-11-15 16:12,0.02940000,6562000,96.46,192826,1
2018-11-15 16:12,0.18300000,6562000,600.42,1200245,1
2018-11-15 16:12,0.00270000,6562000,8.85,17708,1
2018-11-15 16:12,0.14808900,6562000,485.88,971274,1
2018-11-15 16:12,0.20371843,6562000,668.40,1336131,1
2018-11-15 16:13,0.16000000,6572000,525.76,-1052046,0
2018-11-15 16:14,0.00980000,6565000,32.16,-64370,0
2018-11-15 16:15,0.13303400,6589000,438.28,876122,1
2018-11-15 16:15,0.00250630,6589000,8.25,16505,1
2018-11-15 16:15,0.03425970,6589000,112.86,225624,1
2018-11-15 16:16,0.14740883,6590000,485.71,-971910,0
2018-11-15 16:16,0.21700000,6590000,715.01,-1430745,0
2018-11-15 16:16,0.00911629,6590000,30.03,-60107,0
2018-11-15 16:16,0.07223823,6597000,238.27,476317,1
2018-11-15 16:16,0.00755141,6597000,24.90,49791,1
2018-11-15 16:16,0.29380000,6596000,968.95,1936935,1
2018-11-15 16:28,0.11622493,6609000,384.06,-768515,0
2018-11-15 16:28,0.56257507,6609000,1859.02,-3719918,0
2018-11-15 16:30,0.67880000,6625000,2248.52,4494801,1
2018-11-15 16:52,0.00910000,6582000,29.94,-59927,0
2018-11-15 16:58,0.79320838,6580000,2609.65,-5221921,0
2018-11-15 16:58,1.19769162,6580000,3940.40,-7884752,0
2018-11-15 17:03,0.94159832,6598000,3106.33,6209559,1
2018-11-15 17:05,0.85507790,6595000,2819.61,5636419,1
2018-11-15 17:05,0.20332210,6595000,670.45,1340238,1
2018-11-15 17:59,0.01000000,6553000,32.76,-65563,0
2018-11-15 17:59,0.00009764,6556000,0.32,-641,0
2018-11-15 17:59,0.01190236,6556000,39.01,-78071,0
2018-11-15 17:59,0.00001794,6551000,0.05,-118,0
2018-11-15 17:59,0.04548206,6551000,148.97,-298102,0
2018-11-15 18:11,0.01300000,6563000,42.65,85276,1
2018-11-15 18:11,0.05000000,6563000,164.07,327985,1
2018-11-15 18:11,0.00450000,6563000,14.76,29518,1
2018-11-15 18:20,0.10000000,6585000,329.25,-658830,0
2018-11-15 18:21,0.10000000,6589000,329.45,658570,1
2018-11-15 18:43,0.00008356,6570000,0.27,-550,0
2018-11-15 18:43,0.00961644,6570000,31.59,-63212,0
2018-11-15 18:44,0.80280000,6571000,2637.59,-5277837,0
2018-11-15 19:04,0.81250000,6585000,2675.15,5347637,1
2018-11-15 19:06,0.24983916,6572000,820.97,-1642764,0
2018-11-15 19:06,0.10036084,6572000,329.78,-659902,0
2018-11-15 19:07,0.15461451,6565000,507.52,1014536,1
2018-11-15 19:07,0.04551813,6565000,149.41,298677,1
2018-11-15 19:07,0.00150000,6565000,4.92,9842,1
2018-11-15 19:07,0.11507909,6565000,377.74,755116,1
2018-11-15 19:10,0.03350000,6531000,109.39,218679,1
2018-11-15 19:13,0.00153731,6486000,4.98,-9976,0
2018-11-15 19:13,0.03800000,6486000,123.23,-246592,0
2018-11-15 19:14,0.26916786,6489000,873.31,-1747504,0
2018-11-15 19:14,0.28240000,6487000,915.96,-1832845,0
2018-11-15 19:14,0.41810000,6480000,1354.64,-2710643,0
2018-11-15 19:15,0.17114181,6409000,548.42,1096299,1
2018-11-15 19:15,0.01102600,6409000,35.33,70630,1
2018-11-15 19:15,0.82703219,6409000,2650.22,5297799,1
2018-11-15 19:17,0.00630000,6417000,20.21,-40448,0
2018-11-15 19:17,1.16280000,6422000,3733.75,-7471236,0
2018-11-15 19:17,0.02490000,6421000,79.94,-159963,0
2018-11-15 19:17,0.00830000,6424000,26.65,-53346,0
2018-11-15 19:19,1.20230000,6473000,3891.24,7778596,1
2018-11-15 19:23,0.24883479,6415000,798.13,-1597074,0
2018-11-15 19:23,0.00036521,6415000,1.17,-2344,0
2018-11-15 19:23,0.00008572,6410000,0.27,-550,0
2018-11-15 19:23,0.01371428,6410000,43.95,-87953,0
2018-11-15 19:24,0.00002838,6411000,0.09,-182,0
2018-11-15 19:24,0.00357162,6411000,11.44,-22910,0
2018-11-15 19:24,1.73340000,6414000,5559.01,-11123587,0
2018-11-15 19:27,0.00687920,6432000,22.12,44224,1
2018-11-15 19:42,0.00107923,6443000,3.47,6950,1
2018-11-15 19:42,0.05248640,6443000,169.08,338000,1
2018-11-15 20:02,0.00096885,6437000,3.11,6233,1
2018-11-15 20:02,0.00399244,6437000,12.84,25686,1
2018-11-15 20:02,0.01553541,6437000,50.00,99951,1
2018-11-15 20:02,0.08923251,6437000,287.19,574102,1
2018-11-15 20:03,0.08923251,6437000,287.19,574102,1
2018-11-15 20:03,0.00432000,6437000,13.90,27793,1
2018-11-15 20:03,0.04131361,6437000,132.96,265802,1
2018-11-15 20:07,0.03122170,6446000,100.62,201154,1
2018-11-15 20:26,0.00976310,6454000,31.50,62979,1
2018-11-15 20:26,0.00130000,6454000,4.19,8386,1
2018-11-15 20:26,0.02267997,6454000,73.18,146303,1
2018-11-15 20:26,0.00525255,6451000,16.94,33867,1
2018-11-15 20:26,0.05118631,6451000,165.10,330037,1
2018-11-15 20:27,0.00451775,6448000,14.56,29115,1
2018-11-15 20:27,0.02246157,6445000,72.38,144692,1
2018-11-15 20:27,0.04500000,6445000,145.01,289879,1
2018-11-15 20:27,0.00502018,6445000,16.17,32338,1
2018-11-15 20:28,0.02100000,6445000,67.67,135277,1
2018-11-15 20:28,0.21196295,6445000,683.05,1365418,1
2018-11-15 20:28,0.18099999,6444000,583.18,1165780,1
2018-11-15 20:28,0.20000000,6444000,644.40,1288155,1
2018-11-15 20:28,0.20000000,6444000,644.40,1288155,1
2018-11-15 20:28,0.20000000,6444000,644.40,1288155,1
2018-11-15 20:29,0.48260000,6440000,1553.97,3106390,1
2018-11-15 20:31,0.04970000,6452000,160.33,-320825,0
2018-11-15 20:39,0.17500000,6473000,566.38,-1133342,0
2018-11-15 20:42,0.22470000,6478000,727.80,1454878,1
2018-11-15 20:52,0.02114328,6427000,67.94,-135956,0
2018-11-15 20:52,0.09775672,6427000,314.14,-628597,0
2018-11-15 20:53,1.80710000,6424000,5804.40,-11614615,0
2018-11-15 21:26,0.00948784,6477000,30.72,61422,1
2018-11-15 21:34,0.00020000,6467000,0.64,1292,1
2018-11-15 21:34,0.05000000,6467000,161.67,323188,1
2018-11-15 22:29,0.00188222,6426000,6.04,12089,1
2018-11-15 22:29,0.06100777,6426000,196.01,391839,1
2018-11-15 22:29,0.00800000,6426000,25.70,51382,1
2018-11-15 22:29,0.00800000,6426000,25.70,51382,1
2018-11-15 22:58,0.00051864,6392000,1.65,3313,1
2018-11-15 22:58,1.00777974,6392000,3220.86,6438507,1
2018-11-15 23:02,0.06366022,6379000,203.04,405885,1
2018-11-15 23:05,0.18940000,6343000,600.68,-1201965,0
2018-11-15 23:05,0.00567085,6343000,17.98,-35989,0
2018-11-15 23:05,0.00069961,6343000,2.21,-4440,0
2018-11-15 23:05,0.00683451,6343000,21.67,-43373,0
2018-11-15 23:05,0.00149503,6343000,4.74,-9488,0
2018-11-15 23:07,0.00950000,6342000,30.12,-60280,0
2018-11-15 23:07,0.10618383,6337000,336.44,-673224,0
2018-11-15 23:07,0.00320000,6344000,10.15,-20311,0
2018-11-15 23:08,0.01182909,6354000,37.58,-75200,0
2018-11-15 23:08,0.01579516,6354000,50.18,-100413,0
2018-11-15 23:08,0.00157612,6354000,5.00,-10020,0
2018-11-15 23:08,0.00039963,6354000,1.26,-2541,0
2018-11-15 23:08,0.00504486,6356000,16.03,32049,1
2018-11-15 23:08,0.26000000,6356000,826.28,1651733,1
2018-11-15 23:16,0.00410000,6362000,13.04,-26098,0
2018-11-15 23:17,0.03347192,6367000,106.55,213009,1
2018-11-15 23:17,0.77362808,6367000,2462.84,4923227,1
2018-11-15 23:25,2.00000000,6381000,6381.00,-12768381,0
2018-11-15 23:38,0.00239307,6379000,7.63,15257,1
2018-11-15 23:38,0.13300000,6379000,424.20,847982,1
2018-11-15 23:39,0.00200000,6365000,6.36,12723,1
2018-11-15 23:39,0.00821836,6364000,26.15,52275,1
2018-11-15 23:39,0.01937400,6364000,61.64,123234,1
2018-11-15 23:39,0.00100000,6364000,3.18,6360,1
2018-11-15 23:39,0.09600000,6364000,305.47,610638,1
2018-11-15 23:40,0.00040000,6359000,1.27,2542,1
2018-11-15 23:40,0.07930471,6359000,252.14,504046,1
2018-11-15 23:40,0.86353398,6359000,2745.60,5488466,1
2018-11-15 23:41,0.00440000,6363000,13.99,-28012,0
2018-11-15 23:44,0.79910000,6327000,2527.95,5053377,1
2018-11-15 23:44,0.28489149,6314000,899.40,-1799705,0
2018-11-15 23:44,0.00792852,6314000,25.03,-50086,0
2018-11-15 23:44,0.00077999,6314000,2.46,-4928,0
2018-11-15 23:44,0.01000000,6313000,31.56,-63162,0
2018-11-15 23:45,0.01000000,6319000,31.59,63158,1
2018-11-15 23:45,0.16143906,6319000,510.06,1019623,1
2018-11-15 23:45,0.00793243,6319000,25.06,50099,1
2018-11-15 23:45,0.10175400,6319000,321.49,642662,1
2018-11-15 23:45,0.02247451,6319000,71.00,141945,1
2018-11-15 23:46,0.18730912,6321000,591.99,-1184573,0
2018-11-15 23:46,1.34039324,6321000,4236.31,-8476862,0
2018-11-15 23:46,0.35622109,6321000,1125.83,-2252800,0
2018-11-15 23:48,1.07393498,6340000,3404.37,6805343,1
2018-11-15 23:48,0.29460000,6340000,933.88,1866830,1
2018-11-15 23:48,0.03902859,6340000,123.72,247317,1
2018-11-15 23:48,0.04201791,6340000,133.19,266260,1
2018-11-15 23:48,0.00022310,6332000,0.70,1411,1
2018-11-15 23:50,0.06110000,6313000,192.86,-385918,0
2018-11-15 23:50,0.57329309,6310000,1808.73,-3619289,0
2018-11-15 23:50,0.03874562,6310000,122.24,-244608,0
2018-11-15 23:50,0.00110000,6311000,3.47,-6946,0
2018-11-15 23:51,0.89160000,6300000,2808.54,-5619889,0
2018-11-15 23:53,0.07020547,6279000,220.41,440599,1
2018-11-15 23:53,0.00791855,6279000,24.86,49695,1
2018-11-15 23:53,0.01665217,6279000,52.27,104506,1
2018-11-15 23:53,0.00798042,6279000,25.05,50084,1
2018-11-15 23:53,0.08990000,6279000,282.24,564199,1
2018-11-15 23:53,0.00791855,6279000,24.86,49695,1
2018-11-15 23:53,1.79942484,6279000,5649.29,11292939,1
2018-11-15 23:53,2.00000000,6292000,6292.00,-12590292,0
2018-11-15 23:56,0.77000000,6307000,2428.19,4853961,1
2018-11-15 23:56,0.77000000,6283000,2418.95,-4840329,0
2018-11-15 23:58,0.00854129,6284000,26.83,53646,1
2018-11-15 23:58,0.00319638,6284000,10.04,20076,1
2018-11-15 23:58,0.10073275,6276000,316.09,631882,1
2018-11-15 23:58,0.04135807,6276000,129.78,259433,1
2018-11-15 23:58,0.01912045,6276000,59.99,119939,1
2018-11-15 23:58,0.09407800,6276000,295.21,590138,1
2018-11-15 23:58,0.03296551,6276000,103.44,206788,1
2018-11-16 00:00,0.01540000,6276000,48.32,96602,1
2018-11-16 00:00,0.20000000,6276000,627.60,1254572,1
2018-11-16 00:00,0.20000000,6276000,627.60,1254572,1
2018-11-16 00:00,1.05197935,6276000,3301.11,6598921,1
2018-11-16 00:00,0.23262065,6276000,729.96,1459197,1
2018-11-16 00:00,0.02400000,6281000,75.37,-150820,0
2018-11-16 00:00,0.02400000,6280000,75.36,150644,1
2018-11-16 00:01,0.00110000,6292000,3.46,-6925,0
2018-11-16 00:01,0.01290000,6291000,40.57,-81195,0
2018-11-16 00:01,0.01203094,6298000,37.88,75732,1
2018-11-16 00:01,0.00196906,6298000,6.20,12394,1
2018-11-16 00:05,0.01190000,6309000,37.53,-75115,0
2018-11-16 00:06,0.00002120,6341000,0.06,-135,0
2018-11-16 00:06,0.00158480,6341000,5.02,-10055,0
2018-11-16 00:06,0.00158480,6341000,5.02,-10055,0
2018-11-16 00:06,0.00410920,6341000,13.02,-26070,0
2018-11-16 00:07,0.01562907,6342000,49.55,-99170,0
2018-11-16 00:07,0.00227093,6342000,7.20,-14410,0
2018-11-16 00:07,0.03981809,6371000,126.84,-253808,0
2018-11-16 00:07,0.02300000,6371000,73.26,-146607,0
2018-11-16 00:07,0.02698191,6371000,85.95,-171988,0
2018-11-16 00:07,0.01290000,6385000,41.18,-82408,0
2018-11-16 00:08,0.00450000,6385000,14.36,-28747,0
2018-11-16 00:09,0.00093077,6408000,2.98,-5968,0
2018-11-16 00:09,0.04866923,6408000,155.93,-312029,0
2018-11-16 00:09,0.41837538,6401000,1339.01,-2679360,0
2018-11-16 00:09,0.09747430,6401000,311.96,-624245,0
2018-11-16 00:09,0.01009329,6401000,32.30,-64640,0
2018-11-16 00:09,0.06156259,6401000,197.03,-394260,0
2018-11-16 00:09,0.06940903,6401000,222.14,-444510,0
2018-11-16 00:09,0.00157058,6401000,5.02,-10059,0
2018-11-16 00:09,0.30481483,6401000,975.55,-1952096,0
2018-11-16 00:09,0.19700000,6398000,630.20,1259775,1
2018-11-16 00:09,0.96020000,6398000,3071.67,6140287,1
2018-11-16 00:11,2.00000000,6409000,6409.00,-12824409,0
2018-11-16 00:11,0.11949878,6428000,384.06,767754,1
2018-11-16 00:12,0.02896813,6557000,94.97,189849,1
2018-11-16 00:12,0.49946401,6551000,1635.99,3270352,1
2018-11-16 00:12,0.64085732,6550000,2098.80,4195516,1
2018-11-16 00:12,0.71121054,6550000,2329.21,4656099,1
2018-11-16 00:13,0.06700000,6533000,218.85,-437930,0
2018-11-16 00:13,0.06700000,6548000,219.35,438496,1
2018-11-16 00:17,0.00001595,6450000,0.05,-103,0
2018-11-16 00:25,0.00368376,6512000,11.99,-24001,0
2018-11-16 00:25,0.00162492,6512000,5.29,-10587,0
2018-11-16 00:25,0.01704630,6512000,55.50,-111061,0
2018-11-16 00:25,0.00769566,6512000,25.05,-50140,0
2018-11-16 00:26,0.00162492,6512000,5.29,-10587,0
2018-11-16 00:26,0.00372444,6512000,12.12,-24266,0
2018-11-16 00:26,0.00008824,6488000,0.28,-573,0
2018-11-16 00:26,0.07992600,6488000,259.27,-518820,0
2018-11-16 00:26,0.00948576,6488000,30.77,-61575,0
2018-11-16 00:30,0.12490000,6490000,405.30,810195,1
2018-11-16 00:34,0.56019884,6453000,1807.48,-3616771,0
2018-11-16 00:34,0.02300000,6458000,74.26,-148609,0
2018-11-16 00:35,0.58320000,6470000,1886.65,3771417,1
2018-11-16 00:38,0.00140000,6448000,4.51,-9032,0
2018-11-16 00:38,0.00149776,6444000,4.82,-9657,0
2018-11-16 00:38,0.00620224,6444000,19.98,-39988,0
2018-11-16 00:39,0.00190000,6446000,6.12,-12254,0
2018-11-16 00:40,0.42120000,6438000,1355.84,-2713042,0
2018-11-16 00:41,0.00770000,6448000,24.82,-49675,0
2018-11-16 00:41,0.00200218,6455000,6.46,-12931,0
2018-11-16 00:42,0.00494484,6468000,15.99,-32000,0
2018-11-16 00:49,0.14020000,6472000,453.68,-907828,0
2018-11-16 00:52,0.36099940,6483000,1170.17,2339188,1
2018-11-16 00:57,0.00799000,6495000,25.94,-51921,0
2018-11-16 00:57,0.00174863,6495000,5.67,-11363,0
2018-11-16 00:59,0.23580000,6513000,767.88,1534997,1
2018-11-16 01:01,1.08418135,6469000,3506.78,-7017076,0
2018-11-16 01:01,0.00959937,6469000,31.04,-62130,0
2018-11-16 01:01,0.50000000,6469000,1617.25,-3236118,0
2018-11-16 01:01,0.04912108,6469000,158.88,-317924,0
2018-11-16 01:01,0.00199820,6469000,6.46,-12933,0
2018-11-16 01:08,0.04626522,6450000,149.20,298261,1
2018-11-16 01:08,0.00773413,6450000,24.94,49860,1
2018-11-16 01:08,0.00773564,6450000,24.94,49869,1
2018-11-16 01:08,0.00196535,6450000,6.33,12670,1
2018-11-16 01:08,0.00773564,6450000,24.94,49869,1
2018-11-16 01:08,0.03959128,6450000,127.68,255236,1
2018-11-16 01:09,0.24941800,6446000,803.87,1606944,1
2018-11-16 01:09,0.50000000,6446000,1611.50,3221388,1
2018-11-16 01:09,0.20000000,6446000,644.60,1288555,1
2018-11-16 01:09,0.19999937,6446000,644.59,1288551,1
2018-11-16 01:09,0.30000000,6446000,966.90,1932833,1
2018-11-16 01:09,0.08448263,6446000,272.28,544302,1
2018-11-16 01:15,0.02770000,6462000,89.49,-179087,0
2018-11-16 01:15,0.02441936,6474000,79.04,158011,1
2018-11-16 01:15,0.00330000,6474000,10.68,21353,1
2018-11-16 01:22,2.00000000,6503000,6503.00,-13012503,0
2018-11-16 01:23,0.15000000,6499000,487.42,974362,1
2018-11-16 01:23,0.00999600,6499000,32.48,64931,1
2018-11-16 01:23,0.04357005,6499000,141.58,283020,1
2018-11-16 01:23,0.46000000,6499000,1494.77,2988045,1
2018-11-16 01:23,0.36000000,6499000,1169.82,2338470,1
2018-11-16 01:23,0.16000000,6499000,519.92,1039320,1
2018-11-16 01:23,0.01538700,6499000,50.00,99950,1
2018-11-16 01:23,0.72549709,6499000,2357.50,4712648,1
2018-11-16 01:23,0.07554986,6499000,245.49,490753,1
2018-11-16 01:37,0.30300000,6468000,979.90,-1960784,0
2018-11-16 01:41,1.69700000,6361000,5397.30,-10800015,0
2018-11-16 01:43,0.60483759,6391000,1932.75,3863584,1
2018-11-16 01:44,0.04443806,6396000,142.11,284083,1
2018-11-16 01:44,0.34602329,6396000,1106.58,2212058,1
2018-11-16 01:44,0.04443806,6396000,142.11,284083,1
2018-11-16 01:44,0.80202057,6396000,2564.86,5127158,1
2018-11-16 01:44,0.15818002,6396000,505.85,1011213,1
2018-11-16 01:44,0.00776814,6449000,25.04,-50122,0
2018-11-16 01:44,0.12223186,6453000,394.38,-789157,0
2018-11-16 01:44,0.10005251,6429000,321.61,642915,1
2018-11-16 01:44,0.02994749,6428000,96.25,192406,1
2018-11-16 01:46,0.09030000,6409000,289.36,-579022,0
2018-11-16 01:51,0.09030000,6397000,288.82,577360,1
2018-11-16 01:53,0.00315621,6371000,10.05,-20119,0
2018-11-16 01:53,0.02958335,6371000,94.23,-188570,0
2018-11-16 01:53,0.03465487,6371000,110.39,-220897,0
2018-11-16 01:53,0.00157697,6371000,5.02,-10052,0
2018-11-16 01:53,0.00157684,6371000,5.02,-10051,0
2018-11-16 01:53,0.04235176,6371000,134.91,-269958,0
2018-11-16 01:53,0.00005054,6372000,0.16,-323,0
2018-11-16 01:53,0.00484946,6372000,15.45,-30917,0
2018-11-16 01:54,0.04638565,6371000,147.76,-295671,0
2018-11-16 01:54,0.00471235,6371000,15.01,-30038,0
2018-11-16 01:54,0.67941070,6375000,2165.62,-4333409,0
2018-11-16 01:55,0.12025803,6415000,385.72,771069,1
2018-11-16 01:55,0.15751908,6419000,505.55,1010609,1
2018-11-16 01:55,0.57058092,6419000,1831.27,3660727,1
2018-11-16 01:56,0.00600000,6409000,19.22,-38474,0
2018-11-16 01:57,0.05780000,6414000,185.36,-370915,0
2018-11-16 01:57,0.00460000,6409000,14.74,-29497,0
2018-11-16 01:57,0.00290000,6435000,9.33,-18671,0
2018-11-16 01:57,0.07130000,6455000,230.12,460011,1
2018-11-16 01:58,0.00287106,6437000,9.24,-18491,0
2018-11-16 01:58,0.01229106,6437000,39.55,-79158,0
2018-11-16 01:58,0.00283788,6437000,9.13,-18277,0
2018-11-16 01:58,0.00565914,6439000,18.21,-36458,0
2018-11-16 01:58,0.00564086,6439000,18.16,-36340,0
2018-11-16 01:58,0.00170000,6439000,5.47,-10952,0
2018-11-16 02:01,0.00005643,6497000,0.18,-367,0
2018-11-16 02:01,0.01754357,6497000,56.99,-114038,0
2018-11-16 02:02,0.04860000,6495000,157.82,315499,1
2018-11-16 02:02,0.00005816,6461000,0.18,-376,0
2018-11-16 02:04,0.36920000,6541000,1207.46,-2416145,0
2018-11-16 02:05,0.28454305,6520000,927.61,1854293,1
2018-11-16 02:05,0.08465695,6520000,275.98,551687,1
2018-11-16 02:08,0.00460000,6523000,15.00,-30021,0
2018-11-16 02:09,0.00410000,6520000,13.36,-26746,0
2018-11-16 02:10,0.00870000,6519000,28.35,56686,1
2018-11-16 02:11,2.00000000,6503000,6503.00,-13012503,0
2018-11-16 02:16,0.02617998,6508000,85.18,170294,1
2018-11-16 02:20,0.00154249,6483000,4.99,9994,1
2018-11-16 02:26,0.06990000,6483000,226.58,452935,1
2018-11-16 02:26,0.00902000,6483000,29.23,58447,1
2018-11-16 02:26,0.00902000,6483000,29.23,58447,1
2018-11-16 02:26,0.00902000,6483000,29.23,58447,1
2018-11-16 02:26,0.00902000,6483000,29.23,58447,1
2018-11-16 02:26,0.04639056,6483000,150.37,300599,1
2018-11-16 02:26,1.14073911,6483000,3697.70,7391713,1
2018-11-16 02:26,0.01338000,6483000,43.37,86699,1
2018-11-16 02:26,0.01338000,6483000,43.37,86699,1
2018-11-16 02:26,0.65243033,6483000,2114.85,4227590,1
2018-11-16 02:26,0.00300000,6469000,9.70,-19417,0
2018-11-16 02:28,1.99700000,6495000,6485.25,-12977001,0
2018-11-16 02:32,0.00500000,6460000,16.15,32283,1
2018-11-16 02:32,0.22830000,6460000,737.40,1474080,1
2018-11-16 02:34,0.00040246,6440000,1.29,2590,1
2018-11-16 02:34,0.00555641,6440000,17.89,35765,1
2018-11-16 02:34,0.00768866,6440000,24.75,49490,1
2018-11-16 02:34,0.00768866,6440000,24.75,49490,1
2018-11-16 02:40,0.04710395,6451000,151.93,303715,1
2018-11-16 02:43,1.18209620,6477000,3828.21,7652608,1
2018-11-16 02:43,0.21755145,6477000,704.54,1408376,1
2018-11-16 02:43,0.00039611,6479000,1.28,2565,1
2018-11-16 02:43,0.04872539,6479000,157.84,315533,1
2018-11-16 02:43,0.00773652,6479000,25.06,50099,1
2018-11-16 02:43,0.00737695,6479000,23.89,47771,1
2018-11-16 02:43,0.03874483,6479000,125.51,250902,1
2018-11-16 02:44,0.03874483,6479000,125.51,250902,1
2018-11-16 02:44,0.15687537,6479000,508.19,1015887,1
2018-11-16 02:49,0.00105757,6473000,3.42,-6849,0
2018-11-16 02:49,0.00064243,6473000,2.07,-4161,0
2018-11-16 02:49,0.33860500,6471000,1095.55,-2192209,0
2018-11-16 02:49,0.16139500,6471000,522.19,-1044910,0
2018-11-16 02:56,0.00000719,6475000,0.02,46,1
2018-11-16 02:56,0.05060000,6475000,163.81,327471,1
2018-11-16 02:57,0.45110000,6475000,1460.43,2919412,1
2018-11-16 03:02,0.14000000,6450000,451.50,-903452,0
2018-11-16 03:02,0.07660000,6449000,246.99,-494241,0
2018-11-16 03:03,0.00120000,6446000,3.86,-7739,0
2018-11-16 03:11,0.50000000,6427000,1606.75,-3215107,0
2018-11-16 03:14,0.06321731,6445000,203.71,407231,1
2018-11-16 03:14,0.01206238,6445000,38.87,77703,1
2018-11-16 03:14,0.00320000,6436000,10.29,-20606,0
2018-11-16 03:16,0.00002393,6444000,0.07,154,1
2018-11-16 03:16,0.05766811,6444000,185.80,371427,1
2018-11-16 03:16,0.00100000,6444000,3.22,6440,1
2018-11-16 03:19,0.25000000,6434000,804.25,1607695,1
2018-11-16 03:19,0.00100000,6434000,3.21,6430,1
2018-11-16 03:19,0.02300000,6434000,73.99,147908,1
2018-11-16 03:19,0.03840000,6434000,123.53,246942,1
2018-11-16 03:19,0.23083557,6435000,742.71,1484684,1
2018-11-16 03:19,0.04386443,6435000,141.13,282126,1
2018-11-16 03:35,0.09340000,6466000,301.96,-604227,0
2018-11-16 03:36,0.00930396,6459000,30.04,-60125,0
2018-11-16 03:36,0.11633260,6459000,375.69,-751768,0
2018-11-16 03:36,0.00930396,6459000,30.04,-60125,0
2018-11-16 03:36,0.05440000,6458000,175.65,-351491,0
2018-11-16 03:36,0.00550000,6467000,17.78,-35587,0
2018-11-16 03:36,0.00810000,6466000,26.18,-52401,0
2018-11-16 03:37,0.00490941,6479000,15.90,31792,1
2018-11-16 03:45,0.15714962,6499000,510.65,1020804,1
2018-11-16 03:45,0.13425038,6499000,436.24,872056,1
2018-11-16 04:01,0.18877184,6462000,609.92,-1220454,0
2018-11-16 04:01,1.81122816,6462000,5852.07,-11710009,0
2018-11-16 04:40,0.25457406,6499000,827.23,1653649,1
2018-11-16 04:40,0.02863000,6498000,93.01,185944,1
2018-11-16 04:43,0.01827400,6498000,59.37,118685,1
2018-11-16 04:43,0.01660000,6498000,53.93,107812,1
2018-11-16 05:36,0.01054442,6478000,34.15,68272,1
2018-11-16 05:36,0.02300000,6478000,74.49,148919,1
2018-11-16 06:26,0.00110275,6434000,3.54,7091,1
2018-11-16 06:37,0.00574889,6419000,18.45,36883,1
2018-11-16 06:37,0.00200500,6419000,6.43,12863,1
2018-11-16 06:37,0.07080000,6419000,227.23,454237,1
2018-11-16 06:37,0.00774889,6419000,24.87,49715,1
2018-11-16 06:37,0.00626980,6419000,20.12,40225,1
2018-11-16 06:39,0.00127887,6429000,4.11,8217,1
2018-11-16 06:51,0.18445989,6427000,592.76,1184930,1
2018-11-16 06:58,0.63110000,6426000,2027.72,-4057477,0
2018-11-16 07:01,0.03347541,6459000,108.10,216109,1
2018-11-16 07:01,0.00953797,6459000,30.80,61574,1
2018-11-16 07:01,0.84240098,6459000,2720.53,5438347,1
2018-11-16 07:01,0.14970978,6459000,483.48,966491,1
2018-11-16 07:22,0.52404977,6472000,1695.82,3389954,1
2018-11-16 07:26,0.00270374,6472000,8.74,17489,1
2018-11-16 07:26,0.00774490,6472000,25.06,50099,1
2018-11-16 07:51,0.36967877,6499000,1201.27,2401341,1
2018-11-16 07:51,0.06072123,6499000,197.31,394429,1
2018-11-16 08:40,0.61598178,6525000,2009.64,-4021291,0
2018-11-16 08:40,0.15354100,6525000,500.92,-1002356,0
2018-11-16 08:41,1.23050000,6527000,4015.73,-8035490,0
2018-11-16 08:41,0.00007689,6523000,0.25,501,1
2018-11-16 08:41,1.99992311,6523000,6522.74,13038975,1
2018-11-16 08:45,0.00670000,6531000,21.87,-43780,0
2018-11-16 08:48,0.00181697,6521000,5.92,11842,1
2018-11-16 08:48,0.00128059,6521000,4.17,8346,1
2018-11-16 08:48,0.00360244,6521000,11.74,23479,1
2018-11-16 09:12,0.00001200,6536000,0.03,-79,0
2018-11-16 09:54,0.00860000,6520000,28.03,-56100,0
2018-11-16 10:09,0.00870000,6525000,28.38,56739,1
2018-11-16 10:39,0.00674364,6483000,21.85,-43741,0
2018-11-16 10:39,0.00002182,6484000,0.07,-142,0
2018-11-16 10:39,0.00093454,6484000,3.02,-6063,0
2018-11-16 10:49,0.10460000,6467000,338.22,-676787,0
2018-11-16 10:57,0.00006562,6484000,0.21,-426,0
2018-11-16 10:57,0.27123438,6484000,879.34,-1759563,0
2018-11-16 11:02,0.00574459,6482000,18.61,-37255,0
2018-11-16 11:02,0.00005541,6482000,0.17,-360,0
2018-11-16 11:02,0.00007750,6481000,0.25,-503,0
2018-11-16 11:11,0.00530690,6506000,17.26,34509,1
2018-11-16 11:11,0.00300000,6506000,9.75,19508,1
2018-11-16 11:12,0.00005968,6508000,0.19,388,1
2018-11-16 11:12,0.01224179,6508000,39.83,79629,1
2018-11-16 11:12,0.36879853,6508000,1200.07,2398940,1
2018-11-16 12:19,0.00000915,6543000,0.02,-60,0
2018-11-16 12:19,0.00709085,6543000,23.19,-46419,0
2018-11-16 12:37,0.00124815,6528000,4.07,8143,1
2018-11-16 12:41,0.00590000,6528000,19.25,38495,1
2018-11-16 13:56,0.00009399,6475000,0.30,-609,0
2018-11-16 13:56,0.00774950,6475000,25.08,-50204,0
2018-11-16 13:56,0.00225651,6475000,7.30,-14619,0
2018-11-16 13:56,0.00770000,6475000,24.92,-49883,0
2018-11-16 13:56,0.00001105,6475000,0.03,-72,0
2018-11-16 13:56,0.02412857,6475000,78.11,-156311,0
2018-11-16 13:56,0.00154566,6475000,5.00,-10014,0
2018-11-16 13:56,0.02831472,6475000,91.66,-183430,0
2018-11-16 13:56,0.00770000,6475000,24.92,-49883,0
2018-11-16 13:59,0.07950000,6468000,257.10,513948,1
2018-11-16 14:00,0.05720000,6464000,184.87,-369926,0
2018-11-16 14:00,0.02000000,6470000,64.70,-129465,0
2018-11-16 14:06,0.00083107,6460000,2.68,-5372,0
2018-11-16 14:06,0.30996893,6460000,1001.19,-2003401,0
2018-11-16 14:13,0.01261446,6459000,40.73,81436,1
2018-11-16 14:13,0.08500000,6459000,274.50,548740,1
2018-11-16 14:13,0.29038554,6459000,937.80,1874662,1
2018-11-16 14:23,0.00004119,6480000,0.13,-267,0
2018-11-16 14:23,0.06284300,6480000,203.61,-407427,0
2018-11-16 14:23,0.05000000,6480000,162.00,-324162,0
2018-11-16 14:23,0.03300000,6480000,106.92,-213947,0
2018-11-16 14:23,0.04998000,6480000,161.93,-324033,0
2018-11-16 14:23,0.10583581,6480000,342.90,-686159,0
2018-11-16 14:26,0.30170000,6482000,977.80,1954641,1
2018-11-16 14:28,0.16330000,6478000,528.92,-1058387,0
2018-11-16 14:29,0.00770000,6476000,24.93,-49891,0
2018-11-16 14:37,0.00671972,6475000,21.75,-43532,0
2018-11-16 14:38,0.00003048,6476000,0.09,-198,0
2018-11-16 14:38,0.79056952,6476000,2559.86,-5122288,0
2018-11-16 14:39,0.02100000,6476000,67.99,-136064,0
2018-11-16 14:55,0.00260646,6470000,8.43,16855,1
2018-11-16 14:55,0.00278207,6470000,8.99,17990,1
2018-11-16 14:55,0.00030911,6470000,0.99,1998,1
2018-11-16 14:55,0.01035783,6470000,33.50,66981,1
2018-11-16 15:05,0.41050569,6474000,1328.80,2656285,1
2018-11-16 15:09,0.00391314,6468000,12.65,-25323,0
2018-11-16 15:11,0.21414698,6476000,693.40,1386122,1
2018-11-16 15:11,0.01544163,6476000,49.99,99949,1
2018-11-16 15:11,0.03114224,6476000,100.83,201576,1
2018-11-16 15:11,0.08200856,6476000,265.54,530821,1
2018-11-16 15:11,0.10951053,6476000,354.59,708835,1
2018-11-16 15:11,0.01759000,6476000,56.95,113855,1
2018-11-16 15:11,0.04805407,6476000,155.59,311042,1
2018-11-16 15:39,0.00004921,6470000,0.15,-319,0
2018-11-16 15:39,0.02900000,6470000,93.81,-187724,0
2018-11-16 15:46,0.07780000,6482000,252.14,504047,1
2018-11-16 16:01,0.43960000,6476000,1423.42,-2848273,0
2018-11-16 16:01,0.01750253,6476000,56.67,-113403,0
2018-11-16 16:01,0.48819903,6476000,1580.78,-3163158,0
2018-11-16 16:09,0.92061616,6482000,2983.71,-5970418,0
2018-11-16 16:09,0.13408384,6482000,434.56,-869566,0
2018-11-16 16:10,0.00789440,6488000,25.60,51193,1
2018-11-16 16:10,0.03838715,6488000,124.52,248931,1
2018-11-16 16:10,0.00767819,6488000,24.90,49791,1
2018-11-16 16:41,0.01821898,6425000,58.52,116998,1
2018-11-16 16:41,0.87684542,6416000,2812.92,5623027,1
2018-11-16 16:41,0.05301312,6416000,170.06,339962,1
2018-11-16 16:41,0.03198900,6416000,102.62,205138,1
2018-11-16 16:41,0.09729295,6416000,312.11,623919,1
2018-11-16 16:41,0.07079837,6416000,227.12,454015,1
2018-11-16 16:41,0.03100000,6416000,99.44,198796,1
2018-11-16 16:41,0.01600000,6416000,51.32,102604,1
2018-11-16 16:41,0.01720000,6416000,55.17,110300,1
2018-11-16 16:41,0.04581967,6416000,146.98,293832,1
2018-11-16 16:41,0.09240000,6416000,296.41,592541,1
2018-11-16 16:42,0.00781374,6407000,25.03,-50088,0
2018-11-16 16:42,0.00781374,6407000,25.03,-50088,0
2018-11-16 16:42,0.13287252,6407000,425.65,-851740,0
2018-11-16 16:42,0.00006668,6407000,0.21,-428,0
2018-11-16 16:42,0.02184918,6407000,69.99,-140058,0
2018-11-16 16:42,0.00970000,6407000,31.07,-62179,0
2018-11-16 16:55,0.00003247,6405000,0.10,207,1
2018-11-16 17:00,0.03396062,6393000,108.55,-217219,0
2018-11-16 17:00,0.00353938,6393000,11.31,-22639,0
2018-11-16 17:00,0.01100000,6390000,35.14,-70326,0
2018-11-16 17:09,0.17930000,6422000,575.73,-1152041,0
2018-11-16 17:22,0.06900634,6427000,221.75,443281,1
2018-11-16 17:22,0.00773930,6427000,24.87,49715,1
2018-11-16 17:22,0.00773930,6427000,24.87,49715,1
2018-11-16 17:22,0.01836755,6427000,59.02,117989,1
2018-11-16 17:23,0.00773930,6427000,24.87,49715,1
2018-11-16 17:23,0.13279079,6427000,426.72,853019,1
2018-11-16 17:23,0.00773930,6427000,24.87,49715,1
2018-11-16 17:23,0.12879586,6427000,413.88,827357,1
2018-11-16 17:23,0.00771925,6427000,24.80,49586,1
2018-11-16 17:27,1.38430000,6407000,4434.60,-8873645,0
2018-11-16 17:37,0.26187145,6434000,842.44,1684038,1
2018-11-16 17:37,0.00623312,6434000,20.05,40083,1
2018-11-16 17:37,0.07983310,6434000,256.82,513389,1
2018-11-16 17:37,0.01383315,6434000,44.50,88957,1
2018-11-16 17:37,0.34952993,6434000,1124.43,2247751,1
2018-11-16 17:38,0.00673093,6434000,21.65,43285,1
2018-11-16 17:41,0.02211893,6433000,71.14,142219,1
2018-11-16 17:47,0.00005954,6403000,0.19,-382,0
2018-11-16 17:47,0.02884046,6403000,92.33,-184758,0
2018-11-16 17:49,0.00180000,6411000,5.76,-11546,0
2018-11-16 17:54,0.72741591,6430000,2338.64,4674945,1
2018-11-16 18:13,0.15153696,6417000,486.20,971926,1
2018-11-16 18:24,0.45621052,6429000,1466.48,-2934444,0
2018-11-16 18:24,0.01212394,6429000,38.97,-77984,0
2018-11-16 18:24,0.03620379,6429000,116.37,-232871,0
2018-11-16 18:24,0.10000000,6429000,321.45,-643222,0
2018-11-16 18:24,0.60884951,6429000,1957.14,-3916251,0
2018-11-16 18:24,0.10000000,6429000,321.45,-643222,0
2018-11-16 18:24,0.08286000,6429000,266.35,-532974,0
2018-11-16 18:24,0.11160000,6429000,358.73,-717836,0
2018-11-16 18:47,0.11563239,6358000,367.59,734823,1
2018-11-16 18:47,0.02430000,6358000,77.24,154422,1
2018-11-16 18:47,0.44381020,6358000,1410.87,2820334,1
2018-11-16 18:47,0.22806447,6358000,725.01,1449308,1
2018-11-16 18:47,0.05000000,6358000,158.95,317741,1
2018-11-16 18:47,0.00200000,6358000,6.35,12709,1
2018-11-16 18:47,0.04940000,6358000,157.04,313928,1
2018-11-16 18:48,0.82728232,6358000,2629.93,-5262491,0
2018-11-16 18:48,0.02772940,6358000,88.15,-176392,0
2018-11-16 18:48,0.13868828,6358000,440.89,-882221,0
2018-11-16 18:54,0.49833807,6367000,1586.45,3171332,1
2018-11-16 18:54,0.00015721,6367000,0.50,1000,1
2018-11-16 18:54,0.00149210,6367000,4.75,9495,1
2018-11-16 18:54,0.03041286,6363000,96.75,193420,1
2018-11-16 18:56,0.00490000,6373000,15.61,-31244,0
2018-11-16 18:57,0.00600000,6367000,19.10,-38222,0
2018-11-16 18:58,0.00540000,6378000,17.22,-34459,0
2018-11-16 18:58,0.00780000,6374000,24.85,-49742,0
2018-11-16 19:01,0.32175756,6384000,1027.05,2053073,1
2018-11-16 19:04,0.00310804,6368000,9.89,-19802,0
2018-11-16 19:04,0.00479196,6368000,15.25,-30531,0
2018-11-16 19:04,0.46880951,6364000,1491.75,2982011,1
2018-11-16 19:04,0.05501455,6364000,175.05,349937,1
2018-11-16 19:04,0.10470000,6364000,333.15,665977,1
2018-11-16 19:04,0.09291931,6364000,295.66,591042,1
2018-11-16 19:04,1.54160000,6356000,4899.20,-9803309,0
2018-11-16 19:07,0.02712389,6380000,86.52,172963,1
2018-11-16 19:07,0.06600000,6380000,210.54,420869,1
2018-11-16 19:07,0.02120877,6380000,67.65,135244,1
2018-11-16 19:08,1.88560000,6382000,6016.94,12027882,1
2018-11-16 19:17,0.74167150,6390000,2369.64,-4741651,0
2018-11-16 19:19,0.00017591,6409000,0.56,1126,1
2018-11-16 19:19,0.02100000,6409000,67.29,134521,1
2018-11-16 19:19,0.00816749,6409000,26.17,52319,1
2018-11-16 19:22,0.71230000,6437000,2292.53,4582782,1
2018-11-16 20:07,2.00000000,6460000,6460.00,-12926460,0
2018-11-16 20:10,0.20773623,6473000,672.33,1344004,1
2018-11-16 20:10,0.10303267,6473000,333.46,666597,1
2018-11-16 20:10,0.01543629,6473000,49.95,99869,1
2018-11-16 20:10,0.03488790,6473000,112.91,225716,1
2018-11-16 20:10,0.11195500,6473000,362.34,724322,1
2018-11-16 20:10,0.00768466,6473000,24.87,49717,1
2018-11-16 20:10,0.03448800,6473000,111.62,223129,1
2018-11-16 20:10,0.00768466,6473000,24.87,49717,1
2018-11-16 20:10,1.47709459,6473000,4780.61,9556452,1
2018-11-16 20:54,2.00000000,6452000,6452.00,-12910452,0
2018-11-16 21:45,1.70012455,6462000,5493.10,10980711,1
2018-11-16 21:45,0.07536000,6462000,243.48,486732,1
2018-11-16 21:47,0.22460000,6462000,725.68,1450639,1
2018-11-16 22:29,0.00007086,6423000,0.22,-456,0
2018-11-16 22:29,0.00242914,6423000,7.80,-15611,0
2018-11-16 22:34,0.00250000,6427000,8.03,16059,1
2018-11-16 22:36,0.00310000,6422000,9.95,-19919,0
2018-11-16 22:44,0.00310000,6425000,9.95,19907,1
2018-11-16 22:56,0.03600000,6428000,115.70,-231524,0
2018-11-16 23:00,0.01211538,6431000,38.95,77875,1
2018-11-16 23:14,0.02380000,6443000,76.67,153266,1
2018-11-17 00:07,0.09850000,6439000,317.12,-634559,0
2018-11-17 00:08,0.00777614,6446000,25.06,50099,1
2018-11-17 00:29,0.06058859,6410000,194.18,-388567,0
2018-11-17 00:29,0.00142190,6410000,4.55,-9119,0
2018-11-17 00:29,0.38150000,6416000,1223.85,-2448928,0
2018-11-17 00:49,0.00004218,6415000,0.13,-271,0
2018-11-17 01:13,0.00705503,6442000,22.72,45425,1
2018-11-17 01:17,0.00200168,6443000,6.44,12890,1
2018-11-17 02:20,1.47460000,6461000,4763.69,-9532155,0
2018-11-17 03:00,1.99990000,6457000,6456.67,12906897,1
2018-11-17 05:00,0.27070000,6426000,869.75,-1740388,0
2018-11-17 05:07,0.00000741,6421000,0.02,-48,0
2018-11-17 05:09,0.00126896,6423000,4.07,8146,1
2018-11-17 05:20,0.00890476,6429000,28.62,57220,1
2018-11-17 05:30,0.00008242,6420000,0.26,-530,0
2018-11-17 05:33,0.26060000,6430000,837.82,1674820,1
2018-11-17 06:08,0.00520000,6411000,16.66,-33354,0
2018-11-17 06:36,0.08490000,6409000,272.06,-544397,0
2018-11-17 06:36,0.02632100,6406000,84.30,-168697,0
2018-11-17 06:37,0.18295750,6408000,586.19,-1172978,0
2018-11-17 06:37,0.35299700,6408000,1131.00,-2263136,0
2018-11-17 06:45,0.41400000,6405000,1325.83,-2652996,0
2018-11-17 06:45,0.00350000,6402000,11.20,-22419,0
2018-11-17 06:47,0.93010000,6380000,2967.01,-5937005,0
2018-11-17 08:07,0.41537596,6362000,1321.31,2641300,1
2018-11-17 08:07,0.01459078,6362000,46.41,92780,1
2018-11-17 08:35,0.43700000,6424000,1403.64,2805884,1
2018-11-17 08:35,0.50000000,6424000,1606.00,3210394,1
2018-11-17 08:35,0.50000000,6424000,1606.00,3210394,1
2018-11-17 08:35,0.13300000,6424000,427.19,853964,1
2018-11-17 09:15,0.00330210,6420000,10.59,-21210,0
2018-11-17 09:15,0.11240626,6420000,360.82,-722009,0
2018-11-17 09:15,0.00274313,6420000,8.80,-17620,0
2018-11-17 09:15,0.00935885,6420000,30.04,-60114,0
2018-11-17 09:15,0.00548966,6420000,17.62,-35262,0
2018-11-17 09:17,0.00009115,6409000,0.29,-585,0
2018-11-17 09:18,0.10936059,6423000,351.21,702071,1
2018-11-17 09:25,0.01570000,6406000,50.28,-100625,0
2018-11-17 09:25,0.00230000,6406000,7.36,-14742,0
2018-11-17 09:31,0.00005949,6406000,0.19,-382,0
2018-11-17 11:20,0.00000267,6356000,0,-17,0
2018-11-17 11:20,0.03529733,6356000,112.17,-224462,0
2018-11-17 11:21,0.00780000,6357000,24.79,-49610,0
2018-11-17 13:31,0.00609314,6358000,19.37,38720,1
2018-11-17 13:31,0.07492600,6358000,238.18,476141,1
2018-11-17 13:41,0.00420000,6370000,13.37,26740,1
2018-11-17 13:48,0.00239362,6371000,7.62,-15258,0
2018-11-17 13:48,0.00120638,6371000,3.84,-7690,0
2018-11-17 14:17,0.00070628,6377000,2.25,-4507,0
2018-11-17 14:17,0.00156859,6377000,5.00,-10008,0
2018-11-17 14:40,0.00580000,6362000,18.44,36881,1
2018-11-17 14:42,0.00460000,6360000,14.62,-29271,0
2018-11-17 14:49,0.00460000,6363000,14.63,29255,1
2018-11-17 15:09,0.00670000,6356000,21.29,-42607,0
2018-11-17 15:42,0.00670000,6378000,21.36,42711,1
2018-11-17 16:27,0.20140000,6384000,642.86,-1286381,0
2018-11-17 16:27,0.20140000,6395000,643.97,1287309,1
2018-11-17 16:55,0.01718326,6397000,54.96,-109977,0
2018-11-17 16:56,0.69501390,6400000,2224.04,-4450313,0
2018-11-17 16:56,1.28778610,6400000,4120.91,-8245952,0
2018-11-17 17:00,0.06500000,6429000,208.94,417676,1
2018-11-17 17:00,0.10336551,6430000,332.32,664307,1
2018-11-17 17:00,0.02181518,6430000,70.13,140201,1
2018-11-17 17:00,0.11600000,6430000,372.94,745507,1
2018-11-17 17:00,0.30270214,6430000,973.18,1945401,1
2018-11-17 17:02,0.00194886,6414000,6.24,12493,1
2018-11-17 17:02,0.00160607,6414000,5.15,10296,1
2018-11-17 17:25,0.42718490,6390000,1364.85,-2731077,0
2018-11-17 17:25,0.01032574,6390000,32.99,-66015,0
2018-11-17 17:46,0.02946826,6381000,94.01,187942,1
2018-11-17 20:34,0.00062509,6361000,1.98,3974,1
2018-11-17 20:40,0.14800000,6380000,472.12,943767,1
2018-11-17 20:40,0.05897248,6380000,188.12,376056,1
2018-11-17 20:40,0.20285138,6380000,647.09,1293544,1
2018-11-17 20:40,0.01622000,6380000,51.74,103431,1
2018-11-17 20:40,0.14575358,6380000,464.95,929442,1
2018-11-17 20:40,0.00780363,6380000,24.89,49762,1
2018-11-17 20:40,0.00780363,6380000,24.89,49762,1
2018-11-17 20:40,0.02169410,6380000,69.20,138339,1
2018-11-17 20:40,0.01741837,6380000,55.56,111073,1
2018-11-17 20:41,0.25440825,6380000,811.56,1622313,1
2018-11-17 20:41,0.31296534,6380000,998.35,1995720,1
2018-11-17 20:41,0.00781084,6380000,24.91,49808,1
2018-11-17 20:41,0.01985837,6380000,63.34,126633,1
2018-11-17 20:41,0.19665109,6380000,627.31,1254006,1
2018-11-17 20:41,0.03767200,6380000,120.17,240227,1
2018-11-17 20:41,0.04650436,6380000,148.34,296549,1
2018-11-17 20:41,0.02325218,6380000,74.17,148274,1
2018-11-17 20:41,0.14590176,6380000,465.42,930387,1
2018-11-17 20:48,0.00785412,6382000,25.06,50099,1
2018-11-17 20:48,0.00198904,6382000,6.34,12687,1
2018-11-17 20:48,0.00397808,6382000,12.69,25375,1
2018-11-17 20:48,0.00003209,6382000,0.10,204,1
2018-11-17 20:48,0.00979166,6382000,31.24,62459,1
2018-11-17 20:48,0.01570824,6382000,50.12,100199,1
2018-11-17 20:49,0.01570824,6382000,50.12,100199,1
2018-11-17 20:49,0.06840000,6382000,218.26,436310,1
2018-11-17 23:37,0.21930000,6356000,696.93,-1394568,0
2018-11-18 00:06,0.00051244,6387000,1.63,3271,1
2018-11-18 00:06,0.02092339,6387000,66.81,133570,1
2018-11-18 00:39,0.00447477,6374000,14.26,28507,1
2018-11-18 00:39,0.00235331,6374000,7.49,14992,1
2018-11-18 00:39,0.00300000,6374000,9.56,19112,1
2018-11-18 00:39,0.01143350,6374000,36.43,72840,1
2018-11-18 01:08,0.00023606,6385000,0.75,1506,1
2018-11-18 01:57,0.01760000,6379000,56.13,-112327,0
2018-11-18 01:59,0.19400000,6399000,620.70,1240785,1
2018-11-18 02:21,0.33600000,6402000,1075.53,-2152148,0
2018-11-18 02:22,0.32906863,6403000,1053.51,-2108080,0
2018-11-18 02:22,0.50000000,6403000,1600.75,-3203101,0
2018-11-18 02:22,0.13815855,6403000,442.31,-885072,0
2018-11-18 02:22,0.01797282,6403000,57.53,-115138,0
2018-11-18 02:39,0.00987874,6383000,31.52,-63088,0
2018-11-18 02:40,0.00540974,6383000,17.26,-34548,0
2018-11-18 03:25,0.00141066,6380000,4.50,8995,1
2018-11-18 03:31,0.20742759,6379000,661.59,1322519,1
2018-11-18 03:31,0.02411225,6379000,76.90,153735,1
2018-11-18 03:31,0.01844727,6379000,58.83,117616,1
2018-11-18 03:36,0.32309066,6379000,1030.49,2059964,1
2018-11-18 03:41,0.00008917,6374000,0.28,-569,0
2018-11-18 03:41,0.00761083,6374000,24.25,-48536,0
2018-11-18 03:51,0.00008709,6368000,0.27,-555,0
2018-11-18 03:51,0.47621291,6368000,1516.26,-3034040,0
2018-11-18 04:00,0.00624896,6365000,19.88,-39795,0
2018-11-18 04:05,0.00036848,6374000,1.17,2347,1
2018-11-18 04:05,0.04504992,6374000,143.57,287004,1
2018-11-18 04:47,0.00530000,6373000,16.88,-33794,0
2018-11-18 04:53,0.00460000,6370000,14.65,-29317,0
2018-11-18 05:01,0.00009906,6368000,0.31,-632,0
2018-11-18 05:28,0.00131086,6374000,4.17,-8360,0
2018-11-18 05:28,0.00506324,6374000,16.13,-32290,0
2018-11-18 05:30,0.00890000,6377000,28.37,-56784,0
2018-11-18 05:51,0.00004797,6387000,0.15,306,1
2018-11-18 05:59,0.00037580,6373000,1.19,-2397,0
2018-11-18 06:20,1.23240000,6395000,3940.59,7877257,1
2018-11-18 09:01,0.29872255,6390000,954.41,-1909792,0
2018-11-18 11:11,0.00478040,6441000,15.39,30775,1
2018-11-18 11:11,0.00110576,6441000,3.56,7118,1
2018-11-18 11:12,0.01287269,6436000,41.42,82807,1
2018-11-18 11:12,0.00287579,6436000,9.25,18499,1
2018-11-18 11:12,0.27710000,6436000,891.70,1782523,1
2018-11-18 12:14,0.00680000,6435000,21.87,-43780,0
2018-11-18 12:16,0.01600000,6439000,51.51,-103076,0
2018-11-18 12:19,0.00178300,6448000,5.74,11491,1
2018-11-18 12:19,0.02100000,6448000,67.70,135340,1
2018-11-18 13:57,0.00861443,6429000,27.69,-55410,0
2018-11-18 13:57,0.00818557,6429000,26.31,-52652,0
2018-11-18 13:58,0.00063930,6428000,2.05,-4112,0
2018-11-18 13:58,0.00061309,6428000,1.97,-3943,0
2018-11-18 14:19,0.01412385,6435000,45.44,90841,1
2018-11-18 14:19,0.00397615,6435000,12.79,25573,1
2018-11-18 14:59,0.00006553,6438000,0.21,-422,0
2018-11-18 15:55,0.01152675,6420000,37.00,-74039,0
2018-11-18 15:55,0.00257325,6420000,8.26,-16529,0
2018-11-18 15:59,0.07070000,6418000,226.87,-453980,0
2018-11-18 16:06,0.08480000,6424000,272.37,544482,1
2018-11-18 17:25,1.09390000,6401000,3501.02,-7005555,0
2018-11-18 17:25,0.90600000,6401000,2899.65,-5802206,0
2018-11-18 18:38,0.00665137,6399000,21.28,42540,1
2018-11-18 18:46,0.02713571,6396000,86.78,173473,1
2018-11-18 18:51,0.00106369,6399000,3.40,6803,1
2018-11-18 21:02,1.40806771,6384000,4494.55,8984609,1
2018-11-18 21:09,0.14443903,6379000,460.68,-921838,0
2018-11-18 23:03,0.15647003,6391000,499.99,999499,1
2018-11-18 23:08,0.00300000,6393000,9.58,19169,1
2018-11-18 23:08,0.00300000,6393000,9.58,19169,1
2018-11-18 23:08,0.00916559,6393000,29.29,58566,1
2018-11-18 23:08,0.00775518,6393000,24.78,49554,1
2018-11-18 23:08,0.00775518,6393000,24.78,49554,1
2018-11-18 23:08,0.00784061,6393000,25.06,50099,1
2018-11-19 00:22,0.37282092,6412000,1195.26,2389332,1
2018-11-19 00:23,0.13360000,6412000,428.32,856214,1
2018-11-19 01:09,0.00923120,6402000,29.54,-59128,0
2018-11-19 01:29,0.00000217,6413000,0,-14,0
2018-11-19 01:29,0.00599783,6413000,19.23,-38484,0
2018-11-19 02:07,0.21720000,6403000,695.36,-1391427,0
2018-11-19 02:37,0.23250000,6417000,745.97,1491206,1
2018-11-19 02:37,0.23650000,6405000,757.39,-1515540,0
2018-11-19 02:37,0.23650000,6417000,758.81,1516861,1
2018-11-19 04:00,0.01132003,6440000,36.45,-72938,0
2018-11-19 04:01,0.01130000,6467000,36.53,73040,1
2018-11-19 04:08,0.01410000,6447000,45.45,-90949,0
2018-11-19 04:14,0.00662057,6462000,21.39,42760,1
2018-11-19 04:14,0.00371330,6462000,11.99,23983,1
2018-11-19 04:22,0.00377390,6442000,12.15,24299,1
2018-11-19 04:37,0.00008621,6436000,0.27,-556,0
2018-11-19 05:23,0.01660000,6433000,53.39,-106842,0
2018-11-19 05:24,0.04975616,6433000,160.04,-320242,0
2018-11-19 05:24,0.04140000,6433000,133.16,-266460,0
2018-11-19 06:05,0.00363447,6423000,11.67,23332,1
2018-11-19 06:05,0.00200000,6423000,6.42,12839,1
2018-11-19 06:24,1.89780000,6418000,6090.04,-12186171,0
2018-11-19 07:12,0.04348216,6420000,139.57,279015,1
2018-11-19 07:24,0.07210000,6416000,231.29,462362,1
2018-11-19 07:24,0.00898969,6416000,28.83,57649,1
2018-11-19 07:24,0.00830000,6416000,26.62,53226,1
2018-11-19 07:24,0.01730000,6416000,55.49,110941,1
2018-11-19 07:28,0.04750000,6415000,152.35,304560,1
2018-11-19 07:28,0.00430000,6415000,13.79,27570,1
2018-11-19 08:13,0.03097294,6422000,99.45,198808,1
2018-11-19 08:17,0.02406393,6420000,77.24,154413,1
2018-11-19 08:17,0.23000000,6420000,738.30,1475861,1
2018-11-19 08:17,0.28300000,6420000,908.43,1815951,1
2018-11-19 08:19,0.00394198,6420000,12.65,25294,1
2018-11-19 09:20,1.17151993,6411000,3755.30,7506858,1
2018-11-19 09:20,0.05448007,6411000,174.63,349097,1
2018-11-19 10:08,1.73117960,6380000,5522.46,-11050449,0
2018-11-19 10:08,0.11900000,6380000,379.61,-759600,0
2018-11-19 10:09,0.13187103,6361000,419.41,838412,1
2018-11-19 10:09,0.00054947,6361000,1.74,3493,1
2018-11-19 10:09,0.06516100,6361000,207.24,414281,1
2018-11-19 10:09,0.11748047,6361000,373.64,746919,1
2018-11-19 10:09,0.02100000,6361000,66.79,133514,1
2018-11-19 10:09,0.04797045,6361000,152.57,304987,1
2018-11-19 10:09,0.00073703,6361000,2.34,4685,1
2018-11-19 10:09,0.00096934,6361000,3.08,6162,1
2018-11-19 10:09,0.00073705,6361000,2.34,4686,1
2018-11-19 10:09,0.00888896,6343000,28.19,56354,1
2018-11-19 10:09,0.00218435,6343000,6.92,13848,1
2018-11-19 10:09,0.24300000,6343000,770.67,1540578,1
2018-11-19 10:09,0.20000000,6343000,634.30,1267965,1
2018-11-19 10:09,0.00218435,6343000,6.92,13848,1
2018-11-19 10:09,0.01900000,6343000,60.25,120456,1
2018-11-19 10:09,0.98844234,6343000,3134.84,6266554,1
2018-11-19 10:10,1.76197426,6330000,5576.64,-11158874,0
2018-11-19 10:10,0.17443182,6330000,552.07,-1104706,0
2018-11-19 10:14,0.48891095,6355000,1553.51,3105475,1
2018-11-19 10:14,0.09528800,6355000,302.77,605252,1
2018-11-19 10:35,0.01538830,6362000,48.95,97851,1
2018-11-19 10:35,0.00967292,6361000,30.76,61498,1
2018-11-19 10:35,0.02920000,6361000,92.87,185648,1
2018-11-19 10:35,0.05220000,6361000,166.02,331878,1
2018-11-19 10:35,0.00058493,6361000,1.86,3718,1
2018-11-19 10:35,0.01860000,6361000,59.15,118255,1
2018-11-19 11:05,1.22660000,6364000,3903.04,7802179,1
2018-11-19 11:20,2.00000000,6338000,6338.00,-12682338,0
2018-11-19 11:21,0.04344700,6314000,137.16,274187,1
2018-11-19 11:21,0.05933500,6314000,187.32,374453,1
2018-11-19 11:21,0.02190000,6314000,69.13,138207,1
2018-11-19 11:41,0.00070515,6359000,2.24,4481,1
2018-11-19 12:08,0.00228808,6337000,7.24,14492,1
2018-11-19 12:08,0.07700000,6337000,243.97,487705,1
2018-11-19 12:08,0.16924509,6337000,536.25,1071969,1
2018-11-19 12:08,0.43580628,6337000,1380.85,2760323,1
2018-11-19 12:08,0.49529400,6337000,1569.33,3137108,1
2018-11-19 12:08,0.24772129,6337000,784.90,1569024,1
2018-11-19 12:09,0.20478334,6345000,649.67,1298700,1
2018-11-19 12:09,0.24251666,6345000,769.38,1537998,1
2018-11-19 12:16,0.00200000,6335000,6.33,-12677,0
2018-11-19 12:49,0.00200000,6352000,6.35,12697,1
2018-11-19 13:30,0.09160000,6340000,290.37,-581035,0
2018-11-19 13:30,0.06500000,6340000,206.05,-412306,0
2018-11-19 13:46,0.03968383,6336000,125.71,251311,1
2018-11-19 13:46,0.00331665,6336000,10.50,21003,1
2018-11-19 13:46,0.04400000,6336000,139.39,278644,1
2018-11-19 13:47,0.06960000,6335000,220.45,440695,1
2018-11-19 14:21,0.10630040,6300000,334.84,-670028,0
2018-11-19 14:29,0.06680000,6282000,209.81,-419848,0
2018-11-19 14:33,0.00005501,6282000,0.17,-346,0
2018-11-19 14:40,0.02840000,6258000,88.86,-177816,0
2018-11-19 14:41,0.00000677,6260000,0.02,-43,0
2018-11-19 14:41,0.01389323,6260000,43.48,-87016,0
2018-11-19 14:41,0.00860000,6261000,26.92,-53872,0
2018-11-19 14:47,0.22400000,6243000,699.21,1397732,1
2018-11-19 14:48,0.12830000,6215000,398.69,-797784,0
2018-11-19 14:50,1.45673150,6169000,4493.28,-8991070,0
2018-11-19 14:50,0.00140000,6205000,4.34,8682,1
2018-11-19 14:51,0.03399829,6195000,105.30,210514,1
2018-11-19 14:51,0.39363525,6195000,1219.28,2437351,1
2018-11-19 14:51,0.11179414,6195000,346.28,692218,1
2018-11-19 14:51,0.01618241,6195000,50.12,100199,1
2018-11-19 14:51,0.00809120,6195000,25.06,50099,1
2018-11-19 14:51,0.09089369,6195000,281.54,562804,1
2018-11-19 14:51,0.08747880,6195000,270.96,541660,1
2018-11-19 14:51,0.12910000,6195000,399.88,799374,1
2018-11-19 14:51,0.00200000,6194000,6.19,12381,1
2018-11-19 14:51,0.10076351,6194000,312.06,623817,1
2018-11-19 14:51,0.04432811,6185000,137.08,-274307,0
2018-11-19 14:51,0.01000000,6185000,30.92,-61881,0
2018-11-19 14:53,0.77757311,6200000,2410.47,-4823364,0
2018-11-19 14:55,0.00800000,6206000,24.82,-49673,0
2018-11-19 14:55,0.01114943,6207000,34.60,-69240,0
2018-11-19 14:55,0.00807442,6207000,25.05,-50143,0
2018-11-19 14:55,0.00807442,6207000,25.05,-50143,0
2018-11-19 14:55,0.00807200,6207000,25.05,-50128,0
2018-11-19 14:55,0.00807200,6207000,25.05,-50128,0
2018-11-19 14:55,1.30000000,6236000,4053.40,8102746,1
2018-11-19 14:55,0.00286000,6236000,8.91,17826,1
2018-11-19 14:55,0.19024000,6236000,593.16,1185743,1
2018-11-19 15:00,0.46740000,6244000,1459.22,-2919905,0
2018-11-19 15:02,0.07270000,6226000,226.31,-452857,0
2018-11-19 15:04,0.09738212,6239000,303.78,607263,1
2018-11-19 15:06,0.00001629,6234000,0.05,101,1
2018-11-19 15:06,0.06438663,6234000,200.69,401185,1
2018-11-19 15:06,0.00653061,6234000,20.35,40691,1
2018-11-19 15:06,0.00779961,6234000,24.31,48598,1
2018-11-19 15:06,0.08016524,6234000,249.87,499500,1
2018-11-19 15:08,0.00055693,6249000,1.74,3478,1
2018-11-19 15:08,0.28324307,6249000,884.99,1769100,1
2018-11-19 15:45,0.07500000,6199000,232.46,-465158,0
2018-11-19 15:49,0.00800000,6208000,24.83,-49689,0
2018-11-19 15:51,0.00003496,6212000,0.10,217,1
2018-11-19 15:58,0.01598916,6214000,49.67,99306,1
2018-11-19 15:58,0.00806646,6214000,25.06,50099,1
2018-11-19 16:00,0.01331081,6210000,41.33,-82702,0
2018-11-19 16:11,1.38667676,6183000,4286.91,-8578110,0
2018-11-19 16:11,0.00016476,6183000,0.50,-1020,0
2018-11-19 16:15,0.00036472,6184000,1.12,2254,1
2018-11-19 16:15,0.44738000,6184000,1383.29,2765214,1
2018-11-19 16:16,0.28802945,6183000,890.44,-1781777,0
2018-11-19 16:17,0.00179878,6198000,5.57,11143,1
2018-11-19 16:17,0.19714948,6198000,610.96,1221321,1
2018-11-19 16:17,0.29906088,6198000,926.78,1852652,1
2018-11-19 16:17,0.00509114,6198000,15.77,31539,1
2018-11-19 16:17,0.20000000,6198000,619.80,1238980,1
2018-11-19 16:17,0.00344421,6196000,10.67,21329,1
2018-11-19 16:17,0.00145756,6196000,4.51,9026,1
2018-11-19 16:17,0.08900000,6196000,275.72,551168,1
2018-11-19 16:17,0.02976468,6196000,92.21,184329,1
2018-11-19 16:17,0.19600000,6196000,607.20,1213808,1
2018-11-19 16:17,0.13500000,6196000,418.23,836041,1
2018-11-19 16:23,0.04463887,6202000,138.42,276711,1
2018-11-19 16:23,0.09600000,6202000,297.69,595094,1
2018-11-19 17:06,0.00170000,6161000,5.23,-10479,0
2018-11-19 17:06,0.19540000,6156000,601.44,-1203484,0
2018-11-19 17:06,1.80200000,6156000,5546.55,-11098659,0
2018-11-19 17:07,0.06000000,6149000,184.47,368755,1
2018-11-19 17:07,0.00162628,6149000,4.99,9994,1
2018-11-19 17:07,0.00802382,6149000,24.66,49313,1
2018-11-19 17:07,0.50000000,6149000,1537.25,3072962,1
2018-11-19 17:07,0.07434900,6149000,228.58,456943,1
2018-11-19 17:07,1.00000000,6149000,3074.50,6145925,1
2018-11-19 17:07,0.01972217,6149000,60.63,121210,1
2018-11-19 17:07,0.00969684,6149000,29.81,59596,1
2018-11-19 17:07,0.12384899,6149000,380.77,761166,1
2018-11-19 17:07,0.20273290,6149000,623.30,1245981,1
2018-11-19 17:07,0.14215451,6115000,434.63,-869710,0
2018-11-19 17:07,0.00205799,6115000,6.29,-12591,0
2018-11-19 17:08,0.00343696,6115000,10.50,-21028,0
2018-11-19 17:08,0.02275054,6115000,69.55,-139190,0
2018-11-19 17:08,0.00380000,6113000,11.61,-23241,0
2018-11-19 17:09,1.82580000,6101000,5569.60,-11144776,0
2018-11-19 17:11,0.05484831,6137000,168.30,336435,1
2018-11-19 17:11,0.00400269,6137000,12.28,24552,1
2018-11-19 17:12,1.30682372,6116000,3996.26,7988537,1
2018-11-19 17:12,0.04900000,6116000,149.84,299534,1
2018-11-19 17:12,0.40158224,6116000,1228.03,2454848,1
2018-11-19 17:12,0.03300000,6116000,100.91,201727,1
2018-11-19 17:12,0.01157575,6116000,35.39,70761,1
2018-11-19 17:12,0.00567885,6116000,17.36,34714,1
2018-11-19 17:17,0.13320307,6127000,408.06,815727,1
2018-11-19 17:17,0.00029693,6127000,0.90,1818,1
2018-11-19 17:17,0.01630000,6116000,49.84,-99741,0
2018-11-19 17:20,0.01630000,6095000,49.67,99298,1
2018-11-19 17:21,0.00181258,6078000,5.50,-11023,0
2018-11-19 17:21,0.03308742,6078000,100.55,-201206,0
2018-11-19 17:23,0.03490000,6077000,106.04,211981,1
2018-11-19 17:30,0.10000000,6020000,301.00,-602301,0
2018-11-19 17:31,0.00351768,6040000,10.62,-21258,0
2018-11-19 17:31,0.02712275,6040000,81.91,-163904,0
2018-11-19 17:31,0.05975957,6040000,180.47,-361129,0
2018-11-19 17:32,0.19040000,6049000,575.86,1151153,1
2018-11-19 17:45,0.00170000,6055000,5.14,-10299,0
2018-11-19 17:45,2.00000000,6051000,6051.00,-12108051,0
2018-11-19 17:46,0.00048191,6066000,1.46,2921,1
2018-11-19 17:46,0.10867315,6066000,329.60,658881,1
2018-11-19 17:46,0.00632156,6066000,19.17,38327,1
2018-11-19 17:46,0.00632156,6066000,19.17,38327,1
2018-11-19 17:46,0.23584200,6066000,715.30,1429902,1
2018-11-19 17:54,0.00878512,6067000,26.64,53272,1
2018-11-19 17:54,0.57471361,6067000,1743.39,3485044,1
2018-11-19 17:54,0.04763752,6067000,144.50,288872,1
2018-11-19 17:54,0.00976772,6067000,29.63,59231,1
2018-11-19 17:54,0.00249596,6068000,7.57,15137,1
2018-11-19 17:54,1.00070404,6068000,3036.13,6069235,1
2018-11-19 18:00,0.00006629,6088000,0.20,-404,0
2018-11-19 18:02,0.00750000,6089000,22.83,-45691,0
2018-11-19 18:06,0.00750000,6101000,22.87,45734,1
2018-11-19 18:14,0.04095413,6098000,124.86,-249864,0
2018-11-19 18:14,0.90841010,6100000,2770.65,-5544073,0
2018-11-19 18:34,0.00079296,6100000,2.41,4834,1
2018-11-19 18:34,0.00700000,6100000,21.35,42678,1
2018-11-19 18:34,0.00055596,6093000,1.69,3385,1
2018-11-19 18:34,0.00210077,6093000,6.39,12793,1
2018-11-19 18:34,0.20765600,6093000,632.62,1264615,1
2018-11-19 18:34,0.01330000,6093000,40.51,80996,1
2018-11-19 18:34,0.00020000,6093000,0.60,1217,1
2018-11-19 18:34,0.12985300,6093000,395.59,790798,1
2018-11-19 18:34,0.05700000,6093000,173.65,347127,1
2018-11-19 18:34,0.08612400,6093000,262.37,524491,1
2018-11-19 18:34,0.03158431,6093000,96.22,192346,1
2018-11-19 18:34,0.41322596,6093000,1258.89,2516526,1
2018-11-28 13:59,0.22826598,4623000,527.63,-1055802,0
2018-11-28 13:59,0.01873688,4623000,43.31,-86664,0
2018-11-28 13:59,0.02337824,4623000,54.03,-108132,0
2018-11-28 14:02,0.00955623,4654000,22.23,-44497,0
2018-11-28 14:04,0.27990000,4666000,653.00,1305360,1
2018-11-28 14:06,0.00005115,4636000,0.11,-238,0
2018-11-28 14:10,1.99990000,4613000,4612.76,-9230152,0
2018-11-28 14:46,2.00000000,4583000,4583.00,9161417,1
2018-11-28 14:50,0.00390000,4573000,8.91,-17844,0
2018-11-28 14:50,0.00170000,4573000,3.88,-7778,0
2018-11-28 14:56,1.40360000,4569000,3206.52,-6416255,0
2018-11-28 14:58,0.28830000,4571000,658.90,-1318479,0
2018-11-28 15:10,0.00548805,4600000,12.62,25232,1
2018-11-28 15:10,0.10869565,4600000,249.99,499749,1
2018-11-28 15:10,0.05870716,4600000,135.02,269917,1
2018-11-28 16:24,0.89879766,4586000,2060.94,4119825,1
2018-11-28 16:24,0.00447284,4586000,10.25,20502,1
2018-11-28 16:24,0.06250115,4586000,143.31,286486,1
2018-11-28 16:24,0.00828806,4586000,19.00,37990,1
2018-11-28 16:24,0.08040050,4586000,184.35,368532,1
2018-11-28 16:24,0.35700000,4586000,818.60,1636383,1
2018-11-28 16:24,0.00081485,4586000,1.86,3735,1
2018-11-28 16:24,0.11232494,4586000,257.56,514864,1
2018-11-28 16:36,2.00000000,4595000,4595.00,-9194595,0
2018-11-28 16:52,0.50000000,4607000,1151.75,2302348,1
2018-11-28 17:06,0.07390258,4622000,170.78,341406,1
2018-11-28 17:06,0.04382464,4622000,101.27,202456,1
2018-11-28 17:06,0.05423650,4622000,125.34,250555,1
2018-11-28 17:06,0.10016739,4622000,231.48,462742,1
2018-11-28 17:06,0.20000000,4622000,462.20,923937,1
2018-11-28 17:06,0.11289155,4622000,260.89,521523,1
2018-11-28 17:06,0.09274300,4622000,214.32,428443,1
2018-11-28 17:06,0.39900000,4622000,922.08,1843255,1
2018-11-28 17:06,0.19950000,4622000,461.04,921627,1
2018-11-28 17:06,0.19580000,4622000,452.49,904535,1
2018-11-28 17:06,0.02793434,4622000,64.55,129047,1
2018-11-28 17:11,0.01880000,4602000,43.25,-86561,0
2018-11-28 17:19,1.52192135,4569000,3476.82,-6957136,0
2018-11-28 17:19,0.16007865,4569000,365.69,-731765,0
2018-11-28 18:48,0.38341489,4569000,875.91,1750946,1
2018-11-28 18:49,0.08451157,4571000,193.15,386109,1
2018-11-28 18:59,0.01092998,4570000,24.97,49925,1
2018-11-28 18:59,0.00464716,4569000,10.61,21222,1
2018-11-28 19:11,0.00743442,4559000,16.94,33876,1
2018-11-28 19:11,0.10000000,4559000,227.95,455672,1
2018-11-28 19:21,0.21905487,4566000,500.10,999704,1
2018-11-28 19:26,0.00009065,4572000,0.20,414,1
2018-11-28 19:26,0.89070935,4572000,2036.16,4070286,1
2018-11-28 20:05,0.07571270,4611000,174.55,-349286,0
2018-11-28 20:05,0.00001976,4615000,0.04,-92,0
2018-11-28 20:05,0.00188024,4615000,4.33,-8682,0
2018-11-28 20:07,0.07760000,4610000,178.86,357557,1
2018-11-28 21:54,0.06600000,4642000,153.18,-306526,0
2018-11-28 21:54,0.01550000,4670000,36.19,-72422,0
2018-11-28 21:55,0.08150000,4685000,190.91,381636,1
2018-11-28 21:57,0.01040000,4693000,24.40,-48832,0
2018-11-28 21:57,0.01040000,4730000,24.59,49167,1
2018-11-28 22:14,0.02841612,4712000,66.94,-133964,0
2018-11-28 22:14,0.02378388,4712000,56.03,-112126,0
2018-11-28 22:15,0.05220000,4741000,123.74,247356,1
2018-11-28 22:17,2.00000000,4720000,4720.00,-9444720,0
2018-11-28 22:25,0.00099910,4739000,2.36,4732,1
2018-11-28 22:25,0.14796600,4739000,350.60,700860,1
2018-11-28 22:33,1.85100000,4718000,4366.50,8728651,1
2018-11-28 22:43,0.32026501,4725000,756.62,-1514009,0
2018-11-28 22:46,0.32030000,4713000,754.78,1508819,1
2018-11-28 22:51,1.15228404,4700000,2707.86,-5418443,0
2018-11-28 22:51,0.00331596,4700000,7.79,-15593,0
2018-11-28 23:03,1.15560000,4709000,2720.86,5438999,1
2018-11-28 23:09,0.19179890,4700000,450.72,-901906,0
2018-11-28 23:19,0.03245484,4748000,77.04,154018,1
2018-11-28 23:19,0.03229527,4748000,76.66,153261,1
2018-11-28 23:23,0.00400000,4751000,9.50,-19014,0
2018-11-28 23:24,0.13110000,4788000,313.85,627392,1
2018-11-29 00:02,0.16888865,4760000,401.95,-804312,0
2018-11-29 00:02,0.45920219,4760000,1092.90,-2186896,0
2018-11-29 00:02,0.01051750,4760000,25.03,-50089,0
2018-11-29 00:02,0.32019166,4760000,762.05,-1524875,0
2018-11-29 00:08,0.01987862,4738000,47.09,94137,1
2018-11-29 00:08,0.20290000,4738000,480.67,960859,1
2018-11-29 00:08,0.16100000,4738000,381.40,762436,1
2018-11-29 00:16,0.73870000,4731000,1747.39,-3496537,0
2018-11-29 00:25,0.68620000,4734000,1624.23,-3250095,0
2018-11-29 01:15,0.00300000,4753000,7.12,14251,1
2018-11-29 01:15,0.00300000,4753000,7.12,14251,1
2018-11-29 01:15,0.07391301,4753000,175.65,351132,1
2018-11-29 01:16,0.01052188,4750000,24.98,49953,1
2018-11-29 01:16,0.08856590,4750000,210.34,420477,1
2018-11-29 01:27,0.01054102,4741000,24.98,49949,1
2018-11-29 01:27,1.81030000,4749000,4298.55,8592816,1
2018-11-29 01:54,0.06700000,4730000,158.45,-317069,0
2018-11-29 02:00,0.01620000,4720000,38.23,-76503,0
2018-11-29 02:08,0.08320000,4744000,197.35,394503,1
2018-11-29 02:37,0.13983365,4785000,334.55,-669439,0
2018-11-29 02:42,0.06486112,4762000,154.43,-309023,0
2018-11-29 02:42,0.11231244,4762000,267.41,-535100,0
2018-11-29 02:42,0.58081800,4762000,1382.92,-2767239,0
2018-11-29 02:42,1.10210000,4762000,2624.10,-5250825,0
2018-11-29 02:45,0.31923891,4759000,759.62,1518498,1
2018-11-29 02:45,0.27407159,4759000,652.15,1303654,1
2018-11-29 02:47,0.00850000,4761000,20.23,-40489,0
2018-11-29 02:53,0.02042313,4763000,48.63,97226,1
2018-11-29 02:58,1.20604018,4777000,2880.62,5758373,1
2018-11-29 03:01,0.01200072,4805000,28.83,57634,1
2018-11-29 03:01,0.02287994,4805000,54.96,109883,1
2018-11-29 03:01,0.02859993,4805000,68.71,137353,1
2018-11-29 03:01,0.02859992,4805000,68.71,137353,1
2018-11-29 03:06,0.17030000,4799000,408.63,-817679,0
2018-11-29 03:11,0.22973963,4815000,553.09,1105643,1
2018-11-29 03:19,0.02850000,4807000,68.49,-137068,0
2018-11-29 03:34,1.42845413,4800000,3428.28,-6860009,0
2018-11-29 03:34,0.00311802,4800000,7.48,-14974,0
2018-11-29 03:40,0.00036953,4792000,0.88,1769,1
2018-11-29 03:40,0.63228319,4792000,1514.95,3028386,1
2018-11-29 03:55,0.86460000,4813000,2080.65,4159239,1
2018-11-29 04:04,0.13847395,4836000,334.83,-669995,0
2018-11-29 04:07,0.00052923,4850000,1.28,2565,1
2018-11-29 04:07,0.13797077,4850000,334.57,668823,1
2018-11-29 04:20,0.02000000,4872000,48.72,-97489,0
2018-11-29 04:20,0.03024911,4872000,73.68,-147448,0
2018-11-29 04:22,0.05020000,4880000,122.48,244853,1
2018-11-29 04:47,2.00000000,4818000,4818.00,-9640818,0
2018-11-29 04:53,0.00412796,4845000,9.99,19989,1
2018-11-29 04:53,0.00200000,4845000,4.84,9685,1
2018-11-29 04:55,0.12437707,4847000,301.42,602554,1
2018-11-29 04:55,1.86952293,4847000,4530.78,9057046,1
2018-11-29 05:03,0.01300000,4835000,31.42,-62887,0
2018-11-29 05:05,0.90000000,4842000,2178.90,-4359979,0
2018-11-29 05:05,0.90000000,4842000,2178.90,-4359979,0
2018-11-29 05:38,0.31073095,4891000,759.89,1519025,1
2018-11-29 05:38,0.23443428,4887000,572.84,1145107,1
2018-11-29 05:38,0.01000000,4887000,24.43,48845,1
2018-11-29 05:42,0.00050708,4930000,1.24,2498,1
2018-11-29 05:42,0.20000000,4930000,493.00,985507,1
2018-11-29 05:46,0.04536786,4893000,110.99,-222096,0
2018-11-29 05:46,0.00653214,4893000,15.98,-31978,0
2018-11-29 05:50,0.01140000,4885000,27.84,-55717,0
2018-11-29 06:01,0.17360000,4883000,423.84,-848113,0
2018-11-29 06:04,0.09132273,4866000,222.18,444154,1
2018-11-29 06:04,0.07500000,4866000,182.47,364767,1
2018-11-29 06:04,0.08355330,4866000,203.28,406367,1
2018-11-29 06:09,0.00042114,4856000,1.02,2044,1
2018-11-29 06:10,0.00098072,4857000,2.38,-4766,0
2018-11-29 06:10,0.00130905,4857000,3.17,-6362,0
2018-11-29 06:11,0.00065452,4857000,1.58,-3181,0
2018-11-29 06:11,0.09788882,4864000,238.06,475893,1
2018-11-29 06:13,0.00058807,4856000,1.42,-2857,0
2018-11-29 06:13,0.04491193,4856000,109.04,-218202,0
2018-11-29 06:19,0.81380000,4829000,1964.92,-3931806,0
2018-11-29 06:39,0.86310000,4862000,2098.19,4194294,1
2018-11-29 06:39,0.05000000,4862000,121.55,242978,1
2018-11-29 06:51,0.89520000,4838000,2165.48,4328812,1
2018-11-29 06:54,0.00325193,4818000,7.83,-15676,0
2018-11-29 06:54,0.06450000,4818000,155.38,-310917,0
2018-11-29 06:54,1.93224807,4818000,4654.78,-9314226,0
2018-11-29 06:55,1.25834661,4797000,3018.14,6033270,1
2018-11-29 06:55,0.01900000,4797000,45.57,91097,1
2018-11-29 06:55,0.20000000,4797000,479.70,958920,1
2018-11-29 06:56,0.20000000,4797000,479.70,958920,1
2018-11-29 06:56,1.67740000,4792000,4019.05,-8042120,0
2018-11-29 06:58,0.08903250,4804000,213.85,427498,1
2018-11-29 07:04,1.91100000,4794000,4580.66,9156753,1
2018-11-29 07:07,0.03510000,4770000,83.71,-167511,0
2018-11-29 07:08,0.06330000,4772000,151.03,-302219,0
2018-11-29 07:21,0.01064093,4768000,25.36,50710,1
2018-11-29 07:21,0.01034110,4768000,24.65,49281,1
2018-11-29 07:42,0.39299809,4728000,929.04,-1859024,0
2018-11-29 07:42,0.99544515,4728000,2353.23,-4708818,0
2018-11-29 07:44,0.05476338,4734000,129.62,259120,1
2018-11-29 07:44,0.07800000,4734000,184.62,369067,1
2018-11-29 07:44,0.08424023,4734000,199.39,398593,1
2018-11-29 07:44,0.15319490,4734000,362.61,724862,1
2018-11-29 07:44,0.22546342,4734000,533.67,1066810,1
2018-11-29 07:44,0.00697296,4734000,16.50,32993,1
2018-11-29 07:46,0.72694062,4732000,1719.94,3438163,1
2018-11-29 08:04,0.01049958,4774000,25.06,50099,1
2018-11-29 08:28,1.87420000,4761000,4461.53,-8927528,0
2018-11-29 08:37,0.17832970,4764000,424.78,849137,1
2018-11-29 08:39,0.05011156,4758000,119.21,238311,1
2018-11-29 08:39,0.05251856,4758000,124.94,249758,1
2018-11-29 08:39,0.00929440,4758000,22.11,44200,1
2018-11-29 08:42,0.58471517,4778000,1396.88,2792372,1
2018-11-29 08:42,0.79282336,4778000,1894.05,3786215,1
2018-11-29 08:42,0.00500000,4778000,11.94,23878,1
2018-11-29 08:42,0.32717664,4778000,781.62,1562468,1
2018-11-29 09:04,0.01790000,4825000,43.18,-86411,0
2018-11-29 09:14,0.06300000,4802000,151.26,-302678,0
2018-11-29 09:14,0.08980000,4802000,215.60,-431436,0
2018-11-29 09:21,0.17070000,4781000,408.05,815708,1
2018-11-29 09:46,0.00100000,4786000,2.39,-4789,0
2018-11-29 09:47,0.00068343,4793000,1.63,3274,1
2018-11-29 09:47,0.00031657,4793000,0.75,1516,1
2018-11-29 09:55,0.00385656,4806000,9.26,-18544,0
2018-11-29 09:55,0.00390000,4817000,9.39,18776,1
2018-11-29 09:58,0.80378554,4817000,1935.91,-3873771,0
2018-11-29 09:58,1.19621446,4817000,2881.08,-5765047,0
2018-11-29 10:09,0.02900000,4793000,69.49,138927,1
2018-11-29 10:09,0.00790000,4793000,18.93,37845,1
2018-11-29 10:09,0.01354992,4793000,32.47,64912,1
2018-11-29 10:09,0.07713612,4793000,184.85,369528,1
2018-11-29 10:09,0.09620897,4793000,230.56,460899,1
2018-11-29 10:09,0.01966022,4793000,47.11,94184,1
2018-11-29 10:12,1.56578681,4788000,3748.49,7493238,1
2018-11-29 10:12,0.00326689,4788000,7.82,15634,1
2018-11-29 10:28,0.00457832,4740000,10.85,21690,1
2018-11-29 10:28,0.00571068,4740000,13.53,27055,1
2018-11-29 10:28,0.03618582,4740000,85.76,171435,1
2018-11-29 10:28,0.04321983,4736000,102.34,204586,1
2018-11-29 10:28,0.07881605,4736000,186.63,373086,1
2018-11-29 10:28,0.01896412,4736000,44.90,89769,1
2018-11-29 10:35,1.14894861,4706000,2703.47,-5409656,0
2018-11-29 10:35,0.00070045,4706000,1.64,-3298,0
2018-11-29 10:35,0.30974581,4706000,728.83,-1458393,0
2018-11-29 10:35,0.54060513,4706000,1272.04,-2545360,0
2018-11-29 10:36,0.25579417,4701000,601.24,1201887,1
2018-11-29 10:36,1.74420583,4700000,4098.88,8193668,1
2018-11-29 10:50,0.00231934,4713000,5.46,-10937,0
2018-11-29 10:50,0.01230000,4713000,28.98,-57999,0
2018-11-29 10:50,0.01300000,4713000,30.63,-61300,0
2018-11-29 10:54,0.00007403,4694000,0.17,-348,0
2018-11-29 10:54,0.01067105,4694000,25.04,-50115,0
2018-11-29 10:54,0.01067105,4694000,25.04,-50115,0
2018-11-29 10:54,0.01067105,4694000,25.04,-50115,0
2018-11-29 10:54,0.01067105,4694000,25.04,-50115,0
2018-11-29 10:54,0.06844177,4694000,160.63,-321427,0
2018-11-29 10:56,0.00720000,4677000,16.83,-33692,0
2018-11-29 10:57,0.05870000,4679000,137.32,-274795,0
2018-11-29 10:59,0.20470000,4673000,478.28,956084,1
2018-11-29 10:59,0.58757158,4675000,1373.44,-2748271,0
2018-11-29 11:17,1.41230000,4686000,3309.01,-6621347,0
2018-11-29 11:24,0.00442136,4679000,10.34,20677,1
2018-11-29 11:24,0.01174730,4679000,27.48,54938,1
2018-11-29 11:24,0.25888913,4679000,605.67,1210736,1
2018-11-29 11:24,1.09484740,4679000,2561.39,5120229,1
2018-11-29 11:24,0.15430000,4679000,360.98,721608,1
2018-11-29 11:24,0.00505273,4679000,11.82,23629,1
2018-11-29 11:25,0.47060000,4676000,1100.26,2199425,1
2018-11-29 12:13,0.00007095,4713000,0.16,-335,0
2018-11-29 12:13,0.27342905,4713000,644.33,-1289316,0
2018-11-29 12:14,0.27350000,4724000,646.00,1291367,1
2018-11-29 12:54,2.00000000,4700000,4700.00,-9404700,0
2018-11-29 13:18,1.34817807,4696000,3165.52,6327878,1
2018-11-29 13:22,0.06456362,4706000,151.91,-303989,0
2018-11-29 13:22,0.01700000,4706000,40.00,-80042,0
2018-11-29 13:22,0.06836414,4706000,160.86,-321883,0
2018-11-29 13:22,0.31767224,4706000,747.48,-1495713,0
2018-11-29 13:24,1.11940000,4720000,2641.78,5280926,1
2018-11-29 14:17,0.32673717,4750000,776.00,-1552778,0
2018-11-29 14:17,0.02118644,4750000,50.31,-100686,0
2018-11-29 14:25,0.04224852,4765000,100.65,-201415,0
2018-11-29 14:44,0.39020000,4777000,931.99,1863053,1
2018-11-29 16:15,1.36730772,4725000,3230.26,-6463760,0
2018-11-29 16:15,0.63269228,4725000,1494.73,-2990966,0
2018-11-29 17:17,0.00261177,4769000,6.22,12449,1
2018-11-29 17:24,1.99740000,4780000,4773.78,9542798,1
2018-11-29 18:11,0.20000000,4851000,485.10,-970686,0
2018-11-29 18:11,1.00000000,4851000,2425.50,-4853426,0
2018-11-29 18:12,0.04197182,4861000,102.01,203923,1
2018-11-29 18:12,0.40575755,4861000,986.19,1971401,1
2018-11-29 18:13,0.58271868,4876000,1420.66,2839915,1
2018-11-29 18:13,0.03717525,4867000,90.46,180841,1
2018-11-29 18:13,0.02852917,4867000,69.42,138782,1
2018-11-29 18:13,0.02000000,4867000,48.67,97291,1
2018-11-29 18:13,0.02410814,4867000,58.66,117275,1
2018-11-29 18:13,0.00881635,4867000,21.45,42887,1
2018-11-29 18:13,0.05087109,4867000,123.79,247465,1
2018-11-29 18:18,0.02700000,4897000,66.10,-132286,0
2018-11-29 18:19,0.06467957,4905000,158.62,-317412,0
2018-11-29 18:19,0.01020845,4905000,25.03,-50098,0
2018-11-29 18:19,0.06311198,4905000,154.78,-309719,0
2018-11-29 18:20,0.01600000,4906000,39.24,78456,1
2018-11-29 18:20,0.14900000,4906000,365.49,730628,1
2018-11-29 18:25,2.00000000,4892000,4892.00,-9788892,0
2018-11-29 18:30,0.17230739,4906000,422.67,844917,1
2018-11-29 18:30,0.00418982,4906000,10.27,20544,1
2018-11-29 18:30,0.31260000,4906000,766.80,1532848,1
2018-11-29 18:30,0.25031210,4923000,616.14,1231670,1
2018-11-29 18:30,0.00300000,4923000,7.38,14761,1
2018-11-29 18:30,0.10017445,4923000,246.57,492912,1
2018-11-29 18:30,0.00827697,4923000,20.37,40727,1
2018-11-29 18:30,0.53269620,4923000,1311.23,2621152,1
2018-11-29 18:30,0.10000000,4923000,246.15,492053,1
2018-11-29 18:30,0.00818108,4923000,20.13,40255,1
2018-11-29 18:30,0.02300000,4923000,56.61,113172,1
2018-11-29 18:30,0.01900000,4923000,46.76,93490,1
2018-11-29 18:30,0.27195900,4923000,669.42,1338184,1
2018-11-29 18:31,0.11155442,4934000,275.20,-550685,0
2018-11-29 18:31,0.00202213,4934000,4.98,-9983,0
2018-11-29 18:32,0.25532818,4951000,632.06,1263497,1
2018-11-29 18:32,0.05257182,4951000,130.14,260152,1
2018-11-29 18:34,0.00099559,4923000,2.45,-4904,0
2018-11-29 18:34,0.00790441,4923000,19.45,-38933,0
2018-11-29 18:35,0.17093431,4911000,419.72,-839879,0
2018-11-29 18:35,0.00131800,4911000,3.23,-6476,0
2018-11-29 18:35,0.16934769,4911000,415.83,-832083,0
2018-11-29 18:36,0.00813881,4929000,20.05,40096,1
2018-11-29 18:36,0.04825286,4929000,118.91,237719,1
2018-11-29 18:36,0.01016941,4929000,25.06,50099,1
2018-11-29 18:36,0.02862708,4929000,70.55,141032,1
2018-11-29 18:36,0.25531184,4929000,629.21,1257802,1
2018-11-29 18:37,0.63708489,4924000,1568.50,-3138575,0
2018-11-29 18:37,0.27991511,4924000,689.15,-1378992,0
2018-11-29 18:39,0.74280255,4917000,1826.18,3650533,1
2018-11-29 18:39,0.00098366,4917000,2.41,4834,1
2018-11-29 18:39,0.17320000,4918000,425.89,851371,1
2018-11-29 18:40,2.00000000,4920000,4920.00,-9844920,0
2018-11-29 18:42,0.10175628,4917000,250.16,500085,1
2018-11-29 18:42,0.01091175,4917000,26.82,53626,1
2018-11-29 18:42,0.00405727,4917000,9.97,19939,1
2018-11-29 18:42,0.32669485,4900000,800.40,1600004,1
2018-11-29 18:42,0.01600000,4900000,39.20,78360,1
2018-11-29 18:42,0.08289776,4900000,203.09,405995,1
2018-11-29 18:42,0.01260000,4900000,30.87,61709,1
2018-11-29 18:42,0.55480000,4898000,1358.70,-2718770,0
2018-11-29 18:49,0.02204597,4917000,54.20,108345,1
2018-11-29 18:49,0.08804900,4917000,216.46,432720,1
2018-11-29 18:49,0.03394885,4917000,83.46,166843,1
2018-11-29 18:49,0.18258881,4917000,448.89,897340,1
2018-11-29 18:49,0.09580412,4918000,235.58,470929,1
2018-11-29 18:49,0.05000000,4918000,122.95,245777,1
2018-11-29 18:49,0.63687162,4918000,1566.06,3130568,1
2018-11-29 18:50,0.52653974,4917000,1294.49,2587701,1
2018-11-29 18:50,0.04081841,4917000,100.35,200603,1
2018-11-29 18:50,0.00051300,4916000,1.26,2520,1
2018-11-29 18:50,0.32278700,4916000,793.41,1586027,1
2018-11-29 18:54,0.08368958,4925000,206.08,-412378,0
2018-11-29 18:54,0.10000000,4925000,246.25,-492747,0
2018-11-29 19:00,0.05950842,4917000,146.30,292456,1
2018-11-29 19:00,0.07155604,4917000,175.92,351665,1
2018-11-29 19:00,0.02610298,4917000,64.17,128284,1
2018-11-29 19:00,0.02643256,4917000,64.98,129903,1
2018-11-29 19:05,2.00000000,4915000,4915.00,-9834915,0
2018-11-29 19:05,0.00777075,4926000,19.13,38259,1
2018-11-29 19:05,0.06219400,4926000,153.18,306214,1
2018-11-29 19:06,0.04772000,4946000,118.01,235905,1
2018-11-29 19:06,0.45671574,4946000,1129.45,2257786,1
2018-11-29 19:08,0.70985330,4936000,1751.91,3502083,1
2018-11-29 19:08,0.00072858,4933000,1.79,3592,1
2018-11-29 19:08,0.00920000,4933000,22.69,45360,1
2018-11-29 19:08,0.03156687,4933000,77.85,155641,1
2018-11-29 19:14,0.10000000,4918000,245.90,491554,1
2018-11-29 19:14,0.57430000,4918000,1412.20,2822995,1
2018-11-29 19:14,2.00000000,4906000,4906.00,-9816906,0
2018-11-29 19:16,0.04333317,4891000,105.97,211836,1
2018-11-29 19:24,0.29826551,4875000,727.02,1453317,1
2018-11-29 19:24,0.85590829,4875000,2086.27,4170466,1
2018-11-29 19:24,0.20491803,4875000,499.48,998475,1
2018-11-29 19:24,0.15020000,4875000,366.11,731858,1
2018-11-29 19:24,0.00060000,4875000,1.46,2923,1
2018-11-29 19:24,0.07510000,4875000,183.05,365929,1
2018-11-29 19:24,0.10425691,4875000,254.12,507998,1
2018-11-29 19:24,0.07768599,4875000,189.35,378529,1
2018-11-29 19:24,0.10972748,4877000,267.57,534873,1
2018-11-29 19:24,0.03488051,4877000,85.05,170027,1
2018-11-29 19:26,0.01762116,4872000,42.92,85807,1
2018-11-29 19:26,0.02747884,4872000,66.93,133809,1
2018-11-29 19:26,0.17559887,4870000,427.58,-855594,0
2018-11-29 19:26,0.76950113,4870000,1873.73,-3749345,0
2018-11-29 19:26,1.05490000,4874000,2570.79,-5144154,0
2018-11-29 19:30,0.00020820,4895000,0.50,1018,1
2018-11-29 19:30,0.02040400,4895000,49.93,99827,1
2018-11-29 19:30,0.45700000,4895000,1118.50,2235896,1
2018-11-29 19:30,0.09551033,4895000,233.76,467289,1
2018-11-29 19:30,0.16701285,4895000,408.76,817119,1
2018-11-29 19:30,0.01714518,4895000,41.96,83883,1
2018-11-29 19:30,0.13959096,4900000,341.99,-684338,0
2018-11-29 19:30,0.02990919,4900000,73.27,-146629,0
2018-11-29 19:30,0.58779985,4900000,1440.10,-2881660,0
2018-11-29 19:31,2.00000000,4899000,4899.00,9793101,1
2018-11-29 19:43,0.00007781,4922000,0.19,-384,0
2018-11-29 19:48,1.69430000,4910000,4159.50,-8323173,0
2018-11-29 19:49,0.13674293,4916000,336.11,671892,1
2018-11-29 19:49,0.90000000,4916000,2212.20,4422187,1
2018-11-29 19:49,0.05000000,4916000,122.90,245677,1
2018-11-29 19:49,0.05000000,4916000,122.90,245677,1
2018-11-29 19:49,0.03288096,4916000,80.82,161561,1
2018-11-29 19:49,0.10000000,4916000,245.80,491354,1
2018-11-29 19:49,0.05000000,4916000,122.90,245677,1
2018-11-29 19:54,0.00043428,4900000,1.06,-2129,0
2018-11-29 19:59,0.37520000,4891000,917.55,1834185,1
2018-11-29 20:09,2.00000000,4920000,4920.00,-9844920,0
2018-11-29 20:14,0.00016714,4920000,0.41,821,1
2018-11-29 20:15,0.50564700,4937000,1248.18,2495131,1
2018-11-29 20:15,1.05000000,4937000,2591.92,5181258,1
2018-11-29 20:15,0.44425300,4937000,1096.63,2192180,1
2018-11-29 20:24,0.82610933,4944000,2042.14,-4086327,0
2018-11-29 20:24,0.00300000,4944000,7.41,-14840,0
2018-11-29 20:24,0.06194862,4944000,153.13,-306428,0
2018-11-29 20:24,0.01200000,4944000,29.66,-59358,0
2018-11-29 20:25,0.00050000,4966000,1.24,2481,1
2018-11-29 20:25,0.00600000,4966000,14.89,29781,1
2018-11-29 20:25,0.00260000,4966000,6.45,12905,1
2018-11-29 20:25,0.00110000,4966000,2.73,5459,1
2018-11-29 20:25,0.00100000,4966000,2.48,4963,1
2018-11-29 20:25,0.00040000,4966000,0.99,1985,1
2018-11-29 20:25,0.00040000,4966000,0.99,1985,1
2018-11-29 20:25,0.00400000,4966000,9.93,19854,1
2018-11-29 20:25,0.00100000,4965000,2.48,4962,1
2018-11-29 20:25,0.00210000,4965000,5.21,10421,1
2018-11-29 20:25,0.00080000,4965000,1.98,3970,1
2018-11-29 20:25,0.00980000,4965000,24.32,48632,1
2018-11-29 20:25,0.06740000,4965000,167.32,334473,1
2018-11-29 20:25,0.00180000,4965000,4.46,8932,1
2018-11-29 20:25,0.00100000,4965000,2.48,4962,1
2018-11-29 20:25,0.00090000,4965000,2.23,4466,1
2018-11-29 20:25,0.00570000,4965000,14.15,28286,1
2018-11-29 20:25,0.00210000,4965000,5.21,10421,1
2018-11-29 20:25,0.00040000,4965000,0.99,1985,1
2018-11-29 20:25,0.01090000,4965000,27.05,54091,1
2018-11-29 20:25,0.00050000,4965000,1.24,2481,1
2018-11-29 20:25,0.00040000,4965000,0.99,1985,1
2018-11-29 20:25,0.00640000,4965000,15.88,31760,1
2018-11-29 20:25,0.00050000,4965000,1.24,2481,1
2018-11-29 20:25,0.00060000,4965000,1.48,2977,1
2018-11-29 20:25,0.00040000,4965000,0.99,1985,1
2018-11-29 20:25,0.00040000,4965000,0.99,1985,1
2018-11-29 20:25,0.00080000,4965000,1.98,3970,1
2018-11-29 20:25,0.00040000,4965000,0.99,1985,1
2018-11-29 20:25,0.00150000,4965000,3.72,7443,1
2018-11-29 20:25,0.00080000,4965000,1.98,3970,1
2018-11-29 20:25,0.20000000,4965000,496.50,992503,1
2018-11-29 20:25,0.00040000,4965000,0.99,1985,1
2018-11-29 20:25,0.00080000,4965000,1.98,3970,1
2018-11-29 20:25,0.00100000,4965000,2.48,4962,1
2018-11-29 20:25,0.00080000,4965000,1.98,3970,1
2018-11-29 20:25,0.00830000,4965000,20.60,41188,1
2018-11-29 20:25,0.00050000,4965000,1.24,2481,1
2018-11-29 20:25,0.00190000,4965000,4.71,9428,1
2018-11-29 20:25,0.00090000,4965000,2.23,4466,1
2018-11-29 20:25,0.00080000,4965000,1.98,3970,1
2018-11-29 20:25,0.54960000,4965000,1364.38,2727399,1
2018-11-29 20:25,0.00100000,4965000,2.48,4962,1
2018-11-29 20:25,0.00400000,4965000,9.93,19850,1
2018-11-29 20:25,0.00040000,4965000,0.99,1985,1
2018-11-29 20:28,0.07181920,5002000,179.61,-359420,0
2018-11-29 20:28,0.03398080,5002000,84.98,-170057,0
2018-11-29 20:30,0.10580000,4997000,264.34,528418,1
2018-11-29 20:39,0.14999020,5000000,374.97,-750326,0
2018-11-29 20:39,0.01631371,5000000,40.78,-81610,0
2018-11-29 20:39,0.03670585,5000000,91.76,-183621,0
2018-11-29 20:39,1.79699024,5000000,4492.47,-8989444,0
2018-11-29 20:48,1.46367263,4987000,3649.66,7295685,1
2018-11-29 20:48,0.06795578,4987000,169.44,338726,1
2018-11-29 20:48,0.46837159,4987000,1167.88,2334601,1
2018-11-29 20:53,1.21217592,4962000,3007.40,-6017825,0
2018-11-29 20:53,0.12872408,4962000,319.36,-639049,0
2018-11-29 20:53,0.65910000,4962000,1635.22,-3272090,0
2018-11-29 20:54,0.28100868,4951000,695.63,1390578,1
2018-11-29 20:54,0.11605713,4950000,287.24,574195,1
2018-11-29 20:54,0.00022211,4950000,0.54,1098,1
2018-11-29 20:54,0.44996552,4950000,1113.66,2226215,1
2018-11-29 20:54,0.45639607,4950000,1129.58,2258030,1
2018-11-29 20:54,0.34400000,4950000,851.40,1701948,1
2018-11-29 20:54,0.04060000,4950000,100.48,200869,1
2018-11-29 20:54,0.02990000,4950000,74.00,147930,1
2018-11-29 20:54,0.02080000,4950000,51.48,102908,1
2018-11-29 20:54,0.26105049,4950000,646.09,1291553,1
2018-11-29 20:58,0.62000000,4960000,1537.60,-3076738,0
2018-11-29 20:59,0.00003551,4956000,0.08,175,1
2018-11-29 20:59,0.32983633,4956000,817.33,1633851,1
2018-11-29 20:59,0.27470900,4956000,680.72,1360777,1
2018-11-29 20:59,0.01541916,4956000,38.20,76379,1
2018-11-29 21:10,0.06149554,4951000,152.23,-304617,0
2018-11-29 21:10,0.08780446,4951000,217.35,-434938,0
2018-11-29 21:13,0.02778536,4934000,68.54,-137162,0
2018-11-29 21:13,0.01301464,4934000,32.10,-64247,0
2018-11-29 21:14,0.14590000,4922000,359.05,-718479,0
2018-11-29 21:14,0.12010000,4923000,295.62,-591548,0
2018-11-29 21:15,0.00520000,4915000,12.77,-25571,0
2018-11-29 21:15,1.53870000,4915000,3781.35,-7566492,0
2018-11-29 21:18,0.10983634,4930000,270.74,541222,1
2018-11-29 21:18,0.32000000,4930000,788.80,1576811,1
2018-11-29 21:22,0.05515117,4939000,136.19,272255,1
2018-11-29 21:22,1.51504883,4939000,3741.41,7479084,1
2018-11-29 21:35,0.83800000,4919000,2061.06,-4124183,0
2018-11-29 21:35,1.16200000,4920000,2858.52,-5719899,0
2018-11-29 21:36,0.20083958,4916000,493.66,986833,1
2018-11-29 21:36,0.03771129,4916000,92.69,185296,1
2018-11-29 21:36,0.11865515,4916000,291.65,583017,1
2018-11-29 21:36,0.00420313,4916000,10.33,20652,1
2018-11-29 21:40,0.13321237,4928000,328.23,656142,1
2018-11-29 21:40,0.01003879,4928000,24.73,49446,1
2018-11-29 21:40,0.01003879,4928000,24.73,49446,1
2018-11-29 21:40,0.02034294,4928000,50.12,100199,1
2018-11-29 21:40,0.00250521,4928000,6.17,12339,1
2018-11-29 21:40,0.01016795,4926000,25.04,50062,1
2018-11-29 21:40,0.11461700,4926000,282.30,564321,1
2018-11-29 21:40,0.08316534,4926000,204.83,409467,1
2018-11-29 21:40,0.12396887,4926000,305.33,610365,1
2018-11-29 21:40,0.86260496,4925000,2124.16,4246205,1
2018-11-29 21:40,0.10300000,4925000,253.63,507021,1
2018-11-29 21:40,0.00021000,4925000,0.51,1033,1
2018-11-29 21:40,0.00600000,4925000,14.77,29535,1
2018-11-29 21:40,0.06200000,4925000,152.67,305197,1
2018-11-29 21:40,0.09668504,4925000,238.08,475935,1
2018-11-29 21:49,0.03990000,4927000,98.29,-196686,0
2018-11-29 21:52,0.02027574,4931000,49.98,99929,1
2018-11-29 21:52,0.01962426,4931000,48.38,96718,1
2018-11-29 21:54,0.46210000,4915000,1135.61,-2272358,0
2018-11-29 21:54,0.25298315,4911000,621.20,-1243022,0
2018-11-29 21:54,0.08371685,4911000,205.56,-411339,0
2018-11-29 21:56,0.00770000,4880000,18.78,-37595,0
2018-11-29 21:57,0.25785741,4869000,627.75,1254879,1
2018-11-29 21:57,0.54864259,4868000,1335.39,2669456,1
2018-11-29 21:59,0.47290000,4835000,1143.23,-2287615,0
2018-11-29 21:59,0.95330000,4818000,2296.49,-4595296,0
2018-11-29 21:59,0.57380000,4807000,1379.12,-2759636,0
2018-11-29 22:01,0.71000000,4842000,1718.91,3436101,1
2018-11-29 22:01,0.14196550,4842000,343.69,687053,1
2018-11-29 22:01,0.70000000,4842000,1694.70,3387705,1
2018-11-29 22:01,0.06439107,4842000,155.89,311625,1
2018-11-29 22:01,0.02064835,4842000,49.98,99929,1
2018-11-29 22:01,0.01000000,4842000,24.21,48395,1
2018-11-29 22:02,1.64700000,4803000,3955.27,-7914497,0
2018-11-29 22:03,2.00000000,4825000,4825.00,9645175,1
2018-11-29 22:05,2.00000000,4818000,4818.00,-9640818,0
2018-11-29 22:09,0.15625258,4830000,377.34,754322,1
2018-11-29 22:10,0.02839252,4831000,68.58,137095,1
2018-11-29 22:10,0.02000000,4831000,48.31,96571,1
2018-11-29 22:11,1.79540000,4822000,4328.70,8653090,1
2018-11-29 22:16,1.95546833,4775000,4668.68,-9342030,0
2018-11-29 22:16,0.04453167,4775000,106.31,-212745,0
2018-11-29 22:21,2.00000000,4821000,4821.00,9637179,1
2018-11-29 22:22,0.00002847,4828000,0.06,-138,0
2018-11-29 22:22,0.03217153,4828000,77.66,-155402,0
2018-11-29 22:24,0.00928777,4845000,22.49,44976,1
2018-11-29 22:24,0.02291223,4845000,55.50,110954,1
2018-11-29 22:31,0.00002441,4835000,0.05,-118,0
2018-11-29 22:31,0.00917559,4835000,22.18,-44387,0
2018-11-29 22:31,0.00340000,4835000,8.21,-16448,0
2018-11-29 22:32,0.01260000,4847000,30.53,61041,1
2018-11-29 22:38,0.01740000,4831000,42.02,-84102,0
2018-11-29 22:41,0.01740000,4845000,42.15,84260,1
2018-11-29 22:42,0.06930000,4849000,168.01,-336204,0
2018-11-29 22:43,0.01651856,4849000,40.04,-80139,0
2018-11-29 22:43,0.00098144,4849000,2.37,-4762,0
2018-11-29 22:48,0.01672486,4845000,40.51,80991,1
2018-11-29 22:51,0.02064409,4844000,49.99,99949,1
2018-11-29 22:51,0.02064409,4844000,49.99,99949,1
2018-11-29 22:52,0.00023000,4845000,0.55,-1115,0
2018-11-29 22:52,0.09957000,4845000,241.20,-482658,0
2018-11-29 22:53,0.02415400,4845000,58.51,-117085,0
2018-11-29 22:53,0.00014600,4845000,0.35,-708,0
2018-11-29 22:57,0.00033733,4832000,0.81,1629,1
2018-11-29 22:57,0.15256267,4832000,368.59,736814,1
2018-11-29 23:04,0.71011272,4841000,1718.82,-3439375,0
2018-11-29 23:04,0.00200584,4841000,4.85,-9716,0
2018-11-29 23:06,0.00030000,4869000,0.73,1459,1
2018-11-29 23:06,0.01630868,4869000,39.70,79367,1
2018-11-29 23:06,0.12000000,4869000,292.14,583987,1
2018-11-29 23:06,0.18000000,4869000,438.21,875981,1
2018-11-29 23:06,0.39549132,4869000,962.82,1924684,1
2018-11-29 23:26,0.26850000,4900000,657.82,-1316308,0
2018-11-29 23:27,0.26850000,4894000,657.01,1313381,1
2018-11-30 00:07,2.00000000,4860000,4860.00,-9724860,0
2018-11-30 00:09,0.02500974,4856000,60.72,121386,1
2018-11-30 00:09,0.05900000,4856000,143.25,286360,1
2018-11-30 00:09,0.14874400,4856000,361.15,721939,1
2018-11-30 00:09,0.07000000,4856000,169.96,339750,1
2018-11-30 00:09,0.03800000,4856000,92.26,184435,1
2018-11-30 00:09,0.04469000,4856000,108.50,216906,1
2018-11-30 00:09,0.39344300,4856000,955.27,1909603,1
2018-11-30 00:09,0.01600000,4856000,38.84,77657,1
2018-11-30 00:09,0.00400000,4856000,9.71,19414,1
2018-11-30 00:09,0.01600000,4856000,38.84,77657,1
2018-11-30 00:09,0.47137000,4856000,1144.48,2287828,1
2018-11-30 00:09,0.00410087,4856000,9.95,19903,1
2018-11-30 00:11,0.04488749,4849000,108.82,-217769,0
2018-11-30 00:13,0.00880000,4853000,21.35,-42728,0
2018-11-30 00:16,0.47790000,4840000,1156.51,-2314193,0
2018-11-30 00:16,0.08100000,4835000,195.81,391439,1
2018-11-30 00:16,0.13830000,4835000,334.34,668346,1
2018-11-30 00:16,0.16708333,4835000,403.92,807443,1
2018-11-30 00:16,0.00245405,4835000,5.93,11859,1
2018-11-30 00:16,0.10025000,4835000,242.35,484466,1
2018-11-30 00:29,0.00257447,4839000,6.22,12451,1
2018-11-30 00:29,0.00448017,4839000,10.83,21668,1
2018-11-30 00:33,0.01400000,4843000,33.90,-67836,0
2018-11-30 00:34,0.75910000,4846000,1839.29,3676759,1
2018-11-30 00:50,0.00330000,4851000,8.00,-16017,0
2018-11-30 00:50,0.00005757,4848000,0.13,-280,0
2018-11-30 00:50,0.00739500,4848000,17.92,-35869,0
2018-11-30 00:52,0.18320037,4849000,444.16,-888783,0
2018-11-30 00:52,0.00192048,4849000,4.65,-9317,0
2018-11-30 00:52,0.00291422,4849000,7.06,-14139,0
2018-11-30 00:52,0.00136573,4849000,3.31,-6626,0
2018-11-30 00:56,0.20010000,4850000,485.24,969999,1
2018-11-30 01:02,0.11285300,4842000,273.21,-546708,0
2018-11-30 01:02,0.00042301,4842000,1.02,-2050,0
2018-11-30 01:02,0.07700000,4842000,186.41,-373021,0
2018-11-30 01:02,0.04152399,4842000,100.52,-201160,0
2018-11-30 01:05,0.00032560,4845000,0.78,1576,1
2018-11-30 01:06,0.23150000,4838000,559.99,1119437,1
2018-11-30 01:21,0.33600000,4837000,812.61,-1626045,0
2018-11-30 01:23,0.23776571,4844000,575.86,1151161,1
2018-11-30 01:23,0.05953971,4843000,144.17,288206,1
2018-11-30 01:23,0.03866029,4843000,93.61,187138,1
2018-11-30 01:27,0.39781361,4863000,967.28,-1935535,0
2018-11-30 01:27,0.05245559,4863000,127.54,-255219,0
2018-11-30 01:27,0.01029544,4863000,25.03,-50092,0
2018-11-30 01:27,0.02060612,4863000,50.10,-100258,0
2018-11-30 01:27,0.00072924,4863000,1.77,-3548,0
2018-11-30 01:28,0.00060822,4860000,1.47,2954,1
2018-11-30 01:28,0.21163600,4860000,514.27,1028036,1
2018-11-30 01:29,0.00300000,4864000,7.29,-14600,0
2018-11-30 01:40,0.01024718,4884000,25.02,-50073,0
2018-11-30 01:40,0.30826542,4884000,752.78,-1506321,0
2018-11-30 01:40,0.00600000,4884000,14.65,-29319,0
2018-11-30 01:40,0.01382408,4884000,33.75,-67551,0
2018-11-30 01:42,0.11948675,4895000,292.44,584595,1
2018-11-30 01:42,0.05561887,4895000,136.12,272118,1
2018-11-30 01:42,0.11776480,4890000,287.93,575581,1
2018-11-30 01:42,0.10000000,4890000,244.50,488755,1
2018-11-30 01:42,0.21813520,4890000,533.34,1066147,1
2018-11-30 01:45,0.01000000,4882000,24.41,-48845,0
2018-11-30 01:46,0.01000000,4881000,24.40,48785,1
2018-11-30 01:48,0.01424031,4876000,34.71,-69471,0
2018-11-30 01:48,0.20000000,4876000,487.60,-975688,0
2018-11-30 01:48,0.68815969,4876000,1677.73,-3357145,0
2018-11-30 01:48,0.00007531,4876000,0.18,-368,0
2018-11-30 01:48,0.89992469,4876000,2194.01,-4390227,0
2018-11-30 01:53,0.16634700,4886000,406.38,812365,1
2018-11-30 01:54,0.11537373,4887000,281.91,563549,1
2018-11-30 02:04,0.30208385,4902000,740.40,1480074,1
2018-11-30 02:04,0.15154520,4902000,371.43,742503,1
2018-11-30 02:04,0.49493767,4900000,1212.59,2423981,1
2018-11-30 02:04,0.26676655,4900000,653.57,1306502,1
2018-11-30 02:04,0.00791100,4898000,19.37,38728,1
2018-11-30 02:04,0.14867011,4898000,364.09,727822,1
2018-11-30 02:05,0.04527100,4895000,110.80,-221713,0
2018-11-30 02:12,0.19400000,4903000,475.59,950706,1
2018-11-30 02:45,0.80067539,4872000,1950.44,-3902841,0
2018-11-30 02:47,0.00005836,4874000,0.14,-285,0
2018-11-30 02:58,0.25553086,4880000,623.49,1246367,1
2018-11-30 02:58,0.00812306,4880000,19.82,39620,1
2018-11-30 02:59,0.00049030,4880000,1.19,2391,1
2018-11-30 03:01,0.17244025,4861000,419.11,837812,1
2018-11-30 03:01,0.01820000,4861000,44.23,88425,1
2018-11-30 03:01,0.08180000,4861000,198.81,397430,1
2018-11-30 03:01,0.26415975,4861000,642.04,1283438,1
2018-11-30 03:45,0.00001531,4851000,0.03,-75,0
2018-11-30 03:45,0.33063252,4851000,801.94,-1604701,0
2018-11-30 03:45,0.90000000,4851000,2182.95,-4368083,0
2018-11-30 03:45,0.01650000,4851000,40.02,-80082,0
2018-11-30 03:45,0.21720000,4851000,526.81,-1054164,0
2018-11-30 03:45,0.21465217,4851000,520.63,-1041799,0
2018-11-30 03:46,0.01300000,4850000,31.52,63018,1
2018-11-30 03:46,0.00485357,4850000,11.76,23528,1
2018-11-30 03:48,0.07267600,4852000,176.31,352447,1
2018-11-30 03:48,0.02700000,4852000,65.50,130938,1
2018-11-30 03:53,0.03139800,4840000,75.98,151890,1
2018-11-30 03:53,0.02066115,4840000,49.99,99949,1
2018-11-30 03:53,0.05200000,4840000,125.84,251554,1
2018-11-30 03:56,0.00024382,4816000,0.58,-1175,0
2018-11-30 03:56,0.00329181,4816000,7.92,-15862,0
2018-11-30 03:56,0.09666437,4816000,232.76,-465769,0
2018-11-30 03:57,0.04000000,4809000,96.18,192263,1
2018-11-30 03:57,0.01400000,4809000,33.66,67292,1
2018-11-30 03:57,0.11509220,4809000,276.73,553201,1
2018-11-30 03:59,0.00038887,4806000,0.93,1867,1
2018-11-30 03:59,0.00809479,4806000,19.45,38884,1
2018-11-30 03:59,0.10000000,4806000,240.30,480359,1
2018-11-30 03:59,0.00824764,4813000,19.84,39676,1
2018-11-30 03:59,0.90000000,4813000,2165.85,4329534,1
2018-11-30 03:59,0.08580000,4813000,206.47,412748,1
2018-11-30 04:00,0.00020556,4813000,0.49,988,1
2018-11-30 04:05,0.00012308,4810000,0.29,-593,0
2018-11-30 04:05,0.04077692,4810000,98.06,-196235,0
2018-11-30 04:05,0.02518274,4809000,60.55,121043,1
2018-11-30 04:05,0.11932039,4809000,286.90,573524,1
2018-11-30 04:07,0.09363383,4816000,225.47,450715,1
2018-11-30 04:09,0.00029246,4810000,0.70,1406,1
2018-11-30 04:10,0.06550000,4800000,157.20,-314558,0
2018-11-30 04:12,0.45520000,4797000,1091.79,-2184687,0
2018-11-30 04:13,0.50304963,4784000,1203.29,-2407793,0
2018-11-30 04:13,0.18329426,4784000,438.43,-877319,0
2018-11-30 04:13,0.70465611,4784000,1685.53,-3372761,0
2018-11-30 04:22,0.00025398,4766000,0.60,1209,1
2018-11-30 04:22,0.03600000,4766000,85.78,171490,1
2018-11-30 04:31,0.05890953,4785000,140.94,281741,1
2018-11-30 04:31,0.05810000,4785000,139.00,277869,1
2018-11-30 04:33,1.78688668,4793000,4282.27,8560265,1
2018-11-30 04:33,0.05981332,4793000,143.34,286541,1
2018-11-30 04:46,0.00520000,4779000,12.42,-24864,0
2018-11-30 04:49,1.99480000,4782000,4769.56,-9543904,0
2018-11-30 04:52,0.06257822,4799000,150.15,300162,1
2018-11-30 04:52,0.20795096,4799000,498.97,997457,1
2018-11-30 04:52,0.00249100,4799000,5.97,11948,1
2018-11-30 04:52,0.36523087,4799000,876.37,1751866,1
2018-11-30 04:52,0.50000000,4797000,1199.25,2397300,1
2018-11-30 04:52,0.06950000,4797000,166.69,333224,1
2018-11-30 04:53,0.79230000,4796000,1899.93,3797970,1
2018-11-30 05:12,0.08570000,4772000,204.48,-409165,0
2018-11-30 05:14,0.08570000,4780000,204.82,409441,1
2018-11-30 05:17,0.15860110,4764000,377.78,-755954,0
2018-11-30 05:20,0.00007595,4785000,0.18,363,1
2018-11-30 05:20,0.00912776,4785000,21.83,43654,1
2018-11-30 05:31,0.00027122,4807000,0.65,-1305,0
2018-11-30 05:31,0.00392878,4807000,9.44,-18895,0
2018-11-30 05:31,0.15360000,4799000,368.56,736757,1
2018-11-30 05:31,2.00000000,4800000,4800.00,-9604800,0
2018-11-30 05:32,0.08820000,4813000,212.25,424294,1
2018-11-30 05:32,0.90000000,4813000,2165.85,4329534,1
2018-11-30 05:32,0.13869815,4813000,333.77,667220,1
2018-11-30 05:46,0.87310000,4792000,2091.94,4181803,1
2018-11-30 06:09,0.16650000,4754000,395.77,-791937,0
2018-11-30 06:09,0.89200000,4756000,2121.17,-4244474,0
2018-11-30 06:09,0.00431321,4750000,10.24,20477,1
2018-11-30 06:09,0.02700000,4750000,64.12,128185,1
2018-11-30 06:09,0.00364116,4750000,8.64,17286,1
2018-11-30 06:09,0.07400000,4750000,175.75,351324,1
2018-11-30 06:09,0.01500000,4750000,35.62,71214,1
2018-11-30 06:09,0.00736837,4750000,17.49,34982,1
2018-11-30 06:10,0.05197905,4727000,122.85,-245828,0
2018-11-30 06:10,0.01162095,4727000,27.46,-54960,0
2018-11-30 06:11,0.39040000,4751000,927.39,-1855718,0
2018-11-30 06:13,1.38110000,4751000,3280.80,6558325,1
2018-11-30 06:22,0.00450000,4732000,10.64,-21305,0
2018-11-30 06:23,0.00168204,4729000,3.97,-7959,0
2018-11-30 06:23,0.00513160,4729000,12.13,-24280,0
2018-11-30 06:23,0.17700000,4729000,418.51,-837452,0
2018-11-30 06:23,0.01600000,4729000,37.83,-75702,0
2018-11-30 06:29,0.20440000,4734000,483.81,967145,1
2018-11-30 06:40,2.00000000,4767000,4767.00,-9538767,0
2018-11-30 06:42,0.08900000,4769000,212.22,424228,1
2018-11-30 06:52,0.00093287,4775000,2.22,4452,1
2018-11-30 06:52,0.02050522,4775000,48.95,97863,1
2018-11-30 06:52,0.04030771,4775000,96.23,192373,1
2018-11-30 06:53,0.00242014,4774000,5.77,11547,1
2018-11-30 06:58,0.00089864,4785000,2.14,4297,1
2018-11-30 06:58,0.01163752,4781000,27.81,55611,1
2018-11-30 06:58,0.06291840,4781000,150.40,300662,1
2018-11-30 06:58,0.00135133,4781000,3.23,6457,1
2018-11-30 06:58,0.07300000,4781000,174.50,348838,1
2018-11-30 06:58,0.04900000,4781000,117.13,234151,1
2018-11-30 06:58,0.22600585,4785000,540.71,1080897,1
2018-11-30 06:59,1.42200000,4780000,3398.58,6793761,1
2018-11-30 07:10,0.65753200,4758000,1564.26,-3130102,0
2018-11-30 07:22,0.00027281,4782000,0.65,1303,1
2018-11-30 07:23,0.00265442,4782000,6.34,12687,1
2018-11-30 07:23,0.00795273,4785000,19.02,38034,1
2018-11-30 07:23,0.02088990,4785000,49.97,99908,1
2018-11-30 07:23,0.01320000,4785000,31.58,63130,1
2018-11-30 07:29,0.00031200,4813000,0.75,1500,1
2018-11-30 07:29,0.02077269,4813000,49.98,99928,1
2018-11-30 07:31,0.00304933,4817000,7.34,14681,1
2018-11-30 07:33,0.01390000,4816000,33.47,66908,1
2018-11-30 07:33,0.20000000,4816000,481.60,962718,1
2018-11-30 07:33,0.37450000,4816000,901.79,1802690,1
2018-11-30 07:50,0.00405865,4793000,9.72,-19463,0
2018-11-30 07:50,0.06254135,4793000,149.88,-299911,0
2018-11-30 07:51,0.03359410,4793000,80.50,-161097,0
2018-11-30 07:51,0.10400590,4793000,249.25,-498750,0
2018-11-30 07:51,0.39250000,4793000,940.62,-1882194,0
2018-11-30 07:56,0.16282707,4810000,391.59,782806,1
2018-11-30 07:56,0.43387293,4810000,1043.46,2085885,1
2018-11-30 07:56,0.00990000,4820000,23.85,-47742,0
2018-11-30 08:02,0.00435893,4819000,10.50,20995,1
2018-11-30 08:02,0.00554107,4819000,13.35,26689,1
2018-11-30 08:52,0.41801863,4832000,1009.93,-2020876,0
2018-11-30 08:55,0.01071281,4840000,25.92,51824,1
2018-11-30 08:55,0.20714308,4840000,501.28,1002071,1
2018-11-30 08:58,0.20020000,4845000,484.98,969484,1
2018-11-30 09:10,0.58090000,4820000,1399.96,-2801338,0
2018-11-30 09:10,0.02704566,4809000,65.03,-130128,0
2018-11-30 09:10,0.80363347,4810000,1932.73,-3867410,0
2018-11-30 09:10,0.00007615,4810000,0.18,-367,0
2018-11-30 09:10,0.01272385,4810000,30.60,-61233,0
2018-11-30 09:10,0.07900000,4805000,189.79,-379785,0
2018-11-30 09:10,0.00073952,4805000,1.77,-3556,0
2018-11-30 09:10,0.12606048,4805000,302.86,-606024,0
2018-11-30 09:11,0.31798860,4813000,765.23,1529713,1
2018-11-30 09:11,0.04204688,4813000,101.18,202270,1
2018-11-30 09:11,0.00082212,4813000,1.97,3954,1
2018-11-30 09:11,0.02524002,4813000,60.74,121419,1
2018-11-30 09:11,0.30401355,4813000,731.60,1462485,1
2018-11-30 09:11,0.68246845,4813000,1642.36,3283078,1
2018-11-30 09:11,0.01041234,4813000,25.05,50089,1
2018-11-30 09:11,0.16708333,4813000,402.08,803769,1
2018-11-30 09:11,0.00251944,4813000,6.06,12120,1
2018-11-30 09:11,0.00082212,4813000,1.97,3954,1
2018-11-30 09:11,0.03390755,4813000,81.59,163115,1
2018-11-30 09:11,0.04287560,4813000,103.18,206257,1
2018-11-30 09:17,0.00794351,4792000,19.03,-38085,0
2018-11-30 09:17,0.00515649,4792000,12.35,-24723,0
2018-11-30 09:17,0.01310000,4812000,31.51,63005,1
2018-11-30 09:17,0.05660000,4796000,135.72,-271590,0
2018-11-30 09:19,0.05660000,4800000,135.84,271544,1
2018-11-30 09:20,0.35050000,4803000,841.72,-1684294,0
2018-11-30 09:20,0.11983622,4802000,287.72,-575742,0
2018-11-30 09:20,0.04166378,4802000,100.03,-200170,0
2018-11-30 09:20,0.03870000,4801000,92.89,-185892,0
2018-11-30 09:22,0.04274438,4789000,102.35,204600,1
2018-11-30 09:22,0.00208252,4789000,4.98,9968,1
2018-11-30 09:22,0.02513075,4789000,60.17,120290,1
2018-11-30 09:22,0.32353200,4789000,774.69,1548620,1
2018-11-30 09:22,0.01046451,4789000,25.05,50089,1
2018-11-30 09:22,0.01046669,4789000,25.06,50099,1
2018-11-30 09:23,0.02907518,4792000,69.66,-139398,0
2018-11-30 09:23,0.00842482,4792000,20.18,-40392,0
2018-11-30 09:23,0.00100000,4791000,2.39,-4794,0
2018-11-30 09:28,0.17470000,4793000,418.66,836918,1
2018-11-30 09:29,0.24067604,4786000,575.93,-1152452,0
2018-11-30 09:29,0.01690539,4786000,40.45,-80950,0
2018-11-30 09:29,0.01641857,4786000,39.28,-78619,0
2018-11-30 09:35,0.01980000,4771000,47.23,-94513,0
2018-11-30 09:36,0.00109389,4775000,2.61,5220,1
2018-11-30 09:36,0.01049518,4775000,25.05,50089,1
2018-11-30 09:36,0.00200000,4775000,4.77,9545,1
2018-11-30 09:36,0.00515473,4775000,12.30,24601,1
2018-11-30 09:36,0.00185394,4775000,4.42,8848,1
2018-11-30 09:36,0.00232478,4775000,5.55,11095,1
2018-11-30 09:51,0.27090000,4807000,651.10,1301565,1
2018-11-30 10:16,0.04790000,4765000,114.12,-228358,0
2018-11-30 10:17,0.08800000,4750000,209.00,-418209,0
2018-11-30 10:17,1.95210000,4750000,4636.23,-9277112,0
2018-11-30 10:22,0.03900000,4757000,92.76,185430,1
2018-11-30 10:23,0.33260000,4750000,789.92,1579060,1
2018-11-30 10:23,0.80600000,4750000,1914.25,3826585,1
2018-11-30 10:25,0.38542011,4756000,916.52,-1833975,0
2018-11-30 10:25,0.00500000,4756000,11.89,-23792,0
2018-11-30 10:25,0.00342830,4756000,8.15,-16314,0
2018-11-30 10:25,0.01700925,4756000,40.44,-80937,0
2018-11-30 10:25,0.67864234,4756000,1613.81,-3229237,0
2018-11-30 10:34,0.15686982,4776000,374.60,748835,1
2018-11-30 10:34,0.03590082,4776000,85.73,171376,1
2018-11-30 10:34,0.10000000,4776000,238.80,477361,1
2018-11-30 10:37,0.44380086,4798000,1064.67,2128291,1
2018-11-30 10:37,0.04820963,4798000,115.65,231194,1
2018-11-30 10:37,0.02089104,4798000,50.11,100185,1
2018-11-30 10:38,0.53412231,4797000,1281.09,2560903,1
2018-11-30 10:38,0.04395446,4797000,105.42,210744,1
2018-11-30 10:38,0.61620000,4810000,1481.96,2962440,1
2018-11-30 10:38,2.00000000,4797000,4797.00,-9598797,0
2018-11-30 10:39,1.14640961,4819000,2762.27,5521785,1
2018-11-30 10:39,0.05173866,4816000,124.58,249048,1
2018-11-30 10:39,0.80186134,4813000,1929.67,3857428,1
2018-11-30 10:47,0.05053579,4805000,121.41,-242946,0
2018-11-30 10:47,0.02569300,4805000,61.72,-123517,0
2018-11-30 10:50,0.00518842,4807000,12.47,24928,1
2018-11-30 10:50,0.01033325,4807000,24.83,49647,1
2018-11-30 10:56,0.01398300,4792000,33.50,66973,1
2018-11-30 10:56,0.01600000,4792000,38.33,76633,1
2018-11-30 11:00,0.03070000,4787000,73.48,146887,1
2018-11-30 11:07,0.00031472,4805000,0.75,-1513,0
2018-11-30 11:07,0.00098528,4805000,2.36,-4737,0
2018-11-30 11:08,0.00130000,4812000,3.12,6252,1
2018-11-30 11:23,0.06090000,4812000,146.52,-293198,0
2018-11-30 11:23,0.06700000,4812000,161.20,-322566,0
2018-11-30 11:23,0.06134900,4812000,147.60,-295359,0
2018-11-30 11:26,0.18920000,4810000,455.02,909596,1
2018-11-30 11:35,0.04400000,4811000,105.84,-211790,0
2018-11-30 11:39,0.00037141,4832000,0.89,1793,1
2018-11-30 11:40,0.00718781,4837000,17.38,34750,1
2018-11-30 11:40,0.01030501,4837000,24.92,49820,1
2018-11-30 11:40,0.01035855,4837000,25.05,50079,1
2018-11-30 11:40,0.00453811,4837000,10.97,21939,1
2018-11-30 11:40,0.01131052,4837000,27.35,54681,1
2018-11-30 11:44,0.01960000,4828000,47.31,-94677,0
2018-11-30 11:44,0.01960000,4841000,47.44,94836,1
2018-11-30 11:49,0.03600000,4862000,87.51,-175120,0
2018-11-30 11:49,0.01029000,4868000,25.04,-50117,0
2018-11-30 11:49,0.01021000,4868000,24.85,-49728,0
2018-11-30 11:49,0.02600000,4869000,63.29,-126658,0
2018-11-30 11:50,0.08250000,4869000,200.84,401491,1
2018-11-30 12:08,0.75300000,4840000,1822.26,-3646343,0
2018-11-30 12:09,1.24690000,4841000,3018.12,-6039261,0
2018-11-30 12:10,0.11160900,4845000,270.37,540475,1
2018-11-30 12:11,0.03000000,4837000,72.55,145037,1
2018-11-30 12:11,1.85820000,4837000,4494.05,8983619,1
2018-11-30 12:14,2.00000000,4826000,4826.00,-9656826,0
2018-11-30 12:36,1.34300778,4858000,3262.16,6521069,1
2018-11-30 12:36,0.16171558,4858000,392.80,785221,1
2018-11-30 12:36,0.08775972,4856000,213.08,425948,1
2018-11-30 12:41,0.18692710,4850000,453.29,906143,1
2018-11-30 12:42,0.22060000,4853000,535.28,1070036,1
2018-11-30 13:17,0.10862008,4820000,261.77,-523811,0
2018-11-30 13:23,0.10870000,4827000,262.34,524432,1
2018-11-30 13:27,1.53370000,4828000,3702.35,-7408406,0
2018-11-30 13:30,0.00051310,4829000,1.23,2476,1
2018-11-30 13:30,0.19988502,4829000,482.62,964762,1
2018-11-30 13:30,0.16708333,4829000,403.42,806441,1
2018-11-30 13:30,0.23542700,4829000,568.43,1136308,1
2018-11-30 13:33,0.10701185,4826000,258.21,516180,1
2018-11-30 13:33,0.00800000,4826000,19.30,38588,1
2018-11-30 13:34,0.79668879,4826000,1922.41,3842897,1
2018-11-30 13:34,0.01901121,4826000,45.87,91702,1
2018-11-30 13:54,2.00000000,4845000,4845.00,-9694845,0
2018-11-30 13:57,1.77896457,4859000,4321.99,8639666,1
2018-11-30 13:57,0.00800000,4859000,19.43,38852,1
2018-11-30 13:57,0.02321984,4859000,56.41,112768,1
2018-11-30 13:57,0.01160992,4859000,28.20,56384,1
2018-11-30 13:59,0.17820000,4850000,432.13,863837,1
2018-11-30 14:30,2.00000000,4855000,4855.00,-9714855,0
2018-11-30 14:39,2.00000000,4852000,4852.00,9699148,1
2018-11-30 15:06,0.00019729,4834000,0.47,-955,0
2018-11-30 15:06,0.00800866,4844000,19.39,-38814,0
2018-11-30 15:06,0.00799134,4844000,19.35,-38730,0
2018-11-30 15:07,0.00000957,4843000,0.02,-47,0
2018-11-30 15:07,0.00619043,4843000,14.99,-29996,0
2018-11-30 15:09,1.97760000,4847000,4792.71,-9590220,0
2018-11-30 15:21,0.00094501,4846000,2.28,4577,1
2018-11-30 15:21,0.02063102,4846000,49.98,99927,1
2018-11-30 15:21,0.02063528,4846000,49.99,99948,1
2018-11-30 15:29,1.95780000,4840000,4737.87,9471014,1
2018-11-30 15:56,0.00022443,4842000,0.54,-1088,0
2018-11-30 15:59,0.00611843,4818000,14.73,-29494,0
2018-11-30 15:59,0.00498157,4818000,12.00,-24014,0
2018-11-30 16:03,0.00341000,4774000,8.13,-16288,0
2018-11-30 16:03,0.08419000,4774000,200.96,-402124,0
2018-11-30 16:06,0.00182437,4766000,4.34,8690,1
2018-11-30 16:06,0.00851784,4766000,20.29,40575,1
2018-11-30 16:06,0.01051721,4766000,25.06,50099,1
2018-11-30 16:07,0.00280000,4745000,6.64,-13293,0
2018-11-30 16:07,0.02800000,4746000,66.44,-132955,0
2018-11-30 16:13,0.00005806,4753000,0.13,275,1
2018-11-30 16:16,0.10880000,4746000,258.18,516106,1
2018-11-30 16:27,0.00665246,4740000,15.76,-31549,0
2018-11-30 16:30,0.00082198,4753000,1.95,3904,1
2018-11-30 16:30,0.00587802,4753000,13.96,27924,1
2018-11-30 16:50,0.14007422,4762000,333.51,-667367,0
2018-11-30 16:50,0.03132578,4762000,74.58,-149248,0
2018-11-30 16:59,0.00090600,4761000,2.15,4311,1
2018-11-30 17:06,1.46728141,4732000,3471.58,-6946648,0
2018-11-30 17:06,0.08753973,4732000,207.11,-414446,0
2018-11-30 17:06,0.00547886,4732000,12.96,-25939,0
2018-11-30 17:09,0.74166891,4747000,1760.35,3518941,1
2018-11-30 17:09,0.00210659,4747000,4.99,9994,1
2018-11-30 17:09,0.98700000,4746000,2342.15,4681959,1
2018-11-30 17:14,0.00390000,4769000,9.29,-18609,0
2018-11-30 17:20,0.00390000,4778000,9.31,18624,1
2018-11-30 17:32,0.00003307,4760000,0.07,-158,0
2018-11-30 17:32,0.01053512,4760000,25.07,-50173,0
2018-11-30 17:34,0.01060000,4756000,25.20,50388,1
2018-11-30 17:34,0.00320000,4742000,7.58,-15182,0
2018-11-30 17:35,0.16880000,4754000,401.23,-802877,0
2018-11-30 17:36,0.00031562,4749000,0.74,-1500,0
2018-11-30 17:36,0.04598438,4749000,109.18,-218489,0
2018-11-30 17:37,0.00009698,4754000,0.23,-462,0
2018-11-30 17:37,0.04490302,4754000,106.73,-213576,0
2018-11-30 17:37,0.02130000,4757000,50.66,-101375,0
2018-11-30 17:40,0.00500000,4752000,11.88,-23772,0
2018-11-30 17:40,0.14000000,4765000,333.55,666766,1
2018-11-30 17:40,0.14960000,4765000,356.42,712487,1
2018-11-30 17:52,0.57424381,4747000,1362.96,-2727299,0
2018-11-30 17:52,0.09225619,4747000,218.97,-438160,0
2018-11-30 17:53,1.33340000,4747000,3164.82,-6332815,0
2018-11-30 18:03,0.10544674,4745000,250.17,500094,1
2018-11-30 18:03,0.20000000,4745000,474.50,948525,1
2018-11-30 18:03,0.28588417,4745000,678.26,1355842,1
2018-11-30 18:03,0.08338859,4745000,197.83,395481,1
2018-11-30 18:03,0.09850000,4745000,233.69,467148,1
2018-11-30 18:03,0.18635139,4745000,442.11,883795,1
2018-11-30 18:03,0.14785000,4745000,350.77,701197,1
2018-11-30 18:03,0.14224648,4745000,337.47,674622,1
2018-11-30 18:04,0.01620000,4735000,38.35,-76746,0
2018-11-30 18:04,0.00776170,4734000,18.37,-36763,0
2018-11-30 18:04,0.00087914,4734000,2.08,-4164,0
2018-11-30 18:14,0.20000000,4764000,476.40,-953277,0
2018-11-30 18:15,0.09155944,4764000,218.09,-436408,0
2018-11-30 18:15,0.00105196,4757000,2.50,5001,1
2018-11-30 18:15,0.29600000,4757000,704.03,1407367,1
2018-11-30 18:15,0.21637147,4757000,514.63,1028764,1
2018-11-30 18:17,0.55320000,4767000,1318.55,2635785,1
2018-11-30 18:23,0.02090000,4756000,49.70,-99451,0
2018-11-30 18:23,0.02090000,4766000,49.80,99559,1
2018-11-30 18:53,0.00006875,4747000,0.16,-327,0
2018-11-30 18:56,0.00508778,4755000,12.09,-24205,0
2018-11-30 18:56,0.19991222,4755000,475.29,-951058,0
2018-11-30 19:00,0.11012658,4749000,261.49,522729,1
2018-11-30 19:00,0.01000000,4749000,23.74,47466,1
2018-11-30 19:00,0.08490000,4748000,201.55,402903,1
2018-11-30 19:01,0.67607667,4740000,1602.30,-3206206,0
2018-11-30 19:01,0.05102374,4740000,120.92,-241974,0
2018-11-30 19:03,0.72710000,4742000,1723.95,3446184,1
2018-11-30 19:05,0.15030000,4733000,355.68,-711726,0
2018-11-30 19:06,0.00065234,4728000,1.54,-3086,0
2018-11-30 19:06,0.00994766,4728000,23.51,-47056,0
2018-11-30 19:06,0.00020530,4726000,0.48,-971,0
2018-11-30 19:06,0.00099470,4726000,2.35,-4704,0
2018-11-30 19:06,1.83790000,4726000,4342.95,-8690259,0
2018-11-30 19:09,0.00776847,4721000,18.33,36656,1
2018-11-30 19:09,0.00042363,4721000,0.99,1998,1
2018-11-30 19:16,0.03163441,4655000,73.62,147184,1
2018-11-30 19:16,0.03238872,4651000,75.31,150564,1
2018-11-30 19:16,0.10182943,4651000,236.80,473371,1
2018-11-30 19:16,0.05000000,4651000,116.27,232433,1
2018-11-30 19:16,0.00404775,4641000,9.39,18776,1
2018-11-30 19:16,0.00404775,4641000,9.39,18776,1
2018-11-30 19:16,1.76790450,4641000,4102.42,8200742,1
2018-11-30 19:16,0.00477800,4635000,11.07,-22158,0
2018-11-30 19:17,0.04172200,4635000,96.69,-193479,0
2018-11-30 19:17,0.21430000,4632000,496.31,-993134,0
2018-11-30 19:17,0.02542732,4630000,58.86,-117788,0
2018-11-30 19:17,0.08090792,4630000,187.30,-374791,0
2018-11-30 19:17,0.05406476,4630000,125.15,-250445,0
2018-11-30 19:17,0.08080000,4631000,187.09,-374372,0
2018-11-30 19:17,0.00170000,4634000,3.93,-7882,0
2018-11-30 19:18,0.00023754,4641000,0.55,-1103,0
2018-11-30 19:18,0.01076246,4641000,24.97,-49974,0
2018-11-30 19:19,0.02630000,4631000,60.89,-121857,0
2018-11-30 19:19,0.54100000,4630000,1252.41,2503577,1
2018-11-30 19:19,0.99040592,4621000,2288.33,-4578954,0
2018-11-30 19:19,0.19759408,4625000,456.93,-914330,0
2018-11-30 19:19,0.11400000,4634000,264.13,-528541,0
2018-11-30 19:19,0.04900000,4634000,113.53,-227180,0
2018-11-30 19:19,0.01080625,4634000,25.03,-50102,0
2018-11-30 19:19,0.00259375,4634000,6.00,-12026,0
2018-11-30 19:20,0.80322430,4642000,1864.28,3726702,1
2018-11-30 19:20,0.56000000,4642000,1299.76,2598220,1
2018-11-30 19:21,0.00120000,4637000,2.78,5561,1
2018-11-30 19:27,0.04512434,4613000,104.07,-208263,0
2018-11-30 19:28,0.04510000,4625000,104.29,208483,1
2018-11-30 19:32,0.74370000,4611000,1714.60,-3430916,0
2018-11-30 19:32,1.25630000,4620000,2902.05,-5807008,0
2018-11-30 19:34,1.04739676,4641000,2430.48,4858537,1
2018-11-30 19:36,0.46856797,4620000,1082.39,-2165867,0
2018-11-30 19:36,0.74874760,4633000,1734.47,3467213,1
2018-11-30 19:36,0.25700000,4633000,595.34,1190085,1
2018-11-30 19:36,0.19017403,4633000,440.53,880635,1
2018-11-30 19:36,0.01070000,4633000,24.78,49548,1
2018-11-30 19:36,0.00320000,4633000,7.41,14818,1
2018-11-30 19:36,0.16644576,4633000,385.57,770757,1
2018-11-30 19:37,0.04493261,4633000,104.08,208068,1
2018-11-30 19:42,0.11366665,4634000,263.36,-526995,0
2018-11-30 19:42,0.00343335,4634000,7.95,-15918,0
2018-11-30 19:42,0.00300000,4634000,6.95,-13909,0
2018-11-30 19:46,1.27759977,4613000,2946.78,-5896515,0
2018-11-30 19:46,0.45863207,4613000,1057.83,-2116728,0
2018-11-30 19:46,0.14366816,4613000,331.37,-663073,0
2018-11-30 19:50,0.21800372,4630000,504.67,1008852,1
2018-11-30 19:50,0.14899900,4630000,344.93,689520,1
2018-11-30 19:59,0.03655909,4592000,83.93,167795,1
2018-11-30 19:59,0.00200000,4592000,4.59,9179,1
2018-11-30 19:59,0.82053967,4589000,1882.72,3763573,1
2018-11-30 19:59,0.09973697,4589000,228.84,457464,1
2018-11-30 19:59,0.14741923,4589000,338.25,676168,1
2018-11-30 20:00,0.52670000,4580000,1206.14,2411079,1
2018-11-30 20:03,0.00002382,4574000,0.05,-109,0
2018-11-30 20:03,0.01197618,4574000,27.38,-54807,0
2018-11-30 20:04,0.01095440,4571000,25.03,-50098,0
2018-11-30 20:04,0.18364560,4571000,419.72,-839864,0
2018-11-30 20:04,1.79340000,4559000,4088.05,-8180199,0
2018-11-30 20:04,0.72361858,4568000,1652.74,3303836,1
2018-11-30 20:04,0.00380000,4568000,8.67,17349,1
2018-11-30 20:04,0.16708333,4568000,381.61,762855,1
2018-11-30 20:04,1.00000000,4568000,2284.00,4565716,1
2018-11-30 20:05,0.10550000,4550000,240.01,479784,1
2018-11-30 20:06,1.81850000,4517000,4107.08,-8218272,0
2018-11-30 20:07,1.81850000,4539000,4127.08,8250044,1
2018-11-30 20:11,0.02910000,4556000,66.28,-132646,0
2018-11-30 20:11,0.02910000,4575000,66.56,133065,1
2018-11-30 20:14,0.00002621,4515000,0.05,-119,0
2018-11-30 20:14,0.25000000,4515000,564.37,-1129315,0
2018-11-30 20:14,0.12627379,4515000,285.06,-570412,0
2018-11-30 20:14,0.27952224,4528000,632.83,1265043,1
2018-11-30 20:14,0.00538436,4528000,12.19,24368,1
2018-11-30 20:14,0.09139340,4528000,206.91,413622,1
2018-11-30 20:15,1.00000000,4536000,2268.00,-4538268,0
2018-11-30 20:16,0.00343481,4530000,7.77,-15568,0
2018-11-30 20:16,0.01196519,4530000,27.10,-54230,0
2018-11-30 20:16,0.10000000,4532000,226.60,-453427,0
2018-11-30 20:18,0.22002200,4545000,499.99,999499,1
2018-11-30 20:18,0.89537800,4545000,2034.74,4067458,1
2018-11-30 20:19,0.00073548,4556000,1.67,-3353,0
2018-11-30 20:23,0.00810000,4552000,18.43,-36890,0
2018-11-30 20:25,0.00880000,4560000,20.06,40107,1
2018-11-30 20:35,0.00087305,4540000,1.98,-3966,0
2018-11-30 20:36,1.99910000,4555000,4552.95,-9110454,0
2018-11-30 20:38,0.08231509,4573000,188.21,376238,1
2018-11-30 20:38,0.90000000,4571000,2056.95,4111843,1
2018-11-30 20:38,0.16423801,4570000,375.28,750192,1
2018-11-30 20:38,0.20000000,4570000,457.00,913543,1
2018-11-30 20:38,0.05502358,4570000,125.72,251332,1
2018-11-30 20:38,0.02676922,4570000,61.16,122274,1
2018-11-30 20:38,0.10000000,4570000,228.50,456771,1
2018-11-30 20:38,0.47166919,4570000,1077.76,2154450,1
2018-11-30 20:45,2.00000000,4549000,4549.00,-9102549,0
2018-11-30 20:46,0.25962161,4558000,591.67,1182763,1
2018-11-30 20:46,0.97174626,4555000,2213.15,4424091,1
2018-11-30 20:46,0.07830000,4555000,178.32,356478,1
2018-11-30 20:46,0.40000000,4555000,911.00,1821089,1
2018-11-30 20:46,0.28744650,4555000,654.65,1308664,1
2018-11-30 20:47,0.00002543,4560000,0.05,115,1
2018-11-30 20:47,0.00287457,4560000,6.55,13101,1
2018-11-30 20:51,0.01000000,4532000,22.66,-45343,0
2018-11-30 20:54,0.01002143,4530000,22.69,45374,1
