timestamp,quantity,price,fee,amount,side
2018-02-14 00:11:39,0.799,9861000,0.0,-7878939,0
2018-02-14 00:12:12,0.799,9854000,0.0,7873346,1
2018-02-14 00:15:04,0.105,9849000,0.0,-1034145,0
2018-02-14 00:15:41,0.105,9860000,0.0,1035300,1
2018-02-14 00:20:27,1.5,9859000,0.0,-14788500,0
2018-02-14 00:20:44,1.1985,9881000,0.0,11842379,1
2018-02-14 00:20:44,0.3015,9882000,0.0,2979423,1
2018-02-14 00:22:31,1.4056,9846000,0.0,-13839538,0
2018-02-14 00:23:04,0.0348,9839000,0.0,342397,1
2018-02-14 00:25:45,0.0403,9826000,0.0,395988,1
2018-02-14 00:27:34,0.145,9826000,0.0,1424770,1
2018-02-14 00:28:28,0.5,9826000,0.0,4913000,1
2018-02-14 00:28:28,0.3033,9825000,0.0,2979923,1
2018-02-14 00:28:28,0.0844,9825000,0.0,829230,1
2018-02-14 00:28:28,0.2978,9825000,0.0,2925885,1
2018-02-14 00:30:16,0.3838,9834000,0.0,-3774289,0
2018-02-14 00:31:34,0.4712,9826000,0.0,-4630011,0
2018-02-14 00:31:47,0.3654,9817000,0.0,3587132,1
2018-02-14 00:31:48,0.0091,9817000,0.0,89335,1
2018-02-14 00:33:24,0.4805,9804000,0.0,4710822,1
2018-02-14 00:35:22,0.096,9798000,0.0,-940608,0
2018-02-14 00:37:49,0.4326,9807000,0.0,-4242508,0
2018-02-14 00:38:27,0.0267,9816000,0.0,262087,1
2018-02-14 00:39:00,0.9981,9799000,0.0,-9780382,0
2018-02-14 00:50:58,0.4069,9831000,0.0,4000234,1
2018-02-14 00:51:19,0.1287,9834000,0.0,1265636,1
2018-02-14 00:51:30,0.946,9823000,0.0,9292558,1
2018-02-14 00:52:50,0.0037,9825000,0.0,-36353,0
2018-02-14 00:54:17,0.0221,9821000,0.0,217044,1
2018-02-14 00:54:36,0.0903,9832000,0.0,-887830,0
2018-02-14 00:54:58,0.0903,9824000,0.0,887107,1
2018-02-14 00:56:34,0.659,9808000,0.0,-6463472,0
2018-02-14 00:57:36,0.0004,9816000,0.0,3926,1
2018-02-14 00:58:59,0.4839,9796000,0.0,4740284,1
2018-02-14 00:59:10,0.0414,9794000,0.0,405472,1
2018-02-14 01:00:07,0.1333,9793000,0.0,1305407,1
2018-02-14 01:02:41,0.0548,9804000,0.0,-537259,0
2018-02-14 01:03:53,0.1796,9801000,0.0,-1760260,0
2018-02-14 01:04:23,1.0018,9826000,0.0,-9843687,0
2018-02-14 01:04:48,0.2992,9821000,0.0,2938443,1
2018-02-14 01:05:07,0.4772,9819000,0.0,4685627,1
2018-02-14 01:06:13,0.3029,9818000,0.0,-2973872,0
2018-02-14 01:12:46,0.5156,9827000,0.0,5066801,1
2018-02-14 01:13:13,0.4068,9827000,0.0,-3997624,0
2018-02-14 01:13:28,0.8461,9830000,0.0,-8317163,0
2018-02-14 01:13:55,0.9,9847000,0.0,8862300,1
2018-02-14 01:14:45,0.9,9826000,0.0,-8843400,0
2018-02-14 01:15:25,0.0994,9829000,0.0,977003,1
2018-02-14 01:15:59,0.7458,9828000,0.0,7329722,1
2018-02-14 01:16:48,0.399,9826000,0.0,3920574,1
2018-02-14 01:17:12,0.2558,9826000,0.0,2513491,1
2018-02-14 01:18:57,0.0837,9826000,0.0,-822436,0
2018-02-14 01:19:26,0.0837,9830000,0.0,822771,1
2018-02-14 01:29:43,0.0974,9852000,0.0,-959585,0
2018-02-14 01:29:43,1.4026,9852000,0.0,-13818415,0
2018-02-14 01:33:15,0.9,9856000,0.0,8870400,1
2018-02-14 01:33:15,0.5706,9856000,0.0,5623834,1
2018-02-14 01:35:26,0.0294,9850000,0.0,289590,1
2018-02-14 01:36:35,0.5528,9850000,0.0,-5445080,0
2018-02-14 01:37:03,0.1456,9845000,0.0,1433432,1
2018-02-14 01:37:03,0.4072,9845000,0.0,4008884,1
2018-02-14 01:42:31,0.309,9830000,0.0,-3037470,0
2018-02-14 01:43:00,0.3452,9824000,0.0,-3391245,0
2018-02-14 01:43:11,0.431,9824000,0.0,-4234144,0
2018-02-14 01:47:14,0.1261,9818000,0.0,1238050,1
2018-02-14 01:50:02,0.0247,9817000,0.0,242480,1
2018-02-14 01:50:03,0.0036,9817000,0.0,35341,1
2018-02-14 01:50:13,0.0106,9822000,0.0,104113,1
2018-02-14 01:50:58,0.3317,9816000,0.0,3255967,1
2018-02-14 01:51:33,0.1584,9811000,0.0,1554062,1
2018-02-14 01:51:33,0.0255,9811000,0.0,250181,1
2018-02-14 01:52:40,0.021,9803000,0.0,205863,1
2018-02-14 01:52:40,0.001,9803000,0.0,9803,1
2018-02-14 01:52:52,0.3826,9802000,0.0,3750245,1
2018-02-14 01:54:09,0.283,9812000,0.0,-2776796,0
2018-02-14 01:54:37,0.0604,9820000,0.0,593128,1
2018-02-14 01:55:55,0.899,9817000,0.0,-8825483,0
2018-02-14 01:57:37,0.25,9826000,0.0,2456500,1
2018-02-14 02:00:26,0.0033,9827000,0.0,32429,1
2018-02-14 02:00:36,0.0292,9835000,0.0,287182,1
2018-02-14 02:06:07,0.8391,9809000,0.0,8230732,1
2018-02-14 02:08:32,0.1414,9813000,0.0,-1387558,0
2018-02-14 02:09:42,0.1414,9816000,0.0,1387982,1
2018-02-14 02:14:35,0.1,9816000,0.0,-981600,0
2018-02-14 02:15:18,0.0845,9839000,0.0,831396,1
2018-02-14 02:16:53,0.0083,9827000,0.0,-81564,0
2018-02-14 02:17:15,0.3258,9836000,0.0,-3204569,0
2018-02-14 02:18:52,0.0151,9839000,0.0,-148569,0
2018-02-14 02:19:29,0.31,9872000,0.0,3060320,1
2018-02-14 02:20:03,0.0547,9859000,0.0,539287,1
2018-02-14 02:32:46,0.4749,9826000,0.0,-4666367,0
2018-02-14 02:32:58,1.0251,9830000,0.0,-10076733,0
2018-02-14 02:37:50,0.0169,9820000,0.0,165958,1
2018-02-14 02:42:55,0.206,9852000,0.0,2029512,1
2018-02-14 02:43:06,1.2771,9850000,0.0,12579435,1
2018-02-14 02:43:47,1.5,9848000,0.0,-14772000,0
2018-02-14 02:46:05,0.0623,9869000,0.0,614839,1
2018-02-14 02:52:27,0.72791112,9890000,0.0,7199041,1
2018-02-14 02:53:51,0.7098,9886000,0.0,7017083,1
2018-02-14 02:57:28,0.0336,9908000,0.0,-332909,0
2018-02-14 02:58:56,1.4664,9900000,0.0,-14517360,0
2018-02-14 03:01:16,0.8,9909000,0.0,7927200,1
2018-02-14 03:01:26,0.7,9907000,0.0,6934900,1
2018-02-14 03:04:39,0.1995,9900000,0.0,-1975050,0
2018-02-14 03:04:53,0.0368,9900000,0.0,364320,1
2018-02-14 03:05:06,0.0021,9903000,0.0,-20796,0
2018-02-14 03:05:36,0.0288,9899000,0.0,285091,1
2018-02-14 03:05:36,0.0044,9899000,0.0,43556,1
2018-02-14 03:05:46,0.0859,9907000,0.0,851011,1
2018-02-14 03:06:02,0.0457,9896000,0.0,452247,1
2018-02-14 03:11:31,1.5,9900000,0.0,-14850000,0
2018-02-14 03:12:40,0.0056,9893000,0.0,55401,1
2018-02-14 03:12:40,0.4102,9893000,0.0,4058109,1
2018-02-14 03:12:50,0.0056,9891000,0.0,55390,1
2018-02-14 03:12:50,0.0056,9891000,0.0,55390,1
2018-02-14 03:13:01,0.0023,9887000,0.0,22740,1
2018-02-14 03:13:37,0.2481,9875000,0.0,2449988,1
2018-02-14 03:13:37,0.8226,9875000,0.0,8123175,1
2018-02-14 03:14:37,0.099,9872000,0.0,-977328,0
2018-02-14 03:15:10,0.099,9881000,0.0,978219,1
2018-02-14 03:24:22,1.5,9880000,0.0,-14820000,0
2018-02-14 03:26:10,0.0039,9870000,0.0,38493,1
2018-02-14 03:26:10,0.1,9870000,0.0,987000,1
2018-02-14 03:26:10,0.0337,9870000,0.0,332619,1
2018-02-14 03:29:00,0.4817,9877000,0.0,4757751,1
2018-02-14 03:33:17,0.6,9893000,0.0,5935800,1
2018-02-14 03:34:40,0.0175,9893000,0.0,173128,1
2018-02-14 03:36:00,0.2632,9889000,0.0,2602785,1
2018-02-14 03:45:21,0.4044,9885000,0.0,-3997494,0
2018-02-14 03:45:39,0.3502,9889000,0.0,3463128,1
2018-02-14 03:45:51,0.0542,9889000,0.0,535984,1
2018-02-14 03:47:54,0.8762,9872000,0.0,-8649846,0
2018-02-14 04:02:09,0.2103,9844000,0.0,2070193,1
2018-02-14 04:02:09,0.0001,9844000,0.0,984,1
2018-02-14 04:02:10,0.012,9844000,0.0,118128,1
2018-02-14 04:03:13,0.699,9841000,0.0,-6878859,0
2018-02-14 04:04:44,0.0881,9846000,0.0,867433,1
2018-02-14 04:07:05,0.1,9852000,0.0,985200,1
2018-02-14 04:07:37,0.6871,9838000,0.0,6759690,1
2018-02-14 04:10:25,0.12,9858000,0.0,1182960,1
2018-02-14 04:10:25,0.3389,9858000,0.0,3340876,1
2018-02-14 04:10:35,0.0187,9855000,0.0,184289,1
2018-02-14 04:11:43,0.0028,9839000,0.0,-27549,0
2018-02-14 04:13:25,1.4972,9870000,0.0,-14777364,0
2018-02-14 04:14:04,0.9602,9872000,0.0,9479094,1
2018-02-14 04:14:10,0.127,9851000,0.0,-1251077,0
2018-02-14 04:15:22,0.6668,9871000,0.0,6581983,1
2018-02-14 04:23:12,0.4169,9827000,0.0,-4096876,0
2018-02-14 04:25:02,0.1228,9848000,0.0,1209334,1
2018-02-14 04:25:12,0.2638,9830000,0.0,-2593154,0
2018-02-14 04:26:37,0.004,9845000,0.0,-39380,0
2018-02-14 04:26:37,0.4641,9845000,0.0,-4569065,0
2018-02-14 04:27:12,1.0,9860000,0.0,9860000,1
2018-02-14 04:28:29,0.0001,9860000,0.0,986,1
2018-02-14 04:31:52,0.0259,9855000,0.0,255245,1
2018-02-14 04:47:04,0.0042,9860000,0.0,-41412,0
2018-02-14 04:51:15,0.0042,9858000,0.0,41404,1
2018-02-14 04:51:39,0.2977,9848000,0.0,-2931750,0
2018-02-14 04:52:55,0.0045,9865000,0.0,44393,1
2018-02-14 04:54:47,0.0541,9858000,0.0,533318,1
2018-02-14 04:55:07,0.5571,9865000,0.0,-5495792,0
2018-02-14 04:56:30,0.7962,9860000,0.0,7850532,1
2018-02-14 05:01:55,0.0211,9853000,0.0,-207898,0
2018-02-14 05:03:51,0.0211,9860000,0.0,208046,1
2018-02-14 05:08:01,0.0128,9889000,0.0,-126579,0
2018-02-14 05:08:34,0.0128,9888000,0.0,126566,1
2018-02-14 05:11:39,0.054,9884000,0.0,-533736,0
2018-02-14 05:14:17,0.054,9885000,0.0,533790,1
2018-02-14 05:23:26,0.0043,9925000,0.0,-42678,0
2018-02-14 05:24:29,0.0043,9938000,0.0,42733,1
2018-02-14 05:32:49,0.7934,9910000,0.0,-7862594,0
2018-02-14 05:33:12,0.5013,9916000,0.0,4970891,1
2018-02-14 05:33:53,0.2921,9907000,0.0,2893835,1
2018-02-14 05:34:10,0.0138,9907000,0.0,-136717,0
2018-02-14 05:34:17,0.0138,9903000,0.0,136661,1
2018-02-14 05:36:44,0.099,9924000,0.0,-982476,0
2018-02-14 05:36:58,0.099,9921000,0.0,982179,1
2018-02-14 05:45:18,0.419,9923000,0.0,-4157737,0
2018-02-14 05:46:10,0.3382,9932000,0.0,3359002,1
2018-02-14 05:46:52,0.4549,9939000,0.0,-4521251,0
2018-02-14 05:47:44,0.1818,9934000,0.0,1806001,1
2018-02-14 05:48:08,0.1402,9932000,0.0,1392466,1
2018-02-14 05:49:13,0.2137,9930000,0.0,2122041,1
2018-02-14 06:06:18,0.0044,9919000,0.0,-43644,0
2018-02-14 06:06:53,0.0044,9924000,0.0,43666,1
2018-02-14 06:09:01,0.0107,9938000,0.0,-106337,0
2018-02-14 06:09:28,0.0107,9934000,0.0,106294,1
2018-02-14 06:15:45,0.003,9912000,0.0,-29736,0
2018-02-14 06:17:11,0.003,9928000,0.0,29784,1
2018-02-14 06:26:50,0.0044,9889000,0.0,-43512,0
2018-02-14 06:27:35,0.0044,9897000,0.0,43547,1
2018-02-14 06:34:30,0.8872,9893000,0.0,-8777070,0
2018-02-14 06:35:51,0.0047,9887000,0.0,46469,1
2018-02-14 06:36:42,0.0096,9872000,0.0,94771,1
2018-02-14 06:37:18,0.003,9870000,0.0,29610,1
2018-02-14 06:42:00,0.5591,9891000,0.0,5530058,1
2018-02-14 06:42:00,0.3108,9891000,0.0,3074123,1
2018-02-14 06:59:11,0.0106,9856000,0.0,-104474,0
2018-02-14 06:59:49,0.0106,9855000,0.0,104463,1
2018-02-14 07:00:46,0.699,9877000,0.0,-6904023,0
2018-02-14 07:03:00,0.3056,9858000,0.0,3012605,1
2018-02-14 07:03:00,0.2009,9858000,0.0,1980472,1
2018-02-14 07:03:00,0.1925,9858000,0.0,1897665,1
2018-02-14 07:05:17,0.4156,9858000,0.0,-4096985,0
2018-02-14 07:05:35,0.0075,9868000,0.0,-74010,0
2018-02-14 07:05:56,0.1158,9871000,0.0,1143062,1
2018-02-14 07:06:57,0.06,9846000,0.0,-590760,0
2018-02-14 07:07:21,0.0076,9874000,0.0,75042,1
2018-02-14 07:07:52,0.0961053,9872000,0.0,948752,1
2018-02-14 07:08:27,0.001,9872000,0.0,-9872,0
2018-02-14 07:10:24,0.2368,9881000,0.0,2339821,1
2018-02-14 07:10:34,0.0277,9880000,0.0,273676,1
2018-02-14 07:12:44,0.001,9893000,0.0,-9893,0
2018-02-14 07:13:12,0.001,9888000,0.0,9888,1
2018-02-14 07:27:45,1.5,9879000,0.0,-14818500,0
2018-02-14 07:30:34,0.6801,9888000,0.0,6724829,1
2018-02-14 07:30:34,0.8,9889000,0.0,7911200,1
2018-02-14 07:30:58,0.0199,9886000,0.0,196731,1
2018-02-14 07:32:34,0.1345,9873000,0.0,-1327919,0
2018-02-14 07:32:54,1.3655,9859000,0.0,-13462465,0
2018-02-14 07:39:38,0.299,9800000,0.0,2930200,1
2018-02-14 07:39:38,0.201,9800000,0.0,1969800,1
2018-02-14 07:39:38,0.0225,9800000,0.0,220500,1
2018-02-14 07:39:38,0.0011,9800000,0.0,10780,1
2018-02-14 07:39:39,0.9764,9800000,0.0,9568720,1
2018-02-14 07:40:40,0.799,9823000,0.0,-7848577,0
2018-02-14 07:42:01,0.0242,9832000,0.0,237934,1
2018-02-14 07:42:02,0.1384,9832000,0.0,1360749,1
2018-02-14 07:42:38,0.0486,9818000,0.0,-477155,0
2018-02-14 07:42:51,0.26,9833000,0.0,-2556580,0
2018-02-14 07:43:03,0.312,9832000,0.0,3067584,1
2018-02-14 07:43:19,0.3954,9815000,0.0,-3880851,0
2018-02-14 07:47:40,0.0725,9836000,0.0,713110,1
2018-02-14 08:07:40,0.0689,9868000,0.0,679905,1
2018-02-14 08:10:12,0.0039,9887000,0.0,38559,1
2018-02-14 08:10:24,0.0647,9869000,0.0,638524,1
2018-02-14 08:10:24,0.8184,9869000,0.0,8076790,1
2018-02-14 08:12:13,0.7509,9859000,0.0,-7403123,0
2018-02-14 08:14:13,0.0814,9862000,0.0,802767,1
2018-02-14 08:14:42,0.0186,9853000,0.0,183266,1
2018-02-14 08:15:10,0.2232,9840000,0.0,2196288,1
2018-02-14 08:15:11,0.4277,9840000,0.0,4208568,1
2018-02-14 08:19:24,0.599,9828000,0.0,-5886972,0
2018-02-14 08:19:50,0.901,9827000,0.0,-8854127,0
2018-02-14 08:21:37,0.3,9849000,0.0,2954700,1
2018-02-14 08:21:37,0.2847,9849000,0.0,2804010,1
2018-02-14 08:21:38,0.0237,9849000,0.0,233421,1
2018-02-14 08:22:58,0.0042,9845000,0.0,41349,1
2018-02-14 08:22:58,0.7386,9845000,0.0,7271517,1
2018-02-14 08:23:39,0.1488,9859000,0.0,1467019,1
2018-02-14 08:38:18,1.5,9863000,0.0,-14794500,0
2018-02-14 08:40:33,0.116,9870000,0.0,1144920,1
2018-02-14 08:41:28,0.6534,9862000,0.0,6443831,1
2018-02-14 08:41:29,0.5442,9862000,0.0,5366900,1
2018-02-14 08:41:29,0.1864,9862000,0.0,1838277,1
2018-02-14 08:42:50,0.559,9862000,0.0,-5512858,0
2018-02-14 08:44:36,0.4,9862000,0.0,3944800,1
2018-02-14 08:48:02,0.099,9868000,0.0,-976932,0
2018-02-14 08:48:19,0.00887311,9867000,0.0,87551,1
2018-02-14 08:48:19,0.0002,9867000,0.0,1973,1
2018-02-14 08:48:37,0.249,9862000,0.0,2455638,1
2018-02-14 08:48:58,1.5,9870000,0.0,-14805000,0
2018-02-14 08:50:28,0.1,9884000,0.0,988400,1
2018-02-14 08:52:01,0.05395784,9872000,0.0,532672,1
2018-02-14 08:52:02,0.5,9872000,0.0,4936000,1
2018-02-14 08:52:21,0.2665,9872000,0.0,2630888,1
2018-02-14 08:52:45,0.142,9879000,0.0,1402818,1
2018-02-14 08:53:08,0.4375,9877000,0.0,4321188,1
2018-02-14 08:57:30,0.645,9869000,0.0,-6365505,0
2018-02-14 08:59:05,0.1,9862000,0.0,986200,1
2018-02-14 08:59:33,0.0035,9859000,0.0,34507,1
2018-02-14 08:59:33,0.5415,9859000,0.0,5338649,1
2018-02-14 09:04:55,0.0427,9895000,0.0,-422517,0
2018-02-14 09:04:55,0.0465,9895000,0.0,-460118,0
2018-02-14 09:04:55,0.01,9895000,0.0,-98950,0
2018-02-14 09:05:49,0.0335,9905000,0.0,-331818,0
2018-02-14 09:06:15,0.1327,9906000,0.0,1314526,1
2018-02-14 09:09:18,0.0011,9902000,0.0,-10892,0
2018-02-14 09:10:15,0.08033401,9910000,0.0,-796110,0
2018-02-14 09:11:16,0.1109,9917000,0.0,-1099795,0
2018-02-14 09:13:49,0.1923,9946000,0.0,1912616,1
2018-02-14 09:20:02,1.5,9932000,0.0,-14898000,0
2018-02-14 09:20:44,0.1,9932000,0.0,993200,1
2018-02-14 09:22:48,1.0615,9923000,0.0,10533265,1
2018-02-14 09:23:11,1.1615,9913000,0.0,-11513950,0
2018-02-14 09:23:23,0.6501,9922000,0.0,6450292,1
2018-02-14 09:26:04,0.8499,9918000,0.0,8429308,1
2018-02-14 09:26:44,1.5,9911000,0.0,-14866500,0
2018-02-14 09:27:46,0.3415,9928000,0.0,3390412,1
2018-02-14 09:28:41,0.335,9924000,0.0,3324540,1
2018-02-14 09:36:41,0.52,9942000,0.0,5169840,1
2018-02-14 09:36:51,0.1113,9935000,0.0,1105766,1
2018-02-14 09:36:52,0.0402,9935000,0.0,399387,1
2018-02-14 09:37:09,1.348,9924000,0.0,-13377552,0
2018-02-14 09:39:51,0.081,9965000,0.0,807165,1
2018-02-14 09:40:11,0.0086,9955000,0.0,85613,1
2018-02-14 09:40:11,0.0287,9955000,0.0,285709,1
2018-02-14 09:40:11,0.0923,9955000,0.0,918847,1
2018-02-14 09:40:44,0.82372467,9970000,0.0,8212535,1
2018-02-14 09:40:44,0.46567533,9970000,0.0,4642783,1
2018-02-14 09:41:54,0.5726,9947000,0.0,-5695652,0
2018-02-14 09:41:58,0.5726,9964000,0.0,5705386,1
2018-02-14 09:46:15,0.2752,9970000,0.0,-2743744,0
2018-02-14 09:46:30,0.5401,9978000,0.0,-5389118,0
2018-02-14 09:47:05,0.8153,9976000,0.0,8133433,1
2018-02-14 09:50:56,1.1414,9988000,0.0,-11400303,0
2018-02-14 09:50:56,0.3586,9988000,0.0,-3581697,0
2018-02-14 09:53:07,3.2e-07,9990000,0.0,3,1
2018-02-14 09:53:17,0.3783,9974000,0.0,3773164,1
2018-02-14 09:53:37,0.0994,9974000,0.0,991416,1
2018-02-14 09:53:37,0.1155,9974000,0.0,1151997,1
2018-02-14 09:54:00,0.0423,9969000,0.0,421689,1
2018-02-14 09:54:14,0.8645,9947000,0.0,8599182,1
2018-02-14 09:56:58,1.3454,9925000,0.0,-13353095,0
2018-02-14 09:57:13,0.0006,9925000,0.0,5955,1
2018-02-14 10:04:12,0.05,9951000,0.0,497550,1
2018-02-14 10:04:12,0.0284,9951000,0.0,282608,1
2018-02-14 10:04:13,0.4422427,9951000,0.0,4400757,1
2018-02-14 10:05:36,0.2805,9967000,0.0,2795744,1
2018-02-14 10:06:00,0.5437,9966000,0.0,5418514,1
2018-02-14 10:13:40,0.0088,9960000,0.0,-87648,0
2018-02-14 10:13:50,0.5604,9970000,0.0,-5587188,0
2018-02-14 10:14:56,0.5692,9968000,0.0,5673786,1
2018-02-14 10:21:26,1.5,9960000,0.0,-14940000,0
2018-02-14 10:25:55,0.0808,9943000,0.0,803394,1
2018-02-14 10:26:10,0.84047363,9936000,0.0,8350946,1
2018-02-14 10:26:11,0.0086,9936000,0.0,85450,1
2018-02-14 10:26:35,0.9299,9943000,0.0,-9245996,0
2018-02-14 10:27:32,0.5945,9938000,0.0,5908141,1
2018-02-14 10:27:44,0.1732,9939000,0.0,1721435,1
2018-02-14 10:27:54,0.1225,9931000,0.0,1216548,1
2018-02-14 10:27:55,0.2349,9931000,0.0,2332792,1
2018-02-14 10:28:10,0.3749,9920000,0.0,3719008,1
2018-02-14 10:28:23,0.1368,9929000,0.0,-1358287,0
2018-02-14 10:28:35,0.02,9942000,0.0,198840,1
2018-02-14 10:30:34,1.3832,9920000,0.0,-13721344,0
2018-02-14 10:38:59,0.416,9960000,0.0,4143360,1
2018-02-14 10:39:10,0.28,9955000,0.0,2787400,1
2018-02-14 10:39:44,0.804,9956000,0.0,8004624,1
2018-02-14 10:41:40,0.1086,9970000,0.0,-1082742,0
2018-02-14 10:42:09,0.1086,9957000,0.0,1081330,1
2018-02-14 10:43:00,0.57773492,9957000,0.0,-5752507,0
2018-02-14 10:43:12,0.9222,9971000,0.0,-9195256,0
2018-02-14 10:44:44,0.1644,9966000,0.0,1638410,1
2018-02-14 10:45:22,0.196,9956000,0.0,1951376,1
2018-02-14 10:45:22,0.005,9956000,0.0,49780,1
2018-02-14 10:45:32,0.0075,9959000,0.0,74693,1
2018-02-14 10:45:33,1.0,9959000,0.0,9959000,1
2018-02-14 10:47:22,1.3729,9971000,0.0,-13689186,0
2018-02-14 10:50:10,0.0098,9997000,0.0,97971,1
2018-02-14 10:50:10,0.3174,9997000,0.0,3173048,1
2018-02-14 10:50:11,0.0201,9997000,0.0,200940,1
2018-02-14 10:50:11,0.018,9997000,0.0,179946,1
2018-02-14 10:52:03,0.0999,10000000,0.0,999000,1
2018-02-14 10:52:03,0.0015,10000000,0.0,15000,1
2018-02-14 10:55:16,0.1789,9995000,0.0,1788106,1
2018-02-14 10:55:26,0.1008,9989000,0.0,1006891,1
2018-02-14 10:55:38,0.005,9988000,0.0,49940,1
2018-02-14 10:56:13,0.7514,9996000,0.0,-7510994,0
2018-02-14 10:56:50,0.0195,10005000,0.0,195098,1
2018-02-14 11:02:24,0.0476,10045000,0.0,478142,1
2018-02-14 11:02:48,0.3202,10046000,0.0,3216729,1
2018-02-14 11:03:22,0.3333,10057000,0.0,3351998,1
2018-02-14 11:03:23,0.4689,10057000,0.0,4715727,1
2018-02-14 11:03:35,0.3105,10055000,0.0,3122078,1
2018-02-14 11:07:30,0.018,10057000,0.0,-181026,0
2018-02-14 11:07:30,0.021,10057000,0.0,-211197,0
2018-02-14 11:08:11,0.039,10050000,0.0,391950,1
2018-02-14 11:11:37,0.0116,10050000,0.0,-116580,0
2018-02-14 11:12:08,0.0116,10046000,0.0,116534,1
2018-02-14 11:14:51,0.63,10045000,0.0,-6328350,0
2018-02-14 11:15:08,0.07387466,10045000,0.0,-742071,0
2018-02-14 11:15:09,0.5384,10045000,0.0,-5408228,0
2018-02-14 11:16:26,0.0099,10018000,0.0,99178,1
2018-02-14 11:16:26,0.0099,10018000,0.0,99178,1
2018-02-14 11:16:26,0.0099,10018000,0.0,99178,1
2018-02-14 11:17:02,0.0099,10015000,0.0,99149,1
2018-02-14 11:17:02,0.0998,10015000,0.0,999497,1
2018-02-14 11:17:02,0.12991193,10015000,0.0,1301068,1
2018-02-14 11:17:02,0.0099,10015000,0.0,99149,1
2018-02-14 11:17:02,0.0959,10015000,0.0,960439,1
2018-02-14 11:17:02,0.0099,10015000,0.0,99149,1
2018-02-14 11:17:02,0.0099,10015000,0.0,99149,1
2018-02-14 11:17:02,0.016,10015000,0.0,160240,1
2018-02-14 11:17:02,0.0099,10015000,0.0,99149,1
2018-02-14 11:17:03,0.1,10015000,0.0,1001500,1
2018-02-14 11:17:03,0.0099,10015000,0.0,99149,1
2018-02-14 11:17:03,0.499,10015000,0.0,4997485,1
2018-02-14 11:17:04,0.21248807,10015000,0.0,2128068,1
2018-02-14 11:17:38,0.099,10013000,0.0,-991287,0
2018-02-14 11:21:23,0.099,10018000,0.0,991782,1
2018-02-14 11:23:11,0.699,10021000,0.0,-7004679,0
2018-02-14 11:23:44,0.699,10017000,0.0,7001883,1
2018-02-14 11:25:38,0.0055,10013000,0.0,-55072,0
2018-02-14 11:26:41,0.234,10016000,0.0,-2343744,0
2018-02-14 11:27:35,0.2395,10011000,0.0,2397635,1
2018-02-14 11:29:52,0.0315,10014000,0.0,-315441,0
2018-02-14 11:33:29,0.0125,10048000,0.0,-125600,0
2018-02-14 11:34:01,1.0,10045000,0.0,-10045000,0
2018-02-14 11:36:52,0.0128,10030000,0.0,128384,1
2018-02-14 11:36:52,0.188,10030000,0.0,1885640,1
2018-02-14 11:36:53,0.8432,10030000,0.0,8457296,1
2018-02-14 11:37:12,0.5785,10022000,0.0,-5797727,0
2018-02-14 11:37:12,0.9215,10023000,0.0,-9236195,0
2018-02-14 11:39:34,0.3739,10023000,0.0,3747600,1
2018-02-14 11:39:35,0.1664,10023000,0.0,1667827,1
2018-02-14 11:42:58,0.9,10027000,0.0,9024300,1
2018-02-14 11:43:40,1.4403,10030000,0.0,-14446209,0
2018-02-14 11:47:44,0.0003,10038000,0.0,3011,1
2018-02-14 11:53:17,0.79,10037000,0.0,7929230,1
2018-02-14 11:53:18,0.5,10037000,0.0,5018500,1
2018-02-14 11:54:09,0.2097,10035000,0.0,2104340,1
2018-02-14 11:54:24,1.21426151,10044000,0.0,-12196043,0
2018-02-14 11:54:24,0.08573849,10044000,0.0,-861157,0
2018-02-14 11:54:24,0.2,10044000,0.0,-2008800,0
2018-02-14 11:58:44,0.03,10025000,0.0,300750,1
2018-02-14 11:58:44,0.142,10025000,0.0,1423550,1
2018-02-14 11:59:37,0.3161,10026000,0.0,3169219,1
2018-02-14 11:59:47,1.0119,10022000,0.0,10141262,1
2018-02-14 12:00:59,1.5,10023000,0.0,-15034500,0
2018-02-14 12:01:47,0.17,10032000,0.0,1705440,1
2018-02-14 12:03:48,0.5404,10028000,0.0,5419131,1
2018-02-14 12:04:13,2.393e-05,10028000,0.0,240,1
2018-02-14 12:05:22,0.7896,10020000,0.0,7911792,1
2018-02-14 12:06:30,0.9821,10020000,0.0,-9840642,0
2018-02-14 12:06:38,0.31,10037000,0.0,3111470,1
2018-02-14 12:08:13,0.012,10035000,0.0,120420,1
2018-02-14 12:08:35,0.3,10021000,0.0,3006300,1
2018-02-14 12:09:39,0.0248,10012000,0.0,-248298,0
2018-02-14 12:09:43,0.018,10012000,0.0,-180216,0
2018-02-14 12:09:49,0.7811,10010000,0.0,-7818811,0
2018-02-14 12:10:32,0.2356,10009000,0.0,2358120,1
2018-02-14 12:11:00,0.1819,10003000,0.0,1819546,1
2018-02-14 12:11:12,0.7665,10000000,0.0,7665000,1
2018-02-14 12:12:23,0.5253,9989000,0.0,-5247222,0
2018-02-14 12:12:34,0.9747,9984000,0.0,-9731405,0
2018-02-14 12:13:27,1.5,9980000,0.0,14970000,1
2018-02-14 12:14:07,0.01511396,9986000,0.0,-150928,0
2018-02-14 12:14:07,1.48488604,9986000,0.0,-14828072,0
2018-02-14 12:15:42,0.0479,9987000,0.0,478377,1
2018-02-14 12:20:03,0.5371,9960000,0.0,5349516,1
2018-02-14 12:20:04,0.01,9960000,0.0,99600,1
2018-02-14 12:20:47,0.0301,9974000,0.0,300217,1
2018-02-14 12:21:47,0.0427,9965000,0.0,425506,1
2018-02-14 12:22:00,0.0032,9965000,0.0,31888,1
2018-02-14 12:22:00,0.0618,9965000,0.0,615837,1
2018-02-14 12:22:30,0.5,9967000,0.0,4983500,1
2018-02-14 12:23:13,0.1962,9949000,0.0,1951994,1
2018-02-14 12:23:14,0.071,9949000,0.0,706379,1
2018-02-14 12:23:22,1.5,9950000,0.0,-14925000,0
2018-02-14 12:24:41,0.3484,9952000,0.0,3467277,1
2018-02-14 12:24:41,0.348,9952000,0.0,3463296,1
2018-02-14 12:24:42,0.01,9952000,0.0,99520,1
2018-02-14 12:26:49,0.7936,9989000,0.0,7927270,1
2018-02-14 12:27:32,0.1552,9980000,0.0,-1548896,0
2018-02-14 12:28:17,0.1552,9991000,0.0,1550603,1
2018-02-14 12:38:40,0.9555,9980000,0.0,-9535890,0
2018-02-14 12:38:40,0.5445,9979000,0.0,-5433566,0
2018-02-14 12:47:25,0.1028,9980000,0.0,1025944,1
2018-02-14 12:47:27,0.75,9980000,0.0,7485000,1
2018-02-14 12:47:27,0.55,9980000,0.0,5489000,1
2018-02-14 12:48:15,0.127,9987000,0.0,-1268349,0
2018-02-14 12:48:56,1.2758,9983000,0.0,-12736311,0
2018-02-14 12:49:37,0.09,9990000,0.0,899100,1
2018-02-14 12:49:38,0.0838,9990000,0.0,837162,1
2018-02-14 12:55:11,0.358,9978000,0.0,3572124,1
2018-02-14 12:57:33,0.01,9989000,0.0,99890,1
2018-02-14 12:59:04,0.9582,9990000,0.0,9572418,1
2018-02-14 13:00:08,0.0099,9982000,0.0,-98822,0
2018-02-14 13:00:47,0.0099,9995000,0.0,98951,1
2018-02-14 13:04:18,1.5,9981000,0.0,-14971500,0
2018-02-14 13:04:56,0.99,9999000,0.0,9899010,1
2018-02-14 13:07:29,0.51,10022000,0.0,5111220,1
2018-02-14 13:13:20,0.1077,10037000,0.0,-1080985,0
2018-02-14 13:14:06,0.1077,10033000,0.0,1080554,1
2018-02-14 13:14:18,0.2564,10025000,0.0,-2570410,0
2018-02-14 13:16:57,0.2564,10040000,0.0,2574256,1
2018-02-14 13:18:17,0.0595,10030000,0.0,-596785,0
2018-02-14 13:18:50,0.0672,10037000,0.0,-674486,0
2018-02-14 13:20:35,1.3733,10033000,0.0,-13778319,0
2018-02-14 13:22:10,0.06270249,10050000,0.0,630160,1
2018-02-14 13:24:44,0.5,10048000,0.0,5024000,1
2018-02-14 13:25:47,0.9373,10049000,0.0,9418928,1
2018-02-14 13:34:50,0.1925,10051000,0.0,-1934818,0
2018-02-14 13:35:11,0.08699636,10042000,0.0,873617,1
2018-02-14 13:35:11,0.10550364,10042000,0.0,1059468,1
2018-02-14 13:45:06,0.2007,10046000,0.0,-2016232,0
2018-02-14 13:45:46,0.1108,10050000,0.0,-1113540,0
2018-02-14 13:46:35,0.0178,10051000,0.0,178908,1
2018-02-14 13:46:46,0.0178,10051000,0.0,178908,1
2018-02-14 13:46:58,0.0098,10051000,0.0,98500,1
2018-02-14 13:46:59,0.0177,10051000,0.0,177903,1
2018-02-14 13:46:59,0.00010148,10051000,0.0,1020,1
2018-02-14 13:47:10,0.0063,10047000,0.0,63296,1
2018-02-14 13:47:10,0.0099,10051000,0.0,99505,1
2018-02-14 13:47:21,0.0132,10045000,0.0,-132594,0
2018-02-14 13:47:27,0.0099,10051000,0.0,99505,1
2018-02-14 13:47:28,0.0178,10051000,0.0,178908,1
2018-02-14 13:47:46,0.0144,10041000,0.0,-144590,0
2018-02-14 13:48:18,0.0123,10051000,0.0,123627,1
2018-02-14 13:48:30,0.2197,10057000,0.0,2209523,1
2018-02-14 13:50:30,0.0144,10050000,0.0,-144720,0
2018-02-14 13:51:19,0.0144,10052000,0.0,144749,1
2018-02-14 13:54:33,0.4667,10040000,0.0,-4685668,0
2018-02-14 13:54:42,0.4667,10052000,0.0,4691268,1
2018-02-14 13:57:29,0.0142,10052000,0.0,-142738,0
2018-02-14 13:58:35,0.0142,10058000,0.0,142824,1
2018-02-14 14:01:25,0.8798,10050000,0.0,-8841990,0
2018-02-14 14:01:45,0.0099,10051000,0.0,99505,1
2018-02-14 14:03:54,0.0226,10037000,0.0,226836,1
2018-02-14 14:04:05,0.0332,10023000,0.0,332764,1
2018-02-14 14:04:05,0.0672,10023000,0.0,673546,1
2018-02-14 14:04:05,0.0447,10023000,0.0,448028,1
2018-02-14 14:04:06,0.35518306,10023000,0.0,3560000,1
2018-02-14 14:04:14,1.153,10021000,0.0,-11554213,0
2018-02-14 14:04:48,0.6571,10049000,0.0,6603198,1
2018-02-14 14:05:43,0.8429,10030000,0.0,8454287,1
2018-02-14 14:06:14,0.0248,10017000,0.0,-248422,0
2018-02-14 14:06:58,0.0544,10017000,0.0,-544925,0
2018-02-14 14:07:38,0.0792,10036000,0.0,794851,1
2018-02-14 14:09:27,0.9385,10026000,0.0,-9409401,0
2018-02-14 14:12:35,0.601,10034000,0.0,6030434,1
2018-02-14 14:14:37,0.1615,10030000,0.0,1619845,1
2018-02-14 14:15:05,0.0995,10031000,0.0,-998085,0
2018-02-14 14:15:48,0.1228,10033000,0.0,1232052,1
2018-02-14 14:19:36,0.1527,10037000,0.0,1532650,1
2018-02-14 14:24:29,0.4601,10016000,0.0,-4608362,0
2018-02-14 14:24:41,0.0187,10019000,0.0,-187355,0
2018-02-14 14:24:54,0.027,10019000,0.0,270513,1
2018-02-14 14:24:55,0.09981036,10019000,0.0,1000000,1
2018-02-14 14:25:11,0.352,10017000,0.0,3525984,1
2018-02-14 14:25:43,0.4991,10014000,0.0,-4997987,0
2018-02-14 14:26:55,0.1012,10014000,0.0,-1013417,0
2018-02-14 14:28:12,0.0896,10013000,0.0,897165,1
2018-02-14 14:28:22,0.012,10024000,0.0,120288,1
2018-02-14 14:28:33,0.4987,10022000,0.0,4997971,1
2018-02-14 14:33:55,0.6712,10020000,0.0,-6725424,0
2018-02-14 14:34:27,0.0716,10040000,0.0,718864,1
2018-02-14 14:37:21,0.5996,10054000,0.0,6028378,1
2018-02-14 14:41:44,0.0519,10048000,0.0,-521491,0
2018-02-14 14:43:42,0.0519,10062000,0.0,522218,1
2018-02-14 14:47:45,0.041,10043000,0.0,-411763,0
2018-02-14 14:48:19,1.459,10042000,0.0,-14651278,0
2018-02-14 14:49:54,0.0994,10057000,0.0,999666,1
2018-02-14 14:49:54,0.01,10057000,0.0,100570,1
2018-02-14 14:49:55,0.0274,10057000,0.0,275562,1
2018-02-14 14:50:17,1.1,10066000,0.0,11072600,1
2018-02-14 14:55:43,0.022,10064000,0.0,221408,1
2018-02-14 14:55:58,0.2412,10060000,0.0,2426472,1
2018-02-14 14:58:53,0.0075,10039000,0.0,-75293,0
2018-02-14 14:59:07,0.1939,10033000,0.0,-1945399,0
2018-02-14 14:59:18,1.2986,10044000,0.0,-13043138,0
2018-02-14 15:01:49,0.2195,10070000,0.0,2210365,1
2018-02-14 15:02:14,0.05290626,10065000,0.0,532502,1
2018-02-14 15:08:26,0.31563941,10047000,0.0,3171229,1
2018-02-14 15:15:06,0.2,10056000,0.0,2011200,1
2018-02-14 15:15:39,0.02,10053000,0.0,201060,1
2018-02-14 15:18:37,0.0058,10030000,0.0,-58174,0
2018-02-14 15:18:54,0.2328,10029000,0.0,-2334751,0
2018-02-14 15:27:17,0.0304,10050000,0.0,305520,1
2018-02-14 15:30:20,0.9002,10058000,0.0,9054212,1
2018-02-14 15:31:16,0.0155,10049000,0.0,-155760,0
2018-02-14 15:31:47,0.0014,10041000,0.0,-14057,0
2018-02-14 15:32:52,0.092,10039000,0.0,-923588,0
2018-02-14 15:34:24,0.799,10032000,0.0,-8015568,0
2018-02-14 15:47:36,0.4007,10011000,0.0,4011408,1
2018-02-14 15:48:23,0.0526,10011000,0.0,526579,1
2018-02-14 15:48:23,0.0045,10011000,0.0,45050,1
2018-02-14 15:49:50,0.1,10010000,0.0,1001000,1
2018-02-14 15:49:50,0.2168,10010000,0.0,2170168,1
2018-02-14 15:50:22,0.0012,10012000,0.0,-12014,0
2018-02-14 15:51:44,6.652e-05,10018000,0.0,666,1
2018-02-14 15:54:40,0.1095,10018000,0.0,1096971,1
2018-02-14 15:55:15,0.9229,10003000,0.0,-9231769,0
2018-02-14 16:08:49,0.1566,9980000,0.0,1562868,1
2018-02-14 16:08:49,0.3273,9980000,0.0,3266454,1
2018-02-14 16:08:52,0.0121,9979000,0.0,120746,1
2018-02-14 16:08:52,0.0034,9979000,0.0,33929,1
2018-02-14 16:08:52,0.022,9979000,0.0,219538,1
2018-02-14 16:10:19,0.0028,9969000,0.0,27913,1
2018-02-14 16:10:30,0.3877,9968000,0.0,3864594,1
2018-02-14 16:10:31,0.0359,9968000,0.0,357851,1
2018-02-14 16:12:08,0.08254323,9970000,0.0,-822956,0
2018-02-14 16:12:12,0.0829,9976000,0.0,-827010,0
2018-02-14 16:12:12,0.0081,9976000,0.0,-80806,0
2018-02-14 16:12:15,1.3264,9977000,0.0,-13233493,0
2018-02-14 16:17:30,0.0002,10008000,0.0,2002,1
2018-02-14 16:17:31,0.0666,10008000,0.0,666533,1
2018-02-14 16:17:31,0.5,10008000,0.0,5004000,1
2018-02-14 16:24:41,0.1123,10022000,0.0,1125471,1
2018-02-14 16:26:44,0.4437,10018000,0.0,4444987,1
2018-02-14 16:27:48,0.4911,10007000,0.0,-4914438,0
2018-02-14 16:33:33,0.0584,10032000,0.0,585869,1
2018-02-14 16:34:14,0.0344,10041000,0.0,345410,1
2018-02-14 16:34:23,0.1721,10042000,0.0,1728228,1
2018-02-14 16:34:31,0.05670414,10044000,0.0,569536,1
2018-02-14 16:34:31,0.2153,10044000,0.0,2162473,1
2018-02-14 16:34:36,0.3313,10050000,0.0,3329565,1
2018-02-14 16:37:39,0.399,10068000,0.0,-4017132,0
2018-02-14 16:37:45,0.02,10071000,0.0,-201420,0
2018-02-14 16:37:46,0.7314,10071000,0.0,-7365929,0
2018-02-14 16:37:46,0.0011,10071000,0.0,-11078,0
2018-02-14 16:37:46,0.01,10071000,0.0,-100710,0
2018-02-14 16:37:46,0.0011,10071000,0.0,-11078,0
2018-02-14 16:38:07,0.2675,10065000,0.0,2692388,1
2018-02-14 16:38:07,0.0521,10065000,0.0,524387,1
2018-02-14 16:38:07,0.243,10065000,0.0,2445795,1
2018-02-14 16:38:07,0.6,10065000,0.0,6039000,1
2018-02-14 16:40:39,1.5,10062000,0.0,-15093000,0
2018-02-14 16:49:13,1.2744,10069000,0.0,12831934,1
2018-02-14 16:53:23,0.03,10051000,0.0,-301530,0
2018-02-14 16:54:23,1.2444,10031000,0.0,-12482576,0
2018-02-14 16:59:47,0.3066,10045000,0.0,3079797,1
2018-02-14 16:59:48,0.1893,10045000,0.0,1901519,1
2018-02-14 17:10:34,0.0074,10041000,0.0,74303,1
2018-02-14 17:13:53,0.5741,10048000,0.0,5768557,1
2018-02-14 17:13:54,0.1037,10048000,0.0,1041978,1
2018-02-14 17:14:04,0.0494,10040000,0.0,-495976,0
2018-02-14 17:14:29,0.0033,10049000,0.0,-33162,0
2018-02-14 17:26:08,1.1284,10058000,0.0,-11349447,0
2018-02-14 17:27:04,0.2427,10058000,0.0,2441077,1
2018-02-14 17:38:08,0.02,10052000,0.0,201040,1
2018-02-14 17:38:08,0.7456,10052000,0.0,7494771,1
2018-02-14 17:38:09,0.00721061,10052000,0.0,72481,1
2018-02-14 17:38:59,0.271,10049000,0.0,-2723279,0
2018-02-14 17:54:54,0.2559,10067000,0.0,2576145,1
2018-02-14 17:56:14,0.4996,10059000,0.0,5025476,1
2018-02-14 17:59:14,0.4345,10069000,0.0,-4374981,0
2018-02-14 17:59:20,0.93445491,10070000,0.0,-9409961,0
2018-02-14 17:59:20,0.13104509,10070000,0.0,-1319624,0
2018-02-14 18:06:04,0.9,10076000,0.0,9068400,1
2018-02-14 18:06:30,0.6,10076000,0.0,6045600,1
2018-02-14 18:07:33,0.0782,10073000,0.0,-787709,0
2018-02-14 18:08:11,0.032,10072000,0.0,-322304,0
2018-02-14 18:08:23,0.028,10071000,0.0,-281988,0
2018-02-14 18:08:33,0.4488,10081000,0.0,-4524353,0
2018-02-14 18:08:33,0.599,10081000,0.0,-6038519,0
2018-02-14 18:13:12,0.2488,10056000,0.0,2501933,1
2018-02-14 18:13:13,0.1,10056000,0.0,1005600,1
2018-02-14 18:13:15,0.5826,10052000,0.0,5856295,1
2018-02-14 18:13:16,0.12063401,10052000,0.0,1212613,1
2018-02-14 18:13:36,0.0196,10050000,0.0,-196980,0
2018-02-14 18:15:12,1.3464,10035000,0.0,-13511124,0
2018-02-14 18:22:14,0.0003,10052000,0.0,3016,1
2018-02-14 18:33:41,1.4997,10060000,0.0,15086982,1
2018-02-14 18:40:12,0.7867,10027000,0.0,-7888241,0
2018-02-14 18:40:13,0.0399,10027000,0.0,-400077,0
2018-02-14 18:43:40,0.5921,10048000,0.0,5949421,1
2018-02-14 18:43:41,0.0048,10048000,0.0,48230,1
2018-02-14 18:43:44,0.0105,10046000,0.0,105483,1
2018-02-14 18:43:53,0.2192,10047000,0.0,2202302,1
2018-02-14 18:50:35,0.1058,10037000,0.0,-1061915,0
2018-02-14 18:50:44,0.0668,10046000,0.0,-671073,0
2018-02-14 18:50:44,0.0113,10046000,0.0,-113520,0
2018-02-14 18:50:58,0.1063,10042000,0.0,1067465,1
2018-02-14 18:52:40,1.4224,10028000,0.0,-14263827,0
2018-02-14 18:54:13,0.0168,10037000,0.0,168622,1
2018-02-14 18:55:47,0.1066,10039000,0.0,1070157,1
2018-02-14 18:58:23,0.1936,10035000,0.0,1942776,1
2018-02-14 18:58:23,0.124,10035000,0.0,1244340,1
2018-02-14 19:02:30,1.059,10004000,0.0,10594236,1
2018-02-14 19:04:31,0.5996,10020000,0.0,-6007992,0
2018-02-14 19:04:41,0.9004,10030000,0.0,-9031012,0
2018-02-14 19:06:34,0.0246016,10043000,0.0,247074,1
2018-02-14 19:11:40,0.3247,10052000,0.0,3263884,1
2018-02-14 19:19:04,0.00025896,10078000,0.0,2610,1
2018-02-14 19:23:09,0.0211,10068000,0.0,212435,1
2018-02-14 19:23:48,1.1293,10065000,0.0,11366405,1
2018-02-14 19:24:26,0.2721,10060000,0.0,-2737326,0
2018-02-14 19:29:43,0.2821,10038000,0.0,-2831720,0
2018-02-14 19:29:43,0.9458,10038000,0.0,-9493940,0
2018-02-14 19:32:06,0.0001,10068000,0.0,1007,1
2018-02-14 19:32:30,0.11118917,10068000,0.0,1119453,1
2018-02-14 19:35:31,0.124,10072000,0.0,1248928,1
2018-02-14 19:35:31,0.1151,10069000,0.0,1158942,1
2018-02-14 19:36:23,0.461,10056000,0.0,4635816,1
2018-02-14 19:36:34,0.5411,10055000,0.0,-5440761,0
2018-02-14 19:39:38,0.1702,10050000,0.0,1710510,1
2018-02-14 19:58:20,0.0548,10031000,0.0,549699,1
2018-02-14 19:58:30,0.0102,10037000,0.0,102377,1
2018-02-14 19:58:44,0.1,10006000,0.0,1000600,1
2018-02-14 19:58:44,0.6788,10006000,0.0,6792073,1
2018-02-14 19:58:45,0.0239,10006000,0.0,239143,1
2018-02-14 19:58:52,0.4552,10004000,0.0,-4553821,0
2018-02-14 20:00:24,0.0132,10008000,0.0,-132106,0
2018-02-14 20:00:32,0.8397,10007000,0.0,-8402878,0
2018-02-14 20:00:43,0.201,10008000,0.0,2011608,1
2018-02-14 20:11:18,0.0252,10036000,0.0,252907,1
2018-02-14 20:19:54,0.02722253,10068000,0.0,274076,1
2018-02-14 20:19:55,0.2938,10068000,0.0,2957978,1
2018-02-14 20:20:21,0.0171,10070000,0.0,172197,1
2018-02-14 20:27:19,0.04,10073000,0.0,402920,1
2018-02-14 20:27:19,0.014,10073000,0.0,141022,1
2018-02-14 20:29:48,0.41744914,10065000,0.0,4201626,1
2018-02-14 20:30:59,0.6189,10051000,0.0,-6220564,0
2018-02-14 20:43:35,0.0085,10124000,0.0,86054,1
2018-02-14 20:44:38,0.02912944,10118000,0.0,294732,1
2018-02-14 20:44:39,0.0288,10118000,0.0,291398,1
2018-02-14 20:45:21,0.43272116,10135000,0.0,4385629,1
2018-02-14 20:45:38,0.5839,10135000,0.0,5917827,1
2018-02-14 20:46:23,0.13,10150000,0.0,-1319500,0
2018-02-14 20:46:23,0.0527,10150000,0.0,-534905,0
2018-02-14 20:46:23,0.03,10150000,0.0,-304500,0
2018-02-14 20:46:23,0.0098,10150000,0.0,-99470,0
2018-02-14 20:46:23,0.071,10150000,0.0,-720650,0
2018-02-14 20:46:23,0.028,10150000,0.0,-284200,0
2018-02-14 20:46:23,0.0499,10150000,0.0,-506485,0
2018-02-14 20:46:23,0.0058,10150000,0.0,-58870,0
2018-02-14 20:46:30,0.01405324,10160000,0.0,-142781,0
2018-02-14 20:46:31,0.32224676,10160000,0.0,-3274027,0
2018-02-14 20:46:31,0.1,10160000,0.0,-1016000,0
2018-02-14 20:46:59,0.24931932,10155000,0.0,2531838,1
2018-02-14 20:47:01,0.0008192,10155000,0.0,8319,1
2018-02-14 20:47:02,0.04566148,10155000,0.0,463692,1
2018-02-14 20:47:02,0.0177,10155000,0.0,179744,1
2018-02-14 20:47:02,0.5,10155000,0.0,5077500,1
2018-02-14 20:49:49,0.0556,10160000,0.0,-564896,0
2018-02-14 20:50:14,0.0407,10163000,0.0,413634,1
2018-02-14 20:51:26,0.0149,10166000,0.0,151473,1
2018-02-14 20:52:44,0.3777,10160000,0.0,-3837432,0
2018-02-14 20:52:53,0.05,10175000,0.0,508750,1
2018-02-14 20:53:17,0.0558,10157000,0.0,566761,1
2018-02-14 20:53:17,0.0176,10157000,0.0,178763,1
2018-02-14 20:53:17,0.0386,10157000,0.0,392060,1
2018-02-14 20:54:45,0.124,10138000,0.0,-1257112,0
2018-02-14 20:55:33,0.35889333,10143000,0.0,-3640255,0
2018-02-14 20:56:27,0.1857,10162000,0.0,1887083,1
2018-02-14 20:56:35,0.0339,10160000,0.0,344424,1
2018-02-14 20:56:35,0.2732,10160000,0.0,2775712,1
2018-02-14 20:57:04,0.2058,10175000,0.0,2094015,1
2018-02-14 20:57:46,0.16546365,10193000,0.0,-1686571,0
2018-02-14 20:57:46,0.87043635,10193000,0.0,-8872358,0
2018-02-14 21:04:38,0.099,10232000,0.0,1012968,1
2018-02-14 21:04:57,0.002,10229000,0.0,20458,1
2018-02-14 21:04:58,0.886,10229000,0.0,9062894,1
2018-02-14 21:06:38,0.282,10214000,0.0,-2880348,0
2018-02-14 21:06:38,0.5069,10215000,0.0,-5177984,0
2018-02-14 21:07:49,0.7707,10197000,0.0,7858828,1
2018-02-14 21:08:04,0.0671,10180000,0.0,683078,1
2018-02-14 21:08:14,0.0963,10191000,0.0,-981393,0
2018-02-14 21:08:15,0.2857,10191000,0.0,-2911569,0
2018-02-14 21:08:30,0.382,10195000,0.0,3894490,1
2018-02-14 21:09:30,1.5,10206000,0.0,-15309000,0
2018-02-14 21:10:02,0.0176,10294000,0.0,181174,1
2018-02-14 21:10:02,0.924914,10294000,0.0,9521065,1
2018-02-14 21:10:07,0.055,10280000,0.0,-565400,0
2018-02-14 21:10:11,0.0031,10270000,0.0,-31837,0
2018-02-14 21:10:18,0.8844,10268000,0.0,-9081019,0
2018-02-14 21:12:54,1.5,10368000,0.0,15552000,1
2018-02-14 21:12:59,0.0424,10356000,0.0,-439094,0
2018-02-14 21:13:12,0.0424,10390000,0.0,440536,1
2018-02-14 21:13:41,0.0411,10372000,0.0,-426289,0
2018-02-14 21:14:05,0.0411,10391000,0.0,427070,1
2018-02-14 21:15:46,0.9923,10328000,0.0,-10248474,0
2018-02-14 21:16:21,0.211,10345000,0.0,2182795,1
2018-02-14 21:16:31,0.0014,10320000,0.0,14448,1
2018-02-14 21:16:32,0.0976,10320000,0.0,1007232,1
2018-02-14 21:16:35,0.0312,10318000,0.0,-321922,0
2018-02-14 21:16:40,0.2276,10301000,0.0,-2344508,0
2018-02-14 21:16:45,0.5139,10325000,0.0,5306018,1
2018-02-14 21:16:46,0.0051,10325000,0.0,52658,1
2018-02-14 21:16:59,0.2959,10320000,0.0,-3053688,0
2018-02-14 21:17:06,0.0430602,10334000,0.0,-444984,0
2018-02-14 21:17:06,0.1233,10334000,0.0,-1274182,0
2018-02-14 21:17:07,0.1232398,10334000,0.0,-1273560,0
2018-02-14 21:17:31,1.0076,10368000,0.0,10446797,1
2018-02-14 21:18:21,0.0011,10390000,0.0,-11429,0
2018-02-14 21:18:47,0.0011,10353000,0.0,11388,1
2018-02-14 21:19:19,1.5,10350000,0.0,-15525000,0
2018-02-14 21:23:12,0.02557637,10349000,0.0,264690,1
2018-02-14 21:25:17,0.1919,10424000,0.0,2000366,1
2018-02-14 21:25:17,0.5093,10424000,0.0,5308943,1
2018-02-14 21:25:25,0.32,10420000,0.0,3334400,1
2018-02-14 21:25:25,0.0389,10420000,0.0,405338,1
2018-02-14 21:25:29,0.4143,10423000,0.0,4318249,1
2018-02-14 21:25:50,0.0051,10415000,0.0,-53117,0
2018-02-14 21:25:50,0.2256,10415000,0.0,-2349624,0
2018-02-14 21:25:52,0.2341,10415000,0.0,-2438152,0
2018-02-14 21:25:53,0.4282,10408000,0.0,-4456706,0
2018-02-14 21:27:01,0.893,10384000,0.0,9272912,1
2018-02-14 21:27:19,0.6302,10365000,0.0,-6532023,0
2018-02-14 21:27:26,0.1811,10377000,0.0,1879275,1
2018-02-14 21:27:36,0.0298,10370000,0.0,-309026,0
2018-02-14 21:27:58,0.05,10380000,0.0,-519000,0
2018-02-14 21:28:30,0.3,10371000,0.0,3111300,1
2018-02-14 21:29:44,0.1578,10353000,0.0,1633703,1
2018-02-14 21:29:44,0.04291241,10353000,0.0,444272,1
2018-02-14 21:29:57,0.0449,10339000,0.0,-464221,0
2018-02-14 21:30:01,0.1447,10335000,0.0,-1495475,0
2018-02-14 21:30:05,0.2049,10335000,0.0,-2117642,0
2018-02-14 21:30:51,0.4227,10354000,0.0,4376636,1
2018-02-14 21:31:17,0.1842,10365000,0.0,-1909233,0
2018-02-14 21:32:05,1.3158,10357000,0.0,-13627741,0
2018-02-14 21:34:03,0.0683534,10377000,0.0,709303,1
2018-02-14 21:35:22,1.4317,10362000,0.0,14835275,1
2018-02-14 21:36:03,0.0644,10357000,0.0,-666991,0
2018-02-14 21:37:08,0.1282,10337000,0.0,-1325203,0
2018-02-14 21:38:07,0.2049,10295000,0.0,-2109446,0
2018-02-14 21:38:07,1.1024,10300000,0.0,-11354720,0
2018-02-14 21:38:41,0.0391,10288000,0.0,402261,1
2018-02-14 21:47:39,0.1025,10322000,0.0,1058005,1
2018-02-14 21:48:41,0.7023,10318000,0.0,7246331,1
2018-02-14 21:49:47,0.001,10333000,0.0,10333,1
2018-02-14 21:49:47,0.5215,10333000,0.0,5388660,1
2018-02-14 21:50:16,1.3665,10330000,0.0,-14115945,0
2018-02-14 21:52:38,0.8,10335000,0.0,8268000,1
2018-02-14 21:53:14,0.7378,10327000,0.0,-7619261,0
2018-02-14 21:56:53,0.0001,10353000,0.0,1035,1
2018-02-14 21:57:40,0.0992,10358000,0.0,1027514,1
2018-02-14 21:57:44,0.16,10352000,0.0,1656320,1
2018-02-14 22:00:25,1.1785,10358000,0.0,12206903,1
2018-02-14 22:01:44,1.3678,10329000,0.0,-14128006,0
2018-02-14 22:03:27,0.6,10342000,0.0,6205200,1
2018-02-14 22:05:56,0.0997,10346000,0.0,1031496,1
2018-02-14 22:05:57,0.1005,10346000,0.0,1039773,1
2018-02-14 22:05:57,0.1108,10346000,0.0,1146337,1
2018-02-14 22:06:18,0.0583,10343000,0.0,-602997,0
2018-02-14 22:07:10,0.0029,10348000,0.0,30009,1
2018-02-14 22:08:16,0.0047,10341000,0.0,48603,1
2018-02-14 22:09:48,0.5288,10350000,0.0,-5473080,0
2018-02-14 22:14:47,0.0473,10442000,0.0,493907,1
2018-02-14 22:14:51,0.1391,10440000,0.0,1452204,1
2018-02-14 22:14:51,0.8499,10440000,0.0,8872956,1
2018-02-14 22:15:36,0.1066,10413000,0.0,-1110026,0
2018-02-14 22:16:19,0.033,10416000,0.0,343728,1
2018-02-14 22:16:19,0.0736,10416000,0.0,766618,1
2018-02-14 22:17:02,1.5,10417000,0.0,-15625500,0
2018-02-14 22:20:50,0.0358,10464000,0.0,374611,1
2018-02-14 22:21:30,1.4642,10459000,0.0,15314068,1
2018-02-14 22:21:52,1.5,10440000,0.0,-15660000,0
2018-02-14 22:22:48,0.7728,10440000,0.0,8068032,1
2018-02-14 22:22:54,0.7272,10427000,0.0,7582514,1
2018-02-14 22:24:52,0.0918,10424000,0.0,-956923,0
2018-02-14 22:26:12,0.0041,10409000,0.0,42677,1
2018-02-14 22:26:13,0.0877,10409000,0.0,912869,1
2018-02-14 22:28:05,0.399,10411000,0.0,-4153989,0
2018-02-14 22:28:14,0.0156,10410000,0.0,-162396,0
2018-02-14 22:28:39,0.0562,10405000,0.0,584761,1
2018-02-14 22:29:26,0.3584,10401000,0.0,3727718,1
2018-02-14 22:29:39,1.5,10381000,0.0,-15571500,0
2018-02-14 22:31:19,1.5,10395000,0.0,15592500,1
2018-02-14 22:31:27,1.5,10380000,0.0,-15570000,0
2018-02-14 22:31:31,0.0213,10389000,0.0,221286,1
2018-02-14 22:31:32,0.012,10389000,0.0,124668,1
2018-02-14 22:34:02,0.253,10388000,0.0,2628164,1
2018-02-14 22:34:02,2.396e-05,10386000,0.0,249,1
2018-02-14 22:34:03,0.4187,10386000,0.0,4348618,1
2018-02-14 22:34:03,0.2,10386000,0.0,2077200,1
2018-02-14 22:34:17,0.9051,10380000,0.0,-9394938,0
2018-02-14 22:37:36,1.35927643,10365000,0.0,14088900,1
2018-02-14 22:37:36,0.13322357,10365000,0.0,1380862,1
2018-02-14 22:37:36,0.0075,10365000,0.0,77738,1
2018-02-14 22:38:03,0.4557,10371000,0.0,-4726065,0
2018-02-14 22:38:19,0.4644,10370000,0.0,-4815828,0
2018-02-14 22:39:56,0.0288,10399000,0.0,299491,1
2018-02-14 22:40:14,0.0022,10395000,0.0,22869,1
2018-02-14 22:40:32,0.8891,10390000,0.0,9237749,1
2018-02-14 22:41:41,1.5,10384000,0.0,-15576000,0
2018-02-14 22:49:08,0.2515,10445000,0.0,2626918,1
2018-02-14 22:54:29,0.5825,10426000,0.0,6073145,1
2018-02-14 22:54:48,0.0982,10415000,0.0,-1022753,0
2018-02-14 22:56:09,0.7642,10425000,0.0,7966785,1
2018-02-14 22:57:13,0.2,10437000,0.0,-2087400,0
2018-02-14 22:57:13,0.0121,10437000,0.0,-126288,0
2018-02-14 22:57:13,1.2879,10437000,0.0,-13441812,0
2018-02-14 22:59:13,0.0186,10453000,0.0,194426,1
2018-02-14 22:59:25,0.66421619,10460000,0.0,6947701,1
2018-02-14 23:01:07,0.0355,10457000,0.0,371224,1
2018-02-14 23:03:17,0.1817,10459000,0.0,1900400,1
2018-02-14 23:03:17,0.6,10459000,0.0,6275400,1
2018-02-14 23:03:35,0.0864,10447000,0.0,-902621,0
2018-02-14 23:04:59,0.0998,10461000,0.0,-1044008,0
2018-02-14 23:05:02,0.0599,10464000,0.0,-626794,0
2018-02-14 23:05:11,0.5742,10459000,0.0,-6005558,0
2018-02-14 23:11:35,0.8203,10450000,0.0,8572135,1
2018-02-14 23:12:08,0.0465,10432000,0.0,-485088,0
2018-02-14 23:12:22,0.3647,10423000,0.0,-3801268,0
2018-02-14 23:12:26,0.399,10429000,0.0,-4161171,0
2018-02-14 23:12:26,0.6898,10430000,0.0,-7194614,0
2018-02-14 23:14:06,1.5,10417000,0.0,15625500,1
2018-02-14 23:15:27,0.1815,10439000,0.0,-1894679,0
2018-02-14 23:16:50,0.179,10428000,0.0,1866612,1
2018-02-14 23:17:30,0.0025,10422000,0.0,26055,1
2018-02-14 23:20:31,0.07832246,10389000,0.0,-813692,0
2018-02-14 23:20:32,0.01057754,10389000,0.0,-109890,0
2018-02-14 23:20:40,0.3858176,10395000,0.0,-4010574,0
2018-02-14 23:20:46,0.3845,10395000,0.0,-3996878,0
2018-02-14 23:23:43,0.04724532,10411000,0.0,491871,1
2018-02-14 23:25:29,0.812,10415000,0.0,8456980,1
2018-02-14 23:25:58,0.0154,10426000,0.0,-160560,0
2018-02-14 23:26:03,0.0154,10440000,0.0,160776,1
2018-02-14 23:27:02,0.2137,10459000,0.0,-2235088,0
2018-02-14 23:27:59,0.5657,10440000,0.0,-5905908,0
2018-02-14 23:28:16,0.10038776,10447000,0.0,1048751,1
2018-02-14 23:28:34,0.0034,10433000,0.0,35472,1
2018-02-14 23:29:11,0.6756,10444000,0.0,7055966,1
2018-02-14 23:30:28,0.0876,10426000,0.0,-913318,0
2018-02-14 23:30:29,0.0119,10431000,0.0,-124129,0
2018-02-14 23:30:32,0.944,10420000,0.0,-9836480,0
2018-02-14 23:30:54,0.1789,10425000,0.0,1865033,1
2018-02-14 23:31:02,0.0173,10461000,0.0,180975,1
2018-02-14 23:31:03,0.017,10461000,0.0,177837,1
2018-02-14 23:33:28,0.1718,10472000,0.0,1799090,1
2018-02-14 23:33:41,0.0368,10452000,0.0,-384634,0
2018-02-14 23:33:54,0.1715,10472000,0.0,1795948,1
2018-02-14 23:34:02,0.03,10464000,0.0,313920,1
2018-02-14 23:34:38,0.4938,10465000,0.0,5167617,1
2018-02-14 23:38:53,0.7411,10449000,0.0,-7743754,0
2018-02-14 23:39:17,0.2496,10466000,0.0,2612314,1
2018-02-14 23:40:45,0.468,10481000,0.0,4905108,1
2018-02-14 23:40:45,0.0235,10481000,0.0,246304,1
2018-02-14 23:41:06,0.0298,10470000,0.0,-312006,0
2018-02-14 23:41:26,0.1032,10497000,0.0,-1083290,0
2018-02-14 23:41:26,0.0576,10497000,0.0,-604627,0
2018-02-14 23:41:30,0.3538,10497000,0.0,-3713839,0
2018-02-14 23:41:44,0.489,10485000,0.0,5127165,1
2018-02-14 23:41:44,0.0554,10485000,0.0,580869,1
2018-02-14 23:42:04,0.1254,10477000,0.0,-1313816,0
2018-02-14 23:43:03,0.0484,10459000,0.0,506216,1
2018-02-14 23:43:03,0.077,10459000,0.0,805343,1
2018-02-14 23:44:27,0.0287,10447000,0.0,-299829,0
2018-02-14 23:44:53,0.0159,10444000,0.0,166060,1
2018-02-14 23:46:41,0.5755,10427000,0.0,-6000739,0
2018-02-14 23:46:52,0.1045,10441000,0.0,-1091085,0
2018-02-14 23:47:48,0.0289,10460000,0.0,-302294,0
2018-02-14 23:48:18,0.38250166,10447000,0.0,-3995995,0
2018-02-14 23:48:19,0.01689834,10447000,0.0,-176537,0
2018-02-14 23:48:23,0.3229,10462000,0.0,3378180,1
2018-02-14 23:52:33,0.0564,10467000,0.0,590339,1
2018-02-14 23:54:42,0.7582,10440000,0.0,-7915608,0
2018-02-14 23:58:10,0.0097,10424000,0.0,101113,1
2018-02-15 00:00:14,0.0075,10432000,0.0,78240,1
2018-02-15 00:00:19,0.0343,10429000,0.0,357715,1
2018-02-15 00:00:20,0.0117,10429000,0.0,122019,1
2018-02-15 00:00:54,0.327,10447000,0.0,3416169,1
2018-02-15 00:16:03,0.054,10430000,0.0,563220,1
2018-02-15 00:16:03,0.99,10431000,0.0,10326690,1
2018-02-15 00:16:15,0.0069,10430000,0.0,71967,1
2018-02-15 00:16:27,0.002,10433000,0.0,20866,1
2018-02-15 00:16:28,0.0216,10433000,0.0,225353,1
2018-02-15 00:16:34,0.0353,10433000,0.0,368285,1
2018-02-15 00:16:53,0.2965,10441000,0.0,-3095757,0
2018-02-15 00:18:18,0.2504,10453000,0.0,-2617431,0
2018-02-15 00:19:09,0.9195,10458000,0.0,-9616131,0
2018-02-15 00:19:51,0.3503,10450000,0.0,3660635,1
2018-02-15 00:20:48,1.1161,10443000,0.0,11655432,1
2018-02-15 00:24:04,0.7169,10469000,0.0,-7505226,0
2018-02-15 00:24:37,0.2448,10478000,0.0,2565014,1
2018-02-15 00:25:00,0.0216,10485000,0.0,226476,1
2018-02-15 00:25:01,0.05850557,10485000,0.0,613431,1
2018-02-15 00:25:15,0.0243,10470000,0.0,254421,1
2018-02-15 00:26:13,0.0218,10457000,0.0,-227963,0
2018-02-15 00:27:35,0.4441,10461000,0.0,-4645730,0
2018-02-15 00:27:35,0.0075,10461000,0.0,-78458,0
2018-02-15 00:30:03,0.0124,10458000,0.0,129679,1
2018-02-15 00:30:11,0.8287,10465000,0.0,8672346,1
2018-02-15 00:32:07,1.5,10473000,0.0,-15709500,0
2018-02-15 00:33:00,0.244,10492000,0.0,2560048,1
2018-02-15 00:37:18,0.0545,10450000,0.0,569525,1
2018-02-15 00:37:22,0.819,10451000,0.0,8559369,1
2018-02-15 00:40:11,0.0046,10445000,0.0,-48047,0
2018-02-15 00:41:03,0.1905,10440000,0.0,1988820,1
2018-02-15 00:41:42,1.199,10437000,0.0,-12513963,0
2018-02-15 00:41:56,0.3426,10434000,0.0,3574688,1
2018-02-15 00:47:34,0.0015,10455000,0.0,15683,1
2018-02-15 00:54:05,0.288,10479000,0.0,3017952,1
2018-02-15 00:54:05,0.5688,10479000,0.0,5960455,1
2018-02-15 00:54:18,0.3153,10477000,0.0,-3303398,0
2018-02-15 00:56:29,0.1026,10476000,0.0,1074838,1
2018-02-15 00:56:48,0.4074,10475000,0.0,4267515,1
2018-02-15 01:01:54,0.799,10497000,0.0,-8387103,0
2018-02-15 01:01:54,0.018,10497000,0.0,-188946,0
2018-02-15 01:01:54,0.299,10497000,0.0,-3138603,0
2018-02-15 01:04:34,0.7173,10464000,0.0,7505827,1
2018-02-15 01:04:34,0.3,10464000,0.0,3139200,1
2018-02-15 01:04:38,0.0987,10466000,0.0,1032994,1
2018-02-15 01:04:54,0.0794,10470000,0.0,-831318,0
2018-02-15 01:05:26,0.0024,10464000,0.0,25114,1
2018-02-15 01:05:34,0.077,10463000,0.0,805651,1
2018-02-15 01:06:15,0.022,10470000,0.0,-230340,0
2018-02-15 01:06:18,0.6916,10466000,0.0,-7238286,0
2018-02-15 01:06:59,0.7136,10460000,0.0,7464256,1
2018-02-15 01:07:33,0.0015,10466000,0.0,-15699,0
2018-02-15 01:07:41,0.1965,10461000,0.0,-2055587,0
2018-02-15 01:07:49,0.499,10464000,0.0,-5221536,0
2018-02-15 01:07:50,0.5994,10465000,0.0,-6272721,0
2018-02-15 01:08:19,0.8809,10474000,0.0,9226547,1
2018-02-15 01:08:19,0.018,10474000,0.0,188532,1
2018-02-15 01:08:23,0.1005,10472000,0.0,1052436,1
2018-02-15 01:10:50,0.1922,10474000,0.0,2013103,1
2018-02-15 01:10:50,0.1048,10470000,0.0,1097256,1
2018-02-15 01:12:59,1.3609947,10465000,0.0,-14242810,0
2018-02-15 01:12:59,0.1390053,10465000,0.0,-1454690,0
2018-02-15 01:15:59,0.0383928,10463000,0.0,401704,1
2018-02-15 01:17:37,0.0993,10465000,0.0,1039175,1
2018-02-15 01:17:45,1.3623,10470000,0.0,14263281,1
2018-02-15 01:21:38,0.1194,10450000,0.0,-1247730,0
2018-02-15 01:22:09,0.699,10451000,0.0,-7305249,0
2018-02-15 01:22:09,0.0712,10452000,0.0,-744182,0
2018-02-15 01:23:01,0.0145,10442000,0.0,151409,1
2018-02-15 01:23:01,0.2988,10442000,0.0,3120070,1
2018-02-15 01:23:02,0.5763,10442000,0.0,6017725,1
2018-02-15 01:25:09,0.2183,10428000,0.0,-2276432,0
2018-02-15 01:25:13,0.2703,10429000,0.0,-2818959,0
2018-02-15 01:25:24,0.1148,10438000,0.0,-1198282,0
2018-02-15 01:25:46,0.0834,10432000,0.0,-870029,0
2018-02-15 01:27:12,0.2074,10430000,0.0,-2163182,0
2018-02-15 01:27:12,0.0963,10430000,0.0,-1004409,0
2018-02-15 01:27:40,0.9905,10420000,0.0,10321010,1
2018-02-15 01:28:49,0.2876,10414000,0.0,-2995066,0
2018-02-15 01:29:15,1.2124,10418000,0.0,-12630783,0
2018-02-15 01:29:20,0.32,10419000,0.0,3334080,1
2018-02-15 01:29:21,0.2,10419000,0.0,2083800,1
2018-02-15 01:29:23,0.0033,10428000,0.0,34412,1
2018-02-15 01:29:27,0.2,10428000,0.0,2085600,1
2018-02-15 01:30:16,0.0958,10429000,0.0,999098,1
2018-02-15 01:30:21,0.4925,10419000,0.0,5131358,1
2018-02-15 01:30:21,0.1884,10419000,0.0,1962940,1
2018-02-15 01:33:17,0.0234,10410000,0.0,-243594,0
2018-02-15 01:33:52,0.2207,10382000,0.0,-2291307,0
2018-02-15 01:34:13,0.4139,10398000,0.0,-4303732,0
2018-02-15 01:34:41,0.3101,10399000,0.0,-3224730,0
2018-02-15 01:36:56,0.1281,10399000,0.0,1332112,1
2018-02-15 01:38:31,0.001,10388000,0.0,10388,1
2018-02-15 01:39:01,0.0153,10394000,0.0,159028,1
2018-02-15 01:42:23,0.0341,10373000,0.0,353719,1
2018-02-15 01:42:54,0.0001,10355000,0.0,1036,1
2018-02-15 01:43:51,0.0132,10338000,0.0,136462,1
2018-02-15 01:44:49,0.1718,10331000,0.0,1774866,1
2018-02-15 01:44:50,0.6045,10331000,0.0,6245090,1
2018-02-15 01:45:20,0.2752,10321000,0.0,-2840339,0
2018-02-15 01:45:57,0.1256,10321000,0.0,-1296318,0
2018-02-15 01:46:16,0.0162,10320000,0.0,-167184,0
2018-02-15 01:46:45,0.4675,10302000,0.0,-4816185,0
2018-02-15 01:46:45,0.1346,10302000,0.0,-1386649,0
2018-02-15 01:48:00,0.026,10347000,0.0,269022,1
2018-02-15 01:48:23,0.009,10338000,0.0,93042,1
2018-02-15 01:49:45,0.59534765,10361000,0.0,6168397,1
2018-02-15 01:49:45,0.38875235,10360000,0.0,4027474,1
2018-02-15 01:52:20,0.5947,10352000,0.0,-6156334,0
2018-02-15 01:53:16,0.9053,10346000,0.0,-9366234,0
2018-02-15 01:55:04,0.1235,10348000,0.0,1277978,1
2018-02-15 02:01:55,0.0095,10356000,0.0,98382,1
2018-02-15 02:02:20,1.367,10360000,0.0,14162120,1
2018-02-15 02:11:30,0.009,10366000,0.0,-93294,0
2018-02-15 02:12:00,0.013,10363000,0.0,-134719,0
2018-02-15 02:12:11,0.0027,10362000,0.0,-27977,0
2018-02-15 02:13:25,0.3979,10368000,0.0,-4125427,0
2018-02-15 02:13:29,0.2954,10370000,0.0,-3063298,0
2018-02-15 02:14:00,0.193,10373000,0.0,-2001989,0
2018-02-15 02:15:37,0.16060522,10377000,0.0,1666600,1
2018-02-15 02:20:19,0.2194,10377000,0.0,2276714,1
2018-02-15 02:21:21,0.099,10382000,0.0,-1027818,0
2018-02-15 02:21:21,0.0535,10383000,0.0,-555491,0
2018-02-15 02:21:21,0.0737,10384000,0.0,-765301,0
2018-02-15 02:27:09,0.1643,10392000,0.0,1707406,1
2018-02-15 02:27:44,0.0001,10384000,0.0,-1038,0
2018-02-15 02:31:03,0.02,10414000,0.0,-208280,0
2018-02-15 02:31:12,0.1,10414000,0.0,1041400,1
2018-02-15 02:32:21,0.399,10425000,0.0,-4159575,0
2018-02-15 02:33:03,0.4115,10435000,0.0,4294003,1
2018-02-15 02:33:12,0.799,10413000,0.0,-8319987,0
2018-02-15 02:33:50,0.1251,10434000,0.0,1305293,1
2018-02-15 02:34:45,0.7924,10423000,0.0,8259185,1
2018-02-15 02:34:55,0.0743,10386000,0.0,-771680,0
2018-02-15 02:35:44,0.1428,10392000,0.0,1483978,1
2018-02-15 02:36:00,0.2368,10381000,0.0,-2458221,0
2018-02-15 02:36:08,0.179,10404000,0.0,-1862316,0
2018-02-15 02:36:20,0.5532,10407000,0.0,-5757152,0
2018-02-15 02:36:35,1.2825,10436000,0.0,13384170,1
2018-02-15 02:38:29,0.04,10409000,0.0,-416360,0
2018-02-15 02:38:52,0.01,10421000,0.0,104210,1
2018-02-15 02:40:09,0.0101,10409000,0.0,-105131,0
2018-02-15 02:43:38,1.4599,10411000,0.0,-15199019,0
2018-02-15 02:45:35,1.5,10430000,0.0,15645000,1
2018-02-15 02:50:08,0.9076,10430000,0.0,-9466268,0
2018-02-15 02:52:33,0.9076,10432000,0.0,9468083,1
2018-02-15 02:53:01,0.0687,10428000,0.0,-716404,0
2018-02-15 02:53:05,0.7025,10430000,0.0,-7327075,0
2018-02-15 02:54:53,0.06164204,10448000,0.0,644036,1
2018-02-15 02:55:05,0.0209,10421000,0.0,-217799,0
2018-02-15 02:56:09,0.4,10423000,0.0,-4169200,0
2018-02-15 02:56:09,0.048,10423000,0.0,-500304,0
2018-02-15 02:57:17,0.63,10427000,0.0,6569010,1
2018-02-15 02:58:13,0.5799,10424000,0.0,-6044878,0
2018-02-15 02:58:50,0.3626,10446000,0.0,3787720,1
2018-02-15 02:59:48,0.14,10450000,0.0,1463000,1
2018-02-15 03:00:48,0.8742,10440000,0.0,-9126648,0
2018-02-15 03:07:31,0.47218061,10442000,0.0,4930510,1
2018-02-15 03:07:46,0.16,10447000,0.0,1671520,1
2018-02-15 03:07:49,0.1,10447000,0.0,1044700,1
2018-02-15 03:07:50,0.3044,10447000,0.0,3180067,1
2018-02-15 03:07:53,0.2913,10447000,0.0,3043211,1
2018-02-15 03:07:55,0.1,10447000,0.0,1044700,1
2018-02-15 03:07:56,0.0721,10447000,0.0,753229,1
2018-02-15 03:10:48,0.199,10440000,0.0,-2077560,0
2018-02-15 03:11:24,0.0977,10424000,0.0,-1018425,0
2018-02-15 03:13:48,0.2967,10445000,0.0,3099032,1
2018-02-15 03:15:13,0.2842,10426000,0.0,-2963069,0
2018-02-15 03:15:56,0.0054,10424000,0.0,56290,1
2018-02-15 03:15:57,0.2788,10424000,0.0,2906211,1
2018-02-15 03:19:08,1.0,10440000,0.0,-10440000,0
2018-02-15 03:21:39,0.01,10413000,0.0,104130,1
2018-02-15 03:30:46,0.17,10399000,0.0,1767830,1
2018-02-15 03:33:20,0.8196,10378000,0.0,8505809,1
2018-02-15 03:33:45,1.4996,10377000,0.0,-15561349,0
2018-02-15 03:34:08,0.041,10383000,0.0,425703,1
2018-02-15 03:42:54,1.459,10357000,0.0,15110863,1
2018-02-15 03:43:22,1.5,10336000,0.0,-15504000,0
2018-02-15 03:43:32,0.7713,10360000,0.0,7990668,1
2018-02-15 03:43:32,0.0161,10360000,0.0,166796,1
2018-02-15 03:43:38,0.002,10360000,0.0,20720,1
2018-02-15 03:43:39,0.0092,10360000,0.0,95312,1
2018-02-15 03:43:39,0.3009,10360000,0.0,3117324,1
2018-02-15 03:43:52,0.002,10360000,0.0,20720,1
2018-02-15 03:44:54,0.5403,10340000,0.0,-5586702,0
2018-02-15 03:46:09,0.004,10357000,0.0,41428,1
2018-02-15 03:50:28,0.0045,10359000,0.0,46616,1
2018-02-15 03:50:33,0.0509,10385000,0.0,528597,1
2018-02-15 03:55:57,0.0096,10366000,0.0,99514,1
2018-02-15 04:06:15,0.0716,10344000,0.0,740630,1
2018-02-15 04:06:19,0.0137,10343000,0.0,141699,1
2018-02-15 04:06:23,0.0001,10340000,0.0,1034,1
2018-02-15 04:07:07,0.7844,10346000,0.0,8115402,1
2018-02-15 04:08:43,0.1388,10329000,0.0,-1433665,0
2018-02-15 04:09:15,0.3771,10350000,0.0,-3902985,0
2018-02-15 04:09:33,0.241,10350000,0.0,-2494350,0
2018-02-15 04:09:48,0.0381,10338000,0.0,393878,1
2018-02-15 04:09:59,0.399,10336000,0.0,-4124064,0
2018-02-15 04:11:04,0.001,10331000,0.0,10331,1
2018-02-15 04:13:05,0.132,10327000,0.0,1363164,1
2018-02-15 04:13:31,0.1867,10326000,0.0,1927864,1
2018-02-15 04:13:36,0.307,10326000,0.0,3170082,1
2018-02-15 04:13:45,0.2,10327000,0.0,2065400,1
2018-02-15 04:13:51,0.2911,10336000,0.0,3008810,1
2018-02-15 04:17:25,0.0516,10319000,0.0,-532460,0
2018-02-15 04:18:16,0.0516,10329000,0.0,532976,1
2018-02-15 04:20:54,0.006,10314000,0.0,-61884,0
2018-02-15 04:21:09,0.3626,10310000,0.0,-3738406,0
2018-02-15 04:21:29,0.0331,10305000,0.0,-341096,0
2018-02-15 04:21:38,0.002,10305000,0.0,20610,1
2018-02-15 04:21:39,0.117,10305000,0.0,1205685,1
2018-02-15 04:21:43,0.2827,10306000,0.0,2913506,1
2018-02-15 04:23:09,1.5,10301000,0.0,-15451500,0
2018-02-15 04:25:22,0.0011,10327000,0.0,11360,1
2018-02-15 04:27:24,0.2673,10313000,0.0,2756665,1
2018-02-15 04:32:56,0.04,10284000,0.0,411360,1
2018-02-15 04:45:38,1.1916,10291000,0.0,12262756,1
2018-02-15 04:47:25,0.015,10272000,0.0,-154080,0
2018-02-15 04:50:18,0.599,10297000,0.0,-6167903,0
2018-02-15 04:50:21,0.886,10300000,0.0,-9125800,0
2018-02-15 05:02:31,0.8142,10251000,0.0,8346364,1
2018-02-15 05:02:32,0.3043,10251000,0.0,3119379,1
2018-02-15 05:02:35,0.3815,10250000,0.0,3910375,1
2018-02-15 05:05:49,0.0047,10254000,0.0,-48194,0
2018-02-15 05:07:05,0.0357,10266000,0.0,-366496,0
2018-02-15 05:07:49,0.0404,10267000,0.0,414787,1
2018-02-15 05:10:02,0.2934,10249000,0.0,-3007057,0
2018-02-15 05:10:06,0.1172,10249000,0.0,-1201183,0
2018-02-15 05:10:44,0.329,10253000,0.0,-3373237,0
2018-02-15 05:11:43,0.7604,10256000,0.0,-7798662,0
2018-02-15 05:15:07,0.312,10269000,0.0,3203928,1
2018-02-15 05:15:07,0.1174,10268000,0.0,1205463,1
2018-02-15 05:22:49,0.003,10312000,0.0,30936,1
2018-02-15 05:24:00,0.5375,10317000,0.0,5545388,1
2018-02-15 05:24:39,0.0001,10310000,0.0,1031,1
2018-02-15 05:24:53,0.0113,10303000,0.0,116424,1
2018-02-15 05:24:53,0.1861,10303000,0.0,1917388,1
2018-02-15 05:25:07,1.1674,10308000,0.0,-12033559,0
2018-02-15 05:26:09,0.084,10301000,0.0,865284,1
2018-02-15 05:26:09,0.4502,10302000,0.0,4637960,1
2018-02-15 05:26:10,0.9658,10301000,0.0,9948706,1
2018-02-15 05:28:38,0.0047,10313000,0.0,-48471,0
2018-02-15 05:28:45,0.0153,10313000,0.0,-157789,0
2018-02-15 05:29:26,0.02,10329000,0.0,206580,1
2018-02-15 05:35:31,0.56,10314000,0.0,-5775840,0
2018-02-15 05:35:32,0.2284,10314000,0.0,-2355718,0
2018-02-15 05:35:55,0.0001,10324000,0.0,1032,1
2018-02-15 05:37:11,0.0879,10318000,0.0,906952,1
2018-02-15 05:37:41,0.0001,10317000,0.0,1032,1
2018-02-15 05:38:14,0.0222,10309000,0.0,-228860,0
2018-02-15 05:39:03,0.0999,10302000,0.0,-1029170,0
2018-02-15 05:48:02,0.0001,10298000,0.0,1030,1
2018-02-15 05:48:02,0.2189,10298000,0.0,2254232,1
2018-02-15 05:48:05,0.6034,10292000,0.0,6210193,1
2018-02-15 05:48:55,0.4407,10310000,0.0,-4543617,0
2018-02-15 05:50:18,0.1966,10287000,0.0,-2022424,0
2018-02-15 05:51:03,0.0059,10286000,0.0,-60687,0
2018-02-15 05:51:25,0.0001,10307000,0.0,1031,1
2018-02-15 05:51:38,0.017,10284000,0.0,-174828,0
2018-02-15 05:51:56,0.0001,10304000,0.0,1030,1
2018-02-15 05:52:25,0.15,10306000,0.0,1545900,1
2018-02-15 05:52:29,0.292,10281000,0.0,-3002052,0
2018-02-15 05:53:51,0.0001,10319000,0.0,1032,1
2018-02-15 05:54:38,0.0001,10305000,0.0,1031,1
2018-02-15 05:57:22,0.0001,10310000,0.0,1031,1
2018-02-15 06:04:51,0.0001,10312000,0.0,1031,1
2018-02-15 06:06:14,0.0001,10309000,0.0,1031,1
2018-02-15 06:07:24,0.0001,10304000,0.0,1030,1
2018-02-15 06:12:45,0.2,10302000,0.0,2060400,1
2018-02-15 06:13:04,0.6918,10272000,0.0,-7106170,0
2018-02-15 06:13:44,0.1,10270000,0.0,1027000,1
2018-02-15 06:14:47,0.0142,10290000,0.0,146118,1
2018-02-15 06:15:24,0.2,10266000,0.0,2053200,1
2018-02-15 06:15:25,0.001,10266000,0.0,10266,1
2018-02-15 06:16:07,0.0127,10292000,0.0,130708,1
2018-02-15 06:16:07,0.0913,10292000,0.0,939660,1
2018-02-15 06:16:12,0.072,10270000,0.0,739440,1
2018-02-15 06:16:12,0.2332,10270000,0.0,2394964,1
2018-02-15 06:16:18,0.1394,10270000,0.0,1431638,1
2018-02-15 06:16:24,0.0208,10276000,0.0,213741,1
2018-02-15 06:16:54,0.2054,10289000,0.0,2113361,1
2018-02-15 06:17:30,0.0953,10270000,0.0,-978731,0
2018-02-15 06:17:59,1.1776,10273000,0.0,-12097485,0
2018-02-15 06:20:24,0.0001,10254000,0.0,1025,1
2018-02-15 06:28:19,0.16000863,10266000,0.0,1642649,1
2018-02-15 06:29:17,0.0388,10273000,0.0,398592,1
2018-02-15 06:30:00,0.3219,10248000,0.0,3298831,1
2018-02-15 06:30:16,0.9553,10249000,0.0,9790870,1
2018-02-15 06:37:36,0.0026,10267000,0.0,-26694,0
2018-02-15 06:37:45,0.2554,10264000,0.0,-2621426,0
2018-02-15 06:38:00,0.0098,10278000,0.0,-100724,0
2018-02-15 06:39:29,0.0273,10277000,0.0,-280562,0
2018-02-15 06:40:04,0.2951,10286000,0.0,3035399,1
2018-02-15 06:41:30,0.0506,10276000,0.0,-519966,0
2018-02-15 06:41:44,1.4494,10274000,0.0,-14891136,0
2018-02-15 06:43:01,0.0017,10287000,0.0,17488,1
2018-02-15 06:48:21,0.1133,10306000,0.0,1167670,1
2018-02-15 06:51:27,0.32,10297000,0.0,3295040,1
2018-02-15 06:55:41,0.0001,10272000,0.0,1027,1
2018-02-15 06:58:07,0.26,10275000,0.0,2671500,1
2018-02-15 06:59:44,0.8049,10263000,0.0,8260689,1
2018-02-15 07:01:52,0.5754,10245000,0.0,-5894973,0
2018-02-15 07:01:56,0.0095,10244000,0.0,-97318,0
2018-02-15 07:02:07,0.0065,10246000,0.0,-66599,0
2018-02-15 07:02:40,0.577,10250000,0.0,-5914250,0
2018-02-15 07:02:41,0.022,10250000,0.0,-225500,0
2018-02-15 07:10:04,0.00025842,10235000,0.0,2645,1
2018-02-15 07:13:51,0.3,10228000,0.0,3068400,1
2018-02-15 07:13:59,0.4763,10230000,0.0,4872549,1
2018-02-15 07:14:11,0.0048,10225000,0.0,49080,1
2018-02-15 07:14:29,0.1154,10225000,0.0,-1179965,0
2018-02-15 07:14:34,0.799,10224000,0.0,-8168976,0
2018-02-15 07:19:44,0.0001,10210000,0.0,1021,1
2018-02-15 07:22:18,0.2118,10217000,0.0,2163961,1
2018-02-15 07:24:08,0.2339,10261000,0.0,2400048,1
2018-02-15 07:25:08,0.0001,10260000,0.0,1026,1
2018-02-15 07:28:22,0.003,10269000,0.0,30807,1
2018-02-15 07:28:22,0.0225,10269000,0.0,231053,1
2018-02-15 07:28:26,0.852,10269000,0.0,8749188,1
2018-02-15 07:29:09,0.0035,10274000,0.0,-35959,0
2018-02-15 07:30:08,0.0035,10280000,0.0,35980,1
2018-02-15 07:31:14,0.001,10302000,0.0,-10302,0
2018-02-15 07:31:24,0.001,10301000,0.0,10301,1
2018-02-15 07:32:35,0.0036,10333000,0.0,-37199,0
2018-02-15 07:33:37,0.001,10347000,0.0,10347,1
2018-02-15 07:34:32,0.0026,10367000,0.0,26954,1
2018-02-15 07:35:30,0.9304,10334000,0.0,-9614754,0
2018-02-15 07:36:42,0.2007,10365000,0.0,2080256,1
2018-02-15 07:38:07,0.3502,10366000,0.0,3630173,1
2018-02-15 07:38:19,0.0033,10362000,0.0,34195,1
2018-02-15 07:39:26,0.0839,10346000,0.0,868029,1
2018-02-15 07:39:26,0.074,10346000,0.0,765604,1
2018-02-15 07:39:26,0.1,10346000,0.0,1034600,1
2018-02-15 07:39:30,0.1183,10346000,0.0,1223932,1
2018-02-15 07:43:17,0.68003195,10329000,0.0,-7024050,0
2018-02-15 07:43:25,0.099,10344000,0.0,-1024056,0
2018-02-15 07:45:55,0.1603,10346000,0.0,1658464,1
2018-02-15 07:45:56,0.3,10346000,0.0,3103800,1
2018-02-15 07:46:25,0.3188,10350000,0.0,3299580,1
2018-02-15 07:52:11,0.0592,10362000,0.0,-613430,0
2018-02-15 07:52:36,0.0174,10372000,0.0,180473,1
2018-02-15 07:52:37,0.0418,10372000,0.0,433550,1
2018-02-15 07:53:23,1.5,10379000,0.0,-15568500,0
2018-02-15 08:05:05,0.007,10419000,0.0,72933,1
2018-02-15 08:05:06,0.0167,10419000,0.0,173997,1
2018-02-15 08:05:06,0.2,10419000,0.0,2083800,1
2018-02-15 08:05:09,0.0167,10420000,0.0,174014,1
2018-02-15 08:05:27,1.2596,10445000,0.0,13156522,1
2018-02-15 08:07:19,0.4447,10426000,0.0,-4636442,0
2018-02-15 08:07:48,0.18947058,10437000,0.0,1977504,1
2018-02-15 08:08:13,0.1641,10426000,0.0,-1710907,0
2018-02-15 08:09:59,0.17527894,10456000,0.0,1832717,1
2018-02-15 08:10:05,0.0152,10443000,0.0,-158734,0
2018-02-15 08:11:07,0.2592,10438000,0.0,2705530,1
2018-02-15 08:11:40,0.472,10453000,0.0,-4933816,0
2018-02-15 08:12:12,0.472,10453000,0.0,4933816,1
2018-02-15 08:14:17,0.24,10469000,0.0,-2512560,0
2018-02-15 08:14:27,0.01353828,10475000,0.0,-141813,0
2018-02-15 08:14:34,0.099,10477000,0.0,-1037223,0
2018-02-15 08:15:36,0.0429,10466000,0.0,-448991,0
2018-02-15 08:17:09,0.0963,10453000,0.0,-1006624,0
2018-02-15 08:17:15,0.0102,10458000,0.0,-106672,0
2018-02-15 08:17:37,0.2145,10459000,0.0,2243456,1
2018-02-15 08:17:38,0.0191,10459000,0.0,199767,1
2018-02-15 08:17:59,0.2683,10461000,0.0,2806686,1
2018-02-15 08:18:15,0.012,10448000,0.0,-125376,0
2018-02-15 08:18:31,0.2883,10451000,0.0,-3013023,0
2018-02-15 08:18:41,0.04,10450000,0.0,-418000,0
2018-02-15 08:21:16,0.3403,10421000,0.0,3546266,1
2018-02-15 08:21:31,0.0001,10421000,0.0,-1042,0
2018-02-15 08:23:13,1.4999,10421000,0.0,-15630458,0
2018-02-15 08:32:01,0.6172,10469000,0.0,6461467,1
2018-02-15 08:32:01,0.8828,10469000,0.0,9242033,1
2018-02-15 08:33:34,0.9479,10467000,0.0,-9921669,0
2018-02-15 08:33:59,0.0046,10485000,0.0,48231,1
2018-02-15 08:34:00,0.001,10485000,0.0,10485,1
2018-02-15 08:36:22,0.8317,10495000,0.0,8728692,1
2018-02-15 08:37:40,0.01,10487000,0.0,104870,1
2018-02-15 08:38:01,1.3994,10473000,0.0,-14655916,0
2018-02-15 08:42:00,1.5,10480000,0.0,15720000,1
2018-02-15 08:47:03,0.1597,10480000,0.0,-1673656,0
2018-02-15 08:47:10,0.6013,10476000,0.0,-6299219,0
2018-02-15 09:02:44,0.1109,10441000,0.0,1157907,1
2018-02-15 09:03:00,0.0028,10408000,0.0,-29142,0
2018-02-15 09:03:05,0.0974,10411000,0.0,-1014031,0
2018-02-15 09:03:43,0.5811,10418000,0.0,6053900,1
2018-02-15 09:03:49,0.0042,10418000,0.0,43756,1
2018-02-15 09:04:03,0.1489,10414000,0.0,1550645,1
2018-02-15 09:04:20,0.4972,10396000,0.0,-5168891,0
2018-02-15 09:04:24,0.1765,10390000,0.0,-1833835,0
2018-02-15 09:05:19,0.2454,10402000,0.0,-2552651,0
2018-02-15 09:11:43,0.5907,10447000,0.0,6171043,1
2018-02-15 09:11:43,0.31975493,10447000,0.0,3340480,1
2018-02-15 09:12:01,0.0248,10439000,0.0,258887,1
2018-02-15 09:12:22,1.5,10440000,0.0,-15660000,0
2018-02-15 09:14:09,0.31,10460000,0.0,3242600,1
2018-02-15 09:15:18,0.0099,10467000,0.0,103623,1
2018-02-15 09:15:54,0.0677,10459000,0.0,708074,1
2018-02-15 09:15:58,1.1124,10453000,0.0,11627917,1
2018-02-15 09:17:03,1.5,10479000,0.0,-15718500,0
2018-02-15 09:19:34,0.8283,10507000,0.0,8702948,1
2018-02-15 09:19:34,0.001,10507000,0.0,10507,1
2018-02-15 09:19:34,0.0171,10507000,0.0,179670,1
2018-02-15 09:19:35,0.01300371,10507000,0.0,136630,1
2018-02-15 09:19:35,0.0215,10507000,0.0,225901,1
2018-02-15 09:19:49,0.29015927,10511000,0.0,3049864,1
2018-02-15 09:19:59,0.3289,10514000,0.0,3458055,1
2018-02-15 09:20:52,0.2106,10518000,0.0,-2215091,0
2018-02-15 09:20:52,0.0047,10518000,0.0,-49435,0
2018-02-15 09:20:55,0.001,10511000,0.0,-10511,0
2018-02-15 09:21:02,0.001,10511000,0.0,-10511,0
2018-02-15 09:21:11,0.009,10489000,0.0,-94401,0
2018-02-15 09:21:24,1.2737,10481000,0.0,-13349650,0
2018-02-15 09:22:57,0.1426,10498000,0.0,1497015,1
2018-02-15 09:24:27,0.0463,10516000,0.0,486891,1
2018-02-15 09:25:03,0.0402,10515000,0.0,422703,1
2018-02-15 09:25:12,0.386,10518000,0.0,4059948,1
2018-02-15 09:25:22,0.6542,10519000,0.0,6881530,1
2018-02-15 09:25:26,0.0296,10520000,0.0,311392,1
2018-02-15 09:25:56,0.7327,10520000,0.0,-7708004,0
2018-02-15 09:29:06,0.9338,10540000,0.0,9842252,1
2018-02-15 09:29:15,0.0341,10530000,0.0,-359073,0
2018-02-15 09:29:23,1.1506,10540000,0.0,-12127324,0
2018-02-15 09:31:39,0.1,10551000,0.0,1055100,1
2018-02-15 09:31:44,0.4052,10550000,0.0,4274860,1
2018-02-15 09:32:07,0.05,10550000,0.0,527500,1
2018-02-15 09:32:52,0.013,10564000,0.0,-137332,0
2018-02-15 09:32:59,0.176,10568000,0.0,-1859968,0
2018-02-15 09:35:35,0.6685,10572000,0.0,7067382,1
2018-02-15 09:35:40,0.006,10567000,0.0,63402,1
2018-02-15 09:36:39,0.144,10574000,0.0,1522656,1
2018-02-15 09:37:57,0.2166,10549000,0.0,-2284913,0
2018-02-15 09:39:05,0.7703,10555000,0.0,-8130517,0
2018-02-15 09:47:10,0.0047,10514000,0.0,49416,1
2018-02-15 09:47:11,0.0032,10514000,0.0,33645,1
2018-02-15 09:47:11,0.09644284,10514000,0.0,1014000,1
2018-02-15 09:47:13,0.0069,10511000,0.0,72526,1
2018-02-15 09:49:14,0.2,10498000,0.0,2099600,1
2018-02-15 09:49:19,0.1497,10498000,0.0,1571551,1
2018-02-15 09:49:23,0.0588,10506000,0.0,617753,1
2018-02-15 09:49:33,0.4672,10501000,0.0,4906067,1
2018-02-15 09:51:07,0.0011,10527000,0.0,-11580,0
2018-02-15 09:52:02,0.0984,10531000,0.0,-1036250,0
2018-02-15 09:52:33,0.0995,10535000,0.0,1048233,1
2018-02-15 09:52:44,0.022,10521000,0.0,-231462,0
2018-02-15 09:55:03,1.478,10533000,0.0,-15567774,0
2018-02-15 09:56:18,0.72002857,10533000,0.0,7584061,1
2018-02-15 09:56:18,0.004,10533000,0.0,42132,1
2018-02-15 09:56:23,0.1158,10533000,0.0,1219721,1
2018-02-15 09:56:27,0.009,10530000,0.0,94770,1
2018-02-15 09:56:28,0.1624,10530000,0.0,1710072,1
2018-02-15 09:56:28,0.4845,10530000,0.0,5101785,1
2018-02-15 09:56:40,0.0001,10534000,0.0,1053,1
2018-02-15 09:56:45,0.0042,10517000,0.0,44171,1
2018-02-15 10:00:57,0.65279914,10547000,0.0,-6885073,0
2018-02-15 10:00:57,0.00660086,10547000,0.0,-69619,0
2018-02-15 10:01:05,0.8406,10550000,0.0,-8868330,0
2018-02-15 10:01:33,0.1071656,10550000,0.0,1130597,1
2018-02-15 10:01:49,0.0218,10545000,0.0,229881,1
2018-02-15 10:04:01,0.0178,10558000,0.0,187932,1
2018-02-15 10:06:53,0.0105,10565000,0.0,110933,1
2018-02-15 10:06:58,0.0008,10562000,0.0,8450,1
2018-02-15 10:07:04,0.8027,10558000,0.0,8474907,1
2018-02-15 10:07:04,0.0029,10558000,0.0,30618,1
2018-02-15 10:07:05,0.019,10558000,0.0,200602,1
2018-02-15 10:07:12,0.3567,10559000,0.0,3766395,1
2018-02-15 10:07:12,0.019,10559000,0.0,200621,1
2018-02-15 10:07:33,0.0045,10545000,0.0,-47453,0
2018-02-15 10:07:38,0.099,10550000,0.0,-1044450,0
2018-02-15 10:08:03,0.2451,10556000,0.0,2587276,1
2018-02-15 10:09:12,0.6512,10558000,0.0,-6875370,0
2018-02-15 10:09:17,0.2691,10552000,0.0,-2839543,0
2018-02-15 10:13:16,0.0092,10567000,0.0,97216,1
2018-02-15 10:13:17,0.1725,10567000,0.0,1822808,1
2018-02-15 10:15:37,0.099,10569000,0.0,-1046331,0
2018-02-15 10:17:15,0.8376,10563000,0.0,8847569,1
2018-02-15 10:19:50,0.0094,10565000,0.0,-99311,0
2018-02-15 10:20:49,0.01,10572000,0.0,-105720,0
2018-02-15 10:21:16,0.4113,10573000,0.0,-4348675,0
2018-02-15 10:21:43,0.1456,10576000,0.0,-1539866,0
2018-02-15 10:21:43,0.0379,10576000,0.0,-400830,0
2018-02-15 10:21:53,0.34235719,10580000,0.0,-3622139,0
2018-02-15 10:21:53,0.002,10580000,0.0,-21160,0
2018-02-15 10:21:53,0.42324281,10580000,0.0,-4477909,0
2018-02-15 10:26:44,1.3565,10582000,0.0,14354483,1
2018-02-15 10:26:52,0.0253,10580000,0.0,267674,1
2018-02-15 10:28:05,0.4643,10567000,0.0,-4906258,0
2018-02-15 10:28:38,0.0657,10577000,0.0,694909,1
2018-02-15 10:31:48,0.7855,10578000,0.0,-8309019,0
2018-02-15 10:34:01,0.2115,10569000,0.0,2235344,1
2018-02-15 10:34:02,0.0024,10569000,0.0,25366,1
2018-02-15 10:35:29,0.2794,10569000,0.0,2952979,1
2018-02-15 10:35:30,0.0743,10569000,0.0,785277,1
2018-02-15 10:37:15,0.374,10561000,0.0,3949814,1
2018-02-15 10:37:16,0.2235,10561000,0.0,2360384,1
2018-02-15 10:37:16,0.0037,10561000,0.0,39076,1
2018-02-15 10:37:20,0.0153,10560000,0.0,161568,1
2018-02-15 10:38:42,1.4982,10547000,0.0,-15801515,0
2018-02-15 10:46:03,0.10340036,10558000,0.0,1091701,1
2018-02-15 10:55:07,0.22670644,10578000,0.0,2398101,1
2018-02-15 10:58:36,0.4732,10570000,0.0,5001724,1
2018-02-15 11:00:30,0.8051,10577000,0.0,-8515543,0
2018-02-15 11:05:32,0.2569,10600000,0.0,2723140,1
2018-02-15 11:05:36,0.83059537,10590000,0.0,8796005,1
2018-02-15 11:05:36,0.0383,10590000,0.0,405597,1
2018-02-15 11:05:37,0.04721435,10590000,0.0,500000,1
2018-02-15 11:05:42,0.0388,10580000,0.0,410504,1
2018-02-15 11:05:42,0.0049,10580000,0.0,51842,1
2018-02-15 11:05:44,0.2266,10580000,0.0,2397428,1
2018-02-15 11:05:45,0.04015274,10580000,0.0,424816,1
2018-02-15 11:05:45,0.0095,10580000,0.0,100510,1
2018-02-15 11:05:46,0.00704726,10580000,0.0,74560,1
2018-02-15 11:08:32,0.13957282,10639000,0.0,-1484915,0
2018-02-15 11:08:32,0.3299,10639000,0.0,-3509806,0
2018-02-15 11:09:25,0.0581,10650000,0.0,-618765,0
2018-02-15 11:09:59,0.5275,10655000,0.0,5620513,1
2018-02-15 11:10:43,0.001,10652000,0.0,-10652,0
2018-02-15 11:10:47,0.032,10655000,0.0,-340960,0
2018-02-15 11:10:58,1.467,10661000,0.0,-15639687,0
2018-02-15 11:11:26,0.0235,10670000,0.0,250745,1
2018-02-15 11:12:42,0.1374,10677000,0.0,1467020,1
2018-02-15 11:12:43,0.12026299,10677000,0.0,1284048,1
2018-02-15 11:17:59,0.1661,10720000,0.0,1780592,1
2018-02-15 11:18:00,0.009,10720000,0.0,96480,1
2018-02-15 11:18:15,0.035,10714000,0.0,374990,1
2018-02-15 11:18:15,0.479,10714000,0.0,5132006,1
2018-02-15 11:18:41,0.1527,10712000,0.0,-1635722,0
2018-02-15 11:18:52,0.6835,10709000,0.0,-7319602,0
2018-02-15 11:23:07,0.1,10694000,0.0,1069400,1
2018-02-15 11:23:07,0.0853,10694000,0.0,912198,1
2018-02-15 11:23:07,0.1327,10694000,0.0,1419094,1
2018-02-15 11:23:13,0.0161,10685000,0.0,172029,1
2018-02-15 11:23:13,0.2,10685000,0.0,2137000,1
2018-02-15 11:23:13,0.4443,10685000,0.0,4747346,1
2018-02-15 11:23:18,0.02,10685000,0.0,213700,1
2018-02-15 11:23:34,0.0965,10686000,0.0,1031199,1
2018-02-15 11:25:16,1.2288,10678000,0.0,-13121126,0
2018-02-15 11:25:36,0.01,10695000,0.0,106950,1
2018-02-15 11:25:36,0.23569649,10695000,0.0,2520774,1
2018-02-15 11:29:25,0.0001,10740000,0.0,1074,1
2018-02-15 11:29:25,0.2722,10740000,0.0,2923428,1
2018-02-15 11:30:31,0.8118,10753000,0.0,8729285,1
2018-02-15 11:30:41,0.1701,10757000,0.0,1829766,1
2018-02-15 11:30:47,0.0322,10736000,0.0,-345699,0
2018-02-15 11:30:53,0.0572,10746000,0.0,-614671,0
2018-02-15 11:31:09,0.0894,10760000,0.0,961944,1
2018-02-15 11:31:53,0.0092,10745000,0.0,-98854,0
2018-02-15 11:32:00,0.0614,10750000,0.0,-660050,0
2018-02-15 11:32:44,0.05,10758000,0.0,537900,1
2018-02-15 11:33:14,0.1096,10752000,0.0,-1178419,0
2018-02-15 11:33:48,0.1302,10759000,0.0,1400822,1
2018-02-15 11:34:26,0.6805,10760000,0.0,-7322180,0
2018-02-15 11:35:42,0.477,10779000,0.0,-5141583,0
2018-02-15 11:37:39,0.3539,10760000,0.0,3807964,1
2018-02-15 11:41:16,0.8036,10774000,0.0,8657986,1
2018-02-15 11:41:43,0.44,10765000,0.0,-4736600,0
2018-02-15 11:41:50,0.155,10768000,0.0,-1669040,0
2018-02-15 11:42:20,0.0239,10785000,0.0,-257762,0
2018-02-15 11:42:28,0.0823,10789000,0.0,-887935,0
2018-02-15 11:42:36,0.5863,10795000,0.0,-6329109,0
2018-02-15 11:43:30,0.80838565,10844000,0.0,8766134,1
2018-02-15 11:43:36,0.0166,10842000,0.0,-179977,0
2018-02-15 11:43:40,0.5963,10823000,0.0,-6453755,0
2018-02-15 11:43:41,0.0427,10823000,0.0,-462142,0
2018-02-15 11:44:27,1.1347,10887000,0.0,12353479,1
2018-02-15 11:44:32,0.4906,10867000,0.0,-5331350,0
2018-02-15 11:44:57,0.1074,10870000,0.0,1167438,1
2018-02-15 11:45:03,0.3832,10865000,0.0,4163468,1
2018-02-15 11:45:21,0.2252,10881000,0.0,-2450401,0
2018-02-15 11:45:33,1.2748,10874000,0.0,-13862175,0
2018-02-15 11:46:31,0.0337,10852000,0.0,365712,1
2018-02-15 11:46:35,1.4663,10850000,0.0,15909355,1
2018-02-15 11:46:45,0.0561,10860000,0.0,-609246,0
2018-02-15 11:46:56,1.4439,10862000,0.0,-15683642,0
2018-02-15 11:47:49,0.1427,10894000,0.0,1554574,1
2018-02-15 11:48:31,0.7297,10908000,0.0,7959568,1
2018-02-15 11:48:36,0.8724,10892000,0.0,-9502181,0
2018-02-15 11:51:13,0.0055,10881000,0.0,59846,1
2018-02-15 11:51:13,0.0062,10881000,0.0,67462,1
2018-02-15 11:51:13,0.121,10881000,0.0,1316601,1
2018-02-15 11:51:14,0.211,10881000,0.0,2295891,1
2018-02-15 11:51:17,0.3156,10880000,0.0,3433728,1
2018-02-15 11:51:17,0.8407,10880000,0.0,9146816,1
2018-02-15 11:52:39,0.099,10853000,0.0,-1074447,0
2018-02-15 11:52:46,0.0362,10853000,0.0,-392879,0
2018-02-15 11:52:50,0.0137,10850000,0.0,-148645,0
2018-02-15 11:52:54,1.3511,10839000,0.0,-14644573,0
2018-02-15 11:54:36,0.0861,10862000,0.0,935218,1
2018-02-15 11:58:46,0.0102,10854000,0.0,110711,1
2018-02-15 11:58:46,0.02,10854000,0.0,217080,1
2018-02-15 11:59:45,0.287,10877000,0.0,3121699,1
2018-02-15 12:00:22,1.0967,10870000,0.0,11921129,1
2018-02-15 12:00:46,0.0552,10874000,0.0,-600245,0
2018-02-15 12:00:49,0.446,10871000,0.0,-4848466,0
2018-02-15 12:01:11,0.2988,10874000,0.0,-3249151,0
2018-02-15 12:02:30,0.3199,10886000,0.0,3482431,1
2018-02-15 12:03:06,0.096,10880000,0.0,-1044480,0
2018-02-15 12:03:11,0.4888,10881000,0.0,-5318633,0
2018-02-15 12:03:11,0.0531,10879000,0.0,-577675,0
2018-02-15 12:04:49,0.219,10929000,0.0,2393451,1
2018-02-15 12:04:53,0.899,10936000,0.0,9831464,1
2018-02-15 12:05:10,0.0112,10922000,0.0,-122326,0
2018-02-15 12:05:34,0.0112,10924000,0.0,122349,1
2018-02-15 12:06:15,0.0681,10934000,0.0,-744605,0
2018-02-15 12:06:15,1.1474002,10934000,0.0,-12545674,0
2018-02-15 12:06:26,0.1886,10934000,0.0,2062152,1
2018-02-15 12:07:49,1.0269,10918000,0.0,11211694,1
2018-02-15 12:08:24,1.5,10882000,0.0,-16323000,0
2018-02-15 12:08:33,0.0129,10882000,0.0,140378,1
2018-02-15 12:08:40,0.6135,10883000,0.0,6676721,1
2018-02-15 12:08:41,0.8736,10883000,0.0,9507389,1
2018-02-15 12:08:57,0.099,10884000,0.0,-1077516,0
2018-02-15 12:09:31,0.3127,10880000,0.0,-3402176,0
2018-02-15 12:09:37,0.4448,10882000,0.0,-4840314,0
2018-02-15 12:11:54,0.0219,10883000,0.0,238338,1
2018-02-15 12:12:09,0.2733,10886000,0.0,2975144,1
2018-02-15 12:12:10,0.00907101,10886000,0.0,98747,1
2018-02-15 12:12:13,0.02,10890000,0.0,217800,1
2018-02-15 12:12:17,0.9678,10874000,0.0,-10523857,0
2018-02-15 12:15:21,1.5,10901000,0.0,16351500,1
2018-02-15 12:21:28,0.25766655,10951000,0.0,-2821706,0
2018-02-15 12:21:29,0.13293345,10951000,0.0,-1455754,0
2018-02-15 12:21:32,0.1,10953000,0.0,-1095300,0
2018-02-15 12:21:32,0.1678,10953000,0.0,-1837913,0
2018-02-15 12:21:42,0.0003,10960000,0.0,-3288,0
2018-02-15 12:21:42,0.1221,10960000,0.0,-1338216,0
2018-02-15 12:21:42,0.1914,10960000,0.0,-2097744,0
2018-02-15 12:23:14,0.9722,10930000,0.0,10626146,1
2018-02-15 12:24:09,0.1812,10888000,0.0,-1972906,0
2018-02-15 12:24:15,1.3188,10896000,0.0,-14369645,0
2018-02-15 12:24:59,1.1141,10898000,0.0,12141462,1
2018-02-15 12:25:00,0.0183319,10898000,0.0,199781,1
2018-02-15 12:25:07,0.3664,10894000,0.0,-3991562,0
2018-02-15 12:25:18,0.1278,10908000,0.0,-1394042,0
2018-02-15 12:27:55,0.8618,10910000,0.0,9402238,1
2018-02-15 12:31:25,0.4523,10882000,0.0,-4921929,0
2018-02-15 12:31:29,0.0057,10885000,0.0,-62045,0
2018-02-15 12:31:44,0.458,10885000,0.0,4985330,1
2018-02-15 12:32:48,0.299,10886000,0.0,-3254914,0
2018-02-15 12:33:10,0.299,10883000,0.0,3254017,1
2018-02-15 12:33:16,0.00318479,10888000,0.0,-34676,0
2018-02-15 12:33:16,0.59581521,10888000,0.0,-6487236,0
2018-02-15 12:33:22,0.901,10890000,0.0,-9811890,0
2018-02-15 12:33:38,0.0745,10884000,0.0,810858,1
2018-02-15 12:33:48,0.1,10883000,0.0,1088300,1
2018-02-15 12:33:52,0.8717,10882000,0.0,9485839,1
2018-02-15 12:34:07,0.4538,10881000,0.0,4937798,1
2018-02-15 12:34:52,0.3234,10897000,0.0,-3524090,0
2018-02-15 12:35:33,1.1766,10892000,0.0,-12815527,0
2018-02-15 12:36:37,0.9353,10901000,0.0,10195705,1
2018-02-15 12:36:44,0.3033,10897000,0.0,3305060,1
2018-02-15 12:36:44,0.2614,10897000,0.0,2848476,1
2018-02-15 12:37:07,0.0164,10901000,0.0,-178776,0
2018-02-15 12:37:15,0.1666,10906000,0.0,-1816940,0
2018-02-15 12:37:16,0.5095,10906000,0.0,-5556607,0
2018-02-15 12:37:16,0.7144,10906000,0.0,-7791246,0
2018-02-15 12:37:16,0.0931,10906000,0.0,-1015349,0
2018-02-15 12:37:29,0.5903,10902000,0.0,6435451,1
2018-02-15 12:37:37,0.0187,10897000,0.0,203774,1
2018-02-15 12:37:37,0.5172,10897000,0.0,5635928,1
2018-02-15 12:37:55,0.1917,10896000,0.0,2088763,1
2018-02-15 12:37:57,0.1356,10896000,0.0,1477498,1
2018-02-15 12:38:22,0.4107,10910000,0.0,-4480737,0
2018-02-15 12:38:22,0.01801052,10910000,0.0,-196495,0
2018-02-15 12:38:22,0.0026,10910000,0.0,-28366,0
2018-02-15 12:38:22,0.9926,10910000,0.0,-10829266,0
2018-02-15 12:38:23,0.02958948,10910000,0.0,-322821,0
2018-02-15 12:38:40,0.32618948,10911000,0.0,3559053,1
2018-02-15 12:40:33,0.1798,10935000,0.0,1966113,1
2018-02-15 12:40:42,0.6377,10936000,0.0,6973887,1
2018-02-15 12:40:42,0.1013,10936000,0.0,1107817,1
2018-02-15 12:40:54,0.0166,10944000,0.0,-181670,0
2018-02-15 12:40:57,1.2284,10950000,0.0,-13450980,0
2018-02-15 12:41:41,0.1275,10947000,0.0,1395743,1
2018-02-15 12:42:06,0.2688,10957000,0.0,2945242,1
2018-02-15 12:42:43,0.4298,10947000,0.0,4705021,1
2018-02-15 12:42:43,0.3135,10947000,0.0,3431885,1
2018-02-15 12:42:51,0.0595,10941000,0.0,650990,1
2018-02-15 12:42:56,0.0373,10940000,0.0,408062,1
2018-02-15 12:43:00,0.2636,10948000,0.0,2885893,1
2018-02-15 12:46:34,0.4084,10961000,0.0,-4476472,0
2018-02-15 12:47:03,0.0546,10954000,0.0,-598088,0
2018-02-15 12:47:51,0.0301,10966000,0.0,330077,1
2018-02-15 12:47:51,0.4163,10955000,0.0,4560567,1
2018-02-15 12:48:01,0.0166,10951000,0.0,181787,1
2018-02-15 12:48:19,0.9702,10956000,0.0,-10629511,0
2018-02-15 12:49:06,0.9702,10969000,0.0,10642124,1
2018-02-15 12:49:44,0.2848,10961000,0.0,-3121693,0
2018-02-15 12:49:48,0.1121,10966000,0.0,1229289,1
2018-02-15 12:49:49,0.09769999,10966000,0.0,1071378,1
2018-02-15 12:49:55,0.0122,10962000,0.0,-133736,0
2018-02-15 12:50:07,1.4128,10969000,0.0,-15497003,0
2018-02-15 12:50:32,0.007,10963000,0.0,76741,1
2018-02-15 12:50:36,0.0919,10957000,0.0,1006948,1
2018-02-15 12:50:40,0.8004,10951000,0.0,8765180,1
2018-02-15 12:50:45,0.6007,10941000,0.0,6572259,1
2018-02-15 12:51:12,0.11298493,10950000,0.0,-1237185,0
2018-02-15 12:51:13,0.00931507,10950000,0.0,-102000,0
2018-02-15 12:51:37,1.0497,10959000,0.0,-11503662,0
2018-02-15 12:52:05,0.0597,10946000,0.0,653476,1
2018-02-15 12:52:05,1.1123,10946000,0.0,12175236,1
2018-02-15 12:52:13,0.13838523,10959000,0.0,-1516564,0
2018-02-15 12:52:13,0.99841477,10959000,0.0,-10941627,0
2018-02-15 12:52:39,0.0481,10951000,0.0,526743,1
2018-02-15 12:52:43,1.0887,10950000,0.0,11921265,1
2018-02-15 12:54:33,0.0914,10958000,0.0,-1001561,0
2018-02-15 12:54:39,0.0057,10954000,0.0,-62438,0
2018-02-15 12:54:43,0.0011,10955000,0.0,-12051,0
2018-02-15 12:54:46,1.1397,10959000,0.0,-12489972,0
2018-02-15 12:55:03,0.3522,10951000,0.0,3856942,1
2018-02-15 12:55:03,0.8857,10951000,0.0,9699301,1
2018-02-15 12:59:30,0.2256,10933000,0.0,-2466485,0
2018-02-15 13:00:04,0.2256,10948000,0.0,2469869,1
2018-02-15 13:01:00,0.03,10952000,0.0,-328560,0
2018-02-15 13:01:20,0.03,10951000,0.0,328530,1
2018-02-15 13:03:15,0.0469,10957000,0.0,-513883,0
2018-02-15 13:03:53,0.0469,10979000,0.0,514915,1
2018-02-15 13:03:58,0.3918,10979000,0.0,-4301572,0
2018-02-15 13:04:05,0.3918,10980000,0.0,4301964,1
2018-02-15 13:05:10,0.6029,10979000,0.0,-6619239,0
2018-02-15 13:06:08,0.099,10976000,0.0,-1086624,0
2018-02-15 13:06:24,0.7981,10978000,0.0,-8761542,0
2018-02-15 13:07:18,1.5,10985000,0.0,16477500,1
2018-02-15 13:09:24,0.0704,10969000,0.0,-772218,0
2018-02-15 13:09:56,0.0704,10980000,0.0,772992,1
2018-02-15 13:11:41,0.2654,10975000,0.0,-2912765,0
2018-02-15 13:11:55,0.2654,10970000,0.0,2911438,1
2018-02-15 13:12:24,1.5,10972000,0.0,-16458000,0
2018-02-15 13:12:41,0.79,10988000,0.0,8680520,1
2018-02-15 13:12:42,0.71,10988000,0.0,7801480,1
2018-02-15 13:14:09,1.5,10974000,0.0,-16461000,0
2018-02-15 13:14:36,0.1,10974000,0.0,1097400,1
2018-02-15 13:14:41,0.0353,10972000,0.0,387312,1
2018-02-15 13:14:41,1.3647,10972000,0.0,14973488,1
2018-02-15 13:15:13,0.0684,10973000,0.0,-750553,0
2018-02-15 13:15:47,0.1089,10978000,0.0,-1195504,0
2018-02-15 13:15:55,0.0131,10974000,0.0,-143759,0
2018-02-15 13:16:11,0.1904,10972000,0.0,2089069,1
2018-02-15 13:16:51,0.0164,10976000,0.0,-180006,0
2018-02-15 13:17:08,0.0164,10970000,0.0,179908,1
2018-02-15 13:18:23,0.0495,10973000,0.0,-543164,0
2018-02-15 13:18:55,0.0411,10973000,0.0,-450990,0
2018-02-15 13:19:04,0.0906,10973000,0.0,994154,1
2018-02-15 13:19:50,0.0356,10975000,0.0,-390710,0
2018-02-15 13:19:55,1.4644,10979000,0.0,-16077648,0
2018-02-15 13:21:08,0.1263,10972000,0.0,1385764,1
2018-02-15 13:21:49,1.0844,10971000,0.0,11896952,1
2018-02-15 13:21:49,0.1604,10971000,0.0,1759748,1
2018-02-15 13:21:49,0.1,10971000,0.0,1097100,1
2018-02-15 13:21:49,0.0289,10971000,0.0,317062,1
2018-02-15 13:22:08,0.23338716,10972000,0.0,-2560724,0
2018-02-15 13:22:09,0.00341284,10972000,0.0,-37446,0
2018-02-15 13:22:12,1.2631,10971000,0.0,-13857470,0
2018-02-15 13:23:02,1.4999,10970000,0.0,16453903,1
2018-02-15 13:23:30,0.0013,10976000,0.0,-14269,0
2018-02-15 13:23:38,0.0635,10974000,0.0,-696849,0
2018-02-15 13:23:43,1.4352,10977000,0.0,-15754190,0
2018-02-15 13:30:53,1.5,11026000,0.0,16539000,1
2018-02-15 13:31:22,0.4,11000000,0.0,-4400000,0
2018-02-15 13:31:22,0.7882,11001000,0.0,-8670988,0
2018-02-15 13:32:36,0.0499,11013000,0.0,549549,1
2018-02-15 13:32:48,0.0138,11003000,0.0,151841,1
2018-02-15 13:33:53,0.06318075,11021000,0.0,696315,1
2018-02-15 13:33:58,0.1223,11021000,0.0,1347868,1
2018-02-15 13:35:03,0.08831845,11046000,0.0,975566,1
2018-02-15 13:35:04,0.85068155,11046000,0.0,9396628,1
2018-02-15 13:35:59,0.0177,11100000,0.0,-196470,0
2018-02-15 13:36:09,0.0177,11101000,0.0,196488,1
2018-02-15 13:37:10,0.9405,11102000,0.0,-10441431,0
2018-02-15 13:37:20,0.6001,11096000,0.0,6658710,1
2018-02-15 13:38:34,0.0107,11109000,0.0,118866,1
2018-02-15 13:38:42,0.3808,11109000,0.0,-4230307,0
2018-02-15 13:39:07,0.7895,11110000,0.0,-8771345,0
2018-02-15 13:39:54,0.063,11125000,0.0,700875,1
2018-02-15 13:40:54,0.1354,11135000,0.0,1507679,1
2018-02-15 13:41:13,0.6447,11139000,0.0,7181313,1
2018-02-15 13:41:26,0.00594524,11140000,0.0,-66230,0
2018-02-15 13:41:37,0.1231,11141000,0.0,1371457,1
2018-02-15 13:41:53,0.3358,11136000,0.0,-3739469,0
2018-02-15 13:41:57,0.0611,11147000,0.0,681082,1
2018-02-15 13:42:08,0.8145,11136000,0.0,9070272,1
2018-02-15 13:42:34,0.003,11037000,0.0,-33111,0
2018-02-15 13:43:33,0.3038,11088000,0.0,-3368534,0
2018-02-15 13:43:34,0.0066,11088000,0.0,-73181,0
2018-02-15 13:43:34,0.0181,11088000,0.0,-200693,0
2018-02-15 13:44:15,0.3315,11106000,0.0,3681639,1
2018-02-15 13:44:44,0.0195,11118000,0.0,-216801,0
2018-02-15 13:44:44,0.1222,11118000,0.0,-1358620,0
2018-02-15 13:44:53,0.0079,11105000,0.0,-87730,0
2018-02-15 13:45:30,0.6558,11117000,0.0,-7290529,0
2018-02-15 13:45:30,0.018,11117000,0.0,-200106,0
2018-02-15 13:46:56,0.1009,11136000,0.0,1123622,1
2018-02-15 13:47:00,0.7225,11130000,0.0,8041425,1
2018-02-15 13:47:24,0.011,11133000,0.0,-122463,0
2018-02-15 13:47:55,0.099,11141000,0.0,-1102959,0
2018-02-15 13:48:00,1.2588,11140000,0.0,-14023032,0
2018-02-15 13:50:21,0.0086,11178000,0.0,96131,1
2018-02-15 13:50:40,0.6079,11163000,0.0,6785988,1
2018-02-15 13:50:40,0.0734,11163000,0.0,819364,1
2018-02-15 13:50:40,0.6789,11163000,0.0,7578561,1
2018-02-15 13:51:05,0.09899993,11187000,0.0,-1107512,0
2018-02-15 13:51:05,0.09740007,11187000,0.0,-1089615,0
2018-02-15 13:51:09,1.0028,11198000,0.0,-11229354,0
2018-02-15 13:51:17,0.2,11188000,0.0,2237600,1
2018-02-15 13:51:18,0.0013,11188000,0.0,14544,1
2018-02-15 13:51:39,0.313,11195000,0.0,3504035,1
2018-02-15 13:51:43,0.0161,11186000,0.0,-180095,0
2018-02-15 13:51:47,0.5733,11200000,0.0,-6420960,0
2018-02-15 13:51:57,1.2743,11207000,0.0,14281080,1
2018-02-15 13:52:36,0.002,11182000,0.0,-22364,0
2018-02-15 13:52:54,0.002,11235000,0.0,22470,1
2018-02-15 13:54:43,0.2253,11215000,0.0,-2526740,0
2018-02-15 13:54:54,0.4,11220000,0.0,-4488000,0
2018-02-15 13:55:55,0.01,11255000,0.0,-112550,0
2018-02-15 13:56:28,0.0258,11263000,0.0,290585,1
2018-02-15 13:56:29,0.6095,11263000,0.0,6864799,1
2018-02-15 13:59:44,0.3042,11263000,0.0,-3426205,0
2018-02-15 13:59:56,0.08874688,11268000,0.0,1000000,1
2018-02-15 14:00:01,0.0582,11267000,0.0,655739,1
2018-02-15 14:00:02,0.1572,11267000,0.0,1771172,1
2018-02-15 14:02:06,0.0571,11223000,0.0,-640833,0
2018-02-15 14:02:24,0.0571,11210000,0.0,640091,1
2018-02-15 14:02:56,0.2999,11182000,0.0,-3353482,0
2018-02-15 14:03:16,0.3174,11175000,0.0,-3546945,0
2018-02-15 14:03:27,0.6173,11172000,0.0,6896476,1
2018-02-15 14:04:37,0.6416,11126000,0.0,-7138442,0
2018-02-15 14:04:46,0.4699,11129000,0.0,-5229517,0
2018-02-15 14:04:47,0.0044,11129000,0.0,-48968,0
2018-02-15 14:05:04,0.5688,11119000,0.0,6324487,1
2018-02-15 14:05:05,0.0209,11119000,0.0,232387,1
2018-02-15 14:05:05,0.3138,11119000,0.0,3489142,1
2018-02-15 14:05:05,0.2111,11119000,0.0,2347221,1
2018-02-15 14:05:05,0.0013,11119000,0.0,14455,1
2018-02-15 14:06:37,0.4714,11116000,0.0,-5240082,0
2018-02-15 14:06:53,0.2416,11110000,0.0,-2684176,0
2018-02-15 14:07:14,0.01,11100000,0.0,111000,1
2018-02-15 14:07:14,0.083,11100000,0.0,921300,1
2018-02-15 14:07:24,0.0001,11107000,0.0,1111,1
2018-02-15 14:07:36,0.0196,11088000,0.0,217325,1
2018-02-15 14:07:49,0.6003,11089000,0.0,6656727,1
2018-02-15 14:08:20,0.07,11110000,0.0,-777700,0
2018-02-15 14:08:56,0.1166,11107000,0.0,-1295076,0
2018-02-15 14:09:06,1.3134,11105000,0.0,-14585307,0
2018-02-15 14:09:26,1.0235,11111000,0.0,11372109,1
2018-02-15 14:09:31,0.1137,11111000,0.0,1263321,1
2018-02-15 14:09:31,0.0507,11108000,0.0,563176,1
2018-02-15 14:09:49,0.13283499,11090000,0.0,-1473140,0
2018-02-15 14:09:49,1.05506501,11090000,0.0,-11700671,0
2018-02-15 14:13:17,0.71988449,11090000,0.0,7983519,1
2018-02-15 14:13:17,0.5293,11090000,0.0,5869937,1
2018-02-15 14:13:17,0.02,11090000,0.0,221800,1
2018-02-15 14:13:17,0.23081551,11090000,0.0,2559744,1
2018-02-15 14:13:50,0.8997,11050000,0.0,-9941685,0
2018-02-15 14:14:15,0.0045,11080000,0.0,49860,1
2018-02-15 14:15:14,0.5882,11030000,0.0,6487846,1
2018-02-15 14:15:15,0.307,11030000,0.0,3386210,1
2018-02-15 14:15:37,0.3739,11004000,0.0,-4114396,0
2018-02-15 14:15:43,0.799,11024000,0.0,-8808176,0
2018-02-15 14:16:44,1.1729,11015000,0.0,12919494,1
2018-02-15 14:16:52,0.078,10983000,0.0,-856674,0
2018-02-15 14:17:23,0.0184,11000000,0.0,-202400,0
2018-02-15 14:17:30,0.6572,11009000,0.0,-7235115,0
2018-02-15 14:18:11,0.0038,10994000,0.0,41777,1
2018-02-15 14:18:26,0.1573,10975000,0.0,-1726368,0
2018-02-15 14:19:04,0.0002,10979000,0.0,2196,1
2018-02-15 14:19:43,0.9069,10952000,0.0,9932369,1
2018-02-15 14:21:26,0.7388,10920000,0.0,-8067696,0
2018-02-15 14:21:51,0.7612,10952000,0.0,-8336662,0
2018-02-15 14:22:05,0.0095,10947000,0.0,103997,1
2018-02-15 14:22:35,0.2145,10942000,0.0,2347059,1
2018-02-15 14:22:35,0.3,10944000,0.0,3283200,1
2018-02-15 14:25:59,0.3203,10978000,0.0,3516253,1
2018-02-15 14:26:29,0.0516,10971000,0.0,-566104,0
2018-02-15 14:27:36,0.5537,10979000,0.0,-6079072,0
2018-02-15 14:27:36,0.239,10980000,0.0,-2624220,0
2018-02-15 14:33:52,0.534,11031000,0.0,5890554,1
2018-02-15 14:33:53,0.561,11031000,0.0,6188391,1
2018-02-15 14:34:04,0.0984,11036000,0.0,-1085942,0
2018-02-15 14:34:07,0.2833,11037000,0.0,-3126782,0
2018-02-15 14:41:59,0.4668,11078000,0.0,5171210,1
2018-02-15 14:42:04,0.3199,11074000,0.0,3542573,1
2018-02-15 14:43:30,0.2246,11072000,0.0,-2486771,0
2018-02-15 14:43:48,0.4545,11071000,0.0,-5031770,0
2018-02-15 14:44:27,0.1095,11074000,0.0,1212603,1
2018-02-15 14:44:39,0.5696,11076000,0.0,6308890,1
2018-02-15 14:45:58,1.5,11076000,0.0,-16614000,0
2018-02-15 14:48:17,0.208,11055000,0.0,2299440,1
2018-02-15 14:48:17,0.0271,11055000,0.0,299591,1
2018-02-15 14:48:17,0.1461,11055000,0.0,1615136,1
2018-02-15 14:48:17,0.7357,11055000,0.0,8133164,1
2018-02-15 14:48:53,0.3682,11050000,0.0,4068610,1
2018-02-15 14:48:57,0.0149,11051000,0.0,164660,1
2018-02-15 14:49:08,0.743,11046000,0.0,-8207178,0
2018-02-15 14:49:24,0.0227,11040000,0.0,-250608,0
2018-02-15 14:49:43,0.0008,11031000,0.0,8825,1
2018-02-15 14:49:43,0.001,11031000,0.0,11031,1
2018-02-15 14:49:47,0.0786,11031000,0.0,867037,1
2018-02-15 14:49:48,0.0766,11031000,0.0,844975,1
2018-02-15 14:49:48,0.0207,11031000,0.0,228342,1
2018-02-15 14:50:43,0.1259,11001000,0.0,-1385026,0
2018-02-15 14:50:50,0.04442282,11000000,0.0,-488651,0
2018-02-15 14:50:50,0.09537718,11000000,0.0,-1049149,0
2018-02-15 14:51:45,0.5647,11002000,0.0,6212829,1
2018-02-15 14:52:07,0.499,10999000,0.0,-5488501,0
2018-02-15 14:54:10,0.6136,11029000,0.0,6767394,1
2018-02-15 14:54:10,0.0697,11029000,0.0,768721,1
2018-02-15 14:54:14,0.1047,11026000,0.0,1154422,1
2018-02-15 14:54:54,0.54760607,11035000,0.0,-6042833,0
2018-02-15 14:54:54,0.12219393,11035000,0.0,-1348410,0
2018-02-15 14:55:01,0.0398,11034000,0.0,-439153,0
2018-02-15 14:55:18,0.1681,11039000,0.0,-1855656,0
2018-02-15 14:59:12,0.1666,11029000,0.0,1837431,1
2018-02-15 15:00:06,0.4668,11012000,0.0,-5140402,0
2018-02-15 15:00:21,0.0076,11016000,0.0,83722,1
2018-02-15 15:01:18,0.1966,10978000,0.0,2158275,1
2018-02-15 15:06:03,0.3628,10993000,0.0,3988260,1
2018-02-15 15:06:28,0.3027,10992000,0.0,-3327278,0
2018-02-15 15:08:32,0.9136,11011000,0.0,10059650,1
2018-02-15 15:12:38,0.0941,11034000,0.0,-1038299,0
2018-02-15 15:12:38,0.9675,11034000,0.0,-10675395,0
2018-02-15 15:13:15,1.0616,11024000,0.0,11703078,1
2018-02-15 15:14:30,0.0274,11009000,0.0,-301647,0
2018-02-15 15:15:20,0.6351,11014000,0.0,-6994991,0
2018-02-15 15:15:43,0.5,11020000,0.0,-5510000,0
2018-02-15 15:15:44,0.0108,11020000,0.0,-119016,0
2018-02-15 15:19:36,0.5249,11056000,0.0,5803294,1
2018-02-15 15:19:37,0.3507,11056000,0.0,3877339,1
2018-02-15 15:19:47,0.2977,11050000,0.0,3289585,1
2018-02-15 15:20:00,0.0641,11050000,0.0,-708305,0
2018-02-15 15:20:08,0.5016,11034000,0.0,-5534654,0
2018-02-15 15:20:49,0.599,11041000,0.0,-6613559,0
2018-02-15 15:26:17,0.45,10961000,0.0,4932450,1
2018-02-15 15:26:17,0.2019,10961000,0.0,2213026,1
2018-02-15 15:26:17,0.0063,10961000,0.0,69054,1
2018-02-15 15:26:18,0.1699,10961000,0.0,1862274,1
2018-02-15 15:26:20,0.01,10959000,0.0,109590,1
2018-02-15 15:26:20,0.007,10959000,0.0,76713,1
2018-02-15 15:26:21,0.0164,10959000,0.0,179728,1
2018-02-15 15:26:21,0.3032,10959000,0.0,3322769,1
2018-02-15 15:26:31,0.058,10964000,0.0,-635912,0
2018-02-15 15:26:38,0.4471,10977000,0.0,-4907817,0
2018-02-15 15:26:42,0.4866,10978000,0.0,-5341895,0
2018-02-15 15:29:32,0.0052,10978000,0.0,57086,1
2018-02-15 15:43:59,0.8004,10952000,0.0,8765981,1
2018-02-15 15:44:08,0.1427,10932000,0.0,-1559996,0
2018-02-15 15:44:22,0.0052,10942000,0.0,56898,1
2018-02-15 15:45:07,0.01,10935000,0.0,109350,1
2018-02-15 15:45:23,0.0207,10941000,0.0,-226479,0
2018-02-15 15:45:23,0.0739,10941000,0.0,-808540,0
2018-02-15 15:45:39,0.1844,10934000,0.0,-2016230,0
2018-02-15 15:45:43,0.0436,10935000,0.0,-476766,0
2018-02-15 15:45:52,0.0002,10936000,0.0,2187,1
2018-02-15 15:45:53,0.0164,10936000,0.0,179350,1
2018-02-15 15:45:59,0.0804,10927000,0.0,-878531,0
2018-02-15 15:46:03,0.175,10937000,0.0,-1913975,0
2018-02-15 15:47:57,0.10457366,10914000,0.0,1141317,1
2018-02-15 15:47:57,0.5501,10914000,0.0,6003791,1
2018-02-15 15:47:57,0.22032634,10914000,0.0,2404642,1
2018-02-15 15:48:11,0.2209,10913000,0.0,-2410682,0
2018-02-15 15:48:16,1.1306,10914000,0.0,-12339368,0
2018-02-15 15:56:25,0.246,10900000,0.0,2681400,1
2018-02-15 15:56:25,1.1055,10900000,0.0,12049950,1
2018-02-15 15:57:26,0.0076,10901000,0.0,-82848,0
2018-02-15 15:57:33,0.2398,10900000,0.0,-2613820,0
2018-02-15 15:57:56,0.02,10887000,0.0,-217740,0
2018-02-15 15:58:04,0.4447,10887000,0.0,-4841449,0
2018-02-15 15:58:10,0.3948,10887000,0.0,-4298188,0
2018-02-15 15:59:50,0.1619,10883000,0.0,1761958,1
2018-02-15 15:59:50,0.2595,10883000,0.0,2824139,1
2018-02-15 15:59:59,0.0656,10882000,0.0,713859,1
2018-02-15 16:00:23,0.0173,10883000,0.0,-188276,0
2018-02-15 16:00:46,0.8628,10881000,0.0,-9388127,0
2018-02-15 16:01:32,0.4002,10885000,0.0,4356177,1
2018-02-15 16:03:22,7.314e-05,10883000,0.0,796,1
2018-02-15 16:08:04,0.14,10873000,0.0,1522220,1
2018-02-15 16:08:04,0.0108,10873000,0.0,117428,1
2018-02-15 16:08:05,0.9489,10873000,0.0,10317390,1
2018-02-15 16:08:56,0.1101,10878000,0.0,-1197668,0
2018-02-15 16:09:25,0.01673076,10890000,0.0,-182198,0
2018-02-15 16:09:25,0.0446,10890000,0.0,-485694,0
2018-02-15 16:09:25,0.05856924,10890000,0.0,-637819,0
2018-02-15 16:09:47,0.0346,10892000,0.0,-376863,0
2018-02-15 16:09:58,0.5937,10898000,0.0,-6470143,0
2018-02-15 16:14:07,0.3271,10899000,0.0,3565063,1
2018-02-15 16:14:07,0.4,10899000,0.0,4359600,1
2018-02-15 16:14:32,0.5983,10899000,0.0,-6520872,0
2018-02-15 16:14:37,0.31262715,10898000,0.0,-3407011,0
2018-02-15 16:22:48,1.0422,10879000,0.0,11338094,1
2018-02-15 16:23:30,0.24014154,10867000,0.0,-2609618,0
2018-02-15 16:24:17,0.00436228,10883000,0.0,-47475,0
2018-02-15 16:27:17,0.2445,10885000,0.0,2661383,1
2018-02-15 16:27:52,0.0403,10887000,0.0,-438746,0
2018-02-15 16:31:00,0.0037,10882000,0.0,40263,1
2018-02-15 16:31:15,0.0666,10881000,0.0,-724675,0
2018-02-15 16:31:46,0.3008,10879000,0.0,-3272403,0
2018-02-15 16:32:02,0.3971,10895000,0.0,-4326405,0
2018-02-15 16:33:17,0.0155,10897000,0.0,168904,1
2018-02-15 16:39:06,0.1945,10960000,0.0,2131720,1
2018-02-15 16:39:06,0.5911,10960000,0.0,6478456,1
2018-02-15 16:46:15,0.04220003,10959000,0.0,-462470,0
2018-02-15 16:46:15,0.00549997,10959000,0.0,-60274,0
2018-02-15 16:46:45,0.12063001,10985000,0.0,-1325121,0
2018-02-15 16:46:45,1.2112,10985000,0.0,-13305032,0
2018-02-15 16:46:45,0.04846999,10985000,0.0,-532443,0
2018-02-15 16:49:15,0.2178,11024000,0.0,2401027,1
2018-02-15 16:49:17,0.4681,11024000,0.0,5160334,1
2018-02-15 16:49:19,0.0356,11025000,0.0,392490,1
2018-02-15 16:50:23,0.0077,11019000,0.0,84846,1
2018-02-15 16:50:24,0.1625,11019000,0.0,1790588,1
2018-02-15 16:50:24,0.2706,11019000,0.0,2981741,1
2018-02-15 16:50:27,0.0016,11022000,0.0,17635,1
2018-02-15 16:50:28,0.2641,11022000,0.0,2910910,1
2018-02-15 16:50:50,0.26836158,11017000,0.0,-2956540,0
2018-02-15 16:51:18,0.2683,11031000,0.0,2959617,1
2018-02-15 16:53:30,0.4316,11026000,0.0,-4758822,0
2018-02-15 16:53:34,0.261,11024000,0.0,-2877264,0
2018-02-15 16:53:34,0.4758,11025000,0.0,-5245695,0
2018-02-15 16:54:33,0.13233195,11028000,0.0,1459357,1
2018-02-15 16:54:39,0.0842,11023000,0.0,928137,1
2018-02-15 16:54:44,0.009,11020000,0.0,99180,1
2018-02-15 16:54:44,0.5042,11020000,0.0,5556284,1
2018-02-15 16:54:45,0.0011,11020000,0.0,12122,1
2018-02-15 16:55:01,0.0224,11017000,0.0,-246781,0
2018-02-15 16:55:04,0.4447,11034000,0.0,4906820,1
2018-02-15 16:55:04,0.0153,11034000,0.0,168820,1
2018-02-15 16:56:12,0.0663,11042000,0.0,-732085,0
2018-02-15 16:56:46,0.0663,11063000,0.0,733477,1
2018-02-15 16:57:51,0.031,11064000,0.0,-342984,0
2018-02-15 16:58:06,0.1985,11062000,0.0,-2195807,0
2018-02-15 16:58:20,0.2295,11063000,0.0,2538959,1
2018-02-15 16:59:05,0.0915,11040000,0.0,-1010160,0
2018-02-15 16:59:05,0.3,11040000,0.0,-3312000,0
2018-02-15 16:59:47,0.0588,11040000,0.0,-649152,0
2018-02-15 16:59:51,1.0497,11041000,0.0,-11589738,0
2018-02-15 17:02:07,0.1,11030000,0.0,1103000,1
2018-02-15 17:02:08,0.0163,11030000,0.0,179789,1
2018-02-15 17:09:21,0.00823247,11075000,0.0,91175,1
2018-02-15 17:09:21,0.4906,11075000,0.0,5433395,1
2018-02-15 17:09:26,0.8849,11107000,0.0,9828584,1
2018-02-15 17:10:34,0.0041,11101000,0.0,-45514,0
2018-02-15 17:10:42,0.0011,11098000,0.0,12208,1
2018-02-15 17:10:54,0.00297431,11080000,0.0,32955,1
2018-02-15 17:10:54,2.569e-05,11080000,0.0,285,1
2018-02-15 17:11:24,0.4311,11076000,0.0,-4774864,0
2018-02-15 17:11:28,0.02,11077000,0.0,-221540,0
2018-02-15 17:11:28,0.1227,11077000,0.0,-1359148,0
2018-02-15 17:11:33,0.12127177,11080000,0.0,-1343691,0
2018-02-15 17:11:33,0.66602823,11080000,0.0,-7379593,0
2018-02-15 17:11:33,0.1,11080000,0.0,-1108000,0
2018-02-15 17:13:34,0.7999,11077000,0.0,8860492,1
2018-02-15 17:13:34,0.0151,11077000,0.0,167263,1
2018-02-15 17:13:38,0.3389,11074000,0.0,3752979,1
2018-02-15 17:14:41,0.0632,11063000,0.0,699182,1
2018-02-15 17:14:41,0.244,11063000,0.0,2699372,1
2018-02-15 17:15:47,0.1538,11044000,0.0,-1698567,0
2018-02-15 17:15:51,1.3462,11048000,0.0,-14872818,0
2018-02-15 17:17:24,0.2692,11006000,0.0,2962815,1
2018-02-15 17:17:24,0.4838,11006000,0.0,5324703,1
2018-02-15 17:17:24,0.747,11006000,0.0,8221482,1
2018-02-15 17:17:35,0.1931,11004000,0.0,-2124872,0
2018-02-15 17:17:57,0.9821,11020000,0.0,-10822742,0
2018-02-15 17:28:56,0.0042,11059000,0.0,46448,1
2018-02-15 17:46:19,0.3771,11043000,0.0,4164315,1
2018-02-15 17:46:19,0.0671,11043000,0.0,740985,1
2018-02-15 17:46:26,0.0921,11045000,0.0,1017245,1
2018-02-15 17:48:17,0.03,11040000,0.0,331200,1
2018-02-15 17:49:11,0.4511463,11046000,0.0,4983362,1
2018-02-15 17:49:11,0.1535537,11046000,0.0,1696154,1
2018-02-15 17:49:51,0.381,11046000,0.0,-4208526,0
2018-02-15 17:50:14,0.381,11070000,0.0,4217670,1
2018-02-15 17:51:20,0.0368,11061000,0.0,-407045,0
2018-02-15 17:51:55,0.452,11056000,0.0,-4997312,0
2018-02-15 17:51:55,0.003,11056000,0.0,-33168,0
2018-02-15 17:52:20,0.01,11055000,0.0,-110550,0
2018-02-15 17:52:38,0.2525,11060000,0.0,-2792650,0
2018-02-15 17:53:12,0.7543,11070000,0.0,8350101,1
2018-02-15 17:55:06,1.5,11090000,0.0,-16635000,0
2018-02-15 17:55:36,0.0706,11092000,0.0,783095,1
2018-02-15 17:55:36,1.4294,11092000,0.0,15854905,1
2018-02-15 17:56:40,0.8028,11091000,0.0,-8903855,0
2018-02-15 17:57:20,0.5,11090000,0.0,5545000,1
2018-02-15 17:57:25,0.0098,11085000,0.0,108633,1
2018-02-15 17:57:51,0.493,11070000,0.0,-5457510,0
2018-02-15 17:59:07,0.5,11089000,0.0,5544500,1
2018-02-15 17:59:08,0.00540049,11089000,0.0,59886,1
2018-02-15 18:01:44,0.2,11085000,0.0,-2217000,0
2018-02-15 18:02:17,0.275,11081000,0.0,-3047275,0
2018-02-15 18:04:28,0.7556,11122000,0.0,8403783,1
2018-02-15 18:06:11,0.1515,11091000,0.0,-1680287,0
2018-02-15 18:06:33,0.199,11106000,0.0,-2210094,0
2018-02-15 18:06:51,0.3451,11107000,0.0,3833026,1
2018-02-15 18:07:02,0.0054,11127000,0.0,60086,1
2018-02-15 18:07:31,0.3221,11107000,0.0,-3577565,0
2018-02-15 18:08:41,0.02,11110000,0.0,-222200,0
2018-02-15 18:08:49,0.0911,11120000,0.0,-1013032,0
2018-02-15 18:08:53,1.0668,11120000,0.0,-11862816,0
2018-02-15 18:12:45,0.0608,11151000,0.0,677981,1
2018-02-15 18:12:48,0.011,11152000,0.0,122672,1
2018-02-15 18:12:48,0.2416,11152000,0.0,2694323,1
2018-02-15 18:13:01,0.1375,11152000,0.0,1533400,1
2018-02-15 18:13:52,0.48167682,11189000,0.0,5389482,1
2018-02-15 18:13:58,0.5674,11189000,0.0,6348639,1
2018-02-15 18:14:14,0.9178,11178000,0.0,-10259168,0
2018-02-15 18:14:59,0.9178,11208000,0.0,10286702,1
2018-02-15 18:16:44,0.673,11162000,0.0,-7512026,0
2018-02-15 18:17:07,0.827,11166000,0.0,-9234282,0
2018-02-15 18:17:17,0.04500403,11162000,0.0,502335,1
2018-02-15 18:18:11,0.0152,11199000,0.0,170225,1
2018-02-15 18:18:42,0.0339,11169000,0.0,378629,1
2018-02-15 18:24:23,0.6131,11213000,0.0,6874690,1
2018-02-15 18:24:54,0.0119,11216000,0.0,133470,1
2018-02-15 18:26:59,0.1548,11193000,0.0,1732676,1
2018-02-15 18:27:03,0.0118,11184000,0.0,131971,1
2018-02-15 18:27:08,0.4914,11185000,0.0,5496309,1
2018-02-15 18:27:40,0.1229,11185000,0.0,1374637,1
2018-02-15 18:28:22,0.9954,11177000,0.0,-11125586,0
2018-02-15 18:28:22,0.5046,11178000,0.0,-5640419,0
2018-02-15 18:30:03,0.1471,11160000,0.0,1641636,1
2018-02-15 18:30:04,0.0018,11160000,0.0,20088,1
2018-02-15 18:30:32,0.0012,11155000,0.0,13386,1
2018-02-15 18:30:33,0.001,11155000,0.0,11155,1
2018-02-15 18:32:33,0.0074,11140000,0.0,82436,1
2018-02-15 18:33:58,0.755,11117000,0.0,8393335,1
2018-02-15 18:33:58,0.02215418,11117000,0.0,246288,1
2018-02-15 18:33:58,0.445,11117000,0.0,4947065,1
2018-02-15 18:35:16,0.1193,11133000,0.0,1328167,1
2018-02-15 18:35:32,0.699,11132000,0.0,-7781268,0
2018-02-15 18:35:40,0.0906,11133000,0.0,-1008650,0
2018-02-15 18:35:40,0.0423,11133000,0.0,-470926,0
2018-02-15 18:39:04,0.8319,11171000,0.0,9293155,1
2018-02-15 18:39:23,1.5,11150000,0.0,-16725000,0
2018-02-15 18:45:24,0.2406,11128000,0.0,2677397,1
2018-02-15 18:47:11,0.3923,11098000,0.0,4353745,1
2018-02-15 18:47:11,0.002,11098000,0.0,22196,1
2018-02-15 18:47:11,0.0053,11098000,0.0,58819,1
2018-02-15 18:47:17,0.0461,11090000,0.0,511249,1
2018-02-15 18:47:17,0.0232,11090000,0.0,257288,1
2018-02-15 18:47:21,0.0015,11090000,0.0,16635,1
2018-02-15 18:51:35,0.0017,11041000,0.0,18770,1
2018-02-15 18:51:35,0.2618,11041000,0.0,2890534,1
2018-02-15 18:52:34,0.9745,11000000,0.0,-10719500,0
2018-02-15 18:55:21,0.0523,10953000,0.0,572842,1
2018-02-15 18:55:55,0.0851,10978000,0.0,934228,1
2018-02-15 18:55:56,0.767,10978000,0.0,8420126,1
2018-02-15 18:56:09,0.0021,10975000,0.0,23048,1
2018-02-15 18:56:09,0.5935,10975000,0.0,6513663,1
2018-02-15 18:56:15,0.099,10976000,0.0,-1086624,0
2018-02-15 18:56:21,0.0689,10969000,0.0,-755764,0
2018-02-15 18:56:32,1.3321,10965000,0.0,-14606477,0
2018-02-15 19:03:51,0.0164,10931000,0.0,179268,1
2018-02-15 19:03:51,0.1,10931000,0.0,1093100,1
2018-02-15 19:03:52,0.4244,10931000,0.0,4639116,1
2018-02-15 19:04:35,0.0029,10903000,0.0,31619,1
2018-02-15 19:04:35,0.0038,10903000,0.0,41431,1
2018-02-15 19:04:35,0.3146,10903000,0.0,3430084,1
2018-02-15 19:04:35,0.0019,10903000,0.0,20716,1
2018-02-15 19:04:38,0.4863,10895000,0.0,5298239,1
2018-02-15 19:04:52,1.3503,10880000,0.0,-14691264,0
2018-02-15 19:05:38,0.04,10840000,0.0,433600,1
2018-02-15 19:05:38,0.0629,10840000,0.0,681836,1
2018-02-15 19:07:12,0.1186,10887000,0.0,1291198,1
2018-02-15 19:07:46,0.023,10869000,0.0,249987,1
2018-02-15 19:07:46,0.0153,10869000,0.0,166296,1
2018-02-15 19:07:46,0.0153,10869000,0.0,166296,1
2018-02-15 19:07:46,0.0176,10869000,0.0,191294,1
2018-02-15 19:07:46,0.0077,10869000,0.0,83691,1
2018-02-15 19:07:47,0.138,10869000,0.0,1499922,1
2018-02-15 19:07:52,0.0029,10869000,0.0,31520,1
2018-02-15 19:07:52,0.4588,10869000,0.0,4986697,1
2018-02-15 19:08:44,0.07658407,10863000,0.0,-831933,0
2018-02-15 19:08:44,0.00671593,10863000,0.0,-72955,0
2018-02-15 19:08:45,0.5999,10869000,0.0,6520313,1
2018-02-15 19:08:48,0.0134,10871000,0.0,-145671,0
2018-02-15 19:09:26,0.0112,10872000,0.0,121766,1
2018-02-15 19:09:35,0.0045,10860000,0.0,48870,1
2018-02-15 19:09:35,0.081,10860000,0.0,879660,1
2018-02-15 19:09:53,0.4595,10831000,0.0,-4976845,0
2018-02-15 19:09:57,1.0405,10840000,0.0,-11279020,0
2018-02-15 19:12:45,1.0876,10850000,0.0,11800460,1
2018-02-15 19:13:17,0.1035,10825000,0.0,-1120388,0
2018-02-15 19:13:31,0.0021,10825000,0.0,22733,1
2018-02-15 19:13:35,0.0603,10826000,0.0,652808,1
2018-02-15 19:13:36,0.064,10826000,0.0,692864,1
2018-02-15 19:13:43,0.2893,10815000,0.0,-3128780,0
2018-02-15 19:13:59,0.7775,10811000,0.0,-8405553,0
2018-02-15 19:14:27,0.3483,10800000,0.0,3761640,1
2018-02-15 19:14:27,1.1077,10800000,0.0,11963160,1
2018-02-15 19:14:27,0.0003,10800000,0.0,3240,1
2018-02-15 19:15:07,0.0001,10755000,0.0,-1076,0
2018-02-15 19:15:33,1.3849,10761000,0.0,-14902909,0
2018-02-15 19:15:34,0.1067,10761000,0.0,-1148199,0
2018-02-15 19:15:34,0.0083,10761000,0.0,-89316,0
2018-02-15 19:15:42,0.0093,10779000,0.0,100245,1
2018-02-15 19:15:43,0.1487,10779000,0.0,1602837,1
2018-02-15 19:15:43,0.0167,10779000,0.0,180009,1
2018-02-15 19:17:39,0.2191,10765000,0.0,2358612,1
2018-02-15 19:17:39,0.6002,10765000,0.0,6461153,1
2018-02-15 19:17:39,0.506,10765000,0.0,5447090,1
2018-02-15 19:18:59,0.0268,10761000,0.0,-288395,0
2018-02-15 19:19:33,0.2466,10758000,0.0,-2652923,0
2018-02-15 19:20:08,0.11,10781000,0.0,1185910,1
2018-02-15 19:20:09,0.1364,10781000,0.0,1470528,1
2018-02-15 19:20:26,1.473,10790000,0.0,-15893670,0
2018-02-15 19:20:57,0.05,10839000,0.0,541950,1
2018-02-15 19:20:57,0.0467,10840000,0.0,506228,1
2018-02-15 19:20:58,0.0278,10839000,0.0,301324,1
2018-02-15 19:21:21,0.3115,10900000,0.0,3395350,1
2018-02-15 19:21:22,1.0,10900000,0.0,10900000,1
2018-02-15 19:21:33,0.064,10901000,0.0,697664,1
2018-02-15 19:21:37,1.1057,10884000,0.0,-12034439,0
2018-02-15 19:21:37,0.0183,10884000,0.0,-199177,0
2018-02-15 19:21:43,0.4938,10884000,0.0,5374519,1
2018-02-15 19:21:49,0.0453,10885000,0.0,493091,1
2018-02-15 19:21:50,0.0005,10885000,0.0,5443,1
2018-02-15 19:21:53,0.5536,10885000,0.0,6025936,1
2018-02-15 19:21:53,0.0184,10885000,0.0,200284,1
2018-02-15 19:22:14,0.014,10884000,0.0,-152376,0
2018-02-15 19:22:18,0.0264,10885000,0.0,287364,1
2018-02-15 19:22:32,1.167,10861000,0.0,-12674787,0
2018-02-15 19:22:37,0.0995,10876000,0.0,1082162,1
2018-02-15 19:22:37,0.0091,10876000,0.0,98972,1
2018-02-15 19:22:52,0.3336,10883000,0.0,3630569,1
2018-02-15 19:22:52,0.5564,10883000,0.0,6055301,1
2018-02-15 19:22:52,0.1684,10883000,0.0,1832697,1
2018-02-15 19:23:50,1.5,10900000,0.0,-16350000,0
2018-02-15 19:24:40,0.0609,10897000,0.0,663627,1
2018-02-15 19:26:05,1.4391,10845000,0.0,15607040,1
2018-02-15 19:27:06,0.7744,10867000,0.0,-8415405,0
2018-02-15 19:28:46,0.6977,10844000,0.0,7565859,1
2018-02-15 19:29:08,0.0687,10842000,0.0,744845,1
2018-02-15 19:29:16,0.032,10827000,0.0,-346464,0
2018-02-15 19:29:44,0.6354,10818000,0.0,-6873757,0
2018-02-15 19:30:16,0.2393,10814000,0.0,-2587790,0
2018-02-15 19:35:07,0.9147,10889000,0.0,9960168,1
2018-02-15 19:37:49,1.5,10900000,0.0,-16350000,0
2018-02-15 19:38:42,0.6365,10932000,0.0,6958218,1
2018-02-15 19:38:47,0.0125,10932000,0.0,136650,1
2018-02-15 19:38:47,0.0844,10932000,0.0,922661,1
2018-02-15 19:38:53,0.03889454,10933000,0.0,425234,1
2018-02-15 19:38:54,0.72770546,10933000,0.0,7956004,1
2018-02-15 19:39:00,0.0156,10934000,0.0,-170570,0
2018-02-15 19:39:09,0.0156,10933000,0.0,170555,1
2018-02-15 19:39:30,1.5,10939000,0.0,-16408500,0
2018-02-15 19:41:12,0.0642,10931000,0.0,701770,1
2018-02-15 19:41:46,0.277,10905000,0.0,3020685,1
2018-02-15 19:41:47,0.7308,10905000,0.0,7969374,1
2018-02-15 19:41:51,0.428,10889000,0.0,4660492,1
2018-02-15 19:42:28,5.913e-05,10905000,0.0,-645,0
2018-02-15 19:43:01,0.04,10892000,0.0,-435680,0
2018-02-15 19:43:40,0.0174,10892000,0.0,189521,1
2018-02-15 19:43:47,0.0227,10890000,0.0,247203,1
2018-02-15 19:44:37,0.055,10890000,0.0,-598950,0
2018-02-15 19:44:37,0.2067,10890000,0.0,-2250963,0
2018-02-15 19:44:44,0.0072,10899000,0.0,-78473,0
2018-02-15 19:44:50,0.5407,10878000,0.0,-5881735,0
2018-02-15 19:45:56,0.0659,10898000,0.0,718178,1
2018-02-15 19:46:40,0.3938,10887000,0.0,-4287301,0
2018-02-15 19:47:19,0.0222,10880000,0.0,241536,1
2018-02-15 19:47:19,0.0046,10880000,0.0,50048,1
2018-02-15 19:47:19,0.0049,10880000,0.0,53312,1
2018-02-15 19:47:19,0.0011,10880000,0.0,11968,1
2018-02-15 19:47:19,0.4233,10880000,0.0,4605504,1
2018-02-15 19:47:19,0.3291,10880000,0.0,3580608,1
2018-02-15 19:47:19,0.0034,10881000,0.0,36995,1
2018-02-15 19:47:19,0.2743,10883000,0.0,2985207,1
2018-02-15 19:47:23,0.0746,10880000,0.0,811648,1
2018-02-15 19:47:55,0.3055,10872000,0.0,-3321396,0
2018-02-15 19:48:17,1.1945,10872000,0.0,-12986604,0
2018-02-15 19:50:47,0.3,10903000,0.0,3270900,1
2018-02-15 19:50:59,0.9991,10909000,0.0,10899182,1
2018-02-15 19:51:32,0.2009,10918000,0.0,2193426,1
2018-02-15 19:52:32,0.3045,10905000,0.0,-3320573,0
2018-02-15 19:53:16,0.357,10929000,0.0,-3901653,0
2018-02-15 19:53:48,0.0581,10914000,0.0,-634103,0
2018-02-15 19:57:19,0.7804,10950000,0.0,-8545380,0
2018-02-15 20:00:16,0.45851653,10945000,0.0,5018463,1
2018-02-15 20:01:56,0.76884208,10971000,0.0,8434966,1
2018-02-15 20:02:01,0.2726,10974000,0.0,2991512,1
2018-02-15 20:02:24,1.10730006,10977000,0.0,-12154833,0
2018-02-15 20:02:24,0.3558,10977000,0.0,-3905617,0
2018-02-15 20:08:33,0.92946614,11030000,0.0,10252012,1
2018-02-15 20:08:38,0.14967139,11010000,0.0,1647882,1
2018-02-15 20:08:38,0.1422,11010000,0.0,1565622,1
2018-02-15 20:09:06,0.5356,11011000,0.0,-5897492,0
2018-02-15 20:09:06,0.387,11011000,0.0,-4261257,0
2018-02-15 20:09:23,0.0007,11029000,0.0,7720,1
2018-02-15 20:10:57,0.3635,11008000,0.0,4001408,1
2018-02-15 20:11:22,0.1001,11007000,0.0,1101801,1
2018-02-15 20:11:23,0.5284,11007000,0.0,5816099,1
2018-02-15 20:12:34,0.2267,10993000,0.0,-2492113,0
2018-02-15 20:12:51,0.35,10986000,0.0,-3845100,0
2018-02-15 20:14:02,0.1329,10980000,0.0,-1459242,0
2018-02-15 20:15:45,0.8813,10944000,0.0,9644947,1
2018-02-15 20:16:40,0.08053905,10960000,0.0,-882708,0
2018-02-15 20:16:52,0.0025,10959000,0.0,-27398,0
2018-02-15 20:16:56,0.0029,10980000,0.0,31842,1
2018-02-15 20:18:24,0.0045,10930000,0.0,-49185,0
2018-02-15 20:18:32,0.0408,10928000,0.0,-445862,0
2018-02-15 20:18:39,0.0002,10941000,0.0,2188,1
2018-02-15 20:19:01,0.0328,10939000,0.0,-358799,0
2018-02-15 20:19:05,0.5662,10939000,0.0,-6193662,0
2018-02-15 20:20:44,0.1698,10966000,0.0,1862027,1
2018-02-15 20:20:44,0.5544,10966000,0.0,6079550,1
2018-02-15 20:22:41,0.5,10954000,0.0,-5477000,0
2018-02-15 20:22:44,0.0021,10954000,0.0,-23003,0
2018-02-15 20:23:24,0.5,10949000,0.0,-5474500,0
2018-02-15 20:23:43,1.0021,10937000,0.0,10959968,1
2018-02-15 20:24:54,0.7985,10933000,0.0,-8730001,0
2018-02-15 20:28:16,0.0018,10895000,0.0,19611,1
2018-02-15 20:28:16,0.4918,10895000,0.0,5358161,1
2018-02-15 20:28:16,0.0296,10895000,0.0,322492,1
2018-02-15 20:28:33,0.2677,10881000,0.0,-2912844,0
2018-02-15 20:28:41,0.5002,10891000,0.0,5447678,1
2018-02-15 20:29:36,0.3208,10834000,0.0,-3475547,0
2018-02-15 20:30:00,0.2009,10832000,0.0,-2176149,0
2018-02-15 20:30:06,0.9355,10833000,0.0,-10134272,0
2018-02-15 20:33:54,0.83768743,10900000,0.0,9130793,1
2018-02-15 20:34:22,0.6624,10901000,0.0,7220822,1
2018-02-15 20:35:22,1.5,10870000,0.0,-16305000,0
2018-02-15 20:36:12,0.0152,10884000,0.0,165437,1
2018-02-15 20:41:32,0.02,10859000,0.0,217180,1
2018-02-15 20:42:38,1.4648,10847000,0.0,15888686,1
2018-02-15 20:44:51,0.082,10857000,0.0,-890274,0
2018-02-15 20:45:47,0.1444,10847000,0.0,-1566307,0
2018-02-15 20:46:15,1.2736,10859000,0.0,-13830022,0
2018-02-15 20:48:30,0.93920032,10856000,0.0,10195959,1
2018-02-15 20:48:30,0.56079968,10853000,0.0,6086359,1
2018-02-15 20:51:18,0.1262,10829000,0.0,-1366620,0
2018-02-15 20:51:52,0.0698,10844000,0.0,-756911,0
2018-02-15 20:52:07,0.74621991,10850000,0.0,-8096486,0
2018-02-15 20:52:08,0.0206,10850000,0.0,-223510,0
2018-02-15 20:53:49,0.0231,10854000,0.0,250727,1
2018-02-15 21:01:01,0.0175,10845000,0.0,189788,1
2018-02-15 21:01:02,0.1375,10845000,0.0,1491188,1
2018-02-15 21:02:39,0.0006,10872000,0.0,6523,1
2018-02-15 21:02:47,0.057,10869000,0.0,619533,1
2018-02-15 21:02:47,0.283,10869000,0.0,3075927,1
2018-02-15 21:02:48,0.4441,10869000,0.0,4826923,1
2018-02-15 21:03:02,0.0066,10848000,0.0,-71597,0
2018-02-15 21:03:56,0.0066,10887000,0.0,71854,1
2018-02-15 21:04:21,1.5,10891000,0.0,-16336500,0
2018-02-15 21:04:56,0.6256,10883000,0.0,6808405,1
2018-02-15 21:06:39,0.1438,10900000,0.0,1567420,1
2018-02-15 21:07:03,0.422,10903000,0.0,-4601066,0
2018-02-15 21:07:15,0.0014,10914000,0.0,15280,1
2018-02-15 21:07:32,0.2181,10904000,0.0,2378162,1
2018-02-15 21:07:33,0.5217,10904000,0.0,5688617,1
2018-02-15 21:08:57,0.4114,10915000,0.0,4490431,1
2018-02-15 21:11:07,0.018,10919000,0.0,-196542,0
2018-02-15 21:13:15,0.2,10926000,0.0,-2185200,0
2018-02-15 21:15:14,0.218,10914000,0.0,2379252,1
2018-02-15 21:15:42,0.184,10901000,0.0,-2005784,0
2018-02-15 21:16:38,0.17,10878000,0.0,-1849260,0
2018-02-15 21:17:10,0.02,10880000,0.0,-217600,0
2018-02-15 21:17:59,0.374,10877000,0.0,4067998,1
2018-02-15 21:19:49,0.9687,10862000,0.0,-10522019,0
2018-02-15 21:22:43,0.0092,10871000,0.0,100013,1
2018-02-15 21:22:43,0.351,10871000,0.0,3815721,1
2018-02-15 21:22:47,0.467,10870000,0.0,5076290,1
2018-02-15 21:22:48,0.01,10870000,0.0,108700,1
2018-02-15 21:22:53,0.0109,10869000,0.0,118472,1
2018-02-15 21:22:53,0.09010478,10869000,0.0,979349,1
2018-02-15 21:23:45,0.1103,10871000,0.0,-1199071,0
2018-02-15 21:23:48,0.0358,10872000,0.0,-389218,0
2018-02-15 21:23:52,1.0307,10871000,0.0,-11204740,0
2018-02-15 21:26:31,1.2073,10900000,0.0,13159570,1
2018-02-15 21:29:32,0.2442,10918000,0.0,-2666176,0
2018-02-15 21:29:44,0.0152,10918000,0.0,165954,1
2018-02-15 21:30:12,0.0958,10916000,0.0,-1045753,0
2018-02-15 21:31:06,0.2829,10900000,0.0,-3083610,0
2018-02-15 21:31:06,0.7156,10899000,0.0,-7799324,0
2018-02-15 21:32:05,0.0777,10917000,0.0,848251,1
2018-02-15 21:34:36,0.5346,10912000,0.0,5833555,1
2018-02-15 21:34:50,0.001,10912000,0.0,10912,1
2018-02-15 21:37:00,0.6959,10893000,0.0,-7580439,0
2018-02-15 21:38:37,0.0737,10911000,0.0,804141,1
2018-02-15 21:38:37,0.6909,10911000,0.0,7538410,1
2018-02-15 21:39:08,0.001,10936000,0.0,-10936,0
2018-02-15 21:39:22,0.0085,10956000,0.0,-93126,0
2018-02-15 21:39:55,0.0039,10956000,0.0,-42728,0
2018-02-15 21:40:09,0.6029,10958000,0.0,6606578,1
2018-02-15 21:40:09,0.0518,10957000,0.0,567573,1
2018-02-15 21:41:42,0.02981181,11023000,0.0,-328616,0
2018-02-15 21:41:42,0.06938819,11023000,0.0,-764866,0
2018-02-15 21:41:54,0.0992,11005000,0.0,1091696,1
2018-02-15 21:43:14,0.5452,10966000,0.0,-5978663,0
2018-02-15 21:44:36,0.4773,10976000,0.0,5238845,1
2018-02-15 21:44:36,0.0679,10976000,0.0,745270,1
2018-02-15 21:45:11,7.034e-05,10975000,0.0,-772,0
2018-02-15 21:45:55,0.3872,10968000,0.0,-4246810,0
2018-02-15 21:46:00,0.003,10975000,0.0,-32925,0
2018-02-15 21:46:17,0.0193,10967000,0.0,-211663,0
2018-02-15 21:47:14,0.0385,10970000,0.0,-422345,0
2018-02-15 21:47:14,0.0605,10969000,0.0,-663625,0
2018-02-15 21:47:34,0.9463,10961000,0.0,-10372394,0
2018-02-15 21:50:10,1.0792,10958000,0.0,11825874,1
2018-02-15 21:50:15,0.3756,10950000,0.0,4112820,1
2018-02-15 21:51:15,0.5299,10961000,0.0,-5808234,0
2018-02-15 21:51:50,0.5299,10953000,0.0,5803995,1
2018-02-15 21:52:35,0.0559,10935000,0.0,-611267,0
2018-02-15 21:52:55,0.42,10934000,0.0,-4592280,0
2018-02-15 21:53:26,0.0026,10921000,0.0,28395,1
2018-02-15 21:54:06,0.0112,10938000,0.0,122506,1
2018-02-15 21:54:12,0.2216,10939000,0.0,2424082,1
2018-02-15 21:54:23,0.0238,10927000,0.0,-260063,0
2018-02-15 21:55:48,0.0452,10955000,0.0,-495166,0
2018-02-15 21:56:05,1.1905,10956000,0.0,-13043118,0
2018-02-15 21:58:37,0.1233,10967000,0.0,1352231,1
2018-02-15 22:01:08,0.1174,10960000,0.0,1286704,1
2018-02-15 22:04:04,0.017,10945000,0.0,186065,1
2018-02-15 22:04:10,0.7349,10947000,0.0,8044950,1
2018-02-15 22:04:51,0.5074,10942000,0.0,5551971,1
2018-02-15 22:07:28,0.7534,10938000,0.0,-8240689,0
2018-02-15 22:10:24,0.1459391,10947000,0.0,1597595,1
2018-02-15 22:11:33,0.2955,10944000,0.0,3233952,1
2018-02-15 22:11:34,0.312,10944000,0.0,3414528,1
2018-02-15 22:13:29,0.0295,10945000,0.0,-322878,0
2018-02-15 22:16:56,1.0028,10965000,0.0,-10995702,0
2018-02-15 22:23:16,0.11807616,10925000,0.0,1289982,1
2018-02-15 22:26:48,0.0005,10910000,0.0,5455,1
2018-02-15 22:26:48,0.0338,10910000,0.0,368758,1
2018-02-15 22:26:48,0.4852,10910000,0.0,5293532,1
2018-02-15 22:26:48,0.0155,10910000,0.0,169105,1
2018-02-15 22:26:49,0.3792,10910000,0.0,4137072,1
2018-02-15 22:28:08,0.0222,10920000,0.0,-242424,0
2018-02-15 22:28:16,0.2955,10919000,0.0,-3226565,0
2018-02-15 22:31:30,1.1823,10918000,0.0,-12908351,0
2018-02-15 22:32:17,0.1218,10900000,0.0,1327620,1
2018-02-15 22:32:17,0.0173,10900000,0.0,188570,1
2018-02-15 22:32:17,0.1764,10900000,0.0,1922760,1
2018-02-15 22:32:18,0.4048,10900000,0.0,4412320,1
2018-02-15 22:32:21,0.09,10899000,0.0,980910,1
2018-02-15 22:32:27,0.03,10897000,0.0,326910,1
2018-02-15 22:32:33,0.1951,10886000,0.0,-2123859,0
2018-02-15 22:53:57,0.042,10893000,0.0,457506,1
2018-02-15 23:02:13,0.8128,10900000,0.0,8859520,1
2018-02-15 23:02:33,0.0409,10903000,0.0,-445933,0
2018-02-15 23:03:30,0.0134257,10906000,0.0,-146421,0
2018-02-15 23:03:35,0.0056,10910000,0.0,-61096,0
2018-02-15 23:03:42,0.2013,10911000,0.0,-2196384,0
2018-02-15 23:03:47,0.1063,10911000,0.0,-1159839,0
2018-02-15 23:03:53,0.299,10910000,0.0,-3262090,0
2018-02-15 23:04:54,0.2049,10908000,0.0,-2235049,0
2018-02-15 23:08:32,0.0051,10969000,0.0,55942,1
2018-02-15 23:08:38,0.0208,10971000,0.0,228197,1
2018-02-15 23:10:14,0.3504,10948000,0.0,3836179,1
2018-02-15 23:10:14,0.4952,10948000,0.0,5421450,1
2018-02-15 23:10:45,1.5,10902000,0.0,-16353000,0
2018-02-15 23:13:34,0.4999,10944000,0.0,5470906,1
2018-02-15 23:13:34,1.0001,10948000,0.0,10949095,1
2018-02-15 23:14:39,0.3778,10949000,0.0,-4136532,0
2018-02-15 23:14:48,0.0054,10959000,0.0,59179,1
2018-02-15 23:15:50,0.2,10953000,0.0,2190600,1
2018-02-15 23:15:51,0.0115,10953000,0.0,125960,1
2018-02-15 23:16:42,0.5652,10946000,0.0,-6186679,0
2018-02-15 23:16:49,0.27846675,10952000,0.0,-3049768,0
2018-02-15 23:19:18,0.0997,11000000,0.0,1096700,1
2018-02-15 23:19:18,0.2194,11000000,0.0,2413400,1
2018-02-15 23:19:19,0.0118,11000000,0.0,129800,1
2018-02-15 23:19:19,0.161,11000000,0.0,1771000,1
2018-02-15 23:19:20,0.001,11000000,0.0,11000,1
2018-02-15 23:19:33,0.24170005,10988000,0.0,-2655800,0
2018-02-15 23:21:47,0.005,11000000,0.0,55000,1
2018-02-15 23:22:15,0.1278,10986000,0.0,1404011,1
2018-02-15 23:22:15,0.3205,10987000,0.0,3521334,1
2018-02-15 23:22:15,0.3,10994000,0.0,3298200,1
2018-02-15 23:23:49,0.0883,10988000,0.0,-970240,0
2018-02-15 23:24:22,0.0883,10986000,0.0,970064,1
2018-02-15 23:26:19,1.5,10976000,0.0,-16464000,0
2018-02-15 23:29:43,0.01,10993000,0.0,109930,1
2018-02-15 23:34:31,0.0049,11027000,0.0,54032,1
2018-02-15 23:34:31,0.2809,11027000,0.0,3097484,1
2018-02-15 23:38:09,0.7104,11024000,0.0,7831450,1
2018-02-15 23:38:10,0.3077,11024000,0.0,3392085,1
2018-02-15 23:38:22,0.0902,11024000,0.0,994365,1
2018-02-15 23:38:26,0.05,11025000,0.0,551250,1
2018-02-15 23:40:00,0.0932,11001000,0.0,-1025293,0
2018-02-15 23:41:25,0.04897614,10999000,0.0,-538689,0
2018-02-15 23:41:25,0.19482386,10999000,0.0,-2142868,0
2018-02-15 23:42:03,0.3913,10999000,0.0,-4303909,0
2018-02-15 23:48:29,0.014,11043000,0.0,154602,1
2018-02-15 23:48:38,0.0564,11044000,0.0,622882,1
2018-02-15 23:48:38,0.4475,11044000,0.0,4942190,1
2018-02-15 23:48:45,1.2437,11051000,0.0,-13744129,0
2018-02-15 23:50:57,0.0018,11049000,0.0,19888,1
2018-02-15 23:56:26,0.013,11060000,0.0,143780,1
2018-02-15 23:56:31,0.0015,11060000,0.0,16590,1
2018-02-16 00:00:36,0.4631,11050000,0.0,5117255,1
2018-02-16 00:00:36,0.3265,11050000,0.0,3607825,1
2018-02-16 00:00:37,0.0201,11050000,0.0,222105,1
2018-02-16 00:01:13,0.674,11050000,0.0,7447700,1
2018-02-16 00:02:35,0.5221,11040000,0.0,-5763984,0
2018-02-16 00:02:35,0.0163,11040000,0.0,-179952,0
2018-02-16 00:03:10,0.5032,11037000,0.0,-5553818,0
2018-02-16 00:05:53,0.3,11043000,0.0,3312900,1
2018-02-16 00:05:58,0.6039,11043000,0.0,6668868,1
2018-02-16 00:09:29,0.1377,11025000,0.0,1518143,1
2018-02-16 00:12:38,0.019,11013000,0.0,-209247,0
2018-02-16 00:12:42,0.019,11033000,0.0,209627,1
2018-02-16 00:12:46,1.4674,11013000,0.0,-16160476,0
2018-02-16 00:12:50,0.55651358,11034000,0.0,6140571,1
2018-02-16 00:14:29,0.9109,11027000,0.0,10044494,1
2018-02-16 00:16:24,0.0095,11024000,0.0,-104728,0
2018-02-16 00:18:09,1.4903,11024000,0.0,-16429067,0
2018-02-16 00:27:07,0.2286,11024000,0.0,2520086,1
2018-02-16 00:37:34,0.0301,11046000,0.0,332485,1
2018-02-16 00:38:20,0.023,11042000,0.0,253966,1
2018-02-16 00:40:34,0.0229,11017000,0.0,252289,1
2018-02-16 00:40:34,0.005,11017000,0.0,55085,1
2018-02-16 00:40:34,0.139,11017000,0.0,1531363,1
2018-02-16 00:40:34,0.0039,11017000,0.0,42966,1
2018-02-16 00:40:39,0.701,11016000,0.0,7722216,1
2018-02-16 00:40:40,0.0042,11016000,0.0,46267,1
2018-02-16 00:44:05,0.099,11010000,0.0,-1089990,0
2018-02-16 00:44:13,0.2581,11012000,0.0,2842197,1
2018-02-16 00:44:51,0.0351,11002000,0.0,-386170,0
2018-02-16 00:45:01,0.2985,11016000,0.0,-3288276,0
2018-02-16 00:45:16,0.0927,11018000,0.0,-1021369,0
2018-02-16 00:46:15,0.8907,11001000,0.0,-9798591,0
2018-02-16 01:05:22,1.5,11010000,0.0,16515000,1
2018-02-16 01:07:14,0.299,10998000,0.0,-3288402,0
2018-02-16 01:07:18,0.0969,10999000,0.0,-1065803,0
2018-02-16 01:07:22,0.2819,11010000,0.0,-3103719,0
2018-02-16 01:08:04,0.0054,10988000,0.0,-59335,0
2018-02-16 01:08:28,0.3014,10988000,0.0,-3311783,0
2018-02-16 01:08:52,0.1329,10988000,0.0,1460305,1
2018-02-16 01:11:00,0.8517,10979000,0.0,9350814,1
2018-02-16 01:12:05,0.299,10982000,0.0,-3283618,0
2018-02-16 01:12:25,0.3691,10980000,0.0,-4052718,0
2018-02-16 01:12:29,0.1694,10979000,0.0,-1859843,0
2018-02-16 01:14:36,0.0097,10988000,0.0,106584,1
2018-02-16 01:24:38,0.001,11016000,0.0,11016,1
2018-02-16 01:25:05,0.8268,11019000,0.0,9110509,1
2018-02-16 01:26:28,0.0193,11055000,0.0,-213362,0
2018-02-16 01:27:27,0.0193,11065000,0.0,213555,1
2018-02-16 01:30:28,0.08,11038000,0.0,-883040,0
2018-02-16 01:31:25,0.08,11041000,0.0,883280,1
2018-02-16 01:32:22,0.5511,11034000,0.0,-6080837,0
2018-02-16 01:32:28,0.0072,11033000,0.0,-79438,0
2018-02-16 01:33:25,0.5583,11018000,0.0,6151349,1
2018-02-16 01:34:48,0.0165,11026000,0.0,-181929,0
2018-02-16 01:36:45,0.0165,11044000,0.0,182226,1
2018-02-16 01:38:23,0.0543,11008000,0.0,-597734,0
2018-02-16 01:38:34,0.073,11013000,0.0,-803949,0
2018-02-16 01:38:56,0.0045,11011000,0.0,-49550,0
2018-02-16 01:39:00,0.05,11016000,0.0,-550800,0
2018-02-16 01:40:04,0.0708,11026000,0.0,-780641,0
2018-02-16 01:40:08,1.0,11020000,0.0,-11020000,0
2018-02-16 01:43:41,0.0346,11005000,0.0,380773,1
2018-02-16 01:50:38,1.218,11005000,0.0,13404090,1
2018-02-16 01:51:34,0.01497366,11007000,0.0,-164815,0
2018-02-16 01:51:34,0.27,11007000,0.0,-2971890,0
2018-02-16 01:51:34,0.00432634,11007000,0.0,-47620,0
2018-02-16 01:52:37,0.1424,11018000,0.0,1568963,1
2018-02-16 01:52:42,0.5753,10996000,0.0,-6325999,0
2018-02-16 01:52:52,0.0002,11007000,0.0,2201,1
2018-02-16 01:53:14,0.14,10994000,0.0,-1539160,0
2018-02-16 01:53:47,0.002,11027000,0.0,22054,1
2018-02-16 01:54:35,0.0001,11017000,0.0,1102,1
2018-02-16 01:55:50,0.225,11018000,0.0,2479050,1
2018-02-16 01:56:52,0.1878,11030000,0.0,2071434,1
2018-02-16 01:56:52,0.1162,11030000,0.0,1281686,1
2018-02-16 01:57:54,0.3309,11063000,0.0,3660747,1
2018-02-16 01:59:06,0.0672,11057000,0.0,-743030,0
2018-02-16 01:59:10,0.0038,11059000,0.0,-42024,0
2018-02-16 01:59:20,0.152,11065000,0.0,-1681880,0
2018-02-16 01:59:20,0.0289,11065000,0.0,-319779,0
2018-02-16 02:02:50,1.2481,11019000,0.0,-13752814,0
2018-02-16 02:04:12,0.009,11053000,0.0,99477,1
2018-02-16 02:04:34,0.0042,11052000,0.0,46418,1
2018-02-16 02:04:49,0.0167,11047000,0.0,184485,1
2018-02-16 02:04:58,0.0184,11043000,0.0,203191,1
2018-02-16 02:06:41,0.8,11046000,0.0,8836800,1
2018-02-16 02:07:53,0.2838,11040000,0.0,-3133152,0
2018-02-16 02:09:37,0.5845,11029000,0.0,6446451,1
2018-02-16 02:10:13,0.3938,11038000,0.0,-4346764,0
2018-02-16 02:10:20,0.1624,11041000,0.0,-1793058,0
2018-02-16 02:11:53,0.2585,11058000,0.0,2858493,1
2018-02-16 02:13:18,0.3,11056000,0.0,3316800,1
2018-02-16 02:13:49,0.0018,11060000,0.0,19908,1
2018-02-16 02:14:42,0.0001,11061000,0.0,1106,1
2018-02-16 02:15:08,0.0047,11057000,0.0,-51968,0
2018-02-16 02:15:24,0.3652,11063000,0.0,-4040208,0
2018-02-16 02:15:28,0.3327,11065000,0.0,-3681326,0
2018-02-16 02:23:05,1.0494,11150000,0.0,11700810,1
2018-02-16 02:23:59,0.1448,11160000,0.0,-1615968,0
2018-02-16 02:24:02,1.3552,11165000,0.0,-15130808,0
2018-02-16 02:24:56,0.3965,11151000,0.0,4421372,1
2018-02-16 02:24:57,1.1035,11151000,0.0,12305129,1
2018-02-16 02:28:25,0.9299,11162000,0.0,-10379544,0
2018-02-16 02:30:38,0.0419,11221000,0.0,470160,1
2018-02-16 02:30:42,0.888,11218000,0.0,9961584,1
2018-02-16 02:30:58,0.7789,11206000,0.0,-8728353,0
2018-02-16 02:30:58,0.0051,11206000,0.0,-57151,0
2018-02-16 02:31:22,0.097,11189000,0.0,1085333,1
2018-02-16 02:31:23,0.0945,11189000,0.0,1057361,1
2018-02-16 02:31:29,0.0001,11186000,0.0,1119,1
2018-02-16 02:31:29,0.0629,11186000,0.0,703599,1
2018-02-16 02:31:42,0.1,11179000,0.0,1117900,1
2018-02-16 02:31:45,0.0013,11173000,0.0,14525,1
2018-02-16 02:31:51,0.2054,11174000,0.0,2295140,1
2018-02-16 02:31:55,0.1995,11170000,0.0,2228415,1
2018-02-16 02:31:55,0.0136,11170000,0.0,151912,1
2018-02-16 02:32:00,0.0097,11170000,0.0,108349,1
2018-02-16 02:32:14,0.8386,11167000,0.0,-9364646,0
2018-02-16 02:33:24,0.0119,11189000,0.0,133149,1
2018-02-16 02:33:36,0.8267,11189000,0.0,9249946,1
2018-02-16 02:34:26,0.0118,11177000,0.0,-131889,0
2018-02-16 02:34:31,0.01,11175000,0.0,-111750,0
2018-02-16 02:34:52,0.3438,11175000,0.0,-3841965,0
2018-02-16 02:36:16,0.0225,11174000,0.0,-251415,0
2018-02-16 02:36:21,0.5452,11170000,0.0,-6089884,0
2018-02-16 02:38:42,0.7437,11193000,0.0,8324234,1
2018-02-16 02:44:35,1.0,11190000,0.0,-11190000,0
2018-02-16 02:50:22,0.0965,11240000,0.0,1084660,1
2018-02-16 02:57:06,0.26887864,11229000,0.0,3019238,1
2018-02-16 02:57:07,0.3789,11229000,0.0,4254668,1
2018-02-16 02:57:07,0.1093,11229000,0.0,1227330,1
2018-02-16 02:58:07,0.015,11223000,0.0,-168345,0
2018-02-16 02:58:11,1.149,11225000,0.0,-12897525,0
2018-02-16 02:58:52,0.0045,11225000,0.0,50513,1
2018-02-16 02:59:27,0.9285,11247000,0.0,10442840,1
2018-02-16 02:59:40,0.933,11249000,0.0,-10495317,0
2018-02-16 03:00:09,0.2892,11248000,0.0,3252922,1
2018-02-16 03:08:16,0.112,11339000,0.0,1269968,1
2018-02-16 03:08:16,0.0026,11339000,0.0,29481,1
2018-02-16 03:08:17,0.10658559,11339000,0.0,1208574,1
2018-02-16 03:08:25,0.009,11338000,0.0,102042,1
2018-02-16 03:08:32,0.2327,11335000,0.0,2637655,1
2018-02-16 03:08:32,0.5383,11335000,0.0,6101631,1
2018-02-16 03:08:32,0.2096,11335000,0.0,2375816,1
2018-02-16 03:09:39,0.79894372,11319000,0.0,-9043244,0
2018-02-16 03:09:39,0.16515628,11319000,0.0,-1869404,0
2018-02-16 03:10:01,0.1862,11344000,0.0,2112253,1
2018-02-16 03:11:22,0.3585,11353000,0.0,4070051,1
2018-02-16 03:11:23,0.366,11353000,0.0,4155198,1
2018-02-16 03:11:26,0.0534,11358000,0.0,606517,1
2018-02-16 03:11:57,1.5,11320000,0.0,-16980000,0
2018-02-16 03:12:25,0.007,11336000,0.0,79352,1
2018-02-16 03:13:35,0.55603072,11325000,0.0,6297048,1
2018-02-16 03:14:52,0.7325,11336000,0.0,8303620,1
2018-02-16 03:15:18,1.2955,11324000,0.0,-14670242,0
2018-02-16 03:18:02,1.5,11300000,0.0,16950000,1
2018-02-16 03:18:36,1.5,11300000,0.0,-16950000,0
2018-02-16 03:19:16,0.4309,11309000,0.0,4873048,1
2018-02-16 03:19:17,0.2127,11309000,0.0,2405424,1
2018-02-16 03:22:36,0.4438,11321000,0.0,5024260,1
2018-02-16 03:22:36,0.102,11321000,0.0,1154742,1
2018-02-16 03:23:43,1.1894,11322000,0.0,-13466387,0
2018-02-16 03:26:44,0.8,11384000,0.0,9107200,1
2018-02-16 03:26:47,0.7,11373000,0.0,7961100,1
2018-02-16 03:27:50,0.001,11394000,0.0,-11394,0
2018-02-16 03:28:00,0.1094,11398000,0.0,-1246941,0
2018-02-16 03:28:04,0.011,11399000,0.0,-125389,0
2018-02-16 03:28:08,0.2808,11400000,0.0,-3201120,0
2018-02-16 03:28:08,0.1447,11400000,0.0,-1649580,0
2018-02-16 03:28:08,0.5,11400000,0.0,-5700000,0
2018-02-16 03:28:08,0.0332,11400000,0.0,-378480,0
2018-02-16 03:28:09,0.0797,11400000,0.0,-908580,0
2018-02-16 03:28:09,0.1,11400000,0.0,-1140000,0
2018-02-16 03:28:13,0.0524,11400000,0.0,-597360,0
2018-02-16 03:28:45,0.1878,11400000,0.0,-2140920,0
2018-02-16 03:30:33,1.2087,11390000,0.0,13767093,1
2018-02-16 03:30:38,0.2913,11375000,0.0,3313538,1
2018-02-16 03:31:08,0.39361914,11377000,0.0,-4478205,0
2018-02-16 03:31:09,0.04008086,11377000,0.0,-456000,0
2018-02-16 03:31:12,0.10905423,11378000,0.0,-1240819,0
2018-02-16 03:31:12,0.37204577,11378000,0.0,-4233137,0
2018-02-16 03:32:06,0.3658,11393000,0.0,4167559,1
2018-02-16 03:32:24,0.1144,11391000,0.0,-1303130,0
2018-02-16 03:33:02,0.3021,11383000,0.0,-3438804,0
2018-02-16 03:36:11,0.601,11302000,0.0,6792502,1
2018-02-16 03:36:12,0.0199,11301000,0.0,224890,1
2018-02-16 03:36:15,0.2822,11299000,0.0,3188578,1
2018-02-16 03:36:34,0.5338,11305000,0.0,-6034609,0
2018-02-16 03:36:47,0.0199,11320000,0.0,-225268,0
2018-02-16 03:36:47,0.4874,11320000,0.0,-5517368,0
2018-02-16 03:36:52,0.7,11321000,0.0,7924700,1
2018-02-16 03:36:53,0.0165,11321000,0.0,186797,1
2018-02-16 03:37:07,1.0,11305000,0.0,-11305000,0
2018-02-16 03:37:18,0.0468,11332000,0.0,530338,1
2018-02-16 03:38:19,0.4608,11317000,0.0,5214874,1
2018-02-16 03:40:31,0.1555,11308000,0.0,1758394,1
2018-02-16 03:40:32,0.7239,11308000,0.0,8185861,1
2018-02-16 03:40:42,1.5,11310000,0.0,-16965000,0
2018-02-16 03:42:34,0.77653158,11354000,0.0,8816740,1
2018-02-16 03:44:13,0.6643,11320000,0.0,-7519876,0
2018-02-16 03:45:54,0.0249,11281000,0.0,280897,1
2018-02-16 03:46:00,0.005,11260000,0.0,56300,1
2018-02-16 03:46:00,0.01,11260000,0.0,112600,1
2018-02-16 03:46:00,0.1297,11260000,0.0,1460422,1
2018-02-16 03:50:46,0.2627,11247000,0.0,2954587,1
2018-02-16 03:50:47,0.9555,11247000,0.0,10746509,1
2018-02-16 03:52:23,0.2607,11220000,0.0,-2925054,0
2018-02-16 03:53:53,0.299,11242000,0.0,-3361358,0
2018-02-16 03:54:12,0.9403,11250000,0.0,-10578375,0
2018-02-16 03:55:37,0.0934,11256000,0.0,1051310,1
2018-02-16 03:55:37,0.4992,11256000,0.0,5618995,1
2018-02-16 04:03:08,0.6927,11304000,0.0,7830281,1
2018-02-16 04:03:25,0.2147,11304000,0.0,2426969,1
2018-02-16 04:04:00,0.8702,11315000,0.0,-9846313,0
2018-02-16 04:09:29,0.1805,11305000,0.0,2040553,1
2018-02-16 04:10:27,0.2689,11316000,0.0,3042872,1
2018-02-16 04:10:40,0.2202,11316000,0.0,-2491783,0
2018-02-16 04:11:04,0.1247,11340000,0.0,1414098,1
2018-02-16 04:11:56,0.0135,11342000,0.0,-153117,0
2018-02-16 04:12:03,0.5298,11377000,0.0,6027535,1
2018-02-16 04:13:33,0.0495,11356000,0.0,-562122,0
2018-02-16 04:13:33,0.0495,11356000,0.0,-562122,0
2018-02-16 04:13:38,1.0251,11357000,0.0,-11642061,0
2018-02-16 04:14:30,0.6741,11364000,0.0,7660472,1
2018-02-16 04:14:30,0.45,11364000,0.0,5113800,1
2018-02-16 04:16:09,0.9662,11347000,0.0,-10963471,0
2018-02-16 04:18:27,0.9662,11340000,0.0,10956708,1
2018-02-16 04:19:09,0.6488,11348000,0.0,-7362582,0
2018-02-16 04:19:49,0.1619,11340000,0.0,1835946,1
2018-02-16 04:20:07,0.019,11325000,0.0,-215175,0
2018-02-16 04:22:14,0.6415,11345000,0.0,-7277818,0
2018-02-16 04:28:48,0.20890451,11373000,0.0,2375871,1
2018-02-16 04:29:45,0.9385,11400000,0.0,10698900,1
2018-02-16 04:30:44,0.7221,11410000,0.0,-8239161,0
2018-02-16 04:30:44,0.7219,11410000,0.0,-8236879,0
2018-02-16 04:31:06,0.001,11404000,0.0,11404,1
2018-02-16 04:31:06,0.8903,11404000,0.0,10152981,1
2018-02-16 04:31:25,0.5527,11404000,0.0,6302991,1
2018-02-16 04:32:30,0.7238,11410000,0.0,-8258558,0
2018-02-16 04:32:34,0.7762,11416000,0.0,-8861099,0
2018-02-16 04:32:40,1.5,11450000,0.0,17175000,1
2018-02-16 04:37:13,0.0069,11436000,0.0,-78908,0
2018-02-16 04:37:57,0.7732,11435000,0.0,-8841542,0
2018-02-16 04:39:53,0.7801,11430000,0.0,8916543,1
2018-02-16 04:40:49,0.0232,11427000,0.0,-265106,0
2018-02-16 04:40:53,0.9958,11424000,0.0,-11376019,0
2018-02-16 04:40:53,0.4809,11425000,0.0,-5494283,0
2018-02-16 04:48:29,0.5441,11433000,0.0,6220695,1
2018-02-16 04:48:55,0.0166,11428000,0.0,189705,1
2018-02-16 04:49:08,0.1353,11449000,0.0,1549050,1
2018-02-16 04:49:19,0.1549,11449000,0.0,1773450,1
2018-02-16 04:50:24,0.2211,11436000,0.0,-2528500,0
2018-02-16 04:52:38,0.2318,11444000,0.0,2652719,1
2018-02-16 04:52:38,0.0527,11443000,0.0,603046,1
2018-02-16 04:52:39,0.5856,11443000,0.0,6701021,1
2018-02-16 04:53:06,0.1486,11441000,0.0,-1700133,0
2018-02-16 04:53:15,0.1518,11439000,0.0,-1736440,0
2018-02-16 04:53:32,0.07367463,11439000,0.0,-842764,0
2018-02-16 04:53:32,0.19892537,11439000,0.0,-2275507,0
2018-02-16 04:53:37,0.2085,11440000,0.0,-2385240,0
2018-02-16 04:54:14,0.7815,11422000,0.0,8926293,1
2018-02-16 04:54:43,1.5,11422000,0.0,-17133000,0
2018-02-16 04:56:09,1.2221,11420000,0.0,13956382,1
2018-02-16 04:56:28,0.799,11402000,0.0,-9110198,0
2018-02-16 04:57:59,1.0769,11417000,0.0,12294967,1
2018-02-16 04:58:52,1.5,11400000,0.0,-17100000,0
2018-02-16 05:08:48,0.5322,11431000,0.0,6083578,1
2018-02-16 05:12:13,0.0817,11439000,0.0,934566,1
2018-02-16 05:12:13,0.5383,11441000,0.0,6158690,1
2018-02-16 05:12:29,0.3478,11432000,0.0,3976050,1
2018-02-16 05:16:41,0.0251,11431000,0.0,-286918,0
2018-02-16 05:17:33,0.2481,11436000,0.0,-2837272,0
2018-02-16 05:18:48,0.02305487,11432000,0.0,263563,1
2018-02-16 05:19:34,0.3855,11420000,0.0,-4402410,0
2018-02-16 05:20:07,0.22308173,11439000,0.0,2551832,1
2018-02-16 05:20:14,0.1191,11418000,0.0,-1359884,0
2018-02-16 05:20:29,0.0112,11429000,0.0,-128005,0
2018-02-16 05:20:59,0.025,11424000,0.0,-285600,0
2018-02-16 05:22:09,0.05,11402000,0.0,570100,1
2018-02-16 05:22:10,0.0324,11402000,0.0,369425,1
2018-02-16 05:22:29,0.4854,11395000,0.0,5531133,1
2018-02-16 05:22:55,0.1605,11395000,0.0,-1828898,0
2018-02-16 05:22:58,0.4431,11419000,0.0,-5059759,0
2018-02-16 05:26:52,0.8964,11372000,0.0,-10193861,0
2018-02-16 05:28:16,0.3,11378000,0.0,3413400,1
2018-02-16 05:29:00,0.1091,11397000,0.0,1243413,1
2018-02-16 05:29:01,0.0157,11396000,0.0,178917,1
2018-02-16 05:30:47,0.0801,11358000,0.0,909776,1
2018-02-16 05:30:47,0.7076,11357000,0.0,8036213,1
2018-02-16 05:30:47,0.168,11357000,0.0,1907976,1
2018-02-16 05:30:47,0.1195,11357000,0.0,1357162,1
2018-02-16 05:31:10,0.19395668,11356000,0.0,-2202572,0
2018-02-16 05:31:25,0.0289,11356000,0.0,-328188,0
2018-02-16 05:32:00,0.0551,11355000,0.0,-625661,0
2018-02-16 05:32:29,0.8773,11364000,0.0,-9969637,0
2018-02-16 05:35:52,0.4,11329000,0.0,4531600,1
2018-02-16 05:35:53,0.1064,11329000,0.0,1205406,1
2018-02-16 05:36:02,0.3563,11329000,0.0,4036523,1
2018-02-16 05:36:02,0.009,11329000,0.0,101961,1
2018-02-16 05:36:10,0.001,11328000,0.0,11328,1
2018-02-16 05:36:10,0.2826,11328000,0.0,3201293,1
2018-02-16 05:37:50,0.1923,11341000,0.0,-2180874,0
2018-02-16 05:38:33,1.3077,11334000,0.0,-14821472,0
2018-02-16 05:42:56,1.5,11360000,0.0,17040000,1
2018-02-16 05:43:29,0.1474,11343000,0.0,-1671958,0
2018-02-16 05:43:37,0.1615,11359000,0.0,-1834479,0
2018-02-16 05:43:47,0.218,11348000,0.0,-2473864,0
2018-02-16 05:43:51,0.9731,11330000,0.0,-11025223,0
2018-02-16 05:44:55,0.0114,11364000,0.0,129550,1
2018-02-16 05:44:55,0.8,11365000,0.0,9092000,1
2018-02-16 05:46:09,0.6886,11368000,0.0,7828005,1
2018-02-16 05:48:24,0.00944392,11405000,0.0,-107708,0
2018-02-16 05:48:24,0.0087,11405000,0.0,-99224,0
2018-02-16 05:48:24,0.00095608,11405000,0.0,-10904,0
2018-02-16 05:49:14,0.0254,11395000,0.0,-289433,0
2018-02-16 05:49:18,0.0033,11409000,0.0,-37650,0
2018-02-16 05:53:22,1.4522,11430000,0.0,-16598646,0
2018-02-16 05:57:05,0.23940395,11431000,0.0,2736627,1
2018-02-16 05:57:11,0.5,11432000,0.0,5716000,1
2018-02-16 05:57:50,0.14774215,11437000,0.0,1689727,1
2018-02-16 05:58:24,0.8438,11418000,0.0,-9634508,0
2018-02-16 06:02:01,0.2688,11414000,0.0,3068083,1
2018-02-16 06:05:47,0.0811,11387000,0.0,923486,1
2018-02-16 06:14:11,1.0451,11409000,0.0,11923546,1
2018-02-16 06:14:11,0.0616,11409000,0.0,702794,1
2018-02-16 06:14:45,0.2278,11404000,0.0,-2597831,0
2018-02-16 06:15:23,0.4119,11420000,0.0,-4703898,0
2018-02-16 06:16:42,0.8603,11420000,0.0,-9824626,0
2018-02-16 06:18:58,0.0747,11407000,0.0,852103,1
2018-02-16 06:19:25,0.7994,11400000,0.0,9113160,1
2018-02-16 06:19:26,0.01,11400000,0.0,114000,1
2018-02-16 06:19:26,0.4965,11400000,0.0,5660100,1
2018-02-16 06:19:26,0.1194,11400000,0.0,1361160,1
2018-02-16 06:20:00,0.5951,11385000,0.0,-6775214,0
2018-02-16 06:20:18,0.1345,11392000,0.0,-1532224,0
2018-02-16 06:21:07,0.0175,11380000,0.0,-199150,0
2018-02-16 06:22:53,0.1256,11392000,0.0,-1430835,0
2018-02-16 06:23:03,0.0521,11390000,0.0,593419,1
2018-02-16 06:23:18,0.117,11381000,0.0,1331577,1
2018-02-16 06:23:22,0.7036,11381000,0.0,8007672,1
2018-02-16 06:24:48,0.699,11372000,0.0,-7949028,0
2018-02-16 06:24:51,0.4449,11371000,0.0,-5058958,0
2018-02-16 06:25:02,0.1165,11372000,0.0,1324838,1
2018-02-16 06:28:59,0.11105471,11370000,0.0,1262692,1
2018-02-16 06:32:49,0.4631,11332000,0.0,5247849,1
2018-02-16 06:33:13,0.0892,11330000,0.0,-1010636,0
2018-02-16 06:33:18,0.001,11331000,0.0,11331,1
2018-02-16 06:33:18,0.0017,11331000,0.0,19263,1
2018-02-16 06:34:02,0.0021,11313000,0.0,-23757,0
2018-02-16 06:34:22,0.49,11315000,0.0,-5544350,0
2018-02-16 06:42:56,0.08590287,11292000,0.0,970015,1
2018-02-16 06:43:02,0.4,11291000,0.0,4516400,1
2018-02-16 06:43:03,0.0749,11291000,0.0,845696,1
2018-02-16 06:43:12,0.016,11284000,0.0,180544,1
2018-02-16 06:43:15,0.2,11285000,0.0,2257000,1
2018-02-16 06:43:16,0.0178,11285000,0.0,200873,1
2018-02-16 06:43:24,0.0742,11285000,0.0,837347,1
2018-02-16 06:43:28,0.65,11260000,0.0,-7319000,0
2018-02-16 06:43:32,0.0574,11291000,0.0,648103,1
2018-02-16 06:48:48,0.7,11243000,0.0,7870100,1
2018-02-16 06:48:49,0.0557,11243000,0.0,626235,1
2018-02-16 06:49:01,0.283,11250000,0.0,-3183750,0
2018-02-16 06:49:10,0.1037,11249000,0.0,-1166521,0
2018-02-16 06:49:39,0.0044,11252000,0.0,49509,1
2018-02-16 06:49:47,0.274,11253000,0.0,3083322,1
2018-02-16 06:49:51,0.1108,11247000,0.0,-1246168,0
2018-02-16 06:49:55,0.01,11252000,0.0,-112520,0
2018-02-16 06:50:01,0.6899,11252000,0.0,-7762755,0
2018-02-16 06:50:38,0.1401,11273000,0.0,1579347,1
2018-02-16 06:50:57,0.1935,11274000,0.0,2181519,1
2018-02-16 06:51:09,0.0001,11273000,0.0,1127,1
2018-02-16 06:51:18,0.1671,11276000,0.0,1884220,1
2018-02-16 06:51:42,0.0001,11296000,0.0,1130,1
2018-02-16 06:52:10,0.2398,11276000,0.0,-2703985,0
2018-02-16 06:52:32,0.5684,11278000,0.0,6410415,1
2018-02-16 06:52:32,0.0378,11278000,0.0,426308,1
2018-02-16 06:54:23,1.4483,11299000,0.0,-16364342,0
2018-02-16 07:03:27,0.3952,11298000,0.0,4464970,1
2018-02-16 07:03:34,0.9548,11295000,0.0,10784466,1
2018-02-16 07:03:34,0.15,11295000,0.0,1694250,1
2018-02-16 07:04:14,0.2796,11298000,0.0,-3158921,0
2018-02-16 07:04:20,0.1381,11301000,0.0,-1560668,0
2018-02-16 07:04:34,0.0003625,11300000,0.0,4096,1
2018-02-16 07:05:18,0.40979995,11305000,0.0,4632788,1
2018-02-16 07:06:31,0.0075,11299000,0.0,84743,1
2018-02-16 07:09:22,0.1,11295000,0.0,-1129500,0
2018-02-16 07:10:11,0.173,11297000,0.0,-1954381,0
2018-02-16 07:10:58,0.8193,11301000,0.0,-9258909,0
2018-02-16 07:12:53,0.0266,11330000,0.0,301378,1
2018-02-16 07:12:54,1.0002,11330000,0.0,11332266,1
2018-02-16 07:13:41,0.0936,11336000,0.0,-1061050,0
2018-02-16 07:13:44,0.0166,11345000,0.0,188327,1
2018-02-16 07:13:45,0.044,11345000,0.0,499180,1
2018-02-16 07:14:20,0.9925,11345000,0.0,-11259913,0
2018-02-16 07:27:47,1.091,11325000,0.0,12355575,1
2018-02-16 07:27:56,0.893,11325000,0.0,-10113225,0
2018-02-16 07:29:52,0.02967999,11323000,0.0,336067,1
2018-02-16 07:30:29,0.8326,11322000,0.0,9426697,1
2018-02-16 07:30:29,0.0307,11322000,0.0,347585,1
2018-02-16 07:31:15,0.0117,11314000,0.0,-132374,0
2018-02-16 07:31:20,0.0179,11315000,0.0,-202539,0
2018-02-16 07:31:27,0.3726,11312000,0.0,-4214851,0
2018-02-16 07:31:32,0.1702,11313000,0.0,-1925473,0
2018-02-16 07:33:11,0.058,11316000,0.0,-656328,0
2018-02-16 07:33:17,0.01995922,11318000,0.0,-225898,0
2018-02-16 07:33:17,0.03424078,11318000,0.0,-387537,0
2018-02-16 07:34:22,0.099,11319000,0.0,-1120581,0
2018-02-16 07:40:50,0.2798,11371000,0.0,3181606,1
2018-02-16 07:40:54,0.5038,11354000,0.0,5720145,1
2018-02-16 07:41:56,0.1233,11357000,0.0,-1400318,0
2018-02-16 07:42:08,0.4905,11357000,0.0,-5570609,0
2018-02-16 07:42:29,0.4841,11367000,0.0,-5502765,0
2018-02-16 07:44:07,1.0979,11392000,0.0,12507277,1
2018-02-16 07:44:11,0.0047,11377000,0.0,-53472,0
2018-02-16 07:44:28,0.4932,11381000,0.0,-5613109,0
2018-02-16 07:44:32,1.0021,11385000,0.0,-11408909,0
2018-02-16 07:45:58,1.5,11395000,0.0,17092500,1
2018-02-16 07:46:57,0.007,11399000,0.0,-79793,0
2018-02-16 07:47:06,0.0027,11400000,0.0,30780,1
2018-02-16 07:47:57,0.3363,11397000,0.0,-3832811,0
2018-02-16 07:48:39,0.3406,11398000,0.0,3882159,1
2018-02-16 07:49:25,1.5,11389000,0.0,-17083500,0
2018-02-16 07:51:45,0.51339645,11420000,0.0,5862987,1
2018-02-16 07:51:45,0.98660355,11420000,0.0,11267013,1
2018-02-16 07:53:13,0.9493,11420000,0.0,-10841006,0
2018-02-16 07:55:41,0.9493,11430000,0.0,10850499,1
2018-02-16 07:55:59,1.5,11408000,0.0,-17112000,0
2018-02-16 07:58:10,0.8386,11400000,0.0,9560040,1
2018-02-16 07:58:10,0.126,11400000,0.0,1436400,1
2018-02-16 07:58:11,0.3,11400000,0.0,3420000,1
2018-02-16 07:58:11,0.2354,11400000,0.0,2683560,1
2018-02-16 08:00:04,0.099,11404000,0.0,-1128996,0
2018-02-16 08:00:08,0.7372,11404000,0.0,-8407029,0
2018-02-16 08:02:48,0.8362,11380000,0.0,9515956,1
2018-02-16 08:03:58,0.26452412,11401000,0.0,-3015839,0
2018-02-16 08:03:58,0.0045,11401000,0.0,-51305,0
2018-02-16 08:03:58,0.44087588,11401000,0.0,-5026426,0
2018-02-16 08:04:06,0.7901,11402000,0.0,-9008720,0
2018-02-16 08:13:47,0.2426,11445000,0.0,2776557,1
2018-02-16 08:13:52,0.0414,11444000,0.0,473782,1
2018-02-16 08:13:52,1.216,11444000,0.0,13915904,1
2018-02-16 08:16:04,0.3937,11440000,0.0,-4503928,0
2018-02-16 08:17:51,0.4133,11439000,0.0,-4727739,0
2018-02-16 08:21:04,0.6707,11419000,0.0,7658723,1
2018-02-16 08:22:17,0.031,11408000,0.0,-353648,0
2018-02-16 08:23:03,0.4436,11422000,0.0,-5066799,0
2018-02-16 08:23:13,0.2168,11423000,0.0,-2476506,0
2018-02-16 08:23:13,0.199,11422000,0.0,-2272978,0
2018-02-16 08:24:19,0.00151132,11410000,0.0,17244,1
2018-02-16 08:24:20,0.2456,11410000,0.0,2802296,1
2018-02-16 08:24:32,0.1,11405000,0.0,1140500,1
2018-02-16 08:24:32,0.0909,11405000,0.0,1036715,1
2018-02-16 08:24:54,0.0355,11409000,0.0,405020,1
2018-02-16 08:25:59,0.0061,11406000,0.0,69577,1
2018-02-16 08:26:26,0.0099,11383000,0.0,-112692,0
2018-02-16 08:26:45,0.0453,11384000,0.0,-515695,0
2018-02-16 08:27:22,0.8977,11400000,0.0,-10233780,0
2018-02-16 08:47:40,0.2759,11435000,0.0,3154917,1
2018-02-16 08:54:05,1.2241,11400000,0.0,13954740,1
2018-02-16 08:54:41,0.3839,11398000,0.0,-4375692,0
2018-02-16 08:54:47,0.186,11398000,0.0,-2120028,0
2018-02-16 08:54:52,0.89,11401000,0.0,-10146890,0
2018-02-16 08:54:52,0.0001,11401000,0.0,-1140,0
2018-02-16 08:56:38,0.0283,11390000,0.0,322337,1
2018-02-16 08:59:18,0.0309,11382000,0.0,351704,1
2018-02-16 08:59:55,0.2765,11371000,0.0,3144082,1
2018-02-16 09:00:13,0.0146,11369000,0.0,165987,1
2018-02-16 09:00:17,0.074,11366000,0.0,841084,1
2018-02-16 09:00:52,0.0001,11395000,0.0,1140,1
2018-02-16 09:01:25,1.0356,11400000,0.0,11805840,1
2018-02-16 09:02:53,0.175,11412000,0.0,-1997100,0
2018-02-16 09:03:08,0.1586,11385000,0.0,1805661,1
2018-02-16 09:03:52,0.0164,11409000,0.0,187108,1
2018-02-16 09:04:34,0.0269,11401000,0.0,-306687,0
2018-02-16 09:04:34,0.4684,11401000,0.0,-5340228,0
2018-02-16 09:04:42,0.6877,11397000,0.0,-7837717,0
2018-02-16 09:04:46,0.4194,11410000,0.0,4785354,1
2018-02-16 09:04:46,0.7636,11411000,0.0,8713440,1
2018-02-16 09:06:42,0.0493,11408000,0.0,-562414,0
2018-02-16 09:06:53,0.0493,11395000,0.0,561774,1
2018-02-16 09:07:35,0.01,11389000,0.0,-113890,0
2018-02-16 09:07:42,0.01,11392000,0.0,113920,1
2018-02-16 09:10:04,0.19310006,11417000,0.0,-2204623,0
2018-02-16 09:10:04,0.0034,11417000,0.0,-38818,0
2018-02-16 09:10:05,0.01639994,11417000,0.0,-187238,0
2018-02-16 09:11:16,0.2129,11410000,0.0,2429189,1
2018-02-16 09:12:28,1.5,11415000,0.0,-17122500,0
2018-02-16 09:16:42,0.2011,11419000,0.0,2296361,1
2018-02-16 09:16:42,1.0311,11419000,0.0,11774131,1
2018-02-16 09:16:48,0.2353,11420000,0.0,2687126,1
2018-02-16 09:17:51,0.0516,11419000,0.0,-589220,0
2018-02-16 09:18:18,0.0841,11423000,0.0,960674,1
2018-02-16 09:18:46,0.199,11435000,0.0,-2275565,0
2018-02-16 09:18:49,0.0172,11436000,0.0,-196699,0
2018-02-16 09:19:57,0.0387,11437000,0.0,-442612,0
2018-02-16 09:19:57,0.0204,11437000,0.0,-233315,0
2018-02-16 09:20:09,0.099,11439000,0.0,-1132461,0
2018-02-16 09:20:09,0.4878,11439000,0.0,-5579944,0
2018-02-16 09:20:10,0.0056,11439000,0.0,-64058,0
2018-02-16 09:20:10,0.01,11439000,0.0,-114390,0
2018-02-16 09:23:51,0.8777,11450000,0.0,10049665,1
2018-02-16 09:25:46,0.006,11462000,0.0,-68772,0
2018-02-16 09:25:46,0.004,11462000,0.0,-45848,0
2018-02-16 09:25:46,0.12422005,11462000,0.0,-1423810,0
2018-02-16 09:25:46,0.00297995,11462000,0.0,-34156,0
2018-02-16 09:25:46,0.02,11462000,0.0,-229240,0
2018-02-16 09:25:56,0.701,11464000,0.0,-8036264,0
2018-02-16 09:29:50,0.1322,11460000,0.0,1515012,1
2018-02-16 09:29:50,0.3245,11461000,0.0,3719095,1
2018-02-16 09:29:51,0.30499241,11460000,0.0,3495213,1
2018-02-16 09:30:12,0.1916,11468000,0.0,-2197269,0
2018-02-16 09:30:35,0.025,11472000,0.0,-286800,0
2018-02-16 09:30:39,1.1869,11472000,0.0,-13616117,0
2018-02-16 09:32:19,0.9216,11490000,0.0,10589184,1
2018-02-16 09:32:19,0.5784,11490000,0.0,6645816,1
2018-02-16 09:34:43,0.0255,11500000,0.0,-293250,0
2018-02-16 09:34:43,0.001,11500000,0.0,-11500,0
2018-02-16 09:34:43,0.05956739,11500000,0.0,-685025,0
2018-02-16 09:34:43,0.5419,11500000,0.0,-6231850,0
2018-02-16 09:34:43,0.0009,11500000,0.0,-10350,0
2018-02-16 09:34:43,0.005,11500000,0.0,-57500,0
2018-02-16 09:34:43,0.0071,11500000,0.0,-81650,0
2018-02-16 09:34:43,0.2,11500000,0.0,-2300000,0
2018-02-16 09:34:43,0.066,11500000,0.0,-759000,0
2018-02-16 09:34:43,0.018,11500000,0.0,-207000,0
2018-02-16 09:34:43,0.0001,11500000,0.0,-1150,0
2018-02-16 09:34:44,0.005,11500000,0.0,-57500,0
2018-02-16 09:34:44,0.03,11500000,0.0,-345000,0
2018-02-16 09:34:44,0.24303261,11500000,0.0,-2794875,0
2018-02-16 09:34:44,0.1,11500000,0.0,-1150000,0
2018-02-16 09:34:44,0.01,11500000,0.0,-115000,0
2018-02-16 09:34:44,0.0291,11500000,0.0,-334650,0
2018-02-16 09:34:44,0.0576,11500000,0.0,-662400,0
2018-02-16 09:34:44,0.098,11500000,0.0,-1127000,0
2018-02-16 09:34:44,0.0022,11500000,0.0,-25300,0
2018-02-16 09:35:25,0.2584,11509000,0.0,2973926,1
2018-02-16 09:35:26,0.05156982,11509000,0.0,593517,1
2018-02-16 09:36:37,0.0157,11490000,0.0,180393,1
2018-02-16 09:36:37,0.0391,11490000,0.0,449259,1
2018-02-16 09:36:37,0.3395,11490000,0.0,3900855,1
2018-02-16 09:36:37,0.0796,11490000,0.0,914604,1
2018-02-16 09:36:58,0.0398,11483000,0.0,-457023,0
2018-02-16 09:39:20,0.2939,11500000,0.0,3379850,1
2018-02-16 09:39:20,0.0869,11500000,0.0,999350,1
2018-02-16 09:39:20,0.005,11500000,0.0,57500,1
2018-02-16 09:39:24,0.071,11499000,0.0,816429,1
2018-02-16 09:39:24,0.1068,11499000,0.0,1228093,1
2018-02-16 09:39:24,0.0209,11499000,0.0,240329,1
2018-02-16 09:39:25,0.0012,11499000,0.0,13799,1
2018-02-16 09:39:25,0.1703,11499000,0.0,1958280,1
2018-02-16 09:40:11,1.5,11487000,0.0,-17230500,0
2018-02-16 09:41:12,0.9601,11500000,0.0,11041150,1
2018-02-16 09:42:25,0.39893316,11498000,0.0,-4586933,0
2018-02-16 09:42:25,0.07126684,11498000,0.0,-819426,0
2018-02-16 09:46:25,0.1612,11522000,0.0,1857346,1
2018-02-16 09:46:25,0.1242,11522000,0.0,1431032,1
2018-02-16 09:46:33,0.7247,11533000,0.0,8357965,1
2018-02-16 09:49:27,0.4776,11579000,0.0,-5530130,0
2018-02-16 09:49:27,0.75,11579000,0.0,-8684250,0
2018-02-16 09:49:33,0.0308,11594000,0.0,357095,1
2018-02-16 09:49:38,0.8979,11593000,0.0,10409355,1
2018-02-16 09:49:55,0.2989,11579000,0.0,3460963,1
2018-02-16 09:54:08,0.0139,11614000,0.0,-161435,0
2018-02-16 09:54:18,0.0688,11621000,0.0,-799525,0
2018-02-16 09:54:24,0.544,11623000,0.0,-6322912,0
2018-02-16 09:54:37,0.1987,11621000,0.0,-2309093,0
2018-02-16 09:56:17,0.8254,11635000,0.0,9603529,1
2018-02-16 09:56:30,0.9944,11621000,0.0,-11555922,0
2018-02-16 09:56:30,0.5056,11623000,0.0,-5876589,0
2018-02-16 09:56:45,0.0239,11636000,0.0,278100,1
2018-02-16 09:56:50,0.146,11636000,0.0,1698856,1
2018-02-16 09:56:50,0.0203,11636000,0.0,236211,1
2018-02-16 09:56:51,1.3098,11636000,0.0,15240833,1
2018-02-16 09:57:25,0.1272,11645000,0.0,-1481244,0
2018-02-16 09:57:31,0.08545708,11650000,0.0,-995575,0
2018-02-16 09:57:31,0.9764,11650000,0.0,-11375060,0
2018-02-16 09:57:31,0.0039,11650000,0.0,-45435,0
2018-02-16 09:57:31,0.16864292,11650000,0.0,-1964690,0
2018-02-16 09:58:01,1.3616,11650000,0.0,15862640,1
2018-02-16 09:58:54,0.32671782,11638000,0.0,-3802342,0
2018-02-16 09:59:33,0.6123,11639000,0.0,-7126560,0
2018-02-16 10:00:14,0.3822,11658000,0.0,4455688,1
2018-02-16 10:00:22,0.9334,11650000,0.0,-10874110,0
2018-02-16 10:01:47,1.265,11678000,0.0,14772670,1
2018-02-16 10:02:00,0.2252,11681000,0.0,2630561,1
2018-02-16 10:02:44,0.7988958,11670000,0.0,-9323114,0
2018-02-16 10:03:31,0.0498,11670000,0.0,581166,1
2018-02-16 10:03:32,0.0004,11670000,0.0,4668,1
2018-02-16 10:03:35,0.0876,11666000,0.0,1021942,1
2018-02-16 10:03:36,0.2,11666000,0.0,2333200,1
2018-02-16 10:04:20,0.7108,11616000,0.0,-8256653,0
2018-02-16 10:04:54,0.3243,11638000,0.0,3774203,1
2018-02-16 10:11:25,0.79361788,11622000,0.0,9223427,1
2018-02-16 10:11:57,1.446,11619000,0.0,-16801074,0
2018-02-16 10:14:39,0.7,11625000,0.0,8137500,1
2018-02-16 10:16:04,0.2845,11601000,0.0,3300485,1
2018-02-16 10:16:05,0.5155,11601000,0.0,5980316,1
2018-02-16 10:17:11,0.4445,11584000,0.0,-5149088,0
2018-02-16 10:17:18,0.0331,11587000,0.0,-383530,0
2018-02-16 10:17:18,0.1302,11587000,0.0,-1508627,0
2018-02-16 10:17:22,0.4491,11586000,0.0,-5203273,0
2018-02-16 10:17:22,0.0088,11586000,0.0,-101957,0
2018-02-16 10:17:48,0.955,11600000,0.0,11078000,1
2018-02-16 10:17:54,0.1107,11601000,0.0,1284231,1
2018-02-16 10:18:16,0.0022,11592000,0.0,-25502,0
2018-02-16 10:19:00,0.0022,11595000,0.0,25509,1
2018-02-16 10:19:35,0.4951,11590000,0.0,-5738209,0
2018-02-16 10:19:45,0.3852,11590000,0.0,-4464468,0
2018-02-16 10:21:08,0.1587,11578000,0.0,1837429,1
2018-02-16 10:21:08,0.7216,11578000,0.0,8354685,1
2018-02-16 10:21:50,1.5,11552000,0.0,-17328000,0
2018-02-16 10:22:20,0.0123,11575000,0.0,142373,1
2018-02-16 10:22:22,0.6104,11575000,0.0,7065380,1
2018-02-16 10:22:52,0.0156,11550000,0.0,180180,1
2018-02-16 10:22:52,0.35622074,11550000,0.0,4114350,1
2018-02-16 10:22:55,0.0272,11551000,0.0,314187,1
2018-02-16 10:22:56,0.00260246,11551000,0.0,30061,1
2018-02-16 10:23:03,0.35893802,11553000,0.0,-4146811,0
2018-02-16 10:23:03,0.03786198,11553000,0.0,-437419,0
2018-02-16 10:24:18,0.07,11545000,0.0,808150,1
2018-02-16 10:24:18,0.7614,11547000,0.0,8791886,1
2018-02-16 10:24:19,0.0156,11545000,0.0,180102,1
2018-02-16 10:24:24,0.0155,11545000,0.0,178948,1
2018-02-16 10:24:42,1.4901,11545000,0.0,-17203205,0
2018-02-16 10:25:25,0.1074,11560000,0.0,1241544,1
2018-02-16 10:26:56,1.3926,11609000,0.0,16166693,1
2018-02-16 10:27:19,0.092,11585000,0.0,-1065820,0
2018-02-16 10:27:20,0.368,11585000,0.0,-4263280,0
2018-02-16 10:27:35,0.0117,11599000,0.0,135708,1
2018-02-16 10:27:46,0.164,11592000,0.0,-1901088,0
2018-02-16 10:28:18,0.8877,11608000,0.0,-10304422,0
2018-02-16 10:36:46,0.0009,11628000,0.0,10465,1
2018-02-16 10:38:52,0.4079,11653000,0.0,4753259,1
2018-02-16 10:39:13,0.1279,11672000,0.0,1492849,1
2018-02-16 10:39:13,0.4034,11672000,0.0,4708485,1
2018-02-16 10:39:17,0.003,11670000,0.0,-35010,0
2018-02-16 10:39:38,0.5629,11695000,0.0,6583116,1
2018-02-16 10:41:48,0.2934,11677000,0.0,-3426032,0
2018-02-16 10:41:57,0.0004,11670000,0.0,4668,1
2018-02-16 10:41:57,0.2684,11670000,0.0,3132228,1
2018-02-16 10:41:57,0.0246,11670000,0.0,287082,1
2018-02-16 10:42:33,0.69192474,11683000,0.0,-8083757,0
2018-02-16 10:42:33,0.00997526,11683000,0.0,-116541,0
2018-02-16 10:42:37,0.6302,11684000,0.0,-7363257,0
2018-02-16 10:44:30,0.4133,11698000,0.0,4834783,1
2018-02-16 10:45:24,0.0001,11690000,0.0,1169,1
2018-02-16 10:45:34,0.9187,11685000,0.0,10735010,1
2018-02-16 10:46:07,0.0596,11685000,0.0,-696426,0
2018-02-16 10:46:27,0.0596,11694000,0.0,696962,1
2018-02-16 10:47:45,0.2003,11690000,0.0,-2341507,0
2018-02-16 10:47:45,0.0022,11690000,0.0,-25718,0
2018-02-16 10:47:51,0.0166,11690000,0.0,194054,1
2018-02-16 10:48:19,0.0383,11685000,0.0,447536,1
2018-02-16 10:48:27,0.0466,11683000,0.0,544428,1
2018-02-16 10:48:35,0.101,11678000,0.0,1179478,1
2018-02-16 10:50:22,0.00643228,11660000,0.0,-75000,0
2018-02-16 10:51:15,0.3885721,11657000,0.0,-4529585,0
2018-02-16 10:51:32,0.09731457,11670000,0.0,1135661,1
2018-02-16 10:51:41,0.015,11670000,0.0,-175050,0
2018-02-16 10:52:08,0.7592,11668000,0.0,-8858346,0
2018-02-16 10:52:28,0.0684,11676000,0.0,798638,1
2018-02-16 10:52:36,0.2968,11657000,0.0,3459798,1
2018-02-16 10:52:36,0.6152,11657000,0.0,7171386,1
2018-02-16 10:52:37,0.0915,11657000,0.0,1066616,1
2018-02-16 10:53:17,1.5,11653000,0.0,-17479500,0
2018-02-16 10:53:22,0.0216,11668000,0.0,252029,1
2018-02-16 10:54:30,0.0827,11674000,0.0,965440,1
2018-02-16 10:54:33,1.3957,11679000,0.0,16300380,1
2018-02-16 10:54:55,0.2487,11679000,0.0,-2904567,0
2018-02-16 10:55:05,0.006,11679000,0.0,70074,1
2018-02-16 10:55:30,0.0023,11676000,0.0,-26855,0
2018-02-16 10:55:34,0.3634469,11675000,0.0,-4243243,0
2018-02-16 10:55:38,0.3066,11683000,0.0,-3582008,0
2018-02-16 11:00:58,0.021,11698000,0.0,245658,1
2018-02-16 11:01:58,0.2109,11703000,0.0,2468163,1
2018-02-16 11:02:08,0.0881,11702000,0.0,-1030946,0
2018-02-16 11:04:36,0.0386,11701000,0.0,451659,1
2018-02-16 11:04:37,0.155,11701000,0.0,1813655,1
2018-02-16 11:05:20,0.05953099,11700000,0.0,-696513,0
2018-02-16 11:05:20,0.00046901,11700000,0.0,-5487,0
2018-02-16 11:05:49,0.6377,11700000,0.0,7461090,1
2018-02-16 11:09:03,0.1827,11705000,0.0,-2138504,0
2018-02-16 11:10:02,0.0134,11701000,0.0,-156793,0
2018-02-16 11:10:39,0.1961,11697000,0.0,2293782,1
2018-02-16 11:12:53,0.19961393,11699000,0.0,-2335283,0
2018-02-16 11:12:53,0.42708607,11699000,0.0,-4996480,0
2018-02-16 11:12:58,0.0824,11700000,0.0,-964080,0
2018-02-16 11:12:58,0.0587465,11700000,0.0,-687334,0
2018-02-16 11:12:58,0.7321535,11700000,0.0,-8566196,0
2018-02-16 11:14:10,0.4699531,11708000,0.0,5502211,1
2018-02-16 11:14:10,0.1515,11708000,0.0,1773762,1
2018-02-16 11:14:17,0.8608,11697000,0.0,10068778,1
2018-02-16 11:14:18,0.0177,11697000,0.0,207037,1
2018-02-16 11:14:47,0.3482,11712000,0.0,-4078118,0
2018-02-16 11:15:18,0.3482,11710000,0.0,4077422,1
2018-02-16 11:16:18,1.5,11690000,0.0,-17535000,0
2018-02-16 11:20:17,1.5,11679000,0.0,17518500,1
2018-02-16 11:21:05,0.083,11664000,0.0,-968112,0
2018-02-16 11:21:21,0.0464,11657000,0.0,540885,1
2018-02-16 11:21:21,0.0366,11656000,0.0,426610,1
2018-02-16 11:23:00,0.5896,11653000,0.0,-6870609,0
2018-02-16 11:23:15,0.05,11638000,0.0,-581900,0
2018-02-16 11:23:29,0.6637,11638000,0.0,-7724141,0
2018-02-16 11:28:15,0.02160181,11625000,0.0,251121,1
2018-02-16 11:29:08,0.0146,11627000,0.0,169754,1
2018-02-16 11:29:27,0.2473,11613000,0.0,2871895,1
2018-02-16 11:30:34,0.0575,11633000,0.0,668898,1
2018-02-16 11:31:03,0.03,11642000,0.0,349260,1
2018-02-16 11:31:52,0.1369,11634000,0.0,1592695,1
2018-02-16 11:33:37,0.434,11634000,0.0,5049156,1
2018-02-16 11:33:54,0.3614,11634000,0.0,4204528,1
2018-02-16 11:34:47,0.5959,11632000,0.0,-6931509,0
2018-02-16 11:34:50,0.9041,11633000,0.0,-10517395,0
2018-02-16 11:39:12,0.003,11634000,0.0,34902,1
2018-02-16 11:39:12,0.0101,11634000,0.0,117503,1
2018-02-16 11:39:12,0.1626,11634000,0.0,1891688,1
2018-02-16 11:40:23,1.3243,11632000,0.0,15404258,1
2018-02-16 11:41:08,0.142,11625000,0.0,-1650750,0
2018-02-16 11:41:56,0.0121,11632000,0.0,-140747,0
2018-02-16 11:42:00,0.0094,11634000,0.0,-109360,0
2018-02-16 11:42:47,0.3713,11628000,0.0,-4317476,0
2018-02-16 11:43:04,0.0459,11633000,0.0,-533955,0
2018-02-16 11:43:47,0.0135,11635000,0.0,157073,1
2018-02-16 11:43:53,0.0195,11631000,0.0,226805,1
2018-02-16 11:44:11,0.499,11633000,0.0,-5804867,0
2018-02-16 11:45:29,0.19999645,11631000,0.0,2326159,1
2018-02-16 11:47:19,0.6759,11631000,0.0,7861393,1
2018-02-16 11:48:35,0.1708,11622000,0.0,1985038,1
2018-02-16 11:50:09,1.2511,11590000,0.0,-14500249,0
2018-02-16 11:50:31,0.0509,11591000,0.0,589982,1
2018-02-16 11:50:41,1.2002,11580000,0.0,13898316,1
2018-02-16 11:52:58,0.3016,11574000,0.0,-3490718,0
2018-02-16 11:53:25,0.3016,11573000,0.0,3490417,1
2018-02-16 11:54:40,0.5374,11579000,0.0,-6222555,0
2018-02-16 11:56:04,0.4374,11571000,0.0,5061155,1
2018-02-16 11:56:04,0.1,11575000,0.0,1157500,1
2018-02-16 11:58:04,0.1354,11569000,0.0,-1566443,0
2018-02-16 11:58:19,0.39902636,11583000,0.0,-4621922,0
2018-02-16 11:58:19,0.94717364,11583000,0.0,-10971112,0
2018-02-16 11:59:54,0.0659,11583000,0.0,763320,1
2018-02-16 11:59:54,0.09962108,11583000,0.0,1153911,1
2018-02-16 12:02:34,0.7928,11580000,0.0,9180624,1
2018-02-16 12:02:57,0.113,11567000,0.0,-1307071,0
2018-02-16 12:04:25,0.1653,11568000,0.0,-1912190,0
2018-02-16 12:06:04,0.1889,11565000,0.0,2184629,1
2018-02-16 12:06:05,0.0085,11565000,0.0,98303,1
2018-02-16 12:06:28,0.586,11563000,0.0,-6775918,0
2018-02-16 12:08:41,0.0001,11564000,0.0,1156,1
2018-02-16 12:08:51,0.07,11573000,0.0,810110,1
2018-02-16 12:13:42,0.0471634,11644000,0.0,549171,1
2018-02-16 12:13:56,0.11274122,11647000,0.0,1313097,1
2018-02-16 12:13:56,0.001,11647000,0.0,11647,1
2018-02-16 12:16:08,0.1701,11650000,0.0,1981665,1
2018-02-16 12:16:08,0.001,11650000,0.0,11650,1
2018-02-16 12:16:24,0.6228018,11655000,0.0,7258755,1
2018-02-16 12:16:25,0.0154,11655000,0.0,179487,1
2018-02-16 12:16:51,0.1499,11662000,0.0,1748134,1
2018-02-16 12:19:07,0.0892,11640000,0.0,-1038288,0
2018-02-16 12:19:14,0.0066,11640000,0.0,-76824,0
2018-02-16 12:19:26,0.0958,11668000,0.0,1117794,1
2018-02-16 12:19:30,0.8181,11654000,0.0,-9534137,0
2018-02-16 12:20:06,0.2853,11665000,0.0,3328025,1
2018-02-16 12:20:32,0.0059,11650000,0.0,68735,1
2018-02-16 12:20:46,0.018,11640000,0.0,-209520,0
2018-02-16 12:21:06,0.0469,11647000,0.0,-546244,0
2018-02-16 12:21:12,0.066,11637000,0.0,-768042,0
2018-02-16 12:21:30,0.3439,11653000,0.0,4007467,1
2018-02-16 12:21:34,0.1,11654000,0.0,1165400,1
2018-02-16 12:22:09,1.488e-05,11661000,0.0,174,1
2018-02-16 12:22:21,0.0001,11650000,0.0,1165,1
2018-02-16 12:25:42,1.2862,11660000,0.0,-14997092,0
2018-02-16 12:26:38,0.6509,11654000,0.0,7585589,1
2018-02-16 12:30:03,0.06766964,11661000,0.0,789096,1
2018-02-16 12:30:07,0.5132,11660000,0.0,5983912,1
2018-02-16 12:30:07,0.2682,11660000,0.0,3127212,1
2018-02-16 12:30:17,0.0909,11637000,0.0,-1057803,0
2018-02-16 12:30:27,0.08,11657000,0.0,932560,1
2018-02-16 12:30:28,0.0109,11657000,0.0,127061,1
2018-02-16 12:32:57,0.681,11632000,0.0,-7921392,0
2018-02-16 12:33:18,0.5076,11627000,0.0,-5901865,0
2018-02-16 12:33:55,0.0194,11626000,0.0,225544,1
2018-02-16 12:34:11,0.972,11632000,0.0,11306304,1
2018-02-16 12:34:12,0.0898,11632000,0.0,1044554,1
2018-02-16 12:35:15,0.22,11628000,0.0,-2558160,0
2018-02-16 12:35:38,0.1675,11635000,0.0,-1948863,0
2018-02-16 12:36:19,0.7506,11635000,0.0,-8733231,0
2018-02-16 12:41:14,0.3129,11604000,0.0,3630892,1
2018-02-16 12:41:40,0.0323,11586000,0.0,374228,1
2018-02-16 12:42:02,0.402,11592000,0.0,4659984,1
2018-02-16 12:42:11,0.0992,11576000,0.0,-1148339,0
2018-02-16 12:42:18,0.0925,11586000,0.0,1071705,1
2018-02-16 12:42:29,0.1562,11592000,0.0,1810670,1
2018-02-16 12:42:51,0.3488,11592000,0.0,4043290,1
2018-02-16 12:43:31,0.0199,11572000,0.0,-230283,0
2018-02-16 12:45:43,0.9338,11572000,0.0,-10805934,0
2018-02-16 12:46:50,0.0915,11569000,0.0,1058564,1
2018-02-16 12:47:52,0.0865,11558000,0.0,999767,1
2018-02-16 12:50:08,0.7757,11550000,0.0,8959335,1
2018-02-16 12:51:01,0.0863,11538000,0.0,-995729,0
2018-02-16 12:51:01,0.0246,11538000,0.0,-283835,0
2018-02-16 12:51:27,0.005,11530000,0.0,-57650,0
2018-02-16 12:52:28,1.3625,11528000,0.0,-15706900,0
2018-02-16 12:52:28,0.0216,11521000,0.0,-248854,0
2018-02-16 12:54:33,0.442,11555000,0.0,5107310,1
2018-02-16 12:55:40,0.2,11555000,0.0,2311000,1
2018-02-16 13:01:51,0.1025,11550000,0.0,1183875,1
2018-02-16 13:01:58,0.0417,11548000,0.0,481552,1
2018-02-16 13:04:13,0.0023,11518000,0.0,-26491,0
2018-02-16 13:04:45,0.7839,11515000,0.0,-9026609,0
2018-02-16 13:07:35,0.0018,11496000,0.0,20693,1
2018-02-16 13:07:35,0.01,11496000,0.0,114960,1
2018-02-16 13:07:35,0.1586,11496000,0.0,1823266,1
2018-02-16 13:07:35,0.0969,11496000,0.0,1113962,1
2018-02-16 13:07:35,0.261,11496000,0.0,3000456,1
2018-02-16 13:07:35,0.0889,11496000,0.0,1021994,1
2018-02-16 13:07:36,0.55,11496000,0.0,6322800,1
2018-02-16 13:07:39,0.1011,11495000,0.0,1162145,1
2018-02-16 13:07:39,0.0766,11495000,0.0,880517,1
2018-02-16 13:07:39,0.1406,11495000,0.0,1616197,1
2018-02-16 13:07:39,0.0145,11495000,0.0,166678,1
2018-02-16 13:08:06,0.3532,11496000,0.0,-4060387,0
2018-02-16 13:08:16,0.386,11500000,0.0,-4439000,0
2018-02-16 13:08:19,0.0082,11500000,0.0,-94300,0
2018-02-16 13:09:06,0.0055,11492000,0.0,63206,1
2018-02-16 13:10:07,0.0075,11480000,0.0,86100,1
2018-02-16 13:10:08,0.2056,11480000,0.0,2360288,1
2018-02-16 13:10:08,0.0018,11480000,0.0,20664,1
2018-02-16 13:10:08,0.005,11480000,0.0,57400,1
2018-02-16 13:10:08,0.0336,11480000,0.0,385728,1
2018-02-16 13:10:18,0.1836,11484000,0.0,2108462,1
2018-02-16 13:10:25,0.3866,11473000,0.0,-4435462,0
2018-02-16 13:10:43,0.8086,11492000,0.0,-9292431,0
2018-02-16 13:13:45,0.0096,11498000,0.0,110381,1
2018-02-16 13:22:30,0.6229,11525000,0.0,7178923,1
2018-02-16 13:22:31,0.0008,11525000,0.0,9220,1
2018-02-16 13:22:31,0.5855,11525000,0.0,6747888,1
2018-02-16 13:22:46,0.0445,11526000,0.0,512907,1
2018-02-16 13:23:00,0.2367,11526000,0.0,2728204,1
2018-02-16 13:23:44,1.5,11505000,0.0,-17257500,0
2018-02-16 13:32:10,0.076,11474000,0.0,872024,1
2018-02-16 13:36:25,0.3057,11403000,0.0,3485897,1
2018-02-16 13:36:25,0.0069,11403000,0.0,78681,1
2018-02-16 13:36:25,0.0658,11403000,0.0,750317,1
2018-02-16 13:36:25,0.0049,11403000,0.0,55875,1
2018-02-16 13:36:29,0.0006,11404000,0.0,6842,1
2018-02-16 13:36:58,1.0401,11400000,0.0,11857140,1
2018-02-16 13:38:22,0.1,11360000,0.0,-1136000,0
2018-02-16 13:38:32,0.6777,11360000,0.0,-7698672,0
2018-02-16 13:38:33,0.0194,11360000,0.0,-220384,0
2018-02-16 13:39:44,0.005,11403000,0.0,57015,1
2018-02-16 13:39:44,0.3501,11403000,0.0,3992190,1
2018-02-16 13:40:10,0.1401,11404000,0.0,-1597700,0
2018-02-16 13:42:52,0.5821,11415000,0.0,6644672,1
2018-02-16 13:43:24,1.5,11417000,0.0,-17125500,0
2018-02-16 13:50:13,1.5,11374000,0.0,17061000,1
2018-02-16 13:57:58,0.0473,11328000,0.0,-535814,0
2018-02-16 13:58:23,0.1457,11356000,0.0,-1654569,0
2018-02-16 13:58:55,0.1319,11388000,0.0,1502077,1
2018-02-16 13:59:02,0.1401,11358000,0.0,-1591256,0
2018-02-16 14:00:58,0.8013,11408000,0.0,-9141230,0
2018-02-16 14:03:35,1.0025,11443000,0.0,11471608,1
2018-02-16 14:04:16,0.2774,11443000,0.0,-3174288,0
2018-02-16 14:04:43,0.1717,11420000,0.0,-1960814,0
2018-02-16 14:05:36,1.0509,11435000,0.0,-12017042,0
2018-02-16 14:07:50,0.22395822,11470000,0.0,2568801,1
2018-02-16 14:07:50,0.6,11470000,0.0,6882000,1
2018-02-16 14:07:50,0.1469,11470000,0.0,1684943,1
2018-02-16 14:07:54,0.5292,11473000,0.0,6071512,1
2018-02-16 14:10:56,0.4436,11460000,0.0,-5083656,0
2018-02-16 14:11:00,0.0248,11462000,0.0,-284258,0
2018-02-16 14:11:04,0.0882,11463000,0.0,-1011037,0
2018-02-16 14:11:18,0.9434,11477000,0.0,-10827402,0
2018-02-16 14:12:49,0.1,11479000,0.0,1147900,1
2018-02-16 14:23:57,0.114,11567000,0.0,1318638,1
2018-02-16 14:25:57,0.1081,11551000,0.0,1248663,1
2018-02-16 14:25:57,0.033,11551000,0.0,381183,1
2018-02-16 14:25:57,0.1176,11551000,0.0,1358398,1
2018-02-16 14:36:27,0.0043,11525000,0.0,49558,1
2018-02-16 14:36:27,0.122,11525000,0.0,1406050,1
2018-02-16 14:41:10,0.5557,11544000,0.0,6415001,1
2018-02-16 14:41:10,0.3453,11544000,0.0,3986143,1
2018-02-16 14:43:13,0.0383,11530000,0.0,-441599,0
2018-02-16 14:50:27,0.0012,11498000,0.0,13798,1
2018-02-16 14:51:28,0.0178,11479000,0.0,-204326,0
2018-02-16 14:51:29,0.9985,11479000,0.0,-11461782,0
2018-02-16 14:51:29,0.099,11479000,0.0,-1136421,0
2018-02-16 14:55:59,0.0045,11472000,0.0,51624,1
2018-02-16 15:01:45,0.4255,11436000,0.0,4866018,1
2018-02-16 15:01:45,0.024,11436000,0.0,274464,1
2018-02-16 15:01:46,0.0437,11436000,0.0,499753,1
2018-02-16 15:02:18,0.1376,11436000,0.0,-1573594,0
2018-02-16 15:14:19,0.7923,11487000,0.0,9101150,1
2018-02-16 15:16:19,0.1038,11491000,0.0,-1192766,0
2018-02-16 15:16:19,0.05474463,11491000,0.0,-629071,0
2018-02-16 15:16:19,1.34145537,11491000,0.0,-15414664,0
2018-02-16 15:16:48,0.087,11482000,0.0,998934,1
2018-02-16 15:22:15,0.0103,11469000,0.0,118131,1
2018-02-16 15:24:13,0.0492,11470000,0.0,564324,1
2018-02-16 15:29:52,0.0429,11476000,0.0,492320,1
2018-02-16 15:30:33,0.0541,11476000,0.0,620852,1
2018-02-16 15:31:05,0.0257,11474000,0.0,294882,1
2018-02-16 15:35:06,0.0539,11431000,0.0,616131,1
2018-02-16 15:35:10,0.0088,11430000,0.0,100584,1
2018-02-16 15:35:10,0.2332,11430000,0.0,2665476,1
2018-02-16 15:35:10,0.05,11430000,0.0,571500,1
2018-02-16 15:35:10,0.4455,11430000,0.0,5092065,1
2018-02-16 15:35:10,0.0007,11430000,0.0,8001,1
2018-02-16 15:35:10,0.0138,11430000,0.0,157734,1
2018-02-16 15:35:11,0.001,11430000,0.0,11430,1
2018-02-16 15:35:12,0.005,11430000,0.0,57150,1
2018-02-16 15:35:13,0.001,11430000,0.0,11430,1
2018-02-16 15:35:13,0.108,11430000,0.0,1234440,1
2018-02-16 15:35:14,0.02,11414000,0.0,-228280,0
2018-02-16 15:35:24,0.7745,11400000,0.0,-8829300,0
2018-02-16 15:35:24,0.2169,11400000,0.0,-2472660,0
2018-02-16 15:35:25,0.3009,11430000,0.0,3439287,1
2018-02-16 15:36:51,0.009,11430000,0.0,102870,1
2018-02-16 15:38:31,0.002,11400000,0.0,22800,1
2018-02-16 15:39:16,0.0362,11391000,0.0,412354,1
2018-02-16 15:40:55,0.04,11374000,0.0,454960,1
2018-02-16 15:41:03,0.9332,11362000,0.0,10603018,1
2018-02-16 15:41:40,1.5,11366000,0.0,-17049000,0
2018-02-16 15:44:40,0.024,11337000,0.0,272088,1
2018-02-16 15:44:40,0.003,11337000,0.0,34011,1
2018-02-16 15:44:40,0.189,11337000,0.0,2142693,1
2018-02-16 15:46:03,0.0025,11314000,0.0,28285,1
2018-02-16 15:48:36,0.2603,11340000,0.0,2951802,1
2018-02-16 15:48:37,0.054,11340000,0.0,612360,1
2018-02-16 15:48:37,0.5225,11340000,0.0,5925150,1
2018-02-16 15:48:37,0.0674,11340000,0.0,764316,1
2018-02-16 15:48:37,0.1901,11340000,0.0,2155734,1
2018-02-16 15:48:37,0.1872,11340000,0.0,2122848,1
2018-02-16 15:49:31,0.1244,11348000,0.0,-1411691,0
2018-02-16 15:49:34,1.3756,11349000,0.0,-15611684,0
2018-02-16 15:50:34,0.0163,11372000,0.0,185364,1
2018-02-16 15:51:24,0.017,11357000,0.0,193069,1
2018-02-16 15:51:24,0.01,11357000,0.0,113570,1
2018-02-16 15:51:24,0.0764,11357000,0.0,867675,1
2018-02-16 15:51:25,0.16425729,11357000,0.0,1865470,1
2018-02-16 15:54:11,0.01,11360000,0.0,113600,1
2018-02-16 15:54:17,0.1579,11361000,0.0,1793902,1
2018-02-16 15:55:00,1.0481,11349000,0.0,11894887,1
2018-02-16 15:56:06,0.0997,11321000,0.0,-1128704,0
2018-02-16 15:56:07,0.2128,11321000,0.0,-2409109,0
2018-02-16 15:56:07,0.01,11321000,0.0,-113210,0
2018-02-16 15:57:16,0.3225,11321000,0.0,3651023,1
2018-02-16 15:58:11,0.0791,11322000,0.0,-895570,0
2018-02-16 15:58:12,0.0174,11322000,0.0,-197003,0
2018-02-16 15:58:16,0.0484,11323000,0.0,-548033,0
2018-02-16 15:58:29,0.0012,11325000,0.0,-13590,0
2018-02-16 15:58:34,0.1912,11324000,0.0,-2165149,0
2018-02-16 15:58:54,0.0234,11321000,0.0,-264911,0
2018-02-16 15:59:53,0.3607,11300000,0.0,4075910,1
2018-02-16 16:01:03,0.2,11276000,0.0,-2255200,0
2018-02-16 16:01:03,0.0393,11276000,0.0,-443147,0
2018-02-16 16:01:06,1.2607,11272000,0.0,-14210610,0
2018-02-16 16:01:49,0.0355,11275000,0.0,400263,1
2018-02-16 16:17:53,0.19682766,11405000,0.0,2244819,1
2018-02-16 16:17:53,0.0803,11405000,0.0,915822,1
2018-02-16 16:18:32,0.135,11390000,0.0,1537650,1
2018-02-16 16:18:32,0.1,11390000,0.0,1139000,1
2018-02-16 16:18:32,0.0977,11390000,0.0,1112803,1
2018-02-16 16:21:50,0.1409,11339000,0.0,1597665,1
2018-02-16 16:21:54,0.0084,11342000,0.0,95273,1
2018-02-16 16:24:32,0.7946,11337000,0.0,-9008380,0
2018-02-16 16:31:40,0.0011,11327000,0.0,12460,1
2018-02-16 16:31:40,0.0492,11327000,0.0,557288,1
2018-02-16 16:31:44,0.0327,11326000,0.0,370360,1
2018-02-16 16:31:44,0.1,11326000,0.0,1132600,1
2018-02-16 16:38:29,0.0092,11248000,0.0,103482,1
2018-02-16 16:41:42,0.009,11262000,0.0,101358,1
2018-02-16 16:46:42,0.2017,11246000,0.0,2268318,1
2018-02-16 16:50:01,8.492e-05,11275000,0.0,957,1
2018-02-16 16:50:03,0.0885,11275000,0.0,997838,1
2018-02-16 16:52:39,0.3803,11267000,0.0,4284840,1
2018-02-16 16:52:39,0.009,11267000,0.0,101403,1
2018-02-16 16:52:39,0.6192,11267000,0.0,6976526,1
2018-02-16 16:53:35,0.0886,11258000,0.0,-997459,0
2018-02-16 16:53:47,0.2127,11256000,0.0,-2394151,0
2018-02-16 16:54:56,0.3412622,11247000,0.0,-3838176,0
2018-02-16 16:55:00,0.0504,11245000,0.0,-566748,0
2018-02-16 16:55:07,0.0296,11248000,0.0,-332941,0
2018-02-16 16:55:07,0.0208,11248000,0.0,-233958,0
2018-02-16 16:55:14,0.4414,11232000,0.0,-4957805,0
2018-02-16 16:55:30,0.0045,11252000,0.0,50634,1
2018-02-16 17:00:38,1.1803,11200000,0.0,13219360,1
2018-02-16 17:03:05,1.5,11180000,0.0,-16770000,0
2018-02-16 17:07:01,0.2078,11233000,0.0,2334217,1
2018-02-16 17:08:54,0.301,11237000,0.0,3382337,1
2018-02-16 17:12:46,0.0479,11322000,0.0,542324,1
2018-02-16 17:16:22,0.5841,11322000,0.0,6613180,1
2018-02-16 17:17:09,0.4523,11322000,0.0,-5120941,0
2018-02-16 17:20:53,0.1763,11335000,0.0,1998361,1
2018-02-16 17:20:54,0.6252,11331000,0.0,7084141,1
2018-02-16 17:20:54,0.01,11331000,0.0,113310,1
2018-02-16 17:22:13,0.2095,11318000,0.0,-2371121,0
2018-02-16 17:22:19,0.08377778,11316000,0.0,-948029,0
2018-02-16 17:23:52,0.0664,11309000,0.0,-750918,0
2018-02-16 17:24:20,0.2545,11302000,0.0,-2876359,0
2018-02-16 17:24:42,0.8859,11304000,0.0,-10014214,0
2018-02-16 17:26:19,0.1081,11317000,0.0,1223368,1
2018-02-16 17:27:06,0.8907,11310000,0.0,10073817,1
2018-02-16 17:27:06,0.0009,11310000,0.0,10179,1
2018-02-16 17:27:10,0.1234,11312000,0.0,1395901,1
2018-02-16 17:27:16,0.2943,11305000,0.0,3327062,1
2018-02-16 17:27:16,0.0079,11305000,0.0,89310,1
2018-02-16 17:27:46,0.0747,11299000,0.0,844035,1
2018-02-16 17:30:32,0.2471,11281000,0.0,-2787535,0
2018-02-16 17:30:53,0.2308,11281000,0.0,-2603655,0
2018-02-16 17:33:36,1.924e-05,11280000,0.0,-217,0
2018-02-16 17:33:36,0.02158076,11280000,0.0,-243431,0
2018-02-16 17:36:25,0.0511,11285000,0.0,-576664,0
2018-02-16 17:37:26,0.9,11295000,0.0,-10165500,0
2018-02-16 17:40:56,0.1027,11310000,0.0,1161537,1
2018-02-16 17:40:57,0.08841733,11310000,0.0,1000000,1
2018-02-16 17:40:57,0.0042,11310000,0.0,47502,1
2018-02-16 17:40:57,0.3452,11310000,0.0,3904212,1
2018-02-16 17:41:56,0.1734,11348000,0.0,1967743,1
2018-02-16 17:41:56,0.7367,11348000,0.0,8360072,1
2018-02-16 17:44:02,0.2603,11350000,0.0,-2954405,0
2018-02-16 17:44:22,0.2603,11343000,0.0,2952583,1
2018-02-16 17:47:11,0.3093,11363000,0.0,-3514576,0
2018-02-16 17:47:34,0.1999,11364000,0.0,-2271664,0
2018-02-16 17:47:50,0.1475,11364000,0.0,-1676190,0
2018-02-16 17:47:50,0.007,11357000,0.0,-79499,0
2018-02-16 17:48:00,0.2511,11365000,0.0,-2853752,0
2018-02-16 17:52:44,0.5672,11385000,0.0,6457572,1
2018-02-16 17:53:49,0.0071215,11383000,0.0,-81064,0
2018-02-16 17:54:13,0.012,11390000,0.0,-136680,0
2018-02-16 17:57:15,0.9979,11394000,0.0,-11370073,0
2018-02-16 18:02:23,0.0048,11338000,0.0,54422,1
2018-02-16 18:03:15,0.1182,11331000,0.0,1339324,1
2018-02-16 18:05:18,0.498,11318000,0.0,5636364,1
2018-02-16 18:05:18,0.01,11318000,0.0,113180,1
2018-02-16 18:05:19,0.7336,11318000,0.0,8302885,1
2018-02-16 18:07:25,0.6802,11340000,0.0,-7713468,0
2018-02-16 18:07:26,0.4,11340000,0.0,-4536000,0
2018-02-16 18:13:49,0.601,11346000,0.0,6818946,1
2018-02-16 18:17:11,0.0708,11344000,0.0,-803155,0
2018-02-16 18:18:29,0.5,11309000,0.0,-5654500,0
2018-02-16 18:25:39,0.987,11370000,0.0,11222190,1
2018-02-16 18:25:41,0.0158,11370000,0.0,179646,1
2018-02-16 18:27:12,0.0311,11382000,0.0,-353980,0
2018-02-16 18:27:24,1.01,11378000,0.0,-11491780,0
2018-02-16 18:27:24,0.4117,11383000,0.0,-4686381,0
2018-02-16 18:28:21,0.1924,11392000,0.0,2191821,1
2018-02-16 18:28:28,0.4674,11404000,0.0,5330230,1
2018-02-16 18:28:45,0.07249201,11383000,0.0,825177,1
2018-02-16 18:28:45,0.4,11383000,0.0,4553200,1
2018-02-16 18:28:45,0.28710799,11383000,0.0,3268150,1
2018-02-16 18:28:45,0.0806,11383000,0.0,917470,1
2018-02-16 18:33:04,0.19,11420000,0.0,-2169800,0
2018-02-16 18:34:49,0.19,11400000,0.0,2166000,1
2018-02-16 18:37:13,0.1598,11380000,0.0,-1818524,0
2018-02-16 18:38:23,0.0786,11376000,0.0,-894154,0
2018-02-16 18:38:28,0.8737,11377000,0.0,-9940085,0
2018-02-16 18:39:13,1.1116655,11391000,0.0,12662982,1
2018-02-16 18:39:18,0.699,11377000,0.0,-7952523,0
2018-02-16 18:43:45,0.0035,11389000,0.0,-39862,0
2018-02-16 18:45:38,0.001,11365000,0.0,11365,1
2018-02-16 18:45:38,0.0304,11365000,0.0,345496,1
2018-02-16 18:45:43,0.1,11361000,0.0,1136100,1
2018-02-16 18:48:05,0.6706,11363000,0.0,-7620028,0
2018-02-16 18:48:29,0.0492,11362000,0.0,559010,1
2018-02-16 18:48:30,0.2669,11362000,0.0,3032518,1
2018-02-16 18:50:13,0.0001,11351000,0.0,1135,1
2018-02-16 18:57:28,0.0095,11349000,0.0,107816,1
2018-02-16 19:14:00,0.0212,11290000,0.0,239348,1
2018-02-16 19:17:48,0.00875124,11268000,0.0,98609,1
2018-02-16 19:17:48,0.009,11268000,0.0,101412,1
2018-02-16 19:17:48,0.87554876,11268000,0.0,9865683,1
2018-02-16 19:17:48,0.002,11268000,0.0,22536,1
2018-02-16 19:21:49,0.0288,11283000,0.0,-324950,0
2018-02-16 19:21:52,1.4712,11284000,0.0,-16601021,0
2018-02-16 19:24:12,0.0966,11301000,0.0,1091677,1
2018-02-16 19:45:46,0.0081,11270000,0.0,91287,1
2018-02-16 19:45:46,0.0476,11270000,0.0,536452,1
2018-02-16 19:45:46,0.1,11270000,0.0,1127000,1
2018-02-16 19:45:46,0.0436,11270000,0.0,491372,1
2018-02-16 19:45:46,0.0888,11270000,0.0,1000776,1
2018-02-16 19:45:46,0.01,11270000,0.0,112700,1
2018-02-16 19:45:46,0.5,11270000,0.0,5635000,1
2018-02-16 19:45:47,0.6053,11270000,0.0,6821731,1
2018-02-16 19:47:43,0.00372896,11284000,0.0,-42078,0
2018-02-16 19:47:43,0.36167104,11284000,0.0,-4081096,0
2018-02-16 19:49:22,0.881,11314000,0.0,-9967634,0
2018-02-16 19:57:18,0.0371,11300000,0.0,419230,1
2018-02-16 19:57:23,0.0012,11300000,0.0,13560,1
2018-02-16 20:01:37,0.04,11250000,0.0,450000,1
2018-02-16 20:01:37,0.1622,11250000,0.0,1824750,1
2018-02-16 20:01:37,1.0059,11250000,0.0,11316375,1
2018-02-16 20:02:24,0.271,11240000,0.0,-3046040,0
2018-02-16 20:02:24,0.0238,11240000,0.0,-267512,0
2018-02-16 20:02:24,1.0643,11240000,0.0,-11962732,0
2018-02-16 20:02:24,0.1409,11240000,0.0,-1583716,0
2018-02-16 20:18:34,1.5,11248000,0.0,16872000,1
2018-02-16 20:20:02,0.1062,11230000,0.0,-1192626,0
2018-02-16 20:20:05,0.0757,11231000,0.0,-850187,0
2018-02-16 20:20:09,0.099,11229000,0.0,-1111671,0
2018-02-16 20:20:13,0.7947,11231000,0.0,-8925276,0
2018-02-16 20:24:13,0.8632,11190000,0.0,9659208,1
2018-02-16 20:24:13,0.2124,11190000,0.0,2376756,1
2018-02-16 20:24:39,0.50825036,11180000,0.0,-5682239,0
2018-02-16 20:24:39,0.0272,11180000,0.0,-304096,0
2018-02-16 20:24:43,0.0025,11180000,0.0,-27950,0
2018-02-16 20:24:43,0.2564,11180000,0.0,-2866552,0
2018-02-16 20:25:00,0.5177,11152000,0.0,5773390,1
2018-02-16 20:25:00,0.2765,11152000,0.0,3083528,1
2018-02-16 20:25:01,0.0001,11152000,0.0,1115,1
2018-02-16 20:25:49,1.5,11169000,0.0,-16753500,0
2018-02-16 20:32:39,0.1575,11216000,0.0,1766520,1
2018-02-16 20:32:43,0.8116,11216000,0.0,9102906,1
2018-02-16 20:32:50,0.52845991,11221000,0.0,5929849,1
2018-02-16 20:32:55,0.0024,11221000,0.0,26930,1
2018-02-16 20:33:19,0.0105,11209000,0.0,-117695,0
2018-02-16 20:34:43,0.0106,11200000,0.0,118720,1
2018-02-16 20:35:34,0.0054,11190000,0.0,-60426,0
2018-02-16 20:36:08,1.4946,11189000,0.0,-16723079,0
2018-02-16 20:40:57,1.5,11184000,0.0,16776000,1
2018-02-16 20:41:54,0.9023,11186000,0.0,-10093128,0
2018-02-16 20:47:36,0.0094,11219000,0.0,105459,1
2018-02-16 20:47:36,0.8929,11219000,0.0,10017445,1
2018-02-16 20:48:47,0.66,11237000,0.0,-7416420,0
2018-02-16 20:48:52,0.7687,11241000,0.0,-8640957,0
2018-02-16 20:52:30,0.0142,11252000,0.0,159778,1
2018-02-16 20:54:06,0.015,11242000,0.0,168630,1
2018-02-16 20:54:11,0.0886,11240000,0.0,995864,1
2018-02-16 20:54:11,0.818,11240000,0.0,9194320,1
2018-02-16 20:55:07,0.38123144,11233000,0.0,-4282373,0
2018-02-16 21:07:00,0.1587,11268000,0.0,1788232,1
2018-02-16 21:08:52,0.3178,11257000,0.0,3577475,1
2018-02-16 21:10:15,0.1644,11250000,0.0,-1849500,0
2018-02-16 21:11:51,0.938,11250000,0.0,-10552500,0
2018-02-16 21:17:20,0.2,11244000,0.0,2248800,1
2018-02-16 21:17:24,0.1191,11249000,0.0,1339756,1
2018-02-16 21:23:09,0.2855,11192000,0.0,3195316,1
2018-02-16 21:24:58,0.2416,11231000,0.0,2713410,1
2018-02-16 21:28:56,0.5425,11221000,0.0,-6087393,0
2018-02-16 21:32:11,0.001,11195000,0.0,11195,1
2018-02-16 21:40:30,0.0272,11174000,0.0,303933,1
2018-02-16 21:49:45,0.04524619,11249000,0.0,508974,1
2018-02-16 21:49:45,0.0434,11249000,0.0,488207,1
2018-02-16 21:51:59,0.0081,11253000,0.0,91149,1
2018-02-16 21:52:15,0.3854,11229000,0.0,4327657,1
2018-02-16 21:52:21,0.0022,11238000,0.0,24724,1
2018-02-16 21:53:25,0.0193,11230000,0.0,-216739,0
2018-02-16 21:53:47,0.3395,11245000,0.0,3817678,1
2018-02-16 21:56:02,0.191,11232000,0.0,-2145312,0
2018-02-16 21:59:45,0.5324,11231000,0.0,-5979384,0
2018-02-16 22:00:45,0.099,11240000,0.0,1112760,1
2018-02-16 22:04:38,0.9879,11240000,0.0,11103996,1
2018-02-16 22:07:44,0.9126,11298000,0.0,-10310555,0
2018-02-16 22:07:45,0.5874,11298000,0.0,-6636445,0
2018-02-16 22:13:29,0.6609,11291000,0.0,7462222,1
2018-02-16 22:18:36,0.1,11285000,0.0,1128500,1
2018-02-16 22:18:36,0.102,11285000,0.0,1151070,1
2018-02-16 22:18:36,0.0601,11285000,0.0,678229,1
2018-02-16 22:18:41,0.0843,11282000,0.0,951073,1
2018-02-16 22:18:42,0.1506,11282000,0.0,1699069,1
2018-02-16 22:20:41,0.4801,11289000,0.0,-5419849,0
2018-02-16 22:24:21,0.0474,11266000,0.0,534008,1
2018-02-16 22:24:21,0.1592,11266000,0.0,1793547,1
2018-02-16 22:24:22,0.02,11266000,0.0,225320,1
2018-02-16 22:24:35,0.5956,11262000,0.0,6707647,1
2018-02-16 22:27:38,1.5,11270000,0.0,-16905000,0
2018-02-16 22:37:22,0.3541,11273000,0.0,3991769,1
2018-02-16 22:37:44,0.2650778,11272000,0.0,2987957,1
2018-02-16 22:38:32,0.38,11269000,0.0,4282220,1
2018-02-16 22:39:27,0.199,11267000,0.0,-2242133,0
2018-02-16 22:41:19,0.001,11251000,0.0,11251,1
2018-02-16 22:42:34,0.4429,11230000,0.0,-4973767,0
2018-02-16 23:06:22,0.1524,11258000,0.0,1715719,1
2018-02-16 23:10:20,0.1264,11295000,0.0,1427688,1
2018-02-16 23:10:25,0.0331,11284000,0.0,373500,1
2018-02-16 23:10:25,0.0568,11284000,0.0,640931,1
2018-02-16 23:10:25,0.7731,11284000,0.0,8723660,1
2018-02-16 23:14:06,0.014,11286000,0.0,-158004,0
2018-02-16 23:15:12,0.1623,11274000,0.0,-1829770,0
2018-02-16 23:16:38,1.18679818,11302000,0.0,-13413193,0
2018-02-16 23:16:38,0.13690182,11302000,0.0,-1547264,0
2018-02-16 23:17:17,0.8069,11317000,0.0,9131687,1
2018-02-16 23:17:45,0.253,11291000,0.0,2856623,1
2018-02-16 23:20:21,0.4401,11311000,0.0,4977971,1
2018-02-16 23:22:02,0.12512571,11320000,0.0,-1416423,0
2018-02-16 23:22:02,0.0601,11320000,0.0,-680332,0
2018-02-16 23:22:02,0.13137429,11320000,0.0,-1487157,0
2018-02-16 23:22:06,0.2471,11322000,0.0,-2797666,0
2018-02-16 23:23:00,0.5637,11327000,0.0,6385030,1
2018-02-16 23:30:03,0.1443,11331000,0.0,-1635063,0
2018-02-16 23:30:40,0.0276,11315000,0.0,-312294,0
2018-02-16 23:30:50,0.2,11316000,0.0,-2263200,0
2018-02-16 23:30:50,0.1794,11316000,0.0,-2030090,0
2018-02-16 23:31:33,0.9487,11302000,0.0,-10722207,0
2018-02-16 23:39:15,0.07619401,11391000,0.0,867926,1
2018-02-16 23:40:31,0.13,11433000,0.0,1486290,1
2018-02-16 23:40:31,0.7482,11433000,0.0,8554171,1
2018-02-16 23:40:48,0.5456,11418000,0.0,6229661,1
2018-02-16 23:41:11,0.05,11404000,0.0,-570200,0
2018-02-16 23:41:17,0.1894,11411000,0.0,-2161243,0
2018-02-16 23:41:22,0.0095,11401000,0.0,-108310,0
2018-02-16 23:41:26,0.0770894,11410000,0.0,-879590,0
2018-02-16 23:41:26,0.0219106,11410000,0.0,-250000,0
2018-02-16 23:41:30,0.0212,11412000,0.0,-241934,0
2018-02-16 23:41:46,0.1925,11400000,0.0,-2194500,0
2018-02-16 23:43:29,0.9384,11423000,0.0,-10719343,0
2018-02-16 23:53:21,0.0004,11410000,0.0,4564,1
2018-02-16 23:53:22,1.3595,11410000,0.0,15511895,1
2018-02-16 23:53:22,0.1401,11410000,0.0,1598541,1
2018-02-17 00:00:17,0.6056,11362000,0.0,-6880827,0
2018-02-17 00:00:17,0.0195,11362000,0.0,-221559,0
2018-02-17 00:01:19,0.0496,11370000,0.0,-563952,0
2018-02-17 00:02:12,0.1997,11380000,0.0,-2272586,0
2018-02-17 00:03:50,0.8744,11394000,0.0,9962914,1
2018-02-17 00:06:39,1.5,11411000,0.0,-17116500,0
2018-02-17 00:07:16,0.3082,11408000,0.0,3515946,1
2018-02-17 00:07:16,0.0157,11408000,0.0,179106,1
2018-02-17 00:07:17,0.2625,11408000,0.0,2994600,1
2018-02-17 00:11:23,0.9136,11400000,0.0,10415040,1
2018-02-17 00:12:50,9.947e-05,11391000,0.0,-1133,0
2018-02-17 00:24:37,1.4999,11382000,0.0,-17071862,0
2018-02-17 00:26:35,0.3361,11382000,0.0,3825490,1
2018-02-17 00:26:56,0.0612,11383000,0.0,696640,1
2018-02-17 00:26:57,0.0158,11383000,0.0,179851,1
2018-02-17 00:29:10,1.0869,11420000,0.0,12412398,1
2018-02-17 00:33:11,0.70538687,11431000,0.0,-8063277,0
2018-02-17 00:33:15,0.7946,11431000,0.0,-9083073,0
2018-02-17 00:44:12,0.01,11381000,0.0,113810,1
2018-02-17 00:44:13,0.1401,11381000,0.0,1594478,1
2018-02-17 00:44:13,0.2513,11381000,0.0,2860045,1
2018-02-17 00:44:39,0.2034,11399000,0.0,2318557,1
2018-02-17 00:46:14,0.033,11389000,0.0,375837,1
2018-02-17 00:48:52,0.4206,11408000,0.0,4798205,1
2018-02-17 00:48:52,0.251,11408000,0.0,2863408,1
2018-02-17 00:48:52,0.1906,11408000,0.0,2174365,1
2018-02-17 00:53:48,1.08,11380000,0.0,-12290400,0
2018-02-17 01:09:19,0.0257,11384000,0.0,292569,1
2018-02-17 01:11:01,0.2978,11394000,0.0,3393133,1
2018-02-17 01:19:25,0.4,11393000,0.0,4557200,1
2018-02-17 01:22:16,0.0386,11385000,0.0,-439461,0
2018-02-17 01:23:57,0.0572,11400000,0.0,-652080,0
2018-02-17 01:24:37,0.1879,11394000,0.0,2140933,1
2018-02-17 01:25:58,0.1708,11407000,0.0,1948316,1
2018-02-17 01:28:50,3.929e-05,11420000,0.0,449,1
2018-02-17 01:28:51,0.09356071,11420000,0.0,1068463,1
2018-02-17 01:43:53,0.0033,11401000,0.0,-37623,0
2018-02-17 01:47:13,0.0033,11417000,0.0,37676,1
2018-02-17 01:52:44,0.0049,11417000,0.0,-55943,0
2018-02-17 01:53:10,0.1613,11416000,0.0,-1841401,0
2018-02-17 02:01:49,0.0025,11400000,0.0,28500,1
2018-02-17 02:03:12,0.0051,11401000,0.0,58145,1
2018-02-17 02:05:27,0.11,11397000,0.0,1253670,1
2018-02-17 02:05:28,0.0486,11397000,0.0,553894,1
2018-02-17 02:25:14,0.0694,11384000,0.0,-790050,0
2018-02-17 02:26:10,0.0033,11377000,0.0,37544,1
2018-02-17 02:27:46,0.9715,11367000,0.0,-11043041,0
2018-02-17 02:29:46,0.8571,11362000,0.0,9738370,1
2018-02-17 02:29:52,0.0035,11360000,0.0,39760,1
2018-02-17 02:29:52,0.0087,11360000,0.0,98832,1
2018-02-17 02:29:59,0.0041,11359000,0.0,46572,1
2018-02-17 02:29:59,0.0087,11359000,0.0,98823,1
2018-02-17 02:29:59,0.0087,11359000,0.0,98823,1
2018-02-17 02:29:59,0.0011,11359000,0.0,12495,1
2018-02-17 02:30:45,0.4278,11361000,0.0,-4860236,0
2018-02-17 02:31:06,0.5984,11346000,0.0,-6789446,0
2018-02-17 02:31:24,0.0091,11367000,0.0,103440,1
2018-02-17 02:42:15,0.007,11339000,0.0,79373,1
2018-02-17 02:42:15,0.1688,11339000,0.0,1914023,1
2018-02-17 02:42:16,0.987,11339000,0.0,11191593,1
2018-02-17 02:59:46,0.064,11352000,0.0,-726528,0
2018-02-17 03:03:42,1.436,11312000,0.0,-16244032,0
2018-02-17 03:05:07,0.0039,11297000,0.0,44058,1
2018-02-17 03:05:07,1.4961,11297000,0.0,16901442,1
2018-02-17 03:05:24,1.3869,11309000,0.0,-15684452,0
2018-02-17 03:06:21,0.0025,11307000,0.0,28268,1
2018-02-17 03:25:08,0.0033,11286000,0.0,37244,1
2018-02-17 03:26:02,0.01,11280000,0.0,112800,1
2018-02-17 03:29:48,0.0001,11295000,0.0,1130,1
2018-02-17 03:33:27,0.28,11326000,0.0,3171280,1
2018-02-17 03:47:33,0.4678,11310000,0.0,5290818,1
2018-02-17 03:49:40,0.0085,11311000,0.0,96144,1
2018-02-17 03:50:41,0.4792,11295000,0.0,-5412564,0
2018-02-17 03:57:40,0.0198,11304000,0.0,223819,1
2018-02-17 04:00:27,0.0105,11297000,0.0,118619,1
2018-02-17 04:01:53,0.7,11286000,0.0,7900200,1
2018-02-17 04:03:40,1.0427,11279000,0.0,-11760613,0
2018-02-17 04:30:04,0.004,11262000,0.0,45048,1
2018-02-17 04:31:59,0.0417,11280000,0.0,470376,1
2018-02-17 04:45:51,0.0017,11277000,0.0,19171,1
2018-02-17 04:48:12,0.0568,11297000,0.0,641670,1
2018-02-17 04:50:39,0.0095,11338000,0.0,107711,1
2018-02-17 04:57:29,1.2926,11330000,0.0,14645158,1
2018-02-17 05:03:18,0.0124,11310000,0.0,-140244,0
2018-02-17 05:11:26,0.0943,11289000,0.0,-1064553,0
2018-02-17 05:12:03,1.199,11280000,0.0,-13524720,0
2018-02-17 05:44:00,0.002,11309000,0.0,22618,1
2018-02-17 06:00:37,1.3037,11320000,0.0,14757884,1
2018-02-17 06:01:51,0.0057,11326000,0.0,-64558,0
2018-02-17 06:09:17,1.0029,11340000,0.0,-11372886,0
2018-02-17 06:11:44,8.49e-06,11328000,0.0,96,1
2018-02-17 06:12:03,0.0543,11325000,0.0,614948,1
2018-02-17 06:12:03,0.4585,11325000,0.0,5192513,1
2018-02-17 06:13:18,1.0042,11340000,0.0,-11387628,0
2018-02-17 06:17:14,0.0589,11374000,0.0,669929,1
2018-02-17 06:19:38,0.2294,11379000,0.0,2610343,1
2018-02-17 06:19:42,0.4,11380000,0.0,4552000,1
2018-02-17 06:23:14,0.0953,11389000,0.0,1085372,1
2018-02-17 06:23:14,0.7,11389000,0.0,7972300,1
2018-02-17 06:36:48,0.0164,11387000,0.0,186747,1
2018-02-17 07:06:56,0.0767,11365000,0.0,-871696,0
2018-02-17 07:08:27,0.5175,11374000,0.0,-5886045,0
2018-02-17 07:15:35,0.13191811,11371000,0.0,-1500041,0
2018-02-17 07:15:47,2.405e-05,11382000,0.0,274,1
2018-02-17 07:17:34,0.2901,11390000,0.0,3304239,1
2018-02-17 07:17:34,0.0935,11390000,0.0,1064965,1
2018-02-17 07:25:17,0.03722972,11410000,0.0,424791,1
2018-02-17 07:25:18,0.0237,11410000,0.0,270417,1
2018-02-17 07:27:31,0.5326,11439000,0.0,-6092411,0
2018-02-17 07:28:31,0.2319,11438000,0.0,2652472,1
2018-02-17 07:28:38,0.0014,11428000,0.0,-15999,0
2018-02-17 07:31:21,0.0175,11469000,0.0,-200708,0
2018-02-17 07:31:25,0.025,11470000,0.0,-286750,0
2018-02-17 07:31:25,0.038,11470000,0.0,-435860,0
2018-02-17 07:31:25,0.063,11470000,0.0,-722610,0
2018-02-17 07:31:25,0.027,11470000,0.0,-309690,0
2018-02-17 07:31:25,0.012,11470000,0.0,-137640,0
2018-02-17 07:33:14,0.03,11459000,0.0,343770,1
2018-02-17 07:36:07,0.10662406,11470000,0.0,-1222978,0
2018-02-17 07:36:07,0.1,11470000,0.0,-1147000,0
2018-02-17 07:36:07,0.08507594,11470000,0.0,-975821,0
2018-02-17 07:43:07,0.68,11473000,0.0,7801640,1
2018-02-17 07:53:04,0.199,11489000,0.0,-2286311,0
2018-02-17 07:54:57,0.0912,11500000,0.0,-1048800,0
2018-02-17 07:54:57,0.0554,11500000,0.0,-637100,0
2018-02-17 07:54:57,0.58757444,11500000,0.0,-6757106,0
2018-02-17 07:54:58,0.1,11500000,0.0,-1150000,0
2018-02-17 07:54:58,0.11802556,11500000,0.0,-1357294,0
2018-02-17 07:54:58,0.001,11500000,0.0,-11500,0
2018-02-17 08:27:23,0.0134,11492000,0.0,153993,1
2018-02-17 08:29:15,0.5,11493000,0.0,5746500,1
2018-02-17 08:29:15,0.1,11493000,0.0,1149300,1
2018-02-17 08:43:53,0.5744,11499000,0.0,6605026,1
2018-02-17 08:43:57,0.2604,11497000,0.0,2993819,1
2018-02-17 08:44:00,0.0518,11496000,0.0,595493,1
2018-02-17 08:45:25,0.0223,11482000,0.0,-256049,0
2018-02-17 08:45:27,0.0223,11495000,0.0,256339,1
2018-02-17 08:45:36,0.1313,11475000,0.0,-1506668,0
2018-02-17 08:46:04,0.1657,11478000,0.0,-1901905,0
2018-02-17 08:46:21,0.00814172,11487000,0.0,-93524,0
2018-02-17 08:50:54,0.004,11453000,0.0,-45812,0
2018-02-17 08:51:05,0.0915,11458000,0.0,-1048407,0
2018-02-17 08:52:01,1.0993,11450000,0.0,-12586985,0
2018-02-17 08:55:07,1.2529,11450000,0.0,14345705,1
2018-02-17 08:55:07,0.1,11450000,0.0,1145000,1
2018-02-17 08:56:05,0.1471,11431000,0.0,1681500,1
2018-02-17 08:59:50,0.0261,11430000,0.0,-298323,0
2018-02-17 08:59:53,0.018,11430000,0.0,-205740,0
2018-02-17 08:59:53,0.0763,11431000,0.0,-872185,0
2018-02-17 08:59:58,0.018,11431000,0.0,-205758,0
2018-02-17 09:01:41,0.13514449,11440000,0.0,-1546053,0
2018-02-17 09:01:41,0.34035551,11440000,0.0,-3893667,0
2018-02-17 09:01:52,0.2108,11433000,0.0,-2410076,0
2018-02-17 09:02:43,0.0002,11420000,0.0,2284,1
2018-02-17 09:02:43,0.0002,11420000,0.0,2284,1
2018-02-17 09:02:43,0.0001,11420000,0.0,1142,1
2018-02-17 09:02:43,0.0856,11420000,0.0,977552,1
2018-02-17 09:02:44,0.6671,11420000,0.0,7618282,1
2018-02-17 09:03:07,0.4068,11415000,0.0,-4643622,0
2018-02-17 09:03:56,0.0001,11422000,0.0,1142,1
2018-02-17 09:05:27,0.4782,11402000,0.0,5452436,1
2018-02-17 09:10:57,0.3234,11403000,0.0,-3687730,0
2018-02-17 09:10:57,0.6795,11403000,0.0,-7748339,0
2018-02-17 09:15:32,0.1,11414000,0.0,1141400,1
2018-02-17 09:19:01,0.1583,11418000,0.0,1807469,1
2018-02-17 09:25:57,0.035,11410000,0.0,399350,1
2018-02-17 09:31:32,0.7904,11400000,0.0,-9010560,0
2018-02-17 09:32:34,0.20580388,11420000,0.0,2350280,1
2018-02-17 09:32:35,1.0,11420000,0.0,11420000,1
2018-02-17 09:33:12,0.0377,11430000,0.0,-430911,0
2018-02-17 09:33:21,0.0013,11435000,0.0,-14866,0
2018-02-17 09:33:50,0.3332,11447000,0.0,3814140,1
2018-02-17 09:35:34,0.0485,11454000,0.0,-555519,0
2018-02-17 09:35:38,0.0628,11455000,0.0,-719374,0
2018-02-17 09:36:07,0.1113,11467000,0.0,1276277,1
2018-02-17 09:42:23,0.001,11479000,0.0,-11479,0
2018-02-17 09:48:29,0.001,11494000,0.0,11494,1
2018-02-17 09:50:28,0.4674,11490000,0.0,-5370426,0
2018-02-17 10:01:55,0.2558,11474000,0.0,-2935049,0
2018-02-17 10:01:55,0.5072,11474000,0.0,-5819613,0
2018-02-17 10:08:33,0.23800001,11513000,0.0,2740094,1
2018-02-17 10:10:43,0.9924,11521000,0.0,11433440,1
2018-02-17 10:17:24,0.0609,11509000,0.0,-700898,0
2018-02-17 10:17:24,0.2631,11509000,0.0,-3028018,0
2018-02-17 10:26:30,0.1,11472000,0.0,-1147200,0
2018-02-17 10:30:11,1.076,11476000,0.0,-12348176,0
2018-02-17 10:37:23,0.096,11539000,0.0,1107744,1
2018-02-17 10:37:24,0.3791,11539000,0.0,4374435,1
2018-02-17 10:39:57,0.09988081,11542000,0.0,1152824,1
2018-02-17 10:39:57,0.92501919,11542000,0.0,10676571,1
2018-02-17 10:42:15,1.5,11560000,0.0,-17340000,0
2018-02-17 10:43:36,0.0661,11560000,0.0,764116,1
2018-02-17 10:45:57,0.8218,11565000,0.0,9504117,1
2018-02-17 10:46:38,0.3070251,11575000,0.0,3553816,1
2018-02-17 10:46:39,0.0856933,11575000,0.0,991900,1
2018-02-17 10:47:27,0.2193,11571000,0.0,2537520,1
2018-02-17 10:50:37,0.0114,11540000,0.0,-131556,0
2018-02-17 10:50:49,0.0114,11555000,0.0,131727,1
2018-02-17 10:58:15,1.5,11550000,0.0,-17325000,0
2018-02-17 11:07:29,1.4933,11664000,0.0,17417851,1
2018-02-17 11:07:54,0.0067,11640000,0.0,77988,1
2018-02-17 11:11:39,0.6084,11607000,0.0,-7061699,0
2018-02-17 11:12:18,0.0205,11625000,0.0,-238313,0
2018-02-17 11:12:33,0.4163,11642000,0.0,4846565,1
2018-02-17 11:13:14,1.0601,11634000,0.0,-12333203,0
2018-02-17 11:13:47,0.4861,11641000,0.0,5658690,1
2018-02-17 11:29:15,0.7866,11659000,0.0,9170969,1
2018-02-17 11:31:43,0.00865699,11676000,0.0,-101079,0
2018-02-17 11:31:43,0.0119,11676000,0.0,-138944,0
2018-02-17 11:31:43,0.88694301,11676000,0.0,-10355947,0
2018-02-17 11:32:21,0.0484,11682000,0.0,565409,1
2018-02-17 11:32:22,0.2791,11682000,0.0,3260446,1
2018-02-17 11:32:57,0.6266,11674000,0.0,-7314928,0
2018-02-17 11:42:50,0.71981347,11689000,0.0,8413900,1
2018-02-17 11:42:51,0.0085,11689000,0.0,99357,1
2018-02-17 11:43:24,0.015,11691000,0.0,-175365,0
2018-02-17 11:47:01,0.0656,11662000,0.0,765027,1
2018-02-17 11:47:01,0.1538,11662000,0.0,1793616,1
2018-02-17 11:47:02,0.0277,11662000,0.0,323037,1
2018-02-17 11:47:02,0.0154,11662000,0.0,179595,1
2018-02-17 11:48:22,0.1835,11645000,0.0,-2136858,0
2018-02-17 11:54:06,0.9525,11630000,0.0,-11077575,0
2018-02-17 11:54:06,0.1332,11630000,0.0,-1549116,0
2018-02-17 11:58:56,0.0086,11596000,0.0,99726,1
2018-02-17 11:58:56,1.4914,11596000,0.0,17294274,1
2018-02-17 11:59:29,0.0999,11600000,0.0,-1158840,0
2018-02-17 12:04:13,0.08039111,11637000,0.0,-935511,0
2018-02-17 12:04:19,0.6691,11640000,0.0,-7788324,0
2018-02-17 12:04:19,0.6506,11640000,0.0,-7572984,0
2018-02-17 12:26:04,0.3121,11655000,0.0,3637526,1
2018-02-17 12:27:33,0.79771621,11658000,0.0,9299776,1
2018-02-17 12:31:00,0.2691,11635000,0.0,-3130979,0
2018-02-17 12:31:16,0.1157,11633000,0.0,-1345938,0
2018-02-17 12:33:52,0.4,11639000,0.0,4655600,1
2018-02-17 12:44:57,0.1284,11654000,0.0,-1496374,0
2018-02-17 12:46:32,0.9966,11667000,0.0,-11627332,0
2018-02-17 13:21:40,0.0869,11781000,0.0,1023769,1
2018-02-17 13:21:42,0.7779,11781000,0.0,9164440,1
2018-02-17 13:23:28,0.86472187,11759000,0.0,-10168264,0
2018-02-17 13:23:28,7.813e-05,11759000,0.0,-919,0
2018-02-17 13:24:32,0.9892,11777000,0.0,11649808,1
2018-02-17 13:24:33,0.0154,11777000,0.0,181366,1
2018-02-17 13:24:50,0.4954,11790000,0.0,5840766,1
2018-02-17 13:27:32,0.0489,11815000,0.0,-577754,0
2018-02-17 13:28:56,0.0168,11819000,0.0,-198559,0
2018-02-17 13:29:15,0.0041,11818000,0.0,-48454,0
2018-02-17 13:31:04,0.0698,11812000,0.0,824478,1
2018-02-17 13:36:42,0.7128,11753000,0.0,-8377538,0
2018-02-17 13:37:10,0.178,11732000,0.0,2088296,1
2018-02-17 13:40:48,0.1432,11754000,0.0,-1683173,0
2018-02-17 13:42:42,0.822,11757000,0.0,-9664254,0
2018-02-17 14:03:34,0.33489998,11799000,0.0,3951485,1
2018-02-17 14:03:35,0.0422,11799000,0.0,497918,1
2018-02-17 14:06:53,1.1229,11786000,0.0,13234499,1
2018-02-17 14:12:09,0.0691,11737000,0.0,-811027,0
2018-02-17 14:12:13,0.2635,11740000,0.0,-3093490,0
2018-02-17 14:12:30,0.3565,11750000,0.0,-4188875,0
2018-02-17 14:12:31,0.8109,11750000,0.0,-9528075,0
2018-02-17 14:15:05,1.5,11738000,0.0,17607000,1
2018-02-17 14:15:18,0.76982009,11740000,0.0,-9037688,0
2018-02-17 14:15:18,7.991e-05,11740000,0.0,-938,0
2018-02-17 14:16:02,0.2908,11753000,0.0,3417772,1
2018-02-17 14:17:07,0.2635,11760000,0.0,3098760,1
2018-02-17 14:17:10,0.17830765,11759000,0.0,2096720,1
2018-02-17 14:21:11,0.0373,11768000,0.0,438946,1
2018-02-17 14:29:39,0.5733,11742000,0.0,-6731689,0
2018-02-17 14:29:43,0.0153,11740000,0.0,-179622,0
2018-02-17 14:31:49,0.8599,11735000,0.0,-10090927,0
2018-02-17 14:34:51,0.9484,11744000,0.0,11138010,1
2018-02-17 14:35:18,0.5675,11730000,0.0,-6656775,0
2018-02-17 14:35:18,0.0014,11730000,0.0,-16422,0
2018-02-17 14:43:05,0.7,11780000,0.0,8246000,1
2018-02-17 14:47:34,0.0742,11761000,0.0,-872666,0
2018-02-17 14:49:17,0.7566,11752000,0.0,-8891563,0
2018-02-17 15:12:17,0.5651,11837000,0.0,6689089,1
2018-02-17 15:12:18,0.0397,11837000,0.0,469929,1
2018-02-17 15:12:18,0.001,11837000,0.0,11837,1
2018-02-17 15:12:21,0.0005,11835000,0.0,5918,1
2018-02-17 15:12:21,0.0047,11835000,0.0,55625,1
2018-02-17 15:12:29,0.1142,11836000,0.0,1351671,1
2018-02-17 15:12:30,0.22741913,11836000,0.0,2691733,1
2018-02-17 15:13:30,0.22844054,11840000,0.0,-2704736,0
2018-02-17 15:13:31,0.1341,11840000,0.0,-1587744,0
2018-02-17 15:13:31,0.0435,11840000,0.0,-515040,0
2018-02-17 15:13:35,0.0036,11841000,0.0,-42628,0
2018-02-17 15:13:35,0.01,11841000,0.0,-118410,0
2018-02-17 15:13:47,0.4005,11849000,0.0,-4745525,0
2018-02-17 15:14:22,0.3826,11848000,0.0,4533045,1
2018-02-17 15:15:29,0.0186,11836000,0.0,220150,1
2018-02-17 15:15:30,0.4223,11836000,0.0,4998343,1
2018-02-17 15:17:49,0.3024,11855000,0.0,-3584952,0
2018-02-17 15:17:53,0.8194,11855000,0.0,-9713987,0
2018-02-17 15:24:56,1.0,11921000,0.0,11921000,1
2018-02-17 15:25:00,0.1406,11921000,0.0,1676093,1
2018-02-17 15:26:12,0.19,11912000,0.0,-2263280,0
2018-02-17 15:26:54,0.0084,11925000,0.0,100170,1
2018-02-17 15:26:54,0.1,11925000,0.0,1192500,1
2018-02-17 15:26:55,0.3066,11925000,0.0,3656205,1
2018-02-17 15:29:18,0.0079,11944000,0.0,-94358,0
2018-02-17 15:29:19,1.0,11944000,0.0,-11944000,0
2018-02-17 15:29:19,0.0201,11944000,0.0,-240074,0
2018-02-17 15:29:19,0.0151,11944000,0.0,-180354,0
2018-02-17 15:29:20,0.0374,11944000,0.0,-446706,0
2018-02-17 15:30:39,0.5795,11977000,0.0,6940672,1
2018-02-17 15:30:40,0.501,11977000,0.0,6000477,1
2018-02-17 15:33:12,0.2426,11951000,0.0,-2899313,0
2018-02-17 15:33:33,0.2426,11942000,0.0,2897129,1
2018-02-17 15:35:00,0.0025,11939000,0.0,-29848,0
2018-02-17 15:35:10,0.4556,11937000,0.0,-5438497,0
2018-02-17 15:35:16,0.1314,11938000,0.0,-1568653,0
2018-02-17 15:36:51,0.0283,11907000,0.0,336968,1
2018-02-17 15:37:04,0.052,11900000,0.0,618800,1
2018-02-17 15:37:04,0.5092,11900000,0.0,6059480,1
2018-02-17 15:37:25,0.2048,11894000,0.0,-2435891,0
2018-02-17 15:37:33,0.0278,11900000,0.0,-330820,0
2018-02-17 15:37:53,0.1114,11903000,0.0,-1325994,0
2018-02-17 15:37:57,0.499,11903000,0.0,-5939597,0
2018-02-17 15:38:47,0.843,11948000,0.0,10072164,1
2018-02-17 15:40:12,0.0151,11972000,0.0,-180777,0
2018-02-17 15:40:51,0.0151,11965000,0.0,180672,1
2018-02-17 15:43:20,0.0799,11950000,0.0,-954805,0
2018-02-17 15:44:28,0.03076474,11945000,0.0,367485,1
2018-02-17 15:44:32,0.0491,11945000,0.0,586500,1
2018-02-17 15:49:17,0.699,11936000,0.0,-8343264,0
2018-02-17 15:50:48,0.1883,11942000,0.0,2248679,1
2018-02-17 15:51:22,0.0735,11930000,0.0,876855,1
2018-02-17 15:52:26,0.3881,11938000,0.0,-4633138,0
2018-02-17 15:52:27,0.0468,11938000,0.0,-558698,0
2018-02-17 15:54:22,0.5346,11971000,0.0,6399697,1
2018-02-17 15:54:22,0.0335,11971000,0.0,401029,1
2018-02-17 15:54:34,0.304,11970000,0.0,3638880,1
2018-02-17 15:56:07,0.0353,12018000,0.0,-424235,0
2018-02-17 15:56:07,0.009,12018000,0.0,-108162,0
2018-02-17 15:56:11,0.03,12048000,0.0,-361440,0
2018-02-17 15:56:15,1.0214,12043000,0.0,-12300720,0
2018-02-17 15:56:15,0.0186,12043000,0.0,-224000,0
2018-02-17 15:57:05,0.0733,12070000,0.0,884731,1
2018-02-17 15:57:05,1.041,12070000,0.0,12564870,1
2018-02-17 15:57:30,0.2282,12029000,0.0,-2745018,0
2018-02-17 15:57:30,0.0149,12029000,0.0,-179232,0
2018-02-17 15:57:34,0.23704521,12029000,0.0,-2851417,0
2018-02-17 15:57:34,0.10715479,12029000,0.0,-1288965,0
2018-02-17 15:57:38,0.87351655,12026000,0.0,-10504910,0
2018-02-17 15:57:39,0.03918345,12026000,0.0,-471220,0
2018-02-17 15:59:32,1.5,12050000,0.0,18075000,1
2018-02-17 15:59:49,0.015,12045000,0.0,-180675,0
2018-02-17 15:59:49,0.095,12045000,0.0,-1144275,0
2018-02-17 16:00:11,0.19409743,12050000,0.0,-2338874,0
2018-02-17 16:00:11,0.3715,12050000,0.0,-4476575,0
2018-02-17 16:00:11,0.05,12050000,0.0,-602500,0
2018-02-17 16:00:12,0.00490257,12050000,0.0,-59076,0
2018-02-17 16:00:33,0.3728,12051000,0.0,-4492613,0
2018-02-17 16:00:52,0.1251,12031000,0.0,1505078,1
2018-02-17 16:01:06,0.02,11995000,0.0,239900,1
2018-02-17 16:01:07,0.4,11995000,0.0,4798000,1
2018-02-17 16:01:44,0.0001,11967000,0.0,-1197,0
2018-02-17 16:01:45,0.2702,11967000,0.0,-3233483,0
2018-02-17 16:02:13,0.7563,11932000,0.0,9024172,1
2018-02-17 16:02:13,0.0722,11932000,0.0,861490,1
2018-02-17 16:09:10,0.113,11961000,0.0,-1351593,0
2018-02-17 16:10:48,0.113,11965000,0.0,1352045,1
2018-02-17 16:12:15,0.78345496,11922000,0.0,-9340350,0
2018-02-17 16:12:55,0.17,11952000,0.0,2031840,1
2018-02-17 16:13:42,0.0377,11930000,0.0,-449761,0
2018-02-17 16:14:54,0.334,11924000,0.0,-3982616,0
2018-02-17 16:20:06,0.9852,11878000,0.0,11702206,1
2018-02-17 16:21:10,0.0303,11868000,0.0,-359600,0
2018-02-17 16:21:18,1.4697,11870000,0.0,-17445339,0
2018-02-17 16:23:39,1.5,11897000,0.0,17845500,1
2018-02-17 16:29:37,0.249,11930000,0.0,-2970570,0
2018-02-17 16:30:52,1.08560105,11957000,0.0,-12980532,0
2018-02-17 16:30:53,0.12749895,11957000,0.0,-1524505,0
2018-02-17 16:31:11,0.51655694,11978000,0.0,6187319,1
2018-02-17 16:37:42,0.1731,11899000,0.0,2059717,1
2018-02-17 16:43:20,0.0842,11929000,0.0,1004422,1
2018-02-17 16:43:20,0.6882,11927000,0.0,8208161,1
2018-02-17 16:52:35,0.1795,11931000,0.0,-2141615,0
2018-02-17 16:52:56,0.3502,11931000,0.0,-4178236,0
2018-02-17 16:54:31,0.58425818,11942000,0.0,-6977211,0
2018-02-17 16:57:29,0.52371401,11949000,0.0,6257859,1
2018-02-17 17:04:13,0.299,11929000,0.0,-3566771,0
2018-02-17 17:12:06,0.00555574,11955000,0.0,66419,1
2018-02-17 17:12:06,0.0852,11955000,0.0,1018566,1
2018-02-17 17:12:06,0.56324426,11955000,0.0,6733585,1
2018-02-17 17:12:06,0.2353,11955000,0.0,2813012,1
2018-02-17 17:15:57,0.4922,11982000,0.0,-5897540,0
2018-02-17 17:16:40,0.1,11990000,0.0,-1199000,0
2018-02-17 17:16:40,0.0305,11990000,0.0,-365695,0
2018-02-17 17:16:44,0.00136066,11989000,0.0,-16313,0
2018-02-17 17:16:44,0.17973934,11989000,0.0,-2154895,0
2018-02-17 17:19:07,0.8038,12032000,0.0,9671322,1
2018-02-17 17:22:15,0.0501,11980000,0.0,-600198,0
2018-02-17 17:24:28,1.4499,12007000,0.0,-17408949,0
2018-02-17 17:33:48,0.02010243,12090000,0.0,243038,1
2018-02-17 17:33:48,1.47989757,12090000,0.0,17891962,1
2018-02-17 17:34:35,0.269,12084000,0.0,-3250596,0
2018-02-17 17:34:55,0.2794,12105000,0.0,-3382137,0
2018-02-17 17:34:56,0.0206,12105000,0.0,-249363,0
2018-02-17 17:35:24,0.49166336,12114000,0.0,5956010,1
2018-02-17 17:35:28,0.0773,12115000,0.0,936490,1
2018-02-17 17:36:24,0.01,12121000,0.0,-121210,0
2018-02-17 17:36:50,0.01,12128000,0.0,121280,1
2018-02-17 17:37:55,1.5,12150000,0.0,-18225000,0
2018-02-17 17:38:15,0.59158522,12175000,0.0,7202550,1
2018-02-17 17:38:15,0.5094,12175000,0.0,6201945,1
2018-02-17 17:38:28,0.12036633,12175000,0.0,1465460,1
2018-02-17 17:38:29,0.27863367,12175000,0.0,3392365,1
2018-02-17 17:41:13,0.3818,12191000,0.0,-4654524,0
2018-02-17 17:41:14,0.2015,12191000,0.0,-2456487,0
2018-02-17 17:42:15,0.8311,12125000,0.0,-10077088,0
2018-02-17 17:43:24,0.0175,12139000,0.0,212433,1
2018-02-17 17:43:24,0.1638,12139000,0.0,1988368,1
2018-02-17 17:47:49,0.0547,12117000,0.0,662800,1
2018-02-17 17:47:50,0.16149682,12117000,0.0,1956857,1
2018-02-17 17:49:58,1.0169,12146000,0.0,12351267,1
2018-02-17 17:50:45,1.0,12141000,0.0,-12141000,0
2018-02-17 17:52:57,1.0,12141000,0.0,12141000,1
2018-02-17 17:54:22,1.4773,12079000,0.0,-17844307,0
2018-02-17 17:54:22,0.0227,12080000,0.0,-274216,0
2018-02-17 18:02:50,0.0323,12106000,0.0,391024,1
2018-02-17 18:07:20,0.44132239,12067000,0.0,5325437,1
2018-02-17 18:11:33,0.4848,12117000,0.0,5874322,1
2018-02-17 18:12:36,0.5416,12120000,0.0,6564192,1
2018-02-17 18:22:35,0.16002109,12178000,0.0,-1948737,0
2018-02-17 18:22:35,0.49917891,12178000,0.0,-6079001,0
2018-02-17 18:22:43,0.6231,12175000,0.0,-7586243,0
2018-02-17 18:23:41,1.2823,12212000,0.0,15659448,1
2018-02-17 18:26:56,0.08255324,12210000,0.0,-1007975,0
2018-02-17 18:26:57,0.04594676,12210000,0.0,-561010,0
2018-02-17 18:27:02,0.0248902,12201000,0.0,-303685,0
2018-02-17 18:27:03,0.0004098,12201000,0.0,-5000,0
2018-02-17 18:27:08,6.314e-05,12210000,0.0,-771,0
2018-02-17 18:28:42,0.1539,12192000,0.0,1876349,1
2018-02-17 18:29:04,0.043,12182000,0.0,-523826,0
2018-02-17 18:29:17,0.0732,12190000,0.0,-892308,0
2018-02-17 18:29:52,0.299,12190000,0.0,-3644810,0
2018-02-17 18:29:55,0.2034,12191000,0.0,-2479649,0
2018-02-17 18:30:09,0.6261,12201000,0.0,-7639046,0
2018-02-17 18:30:59,0.0148,12187000,0.0,180368,1
2018-02-17 18:34:02,1.2299,12162000,0.0,14958044,1
2018-02-17 18:34:50,0.5513,12141000,0.0,-6693333,0
2018-02-17 18:34:51,0.3224,12141000,0.0,-3914258,0
2018-02-17 18:37:55,0.8737,12148000,0.0,10613708,1
2018-02-17 18:38:54,1.5,12120000,0.0,-18180000,0
2018-02-17 18:39:48,0.6306,12126000,0.0,7646656,1
2018-02-17 18:39:49,0.0148,12126000,0.0,179465,1
2018-02-17 18:42:21,0.5138,12130000,0.0,6232394,1
2018-02-17 18:42:46,0.04114641,12137000,0.0,499394,1
2018-02-17 18:43:44,0.04,12139000,0.0,-485560,0
2018-02-17 18:43:56,0.0062,12149000,0.0,-75324,0
2018-02-17 18:47:32,0.3458,12180000,0.0,4211844,1
2018-02-17 18:50:30,0.5563,12124000,0.0,-6744581,0
2018-02-17 18:50:41,0.2679,12125000,0.0,-3248288,0
2018-02-17 18:50:42,0.1196,12125000,0.0,-1450150,0
2018-02-17 18:52:16,0.0525962,12111000,0.0,636993,1
2018-02-17 18:52:16,0.3998,12111000,0.0,4841978,1
2018-02-17 18:53:04,0.1501,12087000,0.0,-1814259,0
2018-02-17 18:53:43,0.687,12109000,0.0,-8318883,0
2018-02-17 18:53:44,0.1715,12109000,0.0,-2076694,0
2018-02-17 18:56:57,0.35,12087000,0.0,4230450,1
2018-02-17 18:56:57,0.0473,12095000,0.0,572094,1
2018-02-17 18:56:58,0.1,12087000,0.0,1208700,1
2018-02-17 18:56:58,0.027,12087000,0.0,326349,1
2018-02-17 18:56:58,0.2799,12087000,0.0,3383151,1
2018-02-17 18:57:02,0.63,12085000,0.0,7613550,1
2018-02-17 18:57:03,0.0658,12080000,0.0,794864,1
2018-02-17 18:58:24,1.5,12044000,0.0,-18066000,0
2018-02-17 19:02:44,1.5,12004000,0.0,18006000,1
2018-02-17 19:04:50,0.0033,11984000,0.0,-39547,0
2018-02-17 19:04:50,0.0632,11984000,0.0,-757389,0
2018-02-17 19:04:57,0.0665,11983000,0.0,796870,1
2018-02-17 19:08:22,0.6968,11968000,0.0,-8339302,0
2018-02-17 19:08:57,0.0189,11983000,0.0,-226479,0
2018-02-17 19:09:59,0.0489,11992000,0.0,-586409,0
2018-02-17 19:10:36,0.7646,12014000,0.0,9185904,1
2018-02-17 19:11:00,0.2001,12021000,0.0,-2405402,0
2018-02-17 19:11:00,0.5916,12021000,0.0,-7111624,0
2018-02-17 19:11:01,0.0325,12021000,0.0,-390683,0
2018-02-17 19:11:23,0.8242,12020000,0.0,9906884,1
2018-02-17 19:14:26,0.6369,12050000,0.0,-7674645,0
2018-02-17 19:14:26,0.0489,12050000,0.0,-589245,0
2018-02-17 19:14:30,0.007,12053000,0.0,-84371,0
2018-02-17 19:14:47,0.3134,12058000,0.0,-3778977,0
2018-02-17 19:14:47,0.0829,12058000,0.0,-999608,0
2018-02-17 19:16:15,0.2169,12080000,0.0,2620152,1
2018-02-17 19:16:15,0.085,12080000,0.0,1026800,1
2018-02-17 19:22:28,0.7872,12051000,0.0,9486547,1
2018-02-17 19:23:59,0.0541,12043000,0.0,-651526,0
2018-02-17 19:28:35,0.4851,12066000,0.0,-5853217,0
2018-02-17 19:28:41,0.5392,12071000,0.0,6508683,1
2018-02-17 19:31:33,1.5,12090000,0.0,-18135000,0
2018-02-17 19:32:12,0.0729,12096000,0.0,881798,1
2018-02-17 19:32:14,0.6877,12096000,0.0,8318419,1
2018-02-17 19:33:21,0.2,12106000,0.0,2421200,1
2018-02-17 19:33:21,0.0023,12102000,0.0,27835,1
2018-02-17 19:33:53,0.0025,12080000,0.0,-30200,0
2018-02-17 19:34:18,0.3594,12095000,0.0,-4346943,0
2018-02-17 19:34:18,0.299,12094000,0.0,-3616106,0
2018-02-17 19:36:07,0.0061,12117000,0.0,73914,1
2018-02-17 19:39:34,0.0575,12137000,0.0,697878,1
2018-02-17 19:39:40,1.1344,12130000,0.0,13760272,1
2018-02-17 19:43:17,0.0114,12070000,0.0,-137598,0
2018-02-17 19:44:23,0.0157,12070000,0.0,-189499,0
2018-02-17 19:45:55,0.0761,12078000,0.0,-919136,0
2018-02-17 19:45:55,0.0555,12078000,0.0,-670329,0
2018-02-17 19:45:55,0.0125,12078000,0.0,-150975,0
2018-02-17 19:45:55,0.0227,12078000,0.0,-274171,0
2018-02-17 19:50:51,0.0313,12052000,0.0,-377228,0
2018-02-17 19:51:17,0.0956,12081000,0.0,1154944,1
2018-02-17 19:51:49,0.4401,12055000,0.0,-5305406,0
2018-02-17 19:51:57,0.36509372,12064000,0.0,-4404491,0
2018-02-17 19:57:17,0.9348,12031000,0.0,11246579,1
2018-02-17 20:01:08,0.1401,12065000,0.0,-1690307,0
2018-02-17 20:01:29,0.1102,12056000,0.0,-1328571,0
2018-02-17 20:03:17,0.2503,12077000,0.0,3022873,1
2018-02-17 20:07:40,1.5,12030000,0.0,-18045000,0
2018-02-17 20:19:28,0.3508,12101000,0.0,4245031,1
2018-02-17 20:19:28,0.2102,12101000,0.0,2543630,1
2018-02-17 20:26:11,0.4132,12097000,0.0,4998480,1
2018-02-17 20:26:18,0.5258,12095000,0.0,6359551,1
2018-02-17 20:31:02,0.0325,12132000,0.0,-394290,0
2018-02-17 20:31:13,0.0325,12140000,0.0,394550,1
2018-02-17 20:34:04,1.5,12113000,0.0,-18169500,0
2018-02-17 20:45:39,1.5,12149000,0.0,18223500,1
2018-02-17 20:48:32,0.8123,12158000,0.0,-9875943,0
2018-02-17 20:48:32,0.0072,12156000,0.0,-87523,0
2018-02-17 20:56:24,0.8195,12164000,0.0,9968398,1
2018-02-17 20:58:25,0.799,12131000,0.0,-9692669,0
2018-02-17 20:58:45,0.0005,12144000,0.0,6072,1
2018-02-17 20:59:02,0.7985,12140000,0.0,9693790,1
2018-02-17 21:00:50,1.5,12131000,0.0,-18196500,0
2018-02-17 21:01:30,0.6117,12148000,0.0,7430932,1
2018-02-17 21:01:31,0.3378,12148000,0.0,4103594,1
2018-02-17 21:06:44,0.19847151,12177000,0.0,2416788,1
2018-02-17 21:07:04,0.6812,12157000,0.0,-8281348,0
2018-02-17 21:07:04,0.4667,12158000,0.0,-5674139,0
2018-02-17 21:11:17,1.1284,12213000,0.0,13781149,1
2018-02-17 21:11:26,0.3716,12209000,0.0,4536864,1
2018-02-17 21:13:48,0.4198,12218000,0.0,-5129116,0
2018-02-17 21:14:08,0.0572,12225000,0.0,699270,1
2018-02-17 21:14:09,0.02056474,12225000,0.0,251404,1
2018-02-17 21:15:42,0.0443,12208000,0.0,540814,1
2018-02-17 21:16:14,0.7661,12165000,0.0,-9319607,0
2018-02-17 21:16:14,0.4362,12164000,0.0,-5305937,0
2018-02-17 21:25:39,0.0008,12207000,0.0,9766,1
2018-02-17 21:26:18,1.4992,12205000,0.0,18297736,1
2018-02-17 21:27:19,0.3041,12187000,0.0,-3706067,0
2018-02-17 21:27:43,0.2048,12182000,0.0,2494874,1
2018-02-17 21:27:44,0.089,12182000,0.0,1084198,1
2018-02-17 21:27:44,0.0103,12182000,0.0,125475,1
2018-02-17 21:29:46,0.0149,12122000,0.0,-180618,0
2018-02-17 21:29:54,0.35973709,12114000,0.0,-4357855,0
2018-02-17 21:30:18,0.0955,12122000,0.0,1157651,1
2018-02-17 21:30:18,0.2791,12122000,0.0,3383250,1
2018-02-17 21:31:00,1.5,12110000,0.0,-18165000,0
2018-02-17 21:34:15,1.5,12112000,0.0,18168000,1
2018-02-17 21:34:23,0.0083,12111000,0.0,-100521,0
2018-02-17 21:34:41,0.0011,12103000,0.0,-13313,0
2018-02-17 21:36:41,0.24993681,12118000,0.0,-3028734,0
2018-02-17 21:36:41,0.58446319,12118000,0.0,-7082525,0
2018-02-17 21:36:41,0.3492,12118000,0.0,-4231606,0
2018-02-17 21:43:25,0.02789405,12139000,0.0,338606,1
2018-02-17 21:44:53,0.6,12121000,0.0,7272600,1
2018-02-17 21:44:54,0.5651,12121000,0.0,6849577,1
2018-02-17 21:44:58,0.4789,12121000,0.0,-5804747,0
2018-02-17 21:45:17,0.365,12112000,0.0,-4420880,0
2018-02-17 21:45:17,0.0062,12112000,0.0,-75094,0
2018-02-17 21:50:01,0.8501,12103000,0.0,10288760,1
2018-02-17 21:56:08,0.0747,12074000,0.0,-901928,0
2018-02-17 21:57:47,0.8721,12039000,0.0,-10499212,0
2018-02-17 22:00:38,0.2308,12081000,0.0,2788295,1
2018-02-17 22:00:55,0.1587,12078000,0.0,1916779,1
2018-02-17 22:02:45,0.5573,12072000,0.0,6727726,1
2018-02-17 22:06:52,3.777e-05,12042000,0.0,-455,0
2018-02-17 22:06:53,0.25316223,12042000,0.0,-3048580,0
2018-02-17 22:07:09,1.2467,12050000,0.0,-15022735,0
2018-02-17 22:07:40,0.186,12012000,0.0,2234232,1
2018-02-17 22:07:40,0.0797,12012000,0.0,957356,1
2018-02-17 22:07:41,0.076,12012000,0.0,912912,1
2018-02-17 22:07:53,1.1582,12001000,0.0,13899558,1
2018-02-17 22:08:57,1.0236,11995000,0.0,-12278082,0
2018-02-17 22:11:09,0.03528822,12021000,0.0,424200,1
2018-02-17 22:11:09,0.0873,12021000,0.0,1049433,1
2018-02-17 22:11:09,0.4337,12021000,0.0,5213508,1
2018-02-17 22:11:15,0.0949,12003000,0.0,-1139085,0
2018-02-17 22:12:14,0.16314984,12000000,0.0,1957798,1
2018-02-17 22:12:14,0.0018,12000000,0.0,21600,1
2018-02-17 22:12:18,0.3973,11998000,0.0,4766805,1
2018-02-17 22:13:07,0.8002,11972000,0.0,-9579994,0
2018-02-17 22:14:55,0.8002,11989000,0.0,9593598,1
2018-02-17 22:16:04,0.8623,12021000,0.0,-10365708,0
2018-02-17 22:16:04,0.018,12021000,0.0,-216378,0
2018-02-17 22:16:46,0.8803,12032000,0.0,10591770,1
2018-02-17 22:18:49,0.293,11999000,0.0,-3515707,0
2018-02-17 22:18:53,9.6e-06,12000000,0.0,-115,0
2018-02-17 22:18:58,0.0835,12000000,0.0,-1002000,0
2018-02-17 22:19:16,0.0118,12000000,0.0,-141600,0
2018-02-17 22:25:32,0.0608,12002000,0.0,-729722,0
2018-02-17 22:26:23,0.2891,11985000,0.0,-3464864,0
2018-02-17 22:27:26,0.00100819,11991000,0.0,-12089,0
2018-02-17 22:27:26,0.17,11991000,0.0,-2038470,0
2018-02-17 22:27:26,0.11239181,11991000,0.0,-1347690,0
2018-02-17 22:41:32,0.0636,12046000,0.0,766126,1
2018-02-17 22:44:13,0.4174,12023000,0.0,5018400,1
2018-02-17 22:45:26,0.3745,12016000,0.0,-4499992,0
2018-02-17 22:49:37,0.01,12001000,0.0,120010,1
2018-02-17 22:53:59,0.6062,11999000,0.0,7273794,1
2018-02-17 22:53:59,0.1421,11999000,0.0,1705058,1
2018-02-17 22:53:59,0.003,11999000,0.0,35997,1
2018-02-17 22:53:59,0.0642,11999000,0.0,770336,1
2018-02-17 22:53:59,0.0375,11999000,0.0,449963,1
2018-02-17 22:53:59,0.0521,11999000,0.0,625148,1
2018-02-17 22:55:34,0.01357137,12002000,0.0,-162884,0
2018-02-17 22:55:34,0.0049,12002000,0.0,-58810,0
2018-02-17 22:55:34,0.13072863,12002000,0.0,-1569005,0
2018-02-17 22:57:30,0.0048,11985000,0.0,57528,1
2018-02-17 22:59:48,0.0737,11950000,0.0,880715,1
2018-02-17 22:59:48,0.0083,11950000,0.0,99185,1
2018-02-17 22:59:48,0.0114,11950000,0.0,136230,1
2018-02-17 22:59:48,0.05,11950000,0.0,597500,1
2018-02-17 22:59:48,0.001,11950000,0.0,11950,1
2018-02-17 23:00:11,1.5,11929000,0.0,-17893500,0
2018-02-17 23:00:29,0.0333,11941000,0.0,397635,1
2018-02-17 23:00:30,0.01,11941000,0.0,119410,1
2018-02-17 23:00:30,0.016,11941000,0.0,191056,1
2018-02-17 23:01:45,0.1111,11900000,0.0,1322090,1
2018-02-17 23:01:45,0.168,11900000,0.0,1999200,1
2018-02-17 23:01:45,1.1616,11900000,0.0,13823040,1
2018-02-17 23:03:07,0.0026,11853000,0.0,-30818,0
2018-02-17 23:03:08,0.002,11853000,0.0,-23706,0
2018-02-17 23:03:45,0.0046,11850000,0.0,54510,1
2018-02-17 23:04:54,0.4548,11866000,0.0,-5396657,0
2018-02-17 23:04:58,0.4302,11873000,0.0,-5107765,0
2018-02-17 23:06:44,0.885,11861000,0.0,10496985,1
2018-02-17 23:07:14,0.5516,11860000,0.0,-6541976,0
2018-02-17 23:07:25,0.4813,11855000,0.0,-5705812,0
2018-02-17 23:07:42,0.1334,11875000,0.0,1584125,1
2018-02-17 23:07:46,0.8995,11884000,0.0,10689658,1
2018-02-17 23:09:51,1.0111,11891000,0.0,-12022990,0
2018-02-17 23:12:18,1.0111,11909000,0.0,12041190,1
2018-02-17 23:13:35,0.0164,11896000,0.0,-195094,0
2018-02-17 23:13:52,0.0486,11904000,0.0,-578534,0
2018-02-17 23:14:45,0.0105,11890000,0.0,124845,1
2018-02-17 23:15:35,0.0545,11886000,0.0,647787,1
2018-02-17 23:23:12,0.2422,11763000,0.0,-2848999,0
2018-02-17 23:23:17,0.3118,11761000,0.0,-3667080,0
2018-02-17 23:23:42,0.43055105,11750000,0.0,5058975,1
2018-02-17 23:23:42,0.005,11750000,0.0,58750,1
2018-02-17 23:23:42,0.11844895,11750000,0.0,1391775,1
2018-02-17 23:25:04,1.5,11786000,0.0,-17679000,0
2018-02-17 23:28:53,0.0063,11650000,0.0,73395,1
2018-02-17 23:28:55,0.0031,11650000,0.0,36115,1
2018-02-17 23:28:56,1.4906,11650000,0.0,17365490,1
2018-02-17 23:29:15,0.44362818,11656000,0.0,-5170930,0
2018-02-17 23:29:16,0.43257182,11656000,0.0,-5042057,0
2018-02-17 23:30:35,0.2081,11683000,0.0,2431232,1
2018-02-17 23:30:35,0.31,11676000,0.0,3619560,1
2018-02-17 23:30:36,0.3581,11676000,0.0,4181176,1
2018-02-17 23:31:02,0.005,11711000,0.0,-58555,0
2018-02-17 23:31:03,0.0909,11711000,0.0,-1064530,0
2018-02-17 23:31:11,0.0959,11735000,0.0,1125387,1
2018-02-17 23:31:18,0.1,11735000,0.0,-1173500,0
2018-02-17 23:31:39,1.0772,11741000,0.0,-12647405,0
2018-02-17 23:32:50,0.6392,11760000,0.0,7516992,1
2018-02-17 23:32:50,0.05,11760000,0.0,588000,1
2018-02-17 23:32:54,0.0938,11767000,0.0,1103745,1
2018-02-17 23:33:11,0.1153,11768000,0.0,1356850,1
2018-02-17 23:33:11,0.2789,11768000,0.0,3282095,1
2018-02-17 23:34:19,0.9,11798000,0.0,-10618200,0
2018-02-17 23:36:09,0.9,11803000,0.0,10622700,1
2018-02-17 23:38:36,0.0469,11839000,0.0,-555249,0
2018-02-17 23:38:46,0.0469,11865000,0.0,556469,1
2018-02-17 23:45:44,0.0168,11849000,0.0,-199063,0
2018-02-17 23:45:47,0.7317,11849000,0.0,-8669913,0
2018-02-17 23:45:53,0.7514,11858000,0.0,-8910101,0
2018-02-17 23:53:44,0.068,11830000,0.0,804440,1
2018-02-17 23:53:44,0.4125,11830000,0.0,4879875,1
2018-02-17 23:53:44,0.059,11830000,0.0,697970,1
2018-02-17 23:53:44,0.1,11830000,0.0,1183000,1
2018-02-17 23:53:45,0.4287,11830000,0.0,5071521,1
2018-02-17 23:53:45,0.0533,11830000,0.0,630539,1
2018-02-17 23:53:45,0.0845,11830000,0.0,999635,1
2018-02-17 23:53:45,0.2939,11830000,0.0,3476837,1
2018-02-17 23:55:04,0.6663,11800000,0.0,-7862340,0
2018-02-17 23:55:05,0.0098,11800000,0.0,-115640,0
2018-02-17 23:56:41,0.6761,11770000,0.0,7957697,1
2018-02-17 23:57:30,0.0429,11760000,0.0,-504504,0
2018-02-17 23:58:04,0.0429,11777000,0.0,505233,1
2018-02-18 00:02:00,0.03422567,11880000,0.0,-406601,0
2018-02-18 00:02:01,0.05,11880000,0.0,-594000,0
2018-02-18 00:02:01,0.00817433,11880000,0.0,-97111,0
2018-02-18 00:02:22,0.0924,11877000,0.0,1097435,1
2018-02-18 00:04:39,0.5291,11894000,0.0,-6293115,0
2018-02-18 00:04:39,0.0152,11894000,0.0,-180789,0
2018-02-18 00:04:40,0.0362,11894000,0.0,-430563,0
2018-02-18 00:05:17,0.1641,11910000,0.0,-1954431,0
2018-02-18 00:05:25,0.0307,11919000,0.0,365913,1
2018-02-18 00:06:21,0.5028,11919000,0.0,5992873,1
2018-02-18 00:06:21,0.0168,11919000,0.0,200239,1
2018-02-18 00:06:21,0.1943,11919000,0.0,2315862,1
2018-02-18 00:07:47,0.4259,11956000,0.0,-5092060,0
2018-02-18 00:09:35,0.02,11962000,0.0,239240,1
2018-02-18 00:09:35,0.01,11962000,0.0,119620,1
2018-02-18 00:09:35,0.0027,11962000,0.0,32297,1
2018-02-18 00:09:36,0.0028,11962000,0.0,33494,1
2018-02-18 00:09:40,0.3904,11950000,0.0,4665280,1
2018-02-18 00:11:56,0.0025,11920000,0.0,-29800,0
2018-02-18 00:12:00,0.4507,11922000,0.0,-5373245,0
2018-02-18 00:12:58,0.0033,11946000,0.0,-39422,0
2018-02-18 00:13:27,0.4565,11957000,0.0,5458371,1
2018-02-18 00:15:10,0.9183,11973000,0.0,-10994806,0
2018-02-18 00:27:10,0.0152,11900000,0.0,180880,1
2018-02-18 00:28:59,0.0179,11898000,0.0,212974,1
2018-02-18 00:29:12,0.00382522,11901000,0.0,45524,1
2018-02-18 00:29:19,0.0084,11899000,0.0,99952,1
2018-02-18 00:29:19,0.0138,11899000,0.0,164206,1
2018-02-18 00:32:53,0.24220659,11887000,0.0,2879110,1
2018-02-18 00:33:08,0.1889,11876000,0.0,2243376,1
2018-02-18 00:34:03,0.4281,11860000,0.0,5077266,1
2018-02-18 00:35:23,1.5,11846000,0.0,-17769000,0
2018-02-18 00:35:35,0.009,11879000,0.0,106911,1
2018-02-18 00:35:55,0.8169,11879000,0.0,9703955,1
2018-02-18 00:36:10,0.8259,11873000,0.0,-9805911,0
2018-02-18 00:40:36,0.0783,11877000,0.0,929969,1
2018-02-18 00:40:43,0.0994,11870000,0.0,1179878,1
2018-02-18 00:40:43,1.3223,11870000,0.0,15695701,1
2018-02-18 00:43:50,0.20243876,11903000,0.0,-2409629,0
2018-02-18 00:43:51,0.43796124,11903000,0.0,-5213053,0
2018-02-18 00:44:19,0.2303,11929000,0.0,2747249,1
2018-02-18 00:44:20,0.3411,11929000,0.0,4068982,1
2018-02-18 00:45:06,0.069,11922000,0.0,822618,1
2018-02-18 00:55:03,0.01494294,11928000,0.0,-178239,0
2018-02-18 00:55:06,0.0063,11928000,0.0,-75146,0
2018-02-18 00:55:15,0.7635,11931000,0.0,-9109319,0
2018-02-18 01:08:32,0.0354,11959000,0.0,423349,1
2018-02-18 01:14:14,0.7493,11924000,0.0,8934653,1
2018-02-18 01:15:45,8.282e-05,11900000,0.0,-986,0
2018-02-18 01:17:19,7.948e-05,11913000,0.0,-947,0
2018-02-18 01:17:39,0.099,11924000,0.0,-1180476,0
2018-02-18 01:17:45,0.0001,11926000,0.0,-1193,0
2018-02-18 01:17:45,0.0387,11926000,0.0,-461536,0
2018-02-18 01:18:08,0.138,11936000,0.0,1647168,1
2018-02-18 01:22:04,0.0683,11953000,0.0,-816390,0
2018-02-18 01:23:09,0.0683,11957000,0.0,816663,1
2018-02-18 01:25:10,1.5,11966000,0.0,-17949000,0
2018-02-18 01:30:34,0.0003,11982000,0.0,3595,1
2018-02-18 01:30:34,1.4997,11982000,0.0,17969405,1
2018-02-18 01:32:07,0.7811,11997000,0.0,-9370857,0
2018-02-18 01:36:30,0.0022,11989000,0.0,26376,1
2018-02-18 01:37:06,0.26820567,11992000,0.0,3216322,1
2018-02-18 01:38:04,0.0035,12000000,0.0,-42000,0
2018-02-18 01:38:04,0.0085,12000000,0.0,-102000,0
2018-02-18 01:38:04,0.74472185,12000000,0.0,-8936662,0
2018-02-18 01:38:04,0.23257815,12000000,0.0,-2790938,0
2018-02-18 01:43:44,3.477e-05,12010000,0.0,418,1
2018-02-18 01:43:45,0.0201,12010000,0.0,241401,1
2018-02-18 01:44:20,1.4798,12016000,0.0,17781277,1
2018-02-18 01:44:29,0.01,12021000,0.0,-120210,0
2018-02-18 01:44:29,0.0447,12021000,0.0,-537339,0
2018-02-18 01:44:36,0.0043,12023000,0.0,-51699,0
2018-02-18 01:44:56,0.059,12026000,0.0,709534,1
2018-02-18 01:45:09,0.5306,12019000,0.0,-6377281,0
2018-02-18 01:45:13,0.02505807,12020000,0.0,-301198,0
2018-02-18 01:45:13,0.05574193,12020000,0.0,-670018,0
2018-02-18 01:46:12,0.5294,12039000,0.0,6373447,1
2018-02-18 01:46:12,0.082,12039000,0.0,987198,1
2018-02-18 02:03:06,1.5,12010000,0.0,-18015000,0
2018-02-18 02:04:22,0.121,12015000,0.0,1453815,1
2018-02-18 02:04:23,0.001,12015000,0.0,12015,1
2018-02-18 02:04:25,0.9956,12016000,0.0,11963130,1
2018-02-18 02:04:25,0.0075,12014000,0.0,90105,1
2018-02-18 02:08:40,0.0813,11990000,0.0,-974787,0
2018-02-18 02:09:45,0.0472,11987000,0.0,565786,1
2018-02-18 02:09:59,0.409,11989000,0.0,4903501,1
2018-02-18 02:17:29,1.5,12017000,0.0,-18025500,0
2018-02-18 02:18:38,1.4342,12028000,0.0,17250558,1
2018-02-18 02:18:38,0.0658,12028000,0.0,791442,1
2018-02-18 02:22:14,0.5343,12021000,0.0,-6422820,0
2018-02-18 02:24:03,0.16004146,12044000,0.0,1927539,1
2018-02-18 02:24:03,0.37425854,12044000,0.0,4507570,1
2018-02-18 02:35:16,0.4761,11993000,0.0,-5709867,0
2018-02-18 02:37:10,0.2561,12022000,0.0,3078834,1
2018-02-18 02:37:10,0.1663,12022000,0.0,1999259,1
2018-02-18 02:37:10,0.0038,12022000,0.0,45684,1
2018-02-18 02:38:29,0.0499,12024000,0.0,599998,1
2018-02-18 02:47:03,0.4698,12038000,0.0,-5655452,0
2018-02-18 02:48:01,0.4698,12048000,0.0,5660150,1
2018-02-18 02:49:37,0.893,12029000,0.0,-10741897,0
2018-02-18 02:49:38,0.607,12030000,0.0,-7302210,0
2018-02-18 03:04:43,0.70711463,11961000,0.0,8457798,1
2018-02-18 03:04:44,0.79288537,11961000,0.0,9483702,1
2018-02-18 03:05:24,0.399,11969000,0.0,-4775631,0
2018-02-18 03:05:24,0.3586,11970000,0.0,-4292442,0
2018-02-18 03:15:02,0.0018,11974000,0.0,21553,1
2018-02-18 03:15:41,0.02,11970000,0.0,239400,1
2018-02-18 03:20:39,0.001,11996000,0.0,11996,1
2018-02-18 03:24:42,0.1487,11940000,0.0,1775478,1
2018-02-18 03:24:42,0.3986,11940000,0.0,4759284,1
2018-02-18 03:24:43,0.1875,11940000,0.0,2238750,1
2018-02-18 03:25:31,0.3075,11937000,0.0,-3670628,0
2018-02-18 03:26:00,0.4019,11949000,0.0,-4802303,0
2018-02-18 03:29:16,0.0035,11960000,0.0,-41860,0
2018-02-18 03:29:16,0.0622,11960000,0.0,-743912,0
2018-02-18 03:30:17,0.5117,11983000,0.0,6131701,1
2018-02-18 03:30:18,0.1,11982000,0.0,1198200,1
2018-02-18 03:34:16,0.006,12007000,0.0,-72042,0
2018-02-18 03:36:54,0.1694,11990000,0.0,2031106,1
2018-02-18 03:45:35,0.1056,11985000,0.0,-1265616,0
2018-02-18 03:46:30,0.0288,11985000,0.0,345168,1
2018-02-18 03:46:31,0.0768,11985000,0.0,920448,1
2018-02-18 04:03:23,0.699,11995000,0.0,-8384505,0
2018-02-18 04:08:43,0.699,11991000,0.0,8381709,1
2018-02-18 04:21:45,0.001,12010000,0.0,-12010,0
2018-02-18 04:24:02,0.0866,12000000,0.0,-1039200,0
2018-02-18 04:27:28,0.3746,11995000,0.0,-4493327,0
2018-02-18 04:28:11,0.1232,11990000,0.0,-1477168,0
2018-02-18 04:28:15,0.737,11990000,0.0,-8836630,0
2018-02-18 04:28:47,0.1559,11997000,0.0,1870332,1
2018-02-18 04:38:03,0.0149,11988000,0.0,178621,1
2018-02-18 04:39:08,0.9391,11994000,0.0,11263565,1
2018-02-18 04:39:13,0.2125,11993000,0.0,2548513,1
2018-02-18 04:39:23,0.0218,11998000,0.0,-261556,0
2018-02-18 04:40:02,0.0218,11997000,0.0,261535,1
2018-02-18 04:45:18,0.099,11992000,0.0,-1187208,0
2018-02-18 04:51:55,1.401,11950000,0.0,-16741950,0
2018-02-18 04:57:54,0.0194,11972000,0.0,232257,1
2018-02-18 05:20:01,0.0196,11937000,0.0,233965,1
2018-02-18 05:28:12,0.0206,11946000,0.0,246088,1
2018-02-18 05:28:27,0.8893,11940000,0.0,10618242,1
2018-02-18 05:28:27,0.0038,11940000,0.0,45372,1
2018-02-18 05:28:32,0.3853,11940000,0.0,4600482,1
2018-02-18 05:28:37,0.162,11936000,0.0,1933632,1
2018-02-18 05:30:36,0.5254591,11952000,0.0,-6280287,0
2018-02-18 05:30:59,0.0001,11965000,0.0,1197,1
2018-02-18 05:31:26,0.326,11954000,0.0,3897004,1
2018-02-18 05:37:25,0.6823,11950000,0.0,-8153485,0
2018-02-18 05:42:08,0.6522,11978000,0.0,7812052,1
2018-02-18 05:42:12,0.166,11979000,0.0,1988514,1
2018-02-18 05:42:13,0.0635,11979000,0.0,760667,1
2018-02-18 05:55:39,0.0091,12007000,0.0,-109264,0
2018-02-18 05:56:31,0.0091,12031000,0.0,109482,1
2018-02-18 06:07:27,0.3097,12085000,0.0,-3742725,0
2018-02-18 06:07:27,0.0499,12085000,0.0,-603042,0
2018-02-18 06:08:58,0.282,12080000,0.0,-3406560,0
2018-02-18 06:10:03,0.45246507,12080000,0.0,5465778,1
2018-02-18 06:10:03,0.18913493,12080000,0.0,2284750,1
2018-02-18 06:13:54,0.0139,12069000,0.0,-167759,0
2018-02-18 06:14:36,0.0139,12068000,0.0,167745,1
2018-02-18 06:16:31,0.0035,12067000,0.0,-42235,0
2018-02-18 06:17:44,0.0035,12055000,0.0,42193,1
2018-02-18 06:48:24,0.0001,12061000,0.0,-1206,0
2018-02-18 06:49:05,0.0413,12060000,0.0,-498078,0
2018-02-18 06:49:40,0.0414,12060000,0.0,499284,1
2018-02-18 06:58:46,0.0763,12065000,0.0,-920560,0
2018-02-18 07:02:29,0.1448,12039000,0.0,-1743247,0
2018-02-18 07:02:29,0.1279,12039000,0.0,-1539788,0
2018-02-18 07:02:44,0.0508,12048000,0.0,-612038,0
2018-02-18 07:02:44,0.0411,12048000,0.0,-495173,0
2018-02-18 07:06:48,0.1989,12060000,0.0,2398734,1
2018-02-18 07:06:48,0.004,12064000,0.0,48256,1
2018-02-18 07:06:48,0.238,12060000,0.0,2870280,1
2018-02-18 07:13:31,1.2633,12041000,0.0,-15211395,0
2018-02-18 07:16:55,1.0,12041000,0.0,12041000,1
2018-02-18 07:16:59,0.2633,12040000,0.0,3170132,1
2018-02-18 07:18:54,0.0305,12034000,0.0,-367037,0
2018-02-18 07:18:59,0.0305,12033000,0.0,367007,1
2018-02-18 07:19:15,0.0076,12033000,0.0,-91451,0
2018-02-18 07:19:52,1.4924,12034000,0.0,-17959542,0
2018-02-18 07:21:26,0.9486,12056000,0.0,11436322,1
2018-02-18 07:21:30,0.5514,12063000,0.0,6651538,1
2018-02-18 07:23:06,0.0065,12051000,0.0,-78332,0
2018-02-18 07:23:15,0.0086,12050000,0.0,-103630,0
2018-02-18 07:23:56,0.0489,12051000,0.0,-589294,0
2018-02-18 07:31:30,0.2181,12075000,0.0,-2633558,0
2018-02-18 07:32:03,0.6791,12083000,0.0,-8205565,0
2018-02-18 07:36:08,0.00847942,12133000,0.0,102881,1
2018-02-18 07:39:53,0.1377,12133000,0.0,1670714,1
2018-02-18 07:40:15,0.815,12144000,0.0,9897360,1
2018-02-18 07:43:08,1.4358,12171000,0.0,-17475122,0
2018-02-18 07:47:09,0.4195,12190000,0.0,5113705,1
2018-02-18 07:47:10,0.1,12190000,0.0,1219000,1
2018-02-18 07:48:10,0.3623,12187000,0.0,4415350,1
2018-02-18 07:48:13,0.4432,12188000,0.0,5401722,1
2018-02-18 07:48:13,0.1108,12188000,0.0,1350430,1
2018-02-18 07:49:24,0.6248,12196000,0.0,-7620061,0
2018-02-18 07:49:24,0.8752,12196000,0.0,-10673939,0
2018-02-18 07:53:10,0.0434,12180000,0.0,528612,1
2018-02-18 07:53:10,0.4052,12180000,0.0,4935336,1
2018-02-18 07:53:14,1.0513,12180000,0.0,12804834,1
2018-02-18 07:53:57,0.0001,12170000,0.0,1217,1
2018-02-18 07:55:18,0.004,12197000,0.0,-48788,0
2018-02-18 07:55:18,0.199,12197000,0.0,-2427203,0
2018-02-18 07:55:18,0.4223,12197000,0.0,-5150793,0
2018-02-18 07:55:50,0.07610361,12198000,0.0,-928312,0
2018-02-18 07:55:51,0.01299639,12198000,0.0,-158530,0
2018-02-18 07:55:55,0.014424,12199000,0.0,-175958,0
2018-02-18 07:55:55,0.771176,12199000,0.0,-9407576,0
2018-02-18 08:07:52,0.01005199,12255000,0.0,123187,1
2018-02-18 08:14:05,0.17906903,12312000,0.0,2204698,1
2018-02-18 08:14:05,1.31093097,12312000,0.0,16140182,1
2018-02-18 08:14:55,0.1021,12323000,0.0,-1258178,0
2018-02-18 08:15:40,0.1021,12291000,0.0,1254911,1
2018-02-18 08:18:49,0.9495,12300000,0.0,-11678850,0
2018-02-18 08:18:49,0.208,12300000,0.0,-2558400,0
2018-02-18 08:19:26,0.1148,12292000,0.0,1411122,1
2018-02-18 08:19:53,0.4708,12300000,0.0,5790840,1
2018-02-18 08:19:53,0.2724,12300000,0.0,3350520,1
2018-02-18 08:20:02,0.2995,12300000,0.0,3683850,1
2018-02-18 08:21:08,1.5,12330000,0.0,-18495000,0
2018-02-18 08:24:28,0.1468,12342000,0.0,1811806,1
2018-02-18 08:24:29,0.1066,12342000,0.0,1315657,1
2018-02-18 08:24:31,1.2466,12340000,0.0,15383044,1
2018-02-18 08:25:22,0.56638754,12345000,0.0,-6992054,0
2018-02-18 08:25:22,0.84191246,12345000,0.0,-10393409,0
2018-02-18 08:27:16,0.0484,12356000,0.0,598030,1
2018-02-18 08:27:16,1.3368,12356000,0.0,16517501,1
2018-02-18 08:27:20,0.0231,12355000,0.0,285401,1
2018-02-18 08:30:33,0.169,12352000,0.0,-2087488,0
2018-02-18 08:30:42,1.331,12359000,0.0,-16449829,0
2018-02-18 08:34:38,0.0163,12330000,0.0,200979,1
2018-02-18 08:41:06,0.5054,12300000,0.0,6216420,1
2018-02-18 08:43:42,0.9783,12271000,0.0,12004719,1
2018-02-18 08:44:20,0.7681,12261000,0.0,-9417674,0
2018-02-18 08:44:21,0.8319,12261000,0.0,-10199926,0
2018-02-18 08:45:21,0.0789,12250000,0.0,966525,1
2018-02-18 08:45:22,0.0088,12250000,0.0,107800,1
2018-02-18 08:45:22,0.0813,12250000,0.0,995925,1
2018-02-18 08:45:22,0.2456,12250000,0.0,3008600,1
2018-02-18 08:45:22,0.0107,12250000,0.0,131075,1
2018-02-18 08:45:22,0.2087,12250000,0.0,2556575,1
2018-02-18 08:45:33,0.0147,12250000,0.0,180075,1
2018-02-18 08:45:35,0.15,12250000,0.0,1837500,1
2018-02-18 08:45:35,0.0446,12250000,0.0,546350,1
2018-02-18 08:45:35,0.7567,12250000,0.0,9269575,1
2018-02-18 08:45:44,0.3371,12261000,0.0,-4133183,0
2018-02-18 08:48:41,0.4398,12299000,0.0,-5409100,0
2018-02-18 08:49:48,0.0351,12288000,0.0,431309,1
2018-02-18 08:49:48,0.0031,12288000,0.0,38093,1
2018-02-18 08:49:49,0.01,12288000,0.0,122880,1
2018-02-18 08:49:49,0.7287,12288000,0.0,8954266,1
2018-02-18 08:51:18,0.0144,12267000,0.0,-176645,0
2018-02-18 08:51:25,0.014,12280000,0.0,-171920,0
2018-02-18 08:51:43,0.0284,12289000,0.0,349008,1
2018-02-18 08:57:30,1.0,12310000,0.0,-12310000,0
2018-02-18 08:57:30,0.0598,12310000,0.0,-736138,0
2018-02-18 08:57:30,0.1148,12310000,0.0,-1413188,0
2018-02-18 08:58:00,1.0219,12329000,0.0,12599005,1
2018-02-18 08:58:01,0.1527,12329000,0.0,1882638,1
2018-02-18 08:59:26,0.4844,12345000,0.0,-5979918,0
2018-02-18 08:59:30,0.89,12346000,0.0,-10987940,0
2018-02-18 09:01:04,1.3744,12343000,0.0,16964219,1
2018-02-18 09:01:44,0.1221,12330000,0.0,-1505493,0
2018-02-18 09:01:44,1.4779,12330000,0.0,-18222507,0
2018-02-18 09:02:01,0.0636,12328000,0.0,784061,1
2018-02-18 09:02:02,0.16803107,12328000,0.0,2071487,1
2018-02-18 09:02:02,0.0506,12328000,0.0,623797,1
2018-02-18 09:04:09,1.3177,12357000,0.0,16282819,1
2018-02-18 09:05:16,0.0697,12330000,0.0,-859401,0
2018-02-18 09:08:59,0.0208,12323000,0.0,-256318,0
2018-02-18 09:11:28,0.495,12323000,0.0,-6099885,0
2018-02-18 09:11:33,0.3684,12330000,0.0,-4542372,0
2018-02-18 09:12:06,0.04004445,12328000,0.0,493668,1
2018-02-18 09:15:58,0.0927,12328000,0.0,1142806,1
2018-02-18 09:16:05,0.8212,12320000,0.0,10117184,1
2018-02-18 09:17:33,0.0112,12312000,0.0,-137894,0
2018-02-18 09:19:56,1.5888,12313000,0.0,-19562894,0
2018-02-18 09:25:26,0.05610916,12275000,0.0,688740,1
2018-02-18 09:25:45,1.1445,12268000,0.0,14040726,1
2018-02-18 09:25:46,0.0117,12268000,0.0,143536,1
2018-02-18 09:25:50,0.3877,12265000,0.0,4755141,1
2018-02-18 09:28:55,0.091,12280000,0.0,-1117480,0
2018-02-18 09:29:03,0.42260552,12286000,0.0,-5192131,0
2018-02-18 09:29:04,0.0477,12286000,0.0,-586042,0
2018-02-18 09:29:04,0.40159448,12286000,0.0,-4933990,0
2018-02-18 09:32:33,0.9338,12334000,0.0,11517489,1
2018-02-18 09:35:42,0.0291,12310000,0.0,358221,1
2018-02-18 09:35:58,0.3914,12298000,0.0,-4813437,0
2018-02-18 09:36:21,1.2086,12295000,0.0,-14859737,0
2018-02-18 09:43:01,0.60864528,12343000,0.0,7512509,1
2018-02-18 10:00:38,0.1102,12421000,0.0,1368794,1
2018-02-18 10:00:39,0.8811,12421000,0.0,10944143,1
2018-02-18 10:08:34,1.0124,12456000,0.0,-12610454,0
2018-02-18 10:08:53,0.0241,12464000,0.0,300382,1
2018-02-18 10:11:55,0.2229,12529000,0.0,2792714,1
2018-02-18 10:11:55,0.1596,12528000,0.0,1999469,1
2018-02-18 10:11:56,0.1636,12528000,0.0,2049581,1
2018-02-18 10:12:00,0.286,12522000,0.0,3581292,1
2018-02-18 10:12:07,0.134,12517000,0.0,1677278,1
2018-02-18 10:12:08,0.0222,12517000,0.0,277877,1
2018-02-18 10:19:49,0.6115,12473000,0.0,-7627240,0
2018-02-18 10:19:52,0.297,12473000,0.0,-3704481,0
2018-02-18 10:19:52,0.6915,12475000,0.0,-8626463,0
2018-02-18 10:20:55,0.93389976,12512000,0.0,11684954,1
2018-02-18 10:21:22,0.0427,12519000,0.0,534561,1
2018-02-18 10:23:47,0.6234,12541000,0.0,7818059,1
2018-02-18 10:26:10,0.528,12550000,0.0,-6626400,0
2018-02-18 10:26:28,0.528,12569000,0.0,6636432,1
2018-02-18 10:28:17,0.09992746,12600000,0.0,-1259086,0
2018-02-18 10:28:17,0.52327254,12600000,0.0,-6593234,0
2018-02-18 10:28:17,0.0621,12600000,0.0,-782460,0
2018-02-18 10:28:17,0.01,12600000,0.0,-126000,0
2018-02-18 10:28:17,0.0003,12600000,0.0,-3780,0
2018-02-18 10:28:17,0.015,12600000,0.0,-189000,0
2018-02-18 10:28:32,0.0196,12606000,0.0,-247078,0
2018-02-18 10:29:56,0.38750821,12627000,0.0,-4893066,0
2018-02-18 10:29:57,0.004,12627000,0.0,-50508,0
2018-02-18 10:31:35,1.1218,12604000,0.0,14139167,1
2018-02-18 10:31:44,0.0448,12609000,0.0,-564883,0
2018-02-18 10:31:54,0.0448,12609000,0.0,564883,1
2018-02-18 10:37:10,0.03729243,12681000,0.0,-472905,0
2018-02-18 10:37:10,0.56540757,12681000,0.0,-7169933,0
2018-02-18 10:38:33,0.0243,12680000,0.0,308124,1
2018-02-18 10:38:33,0.5784,12680000,0.0,7334112,1
2018-02-18 10:40:30,1.6,12700000,0.0,-20320000,0
2018-02-18 10:41:58,0.0158,12693000,0.0,200549,1
2018-02-18 10:42:19,0.2072261,12667000,0.0,2624933,1
2018-02-18 10:42:19,0.0002,12667000,0.0,2533,1
2018-02-18 10:42:19,0.0072,12667000,0.0,91202,1
2018-02-18 10:42:19,0.0899,12667000,0.0,1138763,1
2018-02-18 10:42:20,0.5919,12667000,0.0,7497597,1
2018-02-18 10:42:38,0.0101,12630000,0.0,127563,1
2018-02-18 10:42:38,0.0132,12630000,0.0,166716,1
2018-02-18 10:42:38,0.0124,12630000,0.0,156612,1
2018-02-18 10:42:38,0.009,12630000,0.0,113670,1
2018-02-18 10:42:38,0.01,12630000,0.0,126300,1
2018-02-18 10:42:39,0.01002494,12630000,0.0,126615,1
2018-02-18 10:42:39,0.5216,12630000,0.0,6587808,1
2018-02-18 10:43:31,0.2,12629000,0.0,-2525800,0
2018-02-18 10:44:20,0.244,12639000,0.0,3083916,1
2018-02-18 10:44:44,0.8228,12637000,0.0,-10397724,0
2018-02-18 10:44:44,0.7198,12638000,0.0,-9096832,0
2018-02-18 10:46:53,0.1793,12623000,0.0,2263304,1
2018-02-18 10:46:53,0.65397338,12623000,0.0,8255106,1
2018-02-18 10:46:53,0.76672662,12623000,0.0,9678390,1
2018-02-18 10:47:05,0.3195,12623000,0.0,-4033049,0
2018-02-18 10:47:44,0.6986,12627000,0.0,-8821222,0
2018-02-18 10:48:55,0.0234,12606000,0.0,294980,1
2018-02-18 10:50:15,0.8144,12573000,0.0,10239451,1
2018-02-18 10:50:32,0.1803,12576000,0.0,2267453,1
2018-02-18 10:52:45,1.281,12570000,0.0,-16102170,0
2018-02-18 10:54:33,0.1389,12641000,0.0,1755835,1
2018-02-18 10:54:34,1.1421,12641000,0.0,14437286,1
2018-02-18 10:59:14,0.09994324,12635000,0.0,-1262783,0
2018-02-18 10:59:14,5.676e-05,12635000,0.0,-717,0
2018-02-18 11:01:49,0.0094,12657000,0.0,-118976,0
2018-02-18 11:02:34,0.1094,12662000,0.0,1385223,1
2018-02-18 11:04:42,0.0607,12632000,0.0,-766762,0
2018-02-18 11:04:55,0.07,12631000,0.0,-884170,0
2018-02-18 11:04:55,0.033,12631000,0.0,-416823,0
2018-02-18 11:05:28,0.1637,12634000,0.0,2068186,1
2018-02-18 11:09:49,1.6,12575000,0.0,-20120000,0
2018-02-18 11:14:47,1.6,12611000,0.0,20177600,1
2018-02-18 11:19:41,0.114,12600000,0.0,-1436400,0
2018-02-18 11:19:45,0.36470899,12603000,0.0,-4596427,0
2018-02-18 11:19:45,0.0932,12603000,0.0,-1174600,0
2018-02-18 11:19:46,0.02739101,12603000,0.0,-345209,0
2018-02-18 11:19:49,0.50222474,12605000,0.0,-6330543,0
2018-02-18 11:19:50,0.01037526,12605000,0.0,-130780,0
2018-02-18 11:21:14,0.0395,12626000,0.0,498727,1
2018-02-18 11:23:16,0.90258473,12667000,0.0,11433041,1
2018-02-18 11:24:36,0.1698,12661000,0.0,2149838,1
2018-02-18 11:25:11,0.0375,12635000,0.0,-473813,0
2018-02-18 11:26:00,0.0039,12641000,0.0,-49300,0
2018-02-18 11:26:33,0.0335,12644000,0.0,-423574,0
2018-02-18 11:28:44,0.0616,12634000,0.0,-778254,0
2018-02-18 11:29:50,0.0036,12638000,0.0,-45497,0
2018-02-18 11:30:05,0.07189354,12642000,0.0,-908878,0
2018-02-18 11:30:46,0.0237,12642000,0.0,-299615,0
2018-02-18 11:31:42,0.2357,12656000,0.0,2983019,1
2018-02-18 11:36:23,0.085,12706000,0.0,-1080010,0
2018-02-18 11:36:23,0.0088,12706000,0.0,-111813,0
2018-02-18 11:36:34,0.0938,12712000,0.0,1192386,1
2018-02-18 11:36:45,0.32752066,12708000,0.0,-4162133,0
2018-02-18 11:36:45,0.001,12708000,0.0,-12708,0
2018-02-18 11:36:46,0.2402,12708000,0.0,-3052462,0
2018-02-18 11:37:38,0.037,12710000,0.0,470270,1
2018-02-18 11:37:39,0.5317,12710000,0.0,6757907,1
2018-02-18 11:38:17,0.0684,12722000,0.0,-870185,0
2018-02-18 11:38:25,0.1409,12721000,0.0,-1792389,0
2018-02-18 11:38:29,0.7318,12723000,0.0,-9310691,0
2018-02-18 11:38:51,0.9411,12746000,0.0,11995261,1
2018-02-18 11:42:14,0.1836,12703000,0.0,-2332271,0
2018-02-18 11:42:26,0.1836,12719000,0.0,2335208,1
2018-02-18 11:48:47,0.372,12729000,0.0,-4735188,0
2018-02-18 11:49:11,0.0582,12738000,0.0,741352,1
2018-02-18 11:49:12,0.3138,12738000,0.0,3997184,1
2018-02-18 11:52:00,0.1124,12666000,0.0,-1423658,0
2018-02-18 11:52:15,0.1122,12680000,0.0,1422696,1
2018-02-18 11:52:15,0.0002,12680000,0.0,2536,1
2018-02-18 11:55:15,0.0239,12650000,0.0,-302335,0
2018-02-18 11:55:19,0.0921,12657000,0.0,-1165710,0
2018-02-18 11:57:27,0.86495542,12603000,0.0,-10901033,0
2018-02-18 11:57:52,0.981,12590000,0.0,12350790,1
2018-02-18 11:58:11,0.2487,12602000,0.0,-3134117,0
2018-02-18 11:58:11,0.0787,12602000,0.0,-991777,0
2018-02-18 11:58:16,0.0812,12619000,0.0,-1024663,0
2018-02-18 11:58:43,0.0878,12595000,0.0,1105841,1
2018-02-18 11:58:43,0.3208,12595000,0.0,4040476,1
2018-02-18 12:01:40,6.849e-05,12600000,0.0,-863,0
2018-02-18 12:01:41,0.0114,12600000,0.0,-143640,0
2018-02-18 12:01:45,0.0061,12602000,0.0,-76872,0
2018-02-18 12:02:33,0.1832,12621000,0.0,-2312167,0
2018-02-18 12:02:33,0.0501,12621000,0.0,-632312,0
2018-02-18 12:02:33,0.05,12621000,0.0,-631050,0
2018-02-18 12:02:33,0.09109864,12621000,0.0,-1149756,0
2018-02-18 12:02:34,0.00990136,12621000,0.0,-124965,0
2018-02-18 12:03:43,0.4019,12601000,0.0,5064342,1
2018-02-18 12:06:20,0.5632,12566000,0.0,-7077171,0
2018-02-18 12:07:31,0.0166,12611000,0.0,-209343,0
2018-02-18 12:07:34,0.0654,12614000,0.0,-824956,0
2018-02-18 12:08:00,0.175,12623000,0.0,-2209025,0
2018-02-18 12:16:27,0.003,12568000,0.0,37704,1
2018-02-18 12:16:28,0.227,12568000,0.0,2852936,1
2018-02-18 12:16:55,0.5902,12541000,0.0,7401698,1
2018-02-18 12:18:40,0.018,12531000,0.0,-225558,0
2018-02-18 12:18:40,0.0072,12531000,0.0,-90223,0
2018-02-18 12:19:59,0.0252,12523000,0.0,315580,1
2018-02-18 12:21:39,0.0214,12482000,0.0,-267115,0
2018-02-18 12:22:12,0.4631,12480000,0.0,-5779488,0
2018-02-18 12:22:39,0.899,12476000,0.0,-11215924,0
2018-02-18 12:23:23,1.3835,12472000,0.0,17255012,1
2018-02-18 12:28:05,0.0428,12481000,0.0,-534187,0
2018-02-18 12:28:09,0.3561,12484000,0.0,-4445552,0
2018-02-18 12:29:25,0.0699,12475000,0.0,-872003,0
2018-02-18 12:29:25,0.3,12475000,0.0,-3742500,0
2018-02-18 12:30:09,0.0247,12454000,0.0,307614,1
2018-02-18 12:30:09,0.30119084,12450000,0.0,3749826,1
2018-02-18 12:30:09,0.2864,12450000,0.0,3565680,1
2018-02-18 12:30:09,0.0789,12450000,0.0,982305,1
2018-02-18 12:30:10,0.07760916,12450000,0.0,966234,1
2018-02-18 12:31:54,0.0441,12440000,0.0,-548604,0
2018-02-18 12:31:55,0.0146,12440000,0.0,-181624,0
2018-02-18 12:32:01,0.0212,12441000,0.0,-263749,0
2018-02-18 12:32:08,0.0145,12442000,0.0,-180409,0
2018-02-18 12:32:21,0.0944,12456000,0.0,1175846,1
2018-02-18 12:33:49,0.0145,12490000,0.0,-181105,0
2018-02-18 12:33:49,1.0373,12490000,0.0,-12955877,0
2018-02-18 12:33:50,0.0855,12490000,0.0,-1067895,0
2018-02-18 12:41:55,0.0193,12550000,0.0,242215,1
2018-02-18 12:41:55,0.0654,12550000,0.0,820770,1
2018-02-18 12:41:56,1.0526,12550000,0.0,13210130,1
2018-02-18 12:46:10,0.7507,12542000,0.0,-9415279,0
2018-02-18 12:47:08,0.8493,12480000,0.0,-10599264,0
2018-02-18 12:49:06,0.3447,12486000,0.0,4303924,1
2018-02-18 12:49:23,0.35246792,12500000,0.0,4405849,1
2018-02-18 12:50:41,0.1216,12502000,0.0,1520243,1
2018-02-18 12:50:53,0.006,12496000,0.0,74976,1
2018-02-18 12:51:20,0.0253,12461000,0.0,-315263,0
2018-02-18 12:55:23,0.8005,12430000,0.0,9950215,1
2018-02-18 12:56:35,0.003,12437000,0.0,-37311,0
2018-02-18 12:56:58,0.3268,12440000,0.0,-4065392,0
2018-02-18 12:57:16,0.0138,12422000,0.0,171424,1
2018-02-18 12:57:26,0.316,12411000,0.0,3921876,1
2018-02-18 13:02:08,0.2898,12392000,0.0,-3591202,0
2018-02-18 13:02:10,0.7449,12393000,0.0,-9231546,0
2018-02-18 13:03:11,0.6509,12409000,0.0,8077018,1
2018-02-18 13:03:13,0.00306028,12409000,0.0,37975,1
2018-02-18 13:05:47,0.001,12448000,0.0,12448,1
2018-02-18 13:06:29,0.91422618,12450000,0.0,-11382116,0
2018-02-18 13:06:29,0.30607382,12450000,0.0,-3810619,0
2018-02-18 13:08:25,0.0938,12427000,0.0,1165653,1
2018-02-18 13:08:25,0.1258,12427000,0.0,1563317,1
2018-02-18 13:08:29,0.1468,12427000,0.0,1824284,1
2018-02-18 13:08:29,1.0501,12427000,0.0,13049593,1
2018-02-18 13:08:30,0.0017,12427000,0.0,21126,1
2018-02-18 13:10:13,0.0424,12421000,0.0,-526650,0
2018-02-18 13:13:55,0.2646,12430000,0.0,-3288978,0
2018-02-18 13:14:01,0.699,12429000,0.0,-8687871,0
2018-02-18 13:15:51,0.008,12397000,0.0,99176,1
2018-02-18 13:15:51,0.01,12397000,0.0,123970,1
2018-02-18 13:15:51,0.0029,12397000,0.0,35951,1
2018-02-18 13:15:52,1.1541,12397000,0.0,14307378,1
2018-02-18 13:15:53,0.0128,12397000,0.0,158682,1
2018-02-18 13:16:40,0.5061,12400000,0.0,-6275640,0
2018-02-18 13:16:40,0.2122,12400000,0.0,-2631280,0
2018-02-18 13:16:40,0.2192,12400000,0.0,-2718080,0
2018-02-18 13:20:32,0.08065166,12399000,0.0,1000000,1
2018-02-18 13:22:17,0.8227,12438000,0.0,10232743,1
2018-02-18 13:22:17,0.0342,12439000,0.0,425414,1
2018-02-18 13:28:19,0.5002,12428000,0.0,-6216486,0
2018-02-18 13:28:24,1.0998,12433000,0.0,-13673813,0
2018-02-18 13:30:53,1.6,12435000,0.0,19896000,1
2018-02-18 13:31:31,0.0146,12422000,0.0,-181361,0
2018-02-18 13:31:35,0.0562,12425000,0.0,-698285,0
2018-02-18 13:32:13,0.12475163,12425000,0.0,-1550039,0
2018-02-18 13:32:13,0.00354837,12425000,0.0,-44088,0
2018-02-18 13:36:43,0.3837,12425000,0.0,-4767473,0
2018-02-18 13:41:12,0.101,12413000,0.0,-1253713,0
2018-02-18 13:43:23,8.51e-05,12420000,0.0,1057,1
2018-02-18 13:43:36,0.5446,12423000,0.0,6765566,1
2018-02-18 13:44:11,0.0501,12426000,0.0,-622543,0
2018-02-18 13:44:11,0.0033,12426000,0.0,-41006,0
2018-02-18 13:44:24,0.9063,12425000,0.0,-11260778,0
2018-02-18 13:50:10,0.1542,12460000,0.0,1921332,1
2018-02-18 13:52:03,0.008,12490000,0.0,99920,1
2018-02-18 13:52:04,0.001,12490000,0.0,12490,1
2018-02-18 13:55:49,0.1307,12495000,0.0,1633097,1
2018-02-18 13:56:29,0.8049,12506000,0.0,10066079,1
2018-02-18 13:58:50,1.6,12468000,0.0,-19948800,0
2018-02-18 14:01:53,1.6,12475000,0.0,19960000,1
2018-02-18 14:05:56,1.6,12481000,0.0,-19969600,0
2018-02-18 14:10:42,0.18537964,12476000,0.0,2312796,1
2018-02-18 14:10:43,0.0481,12476000,0.0,600096,1
2018-02-18 14:11:45,0.001,12360000,0.0,12360,1
2018-02-18 14:12:11,0.9195,12342000,0.0,11348469,1
2018-02-18 14:12:11,0.0003,12328000,0.0,3698,1
2018-02-18 14:12:12,0.0689,12328000,0.0,849399,1
2018-02-18 14:12:49,0.1986,12341000,0.0,2450923,1
2018-02-18 14:12:56,0.0227,12315000,0.0,279551,1
2018-02-18 14:12:58,0.004,12315000,0.0,49260,1
2018-02-18 14:12:59,0.1515,12315000,0.0,1865723,1
2018-02-18 14:15:38,0.1304814,12304000,0.0,-1605443,0
2018-02-18 14:15:39,0.0003186,12304000,0.0,-3920,0
2018-02-18 14:15:55,0.1113,12331000,0.0,1372440,1
2018-02-18 14:15:55,0.0195,12326000,0.0,240357,1
2018-02-18 14:16:19,1.6,12319000,0.0,-19710400,0
2018-02-18 14:17:13,0.1329,12307000,0.0,1635600,1
2018-02-18 14:17:13,0.0176,12307000,0.0,216603,1
2018-02-18 14:22:41,1.4495,12309000,0.0,17841896,1
2018-02-18 14:28:10,0.0753,12205000,0.0,-919037,0
2018-02-18 14:29:00,0.0081,12219000,0.0,-98974,0
2018-02-18 14:29:33,0.0085,12243000,0.0,104066,1
2018-02-18 14:29:47,0.0749,12248000,0.0,917375,1
2018-02-18 14:33:20,1.50138592,12183000,0.0,-18291385,0
2018-02-18 14:33:20,0.09861408,12183000,0.0,-1201415,0
2018-02-18 14:34:53,0.0015,12178000,0.0,18267,1
2018-02-18 14:41:21,0.351,12172000,0.0,4272372,1
2018-02-18 14:47:25,0.02,12271000,0.0,245420,1
2018-02-18 14:47:25,1.2275,12271000,0.0,15062653,1
2018-02-18 14:47:59,1.5762,12251000,0.0,-19310026,0
2018-02-18 14:52:15,0.0041,12195000,0.0,50000,1
2018-02-18 14:54:11,1.1394,12157000,0.0,13851686,1
2018-02-18 14:54:12,0.0148,12157000,0.0,179924,1
2018-02-18 14:54:16,0.4179,12163000,0.0,5082918,1
2018-02-18 15:01:05,0.3989,12107000,0.0,-4829482,0
2018-02-18 15:01:05,0.5993,12107000,0.0,-7255725,0
2018-02-18 15:01:05,0.0187,12107000,0.0,-226401,0
2018-02-18 15:05:55,0.885,12147000,0.0,10750095,1
2018-02-18 15:05:55,0.1319,12147000,0.0,1602189,1
2018-02-18 15:07:07,0.0475,12121000,0.0,-575748,0
2018-02-18 15:07:18,0.69104804,12134000,0.0,-8385177,0
2018-02-18 15:07:18,0.86145196,12134000,0.0,-10452858,0
2018-02-18 15:07:48,1.05,12158000,0.0,12765900,1
2018-02-18 15:07:48,0.55,12158000,0.0,6686900,1
2018-02-18 15:08:06,0.1544,12156000,0.0,-1876886,0
2018-02-18 15:09:14,0.1544,12149000,0.0,1875806,1
2018-02-18 15:09:37,0.4081,12151000,0.0,-4958823,0
2018-02-18 15:09:49,0.7988,12146000,0.0,-9702225,0
2018-02-18 15:11:16,1.0872,12224000,0.0,13289933,1
2018-02-18 15:11:16,0.0156,12222000,0.0,190663,1
2018-02-18 15:11:48,0.4752,12200000,0.0,-5797440,0
2018-02-18 15:11:52,0.0559,12205000,0.0,-682260,0
2018-02-18 15:12:11,0.6352,12231000,0.0,7769131,1
2018-02-18 15:12:57,0.0527,12233000,0.0,-644679,0
2018-02-18 15:13:44,0.3058,12254000,0.0,-3747273,0
2018-02-18 15:13:49,0.0022,12255000,0.0,-26961,0
2018-02-18 15:14:05,0.3607,12273000,0.0,4426871,1
2018-02-18 15:16:47,0.8409,12213000,0.0,-10269912,0
2018-02-18 15:17:58,0.1979,12220000,0.0,2418338,1
2018-02-18 15:18:31,0.0082,12215000,0.0,100163,1
2018-02-18 15:18:32,0.6348,12215000,0.0,7754082,1
2018-02-18 15:24:44,1.4677,12270000,0.0,-18008679,0
2018-02-18 15:26:03,0.0708,12276000,0.0,869141,1
2018-02-18 15:26:36,0.0355,12274000,0.0,435727,1
2018-02-18 15:29:04,0.4687,12275000,0.0,5753293,1
2018-02-18 15:29:04,0.2,12275000,0.0,2455000,1
2018-02-18 15:29:05,0.3318,12275000,0.0,4072845,1
2018-02-18 15:29:05,0.0742,12275000,0.0,910805,1
2018-02-18 15:29:17,0.3993,12275000,0.0,-4901408,0
2018-02-18 15:30:01,0.914,12284000,0.0,-11227576,0
2018-02-18 15:31:17,0.0423,12274000,0.0,519190,1
2018-02-18 15:31:18,0.2,12274000,0.0,2454800,1
2018-02-18 15:33:19,0.1,12261000,0.0,1226100,1
2018-02-18 15:34:02,0.3108,12253000,0.0,3808232,1
2018-02-18 15:34:02,0.0024,12253000,0.0,29407,1
2018-02-18 15:35:00,0.0013,12200000,0.0,15860,1
2018-02-18 15:35:01,0.5975,12200000,0.0,7289500,1
2018-02-18 15:35:04,0.2074,12198000,0.0,2529865,1
2018-02-18 15:35:05,0.1361,12198000,0.0,1660148,1
2018-02-18 15:35:08,0.0022,12190000,0.0,26818,1
2018-02-18 15:38:17,0.549,12182000,0.0,-6687918,0
2018-02-18 15:38:21,0.8872,12183000,0.0,-10808758,0
2018-02-18 15:39:12,0.9429,12173000,0.0,11477922,1
2018-02-18 15:39:22,0.0918,12177000,0.0,-1117849,0
2018-02-18 15:39:50,0.7078,12189000,0.0,-8627374,0
2018-02-18 15:41:40,0.15,12210000,0.0,1831500,1
2018-02-18 15:41:40,0.003,12210000,0.0,36630,1
2018-02-18 15:42:52,0.1734,12229000,0.0,2120509,1
2018-02-18 15:42:52,0.15920659,12229000,0.0,1946937,1
2018-02-18 15:42:52,0.4672,12229000,0.0,5713389,1
2018-02-18 15:42:53,0.34009341,12229000,0.0,4159002,1
2018-02-18 15:43:15,0.1923,12216000,0.0,-2349137,0
2018-02-18 15:43:25,0.2269,12215000,0.0,-2771584,0
2018-02-18 15:43:42,0.0256,12228000,0.0,-313037,0
2018-02-18 15:43:42,0.2499,12228000,0.0,-3055777,0
2018-02-18 15:43:45,0.1076,12232000,0.0,-1316163,0
2018-02-18 15:45:17,0.41365673,12222000,0.0,5055713,1
2018-02-18 15:46:06,0.3887,12206000,0.0,4744472,1
2018-02-18 15:46:22,0.0002,12203000,0.0,-2441,0
2018-02-18 15:46:22,0.7281,12207000,0.0,-8887917,0
2018-02-18 15:47:08,0.1829,12187000,0.0,2229002,1
2018-02-18 15:47:08,0.3246,12187000,0.0,3955900,1
2018-02-18 15:47:12,0.2208,12185000,0.0,2690448,1
2018-02-18 15:47:29,0.3711,12170000,0.0,-4516287,0
2018-02-18 15:47:35,0.2204,12178000,0.0,-2684031,0
2018-02-18 15:47:39,0.2322,12165000,0.0,-2824713,0
2018-02-18 15:48:18,0.8237,12154000,0.0,10011250,1
2018-02-18 15:49:31,0.0135,12137000,0.0,-163850,0
2018-02-18 15:49:36,1.0863,12132000,0.0,-13178992,0
2018-02-18 15:51:59,0.015,12102000,0.0,181530,1
2018-02-18 15:52:33,0.6717,12106000,0.0,8131600,1
2018-02-18 15:52:47,0.4131,12105000,0.0,5000576,1
2018-02-18 15:53:24,0.0335,12090000,0.0,-405015,0
2018-02-18 15:53:33,0.0335,12089000,0.0,404982,1
2018-02-18 15:54:10,1.4336,12060000,0.0,-17289216,0
2018-02-18 15:54:10,0.1664,12058000,0.0,-2006451,0
2018-02-18 15:54:33,0.2791,12040000,0.0,3360364,1
2018-02-18 15:55:24,1.3209,12012000,0.0,15866651,1
2018-02-18 15:58:15,0.0631,12042000,0.0,-759850,0
2018-02-18 15:58:45,0.0344,12055000,0.0,-414692,0
2018-02-18 15:58:46,0.0561507,12056000,0.0,-676953,0
2018-02-18 15:58:49,0.02,12061000,0.0,-241220,0
2018-02-18 15:59:21,0.2715,12058000,0.0,-3273747,0
2018-02-18 15:59:21,0.0763,12065000,0.0,-920560,0
2018-02-18 15:59:41,0.059,12051000,0.0,-711009,0
2018-02-18 16:00:06,0.0032,12049000,0.0,38557,1
2018-02-18 16:00:27,0.05785648,12040000,0.0,696592,1
2018-02-18 16:00:52,0.6835,12029000,0.0,-8221822,0
2018-02-18 16:01:43,0.315,12064000,0.0,3800160,1
2018-02-18 16:01:44,0.7718,12064000,0.0,9310995,1
2018-02-18 16:01:44,0.116,12064000,0.0,1399424,1
2018-02-18 16:01:59,0.0787,12079000,0.0,-950617,0
2018-02-18 16:02:30,0.0872,12086000,0.0,-1053899,0
2018-02-18 16:02:42,0.1659,12070000,0.0,2002413,1
2018-02-18 16:15:14,0.0995,12133000,0.0,-1207234,0
2018-02-18 16:16:37,0.4051,12160000,0.0,-4926016,0
2018-02-18 16:16:52,0.4291,12167000,0.0,5220860,1
2018-02-18 16:17:08,0.1091,12160000,0.0,-1326656,0
2018-02-18 16:17:18,0.29374158,12170000,0.0,-3574835,0
2018-02-18 16:17:32,0.0286,12163000,0.0,-347862,0
2018-02-18 16:17:40,0.0154,12167000,0.0,187372,1
2018-02-18 16:17:44,0.4916,12160000,0.0,5977856,1
2018-02-18 16:22:20,0.4944,12130000,0.0,-5997072,0
2018-02-18 16:28:09,1.1056,12108000,0.0,-13386605,0
2018-02-18 16:30:19,0.162,12100000,0.0,1960200,1
2018-02-18 16:30:19,0.1,12100000,0.0,1210000,1
2018-02-18 16:30:23,1.338,12098000,0.0,16187124,1
2018-02-18 16:31:51,0.1134,12060000,0.0,-1367604,0
2018-02-18 16:32:47,0.8599,12068000,0.0,-10377273,0
2018-02-18 16:48:13,0.3455,12191000,0.0,4211991,1
2018-02-18 16:48:13,0.33904171,12193000,0.0,4133936,1
2018-02-18 16:48:18,0.2887,12187000,0.0,3518387,1
2018-02-18 16:49:37,1.6,12200000,0.0,-19520000,0
2018-02-18 16:50:34,1.6,12210000,0.0,19536000,1
2018-02-18 16:52:17,1.6,12220000,0.0,-19552000,0
2018-02-18 16:52:44,0.9117,12234000,0.0,11153738,1
2018-02-18 16:53:16,0.12645349,12227000,0.0,1546147,1
2018-02-18 16:56:06,0.5619,12227000,0.0,6870351,1
2018-02-18 16:57:08,0.2052,12214000,0.0,-2506313,0
2018-02-18 16:57:46,0.2052,12218000,0.0,2507134,1
2018-02-18 17:00:30,0.0337,12167000,0.0,-410028,0
2018-02-18 17:01:52,0.28,12189000,0.0,-3412920,0
2018-02-18 17:03:58,0.1497,12202000,0.0,1826639,1
2018-02-18 17:03:59,0.0648,12202000,0.0,790690,1
2018-02-18 17:04:03,0.0992,12201000,0.0,1210339,1
2018-02-18 17:06:51,0.0376,12152000,0.0,-456915,0
2018-02-18 17:06:52,0.3866,12152000,0.0,-4697963,0
2018-02-18 17:07:05,0.1712,12151000,0.0,-2080251,0
2018-02-18 17:07:59,0.4085,12161000,0.0,4967769,1
2018-02-18 17:08:13,0.0784,12146000,0.0,-952246,0
2018-02-18 17:08:19,0.8006,12151000,0.0,-9728091,0
2018-02-18 17:08:19,0.0417,12151000,0.0,-506697,0
2018-02-18 17:10:27,0.3435,12147000,0.0,4172495,1
2018-02-18 17:10:28,0.0801,12147000,0.0,972975,1
2018-02-18 17:10:55,0.8882,12152000,0.0,-10793406,0
2018-02-18 17:13:57,0.8444,12159000,0.0,10267060,1
2018-02-18 17:17:08,0.1,12155000,0.0,1215500,1
2018-02-18 17:17:08,0.2877,12155000,0.0,3496994,1
2018-02-18 17:17:13,0.3114,12150000,0.0,3783510,1
2018-02-18 17:17:13,0.0287,12150000,0.0,348705,1
2018-02-18 17:17:39,0.8807,12150000,0.0,-10700505,0
2018-02-18 17:20:08,0.0283,12180000,0.0,344694,1
2018-02-18 17:20:08,0.7393,12180000,0.0,9004674,1
2018-02-18 17:20:54,7.697e-05,12173000,0.0,-937,0
2018-02-18 17:20:58,0.99,12179000,0.0,-12057210,0
2018-02-18 17:20:58,0.4822,12179000,0.0,-5872714,0
2018-02-18 17:25:24,0.2954,12191000,0.0,3601221,1
2018-02-18 17:26:29,0.0015,12160000,0.0,18240,1
2018-02-18 17:26:29,0.0082,12160000,0.0,99712,1
2018-02-18 17:26:29,0.7552,12160000,0.0,9183232,1
2018-02-18 17:27:02,0.9319,12146000,0.0,-11318857,0
2018-02-18 17:27:49,0.2633,12147000,0.0,3198305,1
2018-02-18 17:27:50,0.1937,12147000,0.0,2352874,1
2018-02-18 17:27:50,1.0,12147000,0.0,12147000,1
2018-02-18 17:28:22,0.1892,12104000,0.0,-2290077,0
2018-02-18 17:30:38,0.1892,12125000,0.0,2294050,1
2018-02-18 17:31:33,0.4308,12134000,0.0,-5227327,0
2018-02-18 17:32:01,0.4308,12134000,0.0,5227327,1
2018-02-18 17:32:40,0.1973,12101000,0.0,-2387527,0
2018-02-18 17:32:46,0.0096,12107000,0.0,-116227,0
2018-02-18 17:33:14,0.00178536,12129000,0.0,21655,1
2018-02-18 17:33:19,0.299,12106000,0.0,-3619694,0
2018-02-18 17:33:38,0.01,12108000,0.0,121080,1
2018-02-18 17:33:39,0.01,12108000,0.0,121080,1
2018-02-18 17:33:56,0.4841,12109000,0.0,5861967,1
2018-02-18 17:34:35,0.1231,12097000,0.0,-1489141,0
2018-02-18 17:36:53,0.1231,12113000,0.0,1491110,1
2018-02-18 17:39:34,0.85233499,12060000,0.0,-10279160,0
2018-02-18 17:39:40,0.6548,12058000,0.0,7895578,1
2018-02-18 17:40:16,0.02,12039000,0.0,240780,1
2018-02-18 17:40:16,0.02,12034000,0.0,240680,1
2018-02-18 17:40:30,0.0071,12027000,0.0,-85392,0
2018-02-18 17:40:39,0.0791,12030000,0.0,951573,1
2018-02-18 17:41:15,0.1581,12020000,0.0,-1900362,0
2018-02-18 17:41:21,0.481,12034000,0.0,-5788354,0
2018-02-18 17:42:53,0.1313,12031000,0.0,-1579670,0
2018-02-18 17:44:52,0.055,12045000,0.0,662475,1
2018-02-18 17:44:52,0.0108,12045000,0.0,130086,1
2018-02-18 17:44:53,0.0055,12045000,0.0,66248,1
2018-02-18 17:44:53,0.0174,12045000,0.0,209583,1
2018-02-18 17:46:09,0.8328,12042000,0.0,-10028578,0
2018-02-18 17:52:49,0.0001,12017000,0.0,1202,1
2018-02-18 17:52:58,0.1261,12001000,0.0,1513326,1
2018-02-18 17:52:59,0.008,12000000,0.0,96000,1
2018-02-18 17:52:59,0.9117,12000000,0.0,10940400,1
2018-02-18 17:52:59,0.25,12000000,0.0,3000000,1
2018-02-18 17:52:59,0.001,12000000,0.0,12000,1
2018-02-18 17:52:59,0.017,12000000,0.0,204000,1
2018-02-18 17:52:59,0.0202,12000000,0.0,242400,1
2018-02-18 17:52:59,0.04,12000000,0.0,480000,1
2018-02-18 17:52:59,0.0196,12000000,0.0,235200,1
2018-02-18 17:52:59,0.0141,12000000,0.0,169200,1
2018-02-18 17:52:59,0.1028,12000000,0.0,1233600,1
2018-02-18 17:52:59,0.0495,12000000,0.0,594000,1
2018-02-18 17:52:59,0.0399,12000000,0.0,478800,1
2018-02-18 17:54:51,1.6,11909000,0.0,-19054400,0
2018-02-18 17:55:13,1.6,11911000,0.0,19057600,1
2018-02-18 17:56:36,0.6893,11916000,0.0,-8213699,0
2018-02-18 17:56:36,0.1349,11916000,0.0,-1607468,0
2018-02-18 17:57:25,0.0015,11875000,0.0,17813,1
2018-02-18 17:57:26,0.11220193,11875000,0.0,1332398,1
2018-02-18 17:57:26,0.2754,11875000,0.0,3270375,1
2018-02-18 17:57:55,0.0018,11871000,0.0,-21368,0
2018-02-18 17:57:56,0.03,11871000,0.0,-356130,0
2018-02-18 17:58:21,0.3001,11868000,0.0,3561587,1
2018-02-18 17:58:25,0.1668,11863000,0.0,1978748,1
2018-02-18 18:00:14,0.3466,11863000,0.0,-4111716,0
2018-02-18 18:01:44,0.1998,11847000,0.0,-2367031,0
2018-02-18 18:02:39,0.07651239,11858000,0.0,-907284,0
2018-02-18 18:02:39,0.1,11858000,0.0,-1185800,0
2018-02-18 18:02:45,0.8771,11859000,0.0,-10401529,0
2018-02-18 18:12:38,0.001,11915000,0.0,11915,1
2018-02-18 18:12:38,0.5,11915000,0.0,5957500,1
2018-02-18 18:14:21,0.1422,11911000,0.0,1693744,1
2018-02-18 18:14:33,0.9568,11911000,0.0,11396445,1
2018-02-18 18:20:41,1.6,11916000,0.0,-19065600,0
2018-02-18 18:22:01,0.5604,11891000,0.0,6663716,1
2018-02-18 18:22:51,0.5748,11917000,0.0,6849892,1
2018-02-18 18:22:54,0.4648,11916000,0.0,5538557,1
2018-02-18 18:25:44,0.47349863,11869000,0.0,-5619955,0
2018-02-18 18:25:49,0.5034,11866000,0.0,-5973344,0
2018-02-18 18:26:56,0.9769,11840000,0.0,11566496,1
2018-02-18 18:28:03,1.6,11782000,0.0,-18851200,0
2018-02-18 18:28:22,0.2193,11804000,0.0,2588617,1
2018-02-18 18:28:22,0.0851,11804000,0.0,1004520,1
2018-02-18 18:28:26,0.0107,11799000,0.0,126249,1
2018-02-18 18:29:17,0.9219,11772000,0.0,10852607,1
2018-02-18 18:29:17,0.363,11773000,0.0,4273599,1
2018-02-18 18:34:45,1.2065,11682000,0.0,-14094333,0
2018-02-18 18:35:13,1.0915,11671000,0.0,12738897,1
2018-02-18 18:35:13,0.115,11674000,0.0,1342510,1
2018-02-18 18:41:46,0.5422,11601000,0.0,-6290062,0
2018-02-18 18:41:53,0.11337488,11620000,0.0,1317416,1
2018-02-18 18:41:54,0.42882512,11620000,0.0,4982948,1
2018-02-18 18:44:13,0.1137,11692000,0.0,-1329380,0
2018-02-18 18:44:16,0.1,11696000,0.0,-1169600,0
2018-02-18 18:44:29,0.2137,11715000,0.0,2503496,1
2018-02-18 18:45:19,0.00044355,11728000,0.0,-5202,0
2018-02-18 18:45:19,0.44955645,11728000,0.0,-5272398,0
2018-02-18 18:45:34,0.45,11746000,0.0,5285700,1
2018-02-18 18:45:48,1.6,11697000,0.0,-18715200,0
2018-02-18 18:47:04,1.6,11636000,0.0,18617600,1
2018-02-18 18:48:12,0.7123,11630000,0.0,-8284049,0
2018-02-18 18:49:46,0.0004,11624000,0.0,4650,1
2018-02-18 18:49:46,0.0818,11624000,0.0,950843,1
2018-02-18 18:49:50,0.0045,11614000,0.0,52263,1
2018-02-18 18:49:51,0.6256,11614000,0.0,7265718,1
2018-02-18 18:58:52,1.6,11511000,0.0,-18417600,0
2018-02-18 18:59:16,1.6,11501000,0.0,18401600,1
2018-02-18 18:59:58,0.0157,11508000,0.0,-180676,0
2018-02-18 19:00:32,0.0157,11560000,0.0,181492,1
2018-02-18 19:00:48,1.209e-05,11573000,0.0,-140,0
2018-02-18 19:01:20,0.0089,11610000,0.0,-103329,0
2018-02-18 19:01:34,0.0089,11675000,0.0,103908,1
2018-02-18 19:02:25,0.018,11670000,0.0,-210060,0
2018-02-18 19:02:38,0.0282,11674000,0.0,-329207,0
2018-02-18 19:02:50,0.0546,11700000,0.0,-638820,0
2018-02-18 19:02:50,0.149,11700000,0.0,-1743300,0
2018-02-18 19:02:50,0.0649,11700000,0.0,-759330,0
2018-02-18 19:02:50,0.4279,11700000,0.0,-5006430,0
2018-02-18 19:02:50,0.00995009,11700000,0.0,-116416,0
2018-02-18 19:02:50,0.09234991,11700000,0.0,-1080494,0
2018-02-18 19:02:50,0.5075,11700000,0.0,-5937750,0
2018-02-18 19:03:13,0.7423,11726000,0.0,8704210,1
2018-02-18 19:03:14,0.4799,11726000,0.0,5627307,1
2018-02-18 19:03:14,0.1302,11726000,0.0,1526725,1
2018-02-18 19:05:59,0.1097,11731000,0.0,-1286891,0
2018-02-18 19:06:00,0.3166,11731000,0.0,-3714035,0
2018-02-18 19:06:24,0.401,11734000,0.0,-4705334,0
2018-02-18 19:09:21,0.8273,11793000,0.0,9756349,1
2018-02-18 19:09:51,0.00887594,11800000,0.0,-104736,0
2018-02-18 19:10:21,1.5911,11818000,0.0,-18803620,0
2018-02-18 19:16:46,0.1806,11703000,0.0,2113562,1
2018-02-18 19:16:47,0.9153,11701000,0.0,10709925,1
2018-02-18 19:16:47,0.3512,11701000,0.0,4109391,1
2018-02-18 19:16:47,0.1529,11701000,0.0,1789083,1
2018-02-18 19:17:14,0.0474,11689000,0.0,-554059,0
2018-02-18 19:17:34,0.0011,11723000,0.0,-12895,0
2018-02-18 19:17:42,0.1,11728000,0.0,-1172800,0
2018-02-18 19:18:48,0.1485,11800000,0.0,1752300,1
2018-02-18 19:19:56,1.6,11839000,0.0,-18942400,0
2018-02-18 19:21:19,0.1729,11811000,0.0,2042122,1
2018-02-18 19:22:46,0.3999,11810000,0.0,4722819,1
2018-02-18 19:22:47,0.8458,11810000,0.0,9988898,1
2018-02-18 19:24:37,0.0225,11788000,0.0,-265230,0
2018-02-18 19:28:14,0.2352,11820000,0.0,-2780064,0
2018-02-18 19:28:32,1.1609,11827000,0.0,-13729964,0
2018-02-18 19:33:30,0.1409,11849000,0.0,1669524,1
2018-02-18 19:33:31,0.2798,11849000,0.0,3315350,1
2018-02-18 19:33:31,0.0268,11849000,0.0,317553,1
2018-02-18 19:35:31,0.8347,11824000,0.0,9869493,1
2018-02-18 19:35:32,0.0009,11824000,0.0,10642,1
2018-02-18 19:35:32,0.3169,11824000,0.0,3747026,1
2018-02-18 19:36:47,0.1634,11763000,0.0,-1922074,0
2018-02-18 19:36:52,0.6763,11778000,0.0,-7965461,0
2018-02-18 19:36:52,0.118,11778000,0.0,-1389804,0
2018-02-18 19:36:53,0.6423,11778000,0.0,-7565009,0
2018-02-18 19:38:37,0.0426,11789000,0.0,502211,1
2018-02-18 19:38:37,1.4956,11789000,0.0,17631628,1
2018-02-18 19:38:40,0.006,11785000,0.0,70710,1
2018-02-18 19:39:40,0.0001,11763000,0.0,-1176,0
2018-02-18 19:39:50,0.8418,11760000,0.0,-9899568,0
2018-02-18 19:41:21,0.5245,11768000,0.0,6172316,1
2018-02-18 19:42:33,1.2268,11800000,0.0,-14476240,0
2018-02-18 19:55:38,0.1675,11975000,0.0,2005813,1
2018-02-18 19:55:38,0.039,11975000,0.0,467025,1
2018-02-18 19:55:38,0.3516,11975000,0.0,4210410,1
2018-02-18 19:55:38,0.2952,11975000,0.0,3535020,1
2018-02-18 19:55:39,0.7467,11975000,0.0,8941733,1
2018-02-18 19:56:15,1.6,11975000,0.0,-19160000,0
2018-02-18 20:08:04,0.0441,11946000,0.0,526819,1
2018-02-18 20:16:47,0.5004,12073000,0.0,6041329,1
2018-02-18 20:18:02,0.072,12085000,0.0,870120,1
2018-02-18 20:18:02,0.0081,12085000,0.0,97889,1
2018-02-18 20:18:03,0.9754,12085000,0.0,11787709,1
2018-02-18 20:18:35,0.3241,12053000,0.0,-3906377,0
2018-02-18 20:19:03,0.0321,12073000,0.0,-387543,0
2018-02-18 20:20:00,0.206,12093000,0.0,2491158,1
2018-02-18 20:20:00,0.1502,12093000,0.0,1816369,1
2018-02-18 20:22:55,0.4022,12053000,0.0,-4847717,0
2018-02-18 20:25:25,0.4022,12020000,0.0,4834444,1
2018-02-18 20:26:56,0.04,12050000,0.0,-482000,0
2018-02-18 20:27:01,0.5769,12058000,0.0,-6956260,0
2018-02-18 20:27:05,0.0546,12058000,0.0,-658367,0
2018-02-18 20:27:09,0.3291,12058000,0.0,-3968288,0
2018-02-18 20:30:47,0.17966608,11963000,0.0,2149345,1
2018-02-18 20:32:07,0.1245,11940000,0.0,1486530,1
2018-02-18 20:32:40,0.1009,11929000,0.0,1203636,1
2018-02-18 20:32:41,0.00992875,11929000,0.0,118440,1
2018-02-18 20:33:20,1.0144,11921000,0.0,-12092662,0
2018-02-18 20:34:20,1.6,11940000,0.0,19104000,1
2018-02-18 20:36:39,0.1,11997000,0.0,-1199700,0
2018-02-18 20:36:39,0.1,11997000,0.0,-1199700,0
2018-02-18 20:36:39,0.22908492,11997000,0.0,-2748332,0
2018-02-18 20:36:43,0.0509,11996000,0.0,-610596,0
2018-02-18 20:36:50,1.12,11996000,0.0,-13435520,0
2018-02-18 20:38:19,0.21545485,12019000,0.0,2589552,1
2018-02-18 20:44:06,0.00353014,12042000,0.0,42510,1
2018-02-18 20:44:50,0.6592,12020000,0.0,7923584,1
2018-02-18 20:44:50,0.7218,12020000,0.0,8676036,1
2018-02-18 20:45:38,0.1741,12021000,0.0,-2092856,0
2018-02-18 20:45:38,0.0943,12017000,0.0,-1133203,0
2018-02-18 20:46:14,0.0422,12036000,0.0,-507919,0
2018-02-18 20:46:42,0.3106,12041000,0.0,3739935,1
2018-02-18 20:46:48,0.047,12039000,0.0,-565833,0
2018-02-18 20:47:11,0.047,12069000,0.0,567243,1
2018-02-18 20:49:04,1.6,12068000,0.0,-19308800,0
2018-02-18 20:50:15,0.024,12092000,0.0,290208,1
2018-02-18 20:50:15,0.4483,12089000,0.0,5419499,1
2018-02-18 20:50:18,0.05008479,12089000,0.0,605475,1
2018-02-18 20:54:14,0.41227439,12097000,0.0,4987283,1
2018-02-18 20:54:44,0.5842,12053000,0.0,-7041363,0
2018-02-18 20:54:47,0.0236,12068000,0.0,284805,1
2018-02-18 20:55:49,1.226,12076000,0.0,14805176,1
2018-02-18 20:56:44,0.1731,12062000,0.0,-2087932,0
2018-02-18 21:01:36,0.0105,12051000,0.0,126536,1
2018-02-18 21:01:36,0.0481,12051000,0.0,579653,1
2018-02-18 21:01:36,0.1145,12051000,0.0,1379840,1
2018-02-18 21:02:38,0.0854,11990000,0.0,-1023946,0
2018-02-18 21:03:04,0.0051,12020000,0.0,-61302,0
2018-02-18 21:03:04,0.17814917,12020000,0.0,-2141353,0
2018-02-18 21:03:05,0.00315083,12020000,0.0,-37873,0
2018-02-18 21:04:51,0.1401,11975000,0.0,1677698,1
2018-02-18 21:05:04,0.5211,11955000,0.0,-6229751,0
2018-02-18 21:05:13,0.2,11951000,0.0,2390200,1
2018-02-18 21:05:14,0.0108,11951000,0.0,129071,1
2018-02-18 21:05:28,0.0488,11944000,0.0,-582867,0
2018-02-18 21:05:29,0.0105,11944000,0.0,-125412,0
2018-02-18 21:06:28,1.0987,11955000,0.0,-13134959,0
2018-02-18 21:11:42,0.4006,11973000,0.0,4796384,1
2018-02-18 21:11:42,0.0068,11973000,0.0,81416,1
2018-02-18 21:11:42,0.0527,11973000,0.0,630977,1
2018-02-18 21:11:43,0.8611,11973000,0.0,10309950,1
2018-02-18 21:11:43,0.2788,11973000,0.0,3338072,1
2018-02-18 21:13:10,0.5467,11980000,0.0,-6549466,0
2018-02-18 21:15:09,0.5467,11982000,0.0,6550559,1
2018-02-18 21:15:50,0.0001,11939000,0.0,-1194,0
2018-02-18 21:15:59,0.4894,11932000,0.0,-5839521,0
2018-02-18 21:16:08,0.0352,11931000,0.0,-419971,0
2018-02-18 21:16:28,1.0753,11932000,0.0,-12830480,0
2018-02-18 21:22:51,1.6,11780000,0.0,18848000,1
2018-02-18 21:24:00,0.1273,11769000,0.0,-1498194,0
2018-02-18 21:24:07,0.1273,11796000,0.0,1501631,1
2018-02-18 21:24:24,0.2042,11815000,0.0,-2412623,0
2018-02-18 21:25:44,0.0143,11853000,0.0,-169498,0
2018-02-18 21:25:50,0.8698,11853000,0.0,-10309739,0
2018-02-18 21:25:51,0.0082,11853000,0.0,-97195,0
2018-02-18 21:26:13,0.111,11856000,0.0,1316016,1
2018-02-18 21:26:13,0.0405,11856000,0.0,480168,1
2018-02-18 21:27:08,0.0002,11847000,0.0,2369,1
2018-02-18 21:27:08,0.0515,11847000,0.0,610121,1
2018-02-18 21:27:08,0.1397,11847000,0.0,1655026,1
2018-02-18 21:27:08,0.0031,11847000,0.0,36726,1
2018-02-18 21:27:39,0.2914,11855000,0.0,-3454547,0
2018-02-18 21:28:20,0.1437,11859000,0.0,1704138,1
2018-02-18 21:30:53,0.0603,11820000,0.0,712746,1
2018-02-18 21:30:54,0.7218,11820000,0.0,8531676,1
2018-02-18 21:36:18,0.2666,11774000,0.0,-3138948,0
2018-02-18 21:36:22,0.08542752,11775000,0.0,-1005909,0
2018-02-18 21:36:22,0.36607248,11775000,0.0,-4310503,0
2018-02-18 21:36:54,0.02,11832000,0.0,236640,1
2018-02-18 21:37:39,0.8142,11837000,0.0,9637685,1
2018-02-18 21:40:54,0.0033,11847000,0.0,-39095,0
2018-02-18 21:40:59,0.51175072,11850000,0.0,-6064246,0
2018-02-18 21:40:59,1.08494928,11850000,0.0,-12856649,0
2018-02-18 21:43:39,0.1848,11962000,0.0,2210578,1
2018-02-18 21:49:08,0.0691,11946000,0.0,825469,1
2018-02-18 21:49:08,1.3461,11947000,0.0,16081857,1
2018-02-18 21:51:19,0.1447,11976000,0.0,-1732927,0
2018-02-18 21:51:20,0.015,11976000,0.0,-179640,0
2018-02-18 21:52:04,0.1646,12005000,0.0,-1976023,0
2018-02-18 21:58:53,0.0119,11984000,0.0,142610,1
2018-02-18 21:58:57,0.14312609,11990000,0.0,1716082,1
2018-02-18 21:59:37,0.1692,11983000,0.0,2027524,1
2018-02-18 22:02:22,0.7328,11858000,0.0,-8689542,0
2018-02-18 22:02:59,0.8672,11920000,0.0,-10337024,0
2018-02-18 22:10:21,0.5783,12025000,0.0,6954058,1
2018-02-18 22:10:34,1.0217,12021000,0.0,12281856,1
2018-02-18 22:12:29,0.46513869,12028000,0.0,-5594688,0
2018-02-18 22:12:29,0.02626131,12028000,0.0,-315871,0
2018-02-18 22:12:29,0.01,12028000,0.0,-120280,0
2018-02-18 22:13:47,0.5958,12045000,0.0,-7176411,0
2018-02-18 22:13:48,0.2243,12045000,0.0,-2701694,0
2018-02-18 22:14:57,0.0296,12079000,0.0,357538,1
2018-02-18 22:14:57,0.98774527,12079000,0.0,11930975,1
2018-02-18 22:19:48,0.0001,12070000,0.0,-1207,0
2018-02-18 22:20:16,0.325,12076000,0.0,-3924700,0
2018-02-18 22:20:38,0.45650909,12100000,0.0,-5523760,0
2018-02-18 22:20:38,0.51419091,12100000,0.0,-6221710,0
2018-02-18 22:22:02,1.6,12119000,0.0,19390400,1
2018-02-18 22:23:26,0.0287,12074000,0.0,-346524,0
2018-02-18 22:24:24,0.1811,12089000,0.0,-2189318,0
2018-02-18 22:24:28,0.5068,12096000,0.0,-6130253,0
2018-02-18 22:24:32,0.5968,12089000,0.0,-7214715,0
2018-02-18 22:27:15,0.0673,12067000,0.0,812109,1
2018-02-18 22:27:19,1.2461,12067000,0.0,15036689,1
2018-02-18 22:29:05,0.1079,12069000,0.0,-1302245,0
2018-02-18 22:29:11,0.5815,12076000,0.0,-7022194,0
2018-02-18 22:29:35,0.09,12087000,0.0,-1087830,0
2018-02-18 22:29:59,0.5533448,12107000,0.0,-6699345,0
2018-02-18 22:29:59,0.2672552,12107000,0.0,-3235659,0
2018-02-18 22:30:35,0.9234,12115000,0.0,11186991,1
2018-02-18 22:30:35,0.0136,12115000,0.0,164764,1
2018-02-18 22:32:27,0.663,12168000,0.0,8067384,1
2018-02-18 22:33:00,0.02582947,12173000,0.0,-314422,0
2018-02-18 22:33:00,0.59787053,12173000,0.0,-7277878,0
2018-02-18 22:33:12,0.3134,12178000,0.0,-3816585,0
2018-02-18 22:33:12,0.4719,12178000,0.0,-5746798,0
2018-02-18 22:33:41,1.409,12179000,0.0,17160211,1
2018-02-18 22:36:15,0.1839,12130000,0.0,-2230707,0
2018-02-18 22:36:21,0.2531,12120000,0.0,-3067572,0
2018-02-18 22:36:49,0.4753,12115000,0.0,-5758260,0
2018-02-18 22:41:07,0.3945,12149000,0.0,4792781,1
2018-02-18 22:41:07,0.2873,12149000,0.0,3490408,1
2018-02-18 22:41:07,0.2305,12149000,0.0,2800345,1
2018-02-18 22:44:42,0.0175,12180000,0.0,-213150,0
2018-02-18 22:44:48,0.195,12181000,0.0,-2375295,0
2018-02-18 22:47:02,0.2125,12188000,0.0,2589950,1
2018-02-18 22:47:53,0.4,12167000,0.0,-4866800,0
2018-02-18 22:49:31,0.1844,12168000,0.0,2243779,1
2018-02-18 22:49:35,0.1295,12164000,0.0,1575238,1
2018-02-18 22:49:36,0.0534,12164000,0.0,649558,1
2018-02-18 22:50:38,0.0327,12150000,0.0,397305,1
2018-02-18 22:51:28,0.0593,12148000,0.0,-720376,0
2018-02-18 22:51:46,0.005,12142000,0.0,60710,1
2018-02-18 22:52:30,0.0543,12114000,0.0,657790,1
2018-02-18 22:53:39,0.2113,12114000,0.0,-2559688,0
2018-02-18 22:53:44,0.0784,12118000,0.0,-950051,0
2018-02-18 22:54:05,0.2897,12130000,0.0,3514061,1
2018-02-18 22:57:20,0.2462,12125000,0.0,-2985175,0
2018-02-18 22:58:42,0.2462,12117000,0.0,2983205,1
2018-02-18 23:00:07,0.0167,12101000,0.0,-202087,0
2018-02-18 23:01:16,0.0167,12060000,0.0,201402,1
2018-02-18 23:01:28,0.14,12060000,0.0,-1688400,0
2018-02-18 23:01:51,0.0019,12094000,0.0,-22979,0
2018-02-18 23:01:52,0.1201,12094000,0.0,-1452489,0
2018-02-18 23:01:58,0.0579,12095000,0.0,-700301,0
2018-02-18 23:02:36,0.3199,12114000,0.0,3875269,1
2018-02-18 23:14:44,0.999,12117000,0.0,-12104883,0
2018-02-18 23:24:42,0.0178,12097000,0.0,215327,1
2018-02-18 23:24:42,0.0689,12097000,0.0,833483,1
2018-02-18 23:24:43,0.004,12097000,0.0,48388,1
2018-02-18 23:34:09,0.5649,12170000,0.0,6874833,1
2018-02-18 23:34:14,0.0001,12174000,0.0,1217,1
2018-02-18 23:34:15,0.1,12174000,0.0,1217400,1
2018-02-18 23:37:33,0.0032,12153000,0.0,-38890,0
2018-02-18 23:41:11,0.2465,12150000,0.0,2994975,1
2018-02-18 23:41:23,1.5842,12139000,0.0,-19230604,0
2018-02-18 23:43:31,0.1785,12142000,0.0,2167347,1
2018-02-18 23:43:31,0.4524,12142000,0.0,5493041,1
2018-02-18 23:46:37,0.2477,12177000,0.0,3016243,1
2018-02-18 23:48:48,0.0204,12195000,0.0,-248778,0
2018-02-18 23:48:48,0.0158,12195000,0.0,-192681,0
2018-02-18 23:48:48,0.3639,12195000,0.0,-4437761,0
2018-02-18 23:53:42,0.0193459,12205000,0.0,236117,1
2018-02-19 00:02:03,0.2,12212000,0.0,2442400,1
2018-02-19 00:02:04,0.2452,12212000,0.0,2994382,1
2018-02-19 00:03:44,0.24206841,12207000,0.0,2954929,1
2018-02-19 00:04:02,0.1344,12208000,0.0,1640755,1
2018-02-19 00:04:08,0.0023,12207000,0.0,28076,1
2018-02-19 00:04:08,0.2624,12207000,0.0,3203117,1
2018-02-19 00:11:02,1.6,12233000,0.0,-19572800,0
2018-02-19 00:11:31,0.6663,12248000,0.0,8160842,1
2018-02-19 00:11:32,0.04768305,12248000,0.0,584022,1
2018-02-19 00:14:21,0.886,12291000,0.0,10889826,1
2018-02-19 00:15:45,1.52e-06,12306000,0.0,-19,0
2018-02-19 00:16:03,0.0651,12310000,0.0,-801381,0
2018-02-19 00:18:14,0.0651,12376000,0.0,805678,1
2018-02-19 00:21:54,0.8935,12311000,0.0,-10999879,0
2018-02-19 00:22:36,0.0865,12329000,0.0,1066459,1
2018-02-19 00:22:36,0.6683,12329000,0.0,8239471,1
2018-02-19 00:23:04,0.1387,12340000,0.0,1711558,1
2018-02-19 00:24:19,0.3272,12350000,0.0,-4040920,0
2018-02-19 00:25:06,0.1758,12340000,0.0,2169372,1
2018-02-19 00:25:47,0.1514,12320000,0.0,1865248,1
2018-02-19 00:25:54,0.299,12302000,0.0,-3678298,0
2018-02-19 00:25:55,0.1454,12302000,0.0,-1788711,0
2018-02-19 00:26:27,0.0543,12286000,0.0,667130,1
2018-02-19 00:26:28,0.3901,12286000,0.0,4792769,1
2018-02-19 00:26:51,1.6,12282000,0.0,-19651200,0
2018-02-19 00:30:48,1.6,12281000,0.0,19649600,1
2018-02-19 00:33:14,0.0462,12253000,0.0,-566089,0
2018-02-19 00:33:18,2.451e-05,12253000,0.0,-300,0
2018-02-19 00:33:18,0.0866,12253000,0.0,-1061110,0
2018-02-19 00:33:27,0.1756,12268000,0.0,-2154261,0
2018-02-19 00:34:21,0.039,12280000,0.0,-478920,0
2018-02-19 00:34:21,0.0033,12280000,0.0,-40524,0
2018-02-19 00:34:21,0.457,12280000,0.0,-5611960,0
2018-02-19 00:34:21,0.0938,12280000,0.0,-1151864,0
2018-02-19 00:34:21,0.2081,12280000,0.0,-2555468,0
2018-02-19 00:34:21,0.0774,12280000,0.0,-950472,0
2018-02-19 00:37:07,0.1412,12282000,0.0,1734218,1
2018-02-19 00:37:11,0.0456,12279000,0.0,559922,1
2018-02-19 00:37:22,0.90919601,12279000,0.0,11164018,1
2018-02-19 00:38:45,0.0226,12290000,0.0,-277754,0
2018-02-19 00:38:45,8.081e-05,12290000,0.0,-993,0
2018-02-19 00:38:46,0.0197,12290000,0.0,-242113,0
2018-02-19 00:39:21,0.02311368,12299000,0.0,-284275,0
2018-02-19 00:39:21,0.19998632,12299000,0.0,-2459632,0
2018-02-19 00:39:47,0.3565,12310000,0.0,4388515,1
2018-02-19 00:41:45,0.499,12233000,0.0,-6104267,0
2018-02-19 00:41:49,0.3649,12241000,0.0,-4466741,0
2018-02-19 00:42:36,0.1,12186000,0.0,1218600,1
2018-02-19 00:43:03,0.2363,12179000,0.0,-2877898,0
2018-02-19 00:48:50,0.09,12120000,0.0,1090800,1
2018-02-19 00:48:50,0.0018,12120000,0.0,21816,1
2018-02-19 00:48:51,0.2248,12120000,0.0,2724576,1
2018-02-19 00:48:59,0.6836,12110000,0.0,8278396,1
2018-02-19 00:51:00,0.0728,12110000,0.0,-881608,0
2018-02-19 00:51:25,0.9062,12141000,0.0,-11002174,0
2018-02-19 00:52:34,0.979,12144000,0.0,11888976,1
2018-02-19 00:55:08,0.0476,12106000,0.0,-576246,0
2018-02-19 00:55:14,0.1169,12107000,0.0,-1415308,0
2018-02-19 00:55:24,0.0254,12118000,0.0,-307797,0
2018-02-19 00:56:21,0.6329,12116000,0.0,-7668216,0
2018-02-19 01:02:03,0.8228,12186000,0.0,10026641,1
2018-02-19 01:02:45,0.1,12199000,0.0,-1219900,0
2018-02-19 01:02:50,0.1407,12201000,0.0,-1716681,0
2018-02-19 01:02:59,0.4793,12198000,0.0,-5846501,0
2018-02-19 01:03:29,0.0329,12196000,0.0,-401248,0
2018-02-19 01:04:33,0.0612,12213000,0.0,-747436,0
2018-02-19 01:05:18,0.0133,12169000,0.0,161848,1
2018-02-19 01:05:19,0.3189,12169000,0.0,3880694,1
2018-02-19 01:05:19,0.4778,12169000,0.0,5814348,1
2018-02-19 01:05:19,0.0041,12169000,0.0,49893,1
2018-02-19 01:11:05,0.2788,12125000,0.0,-3380450,0
2018-02-19 01:11:18,0.0134,12131000,0.0,162555,1
2018-02-19 01:11:19,0.014,12131000,0.0,169834,1
2018-02-19 01:11:19,0.2514,12131000,0.0,3049733,1
2018-02-19 01:11:51,0.1674,12125000,0.0,-2029725,0
2018-02-19 01:11:56,0.0248,12124000,0.0,-300675,0
2018-02-19 01:12:15,0.2097,12130000,0.0,-2543661,0
2018-02-19 01:12:15,0.0033,12130000,0.0,-40029,0
2018-02-19 01:12:15,0.7578,12130000,0.0,-9192114,0
2018-02-19 01:16:24,0.6473,12051000,0.0,7800612,1
2018-02-19 01:16:25,0.1032,12051000,0.0,1243663,1
2018-02-19 01:16:25,0.4125,12051000,0.0,4971038,1
2018-02-19 01:16:56,0.1667,12071000,0.0,-2012236,0
2018-02-19 01:16:56,0.8362,12078000,0.0,-10099624,0
2018-02-19 01:17:51,1.0029,12087000,0.0,12122052,1
2018-02-19 01:20:35,0.1,12054000,0.0,-1205400,0
2018-02-19 01:20:35,0.2341,12054000,0.0,-2821841,0
2018-02-19 01:21:37,0.32269344,12050000,0.0,-3888456,0
2018-02-19 01:21:37,0.15480656,12050000,0.0,-1865419,0
2018-02-19 01:23:08,0.1265,12079000,0.0,1527994,1
2018-02-19 01:23:13,0.001,12070000,0.0,-12070,0
2018-02-19 01:23:19,0.0028,12081000,0.0,-33827,0
2018-02-19 01:23:24,0.0327,12086000,0.0,-395212,0
2018-02-19 01:24:50,0.4705,12090000,0.0,-5688345,0
2018-02-19 01:25:07,1.1921,12110000,0.0,14436331,1
2018-02-19 01:27:13,0.026,12063000,0.0,-313638,0
2018-02-19 01:27:47,0.026,12049000,0.0,313274,1
2018-02-19 01:28:00,0.3978,12050000,0.0,-4793490,0
2018-02-19 01:28:03,1.2022,12056000,0.0,-14493723,0
2018-02-19 01:28:43,0.3243,12074000,0.0,3915598,1
2018-02-19 01:44:32,0.6013,12089000,0.0,7269116,1
2018-02-19 01:44:32,0.6744,12089000,0.0,8152822,1
2018-02-19 01:57:40,0.09,12052000,0.0,-1084680,0
2018-02-19 01:59:02,0.09,12079000,0.0,1087110,1
2018-02-19 02:06:53,0.0001,12159000,0.0,-1216,0
2018-02-19 02:06:58,0.1607,12170000,0.0,-1955719,0
2018-02-19 02:07:07,0.1608,12176000,0.0,1957901,1
2018-02-19 02:15:27,0.2693,12198000,0.0,-3284921,0
2018-02-19 02:16:19,0.2693,12210000,0.0,3288153,1
2018-02-19 02:17:58,0.04,12197000,0.0,-487880,0
2018-02-19 02:18:50,0.04,12194000,0.0,487760,1
2018-02-19 02:19:25,0.6633,12198000,0.0,-8090933,0
2018-02-19 02:19:40,0.0018,12208000,0.0,-21974,0
2018-02-19 02:22:20,0.6651,12182000,0.0,8102248,1
2018-02-19 02:22:36,1.0992,12172000,0.0,-13379462,0
2018-02-19 02:22:36,0.4662,12172000,0.0,-5674586,0
2018-02-19 02:22:36,0.0346,12172000,0.0,-421151,0
2018-02-19 02:24:17,0.2195,12188000,0.0,2675266,1
2018-02-19 02:24:17,0.0237,12188000,0.0,288856,1
2018-02-19 02:30:17,0.9184,12160000,0.0,11167744,1
2018-02-19 02:32:06,0.5442,12142000,0.0,-6607676,0
2018-02-19 02:33:26,0.0349,12140000,0.0,423686,1
2018-02-19 02:33:30,0.9477,12138000,0.0,11503183,1
2018-02-19 02:34:29,0.0235,12133000,0.0,-285126,0
2018-02-19 02:34:29,0.0382,12133000,0.0,-463481,0
2018-02-19 02:34:39,0.0787,12137000,0.0,-955182,0
2018-02-19 02:34:39,1.0873,12137000,0.0,-13196560,0
2018-02-19 02:38:23,0.4493,12164000,0.0,5465285,1
2018-02-19 02:38:24,0.7784,12164000,0.0,9468458,1
2018-02-19 02:38:33,0.0015,12176000,0.0,-18264,0
2018-02-19 02:39:18,0.0015,12168000,0.0,18252,1
2018-02-19 02:51:49,0.016,12234000,0.0,-195744,0
2018-02-19 02:52:03,0.00289601,12231000,0.0,35421,1
2018-02-19 02:53:03,0.0131,12223000,0.0,160121,1
2018-02-19 03:00:11,1.6,12241000,0.0,-19585600,0
2018-02-19 03:03:05,0.0032,12227000,0.0,39126,1
2018-02-19 03:03:10,0.5603,12222000,0.0,6847987,1
2018-02-19 03:06:35,0.7888,12240000,0.0,9654912,1
2018-02-19 03:08:02,0.8834,12179000,0.0,-10758929,0
2018-02-19 03:09:17,1.1311,12165000,0.0,13759832,1
2018-02-19 03:09:37,1.6,12156000,0.0,-19449600,0
2018-02-19 03:13:35,0.0791,12130000,0.0,959483,1
2018-02-19 03:13:36,0.1741,12130000,0.0,2111833,1
2018-02-19 03:13:36,1.003,12130000,0.0,12166390,1
2018-02-19 03:14:07,0.154,12118000,0.0,-1866172,0
2018-02-19 03:14:47,0.4978,12136000,0.0,6041301,1
2018-02-19 03:15:25,0.22,12143000,0.0,-2671460,0
2018-02-19 03:15:47,0.0371,12132000,0.0,-450097,0
2018-02-19 03:15:57,0.0014,12148000,0.0,17007,1
2018-02-19 03:16:41,0.1,12138000,0.0,1213800,1
2018-02-19 03:16:41,0.1557,12138000,0.0,1889887,1
2018-02-19 03:18:38,0.0757,12152000,0.0,-919906,0
2018-02-19 03:18:44,0.1975,12153000,0.0,-2400218,0
2018-02-19 03:19:03,0.0481,12168000,0.0,585281,1
2018-02-19 03:21:22,0.5,12179000,0.0,-6089500,0
2018-02-19 03:21:27,0.8749,12184000,0.0,-10659782,0
2018-02-19 03:22:11,0.1181,12147000,0.0,1434561,1
2018-02-19 03:22:11,0.3177,12147000,0.0,3859102,1
2018-02-19 03:22:12,0.1153,12147000,0.0,1400549,1
2018-02-19 03:24:22,0.2,12180000,0.0,2436000,1
2018-02-19 03:24:22,0.163,12179000,0.0,1985177,1
2018-02-19 03:24:39,0.6859,12193000,0.0,8363179,1
2018-02-19 03:30:36,0.4052,12213000,0.0,-4948708,0
2018-02-19 03:31:02,0.2864,12207000,0.0,-3496085,0
2018-02-19 03:31:02,0.0216,12207000,0.0,-263671,0
2018-02-19 03:31:46,0.7132,12230000,0.0,8722436,1
2018-02-19 03:41:20,0.059,12252000,0.0,-722868,0
2018-02-19 03:41:31,0.054,12250000,0.0,-661500,0
2018-02-19 03:42:15,0.1,12243000,0.0,1224300,1
2018-02-19 03:44:12,0.025,12243000,0.0,-306075,0
2018-02-19 03:49:31,0.038,12264000,0.0,466032,1
2018-02-19 03:59:09,0.0033,12236000,0.0,-40379,0
2018-02-19 04:02:16,0.0033,12236000,0.0,40379,1
2018-02-19 04:05:50,0.199,12234000,0.0,-2434566,0
2018-02-19 04:09:09,0.0206,12215000,0.0,251629,1
2018-02-19 04:09:53,0.1784,12204000,0.0,2177194,1
2018-02-19 04:11:20,0.86660007,12220000,0.0,-10589853,0
2018-02-19 04:11:58,0.7,12219000,0.0,8553300,1
2018-02-19 04:12:01,0.1666,12218000,0.0,2035519,1
2018-02-19 04:14:44,1.003,12190000,0.0,-12226570,0
2018-02-19 04:15:10,0.0146,12190000,0.0,177974,1
2018-02-19 04:16:20,0.9009,12195000,0.0,10986476,1
2018-02-19 04:16:27,0.0875,12194000,0.0,1066975,1
2018-02-19 04:17:00,0.0842,12197000,0.0,-1026987,0
2018-02-19 04:20:10,0.0228,12182000,0.0,-277750,0
2018-02-19 04:20:10,0.0996,12186000,0.0,-1213726,0
2018-02-19 04:20:17,0.008,12195000,0.0,-97560,0
2018-02-19 04:20:22,0.0033,12196000,0.0,-40247,0
2018-02-19 04:20:38,0.7885,12188000,0.0,-9610238,0
2018-02-19 04:25:14,0.0253,12204000,0.0,308761,1
2018-02-19 04:29:38,0.0028,12268000,0.0,34350,1
2018-02-19 04:34:59,0.2321,12275000,0.0,2849028,1
2018-02-19 04:34:59,0.6944,12276000,0.0,8524454,1
2018-02-19 04:35:03,0.0518,12274000,0.0,635793,1
2018-02-19 04:38:18,0.0229,12265000,0.0,-280869,0
2018-02-19 04:39:13,0.0229,12286000,0.0,281349,1
2018-02-19 04:49:11,0.099,12283000,0.0,-1216017,0
2018-02-19 04:57:32,0.099,12309000,0.0,1218591,1
2018-02-19 05:04:28,0.1495,12276000,0.0,-1835262,0
2018-02-19 05:07:08,0.1495,12256000,0.0,1832272,1
2018-02-19 05:07:34,1.6,12259000,0.0,-19614400,0
2018-02-19 05:08:04,0.4363,12270000,0.0,5353401,1
2018-02-19 05:09:23,0.2484,12277000,0.0,3049607,1
2018-02-19 05:10:24,0.0691,12255000,0.0,846821,1
2018-02-19 05:10:34,0.1206,12255000,0.0,1477953,1
2018-02-19 05:10:38,0.464,12252000,0.0,5684928,1
2018-02-19 05:10:38,0.0024,12252000,0.0,29405,1
2018-02-19 05:10:45,0.1083,12250000,0.0,1326675,1
2018-02-19 05:10:49,0.1401,12254000,0.0,1716785,1
2018-02-19 05:10:53,0.0108,12251000,0.0,132311,1
2018-02-19 05:12:05,0.099,12280000,0.0,-1215720,0
2018-02-19 05:12:29,0.099,12272000,0.0,1214928,1
2018-02-19 05:13:42,0.2436,12285000,0.0,-2992626,0
2018-02-19 05:13:47,0.0188,12285000,0.0,-230958,0
2018-02-19 05:17:33,0.0144,12265000,0.0,176616,1
2018-02-19 05:17:33,0.0293,12265000,0.0,359365,1
2018-02-19 05:17:57,0.2187,12275000,0.0,2684543,1
2018-02-19 05:23:20,0.299,12273000,0.0,-3669627,0
2018-02-19 05:28:11,0.07019092,12267000,0.0,861032,1
2018-02-19 05:28:14,0.0802,12265000,0.0,983653,1
2018-02-19 05:28:14,0.05,12265000,0.0,613250,1
2018-02-19 05:28:15,0.0986,12265000,0.0,1209329,1
2018-02-19 05:45:36,1.19117823,12266000,0.0,-14610992,0
2018-02-19 05:45:37,0.01,12266000,0.0,-122660,0
2018-02-19 05:45:51,0.1,12270000,0.0,1227000,1
2018-02-19 05:46:52,0.009,12252000,0.0,110268,1
2018-02-19 05:46:52,0.1039,12252000,0.0,1272983,1
2018-02-19 05:46:56,0.061,12252000,0.0,747372,1
2018-02-19 05:47:02,0.0146,12252000,0.0,178879,1
2018-02-19 05:47:03,0.2,12252000,0.0,2450400,1
2018-02-19 05:47:04,0.284,12252000,0.0,3479568,1
2018-02-19 05:47:05,0.0303,12252000,0.0,371236,1
2018-02-19 05:47:08,0.3984,12252000,0.0,4881197,1
2018-02-19 05:47:41,0.3722,12233000,0.0,-4553123,0
2018-02-19 05:49:09,0.2277,12248000,0.0,-2788870,0
2018-02-19 05:50:19,0.0324,12267000,0.0,-397451,0
2018-02-19 05:51:56,0.0092,12269000,0.0,-112875,0
2018-02-19 05:53:50,0.039,12267000,0.0,-478413,0
2018-02-19 05:58:30,0.5516,12289000,0.0,6778612,1
2018-02-19 05:58:38,0.1289,12286000,0.0,1583665,1
2018-02-19 06:08:02,0.203,12252000,0.0,-2487156,0
2018-02-19 06:08:37,1.397,12260000,0.0,-17127220,0
2018-02-19 06:09:10,0.6609,12264000,0.0,8105278,1
2018-02-19 06:09:10,0.6,12266000,0.0,7359600,1
2018-02-19 06:10:34,0.3391,12265000,0.0,4159062,1
2018-02-19 06:15:03,0.4158,12257000,0.0,-5096461,0
2018-02-19 06:15:33,0.0483,12269000,0.0,592593,1
2018-02-19 06:17:23,0.3675,12265000,0.0,4507388,1
2018-02-19 06:19:47,0.7532,12234000,0.0,-9214649,0
2018-02-19 06:23:18,0.2764,12230000,0.0,-3380372,0
2018-02-19 06:23:35,0.517,12244000,0.0,6330148,1
2018-02-19 06:24:25,0.21019792,12227000,0.0,-2570090,0
2018-02-19 06:26:12,0.0315,12245000,0.0,385718,1
2018-02-19 06:26:13,0.655,12245000,0.0,8020475,1
2018-02-19 06:26:21,0.0363,12246000,0.0,444530,1
2018-02-19 06:26:25,0.1847,12235000,0.0,-2259805,0
2018-02-19 06:28:43,0.027,12265000,0.0,331155,1
2018-02-19 06:32:31,0.0319,12206000,0.0,-389371,0
2018-02-19 06:36:28,0.1896,12211000,0.0,2315206,1
2018-02-19 06:37:01,0.0547,12219000,0.0,-668379,0
2018-02-19 06:37:59,0.7149,12213000,0.0,-8731074,0
2018-02-19 06:38:19,0.0028,12223000,0.0,34224,1
2018-02-19 06:39:07,0.0031,12235000,0.0,37929,1
2018-02-19 06:39:12,0.0582,12231000,0.0,711844,1
2018-02-19 06:39:40,0.0586,12217000,0.0,715916,1
2018-02-19 06:42:22,0.187,12230000,0.0,2287010,1
2018-02-19 06:43:23,0.012,12230000,0.0,146760,1
2018-02-19 06:45:56,0.4479,12266000,0.0,5493941,1
2018-02-19 06:46:34,0.274,12280000,0.0,-3364720,0
2018-02-19 06:46:50,0.099,12284000,0.0,-1216116,0
2018-02-19 06:47:21,0.2352,12280000,0.0,2888256,1
2018-02-19 06:47:31,0.3116,12274000,0.0,-3824578,0
2018-02-19 06:55:25,0.3795,12300000,0.0,-4667850,0
2018-02-19 06:58:34,0.8289,12300000,0.0,10195470,1
2018-02-19 07:01:33,0.0036,12307000,0.0,-44305,0
2018-02-19 07:04:17,0.0036,12304000,0.0,44294,1
2018-02-19 07:16:21,0.8392,12330000,0.0,-10347336,0
2018-02-19 07:17:02,0.12877813,12343000,0.0,1589508,1
2018-02-19 07:17:06,0.7104,12339000,0.0,8765626,1
2018-02-19 07:18:08,0.4963,12303000,0.0,-6105979,0
2018-02-19 07:18:12,1.0,12302000,0.0,-12302000,0
2018-02-19 07:19:40,0.0833,12298000,0.0,1024423,1
2018-02-19 07:19:41,1.413,12298000,0.0,17377074,1
2018-02-19 07:20:00,1.3,12271000,0.0,-15952300,0
2018-02-19 07:20:00,0.3,12271000,0.0,-3681300,0
2018-02-19 07:26:22,0.22166563,12256000,0.0,2716734,1
2018-02-19 07:26:22,0.5376,12256000,0.0,6588826,1
2018-02-19 07:26:31,0.2073,12256000,0.0,2540669,1
2018-02-19 07:26:40,0.59109993,12253000,0.0,7242747,1
2018-02-19 07:26:40,0.04240007,12253000,0.0,519528,1
2018-02-19 07:27:15,1.6,12263000,0.0,-19620800,0
2018-02-19 07:28:55,0.019,12281000,0.0,233339,1
2018-02-19 07:33:47,0.1,12273000,0.0,1227300,1
2018-02-19 07:34:24,0.3066,12274000,0.0,3763208,1
2018-02-19 07:34:40,0.0051,12269000,0.0,62572,1
2018-02-19 07:34:40,0.001,12269000,0.0,12269,1
2018-02-19 07:34:51,0.1267,12266000,0.0,1554102,1
2018-02-19 07:41:36,0.0964,12249000,0.0,1180804,1
2018-02-19 07:41:49,0.02,12240000,0.0,244800,1
2018-02-19 07:41:49,0.003,12240000,0.0,36720,1
2018-02-19 07:41:49,0.096,12240000,0.0,1175040,1
2018-02-19 07:42:01,0.2543,12225000,0.0,3108818,1
2018-02-19 07:43:03,0.4815,12211000,0.0,5879597,1
2018-02-19 07:43:37,0.0148,12214000,0.0,-180767,0
2018-02-19 07:43:55,0.0178,12215000,0.0,-217427,0
2018-02-19 07:44:12,0.399,12214000,0.0,-4873386,0
2018-02-19 07:44:29,0.0409,12209000,0.0,-499348,0
2018-02-19 07:44:55,0.0171,12190000,0.0,-208449,0
2018-02-19 07:45:01,0.704,12190000,0.0,-8581760,0
2018-02-19 07:45:02,0.0076,12190000,0.0,-92644,0
2018-02-19 07:46:25,0.39139207,12180000,0.0,4767155,1
2018-02-19 07:46:26,0.005,12180000,0.0,60900,1
2018-02-19 07:46:26,0.3314,12180000,0.0,4036452,1
2018-02-19 07:46:26,0.0742,12180000,0.0,903756,1
2018-02-19 07:46:26,0.2017,12180000,0.0,2456706,1
2018-02-19 07:46:26,0.0176,12180000,0.0,214368,1
2018-02-19 07:46:27,0.0519,12180000,0.0,632142,1
2018-02-19 07:46:29,0.207,12180000,0.0,2521260,1
2018-02-19 07:46:57,0.009,12155000,0.0,-109395,0
2018-02-19 07:47:40,0.0822,12126000,0.0,-996757,0
2018-02-19 07:47:40,0.9095,12132000,0.0,-11034054,0
2018-02-19 10:57:36,0.0817,12126000,0.0,990694,1
2018-02-19 11:00:58,0.3573,12165000,0.0,4346555,1
2018-02-19 11:01:01,0.5731,12158000,0.0,6967750,1
2018-02-19 11:13:05,1.6,12109000,0.0,-19374400,0
2018-02-19 11:13:50,0.0826,12094000,0.0,998964,1
2018-02-19 11:13:51,0.0011,12094000,0.0,13303,1
2018-02-19 11:13:51,0.001,12094000,0.0,12094,1
2018-02-19 11:14:02,0.5,12084000,0.0,6042000,1
2018-02-19 11:22:39,1.0153,12057000,0.0,12241472,1
2018-02-19 11:23:01,0.2733,12006000,0.0,-3281240,0
2018-02-19 11:23:06,0.9058,12011000,0.0,-10879564,0
2018-02-19 11:26:58,0.005,11992000,0.0,59960,1
2018-02-19 11:26:58,0.0058,11992000,0.0,69554,1
2018-02-19 11:26:58,0.0043,11992000,0.0,51566,1
2018-02-19 11:26:58,0.1773,11992000,0.0,2126182,1
2018-02-19 11:33:00,0.9867,12056000,0.0,11895655,1
2018-02-19 11:34:11,0.1557,12064000,0.0,-1878365,0
2018-02-19 11:34:22,1.4443,12064000,0.0,-17424035,0
2018-02-19 11:39:02,0.0011,12089000,0.0,13298,1
2018-02-19 11:39:40,0.4091,12104000,0.0,4951746,1
2018-02-19 11:41:47,0.9948,12116000,0.0,12052997,1
2018-02-19 11:41:47,0.195,12116000,0.0,2362620,1
2018-02-19 11:44:36,1.6,12070000,0.0,-19312000,0
2018-02-19 11:47:13,0.5614,12110000,0.0,6798554,1
2018-02-19 11:47:22,0.1691,12109000,0.0,2047632,1
2018-02-19 11:47:35,0.8695,12109000,0.0,10528776,1
2018-02-19 11:48:27,0.3779,12100000,0.0,-4572590,0
2018-02-19 11:48:42,0.002,12090000,0.0,24180,1
2018-02-19 11:50:46,0.1179,12094000,0.0,1425883,1
2018-02-19 11:54:06,0.0011,12059000,0.0,-13265,0
2018-02-19 11:54:16,0.0353,12066000,0.0,-425930,0
2018-02-19 11:56:50,0.0032,12075000,0.0,38640,1
2018-02-19 11:57:34,0.2574,12089000,0.0,3111709,1
2018-02-19 11:58:53,0.0007,12096000,0.0,8467,1
2018-02-19 12:00:05,0.0011,12077000,0.0,-13285,0
2018-02-19 12:00:44,0.0514,12090000,0.0,-621426,0
2018-02-19 12:00:49,1.5144,12091000,0.0,-18310610,0
2018-02-19 12:02:14,0.0011,12118000,0.0,13330,1
2018-02-19 12:02:15,0.2852,12118000,0.0,3456054,1
2018-02-19 12:02:15,0.2703,12118000,0.0,3275495,1
2018-02-19 12:20:53,1.0434,12130000,0.0,12656442,1
2018-02-19 12:25:18,0.016,12102000,0.0,-193632,0
2018-02-19 12:26:26,1.584,12100000,0.0,-19166400,0
2018-02-19 12:51:19,0.0082,12062000,0.0,98908,1
2018-02-19 12:52:14,0.117,12048000,0.0,1409616,1
2018-02-19 12:58:42,0.75,12035000,0.0,9026250,1
2018-02-19 12:58:42,0.0151,12035000,0.0,181729,1
2018-02-19 13:00:00,0.8903,12040000,0.0,-10719212,0
2018-02-19 13:07:00,0.1971,12042000,0.0,2373478,1
2018-02-19 13:17:41,0.1663,12074000,0.0,2007906,1
2018-02-19 13:39:31,1.2366,12045000,0.0,14894847,1
2018-02-19 13:42:21,1.6,12031000,0.0,-19249600,0
2018-02-19 14:16:00,0.0116,12005000,0.0,139258,1
2018-02-19 14:22:16,0.0093208,11970000,0.0,111570,1
2018-02-19 14:28:08,1.579,11950000,0.0,18869050,1
2018-02-19 14:32:15,0.515,11952000,0.0,-6155280,0
2018-02-19 14:32:15,0.2495,11952000,0.0,-2982024,0
2018-02-19 14:32:15,0.0016,11952000,0.0,-19123,0
2018-02-19 14:32:52,0.4,11960000,0.0,-4784000,0
2018-02-19 14:32:52,0.4328,11960000,0.0,-5176288,0
2018-02-19 14:32:52,0.0011,11960000,0.0,-13156,0
2018-02-19 14:36:19,0.0068,11930000,0.0,81124,1
2018-02-19 14:36:19,0.12861953,11930000,0.0,1534431,1
2018-02-19 14:36:19,0.0294,11930000,0.0,350742,1
2018-02-19 14:36:19,0.0098,11930000,0.0,116914,1
2018-02-19 14:36:19,0.01,11930000,0.0,119300,1
2018-02-19 14:36:19,0.0083,11930000,0.0,99019,1
2018-02-19 14:36:20,0.7738,11930000,0.0,9231434,1
2018-02-19 14:36:20,0.0077,11930000,0.0,91861,1
2018-02-19 14:36:20,0.0002,11930000,0.0,2386,1
2018-02-19 14:36:21,0.62538047,11930000,0.0,7460789,1
2018-02-19 14:37:11,0.2286,11905000,0.0,-2721483,0
2018-02-19 14:38:35,0.001,11910000,0.0,11910,1
2018-02-19 14:38:36,0.0357,11910000,0.0,425187,1
2018-02-19 14:39:39,0.0021,11905000,0.0,25001,1
2018-02-19 14:39:39,0.0542,11905000,0.0,645251,1
2018-02-19 14:39:44,0.1356,11901000,0.0,1613776,1
2018-02-19 14:45:13,0.14036933,11935000,0.0,-1675308,0
2018-02-19 14:45:13,1.45963067,11935000,0.0,-17420692,0
2018-02-19 14:45:54,9.653e-05,11920000,0.0,1151,1
2018-02-19 14:50:55,0.0045,11900000,0.0,53550,1
2018-02-19 14:50:55,0.168,11900000,0.0,1999200,1
2018-02-19 14:50:55,0.0048,11900000,0.0,57120,1
2018-02-19 14:50:55,0.0143,11900000,0.0,170170,1
2018-02-19 14:51:24,0.06410563,11886000,0.0,761960,1
2018-02-19 14:51:25,0.014,11886000,0.0,166404,1
2018-02-19 14:51:25,1.0753,11886000,0.0,12781016,1
2018-02-19 14:51:38,0.0228,11882000,0.0,-270910,0
2018-02-19 14:51:41,0.0153,11883000,0.0,-181810,0
2018-02-19 14:52:47,0.1507,11870000,0.0,1788809,1
2018-02-19 14:52:47,0.1423,11870000,0.0,1689101,1
2018-02-19 14:53:37,0.0869,11868000,0.0,-1031329,0
2018-02-19 14:53:42,0.1673,11873000,0.0,-1986353,0
2018-02-19 14:53:46,0.0952,11875000,0.0,-1130500,0
2018-02-19 14:53:54,1.2506,11873000,0.0,-14848374,0
2018-02-19 14:55:55,0.0084,11870000,0.0,99708,1
2018-02-19 14:59:10,1.5916,11924000,0.0,18978238,1
2018-02-19 15:01:12,0.0032,11941000,0.0,-38211,0
2018-02-19 15:01:28,0.0032,11966000,0.0,38291,1
2018-02-19 15:02:19,1.6,11970000,0.0,-19152000,0
2018-02-19 15:08:47,0.6,11970000,0.0,7182000,1
2018-02-19 15:09:20,0.0021,11958000,0.0,25112,1
2018-02-19 15:09:20,0.0477,11958000,0.0,570397,1
2018-02-19 15:09:21,0.2789,11958000,0.0,3335086,1
2018-02-19 15:09:35,0.0001,11963000,0.0,-1196,0
2018-02-19 15:11:46,0.13260645,11977000,0.0,1588227,1
2018-02-19 15:15:59,0.08091269,11960000,0.0,967716,1
2018-02-19 15:15:59,0.45788731,11960000,0.0,5476332,1
2018-02-19 15:16:27,1.6,11938000,0.0,-19100800,0
2018-02-19 15:29:06,0.7690792,11944000,0.0,9185882,1
2018-02-19 15:39:11,0.0083,11914000,0.0,98886,1
2018-02-19 15:48:47,0.0026,11990000,0.0,31174,1
2018-02-19 15:48:48,0.5610352,11990000,0.0,6726812,1
2018-02-19 15:48:48,0.2590648,11990000,0.0,3106187,1
2018-02-19 15:53:28,0.2643,11977000,0.0,-3165521,0
2018-02-19 15:53:33,0.1303,11976000,0.0,-1560473,0
2018-02-19 15:53:53,0.15471128,11980000,0.0,-1853441,0
2018-02-19 15:53:53,0.9315,11980000,0.0,-11159370,0
2018-02-19 15:53:53,0.11918872,11980000,0.0,-1427881,0
2018-02-19 16:07:58,0.1,12052000,0.0,1205200,1
2018-02-19 16:14:10,0.0778,12041000,0.0,936790,1
2018-02-19 16:16:56,0.14,12044000,0.0,1686160,1
2018-02-19 16:17:19,0.40553303,12050000,0.0,4886673,1
2018-02-19 16:18:53,0.8766,12090000,0.0,10598094,1
2018-02-19 16:21:58,1.5,12120000,0.0,-18180000,0
2018-02-19 16:22:52,0.0002,12144000,0.0,2429,1
2018-02-19 16:24:51,1.4998,12165000,0.0,18245067,1
2018-02-19 16:26:12,0.4106,12134000,0.0,-4982220,0
2018-02-19 16:26:22,0.4106,12150000,0.0,4988790,1
2018-02-19 16:27:38,0.0133,12121000,0.0,-161209,0
2018-02-19 16:27:48,1.4867,12121000,0.0,-18020291,0
2018-02-19 16:28:56,0.25527705,12137000,0.0,3098298,1
2018-02-19 16:28:59,0.9274,12138000,0.0,11256781,1
2018-02-19 16:29:00,0.3173,12138000,0.0,3851387,1
2018-02-19 16:29:31,0.0165,12153000,0.0,-200525,0
2018-02-19 16:29:35,0.0263,12157000,0.0,-319729,0
2018-02-19 16:29:43,0.0428,12165000,0.0,520662,1
2018-02-19 16:31:26,0.0664,12190000,0.0,-809416,0
2018-02-19 16:32:19,0.0132,12189000,0.0,-160895,0
2018-02-19 16:32:49,0.0527,12171000,0.0,641412,1
2018-02-19 16:33:09,0.0269,12168000,0.0,327319,1
2018-02-19 16:33:41,0.4372,12174000,0.0,-5322473,0
2018-02-19 16:33:41,0.1,12174000,0.0,-1217400,0
2018-02-19 16:33:53,0.6925,12170000,0.0,-8427725,0
2018-02-19 16:34:17,0.0635,12163000,0.0,772351,1
2018-02-19 16:34:17,0.7986,12163000,0.0,9713372,1
2018-02-19 16:34:31,0.0033,12156000,0.0,-40115,0
2018-02-19 16:34:39,1.1291,12149000,0.0,-13717436,0
2018-02-19 16:35:04,0.0407,12166000,0.0,495156,1
2018-02-19 16:35:04,0.1492,12166000,0.0,1815167,1
2018-02-19 16:38:44,1.3101,12209000,0.0,15995011,1
2018-02-19 16:39:24,0.7129,12201000,0.0,-8698093,0
2018-02-19 16:39:44,0.0232,12209000,0.0,283249,1
2018-02-19 16:39:47,0.0144,12207000,0.0,175781,1
2018-02-19 16:39:48,0.6753,12207000,0.0,8243387,1
2018-02-19 16:40:13,0.0374,12211000,0.0,-456691,0
2018-02-19 16:41:08,0.0374,12217000,0.0,456916,1
2018-02-19 16:41:33,0.004,12197000,0.0,-48788,0
2018-02-19 16:41:38,1.4028,12197000,0.0,-17109952,0
2018-02-19 16:43:02,0.7308,12180000,0.0,8901144,1
2018-02-19 16:43:02,0.0821,12180000,0.0,999978,1
2018-02-19 16:43:06,0.5939,12181000,0.0,7234296,1
2018-02-19 16:44:12,0.2479,12185000,0.0,-3020662,0
2018-02-19 16:44:15,0.001,12202000,0.0,12202,1
2018-02-19 16:44:38,0.5,12198000,0.0,-6099000,0
2018-02-19 16:44:49,0.099,12203000,0.0,-1208097,0
2018-02-19 16:47:09,0.1375,12196000,0.0,1676950,1
2018-02-19 16:47:09,0.2,12195000,0.0,2439000,1
2018-02-19 16:47:13,0.1722,12195000,0.0,2099979,1
2018-02-19 16:47:31,0.3362,12192000,0.0,4098950,1
2018-02-19 16:48:01,0.3,12183000,0.0,-3654900,0
2018-02-19 16:48:58,0.0086,12182000,0.0,104765,1
2018-02-19 16:48:58,0.1812,12182000,0.0,2207378,1
2018-02-19 16:49:02,0.1102,12181000,0.0,1342346,1
2018-02-19 16:50:15,0.4072,12153000,0.0,-4948702,0
2018-02-19 16:50:15,0.0019,12153000,0.0,-23091,0
2018-02-19 16:50:30,0.2018,12162000,0.0,-2454292,0
2018-02-19 16:50:30,0.0374,12162000,0.0,-454859,0
2018-02-19 16:50:31,0.0232,12162000,0.0,-282158,0
2018-02-19 16:50:38,0.3504,12169000,0.0,-4264018,0
2018-02-19 16:53:07,1.0219,12171000,0.0,12437545,1
2018-02-19 16:54:56,0.1,12161000,0.0,-1216100,0
2018-02-19 16:54:56,0.28900427,12161000,0.0,-3514581,0
2018-02-19 16:55:00,0.0583,12163000,0.0,-709103,0
2018-02-19 16:56:28,0.4473,12154000,0.0,5436484,1
2018-02-19 16:57:13,0.0932,12147000,0.0,-1132100,0
2018-02-19 16:57:18,1.4068,12143000,0.0,-17082772,0
2018-02-19 16:59:07,1.4717,12188000,0.0,17937080,1
2018-02-19 16:59:07,0.0283,12189000,0.0,344949,1
2018-02-19 17:01:46,0.0277,12201000,0.0,-337968,0
2018-02-19 17:01:46,0.0519,12201000,0.0,-633232,0
2018-02-19 17:02:01,0.9708,12209000,0.0,-11852497,0
2018-02-19 17:03:23,0.0852,12192000,0.0,1038758,1
2018-02-19 17:06:36,0.0002,12178000,0.0,2436,1
2018-02-19 17:06:36,0.01,12178000,0.0,121780,1
2018-02-19 17:06:40,0.0207,12175000,0.0,252023,1
2018-02-19 17:06:40,0.1395,12175000,0.0,1698413,1
2018-02-19 17:07:30,0.7948,12163000,0.0,9667152,1
2018-02-19 17:08:00,0.2344,12126000,0.0,-2842334,0
2018-02-19 17:08:28,0.0386,12133000,0.0,468334,1
2018-02-19 17:08:28,0.140027,12133000,0.0,1698948,1
2018-02-19 17:09:07,0.7,12147000,0.0,-8502900,0
2018-02-19 17:09:20,0.0155,12158000,0.0,188449,1
2018-02-19 17:09:56,0.0764,12157000,0.0,-928795,0
2018-02-19 17:13:37,0.0046,12139000,0.0,55839,1
2018-02-19 17:13:38,0.0815,12139000,0.0,989329,1
2018-02-19 17:13:44,0.0001,12131000,0.0,1213,1
2018-02-19 17:13:48,0.7305,12130000,0.0,8860965,1
2018-02-19 17:14:45,0.0756,12128000,0.0,-916877,0
2018-02-19 17:15:13,0.0756,12120000,0.0,916272,1
2018-02-19 17:15:41,0.9637,12104000,0.0,-11664625,0
2018-02-19 17:16:06,0.5258,12100000,0.0,6362180,1
2018-02-19 17:16:06,0.4379,12100000,0.0,5298590,1
2018-02-19 17:16:20,1.5,12104000,0.0,-18156000,0
2018-02-19 17:16:42,0.0876,12106000,0.0,1060486,1
2018-02-19 17:16:51,0.00300173,12106000,0.0,36339,1
2018-02-19 17:17:45,0.0285,12133000,0.0,345791,1
2018-02-19 17:17:45,0.6789,12133000,0.0,8237094,1
2018-02-19 17:17:49,0.702,12134000,0.0,8518068,1
2018-02-19 17:20:44,0.939,12170000,0.0,-11427630,0
2018-02-19 17:23:23,0.939,12196000,0.0,11452044,1
2018-02-19 17:25:07,1.5,12154000,0.0,-18231000,0
2018-02-19 17:25:12,0.4794,12167000,0.0,5832860,1
2018-02-19 17:25:23,1.003,12160000,0.0,12196480,1
2018-02-19 17:25:23,0.0176,12159000,0.0,213998,1
2018-02-19 17:25:28,1.0029,12167000,0.0,-12202284,0
2018-02-19 17:28:02,1.0029,12213000,0.0,12248418,1
2018-02-19 17:37:00,0.092,12210000,0.0,-1123320,0
2018-02-19 17:37:10,0.7211,12213000,0.0,-8806794,0
2018-02-19 17:37:44,0.00072408,12200000,0.0,8834,1
2018-02-19 17:37:55,0.22486604,12190000,0.0,2741117,1
2018-02-19 17:38:31,0.2596,12195000,0.0,-3165822,0
2018-02-19 17:45:34,0.5232,12172000,0.0,6368390,1
2018-02-19 17:45:38,0.1886,12160000,0.0,-2293376,0
2018-02-19 17:46:36,0.9875,12181000,0.0,-12028738,0
2018-02-19 17:48:04,0.03,12172000,0.0,365160,1
2018-02-19 17:51:29,0.1479,12200000,0.0,1804380,1
2018-02-19 17:56:36,0.45958759,12226000,0.0,5618918,1
2018-02-19 17:57:10,0.1471,12235000,0.0,1799769,1
2018-02-19 17:57:11,0.005,12235000,0.0,61175,1
2018-02-19 17:59:49,0.2567,12186000,0.0,-3128146,0
2018-02-19 18:07:54,3.107e-05,12200000,0.0,379,1
2018-02-19 18:08:15,0.0899,12186000,0.0,1095521,1
2018-02-19 18:11:32,0.22,12191000,0.0,2682020,1
2018-02-19 18:13:52,0.0523,12201000,0.0,638112,1
2018-02-19 18:13:55,0.6049,12200000,0.0,7379780,1
2018-02-19 18:16:58,0.0001,12193000,0.0,-1219,0
2018-02-19 18:16:58,0.1695,12193000,0.0,-2066714,0
2018-02-19 18:17:11,0.0092,12196000,0.0,-112203,0
2018-02-19 18:18:34,0.0022,12201000,0.0,-26842,0
2018-02-19 18:18:38,0.875,12202000,0.0,-10676750,0
2018-02-19 18:18:38,0.017,12202000,0.0,-207434,0
2018-02-19 18:18:38,0.02975242,12202000,0.0,-363039,0
2018-02-19 18:20:38,0.0037,12225000,0.0,45233,1
2018-02-19 18:20:49,1.0991,12227000,0.0,13438696,1
2018-02-19 18:21:24,0.7715,12233000,0.0,-9437760,0
2018-02-19 18:23:11,0.473,12236000,0.0,5787628,1
2018-02-19 18:23:15,0.2985,12230000,0.0,3650655,1
2018-02-19 18:24:58,1.5,12213000,0.0,-18319500,0
2018-02-19 18:26:22,0.31740216,12227000,0.0,3880876,1
2018-02-19 18:26:22,0.0049,12227000,0.0,59912,1
2018-02-19 18:35:35,0.4,12213000,0.0,4885200,1
2018-02-19 18:35:36,0.6935,12213000,0.0,8469716,1
2018-02-19 18:36:10,1.4158,12198000,0.0,-17269928,0
2018-02-19 18:38:09,0.6908,12241000,0.0,8456083,1
2018-02-19 18:38:36,0.8092,12242000,0.0,9906226,1
2018-02-19 18:39:52,1.119e-05,12242000,0.0,-137,0
2018-02-19 18:46:58,0.0299532,12256000,0.0,-367106,0
2018-02-19 18:46:58,0.0635468,12256000,0.0,-778830,0
2018-02-19 18:47:13,0.5395,12253000,0.0,-6610494,0
2018-02-19 18:47:20,0.0714532,12274000,0.0,877017,1
2018-02-19 18:47:52,0.9385,12276000,0.0,-11521026,0
2018-02-19 18:48:21,0.0146,12295000,0.0,179507,1
2018-02-19 18:50:19,0.9968,12320000,0.0,12280576,1
2018-02-19 18:50:19,0.0659,12320000,0.0,811888,1
2018-02-19 18:51:19,0.4227,12318000,0.0,5206819,1
2018-02-19 18:52:55,0.064,12297000,0.0,-787008,0
2018-02-19 18:53:09,0.19129969,12296000,0.0,-2352221,0
2018-02-19 18:53:10,0.00290031,12296000,0.0,-35662,0
2018-02-19 18:53:43,0.1632,12298000,0.0,-2007034,0
2018-02-19 18:53:47,0.4134,12299000,0.0,-5084407,0
2018-02-19 18:55:03,0.00544848,12297000,0.0,67000,1
2018-02-19 18:55:45,0.003,12317000,0.0,36951,1
2018-02-19 18:55:55,0.6192,12319000,0.0,7627925,1
2018-02-19 18:55:59,0.225,12318000,0.0,-2771550,0
2018-02-19 18:56:24,0.0154,12340000,0.0,190036,1
2018-02-19 18:56:55,0.2191,12350000,0.0,-2705885,0
2018-02-19 18:57:50,0.6359,12334000,0.0,7843191,1
2018-02-19 19:00:38,0.6667,12340000,0.0,-8227078,0
2018-02-19 19:00:38,0.8333,12340000,0.0,-10282922,0
2018-02-19 19:04:21,0.299,12366000,0.0,3697434,1
2018-02-19 19:04:27,1.201,12370000,0.0,14856370,1
2018-02-19 19:06:14,0.0234,12390000,0.0,-289926,0
2018-02-19 19:06:27,0.61549235,12400000,0.0,-7632105,0
2018-02-19 19:06:27,0.86110765,12400000,0.0,-10677735,0
2018-02-19 19:07:48,0.0494,12390000,0.0,612066,1
2018-02-19 19:07:51,0.1358,12391000,0.0,1682698,1
2018-02-19 19:07:52,0.6,12391000,0.0,7434600,1
2018-02-19 19:07:57,0.0922,12389000,0.0,1142266,1
2018-02-19 19:07:57,0.2272,12389000,0.0,2814781,1
2018-02-19 19:08:04,0.0244,12394000,0.0,302414,1
2018-02-19 19:08:08,0.2645,12394000,0.0,3278213,1
2018-02-19 19:08:08,0.1065,12394000,0.0,1319961,1
2018-02-19 19:09:31,0.6851,12380000,0.0,-8481538,0
2018-02-19 19:10:04,0.598,12383000,0.0,-7405034,0
2018-02-19 19:10:40,1.2831,12387000,0.0,15893760,1
2018-02-19 19:11:37,1.5,12372000,0.0,-18558000,0
2018-02-19 19:12:36,1.5,12352000,0.0,18528000,1
2018-02-19 19:13:40,0.4436,12330000,0.0,-5469588,0
2018-02-19 19:13:40,0.5,12330000,0.0,-6165000,0
2018-02-19 19:14:45,0.9436,12325000,0.0,11629870,1
2018-02-19 19:15:32,0.4578,12350000,0.0,-5653830,0
2018-02-19 19:15:37,0.2162,12360000,0.0,-2672232,0
2018-02-19 19:15:53,0.674,12360000,0.0,8330640,1
2018-02-19 19:16:15,0.9051,12342000,0.0,-11170744,0
2018-02-19 19:18:21,0.2578,12364000,0.0,3187439,1
2018-02-19 19:18:54,0.0779,12357000,0.0,962610,1
2018-02-19 19:19:08,0.0577,12357000,0.0,712999,1
2018-02-19 19:19:08,0.5117,12357000,0.0,6323077,1
2018-02-19 19:20:33,0.0375,12405000,0.0,-465188,0
2018-02-19 19:20:51,0.0375,12405000,0.0,465188,1
2018-02-19 19:21:20,0.0755,12414000,0.0,-937257,0
2018-02-19 19:21:25,0.0023,12417000,0.0,-28559,0
2018-02-19 19:22:16,0.0778,12398000,0.0,964564,1
2018-02-19 19:23:25,0.4864,12396000,0.0,-6029414,0
2018-02-19 19:23:45,0.4864,12391000,0.0,6026982,1
2018-02-19 19:24:39,0.63135342,12374000,0.0,-7812367,0
2018-02-19 19:24:40,0.0799,12374000,0.0,-988683,0
2018-02-19 19:24:43,0.699,12373000,0.0,-8648727,0
2018-02-19 19:26:19,0.0502,12359000,0.0,620422,1
2018-02-19 19:26:53,0.1,12350000,0.0,1235000,1
2018-02-19 19:26:53,0.0003,12350000,0.0,3705,1
2018-02-19 19:26:54,0.5193,12350000,0.0,6413355,1
2018-02-19 19:26:54,0.6525,12350000,0.0,8058375,1
2018-02-19 19:26:54,0.0218,12350000,0.0,269230,1
2018-02-19 19:26:54,0.0321,12350000,0.0,396435,1
2018-02-19 19:27:27,0.14174036,12352000,0.0,-1750777,0
2018-02-19 19:27:27,0.49705964,12352000,0.0,-6139681,0
2018-02-19 19:28:29,0.0804,12345000,0.0,-992538,0
2018-02-19 19:28:37,0.0783,12348000,0.0,966848,1
2018-02-19 19:28:44,0.0696,12345000,0.0,-859212,0
2018-02-19 19:29:09,0.1231,12338000,0.0,-1518808,0
2018-02-19 19:29:36,0.0189,12346000,0.0,233339,1
2018-02-19 19:30:53,0.27,12355000,0.0,3335850,1
2018-02-19 19:31:54,0.0288,12331000,0.0,-355133,0
2018-02-19 19:32:02,0.7332,12329000,0.0,-9039623,0
2018-02-19 19:32:56,0.2772,12320000,0.0,3415104,1
2018-02-19 19:33:15,0.0011,12317000,0.0,13549,1
2018-02-19 19:33:16,0.3247544,12317000,0.0,4000000,1
2018-02-19 19:34:17,0.0016,12293000,0.0,19669,1
2018-02-19 19:34:27,0.0479,12281000,0.0,-588260,0
2018-02-19 19:35:08,0.1364,12290000,0.0,1676356,1
2018-02-19 19:35:29,0.6476,12289000,0.0,7958356,1
2018-02-19 19:35:43,0.1971,12300000,0.0,-2424330,0
2018-02-19 19:35:43,0.4735,12300000,0.0,-5824050,0
2018-02-19 19:35:43,0.3349,12300000,0.0,-4119270,0
2018-02-19 19:35:43,0.4945,12300000,0.0,-6082350,0
2018-02-19 19:36:02,0.9,12312000,0.0,11080800,1
2018-02-19 19:36:02,0.6,12313000,0.0,7387800,1
2018-02-19 19:36:28,0.6832,12309000,0.0,-8409509,0
2018-02-19 19:36:33,0.0548,12312000,0.0,-674698,0
2018-02-19 19:36:38,0.762,12304000,0.0,-9375648,0
2018-02-19 19:38:53,0.0089,12296000,0.0,109434,1
2018-02-19 19:38:53,0.79714469,12296000,0.0,9801691,1
2018-02-19 19:39:17,0.0406,12291000,0.0,499015,1
2018-02-19 19:39:17,0.63296357,12291000,0.0,7779755,1
2018-02-19 19:39:21,0.0204,12289000,0.0,250696,1
2018-02-19 19:40:55,0.0406,12273000,0.0,-498284,0
2018-02-19 19:41:15,0.2591,12278000,0.0,-3181230,0
2018-02-19 19:42:38,0.2997,12303000,0.0,3687209,1
2018-02-19 19:43:25,0.2113,12304000,0.0,-2599835,0
2018-02-19 19:43:38,0.22368539,12314000,0.0,-2754462,0
2018-02-19 19:44:15,0.4,12320000,0.0,4928000,1
2018-02-19 19:44:22,0.0349,12325000,0.0,430143,1
2018-02-19 19:44:38,0.3234,12310000,0.0,-3981054,0
2018-02-19 19:44:46,0.0246,12304000,0.0,-302678,0
2018-02-19 19:45:06,0.1094,12304000,0.0,-1346058,0
2018-02-19 19:45:59,0.8046,12332000,0.0,-9922327,0
2018-02-19 19:46:15,1.262,12332000,0.0,15562984,1
2018-02-19 19:47:17,0.3677,12313000,0.0,-4527490,0
2018-02-19 19:47:20,0.3168,12335000,0.0,3907728,1
2018-02-19 19:49:09,0.0509,12330000,0.0,627597,1
2018-02-19 19:49:51,1.4917,12321000,0.0,-18379236,0
2018-02-19 19:49:51,0.0083,12321000,0.0,-102264,0
2018-02-19 19:51:29,1.0,12291000,0.0,12291000,1
2018-02-19 19:53:01,0.6702,12285000,0.0,-8233407,0
2018-02-19 19:57:47,0.1026,12286000,0.0,1260544,1
2018-02-19 20:02:05,0.2478,12247000,0.0,3034807,1
2018-02-19 20:06:01,0.8198,12286000,0.0,10072063,1
2018-02-19 20:09:46,0.1391,12280000,0.0,-1708148,0
2018-02-19 20:10:39,0.1391,12289000,0.0,1709400,1
2018-02-19 20:11:02,0.27155619,12289000,0.0,-3337154,0
2018-02-19 20:11:30,0.1946,12300000,0.0,-2393580,0
2018-02-19 20:11:30,1.03071314,12300000,0.0,-12677772,0
2018-02-19 20:11:31,0.00308686,12300000,0.0,-37968,0
2018-02-19 20:11:39,0.0001,12311000,0.0,1231,1
2018-02-19 20:12:01,0.6,12322000,0.0,7393200,1
2018-02-19 20:12:01,0.1638,12322000,0.0,2018344,1
2018-02-19 20:12:35,0.1478,12312000,0.0,1819714,1
2018-02-19 20:13:31,0.0467,12320000,0.0,-575344,0
2018-02-19 20:14:23,0.0755,12326000,0.0,930613,1
2018-02-19 20:14:24,0.0173,12326000,0.0,213240,1
2018-02-19 20:15:20,0.3416,12329000,0.0,4211586,1
2018-02-19 20:15:51,0.1678,12300000,0.0,-2063940,0
2018-02-19 20:15:51,0.1508,12299000,0.0,-1854689,0
2018-02-19 20:16:18,0.0171,12305000,0.0,210416,1
2018-02-19 20:16:18,0.0758,12305000,0.0,932719,1
2018-02-19 20:17:12,0.0056,12295000,0.0,68852,1
2018-02-19 20:17:21,0.7855,12304000,0.0,-9664792,0
2018-02-19 20:19:06,1.0649,12322000,0.0,13121698,1
2018-02-19 20:20:59,0.2597,12323000,0.0,-3200283,0
2018-02-19 20:21:08,0.0902,12325000,0.0,-1111715,0
2018-02-19 20:21:08,1.0088,12325000,0.0,-12433460,0
2018-02-19 20:21:37,1.0821,12322000,0.0,13333636,1
2018-02-19 20:21:56,0.379,12314000,0.0,4667006,1
2018-02-19 20:22:02,0.0388,12314000,0.0,477783,1
2018-02-19 20:22:13,1.2152,12314000,0.0,-14963973,0
2018-02-19 20:24:33,0.0089,12304000,0.0,109506,1
2018-02-19 20:24:56,0.2458,12292000,0.0,3021374,1
2018-02-19 20:25:01,0.8423,12300000,0.0,10360290,1
2018-02-19 20:25:09,1.3817,12276000,0.0,-16961749,0
2018-02-19 20:29:36,0.2338,12286000,0.0,2872467,1
2018-02-19 20:29:42,0.0819,12287000,0.0,1006305,1
2018-02-19 20:31:32,0.0005,12298000,0.0,6149,1
2018-02-19 20:38:31,0.53481265,12276000,0.0,6565360,1
2018-02-19 20:39:14,0.6425,12275000,0.0,-7886688,0
2018-02-19 20:39:18,0.0057,12284000,0.0,70019,1
2018-02-19 20:40:48,1.2858,12290000,0.0,15802482,1
2018-02-19 20:45:27,0.02072748,12300000,0.0,-254948,0
2018-02-19 20:45:27,0.87927252,12300000,0.0,-10815052,0
2018-02-19 20:45:27,0.6,12300000,0.0,-7380000,0
2018-02-19 20:46:01,0.0082,12307000,0.0,100917,1
2018-02-19 20:46:02,0.1995,12307000,0.0,2455247,1
2018-02-19 20:46:05,0.04098678,12308000,0.0,504465,1
2018-02-19 20:55:52,0.02992563,12305000,0.0,368235,1
2018-02-19 20:57:50,0.26154973,12309000,0.0,3219416,1
2018-02-19 20:57:51,0.4483,12309000,0.0,5518125,1
2018-02-19 20:58:31,0.2844,12299000,0.0,-3497836,0
2018-02-19 20:58:59,0.0232,12312000,0.0,285638,1
2018-02-19 21:02:19,0.0001,12309000,0.0,1231,1
2018-02-19 21:02:20,0.0609,12309000,0.0,749618,1
2018-02-19 21:02:25,0.6394,12302000,0.0,-7865899,0
2018-02-19 21:02:54,0.4215,12320000,0.0,5192880,1
2018-02-19 21:06:33,0.42826724,12323000,0.0,5277537,1
2018-02-19 21:06:39,0.0069,12322000,0.0,85022,1
2018-02-19 21:06:56,0.361,12323000,0.0,4448603,1
2018-02-19 21:07:02,0.1335,12324000,0.0,1645254,1
2018-02-19 21:07:35,0.3247,12329000,0.0,-4003226,0
2018-02-19 21:08:01,1.1753,12339000,0.0,-14502027,0
2018-02-19 21:09:35,1.0824,12370000,0.0,13389288,1
2018-02-19 21:09:36,0.0904,12370000,0.0,1118248,1
2018-02-19 21:09:46,0.3272,12366000,0.0,4046155,1
2018-02-19 21:09:58,1.5,12346000,0.0,-18519000,0
2018-02-19 21:11:51,0.091,12347000,0.0,1123577,1
2018-02-19 21:11:51,0.0726,12347000,0.0,896392,1
2018-02-19 21:12:14,0.092,12348000,0.0,1136016,1
2018-02-19 21:14:31,0.0162,12338000,0.0,199876,1
2018-02-19 21:14:41,0.003,12325000,0.0,36975,1
2018-02-19 21:16:31,0.0186,12340000,0.0,229524,1
2018-02-19 21:17:03,0.0017,12337000,0.0,20973,1
2018-02-19 21:17:38,0.0975,12338000,0.0,1202955,1
2018-02-19 21:31:29,0.0051,12329000,0.0,62878,1
2018-02-19 21:36:13,0.2106,12316000,0.0,2593750,1
2018-02-19 21:40:21,0.2,12313000,0.0,2462600,1
2018-02-19 21:40:32,0.0148,12306000,0.0,-182129,0
2018-02-19 21:41:07,0.0069,12291000,0.0,84808,1
2018-02-19 21:41:07,0.3155,12291000,0.0,3877811,1
2018-02-19 21:41:08,0.116,12291000,0.0,1425756,1
2018-02-19 21:41:11,0.2681,12287000,0.0,3294145,1
2018-02-19 21:42:58,4.45e-05,12268000,0.0,-546,0
2018-02-19 21:43:48,0.1522,12269000,0.0,-1867342,0
2018-02-19 21:45:35,0.1522,12274000,0.0,1868103,1
2018-02-19 21:48:39,0.072,12261000,0.0,-882792,0
2018-02-19 21:48:39,0.0365,12261000,0.0,-447527,0
2018-02-19 21:48:39,1.381,12261000,0.0,-16932441,0
2018-02-19 21:59:03,0.0001,12285000,0.0,1229,1
2018-02-19 22:05:26,0.0993,12254000,0.0,1216822,1
2018-02-19 22:05:27,0.0324,12254000,0.0,397030,1
2018-02-19 22:05:40,1.3577,12254000,0.0,16637256,1
2018-02-19 22:06:26,0.47992481,12275000,0.0,-5891077,0
2018-02-19 22:06:27,0.02007519,12275000,0.0,-246423,0
2018-02-19 22:06:36,0.27049402,12277000,0.0,-3320855,0
2018-02-19 22:06:36,0.1,12277000,0.0,-1227700,0
2018-02-19 22:06:54,0.1097,12275000,0.0,1346568,1
2018-02-19 22:06:54,0.4,12275000,0.0,4910000,1
2018-02-19 22:07:10,0.2211,12276000,0.0,2714224,1
2018-02-19 22:07:31,0.2342,12255000,0.0,-2870121,0
2018-02-19 22:07:35,0.1579,12265000,0.0,1936644,1
2018-02-19 22:08:52,0.8443,12256000,0.0,-10347741,0
2018-02-19 22:09:00,0.0815,12266000,0.0,999679,1
2018-02-19 22:09:00,0.0121,12267000,0.0,148431,1
2018-02-19 22:09:23,0.0002,12276000,0.0,2455,1
2018-02-19 22:09:50,0.1,12267000,0.0,1226700,1
2018-02-19 22:10:36,0.0001,12257000,0.0,1226,1
2018-02-19 22:13:40,0.6,12248000,0.0,7348800,1
2018-02-19 22:14:57,0.2664,12250000,0.0,3263400,1
2018-02-19 22:17:32,0.0078,12233000,0.0,-95417,0
2018-02-19 22:17:39,0.0001,12234000,0.0,1223,1
2018-02-19 22:21:15,0.2093,12251000,0.0,-2564134,0
2018-02-19 22:21:18,0.0336,12252000,0.0,-411667,0
2018-02-19 22:21:31,0.1934,12253000,0.0,2369730,1
2018-02-19 22:21:31,0.0572,12253000,0.0,700872,1
2018-02-19 22:25:05,0.004,12244000,0.0,-48976,0
2018-02-19 22:25:08,0.0028,12247000,0.0,-34292,0
2018-02-19 22:29:17,0.0068,12278000,0.0,83490,1
2018-02-19 22:34:15,0.3682,12243000,0.0,-4507873,0
2018-02-19 22:35:18,0.1795,12250000,0.0,2198875,1
2018-02-19 22:35:26,0.185,12257000,0.0,2267545,1
2018-02-19 22:36:29,0.0014,12254000,0.0,17156,1
2018-02-19 22:39:30,1.10398,12272000,0.0,-13548043,0
2018-02-19 22:39:31,0.39372,12272000,0.0,-4831732,0
2018-02-19 22:43:18,0.0022,12279000,0.0,27014,1
2018-02-19 22:43:49,0.249,12278000,0.0,3057222,1
2018-02-19 22:47:05,0.1,12283000,0.0,1228300,1
2018-02-19 22:47:09,1.1488,12280000,0.0,14107264,1
2018-02-19 22:47:55,0.1512,12281000,0.0,-1856887,0
2018-02-19 22:48:06,0.02,12284000,0.0,-245680,0
2018-02-19 22:50:48,0.2097,12280000,0.0,-2575116,0
2018-02-19 22:52:41,0.0456,12305000,0.0,-561108,0
2018-02-19 22:52:41,0.011,12305000,0.0,-135355,0
2018-02-19 22:52:41,0.011,12305000,0.0,-135355,0
2018-02-19 22:52:41,0.0011,12305000,0.0,-13536,0
2018-02-19 22:52:44,0.001,12306000,0.0,-12306,0
2018-02-19 22:52:44,0.002,12306000,0.0,-24612,0
2018-02-19 22:52:44,0.001,12306000,0.0,-12306,0
2018-02-19 22:52:45,0.001,12306000,0.0,-12306,0
2018-02-19 22:52:45,0.006,12306000,0.0,-73836,0
2018-02-19 22:52:45,0.002,12306000,0.0,-24612,0
2018-02-19 22:53:12,0.00646292,12313000,0.0,79578,1
2018-02-19 22:53:16,0.2177,12311000,0.0,2680105,1
2018-02-19 22:54:04,0.077,12306000,0.0,947562,1
2018-02-19 22:56:42,0.0357,12313000,0.0,-439574,0
2018-02-19 22:57:39,0.1971,12308000,0.0,2425907,1
2018-02-19 22:58:15,0.0479,12294000,0.0,-588883,0
2018-02-19 22:59:08,0.1455,12299000,0.0,-1789505,0
2018-02-19 22:59:33,0.1934,12302000,0.0,2379207,1
2018-02-19 23:00:02,0.0826,12290000,0.0,-1015154,0
2018-02-19 23:00:39,0.0826,12307000,0.0,1016558,1
2018-02-19 23:02:26,0.037,12291000,0.0,-454767,0
2018-02-19 23:04:51,0.037,12310000,0.0,455470,1
2018-02-19 23:11:47,0.2451,12302000,0.0,-3015220,0
2018-02-19 23:12:15,0.164,12318000,0.0,2020152,1
2018-02-19 23:12:15,0.0811,12318000,0.0,998990,1
2018-02-19 23:13:02,0.2849,12317000,0.0,-3509113,0
2018-02-19 23:13:25,1.2151,12320000,0.0,-14970032,0
2018-02-19 23:16:46,0.1449,12337000,0.0,1787631,1
2018-02-19 23:18:36,0.0674,12335000,0.0,831379,1
2018-02-19 23:22:40,0.0052,12303000,0.0,63976,1
2018-02-19 23:30:31,0.0008,12329000,0.0,9863,1
2018-02-19 23:30:41,0.05,12329000,0.0,616450,1
2018-02-19 23:30:41,0.33115582,12329000,0.0,4082820,1
2018-02-19 23:33:41,0.349,12318000,0.0,4298982,1
2018-02-19 23:34:33,0.9484,12312000,0.0,-11676701,0
2018-02-19 23:36:23,0.0065,12296000,0.0,79924,1
2018-02-19 23:40:22,0.5,12302000,0.0,6151000,1
2018-02-19 23:40:41,0.1,12302000,0.0,1230200,1
2018-02-19 23:42:36,0.8478,12283000,0.0,10413527,1
2018-02-19 23:42:37,0.0433,12283000,0.0,531854,1
2018-02-19 23:42:48,0.0024,12276000,0.0,29462,1
2018-02-19 23:45:15,0.0142,12294000,0.0,-174575,0
2018-02-19 23:46:06,0.0004,12303000,0.0,4921,1
2018-02-19 23:46:17,0.0138,12299000,0.0,169726,1
2018-02-19 23:51:31,0.1052,12310000,0.0,-1295012,0
2018-02-19 23:51:31,0.1866,12310000,0.0,-2297046,0
2018-02-19 23:51:32,0.005,12310000,0.0,-61550,0
2018-02-19 23:52:53,1.2032,12310000,0.0,-14811392,0
2018-02-19 23:53:09,0.481,12324000,0.0,5927844,1
2018-02-19 23:53:15,0.1448,12325000,0.0,1784660,1
2018-02-19 23:53:15,0.8742,12324000,0.0,10773641,1
2018-02-19 23:54:06,0.0104,12304000,0.0,-127962,0
2018-02-19 23:54:52,0.0104,12322000,0.0,128149,1
2018-02-20 00:03:23,0.0004,12352000,0.0,-4941,0
2018-02-20 00:03:23,1.4996,12352000,0.0,-18523059,0
2018-02-20 00:05:04,0.3944,12355000,0.0,4872812,1
2018-02-20 00:05:05,0.0707,12355000,0.0,873499,1
2018-02-20 00:05:08,0.8915,12354000,0.0,11013591,1
2018-02-20 00:05:25,0.1434,12346000,0.0,1770416,1
2018-02-20 00:05:32,0.0223,12336000,0.0,-275093,0
2018-02-20 00:06:27,0.0223,12352000,0.0,275450,1
2018-02-20 00:10:12,0.0243,12376000,0.0,-300737,0
2018-02-20 00:10:33,0.0243,12398000,0.0,301271,1
2018-02-20 00:10:36,0.0962,12400000,0.0,-1192880,0
2018-02-20 00:10:36,0.2306,12400000,0.0,-2859440,0
2018-02-20 00:10:36,0.6732,12400000,0.0,-8347680,0
2018-02-20 00:10:36,0.5,12400000,0.0,-6200000,0
2018-02-20 00:11:19,0.6983,12404000,0.0,8661713,1
2018-02-20 00:11:19,0.8017,12404000,0.0,9944287,1
2018-02-20 00:12:12,0.0298,12410000,0.0,-369818,0
2018-02-20 00:12:53,0.0298,12419000,0.0,370086,1
2018-02-20 00:13:33,0.9111,12407000,0.0,-11304018,0
2018-02-20 00:13:42,0.729,12419000,0.0,9053451,1
2018-02-20 00:13:42,0.069,12419000,0.0,856911,1
2018-02-20 00:13:43,0.0232,12419000,0.0,288121,1
2018-02-20 00:14:03,0.0537,12418000,0.0,666847,1
2018-02-20 00:14:12,0.0001,12418000,0.0,1242,1
2018-02-20 00:14:13,0.016,12418000,0.0,198688,1
2018-02-20 00:14:39,0.0386,12420000,0.0,-479412,0
2018-02-20 00:14:49,0.4673,12419000,0.0,-5803399,0
2018-02-20 00:14:53,0.526,12425000,0.0,6535550,1
2018-02-20 00:15:28,0.6112,12433000,0.0,-7599050,0
2018-02-20 00:15:37,0.01059389,12442000,0.0,-131809,0
2018-02-20 00:15:37,0.16990611,12442000,0.0,-2113972,0
2018-02-20 00:22:42,0.1955,12452000,0.0,2434366,1
2018-02-20 00:23:51,0.0637,12449000,0.0,793001,1
2018-02-20 00:24:06,0.005,12439000,0.0,62195,1
2018-02-20 00:24:07,0.2595,12439000,0.0,3227921,1
2018-02-20 00:24:14,0.268,12439000,0.0,3333652,1
2018-02-20 00:27:01,0.1585,12424000,0.0,-1969204,0
2018-02-20 00:27:16,0.4784,12451000,0.0,-5956558,0
2018-02-20 00:27:24,0.8631,12452000,0.0,-10747321,0
2018-02-20 00:31:25,0.05603374,12449000,0.0,697564,1
2018-02-20 00:35:13,0.2,12412000,0.0,2482400,1
2018-02-20 00:40:35,1.2439,12430000,0.0,15461677,1
2018-02-20 00:41:01,0.2495,12432000,0.0,-3101784,0
2018-02-20 00:41:01,0.0299,12432000,0.0,-371717,0
2018-02-20 00:41:42,0.492,12442000,0.0,-6121464,0
2018-02-20 00:41:42,0.1703,12442000,0.0,-2118873,0
2018-02-20 00:41:42,0.0708,12442000,0.0,-880894,0
2018-02-20 00:41:42,0.4623,12442000,0.0,-5751937,0
2018-02-20 00:44:46,0.0664,12441000,0.0,826082,1
2018-02-20 00:45:36,0.1404,12431000,0.0,1745312,1
2018-02-20 00:45:36,0.1094,12431000,0.0,1359951,1
2018-02-20 00:55:24,0.0007,12524000,0.0,8767,1
2018-02-20 00:55:25,0.1294,12524000,0.0,1620606,1
2018-02-20 00:55:55,0.0816,12496000,0.0,1019674,1
2018-02-20 00:55:55,0.1,12497000,0.0,1249700,1
2018-02-20 00:55:55,0.377,12496000,0.0,4710992,1
2018-02-20 00:56:01,0.0581,12496000,0.0,726018,1
2018-02-20 00:56:01,0.4118,12496000,0.0,5145853,1
2018-02-20 00:56:18,0.0589,12499000,0.0,-736191,0
2018-02-20 00:56:18,0.5096,12499000,0.0,-6369490,0
2018-02-20 00:56:23,0.0532,12500000,0.0,-665000,0
2018-02-20 00:56:26,0.4557,12496000,0.0,-5694427,0
2018-02-20 01:01:00,0.0387,12489000,0.0,483324,1
2018-02-20 01:05:35,0.01,12448000,0.0,124480,1
2018-02-20 01:13:17,0.0341,12460000,0.0,424886,1
2018-02-20 01:13:17,0.3488,12460000,0.0,4346048,1
2018-02-20 01:13:23,0.6458,12461000,0.0,8047314,1
2018-02-20 01:15:14,1.5,12450000,0.0,-18675000,0
2018-02-20 01:15:18,1.5,12468000,0.0,18702000,1
2018-02-20 01:15:37,0.2972,12446000,0.0,-3698951,0
2018-02-20 01:15:56,0.09601025,12443000,0.0,-1194656,0
2018-02-20 01:16:12,0.3628,12461000,0.0,4520851,1
2018-02-20 01:16:12,0.0305,12461000,0.0,380061,1
2018-02-20 01:17:19,0.8936,12448000,0.0,-11123533,0
2018-02-20 01:17:23,0.366,12469000,0.0,4563654,1
2018-02-20 01:17:27,0.3369,12466000,0.0,4199795,1
2018-02-20 01:17:34,0.0265,12467000,0.0,330376,1
2018-02-20 01:17:35,0.1642,12466000,0.0,2046917,1
2018-02-20 01:22:15,1.3358,12500000,0.0,-16697500,0
2018-02-20 01:22:15,0.1642,12499000,0.0,-2052336,0
2018-02-20 01:23:42,1.5,12515000,0.0,18772500,1
2018-02-20 01:26:02,1.5,12519000,0.0,-18778500,0
2018-02-20 01:29:07,1.5,12557000,0.0,18835500,1
2018-02-20 01:34:31,0.388,12549000,0.0,-4869012,0
2018-02-20 01:34:34,0.06759299,12550000,0.0,-848292,0
2018-02-20 01:34:34,0.06340701,12550000,0.0,-795758,0
2018-02-20 01:34:48,0.981,12545000,0.0,-12306645,0
2018-02-20 01:36:41,0.0072,12562000,0.0,90446,1
2018-02-20 01:36:57,0.05840562,12563000,0.0,733750,1
2018-02-20 01:38:57,1.4343,12535000,0.0,17978951,1
2018-02-20 01:40:00,0.9935,12509000,0.0,-12427692,0
2018-02-20 01:46:41,0.9935,12524000,0.0,12442594,1
2018-02-20 01:47:44,0.2943,12525000,0.0,-3686108,0
2018-02-20 01:47:56,0.0387,12526000,0.0,-484756,0
2018-02-20 01:51:03,0.099,12529000,0.0,-1240371,0
2018-02-20 01:53:47,0.699,12488000,0.0,-8729112,0
2018-02-20 01:56:58,0.3458,12450000,0.0,4305210,1
2018-02-20 01:57:11,0.1401,12445000,0.0,1743545,1
2018-02-20 01:57:11,0.0514,12445000,0.0,639673,1
2018-02-20 01:57:16,0.13,12447000,0.0,1618110,1
2018-02-20 01:57:22,0.4527743,12450000,0.0,-5637040,0
2018-02-20 01:57:22,0.1701,12450000,0.0,-2117745,0
2018-02-20 01:57:22,0.4134257,12450000,0.0,-5147150,0
2018-02-20 01:58:10,0.0973,12448000,0.0,1211190,1
2018-02-20 02:04:17,0.3581,12399000,0.0,4440082,1
2018-02-20 02:04:17,0.1319,12399000,0.0,1635428,1
2018-02-20 02:04:17,0.007,12399000,0.0,86793,1
2018-02-20 02:04:56,0.4168,12393000,0.0,5165402,1
2018-02-20 02:05:00,0.4889,12389000,0.0,6056982,1
2018-02-20 02:06:03,0.0102,12405000,0.0,-126531,0
2018-02-20 02:06:07,0.0102,12419000,0.0,126674,1
2018-02-20 02:06:26,0.5554,12390000,0.0,-6881406,0
2018-02-20 02:07:05,0.5554,12404000,0.0,6889182,1
2018-02-20 02:08:00,0.2615,12424000,0.0,-3248876,0
2018-02-20 02:08:04,0.3664,12428000,0.0,-4553619,0
2018-02-20 02:08:23,0.5,12428000,0.0,6214000,1
2018-02-20 02:08:23,0.1,12428000,0.0,1242800,1
2018-02-20 02:08:23,0.0279,12428000,0.0,346741,1
2018-02-20 02:08:42,0.4549,12418000,0.0,-5648948,0
2018-02-20 02:08:46,0.0829,12420000,0.0,-1029618,0
2018-02-20 02:08:46,0.851,12420000,0.0,-10569420,0
2018-02-20 02:08:46,0.1112,12420000,0.0,-1381104,0
2018-02-20 02:09:14,0.0017,12410000,0.0,21097,1
2018-02-20 02:09:29,0.0028,12389000,0.0,34689,1
2018-02-20 02:09:30,0.0628,12389000,0.0,778029,1
2018-02-20 02:10:32,0.0407,12397000,0.0,504558,1
2018-02-20 02:10:47,0.1741,12396000,0.0,2158144,1
2018-02-20 02:10:57,1.04995231,12400000,0.0,13019409,1
2018-02-20 02:11:17,0.1,12399000,0.0,1239900,1
2018-02-20 02:12:11,0.9859,12390000,0.0,-12215301,0
2018-02-20 02:13:22,0.01044828,12427000,0.0,129841,1
2018-02-20 02:15:44,0.3657,12412000,0.0,4539068,1
2018-02-20 02:15:50,0.1401,12405000,0.0,1737941,1
2018-02-20 02:15:54,0.2955,12400000,0.0,-3664200,0
2018-02-20 02:16:18,0.0061,12413000,0.0,75719,1
2018-02-20 02:17:49,0.3675,12418000,0.0,4563615,1
2018-02-20 02:18:02,0.01,12418000,0.0,124180,1
2018-02-20 02:18:35,0.4495,12411000,0.0,5578745,1
2018-02-20 02:19:11,0.1696,12423000,0.0,-2106941,0
2018-02-20 02:19:14,0.1609,12436000,0.0,2000952,1
2018-02-20 02:20:12,0.0087,12430000,0.0,108141,1
2018-02-20 02:21:13,0.202,12430000,0.0,-2510860,0
2018-02-20 02:21:16,0.599,12429000,0.0,-7444971,0
2018-02-20 02:21:35,0.2731,12435000,0.0,3395999,1
2018-02-20 02:22:11,0.0087,12413000,0.0,-107993,0
2018-02-20 02:22:30,0.9634,12420000,0.0,-11965428,0
2018-02-20 02:32:23,0.4538,12434000,0.0,5642549,1
2018-02-20 02:40:42,0.2966,12464000,0.0,3696822,1
2018-02-20 02:43:53,0.7504,12431000,0.0,-9328222,0
2018-02-20 02:44:49,0.0034,12421000,0.0,42231,1
2018-02-20 02:51:03,0.0033,12340000,0.0,40722,1
2018-02-20 02:51:03,0.0133,12340000,0.0,164122,1
2018-02-20 02:51:09,0.003,12347000,0.0,37041,1
2018-02-20 02:53:18,0.008,12338000,0.0,98704,1
2018-02-20 02:53:39,0.081,12334000,0.0,999054,1
2018-02-20 02:53:39,0.0992,12334000,0.0,1223533,1
2018-02-20 02:53:44,0.9652,12330000,0.0,11900916,1
2018-02-20 02:53:45,0.0964,12330000,0.0,1188612,1
2018-02-20 02:53:45,0.0146,12330000,0.0,180018,1
2018-02-20 02:53:56,0.0071,12333000,0.0,-87564,0
2018-02-20 02:54:53,0.0904,12351000,0.0,1116530,1
2018-02-20 02:54:54,0.0714,12351000,0.0,881861,1
2018-02-20 02:55:04,0.651,12352000,0.0,-8041152,0
2018-02-20 02:55:08,0.168,12351000,0.0,-2074968,0
2018-02-20 02:55:42,0.0162,12335000,0.0,199827,1
2018-02-20 02:55:43,0.119,12335000,0.0,1467865,1
2018-02-20 02:55:46,0.2806,12335000,0.0,-3461201,0
2018-02-20 02:56:14,0.0146,12356000,0.0,180398,1
2018-02-20 02:56:14,0.99997389,12356000,0.0,12355677,1
2018-02-20 02:56:25,0.0265,12323000,0.0,-326560,0
2018-02-20 02:58:03,0.0343,12358000,0.0,423879,1
2018-02-20 02:58:18,0.10838844,12367000,0.0,-1340440,0
2018-02-20 02:58:18,1.31871156,12367000,0.0,-16308506,0
2018-02-20 02:59:29,0.0069,12352000,0.0,85229,1
2018-02-20 02:59:29,0.0777,12352000,0.0,959750,1
2018-02-20 02:59:30,0.0341,12352000,0.0,421203,1
2018-02-20 03:01:26,0.28,12423000,0.0,3478440,1
2018-02-20 03:02:34,0.2447,12408000,0.0,3036238,1
2018-02-20 03:03:03,0.1216,12410000,0.0,1509056,1
2018-02-20 03:03:15,0.1,12412000,0.0,1241200,1
2018-02-20 03:03:16,0.4919,12412000,0.0,6105463,1
2018-02-20 03:03:29,0.0184,12401000,0.0,-228178,0
2018-02-20 03:04:05,0.4776,12404000,0.0,-5924150,0
2018-02-20 03:04:24,0.3,12393000,0.0,3717900,1
2018-02-20 03:05:00,0.4662,12385000,0.0,-5773887,0
2018-02-20 03:06:13,0.5,12392000,0.0,6196000,1
2018-02-20 03:09:54,0.9386,12399000,0.0,-11637701,0
2018-02-20 03:10:45,0.052,12393000,0.0,644436,1
2018-02-20 03:16:32,1.119,12412000,0.0,13889028,1
2018-02-20 03:18:13,0.0011,12421000,0.0,-13663,0
2018-02-20 03:18:13,0.0011,12421000,0.0,-13663,0
2018-02-20 03:18:13,0.0067,12421000,0.0,-83221,0
2018-02-20 03:18:13,1.0657,12421000,0.0,-13237060,0
2018-02-20 03:18:53,0.1932,12434000,0.0,2402249,1
2018-02-20 03:20:21,0.3,12450000,0.0,3735000,1
2018-02-20 03:20:26,0.5814,12448000,0.0,7237267,1
2018-02-20 03:21:08,0.3609,12442000,0.0,-4490318,0
2018-02-20 03:21:12,0.4816,12445000,0.0,-5993512,0
2018-02-20 03:21:41,7.573e-05,12450000,0.0,943,1
2018-02-20 03:23:54,0.001,12477000,0.0,12477,1
2018-02-20 03:24:55,0.2258,12475000,0.0,2816855,1
2018-02-20 03:24:55,0.6156,12475000,0.0,7679610,1
2018-02-20 03:25:36,0.3158,12466000,0.0,-3936763,0
2018-02-20 03:26:44,0.4774,12467000,0.0,-5951746,0
2018-02-20 03:30:59,0.7,12462000,0.0,8723400,1
2018-02-20 03:31:52,0.0932,12460000,0.0,1161272,1
2018-02-20 03:33:15,1.1854,12452000,0.0,-14760601,0
2018-02-20 03:35:09,1.099,12463000,0.0,13696837,1
2018-02-20 03:35:29,0.0452,12456000,0.0,563011,1
2018-02-20 03:35:37,0.0092,12449000,0.0,114531,1
2018-02-20 03:35:37,0.032,12449000,0.0,398368,1
2018-02-20 03:36:04,0.0286,12433000,0.0,-355584,0
2018-02-20 03:37:27,0.1722,12437000,0.0,-2141651,0
2018-02-20 03:40:29,0.26900413,12437000,0.0,-3345604,0
2018-02-20 03:40:29,0.2,12437000,0.0,-2487400,0
2018-02-20 03:41:25,0.0034,12443000,0.0,-42306,0
2018-02-20 03:41:46,0.0451,12443000,0.0,-561179,0
2018-02-20 03:42:22,0.0765,12448000,0.0,952272,1
2018-02-20 03:43:29,0.6418,12450000,0.0,7990410,1
2018-02-20 03:44:17,0.1032,12440000,0.0,-1283808,0
2018-02-20 03:45:47,0.0082,12455000,0.0,102131,1
2018-02-20 03:45:57,0.095,12452000,0.0,1182940,1
2018-02-20 03:53:54,0.593,12466000,0.0,-7392338,0
2018-02-20 03:54:24,0.5997,12458000,0.0,-7471063,0
2018-02-20 03:56:50,0.2188,12473000,0.0,2729092,1
2018-02-20 03:57:24,0.1401,12463000,0.0,1746066,1
2018-02-20 03:59:13,0.0916,12478000,0.0,1142985,1
2018-02-20 03:59:14,0.2032,12478000,0.0,2535530,1
2018-02-20 03:59:28,0.699,12464000,0.0,-8712336,0
2018-02-20 03:59:44,0.092,12475000,0.0,1147700,1
2018-02-20 04:00:02,0.0917,12463000,0.0,1142857,1
2018-02-20 04:01:14,1.0543,12482000,0.0,13159773,1
2018-02-20 04:02:00,0.3571,12481000,0.0,-4456965,0
2018-02-20 04:02:05,0.01,12481000,0.0,-124810,0
2018-02-20 04:02:25,0.006,12498000,0.0,74988,1
2018-02-20 04:02:28,0.005,12482000,0.0,-62410,0
2018-02-20 04:02:33,0.0061,12493000,0.0,-76207,0
2018-02-20 04:02:49,0.6424,12482000,0.0,-8018437,0
2018-02-20 04:02:53,0.0197,12483000,0.0,245915,1
2018-02-20 04:11:34,0.7723,12453000,0.0,9617452,1
2018-02-20 04:11:35,0.2226,12453000,0.0,2772038,1
2018-02-20 04:12:50,0.0033,12463000,0.0,-41128,0
2018-02-20 04:13:07,0.2559,12459000,0.0,-3188258,0
2018-02-20 04:15:19,1.2408,12477000,0.0,-15481462,0
2018-02-20 04:15:42,0.7,12502000,0.0,8751400,1
2018-02-20 04:15:42,0.1516,12502000,0.0,1895303,1
2018-02-20 04:15:50,0.6484,12524000,0.0,8120562,1
2018-02-20 04:20:16,0.0808,12500000,0.0,-1010000,0
2018-02-20 04:23:38,0.13619396,12529000,0.0,-1706374,0
2018-02-20 04:23:38,0.02910604,12529000,0.0,-364670,0
2018-02-20 04:23:42,0.38809396,12530000,0.0,-4862817,0
2018-02-20 04:23:42,0.15960604,12530000,0.0,-1999864,0
2018-02-20 04:27:33,0.2873,12556000,0.0,3607339,1
2018-02-20 04:27:37,0.4866,12555000,0.0,6109263,1
2018-02-20 04:27:37,0.0199,12555000,0.0,249845,1
2018-02-20 04:36:51,0.012,12570000,0.0,-150840,0
2018-02-20 04:37:00,0.012,12570000,0.0,150840,1
2018-02-20 04:42:58,0.4723,12543000,0.0,-5924059,0
2018-02-20 04:42:58,0.1386,12544000,0.0,-1738598,0
2018-02-20 04:43:02,0.1652,12544000,0.0,-2072269,0
2018-02-20 04:44:55,0.4752,12545000,0.0,5961384,1
2018-02-20 04:45:03,3.815e-05,12549000,0.0,479,1
2018-02-20 04:45:24,1.1991,12540000,0.0,-15036714,0
2018-02-20 04:48:31,1.5,12550000,0.0,18825000,1
2018-02-20 04:57:43,0.499,12563000,0.0,-6268937,0
2018-02-20 04:57:47,0.8837,12564000,0.0,-11102807,0
2018-02-20 05:01:48,0.2803,12559000,0.0,3520288,1
2018-02-20 05:01:52,0.4319,12553000,0.0,5421641,1
2018-02-20 05:01:52,0.0518,12552000,0.0,650194,1
2018-02-20 05:02:29,0.6187,12555000,0.0,7767779,1
2018-02-20 05:05:43,0.2234,12539000,0.0,-2801213,0
2018-02-20 05:06:01,0.004,12536000,0.0,-50144,0
2018-02-20 05:06:10,0.1139,12527000,0.0,-1426825,0
2018-02-20 05:06:17,0.3242,12510000,0.0,-4055742,0
2018-02-20 05:06:22,0.0491,12526000,0.0,615027,1
2018-02-20 05:08:15,0.041,12520000,0.0,-513320,0
2018-02-20 05:09:06,0.0044,12527000,0.0,-55119,0
2018-02-20 05:09:11,0.4793,12527000,0.0,-6004191,0
2018-02-20 05:09:38,0.1848,12543000,0.0,2317946,1
2018-02-20 05:12:38,0.395,12560000,0.0,4961200,1
2018-02-20 05:14:50,0.2997,12571000,0.0,3767529,1
2018-02-20 05:14:54,0.26152005,12570000,0.0,3287307,1
2018-02-20 05:14:54,7.995e-05,12570000,0.0,1005,1
2018-02-20 05:17:21,0.3783,12549000,0.0,-4747287,0
2018-02-20 05:17:26,0.075,12559000,0.0,941925,1
2018-02-20 05:19:11,0.201,12564000,0.0,2525364,1
2018-02-20 05:19:44,0.1023,12556000,0.0,1284479,1
2018-02-20 05:21:55,0.0025,12545000,0.0,-31363,0
2018-02-20 05:23:54,1.4975,12540000,0.0,-18778650,0
2018-02-20 05:29:36,0.2124,12544000,0.0,2664346,1
2018-02-20 05:29:37,1.22,12544000,0.0,15303680,1
2018-02-20 05:31:35,0.0676,12559000,0.0,848988,1
2018-02-20 05:32:02,0.1128,12561000,0.0,-1416881,0
2018-02-20 05:32:23,0.0056,12564000,0.0,-70358,0
2018-02-20 05:32:27,0.2866,12566000,0.0,-3601416,0
2018-02-20 05:32:32,0.2,12563000,0.0,-2512600,0
2018-02-20 05:32:53,0.895,12568000,0.0,-11248360,0
2018-02-20 05:33:00,0.005,12578000,0.0,62890,1
2018-02-20 05:33:12,0.7,12572000,0.0,8800400,1
2018-02-20 05:33:26,0.3411,12568000,0.0,4286945,1
2018-02-20 05:33:26,0.3436,12568000,0.0,4318365,1
2018-02-20 05:35:07,0.0922,12562000,0.0,-1158216,0
2018-02-20 05:35:54,0.343,12568000,0.0,-4310824,0
2018-02-20 05:35:58,0.7753,12567000,0.0,-9743195,0
2018-02-20 05:39:37,0.1753,12568000,0.0,2203170,1
2018-02-20 05:39:41,0.1401,12572000,0.0,1761337,1
2018-02-20 05:39:46,0.5257,12567000,0.0,6606472,1
2018-02-20 05:39:46,0.0847,12567000,0.0,1064425,1
2018-02-20 05:39:46,0.0143,12567000,0.0,179708,1
2018-02-20 05:39:53,0.1914,12578000,0.0,2407429,1
2018-02-20 05:40:36,0.148,12587000,0.0,1862876,1
2018-02-20 05:40:36,0.0413,12587000,0.0,519843,1
2018-02-20 05:46:16,0.2152,12574000,0.0,-2705925,0
2018-02-20 05:46:37,0.2152,12589000,0.0,2709153,1
2018-02-20 05:46:57,0.1744537,12590000,0.0,-2196372,0
2018-02-20 05:46:57,0.0262463,12590000,0.0,-330441,0
2018-02-20 05:46:57,0.5725,12590000,0.0,-7207775,0
2018-02-20 05:47:18,0.1645,12590000,0.0,2071055,1
2018-02-20 05:47:22,0.0309,12590000,0.0,389031,1
2018-02-20 05:48:08,0.5672,12590000,0.0,7141048,1
2018-02-20 05:49:04,0.399,12586000,0.0,-5021814,0
2018-02-20 05:49:51,1.0904,12594000,0.0,-13732498,0
2018-02-20 05:59:28,0.0814,12619000,0.0,1027187,1
2018-02-20 05:59:40,0.0113,12616000,0.0,142561,1
2018-02-20 05:59:41,0.0288,12616000,0.0,363341,1
2018-02-20 06:01:26,0.1338355,12615000,0.0,1688335,1
2018-02-20 06:07:36,0.0158,12619000,0.0,199380,1
2018-02-20 06:07:36,0.1256,12619000,0.0,1584946,1
2018-02-20 06:07:36,0.0002,12619000,0.0,2524,1
2018-02-20 06:07:41,0.0178,12624000,0.0,224707,1
2018-02-20 06:08:02,0.2959,12603000,0.0,3729228,1
2018-02-20 06:08:06,0.324,12600000,0.0,4082400,1
2018-02-20 06:08:19,0.1687,12595000,0.0,-2124777,0
2018-02-20 06:08:25,0.0518,12596000,0.0,-652473,0
2018-02-20 06:08:53,0.1999,12614000,0.0,-2521539,0
2018-02-20 06:09:37,0.001,12617000,0.0,12617,1
2018-02-20 06:12:56,0.2157,12608000,0.0,2719546,1
2018-02-20 06:13:03,0.0342,12597000,0.0,-430817,0
2018-02-20 06:14:16,0.21269406,12610000,0.0,-2682072,0
2018-02-20 06:14:16,0.09990594,12610000,0.0,-1259814,0
2018-02-20 06:20:18,0.0399,12639000,0.0,504296,1
2018-02-20 06:23:03,0.5054,12634000,0.0,6385224,1
2018-02-20 06:23:52,0.2591,12623000,0.0,3270619,1
2018-02-20 06:24:01,0.095,12619000,0.0,1198805,1
2018-02-20 06:25:30,0.005,12624000,0.0,-63120,0
2018-02-20 06:25:58,0.399,12630000,0.0,-5039370,0
2018-02-20 06:26:02,0.0091,12634000,0.0,-114969,0
2018-02-20 06:26:08,0.2,12633000,0.0,-2526600,0
2018-02-20 06:26:23,0.0529,12634000,0.0,668339,1
2018-02-20 06:26:58,0.02902311,12635000,0.0,366707,1
2018-02-20 06:29:23,0.8524,12610000,0.0,-10748764,0
2018-02-20 06:30:34,0.2276,12597000,0.0,2867077,1
2018-02-20 06:31:35,1.2724,12585000,0.0,16013154,1
2018-02-20 06:33:36,0.2593,12563000,0.0,-3257586,0
2018-02-20 06:33:36,0.0261,12563000,0.0,-327894,0
2018-02-20 06:34:15,1.2145,12553000,0.0,-15245619,0
2018-02-20 06:36:07,1.4629,12545000,0.0,18352081,1
2018-02-20 06:36:45,1.66e-06,12554000,0.0,21,1
2018-02-20 06:36:53,0.0354,12554000,0.0,444412,1
2018-02-20 06:36:54,0.0001,12554000,0.0,1255,1
2018-02-20 06:37:49,1.1721,12544000,0.0,-14702822,0
2018-02-20 06:41:19,0.2914,12570000,0.0,3662898,1
2018-02-20 06:41:32,0.8822,12569000,0.0,11088372,1
2018-02-20 06:42:15,0.0106,12579000,0.0,-133337,0
2018-02-20 06:43:34,0.0731,12541000,0.0,-916747,0
2018-02-20 06:43:45,0.0064,12570000,0.0,-80448,0
2018-02-20 06:44:27,0.0901,12555000,0.0,1131206,1
2018-02-20 06:45:26,0.4,12550000,0.0,-5020000,0
2018-02-20 06:46:07,0.0001,12543000,0.0,1254,1
2018-02-20 06:46:14,0.0001,12544000,0.0,1254,1
2018-02-20 06:46:50,0.3998,12534000,0.0,5011093,1
2018-02-20 06:46:57,0.02,12521000,0.0,-250420,0
2018-02-20 06:47:03,0.009,12532000,0.0,112788,1
2018-02-20 06:47:03,0.002,12532000,0.0,25064,1
2018-02-20 06:47:03,0.009,12532000,0.0,112788,1
2018-02-20 06:48:03,0.0142,12532000,0.0,-177954,0
2018-02-20 06:49:08,1.4858,12550000,0.0,-18646790,0
2018-02-20 06:55:19,0.0001,12567000,0.0,1257,1
2018-02-20 06:56:58,0.0145,12566000,0.0,182207,1
2018-02-20 06:57:06,0.0649,12565000,0.0,815469,1
2018-02-20 06:58:11,0.0406,12562000,0.0,510017,1
2018-02-20 07:06:57,0.016,12586000,0.0,201376,1
2018-02-20 07:06:58,1.3639,12586000,0.0,17166045,1
2018-02-20 07:09:12,0.4371,12584000,0.0,-5500466,0
2018-02-20 07:10:30,0.2641,12579000,0.0,3322114,1
2018-02-20 07:10:31,0.1639,12579000,0.0,2061698,1
2018-02-20 07:11:38,0.0074,12564000,0.0,92974,1
2018-02-20 07:12:09,0.0017,12565000,0.0,21361,1
2018-02-20 07:13:14,0.0413,12561000,0.0,-518769,0
2018-02-20 07:13:29,0.0337,12560000,0.0,-423272,0
2018-02-20 07:13:50,0.5199,12558000,0.0,-6528904,0
2018-02-20 07:14:33,0.0354,12560000,0.0,444624,1
2018-02-20 07:17:18,0.2443,12549000,0.0,-3065721,0
2018-02-20 07:25:32,0.158,12572000,0.0,1986376,1
2018-02-20 07:25:40,0.0021,12565000,0.0,26387,1
2018-02-20 07:25:40,0.0263,12565000,0.0,330460,1
2018-02-20 07:25:44,0.158,12567000,0.0,1985586,1
2018-02-20 07:25:44,0.0754,12566000,0.0,947476,1
2018-02-20 07:25:50,0.166,12573000,0.0,2087118,1
2018-02-20 07:26:36,0.218,12577000,0.0,2741786,1
2018-02-20 07:30:27,0.0003,12597000,0.0,-3779,0
2018-02-20 07:30:37,0.6509,12597000,0.0,-8199387,0
2018-02-20 07:30:41,0.6509,12598000,0.0,-8200038,0
2018-02-20 07:32:47,1.3021,12621000,0.0,16433804,1
2018-02-20 07:37:22,0.0847,12606000,0.0,-1067728,0
2018-02-20 07:37:54,0.8979,12607000,0.0,-11319825,0
2018-02-20 07:39:26,0.32181859,12623000,0.0,4062316,1
2018-02-20 07:41:41,0.8392,12623000,0.0,-10593222,0
2018-02-20 07:44:41,0.1502,12644000,0.0,1899129,1
2018-02-20 07:45:03,0.034,12642000,0.0,429828,1
2018-02-20 07:45:13,1.0216,12644000,0.0,12917110,1
2018-02-20 07:45:13,0.0055,12644000,0.0,69542,1
2018-02-20 07:49:52,0.2887,12649000,0.0,3651766,1
2018-02-20 07:51:38,0.0383,12645000,0.0,-484304,0
2018-02-20 07:53:07,0.0383,12630000,0.0,483729,1
2018-02-20 07:53:51,0.3862,12600000,0.0,-4866120,0
2018-02-20 07:54:01,0.3286,12599000,0.0,-4140031,0
2018-02-20 07:55:29,0.7457,12580000,0.0,-9380906,0
2018-02-20 07:55:43,0.267,12594000,0.0,3362598,1
2018-02-20 07:56:54,0.00597197,12581000,0.0,75133,1
2018-02-20 08:01:14,1.1875,12578000,0.0,14936375,1
2018-02-20 08:09:24,1.4118,12592000,0.0,-17777386,0
2018-02-20 08:12:43,0.22859769,12580000,0.0,2875759,1
2018-02-20 08:12:43,0.7476,12580000,0.0,9404808,1
2018-02-20 08:12:43,0.43560231,12580000,0.0,5479877,1
2018-02-20 08:18:24,1.36549911,12603000,0.0,-17209385,0
2018-02-20 08:27:39,0.0324,12631000,0.0,409244,1
2018-02-20 08:28:23,0.5007,12632000,0.0,6324842,1
2018-02-20 08:35:38,0.8051,12633000,0.0,10170828,1
2018-02-20 08:36:44,1.4726,12649000,0.0,-18626917,0
2018-02-20 08:41:03,0.0031,12663000,0.0,39255,1
2018-02-20 08:41:03,0.0215,12663000,0.0,272255,1
2018-02-20 08:43:37,0.00290913,12685000,0.0,36902,1
2018-02-20 08:43:41,0.3318,12687000,0.0,4209547,1
2018-02-20 08:44:34,1.1406,12685000,0.0,14468511,1
2018-02-20 08:48:04,0.0065,12676000,0.0,-82394,0
2018-02-20 08:48:31,0.0065,12680000,0.0,82420,1
2018-02-20 08:49:21,0.1413,12638000,0.0,-1785749,0
2018-02-20 08:49:21,1.0,12638000,0.0,-12638000,0
2018-02-20 08:50:44,0.6351,12647000,0.0,8032110,1
2018-02-20 08:50:44,0.5062,12647000,0.0,6401911,1
2018-02-20 08:58:14,0.1622,12667000,0.0,-2054587,0
2018-02-20 08:58:14,0.0399,12667000,0.0,-505413,0
2018-02-20 08:58:38,0.0407,12679000,0.0,516035,1
2018-02-20 08:58:56,0.004,12675000,0.0,50700,1
2018-02-20 08:58:56,0.0093,12675000,0.0,117878,1
2018-02-20 09:00:46,0.1481,12661000,0.0,1875094,1
2018-02-20 09:01:35,0.001,12668000,0.0,-12668,0
2018-02-20 09:01:38,0.1411,12665000,0.0,-1787032,0
2018-02-20 09:02:16,0.004,12680000,0.0,50720,1
2018-02-20 09:02:38,0.09121463,12688000,0.0,1157331,1
2018-02-20 09:02:39,0.04688537,12688000,0.0,594882,1
2018-02-20 09:03:52,0.1511,12700000,0.0,-1918970,0
2018-02-20 09:03:52,0.0165,12700000,0.0,-209550,0
2018-02-20 09:03:52,0.4626,12700000,0.0,-5875020,0
2018-02-20 09:03:52,0.3161,12700000,0.0,-4014470,0
2018-02-20 09:03:53,0.0542,12700000,0.0,-688340,0
2018-02-20 09:03:53,0.1474,12700000,0.0,-1871980,0
2018-02-20 09:03:53,0.0843,12700000,0.0,-1070610,0
2018-02-20 09:03:53,0.0651,12700000,0.0,-826770,0
2018-02-20 09:03:53,0.1755,12700000,0.0,-2228850,0
2018-02-20 09:03:53,0.0186,12700000,0.0,-236220,0
2018-02-20 09:03:53,0.0086,12700000,0.0,-109220,0
2018-02-20 09:04:30,0.0144,12715000,0.0,183096,1
2018-02-20 09:04:30,0.17408685,12715000,0.0,2213514,1
2018-02-20 09:04:36,0.1937,12717000,0.0,2463283,1
2018-02-20 09:04:36,0.1391,12717000,0.0,1768935,1
2018-02-20 09:04:44,0.9787,12719000,0.0,12448085,1
2018-02-20 09:05:28,0.1585,12720000,0.0,-2016120,0
2018-02-20 09:05:28,0.12824064,12720000,0.0,-1631221,0
2018-02-20 09:05:28,1.21325936,12720000,0.0,-15432659,0
2018-02-20 09:23:13,0.1765,12881000,0.0,2273497,1
2018-02-20 09:24:33,0.7797,12873000,0.0,10037078,1
2018-02-20 09:24:47,0.1481,12872000,0.0,1906343,1
2018-02-20 09:25:03,0.193,12859000,0.0,2481787,1
2018-02-20 09:25:04,0.2027,12859000,0.0,2606519,1
2018-02-20 09:26:03,0.4785,12876000,0.0,-6161166,0
2018-02-20 09:26:07,0.1998936,12872000,0.0,-2573030,0
2018-02-20 09:26:08,0.0030064,12872000,0.0,-38698,0
2018-02-20 09:26:11,0.1825,12872000,0.0,-2349140,0
2018-02-20 09:31:20,0.8639,12870000,0.0,11118393,1
2018-02-20 09:32:03,1.5,12820000,0.0,-19230000,0
2018-02-20 09:38:55,0.3941,12870000,0.0,5072067,1
2018-02-20 09:38:56,0.0711,12870000,0.0,915057,1
2018-02-20 09:42:41,0.0155,12871000,0.0,199501,1
2018-02-20 09:42:42,0.01430169,12871000,0.0,184077,1
2018-02-20 09:44:18,1.005,12866000,0.0,12930330,1
2018-02-20 09:45:05,1.5,12858000,0.0,-19287000,0
2018-02-20 09:45:31,0.4488,12870000,0.0,5776056,1
2018-02-20 09:45:31,0.0925,12869000,0.0,1190383,1
2018-02-20 09:52:38,0.073,12882000,0.0,940386,1
2018-02-20 09:52:38,0.0518,12882000,0.0,667288,1
2018-02-20 09:52:41,0.8339,12881000,0.0,10741466,1
2018-02-20 09:56:18,0.599,12884000,0.0,-7717516,0
2018-02-20 09:56:24,0.2081,12880000,0.0,-2680328,0
2018-02-20 09:57:36,1.468e-05,12903000,0.0,189,1
2018-02-20 09:57:36,0.0834,12903000,0.0,1076110,1
2018-02-20 09:57:37,0.38750677,12903000,0.0,5000000,1
2018-02-20 09:57:55,0.006,12890000,0.0,-77340,0
2018-02-20 09:58:03,0.3422,12910000,0.0,4417802,1
2018-02-20 09:58:21,0.2025,12925000,0.0,-2617313,0
2018-02-20 09:58:35,0.2025,12944000,0.0,2621160,1
2018-02-20 09:58:40,0.0051,12938000,0.0,-65984,0
2018-02-20 09:59:00,0.0051,12940000,0.0,65994,1
2018-02-20 09:59:27,0.318,12929000,0.0,-4111422,0
2018-02-20 09:59:34,0.23319907,12930000,0.0,-3015264,0
2018-02-20 09:59:35,0.36980093,12930000,0.0,-4781526,0
2018-02-20 10:00:28,0.0313,12935000,0.0,404866,1
2018-02-20 10:00:29,0.0515,12935000,0.0,666153,1
2018-02-20 10:00:30,0.8382,12935000,0.0,10842117,1
2018-02-20 10:00:58,1.5,12950000,0.0,-19425000,0
2018-02-20 10:03:28,1.5,12985000,0.0,19477500,1
2018-02-20 10:03:40,0.1749985,12985000,0.0,-2272356,0
2018-02-20 10:03:43,0.0063,12984000,0.0,-81799,0
2018-02-20 10:03:43,0.96899464,12984000,0.0,-12581426,0
2018-02-20 10:04:48,0.4427,12989000,0.0,5750230,1
2018-02-20 10:04:49,0.0293,12989000,0.0,380578,1
2018-02-20 10:05:09,0.02,12985000,0.0,-259700,0
2018-02-20 10:05:36,0.1829,12984000,0.0,2374774,1
2018-02-20 10:05:37,0.1,12984000,0.0,1298400,1
2018-02-20 10:05:43,0.1102,12982000,0.0,1430616,1
2018-02-20 10:05:48,0.0183,12980000,0.0,237534,1
2018-02-20 10:05:49,0.2627,12980000,0.0,3409846,1
2018-02-20 10:05:49,0.0242,12980000,0.0,314116,1
2018-02-20 10:07:08,0.0272,12975000,0.0,-352920,0
2018-02-20 10:07:21,0.6071,12975000,0.0,-7877123,0
2018-02-20 10:08:04,0.8657,12981000,0.0,-11237652,0
2018-02-20 10:11:20,0.0022,12988000,0.0,28574,1
2018-02-20 10:11:20,0.036,12988000,0.0,467568,1
2018-02-20 10:14:29,0.0638,12988000,0.0,828634,1
2018-02-20 10:14:39,0.0388,12985000,0.0,503818,1
2018-02-20 10:18:37,0.18689435,13041000,0.0,2437289,1
2018-02-20 10:18:50,0.1769,13023000,0.0,2303769,1
2018-02-20 10:19:31,0.86495117,13041000,0.0,11279828,1
2018-02-20 10:19:42,0.1304,13041000,0.0,1700546,1
2018-02-20 10:21:39,1.0311,13030000,0.0,-13435233,0
2018-02-20 10:21:43,0.0747,13040000,0.0,974088,1
2018-02-20 10:22:54,0.0005,13038000,0.0,6519,1
2018-02-20 10:22:55,0.0655,13038000,0.0,853989,1
2018-02-20 10:22:55,0.08831416,13038000,0.0,1151440,1
2018-02-20 10:28:12,0.8021,13073000,0.0,10485853,1
2018-02-20 10:29:51,1.5,13053000,0.0,-19579500,0
2018-02-20 10:30:40,0.0288,13050000,0.0,375840,1
2018-02-20 10:30:40,0.35,13050000,0.0,4567500,1
2018-02-20 10:30:44,0.5266,13050000,0.0,6872130,1
2018-02-20 10:30:44,0.5,13050000,0.0,6525000,1
2018-02-20 10:30:48,0.0946,13033000,0.0,1232922,1
2018-02-20 10:31:21,1.5,13006000,0.0,-19509000,0
2018-02-20 10:32:55,0.162,12972000,0.0,2101464,1
2018-02-20 10:34:43,0.0076,12973000,0.0,98595,1
2018-02-20 10:34:59,0.0119,12968000,0.0,154319,1
2018-02-20 10:35:46,0.0236351,12959000,0.0,306287,1
2018-02-20 10:35:47,0.1906,12959000,0.0,2469985,1
2018-02-20 10:35:47,0.0313,12959000,0.0,405617,1
2018-02-20 10:36:01,0.0138,12960000,0.0,178848,1
2018-02-20 10:36:14,1.003,12960000,0.0,12998880,1
2018-02-20 10:37:24,1.4438,12980000,0.0,-18740524,0
2018-02-20 10:38:54,0.67452564,12994000,0.0,8764786,1
2018-02-20 10:44:51,0.1519,12970000,0.0,1970143,1
2018-02-20 10:45:11,0.8264,12967000,0.0,-10715929,0
2018-02-20 10:45:54,0.10986001,12968000,0.0,1424665,1
2018-02-20 10:46:34,0.5,12949000,0.0,6474500,1
2018-02-20 10:46:38,0.12,12949000,0.0,1553880,1
2018-02-20 10:49:54,0.1945944,12926000,0.0,2515327,1
2018-02-20 10:51:42,0.9245,12960000,0.0,-11981520,0
2018-02-20 10:54:07,0.0145,12962000,0.0,187949,1
2018-02-20 10:54:08,0.0349,12962000,0.0,452374,1
2018-02-20 10:54:08,0.071,12962000,0.0,920302,1
2018-02-20 10:54:56,1.3796,12997000,0.0,17930661,1
2018-02-20 10:55:14,0.1524,12990000,0.0,-1979676,0
2018-02-20 10:55:28,1.3476,12980000,0.0,-17491848,0
2018-02-20 11:00:48,0.145,13008000,0.0,1886160,1
2018-02-20 11:00:48,0.002,13008000,0.0,26016,1
2018-02-20 11:00:48,0.0259,13008000,0.0,336907,1
2018-02-20 11:00:48,0.0999,13008000,0.0,1299499,1
2018-02-20 11:00:52,0.0768,13009000,0.0,999091,1
2018-02-20 11:11:27,0.0201,13000000,0.0,261300,1
2018-02-20 11:11:27,0.1372,13000000,0.0,1783600,1
2018-02-20 11:11:27,0.2973,13000000,0.0,3864900,1
2018-02-20 11:11:28,0.0167,13000000,0.0,217100,1
2018-02-20 11:12:10,0.8209,13001000,0.0,-10672521,0
2018-02-20 11:25:54,1.5,13030000,0.0,19545000,1
2018-02-20 11:26:31,1.0209,13015000,0.0,-13287014,0
2018-02-20 11:26:38,0.0439,13034000,0.0,572193,1
2018-02-20 11:28:05,0.03665908,13035000,0.0,477851,1
2018-02-20 11:28:08,0.0618,13038000,0.0,805748,1
2018-02-20 11:28:09,0.3049,13038000,0.0,3975286,1
2018-02-20 11:28:52,0.1523,13020000,0.0,-1982946,0
2018-02-20 11:29:34,0.21907654,13025000,0.0,2853472,1
2018-02-20 11:29:54,0.673,13013000,0.0,-8757749,0
2018-02-20 11:37:46,0.023,13020000,0.0,299460,1
2018-02-20 11:40:58,0.5,13013000,0.0,6506500,1
2018-02-20 11:41:01,0.6569,13011000,0.0,8546926,1
2018-02-20 11:41:29,7.14e-06,13016000,0.0,-93,0
2018-02-20 11:41:35,5.146e-05,13021000,0.0,-670,0
2018-02-20 11:41:39,0.7511,13028000,0.0,-9785331,0
2018-02-20 11:43:02,0.73124223,13039000,0.0,9534667,1
2018-02-20 11:44:49,0.0012,13028000,0.0,-15634,0
2018-02-20 11:45:46,0.0919,13027000,0.0,-1197181,0
2018-02-20 11:45:52,0.2081,13027000,0.0,-2710919,0
2018-02-20 11:48:41,0.2367,13025000,0.0,3083018,1
2018-02-20 11:49:14,0.0079,13023000,0.0,102882,1
2018-02-20 11:50:22,0.0765,13020000,0.0,996030,1
2018-02-20 11:53:14,0.0018,12962000,0.0,-23332,0
2018-02-20 11:53:14,0.3426,12963000,0.0,-4441124,0
2018-02-20 11:53:31,0.3367,12964000,0.0,-4364979,0
2018-02-20 11:53:32,0.00359453,12964000,0.0,-46599,0
2018-02-20 11:53:35,0.0248,12965000,0.0,-321532,0
2018-02-20 11:53:42,0.0869,12956000,0.0,-1125876,0
2018-02-20 11:53:47,0.32631981,12965000,0.0,4230736,1
2018-02-20 11:54:13,0.0122,12967000,0.0,-158197,0
2018-02-20 11:54:19,0.0649,12965000,0.0,-841429,0
2018-02-20 11:56:10,0.03652293,12951000,0.0,473008,1
2018-02-20 11:56:37,0.9894,12932000,0.0,-12794921,0
2018-02-20 11:57:08,0.8885,12936000,0.0,11493636,1
2018-02-20 11:57:08,0.2057,12936000,0.0,2660935,1
2018-02-20 11:57:14,0.2,12933000,0.0,2586600,1
2018-02-20 11:57:42,0.2058,12930000,0.0,2660994,1
2018-02-20 11:58:59,0.6311,12944000,0.0,-8168958,0
2018-02-20 11:59:04,0.75697422,12935000,0.0,-9791462,0
2018-02-20 12:03:54,0.0042,12952000,0.0,54398,1
2018-02-20 12:04:08,0.2121,12955000,0.0,2747756,1
2018-02-20 12:04:09,0.441,12955000,0.0,5713155,1
2018-02-20 12:04:50,0.0238,12960000,0.0,308448,1
2018-02-20 12:05:08,0.049,12955000,0.0,-634795,0
2018-02-20 12:06:44,0.4993,12979000,0.0,6480415,1
2018-02-20 12:07:04,1.2433,12963000,0.0,-16116898,0
2018-02-20 12:08:16,0.2126,12949000,0.0,2752957,1
2018-02-20 12:09:32,0.4796,12956000,0.0,6213698,1
2018-02-20 12:09:33,0.1806,12956000,0.0,2339854,1
2018-02-20 12:09:57,0.3279,12948000,0.0,-4245649,0
2018-02-20 12:16:03,0.1771,12908000,0.0,2286007,1
2018-02-20 12:16:24,0.6325,12908000,0.0,8164310,1
2018-02-20 12:16:32,0.0091,12898000,0.0,-117372,0
2018-02-20 12:16:43,0.0138,12901000,0.0,-178034,0
2018-02-20 12:16:43,0.6539,12901000,0.0,-8435964,0
2018-02-20 12:21:06,0.0001,12928000,0.0,1293,1
2018-02-20 12:21:06,0.3,12928000,0.0,3878400,1
2018-02-20 12:21:07,0.5222,12928000,0.0,6751002,1
2018-02-20 12:22:00,0.5,12950000,0.0,-6475000,0
2018-02-20 12:22:00,1.0,12950000,0.0,-12950000,0
2018-02-20 12:22:56,0.0019,12970000,0.0,24643,1
2018-02-20 12:23:13,0.0002,12964000,0.0,2593,1
2018-02-20 12:23:23,0.1459,12964000,0.0,1891448,1
2018-02-20 12:28:33,0.0411,12961000,0.0,532697,1
2018-02-20 12:28:52,5.926e-05,12960000,0.0,768,1
2018-02-20 12:30:54,0.28135099,12965000,0.0,3647716,1
2018-02-20 12:31:04,0.0154,12965000,0.0,199661,1
2018-02-20 12:35:42,0.03820642,12977000,0.0,495805,1
2018-02-20 12:35:56,0.9759,12977000,0.0,12664254,1
2018-02-20 12:38:17,0.2661,12987000,0.0,-3455841,0
2018-02-20 12:38:21,0.0409,12987000,0.0,-531168,0
2018-02-20 12:38:40,0.2,13000000,0.0,-2600000,0
2018-02-20 12:38:40,0.001,13000000,0.0,-13000,0
2018-02-20 12:38:40,0.00087023,13000000,0.0,-11313,0
2018-02-20 12:38:40,0.99112977,13000000,0.0,-12884687,0
2018-02-20 12:39:53,0.0374,13003000,0.0,486312,1
2018-02-20 12:41:30,0.4391,12998000,0.0,5707422,1
2018-02-20 12:41:30,0.1232,12998000,0.0,1601354,1
2018-02-20 12:41:30,0.0265,12998000,0.0,344447,1
2018-02-20 12:41:34,0.0386,12992000,0.0,501491,1
2018-02-20 12:48:14,0.8352,13020000,0.0,10874304,1
2018-02-20 12:49:02,0.8839,13011000,0.0,-11500423,0
2018-02-20 12:50:08,0.8839,13026000,0.0,11513681,1
2018-02-20 12:50:50,0.3913,13016000,0.0,-5093161,0
2018-02-20 12:50:53,0.3416,13015000,0.0,-4445924,0
2018-02-20 12:51:53,0.0248,13016000,0.0,-322797,0
2018-02-20 12:55:52,0.2795,13030000,0.0,3641885,1
2018-02-20 12:55:53,0.4782,13030000,0.0,6230946,1
2018-02-20 12:56:29,0.07,13017000,0.0,-911190,0
2018-02-20 12:57:31,0.0864,13020000,0.0,-1124928,0
2018-02-20 12:58:20,0.149,13019000,0.0,1939831,1
2018-02-20 13:01:17,0.0074,13030000,0.0,96422,1
2018-02-20 13:05:30,1.5,13035000,0.0,-19552500,0
2018-02-20 13:10:28,1.5,13042000,0.0,19563000,1
2018-02-20 13:11:06,0.21639348,13034000,0.0,-2820473,0
2018-02-20 13:11:51,0.0077,13040000,0.0,-100408,0
2018-02-20 13:12:15,0.0061,13040000,0.0,79544,1
2018-02-20 13:14:56,1.282,13047000,0.0,-16726254,0
2018-02-20 13:18:45,0.2513,13097000,0.0,3291276,1
2018-02-20 13:18:49,1.2487,13100000,0.0,16357970,1
2018-02-20 13:21:52,0.0803,13121000,0.0,-1053616,0
2018-02-20 13:23:33,0.0339,13125000,0.0,-444938,0
2018-02-20 13:23:54,0.1142,13127000,0.0,1499103,1
2018-02-20 13:25:21,0.0439,13141000,0.0,-576890,0
2018-02-20 13:25:21,0.0056,13141000,0.0,-73590,0
2018-02-20 13:25:21,0.0038,13141000,0.0,-49936,0
2018-02-20 13:25:21,0.2228,13141000,0.0,-2927815,0
2018-02-20 13:25:21,0.0199,13141000,0.0,-261506,0
2018-02-20 13:25:32,0.6139,13160000,0.0,-8078924,0
2018-02-20 13:26:20,0.9099,13190000,0.0,12001581,1
2018-02-20 13:28:06,0.0775,13189000,0.0,-1022148,0
2018-02-20 13:28:18,0.1006,13170000,0.0,-1324902,0
2018-02-20 13:28:22,0.1193,13180000,0.0,1572374,1
2018-02-20 13:28:22,0.0588,13180000,0.0,774984,1
2018-02-20 13:29:10,0.3928,13169000,0.0,-5172783,0
2018-02-20 13:29:51,0.7033,13154000,0.0,-9251208,0
2018-02-20 13:29:55,0.0587,13165000,0.0,772786,1
2018-02-20 13:29:56,0.11393847,13165000,0.0,1500000,1
2018-02-20 13:29:59,0.2344,13168000,0.0,3086579,1
2018-02-20 13:30:04,0.075,13168000,0.0,987600,1
2018-02-20 13:30:04,0.0415,13168000,0.0,546472,1
2018-02-20 13:30:08,0.5726,13175000,0.0,7544005,1
2018-02-20 13:30:40,0.64975805,13175000,0.0,-8560562,0
2018-02-20 13:30:41,0.02454195,13175000,0.0,-323340,0
2018-02-20 13:30:48,0.0383,13182000,0.0,-504871,0
2018-02-20 13:31:08,0.5289,13176000,0.0,-6968786,0
2018-02-20 13:31:44,0.0497,13189000,0.0,655493,1
2018-02-20 13:31:44,1.1918,13186000,0.0,15715075,1
2018-02-20 13:32:20,0.0323,13192000,0.0,-426102,0
2018-02-20 13:32:37,1.4677,13202000,0.0,-19376575,0
2018-02-20 13:33:47,0.3,13213000,0.0,3963900,1
2018-02-20 13:33:57,0.1401,13215000,0.0,1851422,1
2018-02-20 13:34:14,0.0021,13220000,0.0,27762,1
2018-02-20 13:34:15,0.3626,13220000,0.0,4793572,1
2018-02-20 13:35:07,0.22320476,13225000,0.0,-2951883,0
2018-02-20 13:35:07,0.31919524,13225000,0.0,-4221357,0
2018-02-20 13:36:15,1.2376,13237000,0.0,16382111,1
2018-02-20 13:39:03,0.0815,13192000,0.0,-1075148,0
2018-02-20 13:39:15,0.4091,13193000,0.0,-5397256,0
2018-02-20 13:39:40,0.6976,13187000,0.0,-9199251,0
2018-02-20 13:39:40,0.3118,13187000,0.0,-4111707,0
2018-02-20 13:41:12,0.15566252,13240000,0.0,2060972,1
2018-02-20 13:41:32,0.0709,13235000,0.0,938362,1
2018-02-20 13:41:53,0.04696235,13230000,0.0,621312,1
2018-02-20 13:41:59,1.2264,13230000,0.0,16225272,1
2018-02-20 13:43:34,0.4666,13225000,0.0,-6170785,0
2018-02-20 13:43:34,1.0334,13230000,0.0,-13671882,0
2018-02-20 13:44:03,1.5,13218000,0.0,19827000,1
2018-02-20 13:44:54,0.049,13201000,0.0,-646849,0
2018-02-20 13:45:52,0.0325,13199000,0.0,428968,1
2018-02-20 13:45:52,0.0165,13199000,0.0,217784,1
2018-02-20 13:47:40,1.4748,13152000,0.0,-19396570,0
2018-02-20 13:47:45,0.1,13152000,0.0,1315200,1
2018-02-20 13:47:55,0.268,13112000,0.0,3514016,1
2018-02-20 13:47:55,0.2019,13112000,0.0,2647313,1
2018-02-20 13:48:04,0.0082,13112000,0.0,107518,1
2018-02-20 13:48:04,0.8478,13112000,0.0,11116354,1
2018-02-20 13:48:05,0.0489,13112000,0.0,641177,1
2018-02-20 13:48:23,0.004,13105000,0.0,-52420,0
2018-02-20 13:48:30,0.105,13105000,0.0,-1376025,0
2018-02-20 13:48:42,0.3788,13087000,0.0,-4957356,0
2018-02-20 13:48:57,1.0122,13085000,0.0,-13244637,0
2018-02-20 13:50:19,0.8261,13128000,0.0,10845041,1
2018-02-20 13:50:42,0.6739,13146000,0.0,8859089,1
2018-02-20 13:51:25,1.5,13132000,0.0,-19698000,0
2018-02-20 13:52:12,0.39311462,13139000,0.0,5165133,1
2018-02-20 13:57:48,0.064,13117000,0.0,839488,1
2018-02-20 13:57:48,1.0429,13118000,0.0,13680762,1
2018-02-20 13:58:19,0.7857,13107000,0.0,-10298170,0
2018-02-20 13:59:11,0.01372369,13105000,0.0,179849,1
2018-02-20 13:59:32,0.17261295,13100000,0.0,2261230,1
2018-02-20 13:59:33,0.0864,13100000,0.0,1131840,1
2018-02-20 14:00:12,0.0001,13087000,0.0,-1309,0
2018-02-20 14:00:12,0.2945,13087000,0.0,-3854122,0
2018-02-20 14:02:57,0.0015,13097000,0.0,19646,1
2018-02-20 14:04:00,0.0016,13078000,0.0,20925,1
2018-02-20 14:04:00,0.0095,13078000,0.0,124241,1
2018-02-20 14:04:00,0.0127,13078000,0.0,166091,1
2018-02-20 14:04:06,0.025,13078000,0.0,326950,1
2018-02-20 14:04:06,0.5409,13078000,0.0,7073890,1
2018-02-20 14:04:06,0.2164,13078000,0.0,2830079,1
2018-02-20 14:04:58,0.6723,13070000,0.0,-8786961,0
2018-02-20 14:05:11,0.7581,13066000,0.0,-9905335,0
2018-02-20 14:06:39,0.10013834,13045000,0.0,1306305,1
2018-02-20 14:08:01,0.0036,13064000,0.0,47030,1
2018-02-20 14:08:27,1.3266,13072000,0.0,17341315,1
2018-02-20 14:08:32,0.0038291,13059000,0.0,-50004,0
2018-02-20 14:08:41,1.4961,13059000,0.0,-19537570,0
2018-02-20 14:09:37,0.0145,13069000,0.0,189501,1
2018-02-20 14:10:19,0.0776,13073000,0.0,1014465,1
2018-02-20 14:10:32,1.4079,13079000,0.0,18413924,1
2018-02-20 14:11:21,0.1,13084000,0.0,-1308400,0
2018-02-20 14:11:21,1.0363,13084000,0.0,-13558949,0
2018-02-20 14:13:48,0.0023,13131000,0.0,30201,1
2018-02-20 14:15:50,0.0534,13111000,0.0,700127,1
2018-02-20 14:15:50,0.0761,13111000,0.0,997747,1
2018-02-20 14:15:50,0.0041,13111000,0.0,53755,1
2018-02-20 14:15:50,0.0332,13111000,0.0,435285,1
2018-02-20 14:15:51,0.1265,13111000,0.0,1658542,1
2018-02-20 14:15:55,0.2,13110000,0.0,2622000,1
2018-02-20 14:16:42,0.6407,13100000,0.0,8393170,1
2018-02-20 14:18:48,0.1952,13088000,0.0,-2554778,0
2018-02-20 14:19:30,0.1952,13100000,0.0,2557120,1
2018-02-20 14:20:37,0.5194,13099000,0.0,-6803621,0
2018-02-20 14:20:44,0.0103,13102000,0.0,-134951,0
2018-02-20 14:20:47,0.2756,13100000,0.0,-3610360,0
2018-02-20 14:21:19,0.12470119,13118000,0.0,1635830,1
2018-02-20 14:21:29,0.0049,13108000,0.0,64229,1
2018-02-20 14:21:39,0.2629,13091000,0.0,-3441624,0
2018-02-20 14:30:22,0.2384,13101000,0.0,3123278,1
2018-02-20 14:30:25,0.2974,13108000,0.0,3898319,1
2018-02-20 14:30:26,0.3537,13108000,0.0,4636300,1
2018-02-20 14:30:29,0.0491,13117000,0.0,644045,1
2018-02-20 14:31:17,0.131,13108000,0.0,-1717148,0
2018-02-20 14:31:44,1.0266,13120000,0.0,-13468992,0
2018-02-20 14:31:48,1.1576,13132000,0.0,15201603,1
2018-02-20 14:37:07,0.00749148,13140000,0.0,-98438,0
2018-02-20 14:37:08,0.005,13140000,0.0,-65700,0
2018-02-20 14:37:08,0.01490852,13140000,0.0,-195898,0
2018-02-20 14:37:23,0.1592,13138000,0.0,-2091570,0
2018-02-20 14:37:39,1.3134,13150000,0.0,-17271210,0
2018-02-20 14:39:33,0.0023,13152000,0.0,30250,1
2018-02-20 14:39:34,0.07600221,13152000,0.0,999581,1
2018-02-20 14:39:34,1.0,13152000,0.0,13152000,1
2018-02-20 14:39:57,0.2664,13147000,0.0,-3502361,0
2018-02-20 14:41:14,0.6881,13157000,0.0,9053332,1
2018-02-20 14:42:50,0.0331,13145000,0.0,-435100,0
2018-02-20 14:43:05,0.0331,13141000,0.0,434967,1
2018-02-20 14:44:41,1.5,13103000,0.0,-19654500,0
2018-02-20 14:45:09,0.1,13108000,0.0,1310800,1
2018-02-20 14:46:35,0.0772,13080000,0.0,1009776,1
2018-02-20 14:46:35,0.8173,13080000,0.0,10690284,1
2018-02-20 14:46:35,0.5055,13080000,0.0,6611940,1
2018-02-20 14:48:04,0.3972,13084000,0.0,-5196965,0
2018-02-20 14:48:27,0.15762094,13095000,0.0,2064046,1
2018-02-20 14:49:49,0.3484,13094000,0.0,-4561950,0
2018-02-20 14:51:13,0.0546,13118000,0.0,-716243,0
2018-02-20 14:51:17,0.08292172,13120000,0.0,-1087933,0
2018-02-20 14:51:18,0.00057828,13120000,0.0,-7587,0
2018-02-20 14:51:18,0.05,13120000,0.0,-656000,0
2018-02-20 14:52:08,0.776,13109000,0.0,10172584,1
2018-02-20 14:54:13,0.0146,13119000,0.0,-191537,0
2018-02-20 14:54:21,0.0392,13124000,0.0,-514461,0
2018-02-20 14:55:35,0.14007988,13120000,0.0,-1837848,0
2018-02-20 14:55:35,0.22722012,13120000,0.0,-2981128,0
2018-02-20 14:56:01,0.9355,13112000,0.0,-12266276,0
2018-02-20 14:59:40,0.0793,13123000,0.0,1040654,1
2018-02-20 14:59:40,0.2217,13123000,0.0,2909369,1
2018-02-20 14:59:40,0.1125,13123000,0.0,1476338,1
2018-02-20 14:59:48,0.0251,13121000,0.0,329337,1
2018-02-20 14:59:48,0.2114,13121000,0.0,2773779,1
2018-02-20 14:59:48,0.0732,13121000,0.0,960457,1
2018-02-20 15:01:24,0.2903,13100000,0.0,3802930,1
2018-02-20 15:01:24,0.076,13100000,0.0,995600,1
2018-02-20 15:01:24,0.1,13100000,0.0,1310000,1
2018-02-20 15:01:32,0.1671,13099000,0.0,2188843,1
2018-02-20 15:05:00,0.039,13120000,0.0,-511680,0
2018-02-20 15:05:06,0.0764,13120000,0.0,-1002368,0
2018-02-20 15:05:11,0.0029,13122000,0.0,-38054,0
2018-02-20 15:05:33,0.1183,13128000,0.0,1553042,1
2018-02-20 15:06:21,0.0298,13138000,0.0,-391512,0
2018-02-20 15:07:16,0.4572,13125000,0.0,-6000750,0
2018-02-20 15:07:44,0.08139996,13141000,0.0,1069677,1
2018-02-20 15:08:58,0.00784581,13142000,0.0,103110,1
2018-02-20 15:09:08,0.0823,13141000,0.0,1081504,1
2018-02-20 15:09:48,0.0868,13119000,0.0,-1138729,0
2018-02-20 15:09:49,1.0976,13120000,0.0,-14400512,0
2018-02-20 15:15:07,0.0246,13156000,0.0,323638,1
2018-02-20 15:15:12,0.622,13150000,0.0,8179300,1
2018-02-20 15:15:12,0.0988,13154000,0.0,1299615,1
2018-02-20 15:19:29,0.7545,13166000,0.0,9933747,1
2018-02-20 15:20:28,0.1548,13156000,0.0,-2036549,0
2018-02-20 15:20:28,0.0382,13156000,0.0,-502559,0
2018-02-20 15:21:29,0.0231,13170000,0.0,-304227,0
2018-02-20 15:22:07,0.0212,13190000,0.0,279628,1
2018-02-20 15:22:28,0.1949,13189000,0.0,2570536,1
2018-02-20 15:23:33,0.3925,13170000,0.0,-5169225,0
2018-02-20 15:23:57,0.076,13184000,0.0,1001984,1
2018-02-20 15:24:46,1.1835,13173000,0.0,-15590246,0
2018-02-20 15:27:32,0.08554384,13185000,0.0,1127896,1
2018-02-20 15:30:11,0.1204,13177000,0.0,1586511,1
2018-02-20 15:31:30,0.1217,13162000,0.0,1601815,1
2018-02-20 15:31:30,0.0794,13162000,0.0,1045063,1
2018-02-20 15:31:30,0.0033,13162000,0.0,43435,1
2018-02-20 15:31:38,0.5703,13162000,0.0,7506289,1
2018-02-20 15:31:53,0.0177,13154000,0.0,232826,1
2018-02-20 15:32:34,0.32261586,13165000,0.0,4247238,1
2018-02-20 15:34:03,0.228,13154000,0.0,-2999112,0
2018-02-20 15:34:22,0.0415,13154000,0.0,-545891,0
2018-02-20 15:34:45,0.9686,13157000,0.0,-12743870,0
2018-02-20 15:34:45,0.0828,13155000,0.0,-1089234,0
2018-02-20 15:43:21,0.0171,13177000,0.0,225327,1
2018-02-20 15:43:24,0.1557,13170000,0.0,2050569,1
2018-02-20 15:43:25,0.7069,13170000,0.0,9309873,1
2018-02-20 15:43:49,4.191e-05,13174000,0.0,-552,0
2018-02-20 15:43:52,0.0362,13173000,0.0,-476863,0
2018-02-20 15:43:56,0.8435,13174000,0.0,-11112269,0
2018-02-20 15:47:03,0.2342,13194000,0.0,3090035,1
2018-02-20 15:47:03,0.0395,13194000,0.0,521163,1
2018-02-20 15:49:48,0.6107,13215000,0.0,8070401,1
2018-02-20 15:49:56,0.6156,13215000,0.0,8135154,1
2018-02-20 15:52:36,1.45246444,13231000,0.0,-19217557,0
2018-02-20 15:52:36,0.04753556,13231000,0.0,-628943,0
2018-02-20 15:53:59,0.0007,13260000,0.0,9282,1
2018-02-20 15:54:13,1.0,13260000,0.0,13260000,1
2018-02-20 15:54:13,0.4993,13260000,0.0,6620718,1
2018-02-20 15:54:42,0.4576,13259000,0.0,-6067318,0
2018-02-20 15:54:56,0.0038,13260000,0.0,50388,1
2018-02-20 15:55:31,0.1086,13240000,0.0,-1437864,0
2018-02-20 15:55:39,0.1517,13235000,0.0,2007750,1
2018-02-20 15:55:48,1.0893,13200000,0.0,-14378760,0
2018-02-20 16:00:51,0.0136,13257000,0.0,180295,1
2018-02-20 16:00:51,0.0002,13257000,0.0,2651,1
2018-02-20 16:01:08,0.2143,13256000,0.0,2840761,1
2018-02-20 16:01:36,0.1143,13258000,0.0,1515389,1
2018-02-20 16:01:36,0.1008,13258000,0.0,1336406,1
2018-02-20 16:01:44,0.0205,13261000,0.0,271851,1
2018-02-20 16:01:57,0.1005,13258000,0.0,1332429,1
2018-02-20 16:02:00,0.9358,13264000,0.0,12412451,1
2018-02-20 16:09:20,0.5673,13226000,0.0,-7503110,0
2018-02-20 16:09:36,0.2402,13226000,0.0,-3176885,0
2018-02-20 16:09:42,0.2577,13235000,0.0,3410660,1
2018-02-20 16:09:56,0.5407,13233000,0.0,-7155083,0
2018-02-20 16:14:20,0.2561,13222000,0.0,3386154,1
2018-02-20 16:14:27,0.5395,13222000,0.0,7133269,1
2018-02-20 16:15:33,1.2051,13231000,0.0,-15944678,0
2018-02-20 16:16:33,0.74177934,13264000,0.0,9838961,1
2018-02-20 16:17:39,0.2,13260000,0.0,2652000,1
2018-02-20 16:17:39,0.4054,13260000,0.0,5375604,1
2018-02-20 16:18:29,0.1528,13264000,0.0,2026739,1
2018-02-20 16:22:21,0.3898,13251000,0.0,-5165240,0
2018-02-20 16:22:59,0.0534,13261000,0.0,-708137,0
2018-02-20 16:23:53,0.1144,13266000,0.0,1517630,1
2018-02-20 16:24:36,0.1191,13279000,0.0,-1581529,0
2018-02-20 16:24:46,0.099,13286000,0.0,-1315314,0
2018-02-20 16:26:09,0.1889,13287000,0.0,2509914,1
2018-02-20 16:26:25,0.054,13287000,0.0,717498,1
2018-02-20 16:26:58,0.0075,13283000,0.0,99623,1
2018-02-20 16:27:22,0.2965,13283000,0.0,3938410,1
2018-02-20 16:29:44,0.1892,13301000,0.0,-2516549,0
2018-02-20 16:29:58,0.1892,13325000,0.0,2521090,1
2018-02-20 16:32:56,0.0059,13327000,0.0,-78629,0
2018-02-20 16:34:39,0.0059,13338000,0.0,78694,1
2018-02-20 16:35:50,0.0151,13336000,0.0,-201374,0
2018-02-20 16:35:55,0.0016,13342000,0.0,-21347,0
2018-02-20 16:36:11,0.0167,13340000,0.0,222778,1
2018-02-20 16:36:26,0.9885,13339000,0.0,-13185602,0
2018-02-20 16:38:39,0.2064359,13364000,0.0,2758809,1
2018-02-20 16:38:40,0.0215,13364000,0.0,287326,1
2018-02-20 16:38:45,0.7606,13364000,0.0,10164658,1
2018-02-20 16:39:00,0.0151,13353000,0.0,-201630,0
2018-02-20 16:39:07,0.0151,13369000,0.0,201872,1
2018-02-20 16:39:51,0.0977,13356000,0.0,-1304881,0
2018-02-20 16:39:57,0.199,13359000,0.0,-2658441,0
2018-02-20 16:40:14,0.0606,13356000,0.0,-809374,0
2018-02-20 16:40:19,0.3573,13367000,0.0,4776029,1
2018-02-20 16:42:18,0.4814,13401000,0.0,-6451241,0
2018-02-20 16:42:18,0.0583,13401000,0.0,-781278,0
2018-02-20 16:42:18,0.01,13401000,0.0,-134010,0
2018-02-20 16:42:22,0.1124,13405000,0.0,-1506722,0
2018-02-20 16:42:26,2.949e-05,13408000,0.0,-395,0
2018-02-20 16:42:30,0.2535,13413000,0.0,-3400196,0
2018-02-20 16:43:27,0.2241,13424000,0.0,3008318,1
2018-02-20 16:43:27,0.0595,13424000,0.0,798728,1
2018-02-20 16:44:20,0.4881,13440000,0.0,6560064,1
2018-02-20 16:44:21,0.1439,13440000,0.0,1934016,1
2018-02-20 16:45:25,1.2545,13400000,0.0,-16810300,0
2018-02-20 16:45:55,0.0573,13389000,0.0,767190,1
2018-02-20 16:45:56,0.5329,13389000,0.0,7134998,1
2018-02-20 16:46:09,0.6266,13384000,0.0,8386414,1
2018-02-20 16:46:49,0.0491,13358000,0.0,-655878,0
2018-02-20 16:46:49,0.0005,13358000,0.0,-6679,0
2018-02-20 16:47:10,0.0873,13358000,0.0,1166153,1
2018-02-20 16:48:17,0.2408,13337000,0.0,-3211550,0
2018-02-20 16:48:17,0.7283,13337000,0.0,-9713337,0
2018-02-20 16:48:17,0.0358,13337000,0.0,-477465,0
2018-02-20 16:48:33,0.301,13347000,0.0,4017447,1
2018-02-20 16:48:34,0.2281,13347000,0.0,3044451,1
2018-02-20 16:48:44,0.38529706,13350000,0.0,-5143716,0
2018-02-20 16:48:44,0.5455,13350000,0.0,-7282425,0
2018-02-20 16:48:44,0.0481,13350000,0.0,-642135,0
2018-02-20 16:49:58,0.2677,13335000,0.0,3569780,1
2018-02-20 16:50:29,0.0128,13326000,0.0,170573,1
2018-02-20 16:50:29,0.042,13326000,0.0,559692,1
2018-02-20 16:50:29,0.5862246,13326000,0.0,7812029,1
2018-02-20 16:50:33,0.013,13325000,0.0,173225,1
2018-02-20 16:50:33,0.0272,13325000,0.0,362440,1
2018-02-20 16:50:33,0.0032,13325000,0.0,42640,1
2018-02-20 16:50:37,0.5026,13323000,0.0,6696140,1
2018-02-20 16:51:00,1.5,13326000,0.0,-19989000,0
2018-02-20 16:53:45,0.1529,13340000,0.0,2039686,1
2018-02-20 16:54:12,1.2408,13329000,0.0,16538623,1
2018-02-20 16:54:12,0.075,13329000,0.0,999675,1
2018-02-20 16:54:12,0.0313,13329000,0.0,417198,1
2018-02-20 16:54:47,1.5,13280000,0.0,-19920000,0
2018-02-20 16:59:40,0.0251,13244000,0.0,332424,1
2018-02-20 16:59:40,0.0094,13244000,0.0,124494,1
2018-02-20 16:59:44,0.0126,13244000,0.0,166874,1
2018-02-20 16:59:44,0.0188,13244000,0.0,248987,1
2018-02-20 16:59:44,0.0126,13244000,0.0,166874,1
2018-02-20 17:00:03,1.2335,13227000,0.0,16315505,1
2018-02-20 17:00:08,0.0074,13217000,0.0,97806,1
2018-02-20 17:00:08,0.15,13217000,0.0,1982550,1
2018-02-20 17:00:08,0.0306,13217000,0.0,404440,1
2018-02-20 17:00:15,0.8093,13202000,0.0,-10684379,0
2018-02-20 17:00:15,0.3179,13202000,0.0,-4196916,0
2018-02-20 17:00:21,0.0136,13217000,0.0,179751,1
2018-02-20 17:00:21,0.3753,13217000,0.0,4960340,1
2018-02-20 17:00:32,0.05850307,13222000,0.0,773528,1
2018-02-20 17:00:38,0.48690612,13229000,0.0,6441281,1
2018-02-20 17:00:43,0.1929,13225000,0.0,2551103,1
2018-02-20 17:00:56,0.0009,13222000,0.0,-11900,0
2018-02-20 17:01:25,0.0746,13215000,0.0,-985839,0
2018-02-20 17:01:28,0.0755,13240000,0.0,999620,1
2018-02-20 17:01:50,0.0099,13244000,0.0,-131116,0
2018-02-20 17:01:54,0.0013,13247000,0.0,-17221,0
2018-02-20 17:01:58,4.645e-05,13247000,0.0,-615,0
2018-02-20 17:01:58,1.48865355,13247000,0.0,-19720194,0
2018-02-20 17:02:18,1.0,13267000,0.0,13267000,1
2018-02-20 17:02:18,0.0856,13267000,0.0,1135655,1
2018-02-20 17:02:32,1.0857,13284000,0.0,-14422439,0
2018-02-20 17:05:22,0.76476948,13325000,0.0,10190553,1
2018-02-20 17:05:22,0.25679655,13320000,0.0,3420530,1
2018-02-20 17:06:57,0.1833,13327000,0.0,-2442839,0
2018-02-20 17:07:00,0.2886,13329000,0.0,-3846749,0
2018-02-20 17:07:36,0.9503,13327000,0.0,12664648,1
2018-02-20 17:10:02,0.4027,13311000,0.0,-5360340,0
2018-02-20 17:10:31,0.3484,13309000,0.0,-4636856,0
2018-02-20 17:11:40,0.3463,13308000,0.0,4608560,1
2018-02-20 17:12:00,0.4048,13299000,0.0,5383435,1
2018-02-20 17:12:58,0.0792,13302000,0.0,-1053518,0
2018-02-20 17:13:29,0.0792,13306000,0.0,1053835,1
2018-02-20 17:14:17,0.0142,13280000,0.0,-188576,0
2018-02-20 17:14:18,0.5,13280000,0.0,-6640000,0
2018-02-20 17:14:44,0.3768,13267000,0.0,4999006,1
2018-02-20 17:15:06,0.016,13234000,0.0,211744,1
2018-02-20 17:15:07,0.0065,13234000,0.0,86021,1
2018-02-20 17:15:07,0.1149,13234000,0.0,1520587,1
2018-02-20 17:15:26,0.0092,13233000,0.0,-121744,0
2018-02-20 17:15:33,0.6247,13226000,0.0,-8262282,0
2018-02-20 17:15:40,0.2885,13233000,0.0,-3817721,0
2018-02-20 17:18:01,0.0681,13180000,0.0,897558,1
2018-02-20 17:18:01,0.0108,13180000,0.0,142344,1
2018-02-20 17:18:01,0.0189,13180000,0.0,249102,1
2018-02-20 17:18:01,0.0095,13180000,0.0,125210,1
2018-02-20 17:18:01,0.0189,13180000,0.0,249102,1
2018-02-20 17:18:01,0.0189,13180000,0.0,249102,1
2018-02-20 17:18:01,0.0253,13180000,0.0,333454,1
2018-02-20 17:18:01,0.0126,13180000,0.0,166068,1
2018-02-20 17:18:05,0.004,13180000,0.0,52720,1
2018-02-20 17:18:43,0.1659,13166000,0.0,2184239,1
2018-02-20 17:19:03,0.4062,13164000,0.0,-5347217,0
2018-02-20 17:19:20,0.0016,13171000,0.0,21074,1
2018-02-20 17:19:21,0.9232,13171000,0.0,12159467,1
2018-02-20 17:19:30,0.4316,13179000,0.0,-5688056,0
2018-02-20 17:19:40,0.3051,13179000,0.0,-4020913,0
2018-02-20 17:22:36,0.16240678,13194000,0.0,2142795,1
2018-02-20 17:23:24,0.4346,13172000,0.0,-5724551,0
2018-02-20 17:23:31,0.3476,13171000,0.0,4578240,1
2018-02-20 17:23:39,0.7877,13152000,0.0,-10359830,0
2018-02-20 17:25:39,0.019,13115000,0.0,249185,1
2018-02-20 17:25:39,0.0063,13115000,0.0,82625,1
2018-02-20 17:25:39,0.019,13115000,0.0,249185,1
2018-02-20 17:25:39,0.0127,13115000,0.0,166561,1
2018-02-20 17:25:39,0.0108,13115000,0.0,141642,1
2018-02-20 17:25:39,0.2,13115000,0.0,2623000,1
2018-02-20 17:26:01,0.0793,13111000,0.0,1039702,1
2018-02-20 17:26:01,0.0291,13111000,0.0,381530,1
2018-02-20 17:26:01,1.1237,13111000,0.0,14732831,1
2018-02-20 17:26:12,0.2456,13117000,0.0,-3221535,0
2018-02-20 17:26:35,0.1954,13131000,0.0,2565797,1
2018-02-20 17:26:35,0.0137,13131000,0.0,179895,1
2018-02-20 17:26:49,0.0365,13144000,0.0,479756,1
2018-02-20 17:27:10,0.1,13151000,0.0,-1315100,0
2018-02-20 17:27:16,0.1,13177000,0.0,1317700,1
2018-02-20 17:27:58,1.279e-05,13182000,0.0,-169,0
2018-02-20 17:29:40,1.4579,13189000,0.0,-19228243,0
2018-02-20 17:29:40,0.0383,13189000,0.0,-505139,0
2018-02-20 17:29:40,0.0038,13189000,0.0,-50118,0
2018-02-20 17:33:09,0.0089,13235000,0.0,117792,1
2018-02-20 17:33:13,0.2562,13238000,0.0,3391576,1
2018-02-20 17:33:14,1.2349,13238000,0.0,16347606,1
2018-02-20 17:33:32,0.006,13245000,0.0,-79470,0
2018-02-20 17:33:36,0.006,13254000,0.0,79524,1
2018-02-20 17:33:47,0.1271,13244000,0.0,-1683312,0
2018-02-20 17:33:51,0.0988,13254000,0.0,1309495,1
2018-02-20 17:33:51,0.0283,13254000,0.0,375088,1
2018-02-20 17:34:13,0.0386,13254000,0.0,-511604,0
2018-02-20 17:34:18,1.4614,13259000,0.0,-19376703,0
2018-02-20 17:37:44,0.0232,13280000,0.0,308096,1
2018-02-20 17:37:48,0.6832,13280000,0.0,9072896,1
2018-02-20 17:37:52,0.001,13281000,0.0,13281,1
2018-02-20 17:37:56,0.2357,13280000,0.0,3130096,1
2018-02-20 17:38:04,0.0713,13277000,0.0,946650,1
2018-02-20 17:38:11,1.0144,13268000,0.0,-13459059,0
2018-02-20 17:41:04,0.8396,13254000,0.0,11128058,1
2018-02-20 17:41:19,0.3676,13244000,0.0,4868494,1
2018-02-20 17:41:30,0.2928,13246000,0.0,3878429,1
2018-02-20 17:41:45,0.1997,13246000,0.0,-2645226,0
2018-02-20 17:41:59,0.0528,13243000,0.0,-699230,0
2018-02-20 17:42:22,0.11961948,13239000,0.0,1583642,1
2018-02-20 17:44:34,0.1329,13238000,0.0,1759330,1
2018-02-20 17:45:32,0.1967,13220000,0.0,-2600374,0
2018-02-20 17:45:43,1.3032,13221000,0.0,-17229607,0
2018-02-20 17:46:00,0.2,13220000,0.0,2644000,1
2018-02-20 17:46:44,0.0568,13200000,0.0,749760,1
2018-02-20 17:46:44,0.6471,13200000,0.0,8541720,1
2018-02-20 17:46:44,0.0016,13200000,0.0,21120,1
2018-02-20 17:46:45,0.5944,13200000,0.0,7846080,1
2018-02-20 17:47:19,0.336,13162000,0.0,-4422432,0
2018-02-20 17:47:24,0.1132,13162000,0.0,-1489938,0
2018-02-20 17:47:30,0.1285,13158000,0.0,-1690803,0
2018-02-20 17:47:43,0.0127,13150000,0.0,167005,1
2018-02-20 17:47:43,0.0063,13150000,0.0,82845,1
2018-02-20 17:47:44,0.0063,13150000,0.0,82845,1
2018-02-20 17:47:47,0.0442,13151000,0.0,581274,1
2018-02-20 17:47:48,0.0106563,13151000,0.0,140141,1
2018-02-20 17:48:02,0.1227,13121000,0.0,-1609947,0
2018-02-20 17:48:09,0.0484,13122000,0.0,-635105,0
2018-02-20 17:48:10,0.0016,13122000,0.0,-20995,0
2018-02-20 17:48:13,0.4746,13118000,0.0,-6225803,0
2018-02-20 17:50:13,1.1448,13140000,0.0,15042672,1
2018-02-20 17:51:14,0.1529,13149000,0.0,-2010482,0
2018-02-20 17:51:48,0.1529,13127000,0.0,2007118,1
2018-02-20 17:52:11,0.5104,13102000,0.0,-6687261,0
2018-02-20 17:52:22,0.9896,13102000,0.0,-12965739,0
2018-02-20 17:52:26,0.4567,13097000,0.0,5981400,1
2018-02-20 17:52:27,0.5349,13097000,0.0,7005585,1
2018-02-20 17:52:27,0.0025,13097000,0.0,32743,1
2018-02-20 17:52:27,0.0254,13097000,0.0,332664,1
2018-02-20 17:52:31,0.0205,13095000,0.0,268448,1
2018-02-20 17:52:31,0.2734,13095000,0.0,3580173,1
2018-02-20 17:52:34,0.0623,13093000,0.0,815694,1
2018-02-20 17:52:34,0.0253,13093000,0.0,331253,1
2018-02-20 17:52:34,0.002,13093000,0.0,26186,1
2018-02-20 17:52:38,0.0743,13089000,0.0,972513,1
2018-02-20 17:52:39,0.002,13089000,0.0,26178,1
2018-02-20 17:52:42,0.0207,13089000,0.0,270942,1
2018-02-20 17:53:19,0.0001,13095000,0.0,-1310,0
2018-02-20 17:53:23,0.303,13100000,0.0,-3969300,0
2018-02-20 17:53:51,0.0005,13107000,0.0,-6554,0
2018-02-20 17:53:51,0.18403705,13107000,0.0,-2412174,0
2018-02-20 17:53:52,0.00068669,13107000,0.0,-9000,0
2018-02-20 17:54:25,0.02521326,13096000,0.0,330193,1
2018-02-20 17:54:25,0.0088,13096000,0.0,115245,1
2018-02-20 17:54:26,0.4215,13096000,0.0,5519964,1
2018-02-20 17:54:34,0.015,13092000,0.0,196380,1
2018-02-20 17:55:45,1.492e-05,13115000,0.0,-196,0
2018-02-20 17:55:45,0.015,13115000,0.0,-196725,0
2018-02-20 17:55:49,0.5384,13120000,0.0,-7063808,0
2018-02-20 17:56:13,0.0761,13121000,0.0,998508,1
2018-02-20 17:56:13,0.4952,13121000,0.0,6497519,1
2018-02-20 17:57:06,0.0452,13117000,0.0,-592888,0
2018-02-20 17:59:08,0.0452,13126000,0.0,593295,1
2018-02-20 17:59:35,0.5487,13112000,0.0,-7194554,0
2018-02-20 17:59:43,0.0647,13116000,0.0,-848605,0
2018-02-20 17:59:43,0.0146,13112000,0.0,-191435,0
2018-02-20 17:59:56,0.628,13127000,0.0,8243756,1
2018-02-20 18:02:23,0.1469,13089000,0.0,-1922774,0
2018-02-20 18:02:52,0.0298,13051000,0.0,-388920,0
2018-02-20 18:03:17,0.01,13054000,0.0,130540,1
2018-02-20 18:03:18,0.02008373,13054000,0.0,262173,1
2018-02-20 18:04:07,1.3534,13022000,0.0,-17623975,0
2018-02-20 18:04:34,0.032,13015000,0.0,416480,1
2018-02-20 18:04:37,1.468,13013000,0.0,19103084,1
2018-02-20 18:05:29,1.0778,13020000,0.0,-14032956,0
2018-02-20 18:06:56,0.14,13051000,0.0,1827140,1
2018-02-20 18:07:16,0.9378,13037000,0.0,12226099,1
2018-02-20 18:07:44,1.09317131,13024000,0.0,-14237463,0
2018-02-20 18:07:45,0.40682869,13024000,0.0,-5298537,0
2018-02-20 18:08:27,1.5,13002000,0.0,19503000,1
2018-02-20 18:13:53,0.699,12999000,0.0,-9086301,0
2018-02-20 18:14:16,0.1901,13013000,0.0,-2473771,0
2018-02-20 18:14:58,0.2525,13046000,0.0,3294115,1
2018-02-20 18:15:08,0.4045,13046000,0.0,-5277107,0
2018-02-20 18:15:26,1.0411,13070000,0.0,13607177,1
2018-02-20 18:17:46,0.7517,13091000,0.0,-9840505,0
2018-02-20 18:19:35,0.7517,13109000,0.0,9854035,1
2018-02-20 18:20:51,1.0,13110000,0.0,-13110000,0
2018-02-20 18:20:51,0.1116,13110000,0.0,-1463076,0
2018-02-20 18:24:24,0.0961262,13073000,0.0,1256658,1
2018-02-20 18:26:29,0.0442,13073000,0.0,577827,1
2018-02-20 18:27:08,0.9712,13061000,0.0,12684843,1
2018-02-20 18:29:05,0.113,13050000,0.0,-1474650,0
2018-02-20 18:29:05,0.1569,13050000,0.0,-2047545,0
2018-02-20 18:29:05,0.0766,13050000,0.0,-999630,0
2018-02-20 18:29:05,1.14551452,13050000,0.0,-14948964,0
2018-02-20 18:29:06,0.00378548,13050000,0.0,-49401,0
2018-02-20 18:29:39,0.5308,13033000,0.0,6917916,1
2018-02-20 18:29:39,0.3,13033000,0.0,3909900,1
2018-02-20 18:29:46,0.0028,13032000,0.0,36490,1
2018-02-20 18:29:46,0.3972,13032000,0.0,5176310,1
2018-02-20 18:30:44,0.265,13031000,0.0,3453215,1
2018-02-20 18:31:20,0.0376,13056000,0.0,-490906,0
2018-02-20 18:31:38,0.0376,13071000,0.0,491470,1
2018-02-20 18:31:42,0.1856,13060000,0.0,-2423936,0
2018-02-20 18:32:24,0.1856,13077000,0.0,2427091,1
2018-02-20 18:32:40,0.0057,13085000,0.0,-74585,0
2018-02-20 18:33:01,0.0057,13092000,0.0,74624,1
2018-02-20 18:35:17,0.0591,13055000,0.0,-771551,0
2018-02-20 18:35:23,0.05970934,13060000,0.0,-779804,0
2018-02-20 18:35:23,0.19009066,13060000,0.0,-2482584,0
2018-02-20 18:35:44,0.0337,13075000,0.0,-440628,0
2018-02-20 18:35:56,0.08,13070000,0.0,-1045600,0
2018-02-20 18:36:51,0.22657286,13111000,0.0,2970597,1
2018-02-20 18:36:56,0.0167,13111000,0.0,218954,1
2018-02-20 18:36:56,0.1794,13111000,0.0,2352113,1
2018-02-20 18:39:08,0.063,13114000,0.0,-826182,0
2018-02-20 18:40:37,0.7319,13154000,0.0,-9627413,0
2018-02-20 18:43:21,0.00917273,13146000,0.0,120585,1
2018-02-20 18:44:09,0.701,13129000,0.0,9203429,1
2018-02-20 18:45:52,0.0847,13159000,0.0,1114567,1
2018-02-20 18:46:46,0.0138,13170000,0.0,-181746,0
2018-02-20 18:46:46,0.1,13170000,0.0,-1317000,0
2018-02-20 18:46:47,0.8127,13170000,0.0,-10703259,0
2018-02-20 18:46:47,0.5735,13170000,0.0,-7552995,0
2018-02-20 18:47:40,0.169,13175000,0.0,2226575,1
2018-02-20 18:50:05,0.0648,13179000,0.0,853999,1
2018-02-20 18:50:49,0.0017,13168000,0.0,22386,1
2018-02-20 18:50:50,0.01,13168000,0.0,131680,1
2018-02-20 18:52:52,0.0296,13152000,0.0,389299,1
2018-02-20 18:52:56,0.2916,13153000,0.0,3835415,1
2018-02-20 18:53:24,0.0038,13140000,0.0,49932,1
2018-02-20 18:55:37,0.2741,13154000,0.0,3605511,1
2018-02-20 18:55:37,0.0042,13153000,0.0,55243,1
2018-02-20 18:56:28,0.1864,13167000,0.0,-2454329,0
2018-02-20 18:56:28,0.01,13167000,0.0,-131670,0
2018-02-20 18:56:41,6.938e-05,13164000,0.0,913,1
2018-02-20 18:56:46,0.0007,13165000,0.0,9216,1
2018-02-20 18:56:55,0.8468,13165000,0.0,11148122,1
2018-02-20 19:02:50,0.002,13167000,0.0,-26334,0
2018-02-20 19:04:09,0.002,13196000,0.0,26392,1
2018-02-20 19:05:42,1.5,13183000,0.0,-19774500,0
2018-02-20 19:10:00,0.0063,13145000,0.0,82814,1
2018-02-20 19:10:00,0.0253,13145000,0.0,332569,1
2018-02-20 19:10:00,0.0108,13145000,0.0,141966,1
2018-02-20 19:12:25,0.813,13161000,0.0,10699893,1
2018-02-20 19:12:48,0.276,13158000,0.0,-3631608,0
2018-02-20 19:13:38,0.0383,13148000,0.0,503568,1
2018-02-20 19:13:55,0.0886,13110000,0.0,1161546,1
2018-02-20 19:16:12,0.038,13152000,0.0,499776,1
2018-02-20 19:17:31,0.0859,13118000,0.0,1126836,1
2018-02-20 19:17:32,0.0082,13118000,0.0,107568,1
2018-02-20 19:17:32,0.3385,13118000,0.0,4440443,1
2018-02-20 19:17:45,0.4229,13100000,0.0,-5539990,0
2018-02-20 19:17:50,0.0076,13118000,0.0,99697,1
2018-02-20 19:18:19,0.2553,13120000,0.0,-3349536,0
2018-02-20 19:22:05,0.0541,13080000,0.0,707628,1
2018-02-20 19:22:43,0.0813,13089000,0.0,1064136,1
2018-02-20 19:26:47,0.16051825,13130000,0.0,2107605,1
2018-02-20 19:26:48,0.0100083,13130000,0.0,131409,1
2018-02-20 19:27:13,0.6244,13133000,0.0,8200245,1
2018-02-20 19:27:13,0.0634,13133000,0.0,832632,1
2018-02-20 19:30:58,1.5,13149000,0.0,-19723500,0
2018-02-20 19:31:13,0.0232,13179000,0.0,305753,1
2018-02-20 19:31:15,1.12303841,13179000,0.0,14800523,1
2018-02-20 19:31:16,0.09746159,13179000,0.0,1284446,1
2018-02-20 19:31:16,0.1855,13179000,0.0,2444705,1
2018-02-20 19:31:16,0.0708,13179000,0.0,933073,1
2018-02-20 19:32:10,0.0016,13191000,0.0,-21106,0
2018-02-20 19:32:23,0.05242798,13197000,0.0,-691892,0
2018-02-20 19:32:23,0.6466,13197000,0.0,-8533180,0
2018-02-20 19:32:24,0.009,13197000,0.0,-118773,0
2018-02-20 19:32:24,0.005,13197000,0.0,-65985,0
2018-02-20 19:32:24,0.013,13197000,0.0,-171561,0
2018-02-20 19:32:24,0.012,13197000,0.0,-158364,0
2018-02-20 19:32:24,0.01,13197000,0.0,-131970,0
2018-02-20 19:32:24,0.009,13197000,0.0,-118773,0
2018-02-20 19:32:24,0.015,13197000,0.0,-197955,0
2018-02-20 19:32:24,0.00997202,13197000,0.0,-131601,0
2018-02-20 19:32:24,0.011,13197000,0.0,-145167,0
2018-02-20 19:32:24,0.009,13197000,0.0,-118773,0
2018-02-20 19:33:32,0.2017,13192000,0.0,2660826,1
2018-02-20 19:33:32,0.0191,13192000,0.0,251967,1
2018-02-20 19:34:07,0.0016,13180000,0.0,21088,1
2018-02-20 19:34:11,0.1,13176000,0.0,1317600,1
2018-02-20 19:34:11,0.1013,13176000,0.0,1334729,1
2018-02-20 19:34:15,0.0016,13170000,0.0,21072,1
2018-02-20 19:34:30,0.2032,13180000,0.0,2678176,1
2018-02-20 19:34:47,1.3249,13163000,0.0,-17439659,0
2018-02-20 19:37:06,0.0075,13176000,0.0,98820,1
2018-02-20 19:39:02,0.0785,13170000,0.0,1033845,1
2018-02-20 19:39:02,0.3328,13170000,0.0,4382976,1
2018-02-20 19:39:02,0.0137,13170000,0.0,180429,1
2018-02-20 19:39:02,0.1229,13170000,0.0,1618593,1
2018-02-20 19:39:15,0.7591,13172000,0.0,9998865,1
2018-02-20 19:39:28,1.3145,13153000,0.0,-17289619,0
2018-02-20 19:39:37,0.47914403,13171000,0.0,6310806,1
2018-02-20 19:39:38,0.0137,13171000,0.0,180443,1
2018-02-20 19:45:36,0.51058547,13196000,0.0,6737686,1
2018-02-20 19:45:37,0.49661453,13196000,0.0,6553325,1
2018-02-20 19:45:41,0.4915,13190000,0.0,-6482885,0
2018-02-20 19:46:13,1.0085,13225000,0.0,-13337413,0
2018-02-20 19:48:55,0.0003,13199000,0.0,3960,1
2018-02-20 19:50:31,0.03,13195000,0.0,395850,1
2018-02-20 19:50:40,0.2157,13193000,0.0,2845730,1
2018-02-20 19:50:40,0.03967869,13193000,0.0,523481,1
2018-02-20 19:51:34,0.3598,13208000,0.0,4752238,1
2018-02-20 19:51:55,0.0758,13188000,0.0,999650,1
2018-02-20 19:51:55,0.0858,13188000,0.0,1131530,1
2018-02-20 19:51:56,0.0207,13188000,0.0,272992,1
2018-02-20 19:52:00,0.0176,13187000,0.0,232091,1
2018-02-20 19:52:21,0.6546,13190000,0.0,8634174,1
2018-02-20 19:53:22,0.3987,13190000,0.0,-5258853,0
2018-02-20 19:53:33,9.076e-05,13180000,0.0,-1196,0
2018-02-20 19:53:36,0.229,13179000,0.0,-3017991,0
2018-02-20 19:54:34,0.05,13189000,0.0,-659450,0
2018-02-20 19:54:34,0.099,13189000,0.0,-1305711,0
2018-02-20 19:55:45,0.1817,13189000,0.0,2396441,1
2018-02-20 19:56:53,0.2495,13192000,0.0,-3291404,0
2018-02-20 19:57:30,0.5932,13199000,0.0,7829647,1
2018-02-20 19:58:38,1.2486,13192000,0.0,-16471531,0
2018-02-20 20:03:28,0.0949,13127000,0.0,1245752,1
2018-02-20 20:03:38,0.0216,13127000,0.0,283543,1
2018-02-20 20:04:35,0.77490784,13130000,0.0,10174540,1
2018-02-20 20:05:04,0.0222,13131000,0.0,291508,1
2018-02-20 20:05:08,0.0319,13130000,0.0,418847,1
2018-02-20 20:05:08,0.2409,13130000,0.0,3163017,1
2018-02-20 20:05:09,0.12319855,13130000,0.0,1617597,1
2018-02-20 20:05:09,0.19040145,13130000,0.0,2499971,1
2018-02-20 20:06:41,0.7954,13149000,0.0,-10458715,0
2018-02-20 20:06:41,0.015,13139000,0.0,-197085,0
2018-02-20 20:09:27,0.1549,13129000,0.0,2033682,1
2018-02-20 20:09:48,0.8445,13110000,0.0,-11071395,0
2018-02-20 20:11:03,0.64570003,13144000,0.0,8487081,1
2018-02-20 20:13:38,0.09573852,13143000,0.0,1258291,1
2018-02-20 20:14:11,0.0088,13144000,0.0,115667,1
2018-02-20 20:14:33,0.0066,13143000,0.0,86744,1
2018-02-20 20:14:40,0.4525,13136000,0.0,-5944040,0
2018-02-20 20:16:08,0.85919051,13160000,0.0,11306947,1
2018-02-20 20:16:08,0.2058,13160000,0.0,2708328,1
2018-02-20 20:16:33,1.3694,13144000,0.0,-17999394,0
2018-02-20 20:21:45,0.0177,13140000,0.0,232578,1
2018-02-20 20:21:46,0.0125,13140000,0.0,164250,1
2018-02-20 20:21:49,0.0063,13140000,0.0,82782,1
2018-02-20 20:23:08,0.00751701,13124000,0.0,98653,1
2018-02-20 20:25:55,0.5313,13116000,0.0,6968531,1
2018-02-20 20:25:55,0.2254,13115000,0.0,2956121,1
2018-02-20 20:25:55,0.6993,13115000,0.0,9171320,1
2018-02-20 20:26:37,0.0612,13122000,0.0,-803066,0
2018-02-20 20:26:41,0.1559,13122000,0.0,-2045720,0
2018-02-20 20:27:58,0.2171,13129000,0.0,2850306,1
2018-02-20 20:28:11,0.0459,13123000,0.0,-602346,0
2018-02-20 20:28:38,0.01697514,13135000,0.0,222968,1
2018-02-20 20:28:38,0.02892486,13135000,0.0,379928,1
2018-02-20 20:28:51,0.033,13123000,0.0,-433059,0
2018-02-20 20:29:07,0.0048,13130000,0.0,-63024,0
2018-02-20 20:29:17,0.35414336,13140000,0.0,-4653444,0
2018-02-20 20:29:17,0.03995664,13140000,0.0,-525030,0
2018-02-20 20:31:11,0.21,13170000,0.0,-2765700,0
2018-02-20 20:31:15,0.2291,13169000,0.0,-3017018,0
2018-02-20 20:31:15,0.127,13169000,0.0,-1672463,0
2018-02-20 20:31:52,0.998,13179000,0.0,13152642,1
2018-02-20 20:36:47,1.47780888,13191000,0.0,-19493777,0
2018-02-20 20:36:47,0.02219112,13191000,0.0,-292723,0
2018-02-20 20:39:24,0.0001,13206000,0.0,1321,1
2018-02-20 20:40:50,0.0856,13191000,0.0,1129150,1
2018-02-20 20:46:27,0.4064,13207000,0.0,5367325,1
2018-02-20 20:50:09,0.0467,13200000,0.0,616440,1
2018-02-20 20:50:30,0.0835,13201000,0.0,1102284,1
2018-02-20 20:50:30,0.1544,13201000,0.0,2038234,1
2018-02-20 20:50:43,0.0818,13197000,0.0,1079515,1
2018-02-20 20:51:18,0.6415,13190000,0.0,8461385,1
2018-02-20 20:52:41,1.5,13169000,0.0,-19753500,0
2018-02-20 21:04:31,0.0181,13216000,0.0,239210,1
2018-02-20 21:07:49,0.3,13235000,0.0,3970500,1
2018-02-20 21:08:31,0.4672,13232000,0.0,6181990,1
2018-02-20 21:09:56,0.2268,13228000,0.0,3000110,1
2018-02-20 21:09:56,0.4183,13228000,0.0,5533272,1
2018-02-20 21:10:30,0.012,13231000,0.0,158772,1
2018-02-20 21:10:39,0.0962,13229000,0.0,-1272630,0
2018-02-20 21:10:40,0.0168,13229000,0.0,-222247,0
2018-02-20 21:11:42,0.1558,13228000,0.0,2060922,1
2018-02-20 21:12:12,0.0176,13230000,0.0,-232848,0
2018-02-20 21:12:24,1.30008261,13226000,0.0,-17194893,0
2018-02-20 21:12:58,0.0344,13236000,0.0,455318,1
2018-02-20 21:16:59,0.0998,13268000,0.0,1324146,1
2018-02-20 21:17:03,0.15973524,13276000,0.0,2120645,1
2018-02-20 21:17:07,0.004,13270000,0.0,53080,1
2018-02-20 21:17:07,0.9901,13268000,0.0,13136647,1
2018-02-20 21:17:08,0.0445,13268000,0.0,590426,1
2018-02-20 21:17:28,0.2404,13260000,0.0,-3187704,0
2018-02-20 21:17:32,0.2404,13270000,0.0,3190108,1
2018-02-20 21:22:44,0.0935,13249000,0.0,-1238782,0
2018-02-20 21:22:53,0.0052,13251000,0.0,-68905,0
2018-02-20 21:23:26,0.0085,13253000,0.0,-112651,0
2018-02-20 21:23:36,0.1072,13259000,0.0,1421365,1
2018-02-20 21:23:56,0.03001604,13261000,0.0,-398043,0
2018-02-20 21:23:56,0.0861,13261000,0.0,-1141772,0
2018-02-20 21:23:56,0.03568396,13261000,0.0,-473205,0
2018-02-20 21:23:59,0.20952955,13263000,0.0,-2778990,0
2018-02-20 21:23:59,0.05887045,13263000,0.0,-780799,0
2018-02-20 21:23:59,0.0136,13263000,0.0,-180377,0
2018-02-20 21:24:07,1.0662,13271000,0.0,-14149540,0
2018-02-20 21:26:33,0.04543923,13270000,0.0,602979,1
2018-02-20 21:26:38,0.005,13265000,0.0,66325,1
2018-02-20 21:30:21,0.7821,13274000,0.0,10381595,1
2018-02-20 21:31:32,0.0085,13268000,0.0,112778,1
2018-02-20 21:33:20,0.2649,13248000,0.0,3509395,1
2018-02-20 21:34:43,0.699,13239000,0.0,-9254061,0
2018-02-20 21:36:09,1.093,13227000,0.0,14457111,1
2018-02-20 21:39:13,0.02,13246000,0.0,-264920,0
2018-02-20 21:39:23,0.5885332,13250000,0.0,-7798065,0
2018-02-20 21:40:33,0.8914,13270000,0.0,-11828878,0
2018-02-20 21:42:01,0.0669,13270000,0.0,887763,1
2018-02-20 21:42:01,0.0167,13270000,0.0,221609,1
2018-02-20 21:42:01,0.02,13270000,0.0,265400,1
2018-02-20 21:42:01,0.2735,13270000,0.0,3629345,1
2018-02-20 21:42:01,0.1615,13270000,0.0,2143105,1
2018-02-20 21:42:21,0.9614,13260000,0.0,12748164,1
2018-02-20 21:43:50,1.0326,13249000,0.0,-13680917,0
2018-02-20 21:44:41,1.0326,13250000,0.0,13681950,1
2018-02-20 21:47:32,0.29891895,13259000,0.0,-3963366,0
2018-02-20 21:47:32,8.105e-05,13259000,0.0,-1075,0
2018-02-20 21:48:59,0.1183,13249000,0.0,1567357,1
2018-02-20 21:48:59,0.0075,13249000,0.0,99368,1
2018-02-20 21:49:04,0.1732,13246000,0.0,2294207,1
2018-02-20 21:49:40,0.0605,13239000,0.0,-800960,0
2018-02-20 21:50:01,0.1699,13239000,0.0,-2249306,0
2018-02-20 21:50:16,0.1169,13239000,0.0,-1547639,0
2018-02-20 21:50:25,1.1527,13245000,0.0,-15267512,0
2018-02-20 21:52:11,0.0153,13252000,0.0,202756,1
2018-02-20 21:52:11,0.542,13252000,0.0,7182584,1
2018-02-20 21:53:59,0.11216639,13252000,0.0,1486429,1
2018-02-20 21:55:49,0.0791,13245000,0.0,1047680,1
2018-02-20 21:55:58,0.3773,13252000,0.0,4999980,1
2018-02-20 21:56:15,1.1259,13238000,0.0,-14904664,0
2018-02-20 21:57:47,0.0071,13239000,0.0,93997,1
2018-02-20 21:59:43,0.0945,13220000,0.0,1249290,1
2018-02-20 21:59:43,0.4088,13220000,0.0,5404336,1
2018-02-20 21:59:43,0.1,13220000,0.0,1322000,1
2018-02-20 21:59:49,0.2,13220000,0.0,2644000,1
2018-02-20 22:01:13,0.8104,13228000,0.0,-10719971,0
2018-02-20 22:02:34,0.1,13240000,0.0,1324000,1
2018-02-20 22:02:55,0.11868007,13247000,0.0,1572155,1
2018-02-20 22:03:29,0.3,13242000,0.0,3972600,1
2018-02-20 22:04:13,0.0788,13239000,0.0,1043233,1
2018-02-20 22:04:13,0.0692,13239000,0.0,916139,1
2018-02-20 22:04:17,0.7554,13238000,0.0,9999985,1
2018-02-20 22:04:24,0.3443,13225000,0.0,-4553368,0
2018-02-20 22:04:36,1.0777,13223000,0.0,-14250427,0
2018-02-20 22:10:59,0.36107802,13264000,0.0,4789339,1
2018-02-20 22:11:03,0.0058,13258000,0.0,76896,1
2018-02-20 22:11:06,0.6193,13256000,0.0,8209441,1
2018-02-20 22:11:07,0.5137,13256000,0.0,6809607,1
2018-02-20 22:11:39,0.0165,13261000,0.0,-218807,0
2018-02-20 22:13:58,0.0101,13266000,0.0,133987,1
2018-02-20 22:14:47,0.0064,13260000,0.0,84864,1
2018-02-20 22:16:13,1.1318,13251000,0.0,-14997482,0
2018-02-20 22:19:03,0.48411592,13257000,0.0,6417925,1
2018-02-20 22:19:44,0.0509,13250000,0.0,-674425,0
2018-02-20 22:19:53,0.2667,13259000,0.0,3536175,1
2018-02-20 22:19:54,0.0148,13259000,0.0,196233,1
2018-02-20 22:20:25,0.0793,13267000,0.0,1052073,1
2018-02-20 22:20:50,0.286,13276000,0.0,-3796936,0
2018-02-20 22:20:50,0.01,13276000,0.0,-132760,0
2018-02-20 22:21:06,0.75568737,13289000,0.0,-10042329,0
2018-02-20 22:21:06,0.11051263,13289000,0.0,-1468602,0
2018-02-20 22:21:46,0.0643,13298000,0.0,855061,1
2018-02-20 22:21:56,0.0534,13290000,0.0,709686,1
2018-02-20 22:22:04,0.1505,13297000,0.0,2001199,1
2018-02-20 22:22:09,0.6771,13304000,0.0,9008138,1
2018-02-20 22:22:10,0.5547,13300000,0.0,7377510,1
2018-02-20 22:23:35,0.1198,13310000,0.0,-1594538,0
2018-02-20 22:23:52,0.9962,13312000,0.0,-13261414,0
2018-02-20 22:29:34,0.0657,13319000,0.0,875058,1
2018-02-20 22:29:43,0.1492,13319000,0.0,1987195,1
2018-02-20 22:30:41,0.09773851,13316000,0.0,1301486,1
2018-02-20 22:30:41,0.80336149,13316000,0.0,10697562,1
2018-02-20 22:31:16,0.0681,13307000,0.0,-906207,0
2018-02-20 22:31:47,0.0065,13308000,0.0,-86502,0
2018-02-20 22:32:41,0.5406,13303000,0.0,-7191602,0
2018-02-20 22:32:45,0.8848,13304000,0.0,-11771379,0
2018-02-20 22:34:47,0.0147,13284000,0.0,195275,1
2018-02-20 22:35:03,0.4445,13285000,0.0,5905183,1
2018-02-20 22:43:10,1.0408,13318000,0.0,13861374,1
2018-02-20 22:43:46,1.5,13310000,0.0,-19965000,0
2018-02-20 22:48:53,0.01941355,13369000,0.0,259540,1
2018-02-20 22:48:54,1.0,13369000,0.0,13369000,1
2018-02-20 22:49:25,0.4806,13375000,0.0,6428025,1
2018-02-20 22:49:41,0.003,13377000,0.0,-40131,0
2018-02-20 22:49:45,0.6872,13371000,0.0,-9188551,0
2018-02-20 22:50:43,0.0662,13372000,0.0,-885226,0
2018-02-20 22:52:26,0.45254101,13408000,0.0,6067670,1
2018-02-20 22:52:33,0.3039,13408000,0.0,4074691,1
2018-02-20 22:52:56,0.0507,13406000,0.0,-679684,0
2018-02-20 22:53:10,0.0507,13400000,0.0,679380,1
2018-02-20 22:54:26,0.026,13404000,0.0,-348504,0
2018-02-20 22:54:33,0.0026,13403000,0.0,-34848,0
2018-02-20 22:54:53,0.0499,13411000,0.0,-669209,0
2018-02-20 22:54:53,0.01,13411000,0.0,-134110,0
2018-02-20 22:55:22,0.0527,13415000,0.0,706971,1
2018-02-20 22:55:22,0.0358,13415000,0.0,480257,1
2018-02-20 22:56:20,0.2705,13381000,0.0,-3619561,0
2018-02-20 22:56:41,0.0224,13385000,0.0,299824,1
2018-02-20 22:56:45,0.2481,13380000,0.0,3319578,1
2018-02-20 22:58:46,0.71717051,13355000,0.0,-9577812,0
2018-02-20 22:58:52,0.0572,13360000,0.0,-764192,0
2018-02-20 23:03:10,0.0126,13359000,0.0,168323,1
2018-02-20 23:03:10,0.7423,13359000,0.0,9916386,1
2018-02-20 23:03:10,0.0194,13359000,0.0,259165,1
2018-02-20 23:03:23,1.5,13361000,0.0,-20041500,0
2018-02-20 23:05:13,0.0018,13395000,0.0,24111,1
2018-02-20 23:05:24,0.87407729,13393000,0.0,11706517,1
2018-02-20 23:05:32,0.6242,13396000,0.0,8361783,1
2018-02-20 23:07:59,0.022,13371000,0.0,-294162,0
2018-02-20 23:08:41,0.022,13369000,0.0,294118,1
2018-02-20 23:08:58,0.1923,13357000,0.0,-2568551,0
2018-02-20 23:09:14,0.00017952,13368000,0.0,-2400,0
2018-02-20 23:09:14,0.13782048,13368000,0.0,-1842384,0
2018-02-20 23:09:19,0.62481049,13370000,0.0,-8353716,0
2018-02-20 23:09:20,0.52248951,13370000,0.0,-6985685,0
2018-02-20 23:09:20,0.004,13370000,0.0,-53480,0
2018-02-20 23:13:12,0.01925002,13367000,0.0,257315,1
2018-02-20 23:19:01,0.0005,13358000,0.0,6679,1
2018-02-20 23:19:01,0.15,13358000,0.0,2003700,1
2018-02-20 23:24:44,0.0589,13321000,0.0,784607,1
2018-02-20 23:24:44,0.1,13321000,0.0,1332100,1
2018-02-20 23:25:28,0.0829,13311000,0.0,1103482,1
2018-02-20 23:25:28,0.0011,13311000,0.0,14642,1
2018-02-20 23:26:00,0.09884158,13301000,0.0,1314692,1
2018-02-20 23:34:30,0.2886,13377000,0.0,3860602,1
2018-02-20 23:34:31,0.1756,13377000,0.0,2349001,1
2018-02-20 23:34:31,0.5059,13377000,0.0,6767424,1
2018-02-20 23:35:34,0.01,13372000,0.0,-133720,0
2018-02-20 23:36:35,0.2414,13380000,0.0,-3229932,0
2018-02-20 23:36:35,0.1906,13380000,0.0,-2550228,0
2018-02-20 23:36:38,0.1496,13380000,0.0,-2001648,0
2018-02-20 23:37:00,0.616,13369000,0.0,-8235304,0
2018-02-20 23:37:08,0.0074,13379000,0.0,99005,1
2018-02-20 23:47:24,0.09424488,13385000,0.0,1261468,1
2018-02-20 23:47:24,1.10595512,13385000,0.0,14803209,1
2018-02-20 23:49:00,0.0499,13370000,0.0,-667163,0
2018-02-20 23:49:13,0.0796,13369000,0.0,-1064172,0
2018-02-20 23:50:16,0.0766,13357000,0.0,-1023146,0
2018-02-20 23:51:58,0.15198129,13366000,0.0,2031382,1
2018-02-20 23:51:58,0.027,13366000,0.0,360882,1
2018-02-20 23:52:06,0.0271,13366000,0.0,362219,1
2018-02-20 23:52:18,0.0189,13360000,0.0,-252504,0
2018-02-20 23:52:29,0.0881138,13357000,0.0,-1176936,0
2018-02-20 23:52:29,0.0783862,13357000,0.0,-1047004,0
2018-02-20 23:54:28,0.1854,13363000,0.0,2477500,1
2018-02-21 00:01:08,0.4665,13361000,0.0,-6232907,0
2018-02-21 00:01:12,0.4521,13361000,0.0,-6040508,0
2018-02-21 00:01:40,0.9186,13350000,0.0,12263310,1
2018-02-21 00:02:03,0.07352618,13330000,0.0,-980104,0
2018-02-21 00:02:04,0.01247382,13330000,0.0,-166276,0
2018-02-21 00:02:25,0.4605,13322000,0.0,-6134781,0
2018-02-21 00:02:28,0.9535,13322000,0.0,-12702527,0
2018-02-21 00:04:23,1.4925,13322000,0.0,19883085,1
2018-02-21 00:04:23,0.0075,13322000,0.0,99915,1
2018-02-21 00:06:26,0.674,13309000,0.0,-8970266,0
2018-02-21 00:06:33,0.3005,13305000,0.0,-3998153,0
2018-02-21 00:06:49,0.1022,13297000,0.0,1358953,1
2018-02-21 00:14:24,0.5615,13270000,0.0,7451105,1
2018-02-21 00:14:24,0.0247,13270000,0.0,327769,1
2018-02-21 00:14:24,0.0035,13270000,0.0,46445,1
2018-02-21 00:14:27,0.0218,13269000,0.0,289264,1
2018-02-21 00:14:31,0.2608,13271000,0.0,3461077,1
2018-02-21 00:16:34,1.5,13242000,0.0,-19863000,0
2018-02-21 00:18:45,0.0991,13260000,0.0,1314066,1
2018-02-21 00:21:05,0.0075,13290000,0.0,99675,1
2018-02-21 00:21:05,0.50856997,13290000,0.0,6758895,1
2018-02-21 00:25:23,0.2209,13306000,0.0,2939295,1
2018-02-21 00:26:44,0.0187,13310000,0.0,248897,1
2018-02-21 00:26:54,0.0061,13311000,0.0,81197,1
2018-02-21 00:28:56,0.0039,13306000,0.0,-51893,0
2018-02-21 00:28:59,0.3121,13307000,0.0,-4153115,0
2018-02-21 00:31:14,0.1663,13304000,0.0,2212455,1
2018-02-21 00:46:23,0.0068,13286000,0.0,90345,1
2018-02-21 00:46:42,0.7147,13280000,0.0,9491216,1
2018-02-21 00:46:42,0.0657,13280000,0.0,872496,1
2018-02-21 00:46:42,0.0016,13280000,0.0,21248,1
2018-02-21 00:47:26,0.095,13278000,0.0,-1261410,0
2018-02-21 00:47:44,0.03761039,13281000,0.0,-499504,0
2018-02-21 00:47:44,8.961e-05,13281000,0.0,-1190,0
2018-02-21 00:48:05,0.1,13284000,0.0,1328400,1
2018-02-21 00:50:06,0.799,13282000,0.0,-10612318,0
2018-02-21 00:50:44,0.8317,13261000,0.0,11029174,1
2018-02-21 00:51:29,0.0111,13271000,0.0,-147308,0
2018-02-21 00:52:12,0.9674,13261000,0.0,-12828691,0
2018-02-21 00:57:27,0.1863,13346000,0.0,2486360,1
2018-02-21 00:57:27,0.1216,13346000,0.0,1622874,1
2018-02-21 00:57:51,0.00303748,13351000,0.0,-40553,0
2018-02-21 00:57:51,0.82636252,13351000,0.0,-11032766,0
2018-02-21 00:58:15,0.1097,13351000,0.0,1464605,1
2018-02-21 00:58:15,0.4448,13351000,0.0,5938525,1
2018-02-21 00:58:19,0.9455,13350000,0.0,12622425,1
2018-02-21 01:09:01,0.0001,13385000,0.0,-1339,0
2018-02-21 01:09:54,1.4999,13395000,0.0,-20091161,0
2018-02-21 01:09:58,1.5,13395000,0.0,20092500,1
2018-02-21 01:11:34,0.0032,13369000,0.0,-42781,0
2018-02-21 01:11:51,0.3727,13382000,0.0,-4987471,0
2018-02-21 01:11:52,0.0075,13382000,0.0,-100365,0
2018-02-21 01:11:52,0.099,13382000,0.0,-1324818,0
2018-02-21 01:11:52,0.1655,13382000,0.0,-2214721,0
2018-02-21 01:11:55,0.8521,13375000,0.0,-11396838,0
2018-02-21 01:13:07,1.5,13393000,0.0,20089500,1
2018-02-21 01:13:56,0.01481718,13400000,0.0,-198550,0
2018-02-21 01:13:56,0.4021,13400000,0.0,-5388140,0
2018-02-21 01:13:56,0.001,13400000,0.0,-13400,0
2018-02-21 01:13:56,0.0137,13400000,0.0,-183580,0
2018-02-21 01:13:56,0.0078,13400000,0.0,-104520,0
2018-02-21 01:13:56,1.0174,13400000,0.0,-13633160,0
2018-02-21 01:13:56,0.008,13400000,0.0,-107200,0
2018-02-21 01:13:56,0.02518282,13400000,0.0,-337450,0
2018-02-21 01:13:56,0.01,13400000,0.0,-134000,0
2018-02-21 01:20:02,1.5,13463000,0.0,20194500,1
2018-02-21 01:21:08,0.6584,13440000,0.0,-8848896,0
2018-02-21 01:21:12,0.1385,13451000,0.0,1862964,1
2018-02-21 01:21:18,0.1791,13450000,0.0,2408895,1
2018-02-21 01:21:19,0.3408,13450000,0.0,4583760,1
2018-02-21 01:23:24,0.18700023,13430000,0.0,-2511413,0
2018-02-21 01:23:24,0.3332,13430000,0.0,-4474876,0
2018-02-21 01:23:24,0.1394,13430000,0.0,-1872142,0
2018-02-21 01:23:28,0.0775,13439000,0.0,-1041523,0
2018-02-21 01:24:24,0.7371,13455000,0.0,9917681,1
2018-02-21 01:24:51,0.3792,13433000,0.0,-5093794,0
2018-02-21 01:24:55,0.3792,13440000,0.0,5096448,1
2018-02-21 01:25:34,0.0151,13436000,0.0,-202884,0
2018-02-21 01:27:32,0.0101,13449000,0.0,-135835,0
2018-02-21 01:27:36,0.4414,13450000,0.0,-5936830,0
2018-02-21 01:27:36,1.0216,13450000,0.0,-13740520,0
2018-02-21 01:27:36,0.0118,13450000,0.0,-158710,0
2018-02-21 01:27:52,0.06507841,13458000,0.0,875825,1
2018-02-21 01:31:43,0.44308893,13460000,0.0,5963977,1
2018-02-21 01:31:43,0.0226,13460000,0.0,304196,1
2018-02-21 01:31:43,0.96921107,13460000,0.0,13045581,1
2018-02-21 01:34:45,0.2677,13470000,0.0,-3605919,0
2018-02-21 01:34:52,0.21551244,13478000,0.0,2904677,1
2018-02-21 01:34:56,0.0522,13478000,0.0,703552,1
2018-02-21 01:35:44,1.2189,13456000,0.0,-16401518,0
2018-02-21 01:38:59,0.1198,13474000,0.0,1614185,1
2018-02-21 01:39:31,0.9,13477000,0.0,12129300,1
2018-02-21 01:39:52,0.0053,13477000,0.0,71428,1
2018-02-21 01:39:57,0.1938,13472000,0.0,2610874,1
2018-02-21 01:40:34,0.0888,13452000,0.0,-1194538,0
2018-02-21 01:40:50,1.4112,13461000,0.0,-18996163,0
2018-02-21 01:42:38,0.0133,13448000,0.0,178858,1
2018-02-21 01:42:38,0.0914,13448000,0.0,1229147,1
2018-02-21 01:42:46,0.4924,13446000,0.0,6620810,1
2018-02-21 01:42:50,0.05473481,13448000,0.0,736074,1
2018-02-21 01:42:50,0.01784652,13448000,0.0,240000,1
2018-02-21 01:42:50,0.0482,13448000,0.0,648194,1
2018-02-21 01:45:03,0.0376,13458000,0.0,506021,1
2018-02-21 01:45:55,0.1338,13455000,0.0,1800279,1
2018-02-21 01:45:56,0.6107,13455000,0.0,8216969,1
2018-02-21 01:50:48,0.0935,13459000,0.0,-1258417,0
2018-02-21 01:50:52,0.4206,13460000,0.0,-5661276,0
2018-02-21 01:50:52,0.00322115,13460000,0.0,-43357,0
2018-02-21 01:50:52,0.05467885,13460000,0.0,-735977,0
2018-02-21 01:51:21,0.1968,13468000,0.0,-2650502,0
2018-02-21 01:54:37,0.7688,13468000,0.0,10354198,1
2018-02-21 01:55:16,1.5,13473000,0.0,-20209500,0
2018-02-21 01:57:43,1.5,13470000,0.0,20205000,1
2018-02-21 01:58:47,0.0099,13474000,0.0,-133393,0
2018-02-21 02:00:38,0.2264861,13482000,0.0,-3053486,0
2018-02-21 02:00:38,0.005,13482000,0.0,-67410,0
2018-02-21 02:00:38,0.1997139,13482000,0.0,-2692543,0
2018-02-21 02:00:42,0.783,13480000,0.0,-10554840,0
2018-02-21 02:08:50,0.7821,13549000,0.0,10596673,1
2018-02-21 02:08:53,0.442,13549000,0.0,5988658,1
2018-02-21 02:12:32,0.7198,13533000,0.0,-9741053,0
2018-02-21 02:12:37,0.3139,13549000,0.0,4253031,1
2018-02-21 02:12:46,0.1035,13532000,0.0,-1400562,0
2018-02-21 02:13:26,0.32060057,13550000,0.0,-4344138,0
2018-02-21 02:13:26,0.37319943,13550000,0.0,-5056852,0
2018-02-21 02:13:59,0.5,13554000,0.0,6777000,1
2018-02-21 02:14:04,0.7032,13554000,0.0,9531173,1
2018-02-21 02:15:10,0.0375,13580000,0.0,-509250,0
2018-02-21 02:15:20,0.03,13580000,0.0,-407400,0
2018-02-21 02:15:23,0.03,13580000,0.0,-407400,0
2018-02-21 02:15:42,0.3484,13608000,0.0,-4741027,0
2018-02-21 02:15:48,0.0521,13607000,0.0,-708925,0
2018-02-21 02:16:06,0.353,13609000,0.0,4803977,1
2018-02-21 02:16:06,0.145,13609000,0.0,1973305,1
2018-02-21 02:17:24,0.0018,13632000,0.0,-24538,0
2018-02-21 02:17:45,1.4982,13649000,0.0,-20448932,0
2018-02-21 02:20:21,0.2942,13646000,0.0,4014653,1
2018-02-21 02:20:37,0.0739,13635000,0.0,1007627,1
2018-02-21 02:20:43,0.0224,13632000,0.0,305357,1
2018-02-21 02:20:52,0.213,13629000,0.0,2902977,1
2018-02-21 02:21:12,0.02,13614000,0.0,272280,1
2018-02-21 02:21:13,0.1401,13614000,0.0,1907321,1
2018-02-21 02:21:31,0.0199,13611000,0.0,270859,1
2018-02-21 02:21:34,0.7165,13610000,0.0,9751565,1
2018-02-21 02:22:31,0.0426,13617000,0.0,-580084,0
2018-02-21 02:22:35,1.4574,13620000,0.0,-19849788,0
2018-02-21 02:23:15,1.5,13582000,0.0,20373000,1
2018-02-21 02:23:51,0.099,13570000,0.0,-1343430,0
2018-02-21 02:24:10,0.0736,13566000,0.0,-998458,0
2018-02-21 02:24:15,0.6938,13578000,0.0,-9420416,0
2018-02-21 02:26:53,0.069,13639000,0.0,941091,1
2018-02-21 02:28:16,0.1037092,13639000,0.0,1414490,1
2018-02-21 02:28:20,0.6937,13641000,0.0,9462762,1
2018-02-21 02:28:32,0.2034,13631000,0.0,-2772545,0
2018-02-21 02:28:56,0.2034,13665000,0.0,2779461,1
2018-02-21 02:29:37,1.5,13670000,0.0,-20505000,0
2018-02-21 02:31:35,0.0108,13686000,0.0,147809,1
2018-02-21 02:31:35,0.0033,13687000,0.0,45167,1
2018-02-21 02:31:49,0.23835497,13686000,0.0,3262126,1
2018-02-21 02:33:35,0.1232,13680000,0.0,1685376,1
2018-02-21 02:33:39,1.1244,13677000,0.0,15378419,1
2018-02-21 02:37:22,0.099,13696000,0.0,-1355904,0
2018-02-21 02:37:28,0.001,13711000,0.0,-13711,0
2018-02-21 02:37:39,0.1,13715000,0.0,1371500,1
2018-02-21 02:38:53,0.1167,13721000,0.0,-1601241,0
2018-02-21 02:39:04,0.1167,13729000,0.0,1602174,1
2018-02-21 02:39:38,0.0213,13751000,0.0,-292896,0
2018-02-21 02:39:39,0.202,13751000,0.0,-2777702,0
2018-02-21 02:39:42,0.2012,13758000,0.0,-2768110,0
2018-02-21 02:39:47,0.0391,13763000,0.0,-538133,0
2018-02-21 02:39:47,0.0399,13763000,0.0,-549144,0
2018-02-21 02:40:08,0.3394,13765000,0.0,-4671841,0
2018-02-21 02:40:22,0.0114,13782000,0.0,157115,1
2018-02-21 02:40:23,0.8315,13782000,0.0,11459733,1
2018-02-21 02:43:24,0.05093512,13757000,0.0,-700714,0
2018-02-21 02:43:24,0.14736488,13757000,0.0,-2027299,0
2018-02-21 02:43:34,0.09307836,13770000,0.0,1281689,1
2018-02-21 02:43:48,0.299,13764000,0.0,-4115436,0
2018-02-21 02:43:53,0.007,13772000,0.0,-96404,0
2018-02-21 02:44:23,0.0961,13775000,0.0,-1323778,0
2018-02-21 02:45:02,0.2,13772000,0.0,2754400,1
2018-02-21 02:46:28,0.099,13759000,0.0,-1362141,0
2018-02-21 02:46:28,0.5438,13760000,0.0,-7482688,0
2018-02-21 02:47:22,0.05,13735000,0.0,686750,1
2018-02-21 02:48:47,0.5773,13734000,0.0,7928638,1
2018-02-21 02:49:08,0.0089,13728000,0.0,-122179,0
2018-02-21 02:49:30,0.0438,13720000,0.0,600936,1
2018-02-21 02:49:41,0.04,13715000,0.0,548600,1
2018-02-21 02:49:41,0.0013,13715000,0.0,17830,1
2018-02-21 02:49:52,0.2466,13700000,0.0,3378420,1
2018-02-21 02:50:19,1.5,13682000,0.0,-20523000,0
2018-02-21 02:50:33,0.1,13713000,0.0,1371300,1
2018-02-21 02:50:33,0.626,13713000,0.0,8584338,1
2018-02-21 02:51:29,0.0892,13722000,0.0,1224002,1
2018-02-21 02:51:33,0.6848,13715000,0.0,9392032,1
2018-02-21 02:52:13,0.199,13724000,0.0,-2731076,0
2018-02-21 02:52:19,0.0332,13716000,0.0,-455371,0
2018-02-21 02:52:30,0.0382,13720000,0.0,-524104,0
2018-02-21 02:52:35,0.8789,13716000,0.0,-12054992,0
2018-02-21 02:52:35,0.0132,13716000,0.0,-181051,0
2018-02-21 02:52:35,0.3375,13716000,0.0,-4629150,0
2018-02-21 02:52:59,0.0449,13706000,0.0,615399,1
2018-02-21 02:53:47,0.3,13694000,0.0,4108200,1
2018-02-21 02:54:33,0.1401,13673000,0.0,1915587,1
2018-02-21 02:54:33,0.1401,13673000,0.0,1915587,1
2018-02-21 02:54:54,0.8749,13685000,0.0,11973007,1
2018-02-21 02:56:22,1.4099,13679000,0.0,-19286022,0
2018-02-21 02:57:00,0.4132,13677000,0.0,5651336,1
2018-02-21 02:58:36,0.4914,13729000,0.0,6746431,1
2018-02-21 02:58:57,0.5053,13734000,0.0,6939790,1
2018-02-21 03:02:20,0.2449,13743000,0.0,-3365661,0
2018-02-21 03:02:41,1.2551,13760000,0.0,-17270176,0
2018-02-21 03:03:31,0.6158,13776000,0.0,8483261,1
2018-02-21 03:04:05,0.076,13779000,0.0,1047204,1
2018-02-21 03:04:06,0.2609,13779000,0.0,3594941,1
2018-02-21 03:05:17,0.0217,13774000,0.0,298896,1
2018-02-21 03:05:24,0.0728,13777000,0.0,1002966,1
2018-02-21 03:05:44,0.4528,13793000,0.0,6245470,1
2018-02-21 03:06:37,0.001,13806000,0.0,-13806,0
2018-02-21 03:06:37,0.0144,13806000,0.0,-198806,0
2018-02-21 03:06:46,0.2441,13812000,0.0,-3371509,0
2018-02-21 03:06:46,0.399,13812000,0.0,-5510988,0
2018-02-21 03:06:49,0.2042,13813000,0.0,-2820615,0
2018-02-21 03:06:50,0.3941,13813000,0.0,-5443703,0
2018-02-21 03:07:20,0.6642,13818000,0.0,9177916,1
2018-02-21 03:07:20,0.001,13818000,0.0,13818,1
2018-02-21 03:07:33,0.0067,13809000,0.0,92520,1
2018-02-21 03:08:00,0.6238,13787000,0.0,-8600331,0
2018-02-21 03:09:42,0.6,13790000,0.0,8274000,1
2018-02-21 03:10:36,0.02550021,13801000,0.0,-351928,0
2018-02-21 03:10:36,0.3,13801000,0.0,-4140300,0
2018-02-21 03:10:36,0.38909979,13801000,0.0,-5369966,0
2018-02-21 03:10:52,0.0478,13804000,0.0,659831,1
2018-02-21 03:11:58,0.0038,13812000,0.0,52486,1
2018-02-21 03:12:50,0.0602,13817000,0.0,831783,1
2018-02-21 03:13:11,0.13,13817000,0.0,1796210,1
2018-02-21 03:13:42,0.0736,13798000,0.0,1015533,1
2018-02-21 03:13:57,0.6995,13790000,0.0,9646105,1
2018-02-21 03:14:11,0.0236,13782000,0.0,-325255,0
2018-02-21 03:14:14,0.7811,13783000,0.0,-10765901,0
2018-02-21 03:14:42,0.0624,13765000,0.0,858936,1
2018-02-21 03:16:35,1.0507,13789000,0.0,14488102,1
2018-02-21 03:19:29,0.2978,13771000,0.0,-4101004,0
2018-02-21 03:19:48,0.0161,13755000,0.0,-221456,0
2018-02-21 03:20:10,0.2578,13755000,0.0,-3546039,0
2018-02-21 03:20:14,1.695e-05,13756000,0.0,-233,0
2018-02-21 03:20:31,0.6131,13765000,0.0,-8439322,0
2018-02-21 03:20:53,0.018,13755000,0.0,247590,1
2018-02-21 03:21:29,0.0189,13736000,0.0,259610,1
2018-02-21 03:21:34,0.5773,13731000,0.0,7926906,1
2018-02-21 03:21:35,0.0543,13731000,0.0,745593,1
2018-02-21 03:22:08,0.5163,13700000,0.0,7073310,1
2018-02-21 03:22:52,0.0516,13665000,0.0,-705114,0
2018-02-21 03:23:16,0.0516,13689000,0.0,706352,1
2018-02-21 03:25:44,5.844e-05,13690000,0.0,-800,0
2018-02-21 03:25:51,1.4999,13697000,0.0,-20544130,0
2018-02-21 03:27:17,0.146,13701000,0.0,2000346,1
2018-02-21 03:27:17,0.051,13701000,0.0,698751,1
2018-02-21 03:27:33,0.7944,13700000,0.0,10883280,1
2018-02-21 03:27:33,0.5086,13700000,0.0,6967820,1
2018-02-21 03:28:04,0.0477,13684000,0.0,-652727,0
2018-02-21 03:28:08,0.1349,13684000,0.0,-1845972,0
2018-02-21 03:28:12,0.0111,13686000,0.0,-151915,0
2018-02-21 03:28:28,0.0431,13686000,0.0,-589867,0
2018-02-21 03:28:31,0.0035,13695000,0.0,-47933,0
2018-02-21 03:28:36,0.199,13699000,0.0,-2726101,0
2018-02-21 03:29:09,0.3128,13700000,0.0,-4285360,0
2018-02-21 03:29:10,0.7479,13700000,0.0,-10246230,0
2018-02-21 03:31:34,0.0258,13710000,0.0,353718,1
2018-02-21 03:35:46,0.0292,13726000,0.0,400799,1
2018-02-21 03:38:19,0.0785,13728000,0.0,1077648,1
2018-02-21 03:39:57,0.4533,13740000,0.0,6228342,1
2018-02-21 03:40:51,0.0206,13733000,0.0,282900,1
2018-02-21 03:40:55,0.8926,13730000,0.0,12255398,1
2018-02-21 03:43:55,0.2347,13726000,0.0,-3221492,0
2018-02-21 03:45:08,0.2347,13756000,0.0,3228533,1
2018-02-21 03:46:08,0.0133,13727000,0.0,-182569,0
2018-02-21 03:46:23,0.1321,13727000,0.0,-1813337,0
2018-02-21 03:46:38,0.1454,13746000,0.0,1998668,1
2018-02-21 03:51:46,0.4361,13735000,0.0,-5989834,0
2018-02-21 03:52:57,1.0639,13732000,0.0,-14609475,0
2018-02-21 03:54:18,0.6027,13738000,0.0,8279893,1
2018-02-21 04:04:22,0.6131,13724000,0.0,8414184,1
2018-02-21 04:04:42,0.3834,13712000,0.0,-5257181,0
2018-02-21 04:04:43,0.8151,13712000,0.0,-11176651,0
2018-02-21 04:06:50,0.4598,13680000,0.0,6290064,1
2018-02-21 04:06:58,0.002,13673000,0.0,27346,1
2018-02-21 04:08:05,1.0209,13668000,0.0,13953661,1
2018-02-21 04:08:48,0.0874,13637000,0.0,-1191874,0
2018-02-21 04:08:57,0.1346,13641000,0.0,-1836079,0
2018-02-21 04:10:23,0.3952,13636000,0.0,-5388947,0
2018-02-21 04:10:34,0.6238,13640000,0.0,-8508632,0
2018-02-21 04:14:29,0.3504,13669000,0.0,4789618,1
2018-02-21 04:15:12,0.1401,13665000,0.0,1914467,1
2018-02-21 04:15:12,0.1342,13662000,0.0,1833440,1
2018-02-21 04:15:19,0.1401,13664000,0.0,1914326,1
2018-02-21 04:15:45,0.0366,13666000,0.0,500176,1
2018-02-21 04:16:45,0.2446,13662000,0.0,3341725,1
2018-02-21 04:17:14,0.195,13663000,0.0,2664285,1
2018-02-21 04:17:44,0.0488,13644000,0.0,-665827,0
2018-02-21 04:18:33,0.0413,13644000,0.0,-563497,0
2018-02-21 04:18:37,0.0889,13640000,0.0,-1212596,0
2018-02-21 04:19:36,0.1455,13626000,0.0,-1982583,0
2018-02-21 04:19:53,1.1755,13628000,0.0,-16019714,0
2018-02-21 04:21:19,0.014,13587000,0.0,190218,1
2018-02-21 04:21:19,0.002,13587000,0.0,27174,1
2018-02-21 04:21:19,0.6184,13587000,0.0,8402201,1
2018-02-21 04:21:19,0.011,13587000,0.0,149457,1
2018-02-21 04:22:48,0.0802,13588000,0.0,1089758,1
2018-02-21 04:27:19,0.0536,13591000,0.0,728478,1
2018-02-21 04:27:19,0.7208,13591000,0.0,9796393,1
2018-02-21 04:28:15,0.0071,13566000,0.0,-96319,0
2018-02-21 04:28:59,0.0071,13584000,0.0,96446,1
2018-02-21 04:29:28,0.3923,13568000,0.0,-5322726,0
2018-02-21 04:29:51,0.642,13567000,0.0,-8710014,0
2018-02-21 04:32:50,0.7608,13627000,0.0,10367422,1
2018-02-21 04:32:55,0.0527,13626000,0.0,718090,1
2018-02-21 04:33:30,0.0592,13620000,0.0,-806304,0
2018-02-21 04:33:34,0.101,13621000,0.0,-1375721,0
2018-02-21 04:33:52,0.0081535,13629000,0.0,-111124,0
2018-02-21 04:33:52,0.012,13629000,0.0,-163548,0
2018-02-21 04:33:52,0.009,13629000,0.0,-122661,0
2018-02-21 04:33:52,0.005,13629000,0.0,-68145,0
2018-02-21 04:33:52,0.02,13629000,0.0,-272580,0
2018-02-21 04:33:52,0.0019465,13629000,0.0,-26529,0
2018-02-21 04:33:52,0.01,13629000,0.0,-136290,0
2018-02-21 04:34:21,0.164,13621000,0.0,-2233844,0
2018-02-21 04:34:25,0.299,13620000,0.0,-4072380,0
2018-02-21 04:34:29,0.0001,13629000,0.0,1363,1
2018-02-21 04:34:41,0.0302,13629000,0.0,411596,1
2018-02-21 04:35:10,0.091,13637000,0.0,1240967,1
2018-02-21 04:36:10,0.0717,13635000,0.0,977630,1
2018-02-21 04:36:17,0.1663,13639000,0.0,2268166,1
2018-02-21 04:36:22,0.2841,13639000,0.0,3874840,1
2018-02-21 04:36:29,0.1618,13639000,0.0,2206790,1
2018-02-21 04:37:19,0.1049,13637000,0.0,1430521,1
2018-02-21 04:40:30,1.1164,13647000,0.0,-15235511,0
2018-02-21 04:40:30,0.3836,13646000,0.0,-5234606,0
2018-02-21 04:42:54,0.70632435,13641000,0.0,9634970,1
2018-02-21 04:45:22,5.141e-05,13647000,0.0,702,1
2018-02-21 04:45:40,0.0257,13640000,0.0,350548,1
2018-02-21 04:45:44,0.0181,13641000,0.0,246902,1
2018-02-21 04:46:44,0.0733,13634000,0.0,999372,1
2018-02-21 04:46:52,0.1258,13637000,0.0,1715535,1
2018-02-21 04:47:04,0.0173,13632000,0.0,-235834,0
2018-02-21 04:47:22,0.094,13637000,0.0,1281878,1
2018-02-21 04:48:37,0.474,13636000,0.0,6463464,1
2018-02-21 04:51:05,9.89e-06,13650000,0.0,-135,0
2018-02-21 04:55:24,0.4323,13690000,0.0,-5918187,0
2018-02-21 04:56:31,1.0676,13690000,0.0,-14615444,0
2018-02-21 04:59:06,0.0001,13690000,0.0,1369,1
2018-02-21 04:59:06,1.0,13690000,0.0,13690000,1
2018-02-21 04:59:14,0.3846,13685000,0.0,5263251,1
2018-02-21 04:59:14,0.1152,13685000,0.0,1576512,1
2018-02-21 05:00:09,0.0703,13679000,0.0,-961634,0
2018-02-21 05:00:20,0.0063,13697000,0.0,86291,1
2018-02-21 05:00:31,0.064,13697000,0.0,876608,1
2018-02-21 05:06:46,0.708,13682000,0.0,-9686856,0
2018-02-21 05:07:19,0.0717,13686000,0.0,981286,1
2018-02-21 05:07:24,0.4064,13698000,0.0,5566867,1
2018-02-21 05:07:46,0.2299,13695000,0.0,3148481,1
2018-02-21 05:11:41,0.2371,13724000,0.0,-3253960,0
2018-02-21 05:17:22,0.3999,13717000,0.0,-5485428,0
2018-02-21 05:17:33,0.05,13714000,0.0,-685700,0
2018-02-21 05:19:11,0.0075,13723000,0.0,-102923,0
2018-02-21 05:19:24,0.1376,13724000,0.0,-1888422,0
2018-02-21 05:19:54,0.0123,13735000,0.0,168941,1
2018-02-21 05:20:22,0.0295,13740000,0.0,405330,1
2018-02-21 05:20:25,0.7903,13749000,0.0,10865835,1
2018-02-21 05:21:26,0.34002035,13760000,0.0,-4678680,0
2018-02-21 05:21:26,1.15997965,13760000,0.0,-15961320,0
2018-02-21 05:23:28,0.95612035,13760000,0.0,13156216,1
2018-02-21 05:23:28,0.54387965,13760000,0.0,7483784,1
2018-02-21 05:26:10,0.0264,13739000,0.0,-362710,0
2018-02-21 05:26:29,0.0257,13748000,0.0,353324,1
2018-02-21 05:28:09,0.3721,13749000,0.0,-5116003,0
2018-02-21 05:28:15,1.1272,13750000,0.0,-15499000,0
2018-02-21 05:30:07,0.25606988,13768000,0.0,3525570,1
2018-02-21 05:30:10,1.2439,13768000,0.0,17126015,1
2018-02-21 05:32:33,0.1,13774000,0.0,-1377400,0
2018-02-21 05:36:05,0.083,13760000,0.0,-1142080,0
2018-02-21 05:36:11,0.0829,13756000,0.0,1140372,1
2018-02-21 05:36:53,0.579,13758000,0.0,-7965882,0
2018-02-21 05:37:17,0.0494,13761000,0.0,-679793,0
2018-02-21 05:38:46,0.136,13763000,0.0,-1871768,0
2018-02-21 05:38:50,0.8645,13774000,0.0,11907623,1
2018-02-21 05:39:02,0.7329,13755000,0.0,-10081040,0
2018-02-21 05:39:06,0.0318,13764000,0.0,437695,1
2018-02-21 05:39:19,0.0548,13753000,0.0,-753664,0
2018-02-21 05:40:46,0.0723,13767000,0.0,995354,1
2018-02-21 05:41:35,0.36287246,13775000,0.0,4998568,1
2018-02-21 05:41:44,0.06581237,13776000,0.0,906631,1
2018-02-21 05:42:01,0.0087,13779000,0.0,119877,1
2018-02-21 05:42:29,0.2131,13791000,0.0,2938862,1
2018-02-21 05:42:29,0.0332,13791000,0.0,457861,1
2018-02-21 05:43:22,1.5,13800000,0.0,-20700000,0
2018-02-21 05:44:29,0.5182,13823000,0.0,7163079,1
2018-02-21 05:44:35,0.9818,13820000,0.0,13568476,1
2018-02-21 05:44:45,0.399,13824000,0.0,-5515776,0
2018-02-21 05:44:49,0.0271,13821000,0.0,-374549,0
2018-02-21 05:44:58,8.762e-05,13836000,0.0,1212,1
2018-02-21 05:45:01,0.3278,13820000,0.0,-4530196,0
2018-02-21 05:45:35,0.7538,13831000,0.0,10425808,1
2018-02-21 05:49:05,1.5,13842000,0.0,-20763000,0
2018-02-21 05:50:07,0.1761,13839000,0.0,2437048,1
2018-02-21 05:50:07,0.2823,13839000,0.0,3906750,1
2018-02-21 05:50:07,0.0001,13839000,0.0,1384,1
2018-02-21 05:50:07,0.1249,13839000,0.0,1728491,1
2018-02-21 05:50:07,0.2,13839000,0.0,2767800,1
2018-02-21 05:50:11,0.0772,13839000,0.0,1068371,1
2018-02-21 05:50:11,0.5286,13838000,0.0,7314767,1
2018-02-21 05:50:15,0.1108,13838000,0.0,1533250,1
2018-02-21 05:53:10,1.5,13846000,0.0,-20769000,0
2018-02-21 05:53:42,0.1196,13839000,0.0,1655144,1
2018-02-21 05:54:12,0.008,13843000,0.0,110744,1
2018-02-21 05:55:10,0.55262329,13846000,0.0,7651622,1
2018-02-21 05:56:57,0.2484,13848000,0.0,3439843,1
2018-02-21 05:56:58,0.0361,13848000,0.0,499913,1
2018-02-21 05:56:58,0.4756,13848000,0.0,6586109,1
2018-02-21 05:57:06,0.0596,13830000,0.0,824268,1
2018-02-21 05:58:27,0.6751,13831000,0.0,-9337308,0
2018-02-21 05:58:36,0.1939,13831000,0.0,-2681831,0
2018-02-21 06:02:24,0.3,13851000,0.0,4155300,1
2018-02-21 06:02:58,0.109,13848000,0.0,1509432,1
2018-02-21 06:03:11,0.0355,13850000,0.0,491675,1
2018-02-21 06:03:16,0.0722,13850000,0.0,999970,1
2018-02-21 06:03:32,0.2111,13838000,0.0,-2921202,0
2018-02-21 06:03:32,0.1497,13838000,0.0,-2071549,0
2018-02-21 06:03:42,0.0623,13837000,0.0,-862045,0
2018-02-21 06:04:19,0.0075,13820000,0.0,103650,1
2018-02-21 06:04:19,0.0011,13820000,0.0,15202,1
2018-02-21 06:04:19,0.2743,13820000,0.0,3790826,1
2018-02-21 06:04:55,0.0661,13801000,0.0,912246,1
2018-02-21 06:04:55,0.0132,13801000,0.0,182173,1
2018-02-21 06:04:59,0.1598,13800000,0.0,2205240,1
2018-02-21 06:04:59,0.1476,13800000,0.0,2036880,1
2018-02-21 06:04:59,0.1,13800000,0.0,1380000,1
2018-02-21 06:06:08,0.0058,13840000,0.0,80272,1
2018-02-21 06:06:25,0.0228,13845000,0.0,-315666,0
2018-02-21 06:06:33,0.0228,13852000,0.0,315826,1
2018-02-21 06:08:33,0.399,13849000,0.0,-5525751,0
2018-02-21 06:08:49,0.399,13849000,0.0,5525751,1
2018-02-21 06:11:13,0.0179,13825000,0.0,-247468,0
2018-02-21 06:11:16,0.0179,13830000,0.0,247557,1
2018-02-21 06:13:53,0.64,13820000,0.0,-8844800,0
2018-02-21 06:14:49,0.1683,13818000,0.0,-2325569,0
2018-02-21 06:16:43,0.4841,13819000,0.0,6689778,1
2018-02-21 06:17:24,0.1221,13828000,0.0,-1688399,0
2018-02-21 06:17:40,0.1692747,13829000,0.0,-2340900,0
2018-02-21 06:17:40,0.2363253,13829000,0.0,-3268143,0
2018-02-21 06:23:23,0.39318146,13860000,0.0,5449495,1
2018-02-21 06:23:27,0.3755,13860000,0.0,5204430,1
2018-02-21 06:23:56,0.0833,13863000,0.0,1154788,1
2018-02-21 06:25:19,0.228,13859000,0.0,-3159852,0
2018-02-21 06:25:47,0.228,13869000,0.0,3162132,1
2018-02-21 06:29:14,1.2867,13859000,0.0,-17832375,0
2018-02-21 06:29:24,0.2435,13868000,0.0,3376858,1
2018-02-21 06:29:24,0.04543196,13868000,0.0,630050,1
2018-02-21 06:29:43,0.7911,13859000,0.0,10963855,1
2018-02-21 06:29:53,0.0312,13869000,0.0,432713,1
2018-02-21 06:29:53,0.1754,13869000,0.0,2432623,1
2018-02-21 06:32:38,0.7064344,13853000,0.0,-9786236,0
2018-02-21 06:32:52,0.32,13869000,0.0,4438080,1
2018-02-21 06:32:59,0.0325,13868000,0.0,450710,1
2018-02-21 06:34:13,0.2515,13864000,0.0,3486796,1
2018-02-21 06:34:26,0.0015,13863000,0.0,20795,1
2018-02-21 06:34:29,0.101,13868000,0.0,1400668,1
2018-02-21 06:34:33,0.686,13862000,0.0,-9509332,0
2018-02-21 06:34:37,0.8139,13850000,0.0,-11272515,0
2018-02-21 06:36:41,0.18,13845000,0.0,2492100,1
2018-02-21 06:36:41,0.5712,13845000,0.0,7908264,1
2018-02-21 06:36:52,0.7513,13835000,0.0,-10394236,0
2018-02-21 06:43:16,0.1546,13854000,0.0,2141828,1
2018-02-21 06:59:17,0.08357653,13848000,0.0,1157368,1
2018-02-21 07:04:30,0.0847,13869000,0.0,1174704,1
2018-02-21 07:04:31,0.001,13869000,0.0,13869,1
2018-02-21 07:09:50,0.299,13946000,0.0,4169854,1
2018-02-21 07:10:33,0.3,13961000,0.0,4188300,1
2018-02-21 07:10:41,0.2524,13940000,0.0,-3518456,0
2018-02-21 07:11:17,0.8295,13965000,0.0,11583968,1
2018-02-21 07:11:28,0.575,13966000,0.0,-8030450,0
2018-02-21 07:11:48,0.0034,13990000,0.0,47566,1
2018-02-21 07:12:18,0.0126,13990000,0.0,-176274,0
2018-02-21 07:12:44,0.0285,13986000,0.0,-398601,0
2018-02-21 07:12:56,0.2201,14001000,0.0,-3081620,0
2018-02-21 07:12:57,0.057,14001000,0.0,-798057,0
2018-02-21 07:12:57,0.0314,14001000,0.0,-439631,0
2018-02-21 07:14:14,0.9102,14009000,0.0,12750992,1
2018-02-21 07:14:21,0.011,14013000,0.0,154143,1
2018-02-21 07:16:00,0.085,13979000,0.0,-1188215,0
2018-02-21 07:17:02,1.0198,13953000,0.0,-14229269,0
2018-02-21 07:19:28,0.0055,13973000,0.0,76852,1
2018-02-21 07:20:27,0.0633,13989000,0.0,885504,1
2018-02-21 07:20:40,0.89681356,13989000,0.0,12545525,1
2018-02-21 07:20:44,0.1392,13989000,0.0,1947269,1
2018-02-21 07:21:01,0.0048,14003000,0.0,-67214,0
2018-02-21 07:21:05,0.0323,14006000,0.0,-452394,0
2018-02-21 07:21:05,0.0071,14006000,0.0,-99443,0
2018-02-21 07:21:05,0.2772,14006000,0.0,-3882463,0
2018-02-21 07:21:36,0.10089408,14018000,0.0,-1414333,0
2018-02-21 07:21:36,0.11150592,14024000,0.0,-1563759,0
2018-02-21 07:21:52,0.02004372,14039000,0.0,-281394,0
2018-02-21 07:21:59,0.0512,14045000,0.0,719104,1
2018-02-21 07:22:04,0.5026,14039000,0.0,7056001,1
2018-02-21 07:22:11,0.01,14024000,0.0,-140240,0
2018-02-21 07:22:38,1.32584839,14030000,0.0,-18601653,0
2018-02-21 07:23:06,0.25357134,14060000,0.0,3565213,1
2018-02-21 07:23:12,0.5119,14055000,0.0,7194755,1
2018-02-21 07:23:12,0.2707,14055000,0.0,3804689,1
2018-02-21 07:23:12,0.2997,14060000,0.0,4213782,1
2018-02-21 07:23:21,0.0179,14063000,0.0,-251728,0
2018-02-21 07:23:27,0.0179,14080000,0.0,252032,1
2018-02-21 07:24:16,0.405,14122000,0.0,-5719410,0
2018-02-21 07:24:20,0.15,14119000,0.0,-2117850,0
2018-02-21 07:24:23,0.0171,14124000,0.0,-241520,0
2018-02-21 07:24:24,0.0327,14124000,0.0,-461855,0
2018-02-21 07:24:24,0.0142,14124000,0.0,-200561,0
2018-02-21 07:24:39,0.0604,14141000,0.0,854116,1
2018-02-21 07:24:47,0.4229,14135000,0.0,5977692,1
2018-02-21 07:24:55,0.1118,14140000,0.0,1580852,1
2018-02-21 07:24:59,0.0239,14130000,0.0,337707,1
2018-02-21 07:25:10,0.0128,14122000,0.0,-180762,0
2018-02-21 07:25:24,0.0128,14121000,0.0,180749,1
2018-02-21 07:28:12,0.1656,14136000,0.0,-2340922,0
2018-02-21 07:28:17,0.262,14131000,0.0,-3702322,0
2018-02-21 07:29:39,0.0686,14122000,0.0,-968769,0
2018-02-21 07:29:49,0.1981,14131000,0.0,2799351,1
2018-02-21 07:29:54,0.2981,14128000,0.0,4211557,1
2018-02-21 07:30:47,0.2386,14134000,0.0,-3372372,0
2018-02-21 07:31:30,0.2386,14137000,0.0,3373088,1
2018-02-21 07:32:54,0.0253,14125000,0.0,-357363,0
2018-02-21 07:32:54,0.8202,14127000,0.0,-11586965,0
2018-02-21 07:33:05,0.0013,14128000,0.0,18366,1
2018-02-21 07:34:20,0.086,14129000,0.0,1215094,1
2018-02-21 07:34:36,0.0549,14129000,0.0,775682,1
2018-02-21 07:34:40,0.5,14123000,0.0,7061500,1
2018-02-21 07:34:44,0.2033,14119000,0.0,2870393,1
2018-02-21 07:36:01,0.1952,14083000,0.0,-2749002,0
2018-02-21 07:36:15,0.8518,14080000,0.0,-11993344,0
2018-02-21 07:37:01,0.00144962,14066000,0.0,20390,1
2018-02-21 07:37:29,0.0110047,14027000,0.0,154363,1
2018-02-21 07:37:30,0.0028,14027000,0.0,39276,1
2018-02-21 07:39:19,0.0223668,14042000,0.0,314075,1
2018-02-21 07:40:28,0.6862,13998000,0.0,9605428,1
2018-02-21 07:40:40,0.0022,13985000,0.0,-30767,0
2018-02-21 07:40:41,0.0035,13985000,0.0,-48948,0
2018-02-21 07:40:50,0.1001,13985000,0.0,-1399899,0
2018-02-21 07:40:59,0.0325,13985000,0.0,-454513,0
2018-02-21 07:41:05,0.2513,13980000,0.0,3513174,1
2018-02-21 07:41:05,0.05,13980000,0.0,699000,1
2018-02-21 07:41:05,0.02,13980000,0.0,279600,1
2018-02-21 07:41:05,0.0394,13980000,0.0,550812,1
2018-02-21 07:41:15,0.1008,13976000,0.0,1408781,1
2018-02-21 07:43:06,1.5,13928000,0.0,-20892000,0
2018-02-21 07:44:17,1.2202,13895000,0.0,16954679,1
2018-02-21 07:44:17,0.0003,13891000,0.0,4167,1
2018-02-21 07:44:23,0.2088,13890000,0.0,2900232,1
2018-02-21 07:44:24,0.0707,13890000,0.0,982023,1
2018-02-21 07:44:48,0.0754,13901000,0.0,-1048135,0
2018-02-21 07:45:05,0.0613,13896000,0.0,851825,1
2018-02-21 07:45:09,0.0055,13894000,0.0,76417,1
2018-02-21 07:45:23,0.0086,13869000,0.0,119273,1
2018-02-21 07:45:53,0.6866,13803000,0.0,-9477140,0
2018-02-21 07:45:53,0.099,13802000,0.0,-1366398,0
2018-02-21 07:45:58,0.001,13808000,0.0,13808,1
2018-02-21 07:46:10,0.61766377,13812000,0.0,8531172,1
2018-02-21 07:46:15,0.1669,13808000,0.0,2304555,1
2018-02-21 07:46:39,0.3019,13820000,0.0,-4172258,0
2018-02-21 07:46:43,0.0829,13817000,0.0,-1145429,0
2018-02-21 07:47:33,0.3848,13824000,0.0,5319475,1
2018-02-21 07:47:45,0.0913,13838000,0.0,-1263409,0
2018-02-21 07:48:31,0.05004325,13878000,0.0,694500,1
2018-02-21 07:48:41,0.0413,13890000,0.0,573657,1
2018-02-21 07:49:07,1.5,13876000,0.0,-20814000,0
2018-02-21 07:49:47,0.42482198,13873000,0.0,5893555,1
2018-02-21 07:49:47,0.0072,13873000,0.0,99886,1
2018-02-21 07:50:06,0.5285,13850000,0.0,7319725,1
2018-02-21 07:50:07,0.1185,13850000,0.0,1641225,1
2018-02-21 07:50:07,0.1437,13850000,0.0,1990245,1
2018-02-21 07:51:10,1.2227,13772000,0.0,-16839024,0
2018-02-21 07:52:01,0.6253,13757000,0.0,8602252,1
2018-02-21 07:52:01,0.013,13757000,0.0,178841,1
2018-02-21 07:52:06,0.0449,13757000,0.0,617689,1
2018-02-21 07:52:06,0.0073,13757000,0.0,100426,1
2018-02-21 07:52:07,0.01902348,13757000,0.0,261706,1
2018-02-21 07:52:35,0.00140358,13794000,0.0,19361,1
2018-02-21 07:52:41,0.08369999,13793000,0.0,1154474,1
2018-02-21 07:52:44,0.13,13786000,0.0,1792180,1
2018-02-21 07:52:49,0.4228,13781000,0.0,5826607,1
2018-02-21 07:53:13,0.1288,13766000,0.0,1773061,1
2018-02-21 07:53:13,0.0237,13766000,0.0,326254,1
2018-02-21 07:53:23,0.1351,13728000,0.0,-1854653,0
2018-02-21 07:53:32,0.0617,13721000,0.0,-846586,0
2018-02-21 07:53:49,0.4506,13712000,0.0,-6178627,0
2018-02-21 07:53:49,0.1201,13712000,0.0,-1646811,0
2018-02-21 07:54:04,0.1016,13680000,0.0,1389888,1
2018-02-21 07:54:39,0.2978,13612000,0.0,-4053654,0
2018-02-21 07:54:47,0.0435,13600000,0.0,591600,1
2018-02-21 07:54:48,0.0165,13600000,0.0,224400,1
2018-02-21 07:54:48,0.518,13600000,0.0,7044800,1
2018-02-21 07:54:55,0.0826,13580000,0.0,-1121708,0
2018-02-21 07:55:05,0.1196,13610000,0.0,-1627756,0
2018-02-21 07:55:15,0.9121,13627000,0.0,-12429187,0
2018-02-21 07:55:20,0.6771,13647000,0.0,9240384,1
2018-02-21 07:55:26,0.8229,13632000,0.0,11217773,1
2018-02-21 07:55:35,0.165,13632000,0.0,-2249280,0
2018-02-21 07:55:53,0.165,13662000,0.0,2254230,1
2018-02-21 07:56:04,0.6512,13669000,0.0,-8901253,0
2018-02-21 07:56:09,0.8488,13668000,0.0,-11601398,0
2018-02-21 07:56:14,1.5,13685000,0.0,20527500,1
2018-02-21 07:56:45,0.0074,13715000,0.0,-101491,0
2018-02-21 07:56:45,0.0135,13715000,0.0,-185153,0
2018-02-21 07:56:52,1.4791,13729000,0.0,-20306564,0
2018-02-21 07:57:35,0.4093,13780000,0.0,5640154,1
2018-02-21 07:58:05,1.0719,13763000,0.0,14752560,1
2018-02-21 07:58:05,0.0188,13763000,0.0,258744,1
2018-02-21 07:58:14,1.5,13800000,0.0,-20700000,0
2018-02-21 07:58:26,1.0971,13846000,0.0,15190447,1
2018-02-21 07:58:27,0.00360046,13846000,0.0,49852,1
2018-02-21 07:58:28,0.01,13846000,0.0,138460,1
2018-02-21 07:58:28,0.17026103,13846000,0.0,2357434,1
2018-02-21 07:58:29,0.03483851,13846000,0.0,482374,1
2018-02-21 07:58:29,0.1842,13846000,0.0,2550433,1
2018-02-21 07:58:59,1.5,13833000,0.0,-20749500,0
2018-02-21 07:59:42,0.0685,13809000,0.0,945917,1
2018-02-21 07:59:45,0.6114,13809000,0.0,8442823,1
2018-02-21 08:00:22,0.8201,13770000,0.0,11292777,1
2018-02-21 08:00:40,1.5,13733000,0.0,-20599500,0
2018-02-21 08:01:07,1.5,13757000,0.0,20635500,1
2018-02-21 08:01:38,1.0731,13740000,0.0,-14744394,0
2018-02-21 08:01:47,0.1732,13741000,0.0,2379941,1
2018-02-21 08:01:52,0.8999,13751000,0.0,12374525,1
2018-02-21 08:02:25,1.2468,13750000,0.0,-17143500,0
2018-02-21 08:02:48,0.5387,13721000,0.0,7391503,1
2018-02-21 08:02:48,0.0101,13721000,0.0,138582,1
2018-02-21 08:02:54,0.802,13701000,0.0,-10988202,0
2018-02-21 08:05:00,0.0363,13546000,0.0,491720,1
2018-02-21 08:05:00,0.4713,13546000,0.0,6384230,1
2018-02-21 08:05:26,0.4379,13564000,0.0,5939676,1
2018-02-21 08:05:34,0.0717,13550000,0.0,-971535,0
2018-02-21 08:05:47,0.6262,13585000,0.0,8506927,1
2018-02-21 08:06:19,0.138,13585000,0.0,-1874730,0
2018-02-21 08:06:22,0.21245881,13587000,0.0,-2886678,0
2018-02-21 08:06:22,0.07494119,13587000,0.0,-1018226,0
2018-02-21 08:06:26,0.1153,13581000,0.0,-1565889,0
2018-02-21 08:06:38,0.6536,13586000,0.0,-8879810,0
2018-02-21 08:06:38,0.3057,13586000,0.0,-4153240,0
2018-02-21 08:07:04,0.0062,13600000,0.0,84320,1
2018-02-21 08:07:05,0.1208,13600000,0.0,1642880,1
2018-02-21 08:07:08,0.4503,13601000,0.0,6124530,1
2018-02-21 08:07:08,0.3976,13601000,0.0,5407758,1
2018-02-21 08:07:25,0.08011656,13617000,0.0,-1090947,0
2018-02-21 08:07:43,0.4775,13666000,0.0,-6525515,0
2018-02-21 08:07:57,0.1469,13665000,0.0,2007389,1
2018-02-21 08:08:03,0.0024,13664000,0.0,32794,1
2018-02-21 08:08:07,0.00728361,13670000,0.0,99567,1
2018-02-21 08:08:07,0.00089517,13670000,0.0,12237,1
2018-02-21 08:08:12,0.0001,13665000,0.0,1367,1
2018-02-21 08:08:12,0.036,13665000,0.0,491940,1
2018-02-21 08:08:34,0.0478,13649000,0.0,652422,1
2018-02-21 08:08:35,0.1624,13649000,0.0,2216598,1
2018-02-21 08:08:35,0.1738,13649000,0.0,2372196,1
2018-02-21 08:08:47,0.5052,13648000,0.0,6894970,1
2018-02-21 08:09:05,0.0043,13649000,0.0,-58691,0
2018-02-21 08:09:09,0.078,13655000,0.0,-1065090,0
2018-02-21 08:09:14,0.032,13669000,0.0,-437408,0
2018-02-21 08:09:18,0.0383,13669000,0.0,-523523,0
2018-02-21 08:09:39,0.1226,13701000,0.0,-1679743,0
2018-02-21 08:09:56,0.2062,13715000,0.0,-2828033,0
2018-02-21 08:10:00,0.846,13720000,0.0,-11607120,0
2018-02-21 08:10:20,0.0003,13734000,0.0,4120,1
2018-02-21 08:10:28,0.1617,13744000,0.0,2222405,1
2018-02-21 08:12:22,0.0243,13672000,0.0,332230,1
2018-02-21 08:12:23,0.0061,13672000,0.0,83399,1
2018-02-21 08:12:26,0.0183,13670000,0.0,250161,1
2018-02-21 08:12:26,0.3244,13670000,0.0,4434548,1
2018-02-21 08:12:47,0.1,13646000,0.0,1364600,1
2018-02-21 08:12:47,0.0003,13646000,0.0,4094,1
2018-02-21 08:12:47,0.144,13646000,0.0,1965024,1
2018-02-21 08:13:08,0.6623,13632000,0.0,-9028474,0
2018-02-21 08:14:41,0.2792,13727000,0.0,3832578,1
2018-02-21 08:14:42,0.0487,13727000,0.0,668505,1
2018-02-21 08:14:45,0.8824,13733000,0.0,12117999,1
2018-02-21 08:15:21,0.0205,13701000,0.0,-280871,0
2018-02-21 08:15:26,0.0205,13721000,0.0,281281,1
2018-02-21 08:15:47,0.0911,13700000,0.0,-1248070,0
2018-02-21 08:15:47,0.3023,13699000,0.0,-4141208,0
2018-02-21 08:15:53,0.004,13700000,0.0,54800,1
2018-02-21 08:15:58,0.2715,13703000,0.0,3720365,1
2018-02-21 08:16:20,0.09645057,13708000,0.0,1322144,1
2018-02-21 08:16:31,0.0037,13709000,0.0,-50723,0
2018-02-21 08:16:51,0.3866,13719000,0.0,-5303765,0
2018-02-21 08:16:56,0.4436,13714000,0.0,-6083530,0
2018-02-21 08:17:31,0.8553,13720000,0.0,11734716,1
2018-02-21 08:18:35,0.8917,13777000,0.0,-12284951,0
2018-02-21 08:18:59,0.20736593,13798000,0.0,2861235,1
2018-02-21 08:18:59,0.68433407,13798000,0.0,9442441,1
2018-02-21 08:19:06,0.0034,13787000,0.0,-46876,0
2018-02-21 08:19:16,0.26625701,13800000,0.0,-3674347,0
2018-02-21 08:19:16,1.23034299,13800000,0.0,-16978733,0
2018-02-21 08:19:30,0.4563,13799000,0.0,6296484,1
2018-02-21 08:19:40,0.078,13785000,0.0,1075230,1
2018-02-21 08:19:41,0.7816,13785000,0.0,10774356,1
2018-02-21 08:19:44,0.4359,13751000,0.0,-5994061,0
2018-02-21 08:19:55,0.88,13752000,0.0,-12101760,0
2018-02-21 08:20:05,0.5317,13765000,0.0,7318851,1
2018-02-21 08:20:56,0.0897,13789000,0.0,1236873,1
2018-02-21 08:20:59,0.01743952,13790000,0.0,240491,1
2018-02-21 08:20:59,0.86116048,13790000,0.0,11875403,1
2018-02-21 08:21:36,0.762,13814000,0.0,-10526268,0
2018-02-21 08:22:13,0.762,13810000,0.0,10523220,1
2018-02-21 08:22:39,1.1283,13770000,0.0,-15536691,0
2018-02-21 08:22:39,0.3717,13769000,0.0,-5117937,0
2018-02-21 08:23:35,0.2348,13787000,0.0,3237188,1
2018-02-21 08:23:35,0.0556,13787000,0.0,766557,1
2018-02-21 08:23:55,0.1229,13772000,0.0,1692579,1
2018-02-21 08:23:55,0.0665,13775000,0.0,916038,1
2018-02-21 08:25:58,0.04560933,13759000,0.0,627539,1
2018-02-21 08:27:45,0.0033,13753000,0.0,45385,1
2018-02-21 08:27:46,0.04348804,13753000,0.0,598091,1
2018-02-21 08:27:53,0.8831,13745000,0.0,12138210,1
2018-02-21 08:27:53,0.0447,13745000,0.0,614402,1
2018-02-21 08:28:54,0.5647,13682000,0.0,-7726225,0
2018-02-21 08:29:45,0.0956,13667000,0.0,-1306565,0
2018-02-21 08:29:49,0.5197,13667000,0.0,-7102740,0
2018-02-21 08:29:50,0.32,13667000,0.0,-4373440,0
2018-02-21 08:30:40,1.5,13677000,0.0,20515500,1
2018-02-21 08:30:55,0.9373,13662000,0.0,-12805393,0
2018-02-21 08:31:41,0.171,13687000,0.0,2340477,1
2018-02-21 08:32:24,0.485,13694000,0.0,6641590,1
2018-02-21 08:32:28,0.0888,13695000,0.0,1216116,1
2018-02-21 08:32:40,0.2728,13666000,0.0,-3728085,0
2018-02-21 08:32:43,0.2423,13684000,0.0,3315633,1
2018-02-21 08:32:43,0.223,13684000,0.0,3051532,1
2018-02-21 08:33:40,0.984,13704000,0.0,-13484736,0
2018-02-21 08:33:41,0.015,13704000,0.0,-205560,0
2018-02-21 08:34:38,0.41,13740000,0.0,5633400,1
2018-02-21 08:35:06,0.1372,13727000,0.0,-1883344,0
2018-02-21 08:35:31,0.5574,13714000,0.0,-7644184,0
2018-02-21 08:38:24,1.2836,13646000,0.0,17516006,1
2018-02-21 08:38:50,0.9868,13631000,0.0,-13451071,0
2018-02-21 08:39:03,0.6703,13654000,0.0,9152276,1
2018-02-21 08:39:07,0.3165,13652000,0.0,4320858,1
2018-02-21 08:40:18,0.9238,13630000,0.0,-12591394,0
2018-02-21 08:40:39,0.73268542,13628000,0.0,9985037,1
2018-02-21 08:40:39,0.031,13628000,0.0,422468,1
2018-02-21 08:40:39,0.16011458,13628000,0.0,2182041,1
2018-02-21 08:40:44,0.7477,13611000,0.0,-10176945,0
2018-02-21 08:41:04,0.7477,13601000,0.0,10169468,1
2018-02-21 08:41:36,0.6891,13544000,0.0,-9333170,0
2018-02-21 08:41:50,0.6891,13533000,0.0,9325590,1
2018-02-21 08:42:08,1.5,13510000,0.0,-20265000,0
2018-02-21 08:44:17,0.0198,13500000,0.0,267300,1
2018-02-21 08:44:17,0.3574,13500000,0.0,4824900,1
2018-02-21 08:44:17,0.0732,13500000,0.0,988200,1
2018-02-21 08:44:17,0.05,13500000,0.0,675000,1
2018-02-21 08:44:17,0.1197,13500000,0.0,1615950,1
2018-02-21 08:44:17,0.38,13500000,0.0,5130000,1
2018-02-21 08:44:17,0.1665,13500000,0.0,2247750,1
2018-02-21 08:44:17,0.154,13500000,0.0,2079000,1
2018-02-21 08:44:17,0.001,13500000,0.0,13500,1
2018-02-21 08:44:17,0.1784,13500000,0.0,2408400,1
2018-02-21 08:45:33,0.0874,13513000,0.0,-1181036,0
2018-02-21 08:45:55,0.7069,13550000,0.0,-9578495,0
2018-02-21 08:46:18,0.7943,13550000,0.0,10762765,1
2018-02-21 08:46:23,0.1631,13541000,0.0,-2208537,0
2018-02-21 08:46:33,0.2712,13540000,0.0,-3672048,0
2018-02-21 08:46:52,0.0461,13570000,0.0,-625577,0
2018-02-21 08:47:04,1.0196,13580000,0.0,-13846168,0
2018-02-21 08:48:23,0.011,13557000,0.0,149127,1
2018-02-21 08:49:02,0.0384,13544000,0.0,520090,1
2018-02-21 08:49:02,0.0147,13544000,0.0,199097,1
2018-02-21 08:49:51,0.5078,13528000,0.0,6869518,1
2018-02-21 08:49:55,0.8481,13530000,0.0,11474793,1
2018-02-21 08:50:06,0.08,13524000,0.0,1081920,1
2018-02-21 08:51:05,0.7139,13464000,0.0,-9611950,0
2018-02-21 08:51:37,0.0209,13504000,0.0,-282234,0
2018-02-21 08:51:53,0.1517,13520000,0.0,-2050984,0
2018-02-21 08:51:53,0.0998,13520000,0.0,-1349296,0
2018-02-21 08:53:31,0.0063,13539000,0.0,85296,1
2018-02-21 08:53:32,0.0937,13538000,0.0,1268511,1
2018-02-21 08:53:35,0.023,13536000,0.0,311328,1
2018-02-21 08:53:36,0.5711,13536000,0.0,7730410,1
2018-02-21 08:53:44,0.1136,13536000,0.0,1537690,1
2018-02-21 08:53:44,0.0341,13536000,0.0,461578,1
2018-02-21 08:53:56,0.1137,13528000,0.0,1538134,1
2018-02-21 08:53:57,0.00210076,13528000,0.0,28419,1
2018-02-21 08:54:22,0.2285,13505000,0.0,-3085893,0
2018-02-21 08:54:30,0.4445,13500000,0.0,-6000750,0
2018-02-21 08:54:30,0.0131,13500000,0.0,-176850,0
2018-02-21 08:54:53,0.1308,13505000,0.0,-1766454,0
2018-02-21 08:55:18,0.8456,13526000,0.0,11437586,1
2018-02-21 08:55:56,1.5,13539000,0.0,-20308500,0
2018-02-21 09:00:40,0.003,13483000,0.0,40449,1
2018-02-21 09:00:40,0.0032,13483000,0.0,43146,1
2018-02-21 09:00:41,0.8518,13483000,0.0,11484819,1
2018-02-21 09:00:44,0.3863,13480000,0.0,-5207324,0
2018-02-21 09:00:45,0.043,13480000,0.0,-579640,0
2018-02-21 09:00:45,0.1316,13480000,0.0,-1773968,0
2018-02-21 09:01:45,0.5569,13431000,0.0,7479724,1
2018-02-21 09:02:47,0.1943,13401000,0.0,2603814,1
2018-02-21 09:03:05,0.0416,13388000,0.0,-556941,0
2018-02-21 09:03:18,0.1042,13371000,0.0,1393258,1
2018-02-21 09:03:19,0.0249,13371000,0.0,332938,1
2018-02-21 09:03:19,0.3642,13371000,0.0,4869718,1
2018-02-21 09:04:49,0.2074,13273000,0.0,-2752820,0
2018-02-21 09:04:49,0.8877,13273000,0.0,-11782442,0
2018-02-21 09:04:59,0.1768,13295000,0.0,2350556,1
2018-02-21 09:04:59,0.4964,13297000,0.0,6600631,1
2018-02-21 09:05:02,0.4,13298000,0.0,5319200,1
2018-02-21 09:05:02,0.0068,13298000,0.0,90426,1
2018-02-21 09:05:07,0.0151,13300000,0.0,200830,1
2018-02-21 09:05:17,1.1929637,13300000,0.0,-15866417,0
2018-02-21 09:05:40,0.0752,13301000,0.0,1000235,1
2018-02-21 09:05:40,0.0063,13301000,0.0,83796,1
2018-02-21 09:05:44,0.1036,13300000,0.0,1377880,1
2018-02-21 09:05:44,0.0152,13300000,0.0,202160,1
2018-02-21 09:05:44,0.2802,13300000,0.0,3726660,1
2018-02-21 09:06:02,0.263,13307000,0.0,-3499741,0
2018-02-21 09:06:22,0.1084,13313000,0.0,1443129,1
2018-02-21 09:06:22,0.8046,13320000,0.0,10717272,1
2018-02-21 09:07:00,0.399,13324000,0.0,-5316276,0
2018-02-21 09:07:00,0.1069,13324000,0.0,-1424336,0
2018-02-21 09:07:37,0.1741539,13382000,0.0,2330527,1
2018-02-21 09:07:44,0.3942,13378000,0.0,5273608,1
2018-02-21 09:08:43,1.2325,13346000,0.0,-16448945,0
2018-02-21 09:08:50,0.2344,13362000,0.0,3132053,1
2018-02-21 09:10:18,0.0164,13357000,0.0,219055,1
2018-02-21 09:11:33,0.07,13365000,0.0,935550,1
2018-02-21 09:12:13,0.1837,13348000,0.0,2452028,1
2018-02-21 09:12:40,0.03,13350000,0.0,-400500,0
2018-02-21 09:12:40,0.25820822,13350000,0.0,-3447080,0
2018-02-21 09:12:40,0.29649178,13350000,0.0,-3958165,0
2018-02-21 09:14:03,0.8593,13312000,0.0,11439002,1
2018-02-21 09:14:03,0.1,13312000,0.0,1331200,1
2018-02-21 09:14:06,0.05,13302000,0.0,-665100,0
2018-02-21 09:14:13,0.5719,13292000,0.0,-7601695,0
2018-02-21 09:15:18,0.0075,13180000,0.0,98850,1
2018-02-21 09:15:19,0.04040106,13180000,0.0,532486,1
2018-02-21 09:15:19,0.03965706,13180000,0.0,522680,1
2018-02-21 09:15:51,0.1931,13173000,0.0,2543706,1
2018-02-21 09:15:52,0.6947,13173000,0.0,9151283,1
2018-02-21 09:17:06,1.15633401,13178000,0.0,-15238170,0
2018-02-21 09:17:06,0.01516599,13178000,0.0,-199857,0
2018-02-21 09:17:32,0.4032,13227000,0.0,5333126,1
2018-02-21 09:17:32,0.7683,13226000,0.0,10161536,1
2018-02-21 09:18:05,0.4704,13268000,0.0,-6241267,0
2018-02-21 09:18:09,0.9318,13231000,0.0,-12328646,0
2018-02-21 09:18:22,0.22,13273000,0.0,2920060,1
2018-02-21 09:18:39,0.02512498,13258000,0.0,333107,1
2018-02-21 09:18:59,0.7847,13237000,0.0,10387074,1
2018-02-21 09:19:20,0.0268,13202000,0.0,-353814,0
2018-02-21 09:19:31,0.05,13208000,0.0,-660400,0
2018-02-21 09:19:39,0.6008,13205000,0.0,-7933564,0
2018-02-21 09:19:55,0.0139,13177000,0.0,183160,1
2018-02-21 09:20:10,0.1512,13178000,0.0,1992514,1
2018-02-21 09:20:25,0.8848,13185000,0.0,11666088,1
2018-02-21 09:21:34,0.5161,13215000,0.0,-6820262,0
2018-02-21 09:21:43,0.7142,13200000,0.0,-9427440,0
2018-02-21 09:22:59,0.5912,13236000,0.0,7825123,1
2018-02-21 09:23:24,0.6391,13260000,0.0,8474466,1
2018-02-21 09:23:41,0.3298,13300000,0.0,-4386340,0
2018-02-21 09:23:50,0.3298,13319000,0.0,4392606,1
2018-02-21 09:24:27,0.0362,13341000,0.0,-482944,0
2018-02-21 09:24:31,0.55722089,13341000,0.0,-7433884,0
2018-02-21 09:24:32,0.2568,13341000,0.0,-3425969,0
2018-02-21 09:24:32,0.1401,13341000,0.0,-1869074,0
2018-02-21 09:24:32,0.0136,13341000,0.0,-181438,0
2018-02-21 09:24:36,0.85005551,13352000,0.0,11349941,1
2018-02-21 09:24:36,0.15394449,13352000,0.0,2055467,1
2018-02-21 09:25:37,0.12034417,13398000,0.0,-1612371,0
2018-02-21 09:25:37,0.4985,13398000,0.0,-6678903,0
2018-02-21 09:26:06,0.0132,13407000,0.0,-176972,0
2018-02-21 09:26:06,0.0023,13407000,0.0,-30836,0
2018-02-21 09:26:21,0.077,13452000,0.0,-1035804,0
2018-02-21 09:26:33,0.7887,13450000,0.0,-10608015,0
2018-02-21 09:27:57,1.2445723,13407000,0.0,16685981,1
2018-02-21 09:28:02,0.0944,13409000,0.0,-1265810,0
2018-02-21 09:28:24,1.1501,13440000,0.0,-15457344,0
2018-02-21 09:28:36,0.093,13437000,0.0,1249641,1
2018-02-21 09:28:46,0.0745,13420000,0.0,999790,1
2018-02-21 09:29:02,0.1401,13410000,0.0,1878741,1
2018-02-21 09:29:02,0.0869,13410000,0.0,1165329,1
2018-02-21 09:29:47,1.1054,13436000,0.0,14852154,1
2018-02-21 09:29:51,0.0591,13430000,0.0,-793713,0
2018-02-21 09:29:56,0.16841157,13424000,0.0,-2260757,0
2018-02-21 09:30:04,0.2661,13424000,0.0,-3572126,0
2018-02-21 09:30:11,0.9309,13430000,0.0,-12501987,0
2018-02-21 09:30:30,1.4245,13437000,0.0,19141007,1
2018-02-21 09:31:10,0.2648,13360000,0.0,-3537728,0
2018-02-21 09:31:11,0.0061,13360000,0.0,-81496,0
2018-02-21 09:31:14,0.4354,13360000,0.0,-5816944,0
2018-02-21 09:31:28,0.025,13353000,0.0,333825,1
2018-02-21 09:31:28,0.0013,13351000,0.0,17356,1
2018-02-21 09:31:28,0.00190278,13351000,0.0,25404,1
2018-02-21 09:31:37,0.8219,13331000,0.0,-10956749,0
2018-02-21 09:31:48,0.3366,13362000,0.0,4497649,1
2018-02-21 09:32:04,0.6138,13332000,0.0,8183182,1
2018-02-21 09:32:04,0.5496,13332000,0.0,7327267,1
2018-02-21 09:32:12,0.3859,13333000,0.0,-5145205,0
2018-02-21 09:32:52,0.3859,13349000,0.0,5151379,1
2018-02-21 09:33:27,0.374,13350000,0.0,-4992900,0
2018-02-21 09:33:31,1.1259,13349000,0.0,-15029639,0
2018-02-21 09:33:48,0.7731,13343000,0.0,10315473,1
2018-02-21 09:34:11,0.063,13320000,0.0,839160,1
2018-02-21 09:34:12,0.3,13320000,0.0,3996000,1
2018-02-21 09:34:16,0.1012,13320000,0.0,1347984,1
2018-02-21 09:34:21,0.2572,13296000,0.0,3419731,1
2018-02-21 09:34:21,0.0054,13296000,0.0,71798,1
2018-02-21 09:34:41,1.2201,13252000,0.0,-16168765,0
2018-02-21 09:35:27,1.00489553,13280000,9713.0,13335300,1
2018-02-21 09:35:33,0.0551172,13264000,8.28e-05,-732173,0
2018-02-21 09:36:01,0.0552,13301000,1101.0,733114,1
2018-02-21 09:36:02,0.2152,13301000,4294.0,2858081,1
2018-02-21 09:36:52,0.24912575,13321000,0.00037425,-3323590,0
2018-02-21 09:36:58,0.31942015,13332000,0.00047985,-4264907,0
2018-02-21 09:37:28,0.13227289,13340000,2647.0,1761873,1
2018-02-21 09:37:39,0.10993485,13328000,0.00016515,-1467413,0
2018-02-21 09:37:43,0.8465283,13326000,0.0012717,-11297783,0
2018-02-21 09:38:38,0.07768143,13335000,1554.0,1034328,1
2018-02-21 09:38:38,0.1461,13335000,2922.0,1945322,1
2018-02-21 09:38:38,0.0323,13335000,646.0,430075,1
2018-02-21 09:39:59,1.1366,13437000,22909.0,15249585,1
2018-02-21 09:40:08,1.49775,13429000,0.00225,-20143500,0
2018-02-21 09:40:47,0.1358,13437000,2737.0,1822008,1
2018-02-21 09:40:47,0.4498,13437000,9066.0,6034897,1
2018-02-21 09:40:47,0.0913,13437000,1840.0,1224958,1
2018-02-21 09:40:48,0.0976,13437000,1967.0,1309484,1
2018-02-21 09:40:52,0.7233,13437000,14578.0,9704404,1
2018-02-21 09:41:11,0.23964,13418000,0.00036,-3220320,0
2018-02-21 09:41:16,0.02240585,13415000,451.0,300123,1
2018-02-21 09:41:20,0.0956563,13410000,0.0001437,-1284678,0
2018-02-21 09:41:35,0.097,13388000,1948.0,1296688,1
2018-02-21 09:41:35,0.2158,13388000,4334.0,2884796,1
2018-02-21 09:41:42,0.0137793,13387000,2.07e-05,-184741,0
2018-02-21 09:41:52,0.0138,13387000,277.0,184464,1
2018-02-21 09:42:13,1.47208855,13401000,0.00221145,-19757094,0
2018-02-21 09:42:30,0.8775,13432000,17680.0,11768900,1
2018-02-21 09:42:58,0.9040419,13450000,0.0013581,-12177630,0
2018-02-21 09:43:54,1.1478,13528000,23291.0,15504147,1
2018-02-21 09:43:58,0.8241619,13515000,0.0012381,-11155281,0
2018-02-21 09:43:59,0.32321445,13515000,0.00048555,-4374806,0
2018-02-21 09:44:27,0.0853,13506000,1728.0,1150334,1
2018-02-21 09:45:23,0.7223,13492000,14618.0,9730654,1
2018-02-21 09:45:41,0.6906,13507000,13992.0,9313942,1
2018-02-21 09:46:10,0.49615562,13511000,0.00074535,-6713629,0
2018-02-21 09:46:10,0.00159663,13511000,2.4e-06,-21604,0
2018-02-21 09:46:44,0.4978,13554000,10121.0,6737060,1
2018-02-21 09:47:41,0.1473786,13541000,0.0002214,-1998652,0
2018-02-21 09:47:45,0.2480274,13547000,0.0003726,-3365075,0
2018-02-21 09:47:53,0.73339825,13547000,0.00110175,-9950272,0
2018-02-21 09:49:10,0.8833,13592000,18009.0,11987805,1
2018-02-21 09:49:45,0.23113611,13600000,4715.0,3138736,1
2018-02-21 09:50:05,0.18861665,13575000,0.00028335,-2564318,0
2018-02-21 09:50:05,0.65682014,13575000,0.00098671,-8929728,0
2018-02-21 09:53:54,0.8598,13546000,17470.0,11629381,1
2018-02-21 09:54:34,1.24463025,13570000,0.00186975,-16915005,0
2018-02-21 09:54:35,0.00728905,13570000,1.095e-05,-99061,0
2018-02-21 09:55:53,1.2519,13602000,25543.0,17002801,1
2018-02-21 09:55:57,1.49775,13599000,0.00225,-20398500,0
2018-02-21 09:56:01,0.0041,13600000,84.0,55676,1
2018-02-21 09:56:07,0.1,13600000,2040.0,1357960,1
2018-02-21 09:57:00,0.0393,13610000,802.0,534071,1
2018-02-21 09:57:00,1.2868,13610000,26270.0,17487078,1
2018-02-21 09:57:00,0.0676,13610000,1380.0,918656,1
2018-02-21 09:57:51,1.49775,13585000,0.00225,-20377500,0
2018-02-21 09:57:59,0.13603508,13596000,2774.0,1846759,1
2018-02-21 09:58:40,0.0016,13570000,33.0,21679,1
2018-02-21 09:58:40,0.0003,13570000,6.0,4065,1
2018-02-21 09:58:40,0.0139,13575000,283.0,188410,1
2018-02-21 09:58:46,1.3459,13570000,27396.0,18236467,1
2018-02-21 09:59:51,0.6482262,13570000,0.0009738,-8809644,0
2018-02-21 10:00:07,0.3321,13575000,6762.0,4501496,1
2018-02-21 10:00:08,0.3161,13575000,6437.0,4284621,1
2018-02-21 10:00:11,1.49775,13565000,0.00225,-20347500,0
2018-02-21 10:00:52,1.0231,13550000,20795.0,13842210,1
2018-02-21 10:00:52,0.4697,13550000,9547.0,6354888,1
2018-02-21 10:00:52,0.005,13550000,102.0,67648,1
2018-02-21 10:01:00,1.49775,13521000,0.00225,-20281500,0
2018-02-21 10:01:52,0.0806,13444000,1625.0,1081961,1
2018-02-21 10:02:51,0.127,13442000,2561.0,1704573,1
2018-02-21 10:02:52,0.5,13442000,10082.0,6710918,1
2018-02-21 10:02:53,0.7901,13442000,15931.0,10604593,1
2018-02-21 10:02:59,0.98187805,13450000,0.00147503,-13226099,0
2018-02-21 10:02:59,0.5121775,13450000,0.00076942,-6899136,0
2018-02-21 10:02:59,0.00089865,13450000,1.35e-06,-12105,0
2018-02-21 10:02:59,0.0027958,13450000,4.2e-06,-37660,0
2018-02-21 10:03:56,0.2989,13459000,6034.0,4016861,1
2018-02-21 10:04:00,1.1989,13458000,24202.0,16110594,1
2018-02-21 10:04:30,0.8537175,13444000,0.0012825,-11494620,0
2018-02-21 10:07:25,0.0504,13465000,0.0,678636,1
2018-02-21 10:07:30,0.0232,13465000,0.0,312388,1
2018-02-21 10:07:30,0.0401,13465000,0.0,539947,1
2018-02-21 10:08:03,0.1655,13468000,0.0,-2228954,0
2018-02-21 10:10:26,0.0693,13535000,0.0,937976,1
2018-02-21 10:10:26,0.2,13535000,0.0,2707000,1
2018-02-21 10:10:30,0.269,13495000,0.0,-3630155,0
2018-02-21 10:10:50,0.1753,13498000,0.0,2366199,1
2018-02-21 10:10:50,0.0222,13498000,0.0,299656,1
2018-02-21 10:11:01,0.24,13510000,0.0,3242400,1
2018-02-21 10:11:31,0.4677,13550000,0.0,6337335,1
2018-02-21 10:11:54,0.1477,13550000,0.0,-2001335,0
2018-02-21 10:12:23,0.1477,13552000,0.0,2001630,1
2018-02-21 10:12:26,0.1901,13550000,0.0,-2575855,0
2018-02-21 10:12:37,0.2558,13552000,0.0,-3466602,0
2018-02-21 10:13:04,0.4459,13605000,0.0,6066470,1
2018-02-21 10:13:28,1.5,13613000,0.0,-20419500,0
2018-02-21 10:14:23,1.5,13620000,0.0,20430000,1
2018-02-21 10:15:30,1.5,13588000,0.0,-20382000,0
2018-02-21 10:15:34,1.5,13588000,0.0,20382000,1
2018-02-21 10:16:10,0.1815,13605000,0.0,-2469308,0
2018-02-21 10:16:15,0.0868,13605000,0.0,-1180914,0
2018-02-21 10:16:25,0.0073,13589000,0.0,99200,1
2018-02-21 10:16:25,0.2,13589000,0.0,2717800,1
2018-02-21 10:16:25,0.0161,13589000,0.0,218783,1
2018-02-21 10:16:49,0.0009,13577000,0.0,12219,1
2018-02-21 10:16:54,1.456,13551000,0.0,-19730256,0
2018-02-21 10:18:06,0.7347,13592000,0.0,9986042,1
2018-02-21 10:19:16,0.3319,13590000,0.0,4510521,1
2018-02-21 10:19:16,0.4334,13590000,0.0,5889906,1
2018-02-21 10:20:09,0.81776015,13550000,0.0,-11080650,0
2018-02-21 10:22:53,0.3296,13563000,0.0,4470365,1
2018-02-21 10:22:58,0.1009,13563000,0.0,1368507,1
2018-02-21 10:22:58,0.3872,13563000,0.0,5251594,1
2018-02-21 10:23:50,1.5,13578000,0.0,-20367000,0
2018-02-21 10:24:30,0.1233,13591000,0.0,1675770,1
2018-02-21 10:25:21,0.6557,13575000,0.0,8901128,1
2018-02-21 10:25:21,0.1179,13575000,0.0,1600493,1
2018-02-21 10:25:25,0.6031,13573000,0.0,8185876,1
2018-02-21 10:25:36,0.1457,13551000,0.0,-1974381,0
2018-02-21 10:26:14,0.5848,13548000,0.0,-7922870,0
2018-02-21 10:26:18,0.0156,13549000,0.0,-211364,0
2018-02-21 10:26:23,0.6909,13552000,0.0,-9363077,0
2018-02-21 10:26:23,0.063,13547000,0.0,-853461,0
2018-02-21 10:28:44,0.2615,13482000,0.0,3525543,1
2018-02-21 10:30:25,0.08966375,13466000,0.0,1207412,1
2018-02-21 10:30:31,0.4483,13467000,0.0,6037256,1
2018-02-21 10:30:41,0.7006,13465000,0.0,9433579,1
2018-02-21 10:31:07,1.2286,13455000,0.0,-16530813,0
2018-02-21 10:31:14,0.0902,13455000,0.0,1213641,1
2018-02-21 10:31:15,0.2449,13455000,0.0,3295130,1
2018-02-21 10:32:17,0.8935,13441000,0.0,12009534,1
2018-02-21 10:32:49,0.2936,13431000,0.0,-3943342,0
2018-02-21 10:32:55,0.0134,13430000,0.0,179962,1
2018-02-21 10:32:55,0.069,13430000,0.0,926670,1
2018-02-21 10:32:55,0.2112,13430000,0.0,2836416,1
2018-02-21 10:33:56,1.3,13420000,0.0,-17446000,0
2018-02-21 10:35:00,0.5511,13413000,0.0,7391904,1
2018-02-21 10:35:21,0.7489,13401000,0.0,10036009,1
2018-02-21 10:37:06,0.0299,13390000,0.0,-400361,0
2018-02-21 10:37:06,0.1065,13390000,0.0,-1426035,0
2018-02-21 10:37:19,0.0362,13401000,0.0,-485116,0
2018-02-21 10:37:30,0.1726,13400000,0.0,2312840,1
2018-02-21 10:37:47,0.399,13399000,0.0,-5346201,0
2018-02-21 10:38:25,0.3637,13408000,0.0,4876490,1
2018-02-21 10:38:31,0.078,13406000,0.0,-1045668,0
2018-02-21 10:39:03,1.3867,13430000,0.0,-18623381,0
2018-02-21 10:41:17,0.0059,13444000,0.0,79320,1
2018-02-21 10:41:39,0.0313,13430000,0.0,420359,1
2018-02-21 10:41:39,0.0022,13430000,0.0,29546,1
2018-02-21 10:41:47,0.1052,13431000,0.0,1412941,1
2018-02-21 10:41:47,0.0733,13431000,0.0,984492,1
2018-02-21 10:41:50,0.2995,13429000,0.0,4021986,1
2018-02-21 10:41:55,0.05418073,13429000,0.0,727593,1
2018-02-21 10:41:55,0.0063,13429000,0.0,84603,1
2018-02-21 10:44:57,0.9221,13455000,0.0,12406856,1
2018-02-21 10:45:03,0.02114671,13456000,0.0,-284550,0
2018-02-21 10:45:03,0.31005329,13456000,0.0,-4172077,0
2018-02-21 10:45:06,0.32283942,13470000,0.0,-4348647,0
2018-02-21 10:45:07,0.03326058,13470000,0.0,-448020,0
2018-02-21 10:45:16,0.01,13470000,0.0,-134700,0
2018-02-21 10:45:20,0.2679,13494000,0.0,3615043,1
2018-02-21 10:45:21,0.0001,13494000,0.0,1349,1
2018-02-21 10:45:25,0.1787,13480000,0.0,-2408876,0
2018-02-21 10:46:24,0.608,13490000,0.0,8201920,1
2018-02-21 10:47:12,1.5,13500000,0.0,-20250000,0
2018-02-21 10:47:21,1.5,13512000,0.0,20268000,1
2018-02-21 10:47:37,1.1586,13501000,0.0,-15642259,0
2018-02-21 10:49:25,0.008,13500000,0.0,108000,1
2018-02-21 10:49:25,0.0336,13500000,0.0,453600,1
2018-02-21 10:49:26,1.117,13500000,0.0,15079500,1
2018-02-21 10:49:41,0.1882,13477000,0.0,-2536371,0
2018-02-21 10:49:49,0.7299,13480000,0.0,-9839052,0
2018-02-21 10:54:21,0.01988905,13449000,0.0,267488,1
2018-02-21 10:54:45,0.1891,13448000,0.0,2543017,1
2018-02-21 10:55:37,0.7909,13410000,0.0,-10605969,0
2018-02-21 10:59:31,0.3,13386000,0.0,4015800,1
2018-02-21 10:59:38,0.0031,13374000,0.0,41459,1
2018-02-21 10:59:38,0.1,13374000,0.0,1337400,1
2018-02-21 10:59:41,0.006,13368000,0.0,80208,1
2018-02-21 11:00:09,0.2073,13364000,0.0,2770357,1
2018-02-21 11:00:21,0.8836,13366000,0.0,11810198,1
2018-02-21 11:00:35,0.0112,13375000,0.0,-149800,0
2018-02-21 11:00:39,0.1513,13377000,0.0,-2023940,0
2018-02-21 11:01:39,0.5689,13385000,0.0,-7614727,0
2018-02-21 11:03:06,0.0072,13378000,0.0,96322,1
2018-02-21 11:04:19,0.099,13375000,0.0,-1324125,0
2018-02-21 11:04:19,0.6711,13375000,0.0,-8975963,0
2018-02-21 11:05:03,0.9497,13359000,0.0,12687042,1
2018-02-21 11:05:04,0.00380028,13359000,0.0,50768,1
2018-02-21 11:05:09,0.3182,13344000,0.0,-4246061,0
2018-02-21 11:05:21,0.3,13346000,0.0,4003800,1
2018-02-21 11:05:25,0.0802,13351000,0.0,1070750,1
2018-02-21 11:05:52,0.4788,13346000,0.0,6390065,1
2018-02-21 11:06:38,1.1742,13338000,0.0,-15661480,0
2018-02-21 11:09:59,0.0921,13320000,0.0,1226772,1
2018-02-21 11:09:59,0.0016,13320000,0.0,21312,1
2018-02-21 11:09:59,0.5872,13320000,0.0,7821504,1
2018-02-21 11:10:03,0.4933,13321000,0.0,6571249,1
2018-02-21 11:10:47,0.1008,13302000,0.0,-1340842,0
2018-02-21 11:11:09,0.0824,13302000,0.0,1096085,1
2018-02-21 11:11:14,0.0184,13300000,0.0,244720,1
2018-02-21 11:13:45,0.0616,13271000,0.0,-817494,0
2018-02-21 11:14:01,0.0616,13261000,0.0,816878,1
2018-02-21 11:14:32,0.2948,13257000,0.0,-3908164,0
2018-02-21 11:14:38,0.0657,13261000,0.0,-871248,0
2018-02-21 11:14:54,0.2176,13276000,0.0,2888858,1
2018-02-21 11:15:01,0.1429,13280000,0.0,1897712,1
2018-02-21 11:15:04,0.1139,13266000,0.0,-1510997,0
2018-02-21 11:15:09,0.1139,13272000,0.0,1511681,1
2018-02-21 11:15:56,0.0139,13242000,0.0,-184064,0
2018-02-21 11:16:09,0.0003,13242000,0.0,3973,1
2018-02-21 11:16:24,0.218,13232000,0.0,-2884576,0
2018-02-21 11:16:25,0.0343,13232000,0.0,-453858,0
2018-02-21 11:16:44,0.2659,13233000,0.0,3518655,1
2018-02-21 11:18:25,0.0099,13231000,0.0,-130987,0
2018-02-21 11:18:29,0.0099,13242000,0.0,131096,1
2018-02-21 11:18:41,1.5,13245000,0.0,-19867500,0
2018-02-21 11:21:46,1.5,13288000,0.0,19932000,1
2018-02-21 11:24:48,0.3175,13301000,0.0,-4223068,0
2018-02-21 11:25:17,0.07,13300000,0.0,931000,1
2018-02-21 11:25:17,0.2475,13300000,0.0,3291750,1
2018-02-21 11:28:57,0.1956,13250000,0.0,-2591700,0
2018-02-21 11:29:17,0.0055,13252000,0.0,-72886,0
2018-02-21 11:29:21,0.189,13251000,0.0,-2504439,0
2018-02-21 11:29:39,0.3901,13242000,0.0,5165704,1
2018-02-21 11:30:23,0.1635,13230000,0.0,-2163105,0
2018-02-21 11:30:24,0.0751,13230000,0.0,-993573,0
2018-02-21 11:30:24,0.0148,13230000,0.0,-195804,0
2018-02-21 11:30:53,1.2466,13246000,0.0,-16512464,0
2018-02-21 11:31:18,0.1049,13235000,0.0,1388352,1
2018-02-21 11:31:59,0.71,13270000,0.0,9421700,1
2018-02-21 11:32:03,0.71,13270000,0.0,-9421700,0
2018-02-21 11:33:51,0.58314022,13260000,0.0,7732439,1
2018-02-21 11:35:10,0.26332952,13275000,0.0,3495699,1
2018-02-21 11:35:10,0.0268,13275000,0.0,355770,1
2018-02-21 11:35:11,0.2979,13275000,0.0,3954623,1
2018-02-21 11:35:27,0.2239,13273000,0.0,2971825,1
2018-02-21 11:35:39,1.5,13281000,0.0,-19921500,0
2018-02-21 11:36:41,1.5,13340000,0.0,20010000,1
2018-02-21 11:36:59,0.1293,13328000,0.0,-1723310,0
2018-02-21 11:37:23,0.2012,13320000,0.0,-2679984,0
2018-02-21 11:37:24,0.2457,13320000,0.0,-3272724,0
2018-02-21 11:37:51,0.2577,13313000,0.0,3430760,1
2018-02-21 11:37:51,0.3185,13313000,0.0,4240191,1
2018-02-21 11:38:55,0.0014,13303000,0.0,-18624,0
2018-02-21 11:38:59,0.2137,13304000,0.0,-2843065,0
2018-02-21 11:39:08,1.2849,13305000,0.0,-17095595,0
2018-02-21 11:39:15,0.0011,13310000,0.0,14641,1
2018-02-21 11:42:04,0.1847,13301000,0.0,2456695,1
2018-02-21 11:47:50,1.3142,13261000,0.0,17427606,1
2018-02-21 11:49:05,1.5,13251000,0.0,-19876500,0
2018-02-21 11:50:32,0.4,13256000,0.0,5302400,1
2018-02-21 11:51:49,0.1203,13260000,0.0,1595178,1
2018-02-21 11:51:52,0.011,13262000,0.0,145882,1
2018-02-21 11:53:43,0.0003,13224000,0.0,3967,1
2018-02-21 11:56:54,0.6119,13230000,0.0,8095437,1
2018-02-21 11:56:54,0.3565,13230000,0.0,4716495,1
2018-02-21 11:57:30,0.0199,13242000,0.0,-263516,0
2018-02-21 11:57:34,0.1919,13243000,0.0,-2541332,0
2018-02-21 11:57:55,0.2118,13241000,0.0,2804444,1
2018-02-21 11:59:02,0.399,13277000,0.0,-5297523,0
2018-02-21 11:59:06,0.1231,13280000,0.0,-1634768,0
2018-02-21 11:59:10,0.69671205,13280000,0.0,-9252336,0
2018-02-21 11:59:50,0.0037,13312000,0.0,49254,1
2018-02-21 12:00:19,0.0415,13308000,0.0,552282,1
2018-02-21 12:02:20,1.1736,13315000,0.0,15626484,1
2018-02-21 12:02:28,0.1907,13293000,0.0,-2534975,0
2018-02-21 12:02:32,0.1907,13312000,0.0,2538598,1
2018-02-21 12:04:55,0.79957303,13303000,0.0,-10636720,0
2018-02-21 12:07:50,0.3975,13329000,0.0,5298278,1
2018-02-21 12:07:50,0.23,13329000,0.0,3065670,1
2018-02-21 12:08:23,0.1721,13323000,0.0,2292888,1
2018-02-21 12:08:46,0.0764,13320000,0.0,-1017648,0
2018-02-21 12:09:00,1.4236,13329000,0.0,-18975164,0
2018-02-21 12:10:38,0.21402499,13350000,0.0,2857234,1
2018-02-21 12:10:49,0.05242837,13360000,0.0,700443,1
2018-02-21 12:12:23,0.0869,13373000,0.0,1162114,1
2018-02-21 12:13:27,0.0573,13364000,0.0,765757,1
2018-02-21 12:13:27,0.3253,13364000,0.0,4347309,1
2018-02-21 12:13:28,0.0571,13364000,0.0,763084,1
2018-02-21 12:13:28,0.7004,13364000,0.0,9360146,1
2018-02-21 12:13:33,0.0066,13366000,0.0,88216,1
2018-02-21 12:14:18,0.15585206,13370000,0.0,-2083742,0
2018-02-21 12:14:18,0.06534794,13370000,0.0,-873702,0
2018-02-21 12:14:27,0.0026,13379000,0.0,-34785,0
2018-02-21 12:14:40,1.2762,13379000,0.0,-17074280,0
2018-02-21 12:15:32,0.55179978,13389000,0.0,7388047,1
2018-02-21 12:27:45,0.6011,13320000,0.0,8006652,1
2018-02-21 12:27:45,0.3471,13320000,0.0,4623372,1
2018-02-21 12:29:10,0.7655,13306000,0.0,-10185743,0
2018-02-21 12:32:26,0.7655,13271000,0.0,10158951,1
2018-02-21 12:33:47,0.011,13250000,0.0,-145750,0
2018-02-21 12:33:50,0.6600877,13261000,0.0,-8753423,0
2018-02-21 12:33:50,0.0042123,13261000,0.0,-55859,0
2018-02-21 12:34:00,0.6753,13269000,0.0,8960556,1
2018-02-21 12:34:14,1.5,13251000,0.0,-19876500,0
2018-02-21 12:34:56,0.3,13244000,0.0,3973200,1
2018-02-21 12:34:59,0.0081,13242000,0.0,107260,1
2018-02-21 12:34:59,0.5411,13242000,0.0,7165246,1
2018-02-21 12:35:00,0.0314,13242000,0.0,415799,1
2018-02-21 12:35:02,0.0108,13242000,0.0,143014,1
2018-02-21 12:35:04,0.6086,13242000,0.0,8059081,1
2018-02-21 12:35:36,0.17033741,13245000,0.0,-2256119,0
2018-02-21 12:35:39,1.3296,13246000,0.0,-17611882,0
2018-02-21 12:36:39,0.6356,13253000,0.0,8423607,1
2018-02-21 12:36:40,0.1516,13253000,0.0,2009155,1
2018-02-21 12:36:40,0.019,13253000,0.0,251807,1
2018-02-21 12:36:44,0.6937,13253000,0.0,9193606,1
2018-02-21 12:38:35,0.1002,13257000,0.0,-1328351,0
2018-02-21 12:38:45,1.3998,13264000,0.0,-18566947,0
2018-02-21 12:43:54,0.0048,13232000,0.0,63514,1
2018-02-21 12:46:11,0.0013,13250000,0.0,17225,1
2018-02-21 12:46:50,0.0048,13242000,0.0,63562,1
2018-02-21 12:48:11,0.0513,13221000,0.0,678237,1
2018-02-21 12:48:29,0.0005,13229000,0.0,6615,1
2018-02-21 12:48:43,0.0676,13221000,0.0,893740,1
2018-02-21 12:49:56,0.0605,13210000,0.0,799205,1
2018-02-21 12:49:57,0.001,13210000,0.0,13210,1
2018-02-21 12:50:06,1.1489,13199000,0.0,15164331,1
2018-02-21 12:50:06,0.005,13199000,0.0,65995,1
2018-02-21 12:50:13,0.1543,13191000,0.0,2035371,1
2018-02-21 12:50:46,0.0387,13183000,0.0,-510182,0
2018-02-21 12:51:46,0.0387,13188000,0.0,510376,1
2018-02-21 12:53:05,1.46585624,13185000,0.0,-19327315,0
2018-02-21 12:53:05,0.03414376,13185000,0.0,-450185,0
2018-02-21 12:54:04,0.1,13221000,0.0,1322100,1
2018-02-21 12:54:13,0.6086,13222000,0.0,8046909,1
2018-02-21 12:57:21,0.5693,13175000,0.0,7500528,1
2018-02-21 12:57:33,0.1033,13160000,0.0,-1359428,0
2018-02-21 12:57:34,0.1058,13160000,0.0,-1392328,0
2018-02-21 12:57:34,0.1297,13160000,0.0,-1706852,0
2018-02-21 12:57:38,0.026,13164000,0.0,-342264,0
2018-02-21 12:58:13,0.0304,13164000,0.0,-400186,0
2018-02-21 12:59:43,0.6173,13179000,0.0,8135397,1
2018-02-21 13:00:09,0.0842,13186000,0.0,-1110261,0
2018-02-21 13:00:12,0.0334324,13199000,0.0,-441274,0
2018-02-21 13:00:13,0.0506,13199000,0.0,-667869,0
2018-02-21 13:00:13,0.0287,13199000,0.0,-378811,0
2018-02-21 13:00:33,0.6793,13191000,0.0,-8960646,0
2018-02-21 13:00:54,0.0919,13189000,0.0,1212069,1
2018-02-21 13:02:31,0.26926666,13171000,0.0,3546511,1
2018-02-21 13:02:38,0.0733,13156000,0.0,-964335,0
2018-02-21 13:02:42,0.0379,13154000,0.0,-498537,0
2018-02-21 13:02:58,0.0253,13142000,0.0,332493,1
2018-02-21 13:03:03,0.0011,13135000,0.0,14449,1
2018-02-21 13:03:03,0.0013,13135000,0.0,17076,1
2018-02-21 13:03:38,0.9014,13070000,0.0,-11781298,0
2018-02-21 13:04:29,1.4817,13059000,0.0,19349520,1
2018-02-21 13:04:43,0.1199,13035000,0.0,-1562897,0
2018-02-21 13:04:49,1.3618,13018000,0.0,-17727912,0
2018-02-21 13:05:15,0.7548,13001000,0.0,9813155,1
2018-02-21 13:05:44,0.6076,13006000,0.0,7902446,1
2018-02-21 13:05:44,0.1376,13006000,0.0,1789626,1
2018-02-21 13:05:55,0.0046,13015000,0.0,-59869,0
2018-02-21 13:06:06,0.002,13026000,0.0,-26052,0
2018-02-21 13:06:11,0.0066,13050000,0.0,86130,1
2018-02-21 13:09:16,0.0484,12983000,0.0,-628377,0
2018-02-21 13:09:20,0.23319766,12983000,0.0,-3027605,0
2018-02-21 13:09:25,1.149,12989000,0.0,-14924361,0
2018-02-21 13:09:37,0.053,12999000,0.0,688947,1
2018-02-21 13:10:54,0.064,13034000,0.0,834176,1
2018-02-21 13:10:54,1.3136,13034000,0.0,17121462,1
2018-02-21 13:11:05,1.116,13034000,0.0,-14545944,0
2018-02-21 13:11:24,1.116,13037000,0.0,14549292,1
2018-02-21 13:12:40,1.5,13022000,0.0,-19533000,0
2018-02-21 13:13:00,0.0735,13019000,0.0,956897,1
2018-02-21 13:13:04,0.0595,13019000,0.0,774631,1
2018-02-21 13:13:38,1.367,13000000,0.0,17771000,1
2018-02-21 13:15:54,0.1692,12911000,0.0,-2184541,0
2018-02-21 13:16:13,0.0018,12902000,0.0,23224,1
2018-02-21 13:16:21,0.1674,12901000,0.0,2159627,1
2018-02-21 13:17:32,0.1044,12843000,0.0,-1340809,0
2018-02-21 13:17:35,1.3956,12837000,0.0,-17915317,0
2018-02-21 13:18:48,0.1953,12881000,0.0,2515659,1
2018-02-21 13:18:58,0.0068,12877000,0.0,87564,1
2018-02-21 13:19:44,0.5274,12939000,0.0,6824029,1
2018-02-21 13:19:50,0.0593,12922000,0.0,766275,1
2018-02-21 13:20:01,0.023,12921000,0.0,-297183,0
2018-02-21 13:20:14,0.5023,12955000,0.0,-6507297,0
2018-02-21 13:20:27,1.1199,12977000,0.0,14532942,1
2018-02-21 13:20:27,0.0191,12977000,0.0,247861,1
2018-02-21 13:20:27,0.0975,12977000,0.0,1265258,1
2018-02-21 13:20:43,0.0712,12999000,0.0,-925529,0
2018-02-21 13:21:08,0.0712,13044000,0.0,928733,1
2018-02-21 13:21:16,0.2274,13024000,0.0,-2961658,0
2018-02-21 13:21:20,1.2726,13025000,0.0,-16575615,0
2018-02-21 13:22:24,0.006,12997000,0.0,77982,1
2018-02-21 13:22:25,0.084,12997000,0.0,1091748,1
2018-02-21 13:22:39,0.0333,12968000,0.0,431834,1
2018-02-21 13:22:43,1.3767,12968000,0.0,17853046,1
2018-02-21 13:22:52,0.1101,12950000,0.0,-1425795,0
2018-02-21 13:23:02,0.2346,12968000,0.0,-3042293,0
2018-02-21 13:23:43,0.01,13015000,0.0,-130150,0
2018-02-21 13:23:43,0.7341,13020000,0.0,-9557982,0
2018-02-21 13:24:03,0.1007,13024000,0.0,1311517,1
2018-02-21 13:24:35,0.0039,12991000,0.0,50665,1
2018-02-21 13:24:36,0.0911,12991000,0.0,1183480,1
2018-02-21 13:27:07,0.7455,13021000,0.0,9707156,1
2018-02-21 13:27:34,0.709,12999000,0.0,-9216291,0
2018-02-21 13:28:20,0.8566,13000000,0.0,11135800,1
2018-02-21 13:29:54,0.097,13042000,0.0,-1265074,0
2018-02-21 13:30:00,0.012,13042000,0.0,-156504,0
2018-02-21 13:30:10,0.04306166,13036000,0.0,-561352,0
2018-02-21 13:30:17,0.1259,13030000,0.0,-1640477,0
2018-02-21 13:30:23,1.2221,13040000,0.0,-15936184,0
2018-02-21 13:30:43,0.302,13072000,0.0,3947744,1
2018-02-21 13:31:43,0.0166,13084000,0.0,217194,1
2018-02-21 13:31:43,0.0357,13084000,0.0,467099,1
2018-02-21 13:31:43,1.1457,13084000,0.0,14990339,1
2018-02-21 13:32:11,0.0895,13086000,0.0,-1171197,0
2018-02-21 13:32:15,1.1522,13090000,0.0,-15082298,0
2018-02-21 13:34:51,0.7616,13046000,0.0,9935834,1
2018-02-21 13:34:55,0.12026849,13047000,0.0,1569143,1
2018-02-21 13:34:55,0.35983151,13047000,0.0,4694722,1
2018-02-21 13:36:23,0.3036,13004000,0.0,-3948014,0
2018-02-21 13:36:24,0.1197,13004000,0.0,-1556579,0
2018-02-21 13:36:32,0.915,13005000,0.0,-11899575,0
2018-02-21 13:36:39,1.3383,13010000,0.0,17411283,1
2018-02-21 13:36:58,0.0115,13025000,0.0,-149788,0
2018-02-21 13:37:16,1.4885,13015000,0.0,-19372828,0
2018-02-21 13:38:18,0.01,12990000,0.0,129900,1
2018-02-21 13:38:18,0.03,12990000,0.0,389700,1
2018-02-21 13:38:18,0.2,12990000,0.0,2598000,1
2018-02-21 13:38:26,0.1734,12986000,0.0,2251772,1
2018-02-21 13:38:26,0.0246,12986000,0.0,319456,1
2018-02-21 13:38:30,0.0499,12986000,0.0,648001,1
2018-02-21 13:38:37,0.0361,12978000,0.0,468506,1
2018-02-21 13:38:37,0.0173,12978000,0.0,224519,1
2018-02-21 13:38:37,0.0091,12978000,0.0,118100,1
2018-02-21 13:38:38,0.0655,12978000,0.0,850059,1
2018-02-21 13:38:41,0.0485,12974000,0.0,629239,1
2018-02-21 13:41:09,0.4318,12980000,0.0,5604764,1
2018-02-21 13:41:41,0.22,12979000,0.0,2855380,1
2018-02-21 13:41:46,1.3162,12974000,0.0,-17076379,0
2018-02-21 13:42:28,0.1225,12940000,0.0,1585150,1
2018-02-21 13:42:29,0.265,12940000,0.0,3429100,1
2018-02-21 13:42:47,1.0,12913000,0.0,12913000,1
2018-02-21 13:42:53,0.0016,12912000,0.0,-20659,0
2018-02-21 13:44:07,1.3859,12910000,0.0,-17891969,0
2018-02-21 13:46:35,0.3001,12886000,0.0,3867089,1
2018-02-21 13:46:39,0.135,12885000,0.0,1739475,1
2018-02-21 13:46:39,1.0,12885000,0.0,12885000,1
2018-02-21 13:46:46,0.0433,12897000,0.0,558440,1
2018-02-21 13:46:54,0.045,12886000,0.0,-579870,0
2018-02-21 13:46:57,0.0666,12900000,0.0,859140,1
2018-02-21 13:48:30,1.0879,12873000,0.0,-14004537,0
2018-02-21 13:49:36,0.09876773,12850000,0.0,1269165,1
2018-02-21 13:49:40,0.1401,12850000,0.0,1800285,1
2018-02-21 13:50:51,0.3672,12849000,0.0,4718153,1
2018-02-21 13:50:51,0.4819,12849000,0.0,6191933,1
2018-02-21 13:51:06,1.5,12856000,0.0,-19284000,0
2018-02-21 13:51:51,1.0,12926000,0.0,12926000,1
2018-02-21 13:51:59,1.0,12895000,0.0,-12895000,0
2018-02-21 13:52:45,1.5,12924000,0.0,19386000,1
2018-02-21 13:55:40,1.5,12946000,0.0,-19419000,0
2018-02-21 13:56:06,0.04482425,12946000,0.0,580295,1
2018-02-21 13:56:06,0.1038,12946000,0.0,1343795,1
2018-02-21 13:56:06,0.0628,12946000,0.0,813009,1
2018-02-21 13:56:06,0.0659,12946000,0.0,853141,1
2018-02-21 13:56:06,0.7724,12946000,0.0,9999490,1
2018-02-21 13:56:06,0.0297,12946000,0.0,384496,1
2018-02-21 13:56:06,0.3009,12946000,0.0,3895451,1
2018-02-21 13:56:10,0.0001,12937000,0.0,1294,1
2018-02-21 13:56:10,0.1195,12937000,0.0,1545972,1
2018-02-21 13:58:37,0.8609,12880000,0.0,-11088392,0
2018-02-21 14:00:11,0.8609,12873000,0.0,11082366,1
2018-02-21 14:00:38,0.0187,12874000,0.0,-240744,0
2018-02-21 14:00:43,0.0032,12877000,0.0,-41206,0
2018-02-21 14:00:47,0.1356,12877000,0.0,-1746121,0
2018-02-21 14:00:47,0.1036,12877000,0.0,-1334057,0
2018-02-21 14:01:04,0.1119,12900000,0.0,-1443510,0
2018-02-21 14:01:07,0.373,12910000,0.0,4815430,1
2018-02-21 14:01:21,0.00634113,12910000,0.0,-81864,0
2018-02-21 14:01:22,0.26835887,12910000,0.0,-3464513,0
2018-02-21 14:01:49,0.2627,12900000,0.0,3388830,1
2018-02-21 14:01:49,0.012,12900000,0.0,154800,1
2018-02-21 14:02:06,0.4422,12904000,0.0,-5706149,0
2018-02-21 14:03:53,0.1339,12930000,0.0,-1731327,0
2018-02-21 14:04:03,0.246,12930000,0.0,-3180780,0
2018-02-21 14:04:50,0.76714054,12919000,0.0,9910689,1
2018-02-21 14:05:11,0.1526,12920000,0.0,-1971592,0
2018-02-21 14:05:21,0.1459,12918000,0.0,-1884736,0
2018-02-21 14:06:01,0.0021,12928000,0.0,27149,1
2018-02-21 14:07:27,0.1211,12920000,0.0,1564612,1
2018-02-21 14:07:27,0.0499,12920000,0.0,644708,1
2018-02-21 14:07:28,0.1804,12920000,0.0,2330768,1
2018-02-21 14:08:40,0.0081,12950000,0.0,-104895,0
2018-02-21 14:08:40,0.77062926,12950000,0.0,-9979649,0
2018-02-21 14:08:40,0.0953,12950000,0.0,-1234135,0
2018-02-21 14:09:09,0.0426,12979000,0.0,552905,1
2018-02-21 14:09:22,0.041,12991000,0.0,532631,1
2018-02-21 14:09:57,0.2702,13031000,0.0,3520976,1
2018-02-21 14:10:11,0.0438,13022000,0.0,570364,1
2018-02-21 14:10:23,0.2152,13024000,0.0,-2802765,0
2018-02-21 14:10:29,0.09197018,13023000,0.0,-1197728,0
2018-02-21 14:10:30,0.01372982,13023000,0.0,-178803,0
2018-02-21 14:13:54,0.7973,13028000,0.0,10387224,1
2018-02-21 14:13:59,1.5,13030000,0.0,-19545000,0
2018-02-21 14:14:50,1.5,13063000,0.0,19594500,1
2018-02-21 14:15:46,1.5,13042000,0.0,-19563000,0
2018-02-21 14:19:01,1.3007,13098000,0.0,17036569,1
2018-02-21 14:19:05,0.1993,13091000,0.0,2609036,1
2018-02-21 14:19:10,0.1535,13085000,0.0,-2008548,0
2018-02-21 14:19:18,1.24272499,13085000,0.0,-16261056,0
2018-02-21 14:21:40,0.0867,13030000,0.0,1129701,1
2018-02-21 14:21:40,0.0693,13030000,0.0,902979,1
2018-02-21 14:21:59,0.0107,13025000,0.0,139368,1
2018-02-21 14:22:43,1.1939,12975000,0.0,15490853,1
2018-02-21 14:22:43,0.0356,12975000,0.0,461910,1
2018-02-21 14:22:51,0.0755,12978000,0.0,-979839,0
2018-02-21 14:22:54,0.0074,12996000,0.0,-96170,0
2018-02-21 14:22:59,0.2267,12997000,0.0,-2946420,0
2018-02-21 14:23:03,0.0111,12991000,0.0,-144200,0
2018-02-21 14:23:07,0.0111,12998000,0.0,-144278,0
2018-02-21 14:23:16,1.1682,12983000,0.0,-15166741,0
2018-02-21 14:23:19,0.3846,12998000,0.0,4999031,1
2018-02-21 14:23:39,0.0038,12992000,0.0,49370,1
2018-02-21 14:23:47,0.0754,13000000,0.0,980200,1
2018-02-21 14:26:51,0.0626,12980000,0.0,812548,1
2018-02-21 14:28:51,0.0082,12998000,0.0,106584,1
2018-02-21 14:29:13,0.9654,12993000,0.0,12543442,1
2018-02-21 14:29:38,0.1164,12978000,0.0,-1510639,0
2018-02-21 14:29:57,1.0575,12984000,0.0,-13730580,0
2018-02-21 14:31:47,0.04,12925000,0.0,517000,1
2018-02-21 14:33:12,0.00232288,12915000,0.0,30000,1
2018-02-21 14:33:12,0.0259,12915000,0.0,334499,1
2018-02-21 14:33:13,0.5,12915000,0.0,6457500,1
2018-02-21 14:33:15,0.23921755,12914000,0.0,3089255,1
2018-02-21 14:33:44,0.5103,12918000,0.0,-6592055,0
2018-02-21 14:35:09,0.157,12910000,0.0,2026870,1
2018-02-21 14:35:13,0.0175,12899000,0.0,225733,1
2018-02-21 14:35:14,0.0101,12899000,0.0,130280,1
2018-02-21 14:35:18,0.1,12880000,0.0,1288000,1
2018-02-21 14:35:18,0.0116,12880000,0.0,149408,1
2018-02-21 14:35:18,0.1253,12880000,0.0,1613864,1
2018-02-21 14:35:19,0.4553,12880000,0.0,5864264,1
2018-02-21 14:35:41,0.0367,12860000,0.0,-471962,0
2018-02-21 14:36:12,0.8619,12857000,0.0,-11081448,0
2018-02-21 14:36:29,0.04813241,12895000,0.0,620667,1
2018-02-21 14:37:21,0.2578,12846000,0.0,3311699,1
2018-02-21 14:37:21,0.5927,12846000,0.0,7613824,1
2018-02-21 14:37:49,0.0183,12826000,0.0,-234716,0
2018-02-21 14:38:04,0.0183,12818000,0.0,234569,1
2018-02-21 14:38:42,1.11801295,12820000,0.0,-14332926,0
2018-02-21 14:38:42,0.38198705,12820000,0.0,-4897074,0
2018-02-21 14:40:30,0.4643,12821000,0.0,5952790,1
2018-02-21 14:41:44,0.2141,12834000,0.0,2747759,1
2018-02-21 14:42:26,0.1559,12828000,0.0,1999885,1
2018-02-21 14:43:29,0.24735377,12875000,0.0,3184680,1
2018-02-21 14:43:42,0.001,12872000,0.0,12872,1
2018-02-21 14:43:45,0.6985,12851000,0.0,-8976424,0
2018-02-21 14:43:52,0.5471,12876000,0.0,7044460,1
2018-02-21 14:44:30,0.2731,12880000,0.0,-3517528,0
2018-02-21 14:44:57,0.4223611,12899000,0.0,5448036,1
2018-02-21 14:45:32,0.599,12889000,0.0,-7720511,0
2018-02-21 14:47:08,0.5273,12933000,0.0,6819571,1
2018-02-21 14:49:07,0.2391,12909000,0.0,-3086542,0
2018-02-21 14:49:10,0.4269,12907000,0.0,-5509998,0
2018-02-21 14:49:10,0.3428,12907000,0.0,-4424520,0
2018-02-21 14:49:51,1.5,12941000,0.0,19411500,1
2018-02-21 14:50:05,0.2417,12883000,0.0,-3113821,0
2018-02-21 14:50:27,0.5419,12891000,0.0,-6985633,0
2018-02-21 14:50:57,0.1087,12894000,0.0,1401578,1
2018-02-21 14:50:57,0.0018,12894000,0.0,23209,1
2018-02-21 14:51:33,0.8269,12901000,0.0,-10667837,0
2018-02-21 14:52:20,1.4615,12915000,0.0,18875273,1
2018-02-21 14:52:20,0.0385,12915000,0.0,497228,1
2018-02-21 14:53:50,0.2878,12928000,0.0,-3720678,0
2018-02-21 14:53:55,0.1936,12930000,0.0,-2503248,0
2018-02-21 14:53:59,0.02,12930000,0.0,-258600,0
2018-02-21 14:54:02,0.0013,12931000,0.0,-16810,0
2018-02-21 14:54:09,0.9973,12916000,0.0,-12881127,0
2018-02-21 14:59:47,0.057,12900000,0.0,735300,1
2018-02-21 15:00:40,0.0007,12862000,0.0,9003,1
2018-02-21 15:00:41,0.0194,12862000,0.0,249523,1
2018-02-21 15:00:58,0.0572,12856000,0.0,735363,1
2018-02-21 15:00:59,0.014,12856000,0.0,179984,1
2018-02-21 15:02:31,0.0418094,12871000,0.0,538129,1
2018-02-21 15:04:25,1.3098,12840000,0.0,16817832,1
2018-02-21 15:04:43,1.5,12861000,0.0,-19291500,0
2018-02-21 15:04:56,0.8248,12874000,0.0,10618475,1
2018-02-21 15:05:30,0.0983,12863000,0.0,-1264433,0
2018-02-21 15:07:42,0.5679,12886000,0.0,7317959,1
2018-02-21 15:07:51,0.2253,12866000,0.0,-2898710,0
2018-02-21 15:07:57,0.14698647,12883000,0.0,1893627,1
2018-02-21 15:08:31,0.2311,12874000,0.0,-2975181,0
2018-02-21 15:08:48,0.1446,12886000,0.0,-1863316,0
2018-02-21 15:09:07,0.0123,12899000,0.0,158658,1
2018-02-21 15:09:16,0.148,12899000,0.0,1909052,1
2018-02-21 15:10:16,0.1801,12891000,0.0,2321669,1
2018-02-21 15:10:20,0.3193,12890000,0.0,4115777,1
2018-02-21 15:12:43,0.7194013,12918000,0.0,-9293226,0
2018-02-21 15:12:43,0.7805987,12918000,0.0,-10083774,0
2018-02-21 15:20:31,0.1872,13013000,0.0,2436034,1
2018-02-21 15:20:31,0.8371,13013000,0.0,10893182,1
2018-02-21 15:20:36,0.4003,13010000,0.0,5207903,1
2018-02-21 15:20:53,1.4246,13001000,0.0,-18521225,0
2018-02-21 15:21:12,0.00579475,13015000,0.0,75419,1
2018-02-21 15:24:41,0.30566077,13079000,0.0,3997737,1
2018-02-21 15:24:41,1.18853923,13079000,0.0,15544905,1
2018-02-21 15:24:59,0.0139,13083000,0.0,-181854,0
2018-02-21 15:25:03,1.4861,13089000,0.0,-19451563,0
2018-02-21 15:27:58,0.384,13047000,0.0,5010048,1
2018-02-21 15:27:59,0.9313,13047000,0.0,12150671,1
2018-02-21 15:28:02,0.0032,13047000,0.0,41750,1
2018-02-21 15:29:28,0.1815,13024000,0.0,2363856,1
2018-02-21 15:29:51,0.2401,13021000,0.0,-3126342,0
2018-02-21 15:30:09,0.2401,13022000,0.0,3126582,1
2018-02-21 15:30:57,1.5,13036000,0.0,-19554000,0
2018-02-21 15:31:41,0.0822,13058000,0.0,1073368,1
2018-02-21 15:31:49,1.0,13049000,0.0,13049000,1
2018-02-21 15:32:12,0.0153,13048000,0.0,-199634,0
2018-02-21 15:32:17,1.0128,13040000,0.0,-13206912,0
2018-02-21 15:33:08,0.4181,13034000,0.0,5449515,1
2018-02-21 15:33:08,0.7671,13034000,0.0,9998381,1
2018-02-21 15:33:08,0.0752,13034000,0.0,980157,1
2018-02-21 15:33:08,0.1855,13035000,0.0,2417993,1
2018-02-21 15:34:16,0.32890004,13034000,0.0,-4286883,0
2018-02-21 15:34:17,0.01379996,13034000,0.0,-179869,0
2018-02-21 15:35:09,1.1573,13033000,0.0,-15083091,0
2018-02-21 15:36:09,0.0592,13010000,0.0,770192,1
2018-02-21 15:36:26,0.4907,13000000,0.0,6379100,1
2018-02-21 15:36:27,0.9501,13000000,0.0,12351300,1
2018-02-21 15:37:53,1.2769,12987000,0.0,-16583100,0
2018-02-21 15:39:19,0.3379,13018000,0.0,4398782,1
2018-02-21 15:45:47,0.1239,13079000,0.0,1620488,1
2018-02-21 15:45:47,0.129,13079000,0.0,1687191,1
2018-02-21 15:45:53,0.8139,13070000,0.0,-10637673,0
2018-02-21 15:51:54,0.8651,13130000,0.0,11358763,1
2018-02-21 15:52:06,0.4462,13129000,0.0,5858160,1
2018-02-21 15:52:42,0.1441,13125000,0.0,-1891313,0
2018-02-21 15:52:46,0.9023,13132000,0.0,-11849004,0
2018-02-21 15:54:02,0.1135,13190000,0.0,1497065,1
2018-02-21 15:54:11,0.2831,13190000,0.0,3734089,1
2018-02-21 15:55:04,0.6441,13186000,0.0,8493103,1
2018-02-21 15:55:43,0.0465,13173000,0.0,612545,1
2018-02-21 15:55:44,0.1479,13173000,0.0,1948287,1
2018-02-21 15:56:45,0.0195,13211000,0.0,-257615,0
2018-02-21 15:57:07,0.0195,13227000,0.0,257927,1
2018-02-21 15:57:21,1.5,13227000,0.0,-19840500,0
2018-02-21 15:59:07,0.7178,13270000,0.0,9525206,1
2018-02-21 15:59:09,0.0377,13270000,0.0,500279,1
2018-02-21 15:59:09,0.3461,13270000,0.0,4592747,1
2018-02-21 15:59:10,0.2693,13270000,0.0,3573611,1
2018-02-21 15:59:11,0.0006,13270000,0.0,7962,1
2018-02-21 15:59:12,0.1285,13270000,0.0,1705195,1
2018-02-21 15:59:27,1.5,13268000,0.0,-19902000,0
2018-02-21 15:59:35,0.1819,13264000,0.0,2412722,1
2018-02-21 15:59:39,0.6513,13261000,0.0,8636889,1
2018-02-21 15:59:47,0.4418,13250000,0.0,5853850,1
2018-02-21 15:59:47,0.148,13250000,0.0,1961000,1
2018-02-21 15:59:56,0.077,13230000,0.0,1018710,1
2018-02-21 16:01:23,1.5,13178000,0.0,-19767000,0
2018-02-21 16:03:02,0.4928,13151000,0.0,6480813,1
2018-02-21 16:03:02,0.166,13151000,0.0,2183066,1
2018-02-21 16:03:07,0.83067574,13150000,0.0,10923386,1
2018-02-21 16:03:16,0.8309,13159000,0.0,-10933813,0
2018-02-21 16:03:16,0.0209,13160000,0.0,-275044,0
2018-02-21 16:03:32,0.8623,13163000,0.0,11350455,1
2018-02-21 16:04:25,0.2043,13131000,0.0,-2682663,0
2018-02-21 16:04:31,0.0275,13131000,0.0,-361103,0
2018-02-21 16:04:35,0.1763,13137000,0.0,2316053,1
2018-02-21 16:04:51,0.0057,13145000,0.0,74927,1
2018-02-21 16:05:07,0.9084,13141000,0.0,-11937284,0
2018-02-21 16:05:31,0.1155,13143000,0.0,1518017,1
2018-02-21 16:06:50,0.8427,13128000,0.0,11062966,1
2018-02-21 16:07:25,1.5,13139000,0.0,-19708500,0
2018-02-21 16:08:55,0.0434,13121000,0.0,569451,1
2018-02-21 16:08:59,0.4678,13119000,0.0,6137068,1
2018-02-21 16:09:05,0.3043,13120000,0.0,3992416,1
2018-02-21 16:09:09,0.0024,13117000,0.0,31481,1
2018-02-21 16:09:14,0.6821,13117000,0.0,8947106,1
2018-02-21 16:09:28,1.14790345,13140000,0.0,-15083451,0
2018-02-21 16:09:29,0.33089655,13140000,0.0,-4347981,0
2018-02-21 16:09:29,0.0011,13140000,0.0,-14454,0
2018-02-21 16:09:29,0.0201,13140000,0.0,-264114,0
2018-02-21 16:10:37,0.64,13185000,0.0,8438400,1
2018-02-21 16:11:59,0.4036,13176000,0.0,5317834,1
2018-02-21 16:11:59,0.0714,13176000,0.0,940766,1
2018-02-21 16:13:01,0.144,13176000,0.0,-1897344,0
2018-02-21 16:13:01,0.3416,13176000,0.0,-4500922,0
2018-02-21 16:15:36,0.8706,13150000,0.0,11448390,1
2018-02-21 16:16:25,0.3708,13134000,0.0,-4870087,0
2018-02-21 16:16:29,1.1292,13140000,0.0,-14837688,0
2018-02-21 16:18:53,0.157,13194000,0.0,2071458,1
2018-02-21 16:18:54,0.02710588,13194000,0.0,357635,1
2018-02-21 16:19:00,0.1228,13194000,0.0,1620223,1
2018-02-21 16:19:01,0.2033,13194000,0.0,2682340,1
2018-02-21 16:19:12,0.2582,13196000,0.0,3407207,1
2018-02-21 16:19:12,0.1302,13196000,0.0,1718119,1
2018-02-21 16:19:13,0.0248373,13196000,0.0,327753,1
2018-02-21 16:19:16,0.05303405,13198000,0.0,699943,1
2018-02-21 16:19:16,0.52346595,13193000,0.0,6906086,1
2018-02-21 16:19:47,0.44467739,13223000,0.0,-5879969,0
2018-02-21 16:19:47,0.24202261,13223000,0.0,-3200265,0
2018-02-21 16:19:53,0.8133,13222000,0.0,-10753453,0
2018-02-21 16:19:56,0.73043423,13269000,0.0,9692132,1
2018-02-21 16:20:02,0.7696,13251000,0.0,10197970,1
2018-02-21 16:20:25,1.5,13213000,0.0,-19819500,0
2018-02-21 16:22:38,1.17318267,13220000,0.0,15509475,1
2018-02-21 16:23:00,0.04705302,13221000,0.0,622088,1
2018-02-21 16:23:04,0.3761,13210000,0.0,-4968281,0
2018-02-21 16:23:20,0.8441,13214000,0.0,-11153937,0
2018-02-21 16:24:38,1.5,13246000,0.0,19869000,1
2018-02-21 16:25:33,1.5,13241000,0.0,-19861500,0
2018-02-21 16:25:54,0.9,13232000,0.0,11908800,1
2018-02-21 16:25:58,0.2501,13213000,0.0,-3304571,0
2018-02-21 16:25:58,0.4791,13213000,0.0,-6330348,0
2018-02-21 16:28:13,1.282,13213000,0.0,16939066,1
2018-02-21 16:28:13,0.0472,13213000,0.0,623654,1
2018-02-21 16:29:35,0.5569,13230000,0.0,-7367787,0
2018-02-21 16:29:35,0.9431,13230000,0.0,-12477213,0
2018-02-21 16:30:20,1.5,13240000,0.0,19860000,1
2018-02-21 16:31:05,0.4852,13219000,0.0,-6413859,0
2018-02-21 16:31:09,0.0999,13226000,0.0,1321277,1
2018-02-21 16:31:14,1.1147,13222000,0.0,-14738563,0
2018-02-21 16:36:23,0.3813,13241000,0.0,5048793,1
2018-02-21 16:36:24,0.5603,13241000,0.0,7418932,1
2018-02-21 16:36:24,0.3222,13241000,0.0,4266250,1
2018-02-21 16:36:31,0.0437,13235000,0.0,-578370,0
2018-02-21 16:36:49,0.0197877,13247000,0.0,262128,1
2018-02-21 16:37:03,0.0016,13247000,0.0,-21195,0
2018-02-21 16:37:07,0.5364,13254000,0.0,-7109446,0
2018-02-21 16:37:37,0.01,13262000,0.0,132620,1
2018-02-21 16:37:37,0.6237,13262000,0.0,8271509,1
2018-02-21 16:37:41,0.1644,13272000,0.0,2181917,1
2018-02-21 16:38:10,0.0868,13274000,0.0,-1152183,0
2018-02-21 16:38:14,0.1116,13278000,0.0,-1481825,0
2018-02-21 16:38:20,0.0147,13279000,0.0,-195201,0
2018-02-21 16:38:30,0.2131,13295000,0.0,2833165,1
2018-02-21 16:39:11,0.6842,13291000,0.0,-9093702,0
2018-02-21 16:39:19,0.8158,13295000,0.0,-10846061,0
2018-02-21 16:40:27,0.6358,13282000,0.0,8444696,1
2018-02-21 16:41:19,0.8642,13290000,0.0,11485218,1
2018-02-21 16:41:24,0.9516,13275000,0.0,-12632490,0
2018-02-21 16:41:36,0.9516,13281000,0.0,12638200,1
2018-02-21 16:42:24,0.0399,13283000,0.0,-529992,0
2018-02-21 16:42:28,0.0399,13286000,0.0,530111,1
2018-02-21 16:43:40,0.1316,13289000,0.0,-1748832,0
2018-02-21 16:43:40,0.1564,13289000,0.0,-2078400,0
2018-02-21 16:43:40,0.4786,13289000,0.0,-6360115,0
2018-02-21 16:44:35,0.376,13282000,0.0,4994032,1
2018-02-21 16:44:50,0.0215,13280000,0.0,285520,1
2018-02-21 16:44:50,0.0593,13280000,0.0,787504,1
2018-02-21 16:44:50,0.2259,13280000,0.0,2999952,1
2018-02-21 16:44:54,0.0839,13278000,0.0,1114024,1
2018-02-21 16:48:27,0.0526,13300000,0.0,-699580,0
2018-02-21 16:48:31,0.8845,13300000,0.0,-11763850,0
2018-02-21 16:50:24,0.9371,13295000,0.0,12458745,1
2018-02-21 16:51:51,1.5,13283000,0.0,-19924500,0
2018-02-21 16:53:21,1.5,13290000,0.0,19935000,1
2018-02-21 16:55:17,0.7038,13262000,0.0,-9333796,0
2018-02-21 16:55:19,0.1,13262000,0.0,-1326200,0
2018-02-21 16:58:17,0.00969545,13307000,0.0,129017,1
2018-02-21 16:58:27,0.7941,13307000,0.0,10567089,1
2018-02-21 16:58:46,0.236,13316000,0.0,-3142576,0
2018-02-21 16:58:50,0.0059,13320000,0.0,78588,1
2018-02-21 16:59:01,0.2301,13320000,0.0,3064932,1
2018-02-21 16:59:27,1.5,13327000,0.0,-19990500,0
2018-02-21 17:00:13,0.0052,13333000,0.0,69332,1
2018-02-21 17:00:14,0.075,13333000,0.0,999975,1
2018-02-21 17:00:26,0.01045974,13340000,0.0,139533,1
2018-02-21 17:00:47,0.5539,13341000,0.0,7389580,1
2018-02-21 17:02:19,0.0422,13333000,0.0,562653,1
2018-02-21 17:02:19,0.07426228,13333000,0.0,990139,1
2018-02-21 17:02:23,0.3623,13319000,0.0,-4825474,0
2018-02-21 17:03:28,0.4199,13258000,0.0,5567034,1
2018-02-21 17:03:28,0.3735,13258000,0.0,4951863,1
2018-02-21 17:03:29,0.0289,13258000,0.0,383156,1
2018-02-21 17:03:52,1.0995,13262000,0.0,-14581569,0
2018-02-21 17:04:04,0.0075,13284000,0.0,99630,1
2018-02-21 17:04:12,0.0517,13284000,0.0,686783,1
2018-02-21 17:05:23,0.29,13280000,0.0,3851200,1
2018-02-21 17:06:31,0.6539,13255000,0.0,8667445,1
2018-02-21 17:06:48,0.3754,13230000,0.0,4966542,1
2018-02-21 17:07:02,1.2212,13206000,0.0,-16127167,0
2018-02-21 17:09:05,1.2212,13200000,0.0,16119840,1
2018-02-21 17:09:55,0.72797314,13211000,0.0,-9617253,0
2018-02-21 17:09:55,0.77202686,13211000,0.0,-10199247,0
2018-02-21 17:10:52,1.5,13236000,0.0,19854000,1
2018-02-21 17:11:40,0.1152,13226000,0.0,-1523635,0
2018-02-21 17:12:39,0.1152,13254000,0.0,1526861,1
2018-02-21 17:13:18,0.0137,13260000,0.0,-181662,0
2018-02-21 17:13:46,0.1881,13265000,0.0,-2495147,0
2018-02-21 17:14:15,0.80996595,13268000,0.0,-10746628,0
2018-02-21 17:14:16,0.37553405,13268000,0.0,-4982586,0
2018-02-21 17:14:19,1.3873,13283000,0.0,18427506,1
2018-02-21 17:14:30,0.1933,13276000,0.0,-2566251,0
2018-02-21 17:15:08,0.1933,13268000,0.0,2564704,1
2018-02-21 17:15:30,0.1476,13246000,0.0,-1955110,0
2018-02-21 17:17:43,0.8711,13240000,0.0,-11533364,0
2018-02-21 17:18:46,0.2863,13272000,0.0,3799774,1
2018-02-21 17:18:46,0.0562,13272000,0.0,745886,1
2018-02-21 17:18:46,0.1879,13272000,0.0,2493809,1
2018-02-21 17:18:46,0.1235,13272000,0.0,1639092,1
2018-02-21 17:18:47,0.3648,13272000,0.0,4841626,1
2018-02-21 17:20:56,0.0454,13248000,0.0,-601459,0
2018-02-21 17:20:59,0.519,13249000,0.0,-6876231,0
2018-02-21 17:21:04,0.0802,13246000,0.0,-1062329,0
2018-02-21 17:21:07,0.8554,13250000,0.0,-11334050,0
2018-02-21 17:26:18,0.0278,13244000,0.0,368183,1
2018-02-21 17:27:26,0.0009,13244000,0.0,11920,1
2018-02-21 17:30:53,0.01,13142000,0.0,131420,1
2018-02-21 17:30:56,0.415,13166000,0.0,5463890,1
2018-02-21 17:31:56,0.5794,13130000,0.0,7607522,1
2018-02-21 17:31:56,0.1223,13130000,0.0,1605799,1
2018-02-21 17:31:56,0.09,13130000,0.0,1181700,1
2018-02-21 17:32:13,1.2454,13103000,0.0,-16318476,0
2018-02-21 17:32:30,0.0159,13120000,0.0,208608,1
2018-02-21 17:33:48,0.2136,13134000,0.0,2805422,1
2018-02-21 17:37:33,1.2582,13128000,0.0,16517650,1
2018-02-21 17:37:39,0.0123,13128000,0.0,161474,1
2018-02-21 17:38:17,0.2894,13120000,0.0,-3796928,0
2018-02-21 17:38:23,0.4422,13115000,0.0,-5799453,0
2018-02-21 17:38:44,0.0376,13108000,0.0,492861,1
2018-02-21 17:38:48,0.0076,13103000,0.0,99583,1
2018-02-21 17:38:48,0.0169,13103000,0.0,221441,1
2018-02-21 17:38:48,0.0085,13103000,0.0,111376,1
2018-02-21 17:38:48,0.0169,13103000,0.0,221441,1
2018-02-21 17:38:48,0.0076,13103000,0.0,99583,1
2018-02-21 17:38:48,0.0218,13103000,0.0,285645,1
2018-02-21 17:38:48,0.0076,13103000,0.0,99583,1
2018-02-21 17:38:52,0.4716,13100000,0.0,6177960,1
2018-02-21 17:38:52,0.1,13100000,0.0,1310000,1
2018-02-21 17:38:52,0.0355,13100000,0.0,465050,1
2018-02-21 17:39:53,1.5,13089000,0.0,-19633500,0
2018-02-21 17:40:30,0.0542,13080000,0.0,708936,1
2018-02-21 17:40:30,0.0051,13080000,0.0,66708,1
2018-02-21 17:40:33,0.0323,13077000,0.0,422387,1
2018-02-21 17:41:35,0.4699,13070000,0.0,6141593,1
2018-02-21 17:45:28,0.9385,13130000,0.0,12322505,1
2018-02-21 17:46:11,0.007,13136000,0.0,-91952,0
2018-02-21 17:46:39,1.493,13148000,0.0,-19629964,0
2018-02-21 17:47:05,0.0137,13164000,0.0,180347,1
2018-02-21 17:47:21,0.0152,13165000,0.0,200108,1
2018-02-21 17:47:21,4.25e-06,13165000,0.0,56,1
2018-02-21 17:47:39,0.0073,13163000,0.0,96090,1
2018-02-21 17:48:36,0.35267882,13158000,0.0,4640548,1
2018-02-21 17:48:37,0.326,13158000,0.0,4289508,1
2018-02-21 17:50:04,0.0138,13204000,0.0,182215,1
2018-02-21 17:50:54,0.7713,13211000,0.0,10189644,1
2018-02-21 17:53:17,0.0583,13209000,0.0,-770085,0
2018-02-21 17:53:22,0.37485806,13210000,0.0,-4951875,0
2018-02-21 17:53:22,0.03784194,13210000,0.0,-499892,0
2018-02-21 17:53:22,1.029,13210000,0.0,-13593090,0
2018-02-21 17:53:43,0.0905,13208000,0.0,1195324,1
2018-02-21 17:53:44,0.01,13208000,0.0,132080,1
2018-02-21 17:53:56,0.1847,13201000,0.0,2438225,1
2018-02-21 18:00:17,0.002,13240000,0.0,26480,1
2018-02-21 18:01:14,0.5853,13243000,0.0,7751128,1
2018-02-21 18:01:18,0.1414,13229000,0.0,-1870581,0
2018-02-21 18:01:22,0.5325,13239000,0.0,7049768,1
2018-02-21 18:02:51,1.2636,13224000,0.0,-16709846,0
2018-02-21 18:03:53,0.0023,13224000,0.0,30415,1
2018-02-21 18:04:24,0.5,13225000,0.0,6612500,1
2018-02-21 18:05:34,0.5293,13238000,0.0,7006873,1
2018-02-21 18:05:37,0.0482,13228000,0.0,-637590,0
2018-02-21 18:05:37,0.014,13228000,0.0,-185192,0
2018-02-21 18:06:04,0.5306,13234000,0.0,7021960,1
2018-02-21 18:06:17,0.13126101,13225000,0.0,-1735927,0
2018-02-21 18:06:17,0.3812,13224000,0.0,-5040989,0
2018-02-21 18:06:28,0.2904,13222000,0.0,-3839669,0
2018-02-21 18:10:49,0.02871835,13194000,0.0,378910,1
2018-02-21 18:12:15,0.002,13199000,0.0,26398,1
2018-02-21 18:14:55,0.116,13176000,0.0,1528416,1
2018-02-21 18:15:30,0.6996,13162000,0.0,-9208135,0
2018-02-21 18:18:01,1.34593262,13185000,0.0,17746122,1
2018-02-21 18:18:01,0.00976738,13185000,0.0,128783,1
2018-02-21 18:18:15,0.1712,13185000,0.0,-2257272,0
2018-02-21 18:18:32,0.1712,13196000,0.0,2259155,1
2018-02-21 18:19:12,1.5,13150000,0.0,-19725000,0
2018-02-21 18:22:06,0.5446094,13196000,0.0,7186666,1
2018-02-21 18:23:26,0.9554,13200000,0.0,12611280,1
2018-02-21 18:24:34,0.0394,13210000,0.0,-520474,0
2018-02-21 18:24:51,0.6207,13200000,0.0,-8193240,0
2018-02-21 18:25:23,0.4099,13213000,0.0,-5416009,0
2018-02-21 18:25:23,0.02879303,13213000,0.0,-380442,0
2018-02-21 18:25:24,0.03700697,13213000,0.0,-488973,0
2018-02-21 18:25:44,0.5735,13228000,0.0,7586258,1
2018-02-21 18:25:58,0.5623,13237000,0.0,7443165,1
2018-02-21 18:26:07,0.7527,13231000,0.0,-9958974,0
2018-02-21 18:28:13,0.1671,13231000,0.0,2210900,1
2018-02-21 18:28:30,0.2686,13233000,0.0,-3554384,0
2018-02-21 18:30:48,0.2195,13238000,0.0,2905741,1
2018-02-21 18:30:59,0.0356,13238000,0.0,471273,1
2018-02-21 18:31:27,0.006,13237000,0.0,79422,1
2018-02-21 18:31:42,0.15510137,13238000,0.0,2053232,1
2018-02-21 18:31:49,0.438,13239000,0.0,5798682,1
2018-02-21 18:34:48,1.5,13274000,0.0,-19911000,0
2018-02-21 18:35:33,0.0918,13291000,0.0,1220114,1
2018-02-21 18:35:33,0.227,13291000,0.0,3017057,1
2018-02-21 18:35:41,0.0522,13290000,0.0,693738,1
2018-02-21 18:35:46,0.71038054,13288000,0.0,9439537,1
2018-02-21 18:35:55,0.2207,13297000,0.0,2934648,1
2018-02-21 18:36:05,0.03,13289000,0.0,398670,1
2018-02-21 18:37:04,0.1679,13294000,0.0,2232063,1
2018-02-21 18:38:12,0.1178409,13300000,0.0,-1567284,0
2018-02-21 18:38:13,0.0673,13300000,0.0,-895090,0
2018-02-21 18:38:13,0.6346591,13300000,0.0,-8440966,0
2018-02-21 18:38:13,0.6802,13300000,0.0,-9046660,0
2018-02-21 18:41:45,0.0476,13317000,0.0,633889,1
2018-02-21 18:41:45,0.2,13317000,0.0,2663400,1
2018-02-21 18:41:50,0.4921,13324000,0.0,6556740,1
2018-02-21 18:43:23,0.0073,13326000,0.0,97280,1
2018-02-21 18:53:22,0.106,13264000,0.0,1405984,1
2018-02-21 18:53:49,0.853,13255000,0.0,-11306515,0
2018-02-21 18:59:17,0.03805684,13350000,0.0,508059,1
2018-02-21 18:59:17,0.0283,13350000,0.0,377805,1
2018-02-21 18:59:58,0.0075,13344000,0.0,100080,1
2018-02-21 19:03:18,1.1529,13341000,0.0,15380839,1
2018-02-21 19:03:22,0.1401,13343000,0.0,1869354,1
2018-02-21 19:03:30,0.3674,13321000,0.0,-4894135,0
2018-02-21 19:03:33,0.1917,13337000,0.0,2556703,1
2018-02-21 19:03:34,0.0135,13337000,0.0,180050,1
2018-02-21 19:03:42,0.2312,13331000,0.0,-3082127,0
2018-02-21 19:03:49,0.051,13330000,0.0,-679830,0
2018-02-21 19:04:01,0.1986,13329000,0.0,-2647139,0
2018-02-21 19:04:01,0.7238,13329000,0.0,-9647530,0
2018-02-21 19:04:30,0.09061034,13340000,0.0,1208742,1
2018-02-21 19:04:49,0.8089,13339000,0.0,10789917,1
2018-02-21 19:04:55,0.0698,13309000,0.0,-928968,0
2018-02-21 19:04:56,0.273,13309000,0.0,-3633357,0
2018-02-21 19:05:03,0.0267,13300000,0.0,355110,1
2018-02-21 19:05:03,0.2211,13300000,0.0,2940630,1
2018-02-21 19:05:07,0.0764,13290000,0.0,1015356,1
2018-02-21 19:05:07,0.0016,13290000,0.0,21264,1
2018-02-21 19:05:37,0.8825,13257000,0.0,-11699303,0
2018-02-21 19:07:03,0.1808,13269000,0.0,2399035,1
2018-02-21 19:07:16,1.2181,13260000,0.0,16152006,1
2018-02-21 19:07:16,0.1011,13260000,0.0,1340586,1
2018-02-21 19:07:24,0.02,13255000,0.0,-265100,0
2018-02-21 19:07:40,0.02,13267000,0.0,265340,1
2018-02-21 19:08:33,0.246,13250000,0.0,-3259500,0
2018-02-21 19:08:33,0.4,13250000,0.0,-5300000,0
2018-02-21 19:08:34,0.0306,13250000,0.0,-405450,0
2018-02-21 19:09:44,0.4168,13248000,0.0,5521766,1
2018-02-21 19:09:44,0.1837,13248000,0.0,2433658,1
2018-02-21 19:09:47,0.0761,13248000,0.0,1008173,1
2018-02-21 19:10:14,0.0401,13233000,0.0,-530643,0
2018-02-21 19:10:44,0.0401,13230000,0.0,530523,1
2018-02-21 19:11:44,1.5,13230000,0.0,-19845000,0
2018-02-21 19:13:42,0.015,13265000,0.0,198975,1
2018-02-21 19:13:42,0.099,13265000,0.0,1313235,1
2018-02-21 19:14:48,0.10382592,13283000,0.0,1379120,1
2018-02-21 19:17:04,0.0114,13278000,0.0,151369,1
2018-02-21 19:18:02,0.1,13266000,0.0,1326600,1
2018-02-21 19:19:32,0.7907,13250000,0.0,10476775,1
2018-02-21 19:19:32,0.38,13250000,0.0,5035000,1
2018-02-21 19:20:18,0.0054,13236000,0.0,-71474,0
2018-02-21 19:20:44,1.4946,13232000,0.0,-19776547,0
2018-02-21 19:21:15,0.0049,13232000,0.0,64837,1
2018-02-21 19:23:40,0.5,13219000,0.0,6609500,1
2018-02-21 19:24:02,0.0663,13195000,0.0,874829,1
2018-02-21 19:24:02,0.0855,13195000,0.0,1128173,1
2018-02-21 19:24:03,0.0522,13195000,0.0,688779,1
2018-02-21 19:24:07,0.31305583,13198000,0.0,4131711,1
2018-02-21 19:24:18,0.2572,13183000,0.0,-3390668,0
2018-02-21 19:24:21,0.7647,13185000,0.0,-10082570,0
2018-02-21 19:26:12,0.5179,13150000,0.0,6810385,1
2018-02-21 19:26:12,0.0016,13150000,0.0,21040,1
2018-02-21 19:26:12,0.005,13150000,0.0,65750,1
2018-02-21 19:26:12,0.1631,13150000,0.0,2144765,1
2018-02-21 19:26:13,0.2043,13150000,0.0,2686545,1
2018-02-21 19:26:13,0.3036,13150000,0.0,3992340,1
2018-02-21 19:26:13,0.2685,13150000,0.0,3530775,1
2018-02-21 19:26:13,0.036,13150000,0.0,473400,1
2018-02-21 19:26:39,0.5753,13137000,0.0,-7557716,0
2018-02-21 19:26:57,0.9247,13141000,0.0,-12151483,0
2018-02-21 19:27:31,1.5,13187000,0.0,19780500,1
2018-02-21 19:27:34,1.4023,13168000,0.0,-18465486,0
2018-02-21 19:28:27,0.2191,13160000,0.0,2883356,1
2018-02-21 19:28:32,0.006,13159000,0.0,78954,1
2018-02-21 19:28:37,0.4821,13156000,0.0,6342508,1
2018-02-21 19:28:44,0.02002257,13156000,0.0,263417,1
2018-02-21 19:28:51,0.8249,13144000,0.0,-10842486,0
2018-02-21 19:30:10,0.0032,13166000,0.0,42131,1
2018-02-21 19:30:10,0.0147,13166000,0.0,193540,1
2018-02-21 19:30:14,0.3353,13164000,0.0,4413889,1
2018-02-21 19:30:14,0.2461,13164000,0.0,3239660,1
2018-02-21 19:30:14,0.0384,13164000,0.0,505498,1
2018-02-21 19:30:51,0.8623,13168000,0.0,11354766,1
2018-02-21 19:30:56,0.4404,13157000,0.0,-5794343,0
2018-02-21 19:31:04,0.3,13156000,0.0,-3946800,0
2018-02-21 19:31:56,0.0264,13153000,0.0,-347239,0
2018-02-21 19:32:02,0.0048,13160000,0.0,63168,1
2018-02-21 19:32:25,0.6779,13162000,0.0,8922520,1
2018-02-21 19:33:23,1.4159,13165000,0.0,-18640324,0
2018-02-21 19:39:13,0.0675,13176000,0.0,889380,1
2018-02-21 19:39:28,0.0433,13171000,0.0,570304,1
2018-02-21 19:41:53,0.5494,13150000,0.0,7224610,1
2018-02-21 19:41:58,0.4804,13139000,0.0,6311976,1
2018-02-21 19:42:42,0.3594,13142000,0.0,4723235,1
2018-02-21 19:44:20,0.3784,13116000,0.0,-4963094,0
2018-02-21 19:45:15,0.3784,13141000,0.0,4972554,1
2018-02-21 19:46:08,0.0076,13152000,0.0,-99955,0
2018-02-21 19:46:17,0.6015,13145000,0.0,-7906718,0
2018-02-21 19:46:38,0.089,13141000,0.0,-1169549,0
2018-02-21 19:47:14,0.4791,13139000,0.0,-6294895,0
2018-02-21 19:47:41,0.5093,13139000,0.0,6691693,1
2018-02-21 19:47:41,0.6679,13138000,0.0,8774870,1
2018-02-21 19:48:12,0.9328,13150000,0.0,-12266320,0
2018-02-21 19:48:12,0.5672,13150000,0.0,-7458680,0
2018-02-21 19:48:36,1.2508,13155000,0.0,16454274,1
2018-02-21 19:48:45,0.2492,13164000,0.0,3280469,1
2018-02-21 19:51:33,0.0461,13155000,0.0,-606446,0
2018-02-21 19:52:11,0.0461,13148000,0.0,606123,1
2018-02-21 19:53:16,0.3792,13150000,0.0,-4986480,0
2018-02-21 19:53:20,0.48281034,13154000,0.0,-6350887,0
2018-02-21 19:53:21,0.00738966,13154000,0.0,-97204,0
2018-02-21 19:59:50,0.38546287,13181000,0.0,5080786,1
2018-02-21 20:00:58,1.0161,13177000,0.0,-13389150,0
2018-02-21 20:01:24,0.1755,13184000,0.0,2313792,1
2018-02-21 20:01:55,0.0554,13165000,0.0,729341,1
2018-02-21 20:01:55,0.01,13165000,0.0,131650,1
2018-02-21 20:01:55,0.3981,13165000,0.0,5240987,1
2018-02-21 20:01:55,0.3674,13165000,0.0,4836821,1
2018-02-21 20:02:13,0.7598,13150000,0.0,-9991370,0
2018-02-21 20:06:56,0.0005,13146000,0.0,6573,1
2018-02-21 20:13:02,0.0007,13158000,0.0,9211,1
2018-02-21 20:16:01,1.2522,13150000,0.0,16466430,1
2018-02-21 20:17:19,0.2779,13165000,0.0,-3658554,0
2018-02-21 20:17:19,0.0029,13165000,0.0,-38179,0
2018-02-21 20:17:19,0.0529,13165000,0.0,-696429,0
2018-02-21 20:17:24,0.0139,13168000,0.0,-183035,0
2018-02-21 20:17:31,1.1524,13179000,0.0,-15187480,0
2018-02-21 20:18:42,0.0227,13194000,0.0,299504,1
2018-02-21 20:19:42,0.2146,13191000,0.0,2830789,1
2018-02-21 20:20:06,0.23596703,13194000,0.0,3113349,1
2018-02-21 20:20:40,4.426e-05,13199000,0.0,584,1
2018-02-21 20:20:48,0.8253,13199000,0.0,10893135,1
2018-02-21 20:20:55,0.0812,13187000,0.0,1070784,1
2018-02-21 20:20:55,0.1202,13187000,0.0,1585077,1
2018-02-21 20:23:40,0.2878,13168000,0.0,-3789750,0
2018-02-21 20:24:46,0.2878,13169000,0.0,3790038,1
2018-02-21 20:25:40,0.6473,13170000,0.0,-8524941,0
2018-02-21 20:25:49,0.6473,13187000,0.0,8535945,1
2018-02-21 20:29:07,0.0772,13218000,0.0,-1020430,0
2018-02-21 20:29:07,0.0427,13218000,0.0,-564409,0
2018-02-21 20:29:08,0.0625,13218000,0.0,-826125,0
2018-02-21 20:29:08,0.0369,13218000,0.0,-487744,0
2018-02-21 20:29:08,0.0832,13218000,0.0,-1099738,0
2018-02-21 20:29:08,0.0624,13218000,0.0,-824803,0
2018-02-21 20:29:15,0.1,13219000,0.0,-1321900,0
2018-02-21 20:29:15,0.0456,13219000,0.0,-602786,0
2018-02-21 20:29:15,0.041,13219000,0.0,-541979,0
2018-02-21 20:29:18,0.3465,13220000,0.0,-4580730,0
2018-02-21 20:30:28,0.1002,13213000,0.0,1323943,1
2018-02-21 20:30:28,0.5091,13213000,0.0,6726738,1
2018-02-21 20:30:40,0.0618,13215000,0.0,816687,1
2018-02-21 20:31:02,1.273,13200000,0.0,-16803600,0
2018-02-21 20:33:06,1.0057,13217000,0.0,13292337,1
2018-02-21 20:33:10,0.4942,13213000,0.0,6529865,1
2018-02-21 20:33:31,1.5,13206000,0.0,-19809000,0
2018-02-21 20:34:37,0.7134,13191000,0.0,9410459,1
2018-02-21 20:34:45,0.1,13190000,0.0,1319000,1
2018-02-21 20:34:45,0.0016,13190000,0.0,21104,1
2018-02-21 20:34:45,0.1796,13190000,0.0,2368924,1
2018-02-21 20:37:30,0.3715,13181000,0.0,-4896742,0
2018-02-21 20:44:05,0.02166989,13184000,0.0,285696,1
2018-02-21 20:45:42,0.1047,13173000,0.0,1379213,1
2018-02-21 20:45:42,0.0095,13173000,0.0,125144,1
2018-02-21 20:45:42,0.0152,13173000,0.0,200230,1
2018-02-21 20:46:29,0.7258,13165000,0.0,9555157,1
2018-02-21 20:47:12,0.0561,13169000,0.0,-738781,0
2018-02-21 20:47:22,0.01,13169000,0.0,-131690,0
2018-02-21 20:47:33,0.3533,13163000,0.0,-4650488,0
2018-02-21 20:48:28,0.4194,13156000,0.0,5517626,1
2018-02-21 20:51:21,1.5,13124000,0.0,-19686000,0
2018-02-21 20:52:15,1.5,13107000,0.0,19660500,1
2018-02-21 20:53:04,0.0441,13086000,0.0,-577093,0
2018-02-21 20:53:13,0.8673,13086000,0.0,-11349488,0
2018-02-21 20:54:26,0.9114,13105000,0.0,11943897,1
2018-02-21 20:55:13,0.2395,13101000,0.0,-3137690,0
2018-02-21 20:55:18,1.2605,13111000,0.0,-16526416,0
2018-02-21 20:55:52,0.0031,13119000,0.0,40669,1
2018-02-21 20:55:55,0.01,13120000,0.0,131200,1
2018-02-21 20:55:55,0.1,13120000,0.0,1312000,1
2018-02-21 21:07:51,0.24,13125000,0.0,3150000,1
2018-02-21 21:22:36,0.0051,13095000,0.0,66785,1
2018-02-21 21:22:36,0.3818,13095000,0.0,4999671,1
2018-02-21 21:22:36,0.0138,13095000,0.0,180711,1
2018-02-21 21:22:57,0.1279,13095000,0.0,-1674851,0
2018-02-21 21:22:57,0.3884,13095000,0.0,-5086098,0
2018-02-21 21:24:54,0.1527,13110000,0.0,2001897,1
2018-02-21 21:28:01,0.0181,13122000,0.0,237508,1
2018-02-21 21:33:41,0.3067,13135000,0.0,4028505,1
2018-02-21 21:37:12,0.1572,13169000,0.0,2070167,1
2018-02-21 21:37:12,0.001,13169000,0.0,13169,1
2018-02-21 21:37:42,0.8732,13160000,0.0,-11491312,0
2018-02-21 21:38:08,1.5,13157000,0.0,19735500,1
2018-02-21 21:38:22,0.0028,13140000,0.0,-36792,0
2018-02-21 21:38:48,0.0954,13131000,0.0,-1252697,0
2018-02-21 21:38:59,0.3852,13120000,0.0,-5053824,0
2018-02-21 21:39:10,0.6047,13111000,0.0,-7928222,0
2018-02-21 21:41:24,0.0584,13102000,0.0,765157,1
2018-02-21 21:41:55,1.0297,13111000,0.0,13500397,1
2018-02-21 21:44:29,0.168,13097000,0.0,-2200296,0
2018-02-21 21:45:40,0.4921,13101000,0.0,-6447002,0
2018-02-21 21:45:43,0.41565611,13102000,0.0,-5445926,0
2018-02-21 21:45:43,0.42424389,13102000,0.0,-5558443,0
2018-02-21 21:48:28,0.0075,13100000,0.0,98250,1
2018-02-21 21:49:35,0.0036,13098000,0.0,47153,1
2018-02-21 21:51:53,0.3423,13088000,0.0,4480022,1
2018-02-21 21:52:20,1.1466,13100000,0.0,15020460,1
2018-02-21 21:56:39,0.0088,13055000,0.0,-114884,0
2018-02-21 21:56:42,0.0088,13069000,0.0,115007,1
2018-02-21 21:58:20,0.002,13081000,0.0,-26162,0
2018-02-21 21:58:20,0.1401,13081000,0.0,-1832648,0
2018-02-21 21:58:20,0.0219,13081000,0.0,-286474,0
2018-02-21 21:58:29,0.5446,13089000,0.0,-7128269,0
2018-02-21 21:58:35,0.2517,13109000,0.0,3299535,1
2018-02-21 21:58:49,0.0763,13109000,0.0,1000217,1
2018-02-21 21:58:56,0.3806,13100000,0.0,4985860,1
2018-02-21 22:00:01,0.1686,13111000,0.0,-2210515,0
2018-02-21 22:00:31,0.7023,13149000,0.0,-9234543,0
2018-02-21 22:01:15,0.3505,13167000,0.0,4615034,1
2018-02-21 22:02:16,0.0182,13162000,0.0,239548,1
2018-02-21 22:02:53,0.4056,13153000,0.0,5334857,1
2018-02-21 22:03:19,0.06,13157000,0.0,789420,1
2018-02-21 22:03:28,0.0366,13160000,0.0,481656,1
2018-02-21 22:10:37,0.0137,13204000,0.0,-180895,0
2018-02-21 22:11:21,0.0137,13200000,0.0,180840,1
2018-02-21 22:12:27,4.331e-05,13191000,0.0,-571,0
2018-02-21 22:17:34,0.007,13235000,0.0,-92645,0
2018-02-21 22:18:35,0.0071,13246000,0.0,94047,1
2018-02-21 22:19:36,0.9934,13214000,0.0,-13126788,0
2018-02-21 22:19:58,0.2514,13195000,0.0,3317223,1
2018-02-21 22:20:26,0.0078,13192000,0.0,-102898,0
2018-02-21 22:20:30,0.7502,13190000,0.0,-9895138,0
2018-02-21 22:20:54,1.3144,13205000,0.0,17356652,1
2018-02-21 22:21:01,1.3144,13185000,0.0,-17330364,0
2018-02-21 22:22:07,1.5,13145000,0.0,19717500,1
2018-02-21 22:22:25,0.0067,13155000,0.0,-88139,0
2018-02-21 22:22:29,0.01,13154000,0.0,-131540,0
2018-02-21 22:22:33,0.2805,13155000,0.0,-3689978,0
2018-02-21 22:23:07,0.2972,13146000,0.0,3906991,1
2018-02-21 22:23:16,0.075,13152000,0.0,-986400,0
2018-02-21 22:23:20,0.0372,13155000,0.0,-489366,0
2018-02-21 22:23:20,0.0244,13155000,0.0,-320982,0
2018-02-21 22:23:24,0.1015,13149000,0.0,-1334624,0
2018-02-21 22:23:28,1.2619,13150000,0.0,-16593985,0
2018-02-21 22:23:35,1.5,13150000,0.0,19725000,1
2018-02-21 22:23:45,0.5474,13155000,0.0,-7201047,0
2018-02-21 22:23:45,0.037,13155000,0.0,-486735,0
2018-02-21 22:23:49,0.1416,13151000,0.0,-1862182,0
2018-02-21 22:23:54,0.059,13150000,0.0,-775850,0
2018-02-21 22:24:14,0.785,13135000,0.0,10310975,1
2018-02-21 22:25:05,0.1401,13117000,0.0,-1837692,0
2018-02-21 22:25:17,0.1401,13125000,0.0,1838813,1
2018-02-21 22:26:27,1.5,13125000,0.0,-19687500,0
2018-02-21 22:26:31,1.5,13135000,0.0,19702500,1
2018-02-21 22:29:44,0.1644,13134000,0.0,-2159230,0
2018-02-21 22:29:52,0.3871,13128000,0.0,-5081849,0
2018-02-21 22:29:59,0.4846,13134000,0.0,6364736,1
2018-02-21 22:31:08,0.0244,13123000,0.0,320201,1
2018-02-21 22:31:08,0.0001,13123000,0.0,1312,1
2018-02-21 22:31:09,0.0424,13123000,0.0,556415,1
2018-02-21 22:33:28,0.0077,13110000,0.0,-100947,0
2018-02-21 22:33:39,0.0077,13120000,0.0,101024,1
2018-02-21 22:34:17,0.11,13082000,0.0,-1439020,0
2018-02-21 22:35:39,0.11,13110000,0.0,1442100,1
2018-02-21 22:37:40,0.1797,13113000,0.0,-2356406,0
2018-02-21 22:37:40,0.3826,13113000,0.0,-5017034,0
2018-02-21 22:38:31,0.2581,13130000,0.0,3388853,1
2018-02-21 22:38:41,0.0286,13127000,0.0,375432,1
2018-02-21 22:38:42,0.11,13127000,0.0,1443970,1
2018-02-21 22:38:55,0.8275,13114000,0.0,-10851835,0
2018-02-21 22:40:26,0.9931,13100000,0.0,13009610,1
2018-02-21 22:42:45,0.0106,13089000,0.0,-138743,0
2018-02-21 22:42:54,0.0347,13086000,0.0,-454084,0
2018-02-21 22:43:26,0.0453,13091000,0.0,593022,1
2018-02-21 22:44:40,0.0977,13113000,0.0,-1281140,0
2018-02-21 22:45:34,0.1538,13108000,0.0,-2016010,0
2018-02-21 22:45:50,0.1241,13110000,0.0,-1626951,0
2018-02-21 22:46:32,0.0356,13106000,0.0,-466574,0
2018-02-21 22:47:02,0.0245,13111000,0.0,321220,1
2018-02-21 22:48:14,0.0004,13076000,0.0,5230,1
2018-02-21 22:48:14,0.003,13076000,0.0,39228,1
2018-02-21 22:48:14,0.0004,13076000,0.0,5230,1
2018-02-21 22:48:14,0.0383,13076000,0.0,500811,1
2018-02-21 22:48:21,0.3446,13080000,0.0,4507368,1
2018-02-21 22:49:08,0.9922,13063000,0.0,-12961109,0
2018-02-21 22:49:31,0.9922,13060000,0.0,12958132,1
2018-02-21 22:54:20,0.007,13001000,0.0,-91007,0
2018-02-21 22:54:27,1.493,13000000,0.0,-19409000,0
2018-02-21 22:54:33,1.5,12996000,0.0,19494000,1
2018-02-21 22:55:13,0.5597,12955000,0.0,-7250914,0
2018-02-21 22:55:26,0.9403,12957000,0.0,-12183467,0
2018-02-21 22:55:58,0.2726,12920000,0.0,3521992,1
2018-02-21 22:55:58,0.021,12920000,0.0,271320,1
2018-02-21 22:56:57,1.2064,12927000,0.0,15595133,1
2018-02-21 22:58:21,0.0182,12916000,0.0,-235071,0
2018-02-21 22:58:28,0.0073,12908000,0.0,-94228,0
2018-02-21 22:58:36,0.0033,12919000,0.0,-42633,0
2018-02-21 22:58:42,1.4712,12900000,0.0,-18978480,0
2018-02-21 23:00:52,0.0292,12938000,0.0,377790,1
2018-02-21 23:00:53,0.5774,12938000,0.0,7470401,1
2018-02-21 23:00:53,0.8934,12938000,0.0,11558809,1
2018-02-21 23:00:57,0.0487,12950000,0.0,-630665,0
2018-02-21 23:00:57,0.344,12950000,0.0,-4454800,0
2018-02-21 23:01:01,1.1073,12950000,0.0,-14339535,0
2018-02-21 23:01:20,0.26785513,12953000,0.0,3469527,1
2018-02-21 23:01:37,1.2321,12940000,0.0,15943374,1
2018-02-21 23:02:01,0.3665,12938000,0.0,-4741777,0
2018-02-21 23:02:20,0.3665,12946000,0.0,4744709,1
2018-02-21 23:02:40,0.0788,12912000,0.0,-1017466,0
2018-02-21 23:02:57,0.0393,12916000,0.0,507599,1
2018-02-21 23:03:05,0.0395,12907000,0.0,509827,1
2018-02-21 23:03:10,1.5,12897000,0.0,-19345500,0
2018-02-21 23:03:20,0.0248,12908000,0.0,320118,1
2018-02-21 23:04:56,0.0009,12895000,0.0,11606,1
2018-02-21 23:04:56,0.8697,12895000,0.0,11214782,1
2018-02-21 23:05:00,0.2403,12895000,0.0,3098669,1
2018-02-21 23:05:07,0.0367,12890000,0.0,473063,1
2018-02-21 23:05:07,0.3276,12890000,0.0,4222764,1
2018-02-21 23:05:17,0.0333934,12880000,0.0,-430107,0
2018-02-21 23:05:18,0.0061066,12880000,0.0,-78653,0
2018-02-21 23:05:45,1.1842,12880000,0.0,-15252496,0
2018-02-21 23:06:04,0.6679,12897000,0.0,8613906,1
2018-02-21 23:06:47,0.2322,12921000,0.0,3000256,1
2018-02-21 23:07:53,0.2492,12911000,0.0,-3217421,0
2018-02-21 23:08:36,0.001,12908000,0.0,12908,1
2018-02-21 23:08:36,0.5578,12908000,0.0,7200082,1
2018-02-21 23:08:44,0.0039,12899000,0.0,50306,1
2018-02-21 23:08:48,0.0101,12897000,0.0,130260,1
2018-02-21 23:09:17,0.2659,12875000,0.0,-3423463,0
2018-02-21 23:09:25,0.8853,12870000,0.0,-11393811,0
2018-02-21 23:10:17,1.1512,12837000,0.0,14777954,1
2018-02-21 23:13:00,0.1401,12800000,0.0,-1793280,0
2018-02-21 23:13:23,0.1401,12799000,0.0,1793140,1
2018-02-21 23:13:30,0.0581,12800000,0.0,-743680,0
2018-02-21 23:13:50,0.0581,12804000,0.0,743912,1
2018-02-21 23:15:23,0.0119,12757000,0.0,-151808,0
2018-02-21 23:15:49,0.0337,12756000,0.0,-429877,0
2018-02-21 23:16:13,0.0456,12791000,0.0,583270,1
2018-02-21 23:16:17,0.0011,12792000,0.0,-14071,0
2018-02-21 23:16:24,0.4847,12805000,0.0,-6206584,0
2018-02-21 23:16:36,0.4858,12819000,0.0,6227470,1
2018-02-21 23:17:37,1.5,12800000,0.0,-19200000,0
2018-02-21 23:18:07,0.7576226,12803000,0.0,9699842,1
2018-02-21 23:18:12,0.1455,12804000,0.0,-1862982,0
2018-02-21 23:25:41,0.0958,12859000,0.0,1231892,1
2018-02-21 23:25:41,0.7921,12859000,0.0,10185614,1
2018-02-21 23:25:57,1.5,12850000,0.0,-19275000,0
2018-02-21 23:26:17,0.0001,12831000,0.0,1283,1
2018-02-21 23:26:17,0.0639,12831000,0.0,819901,1
2018-02-21 23:32:10,0.2193,12892000,0.0,2827216,1
2018-02-21 23:32:19,0.7919,12898000,0.0,10213926,1
2018-02-21 23:32:27,0.112,12890000,0.0,1443680,1
2018-02-21 23:32:27,0.0654,12890000,0.0,843006,1
2018-02-21 23:32:27,0.0154,12890000,0.0,198506,1
2018-02-21 23:32:27,0.185,12890000,0.0,2384650,1
2018-02-21 23:32:32,0.047,12890000,0.0,605830,1
2018-02-21 23:32:41,0.0078,12892000,0.0,-100558,0
2018-02-21 23:32:52,0.2659,12907000,0.0,-3431971,0
2018-02-21 23:33:15,0.1,12912000,0.0,1291200,1
2018-02-21 23:34:22,0.4758,12901000,0.0,-6138296,0
2018-02-21 23:34:26,0.8505,12901000,0.0,-10972301,0
2018-02-21 23:38:20,1.5,12830000,0.0,19245000,1
2018-02-21 23:41:03,0.0151,12732000,0.0,-192253,0
2018-02-21 23:41:10,1.4849,12730000,0.0,-18902777,0
2018-02-21 23:41:53,1.5,12800000,0.0,19200000,1
2018-02-21 23:42:32,1.07377401,12798000,0.0,-13742160,0
2018-02-21 23:42:34,0.12032599,12798000,0.0,-1539932,0
2018-02-21 23:45:58,0.36302578,12832000,0.0,4658347,1
2018-02-21 23:45:59,0.15,12832000,0.0,1924800,1
2018-02-21 23:46:17,0.5,12822000,0.0,6411000,1
2018-02-21 23:46:25,0.1811,12838000,0.0,2324962,1
2018-02-21 23:46:45,1.5,12847000,0.0,-19270500,0
2018-02-21 23:47:18,0.3116,12843000,0.0,4001879,1
2018-02-21 23:47:18,0.0477,12843000,0.0,612611,1
2018-02-21 23:47:19,0.27901721,12843000,0.0,3583418,1
2018-02-21 23:47:19,0.2624,12843000,0.0,3370003,1
2018-02-21 23:47:30,0.0037,12838000,0.0,-47501,0
2018-02-21 23:47:38,0.7982,12828000,0.0,-10239310,0
2018-02-21 23:47:48,0.934,12843000,0.0,11995362,1
2018-02-21 23:47:55,0.5499,12828000,0.0,-7054117,0
2018-02-21 23:48:14,0.4495,12842000,0.0,5772479,1
2018-02-21 23:48:29,0.8028,12827000,0.0,-10297516,0
2018-02-21 23:49:06,0.2,12845000,0.0,2569000,1
2018-02-21 23:49:06,0.0171,12845000,0.0,219650,1
2018-02-21 23:49:10,1.1532,12845000,0.0,14812854,1
2018-02-21 23:50:22,1.30517053,12866000,0.0,-16792324,0
2018-02-21 23:51:13,0.0357,12848000,0.0,458674,1
2018-02-21 23:51:13,0.86,12848000,0.0,11049280,1
2018-02-21 23:51:31,0.0849,12848000,0.0,1090795,1
2018-02-21 23:52:22,0.1183,12889000,0.0,-1524769,0
2018-02-21 23:52:29,0.4429,12910000,0.0,5717839,1
2018-02-21 23:53:34,0.1613,12896000,0.0,-2080125,0
2018-02-21 23:53:35,0.3971,12896000,0.0,-5121002,0
2018-02-21 23:53:47,0.8824,12912000,0.0,-11393549,0
2018-02-21 23:53:47,0.0592,12911000,0.0,-764331,0
2018-02-21 23:55:13,0.0041,12899000,0.0,52886,1
2018-02-21 23:57:31,1.23638746,12930000,0.0,15986490,1
2018-02-21 23:57:46,1.2405,12941000,0.0,-16053311,0
2018-02-21 23:59:13,0.10614189,12966000,0.0,1376236,1
2018-02-21 23:59:13,1.0,12966000,0.0,12966000,1
2018-02-21 23:59:27,0.0377,12947000,0.0,488102,1
2018-02-21 23:59:27,0.0901,12947000,0.0,1166525,1
2018-02-21 23:59:33,0.0107,12947000,0.0,138533,1
2018-02-21 23:59:33,0.157,12947000,0.0,2032679,1
2018-02-22 00:00:22,6.625e-05,12947000,0.0,-858,0
2018-02-22 00:01:27,0.0016,12944000,0.0,20710,1
2018-02-22 00:01:28,0.0969,12944000,0.0,1254274,1
2018-02-22 00:02:04,0.1398,12913000,0.0,-1805237,0
2018-02-22 00:02:09,1.3602,12911000,0.0,-17561542,0
2018-02-22 00:04:13,0.0218,12849000,0.0,280108,1
2018-02-22 00:04:13,1.4782,12849000,0.0,18993392,1
2018-02-22 00:04:33,0.3643,12857000,0.0,-4683805,0
2018-02-22 00:04:39,0.0074,12856000,0.0,-95134,0
2018-02-22 00:05:09,6.143e-05,12860000,0.0,-790,0
2018-02-22 00:05:13,1.1283,12861000,0.0,-14511066,0
2018-02-22 00:06:04,1.1943,12926000,0.0,15437522,1
2018-02-22 00:06:04,0.19,12918000,0.0,2454420,1
2018-02-22 00:07:06,0.09,12914000,0.0,-1162260,0
2018-02-22 00:07:41,0.1,12898000,0.0,1289800,1
2018-02-22 00:07:49,0.1057,12885000,0.0,1361945,1
2018-02-22 00:10:13,0.4063,12897000,0.0,-5240051,0
2018-02-22 00:10:19,0.0503,12907000,0.0,649222,1
2018-02-22 00:10:19,0.2036,12907000,0.0,2627865,1
2018-02-22 00:10:31,1.3476,12886000,0.0,-17365174,0
2018-02-22 00:12:08,0.0193,12905000,0.0,249067,1
2018-02-22 00:12:08,0.0161,12905000,0.0,207771,1
2018-02-22 00:12:11,0.4522,12904000,0.0,5835189,1
2018-02-22 00:13:20,0.2971,12925000,0.0,3840018,1
2018-02-22 00:13:42,0.4089,12926000,0.0,-5285441,0
2018-02-22 00:14:55,0.1236,12921000,0.0,1597036,1
2018-02-22 00:17:26,0.5791,12917000,0.0,7480235,1
2018-02-22 00:17:27,0.0139,12917000,0.0,179546,1
2018-02-22 00:19:54,1.0924,12885000,0.0,-14075574,0
2018-02-22 00:20:38,0.33190041,12897000,0.0,4280520,1
2018-02-22 00:20:43,0.3855,12870000,0.0,4961385,1
2018-02-22 00:22:09,0.0092,12800000,0.0,117760,1
2018-02-22 00:22:09,0.2507,12800000,0.0,3208960,1
2018-02-22 00:22:19,0.2891,12800000,0.0,3700480,1
2018-02-22 00:22:19,0.2336,12800000,0.0,2990080,1
2018-02-22 00:22:22,0.3225,12790000,0.0,-4124775,0
2018-02-22 00:22:30,0.0145,12808000,0.0,-185716,0
2018-02-22 00:22:39,0.099,12809000,0.0,-1268091,0
2018-02-22 00:22:43,0.1241,12815000,0.0,-1590342,0
2018-02-22 00:22:47,0.099,12824000,0.0,-1269576,0
2018-02-22 00:22:47,0.0472,12829000,0.0,-605529,0
2018-02-22 00:22:52,0.76539519,12839000,0.0,-9826909,0
2018-02-22 00:22:52,0.02830481,12839000,0.0,-363405,0
2018-02-22 00:24:27,0.5601,12838000,0.0,7190564,1
2018-02-22 00:25:11,0.1711,12808000,0.0,2191449,1
2018-02-22 00:26:33,0.7688,12838000,0.0,9869854,1
2018-02-22 00:27:25,1.5,12836000,0.0,-19254000,0
2018-02-22 00:28:30,0.29621436,12869000,0.0,3811983,1
2018-02-22 00:30:16,0.014,12842000,0.0,179788,1
2018-02-22 00:31:13,1.1898,12868000,0.0,15310346,1
2018-02-22 00:31:33,1.5,12865000,0.0,-19297500,0
2018-02-22 00:31:55,0.225,12870000,0.0,2895750,1
2018-02-22 00:32:13,0.0115,12866000,0.0,147959,1
2018-02-22 00:32:36,1.2635,12865000,0.0,16254928,1
2018-02-22 00:33:27,0.55292767,12880000,0.0,-7121708,0
2018-02-22 00:33:27,0.04677233,12880000,0.0,-602428,0
2018-02-22 00:33:30,0.9003,12883000,0.0,-11598565,0
2018-02-22 00:33:44,0.3931,12880000,0.0,5063128,1
2018-02-22 00:33:45,0.25,12880000,0.0,3220000,1
2018-02-22 00:33:51,0.2455,12881000,0.0,3162286,1
2018-02-22 00:34:00,0.6114,12876000,0.0,7872386,1
2018-02-22 00:34:35,0.6172,12888000,0.0,-7954474,0
2018-02-22 00:34:39,0.22114908,12890000,0.0,-2850612,0
2018-02-22 00:34:39,0.3,12890000,0.0,-3867000,0
2018-02-22 00:34:39,0.30175092,12890000,0.0,-3889569,0
2018-02-22 00:38:42,0.2093,12850000,0.0,2689505,1
2018-02-22 00:38:55,0.11745299,12859000,0.0,1510328,1
2018-02-22 00:38:55,0.064,12859000,0.0,822976,1
2018-02-22 00:38:56,0.2134,12859000,0.0,2744111,1
2018-02-22 00:39:59,0.1,12866000,0.0,1286600,1
2018-02-22 00:40:11,0.3312,12861000,0.0,4259563,1
2018-02-22 00:40:22,1.0953,12846000,0.0,-14070224,0
2018-02-22 00:40:41,0.0321,12865000,0.0,412967,1
2018-02-22 00:40:42,0.04006265,12865000,0.0,515406,1
2018-02-22 00:42:31,0.2042,12827000,0.0,2619273,1
2018-02-22 00:43:56,0.1435,12825000,0.0,1840388,1
2018-02-22 00:44:12,0.52818511,12830000,0.0,6776615,1
2018-02-22 00:44:21,0.0258,12811000,0.0,-330524,0
2018-02-22 00:44:27,0.5417,12826000,0.0,6947844,1
2018-02-22 00:44:37,0.0361,12825000,0.0,462983,1
2018-02-22 00:45:35,0.22254601,12825000,0.0,-2854153,0
2018-02-22 00:46:13,0.2225,12851000,0.0,2859348,1
2018-02-22 00:46:47,0.2933,12850000,0.0,-3768905,0
2018-02-22 00:46:52,1.2067,12851000,0.0,-15507302,0
2018-02-22 00:48:22,1.4,12842000,0.0,17978800,1
2018-02-22 00:48:42,0.1,12859000,0.0,1285900,1
2018-02-22 00:49:14,0.0153,12864000,0.0,-196819,0
2018-02-22 00:49:40,0.0596,12850000,0.0,-765860,0
2018-02-22 00:49:50,0.2503,12858000,0.0,-3218357,0
2018-02-22 00:50:11,0.12915793,12859000,0.0,-1660842,0
2018-02-22 00:50:12,0.04164207,12859000,0.0,-535475,0
2018-02-22 00:50:15,0.5374,12856000,0.0,-6908814,0
2018-02-22 00:52:00,1.0334,12859000,0.0,13288491,1
2018-02-22 00:53:17,0.0838,12853000,0.0,-1077081,0
2018-02-22 00:54:15,0.0912,12845000,0.0,-1171464,0
2018-02-22 00:55:22,1.325,12851000,0.0,-17027575,0
2018-02-22 00:55:55,1.2,12859000,0.0,15430800,1
2018-02-22 00:56:13,0.2675,12856000,0.0,3438980,1
2018-02-22 00:56:14,0.0325,12856000,0.0,417820,1
2018-02-22 00:56:37,1.5,12870000,0.0,-19305000,0
2018-02-22 00:56:59,0.0478,12884000,0.0,615855,1
2018-02-22 01:01:21,0.7758,12898000,0.0,10006268,1
2018-02-22 01:01:50,0.0865,12903000,0.0,-1116110,0
2018-02-22 01:02:58,0.0521,12921000,0.0,673184,1
2018-02-22 01:02:58,0.7108,12921000,0.0,9184247,1
2018-02-22 01:04:56,0.1019,12904000,0.0,-1314918,0
2018-02-22 01:05:25,0.1182,12888000,0.0,-1523362,0
2018-02-22 01:06:13,0.099,12893000,0.0,-1276407,0
2018-02-22 01:06:40,0.05,12881000,0.0,-644050,0
2018-02-22 01:07:50,1.10853956,12900000,0.0,-14300160,0
2018-02-22 01:07:50,0.02236044,12900000,0.0,-288450,0
2018-02-22 01:10:29,0.2945,12913000,0.0,3802879,1
2018-02-22 01:10:33,0.5754,12914000,0.0,7430716,1
2018-02-22 01:10:40,0.156,12900000,0.0,2012400,1
2018-02-22 01:10:41,0.4741,12900000,0.0,6115890,1
2018-02-22 01:13:26,0.5387,12890000,0.0,-6943843,0
2018-02-22 01:13:33,0.0364,12888000,0.0,-469123,0
2018-02-22 01:13:55,0.3187,12890000,0.0,-4108043,0
2018-02-22 01:15:18,2.653e-05,12896000,0.0,342,1
2018-02-22 01:19:20,0.0438,12849000,0.0,562786,1
2018-02-22 01:19:57,0.0034,12859000,0.0,43721,1
2018-02-22 01:20:50,0.8466,12860000,0.0,10887276,1
2018-02-22 01:21:10,1.3796,12854000,0.0,-17733378,0
2018-02-22 01:21:31,1.3796,12860000,0.0,17741656,1
2018-02-22 01:26:53,0.1413,12859000,0.0,-1816977,0
2018-02-22 01:27:02,0.1433,12859000,0.0,-1842695,0
2018-02-22 01:27:03,0.0174,12859000,0.0,-223747,0
2018-02-22 01:27:22,1.198,12857000,0.0,-15402686,0
2018-02-22 01:33:34,0.0068,12812000,0.0,87122,1
2018-02-22 01:33:34,0.0019,12812000,0.0,24343,1
2018-02-22 01:33:34,0.0614,12812000,0.0,786657,1
2018-02-22 01:34:23,0.7431,12787000,0.0,9502020,1
2018-02-22 01:34:27,0.5804,12785000,0.0,7420414,1
2018-02-22 01:34:43,0.0092,12785000,0.0,-117622,0
2018-02-22 01:34:50,0.1531,12800000,0.0,-1959680,0
2018-02-22 01:34:59,1.2313,12800000,0.0,-15760640,0
2018-02-22 01:35:49,0.0228,12774000,0.0,291247,1
2018-02-22 01:35:53,0.0001,12770000,0.0,1277,1
2018-02-22 01:36:02,0.001,12772000,0.0,12772,1
2018-02-22 01:39:11,0.0065,12752000,0.0,82888,1
2018-02-22 01:40:06,1.4696,12762000,0.0,18755035,1
2018-02-22 01:40:44,0.0028,12750000,0.0,-35700,0
2018-02-22 01:41:19,1.3,12753000,0.0,-16578900,0
2018-02-22 01:42:26,0.5584,12747000,0.0,7117925,1
2018-02-22 01:42:42,0.7556,12735000,0.0,-9622566,0
2018-02-22 01:45:10,0.5478,12728000,0.0,6972398,1
2018-02-22 01:45:11,0.5,12728000,0.0,6364000,1
2018-02-22 01:45:28,0.6887,12744000,0.0,-8776793,0
2018-02-22 01:49:28,0.0129,12779000,0.0,164849,1
2018-02-22 01:49:42,0.6561,12756000,0.0,8369212,1
2018-02-22 01:49:42,0.02,12756000,0.0,255120,1
2018-02-22 01:49:50,0.2996,12759000,0.0,-3822596,0
2018-02-22 01:50:25,0.121,12774000,0.0,1545654,1
2018-02-22 01:50:55,0.6305,12800000,0.0,8070400,1
2018-02-22 01:52:24,0.401,12801000,0.0,-5133201,0
2018-02-22 01:52:32,0.0001,12810000,0.0,1281,1
2018-02-22 01:53:09,0.375,12809000,0.0,-4803375,0
2018-02-22 01:53:57,0.002,12801000,0.0,25602,1
2018-02-22 01:54:14,0.1089,12770000,0.0,1390653,1
2018-02-22 01:54:44,0.665,12784000,0.0,8501360,1
2018-02-22 01:55:06,1.5,12790000,0.0,-19185000,0
2018-02-22 01:59:01,0.17059191,12824000,0.0,2187671,1
2018-02-22 02:00:35,1.3294,12801000,0.0,17017649,1
2018-02-22 02:02:04,0.2278,12815000,0.0,-2919257,0
2018-02-22 02:02:21,0.0033,12803000,0.0,-42250,0
2018-02-22 02:02:54,0.52278453,12802000,0.0,-6692688,0
2018-02-22 02:05:25,0.46,12800000,0.0,5888000,1
2018-02-22 02:05:26,0.1239,12800000,0.0,1585920,1
2018-02-22 02:06:12,0.1373,12808000,0.0,1758538,1
2018-02-22 02:06:58,0.4747,12782000,0.0,-6067615,0
2018-02-22 02:07:14,0.2476,12781000,0.0,-3164576,0
2018-02-22 02:10:18,0.0033,12765000,0.0,42125,1
2018-02-22 02:10:26,0.4645,12765000,0.0,5929343,1
2018-02-22 02:10:48,0.2872,12770000,0.0,3667544,1
2018-02-22 02:15:51,0.03990429,12813000,0.0,-511294,0
2018-02-22 02:15:51,0.01229571,12813000,0.0,-157545,0
2018-02-22 02:16:34,0.0522,12825000,0.0,669465,1
2018-02-22 02:17:22,0.3353,12820000,0.0,-4298546,0
2018-02-22 02:17:52,0.3353,12832000,0.0,4302570,1
2018-02-22 02:18:47,1.5,12816000,0.0,-19224000,0
2018-02-22 02:23:09,0.8524,12868000,0.0,10968683,1
2018-02-22 02:23:41,0.5364,12864000,0.0,6900250,1
2018-02-22 02:24:23,0.2542,12848000,0.0,-3265962,0
2018-02-22 02:24:37,0.1489,12859000,0.0,1914705,1
2018-02-22 02:24:47,0.2165,12854000,0.0,2782891,1
2018-02-22 02:25:18,0.5097,12839000,0.0,-6544038,0
2018-02-22 02:26:29,0.5097,12863000,0.0,6556271,1
2018-02-22 02:26:44,0.0968,12860000,0.0,-1244848,0
2018-02-22 02:26:53,0.0968,12869000,0.0,1245719,1
2018-02-22 02:26:58,0.0819,12864000,0.0,-1053562,0
2018-02-22 02:27:17,0.0271,12867000,0.0,-348696,0
2018-02-22 02:27:40,0.109,12888000,0.0,1404792,1
2018-02-22 02:28:25,0.0167,12911000,0.0,-215614,0
2018-02-22 02:29:29,0.0995,12910000,0.0,-1284545,0
2018-02-22 02:29:33,0.1492,12917000,0.0,-1927216,0
2018-02-22 02:29:33,1.1286,12917000,0.0,-14578126,0
2018-02-22 02:30:13,0.2,12920000,0.0,2584000,1
2018-02-22 02:34:24,0.8378,12911000,0.0,10816836,1
2018-02-22 02:34:29,0.3562,12905000,0.0,4596761,1
2018-02-22 02:36:42,0.05,12888000,0.0,-644400,0
2018-02-22 02:39:32,1.45,12864000,0.0,-18652800,0
2018-02-22 02:39:51,0.0229,12873000,0.0,294792,1
2018-02-22 02:40:23,0.24,12896000,0.0,3095040,1
2018-02-22 02:41:02,0.8798,12879000,0.0,11330944,1
2018-02-22 02:41:34,0.3471,12872000,0.0,-4467871,0
2018-02-22 02:41:37,0.7956,12872000,0.0,-10240963,0
2018-02-22 02:43:03,0.203,12885000,0.0,2615655,1
2018-02-22 02:43:03,0.4098,12885000,0.0,5280273,1
2018-02-22 02:43:19,0.8872,12873000,0.0,11420926,1
2018-02-22 02:43:36,1.3326,12854000,0.0,-17129240,0
2018-02-22 02:44:19,0.0041,12869000,0.0,52763,1
2018-02-22 02:44:19,0.0975,12869000,0.0,1254728,1
2018-02-22 02:46:30,0.0361,12900000,0.0,465690,1
2018-02-22 02:46:30,0.0061,12900000,0.0,78690,1
2018-02-22 02:46:49,0.3047,12900000,0.0,3930630,1
2018-02-22 02:49:03,0.8841,12900000,0.0,11404890,1
2018-02-22 02:53:17,1.5,12907000,0.0,-19360500,0
2018-02-22 02:54:02,1.5,12904000,0.0,19356000,1
2018-02-22 02:58:20,1.4633,12911000,0.0,-18892666,0
2018-02-22 02:58:39,1.3,12920000,0.0,16796000,1
2018-02-22 02:58:39,0.001,12919000,0.0,12919,1
2018-02-22 02:59:01,0.1613,12920000,0.0,2083996,1
2018-02-22 02:59:01,0.001,12920000,0.0,12920,1
2018-02-22 03:00:23,1.5,12924000,0.0,-19386000,0
2018-02-22 03:01:03,0.07086705,12949000,0.0,917657,1
2018-02-22 03:02:40,1.4291,12950000,0.0,18506845,1
2018-02-22 03:07:51,0.4114,12957000,0.0,-5330510,0
2018-02-22 03:08:14,0.1771,12959000,0.0,2295039,1
2018-02-22 03:09:15,0.0206,12952000,0.0,266811,1
2018-02-22 03:09:24,0.1097,12942000,0.0,1419737,1
2018-02-22 03:09:24,0.0436,12942000,0.0,564271,1
2018-02-22 03:09:28,0.3983,12929000,0.0,-5149621,0
2018-02-22 03:09:47,0.39,12938000,0.0,5045820,1
2018-02-22 03:09:48,0.0687,12938000,0.0,888841,1
2018-02-22 03:11:50,9.647e-05,12911000,0.0,-1246,0
2018-02-22 03:12:17,0.0872,12920000,0.0,-1126624,0
2018-02-22 03:12:28,0.2541,12913000,0.0,-3281193,0
2018-02-22 03:12:47,0.3414,12910000,0.0,4407474,1
2018-02-22 03:15:01,0.0759,12909000,0.0,-979793,0
2018-02-22 03:15:05,0.0304,12911000,0.0,-392494,0
2018-02-22 03:15:09,0.0155,12915000,0.0,-200183,0
2018-02-22 03:15:09,0.0459,12915000,0.0,-592799,0
2018-02-22 03:15:14,0.199,12919000,0.0,-2570881,0
2018-02-22 03:15:18,0.9936,12920000,0.0,-12837312,0
2018-02-22 03:16:26,1.2803,12928000,0.0,16551718,1
2018-02-22 03:16:26,0.08,12926000,0.0,1034080,1
2018-02-22 03:17:10,0.0413,12933000,0.0,-534133,0
2018-02-22 03:17:15,0.0413,12936000,0.0,534257,1
2018-02-22 03:18:12,0.2319,12920000,0.0,-2996148,0
2018-02-22 03:18:28,0.0805,12920000,0.0,1040060,1
2018-02-22 03:18:28,0.1,12920000,0.0,1292000,1
2018-02-22 03:18:32,0.0514,12920000,0.0,664088,1
2018-02-22 03:19:04,0.002,12924000,0.0,-25848,0
2018-02-22 03:19:55,0.002,12930000,0.0,25860,1
2018-02-22 03:23:21,0.0495,12884000,0.0,-637758,0
2018-02-22 03:23:53,0.0495,12876000,0.0,637362,1
2018-02-22 03:24:25,1.5,12850000,0.0,-19275000,0
2018-02-22 03:33:04,0.0077,12828000,0.0,98776,1
2018-02-22 03:33:04,0.0311,12828000,0.0,398951,1
2018-02-22 03:36:13,0.0033,12786000,0.0,42194,1
2018-02-22 03:36:13,0.0193,12786000,0.0,246770,1
2018-02-22 03:36:16,0.0501,12786000,0.0,640579,1
2018-02-22 03:36:27,0.01995331,12786000,0.0,255123,1
2018-02-22 03:36:30,0.0307,12786000,0.0,392530,1
2018-02-22 03:36:31,1.33784669,12786000,0.0,17105708,1
2018-02-22 03:36:51,0.3047,12780000,0.0,-3894066,0
2018-02-22 03:37:37,0.199,12804000,0.0,-2547996,0
2018-02-22 03:37:41,0.6542,12805000,0.0,-8377031,0
2018-02-22 03:37:41,0.0023,12805000,0.0,-29452,0
2018-02-22 03:38:36,0.2748,12780000,0.0,3511944,1
2018-02-22 03:38:36,0.4305,12780000,0.0,5501790,1
2018-02-22 03:38:53,0.1912,12761000,0.0,-2439903,0
2018-02-22 03:39:01,0.832,12757000,0.0,-10613824,0
2018-02-22 03:44:10,1.0,12767000,0.0,12767000,1
2018-02-22 03:44:14,0.3371,12764000,0.0,4302744,1
2018-02-22 03:44:14,0.141,12764000,0.0,1799724,1
2018-02-22 03:47:09,0.549,12748000,0.0,-6998652,0
2018-02-22 03:47:22,0.1839,12740000,0.0,-2342886,0
2018-02-22 03:47:26,0.7671,12740000,0.0,-9772854,0
2018-02-22 03:55:56,1.5,12700000,0.0,19050000,1
2018-02-22 03:59:16,0.0869,12712000,0.0,-1104673,0
2018-02-22 03:59:26,0.2016,12723000,0.0,-2564957,0
2018-02-22 03:59:33,0.0022,12760000,0.0,-28072,0
2018-02-22 04:00:33,0.1372,12716000,0.0,-1744635,0
2018-02-22 04:00:37,1.0721,12730000,0.0,-13647833,0
2018-02-22 04:01:48,0.1276,12741000,0.0,1625752,1
2018-02-22 04:02:12,1.0,12731000,0.0,12731000,1
2018-02-22 04:02:21,0.3724,12730000,0.0,4740652,1
2018-02-22 04:05:51,0.8251,12704000,0.0,-10482070,0
2018-02-22 04:06:46,0.3035,12716000,0.0,3859306,1
2018-02-22 04:06:58,0.4083,12720000,0.0,-5193576,0
2018-02-22 04:07:16,0.2379,12716000,0.0,3025136,1
2018-02-22 04:07:36,0.63,12709000,0.0,8006670,1
2018-02-22 04:07:36,0.062,12709000,0.0,787958,1
2018-02-22 04:08:38,0.9954,12728000,0.0,-12669451,0
2018-02-22 04:10:34,0.9954,12763000,0.0,12704290,1
2018-02-22 04:13:41,0.0016,12738000,0.0,-20381,0
2018-02-22 04:14:05,0.2376,12741000,0.0,-3027262,0
2018-02-22 04:14:20,1.099,12757000,0.0,-14019943,0
2018-02-22 04:14:37,0.5485,12747000,0.0,6991730,1
2018-02-22 04:14:42,0.7897,12746000,0.0,10065516,1
2018-02-22 04:17:32,0.299,12745000,0.0,-3810755,0
2018-02-22 04:17:32,0.1103,12745000,0.0,-1405774,0
2018-02-22 04:18:31,0.002,12742000,0.0,-25484,0
2018-02-22 04:19:49,0.021,12722000,0.0,267162,1
2018-02-22 04:19:55,0.1057,12714000,0.0,1343870,1
2018-02-22 04:19:56,0.2769,12714000,0.0,3520507,1
2018-02-22 04:20:13,0.0014,12714000,0.0,17800,1
2018-02-22 04:20:19,0.0063,12702000,0.0,80023,1
2018-02-22 04:21:47,0.4296,12707000,0.0,-5458927,0
2018-02-22 04:22:02,0.399,12702000,0.0,-5068098,0
2018-02-22 04:28:09,0.7952,12720000,0.0,10114944,1
2018-02-22 04:28:10,0.002,12720000,0.0,25440,1
2018-02-22 04:28:36,0.0314,12710000,0.0,399094,1
2018-02-22 04:31:21,0.699,12716000,0.0,-8888484,0
2018-02-22 04:31:25,0.3843,12720000,0.0,-4888296,0
2018-02-22 04:31:25,0.3842,12720000,0.0,-4887024,0
2018-02-22 04:33:05,0.5612,12702000,0.0,7128362,1
2018-02-22 04:33:06,0.9063,12702000,0.0,11511823,1
2018-02-22 04:33:19,0.5991,12710000,0.0,-7614561,0
2018-02-22 04:33:25,0.0835,12709000,0.0,1061202,1
2018-02-22 04:33:25,0.0065,12709000,0.0,82609,1
2018-02-22 04:33:35,0.1837,12711000,0.0,2335011,1
2018-02-22 04:33:38,0.3254,12711000,0.0,4136159,1
2018-02-22 04:38:44,0.5919,12671000,0.0,-7499965,0
2018-02-22 04:39:15,0.1785,12680000,0.0,-2263380,0
2018-02-22 04:42:28,0.0227,12677000,0.0,287768,1
2018-02-22 04:42:35,0.3482,12668000,0.0,4410998,1
2018-02-22 04:42:39,0.0001,12660000,0.0,-1266,0
2018-02-22 04:42:57,0.3996,12663000,0.0,5060135,1
2018-02-22 04:46:47,0.61570843,12648000,0.0,-7787480,0
2018-02-22 04:46:50,0.5994,12649000,0.0,-7581811,0
2018-02-22 04:48:54,0.249,12646000,0.0,3148854,1
2018-02-22 04:49:47,0.9661,12645000,0.0,12216335,1
2018-02-22 04:51:41,1.5,12643000,0.0,-18964500,0
2018-02-22 04:56:04,0.0637,12653000,0.0,805996,1
2018-02-22 04:56:13,0.4941,12650000,0.0,6250365,1
2018-02-22 04:56:25,0.8094,12635000,0.0,10226769,1
2018-02-22 04:56:26,0.1313,12635000,0.0,1658976,1
2018-02-22 04:56:26,0.0015,12635000,0.0,18953,1
2018-02-22 04:57:21,0.3004,12645000,0.0,-3798558,0
2018-02-22 04:57:37,0.5124042,12645000,0.0,-6479351,0
2018-02-22 04:57:37,0.6092958,12645000,0.0,-7704545,0
2018-02-22 05:02:46,0.85222192,12679000,0.0,10805322,1
2018-02-22 05:02:49,0.0209,12696000,0.0,265346,1
2018-02-22 05:02:49,0.0407,12678000,0.0,515995,1
2018-02-22 05:02:56,0.5083,12676000,0.0,6443211,1
2018-02-22 05:03:58,0.0019,12699000,0.0,-24128,0
2018-02-22 05:03:58,0.0037,12699000,0.0,-46986,0
2018-02-22 05:04:18,0.6636,12706000,0.0,-8431702,0
2018-02-22 05:04:22,0.8308,12706000,0.0,-10556145,0
2018-02-22 05:05:49,0.2216,12690000,0.0,2812104,1
2018-02-22 05:05:52,1.2784,12694000,0.0,16228010,1
2018-02-22 05:07:55,0.2068,12682000,0.0,-2622638,0
2018-02-22 05:07:55,0.0567,12682000,0.0,-719069,0
2018-02-22 05:07:59,0.3454,12685000,0.0,-4381399,0
2018-02-22 05:08:04,0.4123,12683000,0.0,-5229201,0
2018-02-22 05:12:05,1.0212,12645000,0.0,12913074,1
2018-02-22 05:13:22,0.1681,12644000,0.0,-2125456,0
2018-02-22 05:13:26,0.88,12637000,0.0,-11120560,0
2018-02-22 05:13:41,0.0001,12624000,0.0,1262,1
2018-02-22 05:13:46,0.1969,12624000,0.0,2485666,1
2018-02-22 05:14:21,0.8511,12615000,0.0,10736627,1
2018-02-22 05:15:14,0.1568,12582000,0.0,-1972858,0
2018-02-22 05:15:14,1.2723,12583000,0.0,-16009351,0
2018-02-22 05:15:14,0.0709,12582000,0.0,-892064,0
2018-02-22 05:23:49,0.08995585,12588000,0.0,1132364,1
2018-02-22 05:25:44,0.0043,12567000,0.0,54038,1
2018-02-22 05:25:56,0.0097,12560000,0.0,121832,1
2018-02-22 05:25:56,1.1626,12560000,0.0,14602256,1
2018-02-22 05:25:56,0.0778,12560000,0.0,977168,1
2018-02-22 05:25:56,0.1557,12560000,0.0,1955592,1
2018-02-22 05:27:30,1.3479,12557000,0.0,-16925580,0
2018-02-22 05:27:30,0.1521,12554000,0.0,-1909463,0
2018-02-22 05:28:58,0.1024,12536000,0.0,1283686,1
2018-02-22 05:28:59,0.0658,12536000,0.0,824869,1
2018-02-22 05:28:59,0.93,12536000,0.0,11658480,1
2018-02-22 05:29:05,0.4018,12536000,0.0,5036965,1
2018-02-22 05:30:15,0.3304,12538000,0.0,-4142555,0
2018-02-22 05:30:18,0.9045,12538000,0.0,-11340621,0
2018-02-22 05:35:47,1.2349,12549000,0.0,15496760,1
2018-02-22 05:41:06,0.0827,12522000,0.0,-1035569,0
2018-02-22 05:41:09,0.0067,12526000,0.0,-83924,0
2018-02-22 05:41:13,0.0911,12530000,0.0,-1141483,0
2018-02-22 05:41:20,0.0181,12532000,0.0,-226829,0
2018-02-22 05:41:28,0.001,12538000,0.0,-12538,0
2018-02-22 05:41:47,0.23789601,12530000,0.0,-2980837,0
2018-02-22 05:41:48,0.4556,12530000,0.0,-5708668,0
2018-02-22 05:42:05,0.8931,12520000,0.0,11181612,1
2018-02-22 05:45:27,0.1731,12500000,0.0,-2163750,0
2018-02-22 05:45:27,0.0722,12500000,0.0,-902500,0
2018-02-22 05:45:37,0.0958,12520000,0.0,-1199416,0
2018-02-22 05:45:37,0.17392811,12520000,0.0,-2177580,0
2018-02-22 05:45:47,0.0584,12520000,0.0,-731168,0
2018-02-22 05:45:50,0.0503,12520000,0.0,-629756,0
2018-02-22 05:45:54,0.8763,12527000,0.0,-10977410,0
2018-02-22 05:48:21,0.0131,12562000,0.0,164562,1
2018-02-22 05:48:30,0.0159,12569000,0.0,199847,1
2018-02-22 05:49:56,1.4511,12639000,0.0,18340453,1
2018-02-22 05:49:57,0.008,12639000,0.0,101112,1
2018-02-22 05:50:15,1.4881,12625000,0.0,-18787263,0
2018-02-22 05:50:52,0.4896,12626000,0.0,6181690,1
2018-02-22 05:51:02,1.0104,12627000,0.0,12758321,1
2018-02-22 05:53:36,0.2391,12616000,0.0,-3016486,0
2018-02-22 05:53:42,1.2609,12619000,0.0,-15911297,0
2018-02-22 05:55:39,1.5,12622000,0.0,18933000,1
2018-02-22 05:57:29,0.5683,12648000,0.0,-7187858,0
2018-02-22 05:57:33,0.4039,12650000,0.0,-5109335,0
2018-02-22 05:58:39,0.50995017,12648000,0.0,6449850,1
2018-02-22 05:58:50,0.2104,12647000,0.0,2660929,1
2018-02-22 05:58:50,0.2518,12647000,0.0,3184515,1
2018-02-22 05:59:13,0.0012,12655000,0.0,-15186,0
2018-02-22 05:59:25,1.4988,12662000,0.0,-18977806,0
2018-02-22 06:00:29,0.001,12661000,0.0,12661,1
2018-02-22 06:00:39,0.8013,12650000,0.0,10136445,1
2018-02-22 06:00:39,0.4062,12650000,0.0,5138430,1
2018-02-22 06:00:39,0.2915,12650000,0.0,3687475,1
2018-02-22 06:01:31,0.0263,12673000,0.0,-333300,0
2018-02-22 06:01:31,0.0223,12673000,0.0,-282608,0
2018-02-22 06:01:39,0.0191,12675000,0.0,-242093,0
2018-02-22 06:01:40,0.068,12675000,0.0,-861900,0
2018-02-22 06:01:40,0.0263,12675000,0.0,-333353,0
2018-02-22 06:01:40,0.12,12675000,0.0,-1521000,0
2018-02-22 06:01:47,0.4911,12688000,0.0,-6231077,0
2018-02-22 06:02:41,0.4182,12692000,0.0,5307794,1
2018-02-22 06:02:41,0.3549,12692000,0.0,4504391,1
2018-02-22 06:03:30,1.0,12703000,0.0,-12703000,0
2018-02-22 06:04:54,0.6494,12707000,0.0,8251926,1
2018-02-22 06:04:57,0.0767,12707000,0.0,974627,1
2018-02-22 06:05:19,0.2739,12702000,0.0,3479078,1
2018-02-22 06:08:15,1.5,12687000,0.0,-19030500,0
2018-02-22 06:09:31,0.1551,12704000,0.0,1970390,1
2018-02-22 06:09:34,0.1,12701000,0.0,1270100,1
2018-02-22 06:09:38,0.81,12700000,0.0,10287000,1
2018-02-22 06:09:38,0.2128,12700000,0.0,2702560,1
2018-02-22 06:09:38,0.2221,12702000,0.0,2821114,1
2018-02-22 06:10:49,0.5477,12660000,0.0,-6933882,0
2018-02-22 06:10:56,0.096,12665000,0.0,1215840,1
2018-02-22 06:11:03,0.4517,12660000,0.0,5718522,1
2018-02-22 06:13:38,0.4687,12635000,0.0,-5922025,0
2018-02-22 06:13:52,0.3503,12635000,0.0,-4426041,0
2018-02-22 06:16:35,0.1906,12661000,0.0,2413187,1
2018-02-22 06:16:38,0.0015,12661000,0.0,18992,1
2018-02-22 06:16:44,0.11954728,12671000,0.0,1514784,1
2018-02-22 06:16:55,0.1112,12661000,0.0,-1407903,0
2018-02-22 06:17:26,0.0669,12649000,0.0,-846218,0
2018-02-22 06:17:33,0.0254,12649000,0.0,-321285,0
2018-02-22 06:17:39,0.4221,12644000,0.0,5337032,1
2018-02-22 06:17:43,0.2888,12644000,0.0,3651587,1
2018-02-22 06:19:08,0.0988,12659000,0.0,-1250709,0
2018-02-22 06:20:01,0.0988,12665000,0.0,1251302,1
2018-02-22 06:20:41,0.7978,12696000,0.0,-10128869,0
2018-02-22 06:20:41,0.6012,12697000,0.0,-7633436,0
2018-02-22 06:21:36,0.0021,12684000,0.0,26636,1
2018-02-22 06:21:52,0.02,12677000,0.0,253540,1
2018-02-22 06:21:52,0.041,12677000,0.0,519757,1
2018-02-22 06:27:07,0.1401,12649000,0.0,1772125,1
2018-02-22 06:27:11,0.1401,12654000,0.0,1772825,1
2018-02-22 06:27:18,0.0257,12668000,0.0,325568,1
2018-02-22 06:28:29,0.02,12665000,0.0,253300,1
2018-02-22 06:28:34,0.2075,12659000,0.0,2626743,1
2018-02-22 06:28:38,0.0318,12658000,0.0,402524,1
2018-02-22 06:28:59,0.4386,12658000,0.0,5551799,1
2018-02-22 06:28:59,0.0382,12658000,0.0,483536,1
2018-02-22 06:29:02,0.0633,12643000,0.0,800302,1
2018-02-22 06:29:03,0.1375,12643000,0.0,1738413,1
2018-02-22 06:29:07,0.0931,12648000,0.0,1177529,1
2018-02-22 06:29:40,1.0737,12644000,0.0,-13575863,0
2018-02-22 06:31:02,0.0753,12639000,0.0,951717,1
2018-02-22 06:31:02,0.9485,12639000,0.0,11988092,1
2018-02-22 06:31:13,0.0499,12641000,0.0,630786,1
2018-02-22 06:32:20,0.0692,12675000,0.0,-877110,0
2018-02-22 06:32:24,0.0191,12675000,0.0,-242093,0
2018-02-22 06:32:33,0.0883,12679000,0.0,1119556,1
2018-02-22 06:32:49,1.5,12686000,0.0,-19029000,0
2018-02-22 06:35:02,0.8474,12670000,0.0,10736558,1
2018-02-22 06:35:13,0.0005,12668000,0.0,6334,1
2018-02-22 06:35:14,0.2955,12668000,0.0,3743394,1
2018-02-22 06:35:28,0.3566,12665000,0.0,4516339,1
2018-02-22 06:38:06,0.6145,12659000,0.0,-7778956,0
2018-02-22 06:40:31,0.8855,12649000,0.0,-11200690,0
2018-02-22 06:42:38,0.8306,12619000,0.0,10481341,1
2018-02-22 06:42:43,0.5,12606000,0.0,6303000,1
2018-02-22 06:42:43,0.0218,12606000,0.0,274811,1
2018-02-22 06:42:48,0.1476,12604000,0.0,1860350,1
2018-02-22 06:46:16,0.1168,12524000,0.0,-1462803,0
2018-02-22 06:46:20,0.0035,12523000,0.0,-43831,0
2018-02-22 06:46:20,0.0648,12523000,0.0,-811490,0
2018-02-22 06:46:39,0.1841,12519000,0.0,2304748,1
2018-02-22 06:46:42,0.001,12518000,0.0,12518,1
2018-02-22 06:48:26,1.5,12486000,0.0,-18729000,0
2018-02-22 06:49:57,1.2,12471000,0.0,14965200,1
2018-02-22 06:49:57,0.3,12471000,0.0,3741300,1
2018-02-22 06:50:45,0.1595,12474000,0.0,-1989603,0
2018-02-22 06:51:03,0.0157,12480000,0.0,-195936,0
2018-02-22 06:51:11,0.2374,12483000,0.0,-2963464,0
2018-02-22 06:51:11,0.4,12483000,0.0,-4993200,0
2018-02-22 06:54:51,0.042,12451000,0.0,522942,1
2018-02-22 06:54:51,0.1388,12451000,0.0,1728199,1
2018-02-22 06:54:51,0.6227,12451000,0.0,7753238,1
2018-02-22 06:54:51,0.0091,12451000,0.0,113304,1
2018-02-22 07:00:02,1.5,12380000,0.0,-18570000,0
2018-02-22 07:01:22,1.5,12450000,0.0,18675000,1
2018-02-22 07:01:28,0.0656,12434000,0.0,-815670,0
2018-02-22 07:01:32,0.5977,12449000,0.0,-7440767,0
2018-02-22 07:01:43,0.0075,12450000,0.0,93375,1
2018-02-22 07:01:56,0.6558,12441000,0.0,8158808,1
2018-02-22 07:02:46,1.5,12448000,0.0,-18672000,0
2018-02-22 07:04:09,1.5,12462000,0.0,18693000,1
2018-02-22 07:07:47,0.2879,12415000,0.0,-3574279,0
2018-02-22 07:08:23,1.2121,12429000,0.0,-15065191,0
2018-02-22 07:09:20,0.0067,12425000,0.0,83248,1
2018-02-22 07:09:27,0.7642,12421000,0.0,9492128,1
2018-02-22 07:09:31,0.1526,12415000,0.0,1894529,1
2018-02-22 07:09:35,0.5765,12416000,0.0,7157824,1
2018-02-22 07:13:05,1.5,12500000,0.0,-18750000,0
2018-02-22 07:14:53,0.3195,12534000,0.0,4004613,1
2018-02-22 07:14:53,0.7957,12534000,0.0,9973304,1
2018-02-22 07:14:59,0.2108,12522000,0.0,-2639638,0
2018-02-22 07:15:16,0.0224,12534000,0.0,280762,1
2018-02-22 07:15:16,0.0079,12534000,0.0,99019,1
2018-02-22 07:15:16,0.001,12534000,0.0,12534,1
2018-02-22 07:15:20,0.1384,12523000,0.0,-1733183,0
2018-02-22 07:15:42,0.0079,12536000,0.0,-99034,0
2018-02-22 07:15:55,0.2102,12547000,0.0,-2637379,0
2018-02-22 07:18:54,0.0409,12526000,0.0,512313,1
2018-02-22 07:18:58,0.4014,12520000,0.0,5025528,1
2018-02-22 07:19:02,0.0079,12518000,0.0,98892,1
2018-02-22 07:19:02,0.0079,12518000,0.0,98892,1
2018-02-22 07:19:03,0.0735,12518000,0.0,920073,1
2018-02-22 07:19:03,0.3892,12518000,0.0,4872006,1
2018-02-22 07:20:50,1.5,12451000,0.0,-18676500,0
2018-02-22 07:21:43,0.0118,12460000,0.0,147028,1
2018-02-22 07:21:43,0.22178571,12460000,0.0,2763450,1
2018-02-22 07:21:49,0.5221,12450000,0.0,6500145,1
2018-02-22 07:21:54,0.3875,12449000,0.0,4823988,1
2018-02-22 07:21:54,0.3568,12449000,0.0,4441803,1
2018-02-22 07:22:21,0.1001,12457000,0.0,-1246946,0
2018-02-22 07:22:31,0.3619,12463000,0.0,-4510360,0
2018-02-22 07:22:40,0.462,12462000,0.0,5757444,1
2018-02-22 07:23:20,0.0763,12480000,0.0,-952224,0
2018-02-22 07:23:20,0.0907,12480000,0.0,-1131936,0
2018-02-22 07:23:24,0.0984,12480000,0.0,-1228032,0
2018-02-22 07:23:42,0.2654,12492000,0.0,3315377,1
2018-02-22 07:25:47,0.00090104,12520000,0.0,-11281,0
2018-02-22 07:25:47,0.44939896,12520000,0.0,-5626475,0
2018-02-22 07:25:52,0.3363,12526000,0.0,-4212494,0
2018-02-22 07:26:46,0.4852,12528000,0.0,6078586,1
2018-02-22 07:26:50,0.3014,12525000,0.0,3775035,1
2018-02-22 07:27:41,1.0218,12512000,0.0,-12784762,0
2018-02-22 07:27:41,0.3474,12512000,0.0,-4346669,0
2018-02-22 07:29:40,0.27960248,12510000,0.0,3497827,1
2018-02-22 07:29:45,0.0502,12510000,0.0,628002,1
2018-02-22 07:31:18,0.1871,12542000,0.0,2346608,1
2018-02-22 07:36:36,0.5119,12565000,0.0,6432024,1
2018-02-22 07:36:40,0.131,12564000,0.0,1645884,1
2018-02-22 07:36:44,0.2094,12560000,0.0,2630064,1
2018-02-22 07:37:21,1.5,12559000,0.0,-18838500,0
2018-02-22 07:38:44,0.6551,12600000,0.0,8254260,1
2018-02-22 07:38:45,0.8449,12600000,0.0,10645740,1
2018-02-22 07:39:21,0.0968,12640000,0.0,-1223552,0
2018-02-22 07:39:26,0.005,12650000,0.0,-63250,0
2018-02-22 07:39:26,0.03,12650000,0.0,-379500,0
2018-02-22 07:39:26,0.1,12650000,0.0,-1265000,0
2018-02-22 07:39:26,0.006,12650000,0.0,-75900,0
2018-02-22 07:39:26,0.1,12650000,0.0,-1265000,0
2018-02-22 07:39:26,0.4791,12650000,0.0,-6060615,0
2018-02-22 07:43:58,0.09492115,12670000,0.0,1202651,1
2018-02-22 07:44:02,0.722,12671000,0.0,9148462,1
2018-02-22 07:44:45,0.68302991,12691000,0.0,-8668333,0
2018-02-22 07:44:52,0.00121339,12697000,0.0,-15406,0
2018-02-22 07:44:52,0.81568661,12697000,0.0,-10356773,0
2018-02-22 07:48:13,0.38712783,12772000,0.0,4944397,1
2018-02-22 07:48:13,0.4066,12773000,0.0,5193502,1
2018-02-22 07:48:14,0.18407217,12772000,0.0,2350970,1
2018-02-22 07:48:14,0.5221,12772000,0.0,6668261,1
2018-02-22 07:48:45,0.0434,12785000,0.0,-554869,0
2018-02-22 07:48:49,0.399,12789000,0.0,-5102811,0
2018-02-22 07:48:53,0.23815262,12790000,0.0,-3045972,0
2018-02-22 07:48:53,0.09994738,12790000,0.0,-1278327,0
2018-02-22 07:50:43,0.4013,12815000,0.0,5142660,1
2018-02-22 07:50:43,0.3792,12815000,0.0,4859448,1
2018-02-22 07:53:49,0.9656,12739000,0.0,-12300778,0
2018-02-22 07:54:30,0.5819,12739000,0.0,7412824,1
2018-02-22 07:54:33,0.3837,12736000,0.0,4886803,1
2018-02-22 07:55:40,0.0084,12701000,0.0,-106688,0
2018-02-22 07:55:46,0.6338,12704000,0.0,-8051795,0
2018-02-22 07:55:50,0.8578,12711000,0.0,-10903496,0
2018-02-22 07:56:51,1.3803,12727000,0.0,17567078,1
2018-02-22 07:56:52,0.1197,12727000,0.0,1523422,1
2018-02-22 07:58:54,0.0126,12744000,0.0,-160574,0
2018-02-22 07:58:59,0.1071,12750000,0.0,-1365525,0
2018-02-22 07:59:04,0.1689,12751000,0.0,-2153644,0
2018-02-22 07:59:10,0.021,12750000,0.0,-267750,0
2018-02-22 07:59:16,1.1903,12765000,0.0,-15194180,0
2018-02-22 07:59:55,0.52890005,12798000,0.0,6768863,1
2018-02-22 08:00:21,0.1083,12772000,0.0,1383208,1
2018-02-22 08:02:07,0.121,12770000,0.0,1545170,1
2018-02-22 08:02:16,0.1354,12771000,0.0,1729193,1
2018-02-22 08:02:30,0.6063,12772000,0.0,7743664,1
2018-02-22 08:02:52,0.4837,12771000,0.0,-6177333,0
2018-02-22 08:03:03,0.24140053,12773000,0.0,-3083409,0
2018-02-22 08:03:03,0.77489947,12773000,0.0,-9897791,0
2018-02-22 08:06:17,1.5,12869000,0.0,19303500,1
2018-02-22 08:06:28,1.5,12860000,0.0,-19290000,0
2018-02-22 08:07:11,0.1294,12872000,0.0,1665637,1
2018-02-22 08:09:32,1.218891,12888000,0.0,15709067,1
2018-02-22 08:09:40,0.1517,12880000,0.0,1953896,1
2018-02-22 08:11:11,1.5,12889000,0.0,-19333500,0
2018-02-22 08:13:58,0.0629,12875000,0.0,809838,1
2018-02-22 08:13:58,0.8357,12875000,0.0,10759638,1
2018-02-22 08:15:16,0.2421,12845000,0.0,-3109775,0
2018-02-22 08:15:39,0.0517,12825000,0.0,663053,1
2018-02-22 08:15:58,0.7918,12809000,0.0,10142166,1
2018-02-22 08:17:26,0.0736,12754000,0.0,-938694,0
2018-02-22 08:17:36,0.3565,12753000,0.0,-4546445,0
2018-02-22 08:17:44,1.0699,12753000,0.0,-13644435,0
2018-02-22 08:19:41,0.4327,12768000,0.0,5524714,1
2018-02-22 08:19:49,0.0134,12752000,0.0,170877,1
2018-02-22 08:19:49,0.3997,12752000,0.0,5096974,1
2018-02-22 08:19:54,0.2143,12747000,0.0,2731682,1
2018-02-22 08:19:54,0.3844,12747000,0.0,4899947,1
2018-02-22 08:19:54,0.0555,12747000,0.0,707459,1
2018-02-22 08:20:11,0.2039,12752000,0.0,-2600133,0
2018-02-22 08:20:27,1.2961,12763000,0.0,-16542124,0
2018-02-22 08:21:30,0.01,12730000,0.0,127300,1
2018-02-22 08:21:30,0.5044,12730000,0.0,6421012,1
2018-02-22 08:21:30,0.098,12730000,0.0,1247540,1
2018-02-22 08:21:30,0.186,12730000,0.0,2367780,1
2018-02-22 08:21:36,0.7016,12729000,0.0,8930666,1
2018-02-22 08:22:47,1.07595774,12732000,0.0,-13699094,0
2018-02-22 08:22:48,0.42404226,12732000,0.0,-5398906,0
2018-02-22 08:25:53,0.4657,12771000,0.0,5947455,1
2018-02-22 08:26:12,1.0343,12758000,0.0,13195599,1
2018-02-22 08:27:24,1.5,12727000,0.0,-19090500,0
2018-02-22 08:30:48,1.1452,12700000,0.0,14544040,1
2018-02-22 08:30:48,0.0599,12700000,0.0,760730,1
2018-02-22 08:30:48,0.2247,12700000,0.0,2853690,1
2018-02-22 08:30:48,0.0402,12700000,0.0,510540,1
2018-02-22 08:30:48,0.03,12700000,0.0,381000,1
2018-02-22 08:31:05,0.3337,12700000,0.0,-4237990,0
2018-02-22 08:31:05,0.1549,12700000,0.0,-1967230,0
2018-02-22 08:31:06,0.7874,12700000,0.0,-9999980,0
2018-02-22 08:31:41,0.003,12675000,0.0,38025,1
2018-02-22 08:31:41,0.0708,12675000,0.0,897390,1
2018-02-22 08:32:52,1.2022,12671000,0.0,15233076,1
2018-02-22 08:34:45,0.3943,12689000,0.0,-5003273,0
2018-02-22 08:34:50,0.1125,12691000,0.0,-1427738,0
2018-02-22 08:34:50,0.3824,12691000,0.0,-4853038,0
2018-02-22 08:34:50,0.6108,12691000,0.0,-7751663,0
2018-02-22 08:35:15,0.0484,12693000,0.0,614341,1
2018-02-22 08:35:20,1.4516,12693000,0.0,18425159,1
2018-02-22 08:35:33,1.5,12692000,0.0,-19038000,0
2018-02-22 08:36:29,0.0466,12730000,0.0,593218,1
2018-02-22 08:43:17,0.2747,12773000,0.0,3508743,1
2018-02-22 08:43:22,1.1787,12766000,0.0,15047284,1
2018-02-22 08:44:04,1.5,12750000,0.0,-19125000,0
2018-02-22 08:51:21,0.1143,12806000,0.0,1463726,1
2018-02-22 08:57:42,0.0323,12759000,0.0,412116,1
2018-02-22 08:57:42,0.04208184,12759000,0.0,536922,1
2018-02-22 08:57:43,0.0078,12759000,0.0,99520,1
2018-02-22 08:57:46,0.7038,12754000,0.0,8976265,1
2018-02-22 08:58:04,0.9003,12764000,0.0,-11491429,0
2018-02-22 09:00:13,0.7924,12799000,0.0,10141928,1
2018-02-22 09:00:17,0.6244,12794000,0.0,7988574,1
2018-02-22 09:00:30,0.0832,12790000,0.0,1064128,1
2018-02-22 09:01:23,0.6746,12772000,0.0,-8615991,0
2018-02-22 09:01:27,0.7966,12764000,0.0,-10167802,0
2018-02-22 09:01:44,0.0535,12741000,0.0,681644,1
2018-02-22 09:01:45,0.6086,12741000,0.0,7754173,1
2018-02-22 09:01:48,0.0626,12738000,0.0,797399,1
2018-02-22 09:01:49,0.7465,12738000,0.0,9508917,1
2018-02-22 09:02:29,0.1302,12778000,0.0,-1663696,0
2018-02-22 09:02:34,0.1166,12778000,0.0,-1489915,0
2018-02-22 09:02:34,0.7259,12778000,0.0,-9275550,0
2018-02-22 09:03:58,0.0014,12750000,0.0,17850,1
2018-02-22 09:05:42,0.1144,12737000,0.0,1457113,1
2018-02-22 09:06:20,0.8569,12725000,0.0,10904053,1
2018-02-22 09:06:30,1.2309,12711000,0.0,-15645970,0
2018-02-22 09:07:00,0.0014,12703000,0.0,17784,1
2018-02-22 09:07:05,0.1027,12700000,0.0,1304290,1
2018-02-22 09:07:05,0.02,12700000,0.0,254000,1
2018-02-22 09:07:05,0.0804,12700000,0.0,1021080,1
2018-02-22 09:07:05,0.0786,12700000,0.0,998220,1
2018-02-22 09:07:05,0.1148,12700000,0.0,1457960,1
2018-02-22 09:07:05,0.1248,12700000,0.0,1584960,1
2018-02-22 09:07:06,0.4077,12700000,0.0,5177790,1
2018-02-22 09:07:09,0.3005,12695000,0.0,3814848,1
2018-02-22 09:07:59,1.1337,12641000,0.0,-14331102,0
2018-02-22 09:08:25,0.2,12629000,0.0,2525800,1
2018-02-22 09:11:42,0.001,12620000,0.0,12620,1
2018-02-22 09:11:58,0.002,12610000,0.0,25220,1
2018-02-22 09:11:58,0.0238,12610000,0.0,300118,1
2018-02-22 09:11:58,0.1804,12610000,0.0,2274844,1
2018-02-22 09:15:25,0.474,12619000,0.0,-5981406,0
2018-02-22 09:15:25,0.2995,12621000,0.0,-3779990,0
2018-02-22 09:19:17,0.8452,12636000,0.0,10679947,1
2018-02-22 09:19:17,0.2,12636000,0.0,2527200,1
2018-02-22 09:19:22,0.4548,12638000,0.0,5747762,1
2018-02-22 09:19:40,0.22864312,12645000,0.0,-2891192,0
2018-02-22 09:19:41,0.32095688,12645000,0.0,-4058500,0
2018-02-22 09:19:48,0.4,12649000,0.0,-5059600,0
2018-02-22 09:19:48,0.05,12649000,0.0,-632450,0
2018-02-22 09:20:46,0.27,12672000,0.0,3421440,1
2018-02-22 09:21:24,0.1376,12662000,0.0,-1742291,0
2018-02-22 09:23:53,0.19926307,12679000,0.0,2526456,1
2018-02-22 09:23:53,0.19,12679000,0.0,2409010,1
2018-02-22 09:23:56,0.0358,12687000,0.0,-454195,0
2018-02-22 09:24:00,0.7543,12700000,0.0,-9579610,0
2018-02-22 09:24:00,0.15188696,12700000,0.0,-1928964,0
2018-02-22 09:24:32,0.6296,12689000,0.0,7988994,1
2018-02-22 09:24:32,0.1,12689000,0.0,1268900,1
2018-02-22 09:24:32,0.64,12689000,0.0,8120960,1
2018-02-22 09:25:11,0.3155,12664000,0.0,-3995492,0
2018-02-22 09:25:35,0.3659,12673000,0.0,4637051,1
2018-02-22 09:25:45,1.5,12658000,0.0,-18987000,0
2018-02-22 09:27:50,0.0079,12652000,0.0,99951,1
2018-02-22 09:27:50,0.0885,12652000,0.0,1119702,1
2018-02-22 09:27:53,0.9559,12646000,0.0,12088311,1
2018-02-22 09:27:54,0.2473,12646000,0.0,3127356,1
2018-02-22 09:28:42,0.8661,12610000,0.0,-10921521,0
2018-02-22 09:29:18,0.7239,12609000,0.0,9127655,1
2018-02-22 09:29:19,0.1781,12609000,0.0,2245663,1
2018-02-22 09:29:27,0.0332,12605000,0.0,-418486,0
2018-02-22 09:29:48,0.0735,12612000,0.0,-926982,0
2018-02-22 09:29:52,0.5368,12613000,0.0,-6770658,0
2018-02-22 09:32:08,0.39891816,12658000,0.0,5049506,1
2018-02-22 09:32:35,0.05,12671000,0.0,-633550,0
2018-02-22 09:32:35,0.07413122,12671000,0.0,-939317,0
2018-02-22 09:32:35,0.17856878,12671000,0.0,-2262645,0
2018-02-22 09:32:55,0.7882,12678000,0.0,-9992800,0
2018-02-22 09:33:27,0.3946,12660000,0.0,4995636,1
2018-02-22 09:33:27,0.0165,12660000,0.0,208890,1
2018-02-22 09:33:34,0.3267,12658000,0.0,4135369,1
2018-02-22 09:33:34,0.013,12658000,0.0,164554,1
2018-02-22 09:33:34,0.7492,12658000,0.0,9483374,1
2018-02-22 09:36:25,1.5,12641000,0.0,-18961500,0
2018-02-22 09:36:33,0.0934,12662000,0.0,1182631,1
2018-02-22 09:38:25,1.4066,12724000,0.0,17897578,1
2018-02-22 09:38:48,0.20913445,12691000,0.0,-2654125,0
2018-02-22 09:39:35,0.1961,12691000,0.0,-2488705,0
2018-02-22 09:40:15,0.4052,12702000,0.0,5146850,1
2018-02-22 09:40:55,0.0012,12721000,0.0,-15265,0
2018-02-22 09:41:47,0.0012,12727000,0.0,15272,1
2018-02-22 09:42:41,0.4834,12686000,0.0,-6132412,0
2018-02-22 09:43:00,0.4612,12685000,0.0,-5850322,0
2018-02-22 09:43:06,0.0483,12680000,0.0,612444,1
2018-02-22 09:43:07,0.8963,12680000,0.0,11365084,1
2018-02-22 09:47:20,0.3626,12705000,0.0,-4606833,0
2018-02-22 09:47:49,0.0679,12677000,0.0,-860768,0
2018-02-22 09:49:01,0.202,12697000,0.0,-2564794,0
2018-02-22 09:50:14,0.1181,12697000,0.0,1499516,1
2018-02-22 09:50:14,0.2488,12697000,0.0,3159014,1
2018-02-22 09:51:02,0.1694,12695000,0.0,-2150533,0
2018-02-22 09:51:26,0.017,12708000,0.0,-216036,0
2018-02-22 09:51:26,0.978,12708000,0.0,-12428424,0
2018-02-22 09:52:42,0.45382972,12740000,0.0,5781791,1
2018-02-22 09:52:47,0.1813,12742000,0.0,2310125,1
2018-02-22 09:53:00,0.2707,12745000,0.0,3450072,1
2018-02-22 09:53:06,0.5242,12749000,0.0,6683026,1
2018-02-22 09:55:52,0.1911,12744000,0.0,-2435378,0
2018-02-22 09:56:05,0.1465,12761000,0.0,1869487,1
2018-02-22 09:56:06,0.01,12761000,0.0,127610,1
2018-02-22 09:56:20,0.23631831,12766000,0.0,-3016840,0
2018-02-22 09:56:20,0.005,12766000,0.0,-63830,0
2018-02-22 09:56:20,0.002,12766000,0.0,-25532,0
2018-02-22 09:56:21,0.002,12766000,0.0,-25532,0
2018-02-22 09:56:21,0.009,12766000,0.0,-114894,0
2018-02-22 09:56:21,0.012,12766000,0.0,-153192,0
2018-02-22 09:56:21,0.012,12766000,0.0,-153192,0
2018-02-22 09:56:21,0.012,12766000,0.0,-153192,0
2018-02-22 09:56:21,0.009,12766000,0.0,-114894,0
2018-02-22 09:56:21,0.003,12766000,0.0,-38298,0
2018-02-22 09:56:21,0.009,12766000,0.0,-114894,0
2018-02-22 09:56:21,0.01,12766000,0.0,-127660,0
2018-02-22 09:56:21,0.02,12766000,0.0,-255320,0
2018-02-22 09:56:21,0.013,12766000,0.0,-165958,0
2018-02-22 09:56:21,0.018,12766000,0.0,-229788,0
2018-02-22 09:56:21,0.015,12766000,0.0,-191490,0
2018-02-22 09:56:21,0.003,12766000,0.0,-38298,0
2018-02-22 09:56:22,0.00088169,12766000,0.0,-11256,0
2018-02-22 09:56:35,0.0701,12756000,0.0,-894196,0
2018-02-22 09:57:35,0.0394,12765000,0.0,502941,1
2018-02-22 09:57:36,0.2,12765000,0.0,2553000,1
2018-02-22 09:57:56,0.2565,12762000,0.0,3273453,1
2018-02-22 09:58:27,0.524,12761000,0.0,-6686764,0
2018-02-22 09:58:31,0.0012,12764000,0.0,-15317,0
2018-02-22 09:58:47,0.9748,12761000,0.0,-12439423,0
2018-02-22 09:59:16,0.0231,12763000,0.0,294825,1
2018-02-22 09:59:16,0.32540352,12763000,0.0,4153125,1
2018-02-22 10:02:13,0.0224,12753000,0.0,285667,1
2018-02-22 10:02:24,0.0037,12752000,0.0,47182,1
2018-02-22 10:03:51,0.8876,12755000,0.0,11321338,1
2018-02-22 10:03:52,0.1141,12755000,0.0,1455346,1
2018-02-22 10:04:46,0.04954562,12807000,0.0,634531,1
2018-02-22 10:04:51,0.0741,12800000,0.0,948480,1
2018-02-22 10:05:59,0.0608,12822000,0.0,-779578,0
2018-02-22 10:06:04,0.0608,12831000,0.0,780125,1
2018-02-22 10:07:10,1.5,12812000,0.0,-19218000,0
2018-02-22 10:07:53,1.5,12801000,0.0,19201500,1
2018-02-22 10:09:20,1.5,12790000,0.0,-19185000,0
2018-02-22 10:10:22,0.27085023,12820000,0.0,3472300,1
2018-02-22 10:10:22,0.1797,12820000,0.0,2303754,1
2018-02-22 10:10:22,1.0,12820000,0.0,12820000,1
2018-02-22 10:12:39,0.0495,12823000,0.0,634739,1
2018-02-22 10:13:58,0.5278,12814000,0.0,-6763229,0
2018-02-22 10:15:39,0.1422,12841000,0.0,-1825990,0
2018-02-22 10:15:49,0.6881,12857000,0.0,-8846902,0
2018-02-22 10:17:09,1.3581,12863000,0.0,17469240,1
2018-02-22 10:19:03,0.0129,12869000,0.0,-166010,0
2018-02-22 10:19:39,0.0129,12860000,0.0,165894,1
2018-02-22 10:21:52,1.5,12852000,0.0,-19278000,0
2018-02-22 10:23:25,0.0998,12887000,0.0,1286123,1
2018-02-22 10:25:54,0.0779,12854000,0.0,1001327,1
2018-02-22 10:26:28,0.5,12838000,0.0,6419000,1
2018-02-22 10:26:58,0.8223,12842000,0.0,10559977,1
2018-02-22 10:27:59,0.0459,12837000,0.0,-589218,0
2018-02-22 10:28:16,0.0162,12837000,0.0,207959,1
2018-02-22 10:28:31,0.0297,12829000,0.0,381021,1
2018-02-22 10:29:01,0.3756,12812000,0.0,-4812187,0
2018-02-22 10:29:11,0.2332,12810000,0.0,-2987292,0
2018-02-22 10:29:11,0.8912,12810000,0.0,-11416272,0
2018-02-22 10:29:40,0.0017,12793000,0.0,21748,1
2018-02-22 10:30:13,0.0251,12771000,0.0,320552,1
2018-02-22 10:31:32,0.4418,12806000,0.0,5657691,1
2018-02-22 10:33:59,0.3086,12829000,0.0,3959029,1
2018-02-22 10:34:29,0.0266,12828000,0.0,341225,1
2018-02-22 10:34:47,0.001,12839000,0.0,12839,1
2018-02-22 10:34:57,0.1,12837000,0.0,-1283700,0
2018-02-22 10:35:22,0.7628,12845000,0.0,9798166,1
2018-02-22 10:35:22,0.0324,12845000,0.0,416178,1
2018-02-22 10:35:58,0.26686639,12855000,0.0,-3430567,0
2018-02-22 10:36:25,0.23349997,12845000,0.0,2999307,1
2018-02-22 10:36:41,0.0025,12845000,0.0,32113,1
2018-02-22 10:36:52,0.0308,12844000,0.0,395595,1
2018-02-22 10:38:40,1.5,12853000,0.0,-19279500,0
2018-02-22 10:39:38,0.156,12846000,0.0,2003976,1
2018-02-22 10:39:38,7.297e-05,12846000,0.0,937,1
2018-02-22 10:42:48,0.1169,12835000,0.0,1500412,1
2018-02-22 10:43:36,0.1514,12837000,0.0,1943522,1
2018-02-22 10:43:41,1.0757,12840000,0.0,13811988,1
2018-02-22 10:46:25,1.249,12891000,0.0,-16100859,0
2018-02-22 10:47:03,0.1854,12905000,0.0,2392587,1
2018-02-22 10:47:07,1.0636,12900000,0.0,13720440,1
2018-02-22 10:49:39,1.5,12876000,0.0,-19314000,0
2018-02-22 10:51:15,0.2853,12914000,0.0,3684364,1
2018-02-22 10:51:15,0.3318,12914000,0.0,4284865,1
2018-02-22 10:57:33,0.0062,12875000,0.0,79825,1
2018-02-22 10:58:56,0.8767,12885000,0.0,11296280,1
2018-02-22 10:59:13,0.1689,12900000,0.0,-2178810,0
2018-02-22 10:59:33,0.1689,12900000,0.0,2178810,1
2018-02-22 11:00:02,0.5627,12889000,0.0,-7252640,0
2018-02-22 11:00:08,0.5627,12890000,0.0,7253203,1
2018-02-22 11:01:07,1.1527,12885000,0.0,-14852540,0
2018-02-22 11:02:25,1.1483,12837000,0.0,14740727,1
2018-02-22 11:02:29,0.0003,12834000,0.0,3850,1
2018-02-22 11:02:57,0.6594,12821000,0.0,-8454167,0
2018-02-22 11:03:15,0.8365,12839000,0.0,-10739824,0
2018-02-22 11:03:27,0.0023,12849000,0.0,29553,1
2018-02-22 11:03:34,0.0229768,12849000,0.0,295229,1
2018-02-22 11:04:55,1.4747,12837000,0.0,18930724,1
2018-02-22 11:05:10,0.0648,12825000,0.0,-831060,0
2018-02-22 11:05:16,0.02,12843000,0.0,-256860,0
2018-02-22 11:05:27,1.4152,12836000,0.0,-18165507,0
2018-02-22 11:09:43,0.00859593,12842000,0.0,110389,1
2018-02-22 11:13:06,1.4914,12908000,0.0,19250991,1
2018-02-22 11:16:05,1.5,12934000,0.0,-19401000,0
2018-02-22 11:20:02,0.1002,12910000,0.0,1293582,1
2018-02-22 11:20:02,0.1928,12911000,0.0,2489241,1
2018-02-22 11:20:02,0.0069,12910000,0.0,89079,1
2018-02-22 11:20:02,0.0799,12910000,0.0,1031509,1
2018-02-22 11:20:02,0.2313,12910000,0.0,2986083,1
2018-02-22 11:20:06,0.0088,12910000,0.0,113608,1
2018-02-22 11:20:21,0.3108,12906000,0.0,4011185,1
2018-02-22 11:20:52,0.9307,12900000,0.0,-12006030,0
2018-02-22 11:21:09,1.5,12898000,0.0,19347000,1
2018-02-22 11:22:19,0.5023,12911000,0.0,-6485195,0
2018-02-22 11:23:39,0.4678,12907000,0.0,-6037895,0
2018-02-22 11:24:22,0.3439,12911000,0.0,4440093,1
2018-02-22 11:24:30,0.078,12908000,0.0,1006824,1
2018-02-22 11:27:28,0.289,12906000,0.0,-3729834,0
2018-02-22 11:27:47,0.7395,12930000,0.0,9561735,1
2018-02-22 11:27:47,0.0977,12931000,0.0,1263359,1
2018-02-22 11:28:48,0.8284,12933000,0.0,-10713697,0
2018-02-22 11:28:59,0.8284,12948000,0.0,10726123,1
2018-02-22 11:30:02,0.0023,12960000,0.0,-29808,0
2018-02-22 11:30:06,0.0023,12973000,0.0,29838,1
2018-02-22 11:35:40,0.03457842,12990000,0.0,-449174,0
2018-02-22 11:35:40,0.05,12990000,0.0,-649500,0
2018-02-22 11:35:40,0.12602158,12990000,0.0,-1637020,0
2018-02-22 11:35:48,1.2894,12994000,0.0,-16754464,0
2018-02-22 11:38:02,0.004,13017000,0.0,52068,1
2018-02-22 11:38:28,0.0201,13016000,0.0,261622,1
2018-02-22 11:40:16,0.296,13008000,0.0,3850368,1
2018-02-22 11:40:16,0.0138,13008000,0.0,179510,1
2018-02-22 11:41:26,0.0196,12982000,0.0,254447,1
2018-02-22 11:41:26,0.0076,12982000,0.0,98663,1
2018-02-22 11:41:26,1.1389,12982000,0.0,14785200,1
2018-02-22 11:41:52,0.1709,12966000,0.0,-2215889,0
2018-02-22 11:42:05,1.3291,12970000,0.0,-17238427,0
2018-02-22 11:44:30,1.5,12985000,0.0,19477500,1
2018-02-22 11:45:41,0.0803,12962000,0.0,-1040849,0
2018-02-22 11:46:17,0.0803,12960000,0.0,1040688,1
2018-02-22 11:47:30,0.8775,12980000,0.0,-11389950,0
2018-02-22 11:48:49,0.493,12988000,0.0,6403084,1
2018-02-22 11:48:49,0.3845,12988000,0.0,4993886,1
2018-02-22 11:49:14,1.5,12982000,0.0,-19473000,0
2018-02-22 11:49:41,0.19561383,12981000,0.0,2539263,1
2018-02-22 11:50:07,0.1445,12968000,0.0,1873876,1
2018-02-22 11:51:25,0.0077,12936000,0.0,99607,1
2018-02-22 11:51:25,0.0077,12936000,0.0,99607,1
2018-02-22 11:51:25,0.1,12936000,0.0,1293600,1
2018-02-22 11:51:25,0.0077,12936000,0.0,99607,1
2018-02-22 11:51:26,0.0108,12936000,0.0,139709,1
2018-02-22 11:54:26,0.22716566,12899000,0.0,2930210,1
2018-02-22 11:56:00,0.7988,12932000,0.0,10330082,1
2018-02-22 11:58:56,0.0511,12923000,0.0,-660365,0
2018-02-22 11:59:01,0.0511,12934000,0.0,660927,1
2018-02-22 12:00:12,0.1,12911000,0.0,-1291100,0
2018-02-22 12:00:16,0.7037,12912000,0.0,-9086174,0
2018-02-22 12:00:26,0.12332258,12923000,0.0,1593698,1
2018-02-22 12:00:35,0.1597,12919000,0.0,2063164,1
2018-02-22 12:01:10,0.002,12924000,0.0,25848,1
2018-02-22 12:01:14,0.0335,12927000,0.0,433055,1
2018-02-22 12:03:08,0.4852,12916000,0.0,6266843,1
2018-02-22 12:03:20,1.431,12890000,0.0,-18445590,0
2018-02-22 12:03:36,0.3331,12900000,0.0,4296990,1
2018-02-22 12:04:33,0.0445,12891000,0.0,573650,1
2018-02-22 12:04:34,0.2343,12890000,0.0,3020127,1
2018-02-22 12:04:34,0.3878,12890000,0.0,4998742,1
2018-02-22 12:04:34,0.022,12890000,0.0,283580,1
2018-02-22 12:04:34,0.007,12890000,0.0,90230,1
2018-02-22 12:04:34,0.0233,12890000,0.0,300337,1
2018-02-22 12:04:47,1.121,12880000,0.0,-14438480,0
2018-02-22 12:05:34,0.4801,12865000,0.0,6176487,1
2018-02-22 12:05:34,0.1,12865000,0.0,1286500,1
2018-02-22 12:05:34,0.0077,12865000,0.0,99061,1
2018-02-22 12:05:34,0.0211,12865000,0.0,271452,1
2018-02-22 12:06:40,0.0219,12858000,0.0,281590,1
2018-02-22 12:06:44,0.1628,12866000,0.0,2094585,1
2018-02-22 12:06:50,0.7936,12870000,0.0,-10213632,0
2018-02-22 12:08:12,0.2843,12850000,0.0,3653255,1
2018-02-22 12:08:12,0.01,12850000,0.0,128500,1
2018-02-22 12:08:23,0.0489,12845000,0.0,628121,1
2018-02-22 12:09:32,0.22576446,12860000,0.0,2903331,1
2018-02-22 12:09:51,0.1284,12859000,0.0,1651096,1
2018-02-22 12:10:51,0.0332,12860000,0.0,426952,1
2018-02-22 12:12:19,0.0082,12866000,0.0,105501,1
2018-02-22 12:13:16,0.0159,12895000,0.0,205031,1
2018-02-22 12:13:16,0.0376,12895000,0.0,484852,1
2018-02-22 12:13:58,0.2321,12901000,0.0,2994322,1
2018-02-22 12:13:58,0.4756,12901000,0.0,6135716,1
2018-02-22 12:15:36,0.05,12888000,0.0,-644400,0
2018-02-22 12:15:54,0.05,12886000,0.0,-644300,0
2018-02-22 12:16:17,0.1361,12886000,0.0,-1753785,0
2018-02-22 12:17:10,1.2639,12874000,0.0,-16271449,0
2018-02-22 12:18:59,0.0904,12865000,0.0,1162996,1
2018-02-22 12:20:02,0.9181,12850000,0.0,11797585,1
2018-02-22 12:20:02,0.3726,12850000,0.0,4787910,1
2018-02-22 12:20:07,0.046,12850000,0.0,591100,1
2018-02-22 12:20:08,0.0528,12850000,0.0,678480,1
2018-02-22 12:20:14,0.7298,12844000,0.0,-9373551,0
2018-02-22 12:20:20,0.04996749,12856000,0.0,-642382,0
2018-02-22 12:20:20,3.251e-05,12856000,0.0,-418,0
2018-02-22 12:22:30,0.7999,12920000,0.0,10334708,1
2018-02-22 12:22:58,0.254,12918000,0.0,-3281172,0
2018-02-22 12:23:11,0.254,12921000,0.0,3281934,1
2018-02-22 12:25:48,0.0668,12940000,0.0,-864392,0
2018-02-22 12:26:03,0.00014187,12935000,0.0,1835,1
2018-02-22 12:26:10,0.0149,12928000,0.0,192627,1
2018-02-22 12:26:15,0.0149,12920000,0.0,192508,1
2018-02-22 12:26:44,1.4631,12920000,0.0,-18903252,0
2018-02-22 12:29:26,0.0039,12930000,0.0,50427,1
2018-02-22 12:35:55,0.1459,12906000,0.0,1882985,1
2018-02-22 12:37:35,0.7633,12892000,0.0,9840464,1
2018-02-22 12:38:27,0.0545,12871000,0.0,-701470,0
2018-02-22 12:39:08,0.2019,12879000,0.0,-2600270,0
2018-02-22 12:40:32,0.3062,12898000,0.0,3949368,1
2018-02-22 12:40:40,0.0786,12886000,0.0,-1012840,0
2018-02-22 12:41:24,0.8843,12870000,0.0,-11380941,0
2018-02-22 12:44:19,0.2679,12894000,0.0,3454303,1
2018-02-22 12:45:29,0.1507,12887000,0.0,1942071,1
2018-02-22 12:49:55,0.0171,12895000,0.0,220505,1
2018-02-22 12:50:04,0.2172,12901000,0.0,2802097,1
2018-02-22 12:50:04,0.3849,12900000,0.0,4965210,1
2018-02-22 12:50:08,1.0378,12895000,0.0,-13382431,0
2018-02-22 12:51:45,0.2459,12894000,0.0,3170635,1
2018-02-22 12:53:59,0.034,12890000,0.0,438260,1
2018-02-22 13:03:03,0.14,12797000,0.0,1791580,1
2018-02-22 13:03:03,0.1,12797000,0.0,1279700,1
2018-02-22 13:03:03,0.0078,12797000,0.0,99817,1
2018-02-22 13:03:03,0.196,12797000,0.0,2508212,1
2018-02-22 13:03:03,0.7763,12797000,0.0,9934311,1
2018-02-22 13:04:56,0.1285,12784000,0.0,-1642744,0
2018-02-22 13:05:04,1.3715,12786000,0.0,-17535999,0
2018-02-22 13:06:12,1.5,12776000,0.0,19164000,1
2018-02-22 13:07:10,0.7357,12770000,0.0,-9394889,0
2018-02-22 13:07:19,0.6081,12773000,0.0,-7767261,0
2018-02-22 13:08:22,0.27744478,12798000,0.0,3550738,1
2018-02-22 13:08:35,0.3943,12796000,0.0,5045463,1
2018-02-22 13:09:01,0.7041,12783000,0.0,-9000510,0
2018-02-22 13:10:20,0.0236,12803000,0.0,302151,1
2018-02-22 13:11:41,0.1096,12777000,0.0,1400359,1
2018-02-22 13:13:08,0.2836,12788000,0.0,3626677,1
2018-02-22 13:14:13,0.1042,12739000,0.0,1327404,1
2018-02-22 13:14:21,0.0084,12738000,0.0,106999,1
2018-02-22 13:15:40,0.0311,12742000,0.0,396276,1
2018-02-22 13:17:04,0.8156,12722000,0.0,10376063,1
2018-02-22 13:17:13,0.6996,12712000,0.0,-8893315,0
2018-02-22 13:18:22,0.2513,12742000,0.0,3202065,1
2018-02-22 13:18:57,0.0161,12724000,0.0,-204856,0
2018-02-22 13:19:51,0.1571,12721000,0.0,-1998469,0
2018-02-22 13:21:00,0.6215,12738000,0.0,7916667,1
2018-02-22 13:21:32,0.2149,12730000,0.0,-2735677,0
2018-02-22 13:21:37,0.0109,12741000,0.0,138877,1
2018-02-22 13:22:19,0.12714129,12733000,0.0,-1618890,0
2018-02-22 13:22:19,0.15765871,12733000,0.0,-2007468,0
2018-02-22 13:22:43,0.3842,12731000,0.0,-4891250,0
2018-02-22 13:23:01,0.0513,12730000,0.0,653049,1
2018-02-22 13:23:05,0.0302,12735000,0.0,384597,1
2018-02-22 13:23:15,0.7915,12729000,0.0,10075004,1
2018-02-22 13:26:00,0.8025,12724000,0.0,-10211010,0
2018-02-22 13:27:38,0.734,12737000,0.0,9348958,1
2018-02-22 13:28:05,0.226,12719000,0.0,-2874494,0
2018-02-22 13:30:00,0.20839924,12739000,0.0,-2654798,0
2018-02-22 13:30:00,0.99710076,12739000,0.0,-12702067,0
2018-02-22 13:31:47,1.5,12784000,0.0,19176000,1
2018-02-22 13:31:51,0.026,12784000,0.0,-332384,0
2018-02-22 13:32:08,0.4651,12786000,0.0,-5946769,0
2018-02-22 13:32:58,0.0359,12777000,0.0,-458694,0
2018-02-22 13:33:33,0.527,12776000,0.0,6732952,1
2018-02-22 13:37:43,0.1124,12770000,0.0,-1435348,0
2018-02-22 13:38:49,0.1124,12798000,0.0,1438495,1
2018-02-22 13:39:00,1.5,12801000,0.0,-19201500,0
2018-02-22 13:39:24,3.55e-06,12794000,0.0,45,1
2018-02-22 13:39:25,0.118,12794000,0.0,1509692,1
2018-02-22 13:40:00,0.0016,12796000,0.0,20474,1
2018-02-22 13:43:14,1.3804,12800000,0.0,17669120,1
2018-02-22 13:43:43,0.1699,12800000,0.0,-2174720,0
2018-02-22 13:44:15,0.3,12791000,0.0,-3837300,0
2018-02-22 13:44:19,0.0356,12793000,0.0,-455431,0
2018-02-22 13:44:26,0.2945,12799000,0.0,-3769306,0
2018-02-22 13:47:24,0.1,12820000,0.0,1282000,1
2018-02-22 13:47:27,0.099,12804000,0.0,-1267596,0
2018-02-22 13:48:58,0.4945,12826000,0.0,6342457,1
2018-02-22 13:50:42,0.3045,12822000,0.0,3904299,1
2018-02-22 13:50:58,0.1585,12823000,0.0,-2032446,0
2018-02-22 13:51:02,0.0137,12828000,0.0,-175744,0
2018-02-22 13:51:16,0.4008,12832000,0.0,-5143066,0
2018-02-22 13:51:23,0.065,12844000,0.0,834860,1
2018-02-22 13:51:24,0.508,12844000,0.0,6524752,1
2018-02-22 13:51:31,1.5,12824000,0.0,-19236000,0
2018-02-22 13:51:43,0.0156,12847000,0.0,200413,1
2018-02-22 13:51:51,1.4844,12851000,0.0,19076024,1
2018-02-22 13:52:27,0.0096,12836000,0.0,-123226,0
2018-02-22 13:52:38,0.0096,12852000,0.0,123379,1
2018-02-22 13:52:50,0.0224,12841000,0.0,-287638,0
2018-02-22 13:53:17,0.0224,12850000,0.0,287840,1
2018-02-22 13:53:43,0.2904,12847000,0.0,-3730769,0
2018-02-22 13:54:55,0.0331,12862000,0.0,-425732,0
2018-02-22 13:55:05,1.1764,12860000,0.0,-15128504,0
2018-02-22 13:56:21,0.3115,12840000,0.0,3999660,1
2018-02-22 13:56:21,0.06,12840000,0.0,770400,1
2018-02-22 13:56:21,0.0842,12840000,0.0,1081128,1
2018-02-22 13:56:21,0.0374,12840000,0.0,480216,1
2018-02-22 13:56:22,0.05850911,12840000,0.0,751257,1
2018-02-22 13:57:30,0.001,12822000,0.0,12822,1
2018-02-22 13:58:24,0.7698,12805000,0.0,9857289,1
2018-02-22 13:58:24,0.04,12805000,0.0,512200,1
2018-02-22 13:58:24,0.0536,12805000,0.0,686348,1
2018-02-22 13:58:42,0.0001,12786000,0.0,-1279,0
2018-02-22 13:58:56,0.1,12787000,0.0,-1278700,0
2018-02-22 13:59:17,0.2817,12793000,0.0,-3603788,0
2018-02-22 13:59:22,0.8581,12788000,0.0,-10973383,0
2018-02-22 14:04:05,1.3238,12850000,0.0,17010830,1
2018-02-22 14:06:40,1.5,12840000,0.0,-19260000,0
2018-02-22 14:07:03,0.1432,12850000,0.0,1840120,1
2018-02-22 14:07:06,0.196,12850000,0.0,2518600,1
2018-02-22 14:07:07,0.19,12850000,0.0,2441500,1
2018-02-22 14:07:17,0.5588,12849000,0.0,7180021,1
2018-02-22 14:07:17,0.0134,12849000,0.0,172177,1
2018-02-22 14:07:22,0.3986,12849000,0.0,5121611,1
2018-02-22 14:08:51,0.9,12862000,0.0,-11575800,0
2018-02-22 14:08:51,0.0646,12862000,0.0,-830885,0
2018-02-22 14:08:51,0.0861,12862000,0.0,-1107418,0
2018-02-22 14:09:22,0.1268,12879000,0.0,1633057,1
2018-02-22 14:17:49,0.18,12857000,0.0,2314260,1
2018-02-22 14:18:13,0.4015,12850000,0.0,5159275,1
2018-02-22 14:18:13,0.0849,12850000,0.0,1090965,1
2018-02-22 14:18:13,0.052,12850000,0.0,668200,1
2018-02-22 14:18:13,0.2055,12850000,0.0,2640675,1
2018-02-22 14:19:14,0.5087,12829000,0.0,-6526112,0
2018-02-22 14:19:22,0.6694,12829000,0.0,-8587733,0
2018-02-22 14:19:22,0.3219,12829000,0.0,-4129655,0
2018-02-22 14:24:11,0.72995711,12858000,0.0,9385789,1
2018-02-22 14:24:40,0.0635,12862000,0.0,816737,1
2018-02-22 14:24:41,0.0155,12862000,0.0,199361,1
2018-02-22 14:25:43,0.62,12868000,0.0,7978160,1
2018-02-22 14:25:48,0.012,12867000,0.0,154404,1
2018-02-22 14:25:55,0.0591,12860000,0.0,760026,1
2018-02-22 14:27:49,0.0643,12861000,0.0,-826962,0
2018-02-22 14:28:49,0.0643,12874000,0.0,827798,1
2018-02-22 14:29:41,0.0913,12835000,0.0,-1171836,0
2018-02-22 14:30:45,0.0913,12860000,0.0,1174118,1
2018-02-22 14:30:50,0.2209,12849000,0.0,-2838344,0
2018-02-22 14:31:02,0.0743,12856000,0.0,955201,1
2018-02-22 14:31:06,0.1466,12859000,0.0,1885129,1
2018-02-22 14:32:04,0.4568,12851000,0.0,-5870337,0
2018-02-22 14:33:16,1.0432,12850000,0.0,-13405120,0
2018-02-22 14:34:53,1.007,12865000,0.0,12955055,1
2018-02-22 14:35:00,0.493,12865000,0.0,6342445,1
2018-02-22 14:36:33,0.0943,12844000,0.0,-1211189,0
2018-02-22 14:36:33,0.1238,12844000,0.0,-1590087,0
2018-02-22 14:36:54,0.0043,12850000,0.0,55255,1
2018-02-22 14:37:36,1.0228,12837000,0.0,-13129684,0
2018-02-22 14:37:59,0.5121,12841000,0.0,6575876,1
2018-02-22 14:38:04,0.3774,12828000,0.0,4841287,1
2018-02-22 14:38:19,0.25879723,12833000,0.0,3321145,1
2018-02-22 14:38:23,1.4117,12820000,0.0,-18097994,0
2018-02-22 14:38:36,0.4195,12835000,0.0,5384283,1
2018-02-22 14:38:59,1.0805,12836000,0.0,13869298,1
2018-02-22 14:40:17,0.2931,12804000,0.0,-3752852,0
2018-02-22 14:40:34,1.2013,12811000,0.0,-15389854,0
2018-02-22 14:41:27,0.0086,12818000,0.0,110235,1
2018-02-22 14:43:26,0.2894,12802000,0.0,3704899,1
2018-02-22 14:44:29,1.1964,12812000,0.0,15328277,1
2018-02-22 14:46:13,0.0451,12802000,0.0,-577370,0
2018-02-22 14:46:21,0.9446,12803000,0.0,-12093714,0
2018-02-22 14:47:39,0.0082,12825000,0.0,105165,1
2018-02-22 14:47:39,0.3759,12825000,0.0,4820918,1
2018-02-22 14:47:51,0.6056,12827000,0.0,7768031,1
2018-02-22 14:51:04,0.0772,12821000,0.0,-989781,0
2018-02-22 14:52:13,0.0002,12823000,0.0,2565,1
2018-02-22 14:52:25,0.0021,12819000,0.0,26920,1
2018-02-22 14:56:14,0.0749,12815000,0.0,959844,1
2018-02-22 14:58:23,0.0151,12805000,0.0,-193356,0
2018-02-22 14:58:24,0.1651,12805000,0.0,-2114106,0
2018-02-22 14:59:34,0.0105,12809000,0.0,-134495,0
2018-02-22 15:00:05,0.1907,12813000,0.0,2443439,1
2018-02-22 15:07:01,0.2217,12806000,0.0,-2839090,0
2018-02-22 15:09:12,0.1385,12806000,0.0,-1773631,0
2018-02-22 15:12:17,0.3602,12796000,0.0,4609119,1
2018-02-22 15:14:27,0.5623,12797000,0.0,-7195753,0
2018-02-22 15:14:41,0.1373,12800000,0.0,-1757440,0
2018-02-22 15:15:36,0.041,12816000,0.0,-525456,0
2018-02-22 15:16:10,0.7406,12823000,0.0,9496714,1
2018-02-22 15:16:56,0.2708,12834000,0.0,-3475447,0
2018-02-22 15:17:00,0.0259,12850000,0.0,-332815,0
2018-02-22 15:17:04,1.2033,12850000,0.0,-15462405,0
2018-02-22 15:19:31,0.207,12841000,0.0,2658087,1
2018-02-22 15:20:02,0.729,12847000,0.0,9365463,1
2018-02-22 15:20:15,0.04,12847000,0.0,513880,1
2018-02-22 15:21:19,0.4261,12867000,0.0,5482629,1
2018-02-22 15:21:27,0.082,12850000,0.0,1053700,1
2018-02-22 15:21:32,0.0159,12866000,0.0,204569,1
2018-02-22 15:22:32,1.399,12849000,0.0,-17975751,0
2018-02-22 15:23:24,1.399,12865000,0.0,17998135,1
2018-02-22 15:24:58,0.2541,12856000,0.0,-3266710,0
2018-02-22 15:25:08,0.2541,12869000,0.0,3270013,1
2018-02-22 15:25:18,0.05,12851000,0.0,-642550,0
2018-02-22 15:25:40,0.0901,12852000,0.0,-1157965,0
2018-02-22 15:25:45,0.025,12852000,0.0,-321300,0
2018-02-22 15:25:48,0.1651,12864000,0.0,2123846,1
2018-02-22 15:27:29,0.0117,12862000,0.0,-150485,0
2018-02-22 15:27:33,0.0117,12868000,0.0,150556,1
2018-02-22 15:31:15,0.3217,12872000,0.0,-4140922,0
2018-02-22 15:32:34,0.1173,12901000,0.0,-1513287,0
2018-02-22 15:32:37,0.2099,12906000,0.0,-2708969,0
2018-02-22 15:32:50,0.297,12902000,0.0,3831894,1
2018-02-22 15:32:54,0.0401,12901000,0.0,517330,1
2018-02-22 15:33:10,0.003,12900000,0.0,-38700,0
2018-02-22 15:33:14,1.1453,12888000,0.0,-14760626,0
2018-02-22 15:34:06,0.1602,12863000,0.0,2060653,1
2018-02-22 15:34:19,1.2999,12865000,0.0,16723214,1
2018-02-22 15:37:01,1.3524,12844000,0.0,-17370226,0
2018-02-22 15:37:53,1.3524,12857000,0.0,17387807,1
2018-02-22 15:41:15,0.0198,12853000,0.0,-254489,0
2018-02-22 15:43:06,0.0198,12854000,0.0,254509,1
2018-02-22 15:49:57,0.0311,12839000,0.0,-399293,0
2018-02-22 15:50:14,0.0311,12846000,0.0,399511,1
2018-02-22 15:57:57,1.3194,12851000,0.0,-16955609,0
2018-02-22 15:58:24,1.3194,12860000,0.0,16967484,1
2018-02-22 15:59:16,0.2469,12834000,0.0,-3168715,0
2018-02-22 15:59:21,1.253,12833000,0.0,-16079749,0
2018-02-22 15:59:38,0.0817,12844000,0.0,1049355,1
2018-02-22 16:01:13,0.2442,12841000,0.0,3135772,1
2018-02-22 16:01:18,0.0777,12841000,0.0,997746,1
2018-02-22 16:02:38,1.0963,12854000,0.0,14091840,1
2018-02-22 16:04:23,0.3185,12840000,0.0,-4089540,0
2018-02-22 16:04:26,0.3185,12850000,0.0,4092725,1
2018-02-22 16:05:00,0.499,12838000,0.0,-6406162,0
2018-02-22 16:05:04,0.2769,12837000,0.0,-3554565,0
2018-02-22 16:06:12,0.7759,12835000,0.0,9958677,1
2018-02-22 16:07:04,0.0356,12827000,0.0,-456641,0
2018-02-22 16:07:04,0.2478,12827000,0.0,-3178531,0
2018-02-22 16:07:29,0.0001,12824000,0.0,-1282,0
2018-02-22 16:07:30,0.003,12824000,0.0,-38472,0
2018-02-22 16:07:33,0.1529,12822000,0.0,-1960484,0
2018-02-22 16:07:44,0.0693,12820000,0.0,-888426,0
2018-02-22 16:07:53,0.014,12812000,0.0,-179368,0
2018-02-22 16:07:53,0.5366,12812000,0.0,-6874919,0
2018-02-22 16:08:24,0.0792,12780000,0.0,1012176,1
2018-02-22 16:09:29,0.2087,12776000,0.0,2666351,1
2018-02-22 16:09:49,0.7714,12777000,0.0,9856178,1
2018-02-22 16:11:09,1.1589,12762000,0.0,-14789882,0
2018-02-22 16:11:19,0.2754,12760000,0.0,3514104,1
2018-02-22 16:11:20,0.1279,12760000,0.0,1632004,1
2018-02-22 16:11:49,0.0347,12753000,0.0,442529,1
2018-02-22 16:12:01,0.0279,12723000,0.0,-354972,0
2018-02-22 16:13:29,0.7512,12743000,0.0,-9572542,0
2018-02-22 16:13:56,0.05,12742000,0.0,637100,1
2018-02-22 16:13:56,0.0383,12742000,0.0,488019,1
2018-02-22 16:13:56,0.0012,12742000,0.0,15290,1
2018-02-22 16:13:57,1.0,12742000,0.0,12742000,1
2018-02-22 16:14:04,0.6625,12731000,0.0,-8434288,0
2018-02-22 16:15:25,1.073,12740000,0.0,13670020,1
2018-02-22 16:15:36,0.1357,12740000,0.0,-1728818,0
2018-02-22 16:17:40,0.4041,12726000,0.0,-5142577,0
2018-02-22 16:17:44,0.2798,12722000,0.0,-3559616,0
2018-02-22 16:17:59,0.002,12721000,0.0,25442,1
2018-02-22 16:19:11,0.6434,12713000,0.0,8179544,1
2018-02-22 16:19:16,0.1742,12713000,0.0,2214605,1
2018-02-22 16:21:38,0.3308,12717000,0.0,-4206784,0
2018-02-22 16:22:23,0.3308,12730000,0.0,4211084,1
2018-02-22 16:22:27,0.0393,12720000,0.0,-499896,0
2018-02-22 16:22:33,0.0393,12740000,0.0,500682,1
2018-02-22 16:22:40,0.0628,12727000,0.0,-799256,0
2018-02-22 16:22:40,0.0143,12727000,0.0,-181996,0
2018-02-22 16:22:41,0.0729,12727000,0.0,-927798,0
2018-02-22 16:22:51,0.1852,12719000,0.0,-2355559,0
2018-02-22 16:22:51,0.6034,12720000,0.0,-7675248,0
2018-02-22 16:23:20,0.003,12690000,0.0,38070,1
2018-02-22 16:23:20,0.2023,12690000,0.0,2567187,1
2018-02-22 16:23:20,0.0815,12690000,0.0,1034235,1
2018-02-22 16:23:49,0.8482,12686000,0.0,-10760265,0
2018-02-22 16:24:16,0.1625,12682000,0.0,2060825,1
2018-02-22 16:25:13,0.1976,12650000,0.0,2499640,1
2018-02-22 16:25:13,0.3,12650000,0.0,3795000,1
2018-02-22 16:25:13,0.1892,12650000,0.0,2393380,1
2018-02-22 16:25:14,0.6507,12650000,0.0,8231355,1
2018-02-22 16:25:30,0.97,12651000,0.0,-12271470,0
2018-02-22 16:25:50,0.09109134,12670000,0.0,1154127,1
2018-02-22 16:25:50,0.00319921,12670000,0.0,40534,1
2018-02-22 16:28:16,0.0179,12679000,0.0,226954,1
2018-02-22 16:30:21,0.6373,12678000,0.0,8079689,1
2018-02-22 16:30:32,0.336,12661000,0.0,-4254096,0
2018-02-22 16:30:47,0.0207,12662000,0.0,-262103,0
2018-02-22 16:30:51,0.9228,12665000,0.0,-11687262,0
2018-02-22 16:32:11,0.00237079,12654000,0.0,30000,1
2018-02-22 16:34:01,0.0354,12658000,0.0,448093,1
2018-02-22 16:35:33,1.4622,12677000,0.0,18536309,1
2018-02-22 16:36:21,0.2461,12661000,0.0,-3115872,0
2018-02-22 16:36:47,0.3408,12655000,0.0,-4312824,0
2018-02-22 16:36:47,0.1996,12655000,0.0,-2525938,0
2018-02-22 16:36:58,0.5,12670000,0.0,6335000,1
2018-02-22 16:37:22,0.1061,12670000,0.0,1344287,1
2018-02-22 16:37:57,1.3195,12660000,0.0,-16704870,0
2018-02-22 16:42:45,0.2594,12594000,0.0,3266884,1
2018-02-22 16:42:45,0.2481,12594000,0.0,3124571,1
2018-02-22 16:42:54,0.1211,12590000,0.0,1524649,1
2018-02-22 16:45:26,0.59361033,12595000,0.0,7476522,1
2018-02-22 16:45:36,0.0233,12584000,0.0,-293207,0
2018-02-22 16:45:44,0.301,12593000,0.0,3790493,1
2018-02-22 16:45:55,0.02,12585000,0.0,-251700,0
2018-02-22 16:46:08,0.02,12593000,0.0,251860,1
2018-02-22 16:48:23,1.4242,12564000,0.0,-17893649,0
2018-02-22 16:49:51,0.1653,12542000,0.0,2073193,1
2018-02-22 16:49:51,0.5,12542000,0.0,6271000,1
2018-02-22 16:49:55,0.3363,12540000,0.0,4217202,1
2018-02-22 16:49:55,0.0017,12540000,0.0,21318,1
2018-02-22 16:49:55,0.001,12540000,0.0,12540,1
2018-02-22 16:50:23,0.029,12508000,0.0,362732,1
2018-02-22 16:50:24,0.1776,12508000,0.0,2221421,1
2018-02-22 16:50:24,0.0001,12508000,0.0,1251,1
2018-02-22 16:50:43,0.0361,12489000,0.0,450853,1
2018-02-22 16:50:56,0.0157,12459000,0.0,-195606,0
2018-02-22 16:51:04,0.0169,12462000,0.0,-210608,0
2018-02-22 16:51:08,0.1769,12463000,0.0,-2204705,0
2018-02-22 16:52:08,0.3866,12468000,0.0,4820129,1
2018-02-22 16:52:34,0.1,12500000,0.0,-1250000,0
2018-02-22 16:52:38,1.4,12494000,0.0,-17491600,0
2018-02-22 16:53:42,0.0051,12508000,0.0,63791,1
2018-02-22 16:56:07,0.5351,12553000,0.0,6717110,1
2018-02-22 16:56:13,0.0158,12552000,0.0,198322,1
2018-02-22 16:56:13,0.0022,12552000,0.0,27614,1
2018-02-22 16:58:40,0.0369,12595000,0.0,464756,1
2018-02-22 16:59:04,0.011,12589000,0.0,138479,1
2018-02-22 17:00:45,0.316,12581000,0.0,3975596,1
2018-02-22 17:01:50,0.599,12567000,0.0,-7527633,0
2018-02-22 17:03:46,0.3478,12617000,0.0,4388193,1
2018-02-22 17:04:10,0.1619,12609000,0.0,2041397,1
2018-02-22 17:04:23,0.0218,12595000,0.0,274571,1
2018-02-22 17:04:23,0.4042,12595000,0.0,5090899,1
2018-02-22 17:04:23,0.2412,12595000,0.0,3037914,1
2018-02-22 17:04:50,0.266,12567000,0.0,-3342822,0
2018-02-22 17:04:58,0.16605992,12590000,0.0,2090694,1
2018-02-22 17:05:02,0.0999,12589000,0.0,1257641,1
2018-02-22 17:08:17,0.1553,12603000,0.0,-1957246,0
2018-02-22 17:08:26,0.0939,12603000,0.0,-1183422,0
2018-02-22 17:08:41,0.2492,12600000,0.0,3139920,1
2018-02-22 17:09:05,0.118,12589000,0.0,-1485502,0
2018-02-22 17:09:17,1.0988,12600000,0.0,-13844880,0
2018-02-22 17:14:36,0.4884,12614000,0.0,6160678,1
2018-02-22 17:14:40,0.7715,12604000,0.0,-9723986,0
2018-02-22 17:17:05,1.4999,12611000,0.0,18915239,1
2018-02-22 17:17:41,0.0157,12561000,0.0,-197208,0
2018-02-22 17:17:44,0.7277,12561000,0.0,-9140640,0
2018-02-22 17:18:52,0.1774,12575000,0.0,2230805,1
2018-02-22 17:18:52,0.48748421,12575000,0.0,6130114,1
2018-02-22 17:19:01,0.0194,12560000,0.0,-243664,0
2018-02-22 17:19:07,0.4501,12560000,0.0,-5653256,0
2018-02-22 17:19:12,0.5187,12559000,0.0,-6514353,0
2018-02-22 17:19:12,0.3782,12558000,0.0,-4749436,0
2018-02-22 17:20:13,0.0762,12550000,0.0,956310,1
2018-02-22 17:20:27,1.2187,12540000,0.0,15282498,1
2018-02-22 17:20:27,0.15,12540000,0.0,1881000,1
2018-02-22 17:20:58,1.5,12520000,0.0,-18780000,0
2018-02-22 17:21:56,0.5,12495000,0.0,6247500,1
2018-02-22 17:22:28,1.0,12471000,0.0,12471000,1
2018-02-22 17:22:36,0.2199,12460000,0.0,-2739954,0
2018-02-22 17:22:39,0.0339,12460000,0.0,-422394,0
2018-02-22 17:22:48,0.8684,12458000,0.0,-10818527,0
2018-02-22 17:28:53,1.1222,12446000,0.0,13966901,1
2018-02-22 17:30:40,0.3494,12445000,0.0,-4348283,0
2018-02-22 17:30:47,1.1506,12454000,0.0,-14329572,0
2018-02-22 17:34:58,0.0816,12496000,0.0,1019674,1
2018-02-22 17:35:02,1.4184,12495000,0.0,17722908,1
2018-02-22 17:35:24,1.5,12500000,0.0,-18750000,0
2018-02-22 17:36:46,0.0127,12493000,0.0,158661,1
2018-02-22 17:36:50,0.02,12484000,0.0,249680,1
2018-02-22 17:36:50,0.0133,12484000,0.0,166037,1
2018-02-22 17:37:15,0.3612,12457000,0.0,4499468,1
2018-02-22 17:37:16,0.0934,12457000,0.0,1163484,1
2018-02-22 17:39:26,0.05,12434000,0.0,621700,1
2018-02-22 17:40:24,0.9494,12401000,0.0,11773509,1
2018-02-22 17:41:10,0.0032,12401000,0.0,-39683,0
2018-02-22 17:41:30,1.4967,12400000,0.0,-18559080,0
2018-02-22 17:42:05,1.4153,12399000,0.0,17548305,1
2018-02-22 17:42:05,0.0846,12400000,0.0,1049040,1
2018-02-22 17:42:16,0.4732,12394000,0.0,-5864841,0
2018-02-22 17:42:34,0.277,12396000,0.0,3433692,1
2018-02-22 17:44:26,0.1962,12350000,0.0,2423070,1
2018-02-22 17:44:49,0.9909,12324000,0.0,-12211852,0
2018-02-22 17:45:44,0.0081,12291000,0.0,99557,1
2018-02-22 17:45:44,0.0567,12291000,0.0,696900,1
2018-02-22 17:45:45,0.0333,12291000,0.0,409290,1
2018-02-22 17:45:49,0.0865,12289000,0.0,1062999,1
2018-02-22 17:45:50,0.3277,12289000,0.0,4027105,1
2018-02-22 17:46:29,0.2028,12261000,0.0,-2486531,0
2018-02-22 17:46:37,0.5541,12270000,0.0,-6798807,0
2018-02-22 17:48:05,0.0928,12300000,0.0,1141440,1
2018-02-22 17:48:33,0.07767079,12284000,0.0,954108,1
2018-02-22 17:48:34,1.012,12284000,0.0,12431408,1
2018-02-22 17:48:47,0.0357,12270000,0.0,438039,1
2018-02-22 17:48:47,0.0174,12270000,0.0,213498,1
2018-02-22 17:49:53,0.3153,12297000,0.0,-3877244,0
2018-02-22 17:49:53,0.8766,12297000,0.0,-10779550,0
2018-02-22 17:51:42,0.40407304,12374000,0.0,5000000,1
2018-02-22 17:51:42,0.51,12374000,0.0,6310740,1
2018-02-22 17:51:48,0.0978,12379000,0.0,1210666,1
2018-02-22 17:51:49,0.06,12379000,0.0,742740,1
2018-02-22 17:51:55,0.12,12379000,0.0,1485480,1
2018-02-22 17:52:31,0.0015,12379000,0.0,-18569,0
2018-02-22 17:53:23,0.1283,12382000,0.0,-1588611,0
2018-02-22 17:53:37,0.1298,12376000,0.0,1606405,1
2018-02-22 17:53:41,0.0091,12371000,0.0,-112576,0
2018-02-22 17:54:15,0.0091,12360000,0.0,112476,1
2018-02-22 17:54:51,0.0814,12350000,0.0,-1005290,0
2018-02-22 17:55:58,0.0814,12373000,0.0,1007162,1
2018-02-22 17:56:55,1.5,12325000,0.0,-18487500,0
2018-02-22 17:57:03,0.0045,12321000,0.0,55445,1
2018-02-22 17:58:31,0.8416,12268000,0.0,10324749,1
2018-02-22 17:58:35,0.5667,12254000,0.0,-6944342,0
2018-02-22 17:58:50,0.0001,12242000,0.0,1224,1
2018-02-22 18:00:02,0.0013,12198000,0.0,15857,1
2018-02-22 18:00:03,1.2192,12198000,0.0,14871802,1
2018-02-22 18:01:03,0.6654,12285000,0.0,-8174439,0
2018-02-22 18:01:39,0.158,12321000,0.0,-1946718,0
2018-02-22 18:02:36,0.8234,12287000,0.0,10117116,1
2018-02-22 18:03:36,0.6632,12313000,0.0,-8165982,0
2018-02-22 18:03:39,0.10129999,12314000,0.0,-1247408,0
2018-02-22 18:03:39,0.04460001,12314000,0.0,-549205,0
2018-02-22 18:03:58,0.4616,12322000,0.0,5687835,1
2018-02-22 18:04:02,0.3475,12335000,0.0,4286413,1
2018-02-22 18:05:33,0.1057,12386000,0.0,-1309200,0
2018-02-22 18:05:44,0.1057,12420000,0.0,1312794,1
2018-02-22 18:05:53,0.3337,12405000,0.0,-4139549,0
2018-02-22 18:06:11,0.0575,12401000,0.0,713058,1
2018-02-22 18:06:32,0.2569,12381000,0.0,3180679,1
2018-02-22 18:06:33,0.0038,12381000,0.0,47048,1
2018-02-22 18:06:52,0.0155,12364000,0.0,191642,1
2018-02-22 18:07:00,0.3001,12355000,0.0,-3707736,0
2018-02-22 18:07:23,0.5139,12346000,0.0,-6344609,0
2018-02-22 18:07:32,0.00957974,12355000,0.0,118358,1
2018-02-22 18:07:40,0.024,12347000,0.0,296328,1
2018-02-22 18:07:58,0.54320568,12348000,0.0,6707504,1
2018-02-22 18:07:58,0.23719432,12348000,0.0,2928875,1
2018-02-22 18:09:53,0.4682,12320000,0.0,-5768224,0
2018-02-22 18:10:05,0.3937,12341000,0.0,4858652,1
2018-02-22 18:10:05,0.0745,12341000,0.0,919405,1
2018-02-22 18:10:09,0.8542,12315000,0.0,-10519473,0
2018-02-22 18:10:42,0.059,12322000,0.0,726998,1
2018-02-22 18:11:15,0.7952,12349000,0.0,9819925,1
2018-02-22 18:12:30,3.305e-05,12337000,0.0,-408,0
2018-02-22 18:12:44,0.40317642,12343000,0.0,-4976407,0
2018-02-22 18:12:48,0.999,12350000,0.0,-12337650,0
2018-02-22 18:12:48,0.0978,12350000,0.0,-1207830,0
2018-02-22 18:14:05,0.01,12330000,0.0,123300,1
2018-02-22 18:14:05,0.4717,12330000,0.0,5816061,1
2018-02-22 18:15:02,1.0183,12348000,0.0,12573968,1
2018-02-22 18:15:17,1.5,12340000,0.0,-18510000,0
2018-02-22 18:17:47,0.6965,12396000,0.0,8633814,1
2018-02-22 18:17:51,0.8035,12390000,0.0,9955365,1
2018-02-22 18:18:24,0.7039,12410000,0.0,-8735399,0
2018-02-22 18:18:24,0.01,12410000,0.0,-124100,0
2018-02-22 18:18:29,0.20752122,12414000,0.0,-2576168,0
2018-02-22 18:18:29,0.21807878,12414000,0.0,-2707230,0
2018-02-22 18:18:48,0.0903,12427000,0.0,1122158,1
2018-02-22 18:19:05,0.0643,12427000,0.0,799056,1
2018-02-22 18:19:18,0.9849,12429000,0.0,12241322,1
2018-02-22 18:20:48,1.34570822,12450000,0.0,-16754067,0
2018-02-22 18:20:48,0.0581,12450000,0.0,-723345,0
2018-02-22 18:20:48,0.09619178,12450000,0.0,-1197588,0
2018-02-22 18:23:44,0.2793,12415000,0.0,3467510,1
2018-02-22 18:25:30,0.387,12378000,0.0,4790286,1
2018-02-22 18:30:13,0.1078,12415000,0.0,1338337,1
2018-02-22 18:30:14,0.016,12415000,0.0,198640,1
2018-02-22 18:30:21,0.7099,12423000,0.0,8819088,1
2018-02-22 18:32:41,1.1005,12425000,0.0,-13673713,0
2018-02-22 18:32:59,0.8476,12433000,0.0,10538211,1
2018-02-22 18:33:03,0.2529,12430000,0.0,3143547,1
2018-02-22 18:34:26,0.9226,12375000,0.0,-11417175,0
2018-02-22 18:35:01,0.1043,12381000,0.0,1291338,1
2018-02-22 18:35:14,0.02,12360000,0.0,247200,1
2018-02-22 18:35:14,0.001,12360000,0.0,12360,1
2018-02-22 18:35:14,0.0114,12360000,0.0,140904,1
2018-02-22 18:36:26,0.0146,12328000,0.0,179989,1
2018-02-22 18:36:26,0.3121,12328000,0.0,3847569,1
2018-02-22 18:36:39,1.0408,12300000,0.0,-12801840,0
2018-02-22 18:40:00,0.1853,12345000,0.0,2287529,1
2018-02-22 18:41:36,0.0203,12302000,0.0,249731,1
2018-02-22 18:42:38,1.2944,12280000,0.0,15895232,1
2018-02-22 18:42:53,0.0422,12260000,0.0,-517372,0
2018-02-22 18:43:05,0.0902,12265000,0.0,-1106303,0
2018-02-22 18:43:08,0.126,12265000,0.0,-1545390,0
2018-02-22 18:43:18,0.2584,12279000,0.0,3172894,1
2018-02-22 18:44:38,0.036,12260000,0.0,-441360,0
2018-02-22 18:44:51,0.1331,12253000,0.0,-1630874,0
2018-02-22 18:45:18,0.0319,12244000,0.0,390584,1
2018-02-22 18:45:19,0.1372,12244000,0.0,1679877,1
2018-02-22 18:45:27,0.07,12244000,0.0,-857080,0
2018-02-22 18:45:27,0.289,12244000,0.0,-3538516,0
2018-02-22 18:45:39,0.359,12265000,0.0,4403135,1
2018-02-22 18:47:55,1.0938,12278000,0.0,-13429676,0
2018-02-22 18:50:59,0.4736,12220000,0.0,5787392,1
2018-02-22 18:50:59,0.0016,12220000,0.0,19552,1
2018-02-22 18:50:59,0.0212,12220000,0.0,259064,1
2018-02-22 18:51:27,0.5456,12181000,0.0,-6645954,0
2018-02-22 18:51:41,0.041,12177000,0.0,499257,1
2018-02-22 18:51:41,0.015,12177000,0.0,182655,1
2018-02-22 18:51:48,0.1401,12168000,0.0,1704737,1
2018-02-22 18:53:00,0.5183,12175000,0.0,6310303,1
2018-02-22 18:53:00,0.4286,12175000,0.0,5218205,1
2018-02-22 18:53:11,0.3534,12181000,0.0,-4304765,0
2018-02-22 18:53:11,0.507,12181000,0.0,-6175767,0
2018-02-22 18:53:22,0.0767,12179000,0.0,934129,1
2018-02-22 18:53:22,0.7837,12179000,0.0,9544682,1
2018-02-22 18:53:43,0.5228,12161000,0.0,-6357771,0
2018-02-22 18:54:07,0.3646,12187000,0.0,4443380,1
2018-02-22 18:54:08,0.1374,12187000,0.0,1674494,1
2018-02-22 18:54:09,0.0208,12187000,0.0,253490,1
2018-02-22 18:54:26,0.01,12207000,0.0,-122070,0
2018-02-22 18:54:37,0.4621,12201000,0.0,-5638082,0
2018-02-22 18:54:41,0.11,12220000,0.0,1344200,1
2018-02-22 18:54:42,0.3621,12220000,0.0,4424862,1
2018-02-22 18:58:39,0.3949,12171000,0.0,-4806328,0
2018-02-22 18:58:40,0.11,12171000,0.0,-1338810,0
2018-02-22 18:59:21,0.0244,12172000,0.0,-296997,0
2018-02-22 18:59:37,0.00568817,12183000,0.0,69299,1
2018-02-22 18:59:41,0.5236,12178000,0.0,6376401,1
2018-02-22 18:59:54,0.2841,12160000,0.0,-3454656,0
2018-02-22 18:59:59,0.0239,12167000,0.0,290791,1
2018-02-22 18:59:59,0.2602,12167000,0.0,3165853,1
2018-02-22 19:00:05,0.8052,12161000,0.0,-9792037,0
2018-02-22 19:00:13,0.8052,12178000,0.0,9805726,1
2018-02-22 19:01:38,0.3008,12236000,0.0,-3680589,0
2018-02-22 19:01:38,1.1992,12236000,0.0,-14673411,0
2018-02-22 19:02:05,0.027,12211000,0.0,329697,1
2018-02-22 19:03:01,0.758,12198000,0.0,9246084,1
2018-02-22 19:03:11,0.08026469,12184000,0.0,977945,1
2018-02-22 19:03:36,0.3138,12157000,0.0,-3814867,0
2018-02-22 19:05:01,0.2066,12086000,0.0,2496968,1
2018-02-22 19:05:01,0.4818,12086000,0.0,5823035,1
2018-02-22 19:05:04,0.2602,12080000,0.0,3143216,1
2018-02-22 19:05:41,0.09990741,12040000,0.0,-1202885,0
2018-02-22 19:05:52,0.0014,12027000,0.0,16838,1
2018-02-22 19:05:53,0.0985,12027000,0.0,1184660,1
2018-02-22 19:06:34,0.1156,12053000,0.0,-1393327,0
2018-02-22 19:07:10,1.3844,12032000,0.0,-16657101,0
2018-02-22 19:07:58,0.0957,12031000,0.0,1151367,1
2018-02-22 19:07:58,0.5,12031000,0.0,6015500,1
2018-02-22 19:08:24,0.1132,12031000,0.0,1361909,1
2018-02-22 19:08:24,0.7911,12031000,0.0,9517724,1
2018-02-22 19:09:57,0.2157,12041000,0.0,-2597244,0
2018-02-22 19:10:03,0.1057,12046000,0.0,1273262,1
2018-02-22 19:10:03,0.11,12046000,0.0,1325060,1
2018-02-22 19:10:15,1.0302,12030000,0.0,-12393306,0
2018-02-22 19:11:00,2.121e-05,12011000,0.0,255,1
2018-02-22 19:11:39,0.0018,11980000,0.0,21564,1
2018-02-22 19:11:39,0.4323,11980000,0.0,5178954,1
2018-02-22 19:11:44,0.5281,11980000,0.0,6326638,1
2018-02-22 19:11:53,0.0099,11954000,0.0,-118345,0
2018-02-22 19:12:13,0.0779,11936000,0.0,929814,1
2018-02-22 19:12:21,0.1,11954000,0.0,-1195400,0
2018-02-22 19:12:21,0.9376,11954000,0.0,-11208070,0
2018-02-22 19:12:44,0.22,11948000,0.0,2628560,1
2018-02-22 19:12:51,0.0031,11944000,0.0,37026,1
2018-02-22 19:12:55,0.3025,11952000,0.0,3615480,1
2018-02-22 19:13:24,0.017,11913000,0.0,-202521,0
2018-02-22 19:13:24,0.0466,11913000,0.0,-555146,0
2018-02-22 19:13:56,0.02,11900000,0.0,238000,1
2018-02-22 19:13:56,0.0361,11900000,0.0,429590,1
2018-02-22 19:13:56,0.0741,11900000,0.0,881790,1
2018-02-22 19:13:56,0.1464,11900000,0.0,1742160,1
2018-02-22 19:13:56,0.0087,11900000,0.0,103530,1
2018-02-22 19:13:56,0.2893,11900000,0.0,3442670,1
2018-02-22 19:13:56,0.001,11900000,0.0,11900,1
2018-02-22 19:14:27,1.0612,11952000,0.0,-12683462,0
2018-02-22 19:14:27,0.166,11952000,0.0,-1984032,0
2018-02-22 19:15:03,0.1036,11961000,0.0,1239160,1
2018-02-22 19:15:04,0.015,11961000,0.0,179415,1
2018-02-22 19:15:09,0.4848,11948000,0.0,5792390,1
2018-02-22 19:15:50,0.6145,11959000,0.0,-7348806,0
2018-02-22 19:16:12,0.0148,11961000,0.0,177023,1
2018-02-22 19:16:13,0.2714,11961000,0.0,3246215,1
2018-02-22 19:16:36,0.0079,11944000,0.0,94358,1
2018-02-22 19:16:44,0.53876503,11944000,0.0,6435010,1
2018-02-22 19:16:50,0.1101,11937000,0.0,1314264,1
2018-02-22 19:16:50,0.2953,11937000,0.0,3524996,1
2018-02-22 19:17:49,0.2148,11931000,0.0,-2562779,0
2018-02-22 19:17:53,0.2937,11926000,0.0,-3502666,0
2018-02-22 19:18:01,0.3745,11926000,0.0,-4466287,0
2018-02-22 19:18:20,0.5681,11930000,0.0,6777433,1
2018-02-22 19:19:10,0.2139,11922000,0.0,2550116,1
2018-02-22 19:19:26,0.0735,11903000,0.0,-874871,0
2018-02-22 19:19:30,0.0485,11902000,0.0,-577247,0
2018-02-22 19:19:36,0.1,11899000,0.0,1189900,1
2018-02-22 19:19:44,0.001,11886000,0.0,11886,1
2018-02-22 19:20:06,0.0021,11877000,0.0,24942,1
2018-02-22 19:20:07,0.1199,11877000,0.0,1424052,1
2018-02-22 19:20:26,0.0914,11905000,0.0,-1088117,0
2018-02-22 19:20:52,0.1796,11913000,0.0,-2139575,0
2018-02-22 19:21:00,0.14851402,11930000,0.0,-1771772,0
2018-02-22 19:21:00,0.19968598,11930000,0.0,-2382254,0
2018-02-22 19:21:10,0.6192,11941000,0.0,7393867,1
2018-02-22 19:21:16,0.0507,11942000,0.0,-605459,0
2018-02-22 19:21:29,0.0104,11950000,0.0,-124280,0
2018-02-22 19:21:33,0.321,11951000,0.0,-3836271,0
2018-02-22 19:21:42,0.399,11977000,0.0,-4778823,0
2018-02-22 19:21:46,0.7811,11990000,0.0,9365389,1
2018-02-22 19:22:01,0.1537,11956000,0.0,-1837637,0
2018-02-22 19:22:02,0.412,11956000,0.0,-4925872,0
2018-02-22 19:22:07,0.9343,11954000,0.0,-11168622,0
2018-02-22 19:22:14,0.427,11979000,0.0,5115033,1
2018-02-22 19:22:41,0.0922,11948000,0.0,1101606,1
2018-02-22 19:23:06,0.6596,11984000,0.0,7904646,1
2018-02-22 19:23:14,0.3018,11979000,0.0,3615262,1
2018-02-22 19:23:23,0.0194,12018000,0.0,233149,1
2018-02-22 19:23:26,0.151,12000000,0.0,-1812000,0
2018-02-22 19:23:54,0.003,12030000,0.0,-36090,0
2018-02-22 19:24:04,0.154,12037000,0.0,1853698,1
2018-02-22 19:24:08,1.499,12044000,0.0,-18053956,0
2018-02-22 19:25:01,0.50508173,12047000,0.0,6084720,1
2018-02-22 19:25:20,0.197,12039000,0.0,2371683,1
2018-02-22 19:25:20,0.0533,12039000,0.0,641679,1
2018-02-22 19:25:38,0.371,12002000,0.0,-4452742,0
2018-02-22 19:25:58,0.4373,12021000,0.0,5256783,1
2018-02-22 19:26:02,0.0656,12003000,0.0,-787397,0
2018-02-22 19:26:09,0.0099,12000000,0.0,118800,1
2018-02-22 19:26:09,0.015,12000000,0.0,180000,1
2018-02-22 19:26:09,0.6793,12000000,0.0,8151600,1
2018-02-22 19:26:09,0.0387,12000000,0.0,464400,1
2018-02-22 19:27:39,0.6934,12035000,0.0,-8345069,0
2018-02-22 19:28:33,0.2517,12067000,0.0,-3037264,0
2018-02-22 19:28:38,0.8401,12068000,0.0,10138327,1
2018-02-22 19:28:42,0.3685,12059000,0.0,-4443742,0
2018-02-22 19:29:07,0.2498,12075000,0.0,3016335,1
2018-02-22 19:29:19,0.0092,12076000,0.0,111099,1
2018-02-22 19:29:19,0.1,12076000,0.0,1207600,1
2018-02-22 19:29:35,0.1145,12088000,0.0,1384076,1
2018-02-22 19:30:18,0.0107,12076000,0.0,-129213,0
2018-02-22 19:31:39,0.0107,12051000,0.0,128946,1
2018-02-22 19:33:35,0.4562,12018000,0.0,-5482612,0
2018-02-22 19:33:35,1.0438,12018000,0.0,-12544388,0
2018-02-22 19:34:14,0.1679,12032000,0.0,2020173,1
2018-02-22 19:34:32,0.1206,12031000,0.0,1450939,1
2018-02-22 19:34:46,1.2115,12018000,0.0,14559807,1
2018-02-22 19:34:56,0.2713,12031000,0.0,-3264010,0
2018-02-22 19:36:19,0.7684,12100000,0.0,-9297640,0
2018-02-22 19:36:32,0.1986,12134000,0.0,2409812,1
2018-02-22 19:36:32,0.062,12134000,0.0,752308,1
2018-02-22 19:36:44,0.3928,12139000,0.0,4768199,1
2018-02-22 19:36:44,0.3863,12136000,0.0,4688137,1
2018-02-22 19:37:14,0.03,12140000,0.0,-364200,0
2018-02-22 19:37:18,0.06497463,12130000,0.0,-788142,0
2018-02-22 19:37:18,0.40652537,12130000,0.0,-4931153,0
2018-02-22 19:37:24,0.006,12136000,0.0,72816,1
2018-02-22 19:37:36,0.1785,12116000,0.0,-2162706,0
2018-02-22 19:37:41,0.2411,12112000,0.0,-2920203,0
2018-02-22 19:39:46,0.2854,12128000,0.0,3461331,1
2018-02-22 19:39:46,0.152,12128000,0.0,1843456,1
2018-02-22 19:39:47,0.1024,12128000,0.0,1241907,1
2018-02-22 19:39:47,0.1967,12128000,0.0,2385578,1
2018-02-22 19:40:14,0.1617,12110000,0.0,-1958187,0
2018-02-22 19:40:28,0.1089,12078000,0.0,1315294,1
2018-02-22 19:40:28,0.15,12078000,0.0,1811700,1
2018-02-22 19:40:29,0.0814,12078000,0.0,983149,1
2018-02-22 19:40:32,1.5,12050000,0.0,-18075000,0
2018-02-22 19:41:40,0.1917,12078000,0.0,2315353,1
2018-02-22 19:41:43,0.368,12068000,0.0,4441024,1
2018-02-22 19:41:44,0.9341,12068000,0.0,11272719,1
2018-02-22 19:41:44,0.0062,12068000,0.0,74822,1
2018-02-22 19:43:04,1.2351,12021000,0.0,-14847137,0
2018-02-22 19:43:31,0.058,12096000,0.0,701568,1
2018-02-22 19:43:35,0.0193,12096000,0.0,233453,1
2018-02-22 19:43:55,0.4011,12095000,0.0,4851305,1
2018-02-22 19:44:01,0.7567,12071000,0.0,9134126,1
2018-02-22 19:44:30,1.5,12026000,0.0,-18039000,0
2018-02-22 19:45:08,0.00017964,12035000,0.0,2162,1
2018-02-22 19:45:56,0.0528,12010000,0.0,634128,1
2018-02-22 19:46:08,0.4639,12008000,0.0,5570511,1
2018-02-22 19:46:39,0.8109,11954000,0.0,9693499,1
2018-02-22 19:46:39,0.0041827,11954000,0.0,50000,1
2018-02-22 19:46:40,0.1064,11954000,0.0,1271906,1
2018-02-22 19:46:43,0.0001,11954000,0.0,1195,1
2018-02-22 19:46:43,0.0616,11954000,0.0,736366,1
2018-02-22 19:46:48,0.07,11954000,0.0,-836780,0
2018-02-22 19:46:52,0.4735,11954000,0.0,-5660219,0
2018-02-22 19:46:52,0.3,11954000,0.0,-3586200,0
2018-02-22 19:47:26,0.10014614,11968000,0.0,1198549,1
2018-02-22 19:47:48,0.7567,11959000,0.0,-9049375,0
2018-02-22 19:48:12,1.5,11950000,0.0,17925000,1
2018-02-22 19:48:20,1.5,11919000,0.0,-17878500,0
2018-02-22 19:49:05,1.5,11905000,0.0,17857500,1
2018-02-22 19:50:06,0.64589342,11936000,0.0,-7709384,0
2018-02-22 19:50:15,0.8541,11933000,0.0,-10191975,0
2018-02-22 19:50:43,1.2,11935000,0.0,14322000,1
2018-02-22 19:51:08,0.0193,11929000,0.0,230230,1
2018-02-22 19:51:08,0.2807,11929000,0.0,3348470,1
2018-02-22 19:51:20,0.1033,11930000,0.0,-1232369,0
2018-02-22 19:51:24,0.0508,11931000,0.0,-606095,0
2018-02-22 19:51:29,0.2759,11945000,0.0,-3295626,0
2018-02-22 19:51:33,0.47,11955000,0.0,-5618850,0
2018-02-22 19:52:22,0.1036,11980000,0.0,1241128,1
2018-02-22 19:52:55,0.0343,11966000,0.0,410434,1
2018-02-22 19:53:08,0.0243259,11970000,0.0,291181,1
2018-02-22 19:53:08,0.2895,11970000,0.0,3465315,1
2018-02-22 19:53:15,0.4483,11973000,0.0,5367496,1
2018-02-22 19:54:09,1.5,11965000,0.0,-17947500,0
2018-02-22 19:54:33,0.2538,11967000,0.0,3037225,1
2018-02-22 19:55:38,1.2462,11985000,0.0,14935707,1
2018-02-22 19:55:55,0.0098,11976000,0.0,-117365,0
2018-02-22 19:56:14,0.4,11977000,0.0,-4790800,0
2018-02-22 19:56:38,0.0192,11989000,0.0,230189,1
2018-02-22 19:56:54,0.04,11990000,0.0,-479600,0
2018-02-22 19:57:41,0.0101,12030000,0.0,121503,1
2018-02-22 19:57:42,0.4205,12030000,0.0,5058615,1
2018-02-22 19:57:48,0.1409,12017000,0.0,-1693195,0
2018-02-22 19:57:56,0.0746,12029000,0.0,897363,1
2018-02-22 19:58:01,0.0414,12012000,0.0,-497297,0
2018-02-22 19:58:32,0.1383038,12026000,0.0,-1663241,0
2018-02-22 19:58:38,0.0415,12037000,0.0,499536,1
2018-02-22 19:58:38,0.0471,12037000,0.0,566943,1
2018-02-22 19:59:01,0.1574,12034000,0.0,1894152,1
2018-02-22 19:59:05,0.0168,12022000,0.0,-201970,0
2018-02-22 19:59:38,0.8756,12013000,0.0,-10518583,0
2018-02-22 20:02:21,0.0275,12076000,0.0,332090,1
2018-02-22 20:04:53,0.3986,12048000,0.0,4802333,1
2018-02-22 20:04:53,0.4663,12048000,0.0,5617982,1
2018-02-22 20:05:21,0.4691,12016000,0.0,-5636706,0
2018-02-22 20:05:33,0.9729,12035000,0.0,-11708852,0
2018-02-22 20:06:17,0.00343147,12075000,0.0,41435,1
2018-02-22 20:06:37,0.8631,12116000,0.0,10457320,1
2018-02-22 20:06:41,0.0413,12116000,0.0,500391,1
2018-02-22 20:06:52,0.5341,12112000,0.0,6469019,1
2018-02-22 20:09:49,0.3585,12100000,0.0,-4337850,0
2018-02-22 20:10:23,0.3585,12104000,0.0,4339284,1
2018-02-22 20:11:10,0.0492,12100000,0.0,-595320,0
2018-02-22 20:11:58,1.1862,12099000,0.0,-14351834,0
2018-02-22 20:12:04,0.1,12110000,0.0,1211000,1
2018-02-22 20:12:05,0.00380248,12110000,0.0,46048,1
2018-02-22 20:12:26,0.0001,12110000,0.0,1211,1
2018-02-22 20:12:59,0.0001,12114000,0.0,1211,1
2018-02-22 20:13:45,0.053,12083000,0.0,640399,1
2018-02-22 20:14:36,0.002,12050000,0.0,24100,1
2018-02-22 20:14:45,0.0225,12048000,0.0,271080,1
2018-02-22 20:14:45,0.6404,12048000,0.0,7715539,1
2018-02-22 20:14:45,0.2,12048000,0.0,2409600,1
2018-02-22 20:14:46,0.0474,12048000,0.0,571075,1
2018-02-22 20:14:55,1.3339,12038000,0.0,-16057488,0
2018-02-22 20:18:25,0.2901,12087000,0.0,3506439,1
2018-02-22 20:18:26,1.2099,12087000,0.0,14624061,1
2018-02-22 20:19:13,0.82427702,12100000,0.0,-9973752,0
2018-02-22 20:20:18,0.8243,12144000,0.0,10010299,1
2018-02-22 20:20:30,0.0101,12139000,0.0,-122604,0
2018-02-22 20:21:11,0.1601,12127000,0.0,-1941533,0
2018-02-22 20:21:15,0.8963,12127000,0.0,-10869430,0
2018-02-22 20:21:20,0.0344,12139000,0.0,417582,1
2018-02-22 20:21:28,1.0321,12145000,0.0,12534855,1
2018-02-22 20:21:39,0.25129787,12150000,0.0,-3053269,0
2018-02-22 20:21:39,0.8914,12150000,0.0,-10830510,0
2018-02-22 20:21:39,0.35730213,12150000,0.0,-4341221,0
2018-02-22 20:22:33,0.0775,12136000,0.0,940540,1
2018-02-22 20:24:09,0.2464,12125000,0.0,2987600,1
2018-02-22 20:24:09,1.1761,12125000,0.0,14260213,1
2018-02-22 20:24:21,0.0052,12108000,0.0,-62962,0
2018-02-22 20:24:33,1.4947,12109000,0.0,-18099322,0
2018-02-22 20:25:57,0.58417941,12141000,0.0,7092522,1
2018-02-22 20:29:22,0.47728663,12120000,0.0,5784714,1
2018-02-22 20:29:26,1.0615,12102000,0.0,-12846273,0
2018-02-22 20:30:25,0.1995,12115000,0.0,2416943,1
2018-02-22 20:30:46,1.3005,12119000,0.0,15760760,1
2018-02-22 20:32:55,0.3125,12126000,0.0,-3789375,0
2018-02-22 20:32:58,1.1875,12130000,0.0,-14404375,0
2018-02-22 20:37:35,0.4768,12077000,0.0,5758314,1
2018-02-22 20:38:29,0.2716,12107000,0.0,3288261,1
2018-02-22 20:41:39,0.3463,12145000,0.0,4205814,1
2018-02-22 20:43:12,0.8694,12140000,0.0,-10554516,0
2018-02-22 20:43:19,0.0001,12141000,0.0,1214,1
2018-02-22 20:43:31,0.1243,12140000,0.0,1509002,1
2018-02-22 20:45:14,1.1503,12126000,0.0,13948538,1
2018-02-22 20:48:26,0.2293,12219000,0.0,-2801817,0
2018-02-22 20:48:26,0.0012,12219000,0.0,-14663,0
2018-02-22 20:48:34,0.1332,12211000,0.0,1626505,1
2018-02-22 20:48:34,0.0973,12204000,0.0,1187449,1
2018-02-22 20:49:54,0.0968,12211000,0.0,-1182025,0
2018-02-22 20:49:59,0.399,12209000,0.0,-4871391,0
2018-02-22 20:50:03,1.0042,12205000,0.0,-12256261,0
2018-02-22 20:50:39,0.7735,12199000,0.0,9435927,1
2018-02-22 20:51:27,0.4156,12191000,0.0,-5066580,0
2018-02-22 20:53:54,0.5066,12225000,0.0,6193185,1
2018-02-22 20:53:59,0.36618998,12226000,0.0,4477039,1
2018-02-22 20:54:00,0.0247,12226000,0.0,301982,1
2018-02-22 20:55:10,1.2554,12208000,0.0,-15325923,0
2018-02-22 20:57:11,1.5,12220000,0.0,18330000,1
2018-02-22 20:57:15,0.1736,12206000,0.0,-2118962,0
2018-02-22 20:57:28,0.1736,12200000,0.0,2117920,1
2018-02-22 20:58:32,1.2307,12177000,0.0,-14986234,0
2018-02-22 21:03:15,1.2307,12196000,0.0,15009617,1
2018-02-22 21:03:50,0.28609975,12181000,0.0,-3484981,0
2018-02-22 21:03:51,0.76280025,12181000,0.0,-9291670,0
2018-02-22 21:04:50,4.416e-05,12189000,0.0,538,1
2018-02-22 21:04:51,0.0871,12189000,0.0,1061662,1
2018-02-22 21:07:24,0.798,12202000,0.0,9737196,1
2018-02-22 21:07:33,0.0136,12200000,0.0,165920,1
2018-02-22 21:10:58,0.8745,12209000,0.0,-10676771,0
2018-02-22 21:12:32,1.0246,12230000,0.0,12530858,1
2018-02-22 21:13:34,0.3869,12231000,0.0,-4732174,0
2018-02-22 21:13:40,1.1131,12225000,0.0,-13607648,0
2018-02-22 21:14:07,0.06211989,12270000,0.0,762211,1
2018-02-22 21:22:02,1.4379,12284000,0.0,17663164,1
2018-02-22 21:22:51,0.0492,12266000,0.0,-603487,0
2018-02-22 21:22:51,0.9043,12266000,0.0,-11092144,0
2018-02-22 21:23:07,0.9535,12277000,0.0,11706120,1
2018-02-22 21:23:57,0.4275,12207000,0.0,-5218493,0
2018-02-22 21:24:04,0.1401,12196000,0.0,-1708660,0
2018-02-22 21:24:09,0.0425,12196000,0.0,-518330,0
2018-02-22 21:24:25,0.6101,12218000,0.0,7454202,1
2018-02-22 21:25:19,0.5381,12181000,0.0,-6554596,0
2018-02-22 21:25:22,0.3131,12181000,0.0,-3813871,0
2018-02-22 21:25:48,0.8512,12150000,0.0,10342080,1
2018-02-22 21:28:40,0.03355721,12070000,0.0,-405036,0
2018-02-22 21:28:40,0.01934279,12070000,0.0,-233467,0
2018-02-22 21:28:55,0.0111,12065000,0.0,133922,1
2018-02-22 21:28:56,0.0418,12065000,0.0,504317,1
2018-02-22 21:29:13,0.0001,12068000,0.0,-1207,0
2018-02-22 21:29:13,0.7633,12068000,0.0,-9211504,0
2018-02-22 21:29:42,0.0089,12066000,0.0,107387,1
2018-02-22 21:31:05,0.0332,12046000,0.0,399927,1
2018-02-22 21:31:10,0.5284,12040000,0.0,6361936,1
2018-02-22 21:31:20,0.089,12039000,0.0,1071471,1
2018-02-22 21:32:09,0.1039,12019000,0.0,1248774,1
2018-02-22 21:32:13,0.2431,12030000,0.0,-2924493,0
2018-02-22 21:32:13,0.1668,12030000,0.0,-2006604,0
2018-02-22 21:32:13,0.1443,12030000,0.0,-1735929,0
2018-02-22 21:32:13,0.0056,12030000,0.0,-67368,0
2018-02-22 21:32:23,0.9402,12034000,0.0,-11314367,0
2018-02-22 21:33:37,0.001,12035000,0.0,12035,1
2018-02-22 21:34:15,0.1017,12053000,0.0,1225790,1
2018-02-22 21:34:23,0.8078,12079000,0.0,9757416,1
2018-02-22 21:34:55,0.2547,12077000,0.0,3076012,1
2018-02-22 21:34:59,0.2624,12074000,0.0,3168218,1
2018-02-22 21:34:59,0.01,12074000,0.0,120740,1
2018-02-22 21:34:59,0.0624,12074000,0.0,753418,1
2018-02-22 21:35:27,1.5,12063000,0.0,-18094500,0
2018-02-22 21:35:47,0.21,12088000,0.0,2538480,1
2018-02-22 21:36:19,1.19,12088000,0.0,14384720,1
2018-02-22 21:36:19,0.1,12088000,0.0,1208800,1
2018-02-22 21:36:34,1.1351,12070000,0.0,-13700657,0
2018-02-22 21:38:45,0.171,12054000,0.0,2061234,1
2018-02-22 21:38:45,0.9641,12051000,0.0,11618369,1
2018-02-22 21:39:02,0.0537,12041000,0.0,-646602,0
2018-02-22 21:39:11,0.1315,12049000,0.0,-1584444,0
2018-02-22 21:39:15,1.2648,12025000,0.0,-15209220,0
2018-02-22 21:39:57,1.45,12005000,0.0,17407250,1
2018-02-22 21:40:02,1.5,12005000,0.0,-18007500,0
2018-02-22 21:40:31,0.1976,12020000,0.0,2375152,1
2018-02-22 21:40:53,0.15953873,12013000,0.0,1916539,1
2018-02-22 21:41:47,0.0073,11995000,0.0,87564,1
2018-02-22 21:41:49,0.07002918,11995000,0.0,840000,1
2018-02-22 21:43:04,0.011,11971000,0.0,131681,1
2018-02-22 21:43:04,0.0059,11971000,0.0,70629,1
2018-02-22 21:43:14,0.0083,11958000,0.0,99251,1
2018-02-22 21:43:49,0.024,11935000,0.0,286440,1
2018-02-22 21:43:50,0.19,11935000,0.0,2267650,1
2018-02-22 21:43:50,0.272,11935000,0.0,3246320,1
2018-02-22 21:43:54,0.1039,11926000,0.0,1239111,1
2018-02-22 21:43:55,0.05020913,11926000,0.0,598794,1
2018-02-22 21:44:29,0.4002,11894000,0.0,4759979,1
2018-02-22 21:45:16,0.0159,11871000,0.0,-188749,0
2018-02-22 21:45:19,0.9546,11870000,0.0,-11331102,0
2018-02-22 21:45:31,0.4,11883000,0.0,4753200,1
2018-02-22 21:45:35,0.0077,11871000,0.0,-91407,0
2018-02-22 21:45:49,0.065,11871000,0.0,-771615,0
2018-02-22 21:46:41,0.0072,11840000,0.0,85248,1
2018-02-22 21:46:45,0.636,11830000,0.0,7523880,1
2018-02-22 21:47:21,0.0044,11861000,0.0,-52188,0
2018-02-22 21:47:36,0.0044,11889000,0.0,52312,1
2018-02-22 21:47:50,0.2019,11878000,0.0,-2398168,0
2018-02-22 21:48:08,1.2835,11879000,0.0,-15246697,0
2018-02-22 21:48:08,0.0146,11879000,0.0,-173433,0
2018-02-22 21:48:34,0.0377,11855000,0.0,446934,1
2018-02-22 21:48:45,0.1401,11860000,0.0,1661586,1
2018-02-22 21:50:02,1.2811,11835000,0.0,15161819,1
2018-02-22 21:50:05,0.0273,11835000,0.0,323096,1
2018-02-22 21:50:19,0.0138,11823000,0.0,163157,1
2018-02-22 21:51:19,0.641,11791000,0.0,-7558031,0
2018-02-22 21:51:32,0.5337,11810000,0.0,-6302997,0
2018-02-22 21:51:33,0.3253,11810000,0.0,-3841793,0
2018-02-22 21:53:03,0.2216,11768000,0.0,2607789,1
2018-02-22 21:53:04,0.0509,11768000,0.0,598991,1
2018-02-22 21:53:04,0.006,11768000,0.0,70608,1
2018-02-22 21:53:04,0.1889,11768000,0.0,2222975,1
2018-02-22 21:53:05,1.0326,11768000,0.0,12151637,1
2018-02-22 21:53:30,0.1446,11777000,0.0,-1702954,0
2018-02-22 21:53:50,1.3554,11772000,0.0,-15955769,0
2018-02-22 21:55:25,1.5,11742000,0.0,17613000,1
2018-02-22 21:56:49,1.5,11726000,0.0,-17589000,0
2018-02-22 21:57:22,0.84363517,11756000,0.0,9917775,1
2018-02-22 21:57:55,0.8436,11787000,0.0,-9943513,0
2018-02-22 21:59:05,0.1724,11723000,0.0,2021045,1
2018-02-22 21:59:42,0.4857,11820000,0.0,5740974,1
2018-02-22 22:00:00,0.0002,11812000,0.0,2362,1
2018-02-22 22:00:37,0.4983,11801000,0.0,5880438,1
2018-02-22 22:00:37,0.01440637,11801000,0.0,170010,1
2018-02-22 22:00:38,0.32899363,11801000,0.0,3882454,1
2018-02-22 22:01:36,0.4543,11837000,0.0,-5377549,0
2018-02-22 22:01:40,1.0457,11840000,0.0,-12381088,0
2018-02-22 22:01:56,0.57682209,11899000,0.0,6863606,1
2018-02-22 22:02:24,0.8725,11912000,0.0,10393220,1
2018-02-22 22:02:24,0.0507,11912000,0.0,603938,1
2018-02-22 22:02:36,0.5212,11930000,0.0,-6217916,0
2018-02-22 22:02:40,0.5212,11930000,0.0,6217916,1
2018-02-22 22:03:19,0.0241,11946000,0.0,-287899,0
2018-02-22 22:03:38,0.0241,11926000,0.0,287417,1
2018-02-22 22:04:11,0.0711,11906000,0.0,-846517,0
2018-02-22 22:04:23,1.4289,11882000,0.0,-16978190,0
2018-02-22 22:04:46,0.59834011,11878000,0.0,7107084,1
2018-02-22 22:05:24,0.794,11878000,0.0,9431132,1
2018-02-22 22:05:24,0.1076,11878000,0.0,1278073,1
2018-02-22 22:05:47,5.38e-05,11879000,0.0,-639,0
2018-02-22 22:06:14,0.0422,11906000,0.0,-502433,0
2018-02-22 22:06:32,0.0423,11917000,0.0,504089,1
2018-02-22 22:08:02,0.2594,11842000,0.0,-3071815,0
2018-02-22 22:08:21,1.2406,11801000,0.0,-14640321,0
2018-02-22 22:09:07,1.3699,11817000,0.0,16188108,1
2018-02-22 22:09:11,0.1301,11817000,0.0,1537392,1
2018-02-22 22:10:22,1.5,11781000,0.0,-17671500,0
2018-02-22 22:10:31,0.92715751,11781000,0.0,10922843,1
2018-02-22 22:11:10,0.1717,11762000,0.0,-2019535,0
2018-02-22 22:11:14,0.0998,11764000,0.0,-1174047,0
2018-02-22 22:11:14,0.2052,11764000,0.0,-2413973,0
2018-02-22 22:11:27,0.3085,11796000,0.0,3639066,1
2018-02-22 22:11:40,0.1596,11806000,0.0,1884238,1
2018-02-22 22:11:41,0.5814,11806000,0.0,6864008,1
2018-02-22 22:11:51,0.05982913,11828000,0.0,-707659,0
2018-02-22 22:11:55,0.0599,11824000,0.0,708258,1
2018-02-22 22:13:08,0.7352,11850000,0.0,-8712120,0
2018-02-22 22:13:25,0.16280894,11854000,0.0,-1929937,0
2018-02-22 22:13:25,0.3497,11854000,0.0,-4145344,0
2018-02-22 22:13:33,0.3926,11872000,0.0,4660947,1
2018-02-22 22:13:33,0.1601,11872000,0.0,1900707,1
2018-02-22 22:13:36,0.4751,11872000,0.0,5640387,1
2018-02-22 22:14:02,0.1786,11873000,0.0,2120518,1
2018-02-22 22:14:17,0.0413,11871000,0.0,490272,1
2018-02-22 22:15:53,0.3342,11839000,0.0,-3956594,0
2018-02-22 22:15:58,1.1658,11836000,0.0,-13798409,0
2018-02-22 22:16:30,0.12,11870000,0.0,1424400,1
2018-02-22 22:16:41,0.70952604,11877000,0.0,8427041,1
2018-02-22 22:16:45,0.2092,11862000,0.0,-2481530,0
2018-02-22 22:16:49,0.1,11871000,0.0,1187100,1
2018-02-22 22:16:49,0.3274,11871000,0.0,3886565,1
2018-02-22 22:17:05,0.3044,11856000,0.0,-3608966,0
2018-02-22 22:17:38,0.0037,11829000,0.0,43767,1
2018-02-22 22:18:13,0.0987,11800000,0.0,1164660,1
2018-02-22 22:18:13,0.005,11800000,0.0,59000,1
2018-02-22 22:18:13,0.026,11800000,0.0,306800,1
2018-02-22 22:18:13,0.2675,11800000,0.0,3156500,1
2018-02-22 22:18:13,0.3557,11800000,0.0,4197260,1
2018-02-22 22:18:30,0.2059,11803000,0.0,-2430238,0
2018-02-22 22:18:30,0.7,11803000,0.0,-8262100,0
2018-02-22 22:19:31,0.2032,11825000,0.0,2402840,1
2018-02-22 22:19:52,0.7027,11838000,0.0,8318563,1
2018-02-22 22:20:10,0.6337,11820000,0.0,-7490334,0
2018-02-22 22:20:29,0.1104,11818000,0.0,-1304707,0
2018-02-22 22:20:35,0.7559,11813000,0.0,-8929447,0
2018-02-22 22:20:51,0.03209865,11820000,0.0,379406,1
2018-02-22 22:21:30,0.4989,11760000,0.0,5867064,1
2018-02-22 22:21:30,0.4582,11760000,0.0,5388432,1
2018-02-22 22:21:30,0.25,11760000,0.0,2940000,1
2018-02-22 22:21:45,0.2608,11740000,0.0,3061792,1
2018-02-22 22:22:54,0.0016,11700000,0.0,-18720,0
2018-02-22 22:22:57,0.5629,11699000,0.0,-6585367,0
2018-02-22 22:23:22,0.3047,11710000,0.0,-3568037,0
2018-02-22 22:23:40,0.3036,11729000,0.0,3560924,1
2018-02-22 22:23:40,0.5656,11729000,0.0,6633922,1
2018-02-22 22:25:36,0.0689,11690000,0.0,-805441,0
2018-02-22 22:25:49,0.4045,11680000,0.0,-4724560,0
2018-02-22 22:25:56,1.0266,11678000,0.0,-11988635,0
2018-02-22 22:26:15,0.4281,11675000,0.0,4998068,1
2018-02-22 22:26:15,0.0609,11675000,0.0,711008,1
2018-02-22 22:27:42,0.3903,11737000,0.0,4580951,1
2018-02-22 22:27:42,0.6207,11737000,0.0,7285156,1
2018-02-22 22:28:46,1.3476,11692000,0.0,-15756139,0
2018-02-22 22:29:10,1.3476,11689000,0.0,15752096,1
2018-02-22 22:29:26,0.0403,11702000,0.0,-471591,0
2018-02-22 22:29:37,0.31008904,11721000,0.0,-3634554,0
2018-02-22 22:29:49,0.1342,11730000,0.0,-1574166,0
2018-02-22 22:29:56,0.44281789,11740000,0.0,5198682,1
2018-02-22 22:30:00,0.0418,11748000,0.0,491066,1
2018-02-22 22:30:56,0.9904,11766000,0.0,-11653046,0
2018-02-22 22:31:01,0.7964,11768000,0.0,9372035,1
2018-02-22 22:31:02,0.194,11768000,0.0,2282992,1
2018-02-22 22:31:25,0.0599,11830000,0.0,-708617,0
2018-02-22 22:31:29,0.343,11816000,0.0,-4052888,0
2018-02-22 22:31:33,1.0971,11804000,0.0,-12950168,0
2018-02-22 22:31:46,0.681,11810000,0.0,8042610,1
2018-02-22 22:31:47,0.0861,11810000,0.0,1016841,1
2018-02-22 22:32:12,0.1401,11845000,0.0,-1659485,0
2018-02-22 22:32:38,0.02880636,11851000,0.0,341384,1
2018-02-22 22:32:45,0.4132,11851000,0.0,4896833,1
2018-02-22 22:33:44,1.069,11770000,0.0,-12582130,0
2018-02-22 22:33:52,0.001,11779000,0.0,11779,1
2018-02-22 22:33:57,0.001,11787000,0.0,11787,1
2018-02-22 22:33:58,0.8678,11787000,0.0,10228759,1
2018-02-22 22:33:58,0.12041521,11787000,0.0,1419334,1
2018-02-22 22:34:14,0.5098,11783000,0.0,6006973,1
2018-02-22 22:34:26,0.1395,11789000,0.0,-1644566,0
2018-02-22 22:34:30,0.0019,11791000,0.0,-22403,0
2018-02-22 22:34:40,0.2132,11800000,0.0,-2515760,0
2018-02-22 22:34:45,0.1175,11810000,0.0,-1387675,0
2018-02-22 22:35:01,0.4721,11822000,0.0,5581166,1
2018-02-22 22:35:34,0.3293,11789000,0.0,-3882118,0
2018-02-22 22:35:40,1.1707,11780000,0.0,-13790846,0
2018-02-22 22:36:29,0.419,11758000,0.0,4926602,1
2018-02-22 22:38:21,0.21,11756000,0.0,2468760,1
2018-02-22 22:38:25,0.65,11755000,0.0,7640750,1
2018-02-22 22:38:32,0.278,11755000,0.0,-3267890,0
2018-02-22 22:38:35,0.056,11742000,0.0,-657552,0
2018-02-22 22:38:40,0.0743,11753000,0.0,-873248,0
2018-02-22 22:38:47,0.6293,11796000,0.0,7423223,1
2018-02-22 22:38:51,0.1288,11758000,0.0,-1514430,0
2018-02-22 22:39:17,0.1288,11790000,0.0,1518552,1
2018-02-22 22:40:01,0.169,11820000,0.0,-1997580,0
2018-02-22 22:40:11,0.6269,11811000,0.0,-7404316,0
2018-02-22 22:40:15,0.5953,11819000,0.0,7035851,1
2018-02-22 22:40:27,0.2006,11818000,0.0,2370691,1
2018-02-22 22:42:23,0.14898412,11774000,0.0,-1754139,0
2018-02-22 22:42:23,0.1,11774000,0.0,-1177400,0
2018-02-22 22:42:28,0.249,11799000,0.0,2937951,1
2018-02-22 22:43:05,0.0103,11777000,0.0,-121303,0
2018-02-22 22:43:30,0.0103,11794000,0.0,121478,1
2018-02-22 22:43:54,0.3116,11790000,0.0,-3673764,0
2018-02-22 22:44:09,0.0059,11802000,0.0,-69632,0
2018-02-22 22:44:09,0.2269,11802000,0.0,-2677874,0
2018-02-22 22:44:09,0.3,11802000,0.0,-3540600,0
2018-02-22 22:44:25,0.0985,11802000,0.0,1162497,1
2018-02-22 22:44:26,0.2572,11802000,0.0,3035474,1
2018-02-22 22:44:52,0.6628,11780000,0.0,-7807784,0
2018-02-22 22:48:11,0.1,11738000,0.0,1173800,1
2018-02-22 22:48:11,0.06049997,11738000,0.0,710149,1
2018-02-22 22:50:16,0.1486,11784000,0.0,1751102,1
2018-02-22 22:50:16,0.19,11793000,0.0,2240670,1
2018-02-22 22:50:22,0.6524,11797000,0.0,7696363,1
2018-02-22 22:50:38,0.0308,11801000,0.0,-363471,0
2018-02-22 22:51:04,0.0308,11816000,0.0,363933,1
2018-02-22 22:51:55,0.004,11835000,0.0,-47340,0
2018-02-22 22:52:29,0.4298103,11845000,0.0,-5091103,0
2018-02-22 22:52:40,0.3548,11855000,0.0,-4206154,0
2018-02-22 22:52:44,0.0782,11874000,0.0,928547,1
2018-02-22 22:52:48,0.0224,11873000,0.0,265955,1
2018-02-22 22:54:06,0.0562,11880000,0.0,667656,1
2018-02-22 22:54:06,0.061,11880000,0.0,724680,1
2018-02-22 22:54:39,0.9292,11825000,0.0,-10987790,0
2018-02-22 22:55:03,0.1132,11826000,0.0,1338703,1
2018-02-22 22:59:33,0.60849993,11869000,0.0,7222286,1
2018-02-22 22:59:33,0.77830007,11869000,0.0,9237644,1
2018-02-22 23:01:04,0.1346,11894000,0.0,-1600932,0
2018-02-22 23:01:33,0.30074333,11910000,0.0,-3581853,0
2018-02-22 23:01:33,0.859,11910000,0.0,-10230690,0
2018-02-22 23:01:33,0.20565667,11910000,0.0,-2449371,0
2018-02-22 23:03:10,0.0454,11935000,0.0,541849,1
2018-02-22 23:03:10,0.0962,11935000,0.0,1148147,1
2018-02-22 23:03:46,0.0599,11948000,0.0,715685,1
2018-02-22 23:05:02,1.2985,11930000,0.0,15491105,1
2018-02-22 23:05:25,0.1888,11900000,0.0,-2246720,0
2018-02-22 23:05:29,0.1888,11931000,0.0,2252573,1
2018-02-22 23:06:44,0.1947,11932000,0.0,-2323160,0
2018-02-22 23:06:44,1.2259,11932000,0.0,-14627439,0
2018-02-22 23:09:00,0.0001,11959000,0.0,1196,1
2018-02-22 23:11:04,0.168,11959000,0.0,2009112,1
2018-02-22 23:11:04,0.64812382,11959000,0.0,7750913,1
2018-02-22 23:11:36,0.0017,11953000,0.0,20320,1
2018-02-22 23:12:11,0.1,11944000,0.0,1194400,1
2018-02-22 23:12:17,0.1,11939000,0.0,1193900,1
2018-02-22 23:12:24,0.0034,11943000,0.0,40606,1
2018-02-22 23:12:27,0.0034,11943000,0.0,40606,1
2018-02-22 23:12:37,0.001,11925000,0.0,-11925,0
2018-02-22 23:12:47,0.3969,11916000,0.0,4729460,1
2018-02-22 23:14:06,0.145,11925000,0.0,-1729125,0
2018-02-22 23:14:16,0.0909,11928000,0.0,-1084255,0
2018-02-22 23:14:44,0.3038,11942000,0.0,-3627980,0
2018-02-22 23:15:08,0.5397,11951000,0.0,6449955,1
2018-02-22 23:15:35,0.0115,11969000,0.0,-137644,0
2018-02-22 23:15:39,0.1487,11972000,0.0,-1780236,0
2018-02-22 23:16:00,0.027,11954000,0.0,-322758,0
2018-02-22 23:16:23,0.2749,11961000,0.0,-3288079,0
2018-02-22 23:16:23,0.1629,11961000,0.0,-1948447,0
2018-02-22 23:16:29,0.875,11964000,0.0,-10468500,0
2018-02-22 23:17:52,1.4399,12040000,0.0,17336396,1
2018-02-22 23:17:52,0.0601,12040000,0.0,723604,1
2018-02-22 23:19:52,1.5,12040000,0.0,-18060000,0
2018-02-22 23:20:52,0.0878,12009000,0.0,1054390,1
2018-02-22 23:21:53,1.1414,12011000,0.0,13709355,1
2018-02-22 23:21:59,0.236,11998000,0.0,2831528,1
2018-02-22 23:21:59,0.0348,11998000,0.0,417530,1
2018-02-22 23:22:33,0.1695,11993000,0.0,-2032814,0
2018-02-22 23:22:37,0.0019,11998000,0.0,-22796,0
2018-02-22 23:22:42,0.1965,12010000,0.0,-2359965,0
2018-02-22 23:22:42,1.1321,12010000,0.0,-13596521,0
2018-02-22 23:25:11,0.02,12040000,0.0,240800,1
2018-02-22 23:25:12,0.0146,12040000,0.0,175784,1
2018-02-22 23:25:37,1.107,12021000,0.0,13307247,1
2018-02-22 23:25:52,0.6182,12000000,0.0,-7418400,0
2018-02-22 23:26:08,0.0805,12020000,0.0,967610,1
2018-02-22 23:27:35,0.105,11891000,0.0,1248555,1
2018-02-22 23:27:35,0.0309,11891000,0.0,367432,1
2018-02-22 23:28:04,0.1342,11869000,0.0,1592820,1
2018-02-22 23:28:04,0.2,11869000,0.0,2373800,1
2018-02-22 23:28:04,0.0818,11869000,0.0,970884,1
2018-02-22 23:28:08,0.3442,11866000,0.0,4084277,1
2018-02-22 23:28:30,0.0074,11878000,0.0,-87897,0
2018-02-22 23:28:33,0.3908,11895000,0.0,-4648566,0
2018-02-22 23:29:24,1.0366,11886000,0.0,-12321028,0
2018-02-22 23:29:28,0.0846,11902000,0.0,1006909,1
2018-02-22 23:29:28,0.3983,11902000,0.0,4740567,1
2018-02-22 23:29:29,0.8154,11902000,0.0,9704891,1
2018-02-22 23:30:58,0.14463484,11943000,0.0,-1727374,0
2018-02-22 23:30:58,0.0199,11943000,0.0,-237666,0
2018-02-22 23:31:06,0.2404,11943000,0.0,-2871097,0
2018-02-22 23:31:13,0.0254,11943000,0.0,-303352,0
2018-02-22 23:31:27,0.61,11933000,0.0,-7279130,0
2018-02-22 23:35:10,0.0062,11837000,0.0,73389,1
2018-02-22 23:35:21,0.64873977,11868000,0.0,7699244,1
2018-02-22 23:36:00,0.1691,11878000,0.0,-2008570,0
2018-02-22 23:36:21,0.1145,11851000,0.0,-1356940,0
2018-02-22 23:38:47,0.14151978,11875000,0.0,1680547,1
2018-02-22 23:38:51,0.0411,11875000,0.0,488063,1
2018-02-22 23:39:44,0.4224,11854000,0.0,-5007130,0
2018-02-22 23:40:09,0.0175,11874000,0.0,207795,1
2018-02-22 23:40:47,0.5238,11886000,0.0,6225887,1
2018-02-22 23:42:28,0.4439,11879000,0.0,5273088,1
2018-02-22 23:42:28,0.06,11879000,0.0,712740,1
2018-02-22 23:42:47,0.1442,11879000,0.0,-1712952,0
2018-02-22 23:42:58,1.3557,11894000,0.0,-16124696,0
2018-02-22 23:43:30,0.0524,11889000,0.0,622984,1
2018-02-22 23:43:31,0.0708,11889000,0.0,841741,1
2018-02-22 23:46:34,1.0495,11845000,0.0,12431328,1
2018-02-22 23:46:40,0.3272,11830000,0.0,3870776,1
2018-02-22 23:47:04,0.0087,11801000,0.0,-102669,0
2018-02-22 23:47:08,0.4262,11801000,0.0,-5029586,0
2018-02-22 23:47:26,0.618,11801000,0.0,-7293018,0
2018-02-22 23:47:42,1.0529,11781000,0.0,12404215,1
2018-02-22 23:48:07,1.5,11800000,0.0,-17700000,0
2018-02-22 23:48:38,0.01885149,11826000,0.0,222938,1
2018-02-22 23:48:53,0.5583,11805000,0.0,6590732,1
2018-02-22 23:48:53,0.8,11805000,0.0,9444000,1
2018-02-22 23:48:57,0.1229,11811000,0.0,1451572,1
2018-02-22 23:49:11,0.0001,11805000,0.0,-1181,0
2018-02-22 23:49:24,1.2518,11800000,0.0,-14771240,0
2018-02-22 23:49:24,0.2481,11800000,0.0,-2927580,0
2018-02-22 23:49:33,0.91930915,11800000,0.0,10847848,1
2018-02-22 23:50:02,0.915,11763000,0.0,-10763145,0
2018-02-22 23:54:05,0.0712,11711000,0.0,833823,1
2018-02-22 23:54:21,0.85,11682000,0.0,9929700,1
2018-02-22 23:54:32,0.35161822,11698000,0.0,-4113230,0
2018-02-22 23:54:46,0.9261,11716000,0.0,10850188,1
2018-02-22 23:54:57,0.29998017,11744000,0.0,-3522967,0
2018-02-22 23:54:57,0.53631983,11744000,0.0,-6298540,0
2018-02-22 23:55:18,0.3378,11788000,0.0,3981986,1
2018-02-22 23:55:21,0.4985,11788000,0.0,5876318,1
2018-02-22 23:55:49,0.1034,11781000,0.0,-1218155,0
2018-02-22 23:56:04,1.3966,11799000,0.0,-16478483,0
2018-02-22 23:56:26,0.061,11804000,0.0,720044,1
2018-02-22 23:57:16,0.0048,11838000,0.0,56822,1
2018-02-22 23:57:16,0.3861,11838000,0.0,4570652,1
2018-02-22 23:57:17,0.1995,11838000,0.0,2361681,1
2018-02-22 23:57:41,0.0428,11833000,0.0,506452,1
2018-02-22 23:59:02,0.0001,11822000,0.0,1182,1
2018-02-23 00:00:08,0.5089,11851000,0.0,6030974,1
2018-02-23 00:00:20,0.0911,11866000,0.0,-1080993,0
2018-02-23 00:00:43,0.3879,11896000,0.0,4614458,1
2018-02-23 00:01:01,0.0382,11920000,0.0,-455344,0
2018-02-23 00:01:20,0.0382,11904000,0.0,454733,1
2018-02-23 00:02:52,0.0088,11897000,0.0,-104694,0
2018-02-23 00:02:57,0.2198,11900000,0.0,-2615620,0
2018-02-23 00:03:09,0.0008,11895000,0.0,9516,1
2018-02-23 00:03:20,0.2278,11888000,0.0,2708086,1
2018-02-23 00:03:33,0.155,11863000,0.0,-1838765,0
2018-02-23 00:03:39,1.345,11874000,0.0,-15970530,0
2018-02-23 00:04:32,0.099,11879000,0.0,1176021,1
2018-02-23 00:05:36,0.8263,11889000,0.0,9823881,1
2018-02-23 00:05:57,0.1401,11895000,0.0,1666490,1
2018-02-23 00:06:10,0.0741,11906000,0.0,-882235,0
2018-02-23 00:06:10,0.3924,11906000,0.0,-4671914,0
2018-02-23 00:06:36,0.9011,11939000,0.0,10758233,1
2018-02-23 00:07:39,0.374,11906000,0.0,-4452844,0
2018-02-23 00:07:52,0.5757,11904000,0.0,-6853133,0
2018-02-23 00:07:52,0.0073,11904000,0.0,-86899,0
2018-02-23 00:07:52,0.3225,11904000,0.0,-3839040,0
2018-02-23 00:08:56,4.474e-05,11898000,0.0,532,1
2018-02-23 00:09:58,0.0322,11880000,0.0,382536,1
2018-02-23 00:09:58,0.15581442,11880000,0.0,1851075,1
2018-02-23 00:15:13,0.3493,11880000,0.0,4149684,1
2018-02-23 00:15:13,0.0477,11880000,0.0,566676,1
2018-02-23 00:15:13,0.1771,11880000,0.0,2103948,1
2018-02-23 00:15:20,0.0342,11871000,0.0,405988,1
2018-02-23 00:15:40,0.4831,11850000,0.0,5724735,1
2018-02-23 00:16:05,0.0544,11829000,0.0,-643498,0
2018-02-23 00:16:10,0.0592,11821000,0.0,-699803,0
2018-02-23 00:16:44,0.1136,11831000,0.0,1344002,1
2018-02-23 00:18:45,1.5,11840000,0.0,-17760000,0
2018-02-23 00:19:57,0.0714,11873000,0.0,847732,1
2018-02-23 00:19:58,0.0101,11873000,0.0,119917,1
2018-02-23 00:20:01,0.0002,11873000,0.0,2375,1
2018-02-23 00:20:01,0.9525,11873000,0.0,11309033,1
2018-02-23 00:20:01,0.4658,11873000,0.0,5530443,1
2018-02-23 00:20:35,1.5,11890000,0.0,-17835000,0
2018-02-23 00:20:49,0.1546,11888000,0.0,1837885,1
2018-02-23 00:21:41,1.3454,11873000,0.0,15973934,1
2018-02-23 00:22:26,0.3108,11880000,0.0,-3692304,0
2018-02-23 00:22:26,0.0202,11880000,0.0,-239976,0
2018-02-23 00:22:26,0.2,11880000,0.0,-2376000,0
2018-02-23 00:24:42,0.39761308,11885000,0.0,4725631,1
2018-02-23 00:24:48,0.0028,11881000,0.0,-33267,0
2018-02-23 00:25:00,0.1362,11894000,0.0,1619963,1
2018-02-23 00:27:08,0.0631,11869000,0.0,-748934,0
2018-02-23 00:27:15,0.0631,11881000,0.0,749691,1
2018-02-23 00:29:22,0.7848,11955000,0.0,-9382284,0
2018-02-23 00:31:08,0.1401,11983000,0.0,1678818,1
2018-02-23 00:31:39,0.6447,11967000,0.0,7715125,1
2018-02-23 00:32:34,1.5,11916000,0.0,-17874000,0
2018-02-23 00:32:39,0.7633,11938000,0.0,9112275,1
2018-02-23 00:32:39,0.028,11938000,0.0,334264,1
2018-02-23 00:33:31,0.7913,11950000,0.0,-9456035,0
2018-02-23 00:34:14,0.50204542,11978000,0.0,6013500,1
2018-02-23 00:34:18,0.2921,11975000,0.0,3497898,1
2018-02-23 00:34:19,0.00500083,11975000,0.0,59885,1
2018-02-23 00:34:27,0.1,11971000,0.0,1197100,1
2018-02-23 00:34:31,0.4305,11972000,0.0,5153946,1
2018-02-23 00:34:32,0.1000334,11972000,0.0,1197600,1
2018-02-23 00:36:05,0.181,11930000,0.0,-2159330,0
2018-02-23 00:36:05,0.4978,11928000,0.0,-5937758,0
2018-02-23 00:36:35,0.0949,11951000,0.0,1134150,1
2018-02-23 00:37:10,0.3133,11950000,0.0,-3743935,0
2018-02-23 00:37:14,0.09554783,11950000,0.0,1141797,1
2018-02-23 00:37:14,0.83913083,11950000,0.0,10027613,1
2018-02-23 00:37:35,1.4671,11938000,0.0,-17514240,0
2018-02-23 00:41:39,0.0465,11922000,0.0,554373,1
2018-02-23 00:41:39,0.0815,11920000,0.0,971480,1
2018-02-23 00:42:00,0.3,11909000,0.0,3572700,1
2018-02-23 00:42:24,1.072,11911000,0.0,12768592,1
2018-02-23 00:46:06,0.1692,11966000,0.0,-2024647,0
2018-02-23 00:46:23,0.1445,11972000,0.0,1729954,1
2018-02-23 00:46:30,0.0247,11965000,0.0,295536,1
2018-02-23 00:47:30,0.21948619,11985000,0.0,-2630542,0
2018-02-23 00:47:30,0.20981381,11985000,0.0,-2514619,0
2018-02-23 00:47:48,0.02,12003000,0.0,-240060,0
2018-02-23 00:47:50,1.0507,12005000,0.0,-12613654,0
2018-02-23 00:48:08,0.5,12008000,0.0,6004000,1
2018-02-23 00:51:46,0.0551,12030000,0.0,662853,1
2018-02-23 00:51:51,0.2438,12018000,0.0,2929988,1
2018-02-23 00:51:58,0.001,12005000,0.0,12005,1
2018-02-23 00:52:28,0.7999,12005000,0.0,-9602800,0
2018-02-23 00:52:45,0.24544694,12031000,0.0,2952972,1
2018-02-23 00:52:54,0.33097615,12040000,0.0,3984953,1
2018-02-23 00:52:54,0.5001,12040000,0.0,6021204,1
2018-02-23 00:53:47,0.00303576,12030000,0.0,36520,1
2018-02-23 00:53:51,0.0061,12033000,0.0,73401,1
2018-02-23 00:54:14,0.0893,12008000,0.0,-1072314,0
2018-02-23 00:54:24,0.5036,12003000,0.0,6044711,1
2018-02-23 00:55:34,0.0018,12009000,0.0,-21616,0
2018-02-23 00:56:45,0.0018,12023000,0.0,21641,1
2018-02-23 00:57:42,0.3669,11997000,0.0,-4401699,0
2018-02-23 00:57:46,0.18,11992000,0.0,-2158560,0
2018-02-23 00:57:46,0.2958,11994000,0.0,-3547825,0
2018-02-23 00:58:16,0.002,11962000,0.0,23924,1
2018-02-23 00:58:16,0.8407,11962000,0.0,10056453,1
2018-02-23 00:58:49,0.277,11952000,0.0,-3310704,0
2018-02-23 00:58:49,0.0299,11952000,0.0,-357365,0
2018-02-23 00:59:10,1.1931,11922000,0.0,-14224138,0
2018-02-23 00:59:43,0.4408,11924000,0.0,5256099,1
2018-02-23 00:59:47,0.962,11922000,0.0,11468964,1
2018-02-23 00:59:55,0.3636,11922000,0.0,-4334839,0
2018-02-23 01:00:08,0.4608,11941000,0.0,5502413,1
2018-02-23 01:00:12,0.3111,11951000,0.0,-3717956,0
2018-02-23 01:00:35,0.3111,11955000,0.0,3719201,1
2018-02-23 01:01:05,1.5,11958000,0.0,-17937000,0
2018-02-23 01:02:19,0.1324,11981000,0.0,1586284,1
2018-02-23 01:03:15,1.1046,11983000,0.0,13236422,1
2018-02-23 01:03:40,1.237,11971000,0.0,-14808127,0
2018-02-23 01:06:35,1.5,11977000,0.0,17965500,1
2018-02-23 01:07:30,1.1684,11950000,0.0,-13962380,0
2018-02-23 01:09:15,0.5587,11907000,0.0,6652441,1
2018-02-23 01:09:50,0.2011,11887000,0.0,2390476,1
2018-02-23 01:09:50,0.3064,11887000,0.0,3642177,1
2018-02-23 01:10:01,0.084,11895000,0.0,999180,1
2018-02-23 01:10:17,0.0078,11902000,0.0,-92836,0
2018-02-23 01:10:25,0.9693,11911000,0.0,-11545332,0
2018-02-23 01:11:28,0.01,11920000,0.0,119200,1
2018-02-23 01:16:00,0.8613326,11966000,0.0,10306706,1
2018-02-23 01:16:04,0.124,11974000,0.0,1484776,1
2018-02-23 01:16:56,1.1299,11980000,0.0,-13536202,0
2018-02-23 01:17:36,0.2676,11970000,0.0,3203172,1
2018-02-23 01:18:26,0.0113,11976000,0.0,135329,1
2018-02-23 01:19:09,0.0838,11950000,0.0,1001410,1
2018-02-23 01:19:10,0.0015,11950000,0.0,17925,1
2018-02-23 01:19:10,0.7504,11950000,0.0,8967280,1
2018-02-23 01:19:33,0.2381,11936000,0.0,-2841962,0
2018-02-23 01:20:02,0.1351,11951000,0.0,-1614580,0
2018-02-23 01:20:10,0.4983,11951000,0.0,-5955183,0
2018-02-23 01:20:16,0.8868,11965000,0.0,10610562,1
2018-02-23 01:23:27,0.18654844,11983000,0.0,-2235410,0
2018-02-23 01:23:27,0.01085156,11983000,0.0,-130034,0
2018-02-23 01:24:04,0.1942,11992000,0.0,2328846,1
2018-02-23 01:24:08,0.0032,11983000,0.0,38346,1
2018-02-23 01:28:02,1.0,12013000,0.0,-12013000,0
2018-02-23 01:31:42,0.0171,11999000,0.0,205183,1
2018-02-23 01:32:01,0.131,11997000,0.0,1571607,1
2018-02-23 01:35:17,0.6382,12006000,0.0,7662229,1
2018-02-23 01:36:02,0.2658,12007000,0.0,-3191461,0
2018-02-23 01:36:17,0.2243,11990000,0.0,-2689357,0
2018-02-23 01:36:21,0.4176,11990000,0.0,-5007024,0
2018-02-23 01:37:25,1.1214,11975000,0.0,13428765,1
2018-02-23 01:38:02,0.0723,11960000,0.0,-864708,0
2018-02-23 01:39:02,0.0723,11988000,0.0,866732,1
2018-02-23 01:41:50,0.2927,11987000,0.0,-3508595,0
2018-02-23 01:42:10,0.0956,11975000,0.0,-1144810,0
2018-02-23 01:42:20,0.1492,11989000,0.0,-1788759,0
2018-02-23 01:42:33,0.64592127,11988000,0.0,-7743304,0
2018-02-23 01:43:50,0.2519,12001000,0.0,3023052,1
2018-02-23 01:43:58,0.0074,11998000,0.0,88785,1
2018-02-23 01:43:59,0.2701,11996000,0.0,3240120,1
2018-02-23 01:44:03,0.11,11994000,0.0,1319340,1
2018-02-23 01:44:11,1.635e-05,11989000,0.0,196,1
2018-02-23 01:44:59,0.956,11969000,0.0,-11442364,0
2018-02-23 01:46:45,0.3504,11987000,0.0,4200245,1
2018-02-23 01:46:45,0.11,11987000,0.0,1318570,1
2018-02-23 01:46:49,0.095,11988000,0.0,1138860,1
2018-02-23 01:47:04,0.0167,11991000,0.0,200250,1
2018-02-23 01:47:24,0.1098,11971000,0.0,1314416,1
2018-02-23 01:52:27,0.4901,11949000,0.0,5856205,1
2018-02-23 01:54:52,0.1245,11921000,0.0,-1484165,0
2018-02-23 01:55:14,0.0018,11922000,0.0,21460,1
2018-02-23 01:55:15,0.1328,11922000,0.0,1583242,1
2018-02-23 01:55:34,0.3179,11918000,0.0,3788732,1
2018-02-23 01:57:56,0.45,11892000,0.0,-5351400,0
2018-02-23 01:58:16,0.0153,11897000,0.0,-182024,0
2018-02-23 01:58:23,0.0767,11896000,0.0,-912423,0
2018-02-23 01:59:08,0.0479,11897000,0.0,-569866,0
2018-02-23 01:59:45,0.25,11895000,0.0,-2973750,0
2018-02-23 02:00:24,0.0937,11879000,0.0,1113062,1
2018-02-23 02:00:29,0.1194,11873000,0.0,-1417636,0
2018-02-23 02:00:34,0.1052,11878000,0.0,1249566,1
2018-02-23 02:04:33,0.4314,11855000,0.0,5114247,1
2018-02-23 02:05:39,1.124,11845000,0.0,-13313780,0
2018-02-23 02:05:46,0.0284,11863000,0.0,336909,1
2018-02-23 02:05:51,0.0001,11860000,0.0,1186,1
2018-02-23 02:11:32,0.09483946,11889000,0.0,1127546,1
2018-02-23 02:17:25,0.6987,11910000,0.0,8321517,1
2018-02-23 02:17:26,0.2874,11910000,0.0,3422934,1
2018-02-23 02:18:58,0.3435,11899000,0.0,4087307,1
2018-02-23 02:20:41,1.5,11881000,0.0,-17821500,0
2018-02-23 02:21:28,0.0041,11857000,0.0,48614,1
2018-02-23 02:21:28,0.0675,11857000,0.0,800348,1
2018-02-23 02:30:50,1.4284,11832000,0.0,16900829,1
2018-02-23 02:31:23,1.0,11841000,0.0,-11841000,0
2018-02-23 02:34:46,0.0202,11784000,0.0,238037,1
2018-02-23 02:35:57,0.012,11767000,0.0,141204,1
2018-02-23 02:35:58,0.0062,11767000,0.0,72955,1
2018-02-23 02:36:18,0.5,11781000,0.0,5890500,1
2018-02-23 02:36:26,0.1492,11760000,0.0,-1754592,0
2018-02-23 02:36:38,0.4783,11770000,0.0,5629591,1
2018-02-23 02:36:44,0.0031,11757000,0.0,-36447,0
2018-02-23 02:36:48,1.299,11763000,0.0,-15280137,0
2018-02-23 02:37:59,0.2128,11748000,0.0,2499974,1
2018-02-23 02:39:42,0.87,11773000,0.0,10242510,1
2018-02-23 02:39:43,0.0105,11773000,0.0,123617,1
2018-02-23 02:40:16,0.0013,11758000,0.0,-15285,0
2018-02-23 02:40:36,0.3426,11785000,0.0,4037541,1
2018-02-23 02:41:02,0.1894,11817000,0.0,-2238140,0
2018-02-23 02:41:11,0.1553,11815000,0.0,-1834870,0
2018-02-23 02:41:44,0.3447,11821000,0.0,4074699,1
2018-02-23 02:42:26,1.5,11831000,0.0,-17746500,0
2018-02-23 02:44:51,0.2937,11852000,0.0,3480932,1
2018-02-23 02:45:15,1.1459,11841000,0.0,13568602,1
2018-02-23 02:46:00,0.0604,11839000,0.0,715076,1
2018-02-23 02:48:13,0.1056,11873000,0.0,-1253789,0
2018-02-23 02:48:19,1.3944,11876000,0.0,-16559894,0
2018-02-23 02:49:21,1.5,11880000,0.0,17820000,1
2018-02-23 02:49:39,0.002,11856000,0.0,-23712,0
2018-02-23 02:49:48,0.3559,11853000,0.0,-4218483,0
2018-02-23 02:50:28,0.2945,11856000,0.0,-3491592,0
2018-02-23 02:50:50,0.2226,11892000,0.0,2647159,1
2018-02-23 02:51:10,0.0053,11860000,0.0,62858,1
2018-02-23 02:51:11,0.4022,11860000,0.0,4770092,1
2018-02-23 02:51:20,0.0223,11867000,0.0,264634,1
2018-02-23 02:51:45,1.4,11841000,0.0,-16577400,0
2018-02-23 02:52:16,1.0958,11868000,0.0,13004954,1
2018-02-23 02:53:06,1.1958,11850000,0.0,-14170230,0
2018-02-23 02:53:18,1.5,11869000,0.0,17803500,1
2018-02-23 02:57:03,0.0016,11854000,0.0,-18966,0
2018-02-23 02:57:45,0.3432,11842000,0.0,-4064174,0
2018-02-23 02:57:49,0.2007,11841000,0.0,-2376489,0
2018-02-23 02:58:32,0.5455,11858000,0.0,6468539,1
2018-02-23 02:59:54,0.7611,11880000,0.0,-9041868,0
2018-02-23 02:59:54,0.38,11880000,0.0,-4514400,0
2018-02-23 03:00:12,0.4701,11879000,0.0,5584318,1
2018-02-23 03:01:45,0.671,11880000,0.0,7971480,1
2018-02-23 03:02:26,0.197,11868000,0.0,-2337996,0
2018-02-23 03:03:02,1.303,11861000,0.0,-15454883,0
2018-02-23 03:04:00,1.5,11880000,0.0,17820000,1
2018-02-23 03:07:28,0.0042,11884000,0.0,-49913,0
2018-02-23 03:07:58,0.0042,11880000,0.0,49896,1
2018-02-23 03:09:15,0.0043,11860000,0.0,-50998,0
2018-02-23 03:11:29,0.0043,11876000,0.0,51067,1
2018-02-23 03:13:58,1.5,11843000,0.0,-17764500,0
2018-02-23 03:19:30,0.0717,11847000,0.0,849430,1
2018-02-23 03:19:30,0.2149,11847000,0.0,2545920,1
2018-02-23 03:20:05,0.8497,11847000,0.0,10066396,1
2018-02-23 03:20:11,0.3637,11839000,0.0,4305844,1
2018-02-23 03:22:53,0.799,11875000,0.0,-9488125,0
2018-02-23 03:23:51,0.547,11886000,0.0,6501642,1
2018-02-23 03:23:54,0.252,11888000,0.0,2995776,1
2018-02-23 03:23:58,0.902,11877000,0.0,-10713054,0
2018-02-23 03:24:24,0.902,11889000,0.0,10723878,1
2018-02-23 03:29:16,0.5,11925000,0.0,-5962500,0
2018-02-23 03:30:10,0.0207,11939000,0.0,247137,1
2018-02-23 03:30:30,1.0207,11921000,0.0,-12167765,0
2018-02-23 03:30:54,0.0118,11943000,0.0,140927,1
2018-02-23 03:32:05,0.0326,11937000,0.0,389146,1
2018-02-23 03:32:05,0.0267,11937000,0.0,318718,1
2018-02-23 03:34:10,0.0017,11892000,0.0,20216,1
2018-02-23 03:34:18,0.0034,11889000,0.0,40423,1
2018-02-23 03:34:39,0.2757,11898000,0.0,3280279,1
2018-02-23 03:34:57,0.0001,11893000,0.0,1189,1
2018-02-23 03:35:00,1.148,11892000,0.0,13652016,1
2018-02-23 03:35:41,0.1199,11892000,0.0,-1425851,0
2018-02-23 03:38:39,1.3801,11898000,0.0,-16420430,0
2018-02-23 03:40:18,0.6621,11918000,0.0,7890908,1
2018-02-23 03:42:34,0.0418,11898000,0.0,497336,1
2018-02-23 03:42:34,0.0124,11898000,0.0,147535,1
2018-02-23 03:42:34,0.002,11898000,0.0,23796,1
2018-02-23 03:42:34,0.2499,11898000,0.0,2973310,1
2018-02-23 03:43:18,0.5318,11891000,0.0,6323634,1
2018-02-23 03:45:03,1.5,11952000,0.0,-17928000,0
2018-02-23 03:46:32,0.1524,11938000,0.0,1819351,1
2018-02-23 03:46:48,0.0105,11938000,0.0,125349,1
2018-02-23 03:46:52,0.1,11924000,0.0,1192400,1
2018-02-23 03:46:57,1.2371,11921000,0.0,14747469,1
2018-02-23 04:01:06,1.2669,11874000,0.0,-15043171,0
2018-02-23 04:02:18,0.4123,11888000,0.0,4901422,1
2018-02-23 04:07:40,0.1,11861000,0.0,1186100,1
2018-02-23 04:10:33,0.2512,11878000,0.0,2983754,1
2018-02-23 04:10:44,0.5034,11882000,0.0,5981399,1
2018-02-23 04:22:03,0.066,11872000,0.0,-783552,0
2018-02-23 04:22:08,1.434,11870000,0.0,-17021580,0
2018-02-23 04:26:45,0.8,11886000,0.0,9508800,1
2018-02-23 04:26:50,0.3571,11880000,0.0,4242348,1
2018-02-23 04:27:35,0.3347,11883000,0.0,-3977240,0
2018-02-23 04:30:17,0.8224,11900000,0.0,-9786560,0
2018-02-23 04:31:11,1.3,11902000,0.0,15472600,1
2018-02-23 04:32:00,0.6,11884000,0.0,-7130400,0
2018-02-23 04:33:49,0.8,11899000,0.0,9519200,1
2018-02-23 04:36:14,0.0023,11908000,0.0,-27388,0
2018-02-23 04:36:54,0.0023,11931000,0.0,27441,1
2018-02-23 04:38:07,1.5,11930000,0.0,-17895000,0
2018-02-23 04:38:41,0.7922,11961000,0.0,9475504,1
2018-02-23 04:38:42,0.7078,11961000,0.0,8465996,1
2018-02-23 04:39:35,0.533,11985000,0.0,-6388005,0
2018-02-23 04:39:35,0.003,11985000,0.0,-35955,0
2018-02-23 04:39:35,0.002,11985000,0.0,-23970,0
2018-02-23 04:39:39,0.2287,11983000,0.0,-2740512,0
2018-02-23 04:40:01,0.5,11985000,0.0,5992500,1
2018-02-23 04:40:01,0.2384,11985000,0.0,2857224,1
2018-02-23 04:40:57,0.0283,11999000,0.0,339572,1
2018-02-23 04:45:30,1.16,12033000,0.0,-13958280,0
2018-02-23 04:46:09,0.0028,12030000,0.0,33684,1
2018-02-23 04:46:14,0.0001,12029000,0.0,1203,1
2018-02-23 04:46:14,0.17223243,12029000,0.0,2071784,1
2018-02-23 04:46:15,0.98486757,12029000,0.0,11846972,1
2018-02-23 04:46:53,0.5647,12013000,0.0,-6783741,0
2018-02-23 04:47:03,0.5647,12050000,0.0,6804635,1
2018-02-23 04:47:20,0.1361,12012000,0.0,-1634833,0
2018-02-23 04:47:42,0.1361,12029000,0.0,1637147,1
2018-02-23 04:52:14,0.0532,12036000,0.0,-640315,0
2018-02-23 04:52:14,0.0868,12036000,0.0,-1044725,0
2018-02-23 04:55:47,0.1197,12023000,0.0,1439153,1
2018-02-23 04:55:56,1.4797,12020000,0.0,-17785994,0
2018-02-23 04:57:19,0.0762,12031000,0.0,916762,1
2018-02-23 04:57:25,0.0469,12036000,0.0,564488,1
2018-02-23 04:57:30,0.9411,12036000,0.0,11327080,1
2018-02-23 04:57:55,0.4358,12045000,0.0,5249211,1
2018-02-23 05:00:03,0.4556,12050000,0.0,-5489980,0
2018-02-23 05:01:18,0.001,12060000,0.0,12060,1
2018-02-23 05:01:18,0.09470804,12060000,0.0,1142179,1
2018-02-23 05:01:53,0.3599,12075000,0.0,4345793,1
2018-02-23 05:03:23,0.0011,12073000,0.0,-13280,0
2018-02-23 05:05:23,0.999,12047000,0.0,-12034953,0
2018-02-23 05:07:31,0.5,12069000,0.0,6034500,1
2018-02-23 05:09:46,0.2762,12043000,0.0,3326277,1
2018-02-23 05:11:04,0.05,12040000,0.0,-602000,0
2018-02-23 05:11:52,0.0004,12038000,0.0,4815,1
2018-02-23 05:12:14,0.4318,12039000,0.0,-5198440,0
2018-02-23 05:12:23,0.133,12043000,0.0,-1601719,0
2018-02-23 05:12:49,0.08,12048000,0.0,963840,1
2018-02-23 05:12:54,0.2871,12046000,0.0,3458407,1
2018-02-23 05:12:59,0.4712,12048000,0.0,5677018,1
2018-02-23 05:13:22,1.499,12043000,0.0,-18052457,0
2018-02-23 05:22:04,0.6,12003000,0.0,7201800,1
2018-02-23 05:22:07,0.2463,11998000,0.0,2955107,1
2018-02-23 05:22:12,0.6527,11998000,0.0,7831095,1
2018-02-23 05:23:49,0.0745,11979000,0.0,-892436,0
2018-02-23 05:23:53,0.7472,11980000,0.0,-8951456,0
2018-02-23 05:23:57,0.02158337,11996000,0.0,258914,1
2018-02-23 05:24:17,0.6,11987000,0.0,7192200,1
2018-02-23 05:24:42,0.0008,11963000,0.0,9570,1
2018-02-23 05:24:46,0.1993,11968000,0.0,2385222,1
2018-02-23 05:26:37,0.8448,12001000,0.0,-10138445,0
2018-02-23 05:29:30,0.0262,11992000,0.0,314190,1
2018-02-23 05:31:27,0.8186,11994000,0.0,9818288,1
2018-02-23 05:34:07,1.5,11981000,0.0,-17971500,0
2018-02-23 05:36:14,0.0001,11988000,0.0,1199,1
2018-02-23 05:39:03,1.4999,12041000,0.0,18060296,1
2018-02-23 05:40:03,0.2796,12049000,0.0,-3368900,0
2018-02-23 05:40:41,1.2204,12055000,0.0,-14711922,0
2018-02-23 05:40:55,0.0508,12052000,0.0,612242,1
2018-02-23 05:40:56,0.005,12052000,0.0,60260,1
2018-02-23 05:40:59,0.0067,12044000,0.0,80695,1
2018-02-23 05:43:18,0.0056,12058000,0.0,67525,1
2018-02-23 05:46:12,0.0007,12079000,0.0,8455,1
2018-02-23 05:47:02,1.4312,12089000,0.0,17301777,1
2018-02-23 05:51:34,0.14986306,12100000,0.0,-1813343,0
2018-02-23 05:51:34,0.0024,12100000,0.0,-29040,0
2018-02-23 05:51:34,0.00983694,12100000,0.0,-119027,0
2018-02-23 05:54:17,0.1621,12113000,0.0,1963517,1
2018-02-23 05:55:05,0.1317,12113000,0.0,-1595282,0
2018-02-23 05:55:11,0.0042,12120000,0.0,-50904,0
2018-02-23 05:55:26,0.699,12123000,0.0,-8473977,0
2018-02-23 05:55:26,0.003,12123000,0.0,-36369,0
2018-02-23 05:59:12,0.2653,12148000,0.0,3222864,1
2018-02-23 05:59:59,0.5,12142000,0.0,6071000,1
2018-02-23 06:00:43,0.0726,12142000,0.0,881509,1
2018-02-23 06:01:04,0.10236321,12150000,0.0,-1243713,0
2018-02-23 06:01:26,0.1024,12162000,0.0,1245389,1
2018-02-23 06:02:35,1.5,12150000,0.0,-18225000,0
2018-02-23 06:05:15,0.0164,12184000,0.0,199818,1
2018-02-23 06:05:46,0.3399,12183000,0.0,4141002,1
2018-02-23 06:06:21,0.1513,12177000,0.0,1842380,1
2018-02-23 06:09:19,0.1201,12131000,0.0,1456933,1
2018-02-23 06:09:19,0.0148,12131000,0.0,179539,1
2018-02-23 06:10:37,0.02042718,12130000,0.0,247782,1
2018-02-23 06:14:17,0.0608,12109000,0.0,736227,1
2018-02-23 06:15:07,0.1188,12103000,0.0,1437836,1
2018-02-23 06:15:12,0.28,12082000,0.0,-3382960,0
2018-02-23 06:16:29,0.9375,12070000,0.0,11315625,1
2018-02-23 06:17:03,0.2,12052000,0.0,-2410400,0
2018-02-23 06:17:06,1.3,12040000,0.0,-15652000,0
2018-02-23 06:18:41,0.0302,12000000,0.0,362400,1
2018-02-23 06:18:41,0.001,12000000,0.0,12000,1
2018-02-23 06:18:41,0.0001,12000000,0.0,1200,1
2018-02-23 06:19:05,0.04494798,11985000,0.0,538702,1
2018-02-23 06:19:41,0.25,12000000,0.0,3000000,1
2018-02-23 06:19:41,0.7702,11999000,0.0,9241630,1
2018-02-23 06:19:41,0.1,11999000,0.0,1199900,1
2018-02-23 06:20:08,0.0116,11999000,0.0,-139188,0
2018-02-23 06:20:18,0.11,12007000,0.0,-1320770,0
2018-02-23 06:21:15,0.1,12025000,0.0,-1202500,0
2018-02-23 06:21:24,0.9749,12028000,0.0,-11726097,0
2018-02-23 06:22:16,0.1597,12000000,0.0,1916400,1
2018-02-23 06:22:16,0.5027,12000000,0.0,6032400,1
2018-02-23 06:24:20,0.8376,11978000,0.0,10032773,1
2018-02-23 06:25:37,1.5,11960000,0.0,-17940000,0
2018-02-23 06:26:14,0.0167,11946000,0.0,199498,1
2018-02-23 06:26:14,0.3286,11946000,0.0,3925456,1
2018-02-23 06:26:15,0.0475,11946000,0.0,567435,1
2018-02-23 06:28:13,0.0524,11976000,0.0,627542,1
2018-02-23 06:28:24,0.0077,11969000,0.0,92161,1
2018-02-23 06:28:27,0.7225,11970000,0.0,8648325,1
2018-02-23 06:28:31,0.1896,11966000,0.0,2268754,1
2018-02-23 06:28:31,0.135,11966000,0.0,1615410,1
2018-02-23 06:30:49,0.4372,11943000,0.0,-5221480,0
2018-02-23 06:31:02,1.0628,11943000,0.0,-12693020,0
2018-02-23 06:33:10,0.001,11941000,0.0,11941,1
2018-02-23 06:33:29,0.047,11956000,0.0,561932,1
2018-02-23 06:35:16,0.1214,11943000,0.0,1449880,1
2018-02-23 06:35:27,0.9412,11950000,0.0,11247340,1
2018-02-23 06:35:27,0.0209,11950000,0.0,249755,1
2018-02-23 06:35:40,1.1315,11955000,0.0,-13527083,0
2018-02-23 06:35:57,1.5,11969000,0.0,17953500,1
2018-02-23 06:41:44,0.2224,11993000,0.0,-2667243,0
2018-02-23 06:44:20,1.099,11982000,0.0,-13168218,0
2018-02-23 06:45:07,0.514,11993000,0.0,6164402,1
2018-02-23 06:45:16,0.0149,11998000,0.0,178770,1
2018-02-23 06:50:13,0.0352,11947000,0.0,420534,1
2018-02-23 06:51:30,0.2,11951000,0.0,2390200,1
2018-02-23 06:51:44,0.548,11957000,0.0,-6552436,0
2018-02-23 06:52:26,0.221,11958000,0.0,2642718,1
2018-02-23 06:53:30,0.09,11951000,0.0,1075590,1
2018-02-23 06:57:14,0.1666,11985000,0.0,1996701,1
2018-02-23 06:57:17,0.6277,11986000,0.0,7523612,1
2018-02-23 06:57:39,0.5766,11972000,0.0,-6903055,0
2018-02-23 06:58:55,0.0846,11982000,0.0,1013677,1
2018-02-23 07:00:56,0.188,11978000,0.0,2251864,1
2018-02-23 07:01:04,0.304,11973000,0.0,3639792,1
2018-02-23 07:02:12,0.0517,11954000,0.0,-618022,0
2018-02-23 07:02:27,0.0517,11969000,0.0,618797,1
2018-02-23 07:03:06,0.3411,11953000,0.0,-4077168,0
2018-02-23 07:03:52,1.1589,11961000,0.0,-13861603,0
2018-02-23 07:17:19,0.1046,12048000,0.0,1260221,1
2018-02-23 07:17:35,0.113,12040000,0.0,1360520,1
2018-02-23 07:17:35,0.3396,12040000,0.0,4088784,1
2018-02-23 07:17:35,0.0215,12040000,0.0,258860,1
2018-02-23 07:17:49,0.2922,12041000,0.0,3518380,1
2018-02-23 07:18:30,0.0396,12022000,0.0,-476071,0
2018-02-23 07:18:33,0.02,12022000,0.0,-240440,0
2018-02-23 07:18:54,0.5249,12011000,0.0,-6304574,0
2018-02-23 07:22:09,1.2136,12005000,0.0,14569268,1
2018-02-23 07:22:23,0.21723864,12009000,0.0,-2608819,0
2018-02-23 07:22:27,0.3318,12008000,0.0,-3984254,0
2018-02-23 07:23:30,0.0382,12021000,0.0,459202,1
2018-02-23 07:24:04,0.0026,12019000,0.0,31249,1
2018-02-23 07:26:04,0.9917,12008000,0.0,-11908334,0
2018-02-23 07:26:21,0.1927,12002000,0.0,2312785,1
2018-02-23 07:26:26,0.0172,12000000,0.0,206400,1
2018-02-23 07:26:26,0.154,12000000,0.0,1848000,1
2018-02-23 07:26:27,0.0002,12000000,0.0,2400,1
2018-02-23 07:26:27,0.0534,12000000,0.0,640800,1
2018-02-23 07:27:29,1.0825,11981000,0.0,12969433,1
2018-02-23 07:30:08,0.4367,11958000,0.0,-5222059,0
2018-02-23 07:30:16,0.8277,11958000,0.0,-9897637,0
2018-02-23 07:31:20,0.0116,11956000,0.0,138690,1
2018-02-23 07:31:33,0.0066,11941000,0.0,78811,1
2018-02-23 07:31:38,0.0197,11931000,0.0,235041,1
2018-02-23 07:36:19,0.18,11923000,0.0,2146140,1
2018-02-23 07:38:05,1.0465,11948000,0.0,12503582,1
2018-02-23 07:39:31,0.9839,11942000,0.0,-11749734,0
2018-02-23 07:43:17,0.061,11968000,0.0,730048,1
2018-02-23 07:43:29,0.2,11970000,0.0,2394000,1
2018-02-23 07:44:06,0.0909,11953000,0.0,-1086528,0
2018-02-23 07:45:18,0.7114,11948000,0.0,8499807,1
2018-02-23 07:45:22,0.0165,11947000,0.0,197126,1
2018-02-23 07:45:53,1.4141,11921000,0.0,-16857486,0
2018-02-23 07:47:26,0.4625,11927000,0.0,5516238,1
2018-02-23 07:47:46,0.1739,11918000,0.0,2072540,1
2018-02-23 07:47:46,0.0419,11918000,0.0,499364,1
2018-02-23 07:55:01,0.29,11948000,0.0,3464920,1
2018-02-23 07:55:29,0.34496277,11954000,0.0,4123685,1
2018-02-23 07:55:43,1.3133,11961000,0.0,-15708381,0
2018-02-23 07:55:57,1.961e-05,11973000,0.0,235,1
2018-02-23 07:56:38,1.5,11993000,0.0,17989500,1
2018-02-23 07:56:55,0.0423,11975000,0.0,-506543,0
2018-02-23 07:57:12,0.0423,11972000,0.0,506416,1
2018-02-23 07:57:54,0.011,11968000,0.0,-131648,0
2018-02-23 07:58:55,0.1132,11976000,0.0,-1355683,0
2018-02-23 07:59:00,0.4051,11976000,0.0,-4851478,0
2018-02-23 08:01:18,0.0516,11972000,0.0,617755,1
2018-02-23 08:02:11,0.4777,11970000,0.0,5718069,1
2018-02-23 08:04:24,0.6421,11950000,0.0,-7673095,0
2018-02-23 08:04:30,0.8579,11951000,0.0,-10252763,0
2018-02-23 08:06:07,0.4808,11961000,0.0,5750849,1
2018-02-23 08:14:27,0.2123,11866000,0.0,2519152,1
2018-02-23 08:14:31,0.8069,11865000,0.0,9573869,1
2018-02-23 08:14:48,0.0247,11844000,0.0,-292547,0
2018-02-23 08:14:59,0.3607,11846000,0.0,-4272852,0
2018-02-23 08:15:07,1.1146,11864000,0.0,-13223614,0
2018-02-23 08:19:08,0.0069,11875000,0.0,81938,1
2018-02-23 08:19:08,0.0001,11875000,0.0,1188,1
2018-02-23 08:19:37,0.0431,11860000,0.0,511166,1
2018-02-23 08:19:37,0.0001,11860000,0.0,1186,1
2018-02-23 08:22:32,0.0001,11865000,0.0,1187,1
2018-02-23 08:22:33,0.0152,11865000,0.0,180348,1
2018-02-23 08:28:36,0.4468,11838000,0.0,5289218,1
2018-02-23 08:28:36,0.004,11838000,0.0,47352,1
2018-02-23 08:28:40,0.002,11838000,0.0,23676,1
2018-02-23 08:28:40,0.011,11838000,0.0,130218,1
2018-02-23 08:28:40,0.002,11838000,0.0,23676,1
2018-02-23 08:28:48,0.1436,11838000,0.0,1699937,1
2018-02-23 08:28:48,0.01,11838000,0.0,118380,1
2018-02-23 08:30:08,0.3877,11840000,0.0,4590368,1
2018-02-23 08:30:35,0.1,11831000,0.0,-1183100,0
2018-02-23 08:30:46,0.0001,11830000,0.0,1183,1
2018-02-23 08:30:46,0.0157,11830000,0.0,185731,1
2018-02-23 08:31:03,0.01,11817000,0.0,118170,1
2018-02-23 08:31:03,0.003,11817000,0.0,35451,1
2018-02-23 08:31:07,0.3762,11817000,0.0,4445555,1
2018-02-23 08:31:07,0.1224,11817000,0.0,1446401,1
2018-02-23 08:36:57,0.00205957,11750000,0.0,-24200,0
2018-02-23 08:36:57,0.60324043,11750000,0.0,-7088075,0
2018-02-23 08:37:01,0.8522,11751000,0.0,-10014202,0
2018-02-23 08:40:57,0.4494,11719000,0.0,5266519,1
2018-02-23 08:40:57,1.0081,11719000,0.0,11813924,1
2018-02-23 08:41:48,0.02,11719000,0.0,-234380,0
2018-02-23 08:41:52,1.1863,11719000,0.0,-13902250,0
2018-02-23 08:43:32,0.32,11732000,0.0,3754240,1
2018-02-23 08:43:36,0.1009,11727000,0.0,1183254,1
2018-02-23 08:43:36,0.2,11726000,0.0,2345200,1
2018-02-23 08:43:43,0.112,11726000,0.0,1313312,1
2018-02-23 08:43:44,0.1088,11726000,0.0,1275789,1
2018-02-23 08:43:44,0.0001,11726000,0.0,1173,1
2018-02-23 08:43:47,1.1355,11717000,0.0,-13304654,0
2018-02-23 08:45:06,0.13699791,11756000,0.0,1610547,1
2018-02-23 08:46:34,0.1,11771000,0.0,1177100,1
2018-02-23 08:48:01,0.0001,11789000,0.0,1179,1
2018-02-23 08:49:41,1.2629,11792000,0.0,14892117,1
2018-02-23 08:49:47,0.0615,11778000,0.0,-724347,0
2018-02-23 08:50:06,0.0615,11784000,0.0,724716,1
2018-02-23 08:50:20,1.5,11752000,0.0,-17628000,0
2018-02-23 08:54:02,0.1,11700000,0.0,1170000,1
2018-02-23 08:54:02,0.4803,11700000,0.0,5619510,1
2018-02-23 08:54:02,0.001,11700000,0.0,11700,1
2018-02-23 08:54:02,0.0116,11700000,0.0,135720,1
2018-02-23 08:54:02,0.4822,11700000,0.0,5641740,1
2018-02-23 08:54:02,0.005,11700000,0.0,58500,1
2018-02-23 08:54:02,0.0427,11700000,0.0,499590,1
2018-02-23 08:54:02,0.3572,11700000,0.0,4179240,1
2018-02-23 08:54:02,0.02,11700000,0.0,234000,1
2018-02-23 08:55:34,0.0254,11701000,0.0,-297205,0
2018-02-23 08:55:42,0.5662,11727000,0.0,-6639827,0
2018-02-23 08:55:55,0.0958,11733000,0.0,-1124021,0
2018-02-23 08:56:00,0.6389,11731000,0.0,-7494936,0
2018-02-23 09:00:49,0.1899,11725000,0.0,2226578,1
2018-02-23 09:04:11,0.8919,11599000,0.0,10345148,1
2018-02-23 09:04:11,0.2445,11599000,0.0,2835956,1
2018-02-23 09:04:25,1.5,11600000,0.0,-17400000,0
2018-02-23 09:05:51,0.013,11561000,0.0,150293,1
2018-02-23 09:05:51,0.001,11561000,0.0,11561,1
2018-02-23 09:08:38,0.55,11544000,0.0,6349200,1
2018-02-23 09:09:11,0.936,11530000,0.0,10792080,1
2018-02-23 09:09:15,1.5,11509000,0.0,-17263500,0
2018-02-23 09:09:55,0.0194,11556000,0.0,224186,1
2018-02-23 09:09:55,0.0183,11556000,0.0,211475,1
2018-02-23 09:16:03,0.1,11509000,0.0,1150900,1
2018-02-23 09:18:50,0.0076,11492000,0.0,87339,1
2018-02-23 09:18:50,0.0055,11492000,0.0,63206,1
2018-02-23 09:18:50,0.30449996,11492000,0.0,3499314,1
2018-02-23 09:18:51,0.0917,11492000,0.0,1053816,1
2018-02-23 09:19:38,0.895,11450000,0.0,10247750,1
2018-02-23 09:19:38,0.02,11450000,0.0,229000,1
2018-02-23 09:19:38,0.038,11450000,0.0,435100,1
2018-02-23 09:20:28,1.32266433,11473000,0.0,-15174928,0
2018-02-23 09:20:28,0.00633567,11473000,0.0,-72689,0
2018-02-23 09:20:41,0.5,11499000,0.0,5749500,1
2018-02-23 09:21:21,0.0344,11501000,0.0,395634,1
2018-02-23 09:24:48,0.1807,11484000,0.0,2075159,1
2018-02-23 09:24:59,0.1524,11470000,0.0,-1748028,0
2018-02-23 09:26:22,0.0251,11449000,0.0,287370,1
2018-02-23 09:26:22,0.0247,11449000,0.0,282790,1
2018-02-23 09:26:44,0.5465,11438000,0.0,-6250867,0
2018-02-23 09:27:28,0.34139983,11460000,0.0,3912442,1
2018-02-23 09:27:28,0.3806,11460000,0.0,4361676,1
2018-02-23 09:27:33,0.541,11460000,0.0,6199860,1
2018-02-23 09:27:47,0.2,11446000,0.0,-2289200,0
2018-02-23 09:28:04,1.3,11442000,0.0,-14874600,0
2018-02-23 09:28:21,0.14214892,11463000,0.0,1629453,1
2018-02-23 09:29:26,0.0088,11449000,0.0,100751,1
2018-02-23 09:30:54,0.46743687,11500000,0.0,5375524,1
2018-02-23 09:30:55,0.05,11499000,0.0,574950,1
2018-02-23 09:30:56,0.003,11499000,0.0,34497,1
2018-02-23 09:30:58,0.72856313,11499000,0.0,8377747,1
2018-02-23 09:30:58,0.1,11499000,0.0,1149900,1
2018-02-23 09:31:00,1.5,11481000,0.0,-17221500,0
2018-02-23 09:31:07,1.5,11509000,0.0,17263500,1
2018-02-23 09:31:47,1.5,11530000,0.0,-17295000,0
2018-02-23 09:36:13,1.5,11512000,0.0,17268000,1
2018-02-23 09:36:45,0.654,11491000,0.0,-7515114,0
2018-02-23 09:36:48,0.846,11491000,0.0,-9721386,0
2018-02-23 09:40:22,0.1433,11539000,0.0,1653539,1
2018-02-23 09:40:39,1.0,11529000,0.0,11529000,1
2018-02-23 09:41:11,1.1433,11527000,0.0,-13178819,0
2018-02-23 09:45:35,0.1429,11552000,0.0,1650781,1
2018-02-23 09:45:35,0.0011,11552000,0.0,12707,1
2018-02-23 09:46:44,1.356,11526000,0.0,15629256,1
2018-02-23 09:47:14,0.0483,11500000,0.0,-555450,0
2018-02-23 09:47:24,0.0207,11520000,0.0,-238464,0
2018-02-23 09:47:28,0.6382,11525000,0.0,-7355255,0
2018-02-23 09:48:22,0.1428,11489000,0.0,-1640629,0
2018-02-23 09:48:46,0.37858306,11518000,0.0,4360520,1
2018-02-23 09:49:48,1.0285,11485000,0.0,-11812323,0
2018-02-23 09:50:52,0.0005,11499000,0.0,5750,1
2018-02-23 09:50:59,0.0511,11496000,0.0,587446,1
2018-02-23 09:50:59,0.0754,11496000,0.0,866798,1
2018-02-23 09:51:09,0.4718,11495000,0.0,5423341,1
2018-02-23 09:51:26,0.5841,11494000,0.0,6713645,1
2018-02-23 09:51:27,0.0087,11494000,0.0,99998,1
2018-02-23 09:52:42,0.3084,11500000,0.0,3546600,1
2018-02-23 09:53:46,0.1342,11495000,0.0,-1542629,0
2018-02-23 09:54:21,0.0638,11505000,0.0,-734019,0
2018-02-23 09:55:54,0.8822,11488000,0.0,-10134714,0
2018-02-23 09:57:27,0.0018,11499000,0.0,20698,1
2018-02-23 10:01:22,0.6573,11453000,0.0,7528057,1
2018-02-23 10:01:33,0.2125,11446000,0.0,2432275,1
2018-02-23 10:01:46,1.2913,11432000,0.0,-14762142,0
2018-02-23 10:03:15,0.0821,11416000,0.0,937254,1
2018-02-23 10:03:16,0.172,11416000,0.0,1963552,1
2018-02-23 10:04:20,0.001,11454000,0.0,11454,1
2018-02-23 10:04:21,0.0157,11454000,0.0,179828,1
2018-02-23 10:06:25,0.0317,11445000,0.0,362807,1
2018-02-23 10:09:08,0.02,11411000,0.0,228220,1
2018-02-23 10:09:09,0.8676,11411000,0.0,9900184,1
2018-02-23 10:09:09,0.0001,11411000,0.0,1141,1
2018-02-23 10:09:09,0.014,11411000,0.0,159754,1
2018-02-23 10:09:18,0.0021,11400000,0.0,23940,1
2018-02-23 10:09:18,0.1736,11400000,0.0,1979040,1
2018-02-23 10:09:18,0.02,11400000,0.0,228000,1
2018-02-23 10:09:18,0.1,11400000,0.0,1140000,1
2018-02-23 10:10:20,0.6879,11380000,0.0,-7828302,0
2018-02-23 10:10:54,0.18667079,11369000,0.0,2122260,1
2018-02-23 10:11:01,0.119,11368000,0.0,1352792,1
2018-02-23 10:11:01,0.1805,11368000,0.0,2051924,1
2018-02-23 10:11:10,0.2017,11386000,0.0,2296556,1
2018-02-23 10:11:22,0.1466,11386000,0.0,-1669188,0
2018-02-23 10:11:49,0.0064,11401000,0.0,-72966,0
2018-02-23 10:12:31,0.2561,11368000,0.0,-2911345,0
2018-02-23 10:12:31,0.2943,11368000,0.0,-3345602,0
2018-02-23 10:12:50,0.3709,11360000,0.0,-4213424,0
2018-02-23 10:14:14,1.0743,11370000,0.0,12214791,1
2018-02-23 10:15:06,0.3654,11356000,0.0,-4149482,0
2018-02-23 10:15:28,0.0437,11354000,0.0,-496170,0
2018-02-23 10:15:31,0.1892,11364000,0.0,2150069,1
2018-02-23 10:16:40,0.2199,11347000,0.0,2495205,1
2018-02-23 10:17:04,0.0693,11326000,0.0,-784892,0
2018-02-23 10:18:15,0.0693,11301000,0.0,783159,1
2018-02-23 10:19:43,0.7091,11340000,0.0,-8041194,0
2018-02-23 10:19:55,0.23588505,11362000,0.0,2680126,1
2018-02-23 10:20:13,0.0635,11361000,0.0,721424,1
2018-02-23 10:20:13,0.011,11361000,0.0,124971,1
2018-02-23 10:21:21,0.9407,11345000,0.0,-10672242,0
2018-02-23 10:21:45,0.4531,11352000,0.0,5143591,1
2018-02-23 10:21:49,0.3997,11352000,0.0,4537394,1
2018-02-23 10:22:56,0.0087,11353000,0.0,-98771,0
2018-02-23 10:24:11,0.0112,11359000,0.0,127221,1
2018-02-23 10:24:11,0.39576004,11364000,0.0,4497417,1
2018-02-23 10:24:15,0.0883,11359000,0.0,1003000,1
2018-02-23 10:25:24,1.5,11350000,0.0,-17025000,0
2018-02-23 10:27:12,0.8651,11425000,0.0,9883768,1
2018-02-23 10:27:22,0.4932,11415000,0.0,5629878,1
2018-02-23 10:27:22,0.1417,11415000,0.0,1617506,1
2018-02-23 10:28:54,0.561,11417000,0.0,-6404937,0
2018-02-23 10:29:36,0.0141,11413000,0.0,160923,1
2018-02-23 10:30:12,0.0003,11389000,0.0,3417,1
2018-02-23 10:30:13,0.0005,11389000,0.0,5695,1
2018-02-23 10:30:13,0.0473,11389000,0.0,538700,1
2018-02-23 10:30:17,0.01,11393000,0.0,113930,1
2018-02-23 10:30:17,0.0027,11393000,0.0,30761,1
2018-02-23 10:30:24,0.0104,11386000,0.0,-118414,0
2018-02-23 10:30:56,0.4965,11398000,0.0,5659107,1
2018-02-23 10:31:12,1.2028,11380000,0.0,-13687864,0
2018-02-23 10:33:58,0.3487,11377000,0.0,3967160,1
2018-02-23 10:34:03,0.1,11364000,0.0,1136400,1
2018-02-23 10:34:08,0.0224,11370000,0.0,254688,1
2018-02-23 10:34:16,0.5694,11378000,0.0,6478633,1
2018-02-23 10:34:21,0.1623,11379000,0.0,1846812,1
2018-02-23 10:35:56,1.1008,11388000,0.0,-12535910,0
2018-02-23 10:36:38,0.8584,11380000,0.0,9768592,1
2018-02-23 10:36:38,0.1483,11380000,0.0,1687654,1
2018-02-23 10:36:38,0.0941,11380000,0.0,1070858,1
2018-02-23 10:38:49,0.0303,11357000,0.0,-344117,0
2018-02-23 10:38:52,0.0131,11357000,0.0,-148777,0
2018-02-23 10:39:17,0.0178,11334000,0.0,-201745,0
2018-02-23 10:39:48,0.3866,11345000,0.0,-4385977,0
2018-02-23 10:41:40,0.6051,11350000,0.0,-6867885,0
2018-02-23 10:42:12,1.0529,11350000,0.0,11950415,1
2018-02-23 10:42:36,0.1676,11330000,0.0,-1898908,0
2018-02-23 10:42:49,0.4765,11330000,0.0,-5398745,0
2018-02-23 10:45:06,0.363,11310000,0.0,-4105530,0
2018-02-23 10:45:26,1.0071,11300000,0.0,11380230,1
2018-02-23 10:47:50,1.5,11300000,0.0,-16950000,0
2018-02-23 10:48:35,0.1823,11319000,0.0,2063454,1
2018-02-23 10:51:41,1.12609534,11395000,0.0,12831856,1
2018-02-23 10:52:02,0.469,11402000,0.0,-5347538,0
2018-02-23 10:52:06,0.0698,11402000,0.0,795860,1
2018-02-23 10:52:11,0.0389,11400000,0.0,443460,1
2018-02-23 10:52:19,0.18,11395000,0.0,2051100,1
2018-02-23 10:52:44,0.3719,11395000,0.0,4237801,1
2018-02-23 10:53:07,1.16027861,11402000,0.0,-13229497,0
2018-02-23 10:53:07,0.33972139,11402000,0.0,-3873503,0
2018-02-23 10:53:20,0.58382221,11424000,0.0,6669585,1
2018-02-23 10:53:26,0.9162,11409000,0.0,10452926,1
2018-02-23 10:54:32,0.8301,11421000,0.0,-9480572,0
2018-02-23 10:54:44,0.8301,11418000,0.0,9478082,1
2018-02-23 10:55:30,0.1314,11400000,0.0,-1497960,0
2018-02-23 10:55:37,0.1027,11413000,0.0,-1172115,0
2018-02-23 10:56:07,0.2341,11419000,0.0,2673188,1
2018-02-23 10:56:57,0.2342,11414000,0.0,-2673159,0
2018-02-23 10:57:27,0.87847359,11425000,0.0,-10036561,0
2018-02-23 10:57:27,0.38732641,11425000,0.0,-4425204,0
2018-02-23 10:58:37,0.994,11438000,0.0,11369372,1
2018-02-23 10:58:57,0.5804,11424000,0.0,-6630490,0
2018-02-23 10:59:29,0.2544,11440000,0.0,2910336,1
2018-02-23 10:59:29,0.1593,11440000,0.0,1822392,1
2018-02-23 10:59:58,0.8273,11428000,0.0,-9454384,0
2018-02-23 11:00:59,1.4194,11417000,0.0,16205290,1
2018-02-23 11:00:59,0.0015,11417000,0.0,17126,1
2018-02-23 11:01:16,0.0791,11419000,0.0,903243,1
2018-02-23 11:01:39,0.1995,11402000,0.0,-2274699,0
2018-02-23 11:01:56,0.0167,11400000,0.0,-190380,0
2018-02-23 11:03:11,0.8791,11383000,0.0,-10006795,0
2018-02-23 11:10:17,0.0748,11350000,0.0,848980,1
2018-02-23 11:10:17,0.0205,11350000,0.0,232675,1
2018-02-23 11:10:17,1.0,11350000,0.0,11350000,1
2018-02-23 11:11:55,0.5417,11327000,0.0,-6135836,0
2018-02-23 11:14:01,0.2248,11325000,0.0,-2545860,0
2018-02-23 11:15:37,0.0589,11369000,0.0,669634,1
2018-02-23 11:15:37,0.2854,11369000,0.0,3244713,1
2018-02-23 11:15:40,0.4222,11371000,0.0,4800836,1
2018-02-23 11:17:14,0.33820201,11392000,0.0,-3852797,0
2018-02-23 11:17:17,1.1618,11390000,0.0,-13232902,0
2018-02-23 11:17:56,0.0406,11384000,0.0,462190,1
2018-02-23 11:18:20,0.9,11371000,0.0,10233900,1
2018-02-23 11:18:20,0.334,11371000,0.0,3797914,1
2018-02-23 11:18:20,0.1271,11371000,0.0,1445254,1
2018-02-23 11:18:21,0.0983,11371000,0.0,1117769,1
2018-02-23 11:21:38,0.0893,11400000,0.0,-1018020,0
2018-02-23 11:21:38,0.3385,11400000,0.0,-3858900,0
2018-02-23 11:21:38,0.2652,11400000,0.0,-3023280,0
2018-02-23 11:21:38,0.0087,11400000,0.0,-99180,0
2018-02-23 11:21:38,0.1105,11400000,0.0,-1259700,0
2018-02-23 11:21:38,0.02,11400000,0.0,-228000,0
2018-02-23 11:21:38,0.2504,11400000,0.0,-2854560,0
2018-02-23 11:22:17,1.0826,11434000,0.0,12378448,1
2018-02-23 11:23:22,0.199,11446000,0.0,-2277754,0
2018-02-23 11:23:33,0.0771,11460000,0.0,-883566,0
2018-02-23 11:23:50,0.2761,11477000,0.0,3168800,1
2018-02-23 11:24:07,0.0367,11465000,0.0,-420766,0
2018-02-23 11:25:07,0.0367,11450000,0.0,420215,1
2018-02-23 11:25:25,0.26,11446000,0.0,-2975960,0
2018-02-23 11:25:25,0.5587,11446000,0.0,-6394880,0
2018-02-23 11:27:17,0.074,11434000,0.0,846116,1
2018-02-23 11:27:40,0.0758,11432000,0.0,866546,1
2018-02-23 11:28:13,0.0194,11426000,0.0,-221664,0
2018-02-23 11:28:24,0.6883,11420000,0.0,7860386,1
2018-02-23 11:28:53,1.5,11400000,0.0,-17100000,0
2018-02-23 11:29:31,0.8289,11416000,0.0,9462722,1
2018-02-23 11:29:31,0.6711,11416000,0.0,7661278,1
2018-02-23 11:30:27,0.092,11401000,0.0,-1048892,0
2018-02-23 11:33:34,1.408,11410000,0.0,-16065280,0
2018-02-23 11:35:59,1.5,11481000,0.0,17221500,1
2018-02-23 11:37:07,0.1,11505000,0.0,-1150500,0
2018-02-23 11:37:07,0.4674,11505000,0.0,-5377437,0
2018-02-23 11:37:20,0.0342,11492000,0.0,393026,1
2018-02-23 11:37:21,0.2697,11492000,0.0,3099392,1
2018-02-23 11:37:26,0.4061,11491000,0.0,-4666495,0
2018-02-23 11:37:33,0.4484,11482000,0.0,-5148529,0
2018-02-23 11:38:05,0.001,11490000,0.0,11490,1
2018-02-23 11:38:11,0.0955,11490000,0.0,1097295,1
2018-02-23 11:38:11,0.6364,11490000,0.0,7312236,1
2018-02-23 11:38:12,0.3851,11490000,0.0,4424799,1
2018-02-23 11:38:23,1.5,11472000,0.0,-17208000,0
2018-02-23 11:40:25,1.0,11519000,0.0,11519000,1
2018-02-23 11:40:34,1.0,11507000,0.0,-11507000,0
2018-02-23 11:40:46,0.0085,11498000,0.0,97733,1
2018-02-23 11:40:59,0.4345,11506000,0.0,4999357,1
2018-02-23 11:43:39,0.22,11530000,0.0,2536600,1
2018-02-23 11:43:39,0.1,11530000,0.0,1153000,1
2018-02-23 11:44:50,0.2342,11528000,0.0,-2699858,0
2018-02-23 11:44:50,0.1302,11528000,0.0,-1500946,0
2018-02-23 11:45:21,1.0988,11543000,0.0,12683448,1
2018-02-23 11:45:26,0.0026,11545000,0.0,30017,1
2018-02-23 11:45:42,0.4496,11554000,0.0,-5194678,0
2018-02-23 11:45:54,0.0898,11551000,0.0,-1037280,0
2018-02-23 11:46:05,0.1404,11557000,0.0,-1622603,0
2018-02-23 11:46:15,0.6798,11566000,0.0,7862567,1
2018-02-23 11:47:17,0.04477006,11573000,0.0,-518124,0
2018-02-23 11:47:17,0.14292994,11573000,0.0,-1654128,0
2018-02-23 11:47:27,0.83891331,11577000,0.0,-9712099,0
2018-02-23 11:50:12,1.0266,11549000,0.0,11856203,1
2018-02-23 11:50:46,1.5,11550000,0.0,-17325000,0
2018-02-23 11:51:08,0.83303831,11548000,0.0,9619926,1
2018-02-23 11:51:14,0.2619,11540000,0.0,-3022326,0
2018-02-23 11:53:58,0.0698,11544000,0.0,805771,1
2018-02-23 11:53:58,0.1549,11544000,0.0,1788166,1
2018-02-23 11:54:43,0.7957,11550000,0.0,-9190335,0
2018-02-23 11:57:02,0.6245,11530000,0.0,7200485,1
2018-02-23 11:57:02,0.0214,11530000,0.0,246742,1
2018-02-23 11:57:03,0.007,11530000,0.0,80710,1
2018-02-23 11:57:06,0.0266,11527000,0.0,306618,1
2018-02-23 11:57:10,0.0833,11525000,0.0,960033,1
2018-02-23 11:57:10,0.0052,11525000,0.0,59930,1
2018-02-23 11:57:10,0.7319,11525000,0.0,8435148,1
2018-02-23 11:59:56,0.606,11495000,0.0,-6965970,0
2018-02-23 12:00:38,0.606,11492000,0.0,6964152,1
2018-02-23 12:00:42,0.24,11483000,0.0,-2755920,0
2018-02-23 12:01:04,0.2626,11460000,0.0,-3009396,0
2018-02-23 12:01:04,0.3291,11455000,0.0,-3769841,0
2018-02-23 12:01:04,0.2879,11465000,0.0,-3300774,0
2018-02-23 12:02:48,0.95594521,11474000,0.0,10968515,1
2018-02-23 12:04:12,0.0123,11442000,0.0,140737,1
2018-02-23 12:04:25,0.1514,11449000,0.0,1733379,1
2018-02-23 12:04:54,1.3554,11432000,0.0,-15494933,0
2018-02-23 12:06:47,1.3554,11422000,0.0,15481379,1
2018-02-23 12:06:54,0.2294,11426000,0.0,-2621124,0
2018-02-23 12:07:19,0.0134,11419000,0.0,153015,1
2018-02-23 12:07:33,0.216,11428000,0.0,2468448,1
2018-02-23 12:10:42,0.2566,11469000,0.0,-2942945,0
2018-02-23 12:10:47,0.6401,11471000,0.0,-7342587,0
2018-02-23 12:12:50,0.0229,11473000,0.0,262732,1
2018-02-23 12:14:01,0.0025,11474000,0.0,28685,1
2018-02-23 12:17:08,0.8713,11445000,0.0,9972029,1
2018-02-23 12:17:42,0.7239,11434000,0.0,-8277073,0
2018-02-23 12:17:49,0.7761,11434000,0.0,-8873927,0
2018-02-23 12:18:20,1.5,11452000,0.0,17178000,1
2018-02-23 12:19:16,1.5,11451000,0.0,-17176500,0
2018-02-23 12:29:33,0.925,11453000,0.0,10594025,1
2018-02-23 12:29:47,0.575,11452000,0.0,6584900,1
2018-02-23 12:31:10,0.4617,11443000,0.0,-5283233,0
2018-02-23 12:33:55,0.0026,11425000,0.0,29705,1
2018-02-23 12:33:56,0.1401,11425000,0.0,1600643,1
2018-02-23 12:34:16,1.08600118,11425000,0.0,-12407563,0
2018-02-23 12:34:23,0.29311827,11445000,0.0,3354739,1
2018-02-23 12:34:24,0.0198,11445000,0.0,226611,1
2018-02-23 12:36:02,5.457e-05,11447000,0.0,625,1
2018-02-23 12:39:45,0.5403,11424000,0.0,6172387,1
2018-02-23 12:39:48,0.2189,11420000,0.0,2499838,1
2018-02-23 12:39:48,0.05,11420000,0.0,571000,1
2018-02-23 12:39:49,0.2828,11420000,0.0,3229576,1
2018-02-23 12:44:51,0.0776,11397000,0.0,-884407,0
2018-02-23 12:45:05,1.4224,11400000,0.0,-16215360,0
2018-02-23 12:53:07,0.2195,11485000,0.0,2520958,1
2018-02-23 12:53:07,0.24021708,11485000,0.0,2758893,1
2018-02-23 12:56:04,1.0403,11475000,0.0,11937443,1
2018-02-23 12:56:18,1.5,11475000,0.0,-17212500,0
2018-02-23 12:58:04,0.04323702,11482000,0.0,496447,1
2018-02-23 13:01:26,0.498,11518000,0.0,5735964,1
2018-02-23 13:01:26,0.3966,11518000,0.0,4568039,1
2018-02-23 13:02:18,0.5621,11554000,0.0,6494503,1
2018-02-23 13:02:38,1.5,11547000,0.0,-17320500,0
2018-02-23 13:05:24,0.3372,11592000,0.0,3908822,1
2018-02-23 13:05:25,0.0881,11592000,0.0,1021255,1
2018-02-23 13:06:32,0.1561,11598000,0.0,1810448,1
2018-02-23 13:07:23,0.9186,11585000,0.0,10641981,1
2018-02-23 13:07:40,0.1175,11557000,0.0,-1357948,0
2018-02-23 13:07:52,0.0704,11556000,0.0,-813542,0
2018-02-23 13:08:26,0.028,11549000,0.0,323372,1
2018-02-23 13:08:31,0.5713,11549000,0.0,-6597944,0
2018-02-23 13:09:18,0.7312,11582000,0.0,8468758,1
2018-02-23 13:10:05,0.4278,11594000,0.0,-4959913,0
2018-02-23 13:10:09,1.0722,11600000,0.0,-12437520,0
2018-02-23 13:14:04,1.3,11542000,0.0,15004600,1
2018-02-23 13:14:59,1.3,11530000,0.0,-14989000,0
2018-02-23 13:15:28,0.4766,11522000,0.0,5491385,1
2018-02-23 13:16:10,0.26338318,11530000,0.0,3036808,1
2018-02-23 13:16:34,0.76,11565000,0.0,8789400,1
2018-02-23 13:19:14,1.5,11580000,0.0,-17370000,0
2018-02-23 13:19:48,1.0047,11570000,0.0,11624379,1
2018-02-23 13:20:30,0.1,11568000,0.0,1156800,1
2018-02-23 13:20:46,1.1047,11544000,0.0,-12752657,0
2018-02-23 13:21:01,0.0029,11554000,0.0,33507,1
2018-02-23 13:21:33,0.0438,11561000,0.0,506372,1
2018-02-23 13:21:41,0.1342,11568000,0.0,1552426,1
2018-02-23 13:21:41,0.4944,11568000,0.0,5719219,1
2018-02-23 13:21:44,0.8247,11563000,0.0,9536006,1
2018-02-23 13:27:55,0.0062,11541000,0.0,-71554,0
2018-02-23 13:29:52,0.76039576,11560000,0.0,-8790175,0
2018-02-23 13:31:05,0.4612,11561000,0.0,5331933,1
2018-02-23 13:31:52,0.0945,11550000,0.0,-1091475,0
2018-02-23 13:32:54,0.1853,11548000,0.0,2139844,1
2018-02-23 13:33:05,0.0804,11547000,0.0,928379,1
2018-02-23 13:33:26,0.125,11538000,0.0,1442250,1
2018-02-23 13:33:26,0.0092,11538000,0.0,106150,1
2018-02-23 13:33:54,1.5,11530000,0.0,-17295000,0
2018-02-23 13:36:02,1.5,11547000,0.0,17320500,1
2018-02-23 13:37:13,0.25,11516000,0.0,-2879000,0
2018-02-23 13:37:49,0.3869,11511000,0.0,-4453606,0
2018-02-23 13:38:53,0.1416,11500000,0.0,1628400,1
2018-02-23 13:38:53,0.4953,11500000,0.0,5695950,1
2018-02-23 13:40:33,0.647,11497000,0.0,-7438559,0
2018-02-23 13:40:36,0.2859,11498000,0.0,-3287278,0
2018-02-23 13:41:09,0.9329,11525000,0.0,10751673,1
2018-02-23 13:42:40,1.5,11505000,0.0,-17257500,0
2018-02-23 13:43:14,0.4,11499000,0.0,4599600,1
2018-02-23 13:43:15,0.1805,11499000,0.0,2075570,1
2018-02-23 13:43:18,0.59247895,11500000,0.0,6813508,1
2018-02-23 13:43:48,0.3271,11501000,0.0,3761977,1
2018-02-23 13:51:04,0.0099,11527000,0.0,-114117,0
2018-02-23 13:51:04,0.0729,11527000,0.0,-840318,0
2018-02-23 13:52:45,0.0828,11543000,0.0,955760,1
2018-02-23 13:55:40,0.1457,11543000,0.0,-1681815,0
2018-02-23 13:58:49,1.3543,11513000,0.0,-15592056,0
2018-02-23 13:59:03,0.13709523,11529000,0.0,1580571,1
2018-02-23 14:04:51,0.0046,11540000,0.0,53084,1
2018-02-23 14:06:09,0.1331,11548000,0.0,1537039,1
2018-02-23 14:06:32,0.3395,11550000,0.0,3921225,1
2018-02-23 14:11:01,0.7,11571000,0.0,8099700,1
2018-02-23 14:12:04,0.0184,11569000,0.0,212870,1
2018-02-23 14:14:48,0.598,11566000,0.0,-6916468,0
2018-02-23 14:14:48,0.4412,11567000,0.0,-5103360,0
2018-02-23 14:20:23,0.3964,11540000,0.0,4574456,1
2018-02-23 14:20:35,0.3078,11538000,0.0,3551396,1
2018-02-23 14:20:57,0.08959839,11559000,0.0,-1035668,0
2018-02-23 14:20:57,0.90810161,11559000,0.0,-10496747,0
2018-02-23 14:22:24,0.09668938,11584000,0.0,1120050,1
2018-02-23 14:25:09,1.2625,11618000,0.0,14667725,1
2018-02-23 14:25:09,0.1408,11618000,0.0,1635814,1
2018-02-23 14:25:14,0.471,11601000,0.0,-5464071,0
2018-02-23 14:25:30,0.4207,11603000,0.0,-4881382,0
2018-02-23 14:30:10,0.2917,11635000,0.0,3393930,1
2018-02-23 14:30:10,0.6,11636000,0.0,6981600,1
2018-02-23 14:33:27,0.0861,11645000,0.0,-1002635,0
2018-02-23 14:33:44,0.0786,11660000,0.0,916476,1
2018-02-23 14:33:45,0.0075,11660000,0.0,87450,1
2018-02-23 14:35:15,0.0642,11665000,0.0,-748893,0
2018-02-23 14:35:19,0.4216,11669000,0.0,-4919650,0
2018-02-23 14:35:23,0.3522,11674000,0.0,-4111583,0
2018-02-23 14:37:28,0.838,11732000,0.0,9831416,1
2018-02-23 14:38:28,0.0333,11737000,0.0,-390842,0
2018-02-23 14:39:10,0.0333,11734000,0.0,390742,1
2018-02-23 14:40:37,0.5348,11721000,0.0,-6268391,0
2018-02-23 14:40:38,0.3863,11721000,0.0,-4527822,0
2018-02-23 14:41:39,0.9211,11718000,0.0,10793450,1
2018-02-23 14:43:40,0.0096,11720000,0.0,-112512,0
2018-02-23 14:43:40,0.6218,11720000,0.0,-7287496,0
2018-02-23 14:43:45,0.199,11724000,0.0,-2333076,0
2018-02-23 14:43:45,7.694e-05,11724000,0.0,-902,0
2018-02-23 14:46:17,0.5074,11719000,0.0,5946221,1
2018-02-23 14:46:47,0.8139,11702000,0.0,-9524258,0
2018-02-23 14:55:06,0.0086,11588000,0.0,99657,1
2018-02-23 14:55:07,0.4024,11588000,0.0,4663011,1
2018-02-23 14:55:07,0.1722,11588000,0.0,1995454,1
2018-02-23 14:55:10,0.3991,11588000,0.0,4624771,1
2018-02-23 14:55:11,0.0075,11588000,0.0,86910,1
2018-02-23 14:55:11,0.1472,11588000,0.0,1705754,1
2018-02-23 14:55:33,0.7627,11558000,0.0,-8815287,0
2018-02-23 14:55:34,0.7014,11558000,0.0,-8106781,0
2018-02-23 14:56:24,0.6749,11552000,0.0,7796445,1
2018-02-23 14:59:05,0.3839,11603000,0.0,4454392,1
2018-02-23 14:59:35,0.0788,11591000,0.0,-913371,0
2018-02-23 14:59:47,0.1497,11580000,0.0,-1733526,0
2018-02-23 15:00:04,0.6338,11589000,0.0,7345108,1
2018-02-23 15:00:08,1.5,11570000,0.0,-17355000,0
2018-02-23 15:00:12,0.54302209,11589000,0.0,6293083,1
2018-02-23 15:01:36,0.0821,11545000,0.0,947845,1
2018-02-23 15:01:37,0.061,11545000,0.0,704245,1
2018-02-23 15:02:43,0.2347,11580000,0.0,2717826,1
2018-02-23 15:03:14,0.8502,11558000,0.0,-9826612,0
2018-02-23 15:04:30,1.4293,11567000,0.0,16532713,1
2018-02-23 15:06:15,0.05,11572000,0.0,-578600,0
2018-02-23 15:06:25,0.05,11585000,0.0,579250,1
2018-02-23 15:08:14,0.01,11577000,0.0,-115770,0
2018-02-23 15:08:59,0.01,11568000,0.0,115680,1
2018-02-23 15:09:08,0.0517,11569000,0.0,-598117,0
2018-02-23 15:09:35,0.152,11562000,0.0,-1757424,0
2018-02-23 15:09:45,0.435,11561000,0.0,-5029035,0
2018-02-23 15:11:03,0.8613,11547000,0.0,-9945431,0
2018-02-23 15:11:35,0.2681,11560000,0.0,3099236,1
2018-02-23 15:13:39,0.0414,11589000,0.0,479785,1
2018-02-23 15:18:18,0.31,11590000,0.0,3592900,1
2018-02-23 15:18:18,0.0351,11590000,0.0,406809,1
2018-02-23 15:25:40,0.8454,11500000,0.0,9722100,1
2018-02-23 15:26:20,0.0271,11480000,0.0,-311108,0
2018-02-23 15:26:45,0.011,11479000,0.0,126269,1
2018-02-23 15:26:45,0.002,11479000,0.0,22958,1
2018-02-23 15:26:45,0.0141,11479000,0.0,161854,1
2018-02-23 15:27:14,0.7804,11470000,0.0,-8951188,0
2018-02-23 15:28:56,0.0337,11479000,0.0,386842,1
2018-02-23 15:28:59,0.0435,11485000,0.0,499598,1
2018-02-23 15:29:00,0.2156,11485000,0.0,2476166,1
2018-02-23 15:29:38,0.8023,11464000,0.0,-9197567,0
2018-02-23 15:30:18,0.0467,11490000,0.0,536583,1
2018-02-23 15:30:19,0.0174,11490000,0.0,199926,1
2018-02-23 15:30:33,0.0002,11493000,0.0,2299,1
2018-02-23 15:30:36,0.0072,11493000,0.0,82750,1
2018-02-23 15:30:44,0.5116,11494000,0.0,5880330,1
2018-02-23 15:30:49,0.3568,11479000,0.0,-4095707,0
2018-02-23 15:33:41,0.5129,11513000,0.0,5905018,1
2018-02-23 15:34:15,0.8304,11517000,0.0,-9563717,0
2018-02-23 15:45:50,0.0269,11567000,0.0,311152,1
2018-02-23 15:51:34,1.3542,11550000,0.0,15641010,1
2018-02-23 15:52:09,0.2701,11564000,0.0,-3123436,0
2018-02-23 15:52:12,1.2299,11560000,0.0,-14217644,0
2018-02-23 16:00:41,9.996e-05,11642000,0.0,1164,1
2018-02-23 16:00:45,1.4999,11647000,0.0,17469335,1
2018-02-23 16:01:30,0.001,11657000,0.0,-11657,0
2018-02-23 16:01:57,0.001,11650000,0.0,11650,1
2018-02-23 16:02:31,0.0199,11628000,0.0,-231397,0
2018-02-23 16:02:46,0.0033,11626000,0.0,38366,1
2018-02-23 16:02:54,0.0143,11618000,0.0,166137,1
2018-02-23 16:04:01,0.1539,11612000,0.0,-1787087,0
2018-02-23 16:04:19,0.70914758,11614000,0.0,-8236040,0
2018-02-23 16:06:18,0.8608,11616000,0.0,9999053,1
2018-02-23 16:06:51,1.4954,11610000,0.0,-17361594,0
2018-02-23 16:11:54,0.0832,11607000,0.0,965702,1
2018-02-23 16:12:39,1.4168,11577000,0.0,16402294,1
2018-02-23 16:13:05,1.1189,11570000,0.0,-12945673,0
2018-02-23 16:14:49,0.8,11591000,0.0,9272800,1
2018-02-23 16:14:49,0.03,11591000,0.0,347730,1
2018-02-23 16:14:49,0.0092,11591000,0.0,106637,1
2018-02-23 16:14:49,0.0192,11591000,0.0,222547,1
2018-02-23 16:14:53,0.2605,11590000,0.0,3019195,1
2018-02-23 16:15:08,1.5,11576000,0.0,-17364000,0
2018-02-23 16:16:12,0.03905177,11593000,0.0,452727,1
2018-02-23 16:16:28,0.21366117,11593000,0.0,2476974,1
2018-02-23 16:16:34,0.5,11593000,0.0,5796500,1
2018-02-23 16:16:45,0.19038316,11593000,0.0,2207112,1
2018-02-23 16:16:48,0.0215,11593000,0.0,249250,1
2018-02-23 16:16:51,0.5,11593000,0.0,5796500,1
2018-02-23 16:16:53,0.01001571,11593000,0.0,116112,1
2018-02-23 16:16:56,0.02533996,11593000,0.0,293766,1
2018-02-23 16:17:28,0.1091,11593000,0.0,-1264796,0
2018-02-23 16:17:42,0.1091,11591000,0.0,1264578,1
2018-02-23 16:23:45,0.3814,11611000,0.0,-4428435,0
2018-02-23 16:25:09,0.3624,11647000,0.0,4220873,1
2018-02-23 16:25:10,0.019,11647000,0.0,221293,1
2018-02-23 16:30:09,0.1042,11615000,0.0,-1210283,0
2018-02-23 16:31:21,0.1042,11618000,0.0,1210596,1
2018-02-23 16:31:54,0.6323,11606000,0.0,-7338474,0
2018-02-23 16:32:50,0.8677,11607000,0.0,-10071394,0
2018-02-23 16:33:14,1.2899,11616000,0.0,14983478,1
2018-02-23 16:34:37,0.2797,11619000,0.0,-3249834,0
2018-02-23 16:34:40,1.0102,11622000,0.0,-11740544,0
2018-02-23 16:58:48,0.01410809,11648000,0.0,164331,1
2018-02-23 16:58:48,0.4515,11648000,0.0,5259072,1
2018-02-23 17:00:45,0.7351,11639000,0.0,8555829,1
2018-02-23 17:01:37,1.2006,11632000,0.0,-13965379,0
2018-02-23 17:02:27,0.09654475,11665000,0.0,1126195,1
2018-02-23 17:02:44,0.5937,11664000,0.0,6924917,1
2018-02-23 17:06:26,0.4681,11680000,0.0,5467408,1
2018-02-23 17:06:31,0.3416,11678000,0.0,3989205,1
2018-02-23 17:17:41,0.84,11640000,0.0,-9777600,0
2018-02-23 17:29:28,2.442e-05,11664000,0.0,285,1
2018-02-23 17:30:54,0.5232,11687000,0.0,6114638,1
2018-02-23 17:31:19,0.3167,11690000,0.0,3702223,1
2018-02-23 17:33:41,0.0149,11690000,0.0,-174181,0
2018-02-23 17:34:08,1.31708411,11700000,0.0,-15409884,0
2018-02-23 17:34:08,0.09,11700000,0.0,-1053000,0
2018-02-23 17:34:08,0.07801589,11700000,0.0,-912786,0
2018-02-23 17:50:25,0.51,11836000,0.0,6036360,1
2018-02-23 17:50:25,0.7918,11836000,0.0,9371745,1
2018-02-23 17:50:28,0.1982,11837000,0.0,2346093,1
2018-02-23 17:53:06,0.004,11792000,0.0,-47168,0
2018-02-23 17:53:33,0.0993,11787000,0.0,-1170449,0
2018-02-23 17:54:53,0.0214,11777000,0.0,252028,1
2018-02-23 17:55:02,0.0819,11780000,0.0,964782,1
2018-02-23 17:58:18,0.3049,11725000,0.0,-3574953,0
2018-02-23 17:58:56,0.5544,11741000,0.0,-6509210,0
2018-02-23 18:04:23,0.0806,11869000,0.0,956641,1
2018-02-23 18:04:23,0.273,11869000,0.0,3240237,1
2018-02-23 18:04:24,0.5057,11869000,0.0,6002153,1
2018-02-23 18:05:09,0.0017,11868000,0.0,-20176,0
2018-02-23 18:05:25,0.0152,11888000,0.0,-180698,0
2018-02-23 18:06:25,0.0169,11908000,0.0,201245,1
2018-02-23 18:06:41,1.5,11910000,0.0,-17865000,0
2018-02-23 18:08:17,0.09277598,11910000,0.0,1104962,1
2018-02-23 18:08:18,1.40722402,11910000,0.0,16760038,1
2018-02-23 18:09:20,0.6692,11901000,0.0,-7964149,0
2018-02-23 18:10:21,0.8308,11920000,0.0,-9903136,0
2018-02-23 18:11:49,0.27477036,11882000,0.0,3264821,1
2018-02-23 18:11:49,0.1321,11882000,0.0,1569612,1
2018-02-23 18:11:50,1.09312964,11882000,0.0,12988566,1
2018-02-23 18:12:33,0.1645,11883000,0.0,-1954754,0
2018-02-23 18:12:43,0.0577,11886000,0.0,-685822,0
2018-02-23 18:12:57,1.2778,11895000,0.0,-15199431,0
2018-02-23 18:15:43,0.20269991,11928000,0.0,2417805,1
2018-02-23 18:17:07,0.601,11900000,0.0,7151900,1
2018-02-23 18:17:12,0.2695,11871000,0.0,-3199235,0
2018-02-23 18:18:17,0.0751,11905000,0.0,894066,1
2018-02-23 18:18:18,0.0167,11905000,0.0,198814,1
2018-02-23 18:18:18,0.2573,11905000,0.0,3063157,1
2018-02-23 18:18:18,0.0114,11905000,0.0,135717,1
2018-02-23 18:18:50,0.2067,11884000,0.0,-2456423,0
2018-02-23 18:23:32,0.0102,11853000,0.0,120901,1
2018-02-23 18:24:27,0.8018,11860000,0.0,9509348,1
2018-02-23 18:26:03,1.5,11840000,0.0,-17760000,0
2018-02-23 18:29:15,0.22195466,11894000,0.0,2639929,1
2018-02-23 18:34:48,1.2781,11897000,0.0,15205556,1
2018-02-23 18:35:36,1.5,11921000,0.0,-17881500,0
2018-02-23 18:37:09,0.3137,11958000,0.0,3751225,1
2018-02-23 18:37:09,0.3509,11955000,0.0,4195010,1
2018-02-23 18:37:10,0.8354,11955000,0.0,9987207,1
2018-02-23 18:37:45,0.003,11969000,0.0,-35907,0
2018-02-23 18:37:45,0.20366909,11969000,0.0,-2437715,0
2018-02-23 18:37:45,0.0418,11969000,0.0,-500304,0
2018-02-23 18:37:45,0.02,11969000,0.0,-239380,0
2018-02-23 18:37:45,0.022,11969000,0.0,-263318,0
2018-02-23 18:37:45,0.017,11969000,0.0,-203473,0
2018-02-23 18:37:45,0.019,11969000,0.0,-227411,0
2018-02-23 18:37:45,0.009,11969000,0.0,-107721,0
2018-02-23 18:37:45,0.012,11969000,0.0,-143628,0
2018-02-23 18:37:46,0.003,11969000,0.0,-35907,0
2018-02-23 18:37:46,0.012,11969000,0.0,-143628,0
2018-02-23 18:37:46,0.018,11969000,0.0,-215442,0
2018-02-23 18:37:48,1.0512,11960000,0.0,-12572352,0
2018-02-23 18:37:49,0.0083,11960000,0.0,-99268,0
2018-02-23 18:43:53,0.3446,12080000,0.0,4162768,1
2018-02-23 18:43:53,0.85,12080000,0.0,10268000,1
2018-02-23 18:43:53,0.2454,12080000,0.0,2964432,1
2018-02-23 18:44:17,0.1881,12068000,0.0,-2269991,0
2018-02-23 18:44:26,0.93,12071000,0.0,-11226030,0
2018-02-23 18:46:05,0.001,11990000,0.0,11990,1
2018-02-23 18:46:05,0.0359,11990000,0.0,430441,1
2018-02-23 18:46:06,0.7895,11990000,0.0,9466105,1
2018-02-23 18:46:53,0.4984,12010000,0.0,-5985784,0
2018-02-23 18:47:31,0.5659,12045000,0.0,6816266,1
2018-02-23 18:47:39,0.2242,12047000,0.0,2700937,1
2018-02-23 18:47:56,0.0795,12075000,0.0,-959963,0
2018-02-23 18:48:16,0.0795,12084000,0.0,960678,1
2018-02-23 18:51:11,1.5,12091000,0.0,-18136500,0
2018-02-23 18:51:43,0.0149859,12131000,0.0,181794,1
2018-02-23 18:51:43,0.0189,12131000,0.0,229276,1
2018-02-23 18:52:12,1.4661,12148000,0.0,17810183,1
2018-02-23 18:52:18,0.304,12150000,0.0,-3693600,0
2018-02-23 18:52:28,0.3409,12160000,0.0,-4145344,0
2018-02-23 18:52:28,0.0082,12159000,0.0,-99704,0
2018-02-23 18:52:32,0.0265,12167000,0.0,-322426,0
2018-02-23 18:53:40,0.0149,12147000,0.0,-180990,0
2018-02-23 18:53:57,0.0749,12129000,0.0,908462,1
2018-02-23 18:54:17,0.4167,12120000,0.0,-5050404,0
2018-02-23 18:55:51,0.117,12096000,0.0,1415232,1
2018-02-23 18:56:16,0.2924,12099000,0.0,3537748,1
2018-02-23 18:56:30,0.6269,12070000,0.0,7566683,1
2018-02-23 18:58:18,0.1376,12044000,0.0,-1657254,0
2018-02-23 18:58:22,0.2301,12040000,0.0,-2770404,0
2018-02-23 18:58:42,0.8429,12066000,0.0,-10170431,0
2018-02-23 18:59:11,0.1281,12057000,0.0,1544502,1
2018-02-23 18:59:37,1.0825,12051000,0.0,13045208,1
2018-02-23 19:00:26,1.2089,12000000,0.0,-14506800,0
2018-02-23 19:03:20,0.23,11936000,0.0,2745280,1
2018-02-23 19:04:12,0.0317,11992000,0.0,380146,1
2018-02-23 19:04:21,0.9472,11992000,0.0,11358822,1
2018-02-23 19:04:43,0.86146845,12010000,0.0,-10346236,0
2018-02-23 19:05:54,0.8614,12037000,0.0,10368672,1
2018-02-23 19:06:21,0.1654,12049000,0.0,-1992905,0
2018-02-23 19:06:25,1.0,12049000,0.0,-12049000,0
2018-02-23 19:08:44,0.184,12110000,0.0,2228240,1
2018-02-23 19:11:17,0.3558,12081000,0.0,4298420,1
2018-02-23 19:11:39,0.189,12067000,0.0,2280663,1
2018-02-23 19:11:49,1.0634,12049000,0.0,-12812907,0
2018-02-23 19:13:17,0.1824,12064000,0.0,2200474,1
2018-02-23 19:13:54,1.3176,12056000,0.0,15884986,1
2018-02-23 19:14:27,0.0015,12016000,0.0,-18024,0
2018-02-23 19:15:12,0.0074,11995000,0.0,-88763,0
2018-02-23 19:15:47,0.7364,12000000,0.0,-8836800,0
2018-02-23 19:15:52,0.4464,12006000,0.0,-5359478,0
2018-02-23 19:18:05,0.02889546,12027000,0.0,347526,1
2018-02-23 19:18:17,0.1112782,12027000,0.0,1338343,1
2018-02-23 19:21:02,0.64096889,12005000,0.0,7694832,1
2018-02-23 19:21:09,1.0021,11990000,0.0,-12015179,0
2018-02-23 19:25:18,0.0002,11937000,0.0,2387,1
2018-02-23 19:28:58,0.12278268,11872000,0.0,1457676,1
2018-02-23 19:29:59,0.5712,11879000,0.0,6785285,1
2018-02-23 19:32:23,0.0391,11973000,0.0,-468144,0
2018-02-23 19:33:12,0.7576,11983000,0.0,9078321,1
2018-02-23 19:33:38,5.273e-05,11926000,0.0,-629,0
2018-02-23 19:33:41,0.3731,11926000,0.0,-4449591,0
2018-02-23 19:33:45,0.0018,11926000,0.0,-21467,0
2018-02-23 19:34:16,0.375,11950000,0.0,4481250,1
2018-02-23 19:34:51,1.5,11917000,0.0,-17875500,0
2018-02-23 19:37:52,0.3943,11919000,0.0,4699662,1
2018-02-23 19:37:52,0.5855,11919000,0.0,6978575,1
2018-02-23 19:38:12,0.1168,11889000,0.0,-1388635,0
2018-02-23 19:38:16,0.0696,11896000,0.0,-827962,0
2018-02-23 19:38:20,0.7316,11883000,0.0,-8693603,0
2018-02-23 19:40:40,0.41802113,11846000,0.0,4951878,1
2018-02-23 19:40:41,0.0097,11846000,0.0,114906,1
2018-02-23 19:41:50,0.1988,11870000,0.0,2359756,1
2018-02-23 19:44:13,0.8117,11818000,0.0,9592671,1
2018-02-23 19:47:15,7.736e-05,11792000,0.0,-912,0
2018-02-23 19:47:24,0.0429,11792000,0.0,-505877,0
2018-02-23 19:48:24,0.1564,11801000,0.0,-1845676,0
2018-02-23 19:48:24,0.1354,11801000,0.0,-1597855,0
2018-02-23 19:48:32,0.5513,11804000,0.0,-6507545,0
2018-02-23 19:48:59,0.0801,11797000,0.0,944940,1
2018-02-23 19:49:09,0.7755,11796000,0.0,9147798,1
2018-02-23 19:49:36,0.0304,11790000,0.0,358416,1
2018-02-23 19:50:36,0.6082,11740000,0.0,-7140268,0
2018-02-23 19:51:39,0.4494,11753000,0.0,5281798,1
2018-02-23 19:51:43,0.1588,11753000,0.0,1866376,1
2018-02-23 19:53:08,0.074,11752000,0.0,-869648,0
2018-02-23 19:53:48,0.84019754,11770000,0.0,-9889125,0
2018-02-23 19:53:48,0.58580246,11770000,0.0,-6894895,0
2018-02-23 19:54:11,0.0415,11784000,0.0,489036,1
2018-02-23 19:54:15,0.003,11781000,0.0,35343,1
2018-02-23 19:54:15,0.0097,11781000,0.0,114276,1
2018-02-23 19:54:15,0.3762,11781000,0.0,4432012,1
2018-02-23 19:57:03,0.0187,11762000,0.0,219949,1
2018-02-23 19:57:04,0.1401,11762000,0.0,1647856,1
2018-02-23 20:03:21,0.007,11839000,0.0,82873,1
2018-02-23 20:03:21,0.2645,11839000,0.0,3131416,1
2018-02-23 20:03:34,0.0079,11844000,0.0,93568,1
2018-02-23 20:05:00,0.0055,11816000,0.0,64988,1
2018-02-23 20:05:01,0.5933,11816000,0.0,7010433,1
2018-02-23 20:05:02,0.0326,11816000,0.0,385202,1
2018-02-23 20:05:40,0.167,11789000,0.0,-1968763,0
2018-02-23 20:06:30,1.333,11782000,0.0,-15705406,0
2018-02-23 20:06:34,0.10481128,11803000,0.0,1237088,1
2018-02-23 20:07:50,1.14089997,11840000,0.0,13508256,1
2018-02-23 20:08:18,0.551,11851000,0.0,-6529901,0
2018-02-23 20:08:18,0.6947,11851000,0.0,-8232890,0
2018-02-23 20:10:52,0.0244,11859000,0.0,289360,1
2018-02-23 20:10:53,0.21,11859000,0.0,2490390,1
2018-02-23 20:18:28,1.2656,11926000,0.0,15093546,1
2018-02-23 20:19:37,0.7955,11901000,0.0,-9467246,0
2018-02-23 20:33:19,0.1628,11835000,0.0,1926738,1
2018-02-23 20:33:19,0.2337,11835000,0.0,2765840,1
2018-02-23 20:33:53,0.0875,11837000,0.0,-1035738,0
2018-02-23 20:35:17,0.1565,11810000,0.0,-1848265,0
2018-02-23 20:35:22,0.333,11810000,0.0,-3932730,0
2018-02-23 20:44:05,0.0124,11948000,0.0,148155,1
2018-02-23 20:44:41,0.9636,11925000,0.0,11490930,1
2018-02-23 20:44:55,0.283,11910000,0.0,-3370530,0
2018-02-23 20:44:55,1.2021,11910000,0.0,-14317011,0
2018-02-23 20:44:55,0.0149,11910000,0.0,-177459,0
2018-02-23 20:46:06,0.0097,11947000,0.0,115886,1
2018-02-23 20:46:07,0.7025,11947000,0.0,8392768,1
2018-02-23 20:47:12,0.01,11967000,0.0,119670,1
2018-02-23 20:47:13,0.7778,11967000,0.0,9307933,1
2018-02-23 20:48:47,0.0801,11970000,0.0,-958797,0
2018-02-23 20:49:35,0.0249,11947000,0.0,297480,1
2018-02-23 20:49:35,0.0121,11947000,0.0,144559,1
2018-02-23 20:49:35,0.0021,11947000,0.0,25089,1
2018-02-23 20:49:35,0.041,11947000,0.0,489827,1
2018-02-23 20:49:53,0.0477,11920000,0.0,-568584,0
2018-02-23 20:50:11,0.9933,11927000,0.0,-11847089,0
2018-02-23 20:51:29,0.1826,11935000,0.0,2179331,1
2018-02-23 20:51:30,0.07194973,11935000,0.0,858720,1
2018-02-23 20:56:25,0.5994,11979000,0.0,7180213,1
2018-02-23 20:57:02,0.0354,11982000,0.0,-424163,0
2018-02-23 20:57:36,0.4085,11940000,0.0,-4877490,0
2018-02-23 20:57:57,0.869,11938000,0.0,-10374122,0
2018-02-23 21:02:15,0.1589,11994000,0.0,1905847,1
2018-02-23 21:04:16,0.848,11987000,0.0,10164976,1
2018-02-23 21:04:17,0.00996154,11987000,0.0,119409,1
2018-02-23 21:05:04,0.0125,11967000,0.0,-149588,0
2018-02-23 21:05:18,0.3247,11980000,0.0,-3889906,0
2018-02-23 21:12:31,0.8203,11960000,0.0,9810788,1
2018-02-23 21:19:13,0.0614,11951000,0.0,-733791,0
2018-02-23 21:20:38,0.0614,11964000,0.0,734590,1
2018-02-23 21:21:17,0.3654,11961000,0.0,-4370549,0
2018-02-23 21:22:09,0.0407,11979000,0.0,487545,1
2018-02-23 21:22:17,0.2093,11966000,0.0,-2504484,0
2018-02-23 21:22:21,0.07314993,11976000,0.0,876044,1
2018-02-23 21:25:05,0.7342,11971000,0.0,-8789108,0
2018-02-23 21:25:05,0.3049,11966000,0.0,-3648433,0
2018-02-23 21:27:50,0.6,11963000,0.0,7177800,1
2018-02-23 21:27:59,0.0603,11954000,0.0,720826,1
2018-02-23 21:29:18,0.1659,11923000,0.0,1978026,1
2018-02-23 21:29:18,0.1978,11923000,0.0,2358369,1
2018-02-23 21:29:21,0.0158,11927000,0.0,188447,1
2018-02-23 21:29:41,0.3846,11936000,0.0,-4590586,0
2018-02-23 21:30:00,0.0095,11940000,0.0,113430,1
2018-02-23 21:31:13,0.8353,11911000,0.0,9949258,1
2018-02-23 21:32:04,1.2965,11906000,0.0,-15436129,0
2018-02-23 21:38:11,0.001,11844000,0.0,11844,1
2018-02-23 21:38:12,0.0234,11844000,0.0,277150,1
2018-02-23 21:39:35,0.1344393,11859000,0.0,1594316,1
2018-02-23 21:39:35,0.5761,11859000,0.0,6831970,1
2018-02-23 21:39:41,0.2734,11862000,0.0,3243071,1
2018-02-23 21:40:09,0.0795,11880000,0.0,-944460,0
2018-02-23 21:40:45,0.2,11882000,0.0,-2376400,0
2018-02-23 21:41:15,0.18574764,11907000,0.0,2211697,1
2018-02-23 21:42:16,0.3819,11889000,0.0,4540409,1
2018-02-23 21:43:33,0.2,11908000,0.0,-2381600,0
2018-02-23 21:43:51,0.0088,11905000,0.0,-104764,0
2018-02-23 21:44:43,0.2088,11928000,0.0,2490566,1
2018-02-23 21:48:52,0.1267,11957000,0.0,-1514952,0
2018-02-23 21:49:38,0.1267,12001000,0.0,1520527,1
2018-02-23 21:52:25,0.1395,12006000,0.0,-1674837,0
2018-02-23 21:53:03,1.3605,11990000,0.0,-16312395,0
2018-02-23 21:53:10,0.0406,12000000,0.0,487200,1
2018-02-23 21:53:20,1.4594,12000000,0.0,17512800,1
2018-02-23 21:53:59,0.6344,11971000,0.0,-7594402,0
2018-02-23 21:55:18,0.6344,12004000,0.0,7615338,1
2018-02-23 21:55:25,0.4733,11983000,0.0,-5671554,0
2018-02-23 21:55:55,0.274,11979000,0.0,-3282246,0
2018-02-23 21:56:18,0.3737,12001000,0.0,-4484774,0
2018-02-23 21:57:13,0.0126,12022000,0.0,151477,1
2018-02-23 21:57:16,1.0881,12026000,0.0,13085491,1
2018-02-23 21:58:14,1.0201,12011000,0.0,-12252421,0
2018-02-23 22:12:32,0.0056,12010000,0.0,67256,1
2018-02-23 22:15:29,0.55838777,12024000,0.0,6714055,1
2018-02-23 22:15:37,0.3147,12025000,0.0,3784268,1
2018-02-23 22:15:41,0.1617,12025000,0.0,1944443,1
2018-02-23 22:19:00,1.5,12015000,0.0,-18022500,0
2018-02-23 22:19:50,0.08016975,12028000,0.0,964282,1
2018-02-23 22:25:39,0.0151,12037000,0.0,181759,1
2018-02-23 22:33:19,0.1352,12015000,0.0,1624428,1
2018-02-23 22:37:51,0.0755,11987000,0.0,905019,1
2018-02-23 22:38:05,1.194,11989000,0.0,14314866,1
2018-02-23 22:40:00,0.0453,12013000,0.0,-544189,0
2018-02-23 22:47:21,0.0001,11978000,0.0,-1198,0
2018-02-23 22:47:21,0.8752,11978000,0.0,-10483146,0
2018-02-23 22:48:31,0.0481,11968000,0.0,575661,1
2018-02-23 22:49:33,0.0052,11984000,0.0,62317,1
2018-02-23 22:49:33,0.0105,11984000,0.0,125832,1
2018-02-23 22:50:04,0.029,11986000,0.0,347594,1
2018-02-23 22:51:22,0.7986217,11980000,0.0,9567488,1
2018-02-23 22:51:44,0.0292,11976000,0.0,349699,1
2018-02-23 22:52:19,0.5103,11954000,0.0,-6100126,0
2018-02-23 22:52:23,0.0068,11964000,0.0,81355,1
2018-02-23 22:53:28,0.207,11970000,0.0,2477790,1
2018-02-23 22:53:28,0.0167,11970000,0.0,199899,1
2018-02-23 22:57:27,0.0007,11977000,0.0,8384,1
2018-02-23 22:57:27,0.09,11977000,0.0,1077930,1
2018-02-23 23:00:36,0.12039849,12033000,0.0,1448755,1
2018-02-23 23:00:43,0.0687,12030000,0.0,826461,1
2018-02-23 23:01:51,0.1401,12036000,0.0,-1686244,0
2018-02-23 23:02:44,0.1401,12070000,0.0,1691007,1
2018-02-23 23:04:34,0.2965,12082000,0.0,-3582313,0
2018-02-23 23:04:56,0.4896,12089000,0.0,-5918774,0
2018-02-23 23:06:01,0.05,12111000,0.0,605550,1
2018-02-23 23:06:10,0.7361,12120000,0.0,8921532,1
2018-02-23 23:08:30,0.1559,12104000,0.0,-1887014,0
2018-02-23 23:08:37,0.5053,12100000,0.0,-6114130,0
2018-02-23 23:09:14,0.0795,12091000,0.0,961235,1
2018-02-23 23:09:57,0.9183,12090000,0.0,-11102247,0
2018-02-23 23:11:07,0.24494225,12116000,0.0,2967720,1
2018-02-23 23:11:07,0.0866,12116000,0.0,1049246,1
2018-02-23 23:12:37,0.1818,12125000,0.0,2204325,1
2018-02-23 23:12:52,0.2255,12115000,0.0,2731933,1
2018-02-23 23:13:46,0.1401,12072000,0.0,1691287,1
2018-02-23 23:13:47,0.0001,12072000,0.0,1207,1
2018-02-23 23:14:01,0.257,12065000,0.0,-3100705,0
2018-02-23 23:16:27,0.1341,12067000,0.0,1618185,1
2018-02-23 23:16:54,0.2672,12076000,0.0,3226707,1
2018-02-23 23:17:40,0.4767,12100000,0.0,5768070,1
2018-02-23 23:21:39,0.0889,12089000,0.0,-1074712,0
2018-02-23 23:21:51,0.1673,12089000,0.0,-2022490,0
2018-02-23 23:22:45,0.299,12093000,0.0,-3615807,0
2018-02-23 23:22:45,0.9448,12094000,0.0,-11426411,0
2018-02-23 23:25:50,1.5,12086000,0.0,18129000,1
2018-02-23 23:26:19,1.5,12058000,0.0,-18087000,0
2018-02-23 23:27:51,1.5,12085000,0.0,18127500,1
2018-02-23 23:28:29,0.5366,12066000,0.0,-6474616,0
2018-02-23 23:28:48,0.2039,12065000,0.0,-2460054,0
2018-02-23 23:29:24,0.0798,12069000,0.0,-963106,0
2018-02-23 23:29:36,0.1749,12090000,0.0,2114541,1
2018-02-23 23:29:59,0.6454,12090000,0.0,7802886,1
2018-02-23 23:32:40,0.0032,12111000,0.0,-38755,0
2018-02-23 23:33:13,0.3279,12101000,0.0,-3967918,0
2018-02-23 23:33:17,0.5553,12099000,0.0,-6718575,0
2018-02-23 23:36:28,0.116,12135000,0.0,1407660,1
2018-02-23 23:36:28,0.7704,12135000,0.0,9348804,1
2018-02-23 23:39:00,0.0124,12110000,0.0,-150164,0
2018-02-23 23:39:43,0.0124,12140000,0.0,150536,1
2018-02-23 23:44:27,0.0916,12136000,0.0,-1111658,0
2018-02-23 23:44:46,0.8323,12129000,0.0,-10094967,0
2018-02-23 23:48:13,0.8,12105000,0.0,9684000,1
2018-02-23 23:49:11,0.8659,12080000,0.0,-10460072,0
2018-02-23 23:49:29,0.0007,12077000,0.0,8454,1
2018-02-23 23:49:29,0.5737,12083000,0.0,6932017,1
2018-02-23 23:49:30,0.3651,12077000,0.0,4409313,1
2018-02-23 23:49:34,1.4497,12076000,0.0,-17506577,0
2018-02-23 23:51:19,0.0025,12050000,0.0,30125,1
2018-02-23 23:51:20,0.0083,12050000,0.0,100015,1
2018-02-23 23:51:29,0.036,12050000,0.0,433800,1
2018-02-23 23:52:17,0.5314,12082000,0.0,6420375,1
2018-02-23 23:52:17,0.01,12082000,0.0,120820,1
2018-02-23 23:52:44,0.9118,12091000,0.0,11024574,1
2018-02-23 23:53:11,1.5,12100000,0.0,-18150000,0
2018-02-23 23:56:47,0.4221,12092000,0.0,5104033,1
2018-02-23 23:57:27,0.0402,12080000,0.0,485616,1
2018-02-23 23:59:40,1.0377,12094000,0.0,12549944,1
2018-02-24 00:01:10,0.86751977,12099000,0.0,-10496122,0
2018-02-24 00:01:10,0.0042,12099000,0.0,-50816,0
2018-02-24 00:03:32,0.8717,12135000,0.0,10578080,1
2018-02-24 00:04:23,0.21572493,12123000,0.0,-2615233,0
2018-02-24 00:05:03,0.0194,12122000,0.0,-235167,0
2018-02-24 00:06:35,1.2649,12120000,0.0,-15330588,0
2018-02-24 00:27:59,0.0254,12114000,0.0,307696,1
2018-02-24 00:28:36,1.4746,12113000,0.0,17861830,1
2018-02-24 00:29:12,0.4894,12096000,0.0,-5919782,0
2018-02-24 00:29:43,1.0106,12091000,0.0,-12219165,0
2018-02-24 00:34:06,0.4514,12097000,0.0,5460586,1
2018-02-24 00:34:39,0.002,12095000,0.0,24190,1
2018-02-24 00:35:14,0.0413,12090000,0.0,499317,1
2018-02-24 00:38:15,0.0798184,12093000,0.0,965244,1
2018-02-24 00:43:34,0.9255,12093000,0.0,11192072,1
2018-02-24 00:47:07,0.1737,12115000,0.0,-2104376,0
2018-02-24 00:48:55,0.061,12105000,0.0,738405,1
2018-02-24 00:49:25,0.0039,12101000,0.0,47194,1
2018-02-24 00:51:36,0.0055,12099000,0.0,66545,1
2018-02-24 00:53:35,0.1033,12118000,0.0,1251789,1
2018-02-24 00:53:46,0.112,12119000,0.0,-1357328,0
2018-02-24 00:53:50,0.0382,12120000,0.0,-462984,0
2018-02-24 00:53:50,0.3486,12120000,0.0,-4225032,0
2018-02-24 00:53:50,0.0337,12120000,0.0,-408444,0
2018-02-24 00:53:50,0.1696,12120000,0.0,-2055552,0
2018-02-24 00:53:50,0.2672,12120000,0.0,-3238464,0
2018-02-24 00:53:50,0.3202,12120000,0.0,-3880824,0
2018-02-24 01:00:36,0.0415,12130000,0.0,503395,1
2018-02-24 01:00:36,0.1029,12130000,0.0,1248177,1
2018-02-24 01:00:53,0.0107,12126000,0.0,129748,1
2018-02-24 01:02:28,0.0069,12099000,0.0,83483,1
2018-02-24 01:02:28,0.3965,12099000,0.0,4797254,1
2018-02-24 01:02:48,0.769,12080000,0.0,-9289520,0
2018-02-24 01:03:55,0.0003,12111000,0.0,3633,1
2018-02-24 01:03:56,0.2032,12111000,0.0,2460955,1
2018-02-24 01:04:01,0.0879,12110000,0.0,1064469,1
2018-02-24 01:04:05,1.2086,12120000,0.0,14648232,1
2018-02-24 01:09:40,1.5,12120000,0.0,-18180000,0
2018-02-24 01:12:29,0.503,12129000,0.0,6100887,1
2018-02-24 01:15:48,0.6181,12134000,0.0,7500025,1
2018-02-24 01:17:24,0.0084,12107000,0.0,101699,1
2018-02-24 01:17:34,0.1593,12100000,0.0,1927530,1
2018-02-24 01:17:34,0.2112,12100000,0.0,2555520,1
2018-02-24 01:21:24,1.5,12002000,0.0,-18003000,0
2018-02-24 01:23:06,0.1128,12030000,0.0,1356984,1
2018-02-24 01:23:41,0.4477,12018000,0.0,5380459,1
2018-02-24 01:23:42,0.92008263,12018000,0.0,11057553,1
2018-02-24 01:23:50,0.0194,12011000,0.0,233013,1
2018-02-24 01:24:46,0.4097,11952000,0.0,-4896734,0
2018-02-24 01:24:47,0.006,11952000,0.0,-71712,0
2018-02-24 01:25:21,0.0083,11964000,0.0,99301,1
2018-02-24 01:25:21,0.0168,11964000,0.0,200995,1
2018-02-24 01:26:25,0.9172,11971000,0.0,-10979801,0
2018-02-24 01:26:41,0.4955,11960000,0.0,5926180,1
2018-02-24 01:27:58,0.8123,11900000,0.0,9666370,1
2018-02-24 01:28:34,0.0044,11925000,0.0,-52470,0
2018-02-24 01:28:56,0.014,11933000,0.0,-167062,0
2018-02-24 01:29:14,0.16642991,11932000,0.0,-1985842,0
2018-02-24 01:29:14,0.21797009,11932000,0.0,-2600819,0
2018-02-24 01:29:39,1.0972,11942000,0.0,-13102762,0
2018-02-24 01:31:15,0.01108187,11925000,0.0,132151,1
2018-02-24 01:33:39,0.1,11915000,0.0,1191500,1
2018-02-24 01:33:39,0.0471,11915000,0.0,561197,1
2018-02-24 01:33:43,0.3749,11916000,0.0,4467308,1
2018-02-24 01:33:50,0.0228,11917000,0.0,271708,1
2018-02-24 01:35:19,0.9441,11928000,0.0,11261225,1
2018-02-24 01:37:06,0.3988,11891000,0.0,-4742131,0
2018-02-24 01:37:11,0.0415,11895000,0.0,-493643,0
2018-02-24 01:37:22,0.2,11898000,0.0,2379600,1
2018-02-24 01:37:45,0.0199,11894000,0.0,236691,1
2018-02-24 01:37:56,0.01,11910000,0.0,-119100,0
2018-02-24 01:38:14,0.0752,11931000,0.0,-897211,0
2018-02-24 01:38:14,1.1248,11932000,0.0,-13421114,0
2018-02-24 01:39:46,0.0383,11925000,0.0,456728,1
2018-02-24 01:42:55,0.7148,11970000,0.0,8556156,1
2018-02-24 01:43:09,0.1022,11970000,0.0,1223334,1
2018-02-24 01:43:09,0.015,11970000,0.0,179550,1
2018-02-24 01:43:09,0.015,11970000,0.0,179550,1
2018-02-24 01:43:31,0.7306,11952000,0.0,-8732131,0
2018-02-24 01:43:31,0.164,11952000,0.0,-1960128,0
2018-02-24 01:44:42,0.9164,11952000,0.0,10952813,1
2018-02-24 01:44:43,0.5233,11952000,0.0,6254482,1
2018-02-24 01:44:56,0.97996923,11960000,0.0,-11720432,0
2018-02-24 01:46:00,0.98,11958000,0.0,11718840,1
2018-02-24 01:46:58,0.0059,11951000,0.0,-70511,0
2018-02-24 01:47:26,0.037,11957000,0.0,-442409,0
2018-02-24 01:48:06,0.0105,11934000,0.0,125307,1
2018-02-24 01:48:06,0.0294,11934000,0.0,350860,1
2018-02-24 01:48:06,0.003,11934000,0.0,35802,1
2018-02-24 01:48:23,0.358,11946000,0.0,-4276668,0
2018-02-24 01:48:50,0.358,11961000,0.0,4282038,1
2018-02-24 01:51:49,0.0707,11950000,0.0,-844865,0
2018-02-24 01:51:49,0.0228,11950000,0.0,-272460,0
2018-02-24 01:53:22,0.0935,11970000,0.0,1119195,1
2018-02-24 01:54:21,0.6092,11945000,0.0,-7276894,0
2018-02-24 01:54:34,0.303,11941000,0.0,-3618123,0
2018-02-24 01:56:43,0.0203,11910000,0.0,241773,1
2018-02-24 02:01:52,0.0892,11918000,0.0,1063086,1
2018-02-24 02:01:56,0.1231,11918000,0.0,1467106,1
2018-02-24 02:01:57,0.0151,11918000,0.0,179962,1
2018-02-24 02:02:22,0.8355,11910000,0.0,-9950805,0
2018-02-24 02:04:05,0.0001,11930000,0.0,1193,1
2018-02-24 02:04:06,0.8917,11930000,0.0,10637981,1
2018-02-24 02:04:30,0.1764,11932000,0.0,2104805,1
2018-02-24 02:04:34,0.0739,11930000,0.0,881627,1
2018-02-24 02:08:22,0.3579,11962000,0.0,4281200,1
2018-02-24 02:09:23,8.954e-05,11950000,0.0,-1070,0
2018-02-24 02:09:26,1.099,11949000,0.0,-13131951,0
2018-02-24 02:14:06,0.805,11968000,0.0,9634240,1
2018-02-24 02:14:11,0.2941,11970000,0.0,3520377,1
2018-02-24 02:15:35,1.2851,11959000,0.0,-15368511,0
2018-02-24 02:26:16,0.001,11890000,0.0,11890,1
2018-02-24 02:26:16,1.2166,11890000,0.0,14465374,1
2018-02-24 02:26:41,0.0675,11886000,0.0,802305,1
2018-02-24 02:26:53,1.099,11884000,0.0,-13060516,0
2018-02-24 02:27:07,0.086,11905000,0.0,1023830,1
2018-02-24 02:27:59,0.2465,11898000,0.0,2932857,1
2018-02-24 02:31:57,0.13,11888000,0.0,1545440,1
2018-02-24 02:32:31,0.0562,11884000,0.0,667881,1
2018-02-24 02:32:32,0.01575539,11884000,0.0,187237,1
2018-02-24 02:32:35,0.0023,11882000,0.0,27329,1
2018-02-24 02:32:53,0.4458,11880000,0.0,5296104,1
2018-02-24 02:33:04,0.1671,11878000,0.0,-1984814,0
2018-02-24 02:33:09,1.2165,11850000,0.0,-14415525,0
2018-02-24 02:34:18,3.109e-05,11896000,0.0,370,1
2018-02-24 02:37:11,1.5,11908000,0.0,17862000,1
2018-02-24 02:37:45,0.1689,11928000,0.0,-2014639,0
2018-02-24 02:37:57,0.0334,11939000,0.0,398763,1
2018-02-24 02:38:01,0.0838,11939000,0.0,1000488,1
2018-02-24 02:39:26,0.0517,11943000,0.0,617453,1
2018-02-24 02:41:13,0.5,11914000,0.0,-5957000,0
2018-02-24 02:42:35,0.5,11931000,0.0,5965500,1
2018-02-24 02:45:24,0.0073,11925000,0.0,-87053,0
2018-02-24 02:49:05,1.4927,11899000,0.0,-17761637,0
2018-02-24 02:50:17,0.2023,11934000,0.0,2414248,1
2018-02-24 02:50:18,0.142,11934000,0.0,1694628,1
2018-02-24 02:50:56,0.5,11926000,0.0,5963000,1
2018-02-24 02:50:56,0.1618,11926000,0.0,1929627,1
2018-02-24 02:51:53,0.3976,11934000,0.0,4744958,1
2018-02-24 02:51:53,0.0963,11934000,0.0,1149244,1
2018-02-24 02:52:47,0.9958,11932000,0.0,-11881886,0
2018-02-24 02:52:58,0.1672,11932000,0.0,1995030,1
2018-02-24 02:59:18,0.5031,11925000,0.0,5999468,1
2018-02-24 02:59:28,0.8904,11901000,0.0,-10596650,0
2018-02-24 03:00:57,0.3174,11906000,0.0,3778964,1
2018-02-24 03:05:25,0.412,11937000,0.0,4918044,1
2018-02-24 03:05:26,0.15,11937000,0.0,1790550,1
2018-02-24 03:05:34,1.1635,11916000,0.0,-13864266,0
2018-02-24 03:06:12,1.5,11969000,0.0,17953500,1
2018-02-24 03:06:19,0.4667,11976000,0.0,-5589199,0
2018-02-24 03:06:19,0.2475,11976000,0.0,-2964060,0
2018-02-24 03:06:25,0.02,11982000,0.0,-239640,0
2018-02-24 03:06:55,0.7342,12000000,0.0,8810400,1
2018-02-24 03:07:02,0.4715,11985000,0.0,-5650928,0
2018-02-24 03:07:45,0.099,11993000,0.0,-1187307,0
2018-02-24 03:08:12,0.2707,11944000,0.0,-3233241,0
2018-02-24 03:09:52,0.8412,11981000,0.0,10078417,1
2018-02-24 03:10:07,1.099,11979000,0.0,-13164921,0
2018-02-24 03:12:46,0.4725,12015000,0.0,5677088,1
2018-02-24 03:13:58,0.0198447,12036000,0.0,238851,1
2018-02-24 03:14:02,0.0515,12025000,0.0,619288,1
2018-02-24 03:14:20,0.0832,12025000,0.0,1000480,1
2018-02-24 03:14:20,0.02,12025000,0.0,240500,1
2018-02-24 03:14:20,0.1261,12025000,0.0,1516353,1
2018-02-24 03:16:24,1.0242,12004000,0.0,-12294497,0
2018-02-24 03:16:58,0.0945,12015000,0.0,1135418,1
2018-02-24 03:20:17,0.0003,11994000,0.0,3598,1
2018-02-24 03:20:34,0.015,11994000,0.0,179910,1
2018-02-24 03:20:34,0.1814,11994000,0.0,2175712,1
2018-02-24 03:20:38,0.0592,11980000,0.0,709216,1
2018-02-24 03:22:44,0.177,11996000,0.0,2123292,1
2018-02-24 03:23:18,0.8226,12006000,0.0,9876136,1
2018-02-24 03:30:33,0.6418,12020000,0.0,-7714436,0
2018-02-24 03:31:19,0.6418,12030000,0.0,7720854,1
2018-02-24 03:31:47,0.2048,12021000,0.0,-2461901,0
2018-02-24 03:32:50,1.2951,12000000,0.0,-15541200,0
2018-02-24 03:36:13,0.0741,11995000,0.0,888830,1
2018-02-24 03:40:25,0.0349,11951000,0.0,417090,1
2018-02-24 03:40:25,0.1,11951000,0.0,1195100,1
2018-02-24 03:40:33,0.0045,11940000,0.0,53730,1
2018-02-24 03:40:33,0.0015,11940000,0.0,17910,1
2018-02-24 03:41:43,0.0959,11940000,0.0,1145046,1
2018-02-24 03:42:02,0.3371,11927000,0.0,4020592,1
2018-02-24 03:42:02,0.123,11927000,0.0,1467021,1
2018-02-24 03:42:03,0.0559,11927000,0.0,666719,1
2018-02-24 03:42:19,0.599,11925000,0.0,-7143075,0
2018-02-24 03:48:03,0.7389,11965000,0.0,8840939,1
2018-02-24 03:48:12,0.5331,11951000,0.0,6371078,1
2018-02-24 03:50:34,0.0718,11970000,0.0,-859446,0
2018-02-24 03:51:50,0.0506,11956000,0.0,-604974,0
2018-02-24 03:52:11,0.1224,12000000,0.0,1468800,1
2018-02-24 04:01:03,0.0034,12031000,0.0,-40905,0
2018-02-24 04:01:46,0.0044,12038000,0.0,-52967,0
2018-02-24 04:02:25,0.0078,12049000,0.0,93982,1
2018-02-24 04:12:01,0.0458,12016000,0.0,-550333,0
2018-02-24 04:13:33,0.0458,12001000,0.0,549646,1
2018-02-24 04:21:20,0.0179,12008000,0.0,-214943,0
2018-02-24 04:22:02,0.0179,12019000,0.0,215140,1
2018-02-24 04:27:42,0.1758,12005000,0.0,-2110479,0
2018-02-24 04:29:28,0.0174,12007000,0.0,208922,1
2018-02-24 04:30:28,0.009,12002000,0.0,-108018,0
2018-02-24 04:31:51,0.0002,11990000,0.0,2398,1
2018-02-24 04:32:01,0.1672,11986000,0.0,2004059,1
2018-02-24 04:32:24,0.536,11989000,0.0,-6426104,0
2018-02-24 04:32:50,0.5,11980000,0.0,5990000,1
2018-02-24 04:33:36,0.1324,11959000,0.0,-1583372,0
2018-02-24 04:34:04,0.0302,11942000,0.0,-360648,0
2018-02-24 04:34:09,0.4902,11941000,0.0,-5853478,0
2018-02-24 04:34:21,0.6421,11931000,0.0,-7660895,0
2018-02-24 04:42:43,0.1249,11951000,0.0,1492680,1
2018-02-24 05:09:30,0.5294,11814000,0.0,6254332,1
2018-02-24 05:09:55,0.8234,11799000,0.0,-9715297,0
2018-02-24 05:12:14,0.11,11820000,0.0,1300200,1
2018-02-24 05:12:15,0.106,11820000,0.0,1252920,1
2018-02-24 05:16:39,0.0012,11828000,0.0,14194,1
2018-02-24 05:16:54,0.6275,11824000,0.0,7419560,1
2018-02-24 05:17:32,0.0457,11837000,0.0,-540951,0
2018-02-24 05:17:32,0.0025,11837000,0.0,-29593,0
2018-02-24 05:17:37,0.2177,11849000,0.0,-2579527,0
2018-02-24 05:18:07,0.9212,11836000,0.0,10903323,1
2018-02-24 05:18:28,1.0054,11837000,0.0,-11900920,0
2018-02-24 05:24:01,0.0026,11853000,0.0,30818,1
2018-02-24 05:27:00,0.1,11849000,0.0,1184900,1
2018-02-24 05:33:16,0.1141,11860000,0.0,1353226,1
2018-02-24 05:35:43,0.2,11843000,0.0,2368600,1
2018-02-24 05:36:16,0.9113,11847000,0.0,-10796171,0
2018-02-24 05:36:58,0.0251,11857000,0.0,297611,1
2018-02-24 05:47:26,0.0124,11857000,0.0,147027,1
2018-02-24 05:51:16,0.0057,11838000,0.0,67477,1
2018-02-24 05:56:18,0.0246,11853000,0.0,291584,1
2018-02-24 05:56:59,0.0001,11871000,0.0,1187,1
2018-02-24 05:58:11,0.0001,11868000,0.0,1187,1
2018-02-24 06:01:35,0.049,11899000,0.0,583051,1
2018-02-24 06:01:40,0.0001,11900000,0.0,1190,1
2018-02-24 06:02:16,0.1772,11925000,0.0,2113110,1
2018-02-24 06:02:20,0.3535,11930000,0.0,4217255,1
2018-02-24 06:05:38,0.2394,11900000,0.0,2848860,1
2018-02-24 06:05:38,0.007,11900000,0.0,83300,1
2018-02-24 06:06:04,0.0347,11896000,0.0,-412791,0
2018-02-24 06:06:55,0.0518,11888000,0.0,615798,1
2018-02-24 06:07:12,0.9113,11873000,0.0,-10819865,0
2018-02-24 06:18:09,0.0334,11851000,0.0,395823,1
2018-02-24 06:18:13,0.008,11848000,0.0,94784,1
2018-02-24 06:18:22,0.4309,11854000,0.0,5107889,1
2018-02-24 06:21:34,0.3938,11868000,0.0,4673618,1
2018-02-24 06:21:52,0.1063,11880000,0.0,-1262844,0
2018-02-24 06:21:52,0.7598,11880000,0.0,-9026424,0
2018-02-24 06:42:26,1.4,11856000,0.0,16598400,1
2018-02-24 06:43:06,0.1,11849000,0.0,1184900,1
2018-02-24 06:43:42,1.5,11845000,0.0,-17767500,0
2018-02-24 07:14:44,0.1694,11897000,0.0,2015352,1
2018-02-24 07:16:09,0.759,11918000,0.0,9045762,1
2018-02-24 07:16:10,0.5716,11918000,0.0,6812329,1
2018-02-24 07:16:35,0.0631,11923000,0.0,-752341,0
2018-02-24 07:16:40,1.4369,11919000,0.0,-17126411,0
2018-02-24 07:20:21,0.2,11947000,0.0,2389400,1
2018-02-24 07:21:56,0.8129,11961000,0.0,9723097,1
2018-02-24 07:21:56,0.4871,11961000,0.0,5826203,1
2018-02-24 07:22:45,1.5,11973000,0.0,-17959500,0
2018-02-24 07:24:26,0.2436,11945000,0.0,2909802,1
2018-02-24 07:24:26,0.5156,11945000,0.0,6158842,1
2018-02-24 07:24:26,0.7408,11945000,0.0,8848856,1
2018-02-24 07:24:39,0.8506,11951000,0.0,-10165521,0
2018-02-24 07:37:09,0.38335872,11959000,0.0,4584587,1
2018-02-24 07:38:45,0.4673,11970000,0.0,5593581,1
2018-02-24 07:39:29,0.17,11952000,0.0,-2031840,0
2018-02-24 07:43:05,0.0832,11956000,0.0,-994739,0
2018-02-24 07:44:16,0.2532,11957000,0.0,3027512,1
2018-02-24 07:51:18,1.099,11972000,0.0,-13157228,0
2018-02-24 07:51:23,0.05,11991000,0.0,599550,1
2018-02-24 07:51:44,0.4425,11980000,0.0,5301150,1
2018-02-24 07:52:39,0.0685,11975000,0.0,-820288,0
2018-02-24 07:52:47,0.2999,11964000,0.0,-3588004,0
2018-02-24 07:53:32,0.6,11974000,0.0,7184400,1
2018-02-24 07:54:12,0.4472,11958000,0.0,-5347618,0
2018-02-24 07:54:30,0.119579,11969000,0.0,1431241,1
2018-02-24 07:54:31,0.015,11969000,0.0,179535,1
2018-02-24 07:55:04,0.001,11962000,0.0,-11962,0
2018-02-24 07:55:18,0.15426143,11995000,0.0,1850366,1
2018-02-24 07:55:19,0.1216,11995000,0.0,1458592,1
2018-02-24 07:55:55,1.0874,12000000,0.0,-13048800,0
2018-02-24 07:59:59,0.00014704,12048000,0.0,1772,1
2018-02-24 08:00:11,0.6037,12043000,0.0,7270359,1
2018-02-24 08:00:11,0.754,12043000,0.0,9080422,1
2018-02-24 08:00:18,0.1422,12034000,0.0,1711235,1
2018-02-24 08:02:54,0.1,12008000,0.0,-1200800,0
2018-02-24 08:03:02,0.0257,12015000,0.0,308786,1
2018-02-24 08:06:26,0.00567931,12027000,0.0,68305,1
2018-02-24 08:11:49,0.0562,12050000,0.0,677210,1
2018-02-24 08:11:56,0.0107,12049000,0.0,128924,1
2018-02-24 08:12:33,0.0172,12031000,0.0,-206933,0
2018-02-24 08:14:14,0.0189,12048000,0.0,227707,1
2018-02-24 08:15:54,0.5598,12035000,0.0,-6737193,0
2018-02-24 08:16:31,0.03,12033000,0.0,-360990,0
2018-02-24 08:18:47,0.5898,12026000,0.0,7092935,1
2018-02-24 08:19:55,1.5,12033000,0.0,-18049500,0
2018-02-24 08:20:33,0.4145063,12030000,0.0,4986511,1
2018-02-24 08:24:23,0.3297,12037000,0.0,3968599,1
2018-02-24 08:43:55,0.1,12061000,0.0,1206100,1
2018-02-24 08:45:09,0.8442,12069000,0.0,-10188650,0
2018-02-24 08:49:04,0.0001,12085000,0.0,1209,1
2018-02-24 08:52:18,0.6416,12057000,0.0,7735771,1
2018-02-24 08:52:22,0.2822,12050000,0.0,3400510,1
2018-02-24 08:52:22,0.5761,12050000,0.0,6942005,1
2018-02-24 08:52:49,1.5,12039000,0.0,-18058500,0
2018-02-24 08:53:22,0.0799,12060000,0.0,963594,1
2018-02-24 08:53:22,0.8,12060000,0.0,9648000,1
2018-02-24 08:54:06,0.6871,12044000,0.0,-8275432,0
2018-02-24 08:58:34,1.1442,12062000,0.0,13801340,1
2018-02-24 08:59:18,0.0554,12054000,0.0,667792,1
2018-02-24 09:00:40,1.0703,12055000,0.0,-12902467,0
2018-02-24 09:00:40,0.3221,12054000,0.0,-3882593,0
2018-02-24 09:05:55,0.5016,12114000,0.0,6076382,1
2018-02-24 09:05:55,0.0743,12114000,0.0,900070,1
2018-02-24 09:09:26,0.9241,12149000,0.0,11226891,1
2018-02-24 09:11:21,3.025e-05,12147000,0.0,-367,0
2018-02-24 09:11:32,1.5,12152000,0.0,-18228000,0
2018-02-24 09:18:15,0.0817,12245000,0.0,1000417,1
2018-02-24 09:18:15,0.3162,12245000,0.0,3871869,1
2018-02-24 09:18:23,0.2524,12239000,0.0,3089124,1
2018-02-24 09:18:31,0.8497,12240000,0.0,10400328,1
2018-02-24 09:20:54,0.0453,12255000,0.0,-555152,0
2018-02-24 09:23:04,0.6081,12281000,0.0,-7468076,0
2018-02-24 09:27:51,0.6534,12275000,0.0,8020485,1
2018-02-24 09:28:05,0.2149,12261000,0.0,-2634889,0
2018-02-24 09:28:10,0.9913,12260000,0.0,-12153338,0
2018-02-24 09:30:04,1.0475,12235000,0.0,12816163,1
2018-02-24 09:30:04,0.1587,12235000,0.0,1941695,1
2018-02-24 09:36:57,0.0124,12228000,0.0,-151627,0
2018-02-24 09:38:03,0.1572,12287000,0.0,-1931516,0
2018-02-24 09:39:12,0.8474,12273000,0.0,-10400140,0
2018-02-24 09:40:24,0.0061,12268000,0.0,74835,1
2018-02-24 09:40:25,0.0125,12268000,0.0,153350,1
2018-02-24 09:40:29,0.4012,12268000,0.0,4921922,1
2018-02-24 09:40:48,0.3896,12266000,0.0,4778834,1
2018-02-24 09:42:40,0.2076,12256000,0.0,2544346,1
2018-02-24 09:45:39,0.022,12260000,0.0,-269720,0
2018-02-24 09:45:39,0.05351044,12260000,0.0,-656038,0
2018-02-24 09:45:39,0.22318956,12260000,0.0,-2736304,0
2018-02-24 09:45:42,0.0975,12261000,0.0,-1195448,0
2018-02-24 09:45:42,0.0185,12261000,0.0,-226829,0
2018-02-24 09:46:47,0.0407,12262000,0.0,499063,1
2018-02-24 09:46:48,0.08155276,12262000,0.0,1000000,1
2018-02-24 09:47:30,0.2925,12228000,0.0,3576690,1
2018-02-24 09:47:46,0.2044,12211000,0.0,-2495928,0
2018-02-24 09:47:58,1.2956,12212000,0.0,-15821867,0
2018-02-24 09:52:25,0.3326,12246000,0.0,4073020,1
2018-02-24 09:52:45,0.0079,12250000,0.0,96775,1
2018-02-24 09:54:43,0.1814,12259000,0.0,2223783,1
2018-02-24 09:57:56,0.9781,12281000,0.0,12012046,1
2018-02-24 10:01:41,0.9447,12248000,0.0,-11570686,0
2018-02-24 10:02:40,0.0746,12238000,0.0,912955,1
2018-02-24 10:02:40,0.8701,12238000,0.0,10648284,1
2018-02-24 10:03:39,0.099,12231000,0.0,-1210869,0
2018-02-24 10:05:03,1.1863,12228000,0.0,-14506076,0
2018-02-24 10:05:03,0.2147,12227000,0.0,-2625137,0
2018-02-24 10:08:00,1.5,12210000,0.0,18315000,1
2018-02-24 10:08:35,0.1905,12204000,0.0,-2324862,0
2018-02-24 10:08:41,0.0002,12207000,0.0,2441,1
2018-02-24 10:08:50,0.0409,12212000,0.0,499471,1
2018-02-24 10:08:55,0.1494,12213000,0.0,1824622,1
2018-02-24 10:11:36,0.3057,12174000,0.0,-3721592,0
2018-02-24 10:11:36,1.1943,12174000,0.0,-14539408,0
2018-02-24 10:12:40,0.08451253,12175000,0.0,1028940,1
2018-02-24 10:16:44,0.3998,12204000,0.0,4879159,1
2018-02-24 10:28:14,0.702,12197000,0.0,8562294,1
2018-02-24 10:28:42,1.17966389,12202000,0.0,-14394259,0
2018-02-24 10:28:42,0.00663611,12202000,0.0,-80974,0
2018-02-24 10:32:46,0.4205,12190000,0.0,5125895,1
2018-02-24 10:43:10,0.2279,12175000,0.0,2774683,1
2018-02-24 10:43:20,0.0069,12180000,0.0,84042,1
2018-02-24 10:44:23,0.7919,12184000,0.0,9648510,1
2018-02-24 10:47:38,0.0528,12177000,0.0,642946,1
2018-02-24 11:03:14,0.249,12259000,0.0,-3052491,0
2018-02-24 11:03:17,0.0081,12265000,0.0,-99347,0
2018-02-24 11:03:24,0.8262,12254000,0.0,-10124255,0
2018-02-24 11:03:37,0.4032206,12256000,0.0,4941872,1
2018-02-24 11:03:50,0.1588,12255000,0.0,1946094,1
2018-02-24 11:03:50,0.0408,12255000,0.0,500004,1
2018-02-24 11:04:03,0.0415,12243000,0.0,508085,1
2018-02-24 11:04:03,0.14441767,12243000,0.0,1768106,1
2018-02-24 11:04:06,0.005,12243000,0.0,61215,1
2018-02-24 11:04:10,0.2895,12242000,0.0,3544059,1
2018-02-24 11:04:21,1.5,12228000,0.0,-18342000,0
2018-02-24 11:04:24,1.5,12245000,0.0,18367500,1
2018-02-24 11:06:49,0.01,12255000,0.0,-122550,0
2018-02-24 11:06:57,0.0034,12261000,0.0,-41687,0
2018-02-24 11:06:57,0.05923277,12261000,0.0,-726253,0
2018-02-24 11:07:24,0.0727,12265000,0.0,891666,1
2018-02-24 11:11:33,1.11204716,12232000,0.0,-13602561,0
2018-02-24 11:18:19,0.7926,12250000,0.0,9709350,1
2018-02-24 11:18:19,0.3194,12250000,0.0,3912650,1
2018-02-24 11:23:58,0.0127,12277000,0.0,-155918,0
2018-02-24 11:24:54,0.1622,12277000,0.0,-1991329,0
2018-02-24 11:25:25,0.1226,12284000,0.0,1506018,1
2018-02-24 11:26:40,1.4477,12300000,0.0,-17806710,0
2018-02-24 11:31:12,1.5,12331000,0.0,18496500,1
2018-02-24 11:32:09,0.0019,12287000,0.0,-23345,0
2018-02-24 11:32:58,0.0019,12280000,0.0,23332,1
2018-02-24 11:33:56,0.0643,12286000,0.0,-789990,0
2018-02-24 11:34:00,0.4179,12285000,0.0,-5133902,0
2018-02-24 11:37:18,0.2549,12282000,0.0,-3130682,0
2018-02-24 11:38:23,0.1624,12299000,0.0,-1997358,0
2018-02-24 11:39:39,0.0198,12305000,0.0,243639,1
2018-02-24 11:50:06,0.0084,12310000,0.0,103404,1
2018-02-24 11:50:06,0.1457,12310000,0.0,1793567,1
2018-02-24 11:54:37,0.04249204,12304000,0.0,-522822,0
2018-02-24 12:00:16,0.7681,12298000,0.0,9446094,1
2018-02-24 12:03:30,1.5,12287000,0.0,-18430500,0
2018-02-24 12:05:08,0.005,12263000,0.0,61315,1
2018-02-24 12:05:08,0.1,12263000,0.0,1226300,1
2018-02-24 12:05:08,0.02,12263000,0.0,245260,1
2018-02-24 12:05:48,0.987,12242000,0.0,12082854,1
2018-02-24 12:05:51,0.0045,12238000,0.0,55071,1
2018-02-24 12:08:16,0.512,12245000,0.0,-6269440,0
2018-02-24 12:18:14,0.8955,12286000,0.0,11002113,1
2018-02-24 12:20:56,1.3139,12263000,0.0,-16112356,0
2018-02-24 12:23:38,0.3657,12270000,0.0,4487139,1
2018-02-24 12:23:38,0.0097,12270000,0.0,119019,1
2018-02-24 12:23:38,0.0017,12270000,0.0,20859,1
2018-02-24 12:28:58,0.146,12172000,0.0,1777112,1
2018-02-24 12:30:41,0.1042,12189000,0.0,1270094,1
2018-02-24 12:32:47,0.1451,12186000,0.0,-1768189,0
2018-02-24 12:34:43,0.001,12225000,0.0,12225,1
2018-02-24 12:37:48,0.1501,12245000,0.0,1837975,1
2018-02-24 12:39:44,0.8194,12235000,0.0,-10025359,0
2018-02-24 12:41:11,0.1,12224000,0.0,1222400,1
2018-02-24 12:44:23,0.3086,12210000,0.0,3768006,1
2018-02-24 12:52:29,0.008,12275000,0.0,98200,1
2018-02-24 12:53:24,0.5915,12280000,0.0,7263620,1
2018-02-24 12:53:27,0.2429,12279000,0.0,2982569,1
2018-02-24 12:54:25,0.0081,12285000,0.0,-99509,0
2018-02-24 12:56:24,1.2429,12260000,0.0,-15237954,0
2018-02-24 13:11:29,0.1145,12323000,0.0,1410984,1
2018-02-24 13:11:30,1.3855,12323000,0.0,17073517,1
2018-02-24 13:12:30,1.5,12300000,0.0,-18450000,0
2018-02-24 13:15:50,0.0001,12303000,0.0,1230,1
2018-02-24 13:36:19,1.2102,12283000,0.0,14864887,1
2018-02-24 13:38:58,0.0092,12290000,0.0,113068,1
2018-02-24 13:39:22,0.1236,12283000,0.0,1518179,1
2018-02-24 13:39:22,0.1569,12283000,0.0,1927203,1
2018-02-24 13:43:31,0.031,12293000,0.0,-381083,0
2018-02-24 13:46:55,0.031,12288000,0.0,380928,1
2018-02-24 13:54:46,1.5,12257000,0.0,-18385500,0
2018-02-24 14:00:07,0.2453,12227000,0.0,2999283,1
2018-02-24 14:00:07,0.0032,12227000,0.0,39126,1
2018-02-24 14:05:17,0.0759,12271000,0.0,931369,1
2018-02-24 14:05:18,0.0122,12271000,0.0,149706,1
2018-02-24 14:05:18,0.3581,12271000,0.0,4394245,1
2018-02-24 14:05:50,0.1392,12296000,0.0,1711603,1
2018-02-24 14:08:34,0.2635,12262000,0.0,-3231037,0
2018-02-24 14:22:45,0.0001,12277000,0.0,1228,1
2018-02-24 14:32:48,0.326,12257000,0.0,3995782,1
2018-02-24 14:34:02,0.8965,12255000,0.0,-10986608,0
2018-02-24 14:37:27,0.18494146,12259000,0.0,2267197,1
2018-02-24 14:38:16,0.9263,12274000,0.0,11369406,1
2018-02-24 14:39:30,0.0331,12280000,0.0,406468,1
2018-02-24 14:40:01,0.2815,12280000,0.0,3456820,1
2018-02-24 14:40:16,0.0742,12281000,0.0,911250,1
2018-02-24 14:44:34,1.299,12260000,0.0,-15925740,0
2018-02-24 14:45:49,0.3729,12279000,0.0,4578839,1
2018-02-24 14:46:37,0.4993,12280000,0.0,6131404,1
2018-02-24 14:46:38,0.00760057,12280000,0.0,93335,1
2018-02-24 14:48:14,1.0808,12305000,0.0,-13299244,0
2018-02-24 14:50:23,0.0001,12297000,0.0,1230,1
2018-02-24 14:51:24,0.0001,12305000,0.0,1231,1
2018-02-24 15:04:50,0.4784,12308000,0.0,5888147,1
2018-02-24 15:04:55,1.0214,12309000,0.0,12572413,1
2018-02-24 15:27:08,0.1051,12260000,0.0,-1288526,0
2018-02-24 15:27:12,0.5187,12265000,0.0,-6361856,0
2018-02-24 15:28:15,0.8762,12275000,0.0,-10755355,0
2018-02-24 15:34:31,0.1,12220000,0.0,1222000,1
2018-02-24 15:36:33,0.1401,12110000,0.0,1696611,1
2018-02-24 15:36:48,1.2599,12100000,0.0,15244790,1
2018-02-24 15:36:58,0.2615,12066000,0.0,-3155259,0
2018-02-24 15:37:16,0.2788,12067000,0.0,-3364280,0
2018-02-24 15:37:16,0.1287,12067000,0.0,-1553023,0
2018-02-24 15:37:19,0.0072,12074000,0.0,-86933,0
2018-02-24 15:37:23,0.0735,12074000,0.0,-887439,0
2018-02-24 15:37:58,0.7497,12100000,0.0,9071370,1
2018-02-24 15:38:12,0.8159,12086000,0.0,-9860967,0
2018-02-24 15:38:33,0.057,12060000,0.0,687420,1
2018-02-24 15:40:26,0.7589,12001000,0.0,9107559,1
2018-02-24 15:40:54,0.6311,11996000,0.0,-7570676,0
2018-02-24 15:41:22,0.6311,12095000,0.0,7633155,1
2018-02-24 15:41:38,0.05,12090000,0.0,-604500,0
2018-02-24 15:41:42,0.3782,12093000,0.0,-4573573,0
2018-02-24 15:41:48,1.0718,12093000,0.0,-12961277,0
2018-02-24 15:42:16,0.23,12112000,0.0,2785760,1
2018-02-24 15:42:22,0.0001,12106000,0.0,1211,1
2018-02-24 15:42:32,1.2699,12075000,0.0,15334043,1
2018-02-24 15:43:25,1.5,12012000,0.0,-18018000,0
2018-02-24 15:44:09,0.276,11994000,0.0,3310344,1
2018-02-24 15:44:09,0.2234,11994000,0.0,2679460,1
2018-02-24 15:44:51,0.3390802,11978000,0.0,4061503,1
2018-02-24 15:44:52,0.0276,11978000,0.0,330593,1
2018-02-24 15:44:52,0.132,11978000,0.0,1581096,1
2018-02-24 15:44:59,0.9981,11952000,0.0,-11929291,0
2018-02-24 15:45:39,1.1433,11976000,0.0,13692161,1
2018-02-24 15:45:58,0.3437,12009000,0.0,-4127493,0
2018-02-24 15:46:15,0.7004,12037000,0.0,8430715,1
2018-02-24 15:46:28,0.1821,12016000,0.0,-2188114,0
2018-02-24 15:47:06,0.1821,12032000,0.0,2191027,1
2018-02-24 15:48:00,0.634,12032000,0.0,-7628288,0
2018-02-24 15:48:03,0.866,12037000,0.0,-10424042,0
2018-02-24 15:54:12,0.0018,11980000,0.0,21564,1
2018-02-24 15:55:26,0.03912317,11999000,0.0,469439,1
2018-02-24 15:56:01,0.4,11997000,0.0,4798800,1
2018-02-24 15:56:01,0.8933,11997000,0.0,10716920,1
2018-02-24 15:56:34,1.3342,12032000,0.0,-16053094,0
2018-02-24 15:56:49,0.0151,12041000,0.0,181819,1
2018-02-24 15:56:57,0.18,12033000,0.0,2165940,1
2018-02-24 15:57:39,1.3049,12007000,0.0,15667934,1
2018-02-24 16:00:51,0.352,11981000,0.0,-4217312,0
2018-02-24 16:01:32,0.352,11972000,0.0,4214144,1
2018-02-24 16:04:39,1.5,11771000,0.0,-17656500,0
2018-02-24 16:05:41,0.0615,11830000,0.0,727545,1
2018-02-24 16:05:41,0.0037,11830000,0.0,43771,1
2018-02-24 16:05:42,0.145,11830000,0.0,1715350,1
2018-02-24 16:06:13,1.2898,11871000,0.0,15311216,1
2018-02-24 16:07:08,0.3655,11832000,0.0,-4324596,0
2018-02-24 16:07:45,0.017,11809000,0.0,200753,1
2018-02-24 16:08:44,1.1515,11700000,0.0,-13472550,0
2018-02-24 16:09:20,1.386,11701000,0.0,16217586,1
2018-02-24 16:09:25,0.114,11690000,0.0,1332660,1
2018-02-24 16:11:04,0.1082,11747000,0.0,-1271025,0
2018-02-24 16:11:10,0.251,11737000,0.0,-2945987,0
2018-02-24 16:11:21,0.3592,11737000,0.0,4215930,1
2018-02-24 16:11:45,1.5,11702000,0.0,-17553000,0
2018-02-24 16:12:07,0.0359,11714000,0.0,420533,1
2018-02-24 16:13:30,1.4641,11724000,0.0,17165108,1
2018-02-24 16:13:47,0.4789,11730000,0.0,-5617497,0
2018-02-24 16:14:21,0.2505,11817000,0.0,2960159,1
2018-02-24 16:14:34,0.0132,11806000,0.0,-155839,0
2018-02-24 16:14:40,0.0245,11800000,0.0,-289100,0
2018-02-24 16:14:44,0.0315,11799000,0.0,-371669,0
2018-02-24 16:14:55,0.2976,11807000,0.0,3513763,1
2018-02-24 16:15:41,0.575,11813000,0.0,-6792475,0
2018-02-24 16:15:57,0.575,11844000,0.0,6810300,1
2018-02-24 16:16:19,0.4705,11857000,0.0,-5578719,0
2018-02-24 16:16:44,0.5,11869000,0.0,-5934500,0
2018-02-24 16:16:44,0.5295,11870000,0.0,-6285165,0
2018-02-24 16:17:29,1.1056,11848000,0.0,13099149,1
2018-02-24 16:17:29,0.00420029,11848000,0.0,49765,1
2018-02-24 16:17:39,0.3902,11830000,0.0,4616066,1
2018-02-24 16:18:37,1.5,11785000,0.0,-17677500,0
2018-02-24 16:19:03,0.2653,11825000,0.0,3137173,1
2018-02-24 16:21:14,0.1117,11852000,0.0,1323868,1
2018-02-24 16:21:14,0.2077,11852000,0.0,2461660,1
2018-02-24 16:21:14,0.9153,11852000,0.0,10848136,1
2018-02-24 16:21:18,0.2696,11823000,0.0,-3187481,0
2018-02-24 16:21:42,1.2304,11821000,0.0,-14544558,0
2018-02-24 16:22:31,0.0075,11792000,0.0,88440,1
2018-02-24 16:22:35,0.8618,11790000,0.0,10160622,1
2018-02-24 16:22:35,0.0173,11790000,0.0,203967,1
2018-02-24 16:22:35,0.0016,11790000,0.0,18864,1
2018-02-24 16:22:35,0.0536,11790000,0.0,631944,1
2018-02-24 16:23:10,0.0031,11767000,0.0,36478,1
2018-02-24 16:23:10,0.0125,11767000,0.0,147088,1
2018-02-24 16:24:55,0.4297,11737000,0.0,5043389,1
2018-02-24 16:26:00,1.3871,11740000,0.0,-16284554,0
2018-02-24 16:26:21,1.5,11775000,0.0,17662500,1
2018-02-24 16:26:51,0.39975028,11777000,0.0,-4707859,0
2018-02-24 16:26:51,0.04774972,11777000,0.0,-562348,0
2018-02-24 16:27:25,0.1162,11766000,0.0,-1367209,0
2018-02-24 16:29:17,0.5295,11794000,0.0,-6244923,0
2018-02-24 16:31:20,0.61679997,11844000,0.0,7305379,1
2018-02-24 16:31:26,0.0001,11844000,0.0,1184,1
2018-02-24 16:31:37,0.4763,11848000,0.0,5643202,1
2018-02-24 16:33:27,1.5,11840000,0.0,-17760000,0
2018-02-24 16:44:03,0.3,11857000,0.0,3557100,1
2018-02-24 16:44:07,0.14693986,11849000,0.0,1741090,1
2018-02-24 16:44:07,0.2085,11849000,0.0,2470517,1
2018-02-24 16:44:07,0.11,11849000,0.0,1303390,1
2018-02-24 16:44:08,0.0179,11849000,0.0,212097,1
2018-02-24 16:44:49,0.2472,11849000,0.0,2929073,1
2018-02-24 16:44:59,0.2449,11835000,0.0,-2898392,0
2018-02-24 16:45:15,0.7143,11830000,0.0,8450169,1
2018-02-24 16:45:59,0.04,11827000,0.0,-473080,0
2018-02-24 16:46:10,0.89,11840000,0.0,-10537600,0
2018-02-24 16:46:25,0.5927,11842000,0.0,7018753,1
2018-02-24 16:46:36,0.0024,11845000,0.0,28428,1
2018-02-24 16:50:28,0.0263,11925000,0.0,-313628,0
2018-02-24 16:50:37,0.3612,11946000,0.0,4314895,1
2018-02-24 16:59:18,0.3709,11949000,0.0,-4431884,0
2018-02-24 17:00:39,0.0045,11939000,0.0,53726,1
2018-02-24 17:00:43,0.2188,11935000,0.0,2611378,1
2018-02-24 17:00:43,0.0114,11935000,0.0,136059,1
2018-02-24 17:01:01,0.1362,11928000,0.0,1624594,1
2018-02-24 17:01:09,1.1395,11915000,0.0,-13577143,0
2018-02-24 17:03:18,0.2108,11876000,0.0,2503461,1
2018-02-24 17:03:22,0.9287,11879000,0.0,11032027,1
2018-02-24 17:04:45,0.1034,11899000,0.0,-1230357,0
2018-02-24 17:04:59,0.7639,11901000,0.0,-9091174,0
2018-02-24 17:06:11,0.4184,11880000,0.0,4970592,1
2018-02-24 17:06:16,0.3334,11880000,0.0,3960792,1
2018-02-24 17:07:18,0.064,11877000,0.0,-760128,0
2018-02-24 17:07:23,0.0083,11889000,0.0,98679,1
2018-02-24 17:07:38,0.1481,11889000,0.0,1760761,1
2018-02-24 17:08:00,0.0231,11886000,0.0,274567,1
2018-02-24 17:13:06,0.0364,11788000,0.0,-429083,0
2018-02-24 17:13:09,0.0364,11804000,0.0,429666,1
2018-02-24 17:15:08,1.5,11800000,0.0,-17700000,0
2018-02-24 17:16:29,0.0002,11770000,0.0,2354,1
2018-02-24 17:17:01,0.005,11766000,0.0,58830,1
2018-02-24 17:17:01,0.027,11766000,0.0,317682,1
2018-02-24 17:17:06,1.4678,11764000,0.0,17267199,1
2018-02-24 17:21:51,0.4594,11743000,0.0,-5394734,0
2018-02-24 17:23:34,0.0199,11780000,0.0,-234422,0
2018-02-24 17:23:34,0.60764305,11780000,0.0,-7158035,0
2018-02-24 17:23:35,0.26165695,11780000,0.0,-3082319,0
2018-02-24 17:24:09,0.0036,11769000,0.0,42368,1
2018-02-24 17:24:10,0.047,11769000,0.0,553143,1
2018-02-24 17:24:16,1.1047,11765000,0.0,12996796,1
2018-02-24 17:24:16,0.1933,11763000,0.0,2273788,1
2018-02-24 17:24:34,1.42377077,11770000,0.0,-16757782,0
2018-02-24 17:24:34,0.07622923,11770000,0.0,-897218,0
2018-02-24 17:29:46,0.032,11778000,0.0,376896,1
2018-02-24 17:31:27,0.111,11819000,0.0,1311909,1
2018-02-24 17:31:27,0.8437,11819000,0.0,9971690,1
2018-02-24 17:31:27,0.4557,11819000,0.0,5385918,1
2018-02-24 17:32:07,0.0576,11823000,0.0,681005,1
2018-02-24 17:37:09,1.5,11784000,0.0,-17676000,0
2018-02-24 17:38:54,1.5,11809000,0.0,17713500,1
2018-02-24 17:40:09,0.95,11805000,0.0,-11214750,0
2018-02-24 17:41:55,0.2484,11814000,0.0,2934598,1
2018-02-24 17:42:39,0.0279,11810000,0.0,329499,1
2018-02-24 17:43:07,0.0594,11810000,0.0,-701514,0
2018-02-24 17:45:09,0.7669,11803000,0.0,-9051721,0
2018-02-24 17:45:42,0.0434,11799000,0.0,512077,1
2018-02-24 17:45:42,1.0,11799000,0.0,11799000,1
2018-02-24 17:46:52,0.0082,11775000,0.0,-96555,0
2018-02-24 17:50:07,1.0352,11750000,0.0,-12163600,0
2018-02-24 17:50:58,1.5,11753000,0.0,17629500,1
2018-02-24 17:58:29,0.0275,11736000,0.0,-322740,0
2018-02-24 17:58:42,0.0402,11737000,0.0,-471827,0
2018-02-24 18:00:03,0.0677,11736000,0.0,794527,1
2018-02-24 18:01:48,0.0862,11729000,0.0,-1011040,0
2018-02-24 18:02:02,0.6946,11750000,0.0,-8161550,0
2018-02-24 18:02:25,0.28,11789000,0.0,3300920,1
2018-02-24 18:02:37,0.5008,11781000,0.0,5899925,1
2018-02-24 18:03:09,0.0056,11786000,0.0,-66002,0
2018-02-24 18:03:23,0.0056,11794000,0.0,66046,1
2018-02-24 18:04:01,0.0254,11792000,0.0,-299517,0
2018-02-24 18:04:35,0.0254,11829000,0.0,300457,1
2018-02-24 18:05:18,0.0502,11808000,0.0,-592762,0
2018-02-24 18:05:25,0.0502,11825000,0.0,593615,1
2018-02-24 18:06:04,0.0304,11818000,0.0,-359267,0
2018-02-24 18:06:19,0.0304,11835000,0.0,359784,1
2018-02-24 18:17:23,0.0259,11779000,0.0,-305076,0
2018-02-24 18:18:29,0.0259,11786000,0.0,305257,1
2018-02-24 18:19:05,0.2356,11784000,0.0,-2776310,0
2018-02-24 18:19:09,1.2644,11785000,0.0,-14900954,0
2018-02-24 18:19:50,1.239,11798000,0.0,14617722,1
2018-02-24 18:25:47,0.2083,11821000,0.0,2462314,1
2018-02-24 18:25:47,0.0527,11821000,0.0,622967,1
2018-02-24 18:32:09,0.5316,11828000,0.0,-6287765,0
2018-02-24 18:32:26,0.192,11833000,0.0,-2271936,0
2018-02-24 18:32:46,0.08,11817000,0.0,-945360,0
2018-02-24 18:38:26,0.8036,11816000,0.0,9495338,1
2018-02-24 18:39:30,0.0014,11816000,0.0,-16542,0
2018-02-24 18:43:37,0.0014,11826000,0.0,16556,1
2018-02-24 18:50:33,0.099,11811000,0.0,-1169289,0
2018-02-24 18:50:59,0.0646,11814000,0.0,-763184,0
2018-02-24 18:51:04,0.0458,11820000,0.0,-541356,0
2018-02-24 18:51:49,0.2094,11825000,0.0,2476155,1
2018-02-24 18:54:11,0.0072,11788000,0.0,-84874,0
2018-02-24 18:54:23,0.757,11767000,0.0,-8907619,0
2018-02-24 18:55:47,0.0001,11754000,0.0,1175,1
2018-02-24 19:01:41,0.0012,11710000,0.0,14052,1
2018-02-24 19:01:42,0.0042,11710000,0.0,49182,1
2018-02-24 19:03:02,0.019,11680000,0.0,221920,1
2018-02-24 19:03:03,0.7397,11680000,0.0,8639696,1
2018-02-24 19:04:15,1.5,11631000,0.0,-17446500,0
2018-02-24 19:05:48,1.5,11650000,0.0,17475000,1
2018-02-24 19:07:11,1.5,11568000,0.0,-17352000,0
2018-02-24 19:07:53,1.2541,11627000,0.0,14581421,1
2018-02-24 19:08:34,1.2541,11582000,0.0,-14524986,0
2018-02-24 19:08:49,0.23630787,11588000,0.0,2738336,1
2018-02-24 19:09:49,0.0943,11596000,0.0,1093503,1
2018-02-24 19:09:49,0.2275,11596000,0.0,2638090,1
2018-02-24 19:12:21,0.0105,11652000,0.0,122346,1
2018-02-24 19:12:32,0.1428,11650000,0.0,1663620,1
2018-02-24 19:16:47,0.003,11559000,0.0,34677,1
2018-02-24 19:16:47,0.0063,11559000,0.0,72822,1
2018-02-24 19:16:56,0.0553,11550000,0.0,638715,1
2018-02-24 19:16:56,0.01,11550000,0.0,115500,1
2018-02-24 19:16:56,0.0078,11550000,0.0,90090,1
2018-02-24 19:16:56,0.1,11550000,0.0,1155000,1
2018-02-24 19:16:56,0.5851,11550000,0.0,6757905,1
2018-02-24 19:16:56,0.0211,11550000,0.0,243705,1
2018-02-24 19:17:54,0.61385056,11550000,0.0,-7089974,0
2018-02-24 19:17:54,0.4055,11550000,0.0,-4683525,0
2018-02-24 19:17:54,0.00424944,11550000,0.0,-49081,0
2018-02-24 19:18:48,0.013,11502000,0.0,149526,1
2018-02-24 19:18:49,0.5826,11500000,0.0,6699900,1
2018-02-24 19:18:49,0.1017,11500000,0.0,1169550,1
2018-02-24 19:18:49,0.1249,11500000,0.0,1436350,1
2018-02-24 19:18:49,0.1984,11500000,0.0,2281600,1
2018-02-24 19:18:49,0.003,11500000,0.0,34500,1
2018-02-24 19:26:52,0.061,11561000,0.0,-705221,0
2018-02-24 19:28:05,0.606,11580000,0.0,-7017480,0
2018-02-24 19:28:09,0.833,11579000,0.0,-9645307,0
2018-02-24 19:30:00,0.013,11561000,0.0,150293,1
2018-02-24 19:31:04,0.0633,11526000,0.0,729596,1
2018-02-24 19:31:04,0.2317,11532000,0.0,2671964,1
2018-02-24 19:31:27,0.6231,11522000,0.0,7179358,1
2018-02-24 19:31:32,0.54339444,11523000,0.0,6261534,1
2018-02-24 19:31:37,0.0255,11521000,0.0,293786,1
2018-02-24 19:32:39,1.5,11467000,0.0,-17200500,0
2018-02-24 19:33:06,0.1171,11498000,0.0,1346416,1
2018-02-24 19:33:24,1.3829,11493000,0.0,15893670,1
2018-02-24 19:33:35,0.2448,11500000,0.0,-2815200,0
2018-02-24 19:33:41,0.2448,11520000,0.0,2820096,1
2018-02-24 19:33:56,0.4999,11519000,0.0,-5758348,0
2018-02-24 19:34:00,0.3528,11518000,0.0,-4063550,0
2018-02-24 19:34:43,0.0868,11499000,0.0,998113,1
2018-02-24 19:34:52,0.0032,11493000,0.0,36778,1
2018-02-24 19:35:11,0.0064,11496000,0.0,73574,1
2018-02-24 19:35:47,0.7563,11499000,0.0,8696694,1
2018-02-24 19:36:05,0.0049,11510000,0.0,-56399,0
2018-02-24 19:36:05,0.0785,11510000,0.0,-903535,0
2018-02-24 19:36:05,0.4064,11510000,0.0,-4677664,0
2018-02-24 19:36:16,0.0032,11511000,0.0,36835,1
2018-02-24 19:36:23,0.1973,11511000,0.0,2271120,1
2018-02-24 19:36:23,0.2416,11511000,0.0,2781058,1
2018-02-24 19:36:23,0.0477,11511000,0.0,549075,1
2018-02-24 19:36:42,0.0147,11537000,0.0,-169594,0
2018-02-24 19:37:21,0.01,11516000,0.0,115160,1
2018-02-24 19:37:35,0.0047,11499000,0.0,54045,1
2018-02-24 19:37:40,0.0041,11493000,0.0,-47121,0
2018-02-24 19:37:49,0.1098,11486000,0.0,-1261163,0
2018-02-24 19:38:16,0.096,11461000,0.0,1100256,1
2018-02-24 19:38:16,0.0125,11461000,0.0,143263,1
2018-02-24 19:38:44,0.8056,11499000,0.0,-9263594,0
2018-02-24 19:39:31,0.0156,11511000,0.0,179572,1
2018-02-24 19:39:31,0.36398651,11511000,0.0,4189849,1
2018-02-24 19:40:14,0.4385,11521000,0.0,-5051959,0
2018-02-24 19:45:05,0.00435211,11538000,0.0,50215,1
2018-02-24 19:45:06,0.185,11538000,0.0,2134530,1
2018-02-24 19:46:25,0.1038,11535000,0.0,-1197333,0
2018-02-24 19:47:16,0.1389,11567000,0.0,1606656,1
2018-02-24 19:47:44,0.1719,11579000,0.0,-1990430,0
2018-02-24 19:47:54,0.5087,11581000,0.0,5891255,1
2018-02-24 19:48:16,0.3087,11569000,0.0,3571350,1
2018-02-24 19:49:26,0.0848,11613000,0.0,-984782,0
2018-02-24 19:49:39,0.0848,11608000,0.0,984358,1
2018-02-24 19:56:09,0.0023,11565000,0.0,-26600,0
2018-02-24 19:56:43,0.2446,11547000,0.0,-2824396,0
2018-02-24 19:57:05,0.1799,11534000,0.0,-2074967,0
2018-02-24 19:58:21,0.4268,11557000,0.0,4932528,1
2018-02-24 20:01:09,0.0001,11524000,0.0,-1152,0
2018-02-24 20:01:22,0.0024,11529000,0.0,-27670,0
2018-02-24 20:02:28,0.0631,11528000,0.0,-727417,0
2018-02-24 20:02:29,0.1,11528000,0.0,-1152800,0
2018-02-24 20:03:05,0.2074,11517000,0.0,-2388626,0
2018-02-24 20:06:45,1.127,11500000,0.0,-12960500,0
2018-02-24 20:07:19,0.2963,11560000,0.0,3425228,1
2018-02-24 20:09:35,0.2338,11503000,0.0,2689401,1
2018-02-24 20:10:48,0.0109,11480000,0.0,125132,1
2018-02-24 20:10:48,0.0971,11480000,0.0,1114708,1
2018-02-24 20:12:18,0.1665,11491000,0.0,1913252,1
2018-02-24 20:12:25,0.6954,11496000,0.0,7994318,1
2018-02-24 20:16:42,0.2682,11501000,0.0,-3084568,0
2018-02-24 20:17:07,0.2682,11505000,0.0,3085641,1
2018-02-24 20:19:10,1.5,11511000,0.0,-17266500,0
2018-02-24 20:24:31,0.0100586,11550000,0.0,116177,1
2018-02-24 20:24:48,0.0631,11554000,0.0,729057,1
2018-02-24 20:25:01,0.2,11544000,0.0,2308800,1
2018-02-24 20:25:02,0.8025,11544000,0.0,9264060,1
2018-02-24 20:25:07,0.0047,11544000,0.0,54257,1
2018-02-24 20:25:53,0.0309,11533000,0.0,356370,1
2018-02-24 20:25:53,0.0011,11533000,0.0,12686,1
2018-02-24 20:26:06,0.0001,11532000,0.0,1153,1
2018-02-24 20:28:57,0.3875,11522000,0.0,4464775,1
2018-02-24 20:31:33,0.68,11503000,0.0,-7822040,0
2018-02-24 20:33:35,0.0369,11522000,0.0,425162,1
2018-02-24 20:33:35,0.6431,11522000,0.0,7409798,1
2018-02-24 20:36:23,0.8374,11546000,0.0,-9668620,0
2018-02-24 20:37:10,0.0173,11560000,0.0,199988,1
2018-02-24 20:37:10,0.2,11560000,0.0,2312000,1
2018-02-24 20:37:10,0.3423,11560000,0.0,3956988,1
2018-02-24 20:37:11,0.2701,11560000,0.0,3122356,1
2018-02-24 20:37:17,0.0077,11560000,0.0,89012,1
2018-02-24 20:38:32,0.4891,11526000,0.0,-5637367,0
2018-02-24 20:38:38,0.2105,11520000,0.0,-2424960,0
2018-02-24 20:43:11,0.0001,11530000,0.0,1153,1
2018-02-24 20:43:12,0.30932047,11530000,0.0,3566465,1
2018-02-24 20:43:15,0.0232,11524000,0.0,267357,1
2018-02-24 20:43:35,0.0648,11522000,0.0,746626,1
2018-02-24 20:43:58,0.2654333,11529000,0.0,3060181,1
2018-02-24 20:44:49,1.4632,11513000,0.0,-16845822,0
2018-02-24 20:46:02,0.0762,11560000,0.0,880872,1
2018-02-24 20:46:25,1.0,11541000,0.0,11541000,1
2018-02-24 20:46:29,0.14132218,11542000,0.0,1631141,1
2018-02-24 20:46:46,0.0874,11540000,0.0,1008596,1
2018-02-24 20:47:04,0.0001,11550000,0.0,1155,1
2018-02-24 20:47:04,0.0723,11550000,0.0,835065,1
2018-02-24 20:47:16,0.0001,11548000,0.0,1155,1
2018-02-24 20:47:17,0.1225,11548000,0.0,1414630,1
2018-02-24 20:48:03,1.5,11556000,0.0,-17334000,0
2018-02-24 20:48:18,0.1465,11550000,0.0,1692075,1
2018-02-24 20:48:23,0.0043,11547000,0.0,49652,1
2018-02-24 20:48:30,0.0033,11542000,0.0,38089,1
2018-02-24 20:49:28,0.0001,11550000,0.0,1155,1
2018-02-24 20:49:41,0.2802,11553000,0.0,3237151,1
2018-02-24 21:04:10,0.9794,11422000,0.0,11186707,1
2018-02-24 21:04:41,0.0862,11418000,0.0,984232,1
2018-02-24 21:04:56,0.7801,11428000,0.0,-8914983,0
2018-02-24 21:04:57,0.3017,11428000,0.0,-3447828,0
2018-02-24 21:09:01,0.0044,11435000,0.0,50314,1
2018-02-24 21:12:22,0.1401,11449000,0.0,1604005,1
2018-02-24 21:12:22,0.0201,11444000,0.0,230024,1
2018-02-24 21:12:22,0.1661,11444000,0.0,1900848,1
2018-02-24 21:12:28,0.0971,11447000,0.0,1111504,1
2018-02-24 21:13:39,0.001,11427000,0.0,11427,1
2018-02-24 21:13:40,0.653,11427000,0.0,7461831,1
2018-02-24 21:15:36,0.6766,11431000,0.0,-7734215,0
2018-02-24 21:16:16,0.45979895,11457000,0.0,5267917,1
2018-02-24 21:16:23,0.2168,11450000,0.0,2482360,1
2018-02-24 21:17:07,0.1129,11452000,0.0,-1292931,0
2018-02-24 21:17:10,0.1129,11469000,0.0,1294850,1
2018-02-24 21:17:48,1.5,11464000,0.0,-17196000,0
2018-02-24 21:18:28,0.3899,11474000,0.0,4473713,1
2018-02-24 21:18:48,1.1101,11470000,0.0,12732847,1
2018-02-24 21:20:29,0.3915,11452000,0.0,-4483458,0
2018-02-24 21:20:37,0.3882,11454000,0.0,-4446443,0
2018-02-24 21:21:56,0.0099,11472000,0.0,113573,1
2018-02-24 21:23:20,0.4442,11471000,0.0,5095418,1
2018-02-24 21:24:53,0.3256,11483000,0.0,3738865,1
2018-02-24 21:31:49,0.2289,11464000,0.0,-2624110,0
2018-02-24 21:32:45,0.0886,11454000,0.0,-1014824,0
2018-02-24 21:33:56,0.3175,11463000,0.0,3639503,1
2018-02-24 21:47:02,0.406,11501000,0.0,-4669406,0
2018-02-24 21:55:22,0.406,11506000,0.0,4671436,1
2018-02-24 21:55:44,0.7516,11491000,0.0,-8636636,0
2018-02-24 22:02:39,0.25121928,11512000,0.0,2892036,1
2018-02-24 22:02:53,0.1742,11512000,0.0,2005390,1
2018-02-24 22:02:54,0.0156,11512000,0.0,179587,1
2018-02-24 22:06:08,0.0122,11483000,0.0,-140093,0
2018-02-24 22:10:04,0.036,11447000,0.0,412092,1
2018-02-24 22:10:42,0.16414639,11447000,0.0,1878984,1
2018-02-24 22:11:30,0.0379,11412000,0.0,-432515,0
2018-02-24 22:11:52,0.4968,11411000,0.0,-5668985,0
2018-02-24 22:12:24,0.00949996,11447000,0.0,108746,1
2018-02-24 22:12:25,0.11315365,11447000,0.0,-1295270,0
2018-02-24 22:12:25,0.11904635,11447000,0.0,-1362724,0
2018-02-24 22:12:25,0.11315365,11447000,0.0,1295270,1
2018-02-24 22:14:23,0.0053,11444000,0.0,60653,1
2018-02-24 22:14:43,0.2717,11440000,0.0,3108248,1
2018-02-24 22:15:25,0.0079,11427000,0.0,90273,1
2018-02-24 22:16:07,0.6603,11428000,0.0,-7545908,0
2018-02-24 22:18:22,0.001,11444000,0.0,11444,1
2018-02-24 22:22:29,1.1413,11434000,0.0,13049624,1
2018-02-24 22:25:38,0.0805,11382000,0.0,-916251,0
2018-02-24 22:25:43,1.4195,11391000,0.0,-16169525,0
2018-02-24 22:28:40,0.0041,11375000,0.0,46638,1
2018-02-24 22:29:51,0.85,11365000,0.0,9660250,1
2018-02-24 22:29:55,0.002,11372000,0.0,22744,1
2018-02-24 22:31:44,0.6439,11355000,0.0,7311485,1
2018-02-24 22:34:02,0.0314,11356000,0.0,-356578,0
2018-02-24 22:34:13,0.0127,11351000,0.0,-144158,0
2018-02-24 22:34:49,0.0441,11350000,0.0,500535,1
2018-02-24 22:36:59,0.0141,11342000,0.0,-159922,0
2018-02-24 22:39:09,0.5701,11374000,0.0,-6484317,0
2018-02-24 22:40:19,0.4475,11400000,0.0,-5101500,0
2018-02-24 22:41:29,0.5843,11413000,0.0,6668616,1
2018-02-24 22:41:29,0.1516,11412000,0.0,1730059,1
2018-02-24 22:42:07,0.2029,11398000,0.0,-2312654,0
2018-02-24 22:44:21,0.4987,11410000,0.0,5690167,1
2018-02-24 22:49:13,0.3,11408000,0.0,-3422400,0
2018-02-24 22:51:19,0.0017,11447000,0.0,19460,1
2018-02-24 22:54:21,2.358e-05,11395000,0.0,-269,0
2018-02-24 22:57:14,0.0534,11411000,0.0,609347,1
2018-02-24 23:01:47,0.245,11380000,0.0,2788100,1
2018-02-24 23:03:09,0.2,11363000,0.0,-2272600,0
2018-02-24 23:05:27,0.04936416,11401000,0.0,562801,1
2018-02-24 23:06:29,0.1506,11388000,0.0,1715033,1
2018-02-24 23:06:37,0.4988,11385000,0.0,-5678838,0
2018-02-24 23:06:42,0.232,11368000,0.0,-2637376,0
2018-02-24 23:06:58,0.174,11388000,0.0,1981512,1
2018-02-24 23:07:08,0.0277,11387000,0.0,315420,1
2018-02-24 23:07:09,0.1009,11387000,0.0,1148948,1
2018-02-24 23:07:12,0.174,11388000,0.0,1981512,1
2018-02-24 23:07:17,0.01,11388000,0.0,113880,1
2018-02-24 23:07:27,0.026,11395000,0.0,296270,1
2018-02-24 23:08:44,0.2182,11393000,0.0,2485953,1
2018-02-24 23:12:09,0.0199,11406000,0.0,-226979,0
2018-02-24 23:12:47,0.0199,11434000,0.0,227537,1
2018-02-24 23:13:32,0.1001,11448000,0.0,-1145945,0
2018-02-24 23:13:50,0.1,11442000,0.0,1144200,1
2018-02-24 23:13:50,0.0001,11442000,0.0,1144,1
2018-02-24 23:14:33,1.5,11437000,0.0,-17155500,0
2018-02-24 23:17:09,1.0681,11472000,0.0,12253243,1
2018-02-24 23:17:13,0.4319,11476000,0.0,4956484,1
2018-02-24 23:21:03,0.007,11480000,0.0,-80360,0
2018-02-24 23:21:33,0.007,11474000,0.0,80318,1
2018-02-24 23:22:38,1.5,11455000,0.0,-17182500,0
2018-02-24 23:23:03,0.1378,11461000,0.0,1579326,1
2018-02-24 23:27:10,1.3622,11487000,0.0,15647591,1
2018-02-24 23:27:56,0.0077,11502000,0.0,-88565,0
2018-02-24 23:28:05,1.4923,11517000,0.0,-17186819,0
2018-02-24 23:30:26,0.0145,11493000,0.0,166649,1
2018-02-24 23:30:34,0.0542,11483000,0.0,622379,1
2018-02-24 23:30:38,0.0094,11479000,0.0,107903,1
2018-02-24 23:30:39,0.2923,11479000,0.0,3355312,1
2018-02-24 23:34:15,0.0077,11464000,0.0,88273,1
2018-02-24 23:34:15,0.1302,11464000,0.0,1492613,1
2018-02-24 23:34:51,2.013e-05,11466000,0.0,231,1
2018-02-24 23:40:59,0.5633,11485000,0.0,6469501,1
2018-02-24 23:42:10,0.0012,11460000,0.0,13752,1
2018-02-24 23:42:33,0.0772,11474000,0.0,885793,1
2018-02-24 23:42:33,0.0339,11474000,0.0,388969,1
2018-02-24 23:42:55,0.0001,11483000,0.0,1148,1
2018-02-24 23:43:06,0.316,11475000,0.0,3626100,1
2018-02-25 00:10:14,0.0086,11543000,0.0,-99270,0
2018-02-25 00:10:14,0.0259,11543000,0.0,-298964,0
2018-02-25 00:11:37,0.00853424,11551000,0.0,-98579,0
2018-02-25 00:11:37,0.23916576,11551000,0.0,-2762604,0
2018-02-25 00:12:23,1.2178,11557000,0.0,-14074115,0
2018-02-25 00:23:48,0.2749,11575000,0.0,3181968,1
2018-02-25 00:40:52,0.0144,11525000,0.0,165960,1
2018-02-25 00:41:06,0.0868,11519000,0.0,999849,1
2018-02-25 00:41:09,0.0289,11522000,0.0,332986,1
2018-02-25 00:42:11,0.0416,11497000,0.0,478275,1
2018-02-25 00:42:11,0.0086,11497000,0.0,98874,1
2018-02-25 00:42:11,0.0086,11497000,0.0,98874,1
2018-02-25 00:42:11,0.0463,11497000,0.0,532311,1
2018-02-25 00:42:12,0.0086,11497000,0.0,98874,1
2018-02-25 00:42:12,0.0086,11497000,0.0,98874,1
2018-02-25 00:42:12,0.0086,11497000,0.0,98874,1
2018-02-25 00:50:36,0.0108,11561000,0.0,124859,1
2018-02-25 00:50:40,0.0145,11557000,0.0,167577,1
2018-02-25 00:52:18,0.0296,11532000,0.0,341347,1
2018-02-25 00:52:18,0.0086,11532000,0.0,99175,1
2018-02-25 00:52:18,0.9006,11532000,0.0,10385719,1
2018-02-25 00:53:18,0.0022,11522000,0.0,-25348,0
2018-02-25 00:53:55,0.0392,11524000,0.0,-451741,0
2018-02-25 00:53:55,0.7436,11523000,0.0,-8568503,0
2018-02-25 01:02:03,0.001,11482000,0.0,11482,1
2018-02-25 01:03:14,0.173,11443000,0.0,1979639,1
2018-02-25 01:03:14,0.009,11443000,0.0,102987,1
2018-02-25 01:04:31,0.1791,11424000,0.0,2046038,1
2018-02-25 01:04:59,0.0222,11450000,0.0,-254190,0
2018-02-25 01:04:59,0.2,11450000,0.0,-2290000,0
2018-02-25 01:04:59,0.12083725,11450000,0.0,-1383587,0
2018-02-25 01:05:00,0.16996275,11450000,0.0,-1946073,0
2018-02-25 01:12:55,0.0821,11400000,0.0,935940,1
2018-02-25 01:12:55,0.02,11400000,0.0,228000,1
2018-02-25 01:12:55,0.0776,11400000,0.0,884640,1
2018-02-25 01:12:56,0.12,11400000,0.0,1368000,1
2018-02-25 01:12:56,0.35,11400000,0.0,3990000,1
2018-02-25 01:12:56,0.0145,11400000,0.0,165300,1
2018-02-25 01:12:56,0.0087,11400000,0.0,99180,1
2018-02-25 01:12:56,0.0201,11400000,0.0,229140,1
2018-02-25 01:12:56,0.1429,11400000,0.0,1629060,1
2018-02-25 01:12:56,0.1,11400000,0.0,1140000,1
2018-02-25 01:13:31,0.6074,11420000,0.0,-6936508,0
2018-02-25 01:13:40,0.5873,11437000,0.0,6716950,1
2018-02-25 01:13:45,0.0201,11436000,0.0,229864,1
2018-02-25 01:15:11,1.5,11414000,0.0,-17121000,0
2018-02-25 01:18:10,1.2,11447000,0.0,13736400,1
2018-02-25 01:19:18,0.0009,11461000,0.0,10315,1
2018-02-25 01:19:22,0.0138,11458000,0.0,158120,1
2018-02-25 01:20:42,0.2853,11440000,0.0,3263832,1
2018-02-25 01:21:17,1.5,11430000,0.0,-17145000,0
2018-02-25 01:21:27,0.02547101,11450000,0.0,291643,1
2018-02-25 01:27:45,0.0596,11464000,0.0,683254,1
2018-02-25 01:27:54,0.6021,11456000,0.0,6897658,1
2018-02-25 01:27:55,0.0304,11456000,0.0,348262,1
2018-02-25 01:27:55,0.0037,11456000,0.0,42387,1
2018-02-25 01:27:59,0.0122,11453000,0.0,139727,1
2018-02-25 01:27:59,0.0037,11453000,0.0,42376,1
2018-02-25 01:27:59,0.0037,11453000,0.0,42376,1
2018-02-25 01:27:59,0.0229,11453000,0.0,262274,1
2018-02-25 01:28:03,0.0809,11458000,0.0,926952,1
2018-02-25 01:29:19,0.4306,11467000,0.0,4937690,1
2018-02-25 01:29:19,0.2247,11466000,0.0,2576410,1
2018-02-25 01:41:28,1.5,11525000,0.0,-17287500,0
2018-02-25 01:45:29,0.0156,11477000,0.0,179041,1
2018-02-25 01:45:34,0.3489,11478000,0.0,4004674,1
2018-02-25 01:45:39,0.0272,11477000,0.0,312174,1
2018-02-25 01:53:00,0.25990572,11492000,0.0,2986837,1
2018-02-25 01:53:13,0.0345,11492000,0.0,396474,1
2018-02-25 01:53:28,0.8139,11495000,0.0,9355781,1
2018-02-25 02:09:16,0.9896,11460000,0.0,-11340816,0
2018-02-25 02:11:44,0.5731,11465000,0.0,6570592,1
2018-02-25 02:11:45,0.01997872,11465000,0.0,229056,1
2018-02-25 02:17:13,0.3469,11440000,0.0,3968536,1
2018-02-25 02:19:17,1.4504,11433000,0.0,-16582423,0
2018-02-25 02:26:12,0.5263,11473000,0.0,6038240,1
2018-02-25 02:27:30,0.0858,11450000,0.0,982410,1
2018-02-25 02:28:22,0.1,11437000,0.0,1143700,1
2018-02-25 02:28:22,0.08351098,11437000,0.0,955115,1
2018-02-25 02:28:54,0.0079,11447000,0.0,90431,1
2018-02-25 02:28:55,0.0291,11440000,0.0,332904,1
2018-02-25 02:28:55,0.0844,11440000,0.0,965536,1
2018-02-25 02:30:55,0.3591,11425000,0.0,-4102718,0
2018-02-25 02:31:54,0.2288,11399000,0.0,2608091,1
2018-02-25 02:31:55,0.7133,11399000,0.0,8130907,1
2018-02-25 02:32:30,0.1739,11385000,0.0,-1979852,0
2018-02-25 02:32:40,1.0827,11399000,0.0,-12341697,0
2018-02-25 02:32:40,0.2434,11399000,0.0,-2774517,0
2018-02-25 02:33:09,0.0486,11398000,0.0,553943,1
2018-02-25 02:38:55,0.0397,11400000,0.0,452580,1
2018-02-25 02:38:55,0.0139,11400000,0.0,158460,1
2018-02-25 02:42:34,0.0073,11399000,0.0,83213,1
2018-02-25 02:43:35,0.6232,11400000,0.0,7104480,1
2018-02-25 02:43:35,0.4383,11400000,0.0,4996620,1
2018-02-25 02:43:54,0.5862,11405000,0.0,-6685611,0
2018-02-25 02:48:43,0.9152,11431000,0.0,10461651,1
2018-02-25 02:57:34,1.099,11419000,0.0,-12549481,0
2018-02-25 03:00:21,0.1156,11379000,0.0,1315412,1
2018-02-25 03:01:20,0.0009,11406000,0.0,10265,1
2018-02-25 03:02:19,0.3,11401000,0.0,3420300,1
2018-02-25 03:03:13,0.0181,11390000,0.0,-206159,0
2018-02-25 03:03:29,0.001,11398000,0.0,11398,1
2018-02-25 03:05:16,0.4201,11380000,0.0,-4780738,0
2018-02-25 03:05:16,0.3803,11380000,0.0,-4327814,0
2018-02-25 03:10:04,1.315,11429000,0.0,15029135,1
2018-02-25 03:10:04,0.185,11429000,0.0,2114365,1
2018-02-25 03:12:19,0.8514,11401000,0.0,-9706811,0
2018-02-25 03:15:32,0.0099,11422000,0.0,113078,1
2018-02-25 03:16:57,0.1987,11430000,0.0,2271141,1
2018-02-25 03:18:07,0.6428,11424000,0.0,7343347,1
2018-02-25 03:28:53,0.1494,11406000,0.0,-1704056,0
2018-02-25 03:29:47,0.00562488,11424000,0.0,64259,1
2018-02-25 03:29:51,0.1438,11423000,0.0,1642627,1
2018-02-25 03:36:09,0.3155,11412000,0.0,-3600486,0
2018-02-25 03:36:23,0.175,11400000,0.0,-1995000,0
2018-02-25 03:36:28,1.0095,11399000,0.0,-11507291,0
2018-02-25 03:47:48,0.2256,11393000,0.0,2570261,1
2018-02-25 03:47:50,0.3767,11393000,0.0,4291743,1
2018-02-25 03:48:22,0.0026,11380000,0.0,29588,1
2018-02-25 04:00:39,0.269,11348000,0.0,3052612,1
2018-02-25 04:01:08,0.7141,11326000,0.0,-8087897,0
2018-02-25 04:01:08,0.1335,11326000,0.0,-1512021,0
2018-02-25 04:01:45,0.8084,11345000,0.0,9171298,1
2018-02-25 04:02:16,0.6517,11350000,0.0,7396795,1
2018-02-25 04:02:59,0.0136,11361000,0.0,154510,1
2018-02-25 04:03:38,0.0021,11370000,0.0,-23877,0
2018-02-25 04:03:38,0.0342,11370000,0.0,-388854,0
2018-02-25 04:04:20,0.0077,11389000,0.0,-87695,0
2018-02-25 04:04:28,0.044,11386000,0.0,500984,1
2018-02-25 04:29:01,0.3271,11392000,0.0,-3726323,0
2018-02-25 04:32:29,0.0098,11393000,0.0,111651,1
2018-02-25 04:35:24,0.1121,11393000,0.0,1277155,1
2018-02-25 04:35:30,0.0336,11394000,0.0,382838,1
2018-02-25 04:43:34,0.0891,11391000,0.0,1014938,1
2018-02-25 04:45:02,0.0825,11388000,0.0,939510,1
2018-02-25 04:56:11,0.1178,11362000,0.0,-1338444,0
2018-02-25 04:56:39,0.0368,11356000,0.0,-417901,0
2018-02-25 04:57:06,0.1215,11349000,0.0,-1378904,0
2018-02-25 04:57:17,0.0115,11344000,0.0,-130456,0
2018-02-25 04:57:22,0.0195,11349000,0.0,-221306,0
2018-02-25 04:58:26,0.3071,11373000,0.0,3492648,1
2018-02-25 05:04:38,1.127,11356000,0.0,-12798212,0
2018-02-25 05:07:34,0.0037,11340000,0.0,41958,1
2018-02-25 05:09:53,0.0192,11308000,0.0,217114,1
2018-02-25 05:15:51,0.0001,11345000,0.0,1135,1
2018-02-25 05:16:01,0.2094,11337000,0.0,2373968,1
2018-02-25 05:19:47,0.2374,11329000,0.0,2689505,1
2018-02-25 05:20:36,0.0922,11300000,0.0,-1041860,0
2018-02-25 05:20:41,0.0018,11312000,0.0,20362,1
2018-02-25 05:20:50,0.7524,11308000,0.0,-8508139,0
2018-02-25 05:36:09,0.0177,11299000,0.0,199992,1
2018-02-25 05:36:17,0.0067,11282000,0.0,75589,1
2018-02-25 05:36:17,0.0159,11282000,0.0,179384,1
2018-02-25 05:36:17,0.0384,11282000,0.0,433229,1
2018-02-25 05:36:26,0.009,11281000,0.0,101529,1
2018-02-25 05:36:26,0.011,11281000,0.0,124091,1
2018-02-25 05:36:26,0.009,11281000,0.0,101529,1
2018-02-25 05:36:27,0.1401,11281000,0.0,1580468,1
2018-02-25 05:38:35,0.1308,11276000,0.0,1474901,1
2018-02-25 05:40:23,0.0718,11317000,0.0,812561,1
2018-02-25 05:44:38,0.3399,11277000,0.0,3833052,1
2018-02-25 05:44:42,0.0442,11276000,0.0,498399,1
2018-02-25 05:45:09,0.6173,11269000,0.0,-6956354,0
2018-02-25 05:50:01,1.2828,11291000,0.0,14484095,1
2018-02-25 05:50:50,1.5,11274000,0.0,-16911000,0
2018-02-25 05:53:32,0.0927,11283000,0.0,1045934,1
2018-02-25 05:55:21,0.6341,11280000,0.0,7152648,1
2018-02-25 05:55:22,0.7732,11280000,0.0,8721696,1
2018-02-25 05:57:24,0.4201,11298000,0.0,-4746290,0
2018-02-25 05:59:14,1.0799,11282000,0.0,-12183432,0
2018-02-25 06:02:45,0.1166,11287000,0.0,1316064,1
2018-02-25 06:06:41,0.0324,11286000,0.0,365666,1
2018-02-25 06:10:54,0.4382,11306000,0.0,4954289,1
2018-02-25 06:11:39,0.9128,11311000,0.0,10324681,1
2018-02-25 06:14:38,0.0011,11339000,0.0,-12473,0
2018-02-25 06:18:23,0.3121,11319000,0.0,-3532660,0
2018-02-25 06:20:21,0.303,11329000,0.0,3432687,1
2018-02-25 06:20:21,0.0102,11329000,0.0,115556,1
2018-02-25 06:24:36,0.033,11299000,0.0,-372867,0
2018-02-25 06:24:43,0.58275672,11299000,0.0,-6584568,0
2018-02-25 06:24:44,0.00994328,11299000,0.0,-112349,0
2018-02-25 06:25:45,0.7731,11298000,0.0,-8734484,0
2018-02-25 06:26:38,0.0995,11288000,0.0,1123156,1
2018-02-25 06:30:36,0.9656,11282000,0.0,10893899,1
2018-02-25 06:31:26,0.7535,11287000,0.0,-8504755,0
2018-02-25 06:31:56,1.0872,11285000,0.0,12269052,1
2018-02-25 06:33:24,1.5,11273000,0.0,-16909500,0
2018-02-25 06:38:55,0.11,11313000,0.0,1244430,1
2018-02-25 06:43:14,0.0002,11326000,0.0,2265,1
2018-02-25 06:45:46,0.0919,11304000,0.0,1038838,1
2018-02-25 06:45:46,0.0651,11304000,0.0,735890,1
2018-02-25 06:46:04,0.1,11308000,0.0,1130800,1
2018-02-25 06:46:10,1.1328,11299000,0.0,12799507,1
2018-02-25 06:49:02,0.4479,11311000,0.0,-5066197,0
2018-02-25 06:55:13,1.0521,11322000,0.0,-11911876,0
2018-02-25 06:58:52,0.1652,11356000,0.0,1876011,1
2018-02-25 06:59:57,0.0066,11354000,0.0,74936,1
2018-02-25 07:00:25,0.4626,11357000,0.0,5253748,1
2018-02-25 07:00:37,0.4193,11356000,0.0,4761571,1
2018-02-25 07:01:31,0.4463,11361000,0.0,5070414,1
2018-02-25 07:22:35,0.799,11441000,0.0,-9141359,0
2018-02-25 07:22:59,0.799,11449000,0.0,9147751,1
2018-02-25 07:29:13,0.0443,11516000,0.0,-510159,0
2018-02-25 07:30:01,0.0536,11500000,0.0,-616400,0
2018-02-25 07:30:11,0.4157,11493000,0.0,-4777640,0
2018-02-25 07:30:40,0.0025,11510000,0.0,-28775,0
2018-02-25 07:32:13,0.9839,11512000,0.0,-11326657,0
2018-02-25 07:33:33,0.0098177,11500000,0.0,112904,1
2018-02-25 07:33:34,0.1118,11500000,0.0,1285700,1
2018-02-25 07:33:34,0.0189,11500000,0.0,217350,1
2018-02-25 07:33:35,0.1721,11500000,0.0,1979150,1
2018-02-25 07:34:10,0.1,11510000,0.0,1151000,1
2018-02-25 07:34:58,1.0874,11524000,0.0,12531198,1
2018-02-25 07:40:40,0.0039,11472000,0.0,-44741,0
2018-02-25 07:42:48,0.0039,11487000,0.0,44799,1
2018-02-25 07:43:57,0.1401,11456000,0.0,-1604986,0
2018-02-25 07:43:57,0.8837,11461000,0.0,-10128086,0
2018-02-25 07:44:50,0.0582,11446000,0.0,666157,1
2018-02-25 07:44:53,0.0733,11439000,0.0,838479,1
2018-02-25 07:45:37,0.0515,11443000,0.0,589315,1
2018-02-25 07:48:43,0.2,11465000,0.0,2293000,1
2018-02-25 07:49:17,0.6408,11455000,0.0,7340364,1
2018-02-25 07:49:40,0.091,11466000,0.0,-1043406,0
2018-02-25 07:49:48,0.0677,11464000,0.0,-776113,0
2018-02-25 07:50:58,0.1587,11485000,0.0,1822670,1
2018-02-25 07:54:09,0.0787,11470000,0.0,-902689,0
2018-02-25 07:58:58,0.34,11431000,0.0,-3886540,0
2018-02-25 07:59:10,1.0813,11434000,0.0,-12363584,0
2018-02-25 08:01:16,0.3765,11462000,0.0,4315443,1
2018-02-25 08:01:45,0.847,11455000,0.0,9702385,1
2018-02-25 08:01:56,0.2765,11450000,0.0,3165925,1
2018-02-25 08:06:06,0.151,11468000,0.0,-1731668,0
2018-02-25 08:08:25,0.052,11439000,0.0,-594828,0
2018-02-25 08:09:26,1.2418,11446000,0.0,-14213643,0
2018-02-25 08:09:57,0.0014,11469000,0.0,16057,1
2018-02-25 08:10:09,0.0067,11469000,0.0,76842,1
2018-02-25 08:10:12,1.4367,11465000,0.0,16471766,1
2018-02-25 08:15:50,0.48,11446000,0.0,-5494080,0
2018-02-25 08:15:54,0.4,11454000,0.0,4581600,1
2018-02-25 08:18:45,0.08,11473000,0.0,917840,1
2018-02-25 08:26:26,0.09069933,11479000,0.0,-1041138,0
2018-02-25 08:26:26,1.00200067,11479000,0.0,-11501966,0
2018-02-25 08:26:26,0.4073,11479000,0.0,-4675397,0
2018-02-25 08:37:20,0.3,11540000,0.0,3462000,1
2018-02-25 08:37:20,1.0,11540000,0.0,11540000,1
2018-02-25 08:37:45,1.3,11537000,0.0,-14998100,0
2018-02-25 08:47:53,0.06,11564000,0.0,693840,1
2018-02-25 08:53:51,0.3781,11517000,0.0,4354578,1
2018-02-25 08:53:52,0.0123,11517000,0.0,141659,1
2018-02-25 08:53:52,1.0496,11517000,0.0,12088243,1
2018-02-25 08:55:18,1.5,11510000,0.0,-17265000,0
2018-02-25 08:57:08,0.3827,11523000,0.0,4409852,1
2018-02-25 08:57:08,1.0,11523000,0.0,11523000,1
2018-02-25 08:57:13,0.0071,11524000,0.0,81820,1
2018-02-25 08:57:56,0.008,11532000,0.0,-92256,0
2018-02-25 08:58:53,0.08,11526000,0.0,922080,1
2018-02-25 08:59:13,0.0382,11532000,0.0,440522,1
2018-02-25 09:02:45,0.0493,11475000,0.0,-565718,0
2018-02-25 09:02:46,0.12,11475000,0.0,-1377000,0
2018-02-25 09:03:49,0.1693,11471000,0.0,1942040,1
2018-02-25 09:04:18,0.0143,11440000,0.0,-163592,0
2018-02-25 09:04:19,0.283,11440000,0.0,-3237520,0
2018-02-25 09:04:20,0.1524,11440000,0.0,-1743456,0
2018-02-25 09:04:31,0.2338,11449000,0.0,2676776,1
2018-02-25 09:04:34,0.2031,11431000,0.0,-2321636,0
2018-02-25 09:04:45,0.0763,11427000,0.0,-871880,0
2018-02-25 09:04:49,0.0157,11424000,0.0,-179357,0
2018-02-25 09:04:49,0.0543,11424000,0.0,-620323,0
2018-02-25 09:05:00,0.0465,11424000,0.0,-531216,0
2018-02-25 09:05:38,0.0758,11421000,0.0,865712,1
2018-02-25 09:06:02,0.4199,11432000,0.0,4800297,1
2018-02-25 09:08:45,0.0072,11426000,0.0,-82267,0
2018-02-25 09:08:50,0.7687,11425000,0.0,-8782398,0
2018-02-25 09:10:39,0.892,11434000,0.0,10199128,1
2018-02-25 09:11:04,0.22674033,11430000,0.0,-2591642,0
2018-02-25 09:11:15,0.2267,11442000,0.0,2593901,1
2018-02-25 09:14:58,0.5,11460000,0.0,-5730000,0
2018-02-25 09:16:12,0.0545,11478000,0.0,625551,1
2018-02-25 09:17:05,0.4,11470000,0.0,4588000,1
2018-02-25 09:18:38,1.4544,11450000,0.0,-16652880,0
2018-02-25 09:21:04,0.0751,11441000,0.0,859219,1
2018-02-25 09:21:11,0.0063,11440000,0.0,72072,1
2018-02-25 09:21:11,0.0672,11440000,0.0,768768,1
2018-02-25 09:21:11,0.0929,11440000,0.0,1062776,1
2018-02-25 09:21:11,0.0848,11440000,0.0,970112,1
2018-02-25 09:24:56,1.1736,11451000,0.0,13438894,1
2018-02-25 09:35:30,0.328,11407000,0.0,-3741496,0
2018-02-25 09:37:26,1.172,11411000,0.0,-13373692,0
2018-02-25 09:44:24,0.6994,11449000,0.0,8007431,1
2018-02-25 09:51:30,0.52700341,11450000,0.0,6034189,1
2018-02-25 09:51:34,0.075,11446000,0.0,858450,1
2018-02-25 09:53:22,1.3014,11460000,0.0,-14914044,0
2018-02-25 09:54:03,0.05739998,11469000,0.0,658320,1
2018-02-25 09:57:57,0.10654673,11475000,0.0,1222624,1
2018-02-25 10:02:21,0.01552225,11479000,0.0,178180,1
2018-02-25 10:02:59,0.04551881,11486000,0.0,522829,1
2018-02-25 10:04:05,0.1638,11508000,0.0,1885010,1
2018-02-25 10:05:16,0.4175,11492000,0.0,4797910,1
2018-02-25 10:06:40,0.6694,11501000,0.0,7698769,1
2018-02-25 10:06:43,0.0243,11496000,0.0,279353,1
2018-02-25 10:08:07,0.786,11481000,0.0,-9024066,0
2018-02-25 10:09:36,0.026,11492000,0.0,298792,1
2018-02-25 10:10:11,0.0118,11497000,0.0,135665,1
2018-02-25 10:13:15,0.7482,11503000,0.0,8606545,1
2018-02-25 10:20:53,0.0001,11520000,0.0,-1152,0
2018-02-25 10:24:04,1.2609,11560000,0.0,-14576004,0
2018-02-25 10:26:51,0.0119,11561000,0.0,137576,1
2018-02-25 10:26:54,1.2491,11562000,0.0,14442094,1
2018-02-25 10:35:30,0.4475,11517000,0.0,-5153858,0
2018-02-25 10:36:12,0.4475,11520000,0.0,5155200,1
2018-02-25 10:46:22,0.0028,11531000,0.0,-32287,0
2018-02-25 10:46:22,0.19,11531000,0.0,-2190890,0
2018-02-25 10:46:47,0.1928,11551000,0.0,2227033,1
2018-02-25 10:48:13,1.5,11525000,0.0,-17287500,0
2018-02-25 10:49:16,0.1164552,11529000,0.0,1342612,1
2018-02-25 10:51:43,1.3836,11550000,0.0,15980580,1
2018-02-25 10:56:12,1.2673,11530000,0.0,-14611969,0
2018-02-25 10:56:59,0.1441,11538000,0.0,1662626,1
2018-02-25 10:57:41,1.1232,11537000,0.0,12958358,1
2018-02-25 11:08:54,0.84,11485000,0.0,-9647400,0
2018-02-25 11:16:33,0.0847,11471000,0.0,971594,1
2018-02-25 11:18:43,0.271,11490000,0.0,3113790,1
2018-02-25 11:18:47,0.2222,11485000,0.0,2551967,1
2018-02-25 11:18:48,0.2621,11485000,0.0,3010219,1
2018-02-25 11:27:09,0.055,11481000,0.0,-631455,0
2018-02-25 11:41:12,1.445,11452000,0.0,-16548140,0
2018-02-25 11:43:00,0.6,11456000,0.0,6873600,1
2018-02-25 11:43:01,0.09266707,11456000,0.0,1061594,1
2018-02-25 11:43:43,0.1,11451000,0.0,1145100,1
2018-02-25 11:43:44,0.4,11451000,0.0,4580400,1
2018-02-25 11:44:11,0.0001,11450000,0.0,1145,1
2018-02-25 11:44:12,0.3072,11450000,0.0,3517440,1
2018-02-25 11:47:52,0.13533909,11454000,0.0,-1550174,0
2018-02-25 11:47:52,0.0473,11454000,0.0,-541774,0
2018-02-25 11:47:52,0.31966091,11454000,0.0,-3661396,0
2018-02-25 11:48:49,0.9977,11457000,0.0,-11430649,0
2018-02-25 11:50:28,0.3527,11446000,0.0,4037004,1
2018-02-25 11:55:54,0.3067,11421000,0.0,3502821,1
2018-02-25 11:58:45,0.1,11424000,0.0,1142400,1
2018-02-25 12:01:02,0.7594,11418000,0.0,-8670829,0
2018-02-25 12:01:34,0.2,11397000,0.0,2279400,1
2018-02-25 12:01:34,1.0052,11397000,0.0,11456264,1
2018-02-25 12:01:41,0.2948,11391000,0.0,3358067,1
2018-02-25 12:02:07,0.2513,11388000,0.0,-2861804,0
2018-02-25 12:02:07,0.9477,11387000,0.0,-10791460,0
2018-02-25 12:02:53,0.3973,11392000,0.0,4526042,1
2018-02-25 12:02:58,0.3235,11392000,0.0,3685312,1
2018-02-25 12:03:57,0.4782,11381000,0.0,5442394,1
2018-02-25 12:07:17,0.4506,11370000,0.0,-5123322,0
2018-02-25 12:08:32,1.0493,11361000,0.0,-11921097,0
2018-02-25 12:10:45,1.4999,11377000,0.0,17064362,1
2018-02-25 12:12:49,0.1977,11370000,0.0,-2247849,0
2018-02-25 12:13:32,0.3023,11366000,0.0,-3435942,0
2018-02-25 12:13:36,0.6121,11368000,0.0,-6958353,0
2018-02-25 12:14:36,0.0856,11359000,0.0,972330,1
2018-02-25 12:14:36,0.5,11359000,0.0,5679500,1
2018-02-25 12:14:40,0.5265,11358000,0.0,5979987,1
2018-02-25 12:19:39,0.2725,11348000,0.0,-3092330,0
2018-02-25 12:19:42,0.9981,11347000,0.0,-11325441,0
2018-02-25 12:19:53,0.26502194,11349000,0.0,3007734,1
2018-02-25 12:19:53,0.0293,11349000,0.0,332526,1
2018-02-25 12:25:07,0.1202,11295000,0.0,1357659,1
2018-02-25 12:28:03,0.16409569,11327000,0.0,1858712,1
2018-02-25 12:29:04,0.5931,11320000,0.0,-6713892,0
2018-02-25 12:31:04,0.1962,11339000,0.0,2224712,1
2018-02-25 12:31:04,0.4449,11339000,0.0,5044721,1
2018-02-25 12:32:52,0.644,11337000,0.0,7301028,1
2018-02-25 12:33:07,0.2226,11336000,0.0,-2523394,0
2018-02-25 12:35:05,0.2226,11367000,0.0,2530294,1
2018-02-25 12:36:31,0.1511,11384000,0.0,-1720122,0
2018-02-25 12:37:07,0.09998816,11400000,0.0,-1139865,0
2018-02-25 12:37:07,0.0023,11400000,0.0,-26220,0
2018-02-25 12:37:07,0.0067,11400000,0.0,-76380,0
2018-02-25 12:37:07,0.0018,11400000,0.0,-20520,0
2018-02-25 12:37:07,0.04101184,11400000,0.0,-467535,0
2018-02-25 12:37:27,4.76e-06,11409000,0.0,54,1
2018-02-25 12:37:27,0.30289524,11403000,0.0,3453914,1
2018-02-25 12:40:31,0.1201,11371000,0.0,-1365657,0
2018-02-25 12:40:55,1.3798,11382000,0.0,-15704884,0
2018-02-25 12:42:41,0.2497,11406000,0.0,2848078,1
2018-02-25 12:42:45,1.2502,11401000,0.0,14253530,1
2018-02-25 12:43:10,1.5,11392000,0.0,-17088000,0
2018-02-25 12:44:10,0.4873,11385000,0.0,5547911,1
2018-02-25 12:44:11,0.022,11385000,0.0,250470,1
2018-02-25 12:48:19,0.9907,11364000,0.0,11258315,1
2018-02-25 13:00:30,0.467,11338000,0.0,-5294846,0
2018-02-25 13:00:46,0.1007,11339000,0.0,-1141837,0
2018-02-25 13:01:13,0.2061,11338000,0.0,-2336762,0
2018-02-25 13:01:13,0.0266,11336000,0.0,-301538,0
2018-02-25 13:01:47,0.8004,11348000,0.0,9082939,1
2018-02-25 13:06:00,1.5,11340000,0.0,-17010000,0
2018-02-25 13:06:30,0.4717,11357000,0.0,5357097,1
2018-02-25 13:07:00,0.4172,11368000,0.0,4742730,1
2018-02-25 13:07:00,0.2525,11368000,0.0,2870420,1
2018-02-25 13:07:25,1.731e-05,11387000,0.0,197,1
2018-02-25 13:08:01,0.2818,11397000,0.0,3211675,1
2018-02-25 13:08:01,0.0657,11398000,0.0,748849,1
2018-02-25 13:09:00,0.0111,11415000,0.0,126707,1
2018-02-25 13:17:27,1.5,11459000,0.0,-17188500,0
2018-02-25 13:18:58,1.3,11449000,0.0,14883700,1
2018-02-25 13:19:02,0.2,11448000,0.0,2289600,1
2018-02-25 13:31:18,0.499,11408000,0.0,-5692592,0
2018-02-25 13:32:26,0.0021,11409000,0.0,-23959,0
2018-02-25 13:32:26,0.5309,11410000,0.0,-6057569,0
2018-02-25 13:33:22,1.032,11424000,0.0,11789568,1
2018-02-25 13:39:11,0.8361,11435000,0.0,-9560804,0
2018-02-25 13:40:56,0.4724,11436000,0.0,5402366,1
2018-02-25 13:41:23,0.3637,11432000,0.0,4157818,1
2018-02-25 13:42:27,0.5023,11422000,0.0,-5737271,0
2018-02-25 13:46:56,0.5,11417000,0.0,5708500,1
2018-02-25 13:46:56,0.0023,11417000,0.0,26259,1
2018-02-25 13:52:47,1.5,11420000,0.0,-17130000,0
2018-02-25 14:00:42,0.72408947,11418000,0.0,8267654,1
2018-02-25 14:08:19,0.7759,11441000,0.0,8877072,1
2018-02-25 14:11:18,0.3416,11443000,0.0,-3908929,0
2018-02-25 14:11:23,0.0348,11442000,0.0,-398182,0
2018-02-25 14:11:23,0.1456,11442000,0.0,-1665955,0
2018-02-25 14:16:50,0.1228,11445000,0.0,1405446,1
2018-02-25 14:18:00,8.252e-05,11440000,0.0,-944,0
2018-02-25 14:18:17,0.3992,11449000,0.0,4570441,1
2018-02-25 14:26:40,1.5,11419000,0.0,-17128500,0
2018-02-25 14:41:17,0.1936,11398000,0.0,2206653,1
2018-02-25 14:41:17,0.0011,11398000,0.0,12538,1
2018-02-25 14:43:29,1.3053,11379000,0.0,14853009,1
2018-02-25 14:44:45,0.4859,11371000,0.0,-5525169,0
2018-02-25 14:46:51,0.4859,11389000,0.0,5533915,1
2018-02-25 15:05:17,1.5,11402000,0.0,-17103000,0
2018-02-25 15:05:45,1.5,11438000,0.0,17157000,1
2018-02-25 15:14:21,1.1015,11499000,0.0,-12666149,0
2018-02-25 15:14:21,0.139,11500000,0.0,-1598500,0
2018-02-25 15:14:40,0.249112,11500000,0.0,2864788,1
2018-02-25 15:14:41,0.0003,11500000,0.0,3450,1
2018-02-25 15:14:41,0.2205,11500000,0.0,2535750,1
2018-02-25 15:14:57,0.6115,11486000,0.0,7023689,1
2018-02-25 15:15:28,0.1248,11498000,0.0,1434950,1
2018-02-25 15:15:53,0.0343,11492000,0.0,394176,1
2018-02-25 15:26:50,1.5,11480000,0.0,-17220000,0
2018-02-25 15:27:49,0.0851,11478000,0.0,976778,1
2018-02-25 15:27:49,0.3612,11477000,0.0,4145492,1
2018-02-25 15:29:25,0.11585693,11478000,0.0,1329806,1
2018-02-25 15:30:13,0.1561,11475000,0.0,1791248,1
2018-02-25 15:30:20,0.7818,11477000,0.0,8972719,1
2018-02-25 15:37:48,1.0622,11497000,0.0,-12212113,0
2018-02-25 15:38:29,0.4134,11513000,0.0,4759474,1
2018-02-25 15:39:51,0.3863,11497000,0.0,4441291,1
2018-02-25 15:39:52,0.2625,11497000,0.0,3017963,1
2018-02-25 15:41:37,0.6987,11496000,0.0,-8032255,0
2018-02-25 15:42:04,0.2008,11490000,0.0,2307192,1
2018-02-25 15:42:04,0.4979,11491000,0.0,5721369,1
2018-02-25 15:46:24,0.0737,11525000,0.0,-849393,0
2018-02-25 15:46:24,0.0974,11525000,0.0,-1122535,0
2018-02-25 15:46:24,0.0512,11524000,0.0,-590029,0
2018-02-25 15:46:25,0.5349,11525000,0.0,-6164723,0
2018-02-25 15:46:40,0.7572,11532000,0.0,8732030,1
2018-02-25 15:52:34,0.4089,11508000,0.0,-4705621,0
2018-02-25 15:53:40,0.28,11506000,0.0,3221680,1
2018-02-25 15:57:36,0.1289,11487000,0.0,1480674,1
2018-02-25 16:02:15,1.5,11480000,0.0,-17220000,0
2018-02-25 16:06:39,1.5,11516000,0.0,17274000,1
2018-02-25 16:12:18,0.0786,11550000,0.0,-907830,0
2018-02-25 16:12:18,0.0014,11550000,0.0,-16170,0
2018-02-25 16:12:18,1.42,11550000,0.0,-16401000,0
2018-02-25 16:15:15,0.1996,11542000,0.0,2303783,1
2018-02-25 16:15:16,0.1823,11542000,0.0,2104107,1
2018-02-25 16:15:16,0.47,11542000,0.0,5424740,1
2018-02-25 16:15:16,0.0083,11542000,0.0,95799,1
2018-02-25 16:17:39,0.5,11504000,0.0,5752000,1
2018-02-25 16:17:39,0.1398,11504000,0.0,1608259,1
2018-02-25 16:19:45,0.543,11506000,0.0,-6247758,0
2018-02-25 16:19:45,0.957,11506000,0.0,-11011242,0
2018-02-25 16:20:56,0.64984162,11510000,0.0,7479677,1
2018-02-25 16:20:56,0.49,11510000,0.0,5639900,1
2018-02-25 16:21:20,0.64235349,11516000,0.0,-7397343,0
2018-02-25 16:28:42,0.1779,11496000,0.0,2045138,1
2018-02-25 16:34:01,0.2,11515000,0.0,2303000,1
2018-02-25 16:34:06,0.6246,11516000,0.0,7192894,1
2018-02-25 16:41:14,1.3431,11509000,0.0,-15457738,0
2018-02-25 16:43:39,0.37074748,11493000,0.0,4261001,1
2018-02-25 16:44:04,0.1123,11494000,0.0,1290776,1
2018-02-25 16:44:04,0.8538,11494000,0.0,9813577,1
2018-02-25 16:45:25,0.0062,11485000,0.0,71207,1
2018-02-25 16:45:47,0.0161,11468000,0.0,-184635,0
2018-02-25 16:46:09,0.7517,11470000,0.0,-8621999,0
2018-02-25 16:49:03,0.4888,11450000,0.0,5596760,1
2018-02-25 16:49:03,0.0818,11450000,0.0,936610,1
2018-02-25 16:49:03,0.002,11450000,0.0,22900,1
2018-02-25 16:49:03,0.028,11450000,0.0,320600,1
2018-02-25 16:49:07,0.1672,11445000,0.0,1913604,1
2018-02-25 16:50:03,0.04,11445000,0.0,-457800,0
2018-02-25 16:50:04,0.2745,11445000,0.0,-3141653,0
2018-02-25 16:50:07,0.6968,11447000,0.0,-7976270,0
2018-02-25 16:50:44,0.2032,11454000,0.0,2327453,1
2018-02-25 16:50:50,0.5113,11453000,0.0,5855919,1
2018-02-25 16:50:50,0.0133,11453000,0.0,152325,1
2018-02-25 16:50:50,0.2835,11453000,0.0,3246926,1
2018-02-25 16:51:43,0.7674,11451000,0.0,-8787497,0
2018-02-25 16:52:15,0.1135,11435000,0.0,1297873,1
2018-02-25 16:52:44,0.8461,11443000,0.0,-9681922,0
2018-02-25 16:55:15,0.833,11458000,0.0,9544514,1
2018-02-25 16:55:50,0.667,11455000,0.0,7640485,1
2018-02-25 16:56:37,0.1522,11444000,0.0,-1741777,0
2018-02-25 16:57:30,0.2018,11452000,0.0,-2311014,0
2018-02-25 16:58:06,0.354,11453000,0.0,4054362,1
2018-02-25 16:59:28,0.1552,11452000,0.0,-1777350,0
2018-02-25 16:59:41,0.1166,11484000,0.0,1339034,1
2018-02-25 17:00:25,0.0386,11483000,0.0,443244,1
2018-02-25 17:01:51,0.04493709,11471000,0.0,-515473,0
2018-02-25 17:01:51,0.31746291,11471000,0.0,-3641617,0
2018-02-25 17:01:55,0.4769,11470000,0.0,-5470043,0
2018-02-25 17:08:56,0.0117,11490000,0.0,134433,1
2018-02-25 17:08:56,0.0025,11489000,0.0,28723,1
2018-02-25 17:08:56,0.0027,11489000,0.0,31020,1
2018-02-25 17:08:56,0.0027,11489000,0.0,31020,1
2018-02-25 17:08:57,0.1162,11488000,0.0,1334906,1
2018-02-25 17:08:57,0.0087,11488000,0.0,99946,1
2018-02-25 17:09:01,0.172,11484000,0.0,1975248,1
2018-02-25 17:11:51,0.9772,11479000,0.0,-11217279,0
2018-02-25 17:12:43,0.123,11491000,0.0,1413393,1
2018-02-25 17:13:13,0.003,11494000,0.0,34482,1
2018-02-25 17:13:13,1.0,11490000,0.0,11490000,1
2018-02-25 17:13:17,0.1349,11488000,0.0,1549731,1
2018-02-25 17:13:18,0.2391,11488000,0.0,2746781,1
2018-02-25 17:15:14,0.8748,11478000,0.0,-10040954,0
2018-02-25 17:18:18,0.0161,11476000,0.0,184764,1
2018-02-25 17:18:18,0.0842,11476000,0.0,966279,1
2018-02-25 17:24:28,0.2452,11453000,0.0,2808276,1
2018-02-25 17:25:44,0.9707,11450000,0.0,-11114515,0
2018-02-25 17:29:13,0.1477,11472000,0.0,1694414,1
2018-02-25 17:29:13,0.1085,11472000,0.0,1244712,1
2018-02-25 17:29:14,0.0157,11472000,0.0,180110,1
2018-02-25 17:29:41,0.25,11471000,0.0,2867750,1
2018-02-25 17:29:41,0.0156,11471000,0.0,178948,1
2018-02-25 17:31:04,0.962,11487000,0.0,11050494,1
2018-02-25 17:37:04,0.08545936,11490000,0.0,-981928,0
2018-02-25 17:38:09,0.086,11492000,0.0,988312,1
2018-02-25 17:40:01,0.6596,11461000,0.0,-7559676,0
2018-02-25 17:40:23,0.352,11469000,0.0,-4037088,0
2018-02-25 17:43:11,0.5623,11441000,0.0,6433274,1
2018-02-25 17:43:25,0.1739,11426000,0.0,-1986981,0
2018-02-25 17:43:37,0.4734,11425000,0.0,-5408595,0
2018-02-25 17:52:57,0.4519,11414000,0.0,5157987,1
2018-02-25 17:54:21,0.8553,11409000,0.0,-9758118,0
2018-02-25 18:04:43,0.9,11420000,0.0,10278000,1
2018-02-25 18:06:40,0.0022,11408000,0.0,-25098,0
2018-02-25 18:06:40,0.8978,11411000,0.0,-10244796,0
2018-02-25 18:08:03,1.5,11429000,0.0,17143500,1
2018-02-25 18:19:41,1.5,11422000,0.0,-17133000,0
2018-02-25 18:20:04,0.4361,11440000,0.0,4988984,1
2018-02-25 18:20:41,1.0639,11434000,0.0,12164633,1
2018-02-25 18:21:11,0.7752,11427000,0.0,-8858210,0
2018-02-25 18:21:11,0.6093,11427000,0.0,-6962471,0
2018-02-25 18:36:08,1.3845,11384000,0.0,15761148,1
2018-02-25 18:37:17,0.47017059,11368000,0.0,-5344899,0
2018-02-25 18:37:17,0.87562941,11368000,0.0,-9954155,0
2018-02-25 18:40:57,0.2464,11387000,0.0,2805757,1
2018-02-25 18:43:26,0.8006,11392000,0.0,9120435,1
2018-02-25 18:43:41,0.6371,11377000,0.0,-7248287,0
2018-02-25 18:48:44,0.2,11361000,0.0,2272200,1
2018-02-25 18:48:44,0.192,11361000,0.0,2181312,1
2018-02-25 18:48:48,0.5439,11360000,0.0,6178704,1
2018-02-25 18:51:43,0.041,11365000,0.0,-465965,0
2018-02-25 18:51:43,0.859,11366000,0.0,-9763394,0
2018-02-25 18:51:43,0.099,11365000,0.0,-1125135,0
2018-02-25 18:55:42,0.3812,11388000,0.0,4341106,1
2018-02-25 18:55:45,0.4105,11387000,0.0,4674364,1
2018-02-25 18:55:49,0.0081,11387000,0.0,92235,1
2018-02-25 18:55:49,0.1992,11387000,0.0,2268290,1
2018-02-25 18:57:37,4.427e-05,11380000,0.0,-504,0
2018-02-25 18:57:37,0.98065573,11381000,0.0,-11160843,0
2018-02-25 18:59:41,0.6739,11405000,0.0,7685830,1
2018-02-25 19:00:35,1.1932,11403000,0.0,-13606060,0
2018-02-25 19:06:00,0.0424266,11411000,0.0,484130,1
2018-02-25 19:06:00,0.2099,11411000,0.0,2395169,1
2018-02-25 19:08:14,0.001,11399000,0.0,11399,1
2018-02-25 19:08:14,0.7743,11399000,0.0,8826246,1
2018-02-25 19:08:18,0.4724,11397000,0.0,5383943,1
2018-02-25 19:10:06,0.4332,11372000,0.0,-4926350,0
2018-02-25 19:13:26,0.34818885,11396000,0.0,3967960,1
2018-02-25 19:14:09,0.0816,11392000,0.0,929587,1
2018-02-25 19:14:09,0.0034,11392000,0.0,38733,1
2018-02-25 19:15:01,0.3685,11385000,0.0,-4195373,0
2018-02-25 19:15:01,0.099,11384000,0.0,-1127016,0
2018-02-25 19:16:46,0.4675,11403000,0.0,5330903,1
2018-02-25 19:19:34,0.728,11411000,0.0,-8307208,0
2018-02-25 19:20:25,0.728,11419000,0.0,8313032,1
2018-02-25 19:26:23,0.3278,11431000,0.0,-3747082,0
2018-02-25 19:26:23,0.007,11430000,0.0,-80010,0
2018-02-25 19:26:30,1.1486,11431000,0.0,-13129647,0
2018-02-25 19:27:31,1.2,11426000,0.0,13711200,1
2018-02-25 19:30:16,1.1006,11429000,0.0,-12578757,0
2018-02-25 19:31:47,0.2388,11451000,0.0,2734499,1
2018-02-25 19:31:47,0.0157,11451000,0.0,179781,1
2018-02-25 19:36:39,1.1295,11446000,0.0,12928257,1
2018-02-25 19:40:46,1.2087,11460000,0.0,-13851702,0
2018-02-25 19:42:09,0.4204,11482000,0.0,4827033,1
2018-02-25 19:42:10,0.1746,11482000,0.0,2004757,1
2018-02-25 19:42:56,0.6137,11484000,0.0,7047731,1
2018-02-25 19:51:41,0.2965,11470000,0.0,-3400855,0
2018-02-25 19:53:03,0.2199,11483000,0.0,2525112,1
2018-02-25 19:53:07,0.0766,11484000,0.0,879674,1
2018-02-25 20:04:08,0.6313,11431000,0.0,-7216390,0
2018-02-25 20:04:55,0.05035049,11435000,0.0,-575758,0
2018-02-25 20:08:03,0.6816,11464000,0.0,7813862,1
2018-02-25 20:17:22,0.9944,11479000,0.0,-11414718,0
2018-02-25 20:24:26,0.9944,11491000,0.0,11426650,1
2018-02-25 20:35:53,0.1401,11462000,0.0,-1605826,0
2018-02-25 20:36:56,0.1401,11468000,0.0,1606667,1
2018-02-25 20:39:37,0.0121,11428000,0.0,-138279,0
2018-02-25 20:46:12,0.0121,11480000,0.0,138908,1
2018-02-25 21:11:36,0.3431,11437000,0.0,-3924035,0
2018-02-25 21:14:54,0.5734,11438000,0.0,-6558549,0
2018-02-25 21:14:54,0.5835,11438000,0.0,-6674073,0
2018-02-25 21:30:37,0.6239,11401000,0.0,7113084,1
2018-02-25 21:30:38,0.63,11401000,0.0,7182630,1
2018-02-25 21:30:38,0.0253,11401000,0.0,288445,1
2018-02-25 21:30:58,0.056,11399000,0.0,-638344,0
2018-02-25 21:30:58,0.969,11399000,0.0,-11045631,0
2018-02-25 21:32:07,0.2251,11391000,0.0,2564114,1
2018-02-25 21:36:58,0.8,11401000,0.0,9120800,1
2018-02-25 21:39:09,1.0987,11368000,0.0,-12490022,0
2018-02-25 21:39:09,0.1806,11368000,0.0,-2053061,0
2018-02-25 21:40:09,0.3358,11366000,0.0,3816703,1
2018-02-25 21:47:30,1.1642,11375000,0.0,13242775,1
2018-02-25 21:48:13,1.5,11390000,0.0,-17085000,0
2018-02-25 21:48:47,0.3435,11393000,0.0,3913496,1
2018-02-25 21:49:25,1.1565,11388000,0.0,13170222,1
2018-02-25 21:52:23,0.6035,11386000,0.0,-6871451,0
2018-02-25 21:52:28,0.8965,11388000,0.0,-10209342,0
2018-02-25 21:52:59,0.0356,11389000,0.0,405448,1
2018-02-25 21:52:59,0.1172036,11389000,0.0,1334832,1
2018-02-25 21:54:34,1.3472,11388000,0.0,15341914,1
2018-02-25 21:56:53,0.2419,11351000,0.0,-2745807,0
2018-02-25 21:57:22,1.2581,11354000,0.0,-14284467,0
2018-02-25 22:01:18,0.25860882,11376000,0.0,2941934,1
2018-02-25 22:04:22,1.2414,11397000,0.0,14148236,1
2018-02-25 22:26:10,0.5959,11360000,0.0,-6769424,0
2018-02-25 22:26:23,0.30657993,11360000,0.0,-3482748,0
2018-02-25 22:26:23,2.007e-05,11360000,0.0,-228,0
2018-02-25 22:28:10,0.9025,11368000,0.0,10259620,1
2018-02-25 22:32:30,1.5,11270000,0.0,-16905000,0
2018-02-25 22:32:54,0.4441,11269000,0.0,5004563,1
2018-02-25 22:32:54,0.2077,11269000,0.0,2340571,1
2018-02-25 22:33:05,0.8482,11268000,0.0,9557518,1
2018-02-25 22:42:28,1.5,11170000,0.0,-16755000,0
2018-02-25 22:44:01,0.2595,11167000,0.0,2897837,1
2018-02-25 22:44:01,0.3955,11167000,0.0,4416549,1
2018-02-25 22:44:01,0.24,11167000,0.0,2680080,1
2018-02-25 22:44:01,0.0901,11167000,0.0,1006147,1
2018-02-25 22:44:39,0.9851,11157000,0.0,-10990761,0
2018-02-25 22:47:07,1.5,11157000,0.0,16735500,1
2018-02-25 22:51:11,0.1441,11203000,0.0,-1614352,0
2018-02-25 22:52:45,0.1441,11222000,0.0,1617090,1
2018-02-25 22:52:50,0.9488,11208000,0.0,-10634150,0
2018-02-25 22:53:59,0.3201,11217000,0.0,3590562,1
2018-02-25 22:54:00,0.0515,11217000,0.0,577676,1
2018-02-25 22:55:25,0.5772,11219000,0.0,6475607,1
2018-02-25 22:59:51,0.1774,11185000,0.0,-1984219,0
2018-02-25 23:01:00,0.1774,11192000,0.0,1985461,1
2018-02-25 23:02:58,1.5,11165000,0.0,-16747500,0
2018-02-25 23:06:16,0.1189,11174000,0.0,1328589,1
2018-02-25 23:06:54,1.3198,11166000,0.0,14736887,1
2018-02-25 23:06:54,0.0613,11166000,0.0,684476,1
2018-02-25 23:10:39,1.1894,11124000,0.0,-13230886,0
2018-02-25 23:13:31,1.1894,11153000,0.0,13265378,1
2018-02-25 23:15:36,0.63609892,11152000,0.0,-7093775,0
2018-02-25 23:15:36,0.00300108,11152000,0.0,-33468,0
2018-02-25 23:15:50,0.3912,11151000,0.0,-4362271,0
2018-02-25 23:16:44,0.2635,11150000,0.0,2938025,1
2018-02-25 23:16:44,0.7668,11150000,0.0,8549820,1
2018-02-25 23:20:17,0.9716,11136000,0.0,-10819738,0
2018-02-25 23:24:19,0.9716,11144000,0.0,10827510,1
2018-02-25 23:34:09,0.3432,11174000,0.0,-3834917,0
2018-02-25 23:34:12,1.1568,11175000,0.0,-12927240,0
2018-02-25 23:42:36,0.2139,11149000,0.0,2384771,1
2018-02-25 23:42:37,1.2861,11149000,0.0,14338729,1
2018-02-25 23:45:36,0.6066,11055000,0.0,-6705963,0
2018-02-25 23:45:41,0.8934,11070000,0.0,-9889938,0
2018-02-25 23:47:26,1.5,11050000,0.0,16575000,1
2018-02-25 23:48:28,0.3057,11004000,0.0,-3363923,0
2018-02-25 23:48:29,0.0163,11004000,0.0,-179365,0
2018-02-25 23:48:51,0.7501,11005000,0.0,-8254851,0
2018-02-25 23:50:10,0.439,11002000,0.0,4829878,1
2018-02-25 23:50:14,0.6331,11011000,0.0,6971064,1
2018-02-25 23:50:54,0.63443046,11030000,0.0,-6997768,0
2018-02-25 23:51:03,0.1446,11043000,0.0,1596818,1
2018-02-25 23:51:37,0.4899,11035000,0.0,5406047,1
2018-02-25 23:56:11,0.004,11032000,0.0,-44128,0
2018-02-25 23:56:11,0.096,11030000,0.0,-1058880,0
2018-02-25 23:58:49,0.1,11018000,0.0,1101800,1
2018-02-26 00:04:46,0.51135703,10867000,0.0,-5556917,0
2018-02-26 00:04:55,0.18,10875000,0.0,-1957500,0
2018-02-26 00:04:59,0.8087,10874000,0.0,-8793804,0
2018-02-26 00:06:55,0.398,10843000,0.0,4315514,1
2018-02-26 00:06:56,1.102,10843000,0.0,11948986,1
2018-02-26 00:07:10,1.5,10866000,0.0,-16299000,0
2018-02-26 00:08:31,0.0269,10925000,0.0,293883,1
2018-02-26 00:09:26,0.1423,10915000,0.0,1553205,1
2018-02-26 00:11:06,0.1394,10912000,0.0,1521133,1
2018-02-26 00:11:06,0.23654751,10912000,0.0,2581206,1
2018-02-26 00:12:25,0.9549,10948000,0.0,10454245,1
2018-02-26 00:13:37,0.1,10960000,0.0,-1096000,0
2018-02-26 00:13:37,0.3378,10960000,0.0,-3702288,0
2018-02-26 00:13:37,0.3,10960000,0.0,-3288000,0
2018-02-26 00:13:40,0.0299,10961000,0.0,-327734,0
2018-02-26 00:13:40,0.1133,10961000,0.0,-1241881,0
2018-02-26 00:14:40,0.881,10970000,0.0,9664570,1
2018-02-26 00:15:20,1.5,10928000,0.0,-16392000,0
2018-02-26 00:15:50,0.1401,10905000,0.0,1527791,1
2018-02-26 00:16:03,0.0875,10880000,0.0,952000,1
2018-02-26 00:16:03,0.0883,10880000,0.0,960704,1
2018-02-26 00:16:30,0.3012,10898000,0.0,3282478,1
2018-02-26 00:16:50,0.8829,10872000,0.0,9598889,1
2018-02-26 00:17:49,0.4241,10859000,0.0,-4605302,0
2018-02-26 00:18:18,0.3418,10847000,0.0,-3707505,0
2018-02-26 00:24:05,0.7659,10890000,0.0,8340651,1
2018-02-26 00:24:43,1.5,10914000,0.0,-16371000,0
2018-02-26 00:25:31,0.9908,10895000,0.0,10794766,1
2018-02-26 00:25:43,0.5092,10884000,0.0,5542133,1
2018-02-26 00:27:47,0.0059,10874000,0.0,-64157,0
2018-02-26 00:27:55,1.4941,10874000,0.0,-16246843,0
2018-02-26 00:28:43,0.7604,10889000,0.0,8279996,1
2018-02-26 00:28:46,0.7396,10888000,0.0,8052765,1
2018-02-26 00:32:44,0.369,10847000,0.0,-4002543,0
2018-02-26 00:33:07,0.3510833,10861000,0.0,3813116,1
2018-02-26 00:33:31,0.07519119,10864000,0.0,-816877,0
2018-02-26 00:33:31,0.0546,10864000,0.0,-593174,0
2018-02-26 00:33:54,0.8969,10882000,0.0,-9760066,0
2018-02-26 00:34:25,0.6,10889000,0.0,6533400,1
2018-02-26 00:36:06,1.0312,10897000,0.0,-11236986,0
2018-02-26 00:37:18,1.4,10931000,0.0,15303400,1
2018-02-26 00:37:19,0.0758,10931000,0.0,828570,1
2018-02-26 00:44:41,0.2408,10970000,0.0,-2641576,0
2018-02-26 00:45:44,0.2408,10963000,0.0,2639890,1
2018-02-26 00:47:39,1.5,10941000,0.0,-16411500,0
2018-02-26 00:50:35,0.1682,10970000,0.0,1845154,1
2018-02-26 00:50:38,1.3318,10969000,0.0,14608514,1
2018-02-26 00:53:05,1.5,11000000,0.0,-16500000,0
2018-02-26 00:56:12,0.1758,11055000,0.0,1943469,1
2018-02-26 00:56:12,0.7259,11055000,0.0,8024825,1
2018-02-26 00:56:12,0.5,11055000,0.0,5527500,1
2018-02-26 00:56:18,0.90471619,11060000,0.0,-10006161,0
2018-02-26 00:56:18,0.1,11060000,0.0,-1106000,0
2018-02-26 00:57:03,0.0001,11085000,0.0,1109,1
2018-02-26 00:57:08,0.5089,11080000,0.0,5638612,1
2018-02-26 00:57:43,0.3135,11030000,0.0,3457905,1
2018-02-26 00:57:43,0.1359,11030000,0.0,1498977,1
2018-02-26 00:57:43,0.011,11030000,0.0,121330,1
2018-02-26 00:58:02,0.14835298,11020000,0.0,-1634850,0
2018-02-26 00:58:02,0.01284702,11020000,0.0,-141574,0
2018-02-26 00:58:56,0.0455,11013000,0.0,501092,1
2018-02-26 00:58:56,0.2493,11012000,0.0,2745292,1
2018-02-26 01:00:08,3.849e-05,11014000,0.0,-424,0
2018-02-26 01:00:17,1.5,11012000,0.0,-16518000,0
2018-02-26 01:01:33,0.67696987,11029000,0.0,7466301,1
2018-02-26 01:01:39,0.8231,11027000,0.0,9076324,1
2018-02-26 01:06:39,0.9991,11005000,0.0,-10995096,0
2018-02-26 01:07:13,0.025,10984000,0.0,274600,1
2018-02-26 01:07:13,0.0994,10984000,0.0,1091810,1
2018-02-26 01:07:54,0.8747,10973000,0.0,9598083,1
2018-02-26 01:08:24,0.4001,10975000,0.0,-4391098,0
2018-02-26 01:08:43,0.21849599,10988000,0.0,-2400834,0
2018-02-26 01:08:43,4.01e-06,10986000,0.0,-44,0
2018-02-26 01:08:54,0.2937,10988000,0.0,-3227176,0
2018-02-26 01:10:21,0.7422,10998000,0.0,8162716,1
2018-02-26 01:10:22,0.0782,10998000,0.0,860044,1
2018-02-26 01:10:46,0.0919,11019000,0.0,1012646,1
2018-02-26 01:21:02,7.731e-05,11028000,0.0,-853,0
2018-02-26 01:21:16,1.5,11039000,0.0,-16558500,0
2018-02-26 01:21:59,0.5226,11040000,0.0,5769504,1
2018-02-26 01:22:12,0.9774,11043000,0.0,10793428,1
2018-02-26 01:29:48,1.5,10989000,0.0,-16483500,0
2018-02-26 01:34:13,0.1584,11011000,0.0,1744142,1
2018-02-26 01:34:17,0.6372,11015000,0.0,7018758,1
2018-02-26 01:35:23,0.1,11025000,0.0,1102500,1
2018-02-26 01:35:23,0.0019,11025000,0.0,20948,1
2018-02-26 01:35:28,0.6025,11029000,0.0,6644973,1
2018-02-26 01:36:56,0.1304,11041000,0.0,-1439746,0
2018-02-26 01:37:34,0.1304,11038000,0.0,1439355,1
2018-02-26 01:38:11,0.55,11015000,0.0,-6058250,0
2018-02-26 01:38:39,0.714,11025000,0.0,-7871850,0
2018-02-26 01:39:24,0.4443,11032000,0.0,4901518,1
2018-02-26 01:39:28,0.3792,11033000,0.0,4183714,1
2018-02-26 01:39:57,1.0594,11023000,0.0,-11677766,0
2018-02-26 01:45:14,0.0418,11000000,0.0,459800,1
2018-02-26 01:45:14,0.1206,11000000,0.0,1326600,1
2018-02-26 01:45:14,0.1111,11000000,0.0,1222100,1
2018-02-26 01:45:14,0.2166,11000000,0.0,2382600,1
2018-02-26 01:45:18,0.0001,10999000,0.0,1100,1
2018-02-26 01:45:18,0.2709,10999000,0.0,2979629,1
2018-02-26 01:45:22,0.4522,10998000,0.0,4973296,1
2018-02-26 01:45:22,0.2497,10998000,0.0,2746201,1
2018-02-26 01:45:48,0.0369,10990000,0.0,405531,1
2018-02-26 01:48:04,0.2759,11015000,0.0,-3039039,0
2018-02-26 01:48:30,0.14,11028000,0.0,1543920,1
2018-02-26 01:50:52,0.599,11018000,0.0,-6599782,0
2018-02-26 01:52:11,0.7349,11017000,0.0,8096393,1
2018-02-26 01:53:37,0.7703,11010000,0.0,-8481003,0
2018-02-26 01:53:45,0.1483,11010000,0.0,1632783,1
2018-02-26 01:54:37,0.8759,11000000,0.0,-9634900,0
2018-02-26 01:54:37,0.0021,10998000,0.0,-23096,0
2018-02-26 01:56:53,0.182,10972000,0.0,1996904,1
2018-02-26 01:56:53,0.0485,10972000,0.0,532142,1
2018-02-26 01:56:54,0.1937,10972000,0.0,2125276,1
2018-02-26 01:58:51,0.2419,10969000,0.0,2653401,1
2018-02-26 01:58:55,0.3413,10961000,0.0,3740989,1
2018-02-26 01:59:22,1.0074,10949000,0.0,-11030023,0
2018-02-26 02:00:44,0.2,10966000,0.0,2193200,1
2018-02-26 02:00:44,1.3,10967000,0.0,14257100,1
2018-02-26 02:01:19,1.5,10940000,0.0,-16410000,0
2018-02-26 02:06:05,0.2678,10891000,0.0,2916610,1
2018-02-26 02:06:09,0.485,10893000,0.0,5283105,1
2018-02-26 02:07:17,0.2168,10912000,0.0,-2365722,0
2018-02-26 02:07:46,0.4451,10906000,0.0,4854261,1
2018-02-26 02:07:52,0.9811,10911000,0.0,-10704782,0
2018-02-26 02:10:19,0.1,10943000,0.0,1094300,1
2018-02-26 02:10:23,0.4116,10939000,0.0,4502492,1
2018-02-26 02:12:07,0.4103,10947000,0.0,4491554,1
2018-02-26 02:12:12,0.13559224,10960000,0.0,1486091,1
2018-02-26 02:14:24,0.686,10946000,0.0,-7508956,0
2018-02-26 02:16:17,0.8153,10967000,0.0,8941395,1
2018-02-26 02:18:04,0.25335377,10954000,0.0,2775237,1
2018-02-26 02:19:45,0.0599,10930000,0.0,654707,1
2018-02-26 02:22:47,1.1762,10904000,0.0,-12825285,0
2018-02-26 02:45:44,0.7,10967000,0.0,7676900,1
2018-02-26 02:50:25,0.138,10949000,0.0,-1510962,0
2018-02-26 02:50:56,0.044,10946000,0.0,-481624,0
2018-02-26 02:50:56,0.0884,10946000,0.0,-967626,0
2018-02-26 02:52:49,0.7466,10913000,0.0,8147646,1
2018-02-26 02:53:15,1.2335,10891000,0.0,-13434049,0
2018-02-26 02:57:23,0.6,10905000,0.0,6543000,1
2018-02-26 02:58:54,0.2552,10897000,0.0,2780914,1
2018-02-26 02:58:54,0.3783,10897000,0.0,4122335,1
2018-02-26 03:01:42,0.4583,10861000,0.0,-4977596,0
2018-02-26 03:02:34,0.105,10887000,0.0,1143135,1
2018-02-26 03:02:34,0.3533,10887000,0.0,3846377,1
2018-02-26 03:04:34,0.4136,10883000,0.0,-4501209,0
2018-02-26 03:05:04,0.4136,10887000,0.0,4502863,1
2018-02-26 03:11:09,0.1868,10903000,0.0,-2036680,0
2018-02-26 03:11:16,1.6132,10915000,0.0,-17608078,0
2018-02-26 03:12:12,0.4708,10900000,0.0,5131720,1
2018-02-26 03:15:44,0.8,10903000,0.0,8722400,1
2018-02-26 03:15:45,0.5292,10903000,0.0,5769868,1
2018-02-26 03:19:40,1.8,10886000,0.0,-19594800,0
2018-02-26 03:39:37,0.476,10925000,0.0,5200300,1
2018-02-26 03:39:37,1.324,10926000,0.0,14466024,1
2018-02-26 04:05:31,1.8,10980000,0.0,-19764000,0
2018-02-26 04:07:01,0.1287,10993000,0.0,1414799,1
2018-02-26 04:08:49,0.288,10980000,0.0,3162240,1
2018-02-26 04:11:03,1.3833,10989000,0.0,15201084,1
2018-02-26 04:17:11,0.20817063,11010000,0.0,-2291959,0
2018-02-26 04:17:12,0.00202937,11010000,0.0,-22343,0
2018-02-26 04:17:37,0.1097,11030000,0.0,1209991,1
2018-02-26 04:17:53,0.1005,11018000,0.0,1107309,1
2018-02-26 04:24:36,0.6175,11045000,0.0,-6820288,0
2018-02-26 04:25:24,0.04042071,11060000,0.0,447053,1
2018-02-26 04:25:24,0.1143,11059000,0.0,1264044,1
2018-02-26 04:25:28,0.1714,11061000,0.0,1895855,1
2018-02-26 04:25:32,0.2914,11056000,0.0,3221718,1
2018-02-26 04:36:42,0.2996,11021000,0.0,-3301892,0
2018-02-26 04:36:46,0.2011,11028000,0.0,-2217731,0
2018-02-26 04:38:22,0.3055,11042000,0.0,3373331,1
2018-02-26 04:38:32,0.1952,11037000,0.0,2154422,1
2018-02-26 05:01:03,1.8,11031000,0.0,-19855800,0
2018-02-26 05:02:41,1.4882,11041000,0.0,16431216,1
2018-02-26 05:03:36,0.9865,11033000,0.0,-10884055,0
2018-02-26 05:06:45,0.1104,11045000,0.0,1219368,1
2018-02-26 05:08:35,0.371,11038000,0.0,4095098,1
2018-02-26 05:12:00,0.3463,11042000,0.0,3823845,1
2018-02-26 05:12:01,0.4706,11042000,0.0,5196365,1
2018-02-26 05:23:33,1.8,11100000,0.0,-19980000,0
2018-02-26 05:27:05,0.1937,11140000,0.0,2157818,1
2018-02-26 05:27:27,0.3036,11139000,0.0,3381800,1
2018-02-26 05:27:31,0.505,11139000,0.0,5625195,1
2018-02-26 05:27:32,0.1842,11139000,0.0,2051804,1
2018-02-26 05:27:32,0.0893,11139000,0.0,994713,1
2018-02-26 05:27:48,0.4031,11126000,0.0,4484891,1
2018-02-26 05:27:48,0.0023,11126000,0.0,25590,1
2018-02-26 05:28:49,0.1188,11153000,0.0,1324976,1
2018-02-26 05:29:59,0.9598,11140000,0.0,-10692172,0
2018-02-26 05:29:59,0.8402,11140000,0.0,-9359828,0
2018-02-26 05:30:40,0.8702,11141000,0.0,9694898,1
2018-02-26 05:31:07,0.9298,11140000,0.0,10357972,1
2018-02-26 05:36:38,0.6526,11140000,0.0,-7269964,0
2018-02-26 05:38:36,0.1098,11146000,0.0,-1223831,0
2018-02-26 05:38:40,0.199,11145000,0.0,-2217855,0
2018-02-26 05:38:40,0.8386,11145000,0.0,-9346197,0
2018-02-26 05:42:47,0.7135,11170000,0.0,7969795,1
2018-02-26 05:43:54,0.8216,11187000,0.0,9191239,1
2018-02-26 05:46:22,1.5351,11200000,0.0,-17193120,0
2018-02-26 05:48:51,0.45,11232000,0.0,5054400,1
2018-02-26 05:48:51,0.3787,11232000,0.0,4253558,1
2018-02-26 05:49:56,0.4151,11241000,0.0,4666139,1
2018-02-26 05:49:56,0.5562,11241000,0.0,6252244,1
2018-02-26 05:53:03,1.616,11222000,0.0,-18134752,0
2018-02-26 05:53:29,0.206,11240000,0.0,2315440,1
2018-02-26 05:53:41,0.4321,11242000,0.0,4857668,1
2018-02-26 05:53:45,0.9779,11241000,0.0,10992574,1
2018-02-26 05:54:51,0.1013,11220000,0.0,-1136586,0
2018-02-26 05:55:18,0.1013,11235000,0.0,1138106,1
2018-02-26 06:03:53,0.0494,11235000,0.0,-555009,0
2018-02-26 06:03:53,0.1701,11236000,0.0,-1911244,0
2018-02-26 06:03:53,0.0395,11236000,0.0,-443822,0
2018-02-26 06:03:53,0.0484,11236000,0.0,-543822,0
2018-02-26 06:05:09,0.3074,11232000,0.0,3452717,1
2018-02-26 06:08:34,0.1529,11252000,0.0,-1720431,0
2018-02-26 06:10:48,1.6471,11287000,0.0,-18590818,0
2018-02-26 06:11:17,0.0668,11291000,0.0,754239,1
2018-02-26 06:11:33,0.259,11281000,0.0,2921779,1
2018-02-26 06:11:38,1.4742,11280000,0.0,16628976,1
2018-02-26 06:14:12,0.3353,11268000,0.0,-3778160,0
2018-02-26 06:14:35,0.3054,11257000,0.0,3437888,1
2018-02-26 06:14:36,0.004,11257000,0.0,45028,1
2018-02-26 06:14:56,0.47,11240000,0.0,-5282800,0
2018-02-26 06:15:11,0.3014,11238000,0.0,-3387133,0
2018-02-26 06:15:34,0.799,11239000,0.0,-8979961,0
2018-02-26 06:16:23,0.1378,11236000,0.0,1548321,1
2018-02-26 06:17:13,0.0046,11201000,0.0,51525,1
2018-02-26 06:17:13,1.4539,11200000,0.0,16283680,1
2018-02-26 06:17:43,0.17567545,11200000,0.0,-1967565,0
2018-02-26 06:17:43,0.94022455,11200000,0.0,-10530515,0
2018-02-26 06:18:27,1.1159,11183000,0.0,12479110,1
2018-02-26 06:18:46,1.8,11172000,0.0,-20109600,0
2018-02-26 06:21:11,0.0035,11157000,0.0,39050,1
2018-02-26 06:21:11,0.4447,11154000,0.0,4960184,1
2018-02-26 06:22:17,1.3518,11176000,0.0,15107717,1
2018-02-26 06:27:26,1.8,11163000,0.0,-20093400,0
2018-02-26 06:29:34,0.756,11192000,0.0,8461152,1
2018-02-26 06:29:34,0.3407,11192000,0.0,3813114,1
2018-02-26 06:29:55,0.1058,11186000,0.0,-1183479,0
2018-02-26 06:30:00,0.699,11191000,0.0,-7822509,0
2018-02-26 06:31:46,1.5081,11220000,0.0,16920882,1
2018-02-26 06:33:17,0.1865,11234000,0.0,-2095141,0
2018-02-26 06:33:19,0.451,11234000,0.0,-5066534,0
2018-02-26 06:33:23,0.41521424,11235000,0.0,-4664932,0
2018-02-26 06:33:23,0.03578576,11235000,0.0,-402053,0
2018-02-26 06:35:10,0.1483,11235000,0.0,1666151,1
2018-02-26 06:37:56,0.0074,11220000,0.0,83028,1
2018-02-26 06:37:56,0.6698,11219000,0.0,7514486,1
2018-02-26 06:37:56,0.263,11219000,0.0,2950597,1
2018-02-26 06:38:26,0.6697,11209000,0.0,-7506667,0
2018-02-26 06:38:29,1.1303,11210000,0.0,-12670663,0
2018-02-26 06:41:34,0.3827,11190000,0.0,4282413,1
2018-02-26 06:45:18,0.1,11222000,0.0,1122200,1
2018-02-26 06:46:32,0.424,11208000,0.0,4752192,1
2018-02-26 06:46:36,0.353,11207000,0.0,3956071,1
2018-02-26 06:47:16,0.97765507,11208000,0.0,-10957558,0
2018-02-26 06:48:34,0.3339,11224000,0.0,3747694,1
2018-02-26 06:48:34,0.34,11224000,0.0,3816160,1
2018-02-26 06:48:43,0.2365,11220000,0.0,2653530,1
2018-02-26 06:49:31,0.7843,11225000,0.0,-8803768,0
2018-02-26 06:49:43,0.2748,11220000,0.0,3083256,1
2018-02-26 06:52:20,0.1369,11216000,0.0,1535470,1
2018-02-26 06:52:52,0.062,11216000,0.0,695392,1
2018-02-26 06:52:52,0.178,11216000,0.0,1996448,1
2018-02-26 06:53:22,0.5984,11218000,0.0,-6712851,0
2018-02-26 06:53:22,0.0002,11218000,0.0,-2244,0
2018-02-26 07:05:13,0.7839,11220000,0.0,8795358,1
2018-02-26 07:05:48,0.3161,11213000,0.0,3544429,1
2018-02-26 07:06:35,0.0466,11222000,0.0,522945,1
2018-02-26 07:08:16,0.1366,11215000,0.0,-1531969,0
2018-02-26 07:08:16,0.5869,11215000,0.0,-6582084,0
2018-02-26 07:08:31,0.1279,11208000,0.0,1433503,1
2018-02-26 07:08:31,0.0783,11208000,0.0,877586,1
2018-02-26 07:08:40,0.035,11202000,0.0,392070,1
2018-02-26 07:08:40,0.5878,11203000,0.0,6585123,1
2018-02-26 07:08:41,0.0866,11200000,0.0,969920,1
2018-02-26 07:11:20,0.3415,11220000,0.0,-3831630,0
2018-02-26 07:11:20,0.0485,11220000,0.0,-544170,0
2018-02-26 07:11:20,0.2183,11220000,0.0,-2449326,0
2018-02-26 07:11:23,1.1917,11220000,0.0,-13370874,0
2018-02-26 07:12:01,1.8,11227000,0.0,20208600,1
2018-02-26 07:16:02,0.07030005,11235000,0.0,-789821,0
2018-02-26 07:16:02,0.29999995,11235000,0.0,-3370499,0
2018-02-26 07:17:30,0.3703,11242000,0.0,4162913,1
2018-02-26 07:20:55,0.595,11211000,0.0,-6670545,0
2018-02-26 07:21:09,0.3982,11218000,0.0,-4467008,0
2018-02-26 07:22:50,0.0503,11220000,0.0,564366,1
2018-02-26 07:22:50,0.1314,11220000,0.0,1474308,1
2018-02-26 07:23:46,0.6728,11229000,0.0,7554871,1
2018-02-26 07:24:21,0.1387,11223000,0.0,1556630,1
2018-02-26 07:27:30,0.177,11230000,0.0,-1987710,0
2018-02-26 07:28:02,0.3032,11229000,0.0,-3404633,0
2018-02-26 07:28:05,1.26252715,11231000,0.0,-14179442,0
2018-02-26 07:28:05,0.05727285,11231000,0.0,-643231,0
2018-02-26 07:29:41,0.143,11229000,0.0,1605747,1
2018-02-26 07:29:47,1.0757,11230000,0.0,12080111,1
2018-02-26 07:30:42,0.5567,11226000,0.0,6249514,1
2018-02-26 07:30:42,0.0246,11227000,0.0,276184,1
2018-02-26 07:35:56,1.1321,11246000,0.0,-12731597,0
2018-02-26 07:42:49,1.1321,11317000,0.0,12811976,1
2018-02-26 07:57:25,0.58,11392000,0.0,-6607360,0
2018-02-26 07:58:05,0.58,11385000,0.0,6603300,1
2018-02-26 08:00:39,1.2281,11350000,0.0,-13938935,0
2018-02-26 08:01:22,0.12542907,11340000,0.0,1422366,1
2018-02-26 08:01:22,0.9777,11340000,0.0,11087118,1
2018-02-26 08:01:57,0.78144488,11332000,0.0,-8855333,0
2018-02-26 08:04:09,0.5948,11331000,0.0,6739679,1
2018-02-26 08:04:30,0.3116,11332000,0.0,3531051,1
2018-02-26 08:06:54,0.1236,11319000,0.0,-1399028,0
2018-02-26 08:07:37,0.2145,11323000,0.0,-2428784,0
2018-02-26 08:08:00,0.3317,11327000,0.0,-3757166,0
2018-02-26 08:10:17,0.2808,11321000,0.0,-3178937,0
2018-02-26 08:10:30,0.4057,11326000,0.0,4594958,1
2018-02-26 08:11:09,0.2476,11320000,0.0,2802832,1
2018-02-26 08:12:20,0.2973,11312000,0.0,3363058,1
2018-02-26 08:15:53,0.3978,11313000,0.0,-4500311,0
2018-02-26 08:16:40,0.3978,11311000,0.0,4499516,1
2018-02-26 08:18:43,0.4773,11284000,0.0,-5385853,0
2018-02-26 08:18:47,1.3227,11284000,0.0,-14925347,0
2018-02-26 08:20:23,0.0088,11246000,0.0,98965,1
2018-02-26 08:20:23,0.4444,11246000,0.0,4997722,1
2018-02-26 08:20:27,0.7481,11240000,0.0,8408644,1
2018-02-26 08:20:27,0.0088,11240000,0.0,98912,1
2018-02-26 08:20:27,0.0088,11240000,0.0,98912,1
2018-02-26 08:20:27,0.0088,11240000,0.0,98912,1
2018-02-26 08:21:08,0.13388087,11240000,0.0,1504821,1
2018-02-26 08:21:40,0.2941492,11250000,0.0,-3309179,0
2018-02-26 08:21:40,1.0648,11250000,0.0,-11979000,0
2018-02-26 08:21:43,0.0025508,11250000,0.0,-28697,0
2018-02-26 08:23:06,0.45526749,11237000,0.0,5115841,1
2018-02-26 08:26:29,0.15882112,11221000,0.0,1782132,1
2018-02-26 08:30:21,1.1859,11299000,0.0,13399484,1
2018-02-26 08:30:26,0.54,11277000,0.0,-6089580,0
2018-02-26 08:30:31,0.2596,11276000,0.0,-2927250,0
2018-02-26 08:30:58,1.0004,11260000,0.0,-11264504,0
2018-02-26 08:31:50,0.0671,11262000,0.0,755680,1
2018-02-26 08:31:54,0.1099,11260000,0.0,1237474,1
2018-02-26 08:31:54,0.64902288,11260000,0.0,7307998,1
2018-02-26 08:32:07,0.0018,11245000,0.0,20241,1
2018-02-26 08:32:07,0.2295,11245000,0.0,2580728,1
2018-02-26 08:32:07,0.4078594,11245000,0.0,4586379,1
2018-02-26 08:32:13,0.0089,11228000,0.0,99929,1
2018-02-26 08:32:13,0.0123,11229000,0.0,138117,1
2018-02-26 08:32:13,0.3136,11227000,0.0,3520787,1
2018-02-26 08:32:32,0.2277,11240000,0.0,-2559348,0
2018-02-26 08:32:32,0.099,11239000,0.0,-1112661,0
2018-02-26 08:32:43,0.39338018,11250000,0.0,-4425527,0
2018-02-26 08:32:43,0.66401982,11250000,0.0,-7470223,0
2018-02-26 08:33:39,0.6556,11233000,0.0,7364355,1
2018-02-26 08:33:40,0.01,11233000,0.0,112330,1
2018-02-26 08:33:52,0.0667,11230000,0.0,749041,1
2018-02-26 08:34:18,0.5782,11210000,0.0,-6481622,0
2018-02-26 08:37:29,1.2,11199000,0.0,13438800,1
2018-02-26 08:37:33,0.03,11197000,0.0,335910,1
2018-02-26 08:38:35,1.7769,11192000,0.0,-19887065,0
2018-02-26 08:39:30,1.2,11189000,0.0,13426800,1
2018-02-26 08:39:33,0.4974,11190000,0.0,5565906,1
2018-02-26 08:40:21,0.0795,11179000,0.0,888731,1
2018-02-26 08:43:39,0.0857,11141000,0.0,-954784,0
2018-02-26 08:44:12,0.1649,11142000,0.0,-1837316,0
2018-02-26 08:46:04,0.3545,11159000,0.0,-3955866,0
2018-02-26 08:46:15,0.0548,11221000,0.0,614911,1
2018-02-26 08:51:33,0.299,11141000,0.0,-3331159,0
2018-02-26 08:51:37,0.0174,11143000,0.0,-193888,0
2018-02-26 08:51:37,0.2222,11144000,0.0,-2476197,0
2018-02-26 09:00:04,0.5503,11221000,0.0,6174916,1
2018-02-26 09:00:45,0.178,11217000,0.0,1996626,1
2018-02-26 09:01:15,0.3606,11243000,0.0,4054226,1
2018-02-26 09:03:49,0.1413,11231000,0.0,-1586940,0
2018-02-26 09:04:58,0.1743,11221000,0.0,-1955820,0
2018-02-26 09:06:31,0.3156,11245000,0.0,3548922,1
2018-02-26 09:10:15,0.52155954,11208000,0.0,-5845639,0
2018-02-26 09:10:16,0.17934046,11208000,0.0,-2010048,0
2018-02-26 09:10:37,0.7009,11216000,0.0,7861294,1
2018-02-26 09:10:41,0.0001,11202000,0.0,-1120,0
2018-02-26 09:12:17,0.5777,11170000,0.0,-6452909,0
2018-02-26 09:12:27,0.116,11186000,0.0,-1297576,0
2018-02-26 09:13:31,0.6938,11174000,0.0,7752521,1
2018-02-26 09:14:36,0.0026,11181000,0.0,-29071,0
2018-02-26 09:14:36,0.8262,11182000,0.0,-9238568,0
2018-02-26 09:14:56,0.0001,11153000,0.0,-1115,0
2018-02-26 09:15:04,0.0112,11178000,0.0,-125194,0
2018-02-26 09:15:04,0.9599,11178000,0.0,-10729762,0
2018-02-26 09:16:05,1.5131,11179000,0.0,16914945,1
2018-02-26 09:16:15,0.2869,11179000,0.0,3207255,1
2018-02-26 09:17:01,0.08312581,11184000,0.0,-929679,0
2018-02-26 09:17:50,0.0831,11203000,0.0,930969,1
2018-02-26 09:27:16,1.6,11252000,0.0,-18003200,0
2018-02-26 09:27:16,0.0269,11252000,0.0,-302679,0
2018-02-26 09:28:11,0.9477,11256000,0.0,10667311,1
2018-02-26 09:28:16,0.6792,11255000,0.0,7644396,1
2018-02-26 09:31:15,0.5737,11210000,0.0,-6431177,0
2018-02-26 09:32:23,0.2887,11200000,0.0,-3233440,0
2018-02-26 09:33:39,0.3503,11196000,0.0,3921959,1
2018-02-26 09:33:39,0.3971,11196000,0.0,4445932,1
2018-02-26 09:33:43,0.115,11189000,0.0,1286735,1
2018-02-26 09:34:01,0.0227,11174000,0.0,-253650,0
2018-02-26 09:34:26,0.5052,11185000,0.0,-5650662,0
2018-02-26 09:35:21,0.0221,11186000,0.0,247211,1
2018-02-26 09:35:21,0.1746,11186000,0.0,1953076,1
2018-02-26 09:35:21,0.2656,11186000,0.0,2971002,1
2018-02-26 09:35:21,0.0656,11186000,0.0,733802,1
2018-02-26 09:41:04,0.0132,11252000,0.0,-148526,0
2018-02-26 09:41:04,0.8561,11252000,0.0,-9632837,0
2018-02-26 09:41:04,0.0089,11252000,0.0,-100143,0
2018-02-26 09:41:04,0.0888,11252000,0.0,-999178,0
2018-02-26 09:41:54,0.4952,11231000,0.0,5561591,1
2018-02-26 09:41:54,0.0722,11232000,0.0,810950,1
2018-02-26 09:41:58,0.3996,11232000,0.0,4488307,1
2018-02-26 09:53:04,0.2839,11200000,0.0,-3179680,0
2018-02-26 09:53:04,0.0161,11200000,0.0,-180320,0
2018-02-26 09:53:27,0.1176,11195000,0.0,-1316532,0
2018-02-26 09:53:40,1.3824,11189000,0.0,-15467674,0
2018-02-26 09:54:01,6.461e-05,11212000,0.0,724,1
2018-02-26 09:54:28,0.11,11197000,0.0,1231670,1
2018-02-26 09:57:52,0.301,11200000,0.0,3371200,1
2018-02-26 10:02:54,1.3708,11213000,0.0,15370780,1
2018-02-26 10:02:54,0.0181,11214000,0.0,202973,1
2018-02-26 10:17:25,0.19860851,11231000,0.0,-2230572,0
2018-02-26 10:19:00,0.1987,11243000,0.0,2233984,1
2018-02-26 10:37:35,0.4484,11258000,0.0,-5048087,0
2018-02-26 10:43:25,0.3065,11270000,0.0,3454255,1
2018-02-26 10:45:00,0.1419,11272000,0.0,1599497,1
2018-02-26 10:52:54,0.38854717,11300000,0.0,-4390583,0
2018-02-26 10:52:54,1.41145283,11300000,0.0,-15949417,0
2018-02-26 10:55:09,0.1998,11329000,0.0,2263534,1
2018-02-26 10:55:37,0.6011,11324000,0.0,6806856,1
2018-02-26 10:55:41,0.9991,11328000,0.0,11317805,1
2018-02-26 11:08:24,1.22140293,11331000,0.0,-13839717,0
2018-02-26 11:08:24,0.57859707,11331000,0.0,-6556083,0
2018-02-26 11:09:29,0.1938,11354000,0.0,2200405,1
2018-02-26 11:09:33,0.1762,11351000,0.0,2000046,1
2018-02-26 11:12:44,0.0417,11351000,0.0,473337,1
2018-02-26 11:12:44,0.90683709,11351000,0.0,10293508,1
2018-02-26 11:14:31,0.1179,11347000,0.0,1337811,1
2018-02-26 11:16:35,0.0165,11348000,0.0,187242,1
2018-02-26 11:16:49,0.2723,11326000,0.0,3084070,1
2018-02-26 11:16:53,0.0747,11324000,0.0,845903,1
2018-02-26 11:20:08,1.2335,11285000,0.0,-13920048,0
2018-02-26 11:22:19,0.4728,11330000,0.0,5356824,1
2018-02-26 11:23:49,0.1824,11332000,0.0,2066957,1
2018-02-26 11:24:03,0.572,11325000,0.0,6477900,1
2018-02-26 11:29:02,0.0063,11374000,0.0,71656,1
2018-02-26 11:53:53,0.113,11331000,0.0,-1280403,0
2018-02-26 11:57:56,0.113,11320000,0.0,1279160,1
2018-02-26 11:59:52,0.4088,11328000,0.0,-4630886,0
2018-02-26 11:59:56,0.07314184,11330000,0.0,-828697,0
2018-02-26 11:59:56,0.06475816,11332000,0.0,-733839,0
2018-02-26 12:02:07,0.7448,11316000,0.0,-8428157,0
2018-02-26 12:02:56,0.3455,11299000,0.0,3903805,1
2018-02-26 12:02:56,0.2701,11299000,0.0,3051860,1
2018-02-26 12:03:06,0.2491,11300000,0.0,2814830,1
2018-02-26 12:04:16,0.11346109,11298000,0.0,1281883,1
2018-02-26 12:04:28,0.24,11300000,0.0,-2712000,0
2018-02-26 12:04:28,0.0093,11300000,0.0,-105090,0
2018-02-26 12:04:57,0.3024,11308000,0.0,3419539,1
2018-02-26 12:05:06,0.1697,11298000,0.0,1917271,1
2018-02-26 12:05:06,0.0217,11298000,0.0,245167,1
2018-02-26 12:05:28,0.0689,11301000,0.0,778639,1
2018-02-26 12:06:17,1.2114,11275000,0.0,-13658535,0
2018-02-26 12:06:35,0.8287,11281000,0.0,9348565,1
2018-02-26 12:06:35,0.3827,11280000,0.0,4316856,1
2018-02-26 12:09:20,0.5719,11288000,0.0,-6455607,0
2018-02-26 12:10:32,0.5598,11279000,0.0,6313984,1
2018-02-26 12:10:32,0.0121,11279000,0.0,136476,1
2018-02-26 12:13:12,0.5512,11270000,0.0,-6212024,0
2018-02-26 12:14:30,0.5512,11277000,0.0,6215882,1
2018-02-26 12:19:00,0.1041,11291000,0.0,-1175393,0
2018-02-26 12:19:42,0.1041,11307000,0.0,1177059,1
2018-02-26 12:20:21,0.4616,11309000,0.0,-5220234,0
2018-02-26 12:21:06,1.3384,11309000,0.0,-15135966,0
2018-02-26 12:25:15,0.6865,11249000,0.0,7722439,1
2018-02-26 12:25:16,0.02,11249000,0.0,224980,1
2018-02-26 12:25:16,0.0211,11249000,0.0,237354,1
2018-02-26 12:25:55,1.0724,11261000,0.0,12076296,1
2018-02-26 12:32:33,1.8,11230000,0.0,-20214000,0
2018-02-26 12:36:19,0.6,11237000,0.0,6742200,1
2018-02-26 12:36:26,0.2163,11231000,0.0,2429265,1
2018-02-26 12:38:36,0.5686,11209000,0.0,6373437,1
2018-02-26 12:38:48,0.9913,11190000,0.0,-11092647,0
2018-02-26 12:40:48,0.01400744,11189000,0.0,156729,1
2018-02-26 12:41:12,1.1027,11190000,0.0,12339213,1
2018-02-26 12:41:31,0.0699,11175000,0.0,-781133,0
2018-02-26 12:41:31,1.399,11175000,0.0,-15633825,0
2018-02-26 12:41:32,0.0415,11177000,0.0,-463846,0
2018-02-26 12:42:18,0.9094,11190000,0.0,10176186,1
2018-02-26 12:42:19,0.0238,11190000,0.0,266322,1
2018-02-26 12:43:41,0.8668,11177000,0.0,9688224,1
2018-02-26 12:44:42,0.2945,11162000,0.0,-3287209,0
2018-02-26 12:44:56,0.1767,11158000,0.0,-1971619,0
2018-02-26 12:45:00,7.496e-05,11158000,0.0,-836,0
2018-02-26 12:45:07,1.3287,11161000,0.0,-14829621,0
2018-02-26 12:51:19,0.1902,11176000,0.0,2125675,1
2018-02-26 12:53:40,0.2845,11175000,0.0,3179288,1
2018-02-26 13:00:58,0.072,11164000,0.0,803808,1
2018-02-26 13:00:59,0.1468,11161000,0.0,1638435,1
2018-02-26 13:01:13,0.5236,11150000,0.0,5838140,1
2018-02-26 13:01:13,0.257,11150000,0.0,2865550,1
2018-02-26 13:02:35,0.3259,11140000,0.0,3630526,1
2018-02-26 13:05:52,0.30637985,11121000,0.0,-3407250,0
2018-02-26 13:05:52,0.018,11121000,0.0,-200178,0
2018-02-26 13:05:52,0.08982015,11121000,0.0,-998890,0
2018-02-26 13:05:56,1.3591,11125000,0.0,-15119988,0
2018-02-26 13:05:56,0.0267,11125000,0.0,-297038,0
2018-02-26 13:08:44,0.2424,11121000,0.0,2695730,1
2018-02-26 13:09:44,0.0089,11114000,0.0,98915,1
2018-02-26 13:09:44,0.1019,11114000,0.0,1132517,1
2018-02-26 13:09:44,0.01,11114000,0.0,111140,1
2018-02-26 13:09:44,1.0457,11114000,0.0,11621910,1
2018-02-26 13:09:50,0.0073,11111000,0.0,81110,1
2018-02-26 13:09:50,0.2373,11111000,0.0,2636640,1
2018-02-26 13:09:51,0.0366,11111000,0.0,406663,1
2018-02-26 13:10:01,0.03000001,11111000,0.0,333330,1
2018-02-26 13:10:01,0.0265,11111000,0.0,294442,1
2018-02-26 13:10:03,0.019,11111000,0.0,211109,1
2018-02-26 13:10:08,0.0326,11111000,0.0,362219,1
2018-02-26 13:10:14,0.00179999,11111000,0.0,20000,1
2018-02-26 13:10:18,0.5526,11116000,0.0,-6142702,0
2018-02-26 13:11:01,0.1807,11101000,0.0,2005951,1
2018-02-26 13:11:01,0.0469,11101000,0.0,520637,1
2018-02-26 13:11:01,0.0676,11101000,0.0,750428,1
2018-02-26 13:11:01,0.2574,11101000,0.0,2857397,1
2018-02-26 13:24:04,0.8644,11140000,0.0,-9629416,0
2018-02-26 13:24:34,0.0643,11149000,0.0,-716881,0
2018-02-26 13:24:34,0.8713,11150000,0.0,-9714995,0
2018-02-26 13:25:35,0.3256,11133000,0.0,3624905,1
2018-02-26 13:25:35,0.319,11133000,0.0,3551427,1
2018-02-26 13:25:35,0.0829,11133000,0.0,922926,1
2018-02-26 13:31:45,0.2785,11151000,0.0,3105554,1
2018-02-26 13:31:45,0.6443,11151000,0.0,7184589,1
2018-02-26 13:31:45,0.1497,11151000,0.0,1669305,1
2018-02-26 13:34:44,0.02571693,11162000,0.0,-287052,0
2018-02-26 13:34:44,0.003,11162000,0.0,-33486,0
2018-02-26 13:34:44,0.46218307,11162000,0.0,-5158887,0
2018-02-26 13:36:38,0.4909,11169000,0.0,5482862,1
2018-02-26 13:38:37,0.2249,11178000,0.0,-2513932,0
2018-02-26 13:39:02,0.1,11188000,0.0,-1118800,0
2018-02-26 13:39:02,0.0676,11188000,0.0,-756309,0
2018-02-26 13:39:13,0.1545,11175000,0.0,-1726538,0
2018-02-26 13:41:15,1.253,11178000,0.0,-14006034,0
2018-02-26 13:43:42,0.1625,11195000,0.0,1819188,1
2018-02-26 13:47:19,0.2576,11193000,0.0,2883317,1
2018-02-26 13:47:19,0.5,11193000,0.0,5596500,1
2018-02-26 13:49:37,0.9201,11198000,0.0,-10303280,0
2018-02-26 13:51:05,0.32285203,11190000,0.0,3612714,1
2018-02-26 13:51:06,0.32942457,11190000,0.0,3686261,1
2018-02-26 14:03:29,1.0402,11213000,0.0,11663763,1
2018-02-26 14:04:14,0.1075,11214000,0.0,1205505,1
2018-02-26 14:08:26,0.5846,11235000,0.0,-6567981,0
2018-02-26 14:08:30,0.299,11234000,0.0,-3358966,0
2018-02-26 14:08:56,0.0756,11233000,0.0,849215,1
2018-02-26 14:12:51,0.1469,11219000,0.0,1648071,1
2018-02-26 14:15:19,0.2545,11200000,0.0,2850400,1
2018-02-26 14:15:19,0.4066,11200000,0.0,4553920,1
2018-02-26 14:16:13,0.0982,11196000,0.0,-1099447,0
2018-02-26 14:16:13,0.1754,11197000,0.0,-1963954,0
2018-02-26 14:16:13,0.0866,11197000,0.0,-969660,0
2018-02-26 14:16:13,0.0386,11197000,0.0,-432204,0
2018-02-26 14:16:17,0.151,11187000,0.0,-1689237,0
2018-02-26 14:16:21,0.1259,11182000,0.0,-1407814,0
2018-02-26 14:16:25,1.1243,11184000,0.0,-12574171,0
2018-02-26 14:16:50,0.0011,11173000,0.0,12290,1
2018-02-26 14:16:50,0.0025,11173000,0.0,27933,1
2018-02-26 14:16:51,1.2964,11173000,0.0,14484677,1
2018-02-26 14:16:51,0.3753,11173000,0.0,4193227,1
2018-02-26 14:16:51,0.1158,11173000,0.0,1293833,1
2018-02-26 14:16:51,0.0089,11173000,0.0,99440,1
2018-02-26 14:17:18,0.2406,11166000,0.0,-2686540,0
2018-02-26 14:17:34,0.0089,11163000,0.0,99351,1
2018-02-26 14:17:34,0.1881,11163000,0.0,2099760,1
2018-02-26 14:17:34,0.0089,11164000,0.0,99360,1
2018-02-26 14:17:34,0.0247,11164000,0.0,275751,1
2018-02-26 14:17:34,0.01,11163000,0.0,111630,1
2018-02-26 14:18:23,0.0116,11182000,0.0,-129711,0
2018-02-26 14:18:23,0.53871877,11183000,0.0,-6024492,0
2018-02-26 14:18:23,1.23238123,11183000,0.0,-13781719,0
2018-02-26 14:19:06,0.0001,11219000,0.0,1122,1
2018-02-26 14:20:56,1.3,11189000,0.0,14545700,1
2018-02-26 14:21:19,0.0044,11185000,0.0,-49214,0
2018-02-26 14:21:22,1.313,11184000,0.0,-14684592,0
2018-02-26 14:30:32,0.1386,11136000,0.0,1543450,1
2018-02-26 14:36:07,0.0267,11101000,0.0,296397,1
2018-02-26 14:36:07,0.4,11101000,0.0,4440400,1
2018-02-26 14:36:11,0.0049,11100000,0.0,54390,1
2018-02-26 14:36:11,0.0086,11100000,0.0,95460,1
2018-02-26 14:36:11,0.12,11100000,0.0,1332000,1
2018-02-26 14:36:11,0.8167,11100000,0.0,9065370,1
2018-02-26 14:36:11,0.01,11100000,0.0,111000,1
2018-02-26 14:36:11,0.1745,11100000,0.0,1936950,1
2018-02-26 14:36:11,0.1,11100000,0.0,1110000,1
2018-02-26 14:45:24,0.5,11153000,0.0,-5576500,0
2018-02-26 14:45:33,0.3418,11154000,0.0,3812437,1
2018-02-26 14:45:33,0.1582,11154000,0.0,1764563,1
2018-02-26 14:49:41,0.1612,11144000,0.0,-1796413,0
2018-02-26 14:50:09,0.1612,11139000,0.0,1795607,1
2018-02-26 14:51:51,0.53898116,11125000,0.0,-5996165,0
2018-02-26 14:52:29,0.4251,11134000,0.0,4733063,1
2018-02-26 14:52:29,0.1139,11133000,0.0,1268049,1
2018-02-26 14:57:55,0.14,11154000,0.0,-1561560,0
2018-02-26 14:59:26,0.14,11146000,0.0,1560440,1
2018-02-26 15:04:25,0.257,11127000,0.0,-2859639,0
2018-02-26 15:08:25,0.257,11130000,0.0,2860410,1
2018-02-26 15:15:29,1.8,11091000,0.0,-19963800,0
2018-02-26 15:15:45,0.3378,11108000,0.0,3752282,1
2018-02-26 15:17:44,1.4622,11105000,0.0,16237731,1
2018-02-26 15:20:18,1.0,11096000,0.0,-11096000,0
2018-02-26 15:21:19,0.4576,11085000,0.0,5072496,1
2018-02-26 15:21:23,0.4339,11086000,0.0,4810215,1
2018-02-26 15:21:59,0.1085,11090000,0.0,1203265,1
2018-02-26 15:23:01,0.1577,11071000,0.0,-1745897,0
2018-02-26 15:23:25,0.1577,11077000,0.0,1746843,1
2018-02-26 15:26:57,0.0683,11024000,0.0,-752939,0
2018-02-26 15:26:57,0.54147211,11025000,0.0,-5969730,0
2018-02-26 15:26:58,0.75152789,11025000,0.0,-8285595,0
2018-02-26 15:27:54,0.04,11022000,0.0,440880,1
2018-02-26 15:27:54,1.28,11022000,0.0,14108160,1
2018-02-26 15:27:58,0.0413,11020000,0.0,455126,1
2018-02-26 15:30:26,1.8,11000000,0.0,-19800000,0
2018-02-26 15:32:19,1.35869971,11007000,0.0,14955208,1
2018-02-26 15:32:19,0.0635,11007000,0.0,698945,1
2018-02-26 15:32:19,0.37780029,11007000,0.0,4158448,1
2018-02-26 15:32:28,1.8,10995000,0.0,-19791000,0
2018-02-26 15:37:50,0.373,10980000,0.0,4095540,1
2018-02-26 15:39:34,1.427,10980000,0.0,15668460,1
2018-02-26 15:46:19,0.1615,10906000,0.0,-1761319,0
2018-02-26 15:46:37,0.326,10928000,0.0,-3562528,0
2018-02-26 15:46:46,1.3125,10926000,0.0,-14340375,0
2018-02-26 15:47:17,1.8,10951000,0.0,19711800,1
2018-02-26 15:48:23,0.799,10949000,0.0,-8748251,0
2018-02-26 15:50:25,0.1389,10925000,0.0,-1517483,0
2018-02-26 15:51:27,0.1173,10923000,0.0,1281268,1
2018-02-26 15:51:33,0.9794,10910000,0.0,-10685254,0
2018-02-26 15:57:34,0.4202,10894000,0.0,4577659,1
2018-02-26 15:57:34,0.6904,10894000,0.0,7521218,1
2018-02-26 15:57:40,0.17724932,10898000,0.0,1931663,1
2018-02-26 15:57:43,0.03001532,10898000,0.0,327107,1
2018-02-26 15:57:45,0.0576,10898000,0.0,627725,1
2018-02-26 15:57:47,0.42453536,10898000,0.0,4626586,1
2018-02-26 16:01:53,0.8497,10970000,0.0,-9321209,0
2018-02-26 16:02:32,0.8497,10974000,0.0,9324608,1
2018-02-26 16:03:11,1.8,10960000,0.0,-19728000,0
2018-02-26 16:03:45,0.3188,10976000,0.0,3499149,1
2018-02-26 16:03:49,0.5457,10971000,0.0,5986875,1
2018-02-26 16:03:54,0.9355,10970000,0.0,10262435,1
2018-02-26 16:06:42,9.809e-05,10955000,0.0,-1075,0
2018-02-26 16:16:31,0.5666,10955000,0.0,-6207103,0
2018-02-26 16:18:37,0.4124,10930000,0.0,-4507532,0
2018-02-26 16:19:20,0.3648,10952000,0.0,3995290,1
2018-02-26 16:22:08,0.1685,10915000,0.0,1839178,1
2018-02-26 16:23:39,0.3974,10901000,0.0,4332057,1
2018-02-26 16:23:39,0.0484,10901000,0.0,527608,1
2018-02-26 16:24:38,0.2,10891000,0.0,-2178200,0
2018-02-26 16:25:36,0.3204,10909000,0.0,-3495244,0
2018-02-26 16:25:59,0.4355,10913000,0.0,4752612,1
2018-02-26 16:25:59,0.0849,10914000,0.0,926599,1
2018-02-26 16:28:00,0.372,10912000,0.0,-4059264,0
2018-02-26 16:29:46,0.05498079,10930000,0.0,-600940,0
2018-02-26 16:29:46,0.38911921,10930000,0.0,-4253073,0
2018-02-26 16:29:50,0.9839,10932000,0.0,-10755995,0
2018-02-26 16:30:45,0.55747318,10945000,0.0,6101544,1
2018-02-26 16:31:00,0.6803,10947000,0.0,7447244,1
2018-02-26 16:31:00,0.5623,10945000,0.0,6154374,1
2018-02-26 16:42:24,0.0459,11000000,0.0,-504900,0
2018-02-26 16:42:24,0.5453,11000000,0.0,-5998300,0
2018-02-26 16:42:24,0.46386412,11000000,0.0,-5102505,0
2018-02-26 16:42:25,0.74493588,11000000,0.0,-8194295,0
2018-02-26 16:46:14,0.39015205,10996000,0.0,4290112,1
2018-02-26 16:46:24,0.3732,10997000,0.0,4104080,1
2018-02-26 16:46:24,0.1401,10997000,0.0,1540680,1
2018-02-26 16:46:27,0.2987,10995000,0.0,3284207,1
2018-02-26 16:46:28,0.5978,10995000,0.0,6572811,1
2018-02-26 16:58:00,0.4951,10956000,0.0,-5424316,0
2018-02-26 16:59:36,1.3049,10959000,0.0,-14300399,0
2018-02-26 17:01:09,0.4566,10950000,0.0,4999770,1
2018-02-26 17:01:09,0.2689,10950000,0.0,2944455,1
2018-02-26 17:01:09,0.1991,10950000,0.0,2180145,1
2018-02-26 17:01:09,0.0821,10950000,0.0,898995,1
2018-02-26 17:01:09,0.6325,10950000,0.0,6925875,1
2018-02-26 17:01:09,0.0601,10950000,0.0,658095,1
2018-02-26 17:02:41,0.1007,10930000,0.0,1100651,1
2018-02-26 17:04:59,1.8,10904000,0.0,-19627200,0
2018-02-26 17:05:43,0.2396,10888000,0.0,2608765,1
2018-02-26 17:05:44,1.5604,10888000,0.0,16989635,1
2018-02-26 17:06:04,0.2155,10890000,0.0,-2346795,0
2018-02-26 17:06:52,0.5797,10886000,0.0,-6310614,0
2018-02-26 17:06:56,0.8905,10892000,0.0,-9699326,0
2018-02-26 17:06:56,0.1143,10886000,0.0,-1244270,0
2018-02-26 17:07:46,1.0965,10906000,0.0,11958429,1
2018-02-26 17:08:37,0.1911,10903000,0.0,2083563,1
2018-02-26 17:08:43,0.5124,10903000,0.0,5586697,1
2018-02-26 17:12:09,0.081,10900000,0.0,-882900,0
2018-02-26 17:12:09,0.0017,10900000,0.0,-18530,0
2018-02-26 17:13:35,0.2901,10883000,0.0,-3157158,0
2018-02-26 17:13:54,0.1156,10884000,0.0,-1258190,0
2018-02-26 17:14:43,0.2752,10879000,0.0,2993901,1
2018-02-26 17:14:43,0.2132,10879000,0.0,2319403,1
2018-02-26 17:15:11,1.8,10863000,0.0,-19553400,0
2018-02-26 17:15:56,0.3128,10850000,0.0,3393880,1
2018-02-26 17:15:56,0.7671,10850000,0.0,8323035,1
2018-02-26 17:15:56,0.4609,10850000,0.0,5000765,1
2018-02-26 17:15:56,0.2592,10850000,0.0,2812320,1
2018-02-26 17:20:25,0.0881,10840000,0.0,-955004,0
2018-02-26 17:20:25,0.0587,10840000,0.0,-636308,0
2018-02-26 17:20:25,1.5,10840000,0.0,-16260000,0
2018-02-26 17:21:18,0.9954,10855000,0.0,10805067,1
2018-02-26 17:23:03,0.1356,10823000,0.0,1467599,1
2018-02-26 17:23:03,0.3191,10823000,0.0,3453619,1
2018-02-26 17:23:12,0.0088,10820000,0.0,95216,1
2018-02-26 17:23:12,0.1879,10820000,0.0,2033078,1
2018-02-26 17:23:38,0.3147,10830000,0.0,-3408201,0
2018-02-26 17:24:12,0.3147,10831000,0.0,3408516,1
2018-02-26 17:26:23,0.5212,10832000,0.0,-5645638,0
2018-02-26 17:33:39,0.5212,10870000,0.0,5665444,1
2018-02-26 17:37:39,0.1482105,10859000,0.0,-1609418,0
2018-02-26 17:37:40,0.0815,10859000,0.0,-885009,0
2018-02-26 17:38:14,0.2297,10859000,0.0,2494312,1
2018-02-26 17:45:06,0.4202,10833000,0.0,-4552027,0
2018-02-26 17:46:48,0.0306,10853000,0.0,332102,1
2018-02-26 17:46:48,0.3271,10852000,0.0,3549689,1
2018-02-26 17:46:48,0.0625,10853000,0.0,678313,1
2018-02-26 17:49:03,1.781,10873000,0.0,-19364813,0
2018-02-26 17:49:42,1.1,10883000,0.0,11971300,1
2018-02-26 17:49:46,0.4641,10877000,0.0,5048016,1
2018-02-26 17:49:46,0.0062,10879000,0.0,67450,1
2018-02-26 17:49:58,0.2107,10880000,0.0,2292416,1
2018-02-26 17:52:21,0.1863,10911000,0.0,-2032719,0
2018-02-26 17:52:42,0.1863,10927000,0.0,2035700,1
2018-02-26 18:04:27,1.3905,10965000,0.0,-15246833,0
2018-02-26 18:05:44,0.6113616,10981000,0.0,6713362,1
2018-02-26 18:06:13,0.7791,10981000,0.0,8555297,1
2018-02-26 18:07:02,0.432,10949000,0.0,-4729968,0
2018-02-26 18:08:02,0.1896,10971000,0.0,-2080102,0
2018-02-26 18:08:40,0.3328,10971000,0.0,3651149,1
2018-02-26 18:08:40,0.2888,10971000,0.0,3168425,1
2018-02-26 18:25:54,0.33173222,10967000,0.0,-3638107,0
2018-02-26 18:28:14,0.45380123,10955000,0.0,-4971392,0
2018-02-26 18:28:15,0.22329877,10955000,0.0,-2446238,0
2018-02-26 18:29:17,0.3948,10962000,0.0,4327798,1
2018-02-26 18:31:30,0.1097,10961000,0.0,-1202422,0
2018-02-26 18:37:26,1.0762,10968000,0.0,-11803762,0
2018-02-26 18:41:07,1.0526,10955000,0.0,11531233,1
2018-02-26 18:41:33,0.115,10948000,0.0,1259020,1
2018-02-26 18:42:43,0.2,10937000,0.0,2187400,1
2018-02-26 18:42:43,0.0236,10937000,0.0,258113,1
2018-02-26 18:42:43,0.1,10937000,0.0,1093700,1
2018-02-26 18:42:48,0.0481,10936000,0.0,526022,1
2018-02-26 18:42:48,0.0771,10935000,0.0,843089,1
2018-02-26 18:42:48,0.0593,10935000,0.0,648446,1
2018-02-26 18:42:48,0.0059,10939000,0.0,64540,1
2018-02-26 18:42:49,0.0649,10935000,0.0,709682,1
2018-02-26 18:42:49,0.0535,10935000,0.0,585023,1
2018-02-26 18:44:39,0.2605,10940000,0.0,-2849870,0
2018-02-26 18:44:39,0.1592,10940000,0.0,-1741648,0
2018-02-26 18:44:55,1.3803,10933000,0.0,-15090820,0
2018-02-26 18:48:47,0.18032961,10935000,0.0,1971904,1
2018-02-26 18:48:47,0.3262,10935000,0.0,3566997,1
2018-02-26 18:49:16,0.4593,10943000,0.0,5026120,1
2018-02-26 18:49:29,0.8342,10939000,0.0,9125314,1
2018-02-26 19:05:12,0.2852,10918000,0.0,-3113814,0
2018-02-26 19:05:12,0.0376,10918000,0.0,-410517,0
2018-02-26 19:05:16,0.06300284,10920000,0.0,-687991,0
2018-02-26 19:05:17,0.23599716,10921000,0.0,-2577325,0
2018-02-26 19:05:31,1.1782,10933000,0.0,-12881261,0
2018-02-26 19:07:08,0.3861,10956000,0.0,4230112,1
2018-02-26 19:07:09,0.1731,10956000,0.0,1896484,1
2018-02-26 19:07:17,0.0719,10956000,0.0,787736,1
2018-02-26 19:08:12,0.24,10948000,0.0,2627520,1
2018-02-26 19:08:12,0.0057,10950000,0.0,62415,1
2018-02-26 19:09:08,0.0057,10969000,0.0,62523,1
2018-02-26 19:09:08,0.1419,10969000,0.0,1556501,1
2018-02-26 19:09:11,0.7756,10970000,0.0,8508332,1
2018-02-26 19:12:40,1.8,10981000,0.0,-19765800,0
2018-02-26 19:13:28,0.0062,10979000,0.0,68070,1
2018-02-26 19:13:28,0.4554,10977000,0.0,4998926,1
2018-02-26 19:13:28,0.0016,10978000,0.0,17565,1
2018-02-26 19:13:34,0.01,10970000,0.0,109700,1
2018-02-26 19:13:34,0.5169,10970000,0.0,5670393,1
2018-02-26 19:13:34,0.0978,10970000,0.0,1072866,1
2018-02-26 19:13:43,0.4946,10970000,0.0,5425762,1
2018-02-26 19:20:15,0.2175,10979000,0.0,2387933,1
2018-02-26 19:26:15,0.299,10998000,0.0,-3288402,0
2018-02-26 19:26:27,1.501,11000000,0.0,-16511000,0
2018-02-26 19:29:09,0.18,10994000,0.0,1978920,1
2018-02-26 19:31:36,0.0044,10992000,0.0,48365,1
2018-02-26 19:31:36,0.9332,10991000,0.0,10256801,1
2018-02-26 19:31:37,0.5045,10991000,0.0,5544960,1
2018-02-26 19:31:56,0.1779,10989000,0.0,1954943,1
2018-02-26 19:35:25,0.53764842,11012000,0.0,-5920584,0
2018-02-26 19:35:25,0.0624,11012000,0.0,-687149,0
2018-02-26 19:35:25,0.00995158,11012000,0.0,-109587,0
2018-02-26 19:36:37,0.0254,11024000,0.0,280010,1
2018-02-26 19:36:37,0.2026,11024000,0.0,2233462,1
2018-02-26 19:36:42,0.2962,11020000,0.0,3264124,1
2018-02-26 19:36:43,0.0858,11020000,0.0,945516,1
2018-02-26 19:37:49,0.08124894,11035000,0.0,-896582,0
2018-02-26 19:37:49,0.01,11035000,0.0,-110350,0
2018-02-26 19:38:35,0.0912,11040000,0.0,1006848,1
2018-02-26 19:40:19,0.2432,11011000,0.0,-2677875,0
2018-02-26 19:40:49,0.1894,11015000,0.0,2086241,1
2018-02-26 19:41:59,0.4302,11030000,0.0,-4745106,0
2018-02-26 19:41:59,1.2984,11030000,0.0,-14321352,0
2018-02-26 19:41:59,0.0176,11029000,0.0,-194110,0
2018-02-26 19:42:59,0.0933,11032000,0.0,1029286,1
2018-02-26 19:42:59,0.1627,11032000,0.0,1794906,1
2018-02-26 19:42:59,0.0054,11032000,0.0,59573,1
2018-02-26 19:43:09,0.3769,11030000,0.0,4157207,1
2018-02-26 19:45:04,0.2195,11090000,0.0,2434255,1
2018-02-26 19:45:05,0.13429306,11090000,0.0,1489310,1
2018-02-26 19:45:25,0.7622,11094000,0.0,8455847,1
2018-02-26 19:45:42,0.07472784,11100000,0.0,-829479,0
2018-02-26 19:45:42,0.0997,11100000,0.0,-1106670,0
2018-02-26 19:45:42,0.6865,11100000,0.0,-7620150,0
2018-02-26 19:45:43,0.89337216,11100000,0.0,-9916431,0
2018-02-26 19:46:19,0.42691071,11115000,0.0,4745113,1
2018-02-26 19:46:57,1.0,11099000,0.0,11099000,1
2018-02-26 19:46:57,0.0508,11099000,0.0,563829,1
2018-02-26 19:46:57,0.0565,11099000,0.0,627094,1
2018-02-26 19:47:42,0.2658,11116000,0.0,2954633,1
2018-02-26 19:48:13,0.204,11100000,0.0,-2264400,0
2018-02-26 19:48:39,0.204,11099000,0.0,2264196,1
2018-02-26 19:49:41,1.5591,11079000,0.0,-17273269,0
2018-02-26 19:52:16,1.5591,11088000,0.0,17287301,1
2018-02-26 19:54:46,0.4314,11067000,0.0,-4774304,0
2018-02-26 19:55:42,0.577,11081000,0.0,-6393737,0
2018-02-26 19:57:52,0.5,11072000,0.0,5536000,1
2018-02-26 19:57:56,0.0471,11070000,0.0,521397,1
2018-02-26 19:57:56,0.4,11070000,0.0,4428000,1
2018-02-26 19:57:56,0.017,11072000,0.0,188224,1
2018-02-26 19:58:48,0.0443,11074000,0.0,490578,1
2018-02-26 19:59:25,0.6048486,11086000,0.0,-6705352,0
2018-02-26 19:59:56,0.7063,11099000,0.0,-7839224,0
2018-02-26 20:00:25,0.0089,11103000,0.0,98817,1
2018-02-26 20:00:25,0.0089,11104000,0.0,98826,1
2018-02-26 20:00:25,0.7864444,11103000,0.0,8731892,1
2018-02-26 20:00:52,0.01047689,11094000,0.0,116231,1
2018-02-26 20:00:52,0.27502311,11092000,0.0,3050556,1
2018-02-26 20:00:52,0.0055,11092000,0.0,61006,1
2018-02-26 20:00:52,0.1979,11092000,0.0,2195107,1
2018-02-26 20:00:52,0.009,11092000,0.0,99828,1
2018-02-26 20:00:52,0.009,11093000,0.0,99837,1
2018-02-26 20:04:43,0.3476,11083000,0.0,-3852451,0
2018-02-26 20:06:22,0.3476,11070000,0.0,3847932,1
2018-02-26 20:07:21,0.98197242,11075000,0.0,-10875345,0
2018-02-26 20:07:52,0.982,11091000,0.0,10891362,1
2018-02-26 20:12:00,1.8,11100000,0.0,-19980000,0
2018-02-26 20:14:39,0.1092,11095000,0.0,1211574,1
2018-02-26 20:14:49,1.6908,11091000,0.0,18752663,1
2018-02-26 20:16:40,0.0029,11100000,0.0,-32190,0
2018-02-26 20:16:40,0.0032,11100000,0.0,-35520,0
2018-02-26 20:16:40,1.7760745,11100000,0.0,-19714427,0
2018-02-26 20:16:40,0.0178255,11100000,0.0,-197863,0
2018-02-26 20:17:18,0.0035,11103000,0.0,38861,1
2018-02-26 20:17:19,1.0542,11101000,0.0,11702674,1
2018-02-26 20:17:19,0.7209,11102000,0.0,8003432,1
2018-02-26 20:17:19,0.0049,11102000,0.0,54400,1
2018-02-26 20:17:19,0.0165,11103000,0.0,183200,1
2018-02-26 20:22:51,1.2392,11157000,0.0,-13825754,0
2018-02-26 20:22:51,0.01,11157000,0.0,-111570,0
2018-02-26 20:22:51,0.0703,11157000,0.0,-784337,0
2018-02-26 20:24:48,1.19902006,11165000,0.0,13387059,1
2018-02-26 20:25:01,0.11502706,11161000,0.0,1283817,1
2018-02-26 20:25:14,0.0054,11158000,0.0,60253,1
2018-02-26 20:28:57,1.299,11095000,0.0,-14412405,0
2018-02-26 20:30:05,1.299,11075000,0.0,14386425,1
2018-02-26 20:30:35,1.2804,11074000,0.0,-14179150,0
2018-02-26 20:31:26,0.0553,11076000,0.0,612503,1
2018-02-26 20:31:26,0.4432,11076000,0.0,4908883,1
2018-02-26 20:31:26,0.0716,11080000,0.0,793328,1
2018-02-26 20:31:27,0.0338,11076000,0.0,374369,1
2018-02-26 20:31:30,0.2832,11074000,0.0,3136157,1
2018-02-26 20:31:30,0.0669,11074000,0.0,740851,1
2018-02-26 20:31:30,0.0057,11075000,0.0,63128,1
2018-02-26 20:31:30,0.3207,11073000,0.0,3551111,1
2018-02-26 20:32:29,0.4079,11090000,0.0,-4523611,0
2018-02-26 20:32:37,0.3786,11091000,0.0,-4199053,0
2018-02-26 20:33:16,0.4901,11078000,0.0,5429328,1
2018-02-26 20:33:17,0.0242,11078000,0.0,268088,1
2018-02-26 20:34:04,0.6675,11080000,0.0,-7395900,0
2018-02-26 20:34:45,0.1,11076000,0.0,1107600,1
2018-02-26 20:34:52,0.4537,11075000,0.0,-5024728,0
2018-02-26 20:36:15,1.2934,11061000,0.0,14306297,1
2018-02-26 20:38:23,1.8,11060000,0.0,-19908000,0
2018-02-26 20:39:25,0.7661,11045000,0.0,8461575,1
2018-02-26 20:40:08,1.0339,11036000,0.0,11410120,1
2018-02-26 20:43:16,0.2192,11061000,0.0,-2424571,0
2018-02-26 20:43:34,1.5808,11066000,0.0,-17493133,0
2018-02-26 20:45:26,0.177,11080000,0.0,1961160,1
2018-02-26 20:47:02,0.1484,11124000,0.0,1650802,1
2018-02-26 20:49:25,0.1,11118000,0.0,1111800,1
2018-02-26 20:49:58,0.5272,11089000,0.0,5846121,1
2018-02-26 20:49:58,0.26501371,11089000,0.0,2938737,1
2018-02-26 20:50:03,0.0938,11086000,0.0,1039867,1
2018-02-26 20:50:04,0.48571776,11080000,0.0,5381753,1
2018-02-26 20:50:04,0.00288224,11083000,0.0,31944,1
2018-02-26 20:57:12,1.8,11080000,0.0,-19944000,0
2018-02-26 20:58:13,0.2602,11075000,0.0,2881715,1
2018-02-26 20:58:13,0.02,11075000,0.0,221500,1
2018-02-26 20:58:13,0.2219,11075000,0.0,2457543,1
2018-02-26 20:58:13,0.0111,11075000,0.0,122933,1
2018-02-26 21:01:45,0.251,11086000,0.0,2782586,1
2018-02-26 21:01:55,0.4563,11085000,0.0,5058086,1
2018-02-26 21:02:46,0.5309,11087000,0.0,5886088,1
2018-02-26 21:03:45,0.0486,11080000,0.0,538488,1
2018-02-26 21:09:34,1.0823,11013000,0.0,-11919370,0
2018-02-26 21:14:34,0.7856,11047000,0.0,8678523,1
2018-02-26 21:14:38,0.2967,11050000,0.0,3278535,1
2018-02-26 21:23:15,0.2,11063000,0.0,-2212600,0
2018-02-26 21:23:39,0.2,11065000,0.0,2213000,1
2018-02-26 21:29:51,0.6458,11029000,0.0,-7122528,0
2018-02-26 21:30:13,0.1039,11042000,0.0,1147264,1
2018-02-26 21:31:16,0.3311,11055000,0.0,3660311,1
2018-02-26 21:31:43,0.2108,11052000,0.0,2329762,1
2018-02-26 21:35:43,0.3206,11025000,0.0,-3534615,0
2018-02-26 21:36:26,0.3206,11016000,0.0,3531730,1
2018-02-26 21:36:42,0.1724,11001000,0.0,-1896572,0
2018-02-26 21:38:03,0.1178,10996000,0.0,1295329,1
2018-02-26 21:38:03,0.0139,10998000,0.0,152872,1
2018-02-26 21:39:14,0.0407,10998000,0.0,447619,1
2018-02-26 21:40:38,0.293,10993000,0.0,-3220949,0
2018-02-26 21:40:38,0.6811,10993000,0.0,-7487332,0
2018-02-26 21:43:25,0.9741,11022000,0.0,10736530,1
2018-02-26 21:53:23,1.5905,11033000,0.0,-17547987,0
2018-02-26 21:54:04,0.1443,11046000,0.0,1593938,1
2018-02-26 21:54:05,0.0034,11046000,0.0,37556,1
2018-02-26 21:54:05,0.4526,11046000,0.0,4999420,1
2018-02-26 21:56:16,0.144,11074000,0.0,1594656,1
2018-02-26 21:56:54,0.0028,11078000,0.0,-31018,0
2018-02-26 21:57:21,0.41016162,11100000,0.0,-4552794,0
2018-02-26 21:57:21,0.4,11100000,0.0,-4440000,0
2018-02-26 21:57:21,0.14083838,11100000,0.0,-1563306,0
2018-02-26 22:00:14,0.6275,11218000,0.0,7039295,1
2018-02-26 22:00:15,0.19,11218000,0.0,2131420,1
2018-02-26 22:00:25,0.53984801,11229000,0.0,6061953,1
2018-02-26 22:00:31,0.3105,11229000,0.0,3486605,1
2018-02-26 22:00:31,0.1322,11229000,0.0,1484474,1
2018-02-26 22:01:05,0.015,11270000,0.0,-169050,0
2018-02-26 22:01:05,0.012,11270000,0.0,-135240,0
2018-02-26 22:01:05,0.013,11270000,0.0,-146510,0
2018-02-26 22:01:05,0.003,11270000,0.0,-33810,0
2018-02-26 22:01:05,0.47367737,11270000,0.0,-5338344,0
2018-02-26 22:01:17,0.1987387,11298000,0.0,2245350,1
2018-02-26 22:02:13,1.4821,11331000,0.0,-16793675,0
2018-02-26 22:02:21,0.61120171,11350000,0.0,6937139,1
2018-02-26 22:02:21,0.0195,11350000,0.0,221325,1
2018-02-26 22:02:26,0.1476,11342000,0.0,1674079,1
2018-02-26 22:02:26,0.03755795,11357000,0.0,426546,1
2018-02-26 22:02:26,0.522,11342000,0.0,5920524,1
2018-02-26 22:02:27,0.1,11342000,0.0,1134200,1
2018-02-26 22:02:27,0.36214205,11342000,0.0,4107415,1
2018-02-26 22:06:11,0.0198,11352000,0.0,-224770,0
2018-02-26 22:06:11,0.7451,11352000,0.0,-8458375,0
2018-02-26 22:06:25,0.2,11365000,0.0,-2273000,0
2018-02-26 22:06:37,0.0401,11374000,0.0,456097,1
2018-02-26 22:09:34,0.1285,11481000,0.0,1475309,1
2018-02-26 22:09:40,0.1231513,11486000,0.0,1414516,1
2018-02-26 22:09:44,1.1268,11450000,0.0,-12901860,0
2018-02-26 22:09:55,0.1285,11486000,0.0,1475951,1
2018-02-26 22:10:21,0.826,11464000,0.0,9469264,1
2018-02-26 22:10:21,0.5985,11464000,0.0,6861204,1
2018-02-26 22:10:56,0.01,11451000,0.0,114510,1
2018-02-26 22:10:56,0.0404,11451000,0.0,462620,1
2018-02-26 22:11:00,0.00095775,11457000,0.0,10973,1
2018-02-26 22:11:04,0.1956,11450000,0.0,2239620,1
2018-02-26 22:12:07,0.1217,11366000,0.0,-1383242,0
2018-02-26 22:12:08,0.0783,11366000,0.0,-889958,0
2018-02-26 22:12:18,0.7292,11366000,0.0,-8288087,0
2018-02-26 22:12:42,0.8666,11375000,0.0,9857575,1
2018-02-26 22:12:43,0.0626,11375000,0.0,712075,1
2018-02-26 22:12:50,0.3964,11365000,0.0,-4505086,0
2018-02-26 22:13:18,0.9413,11360000,0.0,-10693168,0
2018-02-26 22:13:25,0.1324,11364000,0.0,1504594,1
2018-02-26 22:13:25,0.04010111,11364000,0.0,455709,1
2018-02-26 22:13:29,1.0301,11360000,0.0,11701936,1
2018-02-26 22:13:29,0.1351,11360000,0.0,1534736,1
2018-02-26 22:14:19,0.19,11342000,0.0,-2154980,0
2018-02-26 22:14:34,0.12,11353000,0.0,-1362360,0
2018-02-26 22:17:08,0.31,11387000,0.0,3529970,1
2018-02-26 22:17:13,0.1686,11387000,0.0,-1919848,0
2018-02-26 22:17:47,0.78,11466000,0.0,-8943480,0
2018-02-26 22:17:48,0.25,11466000,0.0,-2866500,0
2018-02-26 22:18:35,1.02849799,11531000,0.0,11859610,1
2018-02-26 22:18:45,0.00860069,11530000,0.0,99166,1
2018-02-26 22:18:45,0.0508,11530000,0.0,585724,1
2018-02-26 22:18:53,0.1107,11536000,0.0,1277035,1
2018-02-26 22:21:04,0.027,11565000,0.0,-312255,0
2018-02-26 22:21:04,0.02392594,11565000,0.0,-276703,0
2018-02-26 22:21:04,0.05617406,11565000,0.0,-649653,0
2018-02-26 22:21:18,0.1071,11559000,0.0,1237969,1
2018-02-26 22:22:01,0.0157,11556000,0.0,-181429,0
2018-02-26 22:22:01,0.06,11556000,0.0,-693360,0
2018-02-26 22:22:29,0.0757,11534000,0.0,873124,1
2018-02-26 22:22:43,1.4023,11503000,0.0,-16130657,0
2018-02-26 22:22:43,0.0086,11503000,0.0,-98926,0
2018-02-26 22:23:00,0.4318,11531000,0.0,4979086,1
2018-02-26 22:23:10,0.9791,11531000,0.0,11290002,1
2018-02-26 22:23:13,0.5,11517000,0.0,-5758500,0
2018-02-26 22:23:17,0.1927,11530000,0.0,2221831,1
2018-02-26 22:23:21,0.0651,11518000,0.0,-749822,0
2018-02-26 22:23:22,0.7,11518000,0.0,-8062600,0
2018-02-26 22:23:45,1.0724,11487000,0.0,12318659,1
2018-02-26 22:25:40,0.0072,11508000,0.0,-82858,0
2018-02-26 22:25:40,0.567,11509000,0.0,-6525603,0
2018-02-26 22:25:44,0.1,11515000,0.0,-1151500,0
2018-02-26 22:25:55,0.0582,11540000,0.0,-671628,0
2018-02-26 22:25:55,0.0799,11540000,0.0,-922046,0
2018-02-26 22:25:56,0.7633,11540000,0.0,-8808482,0
2018-02-26 22:26:20,0.6999,11533000,0.0,8071947,1
2018-02-26 22:27:20,0.1735,11507000,0.0,1996465,1
2018-02-26 22:27:32,0.1317,11475000,0.0,1511258,1
2018-02-26 22:27:32,0.048,11475000,0.0,550800,1
2018-02-26 22:27:32,0.1222,11475000,0.0,1402245,1
2018-02-26 22:27:53,0.0818,11452000,0.0,936774,1
2018-02-26 22:27:53,0.1,11452000,0.0,1145200,1
2018-02-26 22:27:53,0.2185,11452000,0.0,2502262,1
2018-02-26 22:31:13,0.1657,11521000,0.0,-1909030,0
2018-02-26 22:31:31,0.1657,11556000,0.0,1914829,1
2018-02-26 22:35:21,0.1222,11565000,0.0,-1413243,0
2018-02-26 22:35:30,0.1222,11565000,0.0,1413243,1
2018-02-26 22:37:20,0.02,11491000,0.0,-229820,0
2018-02-26 22:37:26,0.02,11492000,0.0,229840,1
2018-02-26 22:41:30,1.3453,11416000,0.0,-15357945,0
2018-02-26 22:41:35,0.9119,11428000,0.0,10421193,1
2018-02-26 22:41:55,0.4334,11423000,0.0,4950728,1
2018-02-26 22:43:31,0.27538234,11450000,0.0,-3153128,0
2018-02-26 22:43:31,0.04331766,11450000,0.0,-495987,0
2018-02-26 22:43:31,0.0342,11450000,0.0,-391590,0
2018-02-26 22:44:48,0.3529,11479000,0.0,4050939,1
2018-02-26 22:45:05,1.77746364,11490000,0.0,-20423057,0
2018-02-26 22:45:05,0.0068,11490000,0.0,-78132,0
2018-02-26 22:45:05,0.01573636,11490000,0.0,-180811,0
2018-02-26 22:45:15,0.17246364,11490000,0.0,1981607,1
2018-02-26 22:45:15,0.0576,11490000,0.0,661824,1
2018-02-26 22:45:15,0.1207,11490000,0.0,1386843,1
2018-02-26 22:45:16,0.5902,11490000,0.0,6781398,1
2018-02-26 22:45:43,0.2197,11481000,0.0,2522376,1
2018-02-26 22:45:43,0.0165,11480000,0.0,189420,1
2018-02-26 22:45:44,0.1972,11480000,0.0,2263856,1
2018-02-26 22:45:44,0.4256,11480000,0.0,4885888,1
2018-02-26 22:47:03,0.4751,11450000,0.0,-5439895,0
2018-02-26 22:47:06,0.0001,11456000,0.0,-1146,0
2018-02-26 22:47:31,0.1601751,11476000,0.0,1838169,1
2018-02-26 22:48:21,0.3151,11475000,0.0,3615773,1
2018-02-26 22:49:42,1.8,11441000,0.0,-20593800,0
2018-02-26 22:50:34,1.1,11452000,0.0,12597200,1
2018-02-26 22:50:34,0.7,11450000,0.0,8015000,1
2018-02-26 22:53:47,0.128,11396000,0.0,-1458688,0
2018-02-26 22:54:28,0.0677,11416000,0.0,772863,1
2018-02-26 22:54:28,0.0603,11414000,0.0,688264,1
2018-02-26 22:55:37,0.88,11409000,0.0,-10039920,0
2018-02-26 22:57:28,0.6409,11389000,0.0,-7299210,0
2018-02-26 22:58:28,0.29554342,11381000,0.0,3363580,1
2018-02-26 22:59:29,0.881,11365000,0.0,10012565,1
2018-02-26 22:59:29,0.3443,11365000,0.0,3912970,1
2018-02-26 22:59:50,0.3014,11372000,0.0,-3427521,0
2018-02-26 23:00:13,0.3014,11395000,0.0,3434453,1
2018-02-26 23:00:21,1.8,11401000,0.0,-20521800,0
2018-02-26 23:01:31,0.0064,11490000,0.0,73536,1
2018-02-26 23:02:40,0.30898938,11544000,0.0,3566973,1
2018-02-26 23:02:40,1.48461062,11546000,0.0,17141314,1
2018-02-26 23:04:45,0.4649,11520000,0.0,-5355648,0
2018-02-26 23:04:49,0.4649,11523000,0.0,5357043,1
2018-02-26 23:06:16,0.11864804,11548000,0.0,-1370148,0
2018-02-26 23:06:16,0.02395196,11548000,0.0,-276597,0
2018-02-26 23:06:16,0.08,11548000,0.0,-923840,0
2018-02-26 23:06:22,0.0878,11550000,0.0,-1014090,0
2018-02-26 23:06:22,1.38227593,11550000,0.0,-15965287,0
2018-02-26 23:06:22,0.1046,11550000,0.0,-1208130,0
2018-02-26 23:06:22,0.00272407,11550000,0.0,-31463,0
2018-02-26 23:07:39,1.8,11500000,0.0,20700000,1
2018-02-26 23:09:25,0.1552,11508000,0.0,-1786042,0
2018-02-26 23:09:40,0.1552,11512000,0.0,1786662,1
2018-02-26 23:10:10,1.5781,11526000,0.0,-18189181,0
2018-02-26 23:10:51,0.11,11561000,0.0,1271710,1
2018-02-26 23:10:52,1.262,11561000,0.0,14589982,1
2018-02-26 23:10:55,0.2061,11556000,0.0,2381692,1
2018-02-26 23:11:39,0.2565,11590000,0.0,-2972835,0
2018-02-26 23:11:39,0.0439,11590000,0.0,-508801,0
2018-02-26 23:11:39,0.01,11590000,0.0,-115900,0
2018-02-26 23:11:39,0.017,11590000,0.0,-197030,0
2018-02-26 23:11:39,0.003,11590000,0.0,-34770,0
2018-02-26 23:11:39,0.5044,11590000,0.0,-5845996,0
2018-02-26 23:12:05,0.8348,11627000,0.0,9706220,1
2018-02-26 23:12:54,0.3569,11586000,0.0,-4135043,0
2018-02-26 23:12:54,0.138,11584000,0.0,-1598592,0
2018-02-26 23:13:00,0.4949,11600000,0.0,5740840,1
2018-02-26 23:13:28,0.259,11605000,0.0,-3005695,0
2018-02-26 23:13:50,0.259,11629000,0.0,3011911,1
2018-02-26 23:14:06,0.0805,11634000,0.0,-936537,0
2018-02-26 23:14:06,0.6106,11634000,0.0,-7103720,0
2018-02-26 23:14:06,0.21,11634000,0.0,-2443140,0
2018-02-26 23:16:00,0.9011,11632000,0.0,10481595,1
2018-02-26 23:16:10,0.122,11618000,0.0,-1417396,0
2018-02-26 23:16:30,0.122,11619000,0.0,1417518,1
2018-02-26 23:20:10,1.2029,11605000,0.0,-13959655,0
2018-02-26 23:20:38,0.6323,11609000,0.0,7340371,1
2018-02-26 23:21:18,0.2,11587000,0.0,2317400,1
2018-02-26 23:21:18,0.3706,11586000,0.0,4293772,1
2018-02-26 23:22:15,0.2,11568000,0.0,-2313600,0
2018-02-26 23:22:18,0.2,11577000,0.0,2315400,1
2018-02-26 23:23:50,1.543,11562000,0.0,-17840166,0
2018-02-26 23:23:58,0.1,11567000,0.0,1156700,1
2018-02-26 23:27:05,0.55,11595000,0.0,6377250,1
2018-02-26 23:28:56,0.3502,11583000,0.0,4056367,1
2018-02-26 23:29:14,0.2358,11568000,0.0,-2727734,0
2018-02-26 23:29:24,0.6026,11566000,0.0,-6969672,0
2018-02-26 23:29:47,0.0961,11541000,0.0,1109090,1
2018-02-26 23:32:03,1.2851,11532000,0.0,14819773,1
2018-02-26 23:33:47,0.043,11495000,0.0,-494285,0
2018-02-26 23:33:47,0.0614,11495000,0.0,-705793,0
2018-02-26 23:34:19,0.1044,11513000,0.0,1201957,1
2018-02-26 23:34:58,2.901e-05,11517000,0.0,-334,0
2018-02-26 23:34:58,0.2768,11517000,0.0,-3187906,0
2018-02-26 23:35:07,5.195e-05,11530000,0.0,-599,0
2018-02-26 23:35:07,0.23874805,11531000,0.0,-2753004,0
2018-02-26 23:35:59,0.0035,11539000,0.0,40387,1
2018-02-26 23:36:11,0.0289,11540000,0.0,333506,1
2018-02-26 23:36:11,0.4832,11542000,0.0,5577094,1
2018-02-26 23:36:51,1.4516,11539000,0.0,-16750012,0
2018-02-26 23:37:35,1.1195,11544000,0.0,12923508,1
2018-02-26 23:37:54,0.1143,11529000,0.0,1317765,1
2018-02-26 23:37:54,0.2178,11529000,0.0,2511016,1
2018-02-26 23:38:41,0.21282985,11521000,0.0,-2452013,0
2018-02-26 23:38:57,0.1799,11529000,0.0,-2074067,0
2018-02-26 23:38:57,0.1101,11529000,0.0,-1269343,0
2018-02-26 23:39:01,1.2971,11530000,0.0,-14955563,0
2018-02-26 23:42:52,0.2649,11543000,0.0,3057741,1
2018-02-26 23:42:56,0.4589,11530000,0.0,5291117,1
2018-02-26 23:44:52,0.9525,11524000,0.0,10976610,1
2018-02-26 23:45:14,1.4804,11516000,0.0,-17048286,0
2018-02-26 23:48:50,0.7885,11501000,0.0,9068539,1
2018-02-26 23:48:50,0.5399,11501000,0.0,6209390,1
2018-02-26 23:48:50,0.0139,11501000,0.0,159864,1
2018-02-26 23:49:05,0.1974,11502000,0.0,2270495,1
2018-02-26 23:49:29,0.0644,11491000,0.0,740020,1
2018-02-26 23:50:24,1.76201848,11470000,0.0,-20210352,0
2018-02-26 23:50:24,0.03798152,11470000,0.0,-435648,0
2018-02-26 23:51:51,0.4709,11443000,0.0,5388509,1
2018-02-26 23:52:52,0.6938,11481000,0.0,7965518,1
2018-02-26 23:53:03,0.1214,11475000,0.0,1393065,1
2018-02-26 23:53:23,0.5139,11490000,0.0,5904711,1
2018-02-26 23:54:27,0.2577,11483000,0.0,-2959169,0
2018-02-26 23:56:11,0.1456,11463000,0.0,-1669013,0
2018-02-26 23:56:34,0.4943,11469000,0.0,-5669127,0
2018-02-26 23:57:06,0.299,11483000,0.0,-3433417,0
2018-02-26 23:58:11,9.245e-05,11530000,0.0,1066,1
2018-02-26 23:59:04,0.8078,11530000,0.0,9313934,1
2018-02-26 23:59:16,0.6673,11513000,0.0,-7682625,0
2018-02-27 00:01:58,0.14967262,11593000,0.0,1735155,1
2018-02-27 00:01:58,0.3,11593000,0.0,3477900,1
2018-02-27 00:02:05,0.6063,11588000,0.0,7025804,1
2018-02-27 00:03:54,0.1,11551000,0.0,-1155100,0
2018-02-27 00:04:01,0.1,11552000,0.0,1155200,1
2018-02-27 00:05:11,1.77029988,11548000,0.0,-20443423,0
2018-02-27 00:05:12,0.02970012,11548000,0.0,-342977,0
2018-02-27 00:06:07,1.8,11562000,0.0,20811600,1
2018-02-27 00:07:09,0.12,11546000,0.0,-1385520,0
2018-02-27 00:08:01,0.12,11545000,0.0,1385400,1
2018-02-27 00:22:44,0.7122,11562000,0.0,-8234456,0
2018-02-27 00:22:49,0.342,11564000,0.0,-3954888,0
2018-02-27 00:23:58,0.4586,11579000,0.0,5310129,1
2018-02-27 00:24:02,0.1179,11577000,0.0,1364928,1
2018-02-27 00:25:00,0.4777,11569000,0.0,5526511,1
2018-02-27 00:28:03,0.1449,11569000,0.0,-1676348,0
2018-02-27 00:28:24,0.1449,11566000,0.0,1675913,1
2018-02-27 00:31:28,0.3722343,11575000,0.0,-4308612,0
2018-02-27 00:32:54,0.21345729,11569000,0.0,-2469487,0
2018-02-27 00:32:54,0.6146,11569000,0.0,-7110307,0
2018-02-27 00:35:25,0.4361,11605000,0.0,5060941,1
2018-02-27 00:35:44,0.15,11582000,0.0,1737300,1
2018-02-27 00:35:57,0.1303,11568000,0.0,-1507310,0
2018-02-27 00:36:15,0.0811,11581000,0.0,939219,1
2018-02-27 00:36:15,0.0042,11580000,0.0,48636,1
2018-02-27 00:36:15,0.1307,11580000,0.0,1513506,1
2018-02-27 00:36:34,0.5929,11590000,0.0,-6871711,0
2018-02-27 00:38:09,1.1214,11632000,0.0,13044125,1
2018-02-27 00:38:27,1.199,11619000,0.0,-13931181,0
2018-02-27 00:39:40,0.7,11601000,0.0,8120700,1
2018-02-27 00:40:22,0.4094,11605000,0.0,-4751087,0
2018-02-27 00:40:42,0.0616,11609000,0.0,715114,1
2018-02-27 00:41:22,0.4412,11617000,0.0,5125420,1
2018-02-27 00:42:17,0.1315,11588000,0.0,-1523822,0
2018-02-27 00:42:59,0.5371,11591000,0.0,6225526,1
2018-02-27 00:44:35,0.1538026,11600000,0.0,-1784110,0
2018-02-27 00:44:35,0.5471974,11600000,0.0,-6347490,0
2018-02-27 00:45:47,0.19627456,11616000,0.0,2279925,1
2018-02-27 00:46:25,0.10314562,11642000,0.0,1200821,1
2018-02-27 00:46:25,0.0337,11642000,0.0,392335,1
2018-02-27 00:46:30,0.3581,11633000,0.0,4165777,1
2018-02-27 00:46:34,0.0098,11634000,0.0,114013,1
2018-02-27 00:47:28,0.1596,11620000,0.0,-1854552,0
2018-02-27 00:48:03,0.1596,11632000,0.0,1856467,1
2018-02-27 00:57:56,0.6223,11612000,0.0,-7226148,0
2018-02-27 00:57:59,0.6223,11638000,0.0,7242327,1
2018-02-27 01:01:35,0.6408,11702000,0.0,-7498642,0
2018-02-27 01:01:35,0.1,11702000,0.0,-1170200,0
2018-02-27 01:02:10,1.0592,11699000,0.0,-12391581,0
2018-02-27 01:03:10,0.0494,11712000,0.0,578573,1
2018-02-27 01:03:10,0.5335,11712000,0.0,6248352,1
2018-02-27 01:03:14,1.2098,11700000,0.0,14154660,1
2018-02-27 01:03:14,0.0073,11700000,0.0,85410,1
2018-02-27 01:06:41,0.899,11690000,0.0,-10509310,0
2018-02-27 01:06:55,0.135,11700000,0.0,-1579500,0
2018-02-27 01:08:20,0.1353,11734000,0.0,1587610,1
2018-02-27 01:08:24,0.5235,11735000,0.0,6143273,1
2018-02-27 01:08:24,0.3752,11735000,0.0,4402972,1
2018-02-27 01:09:11,0.4198,11749000,0.0,-4932230,0
2018-02-27 01:09:48,0.4198,11770000,0.0,4941046,1
2018-02-27 01:11:07,0.0474,11812000,0.0,-559889,0
2018-02-27 01:11:07,0.4561,11812000,0.0,-5387453,0
2018-02-27 01:11:07,0.0077,11812000,0.0,-90952,0
2018-02-27 01:11:08,0.0008,11812000,0.0,-9450,0
2018-02-27 01:11:29,0.512,11821000,0.0,6052352,1
2018-02-27 01:11:56,0.2182,11844000,0.0,-2584361,0
2018-02-27 01:12:10,0.0733,11840000,0.0,867872,1
2018-02-27 01:12:10,0.0036,11844000,0.0,42638,1
2018-02-27 01:12:10,0.1413,11840000,0.0,1672992,1
2018-02-27 01:12:58,0.1534,11799000,0.0,-1809967,0
2018-02-27 01:13:13,0.4164,11803000,0.0,-4914769,0
2018-02-27 01:13:31,0.5698,11840000,0.0,6746432,1
2018-02-27 01:16:15,0.6539,11770000,0.0,-7696403,0
2018-02-27 01:16:15,0.0589,11771000,0.0,-693312,0
2018-02-27 01:16:34,0.2993,11744000,0.0,-3514979,0
2018-02-27 01:19:03,0.1333,11732000,0.0,1563876,1
2018-02-27 01:19:10,0.25251511,11730000,0.0,-2962002,0
2018-02-27 01:20:22,0.39,11755000,0.0,4584450,1
2018-02-27 01:20:56,0.53464968,11735000,0.0,-6274114,0
2018-02-27 01:20:56,0.0284,11735000,0.0,-333274,0
2018-02-27 01:20:56,0.00075032,11735000,0.0,-8805,0
2018-02-27 01:25:33,1.3051,11758000,0.0,15345366,1
2018-02-27 01:26:39,0.419,11744000,0.0,-4920736,0
2018-02-27 01:27:11,0.1401,11722000,0.0,-1642252,0
2018-02-27 01:27:16,0.1401,11722000,0.0,-1642252,0
2018-02-27 01:27:21,0.6992,11718000,0.0,8193226,1
2018-02-27 01:28:16,1.8,11692000,0.0,-21045600,0
2018-02-27 01:28:34,0.1654,11700000,0.0,1935180,1
2018-02-27 01:28:52,0.2866,11693000,0.0,3351214,1
2018-02-27 01:29:06,0.059,11690000,0.0,689710,1
2018-02-27 01:29:06,0.0041,11690000,0.0,47929,1
2018-02-27 01:29:06,0.1666,11690000,0.0,1947554,1
2018-02-27 01:29:06,0.152,11690000,0.0,1776880,1
2018-02-27 01:31:02,0.3336,11703000,0.0,3904121,1
2018-02-27 01:31:13,0.6327,11700000,0.0,7402590,1
2018-02-27 01:34:08,0.6041,11678000,0.0,-7054680,0
2018-02-27 01:34:23,0.9399,11661000,0.0,-10960174,0
2018-02-27 01:35:47,1.3604,11674000,0.0,15881310,1
2018-02-27 01:36:20,1.6164,11658000,0.0,-18843991,0
2018-02-27 01:36:48,1.8,11640000,0.0,20952000,1
2018-02-27 01:37:13,0.8747,11622000,0.0,-10165763,0
2018-02-27 01:37:16,0.9253,11621000,0.0,-10752911,0
2018-02-27 01:38:11,1.0,11631000,0.0,11631000,1
2018-02-27 01:39:04,0.3716,11611000,0.0,4314648,1
2018-02-27 01:39:04,0.002,11611000,0.0,23222,1
2018-02-27 01:39:04,0.043,11611000,0.0,499273,1
2018-02-27 01:39:09,0.3834,11612000,0.0,4452041,1
2018-02-27 01:39:19,1.5986,11612000,0.0,-18562943,0
2018-02-27 01:39:27,1.5986,11608000,0.0,18556549,1
2018-02-27 01:41:04,0.0011,11582000,0.0,-12740,0
2018-02-27 01:41:04,0.3841,11582000,0.0,-4448646,0
2018-02-27 01:41:16,0.2938,11599000,0.0,-3407786,0
2018-02-27 01:41:50,0.679,11610000,0.0,7883190,1
2018-02-27 01:43:45,0.9467,11595000,0.0,-10976987,0
2018-02-27 01:44:26,0.9467,11608000,0.0,10989294,1
2018-02-27 01:44:33,0.9599,11602000,0.0,-11136760,0
2018-02-27 01:45:25,0.0001,11627000,0.0,1163,1
2018-02-27 01:45:34,0.4359,11613000,0.0,5062107,1
2018-02-27 01:45:34,0.5239,11613000,0.0,6084051,1
2018-02-27 01:51:34,0.6536,11568000,0.0,-7560845,0
2018-02-27 01:51:53,0.0054,11570000,0.0,-62478,0
2018-02-27 01:51:53,0.2304,11570000,0.0,-2665728,0
2018-02-27 01:52:05,0.9106,11570000,0.0,-10535642,0
2018-02-27 01:53:10,0.189,11573000,0.0,2187297,1
2018-02-27 01:53:11,0.015,11573000,0.0,173595,1
2018-02-27 01:53:25,0.62,11578000,0.0,7178360,1
2018-02-27 01:54:24,0.3972,11578000,0.0,4598782,1
2018-02-27 01:54:25,0.2827,11576000,0.0,3272535,1
2018-02-27 01:54:25,0.01,11576000,0.0,115760,1
2018-02-27 01:54:28,0.9277,11565000,0.0,-10728851,0
2018-02-27 01:55:28,0.7676,11555000,0.0,8869618,1
2018-02-27 01:55:31,0.2808,11550000,0.0,3243240,1
2018-02-27 01:55:31,0.1,11550000,0.0,1155000,1
2018-02-27 01:55:31,0.0654,11550000,0.0,755370,1
2018-02-27 01:56:06,1.659e-05,11574000,0.0,-192,0
2018-02-27 01:56:06,0.17038341,11576000,0.0,-1972358,0
2018-02-27 01:56:09,0.222,11579000,0.0,-2570538,0
2018-02-27 01:56:13,1.26884798,11579000,0.0,-14691991,0
2018-02-27 01:56:13,5.202e-05,11579000,0.0,-602,0
2018-02-27 01:56:29,1.3206,11577000,0.0,15288586,1
2018-02-27 01:57:59,0.2039,11586000,0.0,-2362385,0
2018-02-27 01:58:04,0.1151,11588000,0.0,-1333779,0
2018-02-27 01:58:04,0.0613,11588000,0.0,-710344,0
2018-02-27 01:58:19,0.1,11590000,0.0,-1159000,0
2018-02-27 01:58:37,0.4836,11607000,0.0,5613145,1
2018-02-27 01:59:45,0.0516,11562000,0.0,596599,1
2018-02-27 01:59:45,0.257,11562000,0.0,2971434,1
2018-02-27 01:59:45,0.0288,11565000,0.0,333072,1
2018-02-27 02:00:15,0.1955,11560000,0.0,-2259980,0
2018-02-27 02:00:15,0.2665,11560000,0.0,-3080740,0
2018-02-27 02:00:28,1.0014,11551000,0.0,-11567171,0
2018-02-27 02:01:45,0.0051,11558000,0.0,58946,1
2018-02-27 02:01:46,0.3,11556000,0.0,3466800,1
2018-02-27 02:01:49,0.5093,11557000,0.0,5885980,1
2018-02-27 02:03:13,0.5377,11547000,0.0,-6208822,0
2018-02-27 02:04:40,0.534,11543000,0.0,6163962,1
2018-02-27 02:04:40,0.278,11545000,0.0,3209510,1
2018-02-27 02:05:08,0.1401,11541000,0.0,1616894,1
2018-02-27 02:05:10,0.15045288,11541000,0.0,1736377,1
2018-02-27 02:05:41,0.8178,11523000,0.0,-9423509,0
2018-02-27 02:10:19,0.0156,11541000,0.0,180040,1
2018-02-27 02:10:29,0.06854712,11541000,0.0,791102,1
2018-02-27 02:13:36,0.463,11581000,0.0,5362003,1
2018-02-27 02:13:41,0.13454144,11578000,0.0,1557721,1
2018-02-27 02:13:41,0.22025856,11578000,0.0,2550154,1
2018-02-27 02:14:15,0.1942,11593000,0.0,-2251361,0
2018-02-27 02:14:38,0.1942,11600000,0.0,2252720,1
2018-02-27 02:17:57,0.5031,11570000,0.0,-5820867,0
2018-02-27 02:18:01,0.9117,11580000,0.0,-10557486,0
2018-02-27 02:19:53,0.7715,11571000,0.0,8927027,1
2018-02-27 02:20:59,0.0278,11586000,0.0,-322091,0
2018-02-27 02:20:59,0.1033,11586000,0.0,-1196834,0
2018-02-27 02:21:26,0.7744,11584000,0.0,8970650,1
2018-02-27 02:23:18,0.1465,11575000,0.0,-1695738,0
2018-02-27 02:23:34,1.6535,11573000,0.0,-19135956,0
2018-02-27 02:24:37,0.8313,11589000,0.0,9633936,1
2018-02-27 02:24:42,0.005,11588000,0.0,57940,1
2018-02-27 02:24:42,0.9637,11587000,0.0,11166392,1
2018-02-27 02:39:11,0.1681,11546000,0.0,-1940883,0
2018-02-27 02:39:30,0.5,11547000,0.0,-5773500,0
2018-02-27 02:40:31,0.6201,11549000,0.0,-7161535,0
2018-02-27 02:43:04,0.8076,11555000,0.0,9331818,1
2018-02-27 02:43:38,0.4806,11574000,0.0,5562464,1
2018-02-27 02:45:30,0.328,11577000,0.0,-3797256,0
2018-02-27 02:48:17,0.328,11607000,0.0,3807096,1
2018-02-27 03:04:00,0.2114,11625000,0.0,-2457525,0
2018-02-27 03:04:25,0.2114,11629000,0.0,2458371,1
2018-02-27 03:09:26,1.3677,11671000,0.0,-15962427,0
2018-02-27 03:09:32,0.1646,11665000,0.0,1920059,1
2018-02-27 03:09:47,0.1266,11665000,0.0,1476789,1
2018-02-27 03:10:13,0.108,11644000,0.0,1257552,1
2018-02-27 03:10:31,0.2803,11631000,0.0,3260169,1
2018-02-27 03:10:47,0.0046,11636000,0.0,53526,1
2018-02-27 03:10:47,0.6836,11636000,0.0,7954370,1
2018-02-27 03:11:14,0.1631,11636000,0.0,-1897832,0
2018-02-27 03:15:43,0.1631,11661000,0.0,1901909,1
2018-02-27 03:16:59,1.8,11626000,0.0,-20926800,0
2018-02-27 03:18:09,0.0179,11609000,0.0,207801,1
2018-02-27 03:18:09,1.6528,11609000,0.0,19187355,1
2018-02-27 03:18:10,0.1293,11609000,0.0,1501044,1
2018-02-27 03:19:33,0.7145,11609000,0.0,-8294631,0
2018-02-27 03:19:37,1.0855,11616000,0.0,-12609168,0
2018-02-27 03:20:04,1.6,11619000,0.0,18590400,1
2018-02-27 03:20:11,0.1594,11609000,0.0,1850475,1
2018-02-27 03:20:11,0.005,11612000,0.0,58060,1
2018-02-27 03:20:17,0.0356,11618000,0.0,413601,1
2018-02-27 03:23:14,0.0194,11615000,0.0,-225331,0
2018-02-27 03:23:14,0.0919,11615000,0.0,-1067419,0
2018-02-27 03:23:18,1.6887,11619000,0.0,-19621005,0
2018-02-27 03:24:20,1.8,11665000,0.0,20997000,1
2018-02-27 03:43:21,0.6273,11638000,0.0,-7300517,0
2018-02-27 03:44:19,1.1727,11643000,0.0,-13653746,0
2018-02-27 03:46:16,0.2409,11670000,0.0,2811303,1
2018-02-27 03:46:20,0.2938,11682000,0.0,3432172,1
2018-02-27 03:47:07,0.3636,11670000,0.0,4243212,1
2018-02-27 03:47:11,0.0058,11672000,0.0,67698,1
2018-02-27 03:47:11,0.8959,11664000,0.0,10449778,1
2018-02-27 03:59:57,0.0226,11713000,0.0,-264714,0
2018-02-27 03:59:58,0.027,11713000,0.0,-316251,0
2018-02-27 03:59:58,0.016,11713000,0.0,-187408,0
2018-02-27 03:59:58,0.003,11713000,0.0,-35139,0
2018-02-27 03:59:58,0.009,11713000,0.0,-105417,0
2018-02-27 03:59:58,0.009,11713000,0.0,-105417,0
2018-02-27 03:59:58,0.013,11713000,0.0,-152269,0
2018-02-27 03:59:58,0.005,11713000,0.0,-58565,0
2018-02-27 03:59:58,0.005,11713000,0.0,-58565,0
2018-02-27 04:00:16,0.1496,11725000,0.0,-1754060,0
2018-02-27 04:00:16,0.3093,11726000,0.0,-3626852,0
2018-02-27 04:00:54,0.5685,11709000,0.0,6656567,1
2018-02-27 04:01:43,1.5268,11713000,0.0,-17883408,0
2018-02-27 04:01:43,0.2732,11713000,0.0,-3199992,0
2018-02-27 04:08:50,0.0056,11717000,0.0,65615,1
2018-02-27 04:08:51,0.1131,11716000,0.0,1325080,1
2018-02-27 04:09:47,0.022,11721000,0.0,257862,1
2018-02-27 04:10:20,0.1429,11714000,0.0,1673931,1
2018-02-27 04:10:20,0.4325,11715000,0.0,5066738,1
2018-02-27 04:10:36,0.2658,11723000,0.0,3115973,1
2018-02-27 04:11:07,0.05,11721000,0.0,586050,1
2018-02-27 04:11:17,0.35,11724000,0.0,4103400,1
2018-02-27 04:11:26,0.3292,11713000,0.0,3855920,1
2018-02-27 04:11:26,0.0889,11714000,0.0,1041375,1
2018-02-27 04:11:50,0.0889,11725000,0.0,-1042353,0
2018-02-27 04:11:50,0.4063,11727000,0.0,-4764680,0
2018-02-27 04:11:50,0.003,11726000,0.0,-35178,0
2018-02-27 04:13:23,0.2283041,11727000,0.0,2677322,1
2018-02-27 04:16:28,0.2699,11780000,0.0,3179422,1
2018-02-27 04:16:32,0.1219,11746000,0.0,-1431837,0
2018-02-27 04:16:32,0.5801,11746000,0.0,-6813855,0
2018-02-27 04:18:26,0.2601,11755000,0.0,-3057476,0
2018-02-27 04:19:07,0.9621,11766000,0.0,11320069,1
2018-02-27 04:19:43,0.9599,11738000,0.0,-11267306,0
2018-02-27 04:19:43,0.8401,11738000,0.0,-9861094,0
2018-02-27 04:21:02,0.6558,11749000,0.0,7704994,1
2018-02-27 04:21:03,0.3883,11749000,0.0,4562137,1
2018-02-27 04:21:03,0.304,11749000,0.0,3571696,1
2018-02-27 04:21:06,0.3041,11751000,0.0,3573479,1
2018-02-27 04:21:10,0.1478,11752000,0.0,1736946,1
2018-02-27 04:29:19,0.8161,11750000,0.0,-9589175,0
2018-02-27 04:29:38,0.502,11740000,0.0,-5893480,0
2018-02-27 04:35:48,1.3181,11700000,0.0,15421770,1
2018-02-27 04:40:01,0.5789,11659000,0.0,-6749395,0
2018-02-27 04:41:55,0.7107,11672000,0.0,-8295290,0
2018-02-27 04:44:31,0.2,11680000,0.0,2336000,1
2018-02-27 04:44:31,0.0052,11680000,0.0,60736,1
2018-02-27 04:44:41,0.039,11679000,0.0,455481,1
2018-02-27 04:44:41,0.2549,11679000,0.0,2976977,1
2018-02-27 04:44:58,0.7905,11679000,0.0,9232250,1
2018-02-27 04:46:49,0.1746,11656000,0.0,-2035138,0
2018-02-27 04:47:41,1.6254,11652000,0.0,-18939161,0
2018-02-27 04:54:11,1.34537034,11689000,0.0,15726034,1
2018-02-27 04:55:24,0.1711,11688000,0.0,1999817,1
2018-02-27 04:56:52,0.1564,11706000,0.0,-1830818,0
2018-02-27 04:56:52,0.2564,11706000,0.0,-3001418,0
2018-02-27 04:56:55,0.1613,11708000,0.0,-1888500,0
2018-02-27 04:56:55,0.0156,11708000,0.0,-182645,0
2018-02-27 04:57:49,0.8201,11708000,0.0,9601731,1
2018-02-27 04:58:23,0.0531,11696000,0.0,621058,1
2018-02-27 05:00:31,0.4403,11675000,0.0,-5140503,0
2018-02-27 05:01:15,0.4403,11691000,0.0,5147547,1
2018-02-27 05:06:57,1.8,11647000,0.0,-20964600,0
2018-02-27 05:10:48,1.0,11660000,0.0,11660000,1
2018-02-27 05:10:48,0.4285,11661000,0.0,4996739,1
2018-02-27 05:11:28,0.3715,11652000,0.0,4328718,1
2018-02-27 05:15:23,0.296,11642000,0.0,-3446032,0
2018-02-27 05:17:11,0.2442,11645000,0.0,2843709,1
2018-02-27 05:18:08,0.1003,11655000,0.0,-1168997,0
2018-02-27 05:18:26,0.1521,11653000,0.0,1772421,1
2018-02-27 05:23:45,0.2029,11637000,0.0,-2361147,0
2018-02-27 05:32:33,0.1677,11633000,0.0,-1950854,0
2018-02-27 05:32:38,0.1925,11638000,0.0,-2240315,0
2018-02-27 05:34:28,0.6745,11636000,0.0,-7848482,0
2018-02-27 05:34:46,0.0215,11632000,0.0,250088,1
2018-02-27 05:34:46,0.0179,11632000,0.0,208213,1
2018-02-27 05:34:46,0.0179,11632000,0.0,208213,1
2018-02-27 05:34:46,0.0286,11632000,0.0,332675,1
2018-02-27 05:35:01,0.6396,11649000,0.0,7450700,1
2018-02-27 05:36:55,0.004,11623000,0.0,46492,1
2018-02-27 05:36:55,0.1516,11623000,0.0,1762047,1
2018-02-27 05:36:56,0.1625,11623000,0.0,1888738,1
2018-02-27 05:37:34,1.606,11616000,0.0,-18655296,0
2018-02-27 05:38:25,0.4246986,11625000,0.0,4937121,1
2018-02-27 05:42:29,0.5,11619000,0.0,5809500,1
2018-02-27 05:42:46,0.4352,11630000,0.0,-5061376,0
2018-02-27 05:43:20,1.3105,11642000,0.0,15256841,1
2018-02-27 05:56:23,1.8,11631000,0.0,-20935800,0
2018-02-27 05:57:29,0.17727008,11637000,0.0,2062892,1
2018-02-27 05:57:30,0.03437312,11637000,0.0,400000,1
2018-02-27 05:57:49,5.721e-05,11640000,0.0,666,1
2018-02-27 06:00:03,1.5883,11672000,0.0,18538638,1
2018-02-27 06:11:14,0.009,11705000,0.0,-105345,0
2018-02-27 06:11:14,0.003,11705000,0.0,-35115,0
2018-02-27 06:11:15,0.0871,11705000,0.0,-1019506,0
2018-02-27 06:11:15,0.005,11705000,0.0,-58525,0
2018-02-27 06:11:18,1.2003,11706000,0.0,-14050712,0
2018-02-27 06:11:18,0.4956,11706000,0.0,-5801494,0
2018-02-27 06:11:41,0.3162,11709000,0.0,3702386,1
2018-02-27 06:11:48,0.1364,11706000,0.0,1596698,1
2018-02-27 06:11:48,0.6586,11706000,0.0,7709572,1
2018-02-27 06:11:52,0.5684,11704000,0.0,6652554,1
2018-02-27 06:11:52,0.1204,11704000,0.0,1409162,1
2018-02-27 06:22:48,0.0625,11805000,0.0,-737813,0
2018-02-27 06:22:48,0.0776,11802000,0.0,-915835,0
2018-02-27 06:22:59,0.1396,11803000,0.0,1647699,1
2018-02-27 06:23:54,0.1363,11806000,0.0,-1609158,0
2018-02-27 06:24:16,0.1368,11801000,0.0,1614377,1
2018-02-27 06:26:13,0.4871,11802000,0.0,-5748754,0
2018-02-27 06:26:22,0.0796,11802000,0.0,-939439,0
2018-02-27 06:26:22,0.0505,11802000,0.0,-596001,0
2018-02-27 06:26:22,0.0046,11802000,0.0,-54289,0
2018-02-27 06:26:45,0.2211,11799000,0.0,-2608759,0
2018-02-27 06:28:32,0.24273658,11801000,0.0,2864534,1
2018-02-27 06:28:35,0.08320354,11801000,0.0,981885,1
2018-02-27 06:28:42,0.2742,11801000,0.0,3235834,1
2018-02-27 06:29:39,0.2428,11809000,0.0,2867225,1
2018-02-27 06:45:21,0.1474,11809000,0.0,-1740647,0
2018-02-27 06:45:31,0.1474,11823000,0.0,1742710,1
2018-02-27 06:48:11,0.8426,11770000,0.0,-9917402,0
2018-02-27 06:48:39,0.4896,11773000,0.0,5764061,1
2018-02-27 06:48:44,0.353,11774000,0.0,4156222,1
2018-02-27 06:55:30,0.2075,11721000,0.0,-2432108,0
2018-02-27 06:55:33,0.2075,11742000,0.0,2436465,1
2018-02-27 06:55:56,0.8505,11731000,0.0,-9977216,0
2018-02-27 06:56:47,0.8505,11720000,0.0,9967860,1
2018-02-27 06:58:03,0.0063,11727000,0.0,-73880,0
2018-02-27 06:58:04,0.0499,11727000,0.0,-585177,0
2018-02-27 06:59:55,0.0562,11743000,0.0,659957,1
2018-02-27 07:03:28,0.619,11745000,0.0,-7270155,0
2018-02-27 07:03:28,0.1966,11745000,0.0,-2309067,0
2018-02-27 07:03:28,0.1942,11745000,0.0,-2280879,0
2018-02-27 07:03:28,0.0031,11745000,0.0,-36410,0
2018-02-27 07:03:28,0.0799,11745000,0.0,-938426,0
2018-02-27 07:09:24,1.0928,11744000,0.0,12833843,1
2018-02-27 07:09:51,0.4501,11734000,0.0,-5281473,0
2018-02-27 07:10:14,0.5801,11736000,0.0,-6808054,0
2018-02-27 07:14:38,0.1304,11739000,0.0,1530766,1
2018-02-27 07:14:38,0.012,11739000,0.0,140868,1
2018-02-27 07:16:16,0.8878,11744000,0.0,10426323,1
2018-02-27 07:17:30,0.4844,11736000,0.0,-5684918,0
2018-02-27 07:17:49,0.2148,11738000,0.0,-2521322,0
2018-02-27 07:17:53,0.3305,11739000,0.0,-3879740,0
2018-02-27 07:19:31,0.30738331,11753000,0.0,3612676,1
2018-02-27 07:19:43,0.0239,11759000,0.0,281040,1
2018-02-27 07:19:50,0.6984,11760000,0.0,8213184,1
2018-02-27 07:21:57,0.57656482,11768000,0.0,-6785015,0
2018-02-27 07:21:57,0.05703518,11768000,0.0,-671190,0
2018-02-27 07:22:01,0.28147647,11770000,0.0,-3312978,0
2018-02-27 07:22:01,0.0309,11770000,0.0,-363693,0
2018-02-27 07:22:02,0.0154,11770000,0.0,-181258,0
2018-02-27 07:23:01,0.2479,11794000,0.0,2923733,1
2018-02-27 07:23:58,0.7135,11821000,0.0,8434284,1
2018-02-27 07:27:14,0.4426,11812000,0.0,-5227991,0
2018-02-27 07:28:00,0.4426,11816000,0.0,5229762,1
2018-02-27 07:41:01,0.67,11867000,0.0,-7950890,0
2018-02-27 07:41:38,0.1051,11854000,0.0,-1245855,0
2018-02-27 07:42:25,0.2601,11860000,0.0,-3084786,0
2018-02-27 07:43:11,0.2,11862000,0.0,2372400,1
2018-02-27 07:43:11,0.025,11862000,0.0,296550,1
2018-02-27 07:43:15,0.08568966,11870000,0.0,1017136,1
2018-02-27 07:43:19,0.0077,11870000,0.0,91399,1
2018-02-27 07:43:23,0.2698,11860000,0.0,3199828,1
2018-02-27 07:43:27,0.1256,11858000,0.0,1489365,1
2018-02-27 07:43:35,0.1,11858000,0.0,1185800,1
2018-02-27 07:43:39,0.2214,11857000,0.0,2625140,1
2018-02-27 07:45:09,0.1535,11853000,0.0,-1819436,0
2018-02-27 07:46:08,0.1535,11866000,0.0,1821431,1
2018-02-27 07:47:53,1.8,11859000,0.0,-21346200,0
2018-02-27 07:51:09,1.8,11850000,0.0,21330000,1
2018-02-27 07:55:04,0.1,11840000,0.0,-1184000,0
2018-02-27 07:55:26,0.1,11841000,0.0,1184100,1
2018-02-27 08:05:34,0.525717,11838000,0.0,-6223438,0
2018-02-27 08:09:22,0.5257,11845000,0.0,6226917,1
2018-02-27 08:10:11,0.191,11842000,0.0,-2261822,0
2018-02-27 08:10:41,0.112,11849000,0.0,-1327088,0
2018-02-27 08:11:06,0.1092,11849000,0.0,-1293911,0
2018-02-27 08:11:26,0.4122,11847000,0.0,4883333,1
2018-02-27 08:16:00,0.19,11837000,0.0,-2249030,0
2018-02-27 08:16:15,0.19,11839000,0.0,2249410,1
2018-02-27 08:36:07,0.1573,11812000,0.0,-1858028,0
2018-02-27 08:36:07,1.6427,11812000,0.0,-19403572,0
2018-02-27 08:41:18,0.5609,11710000,0.0,6568139,1
2018-02-27 08:41:18,1.2347,11710000,0.0,14458337,1
2018-02-27 08:41:18,0.0044,11711000,0.0,51528,1
2018-02-27 08:42:35,0.1559,11666000,0.0,-1818729,0
2018-02-27 08:42:43,1.6441,11663000,0.0,-19175138,0
2018-02-27 08:43:20,1.8,11700000,0.0,21060000,1
2018-02-27 08:44:09,1.0487,11668000,0.0,-12236232,0
2018-02-27 08:47:19,0.0458,11702000,0.0,535952,1
2018-02-27 08:48:16,0.1309,11713000,0.0,1533232,1
2018-02-27 08:48:55,0.6949,11699000,0.0,-8129635,0
2018-02-27 08:49:24,0.376,11711000,0.0,4403336,1
2018-02-27 08:51:48,0.1534,11703000,0.0,1795240,1
2018-02-27 08:52:33,0.5523,11706000,0.0,6465224,1
2018-02-27 08:52:57,0.4852,11700000,0.0,5676840,1
2018-02-27 08:53:31,1.8,11688000,0.0,-21038400,0
2018-02-27 08:53:52,0.186,11700000,0.0,2176200,1
2018-02-27 08:54:46,0.0593,11710000,0.0,694403,1
2018-02-27 08:54:46,1.16718079,11710000,0.0,13667687,1
2018-02-27 08:55:00,0.3875,11710000,0.0,4537625,1
2018-02-27 08:55:10,1.1453,11699000,0.0,-13398865,0
2018-02-27 09:00:46,0.9054,11775000,0.0,10661085,1
2018-02-27 09:01:07,1.5601,11789000,0.0,-18392019,0
2018-02-27 09:01:30,1.8,11800000,0.0,21240000,1
2018-02-27 09:04:41,0.2428,11763000,0.0,-2856056,0
2018-02-27 09:04:41,0.2631,11762000,0.0,-3094582,0
2018-02-27 09:05:41,0.06261516,11793000,0.0,738421,1
2018-02-27 09:05:51,0.4433,11788000,0.0,5225620,1
2018-02-27 09:18:13,0.8638,11754000,0.0,-10153105,0
2018-02-27 09:18:17,0.9362,11752000,0.0,-11002222,0
2018-02-27 09:19:45,0.0255,11721000,0.0,298886,1
2018-02-27 09:19:45,0.299,11721000,0.0,3504579,1
2018-02-27 09:23:39,0.1916,11716000,0.0,2244786,1
2018-02-27 09:23:39,0.0668,11716000,0.0,782629,1
2018-02-27 09:23:39,0.7835,11716000,0.0,9179486,1
2018-02-27 09:23:39,0.1673,11716000,0.0,1960087,1
2018-02-27 09:23:51,0.456,11712000,0.0,-5340672,0
2018-02-27 09:24:10,0.7223,11726000,0.0,8469690,1
2018-02-27 09:25:21,1.2115,11696000,0.0,-14169704,0
2018-02-27 09:26:00,0.4922,11696000,0.0,5756771,1
2018-02-27 09:26:23,0.7197,11700000,0.0,-8420490,0
2018-02-27 09:27:44,1.003,11732000,0.0,11767196,1
2018-02-27 09:27:45,0.4121,11732000,0.0,4834757,1
2018-02-27 09:28:25,0.0028,11748000,0.0,-32894,0
2018-02-27 09:28:25,0.6177,11749000,0.0,-7257357,0
2018-02-27 09:28:31,0.0028,11749000,0.0,-32897,0
2018-02-27 09:28:31,1.0,11749000,0.0,-11749000,0
2018-02-27 09:29:01,0.24,11767000,0.0,2824080,1
2018-02-27 09:29:14,1.4072,11746000,0.0,16528971,1
2018-02-27 09:29:46,0.2356,11748000,0.0,-2767829,0
2018-02-27 09:30:09,0.0025,11742000,0.0,29355,1
2018-02-27 09:30:09,0.2331,11742000,0.0,2737060,1
2018-02-27 09:32:58,1.8,11711000,0.0,-21079800,0
2018-02-27 09:39:15,0.7579,11761000,0.0,8913662,1
2018-02-27 09:39:15,1.0421,11760000,0.0,12255096,1
2018-02-27 09:41:25,0.8195,11760000,0.0,-9637320,0
2018-02-27 09:41:29,0.8805,11760000,0.0,-10354680,0
2018-02-27 09:41:48,0.594,11782000,0.0,6998508,1
2018-02-27 09:41:52,0.005,11780000,0.0,58900,1
2018-02-27 09:41:52,0.6219,11780000,0.0,7325982,1
2018-02-27 09:42:20,0.4734,11771000,0.0,5572391,1
2018-02-27 09:42:20,0.0057,11771000,0.0,67095,1
2018-02-27 09:54:01,0.199,11749000,0.0,-2338051,0
2018-02-27 09:54:01,0.0975,11754000,0.0,-1146015,0
2018-02-27 09:54:17,0.2965,11759000,0.0,3486544,1
2018-02-27 09:58:04,0.8027,11746000,0.0,-9428514,0
2018-02-27 09:58:11,0.799,11745000,0.0,-9384255,0
2018-02-27 10:00:32,0.4825,11752000,0.0,5670340,1
2018-02-27 10:00:44,0.8827,11742000,0.0,10364663,1
2018-02-27 10:00:47,0.1401,11747000,0.0,1645755,1
2018-02-27 10:01:09,0.087,11743000,0.0,1021641,1
2018-02-27 10:01:09,0.0094,11741000,0.0,110365,1
2018-02-27 10:01:47,1.8,11720000,0.0,-21096000,0
2018-02-27 10:04:17,0.0329,11712000,0.0,385325,1
2018-02-27 10:04:17,0.0498,11712000,0.0,583258,1
2018-02-27 10:04:17,0.0367,11711000,0.0,429794,1
2018-02-27 10:04:18,0.0085,11711000,0.0,99544,1
2018-02-27 10:04:18,0.0697,11711000,0.0,816257,1
2018-02-27 10:04:18,0.0169,11711000,0.0,197916,1
2018-02-27 10:04:18,1.0,11711000,0.0,11711000,1
2018-02-27 10:04:18,0.0426,11711000,0.0,498889,1
2018-02-27 10:04:30,0.399,11716000,0.0,-4674684,0
2018-02-27 10:05:08,0.4452,11724000,0.0,5219525,1
2018-02-27 10:07:00,0.4967,11740000,0.0,5831258,1
2018-02-27 10:08:09,1.3008,11734000,0.0,-15263587,0
2018-02-27 10:09:06,0.1,11735000,0.0,1173500,1
2018-02-27 10:09:06,0.0123,11736000,0.0,144353,1
2018-02-27 10:19:18,1.1885,11680000,0.0,13881680,1
2018-02-27 10:19:33,0.324,11670000,0.0,-3781080,0
2018-02-27 10:19:38,0.5816,11671000,0.0,-6787854,0
2018-02-27 10:20:29,0.1679,11681000,0.0,1961240,1
2018-02-27 10:20:29,0.7377,11681000,0.0,8617074,1
2018-02-27 10:30:07,0.0165,11625000,0.0,-191813,0
2018-02-27 10:30:08,0.2989,11625000,0.0,-3474713,0
2018-02-27 10:31:19,0.05,11609000,0.0,580450,1
2018-02-27 10:31:19,0.2654,11609000,0.0,3081029,1
2018-02-27 10:31:57,0.5884,11601000,0.0,-6826028,0
2018-02-27 10:31:57,0.0349,11601000,0.0,-404875,0
2018-02-27 10:32:19,0.9214,11601000,0.0,-10689161,0
2018-02-27 10:32:39,0.1401,11595000,0.0,1624460,1
2018-02-27 10:32:43,0.1401,11595000,0.0,1624460,1
2018-02-27 10:35:02,1.2645,11600000,0.0,14668200,1
2018-02-27 10:40:20,0.416,11560000,0.0,-4808960,0
2018-02-27 10:40:57,0.1362,11550000,0.0,1573110,1
2018-02-27 10:41:31,0.2798,11547000,0.0,3230851,1
2018-02-27 10:50:14,0.7538,11495000,0.0,-8664931,0
2018-02-27 10:52:00,0.0045,11538000,0.0,51921,1
2018-02-27 10:52:31,0.7493,11545000,0.0,8650669,1
2018-02-27 10:56:22,0.07758889,11520000,0.0,-893824,0
2018-02-27 10:56:22,1.69891111,11520000,0.0,-19571456,0
2018-02-27 10:57:43,0.3704,11537000,0.0,4273305,1
2018-02-27 10:58:24,1.4061,11531000,0.0,16213739,1
2018-02-27 10:59:57,1.7599,11504000,0.0,-20245890,0
2018-02-27 11:00:18,0.3005,11527000,0.0,3463864,1
2018-02-27 11:02:40,0.7701,11540000,0.0,8886954,1
2018-02-27 11:02:44,0.6893,11536000,0.0,7951765,1
2018-02-27 11:03:28,0.0001,11538000,0.0,-1154,0
2018-02-27 11:04:07,0.2152,11547000,0.0,-2484914,0
2018-02-27 11:08:04,0.2589,11529000,0.0,-2984858,0
2018-02-27 11:09:36,0.3482,11532000,0.0,4015442,1
2018-02-27 11:10:01,1.674,11523000,0.0,-19289502,0
2018-02-27 11:10:24,0.20321545,11520000,0.0,2341042,1
2018-02-27 11:13:01,1.5968,11497000,0.0,18358410,1
2018-02-27 11:13:58,0.4378,11491000,0.0,-5030760,0
2018-02-27 11:15:29,1.3622,11500000,0.0,-15665300,0
2018-02-27 11:25:25,1.8,11513000,0.0,20723400,1
2018-02-27 11:32:08,0.6937,11539000,0.0,-8004604,0
2018-02-27 11:34:24,1.1063,11555000,0.0,-12783297,0
2018-02-27 11:35:37,0.0087,11561000,0.0,100581,1
2018-02-27 11:35:56,0.3024,11555000,0.0,3494232,1
2018-02-27 11:36:32,0.164,11557000,0.0,1895348,1
2018-02-27 11:36:36,0.2511,11556000,0.0,2901712,1
2018-02-27 11:36:37,0.0671,11556000,0.0,775408,1
2018-02-27 11:36:51,0.0486,11552000,0.0,561427,1
2018-02-27 11:36:52,0.1401,11552000,0.0,1618435,1
2018-02-27 11:36:52,0.0027,11552000,0.0,31190,1
2018-02-27 11:37:24,0.9847,11553000,0.0,-11376239,0
2018-02-27 11:42:36,0.0907,11530000,0.0,1045771,1
2018-02-27 11:42:36,1.7093,11530000,0.0,19708229,1
2018-02-27 11:48:28,1.8,11553000,0.0,-20795400,0
2018-02-27 11:51:38,1.8,11559000,0.0,20806200,1
2018-02-27 11:51:44,1.8,11545000,0.0,-20781000,0
2018-02-27 11:54:41,0.1188,11548000,0.0,1371902,1
2018-02-27 11:59:12,1.6812,11500000,0.0,19333800,1
2018-02-27 12:01:30,0.5699,11505000,0.0,-6556700,0
2018-02-27 12:03:47,0.349,11501000,0.0,-4013849,0
2018-02-27 12:04:32,0.2,11504000,0.0,2300800,1
2018-02-27 12:04:39,1.0811,11490000,0.0,-12421839,0
2018-02-27 12:05:52,1.6,11492000,0.0,18387200,1
2018-02-27 12:06:02,0.2,11489000,0.0,2297800,1
2018-02-27 12:11:19,0.9238,11478000,0.0,-10603376,0
2018-02-27 12:12:31,0.9238,11487000,0.0,10611691,1
2018-02-27 12:15:10,0.67026681,11512000,0.0,-7716112,0
2018-02-27 12:15:21,0.0881,11520000,0.0,-1014912,0
2018-02-27 12:15:21,0.7477,11520000,0.0,-8613504,0
2018-02-27 12:15:38,0.3232,11522000,0.0,3723910,1
2018-02-27 12:18:11,0.171,11529000,0.0,1971459,1
2018-02-27 12:20:21,0.5389,11553000,0.0,6225912,1
2018-02-27 12:20:21,0.473,11553000,0.0,5464569,1
2018-02-27 12:23:38,0.023,11563000,0.0,-265949,0
2018-02-27 12:23:38,0.0319,11562000,0.0,-368828,0
2018-02-27 12:23:38,0.017,11562000,0.0,-196554,0
2018-02-27 12:23:38,0.021,11562000,0.0,-242802,0
2018-02-27 12:23:38,0.00031759,11562000,0.0,-3672,0
2018-02-27 12:23:38,0.0288,11565000,0.0,-333072,0
2018-02-27 12:23:38,0.001,11564000,0.0,-11564,0
2018-02-27 12:23:39,0.001,11565000,0.0,-11565,0
2018-02-27 12:23:39,0.2875,11565000,0.0,-3324938,0
2018-02-27 12:23:39,0.25288241,11565000,0.0,-2924585,0
2018-02-27 12:23:39,0.007,11565000,0.0,-80955,0
2018-02-27 12:24:10,0.6838,11561000,0.0,-7905412,0
2018-02-27 12:26:00,1.3552,11579000,0.0,15691861,1
2018-02-27 12:31:39,1.8,11579000,0.0,-20842200,0
2018-02-27 12:32:40,0.1801,11581000,0.0,2085738,1
2018-02-27 12:36:35,0.0998,11616000,0.0,1159277,1
2018-02-27 12:36:35,1.5201,11615000,0.0,17655962,1
2018-02-27 12:38:40,1.2031,11600000,0.0,-13955960,0
2018-02-27 12:38:40,0.5969,11600000,0.0,-6924040,0
2018-02-27 12:40:56,1.0,11612000,0.0,11612000,1
2018-02-27 12:40:56,0.03,11612000,0.0,348360,1
2018-02-27 12:41:50,0.2943,11605000,0.0,-3415352,0
2018-02-27 12:41:50,0.003,11605000,0.0,-34815,0
2018-02-27 12:41:50,0.0022,11605000,0.0,-25531,0
2018-02-27 12:42:56,0.4178,11630000,0.0,4859014,1
2018-02-27 12:43:33,0.083,11610000,0.0,963630,1
2018-02-27 12:43:33,0.1659,11609000,0.0,1925933,1
2018-02-27 12:45:25,0.0041,11585000,0.0,47499,1
2018-02-27 12:45:38,0.3987,11587000,0.0,4619737,1
2018-02-27 12:46:00,1.8,11584000,0.0,-20851200,0
2018-02-27 12:48:30,0.4537,11570000,0.0,5249309,1
2018-02-27 12:48:37,0.324,11579000,0.0,3751596,1
2018-02-27 12:49:02,0.1,11566000,0.0,1156600,1
2018-02-27 12:55:05,0.9223,11574000,0.0,10674700,1
2018-02-27 12:59:31,0.3928,11594000,0.0,-4554123,0
2018-02-27 13:00:15,0.1032,11609000,0.0,1198049,1
2018-02-27 13:00:20,0.1778,11607000,0.0,2063725,1
2018-02-27 13:00:26,0.1118,11601000,0.0,1296992,1
2018-02-27 13:01:43,0.1235784,11607000,0.0,-1434374,0
2018-02-27 13:01:43,0.5334216,11607000,0.0,-6191425,0
2018-02-27 13:01:47,0.0086,11612000,0.0,-99863,0
2018-02-27 13:01:47,0.0085784,11612000,0.0,-99612,0
2018-02-27 13:01:47,0.081,11612000,0.0,-940572,0
2018-02-27 13:01:47,0.1285216,11612000,0.0,-1492393,0
2018-02-27 13:03:47,0.4537389,11600000,0.0,5263371,1
2018-02-27 13:03:47,0.4299611,11600000,0.0,4987549,1
2018-02-27 13:16:23,0.00035449,11621000,0.0,-4120,0
2018-02-27 13:16:23,0.0043,11621000,0.0,-49970,0
2018-02-27 13:16:23,0.006,11621000,0.0,-69726,0
2018-02-27 13:16:23,0.13794551,11621000,0.0,-1603065,0
2018-02-27 13:18:45,0.1107,11661000,0.0,1290873,1
2018-02-27 13:18:49,0.0379,11657000,0.0,441800,1
2018-02-27 13:20:46,0.2495,11644000,0.0,-2905178,0
2018-02-27 13:21:21,0.1244,11652000,0.0,1449509,1
2018-02-27 13:22:24,0.1251,11645000,0.0,1456790,1
2018-02-27 13:25:57,0.28,11651000,0.0,-3262280,0
2018-02-27 13:26:19,0.28,11655000,0.0,3263400,1
2018-02-27 13:28:22,1.8,11642000,0.0,-20955600,0
2018-02-27 13:30:51,1.6735,11643000,0.0,19484561,1
2018-02-27 13:31:23,0.0919,11645000,0.0,1070176,1
2018-02-27 13:31:24,0.0346,11645000,0.0,402917,1
2018-02-27 13:32:09,1.8,11640000,0.0,-20952000,0
2018-02-27 13:34:14,0.0349,11653000,0.0,406690,1
2018-02-27 13:34:50,1.636,11650000,0.0,19059400,1
2018-02-27 13:35:48,0.1291,11650000,0.0,1504015,1
2018-02-27 13:41:55,1.8,11617000,0.0,-20910600,0
2018-02-27 13:43:09,0.149,11616000,0.0,1730784,1
2018-02-27 13:43:09,0.6224,11616000,0.0,7229798,1
2018-02-27 13:43:10,0.6078,11616000,0.0,7060205,1
2018-02-27 13:43:10,0.4208,11616000,0.0,4888013,1
2018-02-27 13:47:49,0.179,11610000,0.0,-2078190,0
2018-02-27 13:50:00,0.179,11611000,0.0,2078369,1
2018-02-27 13:50:56,1.4986,11613000,0.0,-17403242,0
2018-02-27 13:52:08,0.2219,11600000,0.0,2574040,1
2018-02-27 13:52:08,0.01,11600000,0.0,116000,1
2018-02-27 13:52:08,0.0001,11600000,0.0,1160,1
2018-02-27 13:52:08,0.0431,11600000,0.0,499960,1
2018-02-27 13:52:08,0.1172,11600000,0.0,1359520,1
2018-02-27 13:52:08,0.2952,11600000,0.0,3424320,1
2018-02-27 13:52:09,0.4387,11600000,0.0,5088920,1
2018-02-27 13:52:10,0.3724,11600000,0.0,4319840,1
2018-02-27 13:55:47,1.8,11615000,0.0,-20907000,0
2018-02-27 13:57:31,1.1526,11628000,0.0,13402433,1
2018-02-27 13:59:20,0.6474,11604000,0.0,7512430,1
2018-02-27 14:04:22,0.55328007,11565000,0.0,-6398684,0
2018-02-27 14:06:05,0.153,11550000,0.0,-1767150,0
2018-02-27 14:06:09,0.6803,11550000,0.0,-7857465,0
2018-02-27 14:07:16,0.1588,11567000,0.0,1836840,1
2018-02-27 14:07:27,0.289,11568000,0.0,3343152,1
2018-02-27 14:13:31,0.5,11541000,0.0,5770500,1
2018-02-27 14:13:49,0.4387,11540000,0.0,5062598,1
2018-02-27 14:15:05,0.3004,11521000,0.0,-3460908,0
2018-02-27 14:15:57,3.298e-05,11538000,0.0,-381,0
2018-02-27 14:15:57,1.49956702,11538000,0.0,-17302004,0
2018-02-27 14:31:44,0.781,11567000,0.0,9033827,1
2018-02-27 14:31:56,0.5159,11561000,0.0,5964320,1
2018-02-27 14:32:13,0.1727,11571000,0.0,1998312,1
2018-02-27 14:33:27,0.3304,11573000,0.0,3823719,1
2018-02-27 14:35:48,0.0564,11613000,0.0,-654973,0
2018-02-27 14:35:48,0.0478,11613000,0.0,-555101,0
2018-02-27 14:35:51,0.0478,11615000,0.0,-555197,0
2018-02-27 14:35:51,1.0739,11615000,0.0,-12473349,0
2018-02-27 14:37:46,1.2259,11630000,0.0,14257217,1
2018-02-27 14:40:14,0.8639,11610000,0.0,-10029879,0
2018-02-27 14:41:30,0.7123,11599000,0.0,-8261968,0
2018-02-27 14:41:31,0.0801,11599000,0.0,-929080,0
2018-02-27 14:43:57,0.271,11610000,0.0,3146310,1
2018-02-27 14:44:01,0.2087,11611000,0.0,2423216,1
2018-02-27 14:48:13,1.1766,11606000,0.0,13655620,1
2018-02-27 15:09:39,0.3772,11640000,0.0,-4390608,0
2018-02-27 15:09:39,0.0024,11640000,0.0,-27936,0
2018-02-27 15:10:13,0.3796,11640000,0.0,4418544,1
2018-02-27 15:10:44,0.1568,11617000,0.0,-1821546,0
2018-02-27 15:12:04,0.1568,11608000,0.0,1820134,1
2018-02-27 15:18:49,1.703,11582000,0.0,-19724146,0
2018-02-27 15:19:23,0.127,11582000,0.0,1470914,1
2018-02-27 15:20:56,1.43455112,11580000,0.0,16612102,1
2018-02-27 15:21:10,0.1,11579000,0.0,1157900,1
2018-02-27 15:21:59,0.5429,11557000,0.0,-6274295,0
2018-02-27 15:22:03,0.9901,11560000,0.0,-11445556,0
2018-02-27 15:25:25,0.25,11565000,0.0,2891250,1
2018-02-27 15:29:07,1.3245,11573000,0.0,15328439,1
2018-02-27 15:42:00,0.26231535,11597000,0.0,-3042071,0
2018-02-27 15:42:05,0.002,11600000,0.0,-23200,0
2018-02-27 15:42:05,0.30299683,11600000,0.0,-3514763,0
2018-02-27 15:42:08,0.8873,11602000,0.0,-10294455,0
2018-02-27 15:46:39,0.4177,11595000,0.0,4843232,1
2018-02-27 15:47:45,1.0369,11586000,0.0,12013523,1
2018-02-27 15:55:02,0.1301,11600000,0.0,-1509160,0
2018-02-27 15:55:02,0.0005,11600000,0.0,-5800,0
2018-02-27 15:55:02,0.04654303,11600000,0.0,-539899,0
2018-02-27 15:55:15,0.0052,11592000,0.0,-60278,0
2018-02-27 16:01:46,0.1236,11610000,0.0,-1434996,0
2018-02-27 16:03:10,0.3,11638000,0.0,3491400,1
2018-02-27 16:03:11,0.0059,11636000,0.0,68652,1
2018-02-27 16:04:37,0.57468322,11652000,0.0,-6696209,0
2018-02-27 16:04:37,1.678e-05,11650000,0.0,-195,0
2018-02-27 16:04:47,0.1819,11645000,0.0,2118226,1
2018-02-27 16:05:53,0.3928,11634000,0.0,4569835,1
2018-02-27 16:07:14,0.8269,11630000,0.0,-9616847,0
2018-02-27 16:07:46,0.3604,11643000,0.0,4196137,1
2018-02-27 16:08:14,0.4665,11635000,0.0,5427728,1
2018-02-27 16:18:08,1.8,11646000,0.0,-20962800,0
2018-02-27 16:19:13,0.43389828,11653000,0.0,5056217,1
2018-02-27 16:20:10,0.1776,11646000,0.0,2068330,1
2018-02-27 16:20:14,0.2831,11645000,0.0,3296700,1
2018-02-27 16:20:14,0.4408,11645000,0.0,5133116,1
2018-02-27 16:20:14,0.2759,11645000,0.0,3212856,1
2018-02-27 16:20:18,0.1887,11640000,0.0,2196468,1
2018-02-27 16:22:23,0.9252,11624000,0.0,-10754525,0
2018-02-27 16:23:00,0.0215,11611000,0.0,249637,1
2018-02-27 16:23:00,0.4931,11611000,0.0,5725384,1
2018-02-27 16:23:29,0.1645,11610000,0.0,-1909845,0
2018-02-27 16:24:31,0.5751,11614000,0.0,6679211,1
2018-02-27 16:36:41,0.0416,11640000,0.0,-484224,0
2018-02-27 16:36:41,0.352,11640000,0.0,-4097280,0
2018-02-27 16:36:41,0.1423,11640000,0.0,-1656372,0
2018-02-27 16:36:41,1.2641,11640000,0.0,-14714124,0
2018-02-27 16:42:14,1.8,11625000,0.0,20925000,1
2018-02-27 16:48:01,0.096,11655000,0.0,-1118880,0
2018-02-27 16:48:17,0.096,11663000,0.0,1119648,1
2018-02-27 16:49:03,0.41147188,11700000,0.0,-4814221,0
2018-02-27 16:49:03,0.0139,11700000,0.0,-162630,0
2018-02-27 16:49:03,0.5119,11700000,0.0,-5989230,0
2018-02-27 16:49:03,0.008,11700000,0.0,-93600,0
2018-02-27 16:49:03,0.85472812,11700000,0.0,-10000319,0
2018-02-27 16:51:11,0.7,11717000,0.0,8201900,1
2018-02-27 16:51:11,1.1,11716000,0.0,12887600,1
2018-02-27 16:51:49,0.7604,11726000,0.0,-8916450,0
2018-02-27 16:52:26,0.7604,11742000,0.0,8928617,1
2018-02-27 16:52:47,0.1589174,11757000,0.0,-1868392,0
2018-02-27 16:52:47,0.0011,11757000,0.0,-12933,0
2018-02-27 16:53:05,0.1601,11768000,0.0,1884057,1
2018-02-27 16:54:05,0.03,11812000,0.0,-354360,0
2018-02-27 16:54:05,0.0093,11812000,0.0,-109852,0
2018-02-27 16:54:05,0.6817,11812000,0.0,-8052240,0
2018-02-27 16:54:51,0.3607,11837000,0.0,4269606,1
2018-02-27 16:54:59,0.3603,11830000,0.0,4262349,1
2018-02-27 17:03:32,0.0985,11907000,0.0,-1172840,0
2018-02-27 17:03:35,1.7015,11917000,0.0,-20276776,0
2018-02-27 17:06:38,0.3907,11887000,0.0,4644251,1
2018-02-27 17:06:38,0.9647,11887000,0.0,11467389,1
2018-02-27 17:06:44,0.9473,11878000,0.0,-11252029,0
2018-02-27 17:09:01,1.3919,11860000,0.0,16507934,1
2018-02-27 17:11:42,0.287,11840000,0.0,-3398080,0
2018-02-27 17:12:48,0.287,11862000,0.0,3404394,1
2018-02-27 17:16:00,0.5683,11950000,0.0,-6791185,0
2018-02-27 17:16:00,1.3317,11950000,0.0,-15913815,0
2018-02-27 17:16:17,1.9,11970000,0.0,22743000,1
2018-02-27 17:20:48,0.1483,11890000,0.0,-1763287,0
2018-02-27 17:20:48,0.0012,11890000,0.0,-14268,0
2018-02-27 17:21:51,0.0725,11892000,0.0,862170,1
2018-02-27 17:21:51,0.077,11892000,0.0,915684,1
2018-02-27 17:22:28,1.3972,11870000,0.0,-16584764,0
2018-02-27 17:23:19,1.0,11886000,0.0,11886000,1
2018-02-27 17:23:32,0.3972,11883000,0.0,4719928,1
2018-02-27 17:24:08,0.34,11900000,0.0,-4046000,0
2018-02-27 17:24:08,0.3397663,11900000,0.0,-4043219,0
2018-02-27 17:24:08,0.0199337,11900000,0.0,-237211,0
2018-02-27 17:24:08,0.3874,11900000,0.0,-4610060,0
2018-02-27 17:24:08,0.0375,11900000,0.0,-446250,0
2018-02-27 17:24:08,0.1501,11900000,0.0,-1786190,0
2018-02-27 17:24:08,0.1,11900000,0.0,-1190000,0
2018-02-27 17:24:08,0.009,11900000,0.0,-107100,0
2018-02-27 17:24:47,0.5163,11912000,0.0,-6150166,0
2018-02-27 17:28:07,0.4596,11922000,0.0,5479351,1
2018-02-27 17:29:04,1.4404,11920000,0.0,17169568,1
2018-02-27 17:29:12,1.1886,11910000,0.0,-14156226,0
2018-02-27 17:30:42,0.5,11909000,0.0,5954500,1
2018-02-27 17:30:45,0.6886,11908000,0.0,8199849,1
2018-02-27 17:32:37,1.9,11868000,0.0,-22549200,0
2018-02-27 17:34:45,1.50003748,11887000,0.0,17830946,1
2018-02-27 17:34:55,0.2743,11887000,0.0,3260604,1
2018-02-27 17:37:11,1.7744,11920000,0.0,-21150848,0
2018-02-27 17:37:24,0.36370002,11943000,0.0,4343669,1
2018-02-27 17:37:28,0.9399,11944000,0.0,11226166,1
2018-02-27 17:37:36,0.5964,11945000,0.0,7123998,1
2018-02-27 17:43:56,1.9,11980000,0.0,-22762000,0
2018-02-27 17:45:46,0.26153982,11970000,0.0,3130632,1
2018-02-27 17:45:58,0.0001,11974000,0.0,1197,1
2018-02-27 17:45:59,0.0005,11974000,0.0,5987,1
2018-02-27 17:45:59,0.2489,11974000,0.0,2980329,1
2018-02-27 17:46:05,0.1805,11967000,0.0,2160044,1
2018-02-27 17:46:21,0.1411,11970000,0.0,1688967,1
2018-02-27 17:46:21,1.0674,11970000,0.0,12776778,1
2018-02-27 17:51:50,0.1387,11982000,0.0,-1661903,0
2018-02-27 17:53:30,0.1387,12001000,0.0,1664539,1
2018-02-27 18:03:13,0.4994,11927000,0.0,-5956344,0
2018-02-27 18:03:48,0.4994,11925000,0.0,5955345,1
2018-02-27 18:03:53,1.9,11925000,0.0,-22657500,0
2018-02-27 18:04:33,0.3322,11950000,0.0,3969790,1
2018-02-27 18:06:52,0.81523405,11953000,0.0,9744493,1
2018-02-27 18:06:52,0.4019,11953000,0.0,4803911,1
2018-02-27 18:06:55,0.0285,11950000,0.0,340575,1
2018-02-27 18:07:14,0.2319,11948000,0.0,2770741,1
2018-02-27 18:08:04,0.2904,11950000,0.0,-3470280,0
2018-02-27 18:08:18,0.2613,11950000,0.0,3122535,1
2018-02-27 18:08:18,0.033,11950000,0.0,394350,1
2018-02-27 18:08:32,0.0863,11951000,0.0,1031371,1
2018-02-27 18:12:16,1.9,11874000,0.0,-22560600,0
2018-02-27 18:14:08,1.9,11908000,0.0,22625200,1
2018-02-27 18:16:38,0.1068,11937000,0.0,-1274872,0
2018-02-27 18:16:51,0.02490025,11955000,0.0,-297682,0
2018-02-27 18:16:51,0.21599975,11955000,0.0,-2582277,0
2018-02-27 18:17:04,0.3477,11966000,0.0,4160578,1
2018-02-27 18:20:12,0.7699,11920000,0.0,-9177208,0
2018-02-27 18:20:50,0.9417,11928000,0.0,-11232598,0
2018-02-27 18:26:18,1.2858,11951000,0.0,15366596,1
2018-02-27 18:26:30,0.4258,11943000,0.0,5085329,1
2018-02-27 18:30:44,0.1661,11929000,0.0,-1981407,0
2018-02-27 18:33:18,0.1661,11923000,0.0,1980410,1
2018-02-27 18:38:27,0.0637,12001000,0.0,-764464,0
2018-02-27 18:38:27,1.8363,12001000,0.0,-22037436,0
2018-02-27 18:39:02,1.28734379,12020000,0.0,15473872,1
2018-02-27 18:39:40,0.3042,12014000,0.0,3654659,1
2018-02-27 18:40:19,0.3085,12011000,0.0,3705394,1
2018-02-27 18:51:22,0.4484,11985000,0.0,-5374074,0
2018-02-27 18:51:57,1.199,11976000,0.0,-14359224,0
2018-02-27 18:53:32,0.1291,11990000,0.0,1547909,1
2018-02-27 18:53:32,0.10498382,11990000,0.0,1258756,1
2018-02-27 18:53:32,0.2293,11990000,0.0,2749307,1
2018-02-27 18:53:32,0.1061,11990000,0.0,1272139,1
2018-02-27 18:54:57,1.0779,11985000,0.0,12918632,1
2018-02-27 19:03:36,0.1687,11960000,0.0,-2017652,0
2018-02-27 19:03:41,0.1578,11961000,0.0,-1887446,0
2018-02-27 19:05:17,0.3265,11980000,0.0,3911470,1
2018-02-27 19:06:29,0.1344,11970000,0.0,-1608768,0
2018-02-27 19:08:24,0.3094,11960000,0.0,-3700424,0
2018-02-27 19:09:39,0.2734,11945000,0.0,3265763,1
2018-02-27 19:09:39,0.0429,11945000,0.0,512441,1
2018-02-27 19:09:43,0.1275,11938000,0.0,1522095,1
2018-02-27 19:09:56,0.0307,11931000,0.0,-366282,0
2018-02-27 19:09:56,0.1611,11931000,0.0,-1922084,0
2018-02-27 19:10:02,0.1432,11940000,0.0,1709808,1
2018-02-27 19:10:03,0.0486,11940000,0.0,580284,1
2018-02-27 19:10:14,1.9,11935000,0.0,-22676500,0
2018-02-27 19:15:44,1.69540923,11980000,0.0,20311003,1
2018-02-27 19:15:48,0.2046,11982000,0.0,2451517,1
2018-02-27 19:19:50,1.51020351,11970000,0.0,-18077136,0
2018-02-27 19:19:50,0.0501,11970000,0.0,-599697,0
2018-02-27 19:19:57,1.00026618,11984000,0.0,11987190,1
2018-02-27 19:22:03,0.56,11968000,0.0,6702080,1
2018-02-27 19:31:23,1.9,11921000,0.0,-22649900,0
2018-02-27 19:34:52,1.9,11943000,0.0,22691700,1
2018-02-27 19:37:26,0.3318,11915000,0.0,-3953397,0
2018-02-27 19:38:37,0.72232191,11912000,0.0,-8604299,0
2018-02-27 19:38:50,0.8457,11912000,0.0,-10073978,0
2018-02-27 19:39:51,0.3056,11895000,0.0,3635112,1
2018-02-27 19:39:51,0.001,11895000,0.0,11895,1
2018-02-27 19:39:56,0.5,11890000,0.0,5945000,1
2018-02-27 19:39:56,0.4098,11890000,0.0,4872522,1
2018-02-27 19:39:56,0.0183,11890000,0.0,217587,1
2018-02-27 19:40:34,0.1339,11873000,0.0,1589795,1
2018-02-27 19:40:42,0.5313,11865000,0.0,6303875,1
2018-02-27 19:40:58,0.1732,11876000,0.0,-2056923,0
2018-02-27 19:41:40,0.1732,11875000,0.0,2056750,1
2018-02-27 19:44:25,1.9,11832000,0.0,-22480800,0
2018-02-27 19:47:13,1.37382906,11870000,0.0,16307351,1
2018-02-27 19:47:23,0.5261,11873000,0.0,6246385,1
2018-02-27 19:47:37,0.80878022,11875000,0.0,-9604265,0
2018-02-27 19:47:37,0.23151978,11875000,0.0,-2749297,0
2018-02-27 19:47:45,0.80221774,11889000,0.0,9537567,1
2018-02-27 19:47:45,0.23808226,11889000,0.0,2830560,1
2018-02-27 19:47:57,0.66158807,11901000,0.0,-7873560,0
2018-02-27 19:48:07,0.9085,11902000,0.0,-10812967,0
2018-02-27 19:48:21,0.3384744,11909000,0.0,4030892,1
2018-02-27 19:48:26,0.3424,11907000,0.0,4076957,1
2018-02-27 19:52:55,0.35718533,11912000,0.0,4254792,1
2018-02-27 19:53:19,0.3963,11901000,0.0,-4716366,0
2018-02-27 19:56:12,0.5,11916000,0.0,5958000,1
2018-02-27 19:56:12,0.2499,11916000,0.0,2977808,1
2018-02-27 19:57:43,0.1166,11901000,0.0,-1387657,0
2018-02-27 19:57:56,0.2951,11911000,0.0,3514936,1
2018-02-27 20:03:59,0.5538,11940000,0.0,-6612372,0
2018-02-27 20:03:59,0.0011,11940000,0.0,-13134,0
2018-02-27 20:04:05,1.3451,11939000,0.0,-16059149,0
2018-02-27 20:05:10,0.0198,11937000,0.0,236353,1
2018-02-27 20:05:10,1.8802,11931000,0.0,22432666,1
2018-02-27 20:05:51,0.002,11955000,0.0,-23910,0
2018-02-27 20:05:51,0.5789,11955000,0.0,-6920750,0
2018-02-27 20:05:52,0.0114,11955000,0.0,-136287,0
2018-02-27 20:06:06,0.4022,11955000,0.0,4808301,1
2018-02-27 20:06:06,0.0004,11955000,0.0,4782,1
2018-02-27 20:06:06,0.1897,11955000,0.0,2267864,1
2018-02-27 20:19:15,1.9,11920000,0.0,-22648000,0
2018-02-27 20:21:45,0.8497,11938000,0.0,10143719,1
2018-02-27 20:21:46,0.6116,11938000,0.0,7301281,1
2018-02-27 20:22:13,0.2848,11934000,0.0,3398803,1
2018-02-27 20:22:46,0.1539,11932000,0.0,1836335,1
2018-02-27 20:29:20,0.1,11941000,0.0,-1194100,0
2018-02-27 20:31:02,0.1,11948000,0.0,1194800,1
2018-02-27 20:40:01,0.08572939,11980000,0.0,-1027038,0
2018-02-27 20:40:01,0.31797061,11980000,0.0,-3809288,0
2018-02-27 20:40:01,0.008,11980000,0.0,-95840,0
2018-02-27 20:40:01,0.8432,11980000,0.0,-10101536,0
2018-02-27 20:40:05,0.0428,11980000,0.0,-512744,0
2018-02-27 20:41:00,1.2977,11983000,0.0,15550339,1
2018-02-27 20:46:54,0.0115,12003000,0.0,-138035,0
2018-02-27 20:46:54,0.02,12003000,0.0,-240060,0
2018-02-27 20:46:55,0.0836,12003000,0.0,-1003451,0
2018-02-27 20:46:55,0.0092,12003000,0.0,-110428,0
2018-02-27 20:46:59,1.6462,12005000,0.0,-19762631,0
2018-02-27 20:46:59,0.1295,12005000,0.0,-1554648,0
2018-02-27 20:47:26,0.1271,11994000,0.0,1524437,1
2018-02-27 20:47:26,0.53908586,11994000,0.0,6465796,1
2018-02-27 20:47:57,0.1851,11995000,0.0,2220275,1
2018-02-27 20:47:57,0.0328,11995000,0.0,393436,1
2018-02-27 20:47:57,0.0253,11995000,0.0,303474,1
2018-02-27 20:47:57,0.1615,11995000,0.0,1937193,1
2018-02-27 20:47:57,0.8291,11995000,0.0,9945055,1
2018-02-27 20:51:35,0.2494,11993000,0.0,-2991054,0
2018-02-27 20:51:53,0.2494,11995000,0.0,2991553,1
2018-02-27 20:54:34,1.9,11977000,0.0,-22756300,0
2018-02-27 20:55:06,1.0954,11963000,0.0,13104270,1
2018-02-27 20:55:07,0.0437,11963000,0.0,522783,1
2018-02-27 20:55:10,0.1565,11960000,0.0,1871740,1
2018-02-27 20:56:29,0.2524,11963000,0.0,-3019461,0
2018-02-27 20:56:40,0.1889,11967000,0.0,-2260566,0
2018-02-27 20:56:53,0.4946,11971000,0.0,-5920857,0
2018-02-27 20:58:27,1.5403,11950000,0.0,18406585,1
2018-02-27 21:15:16,0.2511,12008000,0.0,-3015209,0
2018-02-27 21:15:24,0.09861512,12011000,0.0,-1184466,0
2018-02-27 21:15:24,1.55018488,12011000,0.0,-18619271,0
2018-02-27 21:19:42,0.4908,12013000,0.0,5895980,1
2018-02-27 21:20:24,1.1742,12021000,0.0,14115058,1
2018-02-27 21:20:37,0.2349,12022000,0.0,2823968,1
2018-02-27 21:23:47,0.1334,11991000,0.0,-1599599,0
2018-02-27 21:23:47,0.2403,11991000,0.0,-2881437,0
2018-02-27 21:23:47,0.08502794,11991000,0.0,-1019570,0
2018-02-27 21:23:48,0.06157206,11991000,0.0,-738311,0
2018-02-27 21:23:48,0.0833,11991000,0.0,-998850,0
2018-02-27 21:24:31,0.65297564,11988000,0.0,-7827872,0
2018-02-27 21:24:32,0.1822,11988000,0.0,-2184214,0
2018-02-27 21:27:31,0.3826,11985000,0.0,4585461,1
2018-02-27 21:27:31,0.429,11985000,0.0,5141565,1
2018-02-27 21:29:47,0.6272,11952000,0.0,7496294,1
2018-02-27 21:30:45,0.3137,11932000,0.0,-3743068,0
2018-02-27 21:30:45,0.9377,11934000,0.0,-11190512,0
2018-02-27 21:30:51,0.47310535,11934000,0.0,-5646039,0
2018-02-27 21:30:51,0.17539465,11934000,0.0,-2093160,0
2018-02-27 21:38:58,1.8999,11951000,0.0,22705705,1
2018-02-27 21:40:31,0.2234,11930000,0.0,-2665162,0
2018-02-27 21:41:44,0.2998,11925000,0.0,-3575115,0
2018-02-27 21:42:06,0.3168,11932000,0.0,-3780058,0
2018-02-27 21:42:36,0.84,11932000,0.0,10022880,1
2018-02-27 21:50:05,0.20406095,11926000,0.0,-2433631,0
2018-02-27 21:50:36,0.204,11927000,0.0,2433108,1
2018-02-27 21:51:44,0.1548,11944000,0.0,-1848931,0
2018-02-27 21:52:55,0.1058,11941000,0.0,-1263358,0
2018-02-27 21:53:21,0.2606,11958000,0.0,3116255,1
2018-02-27 21:58:03,1.9,11934000,0.0,-22674600,0
2018-02-27 21:59:14,0.0075,11931000,0.0,89483,1
2018-02-27 21:59:14,0.032,11931000,0.0,381792,1
2018-02-27 21:59:15,0.0083,11931000,0.0,99027,1
2018-02-27 21:59:15,0.9,11931000,0.0,10737900,1
2018-02-27 22:01:23,0.309,11943000,0.0,-3690387,0
2018-02-27 22:02:53,0.6387,11970000,0.0,-7645239,0
2018-02-27 22:03:11,0.2494,11969000,0.0,2985069,1
2018-02-27 22:03:11,0.0566,11969000,0.0,677445,1
2018-02-27 22:03:16,0.0281,11967000,0.0,336273,1
2018-02-27 22:03:16,0.2608,11967000,0.0,3120994,1
2018-02-27 22:03:16,0.0164,11967000,0.0,196259,1
2018-02-27 22:03:52,0.0371,11957000,0.0,443605,1
2018-02-27 22:03:52,0.297,11957000,0.0,3551229,1
2018-02-27 22:04:24,0.9454,11951000,0.0,-11298475,0
2018-02-27 22:07:08,1.0,11949000,0.0,11949000,1
2018-02-27 22:07:08,0.0083,11949000,0.0,99177,1
2018-02-27 22:07:08,0.0083,11949000,0.0,99177,1
2018-02-27 22:07:08,0.0083,11949000,0.0,99177,1
2018-02-27 22:07:08,0.0789,11949000,0.0,942776,1
2018-02-27 22:07:08,0.0003,11949000,0.0,3585,1
2018-02-27 22:07:08,0.0083,11949000,0.0,99177,1
2018-02-27 22:07:09,0.02004795,11949000,0.0,239553,1
2018-02-27 22:07:14,0.2379,11950000,0.0,2842905,1
2018-02-27 22:10:21,1.3704,11946000,0.0,-16370798,0
2018-02-27 22:12:11,0.9792,11967000,0.0,11718086,1
2018-02-27 22:12:12,0.04008624,11967000,0.0,479712,1
2018-02-27 22:12:14,0.8807,11970000,0.0,10541979,1
2018-02-27 22:13:22,0.2029,11960000,0.0,-2426684,0
2018-02-27 22:13:22,0.0893,11960000,0.0,-1068028,0
2018-02-27 22:15:05,0.2922,11964000,0.0,3495881,1
2018-02-27 22:17:25,1.3726,11949000,0.0,-16401197,0
2018-02-27 22:20:52,0.4953,11958000,0.0,5922797,1
2018-02-27 22:23:31,0.3819,11968000,0.0,4570579,1
2018-02-27 22:24:12,1.4045,11960000,0.0,-16797820,0
2018-02-27 22:26:30,1.8999,11980000,0.0,22760802,1
2018-02-27 22:29:31,0.1594,12007000,0.0,-1913916,0
2018-02-27 22:29:31,0.1697,12007000,0.0,-2037588,0
2018-02-27 22:29:31,0.4346,12007000,0.0,-5218242,0
2018-02-27 22:29:31,0.3310663,12007000,0.0,-3975113,0
2018-02-27 22:29:43,0.08000036,12012000,0.0,-960964,0
2018-02-27 22:29:44,0.40519964,12012000,0.0,-4867258,0
2018-02-27 22:29:44,0.01,12012000,0.0,-120120,0
2018-02-27 22:29:44,0.01,12012000,0.0,-120120,0
2018-02-27 22:29:44,0.3,12012000,0.0,-3603600,0
2018-02-27 22:33:37,0.0876,11999000,0.0,1051112,1
2018-02-27 22:33:37,1.0429,11999000,0.0,12513757,1
2018-02-27 22:33:37,0.1667,11999000,0.0,2000233,1
2018-02-27 22:33:39,0.01003384,11999000,0.0,120396,1
2018-02-27 22:35:14,1.3072,11995000,0.0,-15679864,0
2018-02-27 22:38:36,0.0675,11994000,0.0,809595,1
2018-02-27 22:39:06,0.11552497,11997000,0.0,1385953,1
2018-02-27 22:39:06,0.0675,11997000,0.0,809798,1
2018-02-27 22:39:06,0.396,11997000,0.0,4750812,1
2018-02-27 22:39:06,0.05,11997000,0.0,599850,1
2018-02-27 22:39:07,0.4,11997000,0.0,4798800,1
2018-02-27 22:39:58,0.0675,12000000,0.0,810000,1
2018-02-27 22:39:58,0.0385,12000000,0.0,462000,1
2018-02-27 22:39:59,0.04004167,12000000,0.0,480500,1
2018-02-27 22:39:59,0.0446,12000000,0.0,535200,1
2018-02-27 22:42:04,0.0396,11994000,0.0,474962,1
2018-02-27 22:44:59,1.3268,12001000,0.0,-15922927,0
2018-02-27 22:46:17,0.0254,11999000,0.0,304775,1
2018-02-27 22:46:17,0.0849,11999000,0.0,1018715,1
2018-02-27 22:46:17,0.002,11999000,0.0,23998,1
2018-02-27 22:46:18,0.2135,11999000,0.0,2561787,1
2018-02-27 22:50:39,0.4511,12100000,0.0,5458310,1
2018-02-27 22:50:39,0.2099,12100000,0.0,2539790,1
2018-02-27 22:50:40,0.0918,12100000,0.0,1110780,1
2018-02-27 22:50:40,0.174,12100000,0.0,2105400,1
2018-02-27 22:50:40,0.6473,12100000,0.0,7832330,1
2018-02-27 22:54:14,0.5516,12083000,0.0,-6664983,0
2018-02-27 22:54:31,0.5516,12088000,0.0,6667741,1
2018-02-27 22:58:46,0.1931,12112000,0.0,-2338827,0
2018-02-27 22:58:51,0.058,12120000,0.0,-702960,0
2018-02-27 22:58:51,0.12709784,12120000,0.0,-1540426,0
2018-02-27 22:58:57,0.0778,12120000,0.0,-942936,0
2018-02-27 22:58:58,0.0227,12120000,0.0,-275124,0
2018-02-27 22:59:10,0.03796477,12136000,0.0,460740,1
2018-02-27 22:59:10,0.44073523,12136000,0.0,5348763,1
2018-02-27 23:02:16,0.3494,12083000,0.0,-4221800,0
2018-02-27 23:02:16,0.0613,12083000,0.0,-740688,0
2018-02-27 23:03:00,0.14060005,12078000,0.0,-1698167,0
2018-02-27 23:03:39,1.184,12090000,0.0,-14314560,0
2018-02-27 23:04:55,0.4648,12087000,0.0,5618038,1
2018-02-27 23:05:08,0.4445,12080000,0.0,-5369560,0
2018-02-27 23:07:09,0.6208,12066000,0.0,7490573,1
2018-02-27 23:07:10,0.1,12066000,0.0,1206600,1
2018-02-27 23:07:43,0.9942,12063000,0.0,11993035,1
2018-02-27 23:08:08,1.0466,12060000,0.0,-12621996,0
2018-02-27 23:08:13,0.1973666,12065000,0.0,2381228,1
2018-02-27 23:08:42,0.7669,12060000,0.0,9248814,1
2018-02-27 23:08:42,0.0824,12060000,0.0,993744,1
2018-02-27 23:27:21,0.1737,12010000,0.0,-2086137,0
2018-02-27 23:27:40,0.5276,12013000,0.0,-6338059,0
2018-02-27 23:28:10,0.5814,12008000,0.0,6981451,1
2018-02-27 23:28:11,0.1199,12008000,0.0,1439759,1
2018-02-27 23:29:32,0.4114,11996000,0.0,-4935154,0
2018-02-27 23:30:03,0.3342,12009000,0.0,4013408,1
2018-02-27 23:30:03,0.0772,12009000,0.0,927095,1
2018-02-27 23:31:09,0.9399,12004000,0.0,-11282560,0
2018-02-27 23:31:48,0.1386,12010000,0.0,1664586,1
2018-02-27 23:31:57,0.1323,12010000,0.0,1588923,1
2018-02-27 23:34:15,0.669,12024000,0.0,8044056,1
2018-02-27 23:45:30,0.125,11995000,0.0,-1499375,0
2018-02-27 23:45:30,0.0612,11995000,0.0,-734094,0
2018-02-27 23:45:41,0.1862,12005000,0.0,2235331,1
2018-02-27 23:50:44,1.6367,11999000,0.0,-19638763,0
2018-02-27 23:52:56,0.2201,12016000,0.0,2644722,1
2018-02-27 23:52:57,0.1708,12016000,0.0,2052333,1
2018-02-27 23:56:20,0.4835,12000000,0.0,-5802000,0
2018-02-28 00:02:40,0.0066,11961000,0.0,78943,1
2018-02-28 00:02:40,0.1374,11961000,0.0,1643441,1
2018-02-28 00:02:40,0.0256,11963000,0.0,306253,1
2018-02-28 00:02:41,0.0083,11961000,0.0,99276,1
2018-02-28 00:02:45,0.1943,11960000,0.0,2323828,1
2018-02-28 00:02:45,0.519,11960000,0.0,6207240,1
2018-02-28 00:02:46,0.0766,11960000,0.0,916136,1
2018-02-28 00:03:02,0.7615,11950000,0.0,9099925,1
2018-02-28 00:04:13,0.9746,11916000,0.0,-11613334,0
2018-02-28 00:04:38,0.9746,11918000,0.0,11615283,1
2018-02-28 00:10:27,0.384,11906000,0.0,-4571904,0
2018-02-28 00:11:31,0.0085,11914000,0.0,101269,1
2018-02-28 00:11:31,0.3755,11913000,0.0,4473332,1
2018-02-28 00:14:34,0.0011,11933000,0.0,-13126,0
2018-02-28 00:14:34,0.1,11933000,0.0,-1193300,0
2018-02-28 00:14:53,0.6373,11931000,0.0,-7603626,0
2018-02-28 00:15:25,0.435,11920000,0.0,5185200,1
2018-02-28 00:15:29,0.0948,11916000,0.0,1129637,1
2018-02-28 00:15:29,0.03,11916000,0.0,357480,1
2018-02-28 00:15:29,0.1786,11916000,0.0,2128198,1
2018-02-28 00:20:28,1.9,11881000,0.0,-22573900,0
2018-02-28 00:21:27,0.028,11889000,0.0,332892,1
2018-02-28 00:21:27,0.5161,11889000,0.0,6135913,1
2018-02-28 00:21:30,1.3559,11886000,0.0,16116227,1
2018-02-28 00:24:19,1.664,11871000,0.0,-19753344,0
2018-02-28 00:24:19,0.236,11871000,0.0,-2801556,0
2018-02-28 00:25:22,0.0397,11893000,0.0,472152,1
2018-02-28 00:25:22,1.1473,11891000,0.0,13642544,1
2018-02-28 00:25:22,0.025,11891000,0.0,297275,1
2018-02-28 00:25:23,0.0126,11891000,0.0,149827,1
2018-02-28 00:25:37,0.6754,11891000,0.0,8031181,1
2018-02-28 00:26:17,0.2497,11889000,0.0,-2968683,0
2018-02-28 00:26:21,0.0437,11891000,0.0,-519637,0
2018-02-28 00:26:21,0.0871,11891000,0.0,-1035706,0
2018-02-28 00:27:42,0.3805,11886000,0.0,4522623,1
2018-02-28 00:27:48,0.5538,11876000,0.0,-6576929,0
2018-02-28 00:28:24,0.028,11856000,0.0,331968,1
2018-02-28 00:28:37,0.0976,11861000,0.0,-1157634,0
2018-02-28 00:28:37,0.0897,11862000,0.0,-1064021,0
2018-02-28 00:28:38,0.1011,11862000,0.0,-1199248,0
2018-02-28 00:29:13,0.2535,11851000,0.0,3004229,1
2018-02-28 00:29:14,0.18037287,11851000,0.0,2137599,1
2018-02-28 00:29:16,0.3803,11850000,0.0,4506555,1
2018-02-28 00:31:23,1.9,11875000,0.0,-22562500,0
2018-02-28 00:34:04,0.2239,11900000,0.0,2664410,1
2018-02-28 00:34:18,0.5884,11894000,0.0,6998430,1
2018-02-28 00:34:18,0.0011,11894000,0.0,13083,1
2018-02-28 00:34:21,0.6252,11891000,0.0,7434253,1
2018-02-28 00:34:22,0.0328,11891000,0.0,390025,1
2018-02-28 00:34:22,0.2286,11891000,0.0,2718283,1
2018-02-28 00:34:22,0.0369,11891000,0.0,438778,1
2018-02-28 00:34:26,0.1631,11890000,0.0,1939259,1
2018-02-28 00:35:49,0.03557935,11910000,0.0,-423750,0
2018-02-28 00:35:49,0.0002,11910000,0.0,-2382,0
2018-02-28 00:35:49,0.28742065,11910000,0.0,-3423180,0
2018-02-28 00:35:58,0.279,11905000,0.0,-3321495,0
2018-02-28 00:37:04,0.0065,11918000,0.0,77467,1
2018-02-28 00:37:04,0.4561,11917000,0.0,5435344,1
2018-02-28 00:37:04,0.1396,11917000,0.0,1663613,1
2018-02-28 00:38:23,0.3584,11881000,0.0,-4258150,0
2018-02-28 00:41:58,0.3584,11924000,0.0,4273562,1
2018-02-28 00:47:00,1.6032,11893000,0.0,-19066858,0
2018-02-28 00:50:37,0.0001,11949000,0.0,1195,1
2018-02-28 00:50:37,1.0,11949000,0.0,11949000,1
2018-02-28 00:51:12,0.6031,11929000,0.0,7194380,1
2018-02-28 00:51:41,1.81074484,11930000,0.0,-21602186,0
2018-02-28 00:51:41,0.08925516,11930000,0.0,-1064814,0
2018-02-28 01:05:27,0.3208,11938000,0.0,3829710,1
2018-02-28 01:05:28,0.0771,11938000,0.0,920420,1
2018-02-28 01:10:44,0.78,11898000,0.0,9280440,1
2018-02-28 01:10:56,0.1243,11890000,0.0,-1477927,0
2018-02-28 01:11:59,0.2327,11892000,0.0,-2767268,0
2018-02-28 01:12:09,0.3618,11896000,0.0,-4303973,0
2018-02-28 01:12:09,0.0297,11896000,0.0,-353311,0
2018-02-28 01:12:10,0.0403,11896000,0.0,-479409,0
2018-02-28 01:14:24,0.3622,11909000,0.0,4313440,1
2018-02-28 01:14:24,0.7303,11909000,0.0,8697143,1
2018-02-28 01:15:41,0.2006,11913000,0.0,2389748,1
2018-02-28 01:16:34,0.2178,11911000,0.0,2594216,1
2018-02-28 01:31:41,0.3298,11890000,0.0,-3921322,0
2018-02-28 01:32:21,0.0564,11885000,0.0,670314,1
2018-02-28 01:32:21,0.1029,11885000,0.0,1222967,1
2018-02-28 01:32:21,0.053,11885000,0.0,629905,1
2018-02-28 01:32:49,0.0843,11896000,0.0,1002833,1
2018-02-28 01:33:21,0.0332,11894000,0.0,394881,1
2018-02-28 01:43:10,3.234e-05,11937000,0.0,-386,0
2018-02-28 01:43:22,0.4331,11941000,0.0,-5171647,0
2018-02-28 01:43:53,0.3878,11926000,0.0,4624903,1
2018-02-28 01:45:04,0.0453,11931000,0.0,540474,1
2018-02-28 01:48:05,1.9,11950000,0.0,-22705000,0
2018-02-28 01:52:26,0.8071,11937000,0.0,9634353,1
2018-02-28 01:53:35,0.0735,11928000,0.0,876708,1
2018-02-28 01:54:52,0.269,11907000,0.0,-3202983,0
2018-02-28 01:55:01,0.27175095,11926000,0.0,3240902,1
2018-02-28 01:58:16,0.8279,11916000,0.0,-9865256,0
2018-02-28 02:07:28,0.0402,11916000,0.0,479023,1
2018-02-28 02:07:29,0.5027,11914000,0.0,5989168,1
2018-02-28 02:09:00,0.5982,11903000,0.0,-7120375,0
2018-02-28 02:12:45,0.2993,11911000,0.0,3564962,1
2018-02-28 02:24:02,0.1153,11922000,0.0,1374607,1
2018-02-28 02:25:54,0.1495,11917000,0.0,1781592,1
2018-02-28 02:25:54,0.0854,11917000,0.0,1017712,1
2018-02-28 02:25:59,0.6496,11904000,0.0,-7732838,0
2018-02-28 02:38:54,1.9,11930000,0.0,22667000,1
2018-02-28 02:44:43,1.9,11904000,0.0,-22617600,0
2018-02-28 02:56:02,1.8336,11880000,0.0,21783168,1
2018-02-28 02:56:03,0.0664,11880000,0.0,788832,1
2018-02-28 02:58:25,0.16923691,11900000,0.0,-2013919,0
2018-02-28 02:58:25,6.309e-05,11900000,0.0,-751,0
2018-02-28 03:03:02,0.1693,11906000,0.0,2015686,1
2018-02-28 03:36:37,0.3532,11910000,0.0,-4206612,0
2018-02-28 03:48:48,0.3558,11912000,0.0,-4238290,0
2018-02-28 03:59:07,0.3275,11911000,0.0,-3900853,0
2018-02-28 04:00:35,1.0365,11920000,0.0,12355080,1
2018-02-28 04:11:19,0.6611,11959000,0.0,-7906095,0
2018-02-28 04:16:16,0.553,11953000,0.0,6610009,1
2018-02-28 04:16:19,0.1081,11956000,0.0,1292444,1
2018-02-28 04:26:20,0.0193,11975000,0.0,-231118,0
2018-02-28 04:26:20,0.5807,11977000,0.0,-6955044,0
2018-02-28 04:26:42,1.2999,11969000,0.0,-15558503,0
2018-02-28 04:27:41,0.1639,11970000,0.0,1961883,1
2018-02-28 04:33:47,1.0445,11990000,0.0,12523555,1
2018-02-28 04:34:47,0.8623,12003000,0.0,-10350187,0
2018-02-28 04:35:27,0.0501,11995000,0.0,600950,1
2018-02-28 04:35:27,0.2941,11986000,0.0,3525083,1
2018-02-28 04:35:27,0.1438,11986000,0.0,1723587,1
2018-02-28 04:36:41,0.3919,11987000,0.0,4697705,1
2018-02-28 04:37:10,0.6739,11987000,0.0,8078039,1
2018-02-28 04:46:51,1.9,11961000,0.0,-22725900,0
2018-02-28 04:51:47,0.164,11979000,0.0,1964556,1
2018-02-28 04:51:50,0.3494,11976000,0.0,4184414,1
2018-02-28 04:53:30,0.05,11960000,0.0,598000,1
2018-02-28 04:53:30,0.07179226,11960000,0.0,858635,1
2018-02-28 04:56:13,0.1628,11966000,0.0,1948065,1
2018-02-28 04:56:37,0.0001,11970000,0.0,1197,1
2018-02-28 05:00:45,0.0001,11971000,0.0,1197,1
2018-02-28 05:00:45,0.0292,11970000,0.0,349524,1
2018-02-28 05:00:45,0.0001,11969000,0.0,1197,1
2018-02-28 05:00:46,0.5129,11969000,0.0,6138900,1
2018-02-28 05:00:57,0.2864,11970000,0.0,3428208,1
2018-02-28 05:01:34,0.0001,11974000,0.0,1197,1
2018-02-28 05:01:34,0.0001,11976000,0.0,1198,1
2018-02-28 05:01:34,0.0001,11975000,0.0,1198,1
2018-02-28 05:01:34,0.0001,11973000,0.0,1197,1
2018-02-28 05:01:34,0.0406,11973000,0.0,486104,1
2018-02-28 05:01:34,0.2322,11973000,0.0,2780131,1
2018-02-28 05:14:38,0.1176,11953000,0.0,-1405673,0
2018-02-28 05:18:03,0.1176,11962000,0.0,1406731,1
2018-02-28 05:29:09,0.1047,11961000,0.0,-1252317,0
2018-02-28 05:30:03,0.1047,11975000,0.0,1253783,1
2018-02-28 05:30:12,0.2128,11961000,0.0,-2545301,0
2018-02-28 05:32:49,0.2128,11960000,0.0,2545088,1
2018-02-28 05:42:13,0.0365,11931000,0.0,-435482,0
2018-02-28 05:42:14,0.4012,11931000,0.0,-4786717,0
2018-02-28 05:42:26,0.4822,11943000,0.0,-5758915,0
2018-02-28 05:43:08,0.98,11936000,0.0,-11697280,0
2018-02-28 05:43:24,0.1493,11937000,0.0,1782194,1
2018-02-28 05:43:29,0.1493,11938000,0.0,1782343,1
2018-02-28 05:56:24,0.1447,11954000,0.0,1729744,1
2018-02-28 05:56:53,0.3416,11955000,0.0,4083828,1
2018-02-28 05:56:57,0.2581,11954000,0.0,3085327,1
2018-02-28 05:56:59,0.1743,11954000,0.0,2083582,1
2018-02-28 05:57:00,0.167,11954000,0.0,1996318,1
2018-02-28 05:57:02,0.0038,11954000,0.0,45425,1
2018-02-28 05:57:04,0.5118,11954000,0.0,6118057,1
2018-02-28 06:14:27,0.3822,11976000,0.0,-4577227,0
2018-02-28 06:15:26,0.1543,11987000,0.0,1849594,1
2018-02-28 06:16:18,1.6721,11978000,0.0,-20028414,0
2018-02-28 06:20:07,0.32,11987000,0.0,3835840,1
2018-02-28 06:20:58,0.1624,11987000,0.0,1946689,1
2018-02-28 06:24:35,1.4176,11982000,0.0,16985683,1
2018-02-28 06:32:15,0.4199,12003000,0.0,-5040060,0
2018-02-28 06:32:15,0.3789,12003000,0.0,-4547937,0
2018-02-28 06:32:29,0.4777,12005000,0.0,-5734789,0
2018-02-28 06:32:41,0.58959998,12007000,0.0,-7079327,0
2018-02-28 06:32:41,0.033,12007000,0.0,-396231,0
2018-02-28 06:32:41,0.00080002,12007000,0.0,-9606,0
2018-02-28 06:34:44,0.0058,11999000,0.0,69594,1
2018-02-28 06:34:44,1.8941,11998000,0.0,22725412,1
2018-02-28 06:38:03,0.3905,12000000,0.0,-4686000,0
2018-02-28 06:38:07,1.4936,12001000,0.0,-17924694,0
2018-02-28 06:38:07,0.0158,12000000,0.0,-189600,0
2018-02-28 06:43:47,0.05998699,11991000,0.0,719304,1
2018-02-28 06:44:55,0.2798,11986000,0.0,3353683,1
2018-02-28 06:46:22,0.53396486,12000000,0.0,6407578,1
2018-02-28 06:47:19,1.0261,12010000,0.0,12323461,1
2018-02-28 06:53:33,0.1763,12014000,0.0,-2118068,0
2018-02-28 06:53:53,1.5895,12020000,0.0,-19105790,0
2018-02-28 06:54:04,0.9925,12039000,0.0,11948708,1
2018-02-28 06:57:39,0.2,12015000,0.0,2403000,1
2018-02-28 06:58:20,0.1456,12017000,0.0,1749675,1
2018-02-28 06:59:13,1.4723,12009000,0.0,-17680851,0
2018-02-28 07:01:27,0.14558663,12029000,0.0,1751262,1
2018-02-28 07:02:38,0.3006,12046000,0.0,3621028,1
2018-02-28 07:02:41,0.3947,12043000,0.0,4753372,1
2018-02-28 07:03:04,0.2755,12048000,0.0,3319224,1
2018-02-28 07:03:45,0.4229,12053000,0.0,5097214,1
2018-02-28 07:03:46,0.3608,12053000,0.0,4348722,1
2018-02-28 07:08:18,0.0745,12055000,0.0,-898098,0
2018-02-28 07:08:18,0.2794,12055000,0.0,-3368167,0
2018-02-28 07:08:56,0.086,12055000,0.0,1036730,1
2018-02-28 07:08:56,0.2679,12055000,0.0,3229535,1
2018-02-28 07:09:39,0.26027055,12065000,0.0,-3140164,0
2018-02-28 07:09:39,1.63972945,12065000,0.0,-19783336,0
2018-02-28 07:14:18,0.113251,12060000,0.0,1365807,1
2018-02-28 07:15:40,0.1,12059000,0.0,1205900,1
2018-02-28 07:15:40,0.0207,12059000,0.0,249621,1
2018-02-28 07:17:04,1.372,12053000,0.0,16536716,1
2018-02-28 07:17:05,0.294,12053000,0.0,3543582,1
2018-02-28 07:18:55,0.1333,12021000,0.0,-1602399,0
2018-02-28 07:19:23,0.1333,12037000,0.0,1604532,1
2018-02-28 07:21:58,0.27509323,12024000,0.0,-3307721,0
2018-02-28 07:28:25,0.17963271,12048000,0.0,2164215,1
2018-02-28 07:28:26,0.09546729,12048000,0.0,1150190,1
2018-02-28 07:34:17,1.9,12042000,0.0,-22879800,0
2018-02-28 07:40:07,0.0051,11999000,0.0,61195,1
2018-02-28 07:40:07,0.3,11999000,0.0,3599700,1
2018-02-28 07:40:11,0.1662,11993000,0.0,1993237,1
2018-02-28 07:40:11,0.63,11995000,0.0,7556850,1
2018-02-28 07:40:11,0.6681,11993000,0.0,8012523,1
2018-02-28 07:40:12,0.0028,11993000,0.0,33580,1
2018-02-28 07:40:12,0.1278,11993000,0.0,1532705,1
2018-02-28 07:40:23,0.7097,11984000,0.0,-8505045,0
2018-02-28 07:40:48,0.6244,11986000,0.0,-7484058,0
2018-02-28 07:40:55,0.4696,11998000,0.0,5634261,1
2018-02-28 07:42:41,1.0354,11981000,0.0,-12405127,0
2018-02-28 07:42:57,0.241,11984000,0.0,2888144,1
2018-02-28 07:46:55,0.4728,11990000,0.0,5668872,1
2018-02-28 07:47:02,0.42579663,11981000,0.0,5101469,1
2018-02-28 07:47:03,0.4453,11981000,0.0,5335139,1
2018-02-28 07:47:03,0.0238,11981000,0.0,285148,1
2018-02-28 07:47:03,0.29120337,11981000,0.0,3488908,1
2018-02-28 07:49:15,1.9,11983000,0.0,-22767700,0
2018-02-28 07:55:46,0.12589216,12008000,0.0,1511713,1
2018-02-28 08:11:00,0.4053,12030000,0.0,4875759,1
2018-02-28 08:11:03,0.0782,12031000,0.0,940824,1
2018-02-28 08:11:03,1.2906,12029000,0.0,15524627,1
2018-02-28 08:19:07,0.5,12021000,0.0,-6010500,0
2018-02-28 08:19:07,0.0804,12021000,0.0,-966488,0
2018-02-28 08:24:20,1.3195,11994000,0.0,-15826083,0
2018-02-28 08:25:32,0.52604934,11987000,0.0,6305753,1
2018-02-28 08:25:32,0.0417,11987000,0.0,499858,1
2018-02-28 08:25:32,0.007,11987000,0.0,83909,1
2018-02-28 08:25:33,0.2906,11987000,0.0,3483422,1
2018-02-28 08:28:48,0.0001,11995000,0.0,1200,1
2018-02-28 08:29:11,0.7736,11990000,0.0,9275464,1
2018-02-28 08:29:15,0.4196,11975000,0.0,-5024710,0
2018-02-28 08:29:19,0.1754,11974000,0.0,-2100240,0
2018-02-28 08:29:36,0.7,11974000,0.0,-8381800,0
2018-02-28 08:29:50,0.4559,11968000,0.0,5456211,1
2018-02-28 08:30:55,0.138,11979000,0.0,1653102,1
2018-02-28 08:31:10,0.962,11982000,0.0,11526684,1
2018-02-28 08:36:55,0.14828674,11972000,0.0,-1775289,0
2018-02-28 08:37:37,0.1482,11979000,0.0,1775288,1
2018-02-28 08:41:36,0.1903,11962000,0.0,-2276369,0
2018-02-28 08:43:18,0.552,11995000,0.0,-6621240,0
2018-02-28 08:43:56,0.7423,11994000,0.0,8903146,1
2018-02-28 08:49:41,1.9,11974000,0.0,-22750600,0
2018-02-28 08:56:33,0.2305,11962000,0.0,2757241,1
2018-02-28 08:56:33,0.1873,11962000,0.0,2240483,1
2018-02-28 08:56:37,0.2363,11966000,0.0,2827566,1
2018-02-28 08:57:04,0.654,11958000,0.0,-7820532,0
2018-02-28 08:58:12,1.8999,11963000,0.0,22728504,1
2018-02-28 09:00:12,1.9,11910000,0.0,-22629000,0
2018-02-28 09:01:02,1.0313,11927000,0.0,12300315,1
2018-02-28 09:01:10,0.8687,11927000,0.0,10360985,1
2018-02-28 09:01:19,0.3929,11913000,0.0,-4680618,0
2018-02-28 09:01:25,0.09735393,11932000,0.0,1161627,1
2018-02-28 09:01:30,0.0043,11933000,0.0,51312,1
2018-02-28 09:01:30,0.2913,11931000,0.0,3475500,1
2018-02-28 09:05:04,0.1,11930000,0.0,-1193000,0
2018-02-28 09:05:04,0.0001,11930000,0.0,-1193,0
2018-02-28 09:05:12,1.7999,11922000,0.0,-21458408,0
2018-02-28 09:06:03,0.1888,11930000,0.0,2252384,1
2018-02-28 09:07:39,0.3706,11930000,0.0,4421258,1
2018-02-28 09:07:40,0.7174,11930000,0.0,8558582,1
2018-02-28 09:08:50,0.1,11930000,0.0,1193000,1
2018-02-28 09:08:50,0.1912,11930000,0.0,2281016,1
2018-02-28 09:12:01,0.0099,11924000,0.0,-118048,0
2018-02-28 09:12:01,1.558,11925000,0.0,-18579150,0
2018-02-28 09:16:45,0.4982,11923000,0.0,5940039,1
2018-02-28 09:18:14,0.51,11897000,0.0,6067470,1
2018-02-28 09:18:14,0.0217,11897000,0.0,258165,1
2018-02-28 09:18:14,0.0243,11897000,0.0,289097,1
2018-02-28 09:18:14,0.0068,11899000,0.0,80913,1
2018-02-28 09:18:14,0.007,11899000,0.0,83293,1
2018-02-28 09:18:14,0.0264,11900000,0.0,314160,1
2018-02-28 09:18:17,0.0083,11894000,0.0,98720,1
2018-02-28 09:18:17,0.4768,11894000,0.0,5671059,1
2018-02-28 09:18:17,0.0083,11894000,0.0,98720,1
2018-02-28 09:18:17,0.0083,11894000,0.0,98720,1
2018-02-28 09:18:17,0.0011,11894000,0.0,13083,1
2018-02-28 09:18:18,0.1453,11894000,0.0,1728198,1
2018-02-28 09:18:18,0.0121,11894000,0.0,143917,1
2018-02-28 09:19:04,0.1887,11898000,0.0,-2245153,0
2018-02-28 09:20:17,1.5659,11874000,0.0,-18593497,0
2018-02-28 09:22:22,1.8999,11901000,0.0,22610710,1
2018-02-28 09:24:09,1.9,11902000,0.0,-22613800,0
2018-02-28 09:36:43,0.1475,11966000,0.0,1764985,1
2018-02-28 09:40:36,1.7525,11970000,0.0,20977425,1
2018-02-28 09:45:29,1.9,11971000,0.0,-22744900,0
2018-02-28 09:46:28,0.0974,11977000,0.0,1166560,1
2018-02-28 09:46:28,0.0639,11977000,0.0,765330,1
2018-02-28 09:46:31,0.0422,11970000,0.0,505134,1
2018-02-28 09:46:31,0.4101,11970000,0.0,4908897,1
2018-02-28 09:46:35,0.2481,11971000,0.0,2970005,1
2018-02-28 09:46:43,0.1636,11989000,0.0,1961400,1
2018-02-28 09:46:56,0.308,11976000,0.0,3688608,1
2018-02-28 09:46:57,0.3417,11976000,0.0,4092199,1
2018-02-28 09:47:13,0.1197,11984000,0.0,1434485,1
2018-02-28 09:48:20,0.0025,11970000,0.0,29925,1
2018-02-28 09:48:20,0.1028,11970000,0.0,1230516,1
2018-02-28 09:53:33,1.9,11938000,0.0,-22682200,0
2018-02-28 10:00:34,0.4,11939000,0.0,4775600,1
2018-02-28 10:08:11,0.43293406,11944000,0.0,5170964,1
2018-02-28 10:09:22,0.10684945,11950000,0.0,1276851,1
2018-02-28 10:10:18,0.91370582,11955000,0.0,10923353,1
2018-02-28 10:10:38,0.0465,11955000,0.0,555908,1
2018-02-28 10:24:14,1.9,11956000,0.0,-22716400,0
2018-02-28 10:32:41,0.189,11966000,0.0,2261574,1
2018-02-28 10:32:41,0.2586587,11966000,0.0,3095110,1
2018-02-28 10:41:28,0.1,11961000,0.0,1196100,1
2018-02-28 10:41:55,0.2316,11952000,0.0,-2768083,0
2018-02-28 10:52:38,0.25817779,11970000,0.0,3090388,1
2018-02-28 10:52:52,0.1015,11971000,0.0,1215057,1
2018-02-28 10:53:50,1.01216356,11975000,0.0,12120659,1
2018-02-28 10:55:15,0.2121,11977000,0.0,2540322,1
2018-02-28 10:59:11,0.3136,11968000,0.0,-3753165,0
2018-02-28 10:59:20,0.17176447,11968000,0.0,-2055677,0
2018-02-28 10:59:20,0.00323553,11968000,0.0,-38723,0
2018-02-28 10:59:38,0.9182,11968000,0.0,-10989018,0
2018-02-28 11:00:21,0.0383,11982000,0.0,458911,1
2018-02-28 11:02:00,0.2086,11984000,0.0,2499862,1
2018-02-28 11:02:17,0.18824287,11986000,0.0,-2256279,0
2018-02-28 11:02:20,0.5518,11988000,0.0,-6614978,0
2018-02-28 11:04:22,1.6119,11997000,0.0,19337964,1
2018-02-28 11:04:28,0.288,11995000,0.0,3454560,1
2018-02-28 11:05:41,0.0419,12013000,0.0,-503345,0
2018-02-28 11:05:41,0.0013,12013000,0.0,-15617,0
2018-02-28 11:05:41,0.0408,12013000,0.0,-490130,0
2018-02-28 11:05:41,0.0411,12014000,0.0,-493775,0
2018-02-28 11:05:45,0.0985,12016000,0.0,-1183576,0
2018-02-28 11:05:45,0.0015,12016000,0.0,-18024,0
2018-02-28 11:05:56,0.2068,12021000,0.0,2485943,1
2018-02-28 11:06:01,0.0183,12013000,0.0,219838,1
2018-02-28 11:06:59,1.2355,12001000,0.0,-14827236,0
2018-02-28 11:07:33,0.749,12018000,0.0,9001482,1
2018-02-28 11:08:04,0.4865,12029000,0.0,5852109,1
2018-02-28 11:11:15,0.8619,11999000,0.0,-10341938,0
2018-02-28 11:11:35,1.0381,12003000,0.0,-12460314,0
2018-02-28 11:21:27,1.2002,12010000,0.0,14414402,1
2018-02-28 11:22:38,0.6522,12005000,0.0,-7829661,0
2018-02-28 11:22:43,0.1758,12001000,0.0,-2109776,0
2018-02-28 11:23:09,0.6068,11982000,0.0,7270678,1
2018-02-28 11:23:09,0.921,11982000,0.0,11035422,1
2018-02-28 11:24:44,0.9004,11974000,0.0,-10781390,0
2018-02-28 11:26:44,0.9996,11976000,0.0,-11971210,0
2018-02-28 11:47:09,0.3108,11971000,0.0,3720587,1
2018-02-28 11:47:19,0.067,11974000,0.0,802258,1
2018-02-28 12:08:02,0.4303,11969000,0.0,5150261,1
2018-02-28 12:08:08,0.4529,11965000,0.0,5418949,1
2018-02-28 12:11:36,0.639,11970000,0.0,7648830,1
2018-02-28 12:14:03,0.1814,11965000,0.0,-2170451,0
2018-02-28 12:20:11,0.1814,11977000,0.0,2172628,1
2018-02-28 12:23:59,0.5562,11990000,0.0,-6668838,0
2018-02-28 12:24:28,0.5562,11999000,0.0,6673844,1
2018-02-28 12:27:03,1.9,12050000,0.0,-22895000,0
2018-02-28 12:30:12,0.1581,12112000,0.0,1914907,1
2018-02-28 12:30:12,0.0829,12112000,0.0,1004085,1
2018-02-28 12:30:13,0.0016,12112000,0.0,19379,1
2018-02-28 12:30:13,0.0956,12112000,0.0,1157907,1
2018-02-28 12:30:19,1.0978,12096000,0.0,13278989,1
2018-02-28 12:30:19,0.0068,12102000,0.0,82294,1
2018-02-28 12:30:20,0.0387,12096000,0.0,468115,1
2018-02-28 12:30:20,0.2448,12096000,0.0,2961101,1
2018-02-28 12:30:22,0.1737,12097000,0.0,2101249,1
2018-02-28 12:30:41,1.9,12085000,0.0,-22961500,0
2018-02-28 12:31:32,0.5218,12112000,0.0,6320042,1
2018-02-28 12:31:33,0.21221848,12111000,0.0,2570178,1
2018-02-28 12:31:44,1.166,12110000,0.0,14120260,1
2018-02-28 12:31:57,0.03642823,12121000,0.0,-441547,0
2018-02-28 12:31:57,1.77497177,12121000,0.0,-21514433,0
2018-02-28 12:32:11,0.5566,12137000,0.0,6755454,1
2018-02-28 12:32:11,1.2548,12136000,0.0,15228253,1
2018-02-28 12:33:16,0.19343478,12152000,0.0,-2350619,0
2018-02-28 12:33:17,0.14976522,12152000,0.0,-1819947,0
2018-02-28 12:35:15,0.3432,12130000,0.0,4163016,1
2018-02-28 12:39:08,0.0001,12138000,0.0,-1214,0
2018-02-28 12:40:55,1.8999,12190000,0.0,-23159781,0
2018-02-28 12:41:11,0.1442,12171000,0.0,1755058,1
2018-02-28 12:41:17,0.0031,12165000,0.0,37712,1
2018-02-28 12:41:17,0.2,12165000,0.0,2433000,1
2018-02-28 12:41:17,0.3903,12165000,0.0,4748000,1
2018-02-28 12:41:29,0.0138,12165000,0.0,167877,1
2018-02-28 12:41:57,0.2668,12166000,0.0,-3245889,0
2018-02-28 12:41:57,0.0425,12165000,0.0,-517013,0
2018-02-28 12:43:23,0.1538,12175000,0.0,1872515,1
2018-02-28 12:43:52,0.4889,12180000,0.0,-5954802,0
2018-02-28 12:43:53,0.1069,12180000,0.0,-1302042,0
2018-02-28 12:44:40,1.8999,12193000,0.0,23165481,1
2018-02-28 12:47:18,0.1542,12184000,0.0,-1878773,0
2018-02-28 12:49:01,0.1542,12196000,0.0,1880623,1
2018-02-28 12:51:26,0.80153187,12161000,0.0,-9747429,0
2018-02-28 12:53:19,0.5245,12167000,0.0,6381592,1
2018-02-28 12:53:56,0.0274,12164000,0.0,333294,1
2018-02-28 12:53:56,0.1191,12163000,0.0,1448613,1
2018-02-28 12:54:25,0.1306,12166000,0.0,1588880,1
2018-02-28 13:00:28,0.2354,12160000,0.0,-2862464,0
2018-02-28 13:00:29,0.0799,12160000,0.0,-971584,0
2018-02-28 13:00:59,0.05403534,12179000,0.0,658096,1
2018-02-28 13:01:07,0.2612,12170000,0.0,3178804,1
2018-02-28 13:02:16,0.0884,12188000,0.0,-1077419,0
2018-02-28 13:02:16,0.06728172,12188000,0.0,-820030,0
2018-02-28 13:02:16,0.04051828,12188000,0.0,-493837,0
2018-02-28 13:02:16,0.01,12188000,0.0,-121880,0
2018-02-28 13:02:19,0.2862,12186000,0.0,-3487633,0
2018-02-28 13:02:47,0.1004,12169000,0.0,-1221768,0
2018-02-28 13:04:39,0.0011,12170000,0.0,-13387,0
2018-02-28 13:04:39,0.94428389,12170000,0.0,-11491935,0
2018-02-28 13:05:17,0.8642,12166000,0.0,10513857,1
2018-02-28 13:05:21,0.674,12165000,0.0,8199210,1
2018-02-28 13:06:30,1.9,12163000,0.0,-23109700,0
2018-02-28 13:07:05,0.2123,12169000,0.0,2583479,1
2018-02-28 13:09:23,0.0241,12168000,0.0,293249,1
2018-02-28 13:10:20,1.6636,12166000,0.0,20239358,1
2018-02-28 13:10:56,0.0106,12166000,0.0,-128960,0
2018-02-28 13:11:18,0.0106,12168000,0.0,128981,1
2018-02-28 13:12:14,0.1,12172000,0.0,-1217200,0
2018-02-28 13:12:14,0.0088,12172000,0.0,-107114,0
2018-02-28 13:12:14,1.0,12172000,0.0,-12172000,0
2018-02-28 13:12:14,0.0024,12172000,0.0,-29213,0
2018-02-28 13:12:18,0.0748,12173000,0.0,-910540,0
2018-02-28 13:12:24,0.714,12174000,0.0,-8692236,0
2018-02-28 13:12:49,1.1082,12172000,0.0,13489010,1
2018-02-28 13:13:41,0.287,12166000,0.0,3491642,1
2018-02-28 13:13:42,0.5048,12166000,0.0,6141397,1
2018-02-28 13:15:37,0.1299,12179000,0.0,-1582052,0
2018-02-28 13:15:37,0.1411,12179000,0.0,-1718457,0
2018-02-28 13:15:47,0.2,12181000,0.0,-2436200,0
2018-02-28 13:15:50,1.0594,12184000,0.0,-12907730,0
2018-02-28 13:15:50,0.0039,12184000,0.0,-47518,0
2018-02-28 13:16:09,1.5343,12179000,0.0,18686240,1
2018-02-28 13:23:05,0.72560517,12180000,0.0,-8837871,0
2018-02-28 13:23:05,0.31839483,12180000,0.0,-3878049,0
2018-02-28 13:23:08,0.4738,12182000,0.0,-5771832,0
2018-02-28 13:23:31,0.0336,12190000,0.0,409584,1
2018-02-28 13:23:31,0.7353,12190000,0.0,8963307,1
2018-02-28 13:23:35,0.2135,12190000,0.0,2602565,1
2018-02-28 13:23:35,0.436,12190000,0.0,5314840,1
2018-02-28 13:23:40,0.0994,12190000,0.0,1211686,1
2018-02-28 13:24:25,0.10178741,12182000,0.0,-1239974,0
2018-02-28 13:24:29,0.1018,12187000,0.0,1240637,1
2018-02-28 13:25:40,0.1127,12208000,0.0,-1375842,0
2018-02-28 13:25:59,0.1127,12210000,0.0,1376067,1
2018-02-28 13:27:46,0.7509,12205000,0.0,-9164735,0
2018-02-28 13:28:28,0.01,12209000,0.0,-122090,0
2018-02-28 13:28:28,0.0151,12209000,0.0,-184356,0
2018-02-28 13:29:01,0.776,12220000,0.0,9482720,1
2018-02-28 13:29:50,0.2455,12215000,0.0,-2998783,0
2018-02-28 13:30:25,0.02393874,12223000,0.0,-292603,0
2018-02-28 13:31:15,0.2694,12209000,0.0,3289105,1
2018-02-28 13:32:04,0.4443,12198000,0.0,-5419571,0
2018-02-28 13:32:30,0.3436,12202000,0.0,4192607,1
2018-02-28 13:32:56,1.7993,12180000,0.0,-21915474,0
2018-02-28 13:34:30,0.5516,12199000,0.0,6728968,1
2018-02-28 13:42:11,0.0294,12172000,0.0,357857,1
2018-02-28 13:42:53,0.26543452,12174000,0.0,-3231400,0
2018-02-28 13:47:31,0.0752,12187000,0.0,916462,1
2018-02-28 13:54:01,1.0,12159000,0.0,12159000,1
2018-02-28 13:54:42,1.3906,12160000,0.0,-16909696,0
2018-02-28 13:55:10,0.0082,12148000,0.0,99614,1
2018-02-28 13:55:10,0.0082,12148000,0.0,99614,1
2018-02-28 13:55:11,1.8835,12148000,0.0,22880758,1
2018-02-28 13:56:06,0.0268,12160000,0.0,-325888,0
2018-02-28 13:56:12,0.6261,12164000,0.0,-7615880,0
2018-02-28 13:56:31,0.106,12163000,0.0,-1289278,0
2018-02-28 13:58:09,0.2397,12145000,0.0,-2911157,0
2018-02-28 13:58:13,0.9013,12143000,0.0,-10944486,0
2018-02-28 14:00:02,0.291,12151000,0.0,3535941,1
2018-02-28 14:00:58,0.1405,12158000,0.0,1708199,1
2018-02-28 14:01:48,0.045,12160000,0.0,547200,1
2018-02-28 14:04:14,0.0753,12160000,0.0,915648,1
2018-02-28 14:05:02,0.0195,12158000,0.0,237081,1
2018-02-28 14:06:19,0.8153,12161000,0.0,9914863,1
2018-02-28 14:06:24,0.5133,12160000,0.0,6241728,1
2018-02-28 14:07:16,0.3023,12164000,0.0,-3677177,0
2018-02-28 14:07:54,0.3023,12171000,0.0,3679293,1
2018-02-28 14:09:39,1.9,12170000,0.0,-23123000,0
2018-02-28 14:12:43,0.0385,12173000,0.0,468661,1
2018-02-28 14:15:51,0.1057,12190000,0.0,1288483,1
2018-02-28 14:15:55,0.04,12189000,0.0,487560,1
2018-02-28 14:15:56,0.0372,12189000,0.0,453431,1
2018-02-28 14:18:27,0.39847048,12210000,0.0,4865325,1
2018-02-28 14:18:28,1.159,12210000,0.0,14151390,1
2018-02-28 14:18:31,0.1211,12202000,0.0,1477662,1
2018-02-28 14:20:07,0.00568284,12191000,0.0,-69280,0
2018-02-28 14:20:07,0.00991716,12191000,0.0,-120900,0
2018-02-28 14:21:59,0.0156,12180000,0.0,190008,1
2018-02-28 14:22:37,0.26064731,12187000,0.0,-3176509,0
2018-02-28 14:24:56,1.090133,12190000,0.0,-13288721,0
2018-02-28 14:25:00,0.0138,12191000,0.0,-168236,0
2018-02-28 14:25:18,0.0245,12196000,0.0,-298802,0
2018-02-28 14:28:45,0.27804162,12230000,0.0,-3400449,0
2018-02-28 14:28:45,0.23275838,12230000,0.0,-2846635,0
2018-02-28 14:30:49,1.8999,12210000,0.0,23197779,1
2018-02-28 14:31:11,1.9,12212000,0.0,-23202800,0
2018-02-28 14:31:30,0.3968,12251000,0.0,4861197,1
2018-02-28 14:31:33,1.3266,12250000,0.0,16250850,1
2018-02-28 14:31:33,0.1766,12251000,0.0,2163527,1
2018-02-28 14:43:41,1.0618,12218000,0.0,-12973072,0
2018-02-28 14:44:00,0.0661,12225000,0.0,-808073,0
2018-02-28 14:44:04,0.0324,12226000,0.0,-396122,0
2018-02-28 14:44:46,8.59e-05,12226000,0.0,-1050,0
2018-02-28 14:44:50,9.46e-06,12227000,0.0,-116,0
2018-02-28 14:45:08,0.1596,12232000,0.0,-1952227,0
2018-02-28 14:46:19,0.0584,12232000,0.0,714349,1
2018-02-28 14:46:26,0.0086,12233000,0.0,105204,1
2018-02-28 14:46:27,0.0703,12233000,0.0,859980,1
2018-02-28 14:47:55,0.1013,12236000,0.0,-1239507,0
2018-02-28 14:47:56,0.6159,12236000,0.0,-7536152,0
2018-02-28 14:48:07,1.8999,12235000,0.0,23245277,1
2018-02-28 14:50:20,0.0513,12234000,0.0,-627604,0
2018-02-28 14:51:16,0.00549864,12240000,0.0,67303,1
2018-02-28 14:51:16,0.04580136,12240000,0.0,560609,1
2018-02-28 14:57:48,1.412,12226000,0.0,-17263112,0
2018-02-28 15:01:51,0.32448708,12237000,0.0,3970748,1
2018-02-28 15:05:14,0.78006012,12228000,0.0,9538575,1
2018-02-28 15:06:07,0.08421209,12227000,0.0,1029661,1
2018-02-28 15:06:08,0.1564,12227000,0.0,1912303,1
2018-02-28 15:08:31,0.2474,12224000,0.0,-3024218,0
2018-02-28 15:08:50,1.54994521,12236000,0.0,-18965130,0
2018-02-28 15:08:50,0.03575479,12236000,0.0,-437496,0
2018-02-28 15:18:48,0.1802,12327000,0.0,2221325,1
2018-02-28 15:18:48,0.0183,12325000,0.0,225548,1
2018-02-28 15:19:19,0.828,12298000,0.0,10182744,1
2018-02-28 15:19:24,0.10570799,12309000,0.0,1301160,1
2018-02-28 15:19:58,0.7677,12311000,0.0,9451155,1
2018-02-28 15:20:14,1.6189,12300000,0.0,-19912470,0
2018-02-28 15:20:45,1.1297,12277000,0.0,13869327,1
2018-02-28 15:20:45,0.1584,12277000,0.0,1944677,1
2018-02-28 15:20:45,0.3308,12277000,0.0,4061232,1
2018-02-28 15:21:38,1.9,12290000,0.0,-23351000,0
2018-02-28 15:23:10,0.17041486,12324000,0.0,2100193,1
2018-02-28 15:23:42,0.0306,12311000,0.0,376717,1
2018-02-28 15:23:42,1.699,12311000,0.0,20916389,1
2018-02-28 15:24:37,0.9077,12303000,0.0,-11167433,0
2018-02-28 15:25:16,0.9077,12315000,0.0,11178326,1
2018-02-28 15:28:56,0.087,12351000,0.0,-1074537,0
2018-02-28 15:28:56,0.2,12351000,0.0,-2470200,0
2018-02-28 15:28:56,0.3129,12351000,0.0,-3864628,0
2018-02-28 15:28:59,0.299,12353000,0.0,-3693547,0
2018-02-28 15:29:56,0.0605,12364000,0.0,748022,1
2018-02-28 15:29:56,0.1501,12364000,0.0,1855836,1
2018-02-28 15:29:57,0.2324,12364000,0.0,2873394,1
2018-02-28 15:30:24,1.4441,12361000,0.0,-17850520,0
2018-02-28 15:31:13,0.4766,12377000,0.0,5898878,1
2018-02-28 15:31:13,0.1116,12377000,0.0,1381273,1
2018-02-28 15:31:41,0.0029,12375000,0.0,35888,1
2018-02-28 15:31:41,0.1459,12376000,0.0,1805658,1
2018-02-28 15:32:18,0.1402,12386000,0.0,-1736517,0
2018-02-28 15:32:21,0.5968,12385000,0.0,-7391368,0
2018-02-28 15:33:32,0.8048,12376000,0.0,9960205,1
2018-02-28 15:33:32,1.0,12376000,0.0,12376000,1
2018-02-28 15:34:35,0.16,12365000,0.0,-1978400,0
2018-02-28 15:36:34,0.2552,12336000,0.0,3148147,1
2018-02-28 15:36:47,0.1324,12317000,0.0,-1630771,0
2018-02-28 15:36:47,0.5685,12317000,0.0,-7002215,0
2018-02-28 15:37:18,0.485,12290000,0.0,5960650,1
2018-02-28 15:37:19,0.2159,12290000,0.0,2653411,1
2018-02-28 15:38:00,1.9,12275000,0.0,-23322500,0
2018-02-28 15:38:50,1.9,12303000,0.0,23375700,1
2018-02-28 15:40:26,0.2478,12257000,0.0,-3037285,0
2018-02-28 15:40:51,0.1652,12232000,0.0,2020726,1
2018-02-28 15:41:12,0.0826,12224000,0.0,1009702,1
2018-02-28 15:42:32,0.32,12227000,0.0,-3912640,0
2018-02-28 15:43:01,0.11841776,12230000,0.0,-1448249,0
2018-02-28 15:43:01,1.33738224,12230000,0.0,-16356185,0
2018-02-28 15:43:30,1.3218,12209000,0.0,16137856,1
2018-02-28 15:43:30,0.454,12208000,0.0,5542432,1
2018-02-28 15:43:49,1.9,12194000,0.0,-23168600,0
2018-02-28 15:44:41,1.9,12194000,0.0,23168600,1
2018-02-28 15:46:41,1.9,12200000,0.0,-23180000,0
2018-02-28 15:48:06,1.9,12220000,0.0,23218000,1
2018-02-28 15:48:58,0.8737,12201000,0.0,-10660014,0
2018-02-28 15:49:20,0.0531,12202000,0.0,647926,1
2018-02-28 15:49:24,0.8206,12205000,0.0,10015423,1
2018-02-28 15:50:31,1.9,12200000,0.0,-23180000,0
2018-02-28 15:51:12,0.0003,12220000,0.0,3666,1
2018-02-28 15:51:32,0.02687887,12222000,0.0,328514,1
2018-02-28 15:51:40,0.5654,12223000,0.0,6910884,1
2018-02-28 15:51:46,0.1634,12225000,0.0,1997565,1
2018-02-28 15:51:46,1.144,12225000,0.0,13985400,1
2018-02-28 15:52:20,1.8225,12231000,0.0,-22290998,0
2018-02-28 15:52:48,0.0911152,12234000,0.0,1114703,1
2018-02-28 15:53:25,0.9645,12237000,0.0,11802587,1
2018-02-28 15:53:57,0.72450725,12229000,0.0,8859999,1
2018-02-28 15:53:57,0.04239275,12229000,0.0,518421,1
2018-02-28 15:57:28,0.527,12200000,0.0,-6429400,0
2018-02-28 15:57:32,0.0454,12199000,0.0,-553835,0
2018-02-28 15:57:37,0.1231,12200000,0.0,-1501820,0
2018-02-28 15:57:37,1.2,12199000,0.0,-14638800,0
2018-02-28 15:57:37,0.0044,12195000,0.0,-53658,0
2018-02-28 16:01:05,0.321,12174000,0.0,3907854,1
2018-02-28 16:01:06,0.745,12174000,0.0,9069630,1
2018-02-28 16:01:18,0.0243,12166000,0.0,295634,1
2018-02-28 16:03:18,0.8096,12156000,0.0,9841498,1
2018-02-28 16:05:57,0.2508,12103000,0.0,-3035432,0
2018-02-28 16:06:33,0.0305,12121000,0.0,-369691,0
2018-02-28 16:07:04,0.2813,12134000,0.0,3413294,1
2018-02-28 16:08:38,0.06105241,12121000,0.0,-740016,0
2018-02-28 16:08:38,0.09994759,12121000,0.0,-1211465,0
2018-02-28 16:08:44,0.3877,12125000,0.0,-4700863,0
2018-02-28 16:08:49,0.0138,12123000,0.0,-167297,0
2018-02-28 16:09:48,0.272,12123000,0.0,3297456,1
2018-02-28 16:10:30,0.2905,12118000,0.0,3520279,1
2018-02-28 16:10:37,0.1234,12115000,0.0,-1494991,0
2018-02-28 16:10:53,0.1753,12103000,0.0,-2121656,0
2018-02-28 16:11:29,0.4298,12110000,0.0,-5204878,0
2018-02-28 16:11:40,0.1424,12108000,0.0,-1724179,0
2018-02-28 16:11:47,0.0266,12110000,0.0,-322126,0
2018-02-28 16:13:11,0.5252,12135000,0.0,-6373302,0
2018-02-28 16:15:52,0.0123,12140000,0.0,149322,1
2018-02-28 16:16:52,0.9178,12161000,0.0,11161366,1
2018-02-28 16:16:58,0.0224,12163000,0.0,272451,1
2018-02-28 16:17:04,0.0392,12162000,0.0,476750,1
2018-02-28 16:17:05,0.2054,12162000,0.0,2498075,1
2018-02-28 16:17:25,0.1877,12156000,0.0,2281681,1
2018-02-28 16:17:25,0.0379,12156000,0.0,460712,1
2018-02-28 16:19:01,0.3885,12120000,0.0,-4708620,0
2018-02-28 16:19:02,0.0323,12120000,0.0,-391476,0
2018-02-28 16:20:04,0.0001,12093000,0.0,-1209,0
2018-02-28 16:20:11,0.50178634,12106000,0.0,-6074625,0
2018-02-28 16:20:12,0.04251366,12106000,0.0,-514670,0
2018-02-28 16:20:15,0.9348,12112000,0.0,-11322298,0
2018-02-28 16:23:28,0.1601,12142000,0.0,1943934,1
2018-02-28 16:23:32,0.5815,12141000,0.0,7059992,1
2018-02-28 16:23:32,0.4831,12142000,0.0,5865800,1
2018-02-28 16:23:36,0.3509,12140000,0.0,4259926,1
2018-02-28 16:23:36,0.2467,12140000,0.0,2994938,1
2018-02-28 16:23:40,0.0777,12137000,0.0,943045,1
2018-02-28 16:27:19,0.2586,12149000,0.0,-3141731,0
2018-02-28 16:27:52,0.36738718,12149000,0.0,-4463387,0
2018-02-28 16:27:56,0.0723,12150000,0.0,-878445,0
2018-02-28 16:27:56,1.0779,12150000,0.0,-13096485,0
2018-02-28 16:29:36,0.7139,12152000,0.0,8675313,1
2018-02-28 16:29:41,1.0623,12150000,0.0,12906945,1
2018-02-28 16:30:04,0.05,12150000,0.0,-607500,0
2018-02-28 16:30:17,1.85,12160000,0.0,-22496000,0
2018-02-28 16:30:46,0.1618,12168000,0.0,1968782,1
2018-02-28 16:30:47,0.6647,12168000,0.0,8088070,1
2018-02-28 16:30:50,0.4586,12167000,0.0,5579786,1
2018-02-28 16:30:50,0.4252,12167000,0.0,5173408,1
2018-02-28 16:31:01,0.1897,12168000,0.0,2308270,1
2018-02-28 16:33:44,0.075,12154000,0.0,-911550,0
2018-02-28 16:33:49,0.42053084,12156000,0.0,-5111973,0
2018-02-28 16:33:49,1.40446916,12156000,0.0,-17072727,0
2018-02-28 16:35:05,1.1,12167000,0.0,13383700,1
2018-02-28 16:35:05,0.62305218,12167000,0.0,7580676,1
2018-02-28 16:35:24,0.0894,12159000,0.0,1087015,1
2018-02-28 16:36:32,0.07490095,12173000,0.0,-911769,0
2018-02-28 16:36:33,0.03599905,12173000,0.0,-438216,0
2018-02-28 16:36:43,4.183e-05,12177000,0.0,-509,0
2018-02-28 16:37:13,0.1985,12177000,0.0,2417135,1
2018-02-28 16:37:45,0.0008,12163000,0.0,-9730,0
2018-02-28 16:38:26,0.03002905,12165000,0.0,-365303,0
2018-02-28 16:38:26,0.31557095,12165000,0.0,-3838921,0
2018-02-28 16:38:59,0.3464,12157000,0.0,4211185,1
2018-02-28 16:41:20,0.8587,12163000,0.0,-10444368,0
2018-02-28 16:42:30,0.707,12161000,0.0,8597827,1
2018-02-28 16:42:34,0.1517,12160000,0.0,1844672,1
2018-02-28 16:55:56,0.0131,12101000,0.0,-158523,0
2018-02-28 16:56:21,0.0131,12109000,0.0,158628,1
2018-02-28 17:00:23,0.2939,12080000,0.0,-3550312,0
2018-02-28 17:00:31,0.4094,12087000,0.0,-4948418,0
2018-02-28 17:01:54,0.7033,12106000,0.0,8514150,1
2018-02-28 17:02:21,0.4091,12109000,0.0,-4953792,0
2018-02-28 17:02:25,1.1398,12115000,0.0,-13808677,0
2018-02-28 17:02:38,0.0211,12111000,0.0,255542,1
2018-02-28 17:06:15,0.1572,12108000,0.0,1903378,1
2018-02-28 17:06:31,0.0485,12100000,0.0,586850,1
2018-02-28 17:06:31,0.1271,12100000,0.0,1537910,1
2018-02-28 17:06:51,0.0269,12094000,0.0,325329,1
2018-02-28 17:06:51,0.0055,12094000,0.0,66517,1
2018-02-28 17:07:15,0.7213,12095000,0.0,-8724124,0
2018-02-28 17:08:29,0.4947,12099000,0.0,5985375,1
2018-02-28 17:08:48,0.0457,12100000,0.0,552970,1
2018-02-28 17:13:50,0.0561,12111000,0.0,-679427,0
2018-02-28 17:14:06,0.5004,12112000,0.0,-6060845,0
2018-02-28 17:14:47,0.9608,12128000,0.0,11652582,1
2018-02-28 17:15:17,0.0336,12123000,0.0,407333,1
2018-02-28 17:16:01,0.0103,12127000,0.0,124908,1
2018-02-28 17:16:02,0.38,12127000,0.0,4608260,1
2018-02-28 17:16:43,0.5153,12140000,0.0,6255742,1
2018-02-28 17:17:37,0.002094,12160000,0.0,-25463,0
2018-02-28 17:17:37,0.05870895,12161000,0.0,-713960,0
2018-02-28 17:17:37,0.013,12161000,0.0,-158093,0
2018-02-28 17:17:38,0.014,12161000,0.0,-170254,0
2018-02-28 17:17:38,0.03439705,12161000,0.0,-418303,0
2018-02-28 17:17:38,0.019,12161000,0.0,-231059,0
2018-02-28 17:17:41,0.0942,12162000,0.0,-1145660,0
2018-02-28 17:17:50,0.0365,12172000,0.0,-444278,0
2018-02-28 17:18:59,0.2719,12156000,0.0,3305216,1
2018-02-28 17:27:29,1.9,12116000,0.0,-23020400,0
2018-02-28 17:28:29,0.3048,12128000,0.0,3696614,1
2018-02-28 17:29:49,0.1661,12130000,0.0,2014793,1
2018-02-28 17:30:29,0.80914436,12130000,0.0,9814921,1
2018-02-28 17:32:23,0.081,12118000,0.0,981558,1
2018-02-28 17:32:23,0.5231,12118000,0.0,6338926,1
2018-02-28 17:32:27,0.0104,12117000,0.0,126017,1
2018-02-28 17:32:53,0.0054,12110000,0.0,65394,1
2018-02-28 17:33:39,0.17017685,12113000,0.0,-2061352,0
2018-02-28 17:34:57,0.04391778,12108000,0.0,531756,1
2018-02-28 17:35:21,1.0201,12095000,0.0,-12338110,0
2018-02-28 17:36:22,0.381,12095000,0.0,-4608195,0
2018-02-28 17:36:22,0.3621,12095000,0.0,-4379600,0
2018-02-28 17:36:47,0.9893,12089000,0.0,11959648,1
2018-02-28 17:36:50,0.2688,12088000,0.0,3249254,1
2018-02-28 17:36:50,0.6314,12089000,0.0,7632995,1
2018-02-28 17:37:20,0.1076,12082000,0.0,-1300023,0
2018-02-28 17:37:26,0.1333,12084000,0.0,-1610797,0
2018-02-28 17:39:08,0.031,12099000,0.0,375069,1
2018-02-28 17:40:12,0.2565,12086000,0.0,-3100059,0
2018-02-28 17:40:52,0.4664,12071000,0.0,5629914,1
2018-02-28 17:45:02,0.0585,11987000,0.0,-701240,0
2018-02-28 17:45:12,0.0585,11987000,0.0,701240,1
2018-02-28 17:46:39,0.1542146,12001000,0.0,-1850729,0
2018-02-28 17:46:39,0.5209,12001000,0.0,-6251321,0
2018-02-28 17:46:40,0.0099854,12001000,0.0,-119835,0
2018-02-28 17:46:43,0.0046,12002000,0.0,-55209,0
2018-02-28 17:46:43,2.633e-05,12000000,0.0,-316,0
2018-02-28 17:46:43,0.83357367,12002000,0.0,-10004551,0
2018-02-28 17:49:31,0.1621,12009000,0.0,1946659,1
2018-02-28 17:49:31,0.97460835,12009000,0.0,11704072,1
2018-02-28 17:49:51,0.1237,12003000,0.0,-1484771,0
2018-02-28 17:49:57,0.3748,12008000,0.0,-4500598,0
2018-02-28 17:50:46,0.79356136,11989000,0.0,9514007,1
2018-02-28 17:50:50,0.0915,11987000,0.0,1096811,1
2018-02-28 17:52:16,0.0138,11991000,0.0,-165476,0
2018-02-28 17:52:38,0.008,11990000,0.0,95920,1
2018-02-28 17:52:38,0.0058,11991000,0.0,69548,1
2018-02-28 17:59:06,0.0114,11830000,0.0,-134862,0
2018-02-28 17:59:07,0.4447,11830000,0.0,-5260801,0
2018-02-28 17:59:11,0.3605,11829000,0.0,-4264355,0
2018-02-28 17:59:12,0.0421,11829000,0.0,-498001,0
2018-02-28 17:59:31,0.4843,11839000,0.0,5733628,1
2018-02-28 17:59:31,0.0001,11839000,0.0,1184,1
2018-02-28 18:00:05,0.6324,11860000,0.0,-7500264,0
2018-02-28 18:00:06,0.0369,11860000,0.0,-437634,0
2018-02-28 18:00:16,0.3573,11870000,0.0,-4241151,0
2018-02-28 18:00:27,1.4009,11879000,0.0,16641291,1
2018-02-28 18:02:39,0.0563,11870000,0.0,-668281,0
2018-02-28 18:02:43,0.0363,11870000,0.0,-430881,0
2018-02-28 18:02:51,0.3436,11874000,0.0,-4079906,0
2018-02-28 18:02:52,0.0169,11874000,0.0,-200671,0
2018-02-28 18:03:40,0.1125,11900000,0.0,-1338750,0
2018-02-28 18:03:41,0.0002,11900000,0.0,-2380,0
2018-02-28 18:04:14,0.0008,11912000,0.0,9530,1
2018-02-28 18:04:15,0.1,11912000,0.0,1191200,1
2018-02-28 18:04:30,0.3725,11912000,0.0,4437220,1
2018-02-28 18:05:05,0.0776,11921000,0.0,-925070,0
2018-02-28 18:05:32,0.06981115,11930000,0.0,-832847,0
2018-02-28 18:05:32,0.02928885,11930000,0.0,-349416,0
2018-02-28 18:05:38,0.6867,11930000,0.0,-8192331,0
2018-02-28 18:06:05,0.0019,11934000,0.0,-22675,0
2018-02-28 18:06:05,0.6356,11940000,0.0,-7589064,0
2018-02-28 18:11:33,0.0016,11896000,0.0,19034,1
2018-02-28 18:11:33,0.0091,11899000,0.0,108281,1
2018-02-28 18:11:33,0.0402,11896000,0.0,478219,1
2018-02-28 18:11:33,0.1,11896000,0.0,1189600,1
2018-02-28 18:11:33,0.0633,11896000,0.0,753017,1
2018-02-28 18:11:37,0.3601,11901000,0.0,4285550,1
2018-02-28 18:11:57,0.2873,11887000,0.0,-3415135,0
2018-02-28 18:12:14,0.1118,11885000,0.0,-1328743,0
2018-02-28 18:12:35,0.0299,11885000,0.0,355362,1
2018-02-28 18:12:35,0.0031,11885000,0.0,36844,1
2018-02-28 18:12:49,0.5555,11881000,0.0,6599896,1
2018-02-28 18:13:09,0.2066,11870000,0.0,-2452342,0
2018-02-28 18:15:06,1.0363,11905000,0.0,12337152,1
2018-02-28 18:16:00,0.0111,11900000,0.0,-132090,0
2018-02-28 18:16:09,0.01116086,11902000,0.0,-132837,0
2018-02-28 18:16:46,0.0078,11920000,0.0,92976,1
2018-02-28 18:17:28,1.2097,11908000,0.0,-14405108,0
2018-02-28 18:17:35,0.2413,11908000,0.0,2873400,1
2018-02-28 18:17:35,0.084,11908000,0.0,1000272,1
2018-02-28 18:18:09,1.001,11896000,0.0,-11907896,0
2018-02-28 18:19:07,1.2241,11894000,0.0,14559445,1
2018-02-28 18:19:07,0.6758,11895000,0.0,8038641,1
2018-02-28 18:19:41,1.9,11881000,0.0,-22573900,0
2018-02-28 18:21:23,0.1775,11901000,0.0,2112428,1
2018-02-28 18:21:30,0.1962,11900000,0.0,2334780,1
2018-02-28 18:22:29,0.0097,11885000,0.0,115285,1
2018-02-28 18:22:32,0.118,11884000,0.0,1402312,1
2018-02-28 18:23:29,1.3986,11898000,0.0,16640543,1
2018-02-28 18:24:26,0.1737,11910000,0.0,-2068767,0
2018-02-28 18:25:04,0.1737,11922000,0.0,2070851,1
2018-02-28 18:26:39,0.0815,11944000,0.0,-973436,0
2018-02-28 18:27:04,0.01,11964000,0.0,119640,1
2018-02-28 18:27:34,1.8285,11975000,0.0,-21896288,0
2018-02-28 18:28:08,0.1156,11979000,0.0,1384772,1
2018-02-28 18:28:12,1.3205,11979000,0.0,15818270,1
2018-02-28 18:28:24,0.3489,11962000,0.0,4173542,1
2018-02-28 18:28:24,0.115,11962000,0.0,1375630,1
2018-02-28 18:31:45,0.20665863,11981000,0.0,-2475977,0
2018-02-28 18:34:09,0.1985,11954000,0.0,2372869,1
2018-02-28 18:34:09,0.0081,11954000,0.0,96827,1
2018-02-28 18:37:23,0.2568,11906000,0.0,-3057461,0
2018-02-28 18:38:15,0.23326577,11920000,0.0,2780528,1
2018-02-28 18:38:21,0.0034,11920000,0.0,40528,1
2018-02-28 18:38:22,0.00334245,11920000,0.0,39842,1
2018-02-28 18:39:41,0.4008,11927000,0.0,-4780342,0
2018-02-28 18:40:07,0.0906,11930000,0.0,-1080858,0
2018-02-28 18:40:12,0.5226,11938000,0.0,-6238799,0
2018-02-28 18:40:12,0.8692,11938000,0.0,-10376510,0
2018-02-28 18:43:36,0.0295,11937000,0.0,352142,1
2018-02-28 18:44:24,0.0309,11938000,0.0,368884,1
2018-02-28 18:45:19,0.0711,11941000,0.0,849005,1
2018-02-28 18:45:58,0.2012,11980000,0.0,2410376,1
2018-02-28 18:45:59,0.15856004,11977000,0.0,1899074,1
2018-02-28 18:46:07,1.4088,11971000,0.0,16864745,1
2018-02-28 18:50:14,0.0223,11983000,0.0,-267221,0
2018-02-28 18:50:26,1.41422426,11988000,0.0,-16953720,0
2018-02-28 18:50:26,0.1043,11988000,0.0,-1250348,0
2018-02-28 18:50:26,0.0463,11988000,0.0,-555044,0
2018-02-28 18:50:26,0.31287574,11988000,0.0,-3750754,0
2018-02-28 18:51:41,0.1248,11975000,0.0,1494480,1
2018-02-28 18:51:42,0.0902,11975000,0.0,1080145,1
2018-02-28 18:55:22,1.685,11985000,0.0,20194725,1
2018-02-28 18:58:53,0.3469,11956000,0.0,-4147536,0
2018-02-28 18:59:32,0.07871966,11965000,0.0,-941881,0
2018-02-28 19:00:01,0.017,11961000,0.0,203337,1
2018-02-28 19:00:01,0.209,11961000,0.0,2499849,1
2018-02-28 19:02:42,0.0897,11971000,0.0,-1073799,0
2018-02-28 19:03:04,0.2893,11973000,0.0,3463789,1
2018-02-28 19:07:18,0.0478,11970000,0.0,-572166,0
2018-02-28 19:07:23,0.5203,11972000,0.0,-6229032,0
2018-02-28 19:07:23,0.01,11972000,0.0,-119720,0
2018-02-28 19:07:47,0.5146,11974000,0.0,6161820,1
2018-02-28 19:08:51,0.0635,11961000,0.0,759524,1
2018-02-28 19:09:19,1.9,11967000,0.0,-22737300,0
2018-02-28 19:10:03,0.02,11971000,0.0,239420,1
2018-02-28 19:11:03,1.88,11975000,0.0,22513000,1
2018-02-28 19:19:36,0.2762,12003000,0.0,-3315229,0
2018-02-28 19:19:36,0.0058,12003000,0.0,-69617,0
2018-02-28 19:19:40,0.00104875,12005000,0.0,-12590,0
2018-02-28 19:19:40,0.0463,12005000,0.0,-555832,0
2018-02-28 19:19:40,0.02955125,12005000,0.0,-354763,0
2018-02-28 19:19:44,0.0716,12006000,0.0,-859630,0
2018-02-28 19:21:28,0.0817,11988000,0.0,979420,1
2018-02-28 19:21:28,0.1,11988000,0.0,1198800,1
2018-02-28 19:21:29,0.0104,11988000,0.0,124675,1
2018-02-28 19:21:32,0.005,11987000,0.0,59935,1
2018-02-28 19:21:32,0.1336,11987000,0.0,1601463,1
2018-02-28 19:22:19,0.1629,12000000,0.0,-1954800,0
2018-02-28 19:24:39,0.0631,12000000,0.0,757200,1
2018-02-28 19:24:52,0.1698,11989000,0.0,-2035732,0
2018-02-28 19:24:57,0.2793,11989000,0.0,-3348528,0
2018-02-28 19:25:01,0.90072835,11988000,0.0,-10797931,0
2018-02-28 19:25:01,0.35047165,11988000,0.0,-4201454,0
2018-02-28 19:26:16,0.0147,11997000,0.0,176356,1
2018-02-28 19:27:11,0.1438,11988000,0.0,1723874,1
2018-02-28 19:27:12,0.2966,11988000,0.0,3555641,1
2018-02-28 19:27:12,0.0689,11988000,0.0,825973,1
2018-02-28 19:27:15,0.8449,11987000,0.0,10127816,1
2018-02-28 19:27:19,0.531,11985000,0.0,6364035,1
2018-02-28 19:29:33,0.0583,11931000,0.0,-695577,0
2018-02-28 19:30:41,0.3381,11944000,0.0,-4038266,0
2018-02-28 19:30:42,0.0878,11944000,0.0,-1048683,0
2018-02-28 19:30:45,0.633,11944000,0.0,-7560552,0
2018-02-28 19:30:55,0.3245,11950000,0.0,-3877775,0
2018-02-28 19:30:56,0.0925,11950000,0.0,-1105375,0
2018-02-28 19:35:47,0.15453841,11886000,0.0,1836844,1
2018-02-28 19:36:20,1.3797,11900000,0.0,16418430,1
2018-02-28 19:38:54,0.0179,11897000,0.0,-212956,0
2018-02-28 19:38:54,0.1452,11899000,0.0,-1727735,0
2018-02-28 19:39:24,0.0607,11903000,0.0,722512,1
2018-02-28 19:41:22,0.1837,11889000,0.0,-2184009,0
2018-02-28 19:42:39,0.2861,11897000,0.0,3403732,1
2018-02-28 19:42:56,0.3994,11889000,0.0,-4748467,0
2018-02-28 19:47:36,0.0017,11902000,0.0,20233,1
2018-02-28 19:47:36,0.0872,11902000,0.0,1037854,1
2018-02-28 19:47:40,0.3105,11904000,0.0,3696192,1
2018-02-28 19:48:00,0.3189,11900000,0.0,-3794910,0
2018-02-28 19:48:15,6.243e-05,11898000,0.0,743,1
2018-02-28 19:48:35,0.1158,11884000,0.0,-1376167,0
2018-02-28 19:48:47,0.0418,11902000,0.0,497504,1
2018-02-28 19:48:52,0.3928,11908000,0.0,4677462,1
2018-02-28 19:51:00,0.0811,11901000,0.0,-965171,0
2018-02-28 19:51:23,0.4129,11897000,0.0,-4912271,0
2018-02-28 19:52:17,0.024,11898000,0.0,-285552,0
2018-02-28 19:52:21,1.3819,11897000,0.0,-16440464,0
2018-02-28 20:03:55,0.0103,11898000,0.0,122549,1
2018-02-28 20:03:55,0.1449,11898000,0.0,1724020,1
2018-02-28 20:03:55,0.1059,11898000,0.0,1259998,1
2018-02-28 20:09:16,0.0935,11892000,0.0,1111902,1
2018-02-28 20:10:38,0.1693,11894000,0.0,2013654,1
2018-02-28 20:11:12,0.0338,11902000,0.0,-402288,0
2018-02-28 20:13:54,1.3769,11905000,0.0,16391995,1
2018-02-28 20:13:54,0.0329,11902000,0.0,391576,1
2018-02-28 20:15:36,1.53885383,11913000,0.0,-18332366,0
2018-02-28 20:19:57,0.2,11942000,0.0,2388400,1
2018-02-28 20:20:00,0.3,11938000,0.0,3581400,1
2018-02-28 20:20:01,0.10003351,11938000,0.0,1194200,1
2018-02-28 20:21:56,0.2974,11942000,0.0,-3551551,0
2018-02-28 20:22:00,0.01581662,11944000,0.0,-188914,0
2018-02-28 20:22:00,8.338e-05,11944000,0.0,-996,0
2018-02-28 20:22:04,0.6478,11944000,0.0,-7737323,0
2018-02-28 20:25:16,0.77801003,11967000,0.0,9310446,1
2018-02-28 20:25:20,0.2475,11967000,0.0,2961833,1
2018-02-28 20:25:24,0.2578,11967000,0.0,3085093,1
2018-02-28 20:25:25,0.6166,11967000,0.0,7378852,1
2018-02-28 20:30:04,0.0175,11965000,0.0,-209388,0
2018-02-28 20:30:26,0.22590004,11964000,0.0,-2702668,0
2018-02-28 20:31:32,0.2281,11980000,0.0,2732638,1
2018-02-28 20:31:33,0.015,11980000,0.0,179700,1
2018-02-28 20:34:25,0.0019,11984000,0.0,-22770,0
2018-02-28 20:35:14,0.0022,11993000,0.0,26385,1
2018-02-28 20:35:39,0.01157481,12000000,0.0,-138898,0
2018-02-28 20:35:39,0.6709,12000000,0.0,-8050800,0
2018-02-28 20:35:39,0.005,12000000,0.0,-60000,0
2018-02-28 20:35:39,0.13,12000000,0.0,-1560000,0
2018-02-28 20:35:39,0.26082519,12000000,0.0,-3129902,0
2018-02-28 20:35:42,0.0887,12009000,0.0,-1065198,0
2018-02-28 20:35:47,0.7329,12010000,0.0,-8802129,0
2018-02-28 20:36:17,0.2634,11999000,0.0,3160537,1
2018-02-28 20:36:20,0.167,11999000,0.0,2003833,1
2018-02-28 20:37:09,0.1674,11971000,0.0,2003945,1
2018-02-28 20:37:09,0.0028,11972000,0.0,33522,1
2018-02-28 20:39:57,0.2085,11982000,0.0,-2498247,0
2018-02-28 20:40:20,0.0335,11980000,0.0,401330,1
2018-02-28 20:40:48,1.2146,11971000,0.0,14539977,1
2018-02-28 20:40:49,0.0884,11970000,0.0,1058148,1
2018-02-28 20:41:19,0.1713,11970000,0.0,2050461,1
2018-02-28 20:49:36,0.0225,11946000,0.0,-268785,0
2018-02-28 20:52:13,0.0225,11937000,0.0,268583,1
2018-02-28 20:53:15,0.031,11943000,0.0,-370233,0
2018-02-28 20:53:19,0.03345625,11944000,0.0,-399601,0
2018-02-28 20:53:19,0.19604375,11944000,0.0,-2341547,0
2018-02-28 20:54:26,0.2859,11936000,0.0,-3412502,0
2018-02-28 21:00:34,0.46128666,11917000,0.0,-5497153,0
2018-02-28 21:02:21,0.2447,11948000,0.0,2923676,1
2018-02-28 21:02:25,0.49780066,11944000,0.0,5945731,1
2018-02-28 21:02:25,0.1967,11944000,0.0,2349385,1
2018-02-28 21:02:27,0.06849934,11944000,0.0,818156,1
2018-02-28 21:18:26,1.9,11950000,0.0,-22705000,0
2018-02-28 21:21:28,0.0044,11957000,0.0,52611,1
2018-02-28 21:21:28,0.0124,11957000,0.0,148267,1
2018-02-28 21:23:02,0.1924,11953000,0.0,2299757,1
2018-02-28 21:23:03,0.0026,11953000,0.0,31078,1
2018-02-28 21:24:32,0.2815,11960000,0.0,3366740,1
2018-02-28 21:24:35,0.0499,11959000,0.0,596754,1
2018-02-28 21:26:09,0.0981,11956000,0.0,-1172884,0
2018-02-28 21:28:29,0.133,11949000,0.0,1589217,1
2018-02-28 21:28:50,0.1344,11932000,0.0,-1603661,0
2018-02-28 21:39:31,0.3228,11846000,0.0,3823889,1
2018-02-28 21:40:15,0.0461,11858000,0.0,-546654,0
2018-02-28 21:40:22,0.174,11858000,0.0,-2063292,0
2018-02-28 21:40:22,0.0001,11857000,0.0,-1186,0
2018-02-28 21:40:30,0.5463,11850000,0.0,-6473655,0
2018-02-28 21:44:36,0.4242,11848000,0.0,5025922,1
2018-02-28 21:44:36,0.02143754,11848000,0.0,253992,1
2018-02-28 21:44:36,0.273,11848000,0.0,3234504,1
2018-02-28 21:44:36,0.0925,11848000,0.0,1095940,1
2018-02-28 21:45:14,0.5427,11837000,0.0,6423940,1
2018-02-28 21:45:14,0.015,11837000,0.0,177555,1
2018-02-28 21:45:15,0.01,11837000,0.0,118370,1
2018-02-28 21:45:15,0.3642,11837000,0.0,4311035,1
2018-02-28 21:45:46,0.1569,11832000,0.0,1856441,1
2018-02-28 21:50:39,0.5,11850000,0.0,-5925000,0
2018-02-28 21:50:39,0.093,11850000,0.0,-1102050,0
2018-02-28 21:52:53,0.0224,11860000,0.0,265664,1
2018-02-28 21:52:53,0.0075,11860000,0.0,88950,1
2018-02-28 21:52:53,0.144,11862000,0.0,1708128,1
2018-02-28 21:52:55,0.0091,11860000,0.0,107926,1
2018-02-28 21:52:57,0.0238,11857000,0.0,282197,1
2018-02-28 21:55:24,0.0112,11847000,0.0,132686,1
2018-02-28 21:55:33,0.148,11844000,0.0,1752912,1
2018-02-28 21:55:35,0.0185,11844000,0.0,219114,1
2018-02-28 21:58:43,0.0711,11809000,0.0,839620,1
2018-02-28 21:59:09,0.1374,11800000,0.0,1621320,1
2018-02-28 22:00:36,0.4409,11799000,0.0,-5202179,0
2018-02-28 22:01:02,0.4245,11785000,0.0,-5002733,0
2018-02-28 22:01:06,0.41883146,11786000,0.0,-4936348,0
2018-02-28 22:01:06,0.2319,11786000,0.0,-2733173,0
2018-02-28 22:01:06,0.38386854,11786000,0.0,-4524275,0
2018-02-28 22:04:25,0.0059,11778000,0.0,69490,1
2018-02-28 22:08:28,0.2764,11832000,0.0,3270365,1
2018-02-28 22:08:45,0.0171,11843000,0.0,202515,1
2018-02-28 22:09:20,0.1438,11822000,0.0,1700004,1
2018-02-28 22:09:21,0.2657,11822000,0.0,3141105,1
2018-02-28 22:09:21,0.1918,11822000,0.0,2267460,1
2018-02-28 22:09:33,0.1197,11811000,0.0,1413777,1
2018-02-28 22:09:34,0.0799,11811000,0.0,943699,1
2018-02-28 22:09:34,0.0206,11811000,0.0,243307,1
2018-02-28 22:09:39,0.3986,11820000,0.0,4711452,1
2018-02-28 22:09:40,0.0045,11820000,0.0,53190,1
2018-02-28 22:09:57,0.0966,11836000,0.0,1143358,1
2018-02-28 22:09:57,0.2794,11836000,0.0,3306978,1
2018-02-28 22:11:04,0.0477,11868000,0.0,-566104,0
2018-02-28 22:11:04,0.4013,11868000,0.0,-4762628,0
2018-02-28 22:11:04,0.9498,11868000,0.0,-11272226,0
2018-02-28 22:11:11,0.019,11869000,0.0,-225511,0
2018-02-28 22:11:11,0.0015,11869000,0.0,-17804,0
2018-02-28 22:11:11,0.0756,11869000,0.0,-897296,0
2018-02-28 22:11:55,0.3407,11878000,0.0,4046835,1
2018-02-28 22:12:32,0.3698,11864000,0.0,4387307,1
2018-02-28 22:14:18,0.1,11853000,0.0,1185300,1
2018-02-28 22:15:00,0.0011,11850000,0.0,-13035,0
2018-02-28 22:15:59,1.2145,11852000,0.0,-14394254,0
2018-02-28 22:17:49,0.3357,11842000,0.0,3975359,1
2018-02-28 22:17:49,1.5643,11842000,0.0,18524441,1
2018-02-28 22:21:06,1.141,11810000,0.0,-13475210,0
2018-02-28 22:21:48,9.08e-05,11832000,0.0,1074,1
2018-02-28 22:22:05,0.113,11829000,0.0,1336677,1
2018-02-28 22:22:53,0.7768,11830000,0.0,9189544,1
2018-02-28 22:23:58,0.2014,11841000,0.0,2384777,1
2018-02-28 22:23:58,0.0498,11841000,0.0,589682,1
2018-02-28 22:38:00,0.3481,11831000,0.0,-4118371,0
2018-02-28 22:39:53,0.3481,11838000,0.0,4120808,1
2018-02-28 22:40:11,0.0583,11826000,0.0,-689456,0
2018-02-28 22:40:53,0.0583,11836000,0.0,690039,1
2018-02-28 22:53:46,0.0453,11866000,0.0,-537530,0
2018-02-28 22:54:14,0.0269,11868000,0.0,-319249,0
2018-02-28 22:54:19,0.27898176,11870000,0.0,-3311513,0
2018-02-28 22:54:19,0.5346,11870000,0.0,-6345702,0
2018-02-28 22:54:19,0.2419,11870000,0.0,-2871353,0
2018-02-28 22:54:19,0.12501824,11870000,0.0,-1483967,0
2018-02-28 22:56:02,0.142,11852000,0.0,1682984,1
2018-02-28 22:56:02,0.1375,11852000,0.0,1629650,1
2018-02-28 22:56:31,0.01,11849000,0.0,118490,1
2018-02-28 22:56:31,0.0272281,11849000,0.0,322626,1
2018-02-28 22:57:53,0.01,11850000,0.0,118500,1
2018-02-28 22:57:53,0.3395,11850000,0.0,4023075,1
2018-02-28 22:57:55,0.0152,11850000,0.0,180120,1
2018-02-28 22:58:20,0.0443,11842000,0.0,-524601,0
2018-02-28 23:00:04,0.5938,11839000,0.0,-7029998,0
2018-02-28 23:01:28,1.2093,11837000,0.0,14314484,1
2018-02-28 23:04:30,0.01,11840000,0.0,-118400,0
2018-02-28 23:04:30,0.0512,11840000,0.0,-606208,0
2018-02-28 23:05:08,0.5235,11837000,0.0,-6196670,0
2018-02-28 23:06:05,0.0045,11841000,0.0,53285,1
2018-02-28 23:06:05,0.0607,11841000,0.0,718749,1
2018-02-28 23:06:09,0.084,11839000,0.0,994476,1
2018-02-28 23:06:55,0.144,11838000,0.0,1704672,1
2018-02-28 23:06:55,0.2761,11838000,0.0,3268472,1
2018-02-28 23:06:56,0.0154,11838000,0.0,182305,1
2018-02-28 23:10:09,1.9,11829000,0.0,-22475100,0
2018-02-28 23:12:27,0.01,11839000,0.0,118390,1
2018-02-28 23:12:28,0.2634,11839000,0.0,3118393,1
2018-02-28 23:17:18,0.0497,11853000,0.0,589094,1
2018-02-28 23:17:18,0.0714,11853000,0.0,846304,1
2018-02-28 23:20:08,0.0224,11880000,0.0,266112,1
2018-02-28 23:20:08,0.01,11880000,0.0,118800,1
2018-02-28 23:21:46,0.67633632,11883000,0.0,8036904,1
2018-02-28 23:22:15,0.05487365,11870000,0.0,651350,1
2018-02-28 23:22:15,0.1115,11870000,0.0,1323505,1
2018-02-28 23:22:16,0.1748,11870000,0.0,2074876,1
2018-02-28 23:23:13,0.0183,11875000,0.0,217313,1
2018-02-28 23:24:51,0.2177,11882000,0.0,2586711,1
2018-02-28 23:25:07,0.0111,11881000,0.0,131879,1
2018-02-28 23:25:17,0.2085,11884000,0.0,2477814,1
2018-02-28 23:54:49,0.8557,11950000,0.0,-10225615,0
2018-02-28 23:55:22,0.0294,11945000,0.0,-351183,0
2018-02-28 23:56:22,0.05484761,11950000,0.0,655429,1
2018-02-28 23:56:53,0.0418,11936000,0.0,-498925,0
2018-02-28 23:57:09,0.19925024,11936000,0.0,-2378251,0
2018-02-28 23:57:09,0.36694976,11936000,0.0,-4379912,0
2018-02-28 23:57:17,0.70092787,11930000,0.0,8362069,1
2018-02-28 23:57:18,0.0589,11930000,0.0,702677,1
2018-02-28 23:57:31,0.5663,11915000,0.0,-6747465,0
2018-02-28 23:59:39,0.3429,11924000,0.0,4088740,1
2018-02-28 23:59:42,0.0027,11924000,0.0,32195,1
2018-02-28 23:59:43,0.2929,11924000,0.0,3492540,1
2018-02-28 23:59:43,0.01,11924000,0.0,119240,1
2018-02-28 23:59:43,0.0002,11924000,0.0,2385,1
2018-02-28 23:59:48,0.0296,11923000,0.0,352921,1
2018-02-28 23:59:49,0.5662,11923000,0.0,6750803,1
2018-02-28 23:59:49,0.0002,11923000,0.0,2385,1
