timestamp,quantity,price,fee,amount,side
2018-04-24 14:43:46,1000.0,14730,0,-14730000,0
2018-04-24 14:44:51,1000.0,14755,0,14755000,1
2018-04-24 14:47:13,202.7719,14760,0,-2992913,0
2018-04-24 14:47:21,16.8,14760,0,-247968,0
2018-04-24 14:48:15,20.7976,14775,0,-307285,0
2018-04-24 14:48:15,97.7033,14775,0,-1443566,0
2018-04-24 14:48:22,132.0,14800,0,-1953600,0
2018-04-24 14:48:22,96.872,14800,0,-1433706,0
2018-04-24 14:48:32,0.7858,14805,0,11634,1
2018-04-24 14:48:57,62.5686,14805,0,926328,1
2018-04-24 14:49:00,3.5904,14805,0,53156,1
2018-04-24 14:49:00,500.0,14805,0,7402500,1
2018-04-24 14:49:25,53.84,14805,0,-797101,0
2018-04-24 14:49:55,235.2987,14845,0,-3493009,0
2018-04-24 14:49:55,42.64264061,14845,0,-633030,0
2018-04-24 14:50:05,423.354,14840,0,-6282573,0
2018-04-24 14:50:05,165.2524,14840,0,-2452346,0
2018-04-24 14:50:18,20.0,14840,0,296800,1
2018-04-24 14:50:18,8.2133,14840,0,121885,1
2018-04-24 14:50:18,1.0531,14840,0,15628,1
2018-04-24 14:50:22,891.1213,14815,0,13201962,1
2018-04-24 14:51:10,19.0256,14795,0,-281484,0
2018-04-24 14:51:10,107.8662,14795,0,-1595880,0
2018-04-24 14:51:14,5.4024,14795,0,-79929,0
2018-04-24 14:51:32,132.2942,14820,0,1960600,1
2018-04-24 14:53:24,1000.0,14805,0,-14805000,0
2018-04-24 14:53:41,200.0,14825,0,2965000,1
2018-04-24 14:53:41,58.489,14825,0,867099,1
2018-04-24 14:53:42,741.511,14825,0,10992901,1
2018-04-24 14:55:25,56.1759,14775,0,-829999,0
2018-04-24 14:55:33,48.795,14775,0,-720946,0
2018-04-24 14:55:44,90.8398,14780,0,-1342612,0
2018-04-24 14:56:10,56.5333,14820,0,-837824,0
2018-04-24 14:56:18,470.7806,14800,0,-6967553,0
2018-04-24 14:59:24,723.1246,14750,0,10666088,1
2018-04-24 15:00:14,1000.0,14665,0,-14665000,0
2018-04-24 15:00:28,209.6089,14665,0,3073915,1
2018-04-24 15:00:29,87.9858,14665,0,1290312,1
2018-04-24 15:00:40,5.3,14675,0,77778,1
2018-04-24 15:00:40,5.3,14675,0,77778,1
2018-04-24 15:01:59,8.1,14590,0,118179,1
2018-04-24 15:02:15,683.7053,14560,0,9954749,1
2018-04-24 15:03:06,327.6028,14540,0,-4763345,0
2018-04-24 15:03:07,10.9,14540,0,-158486,0
2018-04-24 15:03:22,177.9213,14530,0,-2585196,0
2018-04-24 15:03:22,47.6355,14530,0,-692144,0
2018-04-24 15:04:58,14.4386,14630,0,211237,1
2018-04-24 15:04:59,549.621,14630,0,8040955,1
2018-04-24 15:05:10,43.4532,14620,0,-635286,0
2018-04-24 15:05:39,956.5468,14600,0,-13965583,0
2018-04-24 15:06:24,2.81657608,14590,0,41094,1
2018-04-24 15:06:49,137.2213,14575,0,2000000,1
2018-04-24 15:06:49,200.0,14575,0,2915000,1
2018-04-24 15:06:53,3.6719,14570,0,53500,1
2018-04-24 15:06:53,102.9,14570,0,1499253,1
2018-04-24 15:06:53,175.9357,14570,0,2563383,1
2018-04-24 15:06:53,43.0834,14570,0,627725,1
2018-04-24 15:06:54,216.8245,14570,0,3159133,1
2018-04-24 15:06:54,5.7673,14570,0,84030,1
2018-04-24 15:06:54,68.5993,14570,0,999492,1
2018-04-24 15:06:54,43.18,14570,0,629133,1
2018-04-24 15:07:22,29.7382,14540,0,-432393,0
2018-04-24 15:07:23,10.9,14540,0,-158486,0
2018-04-24 15:07:29,450.614,14530,0,-6547421,0
2018-04-24 15:07:30,69.705,14530,0,-1012814,0
2018-04-24 15:11:25,560.9572,14515,0,8142294,1
2018-04-24 15:12:24,20.1386,14440,0,-290801,0
2018-04-24 15:12:41,1.01,14440,0,14584,1
2018-04-24 15:12:41,19.1286,14440,0,276217,1
2018-04-24 15:13:37,1.39,14375,0,-19981,0
2018-04-24 15:13:37,67.9496,14375,0,-976776,0
2018-04-24 15:13:44,57.9396,14375,0,832882,1
2018-04-24 15:13:44,11.4,14375,0,163875,1
2018-04-24 15:14:00,579.769,14410,0,-8354471,0
2018-04-24 15:14:04,11.66078838,14460,0,168615,1
2018-04-24 15:14:10,346.0197,14450,0,4999985,1
2018-04-24 15:14:13,121.5559,14430,0,-1754052,0
2018-04-24 15:14:58,2.1154,14475,0,-30620,0
2018-04-24 15:15:14,13.9845,14490,0,-202635,0
2018-04-24 15:15:25,7.53441325,14480,0,-109098,0
2018-04-24 15:15:25,128.9985,14480,0,-1867898,0
2018-04-24 15:15:42,88.4493,14510,0,1283399,1
2018-04-24 15:15:42,10.0,14510,0,145100,1
2018-04-24 15:15:42,397.8279,14510,0,5772483,1
2018-04-24 15:16:12,238.1005415,14525,0,-3458410,0
2018-04-24 15:16:12,22.0629,14525,0,-320464,0
2018-04-24 15:16:12,0.33505849,14525,0,-4867,0
2018-04-24 15:16:16,30.46988079,14530,0,-442727,0
2018-04-24 15:16:16,709.0316192,14530,0,-10302229,0
2018-04-24 15:18:31,916.14691652,14675,0,13444456,1
2018-04-24 15:18:31,83.85308347,14675,0,1230544,1
2018-04-24 15:18:37,1.0,14640,0,-14640,0
2018-04-24 15:18:37,0.7,14640,0,-10248,0
2018-04-24 15:19:15,1.7,14635,0,24880,1
2018-04-24 15:20:03,149.4201,14560,0,-2175557,0
2018-04-24 15:20:03,10.0048,14560,0,-145670,0
2018-04-24 15:20:15,159.4249,14560,0,2321227,1
2018-04-24 15:21:15,14.24832872,14480,0,-206316,0
2018-04-24 15:21:15,14.16767127,14480,0,-205148,0
2018-04-24 15:21:15,62.3537,14480,0,-902882,0
2018-04-24 15:21:19,258.0721,14480,0,-3736884,0
2018-04-24 15:21:23,494.47060421,14485,0,-7162407,0
2018-04-24 15:21:48,14.4677,14560,0,210650,1
2018-04-24 15:21:53,747.0352,14560,0,10876833,1
2018-04-24 15:21:53,81.8095,14550,0,1190328,1
2018-04-24 15:22:07,237.5496,14580,0,-3463473,0
2018-04-24 15:22:25,237.5496,14595,0,3467036,1
2018-04-24 15:23:23,925.69073818,14510,0,-13431773,0
2018-04-24 15:27:35,483.0041,14590,0,7047030,1
2018-04-24 15:27:39,33.992,14570,0,495263,1
2018-04-24 15:27:39,16.299,14570,0,237476,1
2018-04-24 15:27:43,162.0474,14570,0,2361031,1
2018-04-24 15:27:50,1.6749,14540,0,-24353,0
2018-04-24 15:28:56,232.0232,14550,0,3375938,1
2018-04-24 15:29:33,11.2316,14550,0,-163420,0
2018-04-24 15:29:48,604.3928,14520,0,-8775783,0
2018-04-24 15:29:51,221.60756632,14550,0,3224390,1
2018-04-24 15:29:52,1.37,14550,0,19934,1
2018-04-24 15:29:58,6.0773,14525,0,-88273,0
2018-04-24 15:30:08,36.8303,14490,0,533671,1
2018-04-24 15:30:12,120.99,14490,0,1753145,1
2018-04-24 15:30:12,21.4337,14490,0,310574,1
2018-04-24 15:30:51,487.83873494,14455,0,-7051709,0
2018-04-24 15:30:52,12.1484,14455,0,-175605,0
2018-04-24 15:32:50,100.0,14475,0,1447500,1
2018-04-24 15:32:50,331.1332,14475,0,4793153,1
2018-04-24 15:33:04,288.3241,14475,0,4173491,1
2018-04-24 15:34:14,48.7041485,14470,0,-704749,0
2018-04-24 15:34:14,1.7866,14470,0,-25852,0
2018-04-24 15:34:15,660.83855149,14470,0,-9562334,0
2018-04-24 15:34:15,73.3181,14470,0,-1060913,0
2018-04-24 15:34:15,136.6766,14470,0,-1977710,0
2018-04-24 15:34:15,70.661,14470,0,-1022465,0
2018-04-24 15:34:15,8.015,14470,0,-115977,0
2018-04-24 15:36:18,10.6114,14465,0,153494,1
2018-04-24 15:36:19,1.9019,14465,0,27511,1
2018-04-24 15:37:42,66.4509,14465,0,961212,1
2018-04-24 15:37:42,36.7451,14465,0,531518,1
2018-04-24 15:39:45,884.2907,14530,0,12848744,1
2018-04-24 15:40:01,1.4937,14520,0,-21689,0
2018-04-24 15:40:01,6.8917,14520,0,-100067,0
2018-04-24 15:41:11,8.3854,14490,0,121504,1
2018-04-24 15:41:27,1.8041,14490,0,-26141,0
2018-04-24 15:41:44,132.1102,14500,0,-1915598,0
2018-04-24 15:41:44,811.07235862,14500,0,-11760549,0
2018-04-24 15:41:45,35.388,14500,0,-513126,0
2018-04-24 15:42:10,141.6772,14510,0,2055736,1
2018-04-24 15:42:38,594.9362,14500,0,8626575,1
2018-04-24 15:42:38,3.8728,14500,0,56156,1
2018-04-24 15:42:42,2.721,14500,0,39455,1
2018-04-24 15:43:50,198.7801,14535,0,-2889269,0
2018-04-24 15:43:56,30.0,14545,0,-436350,0
2018-04-24 15:44:00,147.7859,14540,0,-2148807,0
2018-04-24 15:44:46,31.56026895,14545,0,459044,1
2018-04-24 15:47:43,0.6347,14570,0,9248,1
2018-04-24 15:48:16,3.4855,14560,0,50749,1
2018-04-24 15:48:36,21.2858,14540,0,309495,1
2018-04-24 15:48:36,50.0,14540,0,727000,1
2018-04-24 15:48:37,332.8774,14540,0,4840037,1
2018-04-24 15:49:40,173.8897,14395,0,2503142,1
2018-04-24 15:49:50,17.7622,14430,0,-256309,0
2018-04-24 15:49:50,1.0,14430,0,-14430,0
2018-04-24 15:49:50,7.274e-05,14430,0,-1,0
2018-04-24 15:49:55,1.2476,14430,0,-18003,0
2018-04-24 15:49:55,108.6692,14430,0,-1568097,0
2018-04-24 15:50:27,871.3209,14430,0,-12573161,0
2018-04-24 15:51:24,62.8675,14425,0,906864,1
2018-04-24 15:51:24,320.7925,14425,0,4627432,1
2018-04-24 15:51:24,538.8,14425,0,7772190,1
2018-04-24 15:51:28,77.54,14420,0,1118127,1
2018-04-24 15:52:04,279.8263,14415,0,-4033696,0
2018-04-24 15:52:31,473.1186,14435,0,-6829467,0
2018-04-24 15:54:51,8.66,14460,0,125224,1
2018-04-24 15:54:51,28.9749,14460,0,418977,1
2018-04-24 15:54:51,5.6206,14460,0,81274,1
2018-04-24 15:58:12,709.6894,14500,0,10290496,1
2018-04-24 15:59:04,47.54337482,14460,0,-687477,0
2018-04-24 15:59:04,952.45662517,14460,0,-13772523,0
2018-04-24 15:59:59,208.0862,14420,0,3000603,1
2018-04-24 15:59:59,33.3176,14420,0,480440,1
2018-04-24 16:00:25,758.5962,14445,0,10957922,1
2018-04-24 16:01:44,181.0204,14460,0,-2617555,0
2018-04-24 16:01:44,5.2542,14460,0,-75976,0
2018-04-24 16:01:45,797.8118,14460,0,-11536359,0
2018-04-24 16:01:45,15.9136,14460,0,-230111,0
2018-04-24 16:02:27,1000.0,14450,0,14450000,1
2018-04-24 16:02:50,4.6941,14390,0,-67548,0
2018-04-24 16:03:02,4.6941,14370,0,67454,1
2018-04-24 16:04:39,274.6443,14330,0,-3935653,0
2018-04-24 16:04:40,6.3496,14330,0,-90990,0
2018-04-24 16:04:45,719.0061,14325,0,-10299762,0
2018-04-24 16:07:09,140.05,14140,0,1980307,1
2018-04-24 16:07:09,78.0094,14140,0,1103053,1
2018-04-24 16:07:09,35.2605,14140,0,498583,1
2018-04-24 16:09:59,19.4365,14090,0,273860,1
2018-04-24 16:10:02,13.5,14080,0,190080,1
2018-04-24 16:10:09,169.4991,14045,0,2380615,1
2018-04-24 16:10:10,0.2,14045,0,2809,1
2018-04-24 16:10:10,25.5,14045,0,358148,1
2018-04-24 16:10:10,10.0,14045,0,140450,1
2018-04-24 16:10:13,508.5445,14030,0,7134879,1
2018-04-24 16:11:27,18.1847,14000,0,-254586,0
2018-04-24 16:11:27,29.88167142,14000,0,-418343,0
2018-04-24 16:11:28,171.3752,14000,0,-2399253,0
2018-04-24 16:11:33,43.73068571,14005,0,-612448,0
2018-04-24 16:11:33,35.946,14005,0,-503424,0
2018-04-24 16:11:33,872.25691428,14005,0,-12215958,0
2018-04-24 16:11:53,100.0,14035,0,1403500,1
2018-04-24 16:11:53,28.81,14035,0,404348,1
2018-04-24 16:11:53,39.66,14035,0,556628,1
2018-04-24 16:12:16,65.12713123,14135,0,920572,1
2018-04-24 16:12:16,51.2942798,14135,0,725045,1
2018-04-24 16:14:54,886.4838,14200,0,12588070,1
2018-04-24 16:15:35,394.76611271,14225,0,-5615548,0
2018-04-24 16:15:52,167.38637192,14250,0,-2385256,0
2018-04-24 16:15:52,60.0,14250,0,-855000,0
2018-04-24 16:15:52,61.5532,14250,0,-877133,0
2018-04-24 16:15:53,30.0,14250,0,-427500,0
2018-04-24 16:16:50,21.8677,14285,0,312380,1
2018-04-24 16:16:50,76.3272,14285,0,1090334,1
2018-04-24 16:16:51,21.1368,14285,0,301939,1
2018-04-24 16:16:51,79.53937696,14285,0,1136220,1
2018-04-24 16:18:13,24.0465,14420,0,346751,1
2018-04-24 16:18:18,204.4795,14415,0,2947572,1
2018-04-24 16:18:48,0.9032,14420,0,-13024,0
2018-04-24 16:19:25,101.3375,14420,0,-1461287,0
2018-04-24 16:19:25,251.76176407,14420,0,-3630405,0
2018-04-24 16:19:26,359.68893592,14430,0,-5190311,0
2018-04-24 16:20:21,88.389,14420,0,1274569,1
2018-04-24 16:20:21,171.6838,14420,0,2475680,1
2018-04-24 16:20:26,739.9272,14405,0,10658651,1
2018-04-24 16:21:15,750.0,14350,0,-10762500,0
2018-04-24 16:21:15,250.0,14340,0,-3585000,0
2018-04-24 16:25:31,28.3,14610,0,413463,1
2018-04-24 16:25:36,604.7062863,14595,0,8825688,1
2018-04-24 16:25:36,65.3334,14595,0,953541,1
2018-04-24 16:25:37,9.662,14595,0,141017,1
2018-04-24 16:25:37,115.0,14595,0,1678425,1
2018-04-24 16:25:37,39.6461,14595,0,578635,1
2018-04-24 16:25:37,137.35221369,14595,0,2004656,1
2018-04-24 16:28:15,66.6738,14700,0,-980105,0
2018-04-24 16:28:15,659.9198,14700,0,-9700821,0
2018-04-24 16:28:16,23.1247,14700,0,-339933,0
2018-04-24 16:28:16,5.0,14700,0,-73500,0
2018-04-24 16:28:16,35.1793,14700,0,-517136,0
2018-04-24 16:28:36,671.42268571,14700,0,9869913,1
2018-04-24 16:28:36,118.47491428,14700,0,1741581,1
2018-04-24 16:28:46,30.6192,14700,0,-450102,0
2018-04-24 16:28:46,206.7956,14700,0,-3039895,0
2018-04-24 16:28:46,26.24501088,14700,0,-385802,0
2018-04-24 16:28:47,213.12828911,14700,0,-3132986,0
2018-04-24 16:29:01,476.7881,14690,0,7004017,1
2018-04-24 16:29:32,712.9998,14630,0,-10431187,0
2018-04-24 16:29:32,287.0002,14630,0,-4198813,0
2018-04-24 16:30:16,847.3880717,14635,0,12401524,1
2018-04-24 16:30:24,152.6119,14625,0,2231949,1
2018-04-24 16:31:44,35.9786,14570,0,-524208,0
2018-04-24 16:31:44,46.7522,14570,0,-681180,0
2018-04-24 16:31:44,359.688,14570,0,-5240654,0
2018-04-24 16:31:44,217.5987,14570,0,-3170413,0
2018-04-24 16:31:45,339.9825,14570,0,-4953545,0
2018-04-24 16:32:48,66.89189189,14615,0,977625,1
2018-04-24 16:32:48,2.4,14615,0,35076,1
2018-04-24 16:32:49,86.7,14615,0,1267121,1
2018-04-24 16:32:49,165.4629,14615,0,2418240,1
2018-04-24 16:32:49,110.8553,14615,0,1620150,1
2018-04-24 16:32:52,567.6899,14645,0,8313819,1
2018-04-24 16:34:00,1000.0,14700,0,-14700000,0
2018-04-24 16:34:21,1000.0,14680,0,14680000,1
2018-04-24 16:35:40,16.6622,14580,0,-242935,0
2018-04-24 16:35:54,16.6622,14580,0,242935,1
2018-04-24 16:36:23,142.2567,14625,0,-2080504,0
2018-04-24 16:36:43,24.3769,14650,0,357122,1
2018-04-24 16:36:43,117.8798,14650,0,1726939,1
2018-04-24 16:39:07,39.94,14595,0,-582924,0
2018-04-24 16:39:28,493.5687,14595,0,-7203635,0
2018-04-24 16:40:47,39.6758,14645,0,581052,1
2018-04-24 16:40:59,493.8329,14640,0,7229714,1
2018-04-24 16:44:20,458.9322,14600,0,-6700410,0
2018-04-24 16:46:52,68.4,14570,0,996588,1
2018-04-24 16:46:52,184.229,14570,0,2684217,1
2018-04-24 16:46:52,1.0,14570,0,14570,1
2018-04-24 16:46:52,3.7903,14570,0,55225,1
2018-04-24 16:46:53,2.0,14570,0,29140,1
2018-04-24 16:46:53,76.7009,14570,0,1117532,1
2018-04-24 16:46:53,36.9808,14570,0,538810,1
2018-04-24 16:46:53,78.7004,14570,0,1146665,1
2018-04-24 16:46:53,7.1308,14570,0,103896,1
2018-04-24 16:48:48,1.14,14460,0,-16484,0
2018-04-24 16:48:55,30.0,14440,0,-433200,0
2018-04-24 16:49:12,640.7506,14520,0,-9303699,0
2018-04-24 16:49:36,671.8906,14490,0,9735695,1
2018-04-24 16:49:46,136.5635,14470,0,-1976074,0
2018-04-24 16:50:26,136.5635,14440,0,1971977,1
2018-04-24 16:51:22,1000.0,14405,0,-14405000,0
2018-04-24 16:51:56,49.852,14440,0,719863,1
2018-04-24 16:51:56,79.1191,14440,0,1142480,1
2018-04-24 16:52:38,15.0,14460,0,216900,1
2018-04-24 16:52:38,1.2568,14455,0,18167,1
2018-04-24 16:52:45,644.1008,14440,0,9300816,1
2018-04-24 16:52:46,40.0,14440,0,577600,1
2018-04-24 16:53:40,39.9365,14515,0,-579678,0
2018-04-24 16:53:46,9.9909,14530,0,-145168,0
2018-04-24 16:53:51,247.8185,14545,0,-3604520,0
2018-04-24 16:53:59,531.5828,14540,0,-7729214,0
2018-04-24 16:54:16,1000.0,14575,0,14575000,1
2018-04-24 16:54:52,141.828,14530,0,-2060761,0
2018-04-24 16:54:58,9.894,14520,0,-143661,0
2018-04-24 16:55:02,550.22615499,14510,0,-7983782,0
2018-04-24 16:56:41,701.9482,14500,0,10178249,1
2018-04-24 16:59:03,49.0158,14530,0,-712200,0
2018-04-24 16:59:56,2.629,14530,0,-38199,0
2018-04-24 17:01:25,0.9385,14555,0,13660,1
2018-04-24 17:01:36,0.3683,14560,0,5362,1
2018-04-24 17:01:37,34.34065934,14560,0,500000,1
2018-04-24 17:01:38,15.99734065,14560,0,232921,1
2018-04-24 17:02:35,148.6262,14570,0,-2165484,0
2018-04-24 17:03:26,28.83,14585,0,-420486,0
2018-04-24 17:03:26,291.57001714,14585,0,-4252549,0
2018-04-24 17:04:06,168.48678974,14625,0,2464119,1
2018-04-24 17:04:14,230.6266,14625,0,3372914,1
2018-04-24 17:04:18,69.9128,14630,0,1022824,1
2018-04-24 17:06:58,641.0619,14500,0,-9295398,0
2018-04-24 17:06:59,4.782,14500,0,-69339,0
2018-04-24 17:08:14,3.023,14570,0,44045,1
2018-04-24 17:09:03,315.6418,14600,0,4608370,1
2018-04-24 17:09:03,80.1404,14600,0,1170050,1
2018-04-24 17:09:39,0.4,14570,0,5828,1
2018-04-24 17:10:06,324.4775,14565,0,-4726015,0
2018-04-24 17:14:24,300.0,14615,0,4384500,1
2018-04-24 17:14:25,1.3895,14615,0,20308,1
2018-04-24 17:14:25,109.5159,14615,0,1600575,1
2018-04-24 17:14:26,18.1939,14615,0,265904,1
2018-04-24 17:14:26,142.0169,14615,0,2075577,1
2018-04-24 17:15:41,32.6372,14635,0,-477645,0
2018-04-24 17:16:38,32.6372,14630,0,477482,1
2018-04-24 17:19:05,24.51878079,14610,0,-358219,0
2018-04-24 17:19:10,2.8,14625,0,40950,1
2018-04-24 17:19:28,21.7188,14630,0,317746,1
2018-04-24 17:22:53,117.88585182,14645,0,-1726438,0
2018-04-24 17:22:53,58.0912,14645,0,-850746,0
2018-04-24 17:22:53,40.7565,14645,0,-596879,0
2018-04-24 17:22:53,25.7923,14645,0,-377728,0
2018-04-24 17:22:53,85.73834817,14645,0,-1255638,0
2018-04-24 17:22:56,49.6831,14645,0,-727609,0
2018-04-24 17:22:57,360.3054,14645,0,-5276673,0
2018-04-24 17:26:42,7.0,14630,0,102410,1
2018-04-24 17:26:43,14.7342447,14630,0,215562,1
2018-04-24 17:36:15,201.9623,14790,0,2987022,1
2018-04-24 17:36:38,82.467,14775,0,1218450,1
2018-04-24 17:36:38,432.0891,14775,0,6384116,1
2018-04-24 17:37:59,42.65035546,14795,0,-631012,0
2018-04-24 17:37:59,5.0,14795,0,-73975,0
2018-04-24 17:37:59,30.0,14795,0,-443850,0
2018-04-24 17:37:59,91.20664453,14795,0,-1349402,0
2018-04-24 17:38:07,30.9245,14815,0,-458146,0
2018-04-24 17:38:07,800.2185,14815,0,-11855237,0
2018-04-24 17:40:43,31.34153947,14935,0,468086,1
2018-04-24 17:40:49,13.37755443,14925,0,199660,1
2018-04-24 17:40:50,89.1062,14925,0,1329910,1
2018-04-24 17:40:54,256.9364,14915,0,3832206,1
2018-04-24 17:40:54,4.0,14915,0,59660,1
2018-04-24 17:40:54,119.02225947,14915,0,1775217,1
2018-04-24 17:40:54,68.6677,14915,0,1024179,1
2018-04-24 17:40:58,183.5152,14885,0,2731624,1
2018-04-24 17:40:58,76.8479,14885,0,1143881,1
2018-04-24 17:41:10,157.1853,14870,0,2337345,1
2018-04-24 17:43:33,89.72477128,14835,0,-1331067,0
2018-04-24 17:43:33,284.1495,14835,0,-4215358,0
2018-04-24 17:43:33,196.57485404,14835,0,-2916188,0
2018-04-24 17:45:14,213.9189,14785,0,3162791,1
2018-04-24 17:45:14,67.1962,14785,0,993496,1
2018-04-24 17:45:18,289.334,14770,0,4273463,1
2018-04-24 17:46:09,107.9443,14780,0,-1595417,0
2018-04-24 17:46:34,551.1144,14800,0,-8156493,0
2018-04-24 17:47:36,62.2444,14810,0,921840,1
2018-04-24 17:47:36,243.428,14810,0,3605169,1
2018-04-24 17:47:37,200.3413,14810,0,2967055,1
2018-04-24 17:47:59,23.37,14815,0,-346227,0
2018-04-24 17:48:03,823.585,14820,0,-12205530,0
2018-04-24 17:48:51,33.1191,14805,0,490328,1
2018-04-24 17:48:51,674.1203,14805,0,9980351,1
2018-04-24 17:49:07,158.7398,14790,0,-2347762,0
2018-04-24 17:49:13,17.7298,14810,0,-262578,0
2018-04-24 17:49:21,530.7698,14800,0,-7855393,0
2018-04-24 17:49:34,997.7528,14815,0,14781708,1
2018-04-24 17:50:54,0.7652,14860,0,-11371,0
2018-04-24 17:50:54,10.0,14860,0,-148600,0
2018-04-24 17:50:54,2.0,14860,0,-29720,0
2018-04-24 17:50:54,49.7831,14860,0,-739777,0
2018-04-24 17:51:13,2.0,14910,0,-29820,0
2018-04-24 17:51:13,157.9635,14910,0,-2355236,0
2018-04-24 17:51:14,775.241,14910,0,-11558843,0
2018-04-24 17:52:13,1000.0,14875,0,14875000,1
2018-04-24 17:53:21,1000.0,14900,0,-14900000,0
2018-04-24 17:54:06,700.824,14980,0,10498344,1
2018-04-24 17:54:20,408.44924926,14980,0,-6118570,0
2018-04-24 17:54:21,195.04075073,14980,0,-2921710,0
2018-04-24 17:54:36,374.3746,14980,0,5608132,1
2018-04-24 17:54:36,528.2914,14980,0,7913805,1
2018-04-24 17:55:16,674.6452,15045,0,-10150037,0
2018-04-24 17:55:17,134.5169,15045,0,-2023807,0
2018-04-24 17:55:49,93.3333,14995,0,1399533,1
2018-04-24 17:55:49,11.83227742,14995,0,177425,1
2018-04-24 17:55:52,703.9965,14960,0,10531788,1
2018-04-24 17:57:46,791.6253,14935,0,-11822924,0
2018-04-24 17:58:42,0.2,14895,0,2979,1
2018-04-24 17:58:46,41.4905,14870,0,616964,1
2018-04-24 17:58:46,77.5254,14870,0,1152803,1
2018-04-24 17:58:50,45.3075,14870,0,673723,1
2018-04-24 17:58:51,74.5579,14860,0,1107930,1
2018-04-24 17:59:18,552.544,14905,0,8235668,1
2018-04-24 17:59:43,218.7746,14905,0,-3260835,0
2018-04-24 17:59:47,22.6413,14910,0,-337582,0
2018-04-24 17:59:51,0.9062177,14915,0,-13516,0
2018-04-24 17:59:53,201.76158229,14915,0,-3009274,0
2018-04-24 17:59:55,223.0194,14915,0,-3326334,0
2018-04-24 18:00:51,573.8525,14900,0,8550402,1
2018-04-24 18:00:51,93.2506,14900,0,1389434,1
2018-04-24 18:01:18,1000.0,14800,0,-14800000,0
2018-04-24 18:01:22,1000.0,14785,0,14785000,1
2018-04-24 18:01:28,58.8337,14785,0,-869856,0
2018-04-24 18:01:31,941.1663,14800,0,-13929261,0
2018-04-24 18:02:15,466.2725,14850,0,6924147,1
2018-04-24 18:02:38,0.1,14810,0,1481,1
2018-04-24 18:02:41,164.8634,14805,0,2440803,1
2018-04-24 18:02:47,368.7641,14780,0,5450333,1
2018-04-24 18:03:19,1000.0,14825,0,-14825000,0
2018-04-24 18:06:20,243.3149,14790,0,3598627,1
2018-04-24 18:06:21,418.2757,14790,0,6186298,1
2018-04-24 18:06:21,338.4094,14790,0,5005075,1
2018-04-24 18:06:24,7.5404,14790,0,-111523,0
2018-04-24 18:07:08,269.69407297,14800,0,-3991472,0
2018-04-24 18:07:09,6.7164,14800,0,-99403,0
2018-04-24 18:07:44,34.29591336,14820,0,-508265,0
2018-04-24 18:07:45,27.06048663,14820,0,-401036,0
2018-04-24 18:08:17,345.3073,14815,0,5115728,1
2018-04-24 18:10:21,2.6416,14830,0,-39175,0
2018-04-24 18:10:39,997.3584,14805,0,-14765891,0
2018-04-24 18:10:58,10.0,14780,0,147800,1
2018-04-24 18:10:59,166.1791,14780,0,2456127,1
2018-04-24 18:12:39,289.77825945,14800,0,4288718,1
2018-04-24 18:13:26,14.4683,14790,0,213986,1
2018-04-24 18:13:53,0.6449,14770,0,9525,1
2018-04-24 18:13:53,26.4332,14770,0,390418,1
2018-04-24 18:13:53,20.3115,14770,0,300001,1
2018-04-24 18:14:17,211.2341,14770,0,-3119928,0
2018-04-24 18:14:20,7.8944,14785,0,116719,1
2018-04-24 18:14:25,8.9,14785,0,131587,1
2018-04-24 18:14:35,0.3,14770,0,4431,1
2018-04-24 18:14:36,333.162,14770,0,4920803,1
2018-04-24 18:15:16,25.8389,14750,0,-381124,0
2018-04-24 18:15:17,265.2499,14750,0,-3912436,0
2018-04-24 18:15:17,58.8067,14750,0,-867399,0
2018-04-24 18:15:26,22.93,14765,0,338561,1
2018-04-24 18:15:31,6.0,14765,0,88590,1
2018-04-24 18:15:31,9.2,14765,0,135838,1
2018-04-24 18:17:04,110.1134,14750,0,1624173,1
2018-04-24 18:20:56,17.282,14700,0,254045,1
2018-04-24 18:20:56,5.3,14700,0,77910,1
2018-04-24 18:21:39,512.2325,14675,0,7517012,1
2018-04-24 18:22:31,230.7401,14630,0,-3375728,0
2018-04-24 18:22:32,2.7,14630,0,-39501,0
2018-04-24 18:22:53,123.09,14650,0,-1803269,0
2018-04-24 18:22:54,68.2036,14650,0,-999183,0
2018-04-24 18:22:54,20.5429,14650,0,-300953,0
2018-04-24 18:23:13,432.40757696,14650,0,-6334771,0
2018-04-24 18:23:13,122.31582303,14650,0,-1791927,0
2018-04-24 18:23:41,6.7,14670,0,98289,1
2018-04-24 18:24:14,384.087,14670,0,5634556,1
2018-04-24 18:28:37,159.65530173,14665,0,2341345,1
2018-04-24 18:28:37,0.5,14665,0,7333,1
2018-04-24 18:28:37,9.81,14665,0,143864,1
2018-04-24 18:28:56,50.2785,14655,0,-736831,0
2018-04-24 18:29:13,17.5438,14660,0,-257192,0
2018-04-24 18:31:33,3.0835,14715,0,45374,1
2018-04-24 18:33:31,4.9265,14725,0,72543,1
2018-04-24 18:33:41,500.94,14740,0,-7383856,0
2018-04-24 18:37:26,152.11174979,14740,0,2242127,1
2018-04-24 18:42:20,45.91,14715,0,675566,1
2018-04-24 18:42:20,6.7957,14715,0,99999,1
2018-04-24 18:42:20,30.0,14715,0,441450,1
2018-04-24 18:42:24,19.34119252,14715,0,284606,1
2018-04-24 18:42:24,745.84140747,14715,0,10975056,1
2018-04-24 18:42:39,30.0,14715,0,-441450,0
2018-04-24 18:44:27,30.0,14705,0,441150,1
2018-04-24 18:46:26,496.352,14685,0,-7288929,0
2018-04-24 18:46:26,6.4597,14685,0,-94861,0
2018-04-24 18:51:07,502.8117,14705,0,7393846,1
2018-04-24 18:51:55,3.7973,14720,0,-55896,0
2018-04-24 18:52:26,48.2079,14680,0,-707692,0
2018-04-24 18:53:26,161.4901,14660,0,-2367445,0
2018-04-24 18:54:25,213.4953,14620,0,3121301,1
2018-04-24 18:54:58,132.2027,14615,0,-1932142,0
2018-04-24 18:54:58,246.74874528,14630,0,-3609934,0
2018-04-24 18:54:58,161.30435471,14630,0,-2359883,0
2018-04-24 18:56:56,4.1812,14650,0,61255,1
2018-04-24 18:56:57,74.8341,14650,0,1096320,1
2018-04-24 18:57:02,62.1323,14650,0,-910238,0
2018-04-24 19:03:57,0.4,14710,0,5884,1
2018-04-24 19:05:52,74.8227,14695,0,1099520,1
2018-04-24 19:06:10,110.694,14680,0,-1624988,0
2018-04-24 19:09:55,0.2129,14650,0,3119,1
2018-04-24 19:16:48,558.6312,14695,0,8209085,1
2018-04-24 19:18:47,46.3761,14680,0,-680801,0
2018-04-24 19:18:58,1.128,14680,0,-16559,0
2018-04-24 19:22:38,44.7119,14670,0,-655924,0
2018-04-24 19:23:22,1.0,14665,0,-14665,0
2018-04-24 19:25:20,4.476,14645,0,65551,1
2018-04-24 19:25:20,10.0,14645,0,146450,1
2018-04-24 19:25:21,78.74,14645,0,1153147,1
2018-04-24 19:27:01,1000.0,14655,0,-14655000,0
2018-04-24 19:31:34,512.7255,14670,0,7521683,1
2018-04-24 19:31:41,20.0775,14670,0,294537,1
2018-04-24 19:32:58,331.4011,14700,0,-4871596,0
2018-04-24 19:32:59,201.4019,14700,0,-2960608,0
2018-04-24 19:33:50,91.8782,14765,0,1356582,1
2018-04-24 19:33:51,65.41,14765,0,965779,1
2018-04-24 19:33:54,842.7118,14775,0,12451067,1
2018-04-24 19:36:28,632.1419,14690,0,-9286165,0
2018-04-24 19:39:34,339.6,14680,0,4985328,1
2018-04-24 19:40:04,19.91750217,14680,0,-292389,0
2018-04-24 19:40:04,72.83269782,14680,0,-1069184,0
2018-04-24 19:40:04,30.437,14680,0,-446815,0
2018-04-24 19:40:04,441.6802,14680,0,-6483865,0
2018-04-24 19:40:48,857.4093,14700,0,12603917,1
2018-04-24 19:43:09,347.0467,14650,0,-5084234,0
2018-04-24 19:43:09,41.3623,14650,0,-605958,0
2018-04-24 19:43:18,611.591,14645,0,-8956750,0
2018-04-24 19:45:38,1.9635,14680,0,28824,1
2018-04-24 19:52:41,998.0365,14645,0,14616245,1
2018-04-24 19:57:03,34.43810528,14675,0,-505379,0
2018-04-24 19:57:09,180.9392,14675,0,-2655283,0
2018-04-24 19:57:13,227.9648,14665,0,-3343104,0
2018-04-24 19:59:54,211.38197126,14650,0,-3096746,0
2018-04-24 19:59:54,69.0647,14650,0,-1011798,0
2018-04-24 19:59:54,105.5108,14650,0,-1545733,0
2018-04-24 19:59:54,67.90972873,14650,0,-994878,0
2018-04-24 20:02:38,345.4136,14680,0,5070672,1
2018-04-24 20:02:38,1.086,14680,0,15942,1
2018-04-24 20:02:38,27.0,14680,0,396360,1
2018-04-24 20:02:38,81.30399078,14680,0,1193543,1
2018-04-24 20:02:38,442.40570921,14680,0,6494516,1
2018-04-24 20:06:20,27.3006,14650,0,-399954,0
2018-04-24 20:06:59,7.97258493,14665,0,116918,1
2018-04-24 20:08:48,19.328,14670,0,283542,1
2018-04-24 20:11:54,10.2375,14655,0,-150031,0
2018-04-24 20:11:59,1.0,14655,0,-14655,0
2018-04-24 20:12:15,163.762,14670,0,-2402389,0
2018-04-24 20:12:15,3.0,14670,0,-44010,0
2018-04-24 20:12:15,398.52843326,14670,0,-5846412,0
2018-04-24 20:12:15,205.4466,14670,0,-3013902,0
2018-04-24 20:14:33,8.3,14690,0,121927,1
2018-04-24 20:14:33,104.0,14690,0,1527760,1
2018-04-24 20:14:42,218.7654,14700,0,3215851,1
2018-04-24 20:14:46,341.789,14700,0,5024298,1
2018-04-24 20:16:41,772.9474,14670,0,-11339138,0
2018-04-24 20:17:04,143.67,14665,0,2106921,1
2018-04-24 20:17:04,66.9895391,14665,0,982402,1
2018-04-24 20:28:33,671.408,14700,0,9869698,1
2018-04-24 20:29:32,92.0753,14675,0,-1351205,0
2018-04-24 20:30:05,5.6862,14680,0,-83473,0
2018-04-24 20:31:37,55.8253,14680,0,-819515,0
2018-04-24 20:31:37,223.36278837,14680,0,-3278966,0
2018-04-24 20:31:41,315.5644,14680,0,-4632485,0
2018-04-24 20:34:59,380.6393,14675,0,5585882,1
2018-04-24 20:34:59,50.9663,14675,0,747930,1
2018-04-24 20:34:59,47.6055,14675,0,698611,1
2018-04-24 20:35:00,34.5956,14675,0,507690,1
2018-04-24 20:35:06,178.7073,14670,0,2621636,1
2018-04-24 20:36:00,2.0242,14645,0,-29644,0
2018-04-24 20:36:49,997.9758,14650,0,-14620345,0
2018-04-24 20:42:30,300.12,14625,0,4389255,1
2018-04-24 20:43:41,69.5056,14605,0,1015129,1
2018-04-24 20:43:42,211.1048,14605,0,3083186,1
2018-04-24 20:43:42,116.4,14605,0,1700022,1
2018-04-24 20:43:42,37.3159,14605,0,544999,1
2018-04-24 20:43:42,100.0,14605,0,1460500,1
2018-04-24 20:43:42,7.8809,14605,0,115101,1
2018-04-24 20:43:43,76.694,14605,0,1120116,1
2018-04-24 20:43:43,80.9788,14605,0,1182695,1
2018-04-24 20:46:09,72.58780027,14620,0,-1061234,0
2018-04-24 20:46:10,10.72769972,14620,0,-156839,0
2018-04-24 20:47:35,158.0488,14620,0,-2310673,0
2018-04-24 20:47:35,2.0,14620,0,-29240,0
2018-04-24 20:47:36,172.4911,14620,0,-2521820,0
2018-04-24 20:47:40,69.55322564,14625,0,-1017216,0
2018-04-24 20:47:40,250.2617,14625,0,-3660077,0
2018-04-24 20:47:40,61.2309,14625,0,-895502,0
2018-04-24 20:47:40,117.8168,14625,0,-1723071,0
2018-04-24 20:47:40,29.99997435,14625,0,-438750,0
2018-04-24 20:50:03,40.3036188,14625,0,589440,1
2018-04-24 20:50:26,46.9013,14620,0,685697,1
2018-04-24 20:50:40,857.5131,14610,0,12528266,1
2018-04-24 20:53:24,581.8399,14525,0,-8451225,0
2018-04-24 20:53:56,581.8399,14505,0,8439588,1
2018-04-24 20:56:32,912.7316,14515,0,-13248299,0
2018-04-24 20:58:49,26.5769,14505,0,385498,1
2018-04-24 20:58:49,318.909,14505,0,4625775,1
2018-04-24 20:58:50,69.6915,14505,0,1010875,1
2018-04-24 20:58:50,2.2292,14505,0,32335,1
2018-04-24 20:58:50,4.7576,14505,0,69009,1
2018-04-24 20:58:50,5.8736,14505,0,85197,1
2018-04-24 20:58:50,1.0,14505,0,14505,1
2018-04-24 20:58:53,276.14756436,14500,0,4004140,1
2018-04-24 20:58:53,30.0153,14500,0,435222,1
2018-04-24 20:58:53,60.0,14500,0,870000,1
2018-04-24 20:58:53,3.544,14500,0,51388,1
2018-04-24 20:58:53,48.4604,14500,0,702676,1
2018-04-24 20:58:53,10.0,14500,0,145000,1
2018-04-24 20:58:53,55.52653563,14500,0,805135,1
2018-04-24 21:00:59,917.4477,14595,0,-13390149,0
2018-04-24 21:01:02,2.4123,14610,0,35244,1
2018-04-24 21:03:10,51.0783,14625,0,747020,1
2018-04-24 21:03:10,2.2467,14625,0,32858,1
2018-04-24 21:03:10,100.0,14625,0,1462500,1
2018-04-24 21:03:43,373.0102,14610,0,5449679,1
2018-04-24 21:03:43,96.262,14610,0,1406388,1
2018-04-24 21:03:43,9.1002,14610,0,132954,1
2018-04-24 21:03:47,10.2988,14600,0,150362,1
2018-04-24 21:03:47,34.2465,14600,0,499999,1
2018-04-24 21:03:47,106.9643,14600,0,1561679,1
2018-04-24 21:03:48,131.8284,14600,0,1924695,1
2018-04-24 21:14:46,60.40205271,14615,0,-882776,0
2018-04-24 21:14:46,50.0,14615,0,-730750,0
2018-04-24 21:14:46,50.34634728,14615,0,-735812,0
2018-04-24 21:16:22,0.229,14580,0,3339,1
2018-04-24 21:16:23,155.7,14580,0,2270106,1
2018-04-24 21:16:28,4.42934728,14595,0,64646,1
2018-04-24 21:16:28,0.39005271,14595,0,5693,1
2018-04-24 21:20:40,558.7394,14605,0,-8160389,0
2018-04-24 21:21:13,92.78313177,14635,0,1357881,1
2018-04-24 21:21:14,465.95626822,14635,0,6819270,1
2018-04-24 21:27:09,86.365,14630,0,-1263520,0
2018-04-24 21:27:16,39.7932,14645,0,582771,1
2018-04-24 21:27:42,25.7991,14640,0,377699,1
2018-04-24 21:27:43,20.7727,14640,0,304112,1
2018-04-24 21:37:08,816.95668473,14670,0,-11984755,0
2018-04-24 21:37:08,182.15841526,14670,0,-2672264,0
2018-04-24 21:37:08,0.8849,14670,0,-12981,0
2018-04-24 21:39:38,104.49923315,14690,0,1535094,1
2018-04-24 21:40:17,3.335,14695,0,49008,1
2018-04-24 21:43:16,94.20915675,14695,0,1384404,1
2018-04-24 21:45:37,23.9433,14715,0,352326,1
2018-04-24 21:49:27,7.322e-05,14705,0,1,1
2018-04-24 22:01:14,0.1,14760,0,1476,1
2018-04-24 22:01:18,3.31753554,14770,0,49000,1
2018-04-24 22:03:43,13.0267,14725,0,191818,1
2018-04-24 22:04:05,16.0771,14690,0,236173,1
2018-04-24 22:04:05,68.0735,14690,0,1000000,1
2018-04-24 22:04:14,34.0807,14695,0,500816,1
2018-04-24 22:04:18,64.2372,14690,0,943644,1
2018-04-24 22:04:18,9.5048,14690,0,139626,1
2018-04-24 22:15:29,1.203,14740,0,17732,1
2018-04-24 22:15:29,124.4793,14740,0,1834825,1
2018-04-24 22:16:17,24.0,14730,0,353520,1
2018-04-24 22:16:17,50.5,14730,0,743865,1
2018-04-24 22:17:43,365.4134,14720,0,5378885,1
2018-04-24 22:19:11,31.38563877,14700,0,-461369,0
2018-04-24 22:19:11,249.0194,14700,0,-3660585,0
2018-04-24 22:19:11,343.98366122,14700,0,-5056560,0
2018-04-24 22:20:56,76.7181,14685,0,1126605,1
2018-04-24 22:22:18,14.243,14695,0,209301,1
2018-04-24 22:22:18,7.96978564,14695,0,117116,1
2018-04-24 22:22:23,14.1526,14690,0,207902,1
2018-04-24 22:23:56,10.3784,14660,0,152147,1
2018-04-24 22:24:00,258.1172,14665,0,3785289,1
2018-04-24 22:24:04,2.0,14655,0,29310,1
2018-04-24 22:24:04,233.59,14655,0,3423261,1
2018-04-24 22:24:11,5.0,14655,0,73275,1
2018-04-24 22:25:22,2.2196,14680,0,32584,1
2018-04-24 22:25:35,138.071,14640,0,-2021359,0
2018-04-24 22:26:21,47.83084488,14675,0,701918,1
2018-04-24 22:26:31,90.2401,14670,0,1323822,1
2018-04-24 22:26:57,24.2,14670,0,-355014,0
2018-04-24 22:27:04,0.2043,14680,0,2999,1
2018-04-24 22:27:37,6.7134,14670,0,98486,1
2018-04-24 22:27:44,17.2823,14670,0,253531,1
2018-04-24 22:30:59,1000.0,14625,0,-14625000,0
2018-04-24 22:31:23,18.7812,14640,0,274957,1
2018-04-24 22:31:28,10.8,14655,0,158274,1
2018-04-24 22:31:31,56.2136,14660,0,824091,1
2018-04-24 22:31:45,72.7379,14660,0,1066338,1
2018-04-24 22:36:06,200.8450911,14710,0,-2954431,0
2018-04-24 22:37:42,786.2144,14700,0,11557352,1
2018-04-24 22:37:47,256.098,14680,0,3759519,1
2018-04-24 22:38:43,400.709,14665,0,-5876397,0
2018-04-24 22:39:17,599.2909,14660,0,-8785605,0
2018-04-24 22:46:14,1.9002,14610,0,27762,1
2018-04-24 22:46:14,6.9462,14610,0,101484,1
2018-04-24 22:46:14,149.1277,14610,0,2178756,1
2018-04-24 22:46:14,95.2499,14610,0,1391601,1
2018-04-24 22:46:14,67.3907,14610,0,984578,1
2018-04-24 22:46:15,0.9572,14610,0,13985,1
2018-04-24 22:46:15,678.428,14610,0,9911833,1
2018-04-24 22:52:22,4.1937,14515,0,-60872,0
2018-04-24 22:52:27,333.67956989,14515,0,-4843359,0
2018-04-24 22:52:27,662.1267301,14515,0,-9610769,0
2018-04-24 22:52:50,15.8,14480,0,228784,1
2018-04-24 22:52:55,884.9335,14475,0,12809412,1
2018-04-24 22:52:55,10.0,14475,0,144750,1
2018-04-24 22:52:55,89.2665,14475,0,1292133,1
2018-04-24 22:54:56,811.6139,14470,0,-11744053,0
2018-04-24 22:55:37,4.40912834,14570,0,64241,1
2018-04-24 22:55:45,0.9681,14560,0,14096,1
2018-04-24 22:55:49,221.755,14575,0,3232079,1
2018-04-24 22:55:49,12.8433,14575,0,187191,1
2018-04-24 22:55:53,16.4233,14540,0,238795,1
2018-04-24 22:55:54,50.6606,14540,0,736605,1
2018-04-24 22:55:54,504.5545,14540,0,7336222,1
2018-04-24 22:57:06,10.0,14595,0,-145950,0
2018-04-24 22:57:25,10.0,14545,0,145450,1
2018-04-24 22:59:36,226.4876,14485,0,-3280673,0
2018-04-24 22:59:40,226.4876,14520,0,3288600,1
2018-04-24 23:00:49,80.793,14475,0,-1169479,0
2018-04-24 23:00:58,80.793,14455,0,1167863,1
2018-04-24 23:02:40,982.87894444,14400,0,-14153457,0
2018-04-24 23:02:40,17.12105555,14400,0,-246543,0
2018-04-24 23:02:53,39.5868,14405,0,570248,1
2018-04-24 23:02:54,75.601,14405,0,1089032,1
2018-04-24 23:02:54,170.04,14405,0,2449426,1
2018-04-24 23:02:54,69.0,14405,0,993945,1
2018-04-24 23:03:18,99.31,14390,0,-1429071,0
2018-04-24 23:03:25,25.1409,14405,0,362155,1
2018-04-24 23:03:25,18.29,14405,0,263467,1
2018-04-24 23:03:25,111.996,14405,0,1613302,1
2018-04-24 23:10:52,589.6553,14585,0,8600123,1
2018-04-24 23:12:15,158.4479,14515,0,-2299871,0
2018-04-24 23:12:42,390.8914,14520,0,-5675743,0
2018-04-24 23:13:52,3.6329,14515,0,52732,1
2018-04-24 23:14:07,545.7064,14510,0,7918200,1
2018-04-24 23:14:35,64.9498,14530,0,-943721,0
2018-04-24 23:14:45,332.4655,14525,0,-4829061,0
2018-04-24 23:15:09,397.4153,14570,0,5790341,1
2018-04-24 23:15:55,42.1262,14545,0,-612726,0
2018-04-24 23:16:32,42.1262,14550,0,612936,1
2018-04-24 23:17:14,324.8328,14500,0,-4710076,0
2018-04-24 23:17:17,196.0751,14510,0,2845050,1
2018-04-24 23:17:54,322.492,14495,0,-4674522,0
2018-04-24 23:18:02,353.1408,14490,0,-5117010,0
2018-04-24 23:20:53,419.8206,14475,0,6076903,1
2018-04-24 23:20:54,198.35,14475,0,2871116,1
2018-04-24 23:20:54,28.3274,14475,0,410039,1
2018-04-24 23:20:54,3.662,14475,0,53007,1
2018-04-24 23:21:11,0.24,14475,0,3474,1
2018-04-24 23:21:15,47.3616,14475,0,685559,1
2018-04-24 23:21:19,106.6289,14465,0,1542387,1
2018-04-24 23:23:02,2.3611,14425,0,-34059,0
2018-04-24 23:23:24,5.1989,14430,0,-75020,0
2018-04-24 23:23:46,6.0656,14435,0,-87557,0
2018-04-24 23:23:53,711.1858,14455,0,-10280191,0
2018-04-24 23:23:54,108.37,14455,0,-1566488,0
2018-04-24 23:24:15,0.58023513,14480,0,8402,1
2018-04-24 23:25:54,0.2069,14495,0,2999,1
2018-04-24 23:25:55,582.32,14495,0,8440728,1
2018-04-24 23:27:24,3.53482349,14560,0,51467,1
2018-04-24 23:27:29,290.1,14535,0,-4216604,0
2018-04-24 23:29:36,50.0,14530,0,726500,1
2018-04-24 23:29:36,26.2178,14530,0,380945,1
2018-04-24 23:29:37,36.29,14530,0,527294,1
2018-04-24 23:29:37,64.7564,14530,0,940910,1
2018-04-24 23:30:11,359.3752,14545,0,5227112,1
2018-04-24 23:34:52,4.7536,14570,0,-69260,0
2018-04-24 23:35:07,1.6,14590,0,-23344,0
2018-04-24 23:35:10,1.0451,14590,0,-15248,0
2018-04-24 23:35:41,7.3987,14570,0,107799,1
2018-04-24 23:37:53,200.0,14550,0,-2910000,0
2018-04-24 23:38:00,0.0001,14550,0,-1,0
2018-04-24 23:38:05,799.9999,14560,0,-11647999,0
2018-04-24 23:47:36,96.1571,14560,0,1400047,1
2018-04-24 23:47:36,347.0357,14560,0,5052840,1
2018-04-24 23:55:09,0.1,14490,0,1449,1
2018-04-24 23:55:25,4.0,14485,0,57940,1
2018-04-24 23:58:04,3.454e-05,14565,0,1,1
2018-04-24 23:58:05,326.2915,14565,0,4752436,1
2018-04-24 23:58:59,226.4157,14555,0,3295481,1
2018-04-25 00:02:10,419.89406027,14600,0,-6130453,0
2018-04-25 00:02:57,419.8941,14645,0,6149349,1
2018-04-25 00:04:02,1000.0,14640,0,-14640000,0
2018-04-25 00:14:08,39.7851,14670,0,583647,1
2018-04-25 00:14:08,267.1741,14670,0,3919444,1
2018-04-25 00:14:08,23.6137,14670,0,346413,1
2018-04-25 00:14:08,104.9777,14670,0,1540023,1
2018-04-25 00:18:14,564.4494,14680,0,8286117,1
2018-04-25 00:20:35,25.4083,14700,0,-373502,0
2018-04-25 00:20:35,195.87919591,14700,0,-2879424,0
2018-04-25 00:20:39,9.93111186,14705,0,-146037,0
2018-04-25 00:20:39,0.2411,14705,0,-3545,0
2018-04-25 00:20:39,33.4693,14705,0,-492166,0
2018-04-25 00:20:39,47.87108813,14705,0,-703944,0
2018-04-25 00:20:43,320.0,14710,0,-4707200,0
2018-04-25 00:20:43,1.0,14710,0,-14710,0
2018-04-25 00:20:43,12.4533,14710,0,-183188,0
2018-04-25 00:23:32,67.8195,14745,0,999999,1
2018-04-25 00:26:53,26.38,14745,0,388973,1
2018-04-25 00:26:53,27.1879,14745,0,400886,1
2018-04-25 00:35:54,0.3,14730,0,4419,1
2018-04-25 00:39:03,27.1699,14710,0,399669,1
2018-04-25 00:39:17,1.7294,14680,0,-25388,0
2018-04-25 00:39:21,75.0376,14690,0,-1102302,0
2018-04-25 00:39:46,26.99995316,14690,0,396629,1
2018-04-25 00:42:02,7.2,14680,0,105696,1
2018-04-25 00:47:36,60.8905,14685,0,894177,1
2018-04-25 00:47:36,1.0435,14685,0,15324,1
2018-04-25 00:48:00,521.9709,14705,0,-7675582,0
2018-04-25 00:52:42,67.8,14705,0,996999,1
2018-04-25 00:52:42,30.0,14705,0,441150,1
2018-04-25 00:58:55,902.2,14710,0,13271362,1
2018-04-25 01:15:19,1000.0,14730,0,-14730000,0
2018-04-25 01:16:09,15.5599,14740,0,229353,1
2018-04-25 01:16:10,197.56,14740,0,2912034,1
2018-04-25 01:17:24,3.7932,14750,0,55950,1
2018-04-25 01:17:24,783.0869,14745,0,11546616,1
2018-04-25 01:19:17,6.288e-05,14765,0,-1,0
2018-04-25 01:19:21,161.4222,14770,0,-2384206,0
2018-04-25 01:19:21,429.2463,14770,0,-6339968,0
2018-04-25 01:19:21,177.4947,14770,0,-2621597,0
2018-04-25 01:19:22,31.5488,14770,0,-465976,0
2018-04-25 01:19:22,80.628,14770,0,-1190876,0
2018-04-25 01:23:32,127.9353,14845,0,1899200,1
2018-04-25 01:23:32,80.9959,14845,0,1202384,1
2018-04-25 01:23:32,87.50820441,14845,0,1299059,1
2018-04-25 01:23:33,181.2819,14845,0,2691130,1
2018-04-25 01:23:33,43.4222,14845,0,644603,1
2018-04-25 01:23:36,359.1966,14845,0,5332274,1
2018-04-25 01:23:54,1.5,14885,0,-22328,0
2018-04-25 01:23:59,200.6536,14890,0,-2987732,0
2018-04-25 01:24:04,330.0,14900,0,-4917000,0
2018-04-25 01:24:04,8.4757,14900,0,-126288,0
2018-04-25 01:24:04,67.114,14900,0,-999999,0
2018-04-25 01:24:04,16.7712,14900,0,-249891,0
2018-04-25 01:24:05,340.2,14900,0,-5068980,0
2018-04-25 01:24:05,35.2855,14900,0,-525754,0
2018-04-25 01:24:50,566.26,14945,0,8462756,1
2018-04-25 01:24:50,83.0697,14945,0,1241477,1
2018-04-25 01:24:50,80.628,14945,0,1204985,1
2018-04-25 01:24:51,251.6823,14945,0,3761392,1
2018-04-25 01:24:51,18.36,14945,0,274390,1
2018-04-25 01:24:54,933.89185886,14950,0,-13961683,0
2018-04-25 01:24:54,66.10814113,14950,0,-988317,0
2018-04-25 01:27:25,37.6123,14935,0,561740,1
2018-04-25 01:27:37,21.1971,14885,0,315519,1
2018-04-25 01:29:13,119.9086,14970,0,1795032,1
2018-04-25 01:29:13,24.23,14970,0,362723,1
2018-04-25 01:29:14,1.35,14970,0,20210,1
2018-04-25 01:33:21,10.0,14975,0,149750,1
2018-04-25 01:33:22,93.0193,14975,0,1392964,1
2018-04-25 01:34:24,593.6073,14910,0,8850685,1
2018-04-25 01:34:24,99.0754,14910,0,1477214,1
2018-04-25 01:35:39,108.7085,14865,0,-1615952,0
2018-04-25 01:35:44,392.6467,14900,0,-5850436,0
2018-04-25 01:36:38,0.3,14860,0,4458,1
2018-04-25 01:42:34,95.43,14950,0,1426679,1
2018-04-25 01:43:28,10.6,14955,0,158523,1
2018-04-25 01:43:52,0.4116,14925,0,6143,1
2018-04-25 01:43:52,39.8497,14925,0,594757,1
2018-04-25 01:43:52,3.4,14925,0,50745,1
2018-04-25 01:43:55,195.9181,14925,0,2924078,1
2018-04-25 01:43:55,155.4458,14925,0,2320029,1
2018-04-25 01:44:15,2.0145,14925,0,-30066,0
2018-04-25 01:45:48,2.0145,14950,0,30117,1
2018-04-25 01:47:52,5.4363,14930,0,-81164,0
2018-04-25 01:47:57,669.2684,14935,0,-9995524,0
2018-04-25 01:51:46,390.1887,14950,0,5833321,1
2018-04-25 01:52:24,150.79396354,14950,0,-2254370,0
2018-04-25 01:52:24,12.4964,14950,0,-186821,0
2018-04-25 01:52:24,158.1519,14950,0,-2364371,0
2018-04-25 01:52:24,394.04163645,14950,0,-5890922,0
2018-04-25 01:53:57,491.9618,15070,0,7413864,1
2018-04-25 01:54:03,508.0381,15060,0,7651054,1
2018-04-25 01:56:10,7.924,15085,0,-119534,0
2018-04-25 01:56:10,7.1496,15085,0,-107852,0
2018-04-25 01:56:14,983.58,15095,0,-14847140,0
2018-04-25 01:56:14,1.3464,15095,0,-20324,0
2018-04-25 01:57:47,101.9324,15185,0,1547843,1
2018-04-25 01:57:47,124.51827461,15185,0,1890810,1
2018-04-25 01:57:53,773.5493,15190,0,11750214,1
2018-04-25 01:58:33,527.7619,15210,0,-8027258,0
2018-04-25 01:59:19,1.2944,15230,0,19714,1
2018-04-25 01:59:19,341.4381,15230,0,5200102,1
2018-04-25 01:59:19,185.0294,15230,0,2817998,1
2018-04-25 01:59:32,609.3591,15230,0,-9280539,0
2018-04-25 02:00:05,293.74601914,15265,0,4484033,1
2018-04-25 02:00:22,256.559,15155,0,-3888152,0
2018-04-25 02:00:26,572.1721,15180,0,8685572,1
2018-04-25 02:00:57,99.85,15180,0,-1515723,0
2018-04-25 02:01:01,900.15,15200,0,-13682280,0
2018-04-25 02:02:10,25.9061,15210,0,394032,1
2018-04-25 02:02:10,61.04,15210,0,928418,1
2018-04-25 02:02:14,913.0539,15230,0,13905811,1
2018-04-25 02:03:58,77.3674,15205,0,-1176371,0
2018-04-25 02:04:09,922.6326,15250,0,-14070147,0
2018-04-25 02:05:19,1000.0,15390,0,15390000,1
2018-04-25 02:05:33,1000.0,15435,0,-15435000,0
2018-04-25 02:05:59,844.1835,15440,0,13034193,1
2018-04-25 02:06:05,1.0,15430,0,15430,1
2018-04-25 02:06:09,0.2,15410,0,3082,1
2018-04-25 02:06:09,70.83640493,15410,0,1091589,1
2018-04-25 02:06:09,8.1774,15410,0,126014,1
2018-04-25 02:06:10,75.60269506,15410,0,1165038,1
2018-04-25 02:06:19,1000.0,15445,0,-15445000,0
2018-04-25 02:08:44,25.79994284,15480,0,399383,1
2018-04-25 02:08:55,95.4155,15445,0,1473692,1
2018-04-25 02:08:56,181.6128,15445,0,2805010,1
2018-04-25 02:09:21,697.1717,15355,0,10705071,1
2018-04-25 02:09:36,1000.0,15400,0,-15400000,0
2018-04-25 02:12:04,1000.0,15450,0,15450000,1
2018-04-25 02:12:51,1000.0,15465,0,-15465000,0
2018-04-25 02:13:39,23.0065,15420,0,354760,1
2018-04-25 02:14:47,976.9935,15500,0,15143399,1
2018-04-25 02:16:36,10.1398,15455,0,-156711,0
2018-04-25 02:16:37,19.4111,15455,0,-299999,0
2018-04-25 02:17:42,28.8641,15490,0,-447105,0
2018-04-25 02:17:42,307.6697,15490,0,-4765804,0
2018-04-25 02:18:03,633.9153,15550,0,-9857383,0
2018-04-25 02:18:41,140.68535754,15645,0,2201022,1
2018-04-25 02:19:36,8.2,15655,0,128371,1
2018-04-25 02:19:39,331.8149,15650,0,5192903,1
2018-04-25 02:19:40,114.69,15650,0,1794899,1
2018-04-25 02:19:40,13.20376996,15650,0,206639,1
2018-04-25 02:19:44,11.6101,15640,0,181582,1
2018-04-25 02:19:57,620.204,15650,0,-9706193,0
2018-04-25 02:20:35,999.9999,15690,0,15689998,1
2018-04-25 02:21:33,764.1037,15680,0,-11981146,0
2018-04-25 02:21:34,235.8963,15680,0,-3698854,0
2018-04-25 02:21:57,45.46,15625,0,710313,1
2018-04-25 02:21:57,62.7855,15625,0,981023,1
2018-04-25 02:21:57,319.1828,15625,0,4987231,1
2018-04-25 02:23:08,384.02198986,15780,0,6059867,1
2018-04-25 02:23:16,188.5497,15760,0,2971543,1
2018-04-25 02:23:34,1000.0,15715,0,-15715000,0
2018-04-25 02:23:48,230.065,15730,0,3618922,1
2018-04-25 02:23:49,0.3,15730,0,4719,1
2018-04-25 02:24:04,460.0001,15710,0,7226602,1
2018-04-25 02:24:13,690.3651,15680,0,-10824925,0
2018-04-25 02:24:47,9.6176,15645,0,150467,1
2018-04-25 02:24:48,531.9485,15645,0,8322334,1
2018-04-25 02:24:51,458.4339,15630,0,7165322,1
2018-04-25 02:25:14,70.30770867,15680,0,-1102425,0
2018-04-25 02:25:15,0.99999132,15680,0,-15680,0
2018-04-25 02:25:45,71.3077,15690,0,1118818,1
2018-04-25 02:26:56,692.71934687,15660,0,-10847985,0
2018-04-25 02:26:57,49.99995312,15660,0,-782999,0
2018-04-25 02:26:57,55.0,15660,0,-861300,0
2018-04-25 02:26:57,49.7081,15660,0,-778429,0
2018-04-25 02:27:16,205.1679,15660,0,3212929,1
2018-04-25 02:27:20,79.066,15645,0,1236988,1
2018-04-25 02:27:20,363.8043,15645,0,5691718,1
2018-04-25 02:27:30,205.529,15635,0,-3213446,0
2018-04-25 02:27:48,230.841,15640,0,-3610353,0
2018-04-25 02:29:39,59.8755,15755,0,943339,1
2018-04-25 02:29:39,35.5084,15755,0,559435,1
2018-04-25 02:29:51,103.48,15775,0,1632397,1
2018-04-25 02:30:19,5.3613,15790,0,84655,1
2018-04-25 02:30:20,211.9497,15790,0,3346686,1
2018-04-25 02:30:21,7.6495,15790,0,120786,1
2018-04-25 02:30:21,154.2969,15790,0,2436348,1
2018-04-25 02:30:21,57.6379,15790,0,910102,1
2018-04-25 02:30:29,14.7031,15840,0,-232897,0
2018-04-25 02:30:32,353.6135,15840,0,-5601238,0
2018-04-25 02:30:33,534.0,15840,0,-8458560,0
2018-04-25 02:30:33,21.6347,15840,0,-342694,0
2018-04-25 02:31:33,12.4,15845,0,196478,1
2018-04-25 02:31:36,139.281,15845,0,2206907,1
2018-04-25 02:32:06,772.2703,15845,0,12236623,1
2018-04-25 02:32:31,1000.0,15860,0,-15860000,0
2018-04-25 02:33:29,1000.0,15860,0,15860000,1
2018-04-25 02:35:58,39.0392,15750,0,-614867,0
2018-04-25 02:36:22,39.0392,15700,0,612915,1
2018-04-25 02:37:28,5.1948,15730,0,-81714,0
2018-04-25 02:37:32,352.2875,15750,0,-5548528,0
2018-04-25 02:38:23,425.3538,15845,0,-6739731,0
2018-04-25 02:38:42,782.8361,15765,0,12341411,1
2018-04-25 02:39:42,164.2527,15740,0,-2585337,0
2018-04-25 02:39:42,82.5309,15740,0,-1299036,0
2018-04-25 02:39:55,246.7836,15740,0,3884374,1
2018-04-25 02:42:03,98.5595,15715,0,-1548863,0
2018-04-25 02:42:15,4.8749,15720,0,76633,1
2018-04-25 02:42:16,19.08396946,15720,0,300000,1
2018-04-25 02:42:21,74.6006,15715,0,1172348,1
2018-04-25 02:43:01,32.4653,15705,0,-509868,0
2018-04-25 02:43:58,32.4653,15695,0,509543,1
2018-04-25 02:45:32,28.4742,15605,0,-444340,0
2018-04-25 02:45:32,108.6805,15605,0,-1695959,0
2018-04-25 02:45:32,492.7092,15605,0,-7688727,0
2018-04-25 02:45:32,137.1439,15605,0,-2140131,0
2018-04-25 02:45:56,767.0078,15605,0,11969157,1
2018-04-25 02:46:08,8.2739,15610,0,-129156,0
2018-04-25 02:46:51,991.7261,15650,0,-15520513,0
2018-04-25 02:48:01,204.6454,15750,0,3223165,1
2018-04-25 02:48:01,417.3609,15750,0,6573434,1
2018-04-25 02:48:27,0.22,15690,0,3452,1
2018-04-25 02:48:49,2.2984,15650,0,35970,1
2018-04-25 02:48:49,15.0,15650,0,234750,1
2018-04-25 02:49:05,360.4753,15640,0,5637834,1
2018-04-25 02:49:45,42.7051,15650,0,-668335,0
2018-04-25 02:50:27,42.7051,15635,0,667694,1
2018-04-25 02:51:58,489.8309,15620,0,-7651159,0
2018-04-25 02:52:15,78.774,15635,0,-1231631,0
2018-04-25 02:52:15,12.4008,15635,0,-193887,0
2018-04-25 02:52:15,41.1577,15635,0,-643501,0
2018-04-25 02:53:38,622.1634,15700,0,9767965,1
2018-04-25 02:56:57,202.538663,15745,0,-3188971,0
2018-04-25 02:56:57,12.49993699,15745,0,-196812,0
2018-04-25 02:56:57,291.0737,15745,0,-4582955,0
2018-04-25 02:56:57,51.5713,15745,0,-811990,0
2018-04-25 02:58:30,2.2779,15710,0,35786,1
2018-04-25 03:02:09,33.0166,15700,0,518361,1
2018-04-25 03:02:27,522.3891,15750,0,8227628,1
2018-04-25 03:03:17,908.3758,15700,0,-14261500,0
2018-04-25 03:04:51,28.3701,15685,0,444985,1
2018-04-25 03:04:51,32.75,15685,0,513684,1
2018-04-25 03:05:07,41.3558,15675,0,648252,1
2018-04-25 03:05:12,42.72,15675,0,669636,1
2018-04-25 03:05:12,44.0397,15675,0,690322,1
2018-04-25 03:05:12,70.1398,15675,0,1099441,1
2018-04-25 03:05:53,238.0146,15680,0,3732069,1
2018-04-25 03:05:53,1.585,15680,0,24853,1
2018-04-25 03:06:06,141.0489,15670,0,-2210236,0
2018-04-25 03:06:42,83.7643,15665,0,1312168,1
2018-04-25 03:06:56,94.3511,15670,0,-1478482,0
2018-04-25 03:07:35,18.7607,15700,0,294543,1
2018-04-25 03:07:35,542.2758,15695,0,8511019,1
2018-04-25 03:09:30,4.3631,15700,0,-68501,0
2018-04-25 03:10:21,4.3631,15700,0,68501,1
2018-04-25 03:13:58,25.60839513,15620,0,-400003,0
2018-04-25 03:13:58,75.25690486,15620,0,-1175513,0
2018-04-25 03:14:10,37.8049,15615,0,-590324,0
2018-04-25 03:14:19,35.5,15620,0,554510,1
2018-04-25 03:14:20,67.6511,15620,0,1056710,1
2018-04-25 03:15:40,1.89596393,15650,0,-29672,0
2018-04-25 03:15:41,69.3019,15650,0,-1084575,0
2018-04-25 03:16:20,106.717,15700,0,1675457,1
2018-04-25 03:19:05,320.4192,15665,0,-5019367,0
2018-04-25 03:21:38,64.1859,15660,0,1005151,1
2018-04-25 03:21:43,253.0493,15650,0,3960222,1
2018-04-25 03:21:43,3.184,15650,0,49830,1
2018-04-25 03:22:10,65.7324,15655,0,-1029041,0
2018-04-25 03:23:34,217.7377,15660,0,-3409772,0
2018-04-25 03:23:37,10.0,15670,0,156700,1
2018-04-25 03:24:10,273.4701,15640,0,4277072,1
2018-04-25 03:25:23,119.8023,15645,0,-1874307,0
2018-04-25 03:25:29,7.2426,15655,0,-113383,0
2018-04-25 03:25:34,4.5279,15650,0,-70862,0
2018-04-25 03:26:14,131.5728,15650,0,2059114,1
2018-04-25 03:26:54,51.2,15625,0,-800000,0
2018-04-25 03:27:01,51.2,15620,0,799744,1
2018-04-25 03:27:33,1.7,15630,0,-26571,0
2018-04-25 03:27:43,1.7,15660,0,26622,1
2018-04-25 03:31:54,226.18513256,15660,0,-3542059,0
2018-04-25 03:31:54,29.1039,15660,0,-455767,0
2018-04-25 03:31:54,70.1819,15660,0,-1099049,0
2018-04-25 03:31:55,63.85686743,15660,0,-999999,0
2018-04-25 03:31:55,341.4843,15660,0,-5347644,0
2018-04-25 03:33:46,140.0,15635,0,2188900,1
2018-04-25 03:33:47,15.9077,15635,0,248717,1
2018-04-25 03:33:55,574.9044,15630,0,8985756,1
2018-04-25 03:39:53,24.16121146,15655,0,-378244,0
2018-04-25 03:39:54,6.78978853,15655,0,-106294,0
2018-04-25 03:39:54,578.1073,15655,0,-9050270,0
2018-04-25 03:41:05,609.0583,15770,0,9604849,1
2018-04-25 03:41:14,34.9475,15780,0,-551472,0
2018-04-25 03:41:14,635.02433498,15780,0,-10020684,0
2018-04-25 03:41:14,17.0,15780,0,-268260,0
2018-04-25 03:41:14,192.859,15780,0,-3043315,0
2018-04-25 03:41:14,20.6121,15780,0,-325259,0
2018-04-25 03:41:37,67.5082,15825,0,1068317,1
2018-04-25 03:42:08,25.7613,15875,0,408961,1
2018-04-25 03:42:51,560.4343,15815,0,8863268,1
2018-04-25 03:42:51,148.199,15815,0,2343767,1
2018-04-25 03:42:59,6.3471,15825,0,-100443,0
2018-04-25 03:43:15,104.8872,15820,0,1659316,1
2018-04-25 03:44:44,115.3851,15830,0,-1826546,0
2018-04-25 03:44:44,50.0,15830,0,-791500,0
2018-04-25 03:44:44,302.88661525,15830,0,-4794695,0
2018-04-25 03:44:44,68.2688,15830,0,-1080695,0
2018-04-25 03:45:08,284.8285,15880,0,4523077,1
2018-04-25 03:45:08,44.7521,15880,0,710663,1
2018-04-25 03:45:08,29.08482617,15890,0,462158,1
2018-04-25 03:45:11,6.8,15870,0,-107916,0
2018-04-25 03:45:50,2.2,15875,0,-34925,0
2018-04-25 03:46:07,343.83148679,15900,0,-5466921,0
2018-04-25 03:46:10,1.1427,15900,0,-18169,0
2018-04-25 03:46:10,18.4906,15900,0,-294001,0
2018-04-25 03:46:10,40.0676,15900,0,-637075,0
2018-04-25 03:46:10,151.7461,15900,0,-2412763,0
2018-04-25 03:46:10,103.8629,15900,0,-1651420,0
2018-04-25 03:46:10,103.8629,15900,0,-1651420,0
2018-04-25 03:46:10,0.5,15900,0,-7950,0
2018-04-25 03:46:11,0.4,15900,0,-6360,0
2018-04-25 03:46:11,48.1206132,15900,0,-765118,0
2018-04-25 03:46:11,0.1,15900,0,-1590,0
2018-04-25 03:46:11,1.0,15900,0,-15900,0
2018-04-25 03:50:19,2.8531,16060,0,45821,1
2018-04-25 03:50:20,443.5598,16060,0,7123570,1
2018-04-25 03:50:20,92.8903,16060,0,1491818,1
2018-04-25 03:50:38,147.268,15995,0,-2355552,0
2018-04-25 03:50:52,487.9,15975,0,7794203,1
2018-04-25 03:50:56,0.2,15975,0,3195,1
2018-04-25 03:50:56,80.7014,15975,0,1289205,1
2018-04-25 03:51:05,39.1634,15950,0,624656,1
2018-04-25 03:51:17,722.15640541,15975,0,-11536449,0
2018-04-25 03:51:41,114.6685,16075,0,1843296,1
2018-04-25 03:51:41,458.9657,16075,0,7377874,1
2018-04-25 03:51:45,82.8217,16090,0,1332601,1
2018-04-25 03:51:45,9.4,16090,0,151246,1
2018-04-25 03:52:00,10.0,16115,0,-161150,0
2018-04-25 03:52:00,14.0788,16115,0,-226880,0
2018-04-25 03:52:00,54.942,16115,0,-885390,0
2018-04-25 03:52:10,109.5281,16120,0,-1765593,0
2018-04-25 03:52:10,10.2463,16120,0,-165170,0
2018-04-25 03:52:10,50.4097,16120,0,-812604,0
2018-04-25 03:52:10,149.9165,16120,0,-2416654,0
2018-04-25 03:52:15,159.0193,16130,0,-2564981,0
2018-04-25 03:52:15,9.9999,16130,0,-161298,0
2018-04-25 03:52:50,0.1223,16160,0,1976,1
2018-04-25 03:52:50,351.65327016,16160,0,5682717,1
2018-04-25 03:53:25,1.5788,16085,0,-25395,0
2018-04-25 03:54:13,197.50076899,16130,0,-3185687,0
2018-04-25 03:54:13,72.439931,16130,0,-1168456,0
2018-04-25 03:55:05,282.284,16130,0,4553241,1
2018-04-25 03:55:20,261.9011,16100,0,4216608,1
2018-04-25 03:57:15,53.1335,16010,0,-850667,0
2018-04-25 03:57:32,53.1335,16020,0,851199,1
2018-04-25 03:58:25,1.0,16200,0,-16200,0
2018-04-25 03:58:26,234.5673,16200,0,-3799990,0
2018-04-25 03:58:26,0.2,16200,0,-3240,0
2018-04-25 03:58:26,50.0,16200,0,-810000,0
2018-04-25 03:58:26,1.0,16200,0,-16200,0
2018-04-25 03:58:26,62.6931,16200,0,-1015628,0
2018-04-25 03:58:27,396.0238,16200,0,-6415586,0
2018-04-25 03:58:28,0.1,16200,0,-1620,0
2018-04-25 03:58:28,4.7689,16200,0,-77256,0
2018-04-25 03:58:28,249.6469,16200,0,-4044280,0
2018-04-25 03:58:37,1000.0,16200,0,16200000,1
2018-04-25 03:59:23,365.4474,16175,0,-5911112,0
2018-04-25 03:59:34,634.5526,16200,0,-10279752,0
2018-04-25 04:00:10,1000.0,16210,0,16210000,1
2018-04-25 04:02:51,1.8268,16065,0,-29348,0
2018-04-25 04:03:51,998.1732,16160,0,-16130479,0
2018-04-25 04:05:04,0.3785,16140,0,6109,1
2018-04-25 04:05:33,72.5411,16125,0,1169725,1
2018-04-25 04:05:33,74.605,16125,0,1203006,1
2018-04-25 04:05:37,73.6,16135,0,1187536,1
2018-04-25 04:06:17,500.0,16120,0,8060000,1
2018-04-25 04:07:40,721.1246,16100,0,-11610106,0
2018-04-25 04:08:14,14.0025,16090,0,225300,1
2018-04-25 04:08:14,69.9042,16090,0,1124759,1
2018-04-25 04:08:14,242.62632873,16090,0,3903858,1
2018-04-25 04:08:19,2.1236,16090,0,34169,1
2018-04-25 04:09:04,671.3433,16120,0,10822054,1
2018-04-25 04:13:43,38.9953,16030,0,-625095,0
2018-04-25 04:13:49,96.0,16040,0,-1539840,0
2018-04-25 04:14:02,86.4702,15960,0,1380064,1
2018-04-25 04:14:02,48.5251,15960,0,774461,1
2018-04-25 04:14:42,43.8685,15920,0,-698387,0
2018-04-25 04:14:50,74.605,15945,0,-1189577,0
2018-04-25 04:15:55,118.4735,16070,0,1903869,1
2018-04-25 04:16:08,50.0,16030,0,-801500,0
2018-04-25 04:16:14,103.9884,16005,0,-1664334,0
2018-04-25 04:16:22,433.6975,15990,0,-6934823,0
2018-04-25 04:16:22,340.214,15990,0,-5440022,0
2018-04-25 04:17:59,34.0652,15955,0,543510,1
2018-04-25 04:18:40,78.9488,15870,0,1252917,1
2018-04-25 04:18:44,6.5574,15850,0,103935,1
2018-04-25 04:18:44,127.148,15850,0,2015296,1
2018-04-25 04:18:49,3.1585,15810,0,49936,1
2018-04-25 04:18:50,39.9999,15810,0,632398,1
2018-04-25 04:18:54,131.8146,15800,0,2082671,1
2018-04-25 04:18:54,74.9848,15800,0,1184760,1
2018-04-25 04:18:54,228.3327,15800,0,3607657,1
2018-04-25 04:18:54,41.6682,15800,0,658358,1
2018-04-25 04:18:54,74.2214,15800,0,1172698,1
2018-04-25 04:18:54,77.2004,15800,0,1219766,1
2018-04-25 04:18:54,9.8,15830,0,155134,1
2018-04-25 04:18:57,4.9,15815,0,-77494,0
2018-04-25 04:19:10,57.1506,15850,0,-905837,0
2018-04-25 04:19:10,17.5415,15850,0,-278033,0
2018-04-25 04:19:14,17.0315,15865,0,-270205,0
2018-04-25 04:19:15,119.5211,15865,0,-1896202,0
2018-04-25 04:19:18,783.8552,15875,0,-12443701,0
2018-04-25 04:19:53,448.3107,15875,0,7116932,1
2018-04-25 04:19:53,0.4549,15875,0,7222,1
2018-04-25 04:19:54,223.37,15875,0,3545999,1
2018-04-25 04:20:05,672.1357,15880,0,-10673515,0
2018-04-25 04:22:42,309.74959243,15985,0,4951347,1
2018-04-25 04:22:54,1.0,15985,0,15985,1
2018-04-25 04:24:18,571.111,15960,0,9114932,1
2018-04-25 04:24:36,1.2917,15930,0,20577,1
2018-04-25 04:25:03,11.3485,15900,0,180441,1
2018-04-25 04:25:07,105.4992,15895,0,1676910,1
2018-04-25 04:25:27,20.0,15895,0,-317900,0
2018-04-25 04:25:39,31.6673,15890,0,-503193,0
2018-04-25 04:25:43,58.1594,15885,0,-923862,0
2018-04-25 04:27:20,109.8267,15950,0,1751736,1
2018-04-25 04:27:42,86.6494,15870,0,-1375126,0
2018-04-25 04:27:55,491.1098,15845,0,-7781635,0
2018-04-25 04:29:01,21.4693,15925,0,341899,1
2018-04-25 04:29:02,156.05,15925,0,2485096,1
2018-04-25 04:29:02,53.135,15925,0,846175,1
2018-04-25 04:29:02,5.83723704,15925,0,92958,1
2018-04-25 04:29:05,115.1,15930,0,1833543,1
2018-04-25 04:29:22,100.0,15900,0,1590000,1
2018-04-25 04:29:23,38.26,15900,0,608334,1
2018-04-25 04:29:23,39.9999,15900,0,635998,1
2018-04-25 04:30:28,2.85365716,15945,0,-45502,0
2018-04-25 04:30:29,360.0,15945,0,-5740200,0
2018-04-25 04:30:29,336.3688,15945,0,-5363401,0
2018-04-25 04:30:29,80.6548,15945,0,-1286041,0
2018-04-25 04:30:29,100.0,15945,0,-1594500,0
2018-04-25 04:30:29,30.0,15945,0,-478350,0
2018-04-25 04:30:29,42.21494283,15945,0,-673117,0
2018-04-25 04:31:12,368.32081752,15975,0,5883925,1
2018-04-25 04:32:32,113.4192,15960,0,1810170,1
2018-04-25 04:33:48,16.4516,15935,0,262156,1
2018-04-25 04:34:17,3.4,15955,0,54247,1
2018-04-25 04:34:21,9.9,15955,0,157955,1
2018-04-25 04:34:21,115.6809,15955,0,1845689,1
2018-04-25 04:34:36,17.7116,15930,0,-282146,0
2018-04-25 04:35:07,18.6032,15945,0,-296628,0
2018-04-25 04:35:31,345.4119,15940,0,5505866,1
2018-04-25 04:35:36,0.2,15930,0,3186,1
2018-04-25 04:35:41,0.1,15905,0,1591,1
2018-04-25 04:35:45,7.1255,15900,0,113295,1
2018-04-25 04:35:50,56.3049,15890,0,894685,1
2018-04-25 04:36:16,74.605,15855,0,-1182862,0
2018-04-25 04:36:16,366.4208,15855,0,-5809602,0
2018-04-25 04:36:29,174.5094,15850,0,-2765974,0
2018-04-25 04:37:17,615.5352,15810,0,9731612,1
2018-04-25 04:37:32,108.2555,15840,0,-1714767,0
2018-04-25 04:37:36,6.8096,15860,0,-108000,0
2018-04-25 04:37:39,181.708,15870,0,-2883706,0
2018-04-25 04:37:49,623.52446926,15910,0,-9920274,0
2018-04-25 04:37:50,77.24743073,15910,0,-1229007,0
2018-04-25 04:38:03,8.065201,15920,0,128398,1
2018-04-25 04:38:03,109.7,15920,0,1746424,1
2018-04-25 04:38:07,74.605,15900,0,1186220,1
2018-04-25 04:38:55,805.1748,15950,0,12842538,1
2018-04-25 04:39:57,74.5561,15840,0,-1180969,0
2018-04-25 04:39:57,51.1908,15840,0,-810862,0
2018-04-25 04:40:20,11.6857,15855,0,-185277,0
2018-04-25 04:40:20,10.5301,15855,0,-166955,0
2018-04-25 04:40:44,147.9627,15885,0,2350387,1
2018-04-25 04:41:02,78.5765,15865,0,-1246616,0
2018-04-25 04:42:04,78.5765,15825,0,1243473,1
2018-04-25 04:43:09,56.7377,15910,0,-902697,0
2018-04-25 04:43:39,56.7377,15940,0,904399,1
2018-04-25 04:46:14,216.2316,15930,0,-3444569,0
2018-04-25 04:46:14,493.9479,15930,0,-7868590,0
2018-04-25 04:46:14,2.0,15930,0,-31860,0
2018-04-25 04:47:36,130.3519,16035,0,2090193,1
2018-04-25 04:47:36,62.2831,16035,0,998710,1
2018-04-25 04:49:22,47.4834,16060,0,762583,1
2018-04-25 04:49:22,48.7473,16060,0,782882,1
2018-04-25 04:49:22,6.6,16060,0,105996,1
2018-04-25 04:49:26,124.6493,16060,0,2001868,1
2018-04-25 04:49:26,225.4361,16060,0,3620504,1
2018-04-25 04:49:27,7.58,16060,0,121735,1
2018-04-25 04:49:28,59.0484,16060,0,948317,1
2018-04-25 04:49:53,139.101,16110,0,-2240917,0
2018-04-25 04:49:53,1.9092,16110,0,-30757,0
2018-04-25 04:49:53,194.247,16110,0,-3129319,0
2018-04-25 04:50:03,125.53355482,16050,0,-2014814,0
2018-04-25 04:50:04,29.90554517,16050,0,-479984,0
2018-04-25 04:50:42,509.3037,16105,0,-8202336,0
2018-04-25 04:51:48,42.98741018,16150,0,694247,1
2018-04-25 04:51:56,215.6876,16125,0,3477963,1
2018-04-25 04:51:56,206.778,16125,0,3334295,1
2018-04-25 04:51:56,87.4761,16125,0,1410552,1
2018-04-25 04:51:56,6.1938,16125,0,99875,1
2018-04-25 04:51:56,53.9361,16125,0,869720,1
2018-04-25 04:51:57,2.127,16125,0,34298,1
2018-04-25 04:52:15,20.0,16100,0,322000,1
2018-04-25 04:52:15,2.0,16100,0,32200,1
2018-04-25 04:52:15,86.5168,16100,0,1392920,1
2018-04-25 04:52:16,121.4557,16100,0,1955437,1
2018-04-25 04:52:34,109.77621931,16120,0,1769593,1
2018-04-25 04:53:01,47.0668,16120,0,-758717,0
2018-04-25 04:53:01,100.0,16120,0,-1612000,0
2018-04-25 04:53:07,2.6,16130,0,-41938,0
2018-04-25 04:53:08,2.1,16130,0,-33873,0
2018-04-25 04:53:08,1.5,16130,0,-24195,0
2018-04-25 04:53:45,6.3813,16160,0,-103122,0
2018-04-25 04:53:46,160.3,16160,0,-2590448,0
2018-04-25 04:53:46,33.4776,16160,0,-540998,0
2018-04-25 04:53:46,149.9,16160,0,-2422384,0
2018-04-25 04:53:46,70.6003,16160,0,-1140901,0
2018-04-25 04:54:01,106.1515,16165,0,1715939,1
2018-04-25 04:54:06,2.9681,16150,0,47935,1
2018-04-25 04:54:17,4.2121,16125,0,67920,1
2018-04-25 04:54:17,113.9243,16125,0,1837029,1
2018-04-25 04:54:21,17.9508,16120,0,289367,1
2018-04-25 04:54:31,626.2155,16120,0,-10094594,0
2018-04-25 04:54:47,1000.0,16160,0,16160000,1
2018-04-25 04:55:22,6.7,16140,0,-108138,0
2018-04-25 04:55:26,35.7699,16140,0,-577326,0
2018-04-25 04:55:31,42.4699,16140,0,685464,1
2018-04-25 04:55:38,1000.0,16100,0,-16100000,0
2018-04-25 04:56:21,490.51,16070,0,7882496,1
2018-04-25 04:56:21,3.1487,16070,0,50600,1
2018-04-25 04:56:21,32.0119,16070,0,514431,1
2018-04-25 04:56:21,186.6832,16070,0,2999999,1
2018-04-25 04:56:25,287.6462,16060,0,4619598,1
2018-04-25 04:56:59,2.9923,16160,0,-48356,0
2018-04-25 04:57:11,2.9923,16190,0,48445,1
2018-04-25 04:58:36,0.1,16295,0,-1630,0
2018-04-25 04:58:36,6.19999778,16295,0,-101029,0
2018-04-25 04:58:36,41.70330221,16295,0,-679555,0
2018-04-25 04:58:45,4.98,16300,0,-81174,0
2018-04-25 04:58:45,551.66160221,16300,0,-8992084,0
2018-04-25 04:58:45,2.9955,16300,0,-48827,0
2018-04-25 04:58:45,1.0,16300,0,-16300,0
2018-04-25 04:58:46,100.0,16300,0,-1630000,0
2018-04-25 04:58:46,3.0204,16300,0,-49233,0
2018-04-25 04:58:46,172.3212,16300,0,-2808836,0
2018-04-25 04:58:48,116.01799778,16300,0,-1891093,0
2018-04-25 05:00:03,11.9907,16260,0,194969,1
2018-04-25 05:01:42,84.8952,16335,0,1386763,1
2018-04-25 05:02:55,299.2589,16370,0,4898868,1
2018-04-25 05:03:24,1.9,16370,0,31103,1
2018-04-25 05:03:29,299.1003,16365,0,4894776,1
2018-04-25 05:03:29,1.1,16365,0,18002,1
2018-04-25 05:03:50,301.7549,16380,0,4942745,1
2018-04-25 05:04:45,35.0,16420,0,-574700,0
2018-04-25 05:04:49,55.8916,16415,0,-917461,0
2018-04-25 05:05:13,0.4,16425,0,-6570,0
2018-04-25 05:05:13,1.6,16415,0,-26264,0
2018-04-25 05:05:19,2.5,16425,0,-41063,0
2018-04-25 05:05:22,1.1,16425,0,-18068,0
2018-04-25 05:05:32,96.4916,16430,0,1585357,1
2018-04-25 05:05:41,1.7,16425,0,-27923,0
2018-04-25 05:05:47,1.7,16425,0,27923,1
2018-04-25 05:06:02,3.1,16425,0,-50918,0
2018-04-25 05:06:02,0.0001,16425,0,-2,0
2018-04-25 05:06:02,1.3,16425,0,-21353,0
2018-04-25 05:06:02,1.6,16425,0,-26280,0
2018-04-25 05:06:26,43.5703,16400,0,-714553,0
2018-04-25 05:06:30,49.5704,16410,0,813450,1
2018-04-25 05:06:43,1.9,16425,0,-31208,0
2018-04-25 05:06:44,993.8,16425,0,-16323165,0
2018-04-25 05:06:44,1.2,16425,0,-19710,0
2018-04-25 05:06:44,1.2,16425,0,-19710,0
2018-04-25 05:06:44,1.9,16425,0,-31208,0
2018-04-25 05:07:07,18.0,16400,0,295200,1
2018-04-25 05:07:07,50.0281,16400,0,820461,1
2018-04-25 05:07:11,45.7974,16365,0,749474,1
2018-04-25 05:07:14,51.0971,16350,0,835438,1
2018-04-25 05:07:15,10.0,16350,0,163500,1
2018-04-25 05:07:15,74.0,16350,0,1209900,1
2018-04-25 05:07:15,49.936,16350,0,816454,1
2018-04-25 05:07:15,2.7911,16350,0,45634,1
2018-04-25 05:07:15,36.6101,16350,0,598575,1
2018-04-25 05:07:19,10.0,16345,0,163450,1
2018-04-25 05:07:42,16.28,16345,0,266097,1
2018-04-25 05:07:42,91.023,16345,0,1487771,1
2018-04-25 05:10:49,283.81326562,16395,0,4653118,1
2018-04-25 05:10:53,4.1309,16385,0,67685,1
2018-04-25 05:10:57,256.493,16400,0,4206485,1
2018-04-25 05:11:15,1000.0,16420,0,-16420000,0
2018-04-25 05:12:46,125.234,16580,0,2076380,1
2018-04-25 05:13:24,11.6776,16580,0,193615,1
2018-04-25 05:13:25,4.3,16580,0,71294,1
2018-04-25 05:14:17,119.4851,16585,0,1981660,1
2018-04-25 05:14:17,90.4431,16585,0,1499999,1
2018-04-25 05:14:17,306.3781,16585,0,5081281,1
2018-04-25 05:14:17,201.0443,16585,0,3334320,1
2018-04-25 05:14:21,141.4378,16555,0,2341503,1
2018-04-25 05:14:45,34.4954,16555,0,-571071,0
2018-04-25 05:14:45,61.5187,16555,0,-1018442,0
2018-04-25 05:14:53,449.3991,16530,0,-7428567,0
2018-04-25 05:15:50,0.1882,16460,0,3098,1
2018-04-25 05:15:50,339.6811,16460,0,5591151,1
2018-04-25 05:15:50,9.6,16460,0,158016,1
2018-04-25 05:15:51,195.9439,16460,0,3225237,1
2018-04-25 05:16:01,87.95086763,16490,0,-1450310,0
2018-04-25 05:16:07,93.2816,16530,0,-1541945,0
2018-04-25 05:16:10,818.7675,16540,0,-13542414,0
2018-04-25 05:17:21,20.7557,16650,0,345582,1
2018-04-25 05:17:22,500.0,16650,0,8325000,1
2018-04-25 05:17:25,1.0,16660,0,-16660,0
2018-04-25 05:17:25,1.3,16660,0,-21658,0
2018-04-25 05:17:30,0.9055,16680,0,-15104,0
2018-04-25 05:17:30,1.7,16680,0,-28356,0
2018-04-25 05:17:30,1.1,16680,0,-18348,0
2018-04-25 05:17:41,45.4151,16680,0,757524,1
2018-04-25 05:17:44,52.07733812,16680,0,868650,1
2018-04-25 05:17:56,87.12324576,16695,0,1454523,1
2018-04-25 05:17:57,300.63405423,16695,0,5019086,1
2018-04-25 05:18:51,295.1833,16780,0,-4953176,0
2018-04-25 05:19:30,1.0,16740,0,-16740,0
2018-04-25 05:20:11,139.8463,16720,0,2338230,1
2018-04-25 05:20:12,154.47372248,16720,0,2582801,1
2018-04-25 05:20:12,1.86327751,16720,0,31154,1
2018-04-25 05:20:17,229.0524,16700,0,-3825175,0
2018-04-25 05:20:37,80.0289,16700,0,1336483,1
2018-04-25 05:20:55,137.52496586,16710,0,2298042,1
2018-04-25 05:20:56,3.0,16710,0,50130,1
2018-04-25 05:21:04,8.4986,16690,0,141842,1
2018-04-25 05:21:36,31.4689,16690,0,-525216,0
2018-04-25 05:21:45,26.4163,16670,0,440360,1
2018-04-25 05:21:53,5.0526,16650,0,84126,1
2018-04-25 05:22:48,1000.0,16600,0,-16600000,0
2018-04-25 05:22:56,0.3963,16595,0,6577,1
2018-04-25 05:23:00,9.5,16610,0,157795,1
2018-04-25 05:23:05,990.1037,16595,0,16430771,1
2018-04-25 05:23:21,1000.0,16615,0,-16615000,0
2018-04-25 05:25:29,3.5344,16630,0,58777,1
2018-04-25 05:25:33,26.9677,16640,0,448743,1
2018-04-25 05:25:34,138.38701923,16640,0,2302760,1
2018-04-25 05:26:25,831.1108,16545,0,13750728,1
2018-04-25 05:27:09,752.2614662,16510,0,-12419837,0
2018-04-25 05:27:09,98.8957,16510,0,-1632768,0
2018-04-25 05:27:09,148.84283379,16510,0,-2457395,0
2018-04-25 05:27:20,486.72,16555,0,8057650,1
2018-04-25 05:27:24,41.2985,16565,0,684110,1
2018-04-25 05:27:24,0.4142,16565,0,6861,1
2018-04-25 05:27:39,165.1,16600,0,-2740660,0
2018-04-25 05:28:16,1.63830426,16630,0,27245,1
2018-04-25 05:28:59,14.4784,16635,0,240848,1
2018-04-25 05:29:01,514.7504,16635,0,8562873,1
2018-04-25 05:29:07,894.1998,16580,0,-14825833,0
2018-04-25 05:29:37,19.9339,16635,0,331600,1
2018-04-25 05:30:00,92.0641,16640,0,1531947,1
2018-04-25 05:30:09,304.4792,16640,0,5066534,1
2018-04-25 05:31:11,49.4539,16640,0,822913,1
2018-04-25 05:31:12,12.2198,16640,0,203337,1
2018-04-25 05:31:35,189.3028,16640,0,3149999,1
2018-04-25 05:31:36,54.9483,16640,0,914340,1
2018-04-25 05:31:41,7.4746,16645,0,124415,1
2018-04-25 05:31:42,270.1234,16645,0,4496204,1
2018-04-25 05:32:25,96.9278,16605,0,-1609486,0
2018-04-25 05:32:36,96.9278,16580,0,1607063,1
2018-04-25 05:32:48,119.8791,16590,0,-1988794,0
2018-04-25 05:33:03,54.0682,16615,0,898343,1
2018-04-25 05:33:03,65.8109,16615,0,1093448,1
2018-04-25 05:33:55,162.5468,16670,0,-2709655,0
2018-04-25 05:34:13,111.7383,16655,0,1861001,1
2018-04-25 05:34:35,50.8085,16625,0,844691,1
2018-04-25 05:35:12,775.79258839,16630,0,-12901431,0
2018-04-25 05:35:13,224.2074116,16630,0,-3728569,0
2018-04-25 05:35:57,15.1203,16630,0,251451,1
2018-04-25 05:36:40,8.3506,16630,0,138870,1
2018-04-25 05:37:27,50.16,16670,0,836167,1
2018-04-25 05:38:14,6.05176756,16770,0,101488,1
2018-04-25 05:38:21,20.268,16785,0,340198,1
2018-04-25 05:38:22,290.08638665,16785,0,4869100,1
2018-04-25 05:38:26,8.8987,16770,0,149231,1
2018-04-25 05:38:27,29.9,16770,0,501423,1
2018-04-25 05:38:27,198.7477,16770,0,3332999,1
2018-04-25 05:38:27,35.694,16770,0,598588,1
2018-04-25 05:38:34,24.0095,16770,0,402639,1
2018-04-25 05:38:35,11.3223,16770,0,189875,1
2018-04-25 05:38:40,1.9759,16770,0,33136,1
2018-04-25 05:38:41,299.4149,16770,0,5021188,1
2018-04-25 05:38:47,1.6,16770,0,-26832,0
2018-04-25 05:38:53,1.0,16780,0,-16780,0
2018-04-25 05:38:56,29.955,16780,0,-502645,0
2018-04-25 05:39:04,32.555,16790,0,546598,1
2018-04-25 05:40:42,1000.0,16800,0,-16800000,0
2018-04-25 05:41:24,1000.0,16890,0,16890000,1
2018-04-25 05:44:09,192.8477,17095,0,-3296731,0
2018-04-25 05:44:09,89.2,17095,0,-1524874,0
2018-04-25 05:44:12,717.9522,17100,0,-12276983,0
2018-04-25 05:44:50,0.34558823,17000,0,5875,1
2018-04-25 05:44:50,98.1749,17000,0,1668973,1
2018-04-25 05:44:50,10.0,17000,0,170000,1
2018-04-25 05:44:50,211.93629999,17000,0,3602917,1
2018-04-25 05:47:00,679.5431,17325,0,11773084,1
2018-04-25 05:47:05,45.4077,17325,0,-786688,0
2018-04-25 05:47:12,872.0997,17310,0,-15096046,0
2018-04-25 05:47:34,668.4073,17280,0,11550078,1
2018-04-25 05:47:40,249.1001,17270,0,4301959,1
2018-04-25 05:49:13,42.7609,17175,0,-734418,0
2018-04-25 05:49:24,55.92015666,17260,0,-965182,0
2018-04-25 05:49:24,28.75354333,17260,0,-496286,0
2018-04-25 05:49:28,6.1628,17290,0,-106555,0
2018-04-25 05:49:45,128.6007,17270,0,2220934,1
2018-04-25 05:49:45,4.9967,17285,0,86368,1
2018-04-25 05:50:14,365.0122,17210,0,-6281860,0
2018-04-25 05:50:25,97.7415,17215,0,1682620,1
2018-04-25 05:50:56,470.6525,17200,0,-8095223,0
2018-04-25 05:51:31,626.05142156,17300,0,10830690,1
2018-04-25 05:51:58,17.58612716,17300,0,304240,1
2018-04-25 05:52:31,37.3467,17295,0,-645911,0
2018-04-25 05:52:35,156.0217919,17300,0,-2699177,0
2018-04-25 05:52:35,99.84990809,17300,0,-1727403,0
2018-04-25 05:53:02,20.0,17415,0,-348300,0
2018-04-25 05:53:14,407.504,17400,0,7090570,1
2018-04-25 05:53:43,92.8753,17430,0,-1618816,0
2018-04-25 05:54:05,92.8753,17440,0,1619745,1
2018-04-25 05:55:14,85.11383482,17405,0,-1481406,0
2018-04-25 05:55:33,85.1139,17380,0,1479280,1
2018-04-25 05:56:41,52.72,17380,0,-916274,0
2018-04-25 05:57:22,52.72,17410,0,917855,1
2018-04-25 05:59:48,8.991e-05,17405,0,-2,0
2018-04-25 06:00:10,104.4516,17420,0,-1819547,0
2018-04-25 06:00:24,384.6007,17410,0,-6695898,0
2018-04-25 06:00:54,17.18621609,17400,0,299040,1
2018-04-25 06:00:54,133.7493,17400,0,2327238,1
2018-04-25 06:00:54,57.4736,17400,0,1000041,1
2018-04-25 06:00:54,168.0,17400,0,2923200,1
2018-04-25 06:00:54,7.4189,17400,0,129089,1
2018-04-25 06:00:54,105.2243839,17400,0,1830904,1
2018-04-25 06:03:16,35.4627,17110,0,-606767,0
2018-04-25 06:03:16,36.6235,17110,0,-626628,0
2018-04-25 06:03:16,13.3765,17110,0,-228872,0
2018-04-25 06:03:25,85.4627,17055,0,1457566,1
2018-04-25 06:04:19,274.1689,17050,0,-4674580,0
2018-04-25 06:04:32,9.1,17040,0,155064,1
2018-04-25 06:04:32,2.7,17040,0,46008,1
2018-04-25 06:04:32,0.35,17040,0,5964,1
2018-04-25 06:04:32,4.6,17040,0,78384,1
2018-04-25 06:04:32,68.5693,17040,0,1168421,1
2018-04-25 06:05:20,57.9068,17165,0,-993970,0
2018-04-25 06:05:26,23.1086,17200,0,-397468,0
2018-04-25 06:05:31,260.54540697,17200,0,-4481381,0
2018-04-25 06:06:53,20.1592,17285,0,348452,1
2018-04-25 06:07:48,4.829822,17135,0,82759,1
2018-04-25 06:08:07,168.40259534,17180,0,2893157,1
2018-04-25 06:08:50,46.8769,17190,0,-805814,0
2018-04-25 06:09:18,241.5586,17210,0,-4157224,0
2018-04-25 06:09:35,625.4543,17200,0,10757814,1
2018-04-25 06:11:08,1000.0,17100,0,-17100000,0
2018-04-25 06:12:03,300.0,17050,0,5115000,1
2018-04-25 06:12:03,4.4328,17050,0,75579,1
2018-04-25 06:12:03,100.0,17050,0,1705000,1
2018-04-25 06:12:03,85.3511,17050,0,1455236,1
2018-04-25 06:12:18,47.8489,17055,0,816063,1
2018-04-25 06:12:18,163.1128,17055,0,2781889,1
2018-04-25 06:12:19,299.2544,17055,0,5103784,1
2018-04-25 06:13:50,69.8955,16870,0,-1179137,0
2018-04-25 06:13:50,58.8138,16870,0,-992189,0
2018-04-25 06:13:51,79.1615,16870,0,-1335455,0
2018-04-25 06:13:58,792.1292,16865,0,-13359259,0
2018-04-25 06:15:00,0.28,16845,0,4717,1
2018-04-25 06:15:00,1.8,16845,0,30321,1
2018-04-25 06:15:00,4.6,16845,0,77487,1
2018-04-25 06:15:06,3.7,16840,0,62308,1
2018-04-25 06:15:08,10.4,16845,0,175188,1
2018-04-25 06:15:09,1.8,16845,0,30321,1
2018-04-25 06:15:09,2.8,16845,0,47166,1
2018-04-25 06:15:15,10.0,16865,0,-168650,0
2018-04-25 06:15:15,425.3686,16865,0,-7173841,0
2018-04-25 06:15:16,144.382,16865,0,-2435002,0
2018-04-25 06:15:16,30.2757,16865,0,-510600,0
2018-04-25 06:15:16,61.7992,16865,0,-1042244,0
2018-04-25 06:17:24,6.5171,16960,0,110530,1
2018-04-25 06:17:25,327.1355,16960,0,5548218,1
2018-04-25 06:17:27,120.4127,16955,0,2041597,1
2018-04-25 06:17:31,172.09,16950,0,2916926,1
2018-04-25 06:18:13,950.4781,16900,0,16063080,1
2018-04-25 06:18:13,69.8121,16900,0,1179824,1
2018-04-25 06:18:32,1.2056,16860,0,-20326,0
2018-04-25 06:18:36,337.9804,16855,0,-5696660,0
2018-04-25 06:18:37,9.6901,16855,0,-163327,0
2018-04-25 06:18:50,249.7199,16845,0,4206532,1
2018-04-25 06:18:55,99.1562,16825,0,1668303,1
2018-04-25 06:20:02,1000.0,16725,0,-16725000,0
2018-04-25 06:20:20,91.4685,16700,0,1527524,1
2018-04-25 06:20:20,908.5315,16700,0,15172476,1
2018-04-25 06:20:48,4.268,16635,0,-70998,0
2018-04-25 06:20:49,59.5311,16635,0,-990300,0
2018-04-25 06:20:56,304.9355,16640,0,-5074127,0
2018-04-25 06:21:21,16.7925,16720,0,-280771,0
2018-04-25 06:21:22,585.1651,16720,0,-9783960,0
2018-04-25 06:21:22,7.0599,16720,0,-118042,0
2018-04-25 06:21:22,22.2479,16720,0,-371985,0
2018-04-25 06:22:34,564.662,16850,0,9514555,1
2018-04-25 06:22:58,4.4807,16860,0,-75545,0
2018-04-25 06:22:58,114.07438102,16860,0,-1923294,0
2018-04-25 06:22:58,374.53141897,16860,0,-6314600,0
2018-04-25 06:23:09,39.5376,16855,0,666406,1
2018-04-25 06:23:17,51.7576,16845,0,871857,1
2018-04-25 06:23:18,399.98,16845,0,6737663,1
2018-04-25 06:23:21,100.0,16820,0,1682000,1
2018-04-25 06:23:21,169.41154922,16820,0,2849502,1
2018-04-25 06:23:22,20.0,16820,0,336400,1
2018-04-25 06:23:22,115.87595077,16820,0,1949033,1
2018-04-25 06:23:22,31.8618,16820,0,535915,1
2018-04-25 06:23:42,1000.0,16820,0,-16820000,0
2018-04-25 06:24:10,0.3,16790,0,5037,1
2018-04-25 06:24:22,85.4589,16780,0,1434000,1
2018-04-25 06:24:23,587.6308,16780,0,9860445,1
2018-04-25 06:24:55,673.3896,16720,0,-11259074,0
2018-04-25 06:25:27,101.8442,16675,0,1698252,1
2018-04-25 06:25:27,59.3055,16675,0,988919,1
2018-04-25 06:25:27,0.1803,16675,0,3007,1
2018-04-25 06:25:28,101.8442,16675,0,1698252,1
2018-04-25 06:25:28,599.3431,16675,0,9994046,1
2018-04-25 06:25:45,255.43526586,16700,0,-4265769,0
2018-04-25 06:25:46,17.7495,16700,0,-296417,0
2018-04-25 06:25:46,78.1215,16700,0,-1304629,0
2018-04-25 06:25:46,81.1149,16700,0,-1354619,0
2018-04-25 06:25:46,123.2078,16700,0,-2057570,0
2018-04-25 06:25:46,389.8197,16700,0,-6509989,0
2018-04-25 06:26:47,592.79,16695,0,9896629,1
2018-04-25 06:26:47,243.01135956,16695,0,4057075,1
2018-04-25 06:27:03,247.1299,16675,0,4120891,1
2018-04-25 06:27:43,5.8968,16655,0,-98211,0
2018-04-25 06:27:49,12.9636,16660,0,-215974,0
2018-04-25 06:27:50,65.1367,16660,0,-1085177,0
2018-04-25 06:27:50,916.0029,16660,0,-15260608,0
2018-04-25 06:30:24,300.3521,16800,0,5045915,1
2018-04-25 06:30:25,4.7857,16800,0,80400,1
2018-04-25 06:30:28,694.8622,16795,0,11670211,1
2018-04-25 06:30:53,812.5149,16810,0,-13658375,0
2018-04-25 06:30:58,812.5149,16825,0,13670563,1
2018-04-25 06:31:21,888.9266,16850,0,-14978413,0
2018-04-25 06:31:21,111.0734,16850,0,-1871587,0
2018-04-25 06:34:46,274.44841318,16995,0,4664251,1
2018-04-25 06:36:39,5.141,17020,0,87500,1
2018-04-25 06:36:39,59.0106,17025,0,1004655,1
2018-04-25 06:36:40,20.9448,17020,0,356480,1
2018-04-25 06:36:54,132.21735855,17035,0,2252323,1
2018-04-25 06:36:55,6.80129145,17035,0,115860,1
2018-04-25 06:37:17,501.4365,16955,0,8501856,1
2018-04-25 06:39:14,3.8041,16840,0,-64061,0
2018-04-25 06:39:19,59.5344,16850,0,-1003155,0
2018-04-25 06:39:42,63.3385,16895,0,1070104,1
2018-04-25 06:40:08,496.9531,16915,0,-8405962,0
2018-04-25 06:40:13,327.1108,16940,0,-5541257,0
2018-04-25 06:40:40,100.0,16940,0,1694000,1
2018-04-25 06:40:40,17.7096,16940,0,300001,1
2018-04-25 06:41:50,17.7252,16925,0,299999,1
2018-04-25 06:41:51,18.8193,16925,0,318517,1
2018-04-25 06:42:56,101.1341,16900,0,1709166,1
2018-04-25 06:42:56,131.2449,16900,0,2218039,1
2018-04-25 06:42:58,8.3057,16900,0,140366,1
2018-04-25 06:42:58,90.8369,16900,0,1535144,1
2018-04-25 06:43:00,30.0,16900,0,507000,1
2018-04-25 06:43:04,8.9821,16900,0,151797,1
2018-04-25 06:43:34,25.1462,16885,0,-424594,0
2018-04-25 06:43:56,228.5779,16855,0,3852681,1
2018-04-25 06:43:56,4.9962,16855,0,84211,1
2018-04-25 06:43:56,43.98,16855,0,741283,1
2018-04-25 06:44:00,46.8982,16860,0,790704,1
2018-04-25 06:45:26,163.29328746,16820,0,-2746593,0
2018-04-25 06:45:32,836.7067,16810,0,-14065040,0
2018-04-25 06:49:03,32.6673,16830,0,549791,1
2018-04-25 06:51:20,27.013,16800,0,453818,1
2018-04-25 06:51:20,274.3844,16800,0,4609658,1
2018-04-25 06:51:20,18.0,16800,0,302400,1
2018-04-25 06:51:20,43.3013,16800,0,727462,1
2018-04-25 06:51:20,4.752,16800,0,79834,1
2018-04-25 06:51:20,25.7143,16800,0,432000,1
2018-04-25 06:51:20,2.259,16800,0,37951,1
2018-04-25 06:51:21,2.9761,16800,0,49998,1
2018-04-25 06:51:21,66.8173,16800,0,1122531,1
2018-04-25 06:51:21,4.0198,16800,0,67533,1
2018-04-25 06:51:22,116.53898809,16800,0,1957855,1
2018-04-25 06:51:23,4.3,16800,0,72240,1
2018-04-25 06:51:23,10.0,16800,0,168000,1
2018-04-25 06:51:24,100.0,16800,0,1680000,1
2018-04-25 06:51:27,30.0,16800,0,504000,1
2018-04-25 06:51:28,56.0864,16795,0,941971,1
2018-04-25 06:51:28,10.2629,16795,0,172365,1
2018-04-25 06:52:18,219.1864,16840,0,-3691099,0
2018-04-25 06:52:41,10.6592,16865,0,-179767,0
2018-04-25 06:52:41,4.875,16865,0,-82217,0
2018-04-25 06:52:56,162.75558278,16880,0,2747314,1
2018-04-25 06:52:56,70.014,16880,0,1181836,1
2018-04-25 06:53:00,302.2228,16875,0,-5100010,0
2018-04-25 06:53:17,142.48953313,16900,0,-2408073,0
2018-04-25 06:53:17,70.40186686,16900,0,-1189792,0
2018-04-25 06:53:17,35.4962,16900,0,-599886,0
2018-04-25 06:53:17,25.2394,16900,0,-426546,0
2018-04-25 06:53:17,169.0907,16900,0,-2857633,0
2018-04-25 06:53:17,51.1098,16900,0,-863756,0
2018-04-25 06:53:17,10.0332,16900,0,-169561,0
2018-04-25 06:53:17,1.0001,16900,0,-16902,0
2018-04-25 06:53:17,20.0582,16900,0,-338984,0
2018-04-25 06:54:10,31.32133313,16855,0,527921,1
2018-04-25 06:54:10,304.4,16855,0,5130662,1
2018-04-25 06:54:11,37.2205,16855,0,627352,1
2018-04-25 06:57:24,394.3982,16870,0,6653498,1
2018-04-25 06:57:30,148.5967,16870,0,2506826,1
2018-04-25 06:57:30,84.0633,16870,0,1418148,1
2018-04-25 06:59:16,1000.0,16870,0,-16870000,0
2018-04-25 07:00:31,1.8563,16895,0,31362,1
2018-04-25 07:00:31,141.5683,16895,0,2391796,1
2018-04-25 07:01:40,193.73857928,16895,0,3273213,1
2018-04-25 07:01:40,9.702,16895,0,163915,1
2018-04-25 07:01:40,6.0,16895,0,101370,1
2018-04-25 07:01:40,13.7574,16895,0,232431,1
2018-04-25 07:01:41,29.614,16895,0,500329,1
2018-04-25 07:01:41,59.1891,16895,0,1000000,1
2018-04-25 07:01:41,15.7467,16895,0,266040,1
2018-04-25 07:01:44,528.8276,16895,0,8934542,1
2018-04-25 07:03:15,6.0,16900,0,-101400,0
2018-04-25 07:03:15,912.27301314,16900,0,-15417414,0
2018-04-25 07:03:16,81.72698685,16900,0,-1381186,0
2018-04-25 07:03:42,295.3337,16930,0,5000000,1
2018-04-25 07:03:46,42.2775,16930,0,715758,1
2018-04-25 07:04:57,36.9947,16950,0,627060,1
2018-04-25 07:04:58,130.5941,16950,0,2213570,1
2018-04-25 07:05:15,5.0,16965,0,-84825,0
2018-04-25 07:05:30,5.0,16985,0,-84925,0
2018-04-25 07:07:21,56.24302636,17060,0,959506,1
2018-04-25 07:07:21,117.2798,17060,0,2000793,1
2018-04-25 07:07:21,62.7825,17060,0,1071069,1
2018-04-25 07:07:22,76.683,17060,0,1308212,1
2018-04-25 07:07:22,58.6,17060,0,999716,1
2018-04-25 07:07:22,133.21167363,17060,0,2272591,1
2018-04-25 07:07:40,62.7835,17070,0,-1071714,0
2018-04-25 07:07:40,1.2,17070,0,-20484,0
2018-04-25 07:07:40,69.5475,17070,0,-1187176,0
2018-04-25 07:07:40,31.0531,17070,0,-530076,0
2018-04-25 07:07:40,2.6,17070,0,-44382,0
2018-04-25 07:07:47,72.51106925,17075,0,-1238127,0
2018-04-25 07:07:47,99.8534,17075,0,-1704997,0
2018-04-25 07:07:47,0.2338,17075,0,-3992,0
2018-04-25 07:07:53,74.81285375,17095,0,-1278926,0
2018-04-25 07:07:53,19.99994624,17095,0,-341899,0
2018-04-25 07:07:57,527.90924918,17080,0,-9016690,0
2018-04-25 07:08:16,13.19510409,17140,0,226164,1
2018-04-25 07:08:16,39.5935,17150,0,679029,1
2018-04-25 07:08:53,11.8,17125,0,202075,1
2018-04-25 07:08:53,40.2398,17125,0,689107,1
2018-04-25 07:08:59,17.2566,17100,0,295088,1
2018-04-25 07:08:59,32.0197,17100,0,547537,1
2018-04-25 07:08:59,159.3497,17100,0,2724880,1
2018-04-25 07:08:59,58.4795,17100,0,999999,1
2018-04-25 07:08:59,34.2592,17100,0,585832,1
2018-04-25 07:08:59,7.86826608,17100,0,134547,1
2018-04-25 07:09:10,346.7459,17100,0,5929355,1
2018-04-25 07:09:10,201.6972,17100,0,3449022,1
2018-04-25 07:09:16,1.8,17100,0,-30780,0
2018-04-25 07:09:23,29.063,17110,0,-497268,0
2018-04-25 07:09:33,887.66147565,17090,0,-15170135,0
2018-04-25 07:09:33,81.47552434,17090,0,-1392417,0
2018-04-25 07:09:42,130.0538,17070,0,2220018,1
2018-04-25 07:09:42,14.8204,17070,0,252984,1
2018-04-25 07:09:42,22.0627,17070,0,376610,1
2018-04-25 07:09:42,23.7048,17070,0,404641,1
2018-04-25 07:09:52,10.0,17040,0,170400,1
2018-04-25 07:09:52,7.86,17040,0,133934,1
2018-04-25 07:09:53,26.71091549,17040,0,455154,1
2018-04-25 07:10:25,73.4786,16995,0,1248769,1
2018-04-25 07:10:25,0.9445,16995,0,16052,1
2018-04-25 07:10:29,690.3642,16995,0,11732740,1
2018-04-25 07:12:29,470.37,16920,0,-7958660,0
2018-04-25 07:12:44,378.3096,16930,0,6404782,1
2018-04-25 07:12:45,12.3857,16930,0,209690,1
2018-04-25 07:12:52,8.4872,16925,0,-143646,0
2018-04-25 07:13:00,809.3977,16915,0,-13690962,0
2018-04-25 07:20:11,117.11985714,17080,0,2000407,1
2018-04-25 07:22:38,34.0885,17145,0,584447,1
2018-04-25 07:22:56,233.4403,17135,0,4000000,1
2018-04-25 07:23:01,512.911,17145,0,8793859,1
2018-04-25 07:23:52,11.7461,17155,0,-201504,0
2018-04-25 07:24:01,9.6498,17160,0,-165591,0
2018-04-25 07:24:01,557.21652657,17160,0,-9561836,0
2018-04-25 07:24:01,14.4728,17160,0,-248353,0
2018-04-25 07:24:01,13.8251,17160,0,-237239,0
2018-04-25 07:24:01,100.61635314,17160,0,-1726577,0
2018-04-25 07:24:02,115.62652027,17160,0,-1984151,0
2018-04-25 07:25:10,18.0,17155,0,308790,1
2018-04-25 07:25:11,90.0,17155,0,1543950,1
2018-04-25 07:25:34,150.0,17095,0,2564250,1
2018-04-25 07:25:34,41.5113,17095,0,709636,1
2018-04-25 07:25:34,124.6919,17095,0,2131608,1
2018-04-25 07:25:34,0.62,17095,0,10599,1
2018-04-25 07:25:34,230.2398,17095,0,3935949,1
2018-04-25 07:25:35,0.2115,17095,0,3616,1
2018-04-25 07:25:35,0.5475,17095,0,9360,1
2018-04-25 07:25:35,166.7248,17095,0,2850160,1
2018-04-25 07:25:35,0.6064,17095,0,10366,1
2018-04-25 07:27:47,147.4280271,17120,0,-2523968,0
2018-04-25 07:27:48,6.0,17120,0,-102720,0
2018-04-25 07:27:59,203.72756205,17130,0,-3489853,0
2018-04-25 07:27:59,115.45313794,17130,0,-1977712,0
2018-04-25 07:28:04,166.78342289,17135,0,-2857834,0
2018-04-25 07:28:04,7.4094,17135,0,-126960,0
2018-04-25 07:28:05,3.0,17135,0,-51405,0
2018-04-25 07:28:05,24.5587,17135,0,-420813,0
2018-04-25 07:28:05,62.4062,17135,0,-1069330,0
2018-04-25 07:29:25,15.101,17145,0,258907,1
2018-04-25 07:29:41,17.6844,17150,0,303287,1
2018-04-25 07:29:58,27.00561502,17150,0,463146,1
2018-04-25 07:31:12,4.7217,17155,0,81001,1
2018-04-25 07:31:12,158.7785,17155,0,2723845,1
2018-04-25 07:31:12,116.5,17155,0,1998558,1
2018-04-25 07:32:21,304.4309,17145,0,5219468,1
2018-04-25 07:32:21,0.338,17145,0,5795,1
2018-04-25 07:32:21,92.2063,17145,0,1580877,1
2018-04-25 07:33:47,4.5716,17095,0,-78152,0
2018-04-25 07:33:56,458.1269,17090,0,-7829389,0
2018-04-25 07:34:02,469.2852,17070,0,-8010698,0
2018-04-25 07:34:12,171.0,17080,0,2920680,1
2018-04-25 07:34:12,559.5414,17080,0,9556967,1
2018-04-25 07:34:23,798.5577,17085,0,-13643358,0
2018-04-25 07:36:19,19.4874,17130,0,333819,1
2018-04-25 07:36:19,88.1406,17130,0,1509848,1
2018-04-25 07:36:53,381.9091,17105,0,6532555,1
2018-04-25 07:36:57,3.8612,17090,0,65988,1
2018-04-25 07:37:01,116.5,17085,0,1990403,1
2018-04-25 07:37:01,20.0,17085,0,341700,1
2018-04-25 07:37:01,88.2821,17085,0,1508300,1
2018-04-25 07:37:02,22.3714,17085,0,382215,1
2018-04-25 07:37:12,55.9503,17070,0,955072,1
2018-04-25 07:37:12,188.0074,17070,0,3209286,1
2018-04-25 07:38:34,15.44052503,17075,0,263647,1
2018-04-25 07:38:34,0.04997496,17075,0,853,1
2018-04-25 07:39:16,22.02648681,17085,0,-376323,0
2018-04-25 07:39:16,25.79471318,17085,0,-440703,0
2018-04-25 07:39:26,7.271e-05,17095,0,-1,0
2018-04-25 07:39:30,156.2079,17100,0,-2671155,0
2018-04-25 07:39:30,69.684,17100,0,-1191596,0
2018-04-25 07:39:58,89.3044,17095,0,-1526659,0
2018-04-25 07:40:36,5.0342,17055,0,85858,1
2018-04-25 07:40:36,21.0,17055,0,358155,1
2018-04-25 07:40:40,34.0,17050,0,579700,1
2018-04-25 07:40:40,50.0,17050,0,852500,1
2018-04-25 07:40:40,91.703,17050,0,1563536,1
2018-04-25 07:40:40,5.0,17050,0,85250,1
2018-04-25 07:41:23,32.2321,17030,0,548913,1
2018-04-25 07:41:23,20.8984,17030,0,355900,1
2018-04-25 07:41:27,99.05,17020,0,1685831,1
2018-04-25 07:41:27,4.0999,17020,0,69780,1
2018-04-25 07:44:32,41.2762,16740,0,-690964,0
2018-04-25 07:44:52,958.7238,16780,0,-16087385,0
2018-04-25 07:47:24,18.9629,16900,0,320473,1
2018-04-25 07:47:29,981.0371,16900,0,16579527,1
2018-04-25 07:48:24,1000.0,16880,0,-16880000,0
2018-04-25 07:50:41,1000.0,16890,0,16890000,1
2018-04-25 07:56:32,57.3559,16855,0,-966734,0
2018-04-25 07:56:33,100.5262,16855,0,-1694369,0
2018-04-25 07:56:36,5.4796,16870,0,-92441,0
2018-04-25 07:56:36,418.3093,16870,0,-7056878,0
2018-04-25 07:56:36,308.3682,16870,0,-5202172,0
2018-04-25 07:56:37,60.048,16870,0,-1013010,0
2018-04-25 07:59:41,11.0699,17000,0,188188,1
2018-04-25 07:59:41,45.861,17000,0,779637,1
2018-04-25 07:59:41,42.9814,17000,0,730684,1
2018-04-25 07:59:42,140.9718,17000,0,2396521,1
2018-04-25 07:59:45,58.4466,16990,0,993008,1
2018-04-25 07:59:46,160.7565,16990,0,2731253,1
2018-04-25 07:59:46,490.0,16990,0,8325100,1
2018-04-25 08:01:44,9.63534705,17000,0,-163801,0
2018-04-25 08:01:44,16.0877,17000,0,-273491,0
2018-04-25 08:01:44,19.4896,17000,0,-331323,0
2018-04-25 08:01:47,507.3991,17000,0,-8625785,0
2018-04-25 08:01:47,10.0,17000,0,-170000,0
2018-04-25 08:01:47,311.318,17000,0,-5292406,0
2018-04-25 08:01:47,60.86745294,17000,0,-1034747,0
2018-04-25 08:02:29,934.7972,16975,0,15868182,1
2018-04-25 08:02:48,664.1626,16940,0,-11250914,0
2018-04-25 08:02:58,116.5393,16970,0,1977672,1
2018-04-25 08:02:59,11.8866,16970,0,201716,1
2018-04-25 08:02:59,4.29,16970,0,72801,1
2018-04-25 08:03:02,531.4467,16970,0,9018650,1
2018-04-25 08:03:38,1.1,16950,0,-18645,0
2018-04-25 08:03:44,0.2238,16945,0,-3792,0
2018-04-25 08:03:44,39.5,16945,0,-669328,0
2018-04-25 08:03:45,4.7762,16945,0,-80933,0
2018-04-25 08:03:51,20.0,16950,0,339000,1
2018-04-25 08:04:29,35.8731,16935,0,-607511,0
2018-04-25 08:05:14,3.0,16940,0,50820,1
2018-04-25 08:05:15,25.0,16940,0,423500,1
2018-04-25 08:05:15,33.4731,16940,0,567034,1
2018-04-25 08:05:37,133.63457374,16950,0,-2265106,0
2018-04-25 08:05:37,66.4336,16950,0,-1126050,0
2018-04-25 08:05:38,713.84652625,16950,0,-12099699,0
2018-04-25 08:05:38,2.935,16950,0,-49748,0
2018-04-25 08:05:38,5.0,16950,0,-84750,0
2018-04-25 08:05:49,921.8497,16980,0,15653008,1
2018-04-25 08:07:42,28.0474,16840,0,-472318,0
2018-04-25 08:07:53,6.3,16840,0,106092,1
2018-04-25 08:07:53,21.7474,16840,0,366226,1
2018-04-25 08:07:56,69.993,16860,0,-1180082,0
2018-04-25 08:07:56,96.3159,16860,0,-1623886,0
2018-04-25 08:07:57,1.0,16860,0,-16860,0
2018-04-25 08:08:00,29.1618,16870,0,-491960,0
2018-04-25 08:08:00,40.39,16870,0,-681379,0
2018-04-25 08:08:04,37.9055,16870,0,-639466,0
2018-04-25 08:08:04,461.5195,16870,0,-7785834,0
2018-04-25 08:08:05,29.4,16870,0,-495978,0
2018-04-25 08:08:49,117.391,16910,0,1985082,1
2018-04-25 08:10:04,486.0809,16910,0,8219628,1
2018-04-25 08:10:05,162.2138,16910,0,2743035,1
2018-04-25 08:12:15,34.02459955,16825,0,-572464,0
2018-04-25 08:12:15,100.0,16825,0,-1682500,0
2018-04-25 08:12:19,13.04249429,16830,0,-219505,0
2018-04-25 08:12:24,29.7439,16825,0,-500441,0
2018-04-25 08:12:37,823.189,16830,0,-13854271,0
2018-04-25 08:14:19,36.12,16830,0,607900,1
2018-04-25 08:14:19,124.183,16830,0,2090000,1
2018-04-25 08:14:19,28.6982,16830,0,482991,1
2018-04-25 08:14:20,445.6328,16830,0,7500000,1
2018-04-25 08:14:26,310.9176,16825,0,5231189,1
2018-04-25 08:14:26,54.4484,16825,0,916094,1
2018-04-25 08:18:05,109.753,16750,0,-1838363,0
2018-04-25 08:18:06,36.0155,16750,0,-603260,0
2018-04-25 08:18:24,145.7685,16780,0,2445995,1
2018-04-25 08:19:10,1000.0,16800,0,-16800000,0
2018-04-25 08:20:11,271.2809,16825,0,4564301,1
2018-04-25 08:20:15,60.4603,16820,0,1016942,1
2018-04-25 08:20:16,1.0,16820,0,16820,1
2018-04-25 08:20:37,9.0613,16825,0,152456,1
2018-04-25 08:20:52,10.0,16815,0,168150,1
2018-04-25 08:20:56,396.9,16785,0,6661967,1
2018-04-25 08:20:57,0.0304,16785,0,510,1
2018-04-25 08:20:57,251.2671,16785,0,4217518,1
2018-04-25 08:22:24,952.2479031,16760,0,-15959675,0
2018-04-25 08:22:24,47.75209689,16760,0,-800325,0
2018-04-25 08:22:46,0.6,16660,0,9996,1
2018-04-25 08:22:47,42.6111,16660,0,709901,1
2018-04-25 08:22:54,50.3911,16660,0,839516,1
2018-04-25 08:22:54,7.8,16660,0,129948,1
2018-04-25 08:23:04,898.5978,16680,0,14988611,1
2018-04-25 08:23:26,1000.0,16665,0,-16665000,0
2018-04-25 08:24:32,4.3842,16755,0,73457,1
2018-04-25 08:24:32,110.9318,16755,0,1858662,1
2018-04-25 08:24:32,14.8621,16755,0,249014,1
2018-04-25 08:24:55,83.7204,16745,0,1401898,1
2018-04-25 08:24:59,10.7573,16740,0,180077,1
2018-04-25 08:29:46,5.0,16795,0,83975,1
2018-04-25 08:30:40,8.3357,16790,0,139956,1
2018-04-25 08:30:56,43.8759,16785,0,736457,1
2018-04-25 08:31:01,20.0887,16780,0,337088,1
2018-04-25 08:31:01,41.0864,16780,0,689430,1
2018-04-25 08:31:03,596.0,16780,0,10000880,1
2018-04-25 08:31:07,60.9575,16780,0,1022867,1
2018-04-25 08:32:23,69.993,16730,0,-1170983,0
2018-04-25 08:32:51,10.0,16680,0,166800,1
2018-04-25 08:32:51,54.993,16680,0,917283,1
2018-04-25 08:32:51,5.0,16680,0,83400,1
2018-04-25 08:33:49,2.679,16635,0,-44565,0
2018-04-25 08:34:11,2.679,16610,0,44498,1
2018-04-25 08:34:58,1000.0,16520,0,-16520000,0
2018-04-25 08:35:28,1000.0,16555,0,16555000,1
2018-04-25 08:35:46,20.9935,16580,0,-348072,0
2018-04-25 08:35:46,2.0008,16580,0,-33173,0
2018-04-25 08:35:54,1.56,16580,0,-25865,0
2018-04-25 08:35:59,50.7036,16590,0,-841173,0
2018-04-25 08:36:15,75.2579,16590,0,1248529,1
2018-04-25 08:37:02,33.6785,16575,0,-558221,0
2018-04-25 08:37:02,24.2269,16575,0,-401561,0
2018-04-25 08:37:09,57.9054,16595,0,960940,1
2018-04-25 08:37:31,46.56743288,16615,0,-773718,0
2018-04-25 08:37:31,4.86526711,16615,0,-80836,0
2018-04-25 08:37:35,49.2697,16620,0,-818862,0
2018-04-25 08:37:35,30.0,16620,0,-498600,0
2018-04-25 08:37:39,21.2401,16620,0,-353010,0
2018-04-25 08:38:09,6.3675,16605,0,-105732,0
2018-04-25 08:38:13,628.8038,16600,0,-10438143,0
2018-04-25 08:38:13,50.0,16600,0,-830000,0
2018-04-25 08:38:36,544.3733,16620,0,9047484,1
2018-04-25 08:39:23,707.2595,16610,0,-11747580,0
2018-04-25 08:39:54,68.84604753,16620,0,1144221,1
2018-04-25 08:40:53,57.78,16610,0,959726,1
2018-04-25 08:40:53,4.3126,16610,0,71632,1
2018-04-25 08:47:31,1.8227,16690,0,30421,1
2018-04-25 08:47:42,5.0,16695,0,83475,1
2018-04-25 08:47:54,83.3982,16695,0,1392333,1
2018-04-25 08:50:53,31.6199025,16735,0,529159,1
2018-04-25 08:50:58,40.9544,16730,0,685167,1
2018-04-25 08:51:06,17.062,16735,0,285533,1
2018-04-25 08:51:06,88.1787,16735,0,1475671,1
2018-04-25 08:51:07,5.8528,16735,0,97947,1
2018-04-25 08:51:53,154.69308522,16790,0,2597297,1
2018-04-25 08:51:53,440.47951477,16790,0,7395651,1
2018-04-25 08:52:04,4.5126,16810,0,-75857,0
2018-04-25 08:52:04,64.935,16810,0,-1091557,0
2018-04-25 08:52:05,2.0,16810,0,-33620,0
2018-04-25 08:52:17,70.5206,16790,0,1184041,1
2018-04-25 08:52:36,26.1,16780,0,-437958,0
2018-04-25 08:52:40,64.3297,16785,0,-1079774,0
2018-04-25 08:52:53,58.8781,16780,0,-987975,0
2018-04-25 08:53:12,150.2348,16800,0,2523945,1
2018-04-25 08:53:29,144.9632,16780,0,-2432482,0
2018-04-25 08:53:31,12.17,16780,0,-204213,0
2018-04-25 08:53:37,157.1332,16770,0,2635124,1
2018-04-25 08:54:09,10.3267,16705,0,-172508,0
2018-04-25 08:54:33,10.3267,16690,0,172353,1
2018-04-25 08:56:32,188.6314,16625,0,-3135997,0
2018-04-25 08:57:14,400.0,16635,0,-6654000,0
2018-04-25 08:58:31,588.6314,16630,0,9788940,1
2018-04-25 09:02:14,22.6718,16335,0,-370344,0
2018-04-25 09:02:18,71.6825,16340,0,-1171292,0
2018-04-25 09:02:22,40.0,16340,0,-653600,0
2018-04-25 09:02:22,222.615,16340,0,-3637529,0
2018-04-25 09:02:22,2.8412,16340,0,-46425,0
2018-04-25 09:02:22,6.6836,16340,0,-109210,0
2018-04-25 09:02:22,121.7253,16340,0,-1988991,0
2018-04-25 09:02:23,361.3111,16340,0,-5903823,0
2018-04-25 09:03:41,402.2392,16415,0,6602756,1
2018-04-25 09:03:42,447.2913,16415,0,7342287,1
2018-04-25 09:04:28,706.9656,16415,0,-11604840,0
2018-04-25 09:04:39,10.3463,16415,0,169835,1
2018-04-25 09:04:45,4.043,16415,0,66366,1
2018-04-25 09:06:00,80.0,16380,0,1310400,1
2018-04-25 09:06:04,214.1859,16370,0,3506223,1
2018-04-25 09:06:04,11.36,16370,0,185963,1
2018-04-25 09:06:17,12.4061,16350,0,202840,1
2018-04-25 09:06:52,99.068,16270,0,1611836,1
2018-04-25 09:06:52,73.6801,16270,0,1198775,1
2018-04-25 09:07:15,201.8762,16185,0,3267366,1
2018-04-25 09:07:31,1000.0,16135,0,-16135000,0
2018-04-25 09:08:46,3.09885342,16135,0,50000,1
2018-04-25 09:09:07,996.9012,16125,0,16075032,1
2018-04-25 09:10:23,432.41142918,16200,0,-7005065,0
2018-04-25 09:10:23,2.0,16200,0,-32400,0
2018-04-25 09:10:23,10.0,16200,0,-162000,0
2018-04-25 09:10:23,555.58857081,16200,0,-9000535,0
2018-04-25 09:15:31,0.5478,16760,0,9181,1
2018-04-25 09:16:45,0.99,16610,0,16444,1
2018-04-25 09:19:24,703.8727,16780,0,11810984,1
2018-04-25 09:19:24,54.0,16780,0,906120,1
2018-04-25 09:19:24,240.5895,16780,0,4037092,1
2018-04-25 09:20:32,0.2,16770,0,-3354,0
2018-04-25 09:21:05,2.45,16780,0,-41111,0
2018-04-25 09:21:11,1.2384,16795,0,-20799,0
2018-04-25 09:21:12,238.328,16800,0,-4003910,0
2018-04-25 09:21:19,1.0,16830,0,-16830,0
2018-04-25 09:21:28,2.3603,16830,0,39724,1
2018-04-25 09:21:39,1.8,16830,0,30294,1
2018-04-25 09:21:40,24.0,16830,0,403920,1
2018-04-25 09:21:50,9.8,16785,0,-164493,0
2018-04-25 09:21:56,38.6762,16775,0,648793,1
2018-04-25 09:22:00,186.1799,16775,0,3123168,1
2018-04-25 09:23:01,4.0,16705,0,-66820,0
2018-04-25 09:24:21,595.2247,16650,0,-9910491,0
2018-04-25 09:24:38,2.9719,16635,0,49438,1
2018-04-25 09:24:39,100.0,16635,0,1663500,1
2018-04-25 09:24:43,496.2528,16635,0,8255165,1
2018-04-25 09:25:56,209.6,16520,0,-3462592,0
2018-04-25 09:26:32,305.93,16505,0,-5049375,0
2018-04-25 09:26:33,285.2531,16510,0,-4709529,0
2018-04-25 09:27:14,45.4535,16535,0,751574,1
2018-04-25 09:27:14,160.16,16535,0,2648246,1
2018-04-25 09:28:08,595.1696,16560,0,9856009,1
2018-04-25 09:29:43,107.4215,16420,0,-1763861,0
2018-04-25 09:29:50,174.201,16400,0,-2856896,0
2018-04-25 09:29:51,14.1999,16400,0,-232878,0
2018-04-25 09:29:54,121.34906894,16420,0,-1992552,0
2018-04-25 09:29:54,582.82853105,16420,0,-9570044,0
2018-04-25 09:30:42,23.6517,16360,0,386942,1
2018-04-25 09:31:00,230.7221,16330,0,3767692,1
2018-04-25 09:31:00,10.0,16330,0,163300,1
2018-04-25 09:31:14,735.6262,16300,0,11990707,1
2018-04-25 09:31:25,2.3284,16330,0,-38023,0
2018-04-25 09:31:25,24.5501,16330,0,-400903,0
2018-04-25 09:31:25,34.9475,16330,0,-570693,0
2018-04-25 09:31:42,61.826,16320,0,1009000,1
2018-04-25 09:32:20,187.7493,16220,0,-3045294,0
2018-04-25 09:32:56,187.7493,16215,0,3044355,1
2018-04-25 09:33:37,46.0,16175,0,-744050,0
2018-04-25 09:34:00,46.0,16155,0,743130,1
2018-04-25 09:34:28,180.16,16265,0,-2930302,0
2018-04-25 09:34:35,819.84,16290,0,-13355194,0
2018-04-25 09:34:48,521.3269,16345,0,8521088,1
2018-04-25 09:34:48,95.8918,16345,0,1567351,1
2018-04-25 09:34:56,12.69,16330,0,-207228,0
2018-04-25 09:34:56,6.6771,16330,0,-109037,0
2018-04-25 09:34:56,242.6241,16330,0,-3962052,0
2018-04-25 09:35:12,644.7725,16390,0,10567821,1
2018-04-25 09:38:09,50.3803,16315,0,-821955,0
2018-04-25 09:38:10,2.0674,16315,0,-33730,0
2018-04-25 09:38:17,5.16425022,16345,0,84410,1
2018-04-25 09:38:29,35.5952,16345,0,-581804,0
2018-04-25 09:38:42,710.0606,16370,0,-11623692,0
2018-04-25 09:38:42,207.0608,16360,0,-3387515,0
2018-04-25 09:39:12,27.5635,16355,0,450801,1
2018-04-25 09:39:12,10.61919902,16355,0,173677,1
2018-04-25 09:39:12,21.7412,16355,0,355577,1
2018-04-25 09:39:12,125.94,16355,0,2059749,1
2018-04-25 09:40:48,75.0051,16340,0,1225583,1
2018-04-25 09:40:48,100.03059975,16340,0,1634500,1
2018-04-25 09:40:52,169.45981954,16345,0,2769821,1
2018-04-25 09:40:59,158.0606,16345,0,2583501,1
2018-04-25 09:40:59,34.9598,16345,0,571418,1
2018-04-25 09:40:59,44.79229122,16345,0,732130,1
2018-04-25 09:41:04,458.555,16310,0,-7479032,0
2018-04-25 09:41:25,379.19348536,16400,0,6218773,1
2018-04-25 09:41:25,311.18941463,16400,0,5103506,1
2018-04-25 09:41:48,489.2361,16400,0,-8023472,0
2018-04-25 09:41:49,6.7,16400,0,-109880,0
2018-04-25 09:41:55,504.0639,16425,0,-8279250,0
2018-04-25 09:42:53,14.55907899,16475,0,239861,1
2018-04-25 09:42:57,985.4409,16470,0,16230212,1
2018-04-25 09:44:40,1000.0,16450,0,-16450000,0
2018-04-25 09:44:44,139.58343069,16475,0,2299637,1
2018-04-25 09:45:36,860.4166,16540,0,14231291,1
2018-04-25 09:46:15,549.422,16450,0,-9037992,0
2018-04-25 09:46:15,14.0692,16450,0,-231438,0
2018-04-25 09:46:36,111.1729,16450,0,1828794,1
2018-04-25 09:46:53,129.0939,16410,0,2118431,1
2018-04-25 09:46:53,46.2723,16410,0,759328,1
2018-04-25 09:47:04,222.5206,16395,0,3648225,1
2018-04-25 09:47:04,19.4315,16395,0,318579,1
2018-04-25 09:47:04,35.0,16395,0,573825,1
2018-04-25 09:48:12,8.6109,16380,0,-141047,0
2018-04-25 09:48:42,8.6109,16450,0,141649,1
2018-04-25 09:49:22,975.9993,16360,0,-15967349,0
2018-04-25 09:49:34,164.9691,16395,0,2704668,1
2018-04-25 09:49:38,21.3024,16395,0,349253,1
2018-04-25 09:49:38,223.3258,16395,0,3661426,1
2018-04-25 09:49:50,460.9598,16375,0,7548217,1
2018-04-25 09:50:03,80.1266,16350,0,1310070,1
2018-04-25 09:50:04,25.3156,16350,0,413910,1
2018-04-25 09:50:56,50.0,16325,0,-816250,0
2018-04-25 09:51:00,26.3585,16330,0,-430434,0
2018-04-25 09:51:43,2.8053,16320,0,-45782,0
2018-04-25 09:52:04,79.1638,16330,0,1292745,1
2018-04-25 09:52:35,291.18,16315,0,-4750602,0
2018-04-25 09:53:02,30.7538,16290,0,-500979,0
2018-04-25 09:53:10,4.3024,16295,0,70108,1
2018-04-25 09:53:14,44.4525,16295,0,724353,1
2018-04-25 09:53:15,273.158,16295,0,4451110,1
2018-04-25 09:53:15,0.0209,16295,0,341,1
2018-04-25 09:54:04,130.8221,16350,0,-2138941,0
2018-04-25 09:54:04,129.994,16350,0,-2125402,0
2018-04-25 09:55:04,29.5317,16305,0,-481514,0
2018-04-25 09:56:11,59.6535,16285,0,-971457,0
2018-04-25 09:56:16,275.67691089,16295,0,-4492155,0
2018-04-25 09:56:17,5.9357,16295,0,-96722,0
2018-04-25 09:56:17,55.5995891,16295,0,-905995,0
2018-04-25 10:01:24,16.1041,16210,0,261047,1
2018-04-25 10:01:24,328.8689,16210,0,5330965,1
2018-04-25 10:01:24,8.4855,16210,0,137550,1
2018-04-25 10:01:24,84.3,16210,0,1366503,1
2018-04-25 10:01:24,100.0,16210,0,1621000,1
2018-04-25 10:01:24,79.428,16210,0,1287528,1
2018-04-25 10:01:24,70.027,16210,0,1135138,1
2018-04-25 10:03:03,9.7099,16145,0,-156766,0
2018-04-25 10:03:03,150.0,16145,0,-2421750,0
2018-04-25 10:03:03,195.0,16145,0,-3148275,0
2018-04-25 10:03:03,1.2387,16145,0,-19999,0
2018-04-25 10:03:38,355.9486,16125,0,5739671,1
2018-04-25 10:03:54,11.982,16100,0,-192910,0
2018-04-25 10:03:54,6.6858,16100,0,-107641,0
2018-04-25 10:04:05,4.0,16105,0,64420,1
2018-04-25 10:04:05,4.0678,16105,0,65512,1
2018-04-25 10:04:05,10.6,16110,0,170766,1
2018-04-25 10:04:43,0.2096,16080,0,-3370,0
2018-04-25 10:04:44,0.1071,16080,0,-1722,0
2018-04-25 10:04:47,178.9257,16085,0,-2878020,0
2018-04-25 10:04:47,652.86140121,16085,0,-10501276,0
2018-04-25 10:04:47,18.7674,16085,0,-301874,0
2018-04-25 10:04:48,19.97,16085,0,-321217,0
2018-04-25 10:04:48,129.15879878,16085,0,-2077519,0
2018-04-25 10:05:27,1000.0,16030,0,16030000,1
2018-04-25 10:06:26,9.1156,15960,0,-145485,0
2018-04-25 10:06:35,161.8814,16005,0,-2590912,0
2018-04-25 10:06:36,174.77049487,16010,0,-2798076,0
2018-04-25 10:06:36,189.115,16010,0,-3027731,0
2018-04-25 10:06:36,465.11750512,16010,0,-7446531,0
2018-04-25 10:07:47,58.745,15990,0,939333,1
2018-04-25 10:07:47,10.0,15990,0,159900,1
2018-04-25 10:07:47,54.3371,15990,0,868850,1
2018-04-25 10:07:47,718.6514,15990,0,11491236,1
2018-04-25 10:08:12,1.2151,15990,0,-19429,0
2018-04-25 10:08:45,43.48,15985,0,695028,1
2018-04-25 10:08:45,116.0016,15990,0,1854866,1
2018-04-25 10:09:28,44.09,15920,0,-701913,0
2018-04-25 10:09:28,461.4401,15920,0,-7346126,0
2018-04-25 10:10:03,149.01107086,16045,0,2390883,1
2018-04-25 10:10:11,54.33,16005,0,869552,1
2018-04-25 10:10:15,697.8109,15955,0,-11133573,0
2018-04-25 10:10:35,116.83002193,15955,0,1864023,1
2018-04-25 10:10:39,10.0,15945,0,159450,1
2018-04-25 10:10:39,423.259,15945,0,6748865,1
2018-04-25 10:10:47,156.9366,15930,0,2500000,1
2018-04-25 10:10:51,292.9743,15910,0,4661221,1
2018-04-25 10:11:30,9.9871,15955,0,-159344,0
2018-04-25 10:11:43,457.38012304,15950,0,-7295213,0
2018-04-25 10:11:43,198.7015,15950,0,-3169289,0
2018-04-25 10:12:10,666.0687,16000,0,10657099,1
2018-04-25 10:12:58,1000.0,15990,0,-15990000,0
2018-04-25 10:14:01,1000.0,16140,0,16140000,1
2018-04-25 10:14:59,0.3394,16210,0,-5502,0
2018-04-25 10:15:39,999.6606,16250,0,-16244485,0
2018-04-25 10:16:24,158.7496,16240,0,2578094,1
2018-04-25 10:16:24,10.0,16240,0,162400,1
2018-04-25 10:16:24,32.9576,16240,0,535231,1
2018-04-25 10:16:24,124.2418,16240,0,2017687,1
2018-04-25 10:16:24,33.4765,16240,0,543658,1
2018-04-25 10:16:24,44.5444,16240,0,723401,1
2018-04-25 10:16:24,517.699,16240,0,8407432,1
2018-04-25 10:16:25,78.3311,16240,0,1272097,1
2018-04-25 10:17:13,733.0752,16255,0,-11916137,0
2018-04-25 10:17:20,46.5434,16230,0,755399,1
2018-04-25 10:17:20,30.0,16230,0,486900,1
2018-04-25 10:17:20,38.8364,16230,0,630315,1
2018-04-25 10:17:31,42.6571,16190,0,690618,1
2018-04-25 10:18:26,550.7326,16190,0,8916361,1
2018-04-25 10:18:26,23.3,16190,0,377227,1
2018-04-25 10:18:26,1.0057,16190,0,16282,1
2018-04-25 10:18:52,8.7462,16250,0,-142126,0
2018-04-25 10:18:52,89.3864,16250,0,-1452529,0
2018-04-25 10:18:53,1.0,16250,0,-16250,0
2018-04-25 10:18:53,34.2299,16250,0,-556236,0
2018-04-25 10:18:53,52.8678,16250,0,-859102,0
2018-04-25 10:18:58,813.7697,16230,0,-13207482,0
2018-04-25 10:20:14,50.1,16175,0,810368,1
2018-04-25 10:20:14,27.797,16175,0,449616,1
2018-04-25 10:22:40,64.00081306,16230,0,1038733,1
2018-04-25 10:22:54,858.1022,16215,0,13914127,1
2018-04-25 10:24:30,524.0886,16220,0,-8500717,0
2018-04-25 10:34:08,270.6136,16475,0,4458359,1
2018-04-25 10:34:24,2.3,16460,0,-37858,0
2018-04-25 10:34:24,2.8,16460,0,-46088,0
2018-04-25 10:34:43,258.575,16485,0,4262609,1
2018-04-25 10:35:00,915.06657194,16490,0,-15089448,0
2018-04-25 10:35:00,84.93342805,16490,0,-1400552,0
2018-04-25 10:35:41,132.35630099,16545,0,2189835,1
2018-04-25 10:36:35,105.7969,16525,0,1748294,1
2018-04-25 10:36:35,11.7501,16525,0,194170,1
2018-04-25 10:36:36,750.0967,16525,0,12395348,1
2018-04-25 10:37:27,300.9656,16510,0,-4968942,0
2018-04-25 10:37:34,699.0344,16505,0,-11537563,0
2018-04-25 10:38:18,1000.0,16525,0,16525000,1
2018-04-25 10:38:28,716.1733118,16505,0,-11820441,0
2018-04-25 10:39:19,55.71018731,16565,0,922839,1
2018-04-25 10:39:36,293.1926,16560,0,4855269,1
2018-04-25 10:39:43,367.2706,16560,0,6082001,1
2018-04-25 10:42:03,1000.0,16600,0,-16600000,0
2018-04-25 10:44:12,11.676,16595,0,193763,1
2018-04-25 10:44:13,72.23,16595,0,1198657,1
2018-04-25 10:44:13,200.8123,16595,0,3332480,1
2018-04-25 10:44:19,2.3106,16595,0,38344,1
2018-04-25 10:44:19,75.0,16595,0,1244625,1
2018-04-25 10:44:50,2.0674,16590,0,34298,1
2018-04-25 10:45:47,314.6379,16630,0,5232428,1
2018-04-25 10:45:57,152.83469488,16635,0,2542405,1
2018-04-25 10:45:58,30.048,16635,0,499848,1
2018-04-25 10:45:58,138.38310511,16635,0,2302003,1
2018-04-25 10:47:57,1000.0,16590,0,-16590000,0
2018-04-25 10:52:55,11.79970041,16690,0,196937,1
2018-04-25 10:52:55,95.0,16690,0,1585550,1
2018-04-25 10:52:55,89.87417615,16690,0,1500000,1
2018-04-25 10:52:55,160.78780538,16690,0,2683548,1
2018-04-25 10:53:25,68.55456572,16690,0,1144176,1
2018-04-25 10:53:33,573.9837,16670,0,9568308,1
2018-04-25 10:53:56,10.0,16670,0,-166700,0
2018-04-25 10:54:13,34.8756,16680,0,-581725,0
2018-04-25 10:54:44,44.8756,16695,0,749198,1
2018-04-25 10:57:59,1000.0,16615,0,-16615000,0
2018-04-25 10:59:09,345.59869788,16660,0,5757674,1
2018-04-25 10:59:09,206.2713,16660,0,3436480,1
2018-04-25 10:59:09,357.9576,16660,0,5963574,1
2018-04-25 10:59:09,51.5837,16660,0,859384,1
2018-04-25 10:59:32,38.5887,16665,0,643081,1
2018-04-25 11:01:48,239.8242,16670,0,-3997869,0
2018-04-25 11:02:22,15.8096,16730,0,-264495,0
2018-04-25 11:02:22,9.0689,16730,0,-151723,0
2018-04-25 11:02:22,28.63520113,16730,0,-479067,0
2018-04-25 11:02:22,706.66209886,16730,0,-11822457,0
2018-04-25 11:03:01,1.0,16790,0,16790,1
2018-04-25 11:03:07,999.0,16790,0,16773210,1
2018-04-25 11:03:33,21.3081,16790,0,-357763,0
2018-04-25 11:03:39,50.0,16805,0,-840250,0
2018-04-25 11:03:39,243.8362,16805,0,-4097667,0
2018-04-25 11:03:43,1.0,16810,0,-16810,0
2018-04-25 11:03:43,27.5,16810,0,-462275,0
2018-04-25 11:03:43,44.5813,16810,0,-749412,0
2018-04-25 11:03:43,1.0438,16810,0,-17546,0
2018-04-25 11:03:47,1.0,16820,0,-16820,0
2018-04-25 11:04:34,50.0,16900,0,-845000,0
2018-04-25 11:04:34,50.0,16900,0,-845000,0
2018-04-25 11:04:34,5.0,16900,0,-84500,0
2018-04-25 11:04:35,11.4748,16900,0,-193924,0
2018-04-25 11:04:35,10.0,16900,0,-169000,0
2018-04-25 11:04:35,26.80582899,16900,0,-453019,0
2018-04-25 11:04:35,48.0,16900,0,-811200,0
2018-04-25 11:04:35,99.85,16900,0,-1687465,0
2018-04-25 11:04:35,308.599971,16900,0,-5215340,0
2018-04-25 11:05:47,59.7842,16965,0,1014239,1
2018-04-25 11:05:47,60.7916,16965,0,1031329,1
2018-04-25 11:05:52,60.301,16965,0,1023006,1
2018-04-25 11:05:59,819.1232,16955,0,13888234,1
2018-04-25 11:06:08,703.67623475,16920,0,-11906202,0
2018-04-25 11:06:09,98.10886524,16920,0,-1660002,0
2018-04-25 11:06:23,801.7851,16950,0,13590257,1
2018-04-25 11:06:42,4.5045,16870,0,-75991,0
2018-04-25 11:06:53,4.5045,16895,0,76104,1
2018-04-25 11:07:21,85.84,16855,0,-1446833,0
2018-04-25 11:07:36,330.4454,16865,0,-5572962,0
2018-04-25 11:07:56,501.6676,16910,0,-8483199,0
2018-04-25 11:08:21,917.953,16950,0,15559303,1
2018-04-25 11:10:12,531.3422,16920,0,-8990310,0
2018-04-25 11:10:18,531.3422,16950,0,9006250,1
2018-04-25 11:10:55,258.13720848,16990,0,-4385751,0
2018-04-25 11:10:59,92.0759,16985,0,-1563909,0
2018-04-25 11:11:15,649.7869,17000,0,-11046377,0
2018-04-25 11:11:20,0.1767,16970,0,2999,1
2018-04-25 11:11:21,58.0058,16970,0,984358,1
2018-04-25 11:11:21,198.7767,16970,0,3373241,1
2018-04-25 11:11:28,89.5232,16950,0,1517418,1
2018-04-25 11:11:28,59.052,16950,0,1000931,1
2018-04-25 11:11:29,0.29964601,16950,0,5079,1
2018-04-25 11:11:47,47.4392,16960,0,804569,1
2018-04-25 11:12:28,55.5227,16885,0,937501,1
2018-04-25 11:12:28,67.0,16885,0,1131295,1
2018-04-25 11:12:28,86.3148,16885,0,1457425,1
2018-04-25 11:12:29,53.0,16885,0,894905,1
2018-04-25 11:12:32,35.454,16880,0,598464,1
2018-04-25 11:12:33,6.0597,16880,0,102288,1
2018-04-25 11:12:33,17.7979,16880,0,300429,1
2018-04-25 11:12:39,100.32893758,16870,0,1692549,1
2018-04-25 11:12:48,66.8834,16855,0,1127320,1
2018-04-25 11:12:49,58.3654,16855,0,983749,1
2018-04-25 11:13:36,484.6269,16870,0,-8175656,0
2018-04-25 11:14:29,426.6175,16875,0,-7199170,0
2018-04-25 11:16:58,911.2444,16890,0,15390918,1
2018-04-25 11:17:15,95.4476,16895,0,-1612587,0
2018-04-25 11:17:19,95.4476,16895,0,1612587,1
2018-04-25 11:18:44,629.0255,16895,0,-10627386,0
2018-04-25 11:18:44,132.787,16895,0,-2243436,0
2018-04-25 11:20:19,8.143,16915,0,137739,1
2018-04-25 11:24:13,753.6695,16985,0,12801076,1
2018-04-25 11:28:52,75.0265,16930,0,-1270199,0
2018-04-25 11:29:17,84.615,16920,0,-1431686,0
2018-04-25 11:29:17,349.5677,16920,0,-5914685,0
2018-04-25 11:31:21,431.51386127,16890,0,7288269,1
2018-04-25 11:31:21,77.69533872,16890,0,1312274,1
2018-04-25 11:31:39,1000.0,16910,0,-16910000,0
2018-04-25 11:36:02,15.541,16835,0,261633,1
2018-04-25 11:36:25,984.459,16755,0,16494611,1
2018-04-25 11:36:34,67.59,16780,0,-1134160,0
2018-04-25 11:36:50,67.59,16765,0,1133146,1
2018-04-25 11:37:22,5.0243,16810,0,-84458,0
2018-04-25 11:37:22,4.9757,16810,0,-83642,0
2018-04-25 11:37:28,10.0,16830,0,-168300,0
2018-04-25 11:37:45,980.0,16805,0,-16468900,0
2018-04-25 11:38:40,1000.0,16895,0,16895000,1
2018-04-25 11:41:44,30.27786244,16815,0,-509122,0
2018-04-25 11:42:58,969.7222,16790,0,-16281636,0
2018-04-25 11:46:08,6.99169139,16850,0,117810,1
2018-04-25 11:46:09,38.1834,16850,0,643390,1
2018-04-25 11:46:09,10.13940652,16850,0,170849,1
2018-04-25 11:46:09,53.444,16850,0,900531,1
2018-04-25 11:46:10,859.67150207,16850,0,14485465,1
2018-04-25 11:46:10,31.57,16850,0,531955,1
2018-04-25 11:46:39,1000.0,16855,0,-16855000,0
2018-04-25 11:46:48,19.01324621,16835,0,320088,1
2018-04-25 11:46:48,107.2793,16835,0,1806047,1
2018-04-25 11:52:05,873.7075,16790,0,14669549,1
2018-04-25 11:52:34,44.6955,16785,0,-750214,0
2018-04-25 11:52:37,89.0033,16810,0,-1496145,0
2018-04-25 11:52:41,130.1312,16810,0,-2187505,0
2018-04-25 11:52:41,3.4008,16810,0,-57167,0
2018-04-25 11:52:41,423.1829,16810,0,-7113705,0
2018-04-25 11:53:24,192.795,16790,0,3237028,1
2018-04-25 11:54:01,83.053,16770,0,1392799,1
2018-04-25 11:54:02,97.28258795,16770,0,1631429,1
2018-04-25 11:54:26,317.2831,16740,0,5311319,1
2018-04-25 11:57:57,112.2633,16620,0,-1865816,0
2018-04-25 11:58:03,41.0436,16590,0,680913,1
2018-04-25 11:58:07,71.2197,16580,0,1180823,1
2018-04-25 11:59:28,545.6296,16440,0,-8970151,0
2018-04-25 12:02:23,545.6296,16565,0,9038354,1
2018-04-25 12:08:46,285.6073,16650,0,-4755362,0
2018-04-25 12:08:46,315.5387,16650,0,-5253719,0
2018-04-25 12:09:50,17.7923,16750,0,298021,1
2018-04-25 12:10:01,583.3537,16735,0,9762424,1
2018-04-25 12:13:26,338.44934951,16640,0,-5631797,0
2018-04-25 12:13:30,187.04416632,16655,0,-3115221,0
2018-04-25 12:13:30,474.50653367,16655,0,-7902906,0
2018-04-25 12:16:22,9.1585,16600,0,152031,1
2018-04-25 12:16:34,1.8676,16590,0,30983,1
2018-04-25 12:18:07,100.0,16525,0,1652500,1
2018-04-25 12:18:07,138.0654,16525,0,2281531,1
2018-04-25 12:18:08,18.99388804,16525,0,313874,1
2018-04-25 12:18:13,16.0,16525,0,264400,1
2018-04-25 12:18:14,60.0,16525,0,991500,1
2018-04-25 12:18:15,2.1295,16525,0,35190,1
2018-04-25 12:18:18,9.0304,16520,0,149182,1
2018-04-25 12:18:19,0.1269,16520,0,2096,1
2018-04-25 12:18:19,102.3002,16520,0,1689999,1
2018-04-25 12:18:19,0.5,16520,0,8260,1
2018-04-25 12:18:19,18.1426,16520,0,299716,1
2018-04-25 12:19:55,523.685,16485,0,8632947,1
2018-04-25 12:20:42,200.3288,16490,0,-3303422,0
2018-04-25 12:21:09,2.7002,16530,0,-44634,0
2018-04-25 12:21:10,5.2392,16530,0,-86604,0
2018-04-25 12:21:10,0.4907,16530,0,-8111,0
2018-04-25 12:21:23,5.56,16535,0,91935,1
2018-04-25 12:21:31,203.1989,16525,0,3357862,1
2018-04-25 12:22:37,300.0,16560,0,-4968000,0
2018-04-25 12:22:37,1.0,16560,0,-16560,0
2018-04-25 12:22:41,24.79948745,16580,0,-411176,0
2018-04-25 12:22:41,16.10991254,16580,0,-267102,0
2018-04-25 12:23:10,61.9515,16590,0,1027775,1
2018-04-25 12:23:10,279.9579,16590,0,4644502,1
2018-04-25 12:23:15,1.298,16605,0,-21553,0
2018-04-25 12:23:24,998.702,16600,0,-16578453,0
2018-04-25 12:23:28,25.8033,16620,0,428851,1
2018-04-25 12:23:50,0.9135,16610,0,15173,1
2018-04-25 12:23:50,60.0962,16610,0,998198,1
2018-04-25 12:24:01,913.187,16600,0,15158904,1
2018-04-25 12:25:22,933.0646,16545,0,-15437554,0
2018-04-25 12:27:45,7.9903,16490,0,131760,1
2018-04-25 12:27:52,70.378,16455,0,1158070,1
2018-04-25 12:27:57,270.9651,16460,0,4460086,1
2018-04-25 12:28:39,23.1,16375,0,378263,1
2018-04-25 12:28:39,200.0,16375,0,3275000,1
2018-04-25 12:28:39,61.2551,16375,0,1003052,1
2018-04-25 12:28:39,9.74,16375,0,159493,1
2018-04-25 12:28:45,289.6361,16350,0,4735550,1
2018-04-25 12:29:32,11.23192944,16300,0,-183080,0
2018-04-25 12:29:36,0.1916,16330,0,3129,1
2018-04-25 12:29:43,60.7024,16300,0,-989449,0
2018-04-25 12:29:50,179.4066,16390,0,-2940474,0
2018-04-25 12:30:00,29.0459,16390,0,476062,1
2018-04-25 12:30:01,38.8,16390,0,635932,1
2018-04-25 12:30:33,100.43886207,16350,0,-1642175,0
2018-04-25 12:30:44,119.86900189,16365,0,-1961656,0
2018-04-25 12:30:44,77.8131981,16365,0,-1273413,0
2018-04-25 12:30:48,164.7395,16365,0,-2695962,0
2018-04-25 12:34:05,6.1199,16340,0,99999,1
2018-04-25 12:39:04,1.8176,16460,0,29918,1
2018-04-25 12:39:04,417.4085,16460,0,6870544,1
2018-04-25 12:39:04,214.0345,16460,0,3523008,1
2018-04-25 12:39:04,6.7835,16460,0,111656,1
2018-04-25 12:40:25,163.7739,16535,0,-2708001,0
2018-04-25 12:40:35,499.25,16545,0,-8260091,0
2018-04-25 12:40:35,1.0194,16545,0,-16866,0
2018-04-25 12:41:00,255.8203,16570,0,4238942,1
2018-04-25 12:41:03,6.76,16550,0,-111878,0
2018-04-25 12:41:32,397.6642,16565,0,6587307,1
2018-04-25 12:41:36,1.0892,16580,0,18059,1
2018-04-25 12:41:56,16.2296,16545,0,268519,1
2018-04-25 12:43:21,167.5596,16490,0,-2763058,0
2018-04-25 12:43:37,167.5596,16475,0,2760544,1
2018-04-25 12:45:12,200.2793,16340,0,-3272564,0
2018-04-25 12:45:48,39.0599,16355,0,638825,1
2018-04-25 12:45:49,102.2194,16355,0,1671798,1
2018-04-25 12:45:49,59.0,16355,0,964945,1
2018-04-25 12:47:35,3.0,16300,0,-48900,0
2018-04-25 12:47:54,132.95427546,16300,0,-2167155,0
2018-04-25 12:47:54,1.00002453,16300,0,-16300,0
2018-04-25 12:47:58,157.68033922,16305,0,-2570978,0
2018-04-25 12:47:59,17.8746,16305,0,-291445,0
2018-04-25 12:48:19,312.5093,16295,0,5092339,1
2018-04-25 12:53:03,564.10259355,16140,0,-9104616,0
2018-04-25 12:53:03,81.6423,16140,0,-1317707,0
2018-04-25 12:53:03,354.25510644,16140,0,-5717677,0
2018-04-25 12:53:45,107.9952,16160,0,1745202,1
2018-04-25 12:54:33,212.4486,16105,0,3421485,1
2018-04-25 12:54:33,113.8103,16105,0,1832915,1
2018-04-25 12:54:45,3.3,16070,0,53031,1
2018-04-25 12:54:45,185.9312,16070,0,2987914,1
2018-04-25 12:54:45,6.3,16070,0,101241,1
2018-04-25 12:54:45,3.0237,16070,0,48591,1
2018-04-25 12:54:45,100.0,16070,0,1607000,1
2018-04-25 12:54:46,2.7,16070,0,43389,1
2018-04-25 12:54:46,50.0,16070,0,803500,1
2018-04-25 12:54:47,29.5767,16070,0,475298,1
2018-04-25 12:54:49,184.9143,16060,0,2969724,1
2018-04-25 12:55:47,238.4,16020,0,-3819168,0
2018-04-25 12:55:47,1.0001,16020,0,-16022,0
2018-04-25 12:56:13,239.4001,16035,0,3838781,1
2018-04-25 12:59:32,79.9263,15580,0,-1245252,0
2018-04-25 13:00:35,22.17960127,15630,0,-346667,0
2018-04-25 13:00:35,350.42619872,15630,0,-5477161,0
2018-04-25 13:00:35,94.54,15630,0,-1477660,0
2018-04-25 13:00:39,75.0,15640,0,-1173000,0
2018-04-25 13:00:49,436.95939285,15680,0,6851523,1
2018-04-25 13:00:49,100.0511,15680,0,1568801,1
2018-04-25 13:00:49,10.06160714,15680,0,157766,1
2018-04-25 13:00:59,69.093,15720,0,-1086142,0
2018-04-25 13:00:59,24.12008905,15720,0,-379168,0
2018-04-25 13:01:00,49.92,15720,0,-784742,0
2018-04-25 13:01:25,145.55118044,15860,0,2308442,1
2018-04-25 13:01:26,72.58191955,15860,0,1151149,1
2018-04-25 13:02:35,7.3394,15975,0,-117247,0
2018-04-25 13:02:36,22.0,15975,0,-351450,0
2018-04-25 13:02:39,29.3394,16000,0,469430,1
2018-04-25 13:02:52,141.8643,16035,0,-2274794,0
2018-04-25 13:02:52,88.1122,16035,0,-1412879,0
2018-04-25 13:03:10,7.35134123,16030,0,117842,1
2018-04-25 13:03:10,79.7596,16030,0,1278546,1
2018-04-25 13:03:26,10.0,15995,0,159950,1
2018-04-25 13:03:50,867.1345,15910,0,-13796110,0
2018-04-25 13:04:37,612.1845,15785,0,9663332,1
2018-04-25 13:04:37,77.6693,15785,0,1226010,1
2018-04-25 13:04:37,13.0,15785,0,205205,1
2018-04-25 13:04:37,297.1462,15785,0,4690453,1
2018-04-25 13:04:42,94.9798,15815,0,-1502106,0
2018-04-25 13:04:48,120.0,15830,0,-1899600,0
2018-04-25 13:04:55,214.9798,15855,0,3408505,1
2018-04-25 13:05:44,1000.0,15905,0,-15905000,0
2018-04-25 13:06:07,1000.0,15980,0,15980000,1
2018-04-25 13:06:10,1000.0,15920,0,-15920000,0
2018-04-25 13:06:12,119.3766,15985,0,1908235,1
2018-04-25 13:06:12,14.3211,15985,0,228923,1
2018-04-25 13:07:50,361.2992,15970,0,5769948,1
2018-04-25 13:07:59,505.0031,15995,0,8077525,1
2018-04-25 13:08:06,411.69655559,16055,0,-6609788,0
2018-04-25 13:08:07,47.0,16055,0,-754585,0
2018-04-25 13:08:14,541.3034,16100,0,-8714985,0
2018-04-25 13:08:35,534.7795,16140,0,8631341,1
2018-04-25 13:08:36,19.8654275,16140,0,320628,1
2018-04-25 13:08:38,2.0,16110,0,-32220,0
2018-04-25 13:08:43,26.7298,16110,0,-430617,0
2018-04-25 13:08:52,5.8,16125,0,-93525,0
2018-04-25 13:09:02,6.2823,16130,0,101333,1
2018-04-25 13:09:22,64.66263974,16165,0,-1045272,0
2018-04-25 13:09:22,369.87656025,16165,0,-5979055,0
2018-04-25 13:09:36,861.33210566,16230,0,13979420,1
2018-04-25 13:09:36,46.80969433,16230,0,759721,1
2018-04-25 13:10:28,3.994,16230,0,-64823,0
2018-04-25 13:10:28,106.90926709,16230,0,-1735137,0
2018-04-25 13:10:35,37.4206,16235,0,-607523,0
2018-04-25 13:10:39,11.8985,16240,0,-193232,0
2018-04-25 13:10:47,839.7777,16235,0,-13633791,0
2018-04-25 13:10:53,100.0,16205,0,1620500,1
2018-04-25 13:10:53,7.5252,16205,0,121946,1
2018-04-25 13:12:08,176.97866474,16085,0,2846702,1
2018-04-25 13:13:22,11.47268763,16055,0,184194,1
2018-04-25 13:13:30,28.0723,16030,0,449999,1
2018-04-25 13:13:30,4.4295,16030,0,71005,1
2018-04-25 13:13:49,450.1968,15990,0,7198647,1
2018-04-25 13:13:49,100.0,15990,0,1599000,1
2018-04-25 13:13:49,121.3249,15990,0,1939985,1
2018-04-25 13:14:00,252.9651,16010,0,-4049971,0
2018-04-25 13:14:08,341.425,16000,0,-5462800,0
2018-04-25 13:16:56,194.9226,16125,0,3143127,1
2018-04-25 13:16:56,360.7586,16125,0,5817232,1
2018-04-25 13:17:41,50.0408,16125,0,-806908,0
2018-04-25 13:17:45,106.13375492,16130,0,-1711937,0
2018-04-25 13:17:45,365.01204507,16130,0,-5887644,0
2018-04-25 13:17:45,20.2145,16130,0,-326060,0
2018-04-25 13:18:20,6.9582,16130,0,112236,1
2018-04-25 13:18:20,75.9428,16130,0,1224957,1
2018-04-25 13:18:24,10.0,16125,0,161250,1
2018-04-25 13:18:47,512.7909,16060,0,-8235422,0
2018-04-25 13:21:11,186.5091,16040,0,2991606,1
2018-04-25 13:21:11,59.343,16040,0,951862,1
2018-04-25 13:22:42,754.1478,15930,0,12013574,1
2018-04-25 13:23:36,102.409,15805,0,-1618574,0
2018-04-25 13:23:36,40.0975,15805,0,-633741,0
2018-04-25 13:23:43,300.0,15800,0,-4740000,0
2018-04-25 13:23:43,138.5089,15800,0,-2188441,0
2018-04-25 13:23:43,62.0718,15800,0,-980734,0
2018-04-25 13:23:48,0.5,15790,0,7895,1
2018-04-25 13:23:48,558.8636,15790,0,8824456,1
2018-04-25 13:23:52,83.7236,15780,0,1321158,1
2018-04-25 13:25:28,69.1387,15800,0,-1092391,0
2018-04-25 13:25:39,7.2683,15815,0,-114948,0
2018-04-25 13:25:54,238.96154889,15820,0,-3780372,0
2018-04-25 13:26:25,72.4545,15730,0,1139709,1
2018-04-25 13:26:25,50.0,15730,0,786500,1
2018-04-25 13:26:37,6.7,15690,0,105123,1
2018-04-25 13:26:48,10.1081,15675,0,-158444,0
2018-04-25 13:27:33,244.518,15655,0,-3827929,0
2018-04-25 13:27:38,79.821,15665,0,-1250396,0
2018-04-25 13:28:18,134.9366,15790,0,2130649,1
2018-04-25 13:28:27,385.7245,15765,0,6080947,1
2018-04-25 13:28:53,544.9675,15685,0,-8547815,0
2018-04-25 13:29:16,11.1,15675,0,173993,1
2018-04-25 13:29:16,5.6,15675,0,87780,1
2018-04-25 13:29:16,7.1118,15675,0,111477,1
2018-04-25 13:29:18,521.1557,15675,0,8169116,1
2018-04-25 13:30:36,485.4125,15695,0,-7618549,0
2018-04-25 13:30:53,51.7873,15745,0,-815391,0
2018-04-25 13:31:23,20.0,15700,0,314000,1
2018-04-25 13:31:23,178.0192,15700,0,2794901,1
2018-04-25 13:31:23,23.92,15700,0,375544,1
2018-04-25 13:31:31,38.8,15680,0,608384,1
2018-04-25 13:31:32,276.4606,15680,0,4334902,1
2018-04-25 13:32:39,63.8427,15635,0,-998181,0
2018-04-25 13:32:39,5.4348,15635,0,-84973,0
2018-04-25 13:32:39,2.0,15635,0,-31270,0
2018-04-25 13:32:43,24.3287,15640,0,-380501,0
2018-04-25 13:32:43,0.1025,15640,0,-1603,0
2018-04-25 13:32:44,2.2,15640,0,-34408,0
2018-04-25 13:32:48,354.0304,15635,0,-5535265,0
2018-04-25 13:32:53,548.0608,15645,0,-8574411,0
2018-04-25 13:34:04,999.9999,15510,0,15509998,1
2018-04-25 13:34:33,1000.0,15410,0,-15410000,0
2018-04-25 13:35:15,10.6,15390,0,163134,1
2018-04-25 13:35:16,11.1,15390,0,170829,1
2018-04-25 13:35:23,978.3,15380,0,15046254,1
2018-04-25 13:35:56,318.3761,15360,0,-4890257,0
2018-04-25 13:36:22,20.0,15380,0,307600,1
2018-04-25 13:36:38,10.0,15330,0,153300,1
2018-04-25 13:36:48,1.7,15310,0,26027,1
2018-04-25 13:36:48,25.1405,15310,0,384901,1
2018-04-25 13:36:48,261.5356,15310,0,4004110,1
2018-04-25 13:37:18,139.4969,15170,0,-2116168,0
2018-04-25 13:37:23,157.4391,15150,0,-2385202,0
2018-04-25 13:37:24,703.064,15150,0,-10651420,0
2018-04-25 13:37:55,68.8,15105,0,1039224,1
2018-04-25 13:37:55,15.5216,15100,0,234376,1
2018-04-25 13:37:55,5.0,15100,0,75500,1
2018-04-25 13:48:27,910.6784,15160,0,13805885,1
2018-04-25 13:48:40,3.9,15150,0,-59085,0
2018-04-25 13:48:48,10.9,15140,0,-165026,0
2018-04-25 13:48:59,14.8,15130,0,223924,1
2018-04-25 13:50:57,1000.0,14805,0,-14805000,0
2018-04-25 13:51:50,715.59,14840,0,10619356,1
2018-04-25 13:53:48,284.41,14990,0,4263306,1
2018-04-25 13:54:05,67.8528,14950,0,-1014399,0
2018-04-25 13:54:26,67.8528,14900,0,1011007,1
2018-04-25 13:54:34,66.1012,14870,0,-982925,0
2018-04-25 13:54:48,186.2294,14865,0,-2768300,0
2018-04-25 13:54:48,580.3772,14865,0,-8627307,0
2018-04-25 13:54:49,50.9284,14865,0,-757051,0
2018-04-25 13:54:49,2.3096,14865,0,-34332,0
2018-04-25 13:55:21,122.3258,14850,0,1816538,1
2018-04-25 13:55:22,763.62,14850,0,11339757,1
2018-04-25 13:55:35,174.4017,14815,0,-2583761,0
2018-04-25 13:55:35,181.2523,14810,0,-2684347,0
2018-04-25 13:55:43,355.654,14885,0,5293910,1
2018-04-25 13:55:49,779.6866,14825,0,-11558854,0
2018-04-25 13:56:32,200.0,14935,0,2987000,1
2018-04-25 13:56:32,400.1424,14935,0,5976127,1
2018-04-25 13:56:57,112.99227491,14950,0,-1689235,0
2018-04-25 13:56:57,707.46352508,14950,0,-10576580,0
2018-04-25 13:57:32,1.6,15055,0,-24088,0
2018-04-25 13:58:39,7.9137,15180,0,120130,1
2018-04-25 13:59:09,48.65710543,15270,0,742994,1
2018-04-25 13:59:09,336.916,15270,0,5144707,1
2018-04-25 13:59:59,266.3567,15350,0,4088575,1
2018-04-25 14:04:37,21.3522,15355,0,327863,1
2018-04-25 14:04:48,17.0,15275,0,259675,1
2018-04-25 14:04:49,131.0,15275,0,2001025,1
2018-04-25 14:04:49,172.4043,15275,0,2633476,1
2018-04-25 14:05:37,146.80361208,15105,0,-2217469,0
2018-04-25 14:05:59,7.3,15150,0,-110595,0
2018-04-25 14:06:13,131.4456,15205,0,-1998630,0
2018-04-25 14:06:17,714.4508,15250,0,-10895375,0
2018-04-25 14:07:11,39.4902,15370,0,606964,1
2018-04-25 14:07:16,3.2283,15300,0,49393,1
2018-04-25 14:07:17,125.72,15300,0,1923516,1
2018-04-25 14:07:17,563.6398,15300,0,8623689,1
2018-04-25 14:07:33,0.4886,15310,0,-7480,0
2018-04-25 14:07:47,3.2,15355,0,-49136,0
2018-04-25 14:07:51,19.8,15350,0,-303930,0
2018-04-25 14:07:55,0.0001,15365,0,-2,0
2018-04-25 14:07:56,131.2657,15365,0,-2016897,0
2018-04-25 14:07:59,0.7,15370,0,-10759,0
2018-04-25 14:08:00,3.8,15370,0,-58406,0
2018-04-25 14:08:33,14.7615,15410,0,-227475,0
2018-04-25 14:09:04,441.9376,15430,0,6819097,1
2018-04-25 14:09:13,990.0,15455,0,-15300450,0
2018-04-25 14:09:13,10.0,15455,0,-154550,0
2018-04-25 14:09:33,555.0765,15540,0,8625889,1
2018-04-25 14:09:33,100.0,15540,0,1554000,1
2018-04-25 14:09:33,10.3253,15540,0,160455,1
2018-04-25 14:09:34,300.09652509,15540,0,4663500,1
2018-04-25 14:10:04,2.9955,15600,0,-46730,0
2018-04-25 14:10:04,12.7052,15600,0,-198201,0
2018-04-25 14:10:05,27.0111,15600,0,-421373,0
2018-04-25 14:10:05,6.9592,15600,0,-108564,0
2018-04-25 14:10:05,36.9498,15600,0,-576417,0
2018-04-25 14:10:05,130.0,15600,0,-2028000,0
2018-04-25 14:10:10,76.658,15645,0,-1199314,0
2018-04-25 14:10:14,127.1619,15610,0,-1984997,0
2018-04-25 14:10:21,21.41941693,15650,0,-335214,0
2018-04-25 14:10:21,291.65338306,15650,0,-4564375,0
2018-04-25 14:10:21,231.9848,15650,0,-3630562,0
2018-04-25 14:12:00,62.5794,15800,0,988755,1
2018-04-25 14:12:00,5.0,15800,0,79000,1
2018-04-25 14:12:00,44.34938198,15800,0,700720,1
2018-04-25 14:12:00,235.9565,15800,0,3728113,1
2018-04-25 14:12:01,52.1812,15800,0,824463,1
2018-04-25 14:12:01,51.2363,15800,0,809534,1
2018-04-25 14:12:04,548.6972,15800,0,8669416,1
2018-04-25 14:12:10,180.0,15770,0,-2838600,0
2018-04-25 14:12:16,1.2,15760,0,-18912,0
2018-04-25 14:12:34,345.259,15695,0,-5418840,0
2018-04-25 14:12:54,1.6621,15640,0,25995,1
2018-04-25 14:12:54,94.1709,15640,0,1472833,1
2018-04-25 14:12:55,126.0,15640,0,1970640,1
2018-04-25 14:12:59,182.0788,15600,0,2840429,1
2018-04-25 14:12:59,1.7103,15600,0,26681,1
2018-04-25 14:13:00,20.0,15600,0,312000,1
2018-04-25 14:13:03,100.0,15600,0,1560000,1
2018-04-25 14:13:04,0.8369,15600,0,13056,1
2018-04-25 14:13:24,78.4477,15600,0,-1223784,0
2018-04-25 14:13:31,94.0835,15590,0,-1466762,0
2018-04-25 14:13:36,6.0513,15590,0,-94340,0
2018-04-25 14:13:50,12.17558474,15605,0,190000,1
2018-04-25 14:14:02,142.4835,15600,0,2222743,1
2018-04-25 14:14:02,23.9234,15600,0,373205,1
2018-04-25 14:14:06,50.0,15610,0,-780500,0
2018-04-25 14:14:14,50.0,15640,0,782000,1
2018-04-25 14:14:45,1000.0,15650,0,-15650000,0
2018-04-25 14:14:58,7.0477,15680,0,110508,1
2018-04-25 14:14:59,992.9523,15680,0,15569492,1
2018-04-25 14:15:23,619.42654583,15685,0,-9715705,0
2018-04-25 14:15:24,33.05105416,15685,0,-518406,0
2018-04-25 14:18:20,0.1941,15790,0,3065,1
2018-04-25 14:18:20,4.2772,15790,0,67537,1
2018-04-25 14:18:20,540.9524,15790,0,8541638,1
2018-04-25 14:18:25,102.69214702,15780,0,1620482,1
2018-04-25 14:18:37,0.8461,15765,0,13339,1
2018-04-25 14:18:46,3.5157,15725,0,55284,1
2018-04-25 14:19:48,238.9521,15510,0,-3706147,0
2018-04-25 14:19:50,29.1,15510,0,-451341,0
2018-04-25 14:20:08,731.9479,15545,0,-11378130,0
2018-04-25 14:21:17,1000.0,15730,0,15730000,1
2018-04-25 14:21:43,6.496e-05,15700,0,-1,0
2018-04-25 14:21:43,54.13773503,15700,0,-849962,0
2018-04-25 14:22:04,54.1378,15750,0,852670,1
2018-04-25 14:22:24,682.3147,15710,0,-10719164,0
2018-04-25 14:22:27,187.7993,15700,0,2948449,1
2018-04-25 14:22:27,152.7947,15700,0,2398877,1
2018-04-25 14:22:28,341.7207,15700,0,5365015,1
2018-04-25 14:23:43,55.2484,15655,0,-864914,0
2018-04-25 14:23:48,4.014e-05,15675,0,-1,0
2018-04-25 14:23:52,944.7516,15690,0,-14823153,0
2018-04-25 14:24:25,2.0,15680,0,31360,1
2018-04-25 14:24:33,28.2198768,15695,0,442911,1
2018-04-25 14:27:01,156.4633,15975,0,2499501,1
2018-04-25 14:27:10,813.3168,15985,0,13000869,1
2018-04-25 14:27:22,500.0,16040,0,-8020000,0
2018-04-25 14:27:57,68.2991,15975,0,1091078,1
2018-04-25 14:27:57,139.0268,15975,0,2220953,1
2018-04-25 14:29:03,292.6741,15990,0,4679859,1
2018-04-25 14:29:19,1000.0,15980,0,-15980000,0
2018-04-25 14:29:31,1000.0,16050,0,16050000,1
2018-04-25 14:30:24,684.1737,15830,0,-10830470,0
2018-04-25 14:30:25,315.8263,15850,0,-5005847,0
2018-04-25 14:31:19,168.7808,15745,0,2657454,1
2018-04-25 14:31:29,29.23,15730,0,459788,1
2018-04-25 14:33:22,103.81,15820,0,1642274,1
2018-04-25 14:33:22,61.8593,15820,0,978614,1
2018-04-25 14:35:34,22.9834,15745,0,361874,1
2018-04-25 14:36:27,251.5577,15690,0,3946940,1
2018-04-25 14:36:27,361.7788,15690,0,5676309,1
2018-04-25 14:36:52,149.47437371,15710,0,-2348242,0
2018-04-25 14:36:52,38.85292628,15710,0,-610379,0
2018-04-25 14:36:56,11.58653129,15720,0,-182140,0
2018-04-25 14:36:56,800.0861687,15720,0,-12577355,0
2018-04-25 14:37:18,312.0,15695,0,4896840,1
2018-04-25 14:37:37,160.9123,15695,0,2525519,1
2018-04-25 14:37:46,0.6007,15690,0,9425,1
2018-04-25 14:37:47,0.17,15690,0,2667,1
2018-04-25 14:40:40,526.317,15785,0,8307914,1
2018-04-25 14:41:25,84.9392,15760,0,-1338642,0
2018-04-25 14:41:58,224.2248,15745,0,-3530419,0
2018-04-25 14:42:04,10.0,15745,0,-157450,0
2018-04-25 14:42:08,116.9429,15730,0,-1839512,0
2018-04-25 14:42:13,10.6004,15740,0,-166850,0
2018-04-25 14:42:17,460.0048,15750,0,-7245076,0
2018-04-25 14:43:23,472.8649,15670,0,7409793,1
2018-04-25 14:43:23,27.7872,15670,0,435425,1
2018-04-25 14:43:27,47.3,15655,0,-740482,0
2018-04-25 14:43:30,64.4135,15650,0,-1008071,0
2018-04-25 14:43:49,517.7735,15605,0,8079855,1
2018-04-25 14:44:43,73.9351,15490,0,-1145255,0
2018-04-25 14:44:47,926.0649,15530,0,-14381788,0
2018-04-25 14:45:29,1000.0,15585,0,15585000,1
2018-04-25 14:46:12,1000.0,15570,0,-15570000,0
2018-04-25 14:47:26,2.3,15520,0,35696,1
2018-04-25 14:47:26,125.2108,15520,0,1943272,1
2018-04-25 14:47:26,11.3,15520,0,175376,1
2018-04-25 14:47:32,612.0391,15515,0,9495787,1
2018-04-25 14:47:33,3.4,15515,0,52751,1
2018-04-25 14:47:33,11.3,15515,0,175320,1
2018-04-25 14:47:33,1.7,15515,0,26376,1
2018-04-25 14:47:34,221.4501,15515,0,3435798,1
2018-04-25 14:47:34,11.3,15515,0,175320,1
2018-04-25 14:48:23,26.17714604,15505,0,-405877,0
2018-04-25 14:48:23,129.6544,15505,0,-2010291,0
2018-04-25 14:48:23,51.46275395,15505,0,-797930,0
2018-04-25 14:48:29,792.7057,15470,0,-12263157,0
2018-04-25 14:49:24,1000.0,15440,0,15440000,1
2018-04-25 14:49:44,26.0572,15405,0,-401411,0
2018-04-25 14:49:48,4.8727,15410,0,-75088,0
2018-04-25 14:49:49,50.9811,15410,0,-785619,0
2018-04-25 14:49:56,139.7555,15430,0,-2156427,0
2018-04-25 14:50:10,51.1197,15475,0,-791077,0
2018-04-25 14:50:18,272.7862,15475,0,4221366,1
2018-04-25 14:51:38,264.5677,15410,0,-4076988,0
2018-04-25 14:51:38,278.1929,15410,0,-4286953,0
2018-04-25 14:51:52,542.7606,15390,0,8353086,1
2018-04-25 14:52:40,513.65,15365,0,-7892232,0
2018-04-25 14:52:57,91.60830362,15455,0,1415806,1
2018-04-25 14:53:01,3.8,15440,0,58672,1
2018-04-25 14:53:06,111.6812,15435,0,1723799,1
2018-04-25 14:53:10,1.0,15455,0,15455,1
2018-04-25 14:53:10,246.47,15455,0,3809194,1
2018-04-25 14:53:43,940.9095,15530,0,-14612325,0
2018-04-25 14:54:32,670.8255,15630,0,10485003,1
2018-04-25 14:54:32,20.021752,15620,0,312740,1
2018-04-25 14:55:10,9.0,15530,0,139770,1
2018-04-25 14:55:15,37.7157,15540,0,586102,1
2018-04-25 14:55:20,143.754,15545,0,2234656,1
2018-04-25 14:55:20,13.9,15545,0,216076,1
2018-04-25 14:55:36,104.7831,15600,0,1634616,1
2018-04-25 14:56:29,31.4909,15655,0,-492990,0
2018-04-25 14:56:33,1.9,15650,0,-29735,0
2018-04-25 14:56:42,1.71,15630,0,26727,1
2018-04-25 14:56:42,1.0,15630,0,15630,1
2018-04-25 14:57:05,30.6809,15630,0,479542,1
2018-04-25 14:57:58,28.401,15620,0,-443624,0
2018-04-25 14:58:59,1.0,15650,0,-15650,0
2018-04-25 14:59:03,79.7414,15675,0,-1249946,0
2018-04-25 14:59:37,29.3127,15660,0,459037,1
2018-04-25 14:59:37,65.7103,15660,0,1029023,1
2018-04-25 14:59:58,14.1194,15625,0,220616,1
2018-04-25 15:00:29,1000.0,15620,0,-15620000,0
2018-04-25 15:02:51,1000.0,15790,0,15790000,1
2018-04-25 15:02:56,353.781,15750,0,-5572051,0
2018-04-25 15:03:19,56.654,15745,0,892017,1
2018-04-25 15:03:19,0.1,15745,0,1575,1
2018-04-25 15:03:19,10.0,15745,0,157450,1
2018-04-25 15:03:19,35.0,15745,0,551075,1
2018-04-25 15:03:19,252.027,15745,0,3968165,1
2018-04-25 15:04:18,126.8604,15720,0,-1994245,0
2018-04-25 15:05:04,15.8378,15790,0,250079,1
2018-04-25 15:05:18,888.9774,15800,0,-14045843,0
2018-04-25 15:05:36,1000.0,15825,0,15825000,1
2018-04-25 15:06:08,307.1453,15840,0,-4865182,0
2018-04-25 15:07:14,33.9422,15885,0,-539172,0
2018-04-25 15:07:14,11.4524,15885,0,-181921,0
2018-04-25 15:07:14,6.9435,15885,0,-110297,0
2018-04-25 15:07:17,640.5165,15890,0,-10177807,0
2018-04-25 15:09:40,999.9999,16000,0,15999998,1
2018-04-25 15:10:02,2.8,16005,0,-44814,0
2018-04-25 15:10:08,2.8,15970,0,44716,1
2018-04-25 15:10:16,184.6794,15950,0,-2945636,0
2018-04-25 15:10:16,1.2683,15950,0,-20229,0
2018-04-25 15:10:27,34.1211,15985,0,545426,1
2018-04-25 15:10:44,151.8266,15975,0,2425430,1
2018-04-25 15:11:31,2.5,16020,0,-40050,0
2018-04-25 15:11:31,3.6,16020,0,-57672,0
2018-04-25 15:11:51,6.1,16050,0,97905,1
2018-04-25 15:12:57,66.0178,16080,0,-1061566,0
2018-04-25 15:13:07,66.0178,16135,0,1065197,1
2018-04-25 15:13:14,304.0597,16120,0,-4901442,0
2018-04-25 15:13:21,66.5345,16125,0,1072869,1
2018-04-25 15:13:32,34.30675155,16090,0,-551996,0
2018-04-25 15:13:32,296.004,16105,0,-4767144,0
2018-04-25 15:13:32,6.1,16105,0,-98241,0
2018-04-25 15:13:32,221.00244844,16105,0,-3559244,0
2018-04-25 15:16:11,157.6261,16145,0,2544873,1
2018-04-25 15:16:18,42.1617,16120,0,679647,1
2018-04-25 15:17:07,595.1506,16075,0,9567046,1
2018-04-25 15:19:19,423.2582,16125,0,-6825038,0
2018-04-25 15:19:24,576.7418,16110,0,-9291310,0
2018-04-25 15:20:06,209.5132,16090,0,3371067,1
2018-04-25 15:20:07,200.0,16090,0,3218000,1
2018-04-25 15:20:07,95.1807,16090,0,1531457,1
2018-04-25 15:20:07,94.1031,16090,0,1514119,1
2018-04-25 15:20:27,598.797,16020,0,-9592728,0
2018-04-25 15:20:40,15.7728,15990,0,252207,1
2018-04-25 15:20:41,9.0,15990,0,143910,1
2018-04-25 15:20:41,14.607,15990,0,233566,1
2018-04-25 15:20:45,676.3899,15990,0,10815475,1
2018-04-25 15:20:49,284.2303,15990,0,4544842,1
2018-04-25 15:20:54,605.42836192,16020,0,-9698962,0
2018-04-25 15:20:54,66.77843807,16020,0,-1069791,0
2018-04-25 15:21:53,672.2068,16090,0,10815807,1
2018-04-25 15:22:37,10.8901,16010,0,-174351,0
2018-04-25 15:22:37,84.7853,16010,0,-1357413,0
2018-04-25 15:22:41,188.252,16030,0,-3017680,0
2018-04-25 15:23:12,8.3903,16040,0,-134580,0
2018-04-25 15:27:16,12.9696,16030,0,207903,1
2018-04-25 15:27:25,60.8845,16020,0,975370,1
2018-04-25 15:27:26,218.4636,16020,0,3499787,1
2018-04-25 15:30:49,124.9116,16000,0,-1998586,0
2018-04-25 15:31:20,875.0884,15955,0,-13962035,0
2018-04-25 15:31:39,3.0,15985,0,47955,1
2018-04-25 15:34:46,997.0,16140,0,16091580,1
2018-04-25 15:36:48,925.6,16105,0,-14906788,0
2018-04-25 15:37:19,923.0704,16090,0,14852203,1
2018-04-25 15:37:25,735.2173,16045,0,-11796562,0
2018-04-25 15:40:36,62.5195,15995,0,999999,1
2018-04-25 15:40:36,63.0786,15995,0,1008942,1
2018-04-25 15:40:36,94.7942,15995,0,1516233,1
2018-04-25 15:41:16,517.3546,15985,0,8269913,1
2018-04-25 15:41:56,742.3505397,15955,0,-11844203,0
2018-04-25 15:41:56,24.0044,15955,0,-382990,0
2018-04-25 15:41:56,233.64506029,15955,0,-3727807,0
2018-04-25 15:42:23,3.9151,15910,0,62289,1
2018-04-25 15:42:26,780.8668,15905,0,12419686,1
2018-04-25 15:42:27,150.6677,15905,0,2396370,1
2018-04-25 15:42:28,7.7031,15905,0,122518,1
2018-04-25 15:42:28,56.8473,15905,0,904156,1
2018-04-25 15:43:51,4.4056,15960,0,-70313,0
2018-04-25 15:43:52,27.6951,15960,0,-442014,0
2018-04-25 15:43:59,28.7043,15975,0,-458551,0
2018-04-25 15:44:09,29.87676533,15995,0,477879,1
2018-04-25 15:44:58,11.4788,15985,0,183489,1
2018-04-25 15:45:01,19.4494,15985,0,310899,1
2018-04-25 15:45:59,25.184,16000,0,-402944,0
2018-04-25 15:45:59,125.0,16000,0,-2000000,0
2018-04-25 15:45:59,66.4017,16000,0,-1062427,0
2018-04-25 15:45:59,301.5267,16000,0,-4824427,0
2018-04-25 15:45:59,165.5604,16000,0,-2648966,0
2018-04-25 15:45:59,48.8369,16000,0,-781390,0
2018-04-25 15:46:00,9.0477,16000,0,-144763,0
2018-04-25 15:46:45,254.7205,16045,0,4086990,1
2018-04-25 15:46:46,294.5768,16045,0,4726485,1
2018-04-25 15:46:52,192.2601,16045,0,3084813,1
2018-04-25 15:47:40,0.0001,16105,0,-2,0
2018-04-25 15:47:40,279.9037,16105,0,-4507849,0
2018-04-25 15:47:44,1.0,16090,0,-16090,0
2018-04-25 15:47:45,719.0962,16100,0,-11577449,0
2018-04-25 15:49:32,38.1772,16125,0,615607,1
2018-04-25 15:49:32,257.4884,16125,0,4152000,1
2018-04-25 15:49:36,70.0237,16120,0,1128782,1
2018-04-25 15:49:46,634.3107,16125,0,10228260,1
2018-04-25 15:54:19,22.4755,16040,0,-360507,0
2018-04-25 15:54:19,34.20013815,16040,0,-548570,0
2018-04-25 15:54:27,943.3243,16060,0,-15149788,0
2018-04-25 16:09:29,1000.0,16165,0,16165000,1
2018-04-25 16:09:58,10.0,16155,0,-161550,0
2018-04-25 16:09:58,214.7716,16160,0,-3470709,0
2018-04-25 16:10:07,205.4734,16170,0,-3322505,0
2018-04-25 16:10:13,111.0571,16170,0,-1795793,0
2018-04-25 16:12:50,86.0756,16365,0,1408627,1
2018-04-25 16:12:50,304.694,16365,0,4986317,1
2018-04-25 16:12:50,35.0,16365,0,572775,1
2018-04-25 16:12:51,45.6334,16365,0,746791,1
2018-04-25 16:13:19,5.3,16370,0,-86761,0
2018-04-25 16:13:19,3.7,16370,0,-60569,0
2018-04-25 16:13:30,78.8991,16385,0,1292762,1
2018-04-25 16:14:20,6.0569,16250,0,-98425,0
2018-04-25 16:14:25,6.0569,16250,0,98425,1
2018-04-25 16:15:34,1000.0,16300,0,-16300000,0
2018-04-25 16:15:43,282.5043,16330,0,4613295,1
2018-04-25 16:15:48,25.7251,16305,0,419448,1
2018-04-25 16:15:53,68.4217,16275,0,1113563,1
2018-04-25 16:16:05,1.8845,16280,0,30680,1
2018-04-25 16:16:05,100.0,16280,0,1628000,1
2018-04-25 16:16:05,4.4353,16280,0,72207,1
2018-04-25 16:16:05,61.42506142,16280,0,1000000,1
2018-04-25 16:16:07,3.0,16280,0,48840,1
2018-04-25 16:16:13,3.8515,16280,0,62702,1
2018-04-25 16:16:14,44.1703,16275,0,718872,1
2018-04-25 16:16:44,494.6647,16225,0,-8025935,0
2018-04-25 16:17:52,123.6272,16255,0,2009560,1
2018-04-25 16:19:13,93.5117,16330,0,1527046,1
2018-04-25 16:19:39,682.108,16340,0,11145645,1
2018-04-25 16:20:45,121.6543,16375,0,-1992089,0
2018-04-25 16:20:54,446.1811,16390,0,-7312908,0
2018-04-25 16:22:17,99.4699,16380,0,1629317,1
2018-04-25 16:23:03,140.7771,16385,0,2306633,1
2018-04-25 16:23:03,327.5884,16385,0,5367536,1
2018-04-25 16:23:59,1000.0,16450,0,-16450000,0
2018-04-25 16:24:29,213.4992,16480,0,3518467,1
2018-04-25 16:25:44,786.5008,16580,0,13040183,1
2018-04-25 16:27:12,4.0,16650,0,-66600,0
2018-04-25 16:27:18,4.0,16670,0,66680,1
2018-04-25 16:28:41,342.2589,16520,0,-5654117,0
2018-04-25 16:28:41,485.5653,16510,0,-8016683,0
2018-04-25 16:30:08,7.3754,16625,0,122616,1
2018-04-25 16:30:44,2.98199602,16590,0,49471,1
2018-04-25 16:32:03,74.3136,16470,0,1223945,1
2018-04-25 16:32:03,52.0451,16470,0,857183,1
2018-04-25 16:32:03,50.0,16470,0,823500,1
2018-04-25 16:32:04,214.9028,16470,0,3539449,1
2018-04-25 16:32:29,75.9873,16480,0,-1252271,0
2018-04-25 16:36:01,502.1926,16640,0,8356485,1
2018-04-25 16:36:09,270.37956426,16655,0,-4503172,0
2018-04-25 16:36:09,4.9105,16655,0,-81784,0
2018-04-25 16:36:22,66.943,16635,0,1113597,1
2018-04-25 16:36:22,10.0,16635,0,166350,1
2018-04-25 16:36:30,86.9748,16615,0,1445086,1
2018-04-25 16:36:31,111.3723,16615,0,1850451,1
2018-04-25 16:37:52,69.8,16620,0,-1160076,0
2018-04-25 16:38:04,21.326,16620,0,354438,1
2018-04-25 16:38:49,824.33724625,16615,0,-13696363,0
2018-04-25 16:39:32,135.5248,16555,0,2243613,1
2018-04-25 16:39:35,688.0411,16535,0,11376760,1
2018-04-25 16:39:46,10.0,16525,0,-165250,0
2018-04-25 16:39:47,108.5006,16530,0,-1793515,0
2018-04-25 16:39:55,167.7459,16500,0,2767807,1
2018-04-25 16:40:21,135.91,16560,0,-2250670,0
2018-04-25 16:42:27,779.7623,16555,0,-12908965,0
2018-04-25 16:42:27,0.1896,16555,0,-3139,0
2018-04-25 16:42:27,1.0451,16555,0,-17302,0
2018-04-25 16:42:27,83.093,16555,0,-1375605,0
2018-04-25 16:46:15,71.495,16500,0,1179668,1
2018-04-25 16:49:40,107.9568,16350,0,1765094,1
2018-04-25 16:49:40,50.0,16350,0,817500,1
2018-04-25 16:49:40,46.7234,16350,0,763928,1
2018-04-25 16:49:54,100.0,16330,0,1633000,1
2018-04-25 16:49:54,78.9074,16330,0,1288558,1
2018-04-25 16:50:06,544.9174,16320,0,8893052,1
2018-04-25 16:50:41,44.2792,16225,0,-718430,0
2018-04-25 16:50:41,108.5824,16225,0,-1761749,0
2018-04-25 16:50:41,64.4258,16225,0,-1045309,0
2018-04-25 16:50:45,137.6866,16255,0,-2238096,0
2018-04-25 16:50:49,387.7141,16255,0,-6302293,0
2018-04-25 16:51:02,4.8,16250,0,78000,1
2018-04-25 16:51:04,2.9,16250,0,47125,1
2018-04-25 16:51:12,2.9,16250,0,47125,1
2018-04-25 16:51:12,4.8,16250,0,78000,1
2018-04-25 16:51:12,2.4,16250,0,39000,1
2018-04-25 16:51:12,9.6,16250,0,156000,1
2018-04-25 16:51:12,12.4,16250,0,201500,1
2018-04-25 16:52:02,202.3825,16095,0,3257346,1
2018-04-25 16:52:06,500.5056,16085,0,8050633,1
2018-04-25 16:52:35,482.1499,16080,0,-7752970,0
2018-04-25 16:52:55,517.8501,16050,0,-8311494,0
2018-04-25 16:55:17,408.2458,16280,0,6646242,1
2018-04-25 16:55:17,29.239,16280,0,476011,1
2018-04-25 16:55:21,19.0883,16260,0,310376,1
2018-04-25 16:55:25,539.1643,16280,0,8777595,1
2018-04-25 16:55:25,4.2626,16280,0,69395,1
2018-04-25 16:55:48,25.4825,16185,0,-412434,0
2018-04-25 16:56:17,16.79316419,16200,0,-272049,0
2018-04-25 16:56:21,69.054,16225,0,-1120401,0
2018-04-25 16:56:26,248.6248,16230,0,-4035181,0
2018-04-25 16:56:26,6.2914,16225,0,-102078,0
2018-04-25 16:56:31,20.1631,16220,0,-327045,0
2018-04-25 16:56:58,22.94,16250,0,-372775,0
2018-04-25 16:56:58,16.0805,16250,0,-261308,0
2018-04-25 16:56:58,20.13731538,16250,0,-327231,0
2018-04-25 16:57:12,167.2415,16310,0,-2727709,0
2018-04-25 16:57:12,276.3794184,16300,0,-4504985,0
2018-04-25 16:57:12,110.81218159,16310,0,-1807347,0
2018-04-25 16:57:31,145.8251,16315,0,2379137,1
2018-04-25 16:57:39,136.5998,16315,0,2228626,1
2018-04-25 16:57:40,717.575,16315,0,11707236,1
2018-04-25 16:58:45,6.0441,16300,0,-98519,0
2018-04-25 16:59:16,1.1875,16295,0,19350,1
2018-04-25 16:59:17,4.8566,16295,0,79138,1
2018-04-25 16:59:54,180.7614,16300,0,-2946411,0
2018-04-25 16:59:55,6.0,16300,0,-97800,0
2018-04-25 17:00:10,62.9,16300,0,1025270,1
2018-04-25 17:01:27,60.8691,16295,0,-991862,0
2018-04-25 17:01:34,11.982,16300,0,-195307,0
2018-04-25 17:02:05,287.54454991,16310,0,-4689852,0
2018-04-25 17:02:06,276.001,16310,0,-4501576,0
2018-04-25 17:02:06,99.3623,16310,0,-1620599,0
2018-04-25 17:02:06,41.0876,16310,0,-670139,0
2018-04-25 17:03:59,102.9442,16360,0,1684167,1
2018-04-25 17:03:59,404.7548,16360,0,6621789,1
2018-04-25 17:03:59,393.009,16360,0,6429627,1
2018-04-25 17:04:15,1000.0,16380,0,-16380000,0
2018-04-25 17:05:00,986.3937,16380,0,16157129,1
2018-04-25 17:05:00,8.5568,16380,0,140160,1
2018-04-25 17:05:04,5.0495,16365,0,82635,1
2018-04-25 17:07:16,72.7125,16310,0,-1185941,0
2018-04-25 17:07:22,510.33962126,16315,0,-8326191,0
2018-04-25 17:07:23,0.99,16315,0,-16152,0
2018-04-25 17:07:59,12.3464,16340,0,201740,1
2018-04-25 17:09:14,571.6957,16385,0,9367234,1
2018-04-25 17:10:45,496.76715121,16400,0,-8146981,0
2018-04-25 17:10:46,15.7629,16400,0,-258512,0
2018-04-25 17:12:04,175.9612,16465,0,2897201,1
2018-04-25 17:12:04,7.33,16465,0,120688,1
2018-04-25 17:12:30,0.0001,16490,0,-2,0
2018-04-25 17:13:26,197.1475,16405,0,3234205,1
2018-04-25 17:13:26,132.0914,16405,0,2166959,1
2018-04-25 17:14:00,1000.0,16400,0,-16400000,0
2018-04-25 17:18:16,340.9861,16340,0,5571713,1
2018-04-25 17:18:16,86.5637,16340,0,1414451,1
2018-04-25 17:21:39,23.0578,16320,0,376303,1
2018-04-25 17:21:39,22.4868,16320,0,366985,1
2018-04-25 17:22:48,6.1482,16265,0,100000,1
2018-04-25 17:22:49,124.4526,16265,0,2024222,1
2018-04-25 17:23:13,40.903,16250,0,-664674,0
2018-04-25 17:23:18,100.8589,16265,0,-1640470,0
2018-04-25 17:26:14,1.8532,16195,0,30013,1
2018-04-25 17:26:14,8.7,16195,0,140897,1
2018-04-25 17:26:18,15.548,16190,0,251722,1
2018-04-25 17:26:41,176.6838,16150,0,2853443,1
2018-04-25 17:26:41,335.2817,16150,0,5414799,1
2018-04-25 17:26:59,100.0,16130,0,-1613000,0
2018-04-25 17:27:06,900.0,16120,0,-14508000,0
2018-04-25 17:27:26,12.4,16065,0,199206,1
2018-04-25 17:27:26,3.4002,16065,0,54624,1
2018-04-25 17:27:26,852.9,16065,0,13701839,1
2018-04-25 17:27:27,131.2998,16065,0,2109331,1
2018-04-25 17:27:59,417.1461794,16120,0,-6724396,0
2018-04-25 17:27:59,582.85382059,16120,0,-9395604,0
2018-04-25 17:28:43,46.2888,16195,0,749647,1
2018-04-25 17:28:43,874.4686,16195,0,14162019,1
2018-04-25 17:28:44,45.5533,16195,0,737736,1
2018-04-25 17:28:44,33.6893,16195,0,545598,1
2018-04-25 17:29:26,83.2596,16120,0,-1342145,0
2018-04-25 17:30:10,329.2145902,16130,0,-5310231,0
2018-04-25 17:30:10,62.9977,16130,0,-1016153,0
2018-04-25 17:30:11,9.99990979,16130,0,-161299,0
2018-04-25 17:30:14,15.92150619,16150,0,-257132,0
2018-04-25 17:30:15,24.5271,16150,0,-396113,0
2018-04-25 17:30:29,332.1106,16160,0,5366907,1
2018-04-25 17:30:38,0.0001,16170,0,-2,0
2018-04-25 17:30:42,125.2577,16170,0,-2025417,0
2018-04-25 17:30:45,40.95,16135,0,-660728,0
2018-04-25 17:30:49,639.9824,16150,0,-10335716,0
2018-04-25 17:33:41,915.0151,16200,0,14823245,1
2018-04-25 17:34:04,9.7749,16175,0,-158109,0
2018-04-25 17:34:04,123.6475,16175,0,-1999998,0
2018-04-25 17:34:36,89.0524,16180,0,-1440868,0
2018-04-25 17:34:40,71.495,16190,0,-1157504,0
2018-04-25 17:34:45,27.0949,16190,0,-438666,0
2018-04-25 17:35:09,406.0496,16225,0,6588155,1
2018-04-25 17:37:04,510.9403,16210,0,-8282342,0
2018-04-25 17:37:11,510.9403,16230,0,8292561,1
2018-04-25 17:38:02,161.4032,16235,0,-2620381,0
2018-04-25 17:38:14,594.2156,16250,0,-9656004,0
2018-04-25 17:38:14,244.3812,16250,0,-3971195,0
2018-04-25 17:43:04,151.3692,16175,0,2448397,1
2018-04-25 17:43:17,1.693,16155,0,27350,1
2018-04-25 17:43:17,89.1468,16155,0,1440167,1
2018-04-25 17:43:25,73.152,16105,0,1178113,1
2018-04-25 17:46:24,315.8048,15980,0,5046561,1
2018-04-25 17:46:31,34.9522,15995,0,559060,1
2018-04-25 17:47:17,49.7792,15925,0,-792734,0
2018-04-25 17:47:24,383.6612,15925,0,6109805,1
2018-04-25 17:50:21,35.04,15870,0,-556085,0
2018-04-25 17:50:26,9.8,15880,0,155624,1
2018-04-25 17:50:30,25.24,15885,0,400937,1
2018-04-25 17:52:50,351.44890109,15925,0,-5596824,0
2018-04-25 17:53:05,52.8609,15940,0,-842603,0
2018-04-25 17:53:05,59.1185,15940,0,-942349,0
2018-04-25 17:53:38,342.2576,15920,0,-5448741,0
2018-04-25 17:54:11,73.152,15985,0,1169335,1
2018-04-25 17:54:11,73.0553,15985,0,1167789,1
2018-04-25 17:54:29,635.2446,15945,0,10128975,1
2018-04-25 17:54:35,24.234,15955,0,386653,1
2018-04-25 17:56:08,398.9165,15855,0,-6324821,0
2018-04-25 17:56:41,14.0667,15830,0,222676,1
2018-04-25 17:57:01,384.8498,15800,0,6080627,1
2018-04-25 17:57:11,582.06061428,15800,0,-9196558,0
2018-04-25 17:57:52,237.0714,15860,0,3759952,1
2018-04-25 17:58:36,5.6693,15790,0,89518,1
2018-04-25 17:58:36,2.5,15790,0,39475,1
2018-04-25 17:59:58,10.0,15880,0,-158800,0
2018-04-25 18:00:13,6.1044,15870,0,-96877,0
2018-04-25 18:00:13,1.0216,15870,0,-16213,0
2018-04-25 18:00:39,353.9459,15915,0,5633049,1
2018-04-25 18:01:02,61.4967,15930,0,-979642,0
2018-04-25 18:01:02,938.5033,15930,0,-14950358,0
2018-04-25 18:02:58,1.0,15930,0,15930,1
2018-04-25 18:02:58,12.6028,15930,0,200763,1
2018-04-25 18:02:59,21.081,15930,0,335820,1
2018-04-25 18:03:11,956.2532,15915,0,15218770,1
2018-04-25 18:03:11,9.063,15915,0,144238,1
2018-04-25 18:03:58,13.57685021,15910,0,-216008,0
2018-04-25 18:04:49,13.5769,15975,0,216891,1
2018-04-25 18:08:50,50.0,16030,0,-801500,0
2018-04-25 18:08:50,23.20400112,16030,0,-371960,0
2018-04-25 18:09:03,1.2511,16060,0,-20093,0
2018-04-25 18:09:07,348.09571325,16070,0,-5593898,0
2018-04-25 18:09:07,19.96998674,16070,0,-320918,0
2018-04-25 18:09:11,8.4663,16065,0,-136011,0
2018-04-25 18:09:30,1.2071651,16050,0,19375,1
2018-04-25 18:09:30,162.2901,16050,0,2604756,1
2018-04-25 18:09:30,156.5706,16050,0,2512958,1
2018-04-25 18:09:45,399.4479,16040,0,-6407144,0
2018-04-25 18:10:02,139.6661,16030,0,2238848,1
2018-04-25 18:10:02,17.0168,16030,0,272779,1
2018-04-25 18:10:02,370.418,16030,0,5937801,1
2018-04-25 18:10:05,3.2662,16025,0,52341,1
2018-04-25 18:10:40,1000.0,15990,0,-15990000,0
2018-04-25 18:11:25,298.2317,16000,0,4771707,1
2018-04-25 18:11:25,329.9971,16000,0,5279954,1
2018-04-25 18:11:45,195.06013204,15970,0,3115110,1
2018-04-25 18:11:45,10.5667,15970,0,168750,1
2018-04-25 18:11:46,112.2868,15970,0,1793220,1
2018-04-25 18:11:46,5.6836,15970,0,90767,1
2018-04-25 18:11:51,5.4935,15965,0,87704,1
2018-04-25 18:11:58,35.4327749,15940,0,-564798,0
2018-04-25 18:12:08,32.2017,15940,0,513295,1
2018-04-25 18:12:26,10.1788,15925,0,-162097,0
2018-04-25 18:12:53,56.0904,15940,0,894081,1
2018-04-25 18:13:15,1000.0,15950,0,-15950000,0
2018-04-25 18:13:31,73.152,15995,0,1170066,1
2018-04-25 18:13:36,251.7785,16000,0,4028456,1
2018-04-25 18:13:36,209.1645,16000,0,3346632,1
2018-04-25 18:13:40,25.536,15995,0,408448,1
2018-04-25 18:13:48,0.6376,15960,0,10176,1
2018-04-25 18:13:49,439.7314,15960,0,7018113,1
2018-04-25 18:16:00,1.992,15945,0,-31762,0
2018-04-25 18:16:22,1.992,15960,0,31792,1
2018-04-25 18:18:18,502.282,15890,0,-7981261,0
2018-04-25 18:19:21,44.2581,15890,0,703261,1
2018-04-25 18:20:08,71.1501,15910,0,-1131998,0
2018-04-25 18:22:35,529.174,15940,0,8435034,1
2018-04-25 18:26:11,1000.0,15925,0,-15925000,0
2018-04-25 18:30:48,479.0437,15850,0,7592843,1
2018-04-25 18:30:49,11.9294,15850,0,189081,1
2018-04-25 18:30:49,100.0,15850,0,1585000,1
2018-04-25 18:31:22,137.3329,15840,0,-2175353,0
2018-04-25 18:31:36,329.3894,15860,0,5224116,1
2018-04-25 18:31:44,36.5218,15810,0,577410,1
2018-04-25 18:31:44,27.28,15810,0,431297,1
2018-04-25 18:32:03,320.894,15790,0,-5066916,0
2018-04-25 18:32:15,8.8135,15800,0,-139253,0
2018-04-25 18:33:13,113.6041,15775,0,1792105,1
2018-04-25 18:33:13,22.0876,15775,0,348432,1
2018-04-25 18:33:24,65.9119,15755,0,-1038442,0
2018-04-25 18:33:29,30.4765,15755,0,-480157,0
2018-04-25 18:33:34,2.3644,15755,0,-37251,0
2018-04-25 18:33:46,6.2087,15740,0,-97725,0
2018-04-25 18:33:57,329.0291,15730,0,-5175628,0
2018-04-25 18:36:58,5.0,15710,0,78550,1
2018-04-25 18:36:58,182.1766,15710,0,2861994,1
2018-04-25 18:36:58,100.0,15710,0,1571000,1
2018-04-25 18:36:58,104.5632,15710,0,1642688,1
2018-04-25 18:36:58,65.3585,15710,0,1026782,1
2018-04-25 18:37:13,30.1041,15710,0,-472935,0
2018-04-25 18:37:13,153.5459,15710,0,-2412206,0
2018-04-25 18:38:08,97.3476282,15600,0,1518623,1
2018-04-25 18:38:08,104.3156,15600,0,1627323,1
2018-04-25 18:38:09,212.335,15600,0,3312426,1
2018-04-25 18:38:15,3.8,15620,0,59356,1
2018-04-25 18:38:22,7.9846,15630,0,124799,1
2018-04-25 18:38:35,0.0001,15630,0,-2,0
2018-04-25 18:38:35,24.6205,15630,0,-384818,0
2018-04-25 18:38:43,106.5644,15630,0,1665602,1
2018-04-25 18:40:27,4.2637,15495,0,-66066,0
2018-04-25 18:40:30,1.8072,15505,0,-28021,0
2018-04-25 18:40:31,24.7038,15505,0,-383032,0
2018-04-25 18:40:31,159.8868,15505,0,-2479045,0
2018-04-25 18:40:31,381.7939,15505,0,-5919714,0
2018-04-25 18:40:44,80.9317,15580,0,1260916,1
2018-04-25 18:40:57,21.8447,15575,0,340231,1
2018-04-25 18:41:03,35.0617,15570,0,-545911,0
2018-04-25 18:41:41,501.9866,15490,0,7775772,1
2018-04-25 18:41:41,2.7542,15490,0,42663,1
2018-04-25 18:41:58,5.9718,15500,0,-92563,0
2018-04-25 18:41:58,24.2724,15500,0,-376222,0
2018-04-25 18:41:58,230.0,15500,0,-3565000,0
2018-04-25 18:42:10,74.5006,15490,0,-1154014,0
2018-04-25 18:42:48,371.3105,15540,0,-5770165,0
2018-04-25 18:43:33,27.9311,15550,0,434329,1
2018-04-25 18:43:33,153.9181,15550,0,2393426,1
2018-04-25 18:44:17,524.2061,15535,0,8143542,1
2018-04-25 18:44:39,526.8686,15490,0,-8161195,0
2018-04-25 18:45:38,526.8686,15515,0,8174366,1
2018-04-25 18:46:11,35.89,15520,0,-557013,0
2018-04-25 18:46:57,964.11,15600,0,-15040116,0
2018-04-25 18:49:58,2.8679,15675,0,44954,1
2018-04-25 18:50:08,11.76884569,15670,0,184418,1
2018-04-25 18:50:28,985.3632,15660,0,15430788,1
2018-04-25 18:51:09,31.0295,15555,0,-482664,0
2018-04-25 18:51:14,31.0295,15555,0,482664,1
2018-04-25 18:52:01,16.429,15530,0,-255142,0
2018-04-25 18:52:14,16.429,15545,0,255389,1
2018-04-25 18:52:27,10.0,15560,0,-155600,0
2018-04-25 18:52:33,10.0,15550,0,155500,1
2018-04-25 18:54:12,759.2421,15510,0,-11775845,0
2018-04-25 18:54:12,240.7579,15510,0,-3734155,0
2018-04-25 18:58:56,100.0,15595,0,1559500,1
2018-04-25 18:59:01,170.6684,15575,0,2658160,1
2018-04-25 18:59:01,253.85,15575,0,3953714,1
2018-04-25 18:59:37,18.4279,15550,0,-286554,0
2018-04-25 18:59:37,10.0,15550,0,-155500,0
2018-04-25 19:00:43,152.4317,15525,0,2366502,1
2018-04-25 19:00:43,351.4778,15525,0,5456693,1
2018-04-25 19:01:04,380.9153,15485,0,-5898473,0
2018-04-25 19:01:04,164.7545,15485,0,-2551223,0
2018-04-25 19:01:04,75.0,15485,0,-1161375,0
2018-04-25 19:02:05,129.87,15455,0,2007141,1
2018-04-25 19:02:05,300.11,15450,0,4636700,1
2018-04-25 19:02:30,249.625,15405,0,-3845473,0
2018-04-25 19:02:39,3.1234,15400,0,48100,1
2018-04-25 19:03:03,562.8086,15400,0,-8667252,0
2018-04-25 19:03:31,252.8156,15380,0,3888304,1
2018-04-25 19:03:31,0.972,15380,0,14949,1
2018-04-25 19:03:31,30.0,15380,0,461400,1
2018-04-25 19:03:39,716.2124,15380,0,11015347,1
2018-04-25 19:04:12,770.3239,15250,0,-11747439,0
2018-04-25 19:04:12,229.6761,15260,0,-3504857,0
2018-04-25 19:06:34,797.32716504,15380,0,12262892,1
2018-04-25 19:06:34,202.67283495,15380,0,3117108,1
2018-04-25 19:06:38,1.0001,15385,0,-15387,0
2018-04-25 19:06:38,352.89636552,15385,0,-5429311,0
2018-04-25 19:06:59,11.8729,15375,0,-182546,0
2018-04-25 19:07:59,365.7694,15395,0,5631020,1
2018-04-25 19:09:15,538.1196,15355,0,-8262826,0
2018-04-25 19:09:15,198.6187,15355,0,-3049790,0
2018-04-25 19:11:12,79.4453,15180,0,1205980,1
2018-04-25 19:11:12,657.293,15180,0,9977708,1
2018-04-25 19:14:56,103.166,15325,0,-1581019,0
2018-04-25 19:14:57,30.0,15325,0,-459750,0
2018-04-25 19:14:57,64.921,15325,0,-994914,0
2018-04-25 19:14:57,50.9108,15325,0,-780208,0
2018-04-25 19:14:57,1.0001,15325,0,-15327,0
2018-04-25 19:15:05,1.8,15305,0,-27549,0
2018-04-25 19:15:34,30.1238,15240,0,459087,1
2018-04-25 19:15:44,13.13197636,15230,0,200000,1
2018-04-25 19:15:48,62.1261,15170,0,942453,1
2018-04-25 19:15:48,7.7825,15170,0,118061,1
2018-04-25 19:16:00,584.1523,15130,0,-8838224,0
2018-04-25 19:18:03,722.7858,14960,0,10812876,1
2018-04-25 19:18:35,527.4019,14900,0,-7858288,0
2018-04-25 19:18:35,55.1909,14895,0,-822068,0
2018-04-25 19:19:51,86.8543,14780,0,1283707,1
2018-04-25 19:19:51,22.6081,14780,0,334148,1
2018-04-25 19:19:52,10.0,14780,0,147800,1
2018-04-25 19:19:52,33.8249,14780,0,499932,1
2018-04-25 19:19:52,31.5233,14780,0,465914,1
2018-04-25 19:19:52,6.4276,14780,0,95000,1
2018-04-25 19:19:52,5.0,14780,0,73900,1
2018-04-25 19:19:53,231.0702,14780,0,3415218,1
2018-04-25 19:20:44,155.2844,14960,0,2323055,1
2018-04-25 19:21:05,45.0,14935,0,-672075,0
2018-04-25 19:21:05,15.5748877,14935,0,-232611,0
2018-04-25 19:21:12,60.5749,14955,0,905898,1
2018-04-25 19:21:59,394.4336,14905,0,-5879033,0
2018-04-25 19:21:59,200.0,14905,0,-2981000,0
2018-04-25 19:22:33,132.8841,14800,0,1966685,1
2018-04-25 19:22:34,29.59,14800,0,437932,1
2018-04-25 19:22:34,21.4,14800,0,316720,1
2018-04-25 19:23:33,7.2927,14735,0,107458,1
2018-04-25 19:23:45,186.8252,14690,0,2744462,1
2018-04-25 19:23:49,216.4416,14670,0,3175198,1
2018-04-25 19:24:24,494.6786,14730,0,-7286616,0
2018-04-25 19:25:00,22.5,14670,0,330075,1
2018-04-25 19:25:06,463.215,14660,0,6790732,1
2018-04-25 19:25:19,8.9636,14655,0,131362,1
2018-04-25 19:26:04,892.2456,14680,0,-13098165,0
2018-04-25 19:27:35,340.18279785,14940,0,5082331,1
2018-04-25 19:27:39,552.0628,14940,0,8247818,1
2018-04-25 19:28:24,2.2,14945,0,-32879,0
2018-04-25 19:28:25,442.7128,14945,0,-6616343,0
2018-04-25 19:28:39,100.94392523,14980,0,1512140,1
2018-04-25 19:29:18,47.9063,14950,0,-716199,0
2018-04-25 19:29:51,84.35211115,14740,0,-1243350,0
2018-04-25 19:29:51,376.73008884,14780,0,-5568071,0
2018-04-25 19:31:08,852.9574,14845,0,12662153,1
2018-04-25 19:31:14,43.5721,14800,0,-644867,0
2018-04-25 19:31:29,1.8191,14850,0,-27014,0
2018-04-25 19:32:02,769.1526,14895,0,-11456528,0
2018-04-25 19:32:12,100.2621,14895,0,1493404,1
2018-04-25 19:34:01,714.2817,15190,0,10849939,1
2018-04-25 19:34:17,13.2834,15245,0,-202505,0
2018-04-25 19:34:17,128.53,15245,0,-1959440,0
2018-04-25 19:34:17,6.7903,15245,0,-103518,0
2018-04-25 19:34:17,24.0501,15245,0,-366644,0
2018-04-25 19:34:41,172.6538,15250,0,2632970,1
2018-04-25 19:35:45,238.3564,15100,0,-3599182,0
2018-04-25 19:35:45,292.3225,15100,0,-4414070,0
2018-04-25 19:36:44,530.6789,14990,0,7954877,1
2018-04-25 19:39:19,1000.0,15070,0,-15070000,0
2018-04-25 19:41:12,133.6004,14975,0,2000666,1
2018-04-25 19:41:13,436.3161,14975,0,6533834,1
2018-04-25 19:41:33,10.0,15050,0,-150500,0
2018-04-25 19:41:43,559.9165,15020,0,-8409946,0
2018-04-25 19:42:32,45.3474,15055,0,682705,1
2018-04-25 19:43:02,4.108,15075,0,61928,1
2018-04-25 19:43:03,62.0760199,15075,0,935796,1
2018-04-25 19:43:03,100.0,15075,0,1507500,1
2018-04-25 19:43:06,788.4686,15090,0,11897991,1
2018-04-25 19:44:02,5.7,15075,0,-85928,0
2018-04-25 19:44:15,5.7,15090,0,86013,1
2018-04-25 19:44:34,22.6137,15065,0,-340675,0
2018-04-25 19:44:34,49.9999,15065,0,-753248,0
2018-04-25 19:44:34,9.4612,15065,0,-142533,0
2018-04-25 19:44:34,179.73,15065,0,-2707632,0
2018-04-25 19:44:39,78.0831,15070,0,-1176712,0
2018-04-25 19:45:48,48.7,15130,0,-736831,0
2018-04-25 19:45:52,5.5,15135,0,-83243,0
2018-04-25 19:45:53,43.7,15135,0,-661400,0
2018-04-25 19:47:13,8.4054,15070,0,126669,1
2018-04-25 19:47:18,570.6175,15020,0,-8570675,0
2018-04-25 19:47:56,741.6107,14980,0,11109328,1
2018-04-25 19:48:01,75.0,14960,0,1122000,1
2018-04-25 19:48:02,10.001,14960,0,149615,1
2018-04-25 19:48:02,173.3883,14960,0,2593889,1
2018-04-25 19:48:30,40.0,14920,0,-596800,0
2018-04-25 19:48:34,47.9302,14915,0,-714879,0
2018-04-25 19:48:34,42.3694,14915,0,-631940,0
2018-04-25 19:48:38,869.7004,14930,0,-12984627,0
2018-04-25 19:49:05,1000.0,14850,0,14850000,1
2018-04-25 19:50:15,41.98,14835,0,-622773,0
2018-04-25 19:50:16,1.3404,14835,0,-19885,0
2018-04-25 19:50:31,102.1426,14880,0,-1519882,0
2018-04-25 19:50:35,77.5554,14910,0,-1156351,0
2018-04-25 19:51:17,21.06587685,15000,0,-315988,0
2018-04-25 19:51:17,20.1371,15000,0,-302057,0
2018-04-25 19:51:17,735.77862314,15000,0,-11036679,0
2018-04-25 19:52:59,33.0,14990,0,494670,1
2018-04-25 19:52:59,63.1014,14990,0,945890,1
2018-04-25 19:53:00,124.38,14990,0,1864456,1
2018-04-25 19:53:00,143.3565,14990,0,2148914,1
2018-04-25 19:53:36,0.0097,14985,0,145,1
2018-04-25 19:53:55,72.9564,14975,0,1092522,1
2018-04-25 19:53:55,170.3138,14975,0,2550449,1
2018-04-25 19:53:55,25.8212,14975,0,386672,1
2018-04-25 19:53:59,36.7217,14975,0,549907,1
2018-04-25 19:54:14,669.6607,15000,0,-10044911,0
2018-04-25 19:54:22,282.3,14975,0,4227443,1
2018-04-25 19:55:38,1.2119,14950,0,18118,1
2018-04-25 19:55:38,216.5266,14950,0,3237073,1
2018-04-25 19:55:59,31.8007,15020,0,-477647,0
2018-04-25 19:55:59,40.0687,15020,0,-601832,0
2018-04-25 19:55:59,2.58068783,15020,0,-38762,0
2018-04-25 19:56:00,230.1533,15020,0,-3456903,0
2018-04-25 19:56:00,79.5739,15020,0,-1195200,0
2018-04-25 19:56:00,7.2947,15020,0,-109566,0
2018-04-25 19:56:00,16.8701,15020,0,-253389,0
2018-04-25 19:56:00,7.99991216,15020,0,-120159,0
2018-04-25 19:57:02,916.3035,15170,0,13900324,1
2018-04-25 19:57:16,7.1641,15100,0,-108178,0
2018-04-25 19:57:33,2.6,15155,0,-39403,0
2018-04-25 19:57:53,2.3,15230,0,-35029,0
2018-04-25 19:58:46,12.0641,15350,0,185184,1
2018-04-25 19:59:12,17.22,15350,0,-264327,0
2018-04-25 19:59:12,61.907,15350,0,-950272,0
2018-04-25 19:59:24,36.06815609,15380,0,554728,1
2018-04-25 19:59:24,43.0588439,15380,0,662245,1
2018-04-25 19:59:41,130.7203,15415,0,-2015053,0
2018-04-25 19:59:41,869.2797,15415,0,-13399947,0
2018-04-25 20:00:15,227.42784645,15370,0,3495566,1
2018-04-25 20:00:15,161.0512687,15370,0,2475358,1
2018-04-25 20:00:15,227.0194,15370,0,3489288,1
2018-04-25 20:00:39,137.3837,15290,0,2100597,1
2018-04-25 20:00:55,156.91,15210,0,-2386601,0
2018-04-25 20:00:55,113.4503,15210,0,-1725579,0
2018-04-25 20:02:15,150.64,15360,0,2313830,1
2018-04-25 20:02:15,307.6332,15360,0,4725246,1
2018-04-25 20:02:15,59.2048,15360,0,909386,1
2018-04-25 20:02:30,1.5245,15385,0,-23454,0
2018-04-25 20:02:39,92.72828694,15400,0,-1428016,0
2018-04-25 20:02:50,758.7902,15395,0,-11681575,0
2018-04-25 20:03:02,762.3432,15440,0,11770579,1
2018-04-25 20:03:02,90.6998,15440,0,1400405,1
2018-04-25 20:04:02,1000.0,15430,0,-15430000,0
2018-04-25 20:05:30,46.1979,15430,0,712834,1
2018-04-25 20:05:31,11.1268,15430,0,171687,1
2018-04-25 20:05:40,3.1811,15425,0,49068,1
2018-04-25 20:06:16,657.84658241,15435,0,10153862,1
2018-04-25 20:07:05,17.851,15330,0,273656,1
2018-04-25 20:07:06,20.5785,15330,0,315468,1
2018-04-25 20:07:15,59.5876,15320,0,-912882,0
2018-04-25 20:07:23,103.0,15330,0,-1578990,0
2018-04-25 20:07:44,127.1981,15325,0,-1949311,0
2018-04-25 20:07:44,213.9584,15325,0,-3278912,0
2018-04-25 20:08:14,295.0689026,15345,0,4527832,1
2018-04-25 20:08:22,120.2507,15355,0,-1846449,0
2018-04-25 20:09:43,397.9668,15285,0,6082923,1
2018-04-25 20:09:57,174.1772,15275,0,2660557,1
2018-04-25 20:10:04,280.2397,15250,0,-4273655,0
2018-04-25 20:10:30,719.7602,15330,0,-11033924,0
2018-04-25 20:10:56,21.3391,15400,0,328622,1
2018-04-25 20:10:57,21.9116,15400,0,337439,1
2018-04-25 20:10:57,47.6303,15400,0,733507,1
2018-04-25 20:11:03,779.08,15385,0,11986146,1
2018-04-25 20:11:03,130.0389,15385,0,2000648,1
2018-04-25 20:12:13,490.6563,15350,0,-7531574,0
2018-04-25 20:12:19,48.3215,15340,0,741252,1
2018-04-25 20:12:19,19.8252,15340,0,304119,1
2018-04-25 20:12:35,99.99996644,15350,0,-1534999,0
2018-04-25 20:12:35,433.76263355,15350,0,-6658256,0
2018-04-25 20:12:50,759.7985,15375,0,11681902,1
2018-04-25 20:13:00,6.714e-05,15370,0,1,1
2018-04-25 20:13:00,22.873,15370,0,351558,1
2018-04-25 20:13:05,173.6007,15350,0,2664771,1
2018-04-25 20:16:16,150.0,15300,0,-2295000,0
2018-04-25 20:16:17,46.4791,15300,0,-711130,0
2018-04-25 20:16:44,137.094,15295,0,-2096853,0
2018-04-25 20:16:49,237.0927,15295,0,-3626333,0
2018-04-25 20:17:44,31.306,15280,0,478356,1
2018-04-25 20:17:44,315.077,15280,0,4814377,1
2018-04-25 20:17:54,22.69585412,15260,0,-346339,0
2018-04-25 20:18:29,4.0,15180,0,60720,1
2018-04-25 20:18:30,57.5308,15175,0,873030,1
2018-04-25 20:18:34,185.4478,15175,0,2814170,1
2018-04-25 20:20:31,134.686,15225,0,-2050594,0
2018-04-25 20:20:35,865.314,15235,0,-13183059,0
2018-04-25 20:20:56,10.0,15170,0,151700,1
2018-04-25 20:20:56,16.054,15170,0,243539,1
2018-04-25 20:21:00,612.8604,15205,0,9318542,1
2018-04-25 20:21:48,638.9144,15155,0,-9682748,0
2018-04-25 20:25:14,219.32211089,15220,0,3338083,1
2018-04-25 20:25:22,141.5514,15225,0,2155120,1
2018-04-25 20:25:26,132.0,15225,0,2009700,1
2018-04-25 20:25:26,86.4579,15225,0,1316322,1
2018-04-25 20:25:26,6.7628,15225,0,102964,1
2018-04-25 20:26:11,109.9338,15295,0,-1681437,0
2018-04-25 20:26:57,342.0539,15300,0,5233425,1
2018-04-25 20:26:57,21.576,15300,0,330113,1
2018-04-25 20:27:01,93.7614,15295,0,1434081,1
2018-04-25 20:27:17,66.4483,15295,0,1016327,1
2018-04-25 20:27:56,6.106e-05,15295,0,-1,0
2018-04-25 20:28:04,999.9999,15295,0,-15294998,0
2018-04-25 20:28:34,22.6046,15310,0,346076,1
2018-04-25 20:28:44,977.3954,15315,0,14968811,1
2018-04-25 20:30:19,762.3887,15215,0,-11599744,0
2018-04-25 20:31:23,80.7351,15290,0,1234440,1
2018-04-25 20:31:23,40.2093,15290,0,614800,1
2018-04-25 20:31:51,160.0611,15335,0,2454537,1
2018-04-25 20:31:51,38.8617,15335,0,595944,1
2018-04-25 20:31:55,442.5215,15350,0,6792705,1
2018-04-25 20:32:25,575.8577,15335,0,-8830778,0
2018-04-25 20:33:05,296.5,15410,0,4569065,1
2018-04-25 20:33:07,279.3577,15410,0,4304902,1
2018-04-25 20:34:08,249.0196,15480,0,-3854823,0
2018-04-25 20:34:17,750.9804,15390,0,-11557588,0
2018-04-25 20:36:36,64.9984,15385,0,1000000,1
2018-04-25 20:36:36,4.5222,15385,0,69574,1
2018-04-25 20:36:36,12.8563,15385,0,197794,1
2018-04-25 20:40:09,1.0,15480,0,15480,1
2018-04-25 20:40:09,110.4026,15480,0,1709032,1
2018-04-25 20:40:20,806.2205,15470,0,12472231,1
2018-04-25 20:41:27,99.85,15430,0,-1540686,0
2018-04-25 20:41:49,10.9613,15450,0,-169352,0
2018-04-25 20:41:49,0.0001,15450,0,-2,0
2018-04-25 20:41:55,193.863,15455,0,-2996153,0
2018-04-25 20:44:27,26.0535,15410,0,-401484,0
2018-04-25 20:45:16,669.2721,15400,0,-10306790,0
2018-04-25 20:46:05,117.2738,15380,0,1803671,1
2018-04-25 20:46:14,62.4062,15325,0,956375,1
2018-04-25 20:46:15,89.24,15325,0,1367603,1
2018-04-25 20:46:18,489.43,15340,0,7507856,1
2018-04-25 20:46:18,27.1,15340,0,415714,1
2018-04-25 20:46:22,119.8,15340,0,1837732,1
2018-04-25 20:46:22,91.0456,15340,0,1396640,1
2018-04-25 20:46:45,65.598,15310,0,-1004305,0
2018-04-25 20:47:12,69.3024,15390,0,1066564,1
2018-04-25 20:47:24,617.1878,15420,0,-9517036,0
2018-04-25 20:48:58,213.9598,15465,0,3308888,1
2018-04-25 20:48:58,13.5087,15465,0,208912,1
2018-04-25 20:48:58,16.2238,15465,0,250901,1
2018-04-25 20:49:42,626.5045,15500,0,-9710820,0
2018-04-25 20:50:49,208.581,15565,0,3246563,1
2018-04-25 20:50:49,257.2494,15565,0,4004087,1
2018-04-25 20:51:20,534.1696,15560,0,8311679,1
2018-04-25 20:51:24,1000.0,15520,0,-15520000,0
2018-04-25 20:51:44,175.5364,15495,0,2719937,1
2018-04-25 20:51:58,56.2279,15510,0,872095,1
2018-04-25 20:54:34,645.55717929,15840,0,10225626,1
2018-04-25 20:54:44,18.6367,15825,0,294926,1
2018-04-25 20:55:12,2.9,15805,0,-45835,0
2018-04-25 20:55:23,106.9418,15845,0,1694493,1
2018-04-25 20:57:07,232.4046,15980,0,-3713826,0
2018-04-25 20:57:25,767.5954,16000,0,-12281526,0
2018-04-25 20:58:25,10.0,15970,0,159700,1
2018-04-25 20:58:33,6.2774639,15930,0,100000,1
2018-04-25 20:58:41,954.4073,15905,0,15179848,1
2018-04-25 20:58:41,29.3152,15905,0,466258,1
2018-04-25 20:59:07,45.2882,15900,0,-720082,0
2018-04-25 20:59:18,2.0,15890,0,-31780,0
2018-04-25 20:59:22,36.8593,15890,0,-585694,0
2018-04-25 20:59:26,84.1475,15860,0,1334579,1
2018-04-25 21:00:18,11.0,15890,0,-174790,0
2018-04-25 21:00:21,134.6985,15900,0,-2141706,0
2018-04-25 21:00:56,145.6985,15970,0,2326805,1
2018-04-25 21:01:26,104.8767105,15990,0,-1676979,0
2018-04-25 21:01:27,49.99998949,15990,0,-799500,0
2018-04-25 21:01:55,419.3,15980,0,-6700414,0
2018-04-25 21:01:56,40.0,15980,0,-639200,0
2018-04-25 21:02:06,614.1767,15955,0,9799189,1
2018-04-25 21:04:19,72.16299453,15925,0,-1149196,0
2018-04-25 21:04:19,24.72240546,15925,0,-393704,0
2018-04-25 21:04:36,288.61109338,15925,0,-4596132,0
2018-04-25 21:05:33,46.3963,15950,0,740021,1
2018-04-25 21:05:42,339.1002,15960,0,5412039,1
2018-04-25 21:07:14,1000.0,16000,0,-16000000,0
2018-04-25 21:07:56,703.3587,16060,0,11295941,1
2018-04-25 21:08:06,703.3587,16065,0,-11299458,0
2018-04-25 21:08:20,99.87569919,16090,0,1607000,1
2018-04-25 21:08:52,900.1243,16175,0,14559511,1
2018-04-25 21:09:08,0.19393939,16170,0,-3136,0
2018-04-25 21:09:08,1.6,16170,0,-25872,0
2018-04-25 21:09:08,13.5128606,16170,0,-218503,0
2018-04-25 21:09:19,15.3068,16180,0,247664,1
2018-04-25 21:10:02,1000.0,16200,0,-16200000,0
2018-04-25 21:10:24,1000.0,16150,0,16150000,1
2018-04-25 21:11:22,746.2617,16045,0,-11973769,0
2018-04-25 21:11:22,134.3656,16045,0,-2155896,0
2018-04-25 21:11:37,474.683,16115,0,7649517,1
2018-04-25 21:11:37,405.9443,16110,0,6539763,1
2018-04-25 21:12:19,8.6275,16040,0,-138385,0
2018-04-25 21:12:28,12.3177,15985,0,-196898,0
2018-04-25 21:12:35,295.4404,15985,0,-4722615,0
2018-04-25 21:12:50,44.066,15965,0,703514,1
2018-04-25 21:13:01,26.6949,15950,0,-425784,0
2018-04-25 21:13:01,2.8385,15950,0,-45274,0
2018-04-25 21:13:05,160.3186,15950,0,-2557082,0
2018-04-25 21:13:24,462.1716,15880,0,7339285,1
2018-04-25 21:15:22,1000.0,15730,0,-15730000,0
2018-04-25 21:16:30,1000.0,15700,0,15700000,1
2018-04-25 21:17:09,237.3826,15620,0,-3707916,0
2018-04-25 21:17:11,22.23,15620,0,-347233,0
2018-04-25 21:17:19,97.62491825,15620,0,-1524901,0
2018-04-25 21:17:21,20.231,15620,0,-316008,0
2018-04-25 21:17:32,150.4006,15620,0,2349257,1
2018-04-25 21:18:33,10.0,15680,0,-156800,0
2018-04-25 21:18:49,237.068,15745,0,3732636,1
2018-04-25 21:19:11,656.08590957,15765,0,-10343194,0
2018-04-25 21:19:11,343.91409042,15765,0,-5421806,0
2018-04-25 21:19:20,414.22234286,15770,0,6532286,1
2018-04-25 21:19:29,115.4437,15710,0,1813621,1
2018-04-25 21:19:58,151.471,15670,0,2373551,1
2018-04-25 21:19:58,8.2082,15670,0,128622,1
2018-04-25 21:19:58,16.95944522,15670,0,265755,1
2018-04-25 21:19:58,19.8229,15670,0,310625,1
2018-04-25 21:20:11,273.8724,15690,0,4297058,1
2018-04-25 21:21:02,594.806,15650,0,-9308714,0
2018-04-25 21:21:57,50.9354,15635,0,796375,1
2018-04-25 21:25:07,100.0,15590,0,1559000,1
2018-04-25 21:25:07,3.0,15590,0,46770,1
2018-04-25 21:25:07,100.0,15590,0,1559000,1
2018-04-25 21:25:07,100.0,15590,0,1559000,1
2018-04-25 21:25:10,31.2554,15585,0,487115,1
2018-04-25 21:25:10,7.6937,15585,0,119906,1
2018-04-25 21:25:10,10.94,15585,0,170500,1
2018-04-25 21:25:38,16.1031,15525,0,-250001,0
2018-04-25 21:26:04,207.0846,15555,0,3221201,1
2018-04-25 21:26:11,53.838,15575,0,-838527,0
2018-04-25 21:26:35,10.0,15640,0,-156400,0
2018-04-25 21:26:36,92.4633,15645,0,-1446588,0
2018-04-25 21:26:39,843.6987,15650,0,-13203885,0
2018-04-25 21:27:06,374.1805,15565,0,5824119,1
2018-04-25 21:30:32,625.8195,15590,0,9756526,1
2018-04-25 21:31:41,24.5245,15680,0,-384544,0
2018-04-25 21:31:46,2.0,15685,0,-31370,0
2018-04-25 21:32:10,973.4755,15680,0,-15264096,0
2018-04-25 21:34:40,1000.0,15705,0,15705000,1
2018-04-25 21:37:19,450.5245,15605,0,-7030435,0
2018-04-25 21:37:44,5.0683,15625,0,79192,1
2018-04-25 21:37:58,210.4937,15610,0,-3285807,0
2018-04-25 21:41:20,102.3081,15685,0,1604703,1
2018-04-25 21:41:20,553.6418,15685,0,8683872,1
2018-04-25 21:41:36,496.597,15710,0,-7801539,0
2018-04-25 21:41:36,50.0,15710,0,-785500,0
2018-04-25 21:42:22,0.1362,15785,0,2150,1
2018-04-25 21:42:30,253.91729746,15800,0,4011893,1
2018-04-25 21:42:41,707.4565,15820,0,-11191962,0
2018-04-25 21:43:15,208.7384,15805,0,3299110,1
2018-04-25 21:43:15,30.7889,15805,0,486619,1
2018-04-25 21:43:15,69.1856,15805,0,1093478,1
2018-04-25 21:43:15,96.0268,15805,0,1517704,1
2018-04-25 21:43:16,0.2999,15805,0,4740,1
2018-04-25 21:43:16,13.5767,15805,0,214580,1
2018-04-25 21:43:23,100.0,15710,0,1571000,1
2018-04-25 21:43:26,449.0711,15775,0,7084097,1
2018-04-25 21:43:27,32.3126,15775,0,509731,1
2018-04-25 21:44:34,1.0,15830,0,-15830,0
2018-04-25 21:44:34,2.3,15830,0,-36409,0
2018-04-25 21:44:34,4.4,15830,0,-69652,0
2018-04-25 21:44:34,5.4,15830,0,-85482,0
2018-04-25 21:44:35,1.2,15830,0,-18996,0
2018-04-25 21:44:35,1.3,15830,0,-20579,0
2018-04-25 21:44:51,15.6,15890,0,247884,1
2018-04-25 21:45:17,99.30599006,15910,0,-1579958,0
2018-04-25 21:45:42,99.306,15920,0,1580952,1
2018-04-25 21:47:05,24.9852633,15790,0,-394517,0
2018-04-25 21:47:05,0.51993669,15790,0,-8210,0
2018-04-25 21:47:29,3.4621,15785,0,54649,1
2018-04-25 21:47:32,22.0431,15760,0,347399,1
2018-04-25 21:48:35,672.0261,15800,0,-10618012,0
2018-04-25 21:48:36,66.9062,15800,0,-1057118,0
2018-04-25 21:48:36,261.0677,15800,0,-4124870,0
2018-04-25 21:48:53,7.3012,15825,0,115541,1
2018-04-25 21:48:54,331.8603,15825,0,5251689,1
2018-04-25 21:49:11,0.8458,15805,0,13368,1
2018-04-25 21:51:04,150.5234,15730,0,2367733,1
2018-04-25 21:51:04,23.8703,15730,0,375480,1
2018-04-25 21:51:04,8.659,15730,0,136206,1
2018-04-25 21:51:05,3.0,15730,0,47190,1
2018-04-25 21:51:26,484.9147,15670,0,-7598613,0
2018-04-25 21:51:26,41.1452,15670,0,-644745,0
2018-04-25 21:52:38,5.0,15675,0,78375,1
2018-04-25 21:52:54,70.9028,15675,0,1111401,1
2018-04-25 21:54:35,0.1571,15675,0,2463,1
2018-04-25 21:54:43,923.94,15675,0,14482760,1
2018-04-25 21:56:10,1000.0,15625,0,-15625000,0
2018-04-25 21:56:28,0.7855,15620,0,12270,1
2018-04-25 21:56:29,4.62,15620,0,72164,1
2018-04-25 21:58:53,23.7879,15490,0,368475,1
2018-04-25 21:58:54,35.1703,15490,0,544788,1
2018-04-25 21:58:58,36.7941,15480,0,569573,1
2018-04-25 21:58:58,19.2118,15490,0,297591,1
2018-04-25 21:59:05,70.0,15485,0,1083950,1
2018-04-25 21:59:05,0.2471,15485,0,3826,1
2018-04-25 22:00:18,1.5,15485,0,23228,1
2018-04-25 22:00:18,5.0,15485,0,77425,1
2018-04-25 22:00:18,552.2226,15485,0,8551167,1
2018-04-25 22:00:37,265.9189,15485,0,-4117754,0
2018-04-25 22:00:37,191.8469,15485,0,-2970749,0
2018-04-25 22:00:37,191.8469,15485,0,-2970749,0
2018-04-25 22:00:37,99.7266,15485,0,-1544266,0
2018-04-25 22:00:48,5.0,15485,0,77425,1
2018-04-25 22:01:18,1.0,15435,0,15435,1
2018-04-25 22:01:18,56.79872205,15435,0,876688,1
2018-04-25 22:01:18,15.0,15435,0,231525,1
2018-04-25 22:01:27,83.4596,15420,0,1286947,1
2018-04-25 22:01:37,838.7417,15380,0,12899847,1
2018-04-25 22:02:03,59.6605,15455,0,-922053,0
2018-04-25 22:02:03,62.8612417,15455,0,-971520,0
2018-04-25 22:02:04,32.4054,15455,0,-500825,0
2018-04-25 22:02:07,845.0729,15460,0,-13064827,0
2018-04-25 22:02:25,44.555,15470,0,689266,1
2018-04-25 22:02:34,63.45621168,15495,0,983254,1
2018-04-25 22:03:56,5.0,15495,0,77475,1
2018-04-25 22:06:38,1.0,15500,0,15500,1
2018-04-25 22:08:34,34.1691,15510,0,529963,1
2018-04-25 22:09:37,752.9632,15510,0,11678459,1
2018-04-25 22:09:55,98.8565,15500,0,1532276,1
2018-04-25 22:11:25,6.149e-05,15505,0,-1,0
2018-04-25 22:11:29,346.9449,15510,0,-5381115,0
2018-04-25 22:11:29,70.9739,15510,0,-1100805,0
2018-04-25 22:11:29,6.0,15510,0,-93060,0
2018-04-25 22:11:34,38.5371,15530,0,-598481,0
2018-04-25 22:11:34,40.0513,15530,0,-621997,0
2018-04-25 22:12:08,496.8,15605,0,7752564,1
2018-04-25 22:12:20,5.7073,15625,0,89177,1
2018-04-25 22:12:33,500.0,15650,0,-7825000,0
2018-04-25 22:12:33,146.3778,15650,0,-2290813,0
2018-04-25 22:13:08,60.7553,15660,0,951428,1
2018-04-25 22:13:51,139.036,15585,0,2166876,1
2018-04-25 22:13:51,446.5865,15585,0,6960051,1
2018-04-25 22:14:31,1000.0,15540,0,-15540000,0
2018-04-25 22:17:52,512.2307,15585,0,7983115,1
2018-04-25 22:18:08,512.2307,15585,0,-7983115,0
2018-04-25 22:22:39,31.0365,15585,0,483704,1
2018-04-25 22:22:39,1.4617,15585,0,22781,1
2018-04-25 22:22:39,11.2323,15585,0,175055,1
2018-04-25 22:23:02,24.13031488,15540,0,374985,1
2018-04-25 22:23:02,44.6767,15540,0,694276,1
2018-04-25 22:23:02,10.0,15540,0,155400,1
2018-04-25 22:23:02,0.193,15540,0,2999,1
2018-04-25 22:23:02,20.0,15540,0,310800,1
2018-04-25 22:24:59,322.3893,15485,0,4992198,1
2018-04-25 22:24:59,1.0,15485,0,15485,1
2018-04-25 22:25:00,58.4057,15485,0,904412,1
2018-04-25 22:25:11,145.511,15480,0,-2252510,0
2018-04-25 22:25:20,177.6776,15465,0,2747784,1
2018-04-25 22:25:21,170.3569,15450,0,2632014,1
2018-04-25 22:25:21,4.0,15450,0,61800,1
2018-04-25 22:25:21,0.9256,15450,0,14301,1
2018-04-25 22:25:22,268.0253,15450,0,4140991,1
2018-04-25 22:25:23,400.0,15470,0,-6188000,0
2018-04-25 22:25:27,194.036,15495,0,-3006588,0
2018-04-25 22:25:27,26.5558,15495,0,-411482,0
2018-04-25 22:25:59,620.5918,15550,0,9650202,1
2018-04-25 22:26:06,118.463,15500,0,-1836177,0
2018-04-25 22:26:09,10.0,15520,0,155200,1
2018-04-25 22:26:09,74.888,15520,0,1162262,1
2018-04-25 22:26:23,966.425,15450,0,-14931266,0
2018-04-25 22:28:07,1.0,15370,0,15370,1
2018-04-25 22:28:07,130.1659,15370,0,2000650,1
2018-04-25 22:28:22,3.9446,15350,0,60550,1
2018-04-25 22:28:22,37.7959,15350,0,580167,1
2018-04-25 22:28:54,827.0936,15250,0,12613177,1
2018-04-25 22:29:36,115.3921,15250,0,-1759730,0
2018-04-25 22:29:58,52.1032,15320,0,-798221,0
2018-04-25 22:30:02,657.426,15315,0,-10068479,0
2018-04-25 22:30:03,41.4661,15315,0,-635053,0
2018-04-25 22:30:49,77.1042,15370,0,1185092,1
2018-04-25 22:30:55,789.2832,15355,0,12119444,1
2018-04-25 22:32:01,10.0,15300,0,-153000,0
2018-04-25 22:32:01,64.888,15300,0,-992786,0
2018-04-25 22:32:05,66.7534,15300,0,-1021327,0
2018-04-25 22:32:06,56.0523,15300,0,-857600,0
2018-04-25 22:32:17,160.6086,15320,0,-2460524,0
2018-04-25 22:32:46,587.89389427,15380,0,-9041808,0
2018-04-25 22:32:47,53.80370572,15380,0,-827501,0
2018-04-25 22:34:44,334.7737,15375,0,5147146,1
2018-04-25 22:34:58,665.2262,15350,0,10211222,1
2018-04-25 22:35:55,42.0049,15300,0,-642675,0
2018-04-25 22:36:29,12.4513,15320,0,-190754,0
2018-04-25 22:36:29,327.2251,15320,0,-5013089,0
2018-04-25 22:36:57,618.3187,15310,0,-9466459,0
2018-04-25 22:37:44,3.6,15240,0,54864,1
2018-04-25 22:37:44,5.7,15240,0,86868,1
2018-04-25 22:37:44,7.6,15240,0,115824,1
2018-04-25 22:37:45,3.1,15240,0,47244,1
2018-04-25 22:37:45,1.4,15240,0,21336,1
2018-04-25 22:37:45,3.4,15240,0,51816,1
2018-04-25 22:37:45,10.2,15240,0,155448,1
2018-04-25 22:37:45,4.2,15240,0,64008,1
2018-04-25 22:37:46,2.0,15240,0,30480,1
2018-04-25 22:37:46,11.5,15240,0,175260,1
2018-04-25 22:37:47,2.0,15240,0,30480,1
2018-04-25 22:37:47,10.2,15240,0,155448,1
2018-04-25 22:37:50,13.3,15235,0,202626,1
2018-04-25 22:37:50,10.2,15235,0,155397,1
2018-04-25 22:37:50,8.0,15235,0,121880,1
2018-04-25 22:37:50,5.1,15235,0,77699,1
2018-04-25 22:37:50,5.1,15235,0,77699,1
2018-04-25 22:37:50,3.1,15235,0,47229,1
2018-04-25 22:37:50,3.7,15235,0,56370,1
2018-04-25 22:37:51,7.4,15235,0,112739,1
2018-04-25 22:37:51,10.2,15235,0,155397,1
2018-04-25 22:37:51,3.6,15235,0,54846,1
2018-04-25 22:37:51,5.7,15235,0,86840,1
2018-04-25 22:37:51,100.0,15235,0,1523500,1
2018-04-25 22:37:52,5.1,15235,0,77699,1
2018-04-25 22:37:52,53.1373,15235,0,809547,1
2018-04-25 22:37:52,5.7,15235,0,86840,1
2018-04-25 22:37:52,11.2,15235,0,170632,1
2018-04-25 22:37:52,5.7,15235,0,86840,1
2018-04-25 22:37:52,3.9,15235,0,59417,1
2018-04-25 22:37:52,5.6,15235,0,85316,1
2018-04-25 22:37:53,11.5,15235,0,175203,1
2018-04-25 22:37:53,5.7,15235,0,86840,1
2018-04-25 22:37:53,2.3,15235,0,35041,1
2018-04-25 22:37:53,16.2385297,15235,0,247394,1
2018-04-25 22:37:53,6.1,15235,0,92934,1
2018-04-25 22:37:53,14.44,15235,0,219993,1
2018-04-25 22:37:53,24.22,15235,0,368992,1
2018-04-25 22:37:54,72.7,15235,0,1107585,1
2018-04-25 22:42:39,71.177,15175,0,1080111,1
2018-04-25 22:42:58,555.0128,15140,0,-8402894,0
2018-04-25 22:43:46,4.1909,15080,0,63199,1
2018-04-25 22:44:24,995.8091,15040,0,14976969,1
2018-04-25 22:44:36,109.2917,15025,0,-1642108,0
2018-04-25 22:44:36,177.46096339,15025,0,-2666351,0
2018-04-25 22:44:37,12.2245366,15025,0,-183674,0
2018-04-25 22:46:07,298.9772,15000,0,4484658,1
2018-04-25 22:46:26,80.0,15035,0,-1202800,0
2018-04-25 22:46:26,70.0,15035,0,-1052450,0
2018-04-25 22:46:36,850.0,15130,0,-12860500,0
2018-04-25 22:47:42,180.96434692,15170,0,2745229,1
2018-04-25 22:49:26,247.8956,15200,0,3768013,1
2018-04-25 22:49:26,561.73470789,15210,0,8543985,1
2018-04-25 22:49:34,9.4054,15200,0,142962,1
2018-04-25 22:49:59,49.0,15250,0,-747250,0
2018-04-25 22:50:04,515.5019,15280,0,-7876869,0
2018-04-25 22:50:04,35.52261437,15300,0,-543496,0
2018-04-25 22:50:04,67.0,15300,0,-1025100,0
2018-04-25 22:50:12,38.6302,15300,0,591042,1
2018-04-25 22:52:46,628.3943,15320,0,9627001,1
2018-04-25 22:54:09,1000.0,15290,0,-15290000,0
2018-04-25 22:57:09,34.9,15390,0,537111,1
2018-04-25 22:57:22,500.0,15345,0,7672500,1
2018-04-25 22:57:37,64.0568,15345,0,-982952,0
2018-04-25 22:57:37,295.5949,15345,0,-4535904,0
2018-04-25 22:58:54,8.7,15460,0,134502,1
2018-04-25 22:58:59,50.0,15460,0,773000,1
2018-04-25 22:59:45,313.2249,15410,0,4826796,1
2018-04-25 22:59:45,197.1505,15410,0,3038089,1
2018-04-25 22:59:49,3.2239,15400,0,49648,1
2018-04-25 22:59:49,19.2057,15400,0,295768,1
2018-04-25 23:00:02,1.3984,15380,0,21507,1
2018-04-25 23:00:13,4.8731,15370,0,74900,1
2018-04-25 23:00:24,9.6486,15370,0,148299,1
2018-04-25 23:00:25,26.6,15370,0,408842,1
2018-04-25 23:00:26,69.9365,15370,0,1074924,1
2018-04-25 23:00:26,120.7901,15370,0,1856544,1
2018-04-25 23:00:32,387.19460569,15375,0,-5953117,0
2018-04-25 23:00:36,116.6018,15410,0,-1796834,0
2018-04-25 23:02:17,192.899,15380,0,2966787,1
2018-04-25 23:02:56,10.0,15290,0,152900,1
2018-04-25 23:02:59,254.032,15300,0,-3886690,0
2018-04-25 23:05:08,89.1137,15280,0,1361657,1
2018-04-25 23:05:08,123.7176,15280,0,1890405,1
2018-04-25 23:05:38,300.0152,15250,0,-4575232,0
2018-04-25 23:09:03,21.9668,15295,0,335982,1
2018-04-25 23:09:24,620.1465,15270,0,9469637,1
2018-04-25 23:10:06,14.4455,15240,0,-220149,0
2018-04-25 23:10:51,14.4455,15250,0,220294,1
2018-04-25 23:11:15,33.0478,15210,0,-502657,0
2018-04-25 23:12:51,966.9522,15050,0,-14552631,0
2018-04-25 23:15:05,18.2967,15055,0,275457,1
2018-04-25 23:15:07,500.0,15055,0,7527500,1
2018-04-25 23:15:08,4.2,15055,0,63231,1
2018-04-25 23:15:08,2.2497,15055,0,33869,1
2018-04-25 23:15:10,17.0,15055,0,255935,1
2018-04-25 23:15:16,32.9196,15055,0,495605,1
2018-04-25 23:15:40,162.36874971,15085,0,-2449333,0
2018-04-25 23:15:40,100.69035028,15085,0,-1518914,0
2018-04-25 23:16:26,238.8885,15150,0,3619161,1
2018-04-25 23:16:27,13.3835,15150,0,202760,1
2018-04-25 23:16:27,436.1211,15150,0,6607235,1
2018-04-25 23:17:06,1000.0,15180,0,-15180000,0
2018-04-25 23:18:18,101.0579,15165,0,1532543,1
2018-04-25 23:18:47,32.52,15150,0,492678,1
2018-04-25 23:18:47,5.0612,15150,0,76677,1
2018-04-25 23:18:50,100.0,15140,0,1514000,1
2018-04-25 23:18:50,245.8325,15140,0,3721904,1
2018-04-25 23:18:51,515.5284,15140,0,7805100,1
2018-04-25 23:21:57,55.844,15090,0,-842686,0
2018-04-25 23:21:57,26.9999,15090,0,-407428,0
2018-04-25 23:22:14,917.1561,15090,0,-13839886,0
2018-04-25 23:24:01,17.0,15040,0,255680,1
2018-04-25 23:24:02,10.3,15040,0,154912,1
2018-04-25 23:24:08,972.7,15055,0,14643999,1
2018-04-25 23:26:33,34.7365,15060,0,-523132,0
2018-04-25 23:27:21,34.7365,15005,0,521221,1
2018-04-25 23:28:58,201.7653,14900,0,-3006303,0
2018-04-25 23:29:13,201.7653,14925,0,3011347,1
2018-04-25 23:31:58,125.8045,14960,0,-1882035,0
2018-04-25 23:32:13,874.1955,14965,0,-13082336,0
2018-04-25 23:32:18,214.18842316,14940,0,3199975,1
2018-04-25 23:32:19,76.0776,14940,0,1136599,1
2018-04-25 23:32:19,10.0,14940,0,149400,1
2018-04-25 23:32:20,461.5519,14940,0,6895585,1
2018-04-25 23:32:20,215.6617,14940,0,3221986,1
2018-04-25 23:32:23,22.5204,14940,0,336455,1
2018-04-25 23:32:46,312.4307,15030,0,-4695833,0
2018-04-25 23:33:13,227.2943,15030,0,3416233,1
2018-04-25 23:33:13,85.1364,15030,0,1279600,1
2018-04-25 23:33:18,5.6074,14965,0,-83915,0
2018-04-25 23:33:27,517.0724,14960,0,-7735403,0
2018-04-25 23:33:52,353.6055,14945,0,5284634,1
2018-04-25 23:33:52,90.17087058,14945,0,1347604,1
2018-04-25 23:33:53,78.90342941,14945,0,1179212,1
2018-04-25 23:34:20,135.6779,14940,0,-2027028,0
2018-04-25 23:34:21,28.8059,14940,0,-430360,0
2018-04-25 23:34:52,0.4013,14940,0,5995,1
2018-04-25 23:34:52,14.51,14940,0,216779,1
2018-04-25 23:34:53,23.2,14940,0,346608,1
2018-04-25 23:35:17,473.5261,14925,0,-7067377,0
2018-04-25 23:36:27,130.3158,14965,0,1950176,1
2018-04-25 23:36:39,33.3357,14950,0,498369,1
2018-04-25 23:37:09,436.2471,14930,0,6513169,1
2018-04-25 23:38:08,77.959,14925,0,-1163538,0
2018-04-25 23:40:33,597.0574,14970,0,-8937949,0
2018-04-25 23:42:56,675.0164,15060,0,10165747,1
2018-04-25 23:43:26,87.9965,15040,0,-1323467,0
2018-04-25 23:43:49,87.9965,15100,0,1328747,1
2018-04-25 23:44:27,12.0916,15020,0,-181616,0
2018-04-25 23:44:49,8.1799,14985,0,-122576,0
2018-04-25 23:44:58,379.77331762,15015,0,-5702296,0
2018-04-25 23:45:25,43.1735,15025,0,-648682,0
2018-04-25 23:45:32,7.1221,15065,0,107294,1
2018-04-25 23:45:42,54.898,15070,0,827313,1
2018-04-25 23:45:52,315.6106,15080,0,4759408,1
2018-04-25 23:45:52,3.0,15080,0,45240,1
2018-04-25 23:45:56,62.5876,15080,0,943821,1
2018-04-25 23:46:19,117.25331478,15120,0,-1772870,0
2018-04-25 23:46:19,147.77,15120,0,-2234282,0
2018-04-25 23:47:39,68.4083,15040,0,-1028861,0
2018-04-25 23:47:44,2.0,15040,0,-30080,0
2018-04-25 23:47:50,60.7253992,15030,0,-912703,0
2018-04-25 23:47:54,268.6341,15020,0,-4034884,0
2018-04-25 23:49:13,3.8,15060,0,57228,1
2018-04-25 23:50:05,17.0625,15055,0,256876,1
2018-04-25 23:50:05,522.1123,15060,0,7863011,1
2018-04-25 23:50:23,5.0,15020,0,-75100,0
2018-04-25 23:51:05,299.1,15000,0,-4486500,0
2018-04-25 23:52:00,511.83434448,14935,0,-7644246,0
2018-04-25 23:53:32,14.3474,15080,0,216359,1
2018-04-25 23:53:32,923.4032,15075,0,13920303,1
2018-04-25 23:54:18,18.3558,15110,0,-277356,0
2018-04-25 23:54:19,5.3,15110,0,-80083,0
2018-04-25 23:54:26,7.7,15115,0,-116386,0
2018-04-25 23:54:33,3.7,15135,0,-56000,0
2018-04-25 23:54:33,1.5,15135,0,-22703,0
2018-04-25 23:54:40,1.2,15145,0,-18174,0
2018-04-25 23:55:06,93.438,15280,0,-1427733,0
2018-04-25 23:55:06,7.9,15280,0,-120712,0
2018-04-25 23:55:06,1.341,15280,0,-20490,0
2018-04-25 23:55:07,6.5,15280,0,-99320,0
2018-04-25 23:55:07,127.2,15280,0,-1943616,0
2018-04-25 23:55:23,725.8652,15400,0,-11178324,0
2018-04-25 23:55:34,423.56285714,15400,0,6522868,1
2018-04-25 23:55:34,576.43714285,15400,0,8877132,1
2018-04-25 23:55:51,7.2,15350,0,-110520,0
2018-04-25 23:56:05,3.72382812,15360,0,57198,1
2018-04-25 23:56:05,3.47617187,15360,0,53394,1
2018-04-25 23:56:19,197.12582262,15390,0,-3033766,0
2018-04-25 23:56:42,363.504,15445,0,-5614319,0
2018-04-25 23:56:42,245.682,15445,0,-3794558,0
2018-04-25 23:56:42,9.1,15445,0,-140550,0
2018-04-25 23:56:59,394.0382,15470,0,6095771,1
2018-04-25 23:56:59,37.3655,15470,0,578044,1
2018-04-25 23:57:08,69.9169,15470,0,1081614,1
2018-04-25 23:57:09,209.6681,15470,0,3243566,1
2018-04-25 23:57:10,104.4232,15470,0,1615427,1
2018-04-26 00:00:06,407.4769,15400,0,-6275144,0
2018-04-26 00:00:10,40.7695,15390,0,-627443,0
2018-04-26 00:00:14,261.4808,15405,0,-4028112,0
2018-04-26 00:01:02,646.88446677,15375,0,9945849,1
2018-04-26 00:01:11,5.0,15385,0,76925,1
2018-04-26 00:01:21,57.8427,15375,0,889332,1
2018-04-26 00:02:39,658.3108,15420,0,-10151153,0
2018-04-26 00:02:40,32.9087,15420,0,-507452,0
2018-04-26 00:02:59,197.0428,15425,0,3039385,1
2018-04-26 00:04:09,55.9779,15380,0,-860940,0
2018-04-26 00:04:37,93.6813,15430,0,1445502,1
2018-04-26 00:04:37,127.059,15430,0,1960520,1
2018-04-26 00:04:45,10.0,15420,0,154200,1
2018-04-26 00:05:24,6.433e-05,15420,0,-1,0
2018-04-26 00:05:45,319.4144,15440,0,4931758,1
2018-04-26 00:06:36,1000.0,15375,0,-15375000,0
2018-04-26 00:06:59,1000.0,15350,0,15350000,1
2018-04-26 00:11:10,55.17,15290,0,-843549,0
2018-04-26 00:11:17,343.2947,15270,0,-5242110,0
2018-04-26 00:11:17,5.8,15260,0,-88508,0
2018-04-26 00:11:28,595.7353,15240,0,-9079006,0
2018-04-26 00:16:30,157.1733,15355,0,2413396,1
2018-04-26 00:17:41,842.8267,15400,0,12979531,1
2018-04-26 00:19:18,12.7637,15435,0,-197008,0
2018-04-26 00:19:22,65.447,15445,0,-1010829,0
2018-04-26 00:19:26,48.9358,15455,0,-756303,0
2018-04-26 00:19:26,294.2663,15455,0,-4547886,0
2018-04-26 00:19:33,5.0,15470,0,-77350,0
2018-04-26 00:19:38,3.0,15480,0,-46440,0
2018-04-26 00:20:04,6.04e-05,15505,0,-1,0
2018-04-26 00:20:04,10.0,15505,0,-155050,0
2018-04-26 00:20:30,13.4748,15540,0,-209398,0
2018-04-26 00:20:50,352.49077948,15600,0,-5498856,0
2018-04-26 00:20:50,88.8688,15600,0,-1386353,0
2018-04-26 00:20:50,105.75282051,15600,0,-1649744,0
2018-04-26 00:21:34,9.6721,15670,0,151562,1
2018-04-26 00:21:35,990.3279,15660,0,15508535,1
2018-04-26 00:22:08,163.89,15670,0,-2568156,0
2018-04-26 00:22:08,341.8835,15670,0,-5357314,0
2018-04-26 00:22:08,494.2265,15670,0,-7744529,0
2018-04-26 00:23:06,628.1028,15640,0,9823528,1
2018-04-26 00:23:06,18.3731,15640,0,287355,1
2018-04-26 00:23:06,122.006,15640,0,1908174,1
2018-04-26 00:23:23,231.5181,15710,0,3637149,1
2018-04-26 00:23:46,493.0609,15725,0,-7753383,0
2018-04-26 00:23:49,493.0609,15785,0,7782966,1
2018-04-26 00:23:55,9.5,15735,0,-149483,0
2018-04-26 00:23:59,6.0466,15785,0,95446,1
2018-04-26 00:23:59,3.4534,15785,0,54512,1
2018-04-26 00:25:20,120.69415477,15700,0,-1894898,0
2018-04-26 00:25:20,766.38844522,15700,0,-12032299,0
2018-04-26 00:25:41,57.2687,15650,0,896255,1
2018-04-26 00:25:41,183.1637,15650,0,2866512,1
2018-04-26 00:25:41,258.7597,15655,0,4050883,1
2018-04-26 00:25:41,2.4697,15670,0,38700,1
2018-04-26 00:25:47,117.8724,15650,0,1844703,1
2018-04-26 00:26:23,732.4516,15590,0,-11418920,0
2018-04-26 00:27:21,6.8,15575,0,105910,1
2018-04-26 00:27:55,106.8,15545,0,1660206,1
2018-04-26 00:27:55,760.1889,15545,0,11817136,1
2018-04-26 00:28:03,1.0,15545,0,15545,1
2018-04-26 00:28:37,10.9503,15545,0,-170222,0
2018-04-26 00:29:00,5.0,15565,0,77825,1
2018-04-26 00:29:54,29.3919,15540,0,456750,1
2018-04-26 00:29:54,101.7695,15540,0,1581498,1
2018-04-26 00:31:27,1000.0,15450,0,-15450000,0
2018-04-26 00:31:33,31.9275,15515,0,495355,1
2018-04-26 00:32:05,78.947,15485,0,1222494,1
2018-04-26 00:32:25,668.4518,15515,0,10371030,1
2018-04-26 00:32:25,25.7051,15515,0,398815,1
2018-04-26 00:32:53,805.0314,15515,0,-12490062,0
2018-04-26 00:37:01,80.1025,15650,0,1253604,1
2018-04-26 00:37:01,774.5,15650,0,12120925,1
2018-04-26 00:37:01,8.373,15650,0,131037,1
2018-04-26 00:37:01,70.8218,15650,0,1108361,1
2018-04-26 00:37:05,16.1901,15620,0,252889,1
2018-04-26 00:37:11,47.0473,15600,0,733938,1
2018-04-26 00:37:11,2.9653,15600,0,46259,1
2018-04-26 00:37:15,920.7079,15580,0,-14344629,0
2018-04-26 00:37:31,6.8426,15620,0,106881,1
2018-04-26 00:38:04,3.973,15590,0,61939,1
2018-04-26 00:38:08,3.9717,15595,0,61939,1
2018-04-26 00:38:19,0.5,15580,0,7790,1
2018-04-26 00:39:17,14.6281,15550,0,227467,1
2018-04-26 00:39:22,14.1938,15545,0,220643,1
2018-04-26 00:39:42,50.0,15505,0,775250,1
2018-04-26 00:39:43,2.6,15505,0,40313,1
2018-04-26 00:40:05,1.0057,15540,0,15629,1
2018-04-26 00:40:46,128.0953,15560,0,1993163,1
2018-04-26 00:41:14,32.5346,15560,0,506238,1
2018-04-26 00:43:22,662.3631,15685,0,10389165,1
2018-04-26 00:43:30,127.918,15660,0,-2003196,0
2018-04-26 00:43:56,62.2626,15685,0,976589,1
2018-04-26 00:44:00,65.6554,15670,0,1028820,1
2018-04-26 00:47:04,3.8735,15700,0,-60814,0
2018-04-26 00:47:15,341.7311,15725,0,-5373722,0
2018-04-26 00:47:15,473.3475,15725,0,-7443389,0
2018-04-26 00:47:15,181.0479,15725,0,-2846978,0
2018-04-26 00:49:48,170.7885,15685,0,2678818,1
2018-04-26 00:49:52,22.9357,15680,0,359632,1
2018-04-26 00:49:56,1.0,15680,0,15680,1
2018-04-26 00:53:23,195.4,15790,0,3085366,1
2018-04-26 00:53:40,171.3204,15815,0,2709432,1
2018-04-26 00:53:44,34.093,15780,0,537988,1
2018-04-26 00:53:45,75.848,15780,0,1196881,1
2018-04-26 00:53:48,1.4,15780,0,22092,1
2018-04-26 00:53:52,74.048,15785,0,1168848,1
2018-04-26 00:54:34,15.5664,15790,0,-245793,0
2018-04-26 00:55:18,27.4745,15795,0,433960,1
2018-04-26 00:55:18,86.31864064,15795,0,1363403,1
2018-04-26 00:55:57,65.1482,15850,0,-1032599,0
2018-04-26 00:55:57,125.0,15850,0,-1981250,0
2018-04-26 00:55:57,5.0,15850,0,-79250,0
2018-04-26 00:55:57,10.0,15850,0,-158500,0
2018-04-26 00:55:57,100.0,15850,0,-1585000,0
2018-04-26 00:55:58,539.9121,15850,0,-8557607,0
2018-04-26 00:58:53,200.35772988,15910,0,3187691,1
2018-04-26 00:58:53,97.0183,15910,0,1543561,1
2018-04-26 01:00:20,325.4866,15910,0,5178492,1
2018-04-26 01:00:54,62.0817,15880,0,-985857,0
2018-04-26 01:00:58,250.2458,15880,0,-3973903,0
2018-04-26 01:01:48,253.0044,15810,0,4000000,1
2018-04-26 01:01:48,4.7506,15810,0,75107,1
2018-04-26 01:01:52,130.49,15800,0,2061742,1
2018-04-26 01:01:52,3.0,15800,0,47400,1
2018-04-26 01:01:52,6.6753,15800,0,105470,1
2018-04-26 01:01:52,1.048,15800,0,16558,1
2018-04-26 01:01:52,5.0,15800,0,79000,1
2018-04-26 01:01:52,131.7871,15800,0,2082236,1
2018-04-26 01:01:53,153.7094,15800,0,2428609,1
2018-04-26 01:02:20,560.7646,15740,0,-8826435,0
2018-04-26 01:02:56,560.7646,15695,0,8801200,1
2018-04-26 01:03:26,54.2138,15685,0,-850343,0
2018-04-26 01:04:05,151.6678,15655,0,-2374359,0
2018-04-26 01:04:06,7.1,15655,0,-111151,0
2018-04-26 01:05:24,287.8986,15650,0,-4505613,0
2018-04-26 01:08:00,500.8802,15670,0,7848793,1
2018-04-26 01:08:52,51.4101,15670,0,-805596,0
2018-04-26 01:08:56,645.7804,15675,0,-10122608,0
2018-04-26 01:12:11,697.1905,15685,0,10935433,1
2018-04-26 01:13:32,165.0296,15600,0,-2574462,0
2018-04-26 01:13:33,834.9704,15600,0,-13025538,0
2018-04-26 01:13:53,2.4236,15580,0,37760,1
2018-04-26 01:14:40,45.7161,15450,0,706314,1
2018-04-26 01:14:41,10.0,15450,0,154500,1
2018-04-26 01:14:41,15.9059,15450,0,245746,1
2018-04-26 01:16:58,46.657,15450,0,720851,1
2018-04-26 01:16:59,154.3483,15450,0,2384681,1
2018-04-26 01:16:59,64.7315,15450,0,1000102,1
2018-04-26 01:16:59,654.6209,15450,0,10113893,1
2018-04-26 01:16:59,5.5967,15450,0,86469,1
2018-04-26 01:18:28,6.6149,15440,0,-102134,0
2018-04-26 01:19:22,0.6139,15430,0,9472,1
2018-04-26 01:19:22,5.7,15430,0,87951,1
2018-04-26 01:19:22,0.301,15430,0,4644,1
2018-04-26 01:19:39,61.3316,15415,0,-945427,0
2018-04-26 01:19:39,63.4292,15415,0,-977761,0
2018-04-26 01:19:43,20.15390519,15410,0,-310572,0
2018-04-26 01:21:08,25.2067,15385,0,-387805,0
2018-04-26 01:21:34,143.345,15450,0,-2214680,0
2018-04-26 01:21:34,219.5851644,15450,0,-3392591,0
2018-04-26 01:21:35,466.94843559,15450,0,-7214353,0
2018-04-26 01:21:44,161.5283,15445,0,2494805,1
2018-04-26 01:24:05,381.9876455,15560,0,5943728,1
2018-04-26 01:24:17,42.78017083,15565,0,665873,1
2018-04-26 01:24:46,413.7039,15535,0,6426890,1
2018-04-26 01:25:10,2.0,15540,0,-31080,0
2018-04-26 01:26:23,998.0,15565,0,-15533870,0
2018-04-26 01:27:23,916.4404,15550,0,14250648,1
2018-04-26 01:27:23,83.5596,15550,0,1299352,1
2018-04-26 01:29:18,0.3,15490,0,-4647,0
2018-04-26 01:29:27,2.1417,15500,0,-33196,0
2018-04-26 01:29:31,954.4263,15490,0,-14784063,0
2018-04-26 01:30:40,1.1438,15495,0,17723,1
2018-04-26 01:30:40,7.8986,15495,0,122389,1
2018-04-26 01:30:40,39.9193,15495,0,618550,1
2018-04-26 01:30:41,1.0001,15495,0,15497,1
2018-04-26 01:30:41,10.0,15495,0,154950,1
2018-04-26 01:34:26,23.3597,15455,0,361024,1
2018-04-26 01:42:22,1.0,15540,0,15540,1
2018-04-26 01:42:22,247.028735,15540,0,3838827,1
2018-04-26 01:42:23,120.6754,15540,0,1875296,1
2018-04-26 01:44:37,1.0,15675,0,15675,1
2018-04-26 01:44:41,10.0,15615,0,156150,1
2018-04-26 01:44:41,115.01,15615,0,1795881,1
2018-04-26 01:44:41,1.0,15615,0,15615,1
2018-04-26 01:44:46,2.0621,15660,0,32292,1
2018-04-26 01:44:46,2.0621,15660,0,32292,1
2018-04-26 01:45:24,5.6,15675,0,-87780,0
2018-04-26 01:45:24,1.0,15675,0,-15675,0
2018-04-26 01:45:25,1.7,15675,0,-26648,0
2018-04-26 01:45:25,1.0,15675,0,-15675,0
2018-04-26 01:45:25,1.3,15675,0,-20378,0
2018-04-26 01:45:26,3.3,15675,0,-51728,0
2018-04-26 01:45:26,4.8,15675,0,-75240,0
2018-04-26 01:45:26,4.6,15675,0,-72105,0
2018-04-26 01:45:29,1.7,15675,0,-26648,0
2018-04-26 01:45:43,30.0147,15675,0,470480,1
2018-04-26 01:45:43,1.0,15675,0,15675,1
2018-04-26 01:46:01,10.43156117,15660,0,163358,1
2018-04-26 01:46:15,0.0001,15650,0,-2,0
2018-04-26 01:46:20,9.7361,15640,0,-152273,0
2018-04-26 01:48:25,366.9981,15690,0,5758200,1
2018-04-26 01:48:51,14.1236,15660,0,-221176,0
2018-04-26 01:48:55,65.7899,15655,0,-1029941,0
2018-04-26 01:49:01,25.0,15655,0,-391375,0
2018-04-26 01:49:27,0.2489,15670,0,3900,1
2018-04-26 01:49:35,104.6646,15675,0,1640618,1
2018-04-26 01:49:39,12.5042,15645,0,-195628,0
2018-04-26 01:52:28,76.018,15650,0,-1189682,0
2018-04-26 01:52:33,88.5222,15670,0,1387143,1
2018-04-26 01:59:53,199.8605,15640,0,-3125818,0
2018-04-26 02:00:00,5.4,15655,0,84537,1
2018-04-26 02:00:21,76.018,15615,0,1187021,1
2018-04-26 02:00:21,114.89,15615,0,1794007,1
2018-04-26 02:00:22,3.5525,15615,0,55472,1
2018-04-26 02:02:51,975.8904,15625,0,-15248288,0
2018-04-26 02:04:27,68.7917,15660,0,1077278,1
2018-04-26 02:04:34,907.0987,15700,0,14241450,1
2018-04-26 02:05:24,10.0,15750,0,-157500,0
2018-04-26 02:06:13,3.4,15785,0,-53669,0
2018-04-26 02:06:23,2.4,15795,0,-37908,0
2018-04-26 02:06:23,5.3,15795,0,-83714,0
2018-04-26 02:06:23,5.0,15795,0,-78975,0
2018-04-26 02:06:29,100.0,15800,0,-1580000,0
2018-04-26 02:06:38,25.0,15810,0,-395250,0
2018-04-26 02:06:38,3.0,15810,0,-47430,0
2018-04-26 02:06:45,14.0207,15800,0,-221527,0
2018-04-26 02:06:49,439.9455,15815,0,-6957738,0
2018-04-26 02:07:52,608.0662,15785,0,9598325,1
2018-04-26 02:10:46,1000.0,15750,0,-15750000,0
2018-04-26 02:11:56,30.0,15795,0,473850,1
2018-04-26 02:11:56,57.4,15795,0,906633,1
2018-04-26 02:11:56,33.6,15795,0,530712,1
2018-04-26 02:11:57,39.19,15795,0,619006,1
2018-04-26 02:12:23,0.9334,15795,0,14743,1
2018-04-26 02:12:23,178.2894,15795,0,2816081,1
2018-04-26 02:14:39,660.5872,15790,0,10430672,1
2018-04-26 02:15:16,865.2363,15800,0,-13670734,0
2018-04-26 02:15:45,8.171e-05,15790,0,1,1
2018-04-26 02:15:49,76.018,15755,0,1197664,1
2018-04-26 02:15:49,53.81,15755,0,847777,1
2018-04-26 02:15:50,55.4523,15755,0,873651,1
2018-04-26 02:18:00,91.4926,15740,0,1440094,1
2018-04-26 02:18:05,293.8994,15730,0,4623038,1
2018-04-26 02:18:05,294.564,15730,0,4633492,1
2018-04-26 02:19:47,9.459e-05,15735,0,-1,0
2018-04-26 02:19:51,999.9999,15710,0,-15709998,0
2018-04-26 02:20:22,5.5609,15710,0,87362,1
2018-04-26 02:24:22,51.5228,15780,0,813030,1
2018-04-26 02:27:08,86.018,15890,0,1366826,1
2018-04-26 02:28:43,471.2513,15975,0,7528240,1
2018-04-26 02:28:43,112.1793,15975,0,1792064,1
2018-04-26 02:28:52,205.386,15950,0,3275907,1
2018-04-26 02:28:52,68.0817,15950,0,1085903,1
2018-04-26 02:29:17,1.4,15955,0,-22337,0
2018-04-26 02:29:17,2.1,15955,0,-33506,0
2018-04-26 02:29:17,2.8,15955,0,-44674,0
2018-04-26 02:29:18,1.0,15955,0,-15955,0
2018-04-26 02:29:18,3.2,15955,0,-51056,0
2018-04-26 02:29:18,1.2,15955,0,-19146,0
2018-04-26 02:29:18,1.5,15955,0,-23933,0
2018-04-26 02:29:18,1.6,15955,0,-25528,0
2018-04-26 02:29:18,1.7,15955,0,-27124,0
2018-04-26 02:29:18,1.3,15955,0,-20742,0
2018-04-26 02:29:19,1.9,15955,0,-30315,0
2018-04-26 02:29:19,3.9,15955,0,-62225,0
2018-04-26 02:29:19,4.0,15955,0,-63820,0
2018-04-26 02:29:19,1.0,15955,0,-15955,0
2018-04-26 02:29:19,1.0,15955,0,-15955,0
2018-04-26 02:29:19,1.2,15955,0,-19146,0
2018-04-26 02:29:19,0.9999,15955,0,-15953,0
2018-04-26 02:29:20,2.1,15955,0,-33506,0
2018-04-26 02:29:20,7.2,15955,0,-114876,0
2018-04-26 02:29:20,2.5,15955,0,-39888,0
2018-04-26 02:29:21,271.5574,15955,0,-4332698,0
2018-04-26 02:29:22,69.9481,15955,0,-1116022,0
2018-04-26 02:29:24,206.0,15955,0,-3286730,0
2018-04-26 02:29:24,1.0,15955,0,-15955,0
2018-04-26 02:29:25,2.0,15955,0,-31910,0
2018-04-26 02:29:26,2.2,15955,0,-35101,0
2018-04-26 02:29:30,2.3,15955,0,-36697,0
2018-04-26 02:30:03,250.5097,15950,0,3995630,1
2018-04-26 02:30:03,55.3019,15950,0,882065,1
2018-04-26 02:30:03,53.72,15950,0,856834,1
2018-04-26 02:30:07,194.0,15950,0,3094300,1
2018-04-26 02:30:07,6.6625,15950,0,106267,1
2018-04-26 02:30:07,10.0,15950,0,159500,1
2018-04-26 02:30:30,971.5887,16000,0,-15545419,0
2018-04-26 02:32:13,452.5917,16060,0,7268623,1
2018-04-26 02:32:13,10.0,16010,0,160100,1
2018-04-26 02:32:19,358.5543,16000,0,5736869,1
2018-04-26 02:33:05,2.9998,15970,0,47907,1
2018-04-26 02:33:05,1.9407,15970,0,30993,1
2018-04-26 02:33:09,2.9998,15970,0,47907,1
2018-04-26 02:33:56,184.3714,15990,0,-2948099,0
2018-04-26 02:34:17,644.7148,16010,0,-10321884,0
2018-04-26 02:34:46,76.018,15975,0,1214388,1
2018-04-26 02:34:46,10.0,15975,0,159750,1
2018-04-26 02:34:46,7.83,15975,0,125084,1
2018-04-26 02:37:41,25.5118,16080,0,410230,1
2018-04-26 02:37:45,41.9004,16090,0,674177,1
2018-04-26 02:37:49,159.0503,16090,0,2559119,1
2018-04-26 02:37:50,679.6894,16090,0,10936202,1
2018-04-26 02:37:58,566.61712793,16110,0,-9128202,0
2018-04-26 02:37:59,100.0,16110,0,-1611000,0
2018-04-26 02:37:59,50.0,16110,0,-805500,0
2018-04-26 02:37:59,31.5797,16110,0,-508749,0
2018-04-26 02:37:59,251.80317206,16110,0,-4056549,0
2018-04-26 02:38:11,307.8083,16100,0,4955714,1
2018-04-26 02:38:11,0.8091,16100,0,13027,1
2018-04-26 02:43:45,230.7268,16440,0,3793149,1
2018-04-26 02:43:46,10.0,16440,0,164400,1
2018-04-26 02:43:47,394.7875,16440,0,6490307,1
2018-04-26 02:43:47,3.0,16440,0,49320,1
2018-04-26 02:43:48,52.8683,16440,0,869155,1
2018-04-26 02:44:57,640.46944975,16440,0,-10529318,0
2018-04-26 02:44:58,200.0,16440,0,-3288000,0
2018-04-26 02:44:58,157.0553,16440,0,-2581989,0
2018-04-26 02:44:58,2.47525024,16440,0,-40693,0
2018-04-26 02:45:31,1.9356,16320,0,31589,1
2018-04-26 02:45:36,305.9975,16300,0,4987759,1
2018-04-26 02:47:37,280.7,16395,0,4602077,1
2018-04-26 02:47:42,53.9352,16370,0,-882919,0
2018-04-26 02:48:06,534.6979,16395,0,-8766372,0
2018-04-26 02:48:48,30.0,16435,0,493050,1
2018-04-26 02:48:48,78.8486,16435,0,1295877,1
2018-04-26 02:49:16,17.0762,16460,0,281074,1
2018-04-26 02:49:39,786.4411,16470,0,12952685,1
2018-04-26 02:49:39,87.6341,16470,0,1443334,1
2018-04-26 02:49:45,11.27012727,16500,0,-185957,0
2018-04-26 02:49:46,988.72987272,16500,0,-16314043,0
2018-04-26 02:50:45,49.923,16385,0,817988,1
2018-04-26 02:51:19,70.0,16390,0,1147300,1
2018-04-26 02:51:38,10.0,16370,0,163700,1
2018-04-26 02:51:38,14.05,16370,0,229999,1
2018-04-26 02:53:09,856.027,16475,0,14103045,1
2018-04-26 02:54:02,234.5342,16330,0,-3829943,0
2018-04-26 02:54:07,65.0060318,16350,0,-1062849,0
2018-04-26 02:54:08,700.45966819,16350,0,-11452516,0
2018-04-26 02:54:22,999.9999,16390,0,16389998,1
2018-04-26 02:54:51,10.0,16390,0,-163900,0
2018-04-26 02:56:11,102.03,16335,0,-1666660,0
2018-04-26 02:56:46,112.03,16290,0,1824969,1
2018-04-26 02:57:50,678.6181,16300,0,-11061475,0
2018-04-26 02:58:39,19.8,16350,0,323730,1
2018-04-26 02:58:43,3.0,16335,0,49005,1
2018-04-26 02:58:47,655.8181,16360,0,10729184,1
2018-04-26 03:00:55,1000.0,16235,0,-16235000,0
2018-04-26 03:03:21,9.1478,16265,0,148789,1
2018-04-26 03:03:34,3.0,16265,0,48795,1
2018-04-26 03:05:23,737.1563,16310,0,12023019,1
2018-04-26 03:06:33,44.8384,16310,0,-731314,0
2018-04-26 03:06:52,23.4705,16250,0,381396,1
2018-04-26 03:06:52,10.0,16250,0,162500,1
2018-04-26 03:06:52,23.4682,16250,0,381358,1
2018-04-26 03:07:06,220.6028,16190,0,-3571559,0
2018-04-26 03:07:20,175.8228,16110,0,-2832505,0
2018-04-26 03:08:53,272.1811,16210,0,4412056,1
2018-04-26 03:08:53,362.8401,16210,0,5881638,1
2018-04-26 03:08:58,1000.0,16220,0,-16220000,0
2018-04-26 03:09:19,168.9021,16220,0,2739592,1
2018-04-26 03:09:30,154.4167,16160,0,2495374,1
2018-04-26 03:09:46,676.6812,16125,0,10911484,1
2018-04-26 03:10:09,29.61,16105,0,-476869,0
2018-04-26 03:10:35,29.61,16170,0,478794,1
2018-04-26 03:10:45,6.68109382,16200,0,-108234,0
2018-04-26 03:10:45,101.64890617,16200,0,-1646712,0
2018-04-26 03:10:56,891.67,16170,0,-14418304,0
2018-04-26 03:11:12,31.54,16185,0,510475,1
2018-04-26 03:11:12,16.90304653,16185,0,273576,1
2018-04-26 03:14:30,599.628,16240,0,9737959,1
2018-04-26 03:14:31,190.0329,16240,0,3086134,1
2018-04-26 03:14:34,3.0,16230,0,48690,1
2018-04-26 03:14:39,50.0,16235,0,811750,1
2018-04-26 03:14:45,50.0,16230,0,-811500,0
2018-04-26 03:14:49,648.0172,16210,0,-10504359,0
2018-04-26 03:15:48,61.4251,16240,0,997544,1
2018-04-26 03:15:59,2.1371,16240,0,34707,1
2018-04-26 03:16:14,1.0,16235,0,16235,1
2018-04-26 03:16:57,178.3798,16250,0,2898672,1
2018-04-26 03:25:57,95.53714449,16285,0,1555822,1
2018-04-26 03:26:36,13.6645,16275,0,222390,1
2018-04-26 03:28:01,51.494,16210,0,-834718,0
2018-04-26 03:28:15,0.03152865,16225,0,512,1
2018-04-26 03:31:21,471.2885,16250,0,7658438,1
2018-04-26 03:31:43,34.9435,16220,0,566784,1
2018-04-26 03:32:56,85.0089,16190,0,-1376294,0
2018-04-26 03:33:00,223.4247,16190,0,-3617246,0
2018-04-26 03:33:04,114.4883,16190,0,-1853566,0
2018-04-26 03:33:15,10.0,16210,0,-162100,0
2018-04-26 03:33:20,271.5716,16190,0,-4396744,0
2018-04-26 03:34:11,173.1281,16175,0,2800347,1
2018-04-26 03:34:11,61.44414219,16175,0,993859,1
2018-04-26 03:34:19,57.4,16160,0,-927584,0
2018-04-26 03:36:33,455.1403,16220,0,7382376,1
2018-04-26 03:36:33,72.181,16220,0,1170776,1
2018-04-26 03:36:52,224.7917,16255,0,-3653989,0
2018-04-26 03:36:56,775.2083,16260,0,-12604887,0
2018-04-26 03:37:50,11.5325,16270,0,187634,1
2018-04-26 03:37:50,280.5537,16270,0,4564609,1
2018-04-26 03:37:51,707.9138,16270,0,11517758,1
2018-04-26 03:53:10,1000.0,16110,0,-16110000,0
2018-04-26 03:54:44,10.0,16140,0,161400,1
2018-04-26 03:58:10,31.0,16070,0,498170,1
2018-04-26 03:58:10,1.9,16070,0,30533,1
2018-04-26 03:58:10,31.0,16070,0,498170,1
2018-04-26 03:58:14,9.7,16070,0,155879,1
2018-04-26 03:59:32,0.1,16160,0,1616,1
2018-04-26 03:59:38,59.5334,16175,0,962953,1
2018-04-26 03:59:39,89.82,16175,0,1452839,1
2018-04-26 04:00:07,3.6603,16160,0,59150,1
2018-04-26 04:00:07,10.0,16160,0,161600,1
2018-04-26 04:00:08,12.43,16160,0,200869,1
2018-04-26 04:01:21,10.0,16140,0,161400,1
2018-04-26 04:01:29,10.0,16140,0,161400,1
2018-04-26 04:03:09,37.1297,16150,0,599645,1
2018-04-26 04:03:37,683.7266,16170,0,11055859,1
2018-04-26 04:11:22,135.9551,16210,0,-2203832,0
2018-04-26 04:11:31,145.8187,16215,0,-2364450,0
2018-04-26 04:11:37,284.3426,16215,0,-4610615,0
2018-04-26 04:21:15,566.1164,16200,0,9171086,1
2018-04-26 04:24:14,4.4612,16140,0,-72004,0
2018-04-26 04:24:18,72.658,16150,0,-1173427,0
2018-04-26 04:24:22,1.0,16150,0,-16150,0
2018-04-26 04:24:23,69.51,16150,0,-1122587,0
2018-04-26 04:24:27,72.658,16145,0,-1173063,0
2018-04-26 04:25:04,220.2872,16175,0,3563145,1
2018-04-26 04:28:00,131.7645,16115,0,-2123385,0
2018-04-26 04:28:12,50.0,16125,0,-806250,0
2018-04-26 04:28:29,117.0859,16105,0,-1885668,0
2018-04-26 04:28:58,4.118e-05,16145,0,1,1
2018-04-26 04:29:07,318.2337,16110,0,-5126745,0
2018-04-26 04:29:57,38.1274,16130,0,614995,1
2018-04-26 04:35:56,578.9567,16070,0,9303834,1
2018-04-26 04:43:49,14.6002,16080,0,-234771,0
2018-04-26 04:47:05,14.6002,16080,0,234771,1
2018-04-26 04:47:29,648.4338307,16090,0,-10433300,0
2018-04-26 04:47:29,216.77216929,16090,0,-3487864,0
2018-04-26 04:48:24,192.3442,16075,0,3091933,1
2018-04-26 04:48:24,211.881,16075,0,3405987,1
2018-04-26 04:48:24,24.1028,16075,0,387453,1
2018-04-26 04:49:02,436.878,16080,0,7024998,1
2018-04-26 04:50:11,43.3134,16045,0,-694964,0
2018-04-26 04:50:27,78.932,16040,0,-1266069,0
2018-04-26 04:50:28,40.0,16040,0,-641600,0
2018-04-26 04:51:34,5.5,15990,0,87945,1
2018-04-26 04:51:34,2.2,15990,0,35178,1
2018-04-26 04:51:34,2.2,15990,0,35178,1
2018-04-26 04:51:50,1.4854,16000,0,-23766,0
2018-04-26 04:52:28,153.8308,15965,0,2455909,1
2018-04-26 04:53:01,33.788,15930,0,-538243,0
2018-04-26 04:53:05,18.8278,15950,0,-300303,0
2018-04-26 04:53:09,947.3842,15960,0,-15120252,0
2018-04-26 04:57:45,81.2,16035,0,1302042,1
2018-04-26 04:57:46,190.24,16035,0,3050498,1
2018-04-26 04:58:16,10.719,16040,0,171933,1
2018-04-26 04:58:17,62.705,16040,0,1005788,1
2018-04-26 05:00:44,12.1684,16120,0,196155,1
2018-04-26 05:00:49,623.9896,16130,0,10064952,1
2018-04-26 05:01:19,18.978,16145,0,306400,1
2018-04-26 05:04:12,60.5589,16210,0,-981660,0
2018-04-26 05:04:40,14.2739,16210,0,231380,1
2018-04-26 05:05:26,37.5444,16190,0,607844,1
2018-04-26 05:05:26,8.7406,16190,0,141510,1
2018-04-26 05:10:40,1.0001,16250,0,-16252,0
2018-04-26 05:10:40,805.33626173,16250,0,-13086714,0
2018-04-26 05:10:40,7.8,16250,0,-126750,0
2018-04-26 05:10:41,4.7439,16250,0,-77088,0
2018-04-26 05:10:41,181.11973826,16250,0,-2943196,0
2018-04-26 05:17:23,0.3949,16320,0,6445,1
2018-04-26 05:20:35,170.3314,16320,0,2779808,1
2018-04-26 05:20:35,138.01495098,16320,0,2252404,1
2018-04-26 05:24:05,691.2587,16365,0,11312449,1
2018-04-26 05:24:30,129.3023,16340,0,-2112800,0
2018-04-26 05:24:53,4.8,16340,0,-78432,0
2018-04-26 05:26:27,21.8532,16350,0,-357300,0
2018-04-26 05:27:49,62.84934833,16385,0,-1029787,0
2018-04-26 05:27:49,117.37495166,16385,0,-1923189,0
2018-04-26 05:27:55,210.5354,16390,0,-3450675,0
2018-04-26 05:27:55,210.5354,16390,0,-3450675,0
2018-04-26 05:37:12,190.0845,16635,0,3162056,1
2018-04-26 05:37:13,2.2437,16635,0,37324,1
2018-04-26 05:37:14,84.0709,16635,0,1398519,1
2018-04-26 05:37:17,43.6902,16590,0,724820,1
2018-04-26 05:37:17,79.0126,16590,0,1310819,1
2018-04-26 05:38:02,129.5626,16600,0,-2150739,0
2018-04-26 05:38:28,74.1417,16600,0,1230752,1
2018-04-26 05:38:31,109.6223,16600,0,1819730,1
2018-04-26 05:38:31,54.6342,16600,0,906928,1
2018-04-26 05:38:37,6.5,16595,0,107868,1
2018-04-26 05:38:43,58.0006,16595,0,962520,1
2018-04-26 05:38:52,184.8125,16565,0,3061419,1
2018-04-26 05:39:12,339.8619,16470,0,-5597525,0
2018-04-26 05:39:35,4.4206,16465,0,-72785,0
2018-04-26 05:39:59,142.2972,16500,0,2347904,1
2018-04-26 05:39:59,184.92024242,16500,0,3051184,1
2018-04-26 05:40:17,13.0,16490,0,214370,1
2018-04-26 05:40:24,4.0651,16500,0,67074,1
2018-04-26 05:40:51,71.8692,16520,0,-1187279,0
2018-04-26 05:41:16,71.8692,16500,0,1185842,1
2018-04-26 05:41:33,7.47939878,16510,0,-123485,0
2018-04-26 05:41:37,992.5206,16515,0,-16391478,0
2018-04-26 05:42:38,62.6585,16450,0,1030732,1
2018-04-26 05:45:15,42.8,16500,0,706200,1
2018-04-26 05:46:50,74.65524646,16570,0,1237037,1
2018-04-26 05:53:04,52.9303,16570,0,877055,1
2018-04-26 05:53:05,117.68,16570,0,1949958,1
2018-04-26 05:54:20,59.8027,16585,0,991828,1
2018-04-26 06:01:05,589.4732,16570,0,9767571,1
2018-04-26 06:04:53,50.700308,16620,0,-842639,0
2018-04-26 06:04:53,396.1385,16620,0,-6583822,0
2018-04-26 06:04:53,111.65479199,16620,0,-1855703,0
2018-04-26 06:06:30,23.0,16650,0,382950,1
2018-04-26 06:06:34,127.8448,16655,0,2129255,1
2018-04-26 06:07:18,299.55,16675,0,-4994996,0
2018-04-26 06:11:29,71.831,16750,0,1203169,1
2018-04-26 06:11:29,6.3,16750,0,105525,1
2018-04-26 06:11:29,29.05,16750,0,486588,1
2018-04-26 06:11:52,50.0,16765,0,838250,1
2018-04-26 06:11:52,16.42,16765,0,275281,1
2018-04-26 06:11:52,22.0102,16765,0,369001,1
2018-04-26 06:11:56,39.63768224,16775,0,664922,1
2018-04-26 06:12:37,528.05,16790,0,-8865960,0
2018-04-26 06:13:04,999.9999,16820,0,16819998,1
2018-04-26 06:14:06,2.0,16880,0,-33760,0
2018-04-26 06:14:45,27.80942544,16900,0,-469979,0
2018-04-26 06:14:45,10.0,16900,0,-169000,0
2018-04-26 06:14:45,9.985,16900,0,-168747,0
2018-04-26 06:14:45,139.3326,16900,0,-2354721,0
2018-04-26 06:14:45,31.7529,16900,0,-536624,0
2018-04-26 06:14:46,20.0,16900,0,-338000,0
2018-04-26 06:14:46,470.4889,16900,0,-7951262,0
2018-04-26 06:14:46,15.0297,16900,0,-254002,0
2018-04-26 06:14:46,50.0,16900,0,-845000,0
2018-04-26 06:14:46,64.0,16900,0,-1081600,0
2018-04-26 06:14:46,18.66847455,16900,0,-315497,0
2018-04-26 06:14:46,140.933,16900,0,-2381768,0
2018-04-26 06:17:07,391.4706,16910,0,6619768,1
2018-04-26 06:17:10,608.5294,16915,0,10293275,1
2018-04-26 06:19:09,221.5151,16800,0,-3721454,0
2018-04-26 06:19:09,5.0,16800,0,-84000,0
2018-04-26 06:21:04,54.5448,16775,0,-914989,0
2018-04-26 06:21:04,718.9401,16775,0,-12060220,0
2018-04-26 06:22:58,0.2146,16790,0,3603,1
2018-04-26 06:24:50,50.0,16700,0,835000,1
2018-04-26 06:24:50,83.2089,16700,0,1389589,1
2018-04-26 06:24:50,527.7255,16700,0,8813016,1
2018-04-26 06:24:50,10.0,16700,0,167000,1
2018-04-26 06:24:50,249.0337,16700,0,4158863,1
2018-04-26 06:24:51,41.8173,16700,0,698349,1
2018-04-26 06:24:51,38.0,16700,0,634600,1
2018-04-26 06:25:59,1000.0,16700,0,-16700000,0
2018-04-26 06:29:09,44.8502,16770,0,752138,1
2018-04-26 06:31:08,1.43,16650,0,23810,1
2018-04-26 06:31:08,450.2513,16650,0,7496684,1
2018-04-26 06:31:42,503.4685,16580,0,8347508,1
2018-04-26 06:32:22,343.3756,16475,0,-5657113,0
2018-04-26 06:32:26,87.916,16500,0,-1450614,0
2018-04-26 06:32:34,125.1043,16510,0,-2065472,0
2018-04-26 06:37:10,7.6743,16660,0,127854,1
2018-04-26 06:39:18,35.4843,16690,0,592233,1
2018-04-26 06:39:18,324.02,16690,0,5407894,1
2018-04-26 06:39:23,189.2173,16670,0,3154252,1
2018-04-26 06:39:49,239.8833,16660,0,-3996456,0
2018-04-26 06:40:14,0.7788,16680,0,12990,1
2018-04-26 06:41:04,228.3667,16640,0,3800022,1
2018-04-26 06:41:04,10.7378,16640,0,178677,1
2018-04-26 06:41:28,204.1445,16650,0,-3399006,0
2018-04-26 06:42:08,60.06,16650,0,999999,1
2018-04-26 06:42:08,102.6783,16650,0,1709594,1
2018-04-26 06:42:12,0.4477,16650,0,7454,1
2018-04-26 06:42:12,40.9585,16650,0,681959,1
2018-04-26 06:47:55,195.7926,16605,0,-3251136,0
2018-04-26 06:48:01,23.368,16630,0,388610,1
2018-04-26 06:49:34,92.1687,16570,0,1527235,1
2018-04-26 06:49:48,311.41803855,16620,0,-5175768,0
2018-04-26 06:49:49,395.9745,16620,0,-6581096,0
2018-04-26 06:49:49,212.35156144,16620,0,-3529283,0
2018-04-26 06:51:01,41.6771,16655,0,694132,1
2018-04-26 06:51:05,45.8218,16640,0,762475,1
2018-04-26 06:51:05,420.0323,16640,0,6989337,1
2018-04-26 06:51:05,492.4688,16640,0,8194681,1
2018-04-26 06:51:18,184.4529,16635,0,-3068374,0
2018-04-26 06:51:45,184.4529,16650,0,3071141,1
2018-04-26 06:52:52,4.278e-05,16640,0,-1,0
2018-04-26 06:53:00,1.0001,16640,0,-16642,0
2018-04-26 06:54:11,1.0002,16620,0,16623,1
2018-04-26 06:56:07,1000.0,16605,0,-16605000,0
2018-04-26 06:56:51,6.4,16580,0,106112,1
2018-04-26 06:56:51,819.88,16580,0,13593610,1
2018-04-26 06:57:04,207.1966,16580,0,-3435320,0
2018-04-26 06:57:31,619.0834,16580,0,-10264403,0
2018-04-26 06:57:53,683.99869626,16620,0,11368058,1
2018-04-26 06:57:59,50.0,16600,0,830000,1
2018-04-26 06:57:59,108.626,16600,0,1803192,1
2018-04-26 06:57:59,6.7516,16600,0,112077,1
2018-04-26 06:58:00,129.0144,16600,0,2141639,1
2018-04-26 06:58:27,978.3907,16605,0,-16246178,0
2018-04-26 07:00:57,36.5091,16590,0,605686,1
2018-04-26 07:01:02,19.53,16580,0,323807,1
2018-04-26 07:01:05,10.0,16580,0,165800,1
2018-04-26 07:02:00,77.7866,16585,0,1290091,1
2018-04-26 07:02:01,27.06,16585,0,448790,1
2018-04-26 07:02:45,160.8334,16595,0,2669030,1
2018-04-26 07:03:02,48.82,16580,0,809436,1
2018-04-26 07:03:34,52.6444,16590,0,873371,1
2018-04-26 07:03:34,388.3343,16590,0,6442466,1
2018-04-26 07:03:40,83.126,16580,0,1378229,1
2018-04-26 07:04:02,904.6438,16580,0,-14998994,0
2018-04-26 07:07:45,284.2507,16570,0,4710034,1
2018-04-26 07:07:55,696.2267,16570,0,11536476,1
2018-04-26 07:08:54,2.52,16560,0,41731,1
2018-04-26 07:09:40,17.0026,16535,0,281138,1
2018-04-26 07:10:40,321.2675,16490,0,-5297701,0
2018-04-26 07:10:40,41.87,16490,0,-690436,0
2018-04-26 07:10:44,107.17302777,16490,0,-1767283,0
2018-04-26 07:11:07,3.0358,16460,0,49969,1
2018-04-26 07:11:18,197.5256,16415,0,-3242383,0
2018-04-26 07:11:18,5.1644,16415,0,-84774,0
2018-04-26 07:11:18,290.31,16415,0,-4765439,0
2018-04-26 07:11:35,21.7578,16400,0,356828,1
2018-04-26 07:11:52,339.0281,16385,0,5554975,1
2018-04-26 07:13:31,510.3335,16340,0,8338849,1
2018-04-26 07:13:57,910.8447,16300,0,-14846769,0
2018-04-26 07:14:47,75.6537,16255,0,1229751,1
2018-04-26 07:14:47,115.0511,16255,0,1870156,1
2018-04-26 07:18:39,9.8,16210,0,158858,1
2018-04-26 07:18:39,306.5992,16210,0,4969973,1
2018-04-26 07:18:39,492.896,16205,0,7987380,1
2018-04-26 07:18:44,639.9343,16200,0,-10366936,0
2018-04-26 07:21:12,639.9343,16280,0,10418130,1
2018-04-26 07:22:01,1000.0,16360,0,-16360000,0
2018-04-26 07:22:13,1000.0,16440,0,16440000,1
2018-04-26 07:22:51,33.15743093,16420,0,-544445,0
2018-04-26 07:22:51,71.05496906,16420,0,-1166723,0
2018-04-26 07:23:14,169.33,16400,0,-2777012,0
2018-04-26 07:23:18,350.1496,16380,0,-5735450,0
2018-04-26 07:24:09,9.194,16365,0,150460,1
2018-04-26 07:24:09,79.2213,16365,0,1296457,1
2018-04-26 07:24:20,535.2767,16350,0,8751774,1
2018-04-26 07:27:10,1000.0,16375,0,-16375000,0
2018-04-26 07:27:54,15.6758,16415,0,257318,1
2018-04-26 07:27:55,218.25,16415,0,3582574,1
2018-04-26 07:28:03,5.5141,16445,0,90679,1
2018-04-26 07:28:07,45.3,16415,0,743600,1
2018-04-26 07:28:08,8.2999,16415,0,136243,1
2018-04-26 07:28:11,706.9602,16415,0,11604752,1
2018-04-26 07:29:16,68.1962,16355,0,-1115349,0
2018-04-26 07:29:19,21.3,16365,0,348575,1
2018-04-26 07:29:19,6.5,16370,0,106405,1
2018-04-26 07:29:20,40.3962,16365,0,661084,1
2018-04-26 07:31:19,584.6659,16345,0,-9556364,0
2018-04-26 07:31:45,41.22304338,16355,0,674203,1
2018-04-26 07:31:58,543.4429,16350,0,8885291,1
2018-04-26 07:33:10,506.0,16370,0,-8283220,0
2018-04-26 07:34:01,506.0,16405,0,8300930,1
2018-04-26 07:37:22,162.5715,16360,0,-2659670,0
2018-04-26 07:37:22,9.1802,16360,0,-150188,0
2018-04-26 07:37:26,175.7255,16370,0,-2876626,0
2018-04-26 07:37:26,652.5228,16370,0,-10681798,0
2018-04-26 07:39:51,480.57553721,16450,0,7905468,1
2018-04-26 07:39:51,519.42446278,16450,0,8544532,1
2018-04-26 07:40:29,31.3243,16440,0,-514971,0
2018-04-26 07:40:42,31.3243,16460,0,515598,1
2018-04-26 07:41:37,634.1091,16390,0,-10393048,0
2018-04-26 07:42:14,0.5102,16435,0,8385,1
2018-04-26 07:47:21,1.7813,16305,0,29044,1
2018-04-26 07:48:06,2.1698,16270,0,35303,1
2018-04-26 07:48:06,346.8,16300,0,5652840,1
2018-04-26 07:48:20,282.8478,16230,0,4590620,1
2018-04-26 07:48:28,20.5421,16230,0,-333398,0
2018-04-26 07:48:34,10.0,16260,0,-162600,0
2018-04-26 07:48:34,556.3487,16260,0,-9046230,0
2018-04-26 07:48:35,10.0,16260,0,-162600,0
2018-04-26 07:48:35,30.0,16260,0,-487800,0
2018-04-26 07:49:39,50.0,16195,0,809750,1
2018-04-26 07:49:39,23.6472,16195,0,382966,1
2018-04-26 07:49:39,8.6395,16195,0,139917,1
2018-04-26 07:49:52,200.0,16180,0,3236000,1
2018-04-26 07:50:24,4.9954,16165,0,80751,1
2018-04-26 07:50:36,339.6087,16140,0,5481284,1
2018-04-26 07:51:32,55.168,16120,0,-889308,0
2018-04-26 07:51:38,3.6087,16115,0,-58154,0
2018-04-26 07:52:19,14.2966,16085,0,-229961,0
2018-04-26 07:52:39,168.71458888,16200,0,-2733176,0
2018-04-26 07:52:40,181.2207,16200,0,-2935775,0
2018-04-26 07:52:43,240.2676,16215,0,-3895939,0
2018-04-26 07:53:46,108.6054,16165,0,1755606,1
2018-04-26 07:53:46,110.0868,16165,0,1779553,1
2018-04-26 07:53:46,68.09848437,16165,0,1100812,1
2018-04-26 07:53:49,4.0435,16160,0,65343,1
2018-04-26 07:53:50,46.1809,16160,0,746283,1
2018-04-26 07:53:50,5.0,16160,0,80800,1
2018-04-26 07:53:53,5.0,16150,0,80750,1
2018-04-26 07:53:54,16.9592,16150,0,273891,1
2018-04-26 07:53:54,62.4917,16150,0,1009241,1
2018-04-26 07:53:58,10.0,16140,0,161400,1
2018-04-26 07:54:09,30.0,16130,0,483900,1
2018-04-26 07:54:15,142.0986,16130,0,2292050,1
2018-04-26 07:54:33,945.2884,16100,0,-15219143,0
2018-04-26 07:56:17,100.0,16035,0,1603500,1
2018-04-26 07:56:17,6.7453,16035,0,108161,1
2018-04-26 07:56:21,379.84,16030,0,6088835,1
2018-04-26 07:56:21,248.0599,16030,0,3976400,1
2018-04-26 07:56:21,100.0,16030,0,1603000,1
2018-04-26 07:56:22,11.3,16030,0,181139,1
2018-04-26 07:57:25,154.0548,16075,0,2476431,1
2018-04-26 07:58:44,45.0,16035,0,-721575,0
2018-04-26 07:58:44,45.0251,16035,0,-721977,0
2018-04-26 07:58:56,233.49182494,16035,0,-3744041,0
2018-04-26 07:59:28,35.0568,16005,0,561084,1
2018-04-26 07:59:28,288.4601,16005,0,4616804,1
2018-04-26 07:59:38,21.7768,16030,0,-349082,0
2018-04-26 07:59:41,482.40978597,16045,0,-7740265,0
2018-04-26 07:59:42,59.90991402,16045,0,-961255,0
2018-04-26 08:05:41,6.6307,16170,0,107218,1
2018-04-26 08:05:41,5.0,16170,0,80850,1
2018-04-26 08:05:41,510.17,16170,0,8249449,1
2018-04-26 08:06:20,28.0479,16145,0,452833,1
2018-04-26 08:06:20,14.2479,16145,0,230032,1
2018-04-26 08:07:51,1000.0,16110,0,-16110000,0
2018-04-26 08:08:57,16.9245,16000,0,270792,1
2018-04-26 08:08:57,337.6264,16000,0,5402022,1
2018-04-26 08:08:58,10.0,16000,0,160000,1
2018-04-26 08:08:58,4.7877,16000,0,76603,1
2018-04-26 08:08:58,22.5911,16000,0,361458,1
2018-04-26 08:08:58,0.1,16000,0,1600,1
2018-04-26 08:08:58,72.7115,16000,0,1163384,1
2018-04-26 08:08:58,2.0,16000,0,32000,1
2018-04-26 08:08:58,2.0,16000,0,32000,1
2018-04-26 08:08:58,96.5224,16000,0,1544358,1
2018-04-26 08:08:59,47.6812,16000,0,762899,1
2018-04-26 08:08:59,378.0552,16000,0,6048883,1
2018-04-26 08:08:59,9.0,16000,0,144000,1
2018-04-26 08:09:14,52.8772,16005,0,-846300,0
2018-04-26 08:09:18,69.4338,16005,0,-1111288,0
2018-04-26 08:09:25,122.311,16035,0,1961257,1
2018-04-26 08:11:29,1000.0,15920,0,-15920000,0
2018-04-26 08:11:36,542.0382,15940,0,8640089,1
2018-04-26 08:11:40,154.30932243,15910,0,-2455061,0
2018-04-26 08:11:41,64.04267756,15910,0,-1018919,0
2018-04-26 08:13:33,1.0,15990,0,15990,1
2018-04-26 08:13:56,305.9307,15980,0,4888773,1
2018-04-26 08:13:56,18.00181476,15980,0,287669,1
2018-04-26 08:13:56,14.364,15980,0,229537,1
2018-04-26 08:14:08,144.8367,15955,0,2310870,1
2018-04-26 08:14:08,68.3488,15955,0,1090505,1
2018-04-26 08:14:08,123.8318,15955,0,1975736,1
2018-04-26 08:14:38,77.7314,15935,0,-1238650,0
2018-04-26 08:14:47,458.306,15965,0,-7316855,0
2018-04-26 08:17:15,42.7634,15890,0,679510,1
2018-04-26 08:17:15,31.4772,15890,0,500173,1
2018-04-26 08:17:15,150.0,15890,0,2383500,1
2018-04-26 08:17:15,100.0,15890,0,1589000,1
2018-04-26 08:17:16,200.0,15890,0,3178000,1
2018-04-26 08:17:16,0.6884,15890,0,10939,1
2018-04-26 08:17:16,11.1084,15890,0,176512,1
2018-04-26 08:17:28,383.8825,15865,0,-6090296,0
2018-04-26 08:17:28,519.3618,15865,0,-8239675,0
2018-04-26 08:18:59,4.6093,15970,0,73611,1
2018-04-26 08:19:26,1.8751,15975,0,29955,1
2018-04-26 08:19:32,867.8345,15970,0,13859317,1
2018-04-26 08:19:38,28.9254,15975,0,462083,1
2018-04-26 08:20:06,195.9777,15990,0,-3133683,0
2018-04-26 08:20:33,4.194e-05,15985,0,1,1
2018-04-26 08:20:46,347.4206,16010,0,-5562204,0
2018-04-26 08:22:25,82.4062,16040,0,1321795,1
2018-04-26 08:24:26,107.1035,15975,0,-1710978,0
2018-04-26 08:24:44,197.6381875,16000,0,3162211,1
2018-04-26 08:25:04,370.4574,16025,0,5936580,1
2018-04-26 08:27:47,6.091e-05,15990,0,-1,0
2018-04-26 08:27:50,8.4449,15995,0,-135076,0
2018-04-26 08:28:03,723.465,15960,0,-11546501,0
2018-04-26 08:28:57,12.5549,15930,0,200000,1
2018-04-26 08:28:57,25.4678,15930,0,405702,1
2018-04-26 08:28:57,8.6923,15930,0,138468,1
2018-04-26 08:28:57,81.8168,15930,0,1303342,1
2018-04-26 08:29:01,603.3782,15935,0,9614832,1
2018-04-26 08:29:11,40.1808,15915,0,-639477,0
2018-04-26 08:29:15,218.1948,15915,0,-3472570,0
2018-04-26 08:29:50,4.93756286,15955,0,78779,1
2018-04-26 08:30:00,1.5799,15940,0,-25184,0
2018-04-26 08:30:39,151.372,15985,0,2419681,1
2018-04-26 08:30:45,1.0,15980,0,15980,1
2018-04-26 08:31:00,59.2219,15965,0,945478,1
2018-04-26 08:31:00,10.5583,15965,0,168563,1
2018-04-26 08:31:00,32.8657,15965,0,524701,1
2018-04-26 08:31:44,384.86825405,15960,0,-6142497,0
2018-04-26 08:31:44,615.13174594,15960,0,-9817503,0
2018-04-26 08:32:07,305.56623343,15970,0,4879893,1
2018-04-26 08:35:08,13.9552,15950,0,222585,1
2018-04-26 08:35:17,10.0,15930,0,159300,1
2018-04-26 08:35:28,9.8,15895,0,155771,1
2018-04-26 08:35:28,2.9,15895,0,46096,1
2018-04-26 08:35:28,21.1215,15895,0,335726,1
2018-04-26 08:35:28,5.9,15895,0,93781,1
2018-04-26 08:35:29,7.8,15895,0,123981,1
2018-04-26 08:35:29,9.8,15895,0,155771,1
2018-04-26 08:35:30,2.9,15895,0,46096,1
2018-04-26 08:35:30,4.9,15895,0,77886,1
2018-04-26 08:35:30,2.4,15895,0,38148,1
2018-04-26 08:35:31,2.4,15895,0,38148,1
2018-04-26 08:35:32,4.2833,15890,0,68062,1
2018-04-26 08:35:33,217.0211,15890,0,3448465,1
2018-04-26 08:35:34,9.8,15890,0,155722,1
2018-04-26 08:35:34,2.0,15890,0,31780,1
2018-04-26 08:35:34,163.1863,15890,0,2593030,1
2018-04-26 08:35:35,9.8,15890,0,155722,1
2018-04-26 08:35:38,107.7766,15885,0,-1712031,0
2018-04-26 08:36:05,175.6527,15880,0,2789365,1
2018-04-26 08:36:05,2.0206,15880,0,32087,1
2018-04-26 08:36:05,7.3,15880,0,115924,1
2018-04-26 08:36:05,11.0697,15880,0,175787,1
2018-04-26 08:36:05,6.2,15880,0,98456,1
2018-04-26 08:36:05,100.0,15880,0,1588000,1
2018-04-26 08:37:34,1000.0,15905,0,-15905000,0
2018-04-26 08:38:20,1000.0,15895,0,15895000,1
2018-04-26 08:39:28,10.0,15890,0,-158900,0
2018-04-26 08:39:37,0.0001,15890,0,-2,0
2018-04-26 08:39:38,166.26,15890,0,-2641871,0
2018-04-26 08:40:01,201.8172,15880,0,-3204857,0
2018-04-26 08:40:14,250.3537,15880,0,-3975617,0
2018-04-26 08:41:37,628.431,15900,0,9992053,1
2018-04-26 08:43:21,175.3959,15820,0,-2774763,0
2018-04-26 08:43:50,37.6218,15800,0,594424,1
2018-04-26 08:44:26,17.6849,15820,0,-279775,0
2018-04-26 08:44:45,155.459,15800,0,2456252,1
2018-04-26 08:46:18,568.1632,15655,0,-8894595,0
2018-04-26 08:46:29,43.2019,15600,0,673950,1
2018-04-26 08:46:29,284.3798,15600,0,4436325,1
2018-04-26 08:46:29,7.0,15600,0,109200,1
2018-04-26 08:46:29,108.9969,15600,0,1700352,1
2018-04-26 08:46:30,124.5846,15600,0,1943520,1
2018-04-26 08:46:50,239.472,15580,0,-3730974,0
2018-04-26 08:46:55,239.472,15640,0,3745342,1
2018-04-26 08:47:16,40.3914,15705,0,-634347,0
2018-04-26 08:47:21,7.0,15750,0,-110250,0
2018-04-26 08:47:32,952.6086,15750,0,-15003585,0
2018-04-26 08:48:04,1000.0,15700,0,15700000,1
2018-04-26 08:48:46,19.51,15800,0,-308258,0
2018-04-26 08:48:52,789.5089,15810,0,-12482136,0
2018-04-26 08:50:55,161.3373,15795,0,2548323,1
2018-04-26 08:51:03,647.6816,15770,0,10213939,1
2018-04-26 08:53:52,43.0614,15745,0,-678002,0
2018-04-26 08:54:22,43.0614,15770,0,679078,1
2018-04-26 08:54:39,47.0,15810,0,-743070,0
2018-04-26 08:54:39,1.0001,15810,0,-15812,0
2018-04-26 08:54:39,265.0221,15810,0,-4189999,0
2018-04-26 08:54:43,139.6508,15840,0,-2212069,0
2018-04-26 08:54:43,109.6837,15840,0,-1737390,0
2018-04-26 08:58:09,375.9963,15970,0,6004661,1
2018-04-26 08:58:10,35.6393,15970,0,569160,1
2018-04-26 08:58:10,1.0,15970,0,15970,1
2018-04-26 08:58:14,149.7211,15950,0,2388052,1
2018-04-26 08:58:49,356.6571,15900,0,-5670848,0
2018-04-26 08:58:49,38.0,15900,0,-604200,0
2018-04-26 08:58:49,509.00189748,15900,0,-8093130,0
2018-04-26 09:01:32,30.0,15900,0,477000,1
2018-04-26 09:01:37,30.0,15885,0,476550,1
2018-04-26 09:01:37,56.5471,15885,0,898251,1
2018-04-26 09:01:41,7.3455,15875,0,116610,1
2018-04-26 09:01:41,142.6237,15875,0,2264151,1
2018-04-26 09:01:48,230.25945015,15850,0,3649612,1
2018-04-26 09:01:49,27.1941,15850,0,431026,1
2018-04-26 09:01:49,15.115,15850,0,239573,1
2018-04-26 09:01:49,138.5231,15850,0,2195591,1
2018-04-26 09:02:01,773.949,15815,0,-12240003,0
2018-04-26 09:03:02,5.7,15875,0,90488,1
2018-04-26 09:03:13,134.5511,15860,0,2133980,1
2018-04-26 09:03:21,0.7594,15840,0,12029,1
2018-04-26 09:03:44,5.0,15800,0,79000,1
2018-04-26 09:03:44,687.2505,15800,0,10858558,1
2018-04-26 09:03:44,133.6151,15800,0,2111119,1
2018-04-26 09:03:44,33.1239,15800,0,523358,1
2018-04-26 09:08:06,191.5892,15570,0,-2983044,0
2018-04-26 09:08:32,191.5892,15500,0,2969633,1
2018-04-26 09:09:12,12.4343,15605,0,-194037,0
2018-04-26 09:09:36,12.4343,15605,0,194037,1
2018-04-26 09:10:55,2.08202349,15535,0,-32344,0
2018-04-26 09:10:55,724.2989765,15515,0,-11237499,0
2018-04-26 09:13:37,17.5626,15650,0,274855,1
2018-04-26 09:13:37,2.0,15650,0,31300,1
2018-04-26 09:14:17,1.47442093,15670,0,23104,1
2018-04-26 09:15:06,10.0,15630,0,156300,1
2018-04-26 09:15:06,21.7957,15630,0,340667,1
2018-04-26 09:15:10,128.3226,15615,0,2003757,1
2018-04-26 09:15:10,32.0,15615,0,499680,1
2018-04-26 09:15:10,270.9026,15615,0,4230144,1
2018-04-26 09:15:28,757.6768,15600,0,-11819758,0
2018-04-26 09:17:03,999.9999,15710,0,15709998,1
2018-04-26 09:18:00,20.3336382,15700,0,-319238,0
2018-04-26 09:18:00,29.4007,15700,0,-461591,0
2018-04-26 09:18:00,0.6951,15700,0,-10913,0
2018-04-26 09:18:00,307.80666179,15700,0,-4832565,0
2018-04-26 09:18:04,161.1859,15700,0,-2530619,0
2018-04-26 09:18:37,6.7,15660,0,104922,1
2018-04-26 09:25:06,32.2945,15480,0,499919,1
2018-04-26 09:25:06,100.0,15480,0,1548000,1
2018-04-26 09:25:06,6.2,15480,0,95976,1
2018-04-26 09:25:49,285.7633,15420,0,4406470,1
2018-04-26 09:25:49,5.0,15420,0,77100,1
2018-04-26 09:25:49,83.4642,15420,0,1287018,1
2018-04-26 09:26:33,1000.0,15360,0,-15360000,0
2018-04-26 09:27:53,1000.0,15420,0,15420000,1
2018-04-26 09:32:15,202.82,15355,0,-3114301,0
2018-04-26 09:33:17,202.82,15375,0,3118358,1
2018-04-26 09:34:58,22.4015,15350,0,-343863,0
2018-04-26 09:34:58,376.7789,15350,0,-5783556,0
2018-04-26 09:35:05,600.8196,15340,0,-9216573,0
2018-04-26 09:35:48,100.0,15280,0,1528000,1
2018-04-26 09:35:48,8.0313,15280,0,122718,1
2018-04-26 09:37:00,891.9687,15350,0,13691720,1
2018-04-26 09:37:03,770.8523,15305,0,-11797894,0
2018-04-26 09:37:07,7.3773,15325,0,113057,1
2018-04-26 09:37:23,763.475,15445,0,11791871,1
2018-04-26 09:38:44,6.9,15590,0,-107571,0
2018-04-26 09:38:45,7.3,15590,0,-113807,0
2018-04-26 09:38:52,247.7684,15630,0,-3872620,0
2018-04-26 09:38:56,79.3191,15650,0,-1241344,0
2018-04-26 09:38:56,11.5452,15650,0,-180682,0
2018-04-26 09:38:56,3.2,15650,0,-50080,0
2018-04-26 09:39:00,10.0,15650,0,-156500,0
2018-04-26 09:39:49,214.8664,15540,0,-3339024,0
2018-04-26 09:41:34,272.0049,15645,0,4255517,1
2018-04-26 09:42:01,254.109,15605,0,3965371,1
2018-04-26 09:42:01,2.0,15605,0,31210,1
2018-04-26 09:42:05,7.678,15600,0,119777,1
2018-04-26 09:42:05,45.1072,15600,0,703672,1
2018-04-26 09:43:03,63.6528,15500,0,-986618,0
2018-04-26 09:43:12,936.3472,15435,0,-14452519,0
2018-04-26 09:43:19,355.4597,15415,0,5479411,1
2018-04-26 09:44:22,644.5403,15560,0,10029047,1
2018-04-26 09:44:35,876.913,15500,0,-13592152,0
2018-04-26 09:46:00,24.1949,15470,0,374295,1
2018-04-26 09:46:00,2.80775694,15470,0,43436,1
2018-04-26 09:46:07,849.9103,15470,0,13148112,1
2018-04-26 09:46:18,142.3942,15435,0,-2197854,0
2018-04-26 09:46:22,2.0,15450,0,30900,1
2018-04-26 09:46:52,30.9061,15550,0,-480590,0
2018-04-26 09:47:33,0.9088,15570,0,14150,1
2018-04-26 09:47:41,45.6048,15570,0,710067,1
2018-04-26 09:47:45,41.65,15570,0,-648491,0
2018-04-26 09:47:45,21.0,15570,0,-326970,0
2018-04-26 09:48:00,180.237,15535,0,2799982,1
2018-04-26 09:48:09,7.1997,15500,0,111595,1
2018-04-26 09:48:46,6.0,15470,0,-92820,0
2018-04-26 09:48:55,3.7943,15470,0,-58698,0
2018-04-26 09:49:19,0.0001,15540,0,-2,0
2018-04-26 09:49:46,9.7944,15600,0,152793,1
2018-04-26 09:52:04,1000.0,15590,0,-15590000,0
2018-04-26 09:53:16,33.374,15640,0,521969,1
2018-04-26 09:53:21,147.1334,15640,0,2301166,1
2018-04-26 09:53:56,9.0579,15645,0,141711,1
2018-04-26 09:59:37,71.17014523,15865,0,1129114,1
2018-04-26 10:00:15,87.7335,15780,0,1384435,1
2018-04-26 10:00:15,10.0,15780,0,157800,1
2018-04-26 10:00:29,31.7066,15740,0,499062,1
2018-04-26 10:00:29,600.0,15740,0,9444000,1
2018-04-26 10:00:40,9.8245,15720,0,154441,1
2018-04-26 10:02:08,707.4741,15730,0,-11128568,0
2018-04-26 10:02:32,34.83,15685,0,546309,1
2018-04-26 10:02:32,37.1546,15685,0,582770,1
2018-04-26 10:03:06,75.909,15740,0,1194808,1
2018-04-26 10:03:19,6.7,15765,0,105626,1
2018-04-26 10:04:00,13.526,15745,0,212967,1
2018-04-26 10:04:00,10.0,15740,0,157400,1
2018-04-26 10:05:34,529.3545,15750,0,8337333,1
2018-04-26 10:06:52,1.1034,15710,0,-17334,0
2018-04-26 10:07:03,1.1034,15700,0,17323,1
2018-04-26 10:07:37,1000.0,15750,0,-15750000,0
2018-04-26 10:12:16,1.508,15915,0,24000,1
2018-04-26 10:13:07,998.492,15920,0,15895993,1
2018-04-26 10:14:05,150.419,16000,0,-2406704,0
2018-04-26 10:14:05,1.0,16000,0,-16000,0
2018-04-26 10:14:06,4.7875,16000,0,-76600,0
2018-04-26 10:14:06,16.9175,16000,0,-270680,0
2018-04-26 10:14:06,306.4198,16000,0,-4902717,0
2018-04-26 10:14:07,14.0836,16000,0,-225338,0
2018-04-26 10:14:07,6.5896,16000,0,-105434,0
2018-04-26 10:14:07,69.624,16000,0,-1113984,0
2018-04-26 10:16:06,569.841,16095,0,9171591,1
2018-04-26 10:16:43,1.4,16070,0,-22498,0
2018-04-26 10:16:43,2.2,16070,0,-35354,0
2018-04-26 10:16:43,23.7096521,16070,0,-381014,0
2018-04-26 10:16:49,221.97958358,16090,0,-3571651,0
2018-04-26 10:16:50,626.6908,16090,0,-10083455,0
2018-04-26 10:16:50,3.0936,16090,0,-49776,0
2018-04-26 10:16:50,50.0,16090,0,-804500,0
2018-04-26 10:16:51,1.0,16090,0,-16090,0
2018-04-26 10:17:55,136.6018,16050,0,2192459,1
2018-04-26 10:18:57,6.6,16015,0,105699,1
2018-04-26 10:20:25,786.8718,16100,0,12668636,1
2018-04-26 10:21:19,22.329,16045,0,-358269,0
2018-04-26 10:21:40,50.0,16060,0,-803000,0
2018-04-26 10:21:44,161.9964,16065,0,-2602472,0
2018-04-26 10:22:04,765.6746,16040,0,-12281421,0
2018-04-26 10:22:11,1000.0,16065,0,16065000,1
2018-04-26 10:22:19,29.5421,16065,0,-474594,0
2018-04-26 10:22:44,29.5421,16080,0,475037,1
2018-04-26 10:23:22,1000.0,16075,0,-16075000,0
2018-04-26 10:25:02,30.0496,16180,0,486203,1
2018-04-26 10:25:02,51.8263,16180,0,838550,1
2018-04-26 10:25:28,192.0207,16210,0,3112656,1
2018-04-26 10:25:52,407.4978,16185,0,6595352,1
2018-04-26 10:25:56,5.0971,16165,0,82395,1
2018-04-26 10:25:57,236.8439,16165,0,3828582,1
2018-04-26 10:26:02,15.4704,16160,0,250002,1
2018-04-26 10:26:02,13.4245,16160,0,216940,1
2018-04-26 10:26:06,18.1089164,16150,0,292459,1
2018-04-26 10:26:07,29.66078359,16150,0,479022,1
2018-04-26 10:26:49,498.97720843,16120,0,-8043513,0
2018-04-26 10:26:49,3.5303,16120,0,-56908,0
2018-04-26 10:26:49,308.2759,16120,0,-4969408,0
2018-04-26 10:26:49,99.85,16120,0,-1609582,0
2018-04-26 10:26:50,0.99999156,16120,0,-16120,0
2018-04-26 10:27:29,8.988,16185,0,145471,1
2018-04-26 10:27:30,99.85,16185,0,1616072,1
2018-04-26 10:27:53,195.4323,16185,0,3163072,1
2018-04-26 10:27:54,1.0,16185,0,16185,1
2018-04-26 10:28:07,418.2904,16200,0,6776304,1
2018-04-26 10:28:08,158.176,16200,0,2562451,1
2018-04-26 10:28:15,29.8967,16200,0,484327,1
2018-04-26 10:30:01,6.076e-05,16310,0,-1,0
2018-04-26 10:30:01,1.0,16310,0,-16310,0
2018-04-26 10:30:16,1.0001,16295,0,16297,1
2018-04-26 10:30:27,1.4,16260,0,-22764,0
2018-04-26 10:30:31,4.1001,16260,0,-66668,0
2018-04-26 10:30:40,3.22006963,16270,0,-52391,0
2018-04-26 10:30:40,1.3,16270,0,-21151,0
2018-04-26 10:30:40,1.1,16270,0,-17897,0
2018-04-26 10:30:41,1.1,16270,0,-17897,0
2018-04-26 10:30:41,2.1,16270,0,-34167,0
2018-04-26 10:30:41,1.6,16270,0,-26032,0
2018-04-26 10:30:41,3.9,16270,0,-63453,0
2018-04-26 10:30:41,3.9,16270,0,-63453,0
2018-04-26 10:30:41,1.9,16270,0,-30913,0
2018-04-26 10:30:42,3.6,16270,0,-58572,0
2018-04-26 10:30:42,1.9,16270,0,-30913,0
2018-04-26 10:30:42,1.4,16270,0,-22778,0
2018-04-26 10:30:42,1.8,16270,0,-29286,0
2018-04-26 10:30:42,1.2,16270,0,-19524,0
2018-04-26 10:30:42,2.0,16270,0,-32540,0
2018-04-26 10:30:42,2.9,16270,0,-47183,0
2018-04-26 10:30:43,3.8,16270,0,-61826,0
2018-04-26 10:30:43,3.1,16270,0,-50437,0
2018-04-26 10:30:44,23.6045,16270,0,-384045,0
2018-04-26 10:31:02,710.8901,16280,0,-11573291,0
2018-04-26 10:31:20,781.8148,16275,0,12724036,1
2018-04-26 10:32:29,13.7159,16190,0,-222060,0
2018-04-26 10:32:42,225.9885,16180,0,-3656494,0
2018-04-26 10:32:55,239.7044,16170,0,3876020,1
2018-04-26 10:33:33,182.31389247,16070,0,-2929784,0
2018-04-26 10:33:37,817.6862,16075,0,-13144306,0
2018-04-26 10:34:39,6.713,16080,0,107945,1
2018-04-26 10:37:42,4.2987,16120,0,69295,1
2018-04-26 10:41:05,167.3991,16065,0,2689267,1
2018-04-26 10:41:37,113.4403,16090,0,1825254,1
2018-04-26 10:41:42,708.1489,16090,0,11394116,1
2018-04-26 10:44:45,1000.0,16020,0,-16020000,0
2018-04-26 10:45:20,170.9807,15990,0,2733981,1
2018-04-26 10:45:20,95.3,15990,0,1523847,1
2018-04-26 10:47:34,206.2358,15870,0,3272962,1
2018-04-26 10:47:34,227.342,15870,0,3607918,1
2018-04-26 10:47:38,300.1415,15860,0,4760244,1
2018-04-26 10:49:05,73.595,15845,0,-1166113,0
2018-04-26 10:49:17,154.9969,15800,0,-2448951,0
2018-04-26 10:49:20,228.5919,15865,0,3626610,1
2018-04-26 10:49:43,123.9831,15890,0,-1970091,0
2018-04-26 10:49:47,113.2955,15920,0,1803664,1
2018-04-26 10:49:50,10.6876,15935,0,170307,1
2018-04-26 10:50:48,27.0146,15900,0,-429532,0
2018-04-26 10:50:53,10.0,15910,0,-159100,0
2018-04-26 10:51:07,39.91163015,15920,0,-635393,0
2018-04-26 10:51:07,271.97216984,15920,0,-4329797,0
2018-04-26 10:51:11,100.84244022,15915,0,-1604907,0
2018-04-26 10:51:11,39.07645977,15915,0,-621902,0
2018-04-26 10:52:18,40.0042,15850,0,634067,1
2018-04-26 10:52:18,4.7167,15850,0,74760,1
2018-04-26 10:52:18,444.0964,15850,0,7038928,1
2018-04-26 10:52:50,8.9413,15840,0,-141630,0
2018-04-26 10:53:32,2.0005,15800,0,-31608,0
2018-04-26 10:53:45,989.0582,15820,0,-15646901,0
2018-04-26 10:55:49,468.7337,15875,0,7441147,1
2018-04-26 10:59:38,45.6245,15760,0,719042,1
2018-04-26 10:59:38,55.0,15760,0,866800,1
2018-04-26 10:59:38,150.0,15760,0,2364000,1
2018-04-26 10:59:39,22.0,15760,0,346720,1
2018-04-26 10:59:39,46.7672,15760,0,737051,1
2018-04-26 10:59:55,211.8746,15755,0,3338084,1
2018-04-26 11:00:25,205.1138,15800,0,-3240798,0
2018-04-26 11:00:28,205.1138,15820,0,3244900,1
2018-04-26 11:00:45,22.3513,15810,0,-353374,0
2018-04-26 11:01:03,219.6146,15850,0,-3480891,0
2018-04-26 11:01:03,207.8874,15850,0,-3295015,0
2018-04-26 11:01:04,50.0,15850,0,-792500,0
2018-04-26 11:01:12,41.4887,15860,0,-658011,0
2018-04-26 11:01:12,270.1216,15860,0,-4284129,0
2018-04-26 11:02:50,356.4125,15980,0,5695472,1
2018-04-26 11:02:50,455.0511,15980,0,7271717,1
2018-04-26 11:03:55,55.1896,15995,0,-882758,0
2018-04-26 11:03:59,0.628,16010,0,-10054,0
2018-04-26 11:04:03,944.1824,16010,0,-15116360,0
2018-04-26 11:04:46,1000.0,16025,0,16025000,1
2018-04-26 11:08:15,1000.0,16050,0,-16050000,0
2018-04-26 11:08:53,7.4695,16025,0,119699,1
2018-04-26 11:08:53,619.4,16025,0,9925885,1
2018-04-26 11:08:53,267.6934,16025,0,4289787,1
2018-04-26 11:09:21,1.0,16025,0,-16025,0
2018-04-26 11:09:37,1.4999,16035,0,-24051,0
2018-04-26 11:09:37,3.1,16035,0,-49709,0
2018-04-26 11:09:37,0.2211,16035,0,-3545,0
2018-04-26 11:10:33,888.7419,16060,0,-14273195,0
2018-04-26 11:10:48,111.6547,16080,0,1795408,1
2018-04-26 11:10:55,1.47087156,16060,0,23622,1
2018-04-26 11:11:19,88.7746,16070,0,1426608,1
2018-04-26 11:11:24,23.2307,16075,0,373434,1
2018-04-26 11:11:28,93.4,16075,0,1501405,1
2018-04-26 11:11:32,138.251,16075,0,2222385,1
2018-04-26 11:11:34,6.6,16075,0,106095,1
2018-04-26 11:11:34,196.8913,16075,0,3165028,1
2018-04-26 11:11:34,200.0,16075,0,3215000,1
2018-04-26 11:11:35,139.7269,16075,0,2246110,1
2018-04-26 11:11:57,1000.0,16090,0,-16090000,0
2018-04-26 11:13:48,50.0,16120,0,806000,1
2018-04-26 11:13:48,63.6218,16120,0,1025583,1
2018-04-26 11:13:48,65.0,16120,0,1047800,1
2018-04-26 11:13:48,29.5542,16120,0,476414,1
2018-04-26 11:13:59,534.2103,16105,0,8603457,1
2018-04-26 11:14:03,257.6137,16100,0,4147581,1
2018-04-26 11:14:38,1000.0,16065,0,-16065000,0
2018-04-26 11:15:06,322.8,16085,0,5192238,1
2018-04-26 11:16:31,677.2,16125,0,10919850,1
2018-04-26 11:18:13,497.697,16090,0,-8007945,0
2018-04-26 11:18:32,234.317,16100,0,-3772504,0
2018-04-26 11:19:44,10.0,16080,0,160800,1
2018-04-26 11:19:48,69.75,16080,0,1121580,1
2018-04-26 11:20:18,324.2467,16085,0,5215508,1
2018-04-26 11:20:29,19.4486,16050,0,-312150,0
2018-04-26 11:21:02,4.0601,16070,0,65246,1
2018-04-26 11:21:24,90.2164,16020,0,-1445267,0
2018-04-26 11:23:26,3.739,16050,0,-60011,0
2018-04-26 11:23:48,10.0,16050,0,160500,1
2018-04-26 11:23:48,8.85,16050,0,142043,1
2018-04-26 11:24:26,143.723,16050,0,2306754,1
2018-04-26 11:24:30,147.988,16050,0,2375207,1
2018-04-26 11:25:01,1.0,16060,0,16060,1
2018-04-26 11:25:27,218.7913,16040,0,-3509412,0
2018-04-26 11:26:06,635.9674,16040,0,-10200917,0
2018-04-26 11:33:24,277.76,15995,0,4442771,1
2018-04-26 11:33:28,12.99,15985,0,207645,1
2018-04-26 11:33:28,79.4727,15985,0,1270371,1
2018-04-26 11:33:28,18.3793,15990,0,293885,1
2018-04-26 11:33:32,203.9009,15995,0,3261395,1
2018-04-26 11:33:33,43.12,15995,0,689704,1
2018-04-26 11:34:01,201.4038,16015,0,-3225482,0
2018-04-26 11:35:02,0.0074,16030,0,119,1
2018-04-26 11:39:55,26.6028,16105,0,428438,1
2018-04-26 11:40:54,30.0,16100,0,483000,1
2018-04-26 11:41:20,1.0,16110,0,-16110,0
2018-04-26 11:42:52,130.1739,16120,0,2098403,1
2018-04-26 11:42:52,35.79626476,16120,0,577036,1
2018-04-26 11:43:24,273.54552944,16120,0,-4409554,0
2018-04-26 11:44:29,598.305,16185,0,9683566,1
2018-04-26 11:45:16,69.8757,16210,0,-1132685,0
2018-04-26 11:46:01,69.8757,16195,0,1131637,1
2018-04-26 11:47:13,5.0028,16125,0,-80670,0
2018-04-26 11:47:17,457.7165,16120,0,-7378390,0
2018-04-26 11:47:55,129.3111,16130,0,-2085788,0
2018-04-26 11:48:46,16.0584,16165,0,259584,1
2018-04-26 11:49:15,494.8625,16170,0,8001927,1
2018-04-26 11:49:15,1.0,16170,0,16170,1
2018-04-26 11:49:15,13.4385,16170,0,217301,1
2018-04-26 11:49:48,66.671,16170,0,1078070,1
2018-04-26 11:56:53,333.359,16105,0,-5368747,0
2018-04-26 11:57:59,413.0877,16100,0,-6650712,0
2018-04-26 11:59:35,352.7,16080,0,5671416,1
2018-04-26 11:59:35,199.4273,16080,0,3206791,1
2018-04-26 11:59:39,194.3194,16085,0,3125628,1
2018-04-26 12:00:18,1000.0,16100,0,-16100000,0
2018-04-26 12:02:58,1000.0,16065,0,16065000,1
2018-04-26 12:06:13,1.0001,16080,0,-16082,0
2018-04-26 12:06:18,10.0,16105,0,-161050,0
2018-04-26 12:06:18,9.38,16105,0,-151065,0
2018-04-26 12:07:15,979.6199,16100,0,-15771880,0
2018-04-26 12:09:00,880.65647138,16120,0,14196182,1
2018-04-26 12:09:00,119.34352861,16120,0,1923818,1
2018-04-26 12:10:10,291.9108,16100,0,-4699764,0
2018-04-26 12:10:10,13.2166,16100,0,-212787,0
2018-04-26 12:10:32,266.79518819,16100,0,-4295403,0
2018-04-26 12:10:32,21.0021118,16100,0,-338134,0
2018-04-26 12:13:55,592.9247,16135,0,9566840,1
2018-04-26 12:16:18,1000.0,16160,0,-16160000,0
2018-04-26 12:17:10,37.3781,16175,0,604591,1
2018-04-26 12:20:23,10.4716,16210,0,169745,1
2018-04-26 12:20:36,28.2962,16175,0,457691,1
2018-04-26 12:20:36,58.2106,16175,0,941556,1
2018-04-26 12:20:36,235.6721,16175,0,3811996,1
2018-04-26 12:22:49,27.6019,16180,0,446599,1
2018-04-26 12:22:49,10.0989,16180,0,163400,1
2018-04-26 12:22:49,1.0,16180,0,16180,1
2018-04-26 12:23:31,38.8908,16190,0,629642,1
2018-04-26 12:25:37,450.3421,16180,0,7286535,1
2018-04-26 12:25:38,12.1286,16180,0,196241,1
2018-04-26 12:26:23,54.01824415,16170,0,-873475,0
2018-04-26 12:26:24,2.56495584,16170,0,-41475,0
2018-04-26 12:27:02,853.5077,16165,0,-13796952,0
2018-04-26 12:27:55,59.0569,16215,0,957608,1
2018-04-26 12:29:18,14.5226,16165,0,234758,1
2018-04-26 12:30:42,926.4205,16160,0,14970955,1
2018-04-26 12:32:36,114.1464,16110,0,-1838899,0
2018-04-26 12:32:41,64.2957,16120,0,-1036447,0
2018-04-26 12:32:49,44.8093,16100,0,-721430,0
2018-04-26 12:33:01,150.0,16110,0,-2416500,0
2018-04-26 12:33:43,19.9756,16050,0,-320608,0
2018-04-26 12:33:47,1.8657,16050,0,-29944,0
2018-04-26 12:33:57,202.4815,16040,0,-3247803,0
2018-04-26 12:36:24,558.2623,16005,0,8934988,1
2018-04-26 12:36:24,39.3119,16005,0,629187,1
2018-04-26 12:39:02,2.3149,16050,0,-37154,0
2018-04-26 12:39:06,49.9082,16030,0,-800028,0
2018-04-26 12:39:14,53.7977,16070,0,-864529,0
2018-04-26 12:39:18,63.42,16035,0,-1016940,0
2018-04-26 12:40:06,169.4408,16070,0,2722914,1
2018-04-26 12:41:07,584.2612,16015,0,-9356943,0
2018-04-26 12:49:23,74.2782,16090,0,1195136,1
2018-04-26 12:51:11,509.983,16060,0,8190327,1
2018-04-26 12:53:09,20.1066,16025,0,-322208,0
2018-04-26 12:53:16,8.303,16025,0,133056,1
2018-04-26 12:55:21,70.34296758,16040,0,-1128301,0
2018-04-26 12:56:20,466.5514,16070,0,-7497481,0
2018-04-26 13:00:47,70.8231,16185,0,1146272,1
2018-04-26 13:01:08,179.6706,16180,0,2907070,1
2018-04-26 13:01:25,298.2042,16180,0,4824944,1
2018-04-26 13:05:54,3.718e-05,16190,0,-1,0
2018-04-26 13:06:04,18.3702,16190,0,-297414,0
2018-04-26 13:06:19,31.97062101,16200,0,-517924,0
2018-04-26 13:06:20,878.44187898,16200,0,-14230758,0
2018-04-26 13:06:20,15.0,16200,0,-243000,0
2018-04-26 13:06:20,6.2172,16200,0,-100719,0
2018-04-26 13:06:20,50.0,16200,0,-810000,0
2018-04-26 13:12:29,1000.0,16260,0,16260000,1
2018-04-26 13:17:01,639.61766828,16225,0,-10377797,0
2018-04-26 13:17:02,7.12913171,16225,0,-115670,0
2018-04-26 13:18:22,231.9427,16235,0,3765590,1
2018-04-26 13:18:59,162.4028,16235,0,-2636609,0
2018-04-26 13:20:53,108.9532,16260,0,1771579,1
2018-04-26 13:21:26,4.0,16255,0,-65020,0
2018-04-26 13:21:32,10.0,16270,0,-162700,0
2018-04-26 13:21:36,14.9996,16270,0,-244043,0
2018-04-26 13:21:48,290.5965,16280,0,-4730911,0
2018-04-26 13:23:41,540.0846,16270,0,8787176,1
2018-04-26 13:25:15,257.9512,16255,0,-4192997,0
2018-04-26 13:31:01,22.2305,16310,0,362579,1
2018-04-26 13:31:02,95.2363,16310,0,1553304,1
2018-04-26 13:31:43,388.2496,16325,0,6338175,1
2018-04-26 13:32:59,535.42540259,16350,0,-8754205,0
2018-04-26 13:33:00,464.5745974,16350,0,-7595795,0
2018-04-26 13:36:49,53.2093,16470,0,876357,1
2018-04-26 13:36:49,232.6641,16475,0,3833141,1
2018-04-26 13:36:57,310.7458,16475,0,5119537,1
2018-04-26 13:36:58,100.0,16475,0,1647500,1
2018-04-26 13:36:58,199.8795,16475,0,3293015,1
2018-04-26 13:37:07,41.4746,16450,0,682257,1
2018-04-26 13:37:08,18.7286,16450,0,308085,1
2018-04-26 13:37:08,43.2981,16450,0,712254,1
2018-04-26 13:37:29,391.7239,16400,0,-6424272,0
2018-04-26 13:37:54,99.99991502,16440,0,-1643999,0
2018-04-26 13:37:54,13.25948497,16440,0,-217986,0
2018-04-26 13:38:07,265.4546,16440,0,4364074,1
2018-04-26 13:38:54,45.72776178,16450,0,-752222,0
2018-04-26 13:38:55,400.0,16450,0,-6580000,0
2018-04-26 13:38:55,199.69993821,16450,0,-3285064,0
2018-04-26 13:42:46,132.777,16545,0,2196795,1
2018-04-26 13:43:00,211.9155,16550,0,3507202,1
2018-04-26 13:43:01,22.4449,16550,0,371463,1
2018-04-26 13:44:35,13.5829,16525,0,224457,1
2018-04-26 13:44:42,41.9403,16510,0,692434,1
2018-04-26 13:44:43,100.0,16510,0,1651000,1
2018-04-26 13:44:43,118.5938,16510,0,1957984,1
2018-04-26 13:44:44,142.17,16510,0,2347227,1
2018-04-26 13:44:46,101.532,16520,0,1677309,1
2018-04-26 13:45:37,156.9855,16410,0,-2576132,0
2018-04-26 13:45:37,355.879,16415,0,-5841754,0
2018-04-26 13:47:46,512.8645,16440,0,8431492,1
2018-04-26 13:48:44,18.2987,16465,0,-301288,0
2018-04-26 13:48:49,981.7013,16460,0,-16158803,0
2018-04-26 13:50:34,554.99900752,16460,0,9135284,1
2018-04-26 13:50:34,273.39,16460,0,4499999,1
2018-04-26 13:50:38,171.611,16430,0,2819569,1
2018-04-26 13:52:04,13.8841,16470,0,-228671,0
2018-04-26 13:52:52,190.401,16540,0,-3149233,0
2018-04-26 13:52:56,71.559,16540,0,-1183586,0
2018-04-26 13:53:02,10.0,16540,0,-165400,0
2018-04-26 13:53:09,13.9451,16540,0,-230652,0
2018-04-26 13:53:21,700.2108,16565,0,-11598992,0
2018-04-26 13:53:40,58.8389,16570,0,974961,1
2018-04-26 13:53:40,941.1611,16565,0,15590334,1
2018-04-26 13:56:35,388.1782,16480,0,-6397177,0
2018-04-26 13:57:46,11.6382,16470,0,191681,1
2018-04-26 13:57:46,376.54,16470,0,6201614,1
2018-04-26 13:59:02,58.6673,16455,0,-965370,0
2018-04-26 13:59:06,36.0094,16460,0,592715,1
2018-04-26 13:59:18,7.9755,16450,0,-131197,0
2018-04-26 13:59:35,41.5469,16450,0,-683447,0
2018-04-26 13:59:39,17.7559,16440,0,-291907,0
2018-04-26 13:59:53,504.97888571,16450,0,-8306903,0
2018-04-26 13:59:53,405.08491428,16450,0,-6663647,0
2018-04-26 14:00:34,7.9371,16485,0,130843,1
2018-04-26 14:06:08,190.9052,16475,0,3145163,1
2018-04-26 14:06:08,425.8836,16475,0,7016432,1
2018-04-26 14:06:23,61.3712597,16480,0,1011398,1
2018-04-26 14:06:23,3.0,16480,0,49440,1
2018-04-26 14:06:46,3.0,16480,0,49440,1
2018-04-26 14:07:43,692.0971,16470,0,-11398839,0
2018-04-26 14:10:22,999.9999,16530,0,16529998,1
2018-04-26 14:12:22,544.94845565,16540,0,-9013447,0
2018-04-26 14:13:11,18.08318264,16590,0,300000,1
2018-04-26 14:13:11,440.4638,16590,0,7307294,1
2018-04-26 14:13:12,86.40151735,16590,0,1433401,1
2018-04-26 14:17:10,1.0056,16505,0,-16597,0
2018-04-26 14:17:17,124.3551,16505,0,-2052481,0
2018-04-26 14:18:21,125.3607,16500,0,2068452,1
2018-04-26 14:19:11,7.441e-05,16475,0,-1,0
2018-04-26 14:19:35,296.54227602,16475,0,-4885534,0
2018-04-26 14:19:36,703.45772397,16475,0,-11589466,0
2018-04-26 14:24:26,14.1543,16405,0,232201,1
2018-04-26 14:24:30,2.0,16410,0,32820,1
2018-04-26 14:24:39,261.5633,16390,0,4287022,1
2018-04-26 14:24:48,93.4923,16390,0,1532339,1
2018-04-26 14:29:09,319.8697,16310,0,5217075,1
2018-04-26 14:29:25,12.7937,16275,0,208217,1
2018-04-26 14:29:35,451.4058,16240,0,-7330830,0
2018-04-26 14:41:27,3.0,16380,0,49140,1
2018-04-26 14:43:35,10.0,16340,0,163400,1
2018-04-26 14:44:04,441.0984,16330,0,7203137,1
2018-04-26 14:44:04,293.4341,16330,0,4791779,1
2018-04-26 14:45:02,5.0,16285,0,-81425,0
2018-04-26 14:45:05,5.0,16300,0,81500,1
2018-04-26 14:46:15,919.5221,16300,0,-14988210,0
2018-04-26 14:46:15,80.4779,16300,0,-1311790,0
2018-04-26 15:02:59,222.7677,16410,0,3655618,1
2018-04-26 15:02:59,8.93,16410,0,146541,1
2018-04-26 15:03:25,768.3023,16400,0,12600158,1
2018-04-26 15:04:12,505.04094908,16420,0,-8292772,0
2018-04-26 15:04:12,0.3546,16420,0,-5823,0
2018-04-26 15:04:12,38.6322,16420,0,-634341,0
2018-04-26 15:06:39,351.7954,16430,0,5779998,1
2018-04-26 15:06:57,164.5426,16445,0,2705903,1
2018-04-26 15:06:58,22.56,16445,0,370999,1
2018-04-26 15:07:05,3.0,16445,0,49335,1
2018-04-26 15:07:13,5.737e-05,16445,0,-1,0
2018-04-26 15:07:33,76.5625,16455,0,-1259836,0
2018-04-26 15:09:01,48.5,16455,0,798068,1
2018-04-26 15:09:05,30.1923,16455,0,496814,1
2018-04-26 15:10:05,1000.0,16475,0,-16475000,0
2018-04-26 15:13:40,238.37133065,16530,0,3940278,1
2018-04-26 15:13:40,71.8408,16530,0,1187528,1
2018-04-26 15:13:40,15.7029,16530,0,259569,1
2018-04-26 15:13:41,63.42,16530,0,1048333,1
2018-04-26 15:13:46,29.8443,16530,0,493326,1
2018-04-26 15:14:58,580.8207,16495,0,9580637,1
2018-04-26 15:15:40,133.2601,16450,0,-2192129,0
2018-04-26 15:16:01,2.0,16425,0,-32850,0
2018-04-26 15:16:13,135.2601,16400,0,2218266,1
2018-04-26 15:16:30,58.2169,16410,0,-955339,0
2018-04-26 15:16:58,112.6126,16400,0,-1846847,0
2018-04-26 15:18:46,227.7156,16355,0,-3724289,0
2018-04-26 15:19:29,28.8035,16385,0,-471945,0
2018-04-26 15:19:36,44.0,16385,0,-720940,0
2018-04-26 15:19:54,23.5992,16400,0,-387027,0
2018-04-26 15:19:59,19.8146,16400,0,-324959,0
2018-04-26 15:19:59,0.4423,16400,0,-7254,0
2018-04-26 15:25:39,5.0,16360,0,81800,1
2018-04-26 15:26:51,41.0,16340,0,669940,1
2018-04-26 15:26:51,100.0,16340,0,1634000,1
2018-04-26 15:27:24,47.028,16350,0,768908,1
2018-04-26 15:28:01,354.4688,16350,0,-5795565,0
2018-04-26 15:28:02,35.0,16350,0,-572250,0
2018-04-26 15:29:06,49.3791,16325,0,806114,1
2018-04-26 15:29:06,5.0,16325,0,81625,1
2018-04-26 15:29:06,10.0,16325,0,163250,1
2018-04-26 15:29:06,142.4066,16325,0,2324788,1
2018-04-26 15:29:13,300.8167,16320,0,4909329,1
2018-04-26 15:29:46,69.2916,16295,0,-1129107,0
2018-04-26 15:30:18,3.0,16315,0,48945,1
2018-04-26 15:31:02,44.0,16275,0,716100,1
2018-04-26 15:31:20,9.7,16255,0,157674,1
2018-04-26 15:31:21,216.6347,16255,0,3521397,1
2018-04-26 15:33:13,81.878,16225,0,-1328471,0
2018-04-26 15:33:28,918.122,16240,0,-14910301,0
2018-04-26 15:34:21,13.77,16240,0,223625,1
2018-04-26 15:34:25,15.3893,16245,0,249999,1
2018-04-26 15:35:00,3.0582,16195,0,49528,1
2018-04-26 15:35:01,1.6378,16195,0,26524,1
2018-04-26 15:35:01,5.0,16195,0,80975,1
2018-04-26 15:35:13,207.6642,16175,0,3358968,1
2018-04-26 15:35:13,753.4805,16175,0,12187547,1
2018-04-26 15:35:39,50.8898,16220,0,-825433,0
2018-04-26 15:35:39,50.5498,16220,0,-819918,0
2018-04-26 15:35:43,5.3853,16225,0,-87376,0
2018-04-26 15:35:53,72.0824,16230,0,-1169897,0
2018-04-26 15:36:01,82.2753,16230,0,-1335328,0
2018-04-26 15:36:39,1.0,16210,0,-16210,0
2018-04-26 15:36:47,40.0,16225,0,-649000,0
2018-04-26 15:36:47,38.3433,16225,0,-622120,0
2018-04-26 15:37:53,340.5259,16200,0,5516520,1
2018-04-26 15:39:36,59.1014,16115,0,-952419,0
2018-04-26 15:39:50,59.1014,16095,0,951237,1
2018-04-26 15:41:25,7.124e-05,16170,0,-1,0
2018-04-26 15:41:25,16.8881,16160,0,-272912,0
2018-04-26 15:41:30,39.071,16150,0,-630997,0
2018-04-26 15:41:30,297.4395,16150,0,-4803648,0
2018-04-26 15:42:45,65.0032,16165,0,-1050777,0
2018-04-26 15:42:55,28.2814,16165,0,-457169,0
2018-04-26 15:43:06,49.925,16175,0,-807537,0
2018-04-26 15:43:45,7.0723,16200,0,-114571,0
2018-04-26 15:44:30,118.7217,16190,0,1922104,1
2018-04-26 15:45:20,615.041,16220,0,-9975965,0
2018-04-26 15:46:59,74.7554,16240,0,1214028,1
2018-04-26 15:46:59,245.2798,16240,0,3983344,1
2018-04-26 15:47:03,679.9647,16245,0,11046027,1
2018-04-26 15:49:06,357.3229,16260,0,-5810070,0
2018-04-26 15:50:05,46.7852,16280,0,761663,1
2018-04-26 15:50:13,56.5023,16250,0,918162,1
2018-04-26 15:50:13,100.0,16250,0,1625000,1
2018-04-26 15:50:13,20.5281,16250,0,333582,1
2018-04-26 15:50:13,133.5073,16250,0,2169494,1
2018-04-26 15:51:06,46.1616,16250,0,-750126,0
2018-04-26 15:51:06,37.0902,16250,0,-602716,0
2018-04-26 15:52:15,1.0,16180,0,16180,1
2018-04-26 15:52:16,31.9855,16180,0,517525,1
2018-04-26 15:52:16,8.34912673,16180,0,135089,1
2018-04-26 15:53:08,60.32,16230,0,-978994,0
2018-04-26 15:53:08,263.5888,16230,0,-4278046,0
2018-04-26 15:53:08,24.3858,16230,0,-395782,0
2018-04-26 15:53:18,390.2117,16225,0,6331185,1
2018-04-26 15:54:50,0.0001,16225,0,-2,0
2018-04-26 15:55:32,2.00027398,16220,0,-32444,0
2018-04-26 15:55:33,197.47772601,16220,0,-3203089,0
2018-04-26 15:55:41,7.398e-05,16220,0,-1,0
2018-04-26 15:55:42,43.71812601,16220,0,-709108,0
2018-04-26 15:55:48,7.398e-05,16220,0,-1,0
2018-04-26 15:55:49,1.29992601,16220,0,-21085,0
2018-04-26 15:55:52,29.6302,16225,0,-480750,0
2018-04-26 15:56:13,274.1265,16225,0,4447702,1
2018-04-26 15:58:58,313.1825936,16255,0,-5090783,0
2018-04-26 15:59:09,1.0001,16265,0,-16267,0
2018-04-26 16:00:11,16.3965,16305,0,-267345,0
2018-04-26 16:00:16,171.0,16305,0,-2788155,0
2018-04-26 16:02:24,67.7831,16270,0,1102831,1
2018-04-26 16:02:24,16.8138,16270,0,273561,1
2018-04-26 16:02:30,416.9823,16270,0,6784302,1
2018-04-26 16:03:25,14.2057,16285,0,-231340,0
2018-04-26 16:03:29,14.0,16300,0,-228200,0
2018-04-26 16:05:02,3.0,16320,0,48960,1
2018-04-26 16:05:23,974.7943,16305,0,-15894021,0
2018-04-26 16:06:57,467.69208578,16320,0,7632734,1
2018-04-26 16:06:57,532.30791421,16320,0,8687265,1
2018-04-26 16:08:59,300.0,16290,0,-4887000,0
2018-04-26 16:09:02,500.55938924,16300,0,-8159118,0
2018-04-26 16:09:02,124.87761075,16300,0,-2035505,0
2018-04-26 16:09:02,4.9158,16300,0,-80128,0
2018-04-26 16:09:30,3.0,16310,0,48930,1
2018-04-26 16:09:39,358.7838,16285,0,5842794,1
2018-04-26 16:09:39,1.0857,16285,0,17681,1
2018-04-26 16:09:39,567.4833,16285,0,9241466,1
2018-04-26 16:10:48,502.6931,16285,0,-8186357,0
2018-04-26 16:10:54,465.55102412,16300,0,7588482,1
2018-04-26 16:10:58,0.1,16290,0,1629,1
2018-04-26 16:11:57,28.4573,16275,0,-463143,0
2018-04-26 16:12:01,307.328,16265,0,-4998690,0
2018-04-26 16:12:39,301.5505,16250,0,4900196,1
2018-04-26 16:12:39,71.2769,16255,0,1158606,1
2018-04-26 16:15:14,1.6359,16270,0,-26616,0
2018-04-26 16:16:02,1.6359,16270,0,26616,1
2018-04-26 16:21:46,6.7755,16315,0,-110542,0
2018-04-26 16:22:59,6.7755,16300,0,110441,1
2018-04-26 16:23:42,227.5553,16280,0,-3704600,0
2018-04-26 16:23:57,0.3,16280,0,-4884,0
2018-04-26 16:25:39,16.7094,16235,0,-271277,0
2018-04-26 16:27:31,1.1148,16230,0,18093,1
2018-04-26 16:27:56,692.7623,16215,0,-11233141,0
2018-04-26 16:27:56,33.0983,16210,0,-536523,0
2018-04-26 16:28:39,561.96,16205,0,9106562,1
2018-04-26 16:28:39,10.7784,16205,0,174664,1
2018-04-26 16:28:39,6.2,16205,0,100471,1
2018-04-26 16:28:49,128.6,16215,0,2085249,1
2018-04-26 16:28:49,6.2,16215,0,100533,1
2018-04-26 16:29:28,255.5721,16220,0,4145379,1
2018-04-26 16:30:33,1.997,16215,0,-32381,0
2018-04-26 16:30:53,4.9924,16220,0,-80977,0
2018-04-26 16:30:53,520.1024,16220,0,-8436061,0
2018-04-26 16:31:44,130.0079,16230,0,2110028,1
2018-04-26 16:32:00,397.0839,16235,0,6446657,1
2018-04-26 16:32:53,12.2258,16245,0,-198608,0
2018-04-26 16:33:08,12.2258,16245,0,198608,1
2018-04-26 16:35:44,46.227,16270,0,-752113,0
2018-04-26 16:35:48,356.3675,16275,0,-5799881,0
2018-04-26 16:35:48,524.2125,16275,0,-8531558,0
2018-04-26 16:39:34,138.9591,16260,0,2259475,1
2018-04-26 16:39:47,674.4071,16250,0,10959115,1
2018-04-26 16:39:47,113.4408,16250,0,1843413,1
2018-04-26 16:42:06,0.586,16290,0,-9546,0
2018-04-26 16:42:07,22.398,16290,0,-364863,0
2018-04-26 16:44:04,2.0,16310,0,-32620,0
2018-04-26 16:44:04,8.0,16310,0,-130480,0
2018-04-26 16:44:05,90.0294,16310,0,-1468380,0
2018-04-26 16:44:05,413.623,16310,0,-6746191,0
2018-04-26 16:44:05,1.2347,16310,0,-20138,0
2018-04-26 16:45:21,537.8711,16325,0,8780746,1
2018-04-26 16:47:02,1.2456,16315,0,-20322,0
2018-04-26 16:48:20,998.7544,16290,0,-16269709,0
2018-04-26 16:52:38,466.849,16340,0,7628313,1
2018-04-26 16:52:38,13.8203,16340,0,225824,1
2018-04-26 16:52:38,519.3307,16340,0,8485864,1
2018-04-26 16:53:01,1.3487,16340,0,-22038,0
2018-04-26 16:53:42,177.9551,16380,0,-2914905,0
2018-04-26 16:53:42,10.2,16380,0,-167076,0
2018-04-26 16:53:42,472.9848,16380,0,-7747491,0
2018-04-26 16:53:42,3.6832,16380,0,-60331,0
2018-04-26 16:53:42,100.0,16380,0,-1638000,0
2018-04-26 16:55:05,766.1718,16400,0,12565218,1
2018-04-26 16:56:09,33.0141,16370,0,-540441,0
2018-04-26 16:56:10,0.4028,16370,0,-6594,0
2018-04-26 16:56:10,54.0258,16370,0,-884402,0
2018-04-26 16:56:57,87.4427,16385,0,1432749,1
2018-04-26 17:01:06,48.1282,16395,0,-789062,0
2018-04-26 17:01:14,48.1282,16385,0,788581,1
2018-04-26 17:02:50,100.09597317,16400,0,-1641574,0
2018-04-26 17:02:50,269.30892682,16400,0,-4416666,0
2018-04-26 17:02:50,630.5951,16400,0,-10341760,0
2018-04-26 17:03:48,10.5,16420,0,172410,1
2018-04-26 17:03:48,0.18270401,16420,0,3000,1
2018-04-26 17:03:55,376.9243,16405,0,6183443,1
2018-04-26 17:03:56,3.0,16405,0,49215,1
2018-04-26 17:03:56,5.0,16405,0,82025,1
2018-04-26 17:03:56,5.0,16405,0,82025,1
2018-04-26 17:03:56,13.6394,16405,0,223754,1
2018-04-26 17:04:00,10.0,16370,0,163700,1
2018-04-26 17:04:22,10.0,16360,0,163600,1
2018-04-26 17:04:22,5.0,16385,0,81925,1
2018-04-26 17:04:23,59.5478,16360,0,974202,1
2018-04-26 17:05:22,250.0,16400,0,4100000,1
2018-04-26 17:05:40,2.5,16405,0,-41013,0
2018-04-26 17:05:46,46.6784,16410,0,765993,1
2018-04-26 17:05:54,90.8709,16410,0,-1491191,0
2018-04-26 17:05:58,1.0,16410,0,-16410,0
2018-04-26 17:05:58,3.0,16410,0,-49230,0
2018-04-26 17:06:34,469.6263,16455,0,-7727701,0
2018-04-26 17:06:55,60.0,16485,0,989100,1
2018-04-26 17:06:55,445.2951,16485,0,7340690,1
2018-04-26 17:07:30,13.34,16495,0,-220043,0
2018-04-26 17:07:34,20.0,16495,0,-329900,0
2018-04-26 17:07:38,504.6695,16495,0,-8324523,0
2018-04-26 17:07:38,195.7609,16495,0,-3229076,0
2018-04-26 17:08:12,196.192,16480,0,3233244,1
2018-04-26 17:08:12,606.7961,16480,0,10000000,1
2018-04-26 17:08:24,29.7827,16455,0,490074,1
2018-04-26 17:08:24,72.658,16455,0,1195587,1
2018-04-26 17:08:35,10.0,16460,0,164600,1
2018-04-26 17:08:35,84.5711,16460,0,1392040,1
2018-04-26 17:08:48,685.479,16455,0,-11279557,0
2018-04-26 17:09:03,22.461,16455,0,369596,1
2018-04-26 17:09:05,167.53667578,16455,0,2756816,1
2018-04-26 17:09:06,117.4643,16455,0,1932875,1
2018-04-26 17:09:06,84.3083,16455,0,1387293,1
2018-04-26 17:09:07,20.0,16455,0,329100,1
2018-04-26 17:09:10,72.658,16430,0,1193771,1
2018-04-26 17:10:38,58.6437,16440,0,964102,1
2018-04-26 17:11:11,13.1886,16430,0,216689,1
2018-04-26 17:11:53,129.2184,16425,0,2122412,1
2018-04-26 17:14:42,50.0,16405,0,-820250,0
2018-04-26 17:14:59,50.2351,16400,0,-823856,0
2018-04-26 17:16:58,899.7649,16395,0,-14751646,0
2018-04-26 17:17:39,0.1,16395,0,1640,1
2018-04-26 17:29:01,999.9,16270,0,16268373,1
2018-04-26 17:30:00,136.4447,16250,0,-2217226,0
2018-04-26 17:30:52,863.5553,16250,0,-14032774,0
2018-04-26 17:33:20,7.4,16250,0,120250,1
2018-04-26 17:38:04,11.0,16200,0,178200,1
2018-04-26 17:38:04,50.0,16200,0,810000,1
2018-04-26 17:38:04,50.0,16200,0,810000,1
2018-04-26 17:38:05,17.1179,16200,0,277310,1
2018-04-26 17:38:08,124.3041,16195,0,2013105,1
2018-04-26 17:38:08,1.0001,16195,0,16197,1
2018-04-26 17:38:08,47.5056,16195,0,769353,1
2018-04-26 17:38:12,17.298,16190,0,280055,1
2018-04-26 17:38:12,72.6127,16190,0,1175600,1
2018-04-26 17:38:12,220.9053,16190,0,3576457,1
2018-04-26 17:38:17,44.6537,16185,0,722720,1
2018-04-26 17:38:17,66.4021,16185,0,1074718,1
2018-04-26 17:38:21,31.8005,16170,0,514214,1
2018-04-26 17:38:21,7.0,16170,0,113190,1
2018-04-26 17:38:21,231.0,16170,0,3735270,1
2018-04-26 17:38:47,150.9694,16120,0,-2433627,0
2018-04-26 17:38:51,1.6207,16115,0,-26118,0
2018-04-26 17:38:55,7.0423,16115,0,-113487,0
2018-04-26 17:39:02,24.2058,16130,0,-390440,0
2018-04-26 17:39:02,18.889,16130,0,-304680,0
2018-04-26 17:39:02,161.5123,16130,0,-2605193,0
2018-04-26 17:39:03,173.207,16130,0,-2793829,0
2018-04-26 17:40:20,192.2,16075,0,3089615,1
2018-04-26 17:40:20,138.3732,16075,0,2224349,1
2018-04-26 17:40:30,793.1267,16105,0,-12773306,0
2018-04-26 17:42:39,16.186,16110,0,260756,1
2018-04-26 17:42:39,22.5071,16110,0,362589,1
2018-04-26 17:42:59,260.0,16130,0,4193800,1
2018-04-26 17:44:21,28.1302,16195,0,455569,1
2018-04-26 17:44:22,10.0,16195,0,161950,1
2018-04-26 17:44:47,560.1278,16275,0,9116080,1
2018-04-26 17:44:56,66.6274,16275,0,1084361,1
2018-04-26 17:45:10,36.4215,16275,0,592760,1
2018-04-26 17:47:45,101.7145,16260,0,-1653878,0
2018-04-26 17:48:36,0.8,16225,0,12980,1
2018-04-26 17:48:40,100.9145,16215,0,1636329,1
2018-04-26 17:50:01,1.8,16105,0,-28989,0
2018-04-26 17:50:07,1.8,16100,0,28980,1
2018-04-26 17:50:29,8.366e-05,16160,0,-1,0
2018-04-26 17:50:33,134.7338,16120,0,-2171909,0
2018-04-26 17:50:33,41.2359,16120,0,-664723,0
2018-04-26 17:50:37,10.0,16165,0,-161650,0
2018-04-26 17:50:41,200.0,16125,0,-3225000,0
2018-04-26 17:51:20,39.0576,16140,0,-630390,0
2018-04-26 17:51:33,0.23189535,16150,0,-3745,0
2018-04-26 17:51:33,75.39400464,16150,0,-1217613,0
2018-04-26 17:54:54,103.41632998,16140,0,1669139,1
2018-04-26 17:54:54,397.23697001,16140,0,6411405,1
2018-04-26 17:56:06,94.3406,16135,0,-1522186,0
2018-04-26 17:56:10,76.1764,16150,0,-1230249,0
2018-04-26 17:58:29,1.0983,16100,0,17683,1
2018-04-26 17:58:29,50.0,16100,0,805000,1
2018-04-26 17:58:29,46.585,16100,0,750019,1
2018-04-26 17:58:29,72.8337,16100,0,1172623,1
2018-04-26 17:59:11,4.4734,16085,0,-71955,0
2018-04-26 17:59:51,88.4883,16075,0,-1422449,0
2018-04-26 18:00:00,312.0985,16070,0,-5015423,0
2018-04-26 18:00:38,136.0,16055,0,-2183480,0
2018-04-26 18:00:38,320.9651,16055,0,-5153095,0
2018-04-26 18:01:38,87.58459559,16115,0,1411426,1
2018-04-26 18:06:22,8.9687,16170,0,145024,1
2018-04-26 18:06:22,81.7591,16170,0,1322045,1
2018-04-26 18:06:22,1.0,16170,0,16170,1
2018-04-26 18:09:53,180.7836,16260,0,2939541,1
2018-04-26 18:10:03,77.9819,16230,0,1265646,1
2018-04-26 18:10:03,20.2903,16230,0,329312,1
2018-04-26 18:10:03,13.0,16230,0,210990,1
2018-04-26 18:10:54,274.4681,16220,0,-4451873,0
2018-04-26 18:11:05,304.9238,16215,0,4944339,1
2018-04-26 18:11:05,4.298,16215,0,69692,1
2018-04-26 18:11:19,69.9159,16185,0,1131589,1
2018-04-26 18:11:28,144.0802,16185,0,-2331938,0
2018-04-26 18:12:23,7.09,16190,0,114787,1
2018-04-26 18:12:29,65.4856,16190,0,-1060212,0
2018-04-26 18:12:30,37.0,16190,0,-599030,0
2018-04-26 18:17:13,166.9644,16220,0,2708163,1
2018-04-26 18:17:13,50.7868,16220,0,823762,1
2018-04-26 18:17:13,172.4678,16220,0,2797428,1
2018-04-26 18:17:13,135.2443,16220,0,2193663,1
2018-04-26 18:22:13,33.8962,16250,0,-550813,0
2018-04-26 18:22:44,3.74e-05,16255,0,-1,0
2018-04-26 18:23:07,33.8963,16260,0,551154,1
2018-04-26 18:28:36,291.8908,16160,0,-4716955,0
2018-04-26 18:29:18,247.0118,16160,0,-3991711,0
2018-04-26 18:30:40,538.9026,16130,0,8692499,1
2018-04-26 18:31:52,8.2588,16110,0,-133049,0
2018-04-26 18:32:00,17.9216,16100,0,-288538,0
2018-04-26 18:32:09,51.9775,16100,0,-836838,0
2018-04-26 18:32:14,91.7743,16100,0,-1477566,0
2018-04-26 18:32:15,37.2257,16100,0,-599334,0
2018-04-26 18:32:26,1.4691,16075,0,23616,1
2018-04-26 18:32:53,31.655,16060,0,508379,1
2018-04-26 18:33:49,28.5397,16020,0,-457206,0
2018-04-26 18:34:15,124.766,16050,0,-2002494,0
2018-04-26 18:34:30,26.1077,16040,0,-418768,0
2018-04-26 18:34:52,646.5527,16050,0,-10377171,0
2018-04-26 18:36:32,999.9999,16015,0,16014998,1
2018-04-26 18:37:55,663.4251,15900,0,-10548459,0
2018-04-26 18:37:56,336.5749,15900,0,-5351541,0
2018-04-26 18:39:24,1000.0,16020,0,16020000,1
2018-04-26 18:40:09,47.1425,16065,0,-757344,0
2018-04-26 18:40:29,164.3161,16050,0,-2637273,0
2018-04-26 18:40:47,288.0024,16000,0,-4608038,0
2018-04-26 18:41:14,48.0278,16020,0,-769405,0
2018-04-26 18:41:14,55.6,16020,0,-890712,0
2018-04-26 18:41:14,53.5686,16020,0,-858169,0
2018-04-26 18:42:49,656.6574,16050,0,10539351,1
2018-04-26 18:45:14,418.6409,15945,0,-6675229,0
2018-04-26 18:45:26,248.19,15990,0,-3968558,0
2018-04-26 18:47:44,73.68562538,16070,0,1184128,1
2018-04-26 18:48:14,60.1645,16050,0,965640,1
2018-04-26 18:48:39,25.0,16050,0,401250,1
2018-04-26 18:48:39,282.6261,16050,0,4536149,1
2018-04-26 18:48:46,50.0,16030,0,-801500,0
2018-04-26 18:48:50,724.6454,16025,0,-11612443,0
2018-04-26 18:51:19,1000.0,16035,0,16035000,1
2018-04-26 18:52:06,106.1216,16020,0,-1700068,0
2018-04-26 18:52:44,106.1216,16010,0,1699007,1
2018-04-26 18:54:05,12.1501,16035,0,-194827,0
2018-04-26 18:54:13,115.8659,16035,0,-1857910,0
2018-04-26 18:54:44,124.8049,16025,0,-1999999,0
2018-04-26 18:57:43,325.0,16050,0,-5216250,0
2018-04-26 18:58:12,11.8,16115,0,190157,1
2018-04-26 19:20:12,30.8782,16200,0,500227,1
2018-04-26 19:20:36,0.9875,16210,0,16007,1
2018-04-26 19:21:22,10.0,16185,0,161850,1
2018-04-26 19:21:22,81.8357,16185,0,1324511,1
2018-04-26 19:21:26,65.3083,16175,0,1056362,1
2018-04-26 19:21:26,188.0269,16175,0,3041335,1
2018-04-26 19:21:30,188.9843,16180,0,3057766,1
2018-04-26 19:24:29,1000.0,16190,0,-16190000,0
2018-04-26 19:25:23,39.0367,16200,0,632395,1
2018-04-26 19:25:23,1.3042,16200,0,21128,1
2018-04-26 19:25:23,63.6672,16200,0,1031409,1
2018-04-26 19:29:17,60.1992,16370,0,985461,1
2018-04-26 19:29:18,835.7927,16370,0,13681926,1
2018-04-26 19:30:37,90.27997028,16420,0,-1482397,0
2018-04-26 19:30:37,22.1,16420,0,-362882,0
2018-04-26 19:30:37,102.3264,16420,0,-1680199,0
2018-04-26 19:30:41,200.0,16430,0,-3286000,0
2018-04-26 19:30:41,525.626516,16430,0,-8636044,0
2018-04-26 19:30:42,59.66708399,16430,0,-980330,0
2018-04-26 19:31:39,67.6006,16395,0,1108312,1
2018-04-26 19:31:44,110.696,16385,0,1813754,1
2018-04-26 19:31:46,249.4918,16385,0,4087923,1
2018-04-26 19:32:51,0.3353,16385,0,5494,1
2018-04-26 19:35:02,571.8763,16400,0,9378771,1
2018-04-26 19:37:01,1000.0,16370,0,-16370000,0
2018-04-26 19:37:44,140.92272034,16395,0,2310428,1
2018-04-26 19:37:44,22.0912,16395,0,362185,1
2018-04-26 19:37:44,378.9918,16395,0,6213571,1
2018-04-26 19:44:27,412.2172,16385,0,6754179,1
2018-04-26 19:44:34,45.7771,16390,0,750287,1
2018-04-26 19:48:53,2.8369,16350,0,-46383,0
2018-04-26 19:49:15,2.8369,16365,0,46426,1
2018-04-26 19:55:03,231.1795,16320,0,-3772849,0
2018-04-26 19:55:55,129.9426,16300,0,2118064,1
2018-04-26 19:55:55,55.0458,16300,0,897247,1
2018-04-26 19:55:55,11.7607,16300,0,191699,1
2018-04-26 19:56:03,14.6195,16290,0,238152,1
2018-04-26 19:56:08,17.3664,16285,0,282812,1
2018-04-26 19:57:08,43.9873,16270,0,-715673,0
2018-04-26 19:57:18,0.0001,16270,0,-2,0
2018-04-26 19:59:43,750.94612464,16250,0,-12202875,0
2018-04-26 19:59:43,202.62197535,16250,0,-3292607,0
2018-04-26 20:01:43,23.0698,16270,0,375346,1
2018-04-26 20:01:54,0.1227,16265,0,1996,1
2018-04-26 20:01:58,628.7198,16270,0,10229271,1
2018-04-26 20:03:02,267.7692,16240,0,4348572,1
2018-04-26 20:03:02,60.7185,16240,0,986068,1
2018-04-26 20:03:02,9.6,16240,0,155904,1
2018-04-26 20:03:02,10.0,16240,0,162400,1
2018-04-26 20:05:14,172.0606,16175,0,-2783080,0
2018-04-26 20:05:26,29.0025,16175,0,-469115,0
2018-04-26 20:05:30,1.0001,16200,0,-16202,0
2018-04-26 20:08:38,201.8915,16195,0,3269633,1
2018-04-26 20:12:14,4.1269,16245,0,-67041,0
2018-04-26 20:12:18,116.4563,16235,0,-1890668,0
2018-04-26 20:12:23,113.3005,16235,0,-1839434,0
2018-04-26 20:13:33,118.9412,16280,0,-1936363,0
2018-04-26 20:13:33,112.2908,16280,0,-1828094,0
2018-04-26 20:14:16,5.3,16265,0,-86205,0
2018-04-26 20:15:30,5.0,16335,0,-81675,0
2018-04-26 20:15:30,393.22839684,16335,0,-6423386,0
2018-04-26 20:16:00,868.8158,16350,0,14205138,1
2018-04-26 20:18:26,464.85865806,16310,0,-7581845,0
2018-04-26 20:18:36,535.1414,16330,0,-8738859,0
2018-04-26 20:19:58,125.2,16295,0,2040134,1
2018-04-26 20:19:58,27.7692,16295,0,452499,1
2018-04-26 20:20:19,8.6057,16320,0,140445,1
2018-04-26 20:20:52,838.4251,16320,0,13683098,1
2018-04-26 20:27:23,406.6177,16255,0,-6609571,0
2018-04-26 20:27:40,24.3752,16250,0,-396097,0
2018-04-26 20:28:17,430.9929,16220,0,6990705,1
2018-04-26 20:29:00,118.5071,16215,0,-1921593,0
2018-04-26 20:29:53,118.5071,16200,0,1919815,1
2018-04-26 20:31:13,72.225,16215,0,-1171128,0
2018-04-26 20:31:24,750.54945881,16220,0,-12173912,0
2018-04-26 20:31:24,100.41824118,16220,0,-1628784,0
2018-04-26 20:37:28,923.1927,16185,0,14941874,1
2018-04-26 20:38:15,420.11719134,16170,0,-6793295,0
2018-04-26 20:38:20,50.2944,16170,0,-813260,0
2018-04-26 20:39:05,3.4541,16170,0,55853,1
2018-04-26 20:39:35,113.8026,16160,0,1839050,1
2018-04-26 20:39:35,287.5621,16160,0,4647004,1
2018-04-26 20:39:35,65.5928,16160,0,1059980,1
2018-04-26 20:41:52,73.0702,16140,0,-1179353,0
2018-04-26 20:41:59,7.5521,16150,0,-121966,0
2018-04-26 20:41:59,65.9874,16150,0,-1065697,0
2018-04-26 20:41:59,105.5653,16150,0,-1704880,0
2018-04-26 20:41:59,50.0,16150,0,-807500,0
2018-04-26 20:41:59,96.2161,16150,0,-1553890,0
2018-04-26 20:41:59,104.7627,16150,0,-1691918,0
2018-04-26 20:41:59,151.6452,16150,0,-2449070,0
2018-04-26 20:50:08,654.799,16145,0,10571730,1
2018-04-26 20:50:43,1.0,16135,0,-16135,0
2018-04-26 20:50:52,1.0,16135,0,16135,1
2018-04-26 20:53:36,6.3,16110,0,-101493,0
2018-04-26 20:53:47,198.18549478,16120,0,-3194750,0
2018-04-26 20:53:47,225.9252,16120,0,-3641914,0
2018-04-26 20:53:48,62.03460521,16120,0,-999998,0
2018-04-26 20:53:48,40.7985,16120,0,-657672,0
2018-04-26 20:56:14,533.2438,16105,0,8587891,1
2018-04-26 20:59:28,1.0,16105,0,-16105,0
2018-04-26 21:00:25,1.0,16125,0,16125,1
2018-04-26 21:01:37,3.8288,16135,0,-61778,0
2018-04-26 21:01:42,163.2004,16135,0,-2633238,0
2018-04-26 21:01:46,75.23766182,16135,0,-1213960,0
2018-04-26 21:02:04,1.8909,16175,0,30585,1
2018-04-26 21:02:14,51.2717,16180,0,829576,1
2018-04-26 21:03:12,179.7608,16175,0,2907631,1
2018-04-26 21:03:22,9.3435,16175,0,151131,1
2018-04-26 21:04:40,62.4925,16205,0,-1012691,0
2018-04-26 21:04:41,3.0489,16205,0,-49407,0
2018-04-26 21:04:45,76.155,16205,0,-1234092,0
2018-04-26 21:06:23,77.10128397,16225,0,1250968,1
2018-04-26 21:06:24,41.51821602,16225,0,673633,1
2018-04-26 21:06:24,23.0769,16225,0,374423,1
2018-04-26 21:06:51,545.6206,16200,0,-8839054,0
2018-04-26 21:07:08,63.6882,16235,0,1033978,1
2018-04-26 21:08:00,13.4517,16190,0,217783,1
2018-04-26 21:08:05,30.5747,16175,0,494546,1
2018-04-26 21:08:05,116.0081,16175,0,1876431,1
2018-04-26 21:08:09,51.07427334,16170,0,825871,1
2018-04-26 21:09:15,6.0878,16175,0,-98470,0
2018-04-26 21:09:20,56.1691,16170,0,-908254,0
2018-04-26 21:09:24,635.9592,16180,0,-10289820,0
2018-04-26 21:10:03,140.2806432,16200,0,2272546,1
2018-04-26 21:10:48,0.2585,16200,0,4188,1
2018-04-26 21:12:08,828.5006,16210,0,13429995,1
2018-04-26 21:13:18,132.6077,16195,0,-2147582,0
2018-04-26 21:13:22,76.486,16195,0,-1238691,0
2018-04-26 21:13:28,107.8354,16195,0,-1746394,0
2018-04-26 21:14:06,37.3211,16210,0,604975,1
2018-04-26 21:15:08,279.608,16175,0,4522659,1
2018-04-26 21:21:19,14.5696,16250,0,-236756,0
2018-04-26 21:24:30,14.5696,16225,0,236392,1
2018-04-26 21:24:42,522.4265,16210,0,-8468534,0
2018-04-26 21:28:11,301.5226,16200,0,4884666,1
2018-04-26 21:28:11,10.0,16200,0,162000,1
2018-04-26 21:28:11,97.5001,16200,0,1579502,1
2018-04-26 21:28:11,108.4038,16200,0,1756142,1
2018-04-26 21:28:11,5.0,16200,0,81000,1
2018-04-26 21:28:44,73.6903,16220,0,-1195257,0
2018-04-26 21:28:44,19.8072,16220,0,-321273,0
2018-04-26 21:28:44,123.4186,16205,0,-1999998,0
2018-04-26 21:28:58,108.7568,16235,0,-1765667,0
2018-04-26 21:29:39,661.501,16190,0,-10709701,0
2018-04-26 21:29:44,1.3757,16220,0,22314,1
2018-04-26 21:45:16,9.2972,16160,0,150243,1
2018-04-26 21:45:16,12.9528,16160,0,209317,1
2018-04-26 21:58:09,28.0152,16195,0,453706,1
2018-04-26 21:58:09,5.0,16195,0,80975,1
2018-04-26 21:58:09,2.2624,16195,0,36640,1
2018-04-26 22:03:33,611.2838,16110,0,9847782,1
2018-04-26 22:03:33,10.0,16110,0,161100,1
2018-04-26 22:03:33,43.4461,16110,0,699917,1
2018-04-26 22:03:33,100.0,16110,0,1611000,1
2018-04-26 22:03:33,100.0,16110,0,1611000,1
2018-04-26 22:03:33,27.7886,16110,0,447674,1
2018-04-26 22:03:34,20.7521,16110,0,334316,1
2018-04-26 22:03:34,15.0,16110,0,241650,1
2018-04-26 22:03:59,12.3459,16105,0,-198831,0
2018-04-26 22:05:00,12.3459,16095,0,198707,1
2018-04-26 22:06:04,33.2614,16065,0,-534344,0
2018-04-26 22:07:06,27.8099,16085,0,-447322,0
2018-04-26 22:07:06,29.6427,16085,0,-476803,0
2018-04-26 22:07:17,22.0269,16110,0,-354853,0
2018-04-26 22:07:24,100.0,16075,0,-1607500,0
2018-04-26 22:07:39,103.0,16080,0,-1656240,0
2018-04-26 22:07:49,684.2591,16085,0,-11006308,0
2018-04-26 22:16:38,83.0063,16090,0,1335571,1
2018-04-26 22:17:01,551.2842,16085,0,8867406,1
2018-04-26 22:17:01,286.1978,16085,0,4603492,1
2018-04-26 22:17:01,11.0,16085,0,176935,1
2018-04-26 22:18:18,50.0,16080,0,804000,1
2018-04-26 22:18:50,19.4255,16070,0,-312168,0
2018-04-26 22:19:13,37.9372,16060,0,609271,1
2018-04-26 22:22:43,14.9475,15960,0,-238562,0
2018-04-26 22:22:43,852.1558,15960,0,-13600407,0
2018-04-26 22:23:58,4.4546,15935,0,70984,1
2018-04-26 22:23:58,13.1128,15935,0,208952,1
2018-04-26 22:24:09,799.99,15940,0,12751841,1
2018-04-26 22:24:35,13.4979,15950,0,-215292,0
2018-04-26 22:24:43,92.2613,16000,0,-1476181,0
2018-04-26 22:24:58,514.4662,16005,0,-8234032,0
2018-04-26 22:33:15,24.69698466,16075,0,397004,1
2018-04-26 22:33:15,5.283,16075,0,84924,1
2018-04-26 22:34:28,639.7913,16060,0,10275048,1
2018-04-26 22:36:50,1.0,16000,0,-16000,0
2018-04-26 22:37:18,1.0,16030,0,16030,1
2018-04-26 22:38:37,5.552e-05,16030,0,-1,0
2018-04-26 22:38:41,1.0,16050,0,-16050,0
2018-04-26 22:38:41,300.0,16050,0,-4815000,0
2018-04-26 22:38:45,21.6432,16055,0,-347482,0
2018-04-26 22:43:54,27.5869,16040,0,-442494,0
2018-04-26 22:45:13,50.0,16050,0,-802500,0
2018-04-26 22:45:41,20.0,16065,0,-321300,0
2018-04-26 22:48:52,5.043,16135,0,81369,1
2018-04-26 22:51:03,86.1595,16100,0,1387168,1
2018-04-26 22:51:03,187.5079,16100,0,3018877,1
2018-04-26 22:51:13,141.5198,16100,0,2278469,1
2018-04-26 22:51:54,186.641,16090,0,-3003054,0
2018-04-26 22:51:59,613.359,16100,0,-9875080,0
2018-04-26 22:58:53,42.8079,16085,0,688565,1
2018-04-26 23:05:44,195.67209665,16130,0,3156191,1
2018-04-26 23:06:16,19.8371,16095,0,319278,1
2018-04-26 23:06:16,1.4,16095,0,22533,1
2018-04-26 23:06:16,1.3952,16095,0,22456,1
2018-04-26 23:06:16,5.1821,16095,0,83406,1
2018-04-26 23:06:17,10.0,16095,0,160950,1
2018-04-26 23:06:20,523.7056,16090,0,8426423,1
2018-04-26 23:07:57,268.0,16095,0,-4313460,0
2018-04-26 23:08:01,20.283,16100,0,-326556,0
2018-04-26 23:08:53,7.8381,16090,0,126115,1
2018-04-26 23:08:53,201.053,16090,0,3234943,1
2018-04-26 23:08:54,41.2789,16090,0,664178,1
2018-04-26 23:08:54,1.0043,16090,0,16159,1
2018-04-26 23:11:09,37.1087,16110,0,597821,1
2018-04-26 23:19:14,59.7616,16155,0,-965449,0
2018-04-26 23:20:12,59.7616,16125,0,963656,1
2018-04-26 23:21:35,73.0317,16070,0,-1173619,0
2018-04-26 23:21:43,86.1018,16070,0,-1383656,0
2018-04-26 23:21:56,640.8665,16060,0,-10292316,0
2018-04-26 23:27:14,75.1613,16050,0,1206339,1
2018-04-26 23:27:22,59.1628,16050,0,949563,1
2018-04-26 23:29:02,2.4701,16045,0,39633,1
2018-04-26 23:29:27,95.391,16050,0,1531026,1
2018-04-26 23:29:32,50.8228,16050,0,815706,1
2018-04-26 23:30:55,125.9289,16010,0,2016122,1
2018-04-26 23:31:19,227.9744,15995,0,3646451,1
2018-04-26 23:31:19,62.0,15995,0,991690,1
2018-04-26 23:31:19,9.6785,15995,0,154808,1
2018-04-26 23:32:08,4.09e-05,15990,0,-1,0
2018-04-26 23:32:08,0.99995909,15990,0,-15989,0
2018-04-26 23:32:38,1.0925,16000,0,-17480,0
2018-04-26 23:34:29,6.8059,16010,0,-108962,0
2018-04-26 23:35:20,35.4495,16030,0,-568255,0
2018-04-26 23:35:24,194.1,16035,0,-3112394,0
2018-04-26 23:35:28,1.0001,16040,0,-16042,0
2018-04-26 23:35:33,178.1366,16060,0,-2860874,0
2018-04-26 23:44:45,508.9948,15975,0,8131192,1
2018-04-26 23:45:30,32.8558,15955,0,-524214,0
2018-04-26 23:45:41,32.8558,15995,0,525529,1
2018-04-26 23:45:43,6.6,15975,0,-105435,0
2018-04-26 23:45:50,6.6,15995,0,105567,1
2018-04-26 23:51:43,70.4239,15930,0,-1121853,0
2018-04-26 23:51:54,300.0492,15945,0,-4784284,0
2018-04-26 23:52:31,3.0838,15930,0,49125,1
2018-04-26 23:53:01,6.5678,15945,0,104724,1
2018-04-26 23:55:41,82.9955,15955,0,-1324193,0
2018-04-26 23:59:11,443.817,16050,0,7123263,1
2018-04-27 00:01:46,47.3562,16030,0,-759120,0
2018-04-27 00:01:46,1.0001,16030,0,-16032,0
2018-04-27 00:02:28,48.3563,15995,0,773459,1
2018-04-27 00:03:56,112.8366,15950,0,-1799744,0
2018-04-27 00:04:02,177.8276,15950,0,-2836350,0
2018-04-27 00:04:02,509.3358,15950,0,-8123906,0
2018-04-27 00:12:02,100.0,15905,0,1590500,1
2018-04-27 00:12:08,55.8829,15900,0,888538,1
2018-04-27 00:12:08,0.92,15900,0,14628,1
2018-04-27 00:12:08,4.0,15900,0,63600,1
2018-04-27 00:12:08,36.9818,15900,0,588011,1
2018-04-27 00:12:09,602.2153,15900,0,9575223,1
2018-04-27 00:13:08,697.5179,15880,0,-11076584,0
2018-04-27 00:16:10,697.5179,15805,0,11024270,1
2018-04-27 00:17:19,7.0,15830,0,-110810,0
2018-04-27 00:17:36,28.475,15875,0,-452041,0
2018-04-27 00:17:44,35.475,15915,0,564585,1
2018-04-27 00:17:48,11.3196,15850,0,-179416,0
2018-04-27 00:18:06,54.5896,15820,0,-863607,0
2018-04-27 00:18:48,65.9092,15860,0,1045320,1
2018-04-27 00:19:42,109.121,15870,0,-1731750,0
2018-04-27 00:19:50,0.0001,15870,0,-2,0
2018-04-27 00:21:15,355.1359,15880,0,-5639558,0
2018-04-27 00:21:15,79.9183,15880,0,-1269103,0
2018-04-27 00:21:41,544.1753,15890,0,8646946,1
2018-04-27 00:22:39,800.0,15905,0,-12724000,0
2018-04-27 00:29:05,195.0258,15880,0,3097010,1
2018-04-27 00:30:25,604.9742,15865,0,9597916,1
2018-04-27 00:35:59,548.7896,15950,0,-8753194,0
2018-04-27 00:36:46,90.1099,15990,0,1440857,1
2018-04-27 01:00:25,458.6797,15960,0,7320528,1
2018-04-27 01:06:08,63.5543,15940,0,-1013056,0
2018-04-27 01:07:00,0.6767,15960,0,10800,1
2018-04-27 01:07:16,62.8776,15960,0,1003526,1
2018-04-27 01:07:18,12.5,15945,0,-199313,0
2018-04-27 01:07:18,21.0989,15945,0,-336422,0
2018-04-27 01:08:04,33.5989,15960,0,536238,1
2018-04-27 01:11:23,62.7395,15940,0,-1000068,0
2018-04-27 01:13:46,5.0993,15935,0,-81257,0
2018-04-27 01:14:31,12.5,15945,0,-199313,0
2018-04-27 01:18:49,477.3704,15995,0,-7635540,0
2018-04-27 01:19:44,511.5827,16030,0,8200671,1
2018-04-27 01:20:27,46.1265,16080,0,741714,1
2018-04-27 01:20:47,144.6207,16080,0,-2325501,0
2018-04-27 01:22:04,43.4724,16100,0,699906,1
2018-04-27 01:22:04,56.0438,16100,0,902305,1
2018-04-27 01:22:05,45.1045,16100,0,726182,1
2018-04-27 01:22:20,2.6,16100,0,-41860,0
2018-04-27 01:22:20,13.7874,16100,0,-221977,0
2018-04-27 01:22:31,232.8641,16090,0,-3746783,0
2018-04-27 01:23:10,550.7485,16100,0,-8867051,0
2018-04-27 01:24:25,800.0,16130,0,12904000,1
2018-04-27 01:24:53,800.0,16150,0,-12920000,0
2018-04-27 01:25:10,108.0569,16170,0,1747280,1
2018-04-27 01:28:40,296.83176848,16130,0,4787896,1
2018-04-27 01:28:40,305.993,16130,0,4935667,1
2018-04-27 01:28:40,61.1762,16130,0,986772,1
2018-04-27 01:28:44,27.9421,16125,0,450566,1
2018-04-27 01:36:09,800.0,16145,0,-12916000,0
2018-04-27 01:38:20,800.0,16175,0,12940000,1
2018-04-27 01:38:38,109.58098447,16195,0,-1774664,0
2018-04-27 01:38:38,8.3409,16195,0,-135081,0
2018-04-27 01:38:42,7.9141,16200,0,-128208,0
2018-04-27 01:42:37,125.836,16250,0,2044835,1
2018-04-27 01:45:58,397.5788,16235,0,-6454692,0
2018-04-27 01:45:58,30.0,16235,0,-487050,0
2018-04-27 01:45:59,1.0001,16235,0,-16237,0
2018-04-27 01:48:34,428.5789,16285,0,6979407,1
2018-04-27 01:49:24,800.0,16395,0,-13116000,0
2018-04-27 01:49:34,800.0,16380,0,13104000,1
2018-04-27 01:50:30,800.0,16335,0,-13068000,0
2018-04-27 01:51:08,10.0,16350,0,163500,1
2018-04-27 01:51:34,50.0,16300,0,815000,1
2018-04-27 01:51:35,500.0,16300,0,8150000,1
2018-04-27 01:51:35,10.0,16300,0,163000,1
2018-04-27 01:51:38,6.5,16320,0,106080,1
2018-04-27 01:52:20,50.0,16300,0,815000,1
2018-04-27 01:52:24,17.9718,16300,0,292940,1
2018-04-27 01:52:41,155.5282,16300,0,2535110,1
2018-04-27 01:57:10,329.41861253,16335,0,-5381053,0
2018-04-27 01:57:10,1.0001,16335,0,-16337,0
2018-04-27 01:57:51,330.4187,16380,0,5412258,1
2018-04-27 01:59:12,46.4878,16415,0,-763097,0
2018-04-27 01:59:12,12.3039,16415,0,-201969,0
2018-04-27 01:59:12,8.7732,16415,0,-144012,0
2018-04-27 01:59:20,67.5649,16400,0,1108064,1
2018-04-27 02:03:47,800.0,16260,0,-13008000,0
2018-04-27 02:10:25,800.0,16270,0,13016000,1
2018-04-27 02:12:06,8.499e-05,16260,0,-1,0
2018-04-27 02:18:28,3.0,16310,0,-48930,0
2018-04-27 02:18:28,0.9344,16310,0,-15240,0
2018-04-27 02:18:28,1.1,16310,0,-17941,0
2018-04-27 02:18:28,11.0,16310,0,-179410,0
2018-04-27 02:18:29,3.8,16310,0,-61978,0
2018-04-27 02:18:30,2.2,16310,0,-35882,0
2018-04-27 02:18:30,2.5,16310,0,-40775,0
2018-04-27 02:18:30,3.0,16310,0,-48930,0
2018-04-27 02:18:31,1.8,16310,0,-29358,0
2018-04-27 02:18:32,2.6,16310,0,-42406,0
2018-04-27 02:18:32,1.3,16310,0,-21203,0
2018-04-27 02:18:34,4.0,16310,0,-65240,0
2018-04-27 02:19:27,762.7655,16350,0,-12471216,0
2018-04-27 02:19:41,0.6967,16380,0,11412,1
2018-04-27 02:20:58,799.3033,16405,0,13112571,1
2018-04-27 02:28:53,800.0,16300,0,-13040000,0
2018-04-27 02:38:42,800.0,16280,0,13024000,1
2018-04-27 02:43:21,0.0001,16235,0,-2,0
2018-04-27 02:43:26,446.4168,16235,0,-7247577,0
2018-04-27 02:44:43,192.084,16155,0,3103117,1
2018-04-27 02:47:17,1.9245,16165,0,-31110,0
2018-04-27 02:47:32,72.3772,16150,0,1168892,1
2018-04-27 02:47:39,0.94,16170,0,15200,1
2018-04-27 02:48:15,35.0736,16150,0,-566439,0
2018-04-27 02:48:53,1.1453,16185,0,18537,1
2018-04-27 02:50:53,189.4557,16240,0,-3076761,0
2018-04-27 02:51:06,259.1557,16285,0,4220351,1
2018-04-27 02:51:40,11.81,16240,0,-191794,0
2018-04-27 02:54:04,466.5,16240,0,-7575960,0
2018-04-27 02:56:16,566.9626,16285,0,9232986,1
2018-04-27 02:57:44,20.0,16200,0,324000,1
2018-04-27 02:58:10,38.5159,16200,0,623958,1
2018-04-27 03:03:30,10.0,16210,0,-162100,0
2018-04-27 03:04:15,374.0722,16220,0,-6067451,0
2018-04-27 03:05:49,3.2353,16205,0,-52428,0
2018-04-27 03:05:57,412.6925,16205,0,-6687682,0
2018-04-27 03:23:04,10.0,16240,0,162400,1
2018-04-27 03:40:47,790.0,16185,0,12786150,1
2018-04-27 03:41:18,10.0,16150,0,-161500,0
2018-04-27 03:44:27,118.2603,16170,0,-1912269,0
2018-04-27 03:51:50,128.2603,16130,0,2068839,1
2018-04-27 04:10:39,11.4291,16155,0,-184637,0
2018-04-27 04:10:43,11.4,16140,0,-183996,0
2018-04-27 04:14:20,3.3248,16135,0,-53646,0
2018-04-27 04:18:59,27.4587,16150,0,-443458,0
2018-04-27 04:20:25,16.8995,16140,0,272758,1
2018-04-27 04:21:57,13.9999,16150,0,-226098,0
2018-04-27 04:21:57,283.1516,16150,0,-4572898,0
2018-04-27 04:24:09,1.0001,16160,0,16162,1
2018-04-27 04:24:19,332.8645,16170,0,5382419,1
2018-04-27 04:29:43,10.0,16175,0,-161750,0
2018-04-27 04:30:21,10.0,16190,0,161900,1
2018-04-27 04:43:44,6.477e-05,16180,0,-1,0
2018-04-27 05:00:39,53.0088,16205,0,-859008,0
2018-04-27 05:00:43,210.34,16220,0,-3411715,0
2018-04-27 05:00:52,256.5899,16215,0,-4160605,0
2018-04-27 05:01:48,0.32,16250,0,5200,1
2018-04-27 05:07:03,50.7369,16350,0,829548,1
2018-04-27 05:07:11,468.8819,16350,0,7666219,1
2018-04-27 05:08:14,1.1,16350,0,-17985,0
2018-04-27 05:08:14,11.61,16350,0,-189824,0
2018-04-27 05:08:14,3.6,16350,0,-58860,0
2018-04-27 05:08:15,3.9,16350,0,-63765,0
2018-04-27 05:08:15,3.9,16350,0,-63765,0
2018-04-27 05:08:15,3.2,16350,0,-52320,0
2018-04-27 05:08:16,1.3,16350,0,-21255,0
2018-04-27 05:08:21,1.6,16350,0,-26160,0
2018-04-27 05:08:43,5.8,16365,0,-94917,0
2018-04-27 05:08:48,36.01,16380,0,589844,1
2018-04-27 05:17:45,0.0226,16350,0,-370,0
2018-04-27 05:20:52,72.4541,16390,0,-1187523,0
2018-04-27 05:22:28,531.2703,16410,0,-8718146,0
2018-04-27 05:23:39,6.4,16455,0,105312,1
2018-04-27 05:26:13,92.88917197,16485,0,1531278,1
2018-04-27 05:29:20,26.3382,16370,0,431156,1
2018-04-27 05:29:46,172.2741,16365,0,2819266,1
2018-04-27 05:30:14,30.6865,16355,0,-501878,0
2018-04-27 05:30:45,0.1098,16390,0,-1800,0
2018-04-27 05:30:45,54.7591,16390,0,-897502,0
2018-04-27 05:30:45,6.3001,16390,0,-103259,0
2018-04-27 05:30:49,150.0,16390,0,-2458500,0
2018-04-27 05:30:49,178.8964,16390,0,-2932112,0
2018-04-27 05:30:49,0.0001,16390,0,-2,0
2018-04-27 05:32:59,1.0001,16375,0,16377,1
2018-04-27 05:33:24,617.4759,16375,0,10111168,1
2018-04-27 05:33:24,108.1215,16375,0,1770490,1
2018-04-27 05:40:35,129.4429,16345,0,-2115744,0
2018-04-27 05:41:03,112.4361,16355,0,-1838892,0
2018-04-27 05:41:03,182.0322,16355,0,-2977137,0
2018-04-27 05:52:39,233.42856441,16420,0,3832897,1
2018-04-27 05:53:37,18.9197,16425,0,-310756,0
2018-04-27 05:53:48,185.8676,16430,0,-3053805,0
2018-04-27 05:54:24,394.2479,16425,0,6475522,1
2018-04-27 05:54:24,1.022,16425,0,16786,1
2018-04-27 05:57:14,280.633,16445,0,-4615010,0
2018-04-27 05:57:18,419.4496,16455,0,-6902043,0
2018-04-27 05:57:19,46.0813,16455,0,-758268,0
2018-04-27 05:58:45,746.1639,16445,0,12270665,1
2018-04-27 06:02:18,30.6709,16460,0,-504843,0
2018-04-27 06:02:33,29.1862,16460,0,-480405,0
2018-04-27 06:03:26,674.1865,16460,0,-11097110,0
2018-04-27 06:09:20,44.1769,16440,0,726268,1
2018-04-27 06:09:29,689.8667,16440,0,11341409,1
2018-04-27 06:10:13,351.4247,16420,0,-5770394,0
2018-04-27 06:10:13,20.0,16420,0,-328400,0
2018-04-27 06:10:25,0.0001,16420,0,-2,0
2018-04-27 06:10:31,112.646,16420,0,-1849647,0
2018-04-27 06:12:27,484.0708,16400,0,7938761,1
2018-04-27 06:13:24,63.412,16400,0,-1039957,0
2018-04-27 06:14:28,1.3483,16380,0,22085,1
2018-04-27 06:14:32,2.166,16385,0,35490,1
2018-04-27 06:14:43,0.64,16385,0,10486,1
2018-04-27 06:14:48,5.4724,16370,0,89583,1
2018-04-27 06:14:48,53.7853,16370,0,880465,1
2018-04-27 06:21:51,59.91,16315,0,-977432,0
2018-04-27 06:22:03,100.9587,16315,0,-1647141,0
2018-04-27 06:22:55,639.1313,16320,0,-10430623,0
2018-04-27 06:30:20,166.9638,16390,0,2736537,1
2018-04-27 06:31:14,351.60964878,16400,0,5766398,1
2018-04-27 06:31:19,43.0984,16390,0,706383,1
2018-04-27 06:31:19,7.9772,16390,0,130746,1
2018-04-27 06:32:35,7.7941,16415,0,-127940,0
2018-04-27 06:33:14,11.3132,16435,0,185932,1
2018-04-27 06:33:24,226.8319,16435,0,3727982,1
2018-04-27 06:36:13,28.896,16400,0,-473894,0
2018-04-27 06:36:17,62.9668,16400,0,-1032656,0
2018-04-27 06:36:22,708.1372,16400,0,-11613450,0
2018-04-27 06:52:33,800.0,16320,0,13056000,1
2018-04-27 06:53:22,16.4458,16320,0,-268395,0
2018-04-27 06:53:33,119.871,16340,0,-1958692,0
2018-04-27 06:54:49,663.6831,16320,0,-10831308,0
2018-04-27 07:01:21,799.9999,16380,0,13103998,1
2018-04-27 07:07:55,4.885e-05,16375,0,-1,0
2018-04-27 07:11:15,219.4452,16370,0,-3592318,0
2018-04-27 07:12:44,83.7303,16360,0,-1369828,0
2018-04-27 07:13:40,409.4599,16375,0,-6704906,0
2018-04-27 07:16:10,83.74721304,16415,0,1374711,1
2018-04-27 07:18:19,10.0,16485,0,164850,1
2018-04-27 07:18:30,618.8882,16490,0,10205466,1
2018-04-27 07:18:58,249.8251,16500,0,-4122114,0
2018-04-27 07:18:58,312.0455,16500,0,-5148751,0
2018-04-27 07:18:58,104.0161,16500,0,-1716266,0
2018-04-27 07:18:58,134.1133,16500,0,-2212869,0
2018-04-27 07:20:56,800.0,16480,0,13184000,1
2018-04-27 07:22:09,35.1742,16470,0,-579319,0
2018-04-27 07:22:19,764.8258,16485,0,-12608153,0
2018-04-27 07:23:46,6.4,16475,0,105440,1
2018-04-27 07:24:16,5.5,16475,0,90613,1
2018-04-27 07:24:20,37.5487,16475,0,618615,1
2018-04-27 07:30:09,94.73,16485,0,1561624,1
2018-04-27 07:30:49,655.8213,16490,0,10814493,1
2018-04-27 07:31:11,1.0001,16540,0,-16542,0
2018-04-27 07:31:14,19.742,16550,0,-326730,0
2018-04-27 07:31:14,41.7771,16550,0,-691411,0
2018-04-27 07:31:14,200.0,16550,0,-3310000,0
2018-04-27 07:31:14,20.0,16550,0,-331000,0
2018-04-27 07:31:14,176.633,16550,0,-2923276,0
2018-04-27 07:31:14,319.3769,16550,0,-5285688,0
2018-04-27 07:31:15,21.4709,16550,0,-355343,0
2018-04-27 07:31:32,115.8854,16555,0,1918483,1
2018-04-27 07:31:35,352.7478,16550,0,5837976,1
2018-04-27 07:32:06,12.36,16570,0,204805,1
2018-04-27 07:32:10,57.0784,16570,0,945789,1
2018-04-27 07:32:11,261.9284,16570,0,4340154,1
2018-04-27 07:32:36,77.5205,16600,0,-1286840,0
2018-04-27 07:32:36,25.0,16600,0,-415000,0
2018-04-27 07:32:36,1.0,16600,0,-16600,0
2018-04-27 07:32:36,18.0146,16600,0,-299042,0
2018-04-27 07:32:36,12.8854,16600,0,-213898,0
2018-04-27 07:32:36,45.3527,16600,0,-752855,0
2018-04-27 07:32:37,32.2891,16600,0,-535999,0
2018-04-27 07:32:37,0.7977,16600,0,-13242,0
2018-04-27 07:32:37,5.0,16600,0,-83000,0
2018-04-27 07:32:37,300.0,16600,0,-4980000,0
2018-04-27 07:32:37,3.8,16600,0,-63080,0
2018-04-27 07:32:38,176.6599,16600,0,-2932554,0
2018-04-27 07:32:38,24.6214,16600,0,-408715,0
2018-04-27 07:32:38,10.9835,16600,0,-182326,0
2018-04-27 07:32:38,66.0752,16600,0,-1096848,0
2018-04-27 07:33:05,8.06,16580,0,133635,1
2018-04-27 07:33:05,368.4351,16580,0,6108654,1
2018-04-27 07:33:35,7.9879,16590,0,132519,1
2018-04-27 07:34:25,16.052,16595,0,266383,1
2018-04-27 07:34:29,119.4254,16575,0,1979476,1
2018-04-27 07:34:29,21.89,16575,0,362827,1
2018-04-27 07:35:24,54.949,16590,0,911604,1
2018-04-27 07:37:15,229.28682241,16595,0,-3805015,0
2018-04-27 07:37:15,52.3238,16595,0,-868313,0
2018-04-27 07:37:15,9.99997758,16595,0,-165950,0
2018-04-27 07:38:05,2.148,16645,0,35753,1
2018-04-27 07:38:05,492.6632,16640,0,8197916,1
2018-04-27 07:38:30,12.1297,16670,0,-202202,0
2018-04-27 07:38:30,352.5787,16670,0,-5877487,0
2018-04-27 07:39:20,151.0,16700,0,-2521700,0
2018-04-27 07:39:20,23.8946,16700,0,-399040,0
2018-04-27 07:39:20,50.0,16700,0,-835000,0
2018-04-27 07:39:21,21.077,16700,0,-351986,0
2018-04-27 07:39:21,189.32,16700,0,-3161644,0
2018-04-27 07:39:51,300.0,16725,0,5017500,1
2018-04-27 07:39:53,53.998,16725,0,903117,1
2018-04-27 07:39:56,446.002,16725,0,7459383,1
2018-04-27 07:40:38,1.0303,16735,0,-17242,0
2018-04-27 07:40:38,81.9876,16735,0,-1372062,0
2018-04-27 07:40:38,2.0,16735,0,-33470,0
2018-04-27 07:40:39,200.0,16735,0,-3347000,0
2018-04-27 07:40:39,100.0,16735,0,-1673500,0
2018-04-27 07:40:39,30.0,16735,0,-502050,0
2018-04-27 07:40:39,148.454,16735,0,-2484378,0
2018-04-27 07:40:39,50.0,16735,0,-836750,0
2018-04-27 07:40:39,100.0,16735,0,-1673500,0
2018-04-27 07:41:36,517.8239,16780,0,8689085,1
2018-04-27 07:41:36,195.648,16780,0,3282973,1
2018-04-27 07:42:17,800.0,16795,0,-13436000,0
2018-04-27 07:43:06,800.0,16770,0,13416000,1
2018-04-27 07:44:12,660.5223,16810,0,-11103380,0
2018-04-27 07:45:03,92.1429,16835,0,1551226,1
2018-04-27 07:45:03,65.7419,16835,0,1106765,1
2018-04-27 07:45:12,80.1897,16840,0,1350395,1
2018-04-27 07:45:16,57.1227,16845,0,962232,1
2018-04-27 07:45:16,217.5877,16840,0,3664177,1
2018-04-27 07:45:17,38.0373,16840,0,640548,1
2018-04-27 07:45:18,109.7001,16840,0,1847350,1
2018-04-27 07:45:32,200.0,16850,0,-3370000,0
2018-04-27 07:45:32,136.63858219,16850,0,-2302360,0
2018-04-27 07:45:32,5.0,16850,0,-84250,0
2018-04-27 07:45:32,24.0909,16850,0,-405932,0
2018-04-27 07:45:32,166.6753,16850,0,-2808479,0
2018-04-27 07:45:32,99.3771,16850,0,-1674504,0
2018-04-27 07:45:32,2.0,16850,0,-33700,0
2018-04-27 07:45:32,166.2181178,16850,0,-2800775,0
2018-04-27 07:46:41,182.31,16865,0,3074658,1
2018-04-27 07:46:41,2.2863,16865,0,38558,1
2018-04-27 07:47:03,403.7975,16850,0,6803988,1
2018-04-27 07:47:10,118.50975029,16820,0,1993334,1
2018-04-27 07:47:14,93.0965,16825,0,1566349,1
2018-04-27 07:48:13,88.1095,16770,0,-1477596,0
2018-04-27 07:49:02,71.8812,16795,0,-1207245,0
2018-04-27 07:49:18,114.57790952,16800,0,-1924909,0
2018-04-27 07:49:18,2.403,16800,0,-40370,0
2018-04-27 07:49:19,523.02829047,16800,0,-8786875,0
2018-04-27 07:52:53,632.2311,16865,0,10662578,1
2018-04-27 07:52:54,167.7688,16865,0,2829421,1
2018-04-27 07:54:46,65.2122,16850,0,-1098826,0
2018-04-27 07:56:02,579.4771,16840,0,-9758394,0
2018-04-27 07:56:31,85.94453032,16820,0,1445587,1
2018-04-27 07:56:31,96.3472,16820,0,1620560,1
2018-04-27 07:57:26,458.5679,16760,0,7685598,1
2018-04-27 07:57:56,2.5583,16745,0,42839,1
2018-04-27 07:57:56,1.2713,16745,0,21288,1
2018-04-27 07:58:06,691.0811,16730,0,-11561787,0
2018-04-27 08:00:50,116.7736,16855,0,1968219,1
2018-04-27 08:00:55,574.3075,16850,0,9677081,1
2018-04-27 08:01:33,0.4994,16845,0,-8412,0
2018-04-27 08:01:46,799.5006,16855,0,-13475583,0
2018-04-27 08:05:19,240.0738,16860,0,4047644,1
2018-04-27 08:05:31,95.2054,16840,0,1603259,1
2018-04-27 08:05:32,53.7891,16840,0,905808,1
2018-04-27 08:05:32,15.0,16840,0,252600,1
2018-04-27 08:06:29,20.0,16860,0,-337200,0
2018-04-27 08:07:32,339.065,16835,0,5708159,1
2018-04-27 08:07:38,76.8667,16835,0,1294051,1
2018-04-27 08:10:19,800.0,16790,0,-13432000,0
2018-04-27 08:11:30,409.8147,16815,0,6891034,1
2018-04-27 08:11:43,190.015,16815,0,3195102,1
2018-04-27 08:11:47,200.1703,16815,0,3365864,1
2018-04-27 08:12:57,800.0,16770,0,-13416000,0
2018-04-27 08:14:04,279.4493,16770,0,4686365,1
2018-04-27 08:14:24,10.0,16770,0,167700,1
2018-04-27 08:14:40,51.1031,16765,0,856743,1
2018-04-27 08:15:13,151.5585,16770,0,2541636,1
2018-04-27 08:15:14,307.8891,16770,0,5163300,1
2018-04-27 08:16:34,75.0712,16745,0,-1257067,0
2018-04-27 08:17:20,368.6117124,16765,0,-6179775,0
2018-04-27 08:17:21,21.6335,16765,0,-362686,0
2018-04-27 08:18:11,237.6007,16790,0,3989316,1
2018-04-27 08:18:33,100.3486,16775,0,-1683348,0
2018-04-27 08:20:22,16.5463,16765,0,277399,1
2018-04-27 08:20:22,29.7801,16765,0,499263,1
2018-04-27 08:20:26,55.7634,16760,0,934595,1
2018-04-27 08:20:26,6.241,16760,0,104599,1
2018-04-27 08:20:27,219.7335,16760,0,3682733,1
2018-04-27 08:24:25,2.0906,16670,0,-34850,0
2018-04-27 08:24:48,2.0906,16660,0,34829,1
2018-04-27 08:25:37,0.7734,16630,0,-12862,0
2018-04-27 08:25:48,47.4859,16635,0,-789928,0
2018-04-27 08:26:20,48.2593,16630,0,802552,1
2018-04-27 08:26:50,800.0,16700,0,-13360000,0
2018-04-27 08:27:22,34.4727,16680,0,575005,1
2018-04-27 08:27:22,153.6916,16680,0,2563576,1
2018-04-27 08:27:28,39.6872,16680,0,661982,1
2018-04-27 08:27:28,151.267,16680,0,2523134,1
2018-04-27 08:27:36,4.3,16670,0,71681,1
2018-04-27 08:29:27,4.8718,16700,0,81359,1
2018-04-27 08:31:12,411.7097,16720,0,6883786,1
2018-04-27 08:34:42,22.0132,16715,0,-367951,0
2018-04-27 08:34:52,326.8349,16715,0,-5463045,0
2018-04-27 08:34:52,451.1519,16715,0,-7541004,0
2018-04-27 08:35:31,3.1254,16715,0,52241,1
2018-04-27 08:35:57,19.4563,16710,0,325115,1
2018-04-27 08:36:10,70.9012,16695,0,1183696,1
2018-04-27 08:39:12,0.1796,16695,0,2998,1
2018-04-27 08:41:10,706.3375,16730,0,11817026,1
2018-04-27 08:41:28,380.2177,16700,0,-6349636,0
2018-04-27 08:42:00,2.2016,16730,0,-36833,0
2018-04-27 08:42:37,4.0571,16740,0,-67916,0
2018-04-27 08:42:40,42.5195,16740,0,-711776,0
2018-04-27 08:43:05,80.0,16775,0,1342000,1
2018-04-27 08:43:22,24.0,16805,0,-403320,0
2018-04-27 08:43:34,307.1509,16815,0,5164742,1
2018-04-27 08:43:39,65.845,16785,0,1105208,1
2018-04-27 08:45:50,60.4831,16785,0,-1015209,0
2018-04-27 08:45:56,5.0,16800,0,-84000,0
2018-04-27 08:45:56,20.3455,16800,0,-341804,0
2018-04-27 08:45:56,20.0,16800,0,-336000,0
2018-04-27 08:45:57,45.3896,16800,0,-762545,0
2018-04-27 08:46:06,151.2182,16800,0,2540466,1
2018-04-27 08:57:05,35.6938,16880,0,-602511,0
2018-04-27 08:57:05,4.2547,16880,0,-71819,0
2018-04-27 08:57:05,0.868,16880,0,-14652,0
2018-04-27 08:57:05,30.0,16880,0,-506400,0
2018-04-27 08:57:05,117.81630284,16880,0,-1988739,0
2018-04-27 08:57:06,611.36719715,16880,0,-10319878,0
2018-04-27 08:59:41,2.0,16885,0,33770,1
2018-04-27 08:59:41,40.5558,16885,0,684785,1
2018-04-27 08:59:41,4.6215,16885,0,78034,1
2018-04-27 08:59:41,14.3401,16885,0,242133,1
2018-04-27 09:02:50,678.0969,16860,0,11432714,1
2018-04-27 09:02:50,60.3857,16860,0,1018103,1
2018-04-27 09:05:21,9.359e-05,16780,0,-2,0
2018-04-27 09:05:32,22.8584,16800,0,-384021,0
2018-04-27 09:05:35,49.5,16800,0,-831600,0
2018-04-27 09:05:35,500.0,16800,0,-8400000,0
2018-04-27 09:07:14,5.3144,16750,0,89016,1
2018-04-27 09:07:14,268.6465,16750,0,4499829,1
2018-04-27 09:07:14,298.3976,16750,0,4998160,1
2018-04-27 09:09:24,35.4965,16710,0,-593147,0
2018-04-27 09:09:24,113.8787,16710,0,-1902913,0
2018-04-27 09:09:33,160.7367,16705,0,-2685107,0
2018-04-27 09:10:11,17.72493952,16700,0,296006,1
2018-04-27 09:10:12,15.0,16700,0,250500,1
2018-04-27 09:10:12,141.9279,16700,0,2370196,1
2018-04-27 09:10:13,79.4927,16700,0,1327528,1
2018-04-27 09:10:14,1.0001,16695,0,16697,1
2018-04-27 09:10:14,5.0,16695,0,83475,1
2018-04-27 09:10:16,49.9663,16695,0,834187,1
2018-04-27 09:10:53,539.4726,16705,0,-9011890,0
2018-04-27 09:10:53,10.0,16695,0,-166950,0
2018-04-27 09:10:54,211.3011,16705,0,-3529785,0
2018-04-27 09:15:32,760.7737,16735,0,12731548,1
2018-04-27 09:16:55,696.4804,16760,0,-11673012,0
2018-04-27 09:18:10,234.9581615,16780,0,3942598,1
2018-04-27 09:18:26,388.8778,16780,0,6525369,1
2018-04-27 09:18:50,72.6444,16780,0,1218973,1
2018-04-27 09:19:42,800.0,16780,0,-13424000,0
2018-04-27 09:24:31,800.0,16865,0,13492000,1
2018-04-27 09:29:15,0.0001,16820,0,-2,0
2018-04-27 09:29:30,799.9999,16815,0,-13451998,0
2018-04-27 09:31:12,64.5706,16830,0,1086723,1
2018-04-27 09:31:31,389.4714,16815,0,6548962,1
2018-04-27 09:31:31,87.8883,16815,0,1477842,1
2018-04-27 09:32:06,406.3514,16805,0,-6828735,0
2018-04-27 09:37:19,50.9598,16770,0,854596,1
2018-04-27 09:37:19,603.4613,16770,0,10120046,1
2018-04-27 09:37:19,10.0,16770,0,167700,1
2018-04-27 09:37:42,0.3081,16795,0,-5175,0
2018-04-27 09:37:56,261.0,16800,0,-4384800,0
2018-04-27 09:37:56,8.62742619,16800,0,-144941,0
2018-04-27 09:37:57,13.4465738,16800,0,-225902,0
2018-04-27 09:37:57,34.4988,16800,0,-579580,0
2018-04-27 09:37:57,12.5826,16800,0,-211388,0
2018-04-27 09:38:01,93.5225738,16800,0,-1571179,0
2018-04-27 09:41:04,135.6985,16765,0,2274985,1
2018-04-27 09:41:09,3.6679,16750,0,-61437,0
2018-04-27 09:41:14,23.6845,16750,0,-396715,0
2018-04-27 09:44:11,1.2203,16765,0,-20458,0
2018-04-27 09:44:55,483.1397,16770,0,-8102253,0
2018-04-27 09:49:14,22.7442,16780,0,381648,1
2018-04-27 09:52:58,9.5867,16795,0,161009,1
2018-04-27 09:53:02,8.337,16790,0,139978,1
2018-04-27 09:56:19,283.5601,16770,0,4755303,1
2018-04-27 09:56:20,50.0895,16770,0,840001,1
2018-04-27 09:56:20,425.6825,16770,0,7138696,1
2018-04-27 09:59:03,800.0,16725,0,-13380000,0
2018-04-27 09:59:56,0.419,16755,0,7020,1
2018-04-27 10:01:28,799.581,16800,0,13432961,1
2018-04-27 10:10:08,253.968,16750,0,-4253964,0
2018-04-27 10:10:30,12.6466,16765,0,-212020,0
2018-04-27 10:10:37,20.19634435,16785,0,338996,1
2018-04-27 10:11:32,71.1907,16785,0,1194936,1
2018-04-27 10:12:24,81.49747615,16775,0,-1367120,0
2018-04-27 10:13:13,256.7251,16790,0,4310414,1
2018-04-27 10:18:08,25.5727,16805,0,-429749,0
2018-04-27 10:18:26,774.4272,16840,0,-13041354,0
2018-04-27 10:18:48,799.9999,16850,0,13479998,1
2018-04-27 10:22:16,800.0,16850,0,-13480000,0
2018-04-27 10:23:17,13.25988456,16850,0,223429,1
2018-04-27 10:23:28,92.9327,16850,0,1565916,1
2018-04-27 10:23:47,693.8074,16850,0,11690655,1
2018-04-27 10:26:11,169.6273,16830,0,-2854827,0
2018-04-27 10:27:17,33.13959093,16825,0,557574,1
2018-04-27 10:27:18,5.2767,16825,0,88780,1
2018-04-27 10:27:18,5.6454,16825,0,94984,1
2018-04-27 10:27:18,25.1032,16825,0,422361,1
2018-04-27 10:27:18,2.1202,16825,0,35672,1
2018-04-27 10:27:18,5.0,16825,0,84125,1
2018-04-27 10:27:22,11.8,16820,0,198476,1
2018-04-27 10:27:22,1.0,16820,0,16820,1
2018-04-27 10:27:22,11.8599,16820,0,199484,1
2018-04-27 10:27:22,68.6823,16820,0,1155236,1
2018-04-27 10:28:48,6.123e-05,16820,0,-1,0
2018-04-27 10:28:59,47.8747,16825,0,-805492,0
2018-04-27 10:29:28,206.7326,16820,0,-3477242,0
2018-04-27 10:31:26,15.4359,16835,0,-259863,0
2018-04-27 10:31:42,5.978e-05,16835,0,-1,0
2018-04-27 10:32:43,270.0433,16830,0,4544829,1
2018-04-27 10:33:16,130.7779,16835,0,-2201646,0
2018-04-27 10:33:32,65.3349,16825,0,1099260,1
2018-04-27 10:33:32,0.2715,16825,0,4568,1
2018-04-27 10:33:37,65.1715,16815,0,1095859,1
2018-04-27 10:36:49,178.0314,16780,0,-2987367,0
2018-04-27 10:38:01,59.5415,16780,0,999106,1
2018-04-27 10:38:01,44.43,16780,0,745535,1
2018-04-27 10:40:04,74.0599,16780,0,1242725,1
2018-04-27 10:40:35,6.5742,16795,0,-110414,0
2018-04-27 10:41:18,34.5749,16825,0,-581723,0
2018-04-27 10:42:48,41.1491,16800,0,691305,1
2018-04-27 10:56:32,18.9518,16775,0,-317916,0
2018-04-27 10:57:06,45.0826,16765,0,-755810,0
2018-04-27 10:59:33,64.0344,16760,0,1073217,1
2018-04-27 11:03:22,41.2566,16765,0,-691667,0
2018-04-27 11:03:40,26.2665,16770,0,-440489,0
2018-04-27 11:04:37,2.92946259,16775,0,49142,1
2018-04-27 11:06:49,64.5937,16760,0,1082590,1
2018-04-27 11:11:25,66.4108,16745,0,-1112049,0
2018-04-27 11:11:45,9.0,16750,0,-150750,0
2018-04-27 11:12:05,136.4958,16740,0,-2284940,0
2018-04-27 11:12:05,243.7499,16740,0,-4080373,0
2018-04-27 11:14:03,10.1112,16750,0,169363,1
2018-04-27 11:16:45,61.0499,16770,0,1023807,1
2018-04-27 11:16:56,50.4576,16770,0,846174,1
2018-04-27 11:16:56,14.9787,16770,0,251193,1
2018-04-27 11:16:56,39.6291,16770,0,664580,1
2018-04-27 11:17:02,146.7115,16770,0,2460352,1
2018-04-27 11:17:11,45.16252063,16765,0,757150,1
2018-04-27 11:17:11,13.0356,16765,0,218542,1
2018-04-27 11:17:11,74.52037936,16765,0,1249334,1
2018-04-27 11:21:14,5.6202,16800,0,-94419,0
2018-04-27 11:21:36,5.6202,16790,0,94363,1
2018-04-27 11:24:22,533.7743,16775,0,-8954064,0
2018-04-27 11:24:51,58.5826,16790,0,983602,1
2018-04-27 11:38:15,296.0602,16740,0,4956047,1
2018-04-27 11:39:11,2.2435,16730,0,-37534,0
2018-04-27 11:39:22,7.8834,16730,0,-131889,0
2018-04-27 11:40:12,126.1915,16750,0,-2113708,0
2018-04-27 11:40:38,152.6225,16735,0,-2554138,0
2018-04-27 11:43:23,39.4013,16710,0,658396,1
2018-04-27 11:43:24,0.2992,16710,0,5000,1
2018-04-27 11:43:24,8.7892,16710,0,146868,1
2018-04-27 11:43:24,109.9305,16710,0,1836939,1
2018-04-27 11:43:24,82.8901,16710,0,1385094,1
2018-04-27 11:43:24,15.6614,16710,0,261702,1
2018-04-27 11:43:24,9.4,16710,0,157074,1
2018-04-27 11:43:24,50.0,16710,0,835500,1
2018-04-27 11:43:25,151.7007,16710,0,2534919,1
2018-04-27 11:48:11,520.8523,16730,0,-8713859,0
2018-04-27 11:48:11,279.1477,16730,0,-4670141,0
2018-04-27 11:50:05,161.88665959,16745,0,2710792,1
2018-04-27 11:52:23,95.1235,16770,0,1595221,1
2018-04-27 12:00:06,69.2271,16735,0,1158516,1
2018-04-27 12:00:31,327.0049,16750,0,5477332,1
2018-04-27 12:04:18,653.2422,16730,0,-10928742,0
2018-04-27 12:11:22,518.82217306,16700,0,8664330,1
2018-04-27 12:11:22,20.1776,16700,0,336966,1
2018-04-27 12:11:22,62.3025,16700,0,1040452,1
2018-04-27 12:11:22,45.8577,16700,0,765824,1
2018-04-27 12:11:22,152.84002693,16700,0,2552428,1
2018-04-27 12:12:34,331.999,16695,0,-5542723,0
2018-04-27 12:12:34,24.9635,16695,0,-416766,0
2018-04-27 12:13:31,356.9625,16680,0,5954135,1
2018-04-27 12:16:24,0.0001,16640,0,-2,0
2018-04-27 12:16:24,37.043,16640,0,-616396,0
2018-04-27 12:16:30,15.0856,16650,0,-251175,0
2018-04-27 12:16:30,747.8713,16650,0,-12452057,0
2018-04-27 12:21:23,0.3,16635,0,4991,1
2018-04-27 12:23:18,63.7245,16610,0,1058464,1
2018-04-27 12:23:18,27.1555,16610,0,451053,1
2018-04-27 12:23:31,60.2955,16585,0,1000001,1
2018-04-27 12:23:31,1.8,16585,0,29853,1
2018-04-27 12:23:31,5.6,16585,0,92876,1
2018-04-27 12:23:32,568.5697,16585,0,9429728,1
2018-04-27 12:23:33,72.5548,16585,0,1203321,1
2018-04-27 12:23:44,0.6728,16585,0,-11158,0
2018-04-27 12:24:03,84.0915,16600,0,-1395919,0
2018-04-27 12:24:16,4.5932,16640,0,76431,1
2018-04-27 12:24:16,36.1,16640,0,600704,1
2018-04-27 12:24:53,20.3116,16670,0,338594,1
2018-04-27 12:24:53,23.7595,16670,0,396071,1
2018-04-27 12:30:12,46.6972,16660,0,-777975,0
2018-04-27 12:30:22,29.596,16650,0,492773,1
2018-04-27 12:31:01,0.2144,16660,0,3572,1
2018-04-27 12:31:22,6.0047,16655,0,-100008,0
2018-04-27 12:31:47,154.4653,16640,0,-2570303,0
2018-04-27 12:32:09,38.7557,16640,0,-644895,0
2018-04-27 12:32:56,8.3,16645,0,-138154,0
2018-04-27 12:33:08,3.993e-05,16650,0,-1,0
2018-04-27 12:33:09,22.52456006,16650,0,-375034,0
2018-04-27 12:33:13,38.6114,16650,0,-642880,0
2018-04-27 12:33:53,27.4701,16635,0,456965,1
2018-04-27 12:34:05,57.0,16620,0,947340,1
2018-04-27 12:34:05,106.9185,16620,0,1776985,1
2018-04-27 12:34:05,94.1599,16620,0,1564938,1
2018-04-27 12:39:16,68.6137,16560,0,-1136243,0
2018-04-27 12:39:16,115.6966,16560,0,-1915936,0
2018-04-27 12:39:16,15.9067,16560,0,-263415,0
2018-04-27 12:39:57,35.2547,16555,0,-583642,0
2018-04-27 12:40:03,6.3604,16555,0,-105296,0
2018-04-27 12:40:21,45.3786,16560,0,-751470,0
2018-04-27 12:40:50,48.8887,16570,0,810086,1
2018-04-27 12:42:33,191.766,16545,0,3172768,1
2018-04-27 12:43:16,46.556,16515,0,768872,1
2018-04-27 12:44:26,493.6247,16450,0,-8120126,0
2018-04-27 12:45:25,10.55,16545,0,174550,1
2018-04-27 12:49:30,254.794,16470,0,4196457,1
2018-04-27 12:49:31,218.9807,16470,0,3606612,1
2018-04-27 12:49:31,1.3,16470,0,21411,1
2018-04-27 12:49:31,4.7,16470,0,77409,1
2018-04-27 12:49:31,3.3,16470,0,54351,1
2018-04-27 12:50:10,3.6419,16470,0,-59982,0
2018-04-27 12:50:15,796.3581,16480,0,-13123981,0
2018-04-27 12:53:28,12.4282,16475,0,204755,1
2018-04-27 12:54:57,44.7098,16450,0,735476,1
2018-04-27 12:56:24,717.5969,16405,0,11772177,1
2018-04-27 12:56:24,25.2651,16405,0,414474,1
2018-04-27 12:57:59,29.955,16385,0,-490813,0
2018-04-27 12:58:03,15.56933801,16390,0,-255181,0
2018-04-27 12:58:20,398.0092,16380,0,-6519391,0
2018-04-27 12:58:20,59.8018,16380,0,-979553,0
2018-04-27 13:04:23,503.3353,16395,0,8252182,1
2018-04-27 13:05:23,420.3757,16385,0,-6887856,0
2018-04-27 13:06:18,420.3757,16470,0,6923588,1
2018-04-27 13:07:36,10.7067,16500,0,-176661,0
2018-04-27 13:07:36,20.9712,16500,0,-346025,0
2018-04-27 13:07:36,524.2346,16500,0,-8649871,0
2018-04-27 13:07:36,30.9156,16500,0,-510107,0
2018-04-27 13:09:08,586.8281,16495,0,9679730,1
2018-04-27 13:15:38,14.7758,16435,0,-242840,0
2018-04-27 13:22:16,10.3465,16450,0,-170200,0
2018-04-27 13:22:30,105.8315,16465,0,-1742516,0
2018-04-27 13:22:42,669.0462,16480,0,-11025881,0
2018-04-27 13:23:09,6.76433349,16500,0,111612,1
2018-04-27 13:24:23,164.9092,16520,0,2724300,1
2018-04-27 13:24:27,35.9025,16530,0,593468,1
2018-04-27 13:24:55,592.424,16530,0,9792769,1
2018-04-27 13:36:41,800.0,16500,0,-13200000,0
2018-04-27 13:38:17,4.2268,16525,0,69848,1
2018-04-27 13:38:29,2.3,16515,0,37985,1
2018-04-27 13:38:36,58.4581,16515,0,965436,1
2018-04-27 13:38:49,71.1259,16515,0,1174644,1
2018-04-27 13:40:47,663.8892,16555,0,10990686,1
2018-04-27 13:45:22,636.60682549,16595,0,-10564490,0
2018-04-27 13:45:22,50.0223,16595,0,-830120,0
2018-04-27 13:45:22,113.3708745,16595,0,-1881390,0
2018-04-27 13:45:59,800.0,16630,0,13304000,1
2018-04-27 13:48:24,165.3263,16600,0,-2744417,0
2018-04-27 13:48:46,1.5,16630,0,-24945,0
2018-04-27 13:48:52,3.8,16630,0,-63194,0
2018-04-27 13:48:52,1.4,16630,0,-23282,0
2018-04-27 13:48:52,2.5,16630,0,-41575,0
2018-04-27 13:48:52,1.9,16630,0,-31597,0
2018-04-27 13:48:53,1.3,16630,0,-21619,0
2018-04-27 13:48:53,4.7,16630,0,-78161,0
2018-04-27 13:49:30,120.5263,16625,0,2003750,1
2018-04-27 13:49:30,61.9,16625,0,1029088,1
2018-04-27 13:49:36,5.6,16630,0,-93128,0
2018-04-27 13:49:36,3.9,16630,0,-64857,0
2018-04-27 13:49:36,4.7,16630,0,-78161,0
2018-04-27 13:49:37,1.9,16630,0,-31597,0
2018-04-27 13:49:37,2.4,16630,0,-39912,0
2018-04-27 13:49:37,2.0,16630,0,-33260,0
2018-04-27 13:50:45,1.6,16655,0,-26648,0
2018-04-27 13:50:45,2.8,16655,0,-46634,0
2018-04-27 13:50:49,2.2,16650,0,-36630,0
2018-04-27 13:50:56,2.3,16655,0,-38307,0
2018-04-27 13:51:20,6.6,16665,0,-109989,0
2018-04-27 13:51:24,8.7,16670,0,-145029,0
2018-04-27 13:51:24,20.9,16670,0,-348403,0
2018-04-27 13:51:36,4.0,16670,0,-66680,0
2018-04-27 13:51:40,234.5423,16670,0,-3909820,0
2018-04-27 13:54:23,19.3996,16650,0,323003,1
2018-04-27 13:54:51,284.7427,16635,0,4736695,1
2018-04-27 13:56:22,23.47146546,16650,0,-390800,0
2018-04-27 13:56:23,29.8773,16650,0,-497457,0
2018-04-27 13:56:23,166.76,16650,0,-2776554,0
2018-04-27 13:57:27,61.7329,16645,0,-1027544,0
2018-04-27 13:58:47,12.0481,16600,0,199998,1
2018-04-27 13:58:47,2.5,16600,0,41500,1
2018-04-27 13:58:47,24.4532,16600,0,405923,1
2018-04-27 13:58:48,172.5995,16600,0,2865152,1
2018-04-27 13:58:48,60.2409,16600,0,999999,1
2018-04-27 13:58:48,10.0,16600,0,166000,1
2018-04-27 13:59:04,576.98177652,16610,0,-9583667,0
2018-04-27 14:01:11,0.0012,16650,0,20,1
2018-04-27 14:01:47,50.0,16635,0,831750,1
2018-04-27 14:05:52,60.0,16630,0,997800,1
2018-04-27 14:05:52,270.2146,16630,0,4493669,1
2018-04-27 14:07:40,196.766,16650,0,3276154,1
2018-04-27 14:12:55,2.1163,16710,0,-35363,0
2018-04-27 14:12:55,11.8,16705,0,-197119,0
2018-04-27 14:13:07,13.9163,16700,0,232402,1
2018-04-27 14:20:57,100.6688,16595,0,-1670599,0
2018-04-27 14:21:12,59.7091,16590,0,-990574,0
2018-04-27 14:21:16,1.2241,16590,0,-20308,0
2018-04-27 14:21:24,638.398,16615,0,-10606983,0
2018-04-27 14:29:39,736.9594,16615,0,12244580,1
2018-04-27 14:29:39,63.0406,16615,0,1047420,1
2018-04-27 14:31:01,19.73746691,16625,0,-328135,0
2018-04-27 14:31:09,354.3,16625,0,-5890238,0
2018-04-27 14:32:52,425.9626,16645,0,-7090147,0
2018-04-27 14:34:29,204.6059,16685,0,3413849,1
2018-04-27 14:36:55,3.8125,16635,0,63421,1
2018-04-27 14:41:33,87.6034,16600,0,1454216,1
2018-04-27 14:41:33,110.4578,16600,0,1833599,1
2018-04-27 14:41:34,22.6065,16600,0,375268,1
2018-04-27 14:41:34,9.9518,16600,0,165200,1
2018-04-27 14:41:34,26.3589,16600,0,437558,1
2018-04-27 14:41:34,334.6032,16600,0,5554413,1
2018-04-27 14:43:40,21.4597,16600,0,-356231,0
2018-04-27 14:43:40,11.2517,16600,0,-186778,0
2018-04-27 14:43:40,141.4998,16600,0,-2348897,0
2018-04-27 14:44:12,174.2112,16585,0,2889293,1
2018-04-27 14:45:59,66.0,16575,0,-1093950,0
2018-04-27 14:46:23,91.4223,16570,0,-1514868,0
2018-04-27 14:46:32,4.3,16565,0,71230,1
2018-04-27 14:46:56,10.0,16555,0,165550,1
2018-04-27 14:47:04,9.6517,16550,0,159736,1
2018-04-27 14:49:00,133.4706,16555,0,2209606,1
2018-04-27 14:52:48,344.5416,16520,0,-5691827,0
2018-04-27 14:52:59,18.0833,16520,0,-298736,0
2018-04-27 14:53:10,274.5881,16515,0,-4534822,0
2018-04-27 14:54:53,190.9632,16540,0,3158531,1
2018-04-27 14:56:58,446.2498,16500,0,7363122,1
2018-04-27 14:57:40,51.9964,16515,0,-858721,0
2018-04-27 14:58:30,349.6946,16500,0,-5769961,0
2018-04-27 15:01:01,3.19,16500,0,52635,1
2018-04-27 15:01:08,141.71,16480,0,-2335381,0
2018-04-27 15:01:33,6.9,16470,0,113643,1
2018-04-27 15:02:31,37.2265,16470,0,613120,1
2018-04-27 15:02:31,232.4444,16470,0,3828359,1
2018-04-27 15:02:38,22.4537,16470,0,-369812,0
2018-04-27 15:03:41,14.2737,16485,0,235302,1
2018-04-27 15:03:52,17.1581,16490,0,282937,1
2018-04-27 15:03:53,39.3312,16490,0,648571,1
2018-04-27 15:06:06,215.3308,16500,0,3552958,1
2018-04-27 15:09:22,4.1435,16495,0,-68347,0
2018-04-27 15:10:19,156.95034123,16540,0,-2595959,0
2018-04-27 15:10:20,1.0001,16540,0,-16542,0
2018-04-27 15:10:20,5.52435876,16540,0,-91373,0
2018-04-27 15:10:55,632.3817,16550,0,-10465917,0
2018-04-27 15:11:17,800.0,16580,0,13264000,1
2018-04-27 15:13:32,23.2367,16560,0,-384800,0
2018-04-27 15:14:37,23.2367,16555,0,384684,1
2018-04-27 15:22:52,215.4960574,16620,0,-3581544,0
2018-04-27 15:22:53,4.3,16620,0,-71466,0
2018-04-27 15:22:53,10.0,16620,0,-166200,0
2018-04-27 15:22:53,40.0,16620,0,-664800,0
2018-04-27 15:22:53,120.39304259,16620,0,-2000932,0
2018-04-27 15:22:57,8.8148,16630,0,-146590,0
2018-04-27 15:22:57,6.7,16630,0,-111421,0
2018-04-27 15:22:57,1.0001,16630,0,-16632,0
2018-04-27 15:22:57,305.1294,16630,0,-5074302,0
2018-04-27 15:24:09,220.3185,16630,0,3663897,1
2018-04-27 15:24:09,362.3618,16630,0,6026077,1
2018-04-27 15:24:56,129.1531,16600,0,2143941,1
2018-04-27 15:28:10,4.398e-05,16580,0,-1,0
2018-04-27 15:42:14,210.2252,16520,0,-3472920,0
2018-04-27 15:42:33,100.0,16505,0,1650500,1
2018-04-27 15:42:33,1.0001,16505,0,16507,1
2018-04-27 15:42:33,10.0,16505,0,165050,1
2018-04-27 15:42:33,73.8185,16505,0,1218374,1
2018-04-27 15:42:34,25.4067,16505,0,419338,1
2018-04-27 15:43:21,250.01,16500,0,-4125165,0
2018-04-27 15:43:30,329.3048,16495,0,-5431883,0
2018-04-27 15:44:22,0.22,16500,0,3630,1
2018-04-27 15:52:39,66.2108,16480,0,1091154,1
2018-04-27 15:52:40,512.884,16480,0,8452328,1
2018-04-27 15:53:25,55.67003945,16475,0,-917164,0
2018-04-27 15:54:08,300.02,16485,0,-4945830,0
2018-04-27 15:56:42,211.3156,16460,0,-3478255,0
2018-04-27 15:58:53,113.74208148,16475,0,1873901,1
2018-04-27 15:59:06,13.3034,16455,0,218907,1
2018-04-27 15:59:06,160.9285,16455,0,2648078,1
2018-04-27 16:01:08,520.9684,16420,0,-8554301,0
2018-04-27 16:01:37,37.4351,16435,0,615246,1
2018-04-27 16:06:24,762.5649,16400,0,12506064,1
2018-04-27 16:07:48,39.9799,16375,0,-654671,0
2018-04-27 16:08:47,1.5011,16390,0,-24603,0
2018-04-27 16:10:04,758.519,16420,0,-12454882,0
2018-04-27 16:11:13,25.6099,16450,0,421283,1
2018-04-27 16:17:48,10.0,16410,0,164100,1
2018-04-27 16:20:49,0.31,16420,0,5090,1
2018-04-27 16:20:58,215.033,16435,0,3534067,1
2018-04-27 16:21:31,117.4278,16410,0,1926990,1
2018-04-27 16:21:32,223.5198,16410,0,3667960,1
2018-04-27 16:21:44,67.8914,16410,0,-1114098,0
2018-04-27 16:22:03,3.008,16410,0,-49361,0
2018-04-27 16:23:42,399.4,16420,0,-6558148,0
2018-04-27 16:25:13,34.1203,16400,0,559573,1
2018-04-27 16:25:13,50.0,16400,0,820000,1
2018-04-27 16:25:20,269.3393,16390,0,4414471,1
2018-04-27 16:25:20,10.0,16390,0,163900,1
2018-04-27 16:25:24,90.5101,16385,0,1483008,1
2018-04-27 16:25:24,224.4292,16385,0,3677272,1
2018-04-27 16:25:49,462.4279,16405,0,-7586130,0
2018-04-27 16:29:11,462.4279,16380,0,7574569,1
2018-04-27 16:33:16,99.84998292,16400,0,-1637540,0
2018-04-27 16:33:16,56.44951707,16400,0,-925772,0
2018-04-27 16:34:31,156.2995,16420,0,2566438,1
2018-04-27 16:35:13,800.0,16370,0,-13096000,0
2018-04-27 16:36:37,800.0,16420,0,13136000,1
2018-04-27 16:40:38,24.99999512,16395,0,-409875,0
2018-04-27 16:40:38,3.60000487,16395,0,-59022,0
2018-04-27 16:40:38,29.9933,16395,0,-491740,0
2018-04-27 16:40:38,7.3239,16395,0,-120075,0
2018-04-27 16:40:49,0.58159512,16395,0,9535,1
2018-04-27 16:45:22,59.3078,16375,0,-971165,0
2018-04-27 16:45:59,128.8013,16375,0,-2109121,0
2018-04-27 16:46:22,269.728,16375,0,-4416796,0
2018-04-27 16:48:50,125.0,16370,0,2046250,1
2018-04-27 16:48:54,72.292,16370,0,1183420,1
2018-04-27 16:49:54,474.1193,16390,0,-7770815,0
2018-04-27 16:52:33,800.0,16435,0,13148000,1
2018-04-27 16:53:27,10.0,16450,0,-164500,0
2018-04-27 16:53:30,3.11007264,16450,0,-51161,0
2018-04-27 16:53:31,505.9783,16450,0,-8323343,0
2018-04-27 16:53:31,6.079,16450,0,-100000,0
2018-04-27 16:54:20,96.129,16440,0,1580361,1
2018-04-27 16:58:04,260.79366423,16455,0,4291360,1
2018-04-27 16:59:37,356.4679,16440,0,-5860332,0
2018-04-27 16:59:58,182.4262,16445,0,2999999,1
2018-04-27 17:00:23,131.9139,16430,0,-2167345,0
2018-04-27 17:01:36,474.2003,16415,0,7783998,1
2018-04-27 17:02:48,309.2872,16440,0,-5084682,0
2018-04-27 17:02:52,30.8259,16445,0,-506932,0
2018-04-27 17:02:52,237.9358,16445,0,-3912854,0
2018-04-27 17:07:30,156.0412,16470,0,2569999,1
2018-04-27 17:09:40,100.0,16530,0,1653000,1
2018-04-27 17:09:45,322.0077,16525,0,5321177,1
2018-04-27 17:11:39,1.63555416,16525,0,-27028,0
2018-04-27 17:12:29,1.6356,16545,0,27061,1
2018-04-27 17:12:58,16.2365,16520,0,-268227,0
2018-04-27 17:13:38,16.2365,16490,0,267740,1
2018-04-27 17:15:05,57.231,16530,0,-946028,0
2018-04-27 17:15:31,742.769,16530,0,-12277972,0
2018-04-27 17:16:09,8.472,16525,0,140000,1
2018-04-27 17:16:13,225.8561,16520,0,3731143,1
2018-04-27 17:16:25,253.4425,16505,0,4183068,1
2018-04-27 17:16:29,312.2294,16500,0,5151785,1
2018-04-27 17:18:21,20.34,16515,0,-335915,0
2018-04-27 17:18:37,119.6765,16510,0,-1975859,0
2018-04-27 17:20:48,140.0165,16505,0,2310972,1
2018-04-27 17:23:55,3.2,16480,0,-52736,0
2018-04-27 17:26:10,3.2,16480,0,52736,1
2018-04-27 17:35:36,0.1,16475,0,-1648,0
2018-04-27 17:38:14,799.9,16475,0,-13178353,0
2018-04-27 17:40:47,8.2446,16460,0,135706,1
2018-04-27 17:40:59,165.0,16470,0,2717550,1
2018-04-27 17:41:36,626.7554,16460,0,10316394,1
2018-04-27 17:44:06,10.7534,16425,0,-176625,0
2018-04-27 17:44:12,777.72434535,16425,0,-12774122,0
2018-04-27 17:46:13,6.4,16420,0,105088,1
2018-04-27 17:46:13,120.3797,16420,0,1976635,1
2018-04-27 17:46:54,4.5432,16455,0,74758,1
2018-04-27 17:48:03,657.1548,16450,0,10810196,1
2018-04-27 18:04:06,88.5345,16480,0,-1459049,0
2018-04-27 18:06:00,71.3827,16525,0,1179599,1
2018-04-27 18:09:18,17.1518,16525,0,283433,1
2018-04-27 18:15:48,311.3088,16505,0,-5138152,0
2018-04-27 18:15:48,51.5839,16505,0,-851392,0
2018-04-27 18:15:53,27.3955,16510,0,-452300,0
2018-04-27 18:17:09,236.6065,16570,0,3920570,1
2018-04-27 18:20:46,138.2872,16580,0,2292802,1
2018-04-27 18:20:46,15.3945,16580,0,255241,1
2018-04-27 18:21:40,780.1585,16570,0,-12927226,0
2018-04-27 18:22:59,1.0,16580,0,16580,1
2018-04-27 18:23:04,540.0,16565,0,8945100,1
2018-04-27 18:29:42,454.7119,16500,0,-7502746,0
2018-04-27 18:34:46,12.5566,16560,0,207937,1
2018-04-27 18:36:26,16.8178,16565,0,278587,1
2018-04-27 18:38:00,664.496,16620,0,11043924,1
2018-04-27 18:39:45,2.1,16650,0,-34965,0
2018-04-27 18:39:45,2.5,16650,0,-41625,0
2018-04-27 18:40:18,4.6,16680,0,76728,1
2018-04-27 18:40:35,55.0763,16690,0,-919223,0
2018-04-27 18:40:42,55.0763,16690,0,919223,1
2018-04-27 18:44:24,17.6748,16720,0,-295523,0
2018-04-27 18:44:24,0.1,16720,0,-1672,0
2018-04-27 18:44:41,17.7748,16715,0,297106,1
2018-04-27 18:46:40,72.08721257,16715,0,-1204938,0
2018-04-27 18:46:40,3.0,16715,0,-50145,0
2018-04-27 18:46:40,724.91278742,16715,0,-12116917,0
2018-04-27 18:46:45,8.742e-05,16715,0,1,1
2018-04-27 18:48:29,469.21331561,16750,0,7859323,1
2018-04-27 18:48:30,11.3,16750,0,189275,1
2018-04-27 18:48:30,216.1,16750,0,3619675,1
2018-04-27 18:48:51,103.3866,16765,0,1733276,1
2018-04-27 18:49:58,292.4082,16795,0,-4910996,0
2018-04-27 18:49:58,43.57602898,16795,0,-731859,0
2018-04-27 18:49:58,464.01577101,16795,0,-7793145,0
2018-04-27 18:57:10,58.9,17070,0,1005423,1
2018-04-27 18:57:22,583.1086,17095,0,9968242,1
2018-04-27 18:57:22,1.4,17090,0,23926,1
2018-04-27 18:57:22,56.0587,17080,0,957483,1
2018-04-27 18:57:23,100.5327,17080,0,1717099,1
2018-04-27 18:57:33,6.8999,17050,0,-117643,0
2018-04-27 18:57:39,6.8999,17065,0,117747,1
2018-04-27 18:57:58,540.64252807,17100,0,-9244987,0
2018-04-27 18:57:58,1.6,17100,0,-27360,0
2018-04-27 18:57:59,257.75747192,17100,0,-4407653,0
2018-04-27 18:59:08,800.0,17120,0,13696000,1
2018-04-27 18:59:44,445.4415,17060,0,-7599232,0
2018-04-27 18:59:45,1.21,17060,0,-20643,0
2018-04-27 19:00:17,446.6515,17100,0,7637741,1
2018-04-27 19:00:37,800.0,17065,0,-13652000,0
2018-04-27 19:00:49,14.3472,17050,0,244620,1
2018-04-27 19:01:09,785.6528,17020,0,13371811,1
2018-04-27 19:01:48,800.0,16975,0,-13580000,0
2018-04-27 19:02:11,355.4785,16980,0,6036025,1
2018-04-27 19:03:39,444.5215,17070,0,7587982,1
2018-04-27 19:07:36,224.6526,17005,0,-3820217,0
2018-04-27 19:08:12,224.6526,17000,0,3819094,1
2018-04-27 19:10:13,6.47e-05,17005,0,-1,0
2018-04-27 19:10:19,92.7806,17000,0,-1577270,0
2018-04-27 19:10:29,57.2911,17010,0,-974522,0
2018-04-27 19:10:50,150.0718,17030,0,2555723,1
2018-04-27 19:11:53,800.0,17070,0,-13656000,0
2018-04-27 19:13:28,53.694,17285,0,928101,1
2018-04-27 19:13:29,28.01879177,17265,0,483744,1
2018-04-27 19:13:29,602.87720822,17265,0,10408675,1
2018-04-27 19:13:29,115.41,17280,0,1994285,1
2018-04-27 19:14:59,415.361,17270,0,-7173284,0
2018-04-27 19:14:59,19.8545,17270,0,-342887,0
2018-04-27 19:15:00,19.4187,17270,0,-335361,0
2018-04-27 19:15:00,18.9021,17270,0,-326439,0
2018-04-27 19:15:01,52.5098,17270,0,-906844,0
2018-04-27 19:16:30,526.0461,17405,0,9155832,1
2018-04-27 19:16:49,1.1,17495,0,-19245,0
2018-04-27 19:16:49,3.6,17495,0,-62982,0
2018-04-27 19:16:52,610.9952,17500,0,-10692416,0
2018-04-27 19:16:53,128.4456,17500,0,-2247798,0
2018-04-27 19:16:53,55.8592,17500,0,-977536,0
2018-04-27 19:18:12,50.5559,17640,0,891806,1
2018-04-27 19:18:13,749.4441,17640,0,13220194,1
2018-04-27 19:18:45,121.65836619,17750,0,-2159436,0
2018-04-27 19:19:23,494.2642,17895,0,-8844858,0
2018-04-27 19:20:24,175.1568,17955,0,3144940,1
2018-04-27 19:20:24,38.46326928,17955,0,690608,1
2018-04-27 19:20:46,23.7807,17950,0,426864,1
2018-04-27 19:20:47,378.5218,17950,0,6794466,1
2018-04-27 19:21:22,108.656,17605,0,-1912889,0
2018-04-27 19:21:28,395.7688692,17630,0,-6977405,0
2018-04-27 19:21:28,21.7899,17630,0,-384156,0
2018-04-27 19:21:28,49.925,17630,0,-880178,0
2018-04-27 19:21:41,236.26526008,17690,0,4179532,1
2018-04-27 19:21:41,54.9,17660,0,969534,1
2018-04-27 19:21:56,47.03,17680,0,831490,1
2018-04-27 19:22:05,237.9445,17700,0,4211618,1
2018-04-27 19:22:26,36.21036314,17685,0,-640380,0
2018-04-27 19:22:33,36.2104,17710,0,641286,1
2018-04-27 19:23:18,206.6933,17745,0,-3667773,0
2018-04-27 19:23:18,16.815,17750,0,-298466,0
2018-04-27 19:23:42,219.7045,17650,0,3877784,1
2018-04-27 19:23:57,35.5218,17585,0,-624651,0
2018-04-27 19:23:58,337.7822,17585,0,-5939900,0
2018-04-27 19:24:02,109.4532,17585,0,-1924735,0
2018-04-27 19:24:15,486.561,17580,0,8553742,1
2018-04-27 19:24:26,13.6839,17575,0,-240495,0
2018-04-27 19:24:40,20.8275,17615,0,-366876,0
2018-04-27 19:24:55,6.6634,17660,0,-117676,0
2018-04-27 19:25:10,41.1748,17635,0,726118,1
2018-04-27 19:25:28,800.0,17660,0,-14128000,0
2018-04-27 19:25:31,404.632,17685,0,7155917,1
2018-04-27 19:25:40,26.02143325,17700,0,-460579,0
2018-04-27 19:25:40,5.6899,17700,0,-100711,0
2018-04-27 19:25:40,208.1379,17700,0,-3684041,0
2018-04-27 19:25:40,28.5631,17700,0,-505567,0
2018-04-27 19:25:40,10.2353,17700,0,-181165,0
2018-04-27 19:25:41,11.0,17700,0,-194700,0
2018-04-27 19:25:42,27.144,17700,0,-480449,0
2018-04-27 19:25:42,87.84036674,17700,0,-1554774,0
2018-04-27 19:26:00,7.24056374,17740,0,128448,1
2018-04-27 19:26:04,792.7594,17715,0,14043733,1
2018-04-27 19:26:22,51.7938,17750,0,-919340,0
2018-04-27 19:26:30,56.1505,17750,0,-996671,0
2018-04-27 19:27:01,10.0,17820,0,-178200,0
2018-04-27 19:27:04,5.6085,17830,0,-100000,0
2018-04-27 19:27:11,359.5030907,17860,0,-6420725,0
2018-04-27 19:27:23,483.0559,17875,0,8634624,1
2018-04-27 19:27:38,800.0,17805,0,-14244000,0
2018-04-27 19:27:42,56.8481,17785,0,1011043,1
2018-04-27 19:28:20,435.2964,17765,0,7733041,1
2018-04-27 19:28:23,142.58838059,17775,0,2534508,1
2018-04-27 19:28:24,95.6169,17775,0,1699590,1
2018-04-27 19:28:27,69.6502,17775,0,1238032,1
2018-04-27 19:29:30,421.6170909,17600,0,-7420461,0
2018-04-27 19:31:28,421.6171,17735,0,7477379,1
2018-04-27 19:31:55,355.2234,17710,0,-6291006,0
2018-04-27 19:32:17,87.134,17680,0,1540529,1
2018-04-27 19:32:17,6.88,17680,0,121638,1
2018-04-27 19:32:18,1.0,17680,0,17680,1
2018-04-27 19:32:18,86.0459,17680,0,1521292,1
2018-04-27 19:32:25,825.8365,17650,0,-14576014,0
2018-04-27 19:34:07,18.9464,17580,0,333078,1
2018-04-27 19:34:08,451.2624,17580,0,7933193,1
2018-04-27 19:35:59,15.8352,17620,0,279016,1
2018-04-27 19:36:24,22.0,17680,0,388960,1
2018-04-27 19:37:28,68.3393,17615,0,1203797,1
2018-04-27 19:38:24,265.7258,17595,0,4675445,1
2018-04-27 19:38:38,157.8909,17620,0,2782038,1
2018-04-27 19:40:47,0.8573,17730,0,-15200,0
2018-04-27 19:40:47,271.6546,17730,0,-4816436,0
2018-04-27 19:40:47,161.4262,17730,0,-2862087,0
2018-04-27 19:40:51,18.70417535,17725,0,-331532,0
2018-04-27 19:40:56,547.3577,17700,0,-9688231,0
2018-04-27 19:41:18,132.333,17725,0,2345602,1
2018-04-27 19:41:19,496.80586741,17725,0,8805884,1
2018-04-27 19:41:19,89.169,17725,0,1580521,1
2018-04-27 19:41:20,20.2037,17725,0,358111,1
2018-04-27 19:41:20,145.2584,17725,0,2574705,1
2018-04-27 19:41:21,116.23003258,17725,0,2060177,1
2018-04-27 19:41:24,30.0,17740,0,-532200,0
2018-04-27 19:41:37,11.2824,17780,0,-200601,0
2018-04-27 19:41:42,32.053,17800,0,-570543,0
2018-04-27 19:41:59,533.3185,17790,0,-9487736,0
2018-04-27 19:42:40,365.551,17695,0,6468425,1
2018-04-27 19:42:40,132.9566,17695,0,2352667,1
2018-04-27 19:42:55,227.8038,17695,0,-4030988,0
2018-04-27 19:43:04,8.4219,17700,0,-149068,0
2018-04-27 19:43:33,109.003,17740,0,1933713,1
2018-04-27 19:43:34,235.369,17740,0,4175446,1
2018-04-27 19:43:46,52.0866,17750,0,-924537,0
2018-04-27 19:43:46,272.611,17750,0,-4838845,0
2018-04-27 19:43:46,675.3024,17750,0,-11986618,0
2018-04-27 19:43:59,54.6347,17750,0,969766,1
2018-04-27 19:44:04,78.3,17750,0,1389825,1
2018-04-27 19:44:55,153.2303,17710,0,2713709,1
2018-04-27 19:47:33,1.0,17680,0,17680,1
2018-04-27 19:47:38,442.643,17690,0,7830355,1
2018-04-27 19:47:46,4.6792,17700,0,-82822,0
2018-04-27 19:48:28,274.8712,17690,0,4862472,1
2018-04-27 19:49:44,56.6329,17655,0,-999854,0
2018-04-27 19:49:55,49.8881,17650,0,-880525,0
2018-04-27 19:50:29,20.3278,17655,0,-358887,0
2018-04-27 19:50:41,126.8488,17670,0,2241418,1
2018-04-27 19:51:35,153.0521,17650,0,-2701370,0
2018-04-27 19:51:39,2.0,17655,0,-35310,0
2018-04-27 19:51:53,844.9479,17640,0,-14904881,0
2018-04-27 19:52:25,0.5528,17665,0,9765,1
2018-04-27 19:52:25,303.5306,17665,0,5361868,1
2018-04-27 19:52:50,211.5859,17645,0,3733433,1
2018-04-27 19:52:54,23.3561,17630,0,-411768,0
2018-04-27 19:53:22,5.21934543,17630,0,92017,1
2018-04-27 19:53:59,502.4674,17670,0,8878599,1
2018-04-27 19:58:06,1000.0,17715,0,-17715000,0
2018-04-27 19:59:23,200.7736,17755,0,3564735,1
2018-04-27 20:01:41,469.1333,17805,0,8352918,1
2018-04-27 20:01:46,330.0931,17800,0,5875657,1
2018-04-27 20:03:57,197.6441,17665,0,-3491383,0
2018-04-27 20:03:57,802.3559,17665,0,-14173617,0
2018-04-27 20:04:48,1000.0,17610,0,17610000,1
2018-04-27 20:04:59,172.0399,17605,0,-3028762,0
2018-04-27 20:05:09,41.525,17600,0,-730840,0
2018-04-27 20:05:30,89.1756,17600,0,-1569491,0
2018-04-27 20:05:52,302.7405,17600,0,5328233,1
2018-04-27 20:08:09,296.50939659,17640,0,-5230426,0
2018-04-27 20:08:12,5.5265,17650,0,-97543,0
2018-04-27 20:08:23,200.0,17615,0,3523000,1
2018-04-27 20:08:26,98.959,17590,0,1740689,1
2018-04-27 20:08:31,3.0769,17590,0,54123,1
2018-04-27 20:08:45,658.8964,17540,0,-11557043,0
2018-04-27 20:10:21,386.4603,17610,0,6805566,1
2018-04-27 20:10:30,2.0,17585,0,35170,1
2018-04-27 20:10:34,10.764,17560,0,189016,1
2018-04-27 20:10:34,80.9,17560,0,1420604,1
2018-04-27 20:10:35,25.0554,17560,0,439973,1
2018-04-27 20:11:05,110.2046,17575,0,1936846,1
2018-04-27 20:11:47,11.00093968,17565,0,193232,1
2018-04-27 20:11:47,32.51116031,17565,0,571059,1
2018-04-27 20:11:59,48.9704,17570,0,-860410,0
2018-04-27 20:12:06,48.9704,17570,0,860410,1
2018-04-27 20:13:17,3.6464,17520,0,-63885,0
2018-04-27 20:13:22,386.6732,17530,0,-6778381,0
2018-04-27 20:13:22,0.3569,17530,0,-6256,0
2018-04-27 20:13:22,510.9744,17525,0,-8954826,0
2018-04-27 20:14:24,10.8,17510,0,189108,1
2018-04-27 20:15:37,63.07,17475,0,1102148,1
2018-04-27 20:15:38,50.2672,17475,0,878419,1
2018-04-27 20:15:38,267.55,17475,0,4675436,1
2018-04-27 20:15:45,32.6324,17455,0,569599,1
2018-04-27 20:15:53,132.4476,17420,0,-2307237,0
2018-04-27 20:16:36,583.8965,17445,0,10186074,1
2018-04-27 20:17:04,25.8824,17415,0,450742,1
2018-04-27 20:17:07,54.3141,17425,0,-946423,0
2018-04-27 20:17:12,7.79,17450,0,-135936,0
2018-04-27 20:17:18,62.1041,17465,0,1084648,1
2018-04-27 20:17:52,300.0299,17445,0,-5234022,0
2018-04-27 20:18:09,6.5872,17450,0,-114947,0
2018-04-27 20:18:09,241.7976,17450,0,-4219368,0
2018-04-27 20:18:42,0.3563,17420,0,6207,1
2018-04-27 20:18:52,13.9,17415,0,242069,1
2018-04-27 20:21:03,0.559,17460,0,9760,1
2018-04-27 20:23:35,5.2614,17505,0,92101,1
2018-04-27 20:23:36,126.896,17505,0,2221314,1
2018-04-27 20:23:49,24.925,17525,0,-436811,0
2018-04-27 20:23:57,314.7162,17550,0,-5523269,0
2018-04-27 20:23:57,3.0,17550,0,-52650,0
2018-04-27 20:23:57,255.9168,17545,0,-4490060,0
2018-04-27 20:25:18,1000.0,17565,0,17565000,1
2018-04-27 20:28:28,369.4454,17540,0,-6480072,0
2018-04-27 20:29:34,56.7973214,17610,0,-1000201,0
2018-04-27 20:29:42,66.803,17630,0,-1177737,0
2018-04-27 20:30:03,493.0458,17610,0,8682537,1
2018-04-27 20:31:49,1000.0,17560,0,-17560000,0
2018-04-27 20:32:12,58.2612,17580,0,1024232,1
2018-04-27 20:32:16,506.6135,17580,0,8906265,1
2018-04-27 20:32:21,435.1253,17605,0,7660381,1
2018-04-27 20:37:18,1000.0,17550,0,-17550000,0
2018-04-27 20:41:00,2.849,17550,0,50000,1
2018-04-27 20:42:12,58.107,17555,0,1020068,1
2018-04-27 20:42:12,10.2453,17555,0,179856,1
2018-04-27 20:42:15,105.1424,17550,0,1845249,1
2018-04-27 20:42:15,125.3796,17550,0,2200412,1
2018-04-27 20:42:15,275.6161,17550,0,4837063,1
2018-04-27 20:42:15,30.9606,17550,0,543359,1
2018-04-27 20:42:16,9.5877,17550,0,168264,1
2018-04-27 20:42:53,22.5276,17460,0,393332,1
2018-04-27 20:42:53,9.0318,17460,0,157695,1
2018-04-27 20:43:13,174.5858,17450,0,3046522,1
2018-04-27 20:43:14,50.0,17450,0,872500,1
2018-04-27 20:44:28,20.2991,17490,0,-355031,0
2018-04-27 20:44:28,14.5168,17485,0,-253826,0
2018-04-27 20:44:47,47.5178,17500,0,-831562,0
2018-04-27 20:44:47,53.3533,17500,0,-933683,0
2018-04-27 20:44:48,11.4342,17500,0,-200099,0
2018-04-27 20:45:50,1.4722,17500,0,25764,1
2018-04-27 20:46:23,36.8418,17485,0,644178,1
2018-04-27 20:46:23,234.7743,17485,0,4105029,1
2018-04-27 20:46:48,1.7645,17465,0,-30817,0
2018-04-27 20:49:59,1.7645,17510,0,30896,1
2018-04-27 20:50:56,178.4856,17530,0,-3128853,0
2018-04-27 20:50:56,169.8043,17530,0,-2976669,0
2018-04-27 20:51:04,139.7649,17535,0,-2450778,0
2018-04-27 20:51:11,488.0548,17550,0,8565362,1
2018-04-27 20:52:29,683.19514388,17615,0,-12034482,0
2018-04-27 20:53:01,76.6304,17615,0,1349844,1
2018-04-27 20:53:02,100.0,17615,0,1761500,1
2018-04-27 20:53:02,57.0414,17615,0,1004784,1
2018-04-27 20:53:06,52.0572,17600,0,916207,1
2018-04-27 20:53:06,11.1176,17600,0,195670,1
2018-04-27 20:53:06,47.1937,17600,0,830609,1
2018-04-27 20:53:11,339.1548,17585,0,5964037,1
2018-04-27 20:55:17,1000.0,17555,0,-17555000,0
2018-04-27 20:55:39,204.3493,17565,0,3589395,1
2018-04-27 20:56:49,431.6615,17565,0,7582134,1
2018-04-27 20:56:57,22.0,17545,0,385990,1
2018-04-27 20:56:57,108.0383,17545,0,1895532,1
2018-04-27 20:56:57,18.8147,17545,0,330104,1
2018-04-27 20:56:57,100.0,17545,0,1754500,1
2018-04-27 20:57:16,33.0,17510,0,577830,1
2018-04-27 20:57:29,418.8918,17470,0,-7318040,0
2018-04-27 20:59:57,243.9108,17510,0,4270878,1
2018-04-27 20:59:58,1.6569,17510,0,29012,1
2018-04-27 21:00:08,255.4603,17495,0,4469278,1
2018-04-27 21:00:52,2.6199,17470,0,-45770,0
2018-04-27 21:01:02,241.076,17470,0,-4211598,0
2018-04-27 21:01:02,280.5694,17470,0,-4901547,0
2018-04-27 21:01:03,50.3269,17470,0,-879211,0
2018-04-27 21:01:22,2.0,17500,0,35000,1
2018-04-27 21:07:17,8.2119,17505,0,143749,1
2018-04-27 21:07:35,564.3803,17530,0,9893587,1
2018-04-27 21:10:28,229.9546,17510,0,-4026505,0
2018-04-27 21:10:37,141.3495,17515,0,-2475736,0
2018-04-27 21:11:34,236.3669,17520,0,-4141148,0
2018-04-27 21:12:34,84.17748671,17545,0,1476894,1
2018-04-27 21:15:18,51.7173,17585,0,909449,1
2018-04-27 21:15:18,100.0,17585,0,1758500,1
2018-04-27 21:15:19,117.12459482,17585,0,2059636,1
2018-04-27 21:15:19,254.65160517,17585,0,4478048,1
2018-04-27 21:16:04,5.1,17595,0,-89735,0
2018-04-27 21:16:32,5.1,17595,0,89735,1
2018-04-27 21:20:33,175.3003,17570,0,-3080026,0
2018-04-27 21:20:58,3.215e-05,17585,0,1,1
2018-04-27 21:22:06,175.3003,17560,0,3078273,1
2018-04-27 21:24:55,530.54392402,17565,0,-9319004,0
2018-04-27 21:27:34,251.55607445,17555,0,4416067,1
2018-04-27 21:28:11,29.5781,17550,0,-519096,0
2018-04-27 21:28:56,10.0,17560,0,175600,1
2018-04-27 21:28:57,240.0,17560,0,4214400,1
2018-04-27 21:29:45,58.5659,17590,0,1030174,1
2018-04-27 21:33:18,21.4654,17600,0,-377791,0
2018-04-27 21:35:06,978.5346,17550,0,-17173282,0
2018-04-27 21:35:09,188.1,17565,0,3303977,1
2018-04-27 21:35:13,91.164,17565,0,1601296,1
2018-04-27 21:36:25,0.6497,17595,0,11431,1
2018-04-27 21:37:55,19.1704,17610,0,337591,1
2018-04-27 21:37:55,55.3414,17610,0,974562,1
2018-04-27 21:37:55,250.5993,17610,0,4413054,1
2018-04-27 21:37:59,13.85,17605,0,243829,1
2018-04-27 21:37:59,54.052,17605,0,951585,1
2018-04-27 21:38:00,0.1701,17605,0,2995,1
2018-04-27 21:38:00,26.3002,17605,0,463015,1
2018-04-27 21:38:00,7.0501,17605,0,124117,1
2018-04-27 21:38:04,293.5528,17615,0,5170933,1
2018-04-27 21:38:18,169.02372252,17630,0,-2979888,0
2018-04-27 21:38:30,250.92,17665,0,-4432502,0
2018-04-27 21:38:30,299.98,17665,0,-5299147,0
2018-04-27 21:39:17,626.55549915,17730,0,11108829,1
2018-04-27 21:39:18,78.779,17730,0,1396752,1
2018-04-27 21:39:21,14.5893,17745,0,258887,1
2018-04-27 21:39:35,3.943e-05,17750,0,-1,0
2018-04-27 21:40:02,594.37727499,17790,0,-10573972,0
2018-04-27 21:40:24,91.9563,17770,0,1634063,1
2018-04-27 21:40:24,55.6619,17770,0,989112,1
2018-04-27 21:40:25,131.7955,17770,0,2342006,1
2018-04-27 21:40:30,10.0,17755,0,-177550,0
2018-04-27 21:41:08,11.0,17785,0,-195635,0
2018-04-27 21:42:00,188.2013,17810,0,-3351865,0
2018-04-27 21:42:00,194.045,17800,0,-3454001,0
2018-04-27 21:43:05,67.837,17740,0,1203428,1
2018-04-27 21:43:34,500.0,17735,0,8867500,1
2018-04-27 21:43:37,131.5978,17720,0,-2331913,0
2018-04-27 21:43:43,42.4062,17740,0,-752286,0
2018-04-27 21:43:47,675.6231,17750,0,-11992310,0
2018-04-27 21:46:05,3.5903,17750,0,63728,1
2018-04-27 21:46:09,5.4886,17750,0,97423,1
2018-04-27 21:47:38,166.1982,17730,0,2946694,1
2018-04-27 21:47:38,322.1388,17730,0,5711521,1
2018-04-27 21:47:38,243.4149,17730,0,4315746,1
2018-04-27 21:47:44,95.6319,17715,0,1694119,1
2018-04-27 21:47:44,163.5373,17715,0,2897063,1
2018-04-27 21:47:56,259.3212,17700,0,-4589985,0
2018-04-27 21:48:07,13.3596,17690,0,-236331,0
2018-04-27 21:48:27,272.6808,17730,0,4834631,1
2018-04-27 21:51:02,3.0,17655,0,-52965,0
2018-04-27 21:51:24,8.117e-05,17640,0,-1,0
2018-04-27 21:51:28,60.5886,17650,0,-1069389,0
2018-04-27 21:51:32,66.728,17650,0,-1177749,0
2018-04-27 21:51:52,5.9243,17640,0,104505,1
2018-04-27 21:52:34,390.7,17620,0,-6884134,0
2018-04-27 21:54:19,10.0,17520,0,175200,1
2018-04-27 21:54:31,17.0,17490,0,297330,1
2018-04-27 21:54:31,62.78616352,17490,0,1098130,1
2018-04-27 21:54:42,292.0763,17480,0,-5105494,0
2018-04-27 21:55:19,113.8627,17585,0,2002276,1
2018-04-27 21:55:20,225.3735,17580,0,3962066,1
2018-04-27 21:55:20,48.8037,17580,0,857969,1
2018-04-27 21:55:47,47.09555671,17585,0,-828175,0
2018-04-27 21:55:53,35.2732,17600,0,-620808,0
2018-04-27 21:55:53,45.2038,17600,0,-795587,0
2018-04-27 21:56:02,8.7089,17615,0,153407,1
2018-04-27 21:56:07,448.2062,17590,0,7883947,1
2018-04-27 21:56:59,21.1223,17585,0,-371436,0
2018-04-27 21:57:35,589.2736,17570,0,-10353537,0
2018-04-27 21:58:32,2.4329,17615,0,42856,1
2018-04-27 21:58:32,73.4741,17615,0,1294246,1
2018-04-27 21:59:36,10.0,17605,0,176050,1
2018-04-27 21:59:36,326.3589,17605,0,5745548,1
2018-04-27 22:01:23,43.5494,17640,0,-768211,0
2018-04-27 22:01:23,35.8938,17640,0,-633167,0
2018-04-27 22:01:23,25.3731,17640,0,-447581,0
2018-04-27 22:01:24,697.0537,17640,0,-12296027,0
2018-04-27 22:03:08,0.01,17685,0,177,1
2018-04-27 22:03:46,999.99,17710,0,17709823,1
2018-04-27 22:04:01,100.0,17715,0,-1771500,0
2018-04-27 22:04:24,55.3069,17720,0,980038,1
2018-04-27 22:04:24,44.6931,17720,0,791962,1
2018-04-27 22:08:18,1000.0,17600,0,-17600000,0
2018-04-27 22:09:03,713.31408383,17635,0,12579294,1
2018-04-27 22:09:33,713.314,17570,0,-12532927,0
2018-04-27 22:10:03,285.4314,17610,0,5026447,1
2018-04-27 22:10:26,68.6318,17595,0,1207577,1
2018-04-27 22:12:06,645.9368,17570,0,11349110,1
2018-04-27 22:13:53,6.5901,17585,0,-115887,0
2018-04-27 22:13:53,389.86909673,17585,0,-6855848,0
2018-04-27 22:13:53,31.38300326,17585,0,-551870,0
2018-04-27 22:13:59,9.673e-05,17580,0,-2,0
2018-04-27 22:13:59,1.0,17580,0,-17580,0
2018-04-27 22:14:00,72.8019,17580,0,-1279857,0
2018-04-27 22:16:42,111.0386,17595,0,1953724,1
2018-04-27 22:16:43,21.9126,17595,0,385552,1
2018-04-27 22:16:43,23.0141,17595,0,404933,1
2018-04-27 22:16:43,10.7234,17595,0,188678,1
2018-04-27 22:17:26,330.4613,17620,0,5822728,1
2018-04-27 22:17:57,4.4942,17620,0,79188,1
2018-04-27 22:19:26,118.0,17625,0,-2079750,0
2018-04-27 22:20:30,118.0,17615,0,2078570,1
2018-04-27 22:21:52,414.543,17515,0,-7260721,0
2018-04-27 22:21:55,143.51,17535,0,2516448,1
2018-04-27 22:21:55,6.0,17535,0,105210,1
2018-04-27 22:21:59,265.033,17550,0,4651329,1
2018-04-27 22:22:25,1000.0,17500,0,-17500000,0
2018-04-27 22:23:10,1000.0,17440,0,17440000,1
2018-04-27 22:24:02,1000.0,17500,0,-17500000,0
2018-04-27 22:24:16,1000.0,17555,0,17555000,1
2018-04-27 22:25:17,50.6,17580,0,-889548,0
2018-04-27 22:26:41,31.8745,17540,0,559079,1
2018-04-27 22:26:41,18.7255,17540,0,328445,1
2018-04-27 22:27:06,35.1422,17540,0,-616394,0
2018-04-27 22:28:23,35.1422,17540,0,616394,1
2018-04-27 22:29:05,120.5956,17560,0,-2117659,0
2018-04-27 22:29:05,54.7291,17560,0,-961043,0
2018-04-27 22:29:05,11.7021,17560,0,-205489,0
2018-04-27 22:29:09,12.7329,17565,0,-223653,0
2018-04-27 22:29:09,186.4806,17565,0,-3275532,0
2018-04-27 22:29:13,7.0408,17565,0,-123672,0
2018-04-27 22:29:30,606.7189,17570,0,-10660051,0
2018-04-27 22:36:03,0.392,17625,0,6909,1
2018-04-27 22:36:12,56.7054,17630,0,999716,1
2018-04-27 22:36:12,500.0,17630,0,8815000,1
2018-04-27 22:36:16,14.1351,17640,0,249343,1
2018-04-27 22:37:21,254.73849909,17670,0,4501229,1
2018-04-27 22:37:25,174.029,17680,0,3076833,1
2018-04-27 22:37:38,12.95,17720,0,-229474,0
2018-04-27 22:37:49,12.95,17725,0,229539,1
2018-04-27 22:38:30,6.6,17615,0,-116259,0
2018-04-27 22:39:11,66.728,17635,0,-1176748,0
2018-04-27 22:39:15,13.024,17640,0,-229743,0
2018-04-27 22:39:15,5.6157,17640,0,-99061,0
2018-04-27 22:39:19,34.3761,17635,0,-606223,0
2018-04-27 22:39:23,113.4429,17630,0,-1999998,0
2018-04-27 22:39:27,108.4751,17625,0,-1911874,0
2018-04-27 22:39:31,66.728,17630,0,-1176415,0
2018-04-27 22:41:14,414.9898,17640,0,7320420,1
2018-04-27 22:43:53,16.6885,17720,0,-295720,0
2018-04-27 22:43:54,6.1,17720,0,-108092,0
2018-04-27 22:44:05,22.7885,17700,0,403356,1
2018-04-27 22:44:49,7.1,17660,0,-125386,0
2018-04-27 22:45:01,7.1,17680,0,125528,1
2018-04-27 22:45:21,9.5,17675,0,-167913,0
2018-04-27 22:45:55,9.5,17690,0,168055,1
2018-04-27 22:51:29,1000.0,17650,0,-17650000,0
2018-04-27 22:52:51,505.1062,17670,0,8925227,1
2018-04-27 22:52:52,290.22,17670,0,5128187,1
2018-04-27 22:54:34,795.3262,17730,0,-14101134,0
2018-04-27 22:54:55,128.63183251,17730,0,2280642,1
2018-04-27 22:54:56,316.1861,17730,0,5605980,1
2018-04-27 22:54:59,100.2532,17715,0,1775985,1
2018-04-27 22:55:00,8.9077,17715,0,157800,1
2018-04-27 22:55:04,379.0771,17715,0,6715351,1
2018-04-27 22:55:04,66.944,17720,0,1186248,1
2018-04-27 22:57:24,1000.0,17710,0,-17710000,0
2018-04-27 22:58:11,40.96828154,17715,0,725753,1
2018-04-27 22:58:26,198.0,17700,0,3504600,1
2018-04-27 22:58:35,15.2995,17705,0,270878,1
2018-04-27 22:58:48,165.5741,17690,0,2929006,1
2018-04-27 22:59:09,41.2607,17690,0,729902,1
2018-04-27 23:01:24,55.388,17705,0,980645,1
2018-04-27 23:01:25,73.0858,17705,0,1293984,1
2018-04-27 23:01:25,274.0551,17705,0,4852146,1
2018-04-27 23:01:25,1.5001,17705,0,26559,1
2018-04-27 23:01:25,5.649,17705,0,100016,1
2018-04-27 23:01:25,129.2194,17705,0,2287829,1
2018-04-27 23:07:14,236.2189,17675,0,-4175169,0
2018-04-27 23:07:33,22.0,17690,0,389180,1
2018-04-27 23:07:40,28.0,17690,0,495320,1
2018-04-27 23:08:24,6.412,17700,0,113492,1
2018-04-27 23:08:29,179.8069,17710,0,3184380,1
2018-04-27 23:10:05,1000.0,17720,0,-17720000,0
2018-04-27 23:10:46,95.3707,17740,0,1691876,1
2018-04-27 23:10:46,0.4509,17740,0,7999,1
2018-04-27 23:10:46,117.1733,17740,0,2078654,1
2018-04-27 23:10:47,405.0491,17740,0,7185571,1
2018-04-27 23:10:50,381.956,17750,0,6779719,1
2018-04-27 23:12:01,133.1008,17830,0,-2373187,0
2018-04-27 23:13:48,31.98,17920,0,-573082,0
2018-04-27 23:13:52,48.4274,17910,0,-867335,0
2018-04-27 23:13:52,12.1781,17920,0,-218232,0
2018-04-27 23:14:18,225.6863,17955,0,4052198,1
2018-04-27 23:14:42,34.362,17985,0,-618001,0
2018-04-27 23:14:42,56.1045,17985,0,-1009039,0
2018-04-27 23:14:43,224.8028,17985,0,-4043078,0
2018-04-27 23:14:56,10.0,17985,0,-179850,0
2018-04-27 23:15:01,132.19914837,17995,0,-2378924,0
2018-04-27 23:16:33,6.0,18030,0,-108180,0
2018-04-27 23:16:34,7.6268,18030,0,-137511,0
2018-04-27 23:16:34,327.0444,18030,0,-5896611,0
2018-04-27 23:17:51,18.8808,18160,0,342875,1
2018-04-27 23:17:51,50.2274229,18160,0,912130,1
2018-04-27 23:18:08,13.0035783,18165,0,236210,1
2018-04-27 23:18:08,25.8581,18170,0,469842,1
2018-04-27 23:18:19,51.4121,18155,0,933387,1
2018-04-27 23:18:20,58.1581,18155,0,1055860,1
2018-04-27 23:18:24,382.43812203,18150,0,6941252,1
2018-04-27 23:18:24,2.9153,18140,0,52884,1
2018-04-27 23:18:25,140.11947796,18140,0,2541767,1
2018-04-27 23:18:25,55.1267,18140,0,999998,1
2018-04-27 23:19:00,7.5517,18030,0,-136157,0
2018-04-27 23:19:00,9.4638,18030,0,-170632,0
2018-04-27 23:19:00,4.6,18030,0,-82938,0
2018-04-27 23:19:08,2.4047,18060,0,-43429,0
2018-04-27 23:19:27,4.3458,18065,0,78507,1
2018-04-27 23:19:32,52.9217,18100,0,-957883,0
2018-04-27 23:19:37,102.07770546,18130,0,-1850669,0
2018-04-27 23:19:38,825.32619453,18130,0,-14963164,0
2018-04-27 23:21:23,39.89073517,18295,0,729801,1
2018-04-27 23:21:23,54.272,18295,0,992906,1
2018-04-27 23:21:23,46.9943,18295,0,859761,1
2018-04-27 23:21:24,12.5246,18295,0,229138,1
2018-04-27 23:21:24,250.06832467,18295,0,4575000,1
2018-04-27 23:21:25,386.87284014,18295,0,7077839,1
2018-04-27 23:21:25,26.8536,18295,0,491287,1
2018-04-27 23:21:25,100.0,18295,0,1829500,1
2018-04-27 23:21:25,82.5236,18295,0,1509769,1
2018-04-27 23:21:56,49.3604,18355,0,-906010,0
2018-04-27 23:22:10,50.0,18415,0,-920750,0
2018-04-27 23:22:21,99.3604,18330,0,1821276,1
2018-04-27 23:22:34,189.91011214,18325,0,-3480103,0
2018-04-27 23:22:34,8.785e-05,18325,0,-2,0
2018-04-27 23:22:43,57.137,18330,0,1047321,1
2018-04-27 23:22:44,90.7703,18330,0,1663820,1
2018-04-27 23:22:47,29.2899,18335,0,537030,1
2018-04-27 23:22:53,12.713,18325,0,232966,1
2018-04-27 23:23:14,456.0283,18220,0,-8308836,0
2018-04-27 23:23:15,8.8808,18220,0,-161808,0
2018-04-27 23:23:19,174.5659,18245,0,3184955,1
2018-04-27 23:23:19,10.04795834,18245,0,183325,1
2018-04-27 23:23:46,280.2952,18195,0,5099971,1
2018-04-27 23:24:04,187.2552,18215,0,-3410853,0
2018-04-27 23:24:21,187.2552,18190,0,3406172,1
2018-04-27 23:24:27,48.8436,18175,0,-887732,0
2018-04-27 23:24:33,292.2122,18215,0,-5322645,0
2018-04-27 23:24:33,99.749737,18215,0,-1816941,0
2018-04-27 23:25:47,440.8056,18205,0,8024866,1
2018-04-27 23:26:06,343.0908,18140,0,-6223667,0
2018-04-27 23:26:15,343.0908,18165,0,6232244,1
2018-04-27 23:28:55,300.0,18230,0,-5469000,0
2018-04-27 23:28:59,700.0,18245,0,-12771500,0
2018-04-27 23:29:35,1000.0,18270,0,18270000,1
2018-04-27 23:31:07,153.4419,18185,0,-2790341,0
2018-04-27 23:31:11,121.1213,18185,0,-2202591,0
2018-04-27 23:31:17,541.4262,18180,0,-9843128,0
2018-04-27 23:32:32,7.1,18200,0,129220,1
2018-04-27 23:32:36,808.8894,18200,0,14721787,1
2018-04-27 23:32:58,127.5196,18200,0,-2320857,0
2018-04-27 23:33:03,6.143e-05,18230,0,-1,0
2018-04-27 23:33:04,341.71983856,18230,0,-6229553,0
2018-04-27 23:33:11,40.3354,18220,0,-734911,0
2018-04-27 23:34:15,46.2651,18155,0,839943,1
2018-04-27 23:34:38,139.0696,18145,0,2523418,1
2018-04-27 23:34:41,42.5049,18145,0,771251,1
2018-04-27 23:34:49,281.7353,18130,0,5107861,1
2018-04-27 23:36:10,49.4174,18160,0,-897420,0
2018-04-27 23:36:11,31.6836,18170,0,-575691,0
2018-04-27 23:36:33,65.8767,18155,0,1195991,1
2018-04-27 23:36:33,15.2243,18155,0,276397,1
2018-04-27 23:41:04,152.6004,18160,0,-2771223,0
2018-04-27 23:41:09,10.8,18170,0,-196236,0
2018-04-27 23:41:28,28.7844,18200,0,-523876,0
2018-04-27 23:41:28,100.8485,18200,0,-1835443,0
2018-04-27 23:41:28,614.2655,18200,0,-11179632,0
2018-04-27 23:41:28,52.906,18200,0,-962889,0
2018-04-27 23:41:28,39.7952,18200,0,-724273,0
2018-04-27 23:42:35,1000.0,18270,0,18270000,1
2018-04-27 23:43:00,214.8793,18325,0,-3937663,0
2018-04-27 23:43:00,159.39,18325,0,-2920822,0
2018-04-27 23:43:08,7.6786,18290,0,140442,1
2018-04-27 23:43:19,633.4093,18240,0,-11553386,0
2018-04-27 23:45:08,96.3552,18265,0,1759928,1
2018-04-27 23:46:33,197.9543,18185,0,3599799,1
2018-04-27 23:46:37,705.6905,18185,0,12832982,1
2018-04-27 23:47:00,4.835e-05,18200,0,-1,0
2018-04-27 23:47:09,668.4377,18205,0,-12168908,0
2018-04-27 23:47:09,18.5948,18205,0,-338518,0
2018-04-27 23:47:12,30.0,18205,0,-546150,0
2018-04-27 23:48:05,84.8834,18250,0,1549122,1
2018-04-27 23:48:05,332.4009,18250,0,6066316,1
2018-04-27 23:48:05,30.0,18255,0,547650,1
2018-04-27 23:48:09,269.7482,18250,0,4922905,1
2018-04-27 23:49:21,208.3346,18205,0,-3792731,0
2018-04-27 23:49:33,0.0001,18220,0,-2,0
2018-04-27 23:49:49,2.9955,18220,0,-54578,0
2018-04-27 23:50:43,211.3302,18200,0,3846210,1
2018-04-27 23:51:49,192.8183,18200,0,-3509293,0
2018-04-27 23:52:00,14.9775,18215,0,-272815,0
2018-04-27 23:52:20,40.37470532,18230,0,736031,1
2018-04-27 23:52:20,72.99558001,18240,0,1331439,1
2018-04-27 23:52:24,94.4256,18245,0,1722795,1
2018-04-27 23:55:46,10.0,18215,0,-182150,0
2018-04-27 23:55:47,990.0,18215,0,-18032850,0
2018-04-27 23:59:27,541.029,18630,0,10079370,1
2018-04-27 23:59:27,185.38163835,18660,0,3459221,1
2018-04-27 23:59:32,31.83,18630,0,592993,1
2018-04-27 23:59:38,28.1722,18625,0,524707,1
2018-04-27 23:59:38,213.5871,18625,0,3978060,1
2018-04-28 00:00:04,270.71905217,18655,0,-5050264,0
2018-04-28 00:00:17,270.7191,18625,0,5042143,1
2018-04-28 00:00:45,98.9083,18525,0,-1832276,0
2018-04-28 00:00:49,8.2701,18530,0,-153245,0
2018-04-28 00:00:52,30.3603,18530,0,-562576,0
2018-04-28 00:01:00,137.5387,18520,0,2547217,1
2018-04-28 00:01:44,1000.0,18540,0,-18540000,0
2018-04-28 00:01:52,84.1,18525,0,1557953,1
2018-04-28 00:01:52,138.7988,18525,0,2571248,1
2018-04-28 00:01:52,1.1989,18525,0,22210,1
2018-04-28 00:02:13,9.04665764,18475,0,167137,1
2018-04-28 00:02:17,324.6783,18440,0,5987068,1
2018-04-28 00:02:17,1.8076,18440,0,33332,1
2018-04-28 00:02:17,19.1814,18440,0,353705,1
2018-04-28 00:02:19,6.1106,18440,0,112679,1
2018-04-28 00:02:19,8.6302,18440,0,159141,1
2018-04-28 00:02:19,2.9,18440,0,53476,1
2018-04-28 00:02:19,125.58,18440,0,2315695,1
2018-04-28 00:02:21,280.4822,18435,0,-5170689,0
2018-04-28 00:03:11,558.4497,18445,0,10300605,1
2018-04-28 00:03:52,2.7,18485,0,-49910,0
2018-04-28 00:04:05,12.9316,18480,0,-238976,0
2018-04-28 00:04:16,14.8016,18475,0,273460,1
2018-04-28 00:04:16,0.83,18475,0,15334,1
2018-04-28 00:05:43,1.9447,18505,0,-35987,0
2018-04-28 00:05:47,15.9678,18510,0,-295564,0
2018-04-28 00:05:55,39.33,18505,0,-727802,0
2018-04-28 00:05:55,17.03,18505,0,-315140,0
2018-04-28 00:06:38,55.1802,18610,0,-1026904,0
2018-04-28 00:06:42,241.21326947,18610,0,-4488979,0
2018-04-28 00:06:42,60.6428,18610,0,-1128563,0
2018-04-28 00:06:46,5.2696,18630,0,-98173,0
2018-04-28 00:06:46,12.1044,18630,0,-225505,0
2018-04-28 00:06:54,50.4968,18635,0,-941008,0
2018-04-28 00:06:54,500.8204,18630,0,-9330284,0
2018-04-28 00:07:09,1000.0,18685,0,18685000,1
2018-04-28 00:07:26,199.3315,18670,0,-3721519,0
2018-04-28 00:07:26,175.43625372,18670,0,-3275395,0
2018-04-28 00:07:30,625.2323,18670,0,-11673087,0
2018-04-28 00:08:49,187.6584,18780,0,3524225,1
2018-04-28 00:08:49,7.0534,18780,0,132463,1
2018-04-28 00:09:08,771.1989,18780,0,14483115,1
2018-04-28 00:09:08,34.0893,18780,0,640197,1
2018-04-28 00:10:39,37.6647,18650,0,-702447,0
2018-04-28 00:10:53,3.4962,18635,0,-65152,0
2018-04-28 00:11:17,41.1609,18660,0,768062,1
2018-04-28 00:11:26,10.5,18675,0,-196088,0
2018-04-28 00:11:26,54.0,18675,0,-1008450,0
2018-04-28 00:11:28,15.7092,18675,0,-293369,0
2018-04-28 00:11:42,44.82193729,18715,0,-838843,0
2018-04-28 00:11:42,146.8689627,18715,0,-2748653,0
2018-04-28 00:12:03,252.63787118,18760,0,-4739486,0
2018-04-28 00:12:03,25.02662881,18760,0,-469500,0
2018-04-28 00:12:22,356.3537,18760,0,6685195,1
2018-04-28 00:12:26,193.2109,18730,0,3618840,1
2018-04-28 00:12:51,1000.0,18750,0,-18750000,0
2018-04-28 00:12:59,21.5888,18750,0,404790,1
2018-04-28 00:13:06,196.21922682,18785,0,3685978,1
2018-04-28 00:13:20,1.0427,18755,0,19556,1
2018-04-28 00:13:29,781.1493,18770,0,14662172,1
2018-04-28 00:13:39,138.5883,18815,0,-2607539,0
2018-04-28 00:14:13,490.4659,18915,0,-9277162,0
2018-04-28 00:14:28,2.0,18925,0,37850,1
2018-04-28 00:14:28,20.0,18925,0,378500,1
2018-04-28 00:14:28,607.0542,18925,0,11488501,1
2018-04-28 00:14:44,16.7553,18910,0,-316843,0
2018-04-28 00:14:56,16.7553,18935,0,317262,1
2018-04-28 00:15:12,2.0,18925,0,-37850,0
2018-04-28 00:15:31,100.0,18990,0,-1899000,0
2018-04-28 00:15:31,37.2079,18990,0,-706578,0
2018-04-28 00:15:31,50.0,18990,0,-949500,0
2018-04-28 00:15:31,27.218,18990,0,-516870,0
2018-04-28 00:15:31,20.0,18990,0,-379800,0
2018-04-28 00:15:32,197.2385,18990,0,-3745559,0
2018-04-28 00:15:33,5.0,18990,0,-94950,0
2018-04-28 00:16:44,231.97369782,19050,0,4419099,1
2018-04-28 00:16:44,206.69070217,19065,0,3940558,1
2018-04-28 00:16:48,1.1,19035,0,-20939,0
2018-04-28 00:16:54,1.1,19035,0,20939,1
2018-04-28 00:16:59,1.5,19015,0,-28523,0
2018-04-28 00:17:14,1.34223569,18965,0,25456,1
2018-04-28 00:17:14,0.1577643,18965,0,2992,1
2018-04-28 00:17:37,56.0255,18810,0,-1053840,0
2018-04-28 00:17:40,55.3465,18860,0,1043835,1
2018-04-28 00:17:40,0.679,18860,0,12806,1
2018-04-28 00:17:51,59.91,18840,0,-1128704,0
2018-04-28 00:17:51,427.2595,18840,0,-8049569,0
2018-04-28 00:17:51,599.8860583,18840,0,-11301853,0
2018-04-28 00:18:28,289.57316817,18980,0,5496099,1
2018-04-28 00:18:28,102.5021,18980,0,1945490,1
2018-04-28 00:18:28,304.3729,18980,0,5776998,1
2018-04-28 00:18:28,390.60743182,18980,0,7413729,1
2018-04-28 00:18:36,55.24421409,19010,0,-1050193,0
2018-04-28 00:18:36,1.3047,19010,0,-24802,0
2018-04-28 00:18:37,0.3854859,19010,0,-7328,0
2018-04-28 00:18:55,16.5842,19050,0,-315929,0
2018-04-28 00:19:00,73.5186,19080,0,1402735,1
2018-04-28 00:20:11,38.7961,18895,0,-733052,0
2018-04-28 00:20:18,38.7961,18915,0,733828,1
2018-04-28 00:20:32,15.4233,18905,0,-291577,0
2018-04-28 00:20:33,184.0434,18905,0,-3479340,0
2018-04-28 00:20:49,51.9087,18855,0,978739,1
2018-04-28 00:20:49,147.558,18855,0,2782206,1
2018-04-28 00:21:50,9.3865,18765,0,-176138,0
2018-04-28 00:21:55,102.2121968,18765,0,-1918012,0
2018-04-28 00:21:55,318.0188,18765,0,-5967623,0
2018-04-28 00:21:55,4.99600319,18765,0,-93750,0
2018-04-28 00:22:27,28.8201,18685,0,538504,1
2018-04-28 00:22:32,405.7934,18675,0,7578192,1
2018-04-28 00:22:53,6.0,18715,0,-112290,0
2018-04-28 00:22:53,71.9013,18715,0,-1345633,0
2018-04-28 00:22:53,0.9362,18715,0,-17521,0
2018-04-28 00:23:07,78.8375,18765,0,1479386,1
2018-04-28 00:23:29,1200.0,18810,0,-22572000,0
2018-04-28 00:24:07,54.0862,18760,0,1014657,1
2018-04-28 00:24:07,20.472,18760,0,384055,1
2018-04-28 00:24:07,121.216,18760,0,2274012,1
2018-04-28 00:24:17,1004.2258,18770,0,18849318,1
2018-04-28 00:25:06,299.1861,18620,0,-5570845,0
2018-04-28 00:25:38,235.46556149,18710,0,4405561,1
2018-04-28 00:25:44,63.7205,18705,0,1191892,1
2018-04-28 00:25:58,733.4856,18730,0,-13738185,0
2018-04-28 00:26:34,733.4856,18715,0,13727183,1
2018-04-28 00:26:52,5.4824,18745,0,-102768,0
2018-04-28 00:27:10,5.4824,18750,0,102795,1
2018-04-28 00:28:21,527.9743,18770,0,-9910078,0
2018-04-28 00:28:29,403.24697209,18800,0,7581043,1
2018-04-28 00:28:35,231.8,18785,0,-4354363,0
2018-04-28 00:28:42,475.5011,18785,0,-8932288,0
2018-04-28 00:28:58,17.7065,18770,0,332351,1
2018-04-28 00:28:58,111.0828,18770,0,2085024,1
2018-04-28 00:29:13,703.2391,18755,0,13189249,1
2018-04-28 00:30:51,56.5053,18550,0,-1048173,0
2018-04-28 00:31:05,22.9787,18585,0,-427059,0
2018-04-28 00:31:08,39.1416,18585,0,-727447,0
2018-04-28 00:31:08,191.24539018,18585,0,-3554296,0
2018-04-28 00:31:09,86.3789,18585,0,-1605352,0
2018-04-28 00:31:11,283.052,18600,0,-5264767,0
2018-04-28 00:31:12,98.0,18600,0,-1822800,0
2018-04-28 00:31:12,196.01,18600,0,-3645786,0
2018-04-28 00:31:12,117.6693,18600,0,-2188649,0
2018-04-28 00:31:12,98.7386,18600,0,-1836538,0
2018-04-28 00:31:18,93.6348,18620,0,1743480,1
2018-04-28 00:31:36,1096.085,18545,0,20326896,1
2018-04-28 00:32:56,1112.8688,18510,0,-20599201,0
2018-04-28 00:34:25,1112.8688,18555,0,20649281,1
2018-04-28 00:34:31,121.6639,18555,0,-2257474,0
2018-04-28 00:34:35,399.5502,18560,0,-7415652,0
2018-04-28 00:34:40,150.2687,18570,0,2790490,1
2018-04-28 00:35:27,1.0,18465,0,18465,1
2018-04-28 00:35:27,8.9327,18465,0,164942,1
2018-04-28 00:35:27,20.4622,18465,0,377835,1
2018-04-28 00:35:31,102.24340246,18470,0,1888436,1
2018-04-28 00:35:31,5.0,18460,0,92300,1
2018-04-28 00:35:31,41.1937,18455,0,760230,1
2018-04-28 00:35:31,192.11339753,18455,0,3545453,1
2018-04-28 00:36:06,100.3757,18485,0,-1855445,0
2018-04-28 00:36:10,132.0406,18495,0,-2442091,0
2018-04-28 00:36:14,110.5255,18485,0,-2043064,0
2018-04-28 00:36:23,59.0101,18495,0,1091392,1
2018-04-28 00:36:32,81.99990885,18520,0,-1518638,0
2018-04-28 00:36:32,262.66659114,18520,0,-4864585,0
2018-04-28 00:37:36,538.6481,18565,0,10000002,1
2018-04-28 00:37:37,47.0845,18565,0,874124,1
2018-04-28 00:37:40,11.2382,18560,0,208581,1
2018-04-28 00:37:48,1168.3726,18570,0,-21696679,0
2018-04-28 00:38:47,0.5978,18585,0,11110,1
2018-04-28 00:38:47,12.6535,18585,0,235165,1
2018-04-28 00:38:48,65.5929,18585,0,1219044,1
2018-04-28 00:39:23,1121.1558,18570,0,20819863,1
2018-04-28 00:39:31,193.6229,18560,0,-3593641,0
2018-04-28 00:39:42,30.9849,18580,0,-575699,0
2018-04-28 00:41:26,463.4113,18615,0,-8626401,0
2018-04-28 00:41:58,688.0191,18605,0,12800595,1
2018-04-28 00:42:21,34.92715366,18600,0,-649645,0
2018-04-28 00:42:21,214.98624633,18600,0,-3998744,0
2018-04-28 00:42:25,49.4922,18595,0,-920307,0
2018-04-28 00:42:47,6.7988,18545,0,126084,1
2018-04-28 00:42:47,3.1713,18545,0,58812,1
2018-04-28 00:42:56,635.7825,18545,0,-11790586,0
2018-04-28 00:43:07,97.4948,18520,0,1805604,1
2018-04-28 00:44:32,7.7836,18555,0,144425,1
2018-04-28 00:44:33,17.54610617,18555,0,325568,1
2018-04-28 00:45:28,13.8,18615,0,256887,1
2018-04-28 00:45:28,151.8281,18615,0,2826280,1
2018-04-28 00:46:17,5.2009,18580,0,96633,1
2018-04-28 00:46:18,77.4641,18580,0,1439283,1
2018-04-28 00:46:18,53.4678,18580,0,993432,1
2018-04-28 00:46:55,699.3674,18610,0,-13015227,0
2018-04-28 00:49:45,99.22926163,18540,0,1839711,1
2018-04-28 00:49:57,103.0,18545,0,1910135,1
2018-04-28 00:51:35,45.9632,18505,0,850549,1
2018-04-28 00:51:35,938.5882,18505,0,17368575,1
2018-04-28 00:51:35,13.2194,18505,0,244625,1
2018-04-28 00:52:16,30.2756,18500,0,-560099,0
2018-04-28 00:52:16,187.0842,18515,0,-3463864,0
2018-04-28 00:52:42,217.3598,18505,0,4022243,1
2018-04-28 00:53:47,77.2189,18475,0,-1426619,0
2018-04-28 00:53:47,339.2718,18475,0,-6268047,0
2018-04-28 00:54:00,4.777,18475,0,-88255,0
2018-04-28 00:54:18,8.648e-05,18500,0,-2,0
2018-04-28 00:54:18,1.90171351,18500,0,-35182,0
2018-04-28 00:55:10,438.5232,18515,0,-8119257,0
2018-04-28 00:55:10,15.2,18515,0,-281428,0
2018-04-28 00:57:07,269.1895,18545,0,4992119,1
2018-04-28 00:57:56,392.8302,18560,0,7290929,1
2018-04-28 00:57:56,214.873,18560,0,3988043,1
2018-04-28 01:02:08,118.0305,18680,0,-2204810,0
2018-04-28 01:02:08,189.5993,18680,0,-3541715,0
2018-04-28 01:02:08,7.2016,18680,0,-134526,0
2018-04-28 01:02:12,48.1503,18740,0,-902337,0
2018-04-28 01:02:16,453.4926,18750,0,-8502986,0
2018-04-28 01:03:13,816.4743,18810,0,15357882,1
2018-04-28 01:03:37,276.9329,18745,0,-5191107,0
2018-04-28 01:03:51,77.936,18785,0,-1464028,0
2018-04-28 01:03:55,2.2,18795,0,-41349,0
2018-04-28 01:03:55,1.4,18795,0,-26313,0
2018-04-28 01:03:56,109.9553,18795,0,-2066610,0
2018-04-28 01:03:56,1.5,18795,0,-28193,0
2018-04-28 01:04:00,1.7,18805,0,-31969,0
2018-04-28 01:04:05,50.8006,18810,0,955559,1
2018-04-28 01:04:31,779.1764,18865,0,-14699163,0
2018-04-28 01:04:49,108.804,18890,0,2055308,1
2018-04-28 01:05:09,632.41669575,18895,0,11949513,1
2018-04-28 01:05:09,458.77930424,18895,0,8668635,1
2018-04-28 01:08:10,1200.0,18800,0,-22560000,0
2018-04-28 01:09:43,20.0,18720,0,374400,1
2018-04-28 01:09:43,53.4188,18720,0,1000000,1
2018-04-28 01:09:43,0.1595,18720,0,2986,1
2018-04-28 01:09:43,4.8539,18720,0,90865,1
2018-04-28 01:10:12,98.17,18660,0,1831852,1
2018-04-28 01:11:46,10.1,18740,0,189274,1
2018-04-28 01:12:09,147.6121,18740,0,2766251,1
2018-04-28 01:13:03,332.4931,18800,0,6250870,1
2018-04-28 01:13:03,533.1926,18800,0,10024021,1
2018-04-28 01:13:56,56.9474,18780,0,-1069472,0
2018-04-28 01:13:56,242.8938,18780,0,-4561546,0
2018-04-28 01:14:36,23.7243,18750,0,444831,1
2018-04-28 01:14:36,10.0,18750,0,187500,1
2018-04-28 01:14:36,14.2335,18750,0,266878,1
2018-04-28 01:14:37,3.0,18750,0,56250,1
2018-04-28 01:14:37,10.0,18750,0,187500,1
2018-04-28 01:14:37,17.0,18750,0,318750,1
2018-04-28 01:14:38,104.7229,18750,0,1963554,1
2018-04-28 01:14:38,10.8697,18750,0,203807,1
2018-04-28 01:14:47,438.0322,18730,0,-8204343,0
2018-04-28 01:14:51,50.9,18750,0,-954375,0
2018-04-28 01:14:51,8.9,18750,0,-166875,0
2018-04-28 01:15:16,71.914,18725,0,1346590,1
2018-04-28 01:15:20,20.9494,18715,0,392068,1
2018-04-28 01:15:46,79.99491441,18725,0,1497905,1
2018-04-28 01:15:46,21.9036,18725,0,410145,1
2018-04-28 01:15:50,269.8608,18690,0,-5043698,0
2018-04-28 01:16:02,443.6,18695,0,8293102,1
2018-04-28 01:16:13,964.3782,18680,0,-18014585,0
2018-04-28 01:19:57,806.34047008,18720,0,15094694,1
2018-04-28 01:19:58,6.67622863,18720,0,124979,1
2018-04-28 01:20:25,50.0,18630,0,931500,1
2018-04-28 01:20:25,37.7121,18630,0,702576,1
2018-04-28 01:20:25,50.0,18630,0,931500,1
2018-04-28 01:20:25,50.0,18630,0,931500,1
2018-04-28 01:21:15,199.2712,18640,0,3714415,1
2018-04-28 01:24:32,20.248,18580,0,-376208,0
2018-04-28 01:24:36,59.4514,18585,0,-1104904,0
2018-04-28 01:24:40,276.9447,18590,0,-5148402,0
2018-04-28 01:24:40,0.9237,18590,0,-17172,0
2018-04-28 01:24:44,61.0727,18600,0,-1135952,0
2018-04-28 01:24:45,29.467,18600,0,-548086,0
2018-04-28 01:24:51,93.71950967,18600,0,-1743183,0
2018-04-28 01:25:17,194.9944,18615,0,-3629821,0
2018-04-28 01:28:41,254.33,18675,0,4749613,1
2018-04-28 01:29:02,87.3486,18680,0,1631672,1
2018-04-28 01:29:02,134.729,18680,0,2516738,1
2018-04-28 01:29:12,59.60633208,18700,0,-1114638,0
2018-04-28 01:29:13,879.97976791,18700,0,-16455622,0
2018-04-28 01:32:00,119.6758,18645,0,2231355,1
2018-04-28 01:32:01,354.2985,18645,0,6605896,1
2018-04-28 01:32:01,42.0018,18645,0,783124,1
2018-04-28 01:32:01,188.9359,18645,0,3522710,1
2018-04-28 01:32:01,495.088,18645,0,9230916,1
2018-04-28 01:32:17,236.207,18620,0,-4398174,0
2018-04-28 01:32:43,100.2946,18620,0,-1867485,0
2018-04-28 01:33:43,4.9925,18630,0,-93010,0
2018-04-28 01:33:43,30.0,18630,0,-558900,0
2018-04-28 01:34:10,31.81174746,18635,0,-592812,0
2018-04-28 01:34:10,41.07515253,18635,0,-765435,0
2018-04-28 01:34:18,54.0108,18640,0,-1006761,0
2018-04-28 01:36:15,498.3918,18650,0,9295007,1
2018-04-28 01:39:12,33.7579,18640,0,-629247,0
2018-04-28 01:39:12,817.5607,18640,0,-15239331,0
2018-04-28 01:39:34,192.7849,18640,0,3593511,1
2018-04-28 01:39:34,40.236,18640,0,749999,1
2018-04-28 01:40:19,517.3,18660,0,9652818,1
2018-04-28 01:41:26,100.9977,18665,0,1885122,1
2018-04-28 01:44:29,7.82,18700,0,-146234,0
2018-04-28 01:44:34,45.3498,18700,0,-848041,0
2018-04-28 01:44:35,5.0499,18700,0,-94433,0
2018-04-28 01:45:00,58.2197,18720,0,1089873,1
2018-04-28 01:45:57,4.6787,18700,0,-87492,0
2018-04-28 01:45:57,176.7078,18700,0,-3304436,0
2018-04-28 01:46:23,8.7,18725,0,162908,1
2018-04-28 01:46:37,172.6865,18735,0,3235282,1
2018-04-28 01:46:48,344.4241,18740,0,-6454508,0
2018-04-28 01:46:53,31.5401,18765,0,-591850,0
2018-04-28 01:46:53,1.7,18765,0,-31901,0
2018-04-28 01:47:10,186.9117,18815,0,-3516744,0
2018-04-28 01:47:10,146.6413,18815,0,-2759056,0
2018-04-28 01:47:56,64.8734,18845,0,1222539,1
2018-04-28 01:47:56,1.7335,18845,0,32668,1
2018-04-28 01:47:57,159.31812151,18845,0,3002350,1
2018-04-28 01:48:01,87.5809,18830,0,1649148,1
2018-04-28 01:48:06,116.7516,18805,0,2195514,1
2018-04-28 01:48:09,34.3625,18810,0,646359,1
2018-04-28 01:48:12,267.2988,18800,0,-5025217,0
2018-04-28 01:48:43,111.447,18690,0,-2082944,0
2018-04-28 01:49:37,363.40160384,18705,0,6797427,1
2018-04-28 01:49:40,91.894,18700,0,1718418,1
2018-04-28 01:50:19,4.543e-05,18730,0,-1,0
2018-04-28 01:50:32,0.2401,18725,0,4496,1
2018-04-28 01:50:57,584.6495,18705,0,-10935869,0
2018-04-28 01:51:42,674.84,18700,0,12619508,1
2018-04-28 01:53:47,7.55063661,18735,0,141461,1
2018-04-28 01:53:48,72.06616338,18735,0,1350160,1
2018-04-28 01:54:36,107.7533,18775,0,-2023068,0
2018-04-28 01:54:47,50.1423,18775,0,941422,1
2018-04-28 01:54:47,4.0,18775,0,75100,1
2018-04-28 01:54:47,53.611,18775,0,1006547,1
2018-04-28 01:55:30,552.2829777,18790,0,-10377397,0
2018-04-28 01:55:30,466.40412229,18790,0,-8763733,0
2018-04-28 01:57:11,93.8449,18820,0,1766161,1
2018-04-28 01:57:28,0.1418,18810,0,2667,1
2018-04-28 01:57:32,124.1801,18805,0,2335207,1
2018-04-28 01:57:32,216.0672,18805,0,4063144,1
2018-04-28 01:57:32,65.2,18805,0,1226086,1
2018-04-28 01:57:32,519.2531,18805,0,9764555,1
2018-04-28 02:00:16,194.1743,18800,0,-3650477,0
2018-04-28 02:01:39,194.1743,18775,0,3645622,1
2018-04-28 02:02:19,8.308e-05,18775,0,-2,0
2018-04-28 02:07:09,5.0,18780,0,-93900,0
2018-04-28 02:07:29,5.0001,18800,0,94002,1
2018-04-28 02:08:26,1200.0,18820,0,-22584000,0
2018-04-28 02:10:32,3.7285,18855,0,70301,1
2018-04-28 02:10:36,42.2693,18835,0,796142,1
2018-04-28 02:10:36,123.6750334,18835,0,2329419,1
2018-04-28 02:10:36,232.2399,18835,0,4374239,1
2018-04-28 02:10:40,471.26007122,18835,0,8876183,1
2018-04-28 02:10:40,86.4558,18835,0,1628395,1
2018-04-28 02:10:44,50.81258629,18830,0,956801,1
2018-04-28 02:10:48,117.0283,18820,0,2202473,1
2018-04-28 02:10:48,72.5305,18820,0,1365024,1
2018-04-28 02:16:05,125.5529,18845,0,-2366044,0
2018-04-28 02:16:09,101.0985,18850,0,-1905707,0
2018-04-28 02:16:31,5.6296,18850,0,106118,1
2018-04-28 02:16:31,7.7852,18850,0,146751,1
2018-04-28 02:16:41,65.6731,18850,0,1237938,1
2018-04-28 02:17:25,7.53028144,18855,0,141983,1
2018-04-28 02:17:54,248.8815,18870,0,-4696394,0
2018-04-28 02:18:03,533.2587,18875,0,-10065258,0
2018-04-28 02:18:39,717.4539,18930,0,13581402,1
2018-04-28 02:18:44,204.7195,18935,0,3876364,1
2018-04-28 02:19:20,63.343,18995,0,-1203200,0
2018-04-28 02:19:30,33.2001,19000,0,-630802,0
2018-04-28 02:19:42,194.74738501,19025,0,-3705069,0
2018-04-28 02:19:54,650.1922,19040,0,-12379659,0
2018-04-28 02:20:07,593.97572739,19075,0,11330087,1
2018-04-28 02:20:08,347.5069726,19075,0,6628696,1
2018-04-28 02:20:36,41.4409,19030,0,-788620,0
2018-04-28 02:21:06,1.2,19080,0,-22896,0
2018-04-28 02:21:06,158.5064,19080,0,-3024302,0
2018-04-28 02:21:10,96.1962,19100,0,1837347,1
2018-04-28 02:21:11,104.9511,19100,0,2004566,1
2018-04-28 02:21:46,5.7,19165,0,-109241,0
2018-04-28 02:22:12,1194.3,19200,0,-22930560,0
2018-04-28 02:23:02,782.4407,19155,0,14987652,1
2018-04-28 02:23:03,121.5157,19155,0,2327633,1
2018-04-28 02:23:10,83.118,19100,0,1587554,1
2018-04-28 02:23:17,4.3,19090,0,-82087,0
2018-04-28 02:23:33,217.2256,19080,0,4144664,1
2018-04-28 02:25:18,1060.02658267,19160,0,-20310109,0
2018-04-28 02:25:18,9.05891732,19160,0,-173569,0
2018-04-28 02:25:25,386.0843,19155,0,7395445,1
2018-04-28 02:25:29,84.7196,19175,0,1624498,1
2018-04-28 02:25:34,28.38,19180,0,544328,1
2018-04-28 02:25:34,82.3775,19180,0,1580000,1
2018-04-28 02:25:35,46.8994,19180,0,899530,1
2018-04-28 02:25:38,128.3156,19190,0,2462376,1
2018-04-28 02:25:51,178.5169,19175,0,3423062,1
2018-04-28 02:25:51,72.5505,19175,0,1391156,1
2018-04-28 02:25:51,61.2417,19175,0,1174310,1
2018-04-28 02:27:30,15.6296,19200,0,-300088,0
2018-04-28 02:27:37,15.6296,19160,0,299463,1
2018-04-28 02:27:50,1.5835,19145,0,-30316,0
2018-04-28 02:27:56,1.5835,19150,0,30324,1
2018-04-28 02:28:08,64.66,19155,0,-1238562,0
2018-04-28 02:28:14,30.0,19180,0,-575400,0
2018-04-28 02:28:45,38.0868,19210,0,-731647,0
2018-04-28 02:28:47,21.71,19210,0,-417049,0
2018-04-28 02:28:55,41.377,19235,0,-795887,0
2018-04-28 02:28:55,20.0,19235,0,-384700,0
2018-04-28 02:28:59,259.0486,19240,0,-4984095,0
2018-04-28 02:29:10,21.73249636,19240,0,-418133,0
2018-04-28 02:29:26,63.343,19245,0,1219036,1
2018-04-28 02:29:38,313.65267659,19230,0,6031541,1
2018-04-28 02:29:38,9.8834,19230,0,190058,1
2018-04-28 02:29:39,0.1354,19230,0,2604,1
2018-04-28 02:29:39,65.8985,19230,0,1267228,1
2018-04-28 02:30:50,10.5613163,19255,0,-203358,0
2018-04-28 02:30:51,55.86738369,19255,0,-1075726,0
2018-04-28 02:31:16,110.1306,19280,0,2123318,1
2018-04-28 02:32:36,0.3,19315,0,-5795,0
2018-04-28 02:32:36,161.0129,19315,0,-3109964,0
2018-04-28 02:32:36,58.1411,19315,0,-1122995,0
2018-04-28 02:32:36,11.6787,19315,0,-225574,0
2018-04-28 02:32:46,968.8673,19330,0,-18728205,0
2018-04-28 02:33:12,32.73535353,19305,0,631956,1
2018-04-28 02:33:12,52.6356,19305,0,1016130,1
2018-04-28 02:33:50,53.0,19290,0,1022370,1
2018-04-28 02:33:50,12.71,19290,0,245176,1
2018-04-28 02:34:09,835.76409211,19285,0,16117711,1
2018-04-28 02:34:14,213.1549,19290,0,4111758,1
2018-04-28 02:35:03,20.2986,19290,0,-391560,0
2018-04-28 02:36:00,133.8868,19310,0,-2585354,0
2018-04-28 02:36:00,69.34680385,19315,0,-1339434,0
2018-04-28 02:36:01,42.76839614,19315,0,-826072,0
2018-04-28 02:36:01,923.0047,19315,0,-17827836,0
2018-04-28 02:36:01,10.6947,19315,0,-206568,0
2018-04-28 02:37:25,300.12,19235,0,5772808,1
2018-04-28 02:37:25,10.0,19235,0,192350,1
2018-04-28 02:37:25,28.4072,19235,0,546412,1
2018-04-28 02:37:30,78.0,19235,0,1500330,1
2018-04-28 02:37:30,32.66,19235,0,628215,1
2018-04-28 02:37:40,48.1347,19240,0,926112,1
2018-04-28 02:37:40,235.7,19240,0,4534868,1
2018-04-28 02:38:23,30.2357,19220,0,581130,1
2018-04-28 02:38:26,9.0682,19210,0,174200,1
2018-04-28 02:38:30,82.1885,19200,0,1578019,1
2018-04-28 02:38:31,30.0,19200,0,576000,1
2018-04-28 02:38:31,38.8516,19200,0,745951,1
2018-04-28 02:38:31,3.0,19200,0,57600,1
2018-04-28 02:38:31,2.9501,19200,0,56642,1
2018-04-28 02:38:34,110.586,19180,0,2121039,1
2018-04-28 02:38:34,17.2083,19180,0,330055,1
2018-04-28 02:38:42,142.8897,19190,0,2742053,1
2018-04-28 02:38:51,47.8902,19180,0,-918534,0
2018-04-28 02:38:51,509.1345,19180,0,-9765200,0
2018-04-28 02:38:58,642.9752,19200,0,-12345124,0
2018-04-28 02:40:15,1199.9999,19210,0,23051998,1
2018-04-28 02:41:11,157.2545,19170,0,-3014569,0
2018-04-28 02:42:18,21.7,19130,0,415121,1
2018-04-28 02:42:18,135.5545,19130,0,2593158,1
2018-04-28 02:43:52,4.389e-05,19070,0,-1,0
2018-04-28 02:43:58,5.4793,19110,0,-104709,0
2018-04-28 02:44:02,4.926e-05,19160,0,-1,0
2018-04-28 02:44:03,70.93,19160,0,-1359019,0
2018-04-28 02:44:03,73.1199,19160,0,-1400977,0
2018-04-28 02:44:17,2.519,19140,0,48214,1
2018-04-28 02:44:18,147.0103,19140,0,2813777,1
2018-04-28 02:46:59,913.35307015,19100,0,-17445044,0
2018-04-28 02:47:00,19.70622984,19100,0,-376389,0
2018-04-28 02:48:32,742.02761313,19195,0,14243220,1
2018-04-28 02:48:32,191.03168686,19195,0,3666853,1
2018-04-28 02:49:10,519.6898,19195,0,-9975446,0
2018-04-28 02:49:13,153.00015003,19195,0,-2936838,0
2018-04-28 02:50:58,200.6282,19205,0,3853065,1
2018-04-28 02:50:58,60.0,19205,0,1152300,1
2018-04-28 02:51:21,136.4179,19200,0,2619224,1
2018-04-28 02:51:21,73.9538,19200,0,1419913,1
2018-04-28 02:51:23,3.859,19200,0,74093,1
2018-04-28 02:51:23,10.0,19200,0,192000,1
2018-04-28 02:51:24,127.6911,19200,0,2451669,1
2018-04-28 02:51:24,60.14,19200,0,1154688,1
2018-04-28 02:51:44,252.849,19220,0,-4859758,0
2018-04-28 02:52:14,77.4,19220,0,1487628,1
2018-04-28 02:52:18,175.449,19215,0,3371253,1
2018-04-28 02:55:21,125.6381,19300,0,-2424815,0
2018-04-28 02:55:39,1074.3619,19280,0,-20713697,0
2018-04-28 02:56:15,494.2718,19295,0,9536974,1
2018-04-28 02:56:29,705.7282,19270,0,13599382,1
2018-04-28 02:56:51,3.02e-05,19300,0,-1,0
2018-04-28 02:56:52,61.16,19300,0,-1180388,0
2018-04-28 02:56:58,3.4543,19300,0,-66668,0
2018-04-28 02:57:03,12.10089502,19290,0,-233426,0
2018-04-28 02:57:09,76.7152,19330,0,1482905,1
2018-04-28 02:58:09,1200.0,19300,0,-23160000,0
2018-04-28 02:58:34,268.7419,19305,0,5188062,1
2018-04-28 02:58:40,18.1242,19300,0,349797,1
2018-04-28 02:58:40,11.3847,19300,0,219725,1
2018-04-28 02:58:56,25.43203463,19315,0,491220,1
2018-04-28 03:00:01,1.822,19325,0,35210,1
2018-04-28 03:00:49,569.1061,19390,0,11034967,1
2018-04-28 03:00:49,305.3891,19385,0,5919968,1
2018-04-28 03:00:54,1.1,19360,0,-21296,0
2018-04-28 03:01:00,1.4,19385,0,-27139,0
2018-04-28 03:01:00,1.6,19385,0,-31016,0
2018-04-28 03:01:00,2.6,19385,0,-50401,0
2018-04-28 03:01:00,37.5524,19385,0,-727953,0
2018-04-28 03:01:01,1.1,19385,0,-21324,0
2018-04-28 03:01:04,3.2,19385,0,-62032,0
2018-04-28 03:01:37,10.0,19400,0,-194000,0
2018-04-28 03:01:37,123.7315,19400,0,-2400391,0
2018-04-28 03:01:37,565.33031649,19400,0,-10967408,0
2018-04-28 03:01:38,1.4,19400,0,-27160,0
2018-04-28 03:02:16,51.4535,19435,0,999999,1
2018-04-28 03:02:16,85.3404,19435,0,1658591,1
2018-04-28 03:03:07,71.9702,19460,0,1400540,1
2018-04-28 03:03:07,5.2481,19460,0,102128,1
2018-04-28 03:03:07,497.4181,19460,0,9679756,1
2018-04-28 03:03:10,37.5839,19455,0,731195,1
2018-04-28 03:04:14,348.6964,19375,0,-6755993,0
2018-04-28 03:04:19,0.6077,19355,0,11762,1
2018-04-28 03:04:19,4.465,19355,0,86420,1
2018-04-28 03:04:27,14.3311,19310,0,-276734,0
2018-04-28 03:04:30,357.9548,19340,0,6922846,1
2018-04-28 03:04:34,62.113,19310,0,-1199402,0
2018-04-28 03:04:56,62.113,19340,0,-1201265,0
2018-04-28 03:05:11,124.226,19355,0,2404394,1
2018-04-28 03:06:39,525.0341,19410,0,-10190912,0
2018-04-28 03:06:53,129.59891738,19390,0,2512923,1
2018-04-28 03:06:53,100.0,19390,0,1939000,1
2018-04-28 03:06:53,7.7147,19390,0,149588,1
2018-04-28 03:06:53,60.0759,19390,0,1164872,1
2018-04-28 03:06:53,50.0094,19390,0,969682,1
2018-04-28 03:07:08,0.5739,19360,0,11111,1
2018-04-28 03:07:08,0.51652892,19360,0,10000,1
2018-04-28 03:07:11,102.71469276,19355,0,1988043,1
2018-04-28 03:07:17,6.4717,19350,0,125227,1
2018-04-28 03:07:58,171.1293,19300,0,-3302795,0
2018-04-28 03:08:18,140.166,19320,0,-2708007,0
2018-04-28 03:08:24,316.4601,19350,0,-6123503,0
2018-04-28 03:08:42,695.1137,19375,0,13467828,1
2018-04-28 03:09:50,313.3529,19350,0,-6063379,0
2018-04-28 03:10:12,313.3529,19390,0,6075913,1
2018-04-28 03:12:58,6.3474,19290,0,-122441,0
2018-04-28 03:13:03,6.3375,19320,0,-122441,0
2018-04-28 03:13:22,12.6849,19320,0,245072,1
2018-04-28 03:16:20,1.25503988,19330,0,-24260,0
2018-04-28 03:16:33,3.2730941,19340,0,-63302,0
2018-04-28 03:16:40,170.6487,19315,0,-3296080,0
2018-04-28 03:17:00,175.1769,19260,0,3373907,1
2018-04-28 03:18:09,538.6282,19240,0,-10363207,0
2018-04-28 03:18:16,617.2429,19230,0,-11869581,0
2018-04-28 03:18:30,2.9457,19190,0,56528,1
2018-04-28 03:18:34,62.113,19180,0,1191327,1
2018-04-28 03:18:35,51.4504,19180,0,986819,1
2018-04-28 03:18:40,777.2334,19180,0,14907337,1
2018-04-28 03:18:41,18.0,19180,0,345240,1
2018-04-28 03:18:45,82.0677,19180,0,1574058,1
2018-04-28 03:18:49,417.5521,19155,0,-7998210,0
2018-04-28 03:18:49,237.4277,19155,0,-4547928,0
2018-04-28 03:19:27,17.3897,19145,0,332926,1
2018-04-28 03:19:28,11.10049621,19145,0,212519,1
2018-04-28 03:19:28,199.8438,19145,0,3826010,1
2018-04-28 03:19:28,10.3814,19145,0,198752,1
2018-04-28 03:19:37,578.3253,19130,0,11063363,1
2018-04-28 03:20:15,24.1873,19100,0,-461977,0
2018-04-28 03:20:15,40.1349,19100,0,-766577,0
2018-04-28 03:20:15,0.1,19100,0,-1910,0
2018-04-28 03:20:15,148.4216,19100,0,-2834853,0
2018-04-28 03:20:19,66.7121,19130,0,-1276202,0
2018-04-28 03:20:19,50.365,19130,0,-963482,0
2018-04-28 03:20:19,48.0253,19130,0,-918724,0
2018-04-28 03:20:24,822.0538,19145,0,-15738220,0
2018-04-28 03:20:34,64.8295,19150,0,1241485,1
2018-04-28 03:20:34,1109.3966,19150,0,21244945,1
2018-04-28 03:20:35,25.7739,19150,0,493570,1
2018-04-28 03:20:58,7.2427,19130,0,-138553,0
2018-04-28 03:21:05,1192.7573,19130,0,-22817447,0
2018-04-28 03:25:39,62.31141958,19000,0,1183917,1
2018-04-28 03:25:39,0.6811,19000,0,12941,1
2018-04-28 03:25:40,99.3762,19000,0,1888148,1
2018-04-28 03:25:40,101.868,19000,0,1935492,1
2018-04-28 03:25:40,73.9128,19000,0,1404343,1
2018-04-28 03:25:40,507.457,19000,0,9641683,1
2018-04-28 03:25:40,10.0,19000,0,190000,1
2018-04-28 03:25:40,26.0433,19000,0,494823,1
2018-04-28 03:25:41,318.35018041,19000,0,6048653,1
2018-04-28 03:27:03,1157.4508,18940,0,-21922118,0
2018-04-28 03:27:20,21.2065,18985,0,402605,1
2018-04-28 03:27:25,99.0389,18955,0,1877282,1
2018-04-28 03:27:25,250.12,18955,0,4741025,1
2018-04-28 03:27:26,38.1847,18955,0,723791,1
2018-04-28 03:27:26,282.34291743,18955,0,5351810,1
2018-04-28 03:27:27,436.45778256,18955,0,8273057,1
2018-04-28 03:27:27,30.1,18955,0,570546,1
2018-04-28 03:27:49,5.0,19000,0,-95000,0
2018-04-28 03:27:49,968.36752631,19000,0,-18398983,0
2018-04-28 03:27:51,100.34937368,19000,0,-1906638,0
2018-04-28 03:28:15,31.55194621,18910,0,596647,1
2018-04-28 03:28:15,50.0,18910,0,945500,1
2018-04-28 03:28:15,117.3078,18910,0,2218290,1
2018-04-28 03:28:15,20.0,18910,0,378200,1
2018-04-28 03:28:16,543.6876,18910,0,10281133,1
2018-04-28 03:28:16,176.6674,18910,0,3340781,1
2018-04-28 03:28:17,87.221,18910,0,1649349,1
2018-04-28 03:28:17,47.28115378,18910,0,894087,1
2018-04-28 03:29:42,963.04696548,18880,0,-18182327,0
2018-04-28 03:29:42,17.83803451,18880,0,-336782,0
2018-04-28 03:32:51,200.0,18730,0,3746000,1
2018-04-28 03:33:14,780.885,18770,0,14657211,1
2018-04-28 03:34:35,256.5154,18750,0,-4809664,0
2018-04-28 03:35:28,130.07923439,18870,0,-2454595,0
2018-04-28 03:35:29,88.5935,18870,0,-1671759,0
2018-04-28 03:35:39,724.8118,18830,0,-13648206,0
2018-04-28 03:36:25,119.9892,18830,0,2259397,1
2018-04-28 03:37:26,3.9482,18825,0,74325,1
2018-04-28 03:39:21,713.7701,18845,0,13450998,1
2018-04-28 03:39:33,53.1005,18785,0,997493,1
2018-04-28 03:39:38,10.1,18795,0,189830,1
2018-04-28 03:40:05,299.0919,18885,0,5648351,1
2018-04-28 03:40:23,61.0253,18935,0,-1155514,0
2018-04-28 03:40:32,12.7923,18900,0,241774,1
2018-04-28 03:40:36,48.233,18885,0,910880,1
2018-04-28 03:41:31,448.7564,18890,0,-8477008,0
2018-04-28 03:41:44,35.5001,18885,0,670419,1
2018-04-28 03:41:50,62.113,18875,0,1172383,1
2018-04-28 03:41:50,0.7989,18875,0,15079,1
2018-04-28 03:41:54,197.41456239,18895,0,3730148,1
2018-04-28 03:42:12,523.6862,18930,0,-9913380,0
2018-04-28 03:42:53,66.4165,18975,0,1260253,1
2018-04-28 03:42:53,62.113,18975,0,1178594,1
2018-04-28 03:43:14,56.91448593,18985,0,-1080522,0
2018-04-28 03:43:14,94.6739,18985,0,-1797384,0
2018-04-28 03:43:14,2.65191406,18985,0,-50347,0
2018-04-28 03:45:31,76.5008,18965,0,1450838,1
2018-04-28 03:45:31,458.84218547,18965,0,8701942,1
2018-04-28 03:45:31,2.8213,18965,0,53506,1
2018-04-28 03:46:15,1035.8373,18925,0,-19603221,0
2018-04-28 03:46:35,169.5439,18950,0,3212857,1
2018-04-28 03:46:35,52.7705,18950,0,1000001,1
2018-04-28 03:46:44,125.625,18960,0,2381850,1
2018-04-28 03:47:23,42.832,18950,0,811666,1
2018-04-28 03:47:23,485.4358,18950,0,9199008,1
2018-04-28 03:47:23,105.0,18950,0,1989750,1
2018-04-28 03:47:24,119.61298153,18950,0,2266666,1
2018-04-28 03:47:27,7.1757,18950,0,135980,1
2018-04-28 03:47:37,49.3899,18910,0,933963,1
2018-04-28 03:47:49,22.2899,18925,0,421836,1
2018-04-28 03:47:50,9.7145,18925,0,183847,1
2018-04-28 03:48:39,1178.7475,18880,0,-22254753,0
2018-04-28 03:48:39,10.6428,18880,0,-200936,0
2018-04-28 03:49:54,2.3399,18820,0,44037,1
2018-04-28 03:50:35,0.1,18865,0,1887,1
2018-04-28 03:50:35,265.60720911,18865,0,5010680,1
2018-04-28 03:50:39,18.972,18825,0,357148,1
2018-04-28 03:50:39,1.5655,18825,0,29471,1
2018-04-28 03:53:27,117.2085,18820,0,2205864,1
2018-04-28 03:53:27,2.811,18820,0,52903,1
2018-04-28 03:53:31,1.0001,18805,0,18807,1
2018-04-28 03:53:31,5.1771,18805,0,97355,1
2018-04-28 03:53:31,30.5881,18805,0,575209,1
2018-04-28 03:55:17,103.5356,18835,0,1950093,1
2018-04-28 03:55:43,1.0,18840,0,18840,1
2018-04-28 03:56:33,650.095,18840,0,12247790,1
2018-04-28 03:59:35,78.9999,18850,0,-1489148,0
2018-04-28 03:59:35,92.0001,18860,0,-1735122,0
2018-04-28 03:59:44,197.13082427,18865,0,-3718873,0
2018-04-28 03:59:48,100.0,18870,0,-1887000,0
2018-04-28 04:00:24,15.0828,18900,0,285065,1
2018-04-28 04:00:54,183.5289,18890,0,-3466861,0
2018-04-28 04:01:33,123.7149,18805,0,2326459,1
2018-04-28 04:01:33,105.5095,18800,0,1983579,1
2018-04-28 04:01:52,10.1,18820,0,190082,1
2018-04-28 04:02:09,445.5444,18875,0,-8409651,0
2018-04-28 04:02:20,4.5,18920,0,85140,1
2018-04-28 04:02:26,490.1134,18920,0,9272946,1
2018-04-28 04:02:26,10.0,18920,0,189200,1
2018-04-28 04:02:27,4.3,18920,0,81356,1
2018-04-28 04:02:34,181.4075,18920,0,-3432230,0
2018-04-28 04:03:02,69.1577,18950,0,1310538,1
2018-04-28 04:03:03,119.9717,18950,0,2273464,1
2018-04-28 04:03:03,6.35,18950,0,120333,1
2018-04-28 04:03:06,19.0,18930,0,359670,1
2018-04-28 04:03:06,62.301,18930,0,1179358,1
2018-04-28 04:03:11,31.2622,18930,0,591793,1
2018-04-28 04:03:12,62.301,18930,0,1179358,1
2018-04-28 04:03:14,279.2245,18920,0,-5282928,0
2018-04-28 04:03:29,0.0001,18930,0,-2,0
2018-04-28 04:04:16,0.1,18945,0,1895,1
2018-04-28 04:05:12,269.1292,18915,0,5090579,1
2018-04-28 04:05:34,85.0824,18915,0,1609334,1
2018-04-28 04:05:57,69.8604,18925,0,1322108,1
2018-04-28 04:12:41,9.9,18870,0,-186813,0
2018-04-28 04:15:00,150.0,18850,0,-2827500,0
2018-04-28 04:15:33,70.3295,18840,0,1325008,1
2018-04-28 04:15:39,89.5705,18835,0,1687060,1
2018-04-28 04:15:58,61.02,18835,0,-1149312,0
2018-04-28 04:16:04,1138.98,18840,0,-21458383,0
2018-04-28 04:17:39,212.2015,18850,0,3999998,1
2018-04-28 04:17:39,74.666,18850,0,1407454,1
2018-04-28 04:17:40,11.1156,18850,0,209529,1
2018-04-28 04:17:43,308.9018,18850,0,5822799,1
2018-04-28 04:18:43,606.8849,18820,0,-11421574,0
2018-04-28 04:21:16,30.0,18800,0,564000,1
2018-04-28 04:21:16,10.0306,18800,0,188575,1
2018-04-28 04:21:16,2.1218,18800,0,39890,1
2018-04-28 04:21:55,2.2398,18790,0,42086,1
2018-04-28 04:23:33,53.3347,18745,0,999759,1
2018-04-28 04:23:33,62.301,18745,0,1167832,1
2018-04-28 04:23:44,265.8619,18740,0,4982252,1
2018-04-28 04:23:44,30.96,18740,0,580190,1
2018-04-28 04:23:45,78.0487,18740,0,1462633,1
2018-04-28 04:24:59,49.0419,18665,0,915367,1
2018-04-28 04:25:39,616.0596,18660,0,11495672,1
2018-04-28 04:26:06,453.3616,18670,0,-8464261,0
2018-04-28 04:26:18,3.568,18670,0,-66615,0
2018-04-28 04:26:28,5.2,18670,0,97084,1
2018-04-28 04:26:37,45.1113,18660,0,-841777,0
2018-04-28 04:27:50,20.2421,18650,0,-377515,0
2018-04-28 04:28:08,126.44,18650,0,-2358106,0
2018-04-28 04:28:09,556.477,18650,0,-10378296,0
2018-04-28 04:29:31,1200.0,18760,0,22512000,1
2018-04-28 04:30:21,1200.0,18780,0,-22536000,0
2018-04-28 04:31:41,549.43838055,18820,0,10340430,1
2018-04-28 04:33:35,470.2651,18835,0,8857443,1
2018-04-28 04:34:19,89.0496,18795,0,1673687,1
2018-04-28 04:34:22,91.2469,18795,0,1714985,1
2018-04-28 04:36:27,597.796,18755,0,-11211664,0
2018-04-28 04:37:42,597.796,18780,0,11226609,1
2018-04-28 04:38:09,1200.0,18800,0,-22560000,0
2018-04-28 04:40:48,15.5285,18850,0,292712,1
2018-04-28 04:40:52,24.18,18860,0,456035,1
2018-04-28 04:40:56,375.4343,18840,0,7073182,1
2018-04-28 04:40:56,550.796,18840,0,10376997,1
2018-04-28 04:40:56,184.1343,18840,0,3469090,1
2018-04-28 04:40:56,49.9269,18840,0,940623,1
2018-04-28 04:41:24,98.9133,18855,0,-1865010,0
2018-04-28 04:41:28,783.3448,18870,0,-14781716,0
2018-04-28 04:42:35,20.2023,18885,0,381520,1
2018-04-28 04:42:36,150.0,18885,0,2832750,1
2018-04-28 04:42:38,712.0558,18880,0,13443614,1
2018-04-28 04:43:31,37.3206,18815,0,-702187,0
2018-04-28 04:43:46,42.3,18840,0,-796932,0
2018-04-28 04:43:55,4.0879,18840,0,-77016,0
2018-04-28 04:44:53,83.7085,18815,0,1574975,1
2018-04-28 04:46:28,1200.0,18830,0,-22596000,0
2018-04-28 04:47:05,0.3424,18815,0,6442,1
2018-04-28 04:47:05,72.4237,18815,0,1362652,1
2018-04-28 04:47:05,50.0,18815,0,940750,1
2018-04-28 04:47:05,344.8434,18815,0,6488229,1
2018-04-28 04:47:05,20.0,18815,0,376300,1
2018-04-28 04:49:06,0.74517847,18770,0,13987,1
2018-04-28 04:49:26,151.5197,18760,0,2842510,1
2018-04-28 04:49:34,10.0,18760,0,187600,1
2018-04-28 04:49:45,10.9593,18750,0,205487,1
2018-04-28 04:49:49,3.8357,18755,0,71939,1
2018-04-28 04:50:04,56.9365,18725,0,-1066136,0
2018-04-28 04:50:55,10.0,18700,0,187000,1
2018-04-28 04:51:01,92.087,18700,0,-1722027,0
2018-04-28 04:52:35,62.2147,18745,0,1166215,1
2018-04-28 04:52:36,7.03,18745,0,131777,1
2018-04-28 04:52:51,10.669,18770,0,200257,1
2018-04-28 04:53:14,605.5596,18690,0,-11317909,0
2018-04-28 04:57:21,52.232,18700,0,976738,1
2018-04-28 04:59:59,598.5962,18620,0,11145861,1
2018-04-28 05:00:16,7.858e-05,18630,0,-1,0
2018-04-28 05:00:22,93.5723,18655,0,-1745591,0
2018-04-28 05:00:23,99.9999,18655,0,-1865498,0
2018-04-28 05:01:07,613.9928,18695,0,11478595,1
2018-04-28 05:01:10,81.4598,18695,0,-1522891,0
2018-04-28 05:01:17,110.2797,18695,0,2061679,1
2018-04-28 05:02:37,25.802,18700,0,-482497,0
2018-04-28 05:03:27,50.0,18720,0,-936000,0
2018-04-28 05:03:43,228.565,18750,0,-4285594,0
2018-04-28 05:03:43,61.2605,18750,0,-1148634,0
2018-04-28 05:03:43,15.095,18750,0,-283031,0
2018-04-28 05:04:11,200.0,18770,0,3754000,1
2018-04-28 05:04:11,62.805,18740,0,1176966,1
2018-04-28 05:04:15,217.8489,18720,0,4078131,1
2018-04-28 05:05:25,10.4,18765,0,-195156,0
2018-04-28 05:05:29,178.5712,18770,0,-3351781,0
2018-04-28 05:06:09,178.3616,18785,0,3350523,1
2018-04-28 05:06:26,4.218,18770,0,79172,1
2018-04-28 05:06:26,6.3916,18770,0,119970,1
2018-04-28 05:06:44,8.834e-05,18770,0,-2,0
2018-04-28 05:06:48,320.4407,18760,0,-6011468,0
2018-04-28 05:07:33,320.4408,18790,0,6021083,1
2018-04-28 05:09:13,30.3,18805,0,-569792,0
2018-04-28 05:09:39,30.3,18805,0,569792,1
2018-04-28 05:09:51,5.8,18785,0,-108953,0
2018-04-28 05:11:12,950.5022,18775,0,-17845679,0
2018-04-28 05:12:18,859.1502,18770,0,16126249,1
2018-04-28 05:12:19,6.0065,18770,0,112742,1
2018-04-28 05:14:38,288.5197,18770,0,-5415515,0
2018-04-28 05:15:07,155.1229,18760,0,-2910106,0
2018-04-28 05:17:03,7.1323,18700,0,-133374,0
2018-04-28 05:17:39,274.0846,18700,0,-5125382,0
2018-04-28 05:21:24,32.1211,18660,0,599380,1
2018-04-28 05:21:28,317.0684,18660,0,5916496,1
2018-04-28 05:21:36,45.9079,18655,0,856412,1
2018-04-28 05:21:36,2.4466,18655,0,45641,1
2018-04-28 05:21:36,418.461,18655,0,7806390,1
2018-04-28 05:22:18,93.918,18630,0,-1749692,0
2018-04-28 05:22:22,416.3852,18645,0,-7763502,0
2018-04-28 05:22:30,59.5999,18635,0,-1110644,0
2018-04-28 05:22:48,416.2104,18610,0,7745676,1
2018-04-28 05:22:49,100.0,18610,0,1861000,1
2018-04-28 05:22:49,20.0,18610,0,372200,1
2018-04-28 05:22:49,33.6927,18610,0,627021,1
2018-04-28 05:23:37,772.7775,18535,0,-14323431,0
2018-04-28 05:25:59,210.0,18505,0,3886050,1
2018-04-28 05:26:03,426.5398,18510,0,7895252,1
2018-04-28 05:26:07,13.7234,18500,0,253883,1
2018-04-28 05:26:07,60.1939,18500,0,1113587,1
2018-04-28 05:26:07,1.2184,18500,0,22540,1
2018-04-28 05:26:07,61.102,18500,0,1130387,1
2018-04-28 05:29:41,29.3943,18460,0,-542619,0
2018-04-28 05:29:41,50.0,18460,0,-923000,0
2018-04-28 05:29:41,292.0,18460,0,-5390320,0
2018-04-28 05:29:41,159.6558,18460,0,-2947246,0
2018-04-28 05:29:49,265.8167,18500,0,-4917609,0
2018-04-28 05:29:49,308.0,18500,0,-5698000,0
2018-04-28 05:29:49,95.1332,18500,0,-1759964,0
2018-04-28 05:30:11,399.3268,18500,0,7387546,1
2018-04-28 05:30:11,276.77718648,18500,0,5120378,1
2018-04-28 05:30:11,90.3802,18500,0,1672034,1
2018-04-28 05:30:29,103.5722,18500,0,1916086,1
2018-04-28 05:30:44,14.1,18460,0,260286,1
2018-04-28 05:30:52,10.7,18445,0,-197362,0
2018-04-28 05:31:08,105.043,18465,0,-1939619,0
2018-04-28 05:31:08,20.3263,18465,0,-375325,0
2018-04-28 05:31:23,60.1847,18445,0,-1110107,0
2018-04-28 05:31:27,14.7026,18445,0,-271189,0
2018-04-28 05:31:37,530.102,18425,0,-9767129,0
2018-04-28 05:31:38,143.0978,18425,0,-2636577,0
2018-04-28 05:32:26,200.0,18390,0,3678000,1
2018-04-28 05:32:26,14.0403,18390,0,258201,1
2018-04-28 05:32:26,5.2,18390,0,95628,1
2018-04-28 05:32:26,10.0,18390,0,183900,1
2018-04-28 05:32:40,40.5285,18360,0,744103,1
2018-04-28 05:32:48,46.9538,18345,0,861367,1
2018-04-28 05:32:52,16.3047,18330,0,298865,1
2018-04-28 05:32:52,223.75,18330,0,4101338,1
2018-04-28 05:32:53,50.0,18330,0,916500,1
2018-04-28 05:32:53,132.37763229,18330,0,2426482,1
2018-04-28 05:32:56,6.7139,18320,0,122999,1
2018-04-28 05:32:56,2.0,18320,0,36640,1
2018-04-28 05:32:57,20.7207,18320,0,379603,1
2018-04-28 05:32:57,26.5906,18320,0,487140,1
2018-04-28 05:32:57,0.1,18320,0,1832,1
2018-04-28 05:33:04,10.0593,18315,0,184236,1
2018-04-28 05:33:04,394.6606,18310,0,7226236,1
2018-04-28 05:33:27,425.54638151,18290,0,-7783243,0
2018-04-28 05:33:31,774.4536,18285,0,-14160884,0
2018-04-28 05:34:43,57.2053,18295,0,1046571,1
2018-04-28 05:36:21,10.0,18300,0,183000,1
2018-04-28 05:37:01,1.0,18255,0,18255,1
2018-04-28 05:39:40,609.1854,18260,0,11123725,1
2018-04-28 05:39:40,1.0613,18260,0,19379,1
2018-04-28 05:39:40,170.0,18260,0,3104200,1
2018-04-28 05:39:54,219.219,18260,0,4002939,1
2018-04-28 05:39:54,22.0,18260,0,401720,1
2018-04-28 05:40:10,110.329,18250,0,2013504,1
2018-04-28 05:40:32,467.5353,18180,0,-8499792,0
2018-04-28 05:40:33,732.4647,18180,0,-13316208,0
2018-04-28 05:41:09,3.5548,18095,0,64324,1
2018-04-28 05:41:09,69.9794,18100,0,1266627,1
2018-04-28 05:41:13,188.7913,18085,0,3414291,1
2018-04-28 05:41:24,15.6267,18050,0,282062,1
2018-04-28 05:41:28,922.0478,18035,0,16629132,1
2018-04-28 05:42:41,1200.0,17915,0,-21498000,0
2018-04-28 05:43:28,799.99,18075,0,14459819,1
2018-04-28 05:43:28,9.7,18060,0,175182,1
2018-04-28 05:43:28,110.8646,18060,0,2002215,1
2018-04-28 05:43:35,920.5546,18060,0,-16625216,0
2018-04-28 05:45:05,8.8475,18060,0,159786,1
2018-04-28 05:45:05,1191.1525,18060,0,21512214,1
2018-04-28 05:46:56,189.2805,18110,0,-3427870,0
2018-04-28 05:47:00,549.62607174,18120,0,-9959224,0
2018-04-28 05:47:00,351.8333,18120,0,-6375219,0
2018-04-28 05:47:00,6.72142825,18120,0,-121792,0
2018-04-28 05:48:02,575.1115,18275,0,10510163,1
2018-04-28 05:48:07,1.7439934,18300,0,31915,1
2018-04-28 05:48:13,520.6058,18275,0,9514071,1
2018-04-28 05:48:56,3.1,18260,0,-56606,0
2018-04-28 05:48:56,2.0,18260,0,-36520,0
2018-04-28 05:48:56,3.8,18260,0,-69388,0
2018-04-28 05:48:56,2.1,18260,0,-38346,0
2018-04-28 05:49:23,405.7496,18230,0,-7396815,0
2018-04-28 05:49:27,144.7801,18230,0,-2639341,0
2018-04-28 05:49:31,4.4814,18220,0,81651,1
2018-04-28 05:49:31,54.9184,18220,0,1000613,1
2018-04-28 05:49:56,0.0082,18250,0,150,1
2018-04-28 05:50:44,87.6612,18230,0,1598064,1
2018-04-28 05:50:55,14.3887,18230,0,-262306,0
2018-04-28 05:51:00,47.7715,18225,0,870636,1
2018-04-28 05:51:00,69.3005,18225,0,1263002,1
2018-04-28 05:51:33,29.0613,18250,0,-530369,0
2018-04-28 05:52:11,55.4,18240,0,1010496,1
2018-04-28 05:52:11,1.0,18240,0,18240,1
2018-04-28 05:52:15,16.3361,18250,0,298134,1
2018-04-28 05:52:29,48.0378,18200,0,874288,1
2018-04-28 05:52:29,160.1864,18200,0,2915392,1
2018-04-28 05:52:30,59.8782,18200,0,1089783,1
2018-04-28 05:53:24,70.883,18150,0,-1286526,0
2018-04-28 05:53:44,35.2366,18155,0,-639720,0
2018-04-28 05:54:35,5.0,18195,0,-90975,0
2018-04-28 05:54:39,33.4008,18180,0,-607227,0
2018-04-28 05:54:53,21.0526,18195,0,-383052,0
2018-04-28 05:54:57,22.0738,18195,0,-401633,0
2018-04-28 05:55:09,1012.3532,18165,0,-18389396,0
2018-04-28 05:56:17,1094.7235,18150,0,19869232,1
2018-04-28 05:56:18,30.5979,18150,0,555352,1
2018-04-28 05:56:18,2.7548,18150,0,50000,1
2018-04-28 05:56:22,2.7616,18105,0,49999,1
2018-04-28 05:56:22,69.1622,18105,0,1252182,1
2018-04-28 05:57:18,101.0928,18025,0,-1822198,0
2018-04-28 05:57:18,32.83,18025,0,-591761,0
2018-04-28 05:57:34,3.0,18095,0,-54285,0
2018-04-28 05:57:38,19.8218,18095,0,-358675,0
2018-04-28 05:58:12,10.0,18105,0,-181050,0
2018-04-28 05:58:45,166.7446,18080,0,3014742,1
2018-04-28 05:59:55,305.8612,18085,0,-5531500,0
2018-04-28 06:00:09,20.47658107,18095,0,370524,1
2018-04-28 06:00:38,3.47,18060,0,62668,1
2018-04-28 06:00:38,262.0389,18060,0,4732423,1
2018-04-28 06:00:38,0.1,18060,0,1806,1
2018-04-28 06:00:42,19.7757,18050,0,356951,1
2018-04-28 06:01:15,17.153,18015,0,-309011,0
2018-04-28 06:01:43,17.153,18055,0,309697,1
2018-04-28 06:02:07,25.6228,18050,0,-462492,0
2018-04-28 06:02:26,25.6228,18050,0,462492,1
2018-04-28 06:02:52,3.1199,18035,0,-56267,0
2018-04-28 06:03:12,1196.8801,18025,0,-21573764,0
2018-04-28 06:03:48,0.7815,17985,0,14055,1
2018-04-28 06:03:48,38.4229,17985,0,691036,1
2018-04-28 06:03:49,59.8739,17985,0,1076832,1
2018-04-28 06:03:49,9.5808,17985,0,172311,1
2018-04-28 06:03:49,10.0,17985,0,179850,1
2018-04-28 06:03:53,4.62,17980,0,83068,1
2018-04-28 06:03:53,9.7,17980,0,174406,1
2018-04-28 06:03:53,17.5879,17980,0,316230,1
2018-04-28 06:03:59,1049.433,17970,0,18858311,1
2018-04-28 06:05:19,368.7401,17950,0,-6618885,0
2018-04-28 06:05:25,368.7401,17975,0,6628103,1
2018-04-28 06:05:55,1200.0,17975,0,-21570000,0
2018-04-28 06:09:48,370.5256,18260,0,6765797,1
2018-04-28 06:10:18,402.9755,18265,0,7360348,1
2018-04-28 06:10:56,21.25555673,18260,0,388126,1
2018-04-28 06:11:31,691.12878672,18285,0,-12637290,0
2018-04-28 06:11:31,103.62791327,18285,0,-1894836,0
2018-04-28 06:11:48,1200.0,18320,0,21984000,1
2018-04-28 06:11:54,6.7422,18335,0,-123618,0
2018-04-28 06:11:54,500.0,18335,0,-9167500,0
2018-04-28 06:11:58,49.2671,18340,0,-903559,0
2018-04-28 06:11:58,541.6977,18340,0,-9934736,0
2018-04-28 06:13:26,40.0959,18500,0,741774,1
2018-04-28 06:13:26,267.03432432,18500,0,4940135,1
2018-04-28 06:14:05,790.5768,18500,0,14625671,1
2018-04-28 06:15:15,7.0,18475,0,-129325,0
2018-04-28 06:15:42,7.0,18475,0,129325,1
2018-04-28 06:17:00,46.8988,18510,0,-868097,0
2018-04-28 06:17:00,95.61433075,18515,0,-1770299,0
2018-04-28 06:17:05,450.90545356,18520,0,-8350769,0
2018-04-28 06:17:05,0.1,18520,0,-1852,0
2018-04-28 06:17:09,85.3006,18520,0,-1579767,0
2018-04-28 06:17:51,19.6187,18495,0,362848,1
2018-04-28 06:18:10,6.5426,18440,0,120646,1
2018-04-28 06:18:10,31.401,18440,0,579034,1
2018-04-28 06:18:10,76.636,18440,0,1413168,1
2018-04-28 06:18:19,55.303,18400,0,1017575,1
2018-04-28 06:18:19,1.0038,18400,0,18470,1
2018-04-28 06:18:19,40.0,18400,0,736000,1
2018-04-28 06:18:19,5.1017,18400,0,93871,1
2018-04-28 06:18:20,244.9148,18400,0,4506432,1
2018-04-28 06:18:38,544.5778,18360,0,-9998448,0
2018-04-28 06:20:46,270.0,18455,0,4982850,1
2018-04-28 06:21:30,2.8336,18420,0,52195,1
2018-04-28 06:21:31,1.4,18415,0,25781,1
2018-04-28 06:21:38,139.538,18400,0,2567499,1
2018-04-28 06:21:39,38.9825,18400,0,717278,1
2018-04-28 06:21:39,3.2568,18400,0,59925,1
2018-04-28 06:21:39,131.4239,18400,0,2418200,1
2018-04-28 06:21:43,155.4406,18385,0,2857775,1
2018-04-28 06:23:47,490.09399119,18390,0,-9012828,0
2018-04-28 06:23:56,542.002,18400,0,-9972837,0
2018-04-28 06:23:56,167.9039,18400,0,-3089432,0
2018-04-28 06:27:38,872.375,18360,0,16016805,1
2018-04-28 06:27:38,172.0,18360,0,3157920,1
2018-04-28 06:27:39,4.7,18360,0,86292,1
2018-04-28 06:27:40,9.38,18360,0,172217,1
2018-04-28 06:27:40,27.01007625,18360,0,495905,1
2018-04-28 06:27:45,65.48,18335,0,1200576,1
2018-04-28 06:27:46,49.0548,18335,0,899420,1
2018-04-28 06:27:52,274.2615,18330,0,-5027213,0
2018-04-28 06:28:03,7.0561,18330,0,-129338,0
2018-04-28 06:28:13,32.9193,18330,0,-603411,0
2018-04-28 06:29:34,885.7631,18320,0,-16227180,0
2018-04-28 06:32:33,1200.0,18275,0,21930000,1
2018-04-28 06:35:27,13.9634,18210,0,-254274,0
2018-04-28 06:36:17,623.2019,18240,0,-11367203,0
2018-04-28 06:36:17,400.0,18240,0,-7296000,0
2018-04-28 06:36:36,204.7328775,18215,0,3729209,1
2018-04-28 06:36:36,10.00274499,18215,0,182200,1
2018-04-28 06:37:09,822.4297,18220,0,14984669,1
2018-04-28 06:37:20,42.6605,18220,0,-777274,0
2018-04-28 06:38:10,59.7808,18205,0,-1088309,0
2018-04-28 06:38:10,23.7699,18205,0,-432731,0
2018-04-28 06:38:29,3.6607,18210,0,-66661,0
2018-04-28 06:38:29,247.0554,18210,0,-4498879,0
2018-04-28 06:38:45,823.0726,18230,0,-15004613,0
2018-04-28 06:42:24,10.88,18345,0,199594,1
2018-04-28 06:42:24,29.7555,18345,0,545865,1
2018-04-28 06:44:13,87.45787524,18420,0,1610974,1
2018-04-28 06:44:19,44.489,18395,0,818375,1
2018-04-28 06:44:19,0.0202,18395,0,372,1
2018-04-28 06:44:23,20.6222,18375,0,378933,1
2018-04-28 06:44:36,67.9593,18370,0,1248412,1
2018-04-28 06:44:37,50.0,18370,0,918500,1
2018-04-28 06:44:42,15.93,18370,0,292634,1
2018-04-28 06:44:45,239.7616,18355,0,4400824,1
2018-04-28 06:47:58,66.4182,18330,0,1217446,1
2018-04-28 06:48:26,566.706,18325,0,10384887,1
2018-04-28 06:48:58,56.1159,18325,0,-1028324,0
2018-04-28 06:49:59,56.1159,18350,0,1029727,1
2018-04-28 06:51:04,59.50266434,18370,0,-1093064,0
2018-04-28 06:51:18,59.3149,18400,0,-1091394,0
2018-04-28 06:51:18,9.2416,18400,0,-170045,0
2018-04-28 06:51:18,73.8708,18400,0,-1359223,0
2018-04-28 06:51:22,105.1454,18395,0,-1934150,0
2018-04-28 06:51:26,100.0,18400,0,-1840000,0
2018-04-28 06:51:48,407.0754,18425,0,7500364,1
2018-04-28 06:52:50,1200.0,18400,0,-22080000,0
2018-04-28 06:54:07,4.612,18480,0,85230,1
2018-04-28 06:54:08,13.512,18480,0,249702,1
2018-04-28 06:54:23,485.1662,18490,0,8970723,1
2018-04-28 06:54:27,84.3652,18490,0,1559913,1
2018-04-28 06:54:37,135.92168497,18490,0,2513192,1
2018-04-28 06:54:51,480.77179459,18500,0,-8894278,0
2018-04-28 06:54:51,166.7178054,18500,0,-3084279,0
2018-04-28 06:54:51,76.0875,18500,0,-1407619,0
2018-04-28 06:55:38,1200.0,18500,0,22200000,1
2018-04-28 06:56:00,659.51494864,18500,0,-12201027,0
2018-04-28 06:56:00,1.3,18500,0,-24050,0
2018-04-28 06:56:00,1.2,18500,0,-22200,0
2018-04-28 06:56:00,3.2,18500,0,-59200,0
2018-04-28 06:56:00,293.91865675,18500,0,-5437495,0
2018-04-28 06:56:01,135.4107,18500,0,-2505098,0
2018-04-28 06:57:57,20.952,18560,0,388869,1
2018-04-28 07:04:27,18.4168,18450,0,339790,1
2018-04-28 07:04:33,456.2011,18445,0,8414629,1
2018-04-28 07:05:28,24.74325311,18460,0,-456760,0
2018-04-28 07:05:29,0.99994688,18460,0,-18459,0
2018-04-28 07:06:32,2.7649,18445,0,50999,1
2018-04-28 07:06:45,621.9527,18440,0,11468808,1
2018-04-28 07:08:18,409.2867,18445,0,-7549293,0
2018-04-28 07:08:30,260.7679,18445,0,-4809864,0
2018-04-28 07:08:33,20.6299,18455,0,380725,1
2018-04-28 07:09:08,649.4247,18460,0,11988380,1
2018-04-28 07:09:32,409.3034,18470,0,-7559834,0
2018-04-28 07:10:01,8.3,18470,0,-153301,0
2018-04-28 07:10:07,140.9916,18480,0,-2605525,0
2018-04-28 07:10:21,2.94951686,18495,0,-54551,0
2018-04-28 07:10:21,8.313e-05,18495,0,-2,0
2018-04-28 07:10:27,173.8822,18500,0,-3216821,0
2018-04-28 07:10:27,10.0,18500,0,-185000,0
2018-04-28 07:10:46,521.3367,18510,0,9649942,1
2018-04-28 07:10:47,8.7,18510,0,161037,1
2018-04-28 07:10:51,41.3875,18500,0,765669,1
2018-04-28 07:10:55,5.3,18495,0,98024,1
2018-04-28 07:10:55,16.9286,18495,0,313094,1
2018-04-28 07:10:55,27.8642,18495,0,515348,1
2018-04-28 07:10:59,123.9098,18495,0,2291712,1
2018-04-28 07:11:25,1140.5730931,18520,0,-21123414,0
2018-04-28 07:11:25,13.7099,18520,0,-253907,0
2018-04-28 07:13:22,124.9273,18575,0,2320525,1
2018-04-28 07:13:51,538.358,18570,0,9997308,1
2018-04-28 07:13:51,6.4008,18570,0,118863,1
2018-04-28 07:13:51,139.6957,18570,0,2594149,1
2018-04-28 07:14:03,0.1487,18570,0,2761,1
2018-04-28 07:14:20,309.2197,18605,0,-5753033,0
2018-04-28 07:14:20,225.0691,18605,0,-4187411,0
2018-04-28 07:14:20,320.9587,18605,0,-5971437,0
2018-04-28 07:14:51,11.299,18645,0,210670,1
2018-04-28 07:15:06,0.6231,18645,0,11618,1
2018-04-28 07:16:29,12.0,18560,0,222720,1
2018-04-28 07:26:20,507.2762,18640,0,9455628,1
2018-04-28 07:27:39,7.355,18695,0,137502,1
2018-04-28 07:28:36,0.9693,18710,0,18136,1
2018-04-28 07:29:23,10.0,18720,0,187200,1
2018-04-28 07:29:43,129.81567255,18730,0,2431448,1
2018-04-28 07:30:05,315.2112,18735,0,-5905482,0
2018-04-28 07:31:25,0.2958,18695,0,5530,1
2018-04-28 07:31:25,835.5771,18695,0,15621114,1
2018-04-28 07:32:06,178.9233,18650,0,-3336920,0
2018-04-28 07:32:18,178.9233,18680,0,3342287,1
2018-04-28 07:33:41,0.0001,18685,0,-2,0
2018-04-28 07:38:10,175.14426666,18750,0,-3283955,0
2018-04-28 07:38:10,500.0,18750,0,-9375000,0
2018-04-28 07:38:11,20.4965,18750,0,-384309,0
2018-04-28 07:38:11,50.0,18750,0,-937500,0
2018-04-28 07:39:37,36.5529,18770,0,686098,1
2018-04-28 07:39:38,259.1021,18770,0,4863346,1
2018-04-28 07:40:06,200.59615137,18795,0,3770205,1
2018-04-28 07:40:06,0.8152,18795,0,15322,1
2018-04-28 07:40:06,92.2069,18795,0,1733029,1
2018-04-28 07:40:07,2.075,18795,0,39000,1
2018-04-28 07:40:14,175.043,18805,0,-3291684,0
2018-04-28 07:40:14,24.07446469,18805,0,-452720,0
2018-04-28 07:40:50,353.4101,18820,0,6651178,1
2018-04-28 07:42:40,5.8,18880,0,-109504,0
2018-04-28 07:42:44,37.1804,18885,0,-702152,0
2018-04-28 07:42:52,5.8,18890,0,-109562,0
2018-04-28 07:43:07,0.7524,18900,0,14220,1
2018-04-28 07:43:08,48.028,18900,0,907729,1
2018-04-28 07:43:13,94.8519,18890,0,-1791752,0
2018-04-28 07:43:27,94.8519,18915,0,1794124,1
2018-04-28 07:43:57,906.1497,18915,0,-17139822,0
2018-04-28 07:44:18,906.1497,18910,0,17135291,1
2018-04-28 07:46:28,332.0,18895,0,-6273140,0
2018-04-28 07:46:28,713.4672,18895,0,-13480963,0
2018-04-28 07:46:56,255.324,18900,0,4825624,1
2018-04-28 07:46:59,13.6424,18900,0,257841,1
2018-04-28 07:47:00,776.5008,18890,0,14668100,1
2018-04-28 07:48:37,61.5672,18865,0,-1161465,0
2018-04-28 07:48:45,697.3238,18845,0,-13141067,0
2018-04-28 07:48:46,4.3028,18845,0,-81086,0
2018-04-28 07:51:07,539.6523,18830,0,10161653,1
2018-04-28 07:51:07,75.5854,18830,0,1423273,1
2018-04-28 07:51:20,35.5588,18790,0,668150,1
2018-04-28 07:51:20,112.3973,18790,0,2111945,1
2018-04-28 07:51:31,271.6542,18745,0,-5092158,0
2018-04-28 07:51:51,33.8871,18735,0,634875,1
2018-04-28 07:52:17,453.9568,18730,0,-8502611,0
2018-04-28 07:53:16,6.5205,18700,0,121933,1
2018-04-28 07:53:16,250.8831,18700,0,4691514,1
2018-04-28 07:53:16,434.3203,18700,0,8121790,1
2018-04-28 07:53:27,96.6938,18675,0,-1805757,0
2018-04-28 07:53:54,91.5852,18690,0,1711727,1
2018-04-28 07:54:07,5.1086,18655,0,95301,1
2018-04-28 07:55:33,560.0874,18585,0,-10409224,0
2018-04-28 07:55:39,117.72,18585,0,-2187826,0
2018-04-28 07:55:51,91.091,18575,0,1692015,1
2018-04-28 07:55:51,0.2691,18575,0,4999,1
2018-04-28 07:55:51,50.0,18575,0,928750,1
2018-04-28 07:55:55,98.6023,18560,0,1830059,1
2018-04-28 07:55:55,3.5349,18560,0,65608,1
2018-04-28 07:55:56,9.8283,18560,0,182413,1
2018-04-28 07:55:58,302.2213,18550,0,5606205,1
2018-04-28 07:55:58,1.0,18550,0,18550,1
2018-04-28 07:55:59,97.0,18550,0,1799350,1
2018-04-28 07:55:59,24.2605,18550,0,450032,1
2018-04-28 07:57:18,45.5653,18540,0,-844781,0
2018-04-28 07:57:32,5.8082,18560,0,107800,1
2018-04-28 07:57:50,39.7571,18535,0,736898,1
2018-04-28 07:58:34,62.565,18540,0,-1159955,0
2018-04-28 07:58:43,62.565,18555,0,-1160894,0
2018-04-28 07:58:54,125.13,18535,0,2319285,1
2018-04-28 07:59:21,88.0,18525,0,-1630200,0
2018-04-28 07:59:29,88.0,18550,0,1632400,1
2018-04-28 07:59:33,11.08235236,18525,0,-205301,0
2018-04-28 07:59:43,1.2089,18545,0,-22419,0
2018-04-28 07:59:49,3.034e-05,18555,0,-1,0
2018-04-28 07:59:49,9.99996965,18555,0,-185549,0
2018-04-28 07:59:55,10.0,18560,0,-185600,0
2018-04-28 08:00:37,888.5531,18550,0,-16482660,0
2018-04-28 08:00:41,784.59212145,18590,0,14585568,1
2018-04-28 08:00:50,369.4203,18545,0,-6850899,0
2018-04-28 08:01:08,505.6725,18510,0,9359998,1
2018-04-28 08:01:30,8.25e-05,18545,0,-2,0
2018-04-28 08:02:23,30.0,18600,0,-558000,0
2018-04-28 08:02:23,233.2338,18600,0,-4338149,0
2018-04-28 08:02:23,60.0,18600,0,-1116000,0
2018-04-28 08:02:23,88.103,18600,0,-1638716,0
2018-04-28 08:02:23,9.0,18600,0,-167400,0
2018-04-28 08:02:23,120.45,18600,0,-2240370,0
2018-04-28 08:02:23,5.0,18600,0,-93000,0
2018-04-28 08:02:23,56.3943,18600,0,-1048934,0
2018-04-28 08:03:27,602.1812,18640,0,11224658,1
2018-04-28 08:04:28,279.9413,18570,0,-5198510,0
2018-04-28 08:04:32,920.0587,18610,0,-17122292,0
2018-04-28 08:04:59,317.6,18620,0,5913712,1
2018-04-28 08:05:04,882.4,18625,0,16434700,1
2018-04-28 08:05:12,1.5184,18620,0,-28273,0
2018-04-28 08:05:17,1.5184,18620,0,28273,1
2018-04-28 08:05:42,2.7994,18640,0,-52181,0
2018-04-28 08:05:55,2.7994,18655,0,52223,1
2018-04-28 08:07:32,5.7455,18675,0,-107297,0
2018-04-28 08:07:39,5.7455,18700,0,107441,1
2018-04-28 08:08:31,1.7512,18720,0,-32782,0
2018-04-28 08:08:59,1.7512,18710,0,32765,1
2018-04-28 08:09:45,1200.0,18675,0,-22410000,0
2018-04-28 08:11:05,53.5554,18685,0,1000683,1
2018-04-28 08:11:05,105.0089,18685,0,1962091,1
2018-04-28 08:11:10,25.634,18710,0,479612,1
2018-04-28 08:11:35,80.2568,18690,0,1500000,1
2018-04-28 08:11:35,17.8824,18690,0,334222,1
2018-04-28 08:11:45,373.8299,18685,0,6985012,1
2018-04-28 08:11:45,36.03,18685,0,673221,1
2018-04-28 08:11:52,135.1475,18690,0,2525907,1
2018-04-28 08:12:14,28.6365,18670,0,534643,1
2018-04-28 08:12:14,343.0185,18670,0,6404155,1
2018-04-28 08:12:14,1.0001,18670,0,18672,1
2018-04-28 08:13:21,6.232e-05,18580,0,-1,0
2018-04-28 08:13:22,546.73363767,18580,0,-10158311,0
2018-04-28 08:13:27,77.0213,18575,0,1430671,1
2018-04-28 08:13:27,169.03,18575,0,3139732,1
2018-04-28 08:13:38,16.5448,18580,0,307402,1
2018-04-28 08:13:38,49.22540365,18580,0,914608,1
2018-04-28 08:13:45,10.0,18560,0,185600,1
2018-04-28 08:13:49,31.3591,18565,0,582182,1
2018-04-28 08:13:53,63.8544,18555,0,1184818,1
2018-04-28 08:13:57,129.6987,18560,0,2407208,1
2018-04-28 08:14:08,246.2914,18540,0,-4566243,0
2018-04-28 08:14:18,97.0,18570,0,1801290,1
2018-04-28 08:14:18,5.8,18570,0,107706,1
2018-04-28 08:14:34,143.4914,18575,0,2665353,1
2018-04-28 08:14:52,47.2984,18575,0,-878568,0
2018-04-28 08:15:24,183.748,18590,0,-3415875,0
2018-04-28 08:15:24,194.5187,18590,0,-3616103,0
2018-04-28 08:15:28,774.4349,18595,0,-14400617,0
2018-04-28 08:16:42,11.6577,18640,0,217300,1
2018-04-28 08:17:18,230.15647507,18605,0,4282061,1
2018-04-28 08:17:40,193.3465,18610,0,3598178,1
2018-04-28 08:20:10,764.8393,18575,0,14206890,1
2018-04-28 08:21:15,2.0,18560,0,-37120,0
2018-04-28 08:21:25,5.6315,18560,0,-104521,0
2018-04-28 08:22:01,7.6315,18535,0,141450,1
2018-04-28 08:22:18,1058.3419,18540,0,-19621659,0
2018-04-28 08:22:18,141.6581,18540,0,-2626341,0
2018-04-28 08:28:18,22.8324,18570,0,423998,1
2018-04-28 08:28:18,80.6889,18570,0,1498393,1
2018-04-28 08:28:21,243.451,18560,0,4518451,1
2018-04-28 08:28:21,248.1758,18560,0,4606143,1
2018-04-28 08:28:29,532.507,18545,0,9875342,1
2018-04-28 08:28:30,7.0567,18545,0,130867,1
2018-04-28 08:29:02,587.0647,18545,0,-10887115,0
2018-04-28 08:29:34,15.6704,18575,0,291078,1
2018-04-28 08:32:41,25.0,18525,0,463125,1
2018-04-28 08:32:41,86.3156,18525,0,1598996,1
2018-04-28 08:32:42,3.6,18525,0,66690,1
2018-04-28 08:33:13,228.2874,18520,0,4227883,1
2018-04-28 08:33:14,244.8786,18520,0,4535152,1
2018-04-28 08:33:19,48.6009,18510,0,899603,1
2018-04-28 08:34:45,5.5785,18480,0,-103091,0
2018-04-28 08:34:45,7.1267,18480,0,-131701,0
2018-04-28 08:34:55,177.9998,18470,0,-3287656,0
2018-04-28 08:35:00,529.36535569,18465,0,-9774731,0
2018-04-28 08:35:00,24.3716,18465,0,-450022,0
2018-04-28 08:35:18,12.3,18475,0,227243,1
2018-04-28 08:35:29,4.2,18475,0,77595,1
2018-04-28 08:35:30,453.6,18475,0,8380260,1
2018-04-28 08:35:30,4.2,18475,0,77595,1
2018-04-28 08:35:31,1.08254397,18475,0,20000,1
2018-04-28 08:35:35,2.5,18475,0,46188,1
2018-04-28 08:35:35,4.2,18475,0,77595,1
2018-04-28 08:35:35,3.5939,18475,0,66397,1
2018-04-28 08:35:37,2.1,18475,0,38798,1
2018-04-28 08:35:37,6.7,18475,0,123783,1
2018-04-28 08:35:38,4.2,18475,0,77595,1
2018-04-28 08:35:38,8.4,18475,0,155190,1
2018-04-28 08:35:39,4.2,18475,0,77595,1
2018-04-28 08:35:39,2.5,18475,0,46188,1
2018-04-28 08:35:40,8.4,18475,0,155190,1
2018-04-28 08:35:50,8.4,18475,0,155190,1
2018-04-28 08:35:50,5.9,18475,0,109003,1
2018-04-28 08:35:50,3.9,18475,0,72053,1
2018-04-28 08:35:50,4.2,18475,0,77595,1
2018-04-28 08:35:50,4.2,18475,0,77595,1
2018-04-28 08:35:54,2.5,18475,0,46188,1
2018-04-28 08:35:54,0.54127198,18475,0,10000,1
2018-04-28 08:35:55,192.62422801,18475,0,3558733,1
2018-04-28 08:38:25,1200.0,18415,0,-22098000,0
2018-04-28 08:39:41,1200.0,18420,0,22104000,1
2018-04-28 08:40:07,3.7949,18385,0,-69769,0
2018-04-28 08:40:15,0.1298,18380,0,-2386,0
2018-04-28 08:40:22,32.86,18385,0,-604131,0
2018-04-28 08:40:31,36.7847,18400,0,676838,1
2018-04-28 08:44:38,26.6978,18340,0,-489638,0
2018-04-28 08:44:38,132.9183,18340,0,-2437722,0
2018-04-28 08:44:38,575.0194,18335,0,-10542981,0
2018-04-28 08:45:35,44.5222,18300,0,814756,1
2018-04-28 08:45:35,250.0,18300,0,4575000,1
2018-04-28 08:45:35,10.0,18300,0,183000,1
2018-04-28 08:45:37,333.2992,18300,0,6099375,1
2018-04-28 08:45:37,50.0,18300,0,915000,1
2018-04-28 08:45:37,4.0519,18300,0,74150,1
2018-04-28 08:45:37,10.0,18300,0,183000,1
2018-04-28 08:45:37,1.9153,18300,0,35050,1
2018-04-28 08:45:40,30.8469,18270,0,563573,1
2018-04-28 08:46:08,1.5,18300,0,-27450,0
2018-04-28 08:46:33,1.5,18300,0,27450,1
2018-04-28 08:48:10,110.1598,18255,0,-2010967,0
2018-04-28 08:48:11,21.6029,18255,0,-394361,0
2018-04-28 08:48:38,131.7627,18255,0,2405328,1
2018-04-28 08:49:57,954.182,18175,0,-17342258,0
2018-04-28 08:49:58,99.8251,18175,0,-1814321,0
2018-04-28 08:49:58,145.9929,18175,0,-2653421,0
2018-04-28 08:50:53,10.0,18200,0,182000,1
2018-04-28 08:50:53,24.2588,18200,0,441510,1
2018-04-28 08:50:56,190.1185,18195,0,3459206,1
2018-04-28 08:50:57,30.0,18195,0,545850,1
2018-04-28 08:51:09,10.0,18190,0,181900,1
2018-04-28 08:51:09,143.2272,18190,0,2605303,1
2018-04-28 08:51:09,462.5438,18190,0,8413672,1
2018-04-28 08:51:13,150.8212,18180,0,2741929,1
2018-04-28 08:51:16,8.176,18170,0,148558,1
2018-04-28 08:51:21,55.066,18160,0,999999,1
2018-04-28 08:51:21,28.9361,18160,0,525480,1
2018-04-28 08:51:39,64.0132,18155,0,1162160,1
2018-04-28 08:51:39,22.8392,18150,0,414531,1
2018-04-28 08:52:57,99.85,18060,0,-1803291,0
2018-04-28 08:53:11,99.85,18090,0,1806287,1
2018-04-28 08:53:26,359.0388,18025,0,-6471674,0
2018-04-28 08:53:26,59.53,18025,0,-1073028,0
2018-04-28 08:53:54,3.7906,18055,0,-68439,0
2018-04-28 08:54:00,8.6,18055,0,155273,1
2018-04-28 08:54:00,2.6,18055,0,46943,1
2018-04-28 08:54:00,4.3,18055,0,77637,1
2018-04-28 08:54:00,4.3,18055,0,77637,1
2018-04-28 08:54:00,4.3,18055,0,77637,1
2018-04-28 08:54:00,88.4414,18055,0,1596809,1
2018-04-28 08:54:01,62.0,18055,0,1119410,1
2018-04-28 08:54:01,4.3,18055,0,77637,1
2018-04-28 08:54:01,10.3,18055,0,185967,1
2018-04-28 08:54:02,3.3,18055,0,59582,1
2018-04-28 08:54:02,4.7,18055,0,84859,1
2018-04-28 08:54:02,225.218,18055,0,4066311,1
2018-04-28 08:54:10,1200.0,18055,0,-21666000,0
2018-04-28 08:54:46,332.0899,18100,0,6010827,1
2018-04-28 08:54:46,276.328,18100,0,5001537,1
2018-04-28 08:54:47,44.4025,18100,0,803685,1
2018-04-28 08:54:47,70.5607,18100,0,1277149,1
2018-04-28 08:54:47,28.888,18100,0,522873,1
2018-04-28 08:54:47,10.0,18100,0,181000,1
2018-04-28 08:54:48,2.0,18100,0,36200,1
2018-04-28 08:54:48,61.74127071,18100,0,1117517,1
2018-04-28 08:54:48,0.5,18100,0,9050,1
2018-04-28 08:54:49,72.66674033,18100,0,1315268,1
2018-04-28 08:54:49,28.709,18100,0,519633,1
2018-04-28 08:54:50,60.2389,18090,0,1089722,1
2018-04-28 08:54:57,211.875,18100,0,3834938,1
2018-04-28 08:55:07,134.6972,18110,0,-2439366,0
2018-04-28 08:55:07,85.0,18110,0,-1539350,0
2018-04-28 08:55:11,42.71771419,18135,0,-774686,0
2018-04-28 08:55:11,10.2381858,18135,0,-185669,0
2018-04-28 08:55:18,43.0086,18110,0,-778886,0
2018-04-28 08:55:33,70.8056,18135,0,-1284060,0
2018-04-28 08:55:37,6.6272,18150,0,-120284,0
2018-04-28 08:56:01,127.5574,18200,0,2321545,1
2018-04-28 08:56:24,156.484,18180,0,2844879,1
2018-04-28 08:56:24,109.0531,18180,0,1982585,1
2018-04-28 08:56:48,85.39521293,18170,0,-1551631,0
2018-04-28 08:56:49,19.99998706,18170,0,-363400,0
2018-04-28 08:56:53,1.0008,18160,0,-18175,0
2018-04-28 08:57:02,47.01,18140,0,-852761,0
2018-04-28 08:57:07,523.9259,18140,0,-9504016,0
2018-04-28 08:58:06,677.3319,18170,0,12307121,1
2018-04-28 08:58:43,10.8,18225,0,-196830,0
2018-04-28 08:58:57,10.8,18265,0,197262,1
2018-04-28 08:59:39,95.8087434,18230,0,-1746593,0
2018-04-28 08:59:39,799.8036,18230,0,-14580420,0
2018-04-28 08:59:39,49.0798,18230,0,-894725,0
2018-04-28 08:59:39,86.4161,18230,0,-1575366,0
2018-04-28 09:00:20,169.6714,18245,0,3095655,1
2018-04-28 09:01:41,361.74487797,18110,0,6551200,1
2018-04-28 09:01:49,193.9435,18100,0,3510377,1
2018-04-28 09:01:49,305.7485,18100,0,5534048,1
2018-04-28 09:02:25,3.9438,18105,0,-71402,0
2018-04-28 09:02:33,13.961,18150,0,-253392,0
2018-04-28 09:02:33,40.4764,18150,0,-734647,0
2018-04-28 09:02:35,4.2562,18160,0,77293,1
2018-04-28 09:02:46,54.125,18150,0,982369,1
2018-04-28 09:03:08,61.5510376,18190,0,-1119613,0
2018-04-28 09:03:08,210.23196239,18190,0,-3824119,0
2018-04-28 09:03:13,25.6275,18200,0,-466421,0
2018-04-28 09:03:13,128.5412,18200,0,-2339450,0
2018-04-28 09:03:13,322.7911,18200,0,-5874798,0
2018-04-28 09:03:13,49.0455,18200,0,-892628,0
2018-04-28 09:03:13,159.0126,18200,0,-2894029,0
2018-04-28 09:03:13,68.7622,18200,0,-1251472,0
2018-04-28 09:03:13,10.0,18200,0,-182000,0
2018-04-28 09:03:13,100.0,18200,0,-1820000,0
2018-04-28 09:03:56,503.3018,18190,0,9155060,1
2018-04-28 09:05:58,273.8133,18275,0,5003938,1
2018-04-28 09:06:38,841.552,18290,0,-15391986,0
2018-04-28 09:07:14,729.362,18385,0,13409320,1
2018-04-28 09:07:19,80.4555,18370,0,1477968,1
2018-04-28 09:07:33,2.2,18365,0,-40403,0
2018-04-28 09:07:37,205.32213212,18405,0,-3778954,0
2018-04-28 09:07:37,20.0,18405,0,-368100,0
2018-04-28 09:07:38,11.2191,18405,0,-206488,0
2018-04-28 09:07:38,571.07626787,18405,0,-10510659,0
2018-04-28 09:08:10,63.115,18400,0,1161316,1
2018-04-28 09:08:30,10.0,18445,0,184450,1
2018-04-28 09:08:30,209.997,18445,0,3873395,1
2018-04-28 09:09:08,8.5949,18495,0,158963,1
2018-04-28 09:09:13,898.3366,18495,0,16614735,1
2018-04-28 09:09:17,9.9565,18490,0,184096,1
2018-04-28 09:11:03,5.292,18390,0,-97320,0
2018-04-28 09:11:07,8.2649,18370,0,-151826,0
2018-04-28 09:11:10,976.32774755,18380,0,-17944904,0
2018-04-28 09:11:58,632.0156,18410,0,11635407,1
2018-04-28 09:12:20,842.1309,18395,0,-15490998,0
2018-04-28 09:12:30,260.3248,18435,0,4799088,1
2018-04-28 09:12:56,939.6752,18410,0,17299420,1
2018-04-28 09:13:08,6.0,18405,0,-110430,0
2018-04-28 09:13:37,433.8237,18425,0,-7993202,0
2018-04-28 09:14:10,1.4431,18460,0,-26640,0
2018-04-28 09:14:10,329.9503,18460,0,-6090883,0
2018-04-28 09:14:10,26.9646,18460,0,-497767,0
2018-04-28 09:15:33,1.3388394,18525,0,24802,1
2018-04-28 09:15:33,227.0698,18525,0,4206468,1
2018-04-28 09:15:33,45.1639,18525,0,836661,1
2018-04-28 09:15:34,56.8726,18525,0,1053565,1
2018-04-28 09:15:42,3.3678,18520,0,62372,1
2018-04-28 09:15:42,11.0,18520,0,203720,1
2018-04-28 09:15:43,453.3687,18520,0,8396388,1
2018-04-28 09:17:32,17.42537393,18440,0,-321324,0
2018-04-28 09:17:55,17.4254,18465,0,321760,1
2018-04-28 09:18:33,1200.0,18480,0,-22176000,0
2018-04-28 09:19:42,74.07,18515,0,1371406,1
2018-04-28 09:19:42,118.7174,18515,0,2198053,1
2018-04-28 09:20:51,37.7,18520,0,698204,1
2018-04-28 09:20:52,50.64292656,18520,0,937907,1
2018-04-28 09:20:52,27.03191144,18520,0,500631,1
2018-04-28 09:20:53,64.376,18520,0,1192244,1
2018-04-28 09:20:53,6.31511879,18520,0,116956,1
2018-04-28 09:20:56,20.01236501,18520,0,370629,1
2018-04-28 09:20:57,118.853,18520,0,2201158,1
2018-04-28 09:20:57,133.7,18520,0,2476124,1
2018-04-28 09:20:59,125.3,18510,0,2319303,1
2018-04-28 09:21:06,46.4755,18500,0,859797,1
2018-04-28 09:21:07,48.1662,18500,0,891075,1
2018-04-28 09:21:07,1.6955,18500,0,31367,1
2018-04-28 09:21:07,326.9441,18500,0,6048466,1
2018-04-28 09:21:38,257.8958,18525,0,-4777520,0
2018-04-28 09:21:48,59.0,18535,0,-1093565,0
2018-04-28 09:21:55,41.0,18535,0,-759935,0
2018-04-28 09:22:21,57.9324,18570,0,1075805,1
2018-04-28 09:22:25,299.9634,18570,0,5570320,1
2018-04-28 09:22:57,384.5826,18555,0,-7135930,0
2018-04-28 09:22:57,815.4174,18565,0,-15138224,0
2018-04-28 09:25:25,1200.0,18660,0,22392000,1
2018-04-28 09:27:45,318.1617,18565,0,-5906672,0
2018-04-28 09:28:12,16.7185,18585,0,310713,1
2018-04-28 09:28:19,898.5568,18595,0,-16708664,0
2018-04-28 09:30:56,51.1476,18725,0,957739,1
2018-04-28 09:31:10,26.6988,18720,0,499802,1
2018-04-28 09:32:53,1122.1536,18715,0,21001105,1
2018-04-28 09:35:00,44.4103,18680,0,-829584,0
2018-04-28 09:35:45,44.4103,18700,0,830473,1
2018-04-28 09:38:35,2.2492,18730,0,-42128,0
2018-04-28 09:38:35,102.351,18730,0,-1917034,0
2018-04-28 09:38:35,375.306,18730,0,-7029481,0
2018-04-28 09:38:39,210.05,18735,0,-3935287,0
2018-04-28 09:38:39,336.7168,18735,0,-6308389,0
2018-04-28 09:38:39,173.327,18735,0,-3247281,0
2018-04-28 09:40:32,12.6416,18855,0,238357,1
2018-04-28 09:40:32,43.6685,18855,0,823370,1
2018-04-28 09:40:36,320.9471,18860,0,6053062,1
2018-04-28 09:40:36,791.0449,18860,0,14919107,1
2018-04-28 09:40:36,31.6979,18860,0,597822,1
2018-04-28 09:41:14,851.96825186,18880,0,-16085161,0
2018-04-28 09:42:11,150.0,18930,0,2839500,1
2018-04-28 09:42:11,38.7084,18930,0,732750,1
2018-04-28 09:42:22,366.8998,18880,0,6927068,1
2018-04-28 09:42:22,296.36,18880,0,5595277,1
2018-04-28 09:43:25,3.3,18890,0,-62337,0
2018-04-28 09:43:25,340.0907,18890,0,-6424313,0
2018-04-28 09:43:25,63.4309,18890,0,-1198210,0
2018-04-28 09:43:34,2.0,18905,0,-37810,0
2018-04-28 09:43:34,1.1,18905,0,-20796,0
2018-04-28 09:43:34,2.5,18905,0,-47263,0
2018-04-28 09:43:38,6.2,18910,0,-117242,0
2018-04-28 09:43:38,29.83220518,18910,0,-564127,0
2018-04-28 09:43:38,751.54619481,18910,0,-14211739,0
2018-04-28 09:44:24,447.4567,18880,0,8447982,1
2018-04-28 09:46:00,710.6554,18865,0,13406514,1
2018-04-28 09:46:29,73.5081,18850,0,-1385628,0
2018-04-28 09:47:02,115.396,18810,0,2170599,1
2018-04-28 09:47:18,797.6255,18745,0,-14951490,0
2018-04-28 09:47:39,797.6255,18835,0,15023276,1
2018-04-28 09:47:53,0.0437,18800,0,-822,0
2018-04-28 09:48:25,1199.9563,18765,0,-22517180,0
2018-04-28 09:50:24,76.1986,18830,0,1434820,1
2018-04-28 09:50:40,82.45512127,18800,0,1550156,1
2018-04-28 09:51:15,103.1047,18770,0,1935275,1
2018-04-28 09:51:16,636.2575,18770,0,11942553,1
2018-04-28 09:51:16,301.9841,18770,0,5668242,1
2018-04-28 09:51:52,13.8214,18785,0,-259635,0
2018-04-28 09:52:22,1.309,18790,0,-24596,0
2018-04-28 09:52:34,88.26637163,18785,0,-1658084,0
2018-04-28 09:52:39,416.7978,18800,0,-7835799,0
2018-04-28 09:52:39,8.3471,18800,0,-156925,0
2018-04-28 09:52:39,25.42300212,18800,0,-477952,0
2018-04-28 09:52:39,65.4644,18800,0,-1230731,0
2018-04-28 09:54:08,180.9167,18845,0,3409375,1
2018-04-28 09:54:08,40.0,18845,0,753800,1
2018-04-28 09:54:09,191.5759,18845,0,3610248,1
2018-04-28 09:54:09,76.08709697,18845,0,1433861,1
2018-04-28 09:54:09,130.84940302,18845,0,2465857,1
2018-04-28 09:54:39,10.9541,18850,0,-206485,0
2018-04-28 09:55:00,10.9541,18850,0,206485,1
2018-04-28 09:55:34,476.4954,18870,0,-8991468,0
2018-04-28 09:55:34,3.471e-05,18870,0,-1,0
2018-04-28 09:55:53,46.7315,18890,0,882758,1
2018-04-28 09:55:53,286.8982,18890,0,5419507,1
2018-04-28 09:56:20,49.8383,18870,0,940449,1
2018-04-28 09:56:20,6.5817,18870,0,124197,1
2018-04-28 09:56:44,86.4457,18845,0,1629069,1
2018-04-28 09:57:21,119.692,18875,0,-2259187,0
2018-04-28 09:57:29,0.5022,18885,0,9484,1
2018-04-28 09:57:41,5.2056,18880,0,98282,1
2018-04-28 09:57:42,113.9842,18880,0,2152022,1
2018-04-28 09:57:51,11.6899,18900,0,-220939,0
2018-04-28 09:57:52,319.52,18900,0,-6038928,0
2018-04-28 09:57:52,8.2475,18900,0,-155878,0
2018-04-28 09:57:52,56.7616,18900,0,-1072794,0
2018-04-28 09:57:52,300.0,18900,0,-5670000,0
2018-04-28 09:57:52,112.0472,18900,0,-2117692,0
2018-04-28 09:57:52,14.364,18900,0,-271480,0
2018-04-28 09:57:52,10.0,18900,0,-189000,0
2018-04-28 09:57:52,132.9172,18900,0,-2512135,0
2018-04-28 09:57:53,20.8955,18900,0,-394925,0
2018-04-28 09:57:53,33.2979,18900,0,-629330,0
2018-04-28 09:57:53,100.0,18900,0,-1890000,0
2018-04-28 09:57:53,3.994,18900,0,-75487,0
2018-04-28 09:57:53,70.1157,18900,0,-1325187,0
2018-04-28 09:58:02,74.7265,18900,0,1412331,1
2018-04-28 09:58:24,1119.124,18915,0,21168230,1
2018-04-28 09:59:02,110.4055,18955,0,-2092736,0
2018-04-28 09:59:06,62.59,18950,0,-1186081,0
2018-04-28 09:59:18,172.9955,18945,0,3277400,1
2018-04-28 09:59:42,2.0,18985,0,-37970,0
2018-04-28 10:00:03,1.1482,19015,0,-21833,0
2018-04-28 10:00:03,0.1,19015,0,-1902,0
2018-04-28 10:00:03,147.93,19015,0,-2812889,0
2018-04-28 10:00:19,196.3593,19050,0,-3740645,0
2018-04-28 10:00:45,2.8546,19135,0,-54623,0
2018-04-28 10:00:53,1.0,19180,0,-19180,0
2018-04-28 10:00:53,74.1948,19180,0,-1423056,0
2018-04-28 10:00:56,67.6246,19230,0,1300421,1
2018-04-28 10:00:56,357.9623,19230,0,6883615,1
2018-04-28 10:01:15,1.1,19190,0,-21109,0
2018-04-28 10:01:15,637.12764877,19190,0,-12226480,0
2018-04-28 10:01:16,1.1,19190,0,-21109,0
2018-04-28 10:01:16,1.2514,19190,0,-24014,0
2018-04-28 10:01:16,1.0,19190,0,-19190,0
2018-04-28 10:01:17,1.9,19190,0,-36461,0
2018-04-28 10:01:17,1.1,19190,0,-21109,0
2018-04-28 10:01:18,75.98,19190,0,-1458056,0
2018-04-28 10:01:18,1.0,19190,0,-19190,0
2018-04-28 10:01:41,9.71849188,19230,0,186887,1
2018-04-28 10:01:42,10.0,19225,0,192250,1
2018-04-28 10:01:42,0.57258777,19225,0,11008,1
2018-04-28 10:01:45,60.92934317,19235,0,1171976,1
2018-04-28 10:01:49,640.3386,19235,0,12316913,1
2018-04-28 10:01:59,230.4277,19270,0,-4440342,0
2018-04-28 10:01:59,6.6508,19270,0,-128161,0
2018-04-28 10:02:28,237.0785,19280,0,4570873,1
2018-04-28 10:05:33,1200.0,19225,0,-23070000,0
2018-04-28 10:06:31,706.4305,19110,0,13499887,1
2018-04-28 10:06:31,286.9707,19110,0,5484010,1
2018-04-28 10:06:35,1.2353,19080,0,23570,1
2018-04-28 10:06:48,188.1881,19080,0,-3590629,0
2018-04-28 10:06:48,806.4484,19100,0,-15403164,0
2018-04-28 10:08:16,420.3136,19190,0,8065818,1
2018-04-28 10:08:16,779.6864,19190,0,14962182,1
2018-04-28 10:08:38,274.9971,19150,0,-5266194,0
2018-04-28 10:08:38,89.0336,19150,0,-1704993,0
2018-04-28 10:08:42,24.2235,19170,0,-464364,0
2018-04-28 10:09:24,132.73514143,19210,0,-2549842,0
2018-04-28 10:09:24,101.58515856,19210,0,-1951451,0
2018-04-28 10:09:33,395.91035918,19210,0,7605438,1
2018-04-28 10:09:41,26.0667,19190,0,500220,1
2018-04-28 10:09:42,200.5975,19190,0,3849466,1
2018-04-28 10:11:00,24.7314,19195,0,-474719,0
2018-04-28 10:11:12,1117.3807,19200,0,-21453709,0
2018-04-28 10:11:51,1142.1121,19250,0,21985658,1
2018-04-28 10:12:18,6.8254,19260,0,-131457,0
2018-04-28 10:12:23,45.5037,19265,0,-876629,0
2018-04-28 10:12:39,0.76,19265,0,-14641,0
2018-04-28 10:12:49,53.0891,19260,0,1022496,1
2018-04-28 10:13:09,185.4447,19270,0,-3573519,0
2018-04-28 10:13:14,185.4447,19290,0,3577228,1
2018-04-28 10:16:33,12.27489869,19120,0,-234696,0
2018-04-28 10:16:33,52.7485013,19125,0,-1008815,0
2018-04-28 10:16:42,47.2053,19130,0,-903037,0
2018-04-28 10:16:47,29.1208,19160,0,-557955,0
2018-04-28 10:16:47,431.63252546,19160,0,-8270079,0
2018-04-28 10:16:48,106.463,19160,0,-2039831,0
2018-04-28 10:16:48,100.0,19160,0,-1916000,0
2018-04-28 10:16:48,8.39967453,19160,0,-160938,0
2018-04-28 10:18:00,294.4858,19235,0,5664434,1
2018-04-28 10:18:00,0.342,19235,0,6578,1
2018-04-28 10:18:18,260.8242,19160,0,4997392,1
2018-04-28 10:18:39,104.8342,19190,0,-2011768,0
2018-04-28 10:18:43,184.0098,19185,0,-3530228,0
2018-04-28 10:18:43,13.42,19185,0,-257463,0
2018-04-28 10:18:46,3.0228,19185,0,57992,1
2018-04-28 10:18:51,81.9089,19180,0,-1571013,0
2018-04-28 10:18:51,234.6527,19180,0,-4500639,0
2018-04-28 10:19:57,14.6387,19130,0,280038,1
2018-04-28 10:21:06,544.6618,19160,0,10435720,1
2018-04-28 10:21:20,20.0,19115,0,382300,1
2018-04-28 10:21:38,85.312,19065,0,1626473,1
2018-04-28 10:21:38,183.383,19065,0,3496197,1
2018-04-28 10:22:32,1200.0,18980,0,-22776000,0
2018-04-28 10:24:48,1200.0,19100,0,22920000,1
2018-04-28 10:27:09,6.4974,19000,0,-123451,0
2018-04-28 10:27:09,14.076,19000,0,-267444,0
2018-04-28 10:27:13,48.3636421,19000,0,-918909,0
2018-04-28 10:27:13,4.99995789,19000,0,-94999,0
2018-04-28 10:27:40,5.8,19065,0,-110577,0
2018-04-28 10:27:59,79.737,19065,0,1520186,1
2018-04-28 10:31:08,1200.0,19070,0,-22884000,0
2018-04-28 10:32:06,1150.9074,19055,0,21930541,1
2018-04-28 10:32:21,8.079e-05,19055,0,-2,0
2018-04-28 10:32:25,498.3301,19065,0,-9500663,0
2018-04-28 10:32:29,34.42,19090,0,-657078,0
2018-04-28 10:32:33,4.11200837,19100,0,-78539,0
2018-04-28 10:32:33,45.33519162,19100,0,-865902,0
2018-04-28 10:34:34,374.0632,19100,0,7144607,1
2018-04-28 10:34:34,78.3768,19100,0,1496997,1
2018-04-28 10:35:14,178.85,19100,0,3416035,1
2018-04-28 10:36:12,11.1795,19155,0,-214143,0
2018-04-28 10:36:12,111.4897,19155,0,-2135585,0
2018-04-28 10:36:45,122.6692,19165,0,2350955,1
2018-04-28 10:36:51,33.9566,19150,0,-650269,0
2018-04-28 10:36:54,16.1259,19150,0,-308811,0
2018-04-28 10:37:00,50.0825,19165,0,959831,1
2018-04-28 10:38:03,1200.0,19130,0,-22956000,0
2018-04-28 10:39:05,1036.6768,19160,0,19862727,1
2018-04-28 10:39:29,163.3232,19160,0,3129273,1
2018-04-28 10:41:01,114.41,19220,0,-2198960,0
2018-04-28 10:41:01,2.0,19220,0,-38440,0
2018-04-28 10:41:02,57.7998,19220,0,-1110912,0
2018-04-28 10:41:02,174.9999,19220,0,-3363498,0
2018-04-28 10:41:19,76.529,19220,0,1470887,1
2018-04-28 10:41:19,272.6807,19220,0,5240923,1
2018-04-28 10:43:15,18.5819,19260,0,-357887,0
2018-04-28 10:43:16,100.0,19260,0,-1926000,0
2018-04-28 10:43:27,46.25046108,19275,0,-891478,0
2018-04-28 10:43:28,49.99993891,19275,0,-963749,0
2018-04-28 10:43:28,146.77,19275,0,-2828992,0
2018-04-28 10:43:32,25.74544722,19290,0,-496630,0
2018-04-28 10:43:32,1.0,19290,0,-19290,0
2018-04-28 10:43:32,518.4033,19290,0,-10000000,0
2018-04-28 10:43:32,23.9897,19290,0,-462761,0
2018-04-28 10:43:32,269.25925277,19290,0,-5194011,0
2018-04-28 10:45:09,24.8289,19290,0,478949,1
2018-04-28 10:45:13,318.09728778,19275,0,6131325,1
2018-04-28 10:45:17,5.6431,19245,0,108601,1
2018-04-28 10:45:18,303.4,19245,0,5838933,1
2018-04-28 10:45:23,15.1029,19245,0,290655,1
2018-04-28 10:45:36,474.5341,19230,0,9125291,1
2018-04-28 10:45:36,58.3937,19230,0,1122911,1
2018-04-28 10:45:44,5.9249,19200,0,-113758,0
2018-04-28 10:45:52,5.9249,19235,0,113965,1
2018-04-28 10:47:53,38.7965,19200,0,-744893,0
2018-04-28 10:48:04,0.0001,19220,0,-2,0
2018-04-28 10:48:25,38.7966,19215,0,745477,1
2018-04-28 10:49:51,1200.0,19195,0,-23034000,0
2018-04-28 10:53:37,44.9167,19260,0,865096,1
2018-04-28 10:54:04,13.4545,19255,0,259066,1
2018-04-28 10:54:05,26.9919,19255,0,519729,1
2018-04-28 10:54:06,50.06647623,19255,0,964030,1
2018-04-28 10:54:32,299.99997896,19250,0,5775000,1
2018-04-28 10:54:39,764.5704,19235,0,14706512,1
2018-04-28 10:58:12,454.91705311,19280,0,-8770801,0
2018-04-28 10:58:12,24.33034688,19280,0,-469089,0
2018-04-28 10:58:50,720.7526,19310,0,-13917733,0
2018-04-28 11:00:24,1200.0,19340,0,23208000,1
2018-04-28 11:00:45,126.7701,19320,0,-2449198,0
2018-04-28 11:01:09,25.5868,19330,0,-494593,0
2018-04-28 11:01:24,59.8529,19325,0,1156657,1
2018-04-28 11:01:28,92.504,19330,0,1788102,1
2018-04-28 11:03:56,7.988,19290,0,-154089,0
2018-04-28 11:03:56,38.4621,19290,0,-741934,0
2018-04-28 11:03:56,10.0,19290,0,-192900,0
2018-04-28 11:03:56,60.0,19290,0,-1157400,0
2018-04-28 11:04:23,2.0,19295,0,-38590,0
2018-04-28 11:04:32,645.2785,19300,0,-12453875,0
2018-04-28 11:04:32,436.2714,19295,0,-8417857,0
2018-04-28 11:05:09,5.65981779,19290,0,109178,1
2018-04-28 11:05:20,1194.3402,19300,0,23050766,1
2018-04-28 11:05:53,47.4926,19300,0,-916607,0
2018-04-28 11:07:22,548.0555,19320,0,-10588432,0
2018-04-28 11:07:27,9.461e-05,19325,0,-2,0
2018-04-28 11:07:32,125.8811,19330,0,-2433282,0
2018-04-28 11:07:32,189.2052,19330,0,-3657337,0
2018-04-28 11:07:32,36.5,19330,0,-705545,0
2018-04-28 11:07:32,4.7308,19330,0,-91446,0
2018-04-28 11:07:32,30.0471,19330,0,-580810,0
2018-04-28 11:08:39,54.3529,19335,0,1050913,1
2018-04-28 11:08:40,1.0001,19335,0,19337,1
2018-04-28 11:14:56,37.1545,19285,0,716525,1
2018-04-28 11:15:05,381.345,19260,0,7344705,1
2018-04-28 11:15:11,508.0599,19250,0,9780153,1
2018-04-28 11:18:07,1200.0,19180,0,-23016000,0
2018-04-28 11:18:35,22.5062,19175,0,431556,1
2018-04-28 11:18:40,73.6493,19175,0,1412225,1
2018-04-28 11:19:14,71.23719079,19165,0,1365261,1
2018-04-28 11:19:15,11.90795721,19165,0,228216,1
2018-04-28 11:19:27,85.9163,19165,0,1646586,1
2018-04-28 11:21:07,934.783,19175,0,17924464,1
2018-04-28 11:21:37,442.49188003,19185,0,-8489207,0
2018-04-28 11:21:41,5.9999,19190,0,-115138,0
2018-04-28 11:21:41,49.925,19190,0,-958061,0
2018-04-28 11:21:41,128.5076,19190,0,-2466061,0
2018-04-28 11:22:35,23.077,19185,0,442732,1
2018-04-28 11:22:50,106.8796,19185,0,2050485,1
2018-04-28 11:22:50,345.0533,19185,0,6619848,1
2018-04-28 11:22:50,151.9145,19185,0,2914480,1
2018-04-28 11:24:09,1200.0,19200,0,-23040000,0
2018-04-28 11:25:11,1200.0,19200,0,23040000,1
2018-04-28 11:25:51,9.5562,19070,0,-182237,0
2018-04-28 11:26:00,9.5562,19110,0,182619,1
2018-04-28 11:26:16,195.3161,19080,0,-3726631,0
2018-04-28 11:26:22,58.0427,19080,0,-1107455,0
2018-04-28 11:26:42,116.9985,19075,0,-2231746,0
2018-04-28 11:26:42,470.4524,19075,0,-8973880,0
2018-04-28 11:27:56,840.8097,19075,0,16038445,1
2018-04-28 11:30:00,1200.0,19020,0,-22824000,0
2018-04-28 11:31:32,132.1171,19000,0,2510225,1
2018-04-28 11:31:33,260.7474,19000,0,4954201,1
2018-04-28 11:31:36,8.9492,19010,0,170124,1
2018-04-28 11:33:03,394.6661,19030,0,7510496,1
2018-04-28 11:33:04,403.5202,19030,0,7678989,1
2018-04-28 11:34:35,1149.08373246,19100,0,-21947499,0
2018-04-28 11:34:35,50.91626753,19100,0,-972501,0
2018-04-28 11:34:58,135.3216,19130,0,2588702,1
2018-04-28 11:34:58,125.4389,19130,0,2399646,1
2018-04-28 11:37:19,0.09,19150,0,1724,1
2018-04-28 11:37:19,30.7337,19160,0,588858,1
2018-04-28 11:37:25,8.3271,19140,0,159381,1
2018-04-28 11:37:25,5.013,19140,0,95949,1
2018-04-28 11:37:25,376.9245,19140,0,7214335,1
2018-04-28 11:37:25,192.5958,19140,0,3686284,1
2018-04-28 11:37:25,160.7259,19140,0,3076294,1
2018-04-28 11:37:47,164.8295,19130,0,3153188,1
2018-04-28 11:39:30,5.6223,19100,0,-107386,0
2018-04-28 11:40:31,5.6223,19070,0,107217,1
2018-04-28 11:41:39,126.798,19015,0,-2411064,0
2018-04-28 11:42:16,314.2443,19030,0,-5980069,0
2018-04-28 11:42:16,49.4183,19030,0,-940430,0
2018-04-28 11:42:23,100.0,19035,0,-1903500,0
2018-04-28 11:42:34,420.9855,19040,0,-8015564,0
2018-04-28 11:44:02,271.5906,19060,0,5176517,1
2018-04-28 11:44:06,739.8555,19060,0,14101646,1
2018-04-28 11:44:31,29.6201,19045,0,-564115,0
2018-04-28 11:44:52,29.6201,19040,0,563967,1
2018-04-28 11:47:46,118.4984,18925,0,-2242582,0
2018-04-28 11:47:59,106.26749455,18930,0,-2011644,0
2018-04-28 11:47:59,105.87350544,18930,0,-2004185,0
2018-04-28 11:48:04,8.302e-05,18935,0,-2,0
2018-04-28 11:48:08,24.3189422,18945,0,-460722,0
2018-04-28 11:48:08,42.91595779,18945,0,-813043,0
2018-04-28 11:48:12,8.812e-05,18950,0,-2,0
2018-04-28 11:48:33,149.32246315,19000,0,-2837127,0
2018-04-28 11:48:33,14.9775,19000,0,-284573,0
2018-04-28 11:48:34,10.0,19000,0,-190000,0
2018-04-28 11:48:34,40.92,19000,0,-777480,0
2018-04-28 11:48:34,4.49993684,19000,0,-85499,0
2018-04-28 11:49:25,224.653,19000,0,4268407,1
2018-04-28 11:49:25,19.1075,19000,0,363043,1
2018-04-28 11:49:25,202.5478,19000,0,3848408,1
2018-04-28 11:49:25,10.6701,19000,0,202732,1
2018-04-28 11:49:25,56.7556,19000,0,1078356,1
2018-04-28 11:49:25,5.3851,19000,0,102317,1
2018-04-28 11:49:25,50.0,19000,0,950000,1
2018-04-28 11:49:25,48.4753,19000,0,921031,1
2018-04-28 11:49:42,351.8331,18970,0,-6674274,0
2018-04-28 11:49:58,0.1379,18990,0,2619,1
2018-04-28 11:50:18,129.0772,18970,0,2448594,1
2018-04-28 11:50:18,22.6369,18970,0,429422,1
2018-04-28 11:50:26,169.7434,18985,0,3222578,1
2018-04-28 11:51:14,46.6833,18950,0,-884649,0
2018-04-28 11:51:14,499.68285761,18950,0,-9468990,0
2018-04-28 11:51:15,279.55224238,18950,0,-5297515,0
2018-04-28 11:51:15,343.8439,18950,0,-6515842,0
2018-04-28 11:51:33,10.0,18975,0,189750,1
2018-04-28 11:51:49,246.5179,18985,0,4680142,1
2018-04-28 11:52:35,12.7142,18960,0,241061,1
2018-04-28 11:53:09,94.0632,18940,0,1781557,1
2018-04-28 11:53:09,8.3538,18940,0,158221,1
2018-04-28 11:53:09,4.3259,18940,0,81933,1
2018-04-28 11:53:09,179.2739,18940,0,3395448,1
2018-04-28 11:53:09,320.1993,18940,0,6064575,1
2018-04-28 11:53:10,324.5518,18940,0,6147011,1
2018-04-28 11:53:22,58.7026,18950,0,-1112414,0
2018-04-28 11:53:43,4.093,18975,0,77665,1
2018-04-28 11:53:44,54.6096,18975,0,1036217,1
2018-04-28 11:53:53,687.7726,19005,0,-13071118,0
2018-04-28 11:54:32,105.9402,18960,0,2008626,1
2018-04-28 11:54:38,38.7585,18950,0,734474,1
2018-04-28 11:54:38,543.0739,18950,0,10291250,1
2018-04-28 11:54:57,13.856,18955,0,-262640,0
2018-04-28 11:56:12,13.856,18910,0,262017,1
2018-04-28 11:59:09,0.722,18835,0,-13599,0
2018-04-28 11:59:09,217.2282,18835,0,-4091493,0
2018-04-28 11:59:13,982.0498,18865,0,-18526369,0
2018-04-28 12:02:19,52.6732,18985,0,1000001,1
2018-04-28 12:03:08,153.3474,18950,0,2905933,1
2018-04-28 12:03:08,530.0,18950,0,10043500,1
2018-04-28 12:03:08,421.8241,18950,0,7993567,1
2018-04-28 12:03:09,42.1553,18950,0,798843,1
2018-04-28 12:03:21,1185.0663,18920,0,-22421454,0
2018-04-28 12:04:06,0.5717,18965,0,10842,1
2018-04-28 12:05:01,3.6881,19000,0,70074,1
2018-04-28 12:07:41,1180.8065,19080,0,22529788,1
2018-04-28 12:10:23,62.68,19100,0,-1197188,0
2018-04-28 12:10:47,62.68,19125,0,1198755,1
2018-04-28 12:12:00,176.2776,19150,0,-3375716,0
2018-04-28 12:12:00,758.72085456,19150,0,-14529504,0
2018-04-28 12:12:46,310.859,19145,0,5951395,1
2018-04-28 12:12:50,50.0,19135,0,956750,1
2018-04-28 12:12:50,51.5043,19135,0,985535,1
2018-04-28 12:12:50,98.0663,19135,0,1876499,1
2018-04-28 12:12:50,103.0215,19135,0,1971316,1
2018-04-28 12:12:50,122.3061,19135,0,2340327,1
2018-04-28 12:12:54,135.2544,19125,0,2586740,1
2018-04-28 12:12:54,63.9869,19125,0,1223749,1
2018-04-28 12:14:04,496.5432,19070,0,-9469079,0
2018-04-28 12:14:15,147.2794,19070,0,2808618,1
2018-04-28 12:14:24,349.2638,19050,0,6653475,1
2018-04-28 12:15:51,10.4,19075,0,-198380,0
2018-04-28 12:16:12,127.795,19090,0,-2439607,0
2018-04-28 12:16:17,62.113,19095,0,-1186048,0
2018-04-28 12:16:30,151.2279,19075,0,-2884672,0
2018-04-28 12:16:55,62.113,19100,0,-1186358,0
2018-04-28 12:17:04,79.5821,19100,0,1520018,1
2018-04-28 12:17:15,334.0668,19090,0,6377335,1
2018-04-28 12:17:37,91.4716,19090,0,-1746193,0
2018-04-28 12:18:13,91.4716,19100,0,1747108,1
2018-04-28 12:19:42,574.6621356,19100,0,-10976047,0
2018-04-28 12:19:42,17.6202,19100,0,-336546,0
2018-04-28 12:19:42,21.4606,19100,0,-409897,0
2018-04-28 12:19:42,3.99996439,19100,0,-76399,0
2018-04-28 12:20:25,50.7691,19115,0,970451,1
2018-04-28 12:20:25,114.7254023,19115,0,2192976,1
2018-04-28 12:21:04,452.2484,19130,0,8651512,1
2018-04-28 12:21:45,2.5,19145,0,-47863,0
2018-04-28 12:21:52,4.9,19145,0,-93811,0
2018-04-28 12:22:15,1.3,19160,0,-24908,0
2018-04-28 12:22:16,4.7,19160,0,-90052,0
2018-04-28 12:22:16,3.0,19160,0,-57480,0
2018-04-28 12:22:20,16.4,19170,0,314388,1
2018-04-28 12:23:35,1.0,19150,0,-19150,0
2018-04-28 12:23:39,1.0,19150,0,-19150,0
2018-04-28 12:23:42,1.4,19150,0,-26810,0
2018-04-28 12:24:08,3.4,19140,0,65076,1
2018-04-28 12:28:45,21.6737,19110,0,-414184,0
2018-04-28 12:28:56,21.6737,19130,0,414618,1
2018-04-28 12:37:42,1200.0,19100,0,-22920000,0
2018-04-28 12:37:55,10.0,19100,0,191000,1
2018-04-28 12:38:09,310.0,19100,0,5921000,1
2018-04-28 12:38:42,880.0,19075,0,16786000,1
2018-04-28 12:38:54,1200.0,19040,0,-22848000,0
2018-04-28 12:41:07,0.8895,19085,0,16976,1
2018-04-28 12:41:14,21.23583774,19065,0,404861,1
2018-04-28 12:41:14,31.3584,19065,0,597848,1
2018-04-28 12:44:13,276.11801043,19070,0,5265570,1
2018-04-28 12:46:36,870.3982,19150,0,16668126,1
2018-04-28 12:50:19,5.0,19195,0,-95975,0
2018-04-28 12:50:20,40.0,19195,0,-767800,0
2018-04-28 12:50:20,391.2148,19195,0,-7509368,0
2018-04-28 12:50:21,763.7852,19195,0,-14660857,0
2018-04-28 12:51:56,1200.0,19220,0,23064000,1
2018-04-28 12:52:57,1.0,19215,0,-19215,0
2018-04-28 12:52:57,14.0,19220,0,-269080,0
2018-04-28 12:53:42,15.0,19205,0,288075,1
2018-04-28 12:58:45,3.214e-05,19140,0,-1,0
2018-04-28 12:58:53,648.1543,19150,0,-12412155,0
2018-04-28 13:00:23,249.14619067,19195,0,4782361,1
2018-04-28 13:00:23,206.369,19195,0,3961253,1
2018-04-28 13:00:27,5.7228,19190,0,109821,1
2018-04-28 13:00:52,186.9164,19195,0,3587860,1
2018-04-28 13:02:48,1200.0,19160,0,-22992000,0
2018-04-28 13:03:02,0.1,19180,0,1918,1
2018-04-28 13:04:12,214.7922,19180,0,4119714,1
2018-04-28 13:04:12,601.0656,19180,0,11528438,1
2018-04-28 13:04:59,625.9941,19140,0,-11981527,0
2018-04-28 13:07:10,178.1302,19150,0,3411193,1
2018-04-28 13:07:38,220.64578162,19160,0,4227573,1
2018-04-28 13:08:24,4.4689,19155,0,85602,1
2018-04-28 13:09:09,160.6348,19155,0,3076960,1
2018-04-28 13:09:15,130.2244,19155,0,2494448,1
2018-04-28 13:09:35,117.2946,19160,0,2247365,1
2018-04-28 13:09:35,63.7161,19155,0,1220482,1
2018-04-28 13:10:22,134.9215,19120,0,2579699,1
2018-04-28 13:10:52,1200.0,19080,0,-22896000,0
2018-04-28 13:11:01,15.0,19110,0,286650,1
2018-04-28 13:12:22,1185.0,19055,0,22580175,1
2018-04-28 13:13:20,6.0245,19070,0,-114887,0
2018-04-28 13:13:37,27.8646,19085,0,-531796,0
2018-04-28 13:13:38,6.3678,19090,0,-121561,0
2018-04-28 13:13:40,15.0094,19090,0,-286529,0
2018-04-28 13:13:41,12.8552,19090,0,-245406,0
2018-04-28 13:13:44,62.097,19095,0,-1185742,0
2018-04-28 13:13:45,44.7722,19100,0,-855149,0
2018-04-28 13:13:45,328.007,19100,0,-6264934,0
2018-04-28 13:13:45,10.0,19100,0,-191000,0
2018-04-28 13:13:45,157.7964,19100,0,-3013911,0
2018-04-28 13:13:45,12.6731,19100,0,-242056,0
2018-04-28 13:22:15,99.9214,19075,0,1906001,1
2018-04-28 13:22:15,522.0908,19075,0,9958882,1
2018-04-28 13:22:16,47.7392,19075,0,910625,1
2018-04-28 13:22:16,13.7158,19075,0,261629,1
2018-04-28 13:23:49,2.9815,19095,0,-56932,0
2018-04-28 13:24:16,2.9815,19115,0,56991,1
2018-04-28 13:25:05,15.1592,19145,0,-290223,0
2018-04-28 13:25:52,64.6396,19155,0,-1238172,0
2018-04-28 13:25:55,1.0001,19160,0,-19162,0
2018-04-28 13:25:56,94.5706,19160,0,-1811973,0
2018-04-28 13:25:56,1024.6305,19160,0,-19631920,0
2018-04-28 13:26:08,2.8128,19150,0,53865,1
2018-04-28 13:31:50,230.6705,19105,0,4406960,1
2018-04-28 13:31:59,26.1386,19100,0,499247,1
2018-04-28 13:32:15,9.9,19105,0,189140,1
2018-04-28 13:32:41,5.5,19095,0,105023,1
2018-04-28 13:32:41,500.0,19095,0,9547500,1
2018-04-28 13:33:32,3.5239,19090,0,-67271,0
2018-04-28 13:33:38,199.4738,19080,0,-3805960,0
2018-04-28 13:34:34,128.0,19080,0,2442240,1
2018-04-28 13:34:34,2.0,19080,0,38160,1
2018-04-28 13:34:38,497.9758,19080,0,9501378,1
2018-04-28 13:36:14,93.8108,19100,0,-1791786,0
2018-04-28 13:36:14,37.7708,19100,0,-721422,0
2018-04-28 13:36:14,73.7235,19100,0,-1408119,0
2018-04-28 13:36:14,10.0,19100,0,-191000,0
2018-04-28 13:36:14,5.538,19100,0,-105776,0
2018-04-28 13:36:15,6.0,19100,0,-114600,0
2018-04-28 13:36:18,183.5383,19105,0,-3506499,0
2018-04-28 13:36:18,72.5649,19105,0,-1386352,0
2018-04-28 13:36:18,55.0,19105,0,-1050775,0
2018-04-28 13:36:27,12.27213106,19090,0,-234275,0
2018-04-28 13:36:39,2.7666,19120,0,52897,1
2018-04-28 13:37:50,61.4564,19100,0,-1173817,0
2018-04-28 13:39:31,4.8446,19110,0,92580,1
2018-04-28 13:41:17,33.9336,19150,0,649828,1
2018-04-28 13:41:49,570.13,19155,0,10920840,1
2018-04-28 13:47:03,10.0,19125,0,-191250,0
2018-04-28 13:47:10,10.0,19110,0,191100,1
2018-04-28 13:49:27,498.3365,19095,0,-9515735,0
2018-04-28 13:50:49,498.3365,19075,0,9505769,1
2018-04-28 13:53:11,1200.0,19085,0,-22902000,0
2018-04-28 13:54:27,50.0,19075,0,953750,1
2018-04-28 13:54:31,474.7138,19050,0,9043298,1
2018-04-28 13:54:32,200.0,19050,0,3810000,1
2018-04-28 13:54:32,15.0374,19050,0,286462,1
2018-04-28 13:54:33,1.0,19050,0,19050,1
2018-04-28 13:54:34,459.2488,19050,0,8748690,1
2018-04-28 13:55:16,85.2694,19090,0,-1627793,0
2018-04-28 13:55:20,68.2154,19090,0,-1302232,0
2018-04-28 13:55:41,4.56,19090,0,-87050,0
2018-04-28 13:56:08,0.157,19100,0,2999,1
2018-04-28 13:56:19,34.1483,19085,0,651720,1
2018-04-28 13:57:00,104.1367,19080,0,-1986928,0
2018-04-28 13:57:13,10.9785,19080,0,-209470,0
2018-04-28 13:57:55,2.0646,19080,0,-39393,0
2018-04-28 13:58:07,831.74523647,19080,0,-15869699,0
2018-04-28 13:58:08,6.72706352,19080,0,-128352,0
2018-04-28 13:59:16,60.0,19060,0,1143600,1
2018-04-28 14:03:42,164.5917,19130,0,3148639,1
2018-04-28 14:03:51,6.0,19110,0,114660,1
2018-04-28 14:03:51,13.2356,19110,0,252932,1
2018-04-28 14:03:51,2.6164,19110,0,49999,1
2018-04-28 14:03:52,250.0,19110,0,4777500,1
2018-04-28 14:03:55,144.7742,19100,0,2765187,1
2018-04-28 14:03:56,389.4279,19100,0,7438073,1
2018-04-28 14:03:56,20.1956,19100,0,385736,1
2018-04-28 14:03:56,28.5502,19100,0,545309,1
2018-04-28 14:07:49,104.7394,19095,0,-1999999,0
2018-04-28 14:07:58,55.0926,19110,0,-1052820,0
2018-04-28 14:08:51,77.64804064,19115,0,-1484242,0
2018-04-28 14:08:51,105.86785935,19115,0,-2023664,0
2018-04-28 14:10:40,138.2241,19110,0,2641463,1
2018-04-28 14:10:40,58.3969,19110,0,1115965,1
2018-04-28 14:10:49,146.7269,19110,0,2803951,1
2018-04-28 14:15:10,211.7802,19160,0,-4057709,0
2018-04-28 14:15:10,185.393,19160,0,-3552130,0
2018-04-28 14:15:15,802.8268,19155,0,-15378147,0
2018-04-28 14:16:26,10.0,19150,0,191500,1
2018-04-28 14:16:26,1.4349,19150,0,27478,1
2018-04-28 14:16:27,1.5728,19150,0,30119,1
2018-04-28 14:16:27,610.0474,19150,0,11682408,1
2018-04-28 14:16:27,255.7574,19150,0,4897754,1
2018-04-28 14:16:27,321.1875,19150,0,6150741,1
2018-04-28 14:23:23,36.568,19115,0,-698997,0
2018-04-28 14:24:18,577.31416989,19130,0,-11044020,0
2018-04-28 14:24:18,155.3629301,19130,0,-2972093,0
2018-04-28 14:27:16,46.5958,19130,0,891378,1
2018-04-28 14:27:16,290.0747,19130,0,5549129,1
2018-04-28 14:27:21,49.1,19125,0,939038,1
2018-04-28 14:27:21,1.0001,19125,0,19127,1
2018-04-28 14:27:25,48.9231,19130,0,935899,1
2018-04-28 14:28:01,10.0,19090,0,190900,1
2018-04-28 14:28:01,42.7711,19090,0,816500,1
2018-04-28 14:28:14,6.66,19100,0,-127206,0
2018-04-28 14:29:33,52.0775,19100,0,-994680,0
2018-04-28 14:30:02,860.4822,19080,0,-16418000,0
2018-04-28 14:34:41,30.3489,19135,0,580726,1
2018-04-28 14:36:44,736.893,19115,0,14085710,1
2018-04-28 14:36:48,148.4813,19120,0,2838962,1
2018-04-28 14:37:32,65.3527,19115,0,-1249217,0
2018-04-28 14:38:23,2.2018,19110,0,-42076,0
2018-04-28 14:40:00,22.255,19105,0,425182,1
2018-04-28 14:40:00,87.7142,19105,0,1675780,1
2018-04-28 14:40:00,27.4436,19105,0,524310,1
2018-04-28 14:40:00,58.6,19105,0,1119553,1
2018-04-28 14:40:01,3.8262,19105,0,73100,1
2018-04-28 14:40:01,18.4742,19105,0,352950,1
2018-04-28 14:40:13,104.3884,19110,0,1994862,1
2018-04-28 14:41:11,29.1297,19100,0,556377,1
2018-04-28 14:42:18,34.1212,19075,0,-650862,0
2018-04-28 14:43:31,26.6693,19100,0,-509384,0
2018-04-28 14:43:32,6.54979704,19100,0,-125101,0
2018-04-28 14:44:27,178.4044,19060,0,-3400388,0
2018-04-28 14:46:48,3.5147,19095,0,67113,1
2018-04-28 14:48:11,80.3901,19090,0,1534647,1
2018-04-28 14:49:52,9.42391256,19105,0,180044,1
2018-04-28 14:50:24,152.416,19130,0,2915718,1
2018-04-28 14:55:30,30.0,19205,0,-576150,0
2018-04-28 14:56:00,26.1509975,19245,0,-503276,0
2018-04-28 14:56:07,1.0,19260,0,-19260,0
2018-04-28 14:56:07,94.8428,19260,0,-1826672,0
2018-04-28 14:56:08,35.8863,19260,0,-691170,0
2018-04-28 14:56:08,135.421,19260,0,-2608208,0
2018-04-28 14:56:18,1.3455,19290,0,-25955,0
2018-04-28 14:56:22,510.2699,19290,0,-9843106,0
2018-04-28 14:57:01,40.272,19255,0,775437,1
2018-04-28 14:57:01,110.582,19255,0,2129256,1
2018-04-28 14:57:29,127.6663,19275,0,2460768,1
2018-04-28 14:57:51,376.4704,19250,0,7247055,1
2018-04-28 14:57:51,103.1859,19250,0,1986329,1
2018-04-28 14:57:51,76.7399,19250,0,1477243,1
2018-04-28 15:00:54,1200.0,19270,0,-23124000,0
2018-04-28 15:02:11,111.0146,19290,0,2141472,1
2018-04-28 15:02:11,29.36702692,19290,0,566490,1
2018-04-28 15:02:12,17.4591,19290,0,336786,1
2018-04-28 15:03:06,217.2785,19325,0,4198907,1
2018-04-28 15:04:14,38.29232968,19290,0,738659,1
2018-04-28 15:05:16,786.5884,19280,0,15165424,1
2018-04-28 15:06:01,113.3179,19260,0,-2182503,0
2018-04-28 15:06:14,156.4171,19240,0,-3009465,0
2018-04-28 15:06:18,10.114,19260,0,194796,1
2018-04-28 15:06:34,12.5972,19275,0,-242811,0
2018-04-28 15:06:48,272.2182,19280,0,5248367,1
2018-04-28 15:07:36,1000.0,19295,0,-19295000,0
2018-04-28 15:09:01,66.2191,19420,0,1285975,1
2018-04-28 15:09:01,16.4207518,19420,0,318891,1
2018-04-28 15:09:01,508.5242,19420,0,9875540,1
2018-04-28 15:09:31,12.19753022,19435,0,237059,1
2018-04-28 15:09:44,396.6384,19440,0,7710650,1
2018-04-28 15:10:08,8.812,19460,0,-171482,0
2018-04-28 15:10:12,118.2312,19485,0,-2303735,0
2018-04-28 15:10:17,999.58175474,19490,0,-19481848,0
2018-04-28 15:10:18,2.1,19490,0,-40929,0
2018-04-28 15:10:18,5.0,19490,0,-97450,0
2018-04-28 15:10:18,5.0,19490,0,-97450,0
2018-04-28 15:10:18,11.27504525,19490,0,-219751,0
2018-04-28 15:10:18,50.0,19490,0,-974500,0
2018-04-28 15:12:36,70.7366,19545,0,1382547,1
2018-04-28 15:13:24,15.1558,19550,0,296296,1
2018-04-28 15:13:25,146.29,19550,0,2859970,1
2018-04-28 15:14:36,60.5237,19630,0,1188080,1
2018-04-28 15:14:37,60.797,19630,0,1193445,1
2018-04-28 15:14:42,14.6279,19615,0,286926,1
2018-04-28 15:14:42,831.869,19610,0,16312951,1
2018-04-28 15:15:36,10.0,19520,0,-195200,0
2018-04-28 15:15:44,10.0,19530,0,195300,1
2018-04-28 15:17:20,10.5173,19615,0,-206297,0
2018-04-28 15:17:20,208.6956,19615,0,-4093564,0
2018-04-28 15:17:20,147.9913,19615,0,-2902849,0
2018-04-28 15:17:25,7.0,19620,0,-137340,0
2018-04-28 15:17:25,389.2443,19615,0,-7635027,0
2018-04-28 15:18:54,82.6581,19740,0,1631671,1
2018-04-28 15:19:25,0.132,19665,0,2596,1
2018-04-28 15:19:25,7.2339,19665,0,142255,1
2018-04-28 15:19:25,152.6005,19665,0,3000889,1
2018-04-28 15:19:44,78.03414018,19685,0,-1536102,0
2018-04-28 15:21:15,601.1418,19645,0,-11809431,0
2018-04-28 15:23:30,382.80858085,19640,0,7518361,1
2018-04-28 15:23:30,817.19141914,19640,0,16049639,1
2018-04-28 15:23:40,268.5,19675,0,-5282738,0
2018-04-28 15:23:40,7.0,19675,0,-137725,0
2018-04-28 15:23:40,558.57337789,19675,0,-10989931,0
2018-04-28 15:23:40,365.9266221,19675,0,-7199606,0
2018-04-28 15:24:07,47.4376,19740,0,936418,1
2018-04-28 15:24:07,392.4988,19740,0,7747926,1
2018-04-28 15:24:11,107.8,19735,0,2127433,1
2018-04-28 15:24:11,77.9938,19735,0,1539208,1
2018-04-28 15:24:15,574.2698,19730,0,11330343,1
2018-04-28 15:27:55,2.581,19635,0,-50678,0
2018-04-28 15:28:29,35.7825,19645,0,-702947,0
2018-04-28 15:28:29,12.2205,19645,0,-240072,0
2018-04-28 15:28:35,10.0,19700,0,-197000,0
2018-04-28 15:28:35,113.071467,19700,0,-2227508,0
2018-04-28 15:28:35,61.959,19695,0,-1220283,0
2018-04-28 15:28:36,42.4312,19700,0,-835895,0
2018-04-28 15:28:36,10.0,19700,0,-197000,0
2018-04-28 15:28:38,63.0668,19700,0,-1242416,0
2018-04-28 15:28:38,110.9699,19700,0,-2186107,0
2018-04-28 15:28:40,737.91763299,19700,0,-14536977,0
2018-04-28 15:29:24,22.0,19715,0,433730,1
2018-04-28 15:29:25,26.4534,19715,0,521529,1
2018-04-28 15:29:36,161.7152,19705,0,3186598,1
2018-04-28 15:29:37,6.4484,19705,0,127066,1
2018-04-28 15:29:37,22.0,19705,0,433510,1
2018-04-28 15:29:37,27.3781,19705,0,539485,1
2018-04-28 15:29:37,509.2782,19705,0,10035327,1
2018-04-28 15:29:45,424.7267,19710,0,8371363,1
2018-04-28 15:32:50,1200.0,19710,0,-23652000,0
2018-04-28 15:35:41,497.3722,19885,0,9890246,1
2018-04-28 15:35:41,1.171,19885,0,23285,1
2018-04-28 15:35:41,1.8381,19885,0,36551,1
2018-04-28 15:35:42,390.6668,19885,0,7768409,1
2018-04-28 15:35:46,66.1062,19920,0,1316836,1
2018-04-28 15:35:46,100.0,19860,0,1986000,1
2018-04-28 15:36:28,1057.1543,19900,0,-21037371,0
2018-04-28 15:37:31,1200.0,19950,0,23940000,1
2018-04-28 15:37:53,79.9796,19955,0,-1595993,0
2018-04-28 15:37:53,1120.0204,19955,0,-22350007,0
2018-04-28 15:38:27,120.2621,19950,0,2399229,1
2018-04-28 15:38:27,39.1729,19950,0,781499,1
2018-04-28 15:38:27,304.1285227,19950,0,6067364,1
2018-04-28 15:38:28,37.6,19950,0,750120,1
2018-04-28 15:38:28,98.4561,19950,0,1964199,1
2018-04-28 15:38:28,0.228,19950,0,4549,1
2018-04-28 15:38:29,600.15237729,19950,0,11973040,1
2018-04-28 15:42:11,20.0,19920,0,-398400,0
2018-04-28 15:42:38,20.0,19910,0,398200,1
2018-04-28 15:45:04,568.08373477,19960,0,-11338951,0
2018-04-28 15:45:05,20.0,19960,0,-399200,0
2018-04-28 15:45:05,267.9835,19960,0,-5348951,0
2018-04-28 15:45:06,58.0221,19960,0,-1158121,0
2018-04-28 15:49:34,22.595,20175,0,455854,1
2018-04-28 15:49:34,26.1913,20175,0,528409,1
2018-04-28 15:49:34,130.6154,20180,0,2635819,1
2018-04-28 15:49:34,4.43444857,20175,0,89465,1
2018-04-28 15:49:44,35.0782,20175,0,707703,1
2018-04-28 15:49:44,16.9609,20175,0,342186,1
2018-04-28 15:49:44,100.0,20175,0,2017500,1
2018-04-28 15:49:44,36.59023543,20175,0,738208,1
2018-04-28 15:49:49,174.7858,20160,0,-3523682,0
2018-04-28 15:51:47,716.4096,20010,0,14335356,1
2018-04-28 15:52:16,102.0525,19900,0,-2030845,0
2018-04-28 15:52:17,150.7361,19900,0,-2999648,0
2018-04-28 15:52:23,30.1587,19890,0,-599857,0
2018-04-28 15:52:31,109.3764,19860,0,2172215,1
2018-04-28 15:52:31,128.2019,19860,0,2546090,1
2018-04-28 15:52:32,45.369,19860,0,901028,1
2018-04-28 15:52:52,10.0,19880,0,-198800,0
2018-04-28 15:52:58,22.0679,19880,0,-438710,0
2018-04-28 15:52:59,1.345,19880,0,-26739,0
2018-04-28 15:53:08,339.58080461,19930,0,-6767845,0
2018-04-28 15:53:09,225.19789538,19930,0,-4488194,0
2018-04-28 15:53:09,217.8229,19930,0,-4341210,0
2018-04-28 15:53:09,383.9855,19930,0,-7652831,0
2018-04-28 15:53:27,14.5473,19955,0,290291,1
2018-04-28 15:53:37,326.594,19960,0,6518816,1
2018-04-28 15:53:38,1.0,19960,0,19960,1
2018-04-28 15:54:33,638.26427876,19960,0,12739755,1
2018-04-28 15:54:33,0.9511,19960,0,18984,1
2018-04-28 15:54:33,83.64332123,19960,0,1669521,1
2018-04-28 15:54:33,135.0,19960,0,2694600,1
2018-04-28 15:55:35,224.6136,19840,0,-4456334,0
2018-04-28 15:55:35,61.6159,19840,0,-1222459,0
2018-04-28 15:55:41,203.6684,19840,0,-4040781,0
2018-04-28 15:55:41,400.0,19840,0,-7936000,0
2018-04-28 15:55:46,1.0552,19860,0,20956,1
2018-04-28 15:55:46,425.1412,19860,0,8443304,1
2018-04-28 15:55:50,463.7015,19855,0,9206793,1
2018-04-28 15:57:02,285.88545513,19950,0,-5703415,0
2018-04-28 15:57:22,157.78439874,20000,0,-3155688,0
2018-04-28 15:57:22,531.3182,20000,0,-10626364,0
2018-04-28 15:57:22,5.0,20000,0,-100000,0
2018-04-28 15:58:12,936.1619,19950,0,18676430,1
2018-04-28 15:58:17,667.5777,19905,0,-13288134,0
2018-04-28 15:59:06,624.57367786,19915,0,12438385,1
2018-04-28 15:59:10,86.8302,19925,0,1730092,1
2018-04-28 15:59:16,132.03603734,19950,0,-2634119,0
2018-04-28 15:59:16,6.1517,19950,0,-122726,0
2018-04-28 15:59:16,5.0,19950,0,-99750,0
2018-04-28 15:59:16,271.7322,19950,0,-5421057,0
2018-04-28 15:59:31,422.7817,19925,0,-8423925,0
2018-04-28 15:59:55,290.9238,19915,0,5793747,1
2018-04-28 16:00:00,30.79,19900,0,612721,1
2018-04-28 16:00:12,301.5196,19885,0,5995717,1
2018-04-28 16:00:16,20.5508,19885,0,408653,1
2018-04-28 16:00:16,1.3378,19885,0,26602,1
2018-04-28 16:00:16,186.7046,19885,0,3712621,1
2018-04-28 16:00:20,5.875,19885,0,116824,1
2018-04-28 16:00:46,7.8413,19910,0,-156120,0
2018-04-28 16:00:50,20.0,19915,0,-398300,0
2018-04-28 16:00:50,9.2096,19915,0,-183409,0
2018-04-28 16:00:50,36.3499,19915,0,-723908,0
2018-04-28 16:01:00,20.0,19900,0,-398000,0
2018-04-28 16:01:16,93.4008,19905,0,1859143,1
2018-04-28 16:04:53,265.2407,19720,0,-5230547,0
2018-04-28 16:04:55,8.0842,19735,0,159542,1
2018-04-28 16:04:56,257.1566,19735,0,5074986,1
2018-04-28 16:05:46,345.0736,19835,0,-6844535,0
2018-04-28 16:05:47,199.8764,19835,0,-3964548,0
2018-04-28 16:05:56,221.8602,19825,0,-4398378,0
2018-04-28 16:06:09,766.8102,19810,0,15190510,1
2018-04-28 16:06:52,1200.0,19755,0,-23706000,0
2018-04-28 16:07:46,1200.0,19800,0,23760000,1
2018-04-28 16:08:09,11.4618,19830,0,-227287,0
2018-04-28 16:08:18,298.2,19865,0,-5923743,0
2018-04-28 16:08:25,54.1537,19840,0,-1074409,0
2018-04-28 16:08:25,470.965,19845,0,-9346300,0
2018-04-28 16:08:46,61.738,19825,0,1223956,1
2018-04-28 16:08:46,2.4946,19825,0,49455,1
2018-04-28 16:08:46,5.329,19825,0,105647,1
2018-04-28 16:08:46,255.29881261,19825,0,5061299,1
2018-04-28 16:08:46,105.7708,19825,0,2096906,1
2018-04-28 16:08:46,89.9897,19825,0,1784046,1
2018-04-28 16:08:50,11.0,19820,0,218020,1
2018-04-28 16:08:53,354.7,19810,0,-7026607,0
2018-04-28 16:11:17,10.02,19790,0,198296,1
2018-04-28 16:11:18,67.3253,19790,0,1332368,1
2018-04-28 16:11:18,198.4027,19790,0,3926389,1
2018-04-28 16:11:18,175.0,19790,0,3463250,1
2018-04-28 16:11:18,176.3241,19790,0,3489454,1
2018-04-28 16:11:25,0.2511,19800,0,4972,1
2018-04-28 16:11:25,30.5363,19800,0,604619,1
2018-04-28 16:12:26,25.8878,19775,0,-511931,0
2018-04-28 16:12:44,169.9122347,19800,0,-3364262,0
2018-04-28 16:12:44,1004.19996529,19800,0,-19883159,0
2018-04-28 16:13:46,29.9154,19855,0,593970,1
2018-04-28 16:13:46,326.73924943,19855,0,6487408,1
2018-04-28 16:13:46,1.7393,19855,0,34534,1
2018-04-28 16:13:47,803.12848149,19855,0,15946116,1
2018-04-28 16:13:49,38.47756907,19855,0,763972,1
2018-04-28 16:15:52,114.6812,19785,0,-2268968,0
2018-04-28 16:15:56,358.5823,19795,0,-7098137,0
2018-04-28 16:15:57,12.7938,19800,0,-253317,0
2018-04-28 16:16:01,45.3933101,19800,0,-898788,0
2018-04-28 16:16:01,49.37968989,19800,0,-977718,0
2018-04-28 16:16:04,46.75322828,19800,0,-925714,0
2018-04-28 16:17:46,125.1242,19865,0,2485592,1
2018-04-28 16:17:49,150.7576,19865,0,-2994800,0
2018-04-28 16:18:13,613.11813159,19910,0,12207182,1
2018-04-28 16:19:27,40.0988,19900,0,797966,1
2018-04-28 16:21:34,0.1503,19955,0,-2999,0
2018-04-28 16:21:34,90.538,19955,0,-1806686,0
2018-04-28 16:22:01,49.0,19970,0,-978530,0
2018-04-28 16:22:02,0.3739,19970,0,-7467,0
2018-04-28 16:22:05,1059.9378,19960,0,-21156358,0
2018-04-28 16:23:05,2.5466,20000,0,50932,1
2018-04-28 16:23:09,1087.2174,19975,0,21717168,1
2018-04-28 16:23:09,110.236,19975,0,2201964,1
2018-04-28 16:23:25,1200.0,19965,0,-23958000,0
2018-04-28 16:23:37,172.7519,19945,0,3445537,1
2018-04-28 16:23:38,962.6858,19945,0,19200768,1
2018-04-28 16:23:38,0.9749,19945,0,19444,1
2018-04-28 16:23:38,0.4332,19945,0,8640,1
2018-04-28 16:23:38,0.4814,19945,0,9602,1
2018-04-28 16:23:38,62.6728,19945,0,1250009,1
2018-04-28 16:24:15,7.297e-05,19965,0,-1,0
2018-04-28 16:24:19,0.0001,19970,0,-2,0
2018-04-28 16:24:28,4.55065201,19985,0,-90945,0
2018-04-28 16:24:28,362.8764,19985,0,-7252085,0
2018-04-28 16:24:29,743.83414798,19985,0,-14865525,0
2018-04-28 16:24:39,3.3424,19985,0,66798,1
2018-04-28 16:28:43,17.8603,20055,0,358188,1
2018-04-28 16:28:44,401.8,20055,0,8058099,1
2018-04-28 16:28:45,166.0843,20055,0,3330821,1
2018-04-28 16:28:45,93.2116,20055,0,1869359,1
2018-04-28 16:28:55,42.5859,20055,0,854060,1
2018-04-28 16:29:18,136.0086,20060,0,-2728333,0
2018-04-28 16:29:33,263.8177,20095,0,-5301417,0
2018-04-28 16:30:15,4.3843,20170,0,88431,1
2018-04-28 16:31:19,704.0599,20120,0,14165685,1
2018-04-28 16:31:20,77.759,20120,0,1564511,1
2018-04-28 16:32:18,166.80906218,20100,0,-3352862,0
2018-04-28 16:32:22,12.1062,20115,0,-243516,0
2018-04-28 16:32:26,164.8967,20135,0,-3320195,0
2018-04-28 16:32:42,62.6857,20120,0,1261236,1
2018-04-28 16:32:42,194.83834176,20120,0,3920147,1
2018-04-28 16:32:42,86.28795823,20120,0,1736114,1
2018-04-28 16:32:58,217.4141,20115,0,-4373285,0
2018-04-28 16:33:05,8.016,20100,0,-161122,0
2018-04-28 16:33:20,50.0991,20095,0,-1006741,0
2018-04-28 16:33:20,38.8539,20095,0,-780769,0
2018-04-28 16:33:27,36.5141,20080,0,-733203,0
2018-04-28 16:33:42,238.9587,20045,0,4789927,1
2018-04-28 16:33:42,43.6317,20045,0,874597,1
2018-04-28 16:33:42,14.8263,20045,0,297193,1
2018-04-28 16:33:42,0.4616,20045,0,9253,1
2018-04-28 16:33:42,53.0189,20045,0,1062764,1
2018-04-28 16:34:31,596.0946,20030,0,-11939775,0
2018-04-28 16:35:02,596.0946,20050,0,11951697,1
2018-04-28 16:35:12,1.9903,20050,0,-39906,0
2018-04-28 16:37:15,1.9903,20035,0,39876,1
2018-04-28 16:39:16,228.9715,19995,0,-4578285,0
2018-04-28 16:39:17,216.1058,19995,0,-4321035,0
2018-04-28 16:39:17,44.8064,19995,0,-895904,0
2018-04-28 16:39:20,282.5982,20010,0,-5654790,0
2018-04-28 16:40:05,200.2177,20070,0,4018369,1
2018-04-28 16:40:24,69.93072514,20065,0,1403160,1
2018-04-28 16:40:29,502.3335,20065,0,10079322,1
2018-04-28 16:41:47,21.6,19980,0,-431568,0
2018-04-28 16:41:53,101.1283,20015,0,-2024083,0
2018-04-28 16:42:08,200.0,20015,0,-4003000,0
2018-04-28 16:42:41,341.8951,20040,0,-6851578,0
2018-04-28 16:43:07,60.9069,20040,0,1220574,1
2018-04-28 16:43:07,15.634,20040,0,313305,1
2018-04-28 16:43:37,59.3658,20045,0,1189987,1
2018-04-28 16:43:56,528.7167,20050,0,10600770,1
2018-04-28 16:44:19,1200.0,20025,0,-24030000,0
2018-04-28 16:45:40,53.2632,19990,0,1064731,1
2018-04-28 16:45:40,40.0679,19990,0,800957,1
2018-04-28 16:45:40,1106.6689,19990,0,22122311,1
2018-04-28 16:45:56,10.825,20000,0,-216500,0
2018-04-28 16:46:00,2.4293,20005,0,-48598,0
2018-04-28 16:46:04,64.3247,19995,0,-1286172,0
2018-04-28 16:46:04,30.3858,19995,0,-607564,0
2018-04-28 16:46:09,91.6934,19990,0,1832951,1
2018-04-28 16:46:15,16.2714,19985,0,325184,1
2018-04-28 16:46:45,48.3422,19990,0,-966361,0
2018-04-28 16:47:21,3.0,20005,0,60015,1
2018-04-28 16:47:21,45.3422,20000,0,906844,1
2018-04-28 16:47:43,8.9671,20000,0,-179342,0
2018-04-28 16:47:43,199.9999,20000,0,-3999998,0
2018-04-28 16:49:51,61.35206982,20050,0,-1230109,0
2018-04-28 16:49:51,9.1078,20050,0,-182611,0
2018-04-28 16:49:51,24.9686,20050,0,-500620,0
2018-04-28 16:49:51,22.7035,20050,0,-455205,0
2018-04-28 16:49:51,39.1141,20050,0,-784238,0
2018-04-28 16:49:52,2.5151,20050,0,-50428,0
2018-04-28 16:49:52,50.0,20050,0,-1002500,0
2018-04-28 16:49:52,10.0,20050,0,-200500,0
2018-04-28 16:49:52,45.0,20050,0,-902250,0
2018-04-28 16:49:53,167.4777,20050,0,-3357928,0
2018-04-28 16:50:21,33.66558362,20050,0,674995,1
2018-04-28 16:50:21,46.146,20050,0,925227,1
2018-04-28 16:50:22,1.0,20050,0,20050,1
2018-04-28 16:50:26,3.0,20050,0,60150,1
2018-04-28 16:50:26,19.2108,20040,0,384984,1
2018-04-28 16:50:26,8.3082,20040,0,166496,1
2018-04-28 16:50:27,529.8753,20040,0,10618701,1
2018-04-28 16:51:42,1172.35915544,20020,0,-23470630,0
2018-04-28 16:51:42,27.64084455,20020,0,-553370,0
2018-04-28 16:52:00,281.1785,20030,0,5632005,1
2018-04-28 16:52:36,918.8215,20080,0,18449936,1
2018-04-28 16:54:34,1.3779,20025,0,-27592,0
2018-04-28 16:55:21,22.0,20030,0,-440660,0
2018-04-28 16:55:25,388.7476,20025,0,-7784671,0
2018-04-28 16:55:31,141.952,20020,0,-2841879,0
2018-04-28 16:55:35,102.7456,20025,0,-2057481,0
2018-04-28 16:55:35,50.0,20025,0,-1001250,0
2018-04-28 16:55:35,27.982,20025,0,-560340,0
2018-04-28 16:56:08,22.7165,19990,0,454103,1
2018-04-28 16:56:08,107.2957,19990,0,2144841,1
2018-04-28 16:56:08,0.3,19990,0,5997,1
2018-04-28 16:56:08,255.4589,19990,0,5106623,1
2018-04-28 16:56:12,46.9686,19985,0,938667,1
2018-04-28 16:56:13,229.2143,19985,0,4580848,1
2018-04-28 16:56:13,72.8511,19985,0,1455929,1
2018-04-28 16:57:20,7.432e-05,19945,0,-1,0
2018-04-28 16:58:04,17.819,19970,0,-355845,0
2018-04-28 16:58:25,17.819,19975,0,355935,1
2018-04-28 17:02:46,22.7494,19840,0,-451348,0
2018-04-28 17:02:46,2.77e-05,19850,0,-1,0
2018-04-28 17:02:54,1177.2505,19855,0,-23374309,0
2018-04-28 17:03:59,1200.0,19825,0,23790000,1
2018-04-28 17:04:58,119.2039,19850,0,-2366197,0
2018-04-28 17:04:58,51.0557,19850,0,-1013456,0
2018-04-28 17:05:07,1.3531,19840,0,26846,1
2018-04-28 17:05:08,168.9065,19840,0,3351105,1
2018-04-28 17:06:00,100.55222619,19850,0,-1995962,0
2018-04-28 17:06:01,109.7513738,19850,0,-2178565,0
2018-04-28 17:06:25,135.9732,19865,0,-2701108,0
2018-04-28 17:06:40,94.96,19870,0,1886855,1
2018-04-28 17:06:44,248.4752,19860,0,4934717,1
2018-04-28 17:06:44,2.8416,19860,0,56434,1
2018-04-28 17:07:00,21.2532,19865,0,-422195,0
2018-04-28 17:07:04,29.7885,19865,0,-591749,0
2018-04-28 17:07:20,205.6719,19870,0,-4086701,0
2018-04-28 17:07:24,295.6923,19880,0,-5878363,0
2018-04-28 17:07:31,393.4123,19850,0,7809234,1
2018-04-28 17:07:32,128.9936,19850,0,2560523,1
2018-04-28 17:07:32,30.0,19850,0,595500,1
2018-04-28 17:08:23,180.5005,19845,0,-3582032,0
2018-04-28 17:08:56,6.6762,19835,0,-132422,0
2018-04-28 17:09:01,1.8344,19840,0,-36394,0
2018-04-28 17:09:16,189.0111,19855,0,3752815,1
2018-04-28 17:10:05,123.16913333,19830,0,-2442444,0
2018-04-28 17:10:05,6.666e-05,19830,0,-1,0
2018-04-28 17:11:17,123.1692,19825,0,2441829,1
2018-04-28 17:13:01,17.1984,19730,0,-339324,0
2018-04-28 17:13:06,14.2291,19740,0,-280882,0
2018-04-28 17:13:41,31.4275,19745,0,620536,1
2018-04-28 17:13:47,175.9073,19755,0,-3475049,0
2018-04-28 17:14:11,175.9073,19785,0,3480326,1
2018-04-28 17:14:26,32.8673,19785,0,-650280,0
2018-04-28 17:14:26,28.7718,19780,0,-569106,0
2018-04-28 17:14:30,1138.3608,19785,0,-22522468,0
2018-04-28 17:15:05,43.2612,19775,0,855490,1
2018-04-28 17:16:24,173.0479,19780,0,3422887,1
2018-04-28 17:16:24,62.0,19780,0,1226360,1
2018-04-28 17:16:24,921.6908,19780,0,18231044,1
2018-04-28 17:17:01,59.37577397,19775,0,-1174156,0
2018-04-28 17:17:07,15.2881,19805,0,-302781,0
2018-04-28 17:17:07,174.2456,19805,0,-3450934,0
2018-04-28 17:17:17,179.6999,19820,0,-3561652,0
2018-04-28 17:17:56,300.0,19840,0,5952000,1
2018-04-28 17:18:04,128.6093,19845,0,2552252,1
2018-04-28 17:21:09,59.067,19840,0,-1171889,0
2018-04-28 17:21:35,25.9594,19820,0,-514515,0
2018-04-28 17:22:02,0.1972,19815,0,3908,1
2018-04-28 17:22:03,0.3,19815,0,5945,1
2018-04-28 17:22:03,0.2645,19815,0,5241,1
2018-04-28 17:22:03,20.2692,19815,0,401634,1
2018-04-28 17:22:06,59.0650202,19800,0,1169487,1
2018-04-28 17:22:07,4.93047979,19800,0,97624,1
2018-04-28 17:24:15,36.4453,19760,0,-720159,0
2018-04-28 17:24:27,20.0,19745,0,394900,1
2018-04-28 17:24:28,16.4453,19745,0,324712,1
2018-04-28 17:26:07,25.783,19730,0,-508699,0
2018-04-28 17:26:11,25.783,19735,0,508828,1
2018-04-28 17:30:43,0.9202,19735,0,-18160,0
2018-04-28 17:30:44,25.19,19735,0,-497125,0
2018-04-28 17:30:44,1.0001,19735,0,-19737,0
2018-04-28 17:30:44,451.6978,19735,0,-8914256,0
2018-04-28 17:30:48,721.1919,19755,0,-14247146,0
2018-04-28 17:32:14,52.4596,19940,0,1046044,1
2018-04-28 17:32:42,255.74254201,19935,0,5098228,1
2018-04-28 17:32:42,33.0772,19925,0,659063,1
2018-04-28 17:32:43,188.99,19925,0,3765626,1
2018-04-28 17:34:40,1.61005311,20070,0,32314,1
2018-04-28 17:34:47,23.97,20060,0,480838,1
2018-04-28 17:36:39,39.2,20030,0,785176,1
2018-04-28 17:37:18,99.9697,20010,0,2000394,1
2018-04-28 17:37:22,369.2328,19990,0,7380964,1
2018-04-28 17:37:22,110.09,19990,0,2200699,1
2018-04-28 17:37:31,45.0893,20000,0,-901786,0
2018-04-28 17:37:31,352.6521,20000,0,-7053042,0
2018-04-28 17:37:34,15.7799,20005,0,-315677,0
2018-04-28 17:37:53,29.0033,19990,0,579776,1
2018-04-28 17:37:59,0.1,19990,0,1999,1
2018-04-28 17:38:03,282.5059,20000,0,5650118,1
2018-04-28 17:38:03,127.5702,20000,0,2551404,1
2018-04-28 17:39:17,2.5031,19975,0,-49999,0
2018-04-28 17:39:17,33.4965,19975,0,-669093,0
2018-04-28 17:39:17,89.3283,19975,0,-1784333,0
2018-04-28 17:39:18,271.92379561,19975,0,-5431678,0
2018-04-28 17:39:46,557.67750194,20030,0,-11170280,0
2018-04-28 17:40:37,11.331,20015,0,226790,1
2018-04-28 17:40:37,245.6583,20015,0,4916851,1
2018-04-28 17:40:37,76.315,20015,0,1527445,1
2018-04-28 17:40:37,122.4949,20015,0,2451735,1
2018-04-28 17:40:42,105.9389,20010,0,2119837,1
2018-04-28 17:40:46,376.6409,20000,0,7532818,1
2018-04-28 17:40:46,16.5502,20005,0,331087,1
2018-04-28 17:41:22,0.5,20065,0,-10033,0
2018-04-28 17:41:30,2.3457,20090,0,-47125,0
2018-04-28 17:41:31,35.6503,20095,0,-716393,0
2018-04-28 17:41:36,1161.5039,20100,0,-23346228,0
2018-04-28 17:44:16,251.36,20165,0,5068674,1
2018-04-28 17:44:50,948.6399,20220,0,19181499,1
2018-04-28 17:45:20,6.515e-05,20240,0,-1,0
2018-04-28 17:45:21,32.11253484,20240,0,-649958,0
2018-04-28 17:45:26,302.1975,20260,0,-6122521,0
2018-04-28 17:45:26,50.1735,20260,0,-1016515,0
2018-04-28 17:45:34,43.5256,20275,0,882482,1
2018-04-28 17:45:39,340.958,20250,0,6904400,1
2018-04-28 17:46:13,989.0137,20230,0,-20007747,0
2018-04-28 17:46:38,989.0137,20200,0,19978077,1
2018-04-28 17:47:12,71.8,20120,0,-1444616,0
2018-04-28 17:47:12,6.1,20120,0,-122732,0
2018-04-28 17:47:16,3.0,20135,0,60405,1
2018-04-28 17:47:30,74.9,20130,0,1507737,1
2018-04-28 17:48:11,211.4221,20195,0,-4269669,0
2018-04-28 17:48:56,8.4902,20210,0,-171587,0
2018-04-28 17:49:24,4.28908316,20200,0,86639,1
2018-04-28 17:49:30,215.6233,20160,0,4346966,1
2018-04-28 17:49:44,50.33593816,20135,0,-1013514,0
2018-04-28 17:49:57,50.3359,20135,0,1013513,1
2018-04-28 17:51:53,1.0,20125,0,-20125,0
2018-04-28 17:51:53,460.186,20125,0,-9261243,0
2018-04-28 17:51:58,738.814,20100,0,-14850161,0
2018-04-28 17:54:54,94.62827154,20050,0,1897297,1
2018-04-28 17:54:54,70.9422,20050,0,1422391,1
2018-04-28 17:54:54,0.1522,20050,0,3052,1
2018-04-28 17:54:55,32.3628,20050,0,648874,1
2018-04-28 17:54:55,388.1294,20050,0,7781994,1
2018-04-28 17:54:58,8.671,20030,0,173680,1
2018-04-28 17:54:58,50.0,20030,0,1001500,1
2018-04-28 17:54:58,107.0096,20030,0,2143402,1
2018-04-28 17:55:09,448.1045,20070,0,8993457,1
2018-04-28 17:57:01,1.0,20050,0,-20050,0
2018-04-28 17:57:29,99.6512,20060,0,-1999003,0
2018-04-28 17:57:44,0.0001,20060,0,-2,0
2018-04-28 17:58:06,73.0862,20070,0,-1466840,0
2018-04-28 17:58:09,1026.2625,20070,0,-20597088,0
2018-04-28 17:59:02,117.2233,20000,0,2344466,1
2018-04-28 17:59:03,1020.0,20000,0,20400000,1
2018-04-28 17:59:03,20.3,20000,0,406000,1
2018-04-28 17:59:03,41.6761,20000,0,833522,1
2018-04-28 17:59:03,0.8006,20000,0,16012,1
2018-04-28 17:59:43,31.2428,19960,0,-623606,0
2018-04-28 18:00:09,31.2428,19920,0,622357,1
2018-04-28 18:00:19,0.1488,19915,0,-2963,0
2018-04-28 18:00:19,463.0887,19915,0,-9222411,0
2018-04-28 18:00:19,101.64119145,19915,0,-2024184,0
2018-04-28 18:00:19,252.02080854,19915,0,-5018994,0
2018-04-28 18:00:37,35.0598,19895,0,697515,1
2018-04-28 18:00:45,781.8397,19895,0,15554701,1
2018-04-28 18:01:13,569.8315,19935,0,-11359591,0
2018-04-28 18:01:16,192.7332,19935,0,-3842136,0
2018-04-28 18:02:15,375.0,19875,0,7453125,1
2018-04-28 18:02:23,302.4444,19885,0,6014107,1
2018-04-28 18:02:23,72.5501,19870,0,1441570,1
2018-04-28 18:02:23,12.5702,19870,0,249770,1
2018-04-28 18:02:25,32.0908,19850,0,-637002,0
2018-04-28 18:02:45,32.0908,19810,0,635719,1
2018-04-28 18:03:17,308.13548548,19835,0,-6111867,0
2018-04-28 18:03:34,134.1493,19850,0,-2662864,0
2018-04-28 18:03:53,50.0,19865,0,-993250,0
2018-04-28 18:04:03,35.6657,19870,0,-708677,0
2018-04-28 18:04:28,198.9561,19855,0,-3950273,0
2018-04-28 18:04:28,1.0,19855,0,-19855,0
2018-04-28 18:04:40,547.5441,19825,0,10855062,1
2018-04-28 18:04:40,180.3625,19825,0,3575687,1
2018-04-28 18:07:24,10.7235,19850,0,-212861,0
2018-04-28 18:07:24,201.718,19850,0,-4004102,0
2018-04-28 18:07:24,139.1789,19850,0,-2762701,0
2018-04-28 18:07:24,58.61871838,19850,0,-1163582,0
2018-04-28 18:07:25,227.20048161,19850,0,-4509930,0
2018-04-28 18:07:37,195.1,19875,0,3877613,1
2018-04-28 18:07:59,442.3396,19880,0,8793711,1
2018-04-28 18:08:38,5.991,19900,0,-119221,0
2018-04-28 18:08:46,313.0677,19900,0,-6230047,0
2018-04-28 18:08:46,24.0935,19910,0,-479702,0
2018-04-28 18:08:55,856.8478,19950,0,-17094114,0
2018-04-28 18:09:44,47.7214,19875,0,948463,1
2018-04-28 18:09:48,320.0,19855,0,6353600,1
2018-04-28 18:09:53,92.7556,19850,0,1841199,1
2018-04-28 18:09:53,1.3783,19855,0,27366,1
2018-04-28 18:10:36,369.9182,19850,0,7342876,1
2018-04-28 18:10:36,5.5,19850,0,109175,1
2018-04-28 18:10:37,362.7265,19850,0,7200121,1
2018-04-28 18:10:51,1.4447,19850,0,-28677,0
2018-04-28 18:10:57,1.4447,19860,0,28692,1
2018-04-28 18:11:22,36.0471,19820,0,-714454,0
2018-04-28 18:11:39,36.0471,19800,0,713733,1
2018-04-28 18:13:16,3.7811,19835,0,-74998,0
2018-04-28 18:13:20,4.5,19820,0,-89190,0
2018-04-28 18:14:09,7.9,19755,0,156065,1
2018-04-28 18:14:10,0.3811,19750,0,7527,1
2018-04-28 18:14:39,2.0,19775,0,-39550,0
2018-04-28 18:15:12,2.0,19845,0,39690,1
2018-04-28 18:15:39,968.9099,19860,0,-19242551,0
2018-04-28 18:15:39,189.5404,19860,0,-3764272,0
2018-04-28 18:17:31,65.8063,19800,0,1302965,1
2018-04-28 18:17:37,10.369,19795,0,205254,1
2018-04-28 18:17:43,80.6189,19785,0,1595045,1
2018-04-28 18:18:34,1.5,19770,0,29655,1
2018-04-28 18:18:34,2.4,19770,0,47448,1
2018-04-28 18:18:34,472.2916,19775,0,9339566,1
2018-04-28 18:18:34,71.457,19770,0,1412705,1
2018-04-28 18:18:44,2.37888607,19750,0,46983,1
2018-04-28 18:18:51,18.1831,19740,0,358934,1
2018-04-28 18:18:51,433.4455,19730,0,8551880,1
2018-04-28 18:19:32,1.1798,19730,0,-23277,0
2018-04-28 18:19:32,100.0,19730,0,-1973000,0
2018-04-28 18:19:41,43.4865,19775,0,859946,1
2018-04-28 18:20:16,295.714,19795,0,-5853659,0
2018-04-28 18:20:39,288.3073,19880,0,5731549,1
2018-04-28 18:20:39,65.1,19880,0,1294188,1
2018-04-28 18:20:56,1200.0,19880,0,-23856000,0
2018-04-28 18:21:42,286.318,19885,0,5693433,1
2018-04-28 18:21:42,319.4996,19885,0,6353250,1
2018-04-28 18:21:42,573.0,19885,0,11394105,1
2018-04-28 18:21:42,21.1824,19885,0,421212,1
2018-04-28 18:21:48,474.28180495,19895,0,-9435837,0
2018-04-28 18:23:07,474.2818,20000,0,9485636,1
2018-04-28 18:24:12,120.3621,19945,0,-2400622,0
2018-04-28 18:24:16,120.3621,19945,0,2400622,1
2018-04-28 18:27:20,741.789,20000,0,-14835780,0
2018-04-28 18:27:29,4.0,20000,0,80000,1
2018-04-28 18:27:29,0.02,20000,0,400,1
2018-04-28 18:27:30,35.41075,20000,0,708215,1
2018-04-28 18:27:45,333.8299,19980,0,6669921,1
2018-04-28 18:27:46,368.5284,19980,0,7363197,1
2018-04-28 18:28:04,50.0,20005,0,-1000250,0
2018-04-28 18:28:29,50.0,20005,0,1000250,1
2018-04-28 18:30:04,273.0509,19985,0,-5456922,0
2018-04-28 18:30:18,90.2949,19965,0,1802738,1
2018-04-28 18:30:37,4.0,19945,0,79780,1
2018-04-28 18:30:53,100.0,19945,0,1994500,1
2018-04-28 18:31:12,78.756,19950,0,1571182,1
2018-04-28 18:31:25,93.1429,19935,0,-1856804,0
2018-04-28 18:31:44,1106.8571,19960,0,-22092868,0
2018-04-28 18:32:58,1200.0,19950,0,23940000,1
2018-04-28 18:34:31,49.9447,20000,0,-998894,0
2018-04-28 18:34:44,8.505,20000,0,-170100,0
2018-04-28 18:35:04,58.4497,19995,0,1168702,1
2018-04-28 18:35:27,3.16399599,19960,0,-63153,0
2018-04-28 18:35:40,3.164,19985,0,63233,1
2018-04-28 18:37:31,27.5461,20005,0,-551060,0
2018-04-28 18:37:48,27.5461,20000,0,550922,1
2018-04-28 18:38:07,1.6044,20050,0,-32168,0
2018-04-28 18:38:19,1.6044,20045,0,32160,1
2018-04-28 18:38:51,37.8134,20110,0,-760427,0
2018-04-28 18:38:54,11.3434,20125,0,-228286,0
2018-04-28 18:39:02,1.6,20125,0,-32200,0
2018-04-28 18:39:18,50.7568,20070,0,1018689,1
2018-04-28 18:42:24,637.5245,19980,0,-12737740,0
2018-04-28 18:43:01,29.6783,20035,0,594605,1
2018-04-28 18:43:10,4.0,20040,0,80160,1
2018-04-28 18:43:18,163.2903,20045,0,3273154,1
2018-04-28 18:43:22,402.3619,20070,0,8075403,1
2018-04-28 18:43:26,100.0,20040,0,-2004000,0
2018-04-28 18:43:55,1061.806,20055,0,-21294519,0
2018-04-28 18:45:07,1200.0,20070,0,24084000,1
2018-04-28 18:45:22,1.9,20100,0,-38190,0
2018-04-28 18:45:22,3.2,20100,0,-64320,0
2018-04-28 18:45:22,1.6,20100,0,-32160,0
2018-04-28 18:45:22,2.9,20100,0,-58290,0
2018-04-28 18:45:53,9.6,20105,0,193008,1
2018-04-28 18:46:40,177.24,20115,0,-3565183,0
2018-04-28 18:46:48,14.0863,20115,0,-283346,0
2018-04-28 18:47:20,191.3263,20140,0,3853312,1
2018-04-28 18:49:13,367.2722,20140,0,-7396862,0
2018-04-28 18:49:39,32.7692,20100,0,-658661,0
2018-04-28 18:49:44,799.9585,20100,0,-16079166,0
2018-04-28 18:50:18,45.4826,20095,0,913973,1
2018-04-28 18:50:41,9.5,20085,0,190808,1
2018-04-28 18:50:41,5.2,20085,0,104442,1
2018-04-28 18:50:45,27.0,20100,0,542700,1
2018-04-28 18:50:49,1032.0444,20120,0,20764733,1
2018-04-28 18:50:54,80.7729,20125,0,1625555,1
2018-04-28 18:52:58,27.7883,20080,0,-557989,0
2018-04-28 18:53:20,38.0376,20070,0,-763415,0
2018-04-28 18:53:36,65.8259,20110,0,1323759,1
2018-04-28 18:56:10,9.4666,20140,0,-190657,0
2018-04-28 18:56:16,2.4666,20165,0,49739,1
2018-04-28 18:56:16,7.0,20165,0,141155,1
2018-04-28 18:57:27,1200.0,20170,0,-24204000,0
2018-04-28 18:58:22,50.0,20220,0,1011000,1
2018-04-28 18:58:22,18.8433,20220,0,381012,1
2018-04-28 18:58:22,6.2,20220,0,125364,1
2018-04-28 18:58:22,639.9385,20220,0,12939556,1
2018-04-28 18:58:31,8.0524,20210,0,-162739,0
2018-04-28 18:58:35,215.7233811,20220,0,-4361927,0
2018-04-28 18:58:35,491.20601889,20220,0,-9932186,0
2018-04-28 18:59:34,408.6313,20225,0,8264568,1
2018-04-28 18:59:39,68.1944,20230,0,1379573,1
2018-04-28 18:59:39,0.7309,20230,0,14786,1
2018-04-28 18:59:43,2.8655,20235,0,57983,1
2018-04-28 19:01:17,0.5768,20235,0,11672,1
2018-04-28 19:01:17,425.1896,20235,0,8603712,1
2018-04-28 19:01:17,7.3987,20235,0,149713,1
2018-04-28 19:01:18,34.13,20235,0,690621,1
2018-04-28 19:01:22,947.7172,20200,0,-19143887,0
2018-04-28 19:01:28,10.6394,20145,0,214331,1
2018-04-28 19:01:28,7.8395,20160,0,158044,1
2018-04-28 19:01:29,65.59,20145,0,1321311,1
2018-04-28 19:01:29,1115.9311,20145,0,22480432,1
2018-04-28 19:02:28,2.0,20160,0,-40320,0
2018-04-28 19:03:11,2.0,20150,0,40300,1
2018-04-28 19:03:26,577.279,20145,0,-11629285,0
2018-04-28 19:04:07,242.2381,20200,0,-4893210,0
2018-04-28 19:04:07,164.4086,20200,0,-3321054,0
2018-04-28 19:04:08,14.1234,20200,0,-285293,0
2018-04-28 19:04:08,131.6746,20200,0,-2659827,0
2018-04-28 19:04:08,49.9902,20200,0,-1009802,0
2018-04-28 19:04:08,20.2861,20200,0,-409779,0
2018-04-28 19:04:24,30.6753,20200,0,619641,1
2018-04-28 19:04:34,4.0,20200,0,80800,1
2018-04-28 19:05:11,108.2266,20200,0,2186177,1
2018-04-28 19:06:37,13.64,20135,0,274641,1
2018-04-28 19:06:38,115.0296,20135,0,2316121,1
2018-04-28 19:08:04,801.4971,20255,0,16234324,1
2018-04-28 19:08:08,126.9314,20225,0,2567188,1
2018-04-28 19:08:33,1200.0,20200,0,-24240000,0
2018-04-28 19:10:05,50.7625,20210,0,1025910,1
2018-04-28 19:10:08,80.3751,20210,0,1624381,1
2018-04-28 19:10:22,357.2137,20220,0,7222861,1
2018-04-28 19:10:26,52.0599,20210,0,1052131,1
2018-04-28 19:10:45,22.3802,20230,0,452751,1
2018-04-28 19:10:45,159.676,20215,0,3227850,1
2018-04-28 19:10:46,100.0,20215,0,2021500,1
2018-04-28 19:10:51,377.5326,20220,0,7633709,1
2018-04-28 19:11:44,137.5661,20180,0,-2776084,0
2018-04-28 19:11:48,500.0,20190,0,-10095000,0
2018-04-28 19:12:17,320.4134,20195,0,6470749,1
2018-04-28 19:12:51,882.8473,20220,0,-17851172,0
2018-04-28 19:13:01,0.7221,20230,0,14608,1
2018-04-28 19:13:27,2.4715,20230,0,49998,1
2018-04-28 19:13:27,45.5965,20230,0,922417,1
2018-04-28 19:13:27,508.56,20230,0,10288169,1
2018-04-28 19:13:27,461.0602,20240,0,9331858,1
2018-04-28 19:13:28,37.3286,20230,0,755158,1
2018-04-28 19:13:31,144.2611,20220,0,2916959,1
2018-04-28 19:15:35,63.53836336,20200,0,-1283475,0
2018-04-28 19:15:35,10.58943663,20200,0,-213907,0
2018-04-28 19:15:53,842.30685346,20200,0,-17014598,0
2018-04-28 19:15:53,283.56534653,20200,0,-5728020,0
2018-04-28 19:17:29,105.0,20145,0,2115225,1
2018-04-28 19:17:33,132.1621,20140,0,2661745,1
2018-04-28 19:17:33,8.9709,20140,0,180674,1
2018-04-28 19:17:33,5.7138,20140,0,115076,1
2018-04-28 19:17:33,19.6657,20140,0,396067,1
2018-04-28 19:17:37,67.1809,20130,0,1352352,1
2018-04-28 19:17:37,1.1061,20130,0,22266,1
2018-04-28 19:17:37,85.4186,20130,0,1719476,1
2018-04-28 19:17:38,774.7819,20130,0,15596360,1
2018-04-28 19:18:02,0.3166,20170,0,-6386,0
2018-04-28 19:18:11,3.5194,20200,0,-71092,0
2018-04-28 19:18:15,250.03,20185,0,-5046856,0
2018-04-28 19:18:19,946.134,20190,0,-19102445,0
2018-04-28 19:20:24,141.1434,20200,0,2851097,1
2018-04-28 19:20:58,26.8737,20195,0,542714,1
2018-04-28 19:21:01,1000.6387,20185,0,20197892,1
2018-04-28 19:21:01,31.3442,20185,0,632683,1
2018-04-28 19:21:23,32.0588,20230,0,-648550,0
2018-04-28 19:21:34,208.7186,20230,0,-4222377,0
2018-04-28 19:21:56,73.8671,20260,0,-1496547,0
2018-04-28 19:21:56,25.0,20260,0,-506500,0
2018-04-28 19:21:56,26.28074919,20260,0,-532448,0
2018-04-28 19:22:02,207.6617,20270,0,-4209303,0
2018-04-28 19:22:06,263.3653,20285,0,-5342365,0
2018-04-28 19:22:06,349.3428,20285,0,-7086419,0
2018-04-28 19:22:06,13.705,20285,0,-278006,0
2018-04-28 19:24:18,1200.0,20400,0,24480000,1
2018-04-28 19:24:51,1.1,20430,0,-22473,0
2018-04-28 19:24:54,1.1,20450,0,22495,1
2018-04-28 19:27:38,31.9003136,20395,0,-650607,0
2018-04-28 19:27:38,78.4417,20395,0,-1599818,0
2018-04-28 19:27:38,244.42358639,20395,0,-4985019,0
2018-04-28 19:27:42,121.2329,20395,0,-2472545,0
2018-04-28 19:27:46,106.3934,20395,0,-2169893,0
2018-04-28 19:27:50,334.73862341,20380,0,-6821973,0
2018-04-28 19:29:22,24.57,20350,0,500000,1
2018-04-28 19:29:22,55.7326,20350,0,1134158,1
2018-04-28 19:29:22,200.9526,20350,0,4089385,1
2018-04-28 19:29:22,12.5,20350,0,254375,1
2018-04-28 19:29:22,404.2093,20350,0,8225659,1
2018-04-28 19:29:23,219.166,20350,0,4460028,1
2018-04-28 19:29:58,13.265,20350,0,-269943,0
2018-04-28 19:30:03,59.5063,20360,0,-1211548,0
2018-04-28 19:30:53,72.7713,20360,0,1481624,1
2018-04-28 19:31:26,179.692,20315,0,-3650443,0
2018-04-28 19:31:32,5.8402,20315,0,-118644,0
2018-04-28 19:31:51,22.61298603,20340,0,-459948,0
2018-04-28 19:31:59,87.49140049,20350,0,1780450,1
2018-04-28 19:32:17,11.9565,20325,0,-243016,0
2018-04-28 19:32:34,99.7014,20275,0,2021446,1
2018-04-28 19:33:11,32.9089,20300,0,668051,1
2018-04-28 19:35:16,3.1157,20315,0,-63295,0
2018-04-28 19:35:41,1196.8843,20320,0,-24320689,0
2018-04-28 19:36:44,4.7039,20345,0,95701,1
2018-04-28 19:36:44,1195.2961,20345,0,24318299,1
2018-04-28 19:37:29,1200.0,20310,0,-24372000,0
2018-04-28 19:39:43,4.0,20300,0,81200,1
2018-04-28 19:40:40,73.0593,20280,0,1481643,1
2018-04-28 19:40:40,174.8068,20280,0,3545082,1
2018-04-28 19:40:44,18.5326,20280,0,375841,1
2018-04-28 19:40:48,929.6013,20275,0,18847666,1
2018-04-28 19:41:50,100.0,20220,0,-2022000,0
2018-04-28 19:42:39,9.9075,20220,0,-200330,0
2018-04-28 19:43:27,71.7044,20225,0,1450221,1
2018-04-28 19:43:45,29.688,20205,0,-599846,0
2018-04-28 19:43:52,67.8911,20225,0,1373097,1
2018-04-28 19:44:34,61.9775,20205,0,-1252255,0
2018-04-28 19:44:58,61.9775,20150,0,1248847,1
2018-04-28 19:45:41,24.2332,20170,0,-488784,0
2018-04-28 19:46:16,24.2332,20180,0,489026,1
2018-04-28 19:49:04,1.1865,20150,0,-23908,0
2018-04-28 19:49:22,1.1865,20175,0,23938,1
2018-04-28 19:49:24,115.0246,20160,0,-2318896,0
2018-04-28 19:49:28,7.1,20175,0,-143243,0
2018-04-28 19:49:37,122.1246,20175,0,2463864,1
2018-04-28 19:50:41,163.7637,20210,0,-3309664,0
2018-04-28 19:50:45,34.1784,20215,0,-690916,0
2018-04-28 19:50:50,10.0,20220,0,-202200,0
2018-04-28 19:50:50,234.6655,20220,0,-4744936,0
2018-04-28 19:51:23,281.5137,20230,0,5695022,1
2018-04-28 19:51:24,1.0,20230,0,20230,1
2018-04-28 19:51:43,160.0939,20275,0,3245904,1
2018-04-28 19:52:46,362.2704,20245,0,-7334164,0
2018-04-28 19:52:50,703.7986,20250,0,-14251922,0
2018-04-28 19:53:10,24.67308166,20265,0,500000,1
2018-04-28 19:53:10,168.80813395,20265,0,3420897,1
2018-04-28 19:54:34,13.7983,20245,0,279347,1
2018-04-28 19:55:45,10.0,20220,0,202200,1
2018-04-28 19:55:45,494.5598,20220,0,9999999,1
2018-04-28 19:55:45,274.508,20220,0,5550552,1
2018-04-28 19:55:46,10.0,20220,0,202200,1
2018-04-28 19:55:49,4.9,20210,0,99029,1
2018-04-28 19:55:49,21.0941,20210,0,426312,1
2018-04-28 19:55:49,43.7276,20210,0,883735,1
2018-04-28 19:58:43,307.67509878,20245,0,-6228882,0
2018-04-28 19:58:43,1.0001,20245,0,-20247,0
2018-04-28 19:59:09,223.4528,20240,0,4522685,1
2018-04-28 19:59:10,85.2224,20240,0,1724901,1
2018-04-28 20:00:46,1.7131,20270,0,-34725,0
2018-04-28 20:01:34,3.2568,20250,0,-65950,0
2018-04-28 20:02:27,4.9699,20270,0,100740,1
2018-04-28 20:04:09,8.2339,20200,0,-166325,0
2018-04-28 20:04:35,242.5304,20220,0,-4903965,0
2018-04-28 20:04:36,118.0334,20220,0,-2386635,0
2018-04-28 20:05:26,98.8142,20240,0,-1999999,0
2018-04-28 20:05:29,6.5782,20220,0,-133011,0
2018-04-28 20:05:34,98.8386,20235,0,-1999999,0
2018-04-28 20:05:51,12.6058,20215,0,-254826,0
2018-04-28 20:05:58,614.3655,20215,0,-12419399,0
2018-04-28 20:07:51,1200.0,20220,0,24264000,1
2018-04-28 20:09:55,672.4431,20160,0,-13556453,0
2018-04-28 20:10:23,52.50938613,20210,0,1061215,1
2018-04-28 20:12:02,1.7421,20180,0,35156,1
2018-04-28 20:12:02,323.4032,20180,0,6526277,1
2018-04-28 20:12:17,294.7884,20170,0,5945882,1
2018-04-28 20:16:24,10.2699,20120,0,-206630,0
2018-04-28 20:16:33,5.8778,20095,0,118114,1
2018-04-28 20:16:41,4.3921,20075,0,88171,1
2018-04-28 20:17:24,75.796,20060,0,-1520468,0
2018-04-28 20:17:28,13.9909,20090,0,-281077,0
2018-04-28 20:17:32,25.11056002,20100,0,-504722,0
2018-04-28 20:17:32,14.99993997,20100,0,-301499,0
2018-04-28 20:17:32,372.3077,20100,0,-7483385,0
2018-04-28 20:17:35,10.0,20130,0,-201300,0
2018-04-28 20:18:01,0.0001,20140,0,-2,0
2018-04-28 20:18:02,99.8278,20140,0,-2010532,0
2018-04-28 20:18:24,3.3504,20120,0,67410,1
2018-04-28 20:18:57,16.352,20110,0,328839,1
2018-04-28 20:18:57,58.505,20110,0,1176536,1
2018-04-28 20:18:57,74.2026,20110,0,1492214,1
2018-04-28 20:18:57,66.7075,20110,0,1341488,1
2018-04-28 20:18:58,392.9155,20110,0,7901531,1
2018-04-28 20:19:19,13.4777,20110,0,-271037,0
2018-04-28 20:19:29,13.4777,20125,0,271239,1
2018-04-28 20:20:15,176.32388101,20095,0,-3543228,0
2018-04-28 20:20:24,86.0791,20095,0,-1729760,0
2018-04-28 20:20:24,30.5388,20095,0,-613677,0
2018-04-28 20:20:29,751.795,20105,0,-15114838,0
2018-04-28 20:20:29,3.6946,20105,0,-74280,0
2018-04-28 20:20:29,13.1449,20105,0,-264278,0
2018-04-28 20:20:29,88.4987,20105,0,-1779266,0
2018-04-28 20:20:29,49.925,20105,0,-1003742,0
2018-04-28 20:21:51,131.8,20095,0,2648521,1
2018-04-28 20:21:51,37.0884,20095,0,745291,1
2018-04-28 20:21:51,100.0,20095,0,2009500,1
2018-04-28 20:21:52,234.3852,20095,0,4709971,1
2018-04-28 20:21:52,23.3711,20095,0,469642,1
2018-04-28 20:21:57,23.3828,20085,0,469644,1
2018-04-28 20:21:57,4.2241,20085,0,84841,1
2018-04-28 20:21:57,1.2579,20085,0,25265,1
2018-04-28 20:21:58,128.952,20085,0,2590001,1
2018-04-28 20:22:34,289.2285,20110,0,-5816385,0
2018-04-28 20:24:03,804.767,20130,0,16199960,1
2018-04-28 20:27:50,990.82112085,20140,0,-19955137,0
2018-04-28 20:27:51,55.8218,20140,0,-1124251,0
2018-04-28 20:32:11,1.0,20155,0,20155,1
2018-04-28 20:32:11,2.0,20155,0,40310,1
2018-04-28 20:32:39,19.5315,20165,0,393853,1
2018-04-28 20:33:58,351.7024,20175,0,7095596,1
2018-04-28 20:34:57,672.409,20210,0,13589386,1
2018-04-28 20:36:34,764.9583,20150,0,-15413910,0
2018-04-28 20:36:34,99.3048,20150,0,-2000992,0
2018-04-28 20:37:38,10.0,20135,0,201350,1
2018-04-28 20:40:23,21.468,20100,0,431507,1
2018-04-28 20:40:24,47.9109,20100,0,963009,1
2018-04-28 20:40:24,74.9631,20100,0,1506758,1
2018-04-28 20:40:24,1.9189,20100,0,38570,1
2018-04-28 20:40:24,20.5506,20100,0,413067,1
2018-04-28 20:40:24,497.4516,20100,0,9998777,1
2018-04-28 20:40:24,190.0,20100,0,3819000,1
2018-04-28 20:41:12,683.34280024,20080,0,-13721523,0
2018-04-28 20:41:12,46.40169975,20080,0,-931746,0
2018-04-28 20:42:42,0.96,20125,0,19320,1
2018-04-28 20:44:46,64.92,20060,0,1302295,1
2018-04-28 20:44:50,48.2646,20075,0,968912,1
2018-04-28 20:45:21,25.04548605,20090,0,503164,1
2018-04-28 20:45:40,60.0407,20065,0,1204717,1
2018-04-28 20:45:40,26.6631,20065,0,534995,1
2018-04-28 20:45:41,38.8964,20065,0,780456,1
2018-04-28 20:45:41,5.4806,20065,0,109968,1
2018-04-28 20:45:44,459.4736,20060,0,9217040,1
2018-04-28 20:47:52,52.0,20000,0,-1040000,0
2018-04-28 20:48:11,159.85049301,20030,0,-3201805,0
2018-04-28 20:48:17,51.8291,20040,0,1038655,1
2018-04-28 20:48:22,83.8635,20040,0,1680625,1
2018-04-28 20:48:58,5.0474,20065,0,101276,1
2018-04-28 20:49:27,13.1804,20060,0,264399,1
2018-04-28 20:49:43,57.9301,20065,0,1162367,1
2018-04-28 20:52:34,5.7054,20050,0,-114393,0
2018-04-28 20:52:34,78.9561,20050,0,-1583070,0
2018-04-28 20:52:37,9.1999,20050,0,-184458,0
2018-04-28 20:52:51,58.6006,20040,0,-1174356,0
2018-04-28 20:52:59,47.7624,20040,0,-957158,0
2018-04-28 20:53:32,999.7756,20030,0,-20025505,0
2018-04-28 20:56:01,468.86,19990,0,9372511,1
2018-04-28 20:56:02,16.0497,19990,0,320834,1
2018-04-28 20:56:02,200.8109,19990,0,4014210,1
2018-04-28 20:56:14,9.9148,19980,0,-198098,0
2018-04-28 20:56:18,446.9835,19990,0,-8935200,0
2018-04-28 20:56:18,228.8223,19990,0,-4574158,0
2018-04-28 20:57:06,4.3,19970,0,85871,1
2018-04-28 20:57:07,42.8685,19970,0,856084,1
2018-04-28 20:57:07,1.3,19970,0,25961,1
2018-04-28 20:57:07,8.7,19970,0,173739,1
2018-04-28 20:57:07,1.3,19970,0,25961,1
2018-04-28 20:57:07,1.7,19970,0,33949,1
2018-04-28 20:57:44,2.3,19985,0,45966,1
2018-04-28 20:58:08,2.7,19970,0,53919,1
2018-04-28 20:58:08,2.6,19970,0,51922,1
2018-04-28 20:58:08,1.6,19970,0,31952,1
2018-04-28 20:58:08,4.9,19970,0,97853,1
2018-04-28 20:58:32,8.05,19970,0,160759,1
2018-04-28 20:58:36,983.01261258,19985,0,19645507,1
2018-04-28 20:58:39,19.0,19970,0,-379430,0
2018-04-28 20:58:50,153.6689,20005,0,3074146,1
2018-04-28 20:59:30,100.0,20005,0,-2000500,0
2018-04-28 20:59:30,545.5963,20005,0,-10914654,0
2018-04-28 21:00:06,18.4468,19995,0,368844,1
2018-04-28 21:00:06,24.7991,19995,0,495858,1
2018-04-28 21:00:07,32.9044,19995,0,657923,1
2018-04-28 21:00:13,74.4497,19995,0,1488622,1
2018-04-28 21:00:17,1.0,19995,0,19995,1
2018-04-28 21:00:25,706.0037,20000,0,-14120074,0
2018-04-28 21:02:42,1200.0,20080,0,24096000,1
2018-04-28 21:03:20,2.9457,20140,0,-59326,0
2018-04-28 21:03:34,1197.0543,20150,0,-24120644,0
2018-04-28 21:04:22,1200.0,20155,0,24186000,1
2018-04-28 21:06:51,1200.0,20140,0,-24168000,0
2018-04-28 21:11:59,1200.0,20235,0,24282000,1
2018-04-28 21:15:08,616.8,20230,0,-12477864,0
2018-04-28 21:15:33,616.8,20260,0,12496368,1
2018-04-28 21:19:40,9.9058,20190,0,-199998,0
2018-04-28 21:19:40,175.60037838,20190,0,-3545372,0
2018-04-28 21:20:00,3.0,20190,0,-60570,0
2018-04-28 21:20:37,129.6413,20165,0,2614217,1
2018-04-28 21:20:37,9.8339,20165,0,198301,1
2018-04-28 21:20:38,42.0,20165,0,846930,1
2018-04-28 21:20:45,6.331,20155,0,127601,1
2018-04-28 21:20:45,0.7,20155,0,14109,1
2018-04-28 21:22:15,99.0762,20220,0,-2003321,0
2018-04-28 21:22:23,1100.9238,20250,0,-22293707,0
2018-04-28 21:23:40,46.6028,20200,0,941377,1
2018-04-28 21:23:40,250.489,20200,0,5059878,1
2018-04-28 21:23:40,10.0,20200,0,202000,1
2018-04-28 21:23:41,57.3991,20200,0,1159462,1
2018-04-28 21:23:41,10.0,20200,0,202000,1
2018-04-28 21:23:43,2.7867,20185,0,56250,1
2018-04-28 21:23:44,822.7224,20185,0,16606652,1
2018-04-28 21:24:55,4.1,20210,0,-82861,0
2018-04-28 21:25:11,58.891,20220,0,-1190776,0
2018-04-28 21:25:18,58.791,20220,0,-1188754,0
2018-04-28 21:25:22,247.8,20225,0,-5011755,0
2018-04-28 21:25:34,56.4523,20220,0,-1141466,0
2018-04-28 21:25:39,58.891,20220,0,-1190776,0
2018-04-28 21:25:53,715.0747,20190,0,-14437358,0
2018-04-28 21:27:00,120.5465,20180,0,2432628,1
2018-04-28 21:27:04,1.0,20175,0,20175,1
2018-04-28 21:27:05,134.4121,20175,0,2711764,1
2018-04-28 21:27:05,16.7734,20175,0,338403,1
2018-04-28 21:27:17,48.72,20185,0,983413,1
2018-04-28 21:27:44,111.82839636,20190,0,2257815,1
2018-04-28 21:28:14,183.6467,20140,0,3698645,1
2018-04-28 21:28:14,11.3438,20140,0,228464,1
2018-04-28 21:28:14,5.0,20140,0,100700,1
2018-04-28 21:28:15,20.0,20140,0,402800,1
2018-04-28 21:28:29,217.206,20145,0,-4375615,0
2018-04-28 21:29:28,763.9351,20165,0,15404751,1
2018-04-28 21:30:54,58.5361,20230,0,-1184185,0
2018-04-28 21:31:43,31.2789,20230,0,-632772,0
2018-04-28 21:32:01,89.815,20225,0,1816508,1
2018-04-28 21:34:34,5.0,20190,0,-100950,0
2018-04-28 21:35:22,5.0,20185,0,100925,1
2018-04-28 21:36:54,871.7362,20210,0,-17617789,0
2018-04-28 21:38:19,232.1924,20210,0,4692608,1
2018-04-28 21:39:19,95.32424542,20210,0,1926503,1
2018-04-28 21:41:16,520.762,20205,0,-10521996,0
2018-04-28 21:41:20,9.4,20220,0,190068,1
2018-04-28 21:41:20,72.5254,20220,0,1466464,1
2018-04-28 21:42:01,983.0562,20225,0,19882312,1
2018-04-28 21:43:28,47.0227,20230,0,-951269,0
2018-04-28 21:43:42,47.0227,20235,0,951504,1
2018-04-28 21:45:12,1200.0,20270,0,-24324000,0
2018-04-28 21:45:23,35.2692,20270,0,714907,1
2018-04-28 21:45:28,545.308,20260,0,11047940,1
2018-04-28 21:45:28,163.3244,20260,0,3308952,1
2018-04-28 21:45:28,6.8776,20260,0,139340,1
2018-04-28 21:45:28,50.8946,20260,0,1031125,1
2018-04-28 21:45:31,45.6691,20245,0,924571,1
2018-04-28 21:45:31,11.9505,20245,0,241938,1
2018-04-28 21:45:31,340.7066,20245,0,6897605,1
2018-04-28 21:46:51,136.8587918,20300,0,-2778233,0
2018-04-28 21:46:53,10.1939,20305,0,-206987,0
2018-04-28 21:46:53,299.97,20305,0,-6090891,0
2018-04-28 21:46:53,117.884,20305,0,-2393635,0
2018-04-28 21:46:53,182.88,20305,0,-3713378,0
2018-04-28 21:46:53,182.88,20305,0,-3713378,0
2018-04-28 21:48:29,21.7538,20320,0,442037,1
2018-04-28 21:48:29,80.35045866,20320,0,1632721,1
2018-04-28 21:48:54,828.5624,20300,0,16819817,1
2018-04-28 21:52:05,132.6853,20325,0,-2696829,0
2018-04-28 21:52:31,5.0,20330,0,-101650,0
2018-04-28 21:52:36,166.8517,20345,0,-3394598,0
2018-04-28 21:52:36,86.1477,20345,0,-1752675,0
2018-04-28 21:52:40,61.311,20345,0,-1247372,0
2018-04-28 21:52:40,8.3135,20350,0,-169180,0
2018-04-28 21:52:44,205.5284,20350,0,-4182503,0
2018-04-28 21:52:44,105.994,20350,0,-2156978,0
2018-04-28 21:52:45,1.7,20350,0,-34595,0
2018-04-28 21:52:45,1.4,20350,0,-28490,0
2018-04-28 21:53:31,82.6906,20360,0,1683581,1
2018-04-28 21:54:01,629.1861,20350,0,12803937,1
2018-04-28 21:54:01,4.0,20350,0,81400,1
2018-04-28 21:54:01,59.0549,20350,0,1201767,1
2018-04-28 21:54:20,25.6472,20340,0,-521664,0
2018-04-28 21:54:21,1.2,20340,0,-24408,0
2018-04-28 21:54:26,1.4,20350,0,-28490,0
2018-04-28 21:54:26,1.8,20350,0,-36630,0
2018-04-28 21:54:30,1.0,20350,0,-20350,0
2018-04-28 21:54:45,9.7753,20355,0,198976,1
2018-04-28 21:54:57,7.0,20355,0,142485,1
2018-04-28 21:55:01,184.5059,20345,0,-3753773,0
2018-04-28 21:55:12,145.5943,20370,0,2965756,1
2018-04-28 21:55:47,53.1835,20370,0,1083348,1
2018-04-28 21:56:13,208.0133,20385,0,-4240351,0
2018-04-28 21:56:21,500.0,20420,0,-10210000,0
2018-04-28 21:56:21,282.30719882,20420,0,-5764713,0
2018-04-28 21:56:21,123.3913,20420,0,-2519650,0
2018-04-28 21:56:21,1.0,20420,0,-20420,0
2018-04-28 21:56:21,85.28820117,20420,0,-1741585,0
2018-04-28 22:00:08,32.9813,20465,0,674962,1
2018-04-28 22:03:11,14.9612,20485,0,306480,1
2018-04-28 22:05:06,8.87,20455,0,181436,1
2018-04-28 22:05:06,0.14,20455,0,2864,1
2018-04-28 22:05:06,33.59,20455,0,687083,1
2018-04-28 22:05:06,9.3,20455,0,190232,1
2018-04-28 22:05:07,140.0,20455,0,2863700,1
2018-04-28 22:05:07,100.0,20455,0,2045500,1
2018-04-28 22:05:08,104.1913,20455,0,2131233,1
2018-04-28 22:05:09,34.443,20455,0,704532,1
2018-04-28 22:05:09,4.0,20455,0,81820,1
2018-04-28 22:05:09,16.53,20455,0,338121,1
2018-04-28 22:05:10,700.9932,20455,0,14338816,1
2018-04-28 22:05:32,1200.0,20465,0,-24558000,0
2018-04-28 22:05:45,0.2992,20480,0,6128,1
2018-04-28 22:05:55,1199.7008,20510,0,24605863,1
2018-04-28 22:06:36,957.83922682,20470,0,-19606969,0
2018-04-28 22:06:36,242.16077317,20470,0,-4957031,0
2018-04-28 22:07:14,3.03,20495,0,62100,1
2018-04-28 22:08:08,0.76284346,20520,0,15654,1
2018-04-28 22:08:09,2.8812,20520,0,59122,1
2018-04-28 22:08:12,152.8891,20525,0,3138049,1
2018-04-28 22:08:13,336.053,20525,0,6897488,1
2018-04-28 22:08:20,123.4096,20530,0,2533599,1
2018-04-28 22:08:21,186.8796,20530,0,3836638,1
2018-04-28 22:08:21,9.4783,20530,0,194589,1
2018-04-28 22:08:25,33.1697,20530,0,680974,1
2018-04-28 22:08:30,0.8442,20510,0,17315,1
2018-04-28 22:08:45,11.6971,20530,0,-240141,0
2018-04-28 22:08:45,117.51871807,20530,0,-2412659,0
2018-04-28 22:09:11,86.0562,20570,0,-1770176,0
2018-04-28 22:09:25,260.804,20570,0,5364738,1
2018-04-28 22:09:26,13.34146815,20570,0,274434,1
2018-04-28 22:09:27,65.7599,20570,0,1352681,1
2018-04-28 22:10:00,225.9691,20565,0,4647055,1
2018-04-28 22:10:23,258.46126692,20605,0,-5325594,0
2018-04-28 22:10:31,12.7169,20630,0,-262350,0
2018-04-28 22:10:31,54.5213,20630,0,-1124774,0
2018-04-28 22:10:32,100.0,20630,0,-2063000,0
2018-04-28 22:10:32,72.112,20630,0,-1487671,0
2018-04-28 22:10:32,103.7276,20630,0,-2139900,0
2018-04-28 22:10:32,158.644,20630,0,-3272826,0
2018-04-28 22:11:04,80.0936,20695,0,1657537,1
2018-04-28 22:11:05,87.9719,20690,0,1820139,1
2018-04-28 22:11:11,1.0,20705,0,-20705,0
2018-04-28 22:11:18,593.1176,20685,0,12268638,1
2018-04-28 22:12:02,1200.0,20700,0,-24840000,0
2018-04-28 22:15:07,2.0,20780,0,41560,1
2018-04-28 22:15:33,568.5369,20800,0,11825568,1
2018-04-28 22:15:33,595.4512,20800,0,12385385,1
2018-04-28 22:15:34,34.0119,20800,0,707448,1
2018-04-28 22:16:15,11.8736,20725,0,-246080,0
2018-04-28 22:16:28,11.8736,20650,0,245190,1
2018-04-28 22:16:38,301.0,20660,0,-6218660,0
2018-04-28 22:16:38,84.04,20660,0,-1736266,0
2018-04-28 22:16:38,85.3023,20660,0,-1762346,0
2018-04-28 22:16:42,133.11811113,20650,0,-2748889,0
2018-04-28 22:16:42,5.0,20650,0,-103250,0
2018-04-28 22:16:42,25.7987,20650,0,-532743,0
2018-04-28 22:16:42,191.29098886,20650,0,-3950159,0
2018-04-28 22:17:06,97.2239,20665,0,2009132,1
2018-04-28 22:17:15,728.3262,20675,0,15058144,1
2018-04-28 22:18:25,153.28422779,20720,0,-3176049,0
2018-04-28 22:18:29,433.13175731,20735,0,-8980987,0
2018-04-28 22:18:29,69.0,20735,0,-1430715,0
2018-04-28 22:19:12,571.3852,20760,0,11861957,1
2018-04-28 22:19:12,84.0308,20765,0,1744900,1
2018-04-28 22:19:52,1099.9419,20700,0,-22768797,0
2018-04-28 22:19:52,100.0581,20700,0,-2071203,0
2018-04-28 22:20:38,27.90013133,20680,0,576975,1
2018-04-28 22:20:42,1172.0998,20675,0,24233163,1
2018-04-28 22:22:17,1.88590674,20605,0,-38859,0
2018-04-28 22:22:19,660.9579,20620,0,-13628952,0
2018-04-28 22:22:49,68.5946,20600,0,1413049,1
2018-04-28 22:22:49,594.2492,20600,0,12241534,1
2018-04-28 22:25:10,10.5,20650,0,-216825,0
2018-04-28 22:25:14,106.8207,20650,0,-2205847,0
2018-04-28 22:25:36,70.3444,20625,0,1450853,1
2018-04-28 22:25:36,46.9763,20625,0,968886,1
2018-04-28 22:27:24,160.5245,20560,0,-3300384,0
2018-04-28 22:27:27,491.9831,20560,0,-10115173,0
2018-04-28 22:29:23,67.0,20565,0,1377855,1
2018-04-28 22:29:23,26.5102,20565,0,545182,1
2018-04-28 22:29:48,558.9974,20585,0,11506961,1
2018-04-28 22:30:32,96.3553,20575,0,-1982510,0
2018-04-28 22:30:32,219.25658043,20575,0,-4511204,0
2018-04-28 22:31:31,6.6217,20585,0,-136308,0
2018-04-28 22:31:35,153.1738,20570,0,-3150785,0
2018-04-28 22:31:35,647.28711124,20570,0,-13314696,0
2018-04-28 22:31:36,77.30548875,20570,0,-1590174,0
2018-04-28 22:32:37,233.52608523,20635,0,4818811,1
2018-04-28 22:32:45,36.39005819,20620,0,750363,1
2018-04-28 22:32:49,930.0839,20620,0,19178330,1
2018-04-28 22:36:25,40.7974,20595,0,-840222,0
2018-04-28 22:36:30,40.7974,20600,0,840426,1
2018-04-28 22:37:28,7.1667,20620,0,-147777,0
2018-04-28 22:37:28,86.9774,20620,0,-1793474,0
2018-04-28 22:38:06,124.7,20600,0,-2568820,0
2018-04-28 22:38:07,30.77,20600,0,-633862,0
2018-04-28 22:38:07,73.0,20600,0,-1503800,0
2018-04-28 22:38:27,0.9,20590,0,-18531,0
2018-04-28 22:38:31,19.2996,20605,0,-397668,0
2018-04-28 22:41:01,9.8585,20660,0,-203677,0
2018-04-28 22:42:12,29.5702,20670,0,-611216,0
2018-04-28 22:42:17,107.0516,20675,0,-2213292,0
2018-04-28 22:42:24,242.6595,20710,0,-5025478,0
2018-04-28 22:42:38,120.7146,20710,0,2499999,1
2018-04-28 22:42:48,100.3157,20700,0,2076535,1
2018-04-28 22:44:06,100.0,20690,0,-2069000,0
2018-04-28 22:44:58,2.1023,20695,0,43507,1
2018-04-28 22:44:58,13.5002,20695,0,279387,1
2018-04-28 22:44:59,216.5733,20695,0,4481984,1
2018-04-28 22:45:25,2.2209,20690,0,45950,1
2018-04-28 22:45:25,0.9255,20690,0,19149,1
2018-04-28 22:45:56,50.0,20675,0,1033750,1
2018-04-28 22:46:54,1.0,20700,0,-20700,0
2018-04-28 22:47:06,2.9863,20715,0,-61861,0
2018-04-28 22:47:11,422.88384644,20725,0,-8764268,0
2018-04-28 22:47:11,447.11815355,20725,0,-9266524,0
2018-04-28 22:47:11,0.4107,20725,0,-8512,0
2018-04-28 22:48:35,248.6259,20765,0,5162717,1
2018-04-28 22:48:35,83.4402,20765,0,1732636,1
2018-04-28 22:48:36,1.5038,20765,0,31226,1
2018-04-28 22:48:37,866.4301,20765,0,17991421,1
2018-04-28 22:48:43,23.6017,20785,0,-490561,0
2018-04-28 22:48:43,19.97,20785,0,-415076,0
2018-04-28 22:48:47,1156.4283,20800,0,-24053709,0
2018-04-28 22:50:24,1200.0,20830,0,24996000,1
2018-04-28 22:51:20,21.3909,20790,0,-444717,0
2018-04-28 22:51:44,4.5,20825,0,-93713,0
2018-04-28 22:51:46,0.7,20830,0,-14581,0
2018-04-28 22:51:47,1163.409,20830,0,-24233809,0
2018-04-28 22:51:47,10.0,20830,0,-208300,0
2018-04-28 22:52:43,120.35705504,20815,0,2505232,1
2018-04-28 22:52:43,348.596,20815,0,7256026,1
2018-04-28 22:52:43,39.6187,20815,0,824663,1
2018-04-28 22:54:27,15.5732,20840,0,324545,1
2018-04-28 22:55:34,4.5136,20850,0,94109,1
2018-04-28 22:55:38,22.6871,20855,0,473139,1
2018-04-28 22:56:25,15.5528,20840,0,324120,1
2018-04-28 22:56:25,14.3954,20840,0,300000,1
2018-04-28 22:56:25,17.5969,20840,0,366719,1
2018-04-28 22:56:26,52.9661,20840,0,1103814,1
2018-04-28 22:56:29,9.5196,20835,0,198341,1
2018-04-28 22:56:29,1.0,20835,0,20835,1
2018-04-28 22:56:29,409.8311,20835,0,8538831,1
2018-04-28 22:56:29,0.6035,20835,0,12574,1
2018-04-28 22:56:29,30.0,20835,0,625050,1
2018-04-28 22:56:29,1.0,20835,0,20835,1
2018-04-28 22:56:32,6.2775,20820,0,130698,1
2018-04-28 22:56:32,58.6164,20820,0,1220393,1
2018-04-28 22:56:32,31.2949,20820,0,651560,1
2018-04-28 22:57:35,357.9663,20700,0,-7409902,0
2018-04-28 22:57:41,357.9663,20750,0,7427801,1
2018-04-28 22:58:54,36.1751,20775,0,-751538,0
2018-04-28 22:59:37,20.3105,20770,0,-421849,0
2018-04-28 23:00:00,56.4856,20770,0,1173206,1
2018-04-28 23:01:36,4.85250797,20820,0,-101029,0
2018-04-28 23:01:36,87.99659202,20820,0,-1832089,0
2018-04-28 23:02:11,65.25750595,20835,0,1359640,1
2018-04-28 23:02:11,9.4923,20835,0,197772,1
2018-04-28 23:02:12,18.09929404,20835,0,377099,1
2018-04-28 23:03:58,478.8798,20820,0,-9970277,0
2018-04-28 23:05:24,50.1083,20775,0,1041000,1
2018-04-28 23:05:55,6.0843,20770,0,-126371,0
2018-04-28 23:06:29,254.807,20760,0,-5289793,0
2018-04-28 23:06:43,4.0,20795,0,83180,1
2018-04-28 23:06:48,0.5397,20790,0,11220,1
2018-04-28 23:06:52,24.3446,20790,0,506124,1
2018-04-28 23:06:52,643.8719,20790,0,13386097,1
2018-04-28 23:07:00,16.9066,20790,0,351488,1
2018-04-28 23:07:46,3.2535,20855,0,-67852,0
2018-04-28 23:07:46,5.1499,20855,0,-107401,0
2018-04-28 23:07:50,148.33441063,20870,0,-3095739,0
2018-04-28 23:07:50,23.9231,20870,0,-499275,0
2018-04-28 23:07:50,96.8414,20870,0,-2021080,0
2018-04-28 23:07:50,17.0181,20870,0,-355168,0
2018-04-28 23:07:50,2.91988936,20870,0,-60938,0
2018-04-28 23:07:53,295.0,20875,0,-6158125,0
2018-04-28 23:07:57,607.5597,20860,0,-12673695,0
2018-04-28 23:09:10,264.4653718,20905,0,5528649,1
2018-04-28 23:09:10,196.0,20905,0,4097380,1
2018-04-28 23:09:11,8.7695,20905,0,183326,1
2018-04-28 23:09:11,0.1435,20905,0,3000,1
2018-04-28 23:09:11,16.6052,20905,0,347132,1
2018-04-28 23:09:11,275.9116,20905,0,5767932,1
2018-04-28 23:09:11,1.0001,20905,0,20907,1
2018-04-28 23:09:19,33.5271,20880,0,700046,1
2018-04-28 23:09:19,20.0,20880,0,417600,1
2018-04-28 23:09:23,216.5846,20875,0,4521204,1
2018-04-28 23:10:26,1033.007,20900,0,-21589846,0
2018-04-28 23:11:38,1200.0,20945,0,25134000,1
2018-04-28 23:11:50,84.79858377,20950,0,-1776530,0
2018-04-28 23:11:50,322.10421622,20950,0,-6748083,0
2018-04-28 23:11:54,793.0971,20940,0,-16607453,0
2018-04-28 23:15:03,600.6928,20970,0,12596528,1
2018-04-28 23:15:03,42.55317119,20970,0,892340,1
2018-04-28 23:15:03,3.4605,20975,0,72584,1
2018-04-28 23:15:09,66.3442,20965,0,1390906,1
2018-04-28 23:15:09,13.5439,20965,0,283948,1
2018-04-28 23:15:09,19.5604,20965,0,410084,1
2018-04-28 23:15:16,453.845,20960,0,9512591,1
2018-04-28 23:16:27,200.3134,20890,0,-4184547,0
2018-04-28 23:16:41,200.3134,20920,0,4190556,1
2018-04-28 23:18:32,0.0001,20890,0,-2,0
2018-04-28 23:20:56,480.7923,20880,0,-10038943,0
2018-04-28 23:20:56,36.5911,20880,0,-764022,0
2018-04-28 23:21:13,26.95318203,20880,0,562782,1
2018-04-28 23:21:56,709.5697,20900,0,-14830007,0
2018-04-28 23:22:35,44.5358,20895,0,930576,1
2018-04-28 23:22:35,1155.4642,20895,0,24143424,1
2018-04-28 23:25:55,1.2,20950,0,-25140,0
2018-04-28 23:25:55,1.0,20950,0,-20950,0
2018-04-28 23:25:55,2.2,20950,0,-46090,0
2018-04-28 23:25:55,2.2,20950,0,-46090,0
2018-04-28 23:25:55,2.8,20950,0,-58660,0
2018-04-28 23:25:55,1.3,20950,0,-27235,0
2018-04-28 23:25:56,4.0,20950,0,-83800,0
2018-04-28 23:25:56,133.4203,20950,0,-2795155,0
2018-04-28 23:25:56,106.4191,20950,0,-2229480,0
2018-04-28 23:25:56,505.0057,20950,0,-10579869,0
2018-04-28 23:25:56,103.1041,20950,0,-2160031,0
2018-04-28 23:25:56,31.3666,20950,0,-657130,0
2018-04-28 23:25:57,11.2737,20950,0,-236184,0
2018-04-28 23:25:57,46.08042959,20950,0,-965385,0
2018-04-28 23:25:57,122.1966,20950,0,-2560019,0
2018-04-28 23:25:57,0.8979,20950,0,-18811,0
2018-04-28 23:25:57,54.9175,20950,0,-1150522,0
2018-04-28 23:25:57,62.7083,20950,0,-1313739,0
2018-04-28 23:25:57,2.2757,20950,0,-47676,0
2018-04-28 23:25:58,5.6340704,20950,0,-118034,0
2018-04-28 23:26:30,263.8695,20915,0,5518831,1
2018-04-28 23:26:38,1.0001,20890,0,20892,1
2018-04-28 23:26:39,0.2,20890,0,4178,1
2018-04-28 23:30:14,49.8762,20875,0,1041166,1
2018-04-28 23:30:14,4.712,20875,0,98363,1
2018-04-28 23:30:37,0.152,20835,0,3167,1
2018-04-28 23:30:41,12.3164,20835,0,256612,1
2018-04-28 23:31:50,477.0,20795,0,9919215,1
2018-04-28 23:32:09,246.01,20820,0,5121928,1
2018-04-28 23:32:09,5.1,20820,0,106182,1
2018-04-28 23:32:11,39.88607108,20820,0,830428,1
2018-04-28 23:32:18,4.6948,20820,0,-97746,0
2018-04-28 23:32:22,80.8218,20820,0,-1682710,0
2018-04-28 23:32:27,185.3943,20835,0,3862690,1
2018-04-28 23:32:39,112.0854,20820,0,-2333618,0
2018-04-28 23:32:45,123.797,20835,0,-2579310,0
2018-04-28 23:32:49,0.1251,20820,0,-2605,0
2018-04-28 23:32:49,101.9017,20820,0,-2121593,0
2018-04-28 23:32:54,0.1997,20820,0,-4158,0
2018-04-28 23:32:59,27.3015,20820,0,-568417,0
2018-04-28 23:33:09,5.82,20850,0,121347,1
2018-04-28 23:33:09,143.8106,20850,0,2998451,1
2018-04-28 23:33:19,320.2386,20830,0,-6670570,0
2018-04-28 23:33:23,355.0,20820,0,-7391100,0
2018-04-28 23:35:01,158.0825,20780,0,3284954,1
2018-04-28 23:35:01,241.4123,20780,0,5016548,1
2018-04-28 23:35:09,32.5165,20755,0,674880,1
2018-04-28 23:35:09,451.6075,20755,0,9373114,1
2018-04-28 23:35:10,7.3996,20755,0,153579,1
2018-04-28 23:35:43,200.4724,20730,0,-4155793,0
2018-04-28 23:35:43,93.887,20730,0,-1946278,0
2018-04-28 23:35:53,162.2893,20730,0,-3364257,0
2018-04-28 23:36:15,100.0,20710,0,2071000,1
2018-04-28 23:36:15,12.84,20710,0,265916,1
2018-04-28 23:36:15,11.2008,20710,0,231969,1
2018-04-28 23:36:24,332.6079,20700,0,6884984,1
2018-04-28 23:38:49,1200.0,20575,0,-24690000,0
2018-04-28 23:39:03,547.8392,20645,0,11310140,1
2018-04-28 23:39:33,363.5344,20635,0,7501532,1
2018-04-28 23:39:46,9.7908,20605,0,201739,1
2018-04-28 23:39:49,5.6792,20605,0,117020,1
2018-04-28 23:39:53,223.0176,20610,0,4596393,1
2018-04-28 23:39:53,50.1388,20610,0,1033361,1
2018-04-28 23:42:34,1.8977,20510,0,-38922,0
2018-04-28 23:42:44,1.8977,20520,0,38941,1
2018-04-28 23:44:43,4.0,20520,0,-82080,0
2018-04-28 23:44:46,4.0,20530,0,82120,1
2018-04-28 23:45:10,83.511,20570,0,-1717821,0
2018-04-28 23:45:10,29.7172,20570,0,-611283,0
2018-04-28 23:45:23,37.6581,20590,0,-775380,0
2018-04-28 23:46:02,5.0,20585,0,102925,1
2018-04-28 23:46:15,2.0,20590,0,41180,1
2018-04-28 23:46:25,100.736,20590,0,2074154,1
2018-04-28 23:46:25,43.1503,20590,0,888465,1
2018-04-28 23:50:15,185.54322703,20420,0,-3788793,0
2018-04-28 23:50:24,1014.4568,20430,0,-20725352,0
2018-04-28 23:50:45,481.5521,20410,0,9828478,1
2018-04-28 23:53:13,718.4479,20450,0,14692260,1
2018-04-28 23:53:38,1200.0,20450,0,-24540000,0
2018-04-28 23:55:47,106.0589,20495,0,2173677,1
2018-04-28 23:55:51,208.5488,20470,0,4268994,1
2018-04-28 23:56:14,1.0,20470,0,20470,1
2018-04-28 23:56:18,13.5418,20465,0,277133,1
2018-04-28 23:56:22,84.1605,20435,0,1719820,1
2018-04-28 23:56:22,28.5723,20435,0,583875,1
2018-04-28 23:56:22,758.1177,20435,0,15492135,1
2018-04-28 23:56:52,33.5929,20505,0,-688822,0
2018-04-28 23:56:56,1166.407,20505,0,-23917176,0
2018-04-28 23:57:33,50.4013,20500,0,1033227,1
2018-04-28 23:57:58,144.755,20500,0,2967478,1
2018-04-28 23:57:58,1004.8436,20500,0,20599294,1
2018-04-29 00:00:55,29.2344,20440,0,-597551,0
2018-04-29 00:00:55,175.3304,20440,0,-3583753,0
2018-04-29 00:00:56,10.1266,20440,0,-206988,0
2018-04-29 00:00:56,149.217,20440,0,-3049995,0
2018-04-29 00:01:01,115.3167,20470,0,2360533,1
2018-04-29 00:01:19,104.4527,20450,0,-2136058,0
2018-04-29 00:01:35,29.9429,20450,0,612332,1
2018-04-29 00:01:40,323.1015,20450,0,6607426,1
2018-04-29 00:04:27,14.908,20250,0,-301887,0
2018-04-29 00:04:36,112.3361,20250,0,-2274806,0
2018-04-29 00:04:46,127.2441,20250,0,2576693,1
2018-04-29 00:09:40,1200.0,20140,0,-24168000,0
2018-04-29 00:10:02,1200.0,20195,0,24234000,1
2018-04-29 00:10:10,587.8953,20220,0,-11887243,0
2018-04-29 00:10:11,612.1047,20220,0,-12376757,0
2018-04-29 00:11:05,498.1077,20270,0,10096643,1
2018-04-29 00:11:08,701.8923,20270,0,14227357,1
2018-04-29 00:11:18,938.4464,20255,0,-19008232,0
2018-04-29 00:11:27,28.5679,20255,0,578643,1
2018-04-29 00:11:27,166.678,20255,0,3376063,1
2018-04-29 00:11:40,6.137,20240,0,124213,1
2018-04-29 00:11:41,1.6356,20240,0,33105,1
2018-04-29 00:11:41,190.4279,20240,0,3854261,1
2018-04-29 00:11:41,545.0,20240,0,11030800,1
2018-04-29 00:12:13,23.5393,20150,0,-474317,0
2018-04-29 00:12:18,23.5393,20150,0,474317,1
2018-04-29 00:13:19,5.1,20135,0,-102689,0
2018-04-29 00:13:43,5.1,20135,0,102689,1
2018-04-29 00:13:58,25.6642,20150,0,-517134,0
2018-04-29 00:14:06,25.6642,20140,0,516877,1
2018-04-29 00:14:50,105.5395,20200,0,-2131898,0
2018-04-29 00:14:50,304.22207227,20200,0,-6145286,0
2018-04-29 00:14:51,48.98122772,20200,0,-989421,0
2018-04-29 00:14:58,470.2652,20190,0,-9494654,0
2018-04-29 00:15:41,263.0371,20150,0,5300198,1
2018-04-29 00:15:41,12.3624,20150,0,249102,1
2018-04-29 00:15:41,154.6845,20150,0,3116893,1
2018-04-29 00:15:42,8.1876,20150,0,164980,1
2018-04-29 00:15:42,1.994,20150,0,40179,1
2018-04-29 00:15:42,103.4178,20150,0,2083869,1
2018-04-29 00:15:42,3.0,20150,0,60450,1
2018-04-29 00:15:42,6.0,20150,0,120900,1
2018-04-29 00:15:42,91.8032,20150,0,1849834,1
2018-04-29 00:15:42,200.0,20150,0,4030000,1
2018-04-29 00:15:42,10.0,20150,0,201500,1
2018-04-29 00:15:43,5.0,20150,0,100750,1
2018-04-29 00:15:43,4.5787,20150,0,92261,1
2018-04-29 00:15:43,59.305,20150,0,1194996,1
2018-04-29 00:15:43,5.6377,20150,0,113600,1
2018-04-29 00:15:57,71.4188,20135,0,-1438018,0
2018-04-29 00:16:12,71.4188,20180,0,1441231,1
2018-04-29 00:16:20,196.9861,20220,0,-3983059,0
2018-04-29 00:16:20,14.1813,20220,0,-286746,0
2018-04-29 00:16:25,211.1674,20235,0,4272972,1
2018-04-29 00:16:32,110.9902,20255,0,-2248107,0
2018-04-29 00:17:03,110.9902,20250,0,2247552,1
2018-04-29 00:17:36,52.8558,20275,0,-1071651,0
2018-04-29 00:17:36,241.9516,20275,0,-4905569,0
2018-04-29 00:17:36,32.3303,20275,0,-655497,0
2018-04-29 00:17:44,171.4293,20285,0,-3477443,0
2018-04-29 00:17:48,162.0294,20305,0,-3290007,0
2018-04-29 00:18:49,9.3,20370,0,189441,1
2018-04-29 00:20:24,651.2964,20355,0,13257138,1
2018-04-29 00:20:39,1.5054,20335,0,-30612,0
2018-04-29 00:20:43,1.5054,20355,0,30642,1
2018-04-29 00:20:58,10.0279,20360,0,-204168,0
2018-04-29 00:21:04,10.0279,20370,0,204268,1
2018-04-29 00:22:04,50.0,20335,0,-1016750,0
2018-04-29 00:22:09,10.00737644,20335,0,203500,1
2018-04-29 00:22:18,0.32,20295,0,6494,1
2018-04-29 00:22:34,65.1562,20270,0,-1320716,0
2018-04-29 00:22:38,1095.1711,20270,0,-22199118,0
2018-04-29 00:23:21,28.3723,20225,0,573830,1
2018-04-29 00:23:21,272.9183,20230,0,5521137,1
2018-04-29 00:23:30,733.43497343,20235,0,14841057,1
2018-04-29 00:23:34,26.1815,20235,0,529783,1
2018-04-29 00:23:52,139.0929,20240,0,2815240,1
2018-04-29 00:25:17,473.1286,20280,0,-9595048,0
2018-04-29 00:25:22,45.9477,20300,0,-932738,0
2018-04-29 00:25:36,477.5372,20270,0,9679679,1
2018-04-29 00:25:36,41.5391,20270,0,841998,1
2018-04-29 00:25:47,612.9243,20240,0,-12405588,0
2018-04-29 00:26:48,1.0308,20285,0,20910,1
2018-04-29 00:26:48,54.8399,20285,0,1112427,1
2018-04-29 00:26:55,557.0536,20270,0,11291476,1
2018-04-29 00:27:20,11.25,20250,0,-227813,0
2018-04-29 00:27:20,8.49,20250,0,-171923,0
2018-04-29 00:27:29,19.74,20265,0,400031,1
2018-04-29 00:28:47,26.6976,20240,0,-540359,0
2018-04-29 00:28:47,1045.4401,20240,0,-21159708,0
2018-04-29 00:28:48,100.0,20240,0,-2024000,0
2018-04-29 00:28:48,27.8623,20240,0,-563933,0
2018-04-29 00:29:15,429.3133,20195,0,8669982,1
2018-04-29 00:29:15,101.0733,20195,0,2041175,1
2018-04-29 00:29:15,100.0,20195,0,2019500,1
2018-04-29 00:29:32,181.5696,20180,0,3664075,1
2018-04-29 00:29:48,14.2147,20190,0,-286995,0
2018-04-29 00:29:59,53.1067,20185,0,-1071959,0
2018-04-29 00:30:38,10.0208,20195,0,-202370,0
2018-04-29 00:30:38,18.9583,20195,0,-382863,0
2018-04-29 00:30:38,97.56,20195,0,-1970224,0
2018-04-29 00:30:38,170.0332,20195,0,-3433820,0
2018-04-29 00:32:23,291.6585,20245,0,5904626,1
2018-04-29 00:32:31,225.8917,20245,0,4573177,1
2018-04-29 00:32:51,432.5881,20260,0,-8764235,0
2018-04-29 00:32:51,360.1601,20260,0,-7296844,0
2018-04-29 00:33:38,219.2,20310,0,4451952,1
2018-04-29 00:34:00,12.1,20295,0,245570,1
2018-04-29 00:34:00,573.0,20295,0,11629035,1
2018-04-29 00:34:21,23.9959,20280,0,-486637,0
2018-04-29 00:34:21,462.4554,20280,0,-9378596,0
2018-04-29 00:35:50,41.7333,20330,0,848438,1
2018-04-29 00:35:51,5.2,20330,0,105716,1
2018-04-29 00:35:51,5.2,20330,0,105716,1
2018-04-29 00:35:51,210.6,20330,0,4281498,1
2018-04-29 00:35:54,0.9805,20320,0,19924,1
2018-04-29 00:36:13,445.573,20345,0,9065183,1
2018-04-29 00:36:21,104.9629,20365,0,-2137569,0
2018-04-29 00:36:24,6.1323,20375,0,-124946,0
2018-04-29 00:36:28,59.4146,20390,0,-1211464,0
2018-04-29 00:36:34,5.0,20400,0,-102000,0
2018-04-29 00:36:34,20.975,20400,0,-427890,0
2018-04-29 00:36:34,59.2055,20400,0,-1207792,0
2018-04-29 00:36:35,12.2747,20400,0,-250404,0
2018-04-29 00:36:35,236.2487,20400,0,-4819473,0
2018-04-29 00:36:35,0.7143,20400,0,-14572,0
2018-04-29 00:36:35,3.0,20400,0,-61200,0
2018-04-29 00:36:35,43.2278,20400,0,-881847,0
2018-04-29 00:36:35,144.7825,20400,0,-2953563,0
2018-04-29 00:36:36,2.121,20400,0,-43268,0
2018-04-29 00:37:26,698.0593,20400,0,14240410,1
2018-04-29 00:40:03,57.2365,20340,0,-1164190,0
2018-04-29 00:40:18,2.0,20370,0,-40740,0
2018-04-29 00:40:42,24.04541405,20415,0,-490887,0
2018-04-29 00:40:43,284.07,20415,0,-5799289,0
2018-04-29 00:40:55,38.5041,20400,0,785484,1
2018-04-29 00:41:14,1.1,20400,0,-22440,0
2018-04-29 00:41:22,55.8554,20435,0,1141405,1
2018-04-29 00:41:24,274.0924,20435,0,5601078,1
2018-04-29 00:41:28,1.0201,20450,0,-20861,0
2018-04-29 00:41:28,0.6786,20450,0,-13877,0
2018-04-29 00:41:28,200.0,20450,0,-4090000,0
2018-04-29 00:41:35,201.6987,20455,0,4125747,1
2018-04-29 00:42:31,420.1389,20480,0,-8604445,0
2018-04-29 00:42:31,779.8611,20475,0,-15967656,0
2018-04-29 00:42:41,64.4355,20475,0,1319317,1
2018-04-29 00:42:41,813.25877851,20475,0,16651473,1
2018-04-29 00:43:27,303.3313,20440,0,-6200092,0
2018-04-29 00:43:46,207.9047,20450,0,4251651,1
2018-04-29 00:44:07,378.91268665,20455,0,-7750659,0
2018-04-29 00:45:16,699.8193,20470,0,14325301,1
2018-04-29 00:45:20,96.8257,20460,0,1981054,1
2018-04-29 00:46:27,1200.0,20400,0,-24480000,0
2018-04-29 00:46:52,37.5792,20380,0,765864,1
2018-04-29 00:48:37,316.9931,20480,0,6492019,1
2018-04-29 00:48:42,44.8814,20480,0,919171,1
2018-04-29 00:48:46,800.5463,20490,0,16403194,1
2018-04-29 00:49:51,1200.0,20450,0,-24540000,0
2018-04-29 00:49:55,418.7103,20480,0,8575187,1
2018-04-29 00:51:46,200.0,20430,0,4086000,1
2018-04-29 00:51:59,141.4446,20435,0,2890420,1
2018-04-29 00:52:03,227.044,20440,0,4640779,1
2018-04-29 00:53:43,57.897,20430,0,-1182836,0
2018-04-29 00:54:10,10.9165,20400,0,222697,1
2018-04-29 00:54:10,145.838,20400,0,2975095,1
2018-04-29 00:54:10,72.0068,20400,0,1468939,1
2018-04-29 00:54:11,34.269,20400,0,699088,1
2018-04-29 00:54:11,7.6678,20400,0,156423,1
2018-04-29 00:54:24,169.9835,20400,0,-3467663,0
2018-04-29 00:54:24,207.4197,20390,0,-4229288,0
2018-04-29 00:54:46,17.5524,20385,0,-357806,0
2018-04-29 00:56:20,394.9556,20395,0,8055119,1
2018-04-29 00:59:10,1200.0,20450,0,-24540000,0
2018-04-29 01:00:07,181.2279,20540,0,3722421,1
2018-04-29 01:01:38,53.84802812,20625,0,1110616,1
2018-04-29 01:01:39,964.92407187,20625,0,19901559,1
2018-04-29 01:01:50,1200.0,20635,0,-24762000,0
2018-04-29 01:03:26,195.5993,20635,0,4036192,1
2018-04-29 01:03:26,16.3705,20635,0,337805,1
2018-04-29 01:03:34,190.7805,20610,0,3931986,1
2018-04-29 01:03:41,4.545,20585,0,93559,1
2018-04-29 01:03:42,5.1,20585,0,104984,1
2018-04-29 01:03:42,3.3,20585,0,67931,1
2018-04-29 01:03:42,1.0001,20585,0,20587,1
2018-04-29 01:03:58,5.9076,20600,0,121697,1
2018-04-29 01:03:58,38.3713,20600,0,790449,1
2018-04-29 01:04:33,297.7711,20630,0,6143018,1
2018-04-29 01:04:39,441.2546,20610,0,9094257,1
2018-04-29 01:05:12,1200.0,20620,0,-24744000,0
2018-04-29 01:06:48,158.9128,20590,0,3272015,1
2018-04-29 01:07:06,31.1337,20565,0,640265,1
2018-04-29 01:07:18,75.6743,20575,0,1556999,1
2018-04-29 01:07:19,41.8911,20575,0,861909,1
2018-04-29 01:07:22,892.3881,20580,0,18365347,1
2018-04-29 01:07:46,57.8,20570,0,-1188946,0
2018-04-29 01:07:57,57.8,20560,0,1188368,1
2018-04-29 01:12:55,413.1172,20390,0,-8423460,0
2018-04-29 01:12:55,27.0,20390,0,-550530,0
2018-04-29 01:13:05,122.0743,20410,0,-2491536,0
2018-04-29 01:13:05,57.8969,20410,0,-1181676,0
2018-04-29 01:13:37,620.0884,20425,0,12665306,1
2018-04-29 01:13:56,15.2402,20430,0,-311357,0
2018-04-29 01:14:29,1020.80297579,20450,0,-20875421,0
2018-04-29 01:14:30,2.0,20450,0,-40900,0
2018-04-29 01:15:16,128.8624,20450,0,2635236,1
2018-04-29 01:16:27,38.8444,20480,0,795533,1
2018-04-29 01:17:54,777.6,20425,0,15882480,1
2018-04-29 01:18:54,45.5132,20425,0,929607,1
2018-04-29 01:19:03,47.2232,20430,0,964770,1
2018-04-29 01:19:26,357.2028,20440,0,-7301225,0
2018-04-29 01:19:39,57.8081,20445,0,-1181887,0
2018-04-29 01:19:43,61.9038,20450,0,-1265933,0
2018-04-29 01:19:47,2.6013,20460,0,-53223,0
2018-04-29 01:20:07,89.0441458,20490,0,-1824515,0
2018-04-29 01:20:07,5.8938,20490,0,-120764,0
2018-04-29 01:20:07,15.2022,20490,0,-311493,0
2018-04-29 01:20:08,5.09995419,20490,0,-104498,0
2018-04-29 01:21:17,4.558e-05,20490,0,-1,0
2018-04-29 01:21:36,66.0103,20480,0,1351891,1
2018-04-29 01:21:52,40.0986,20480,0,-821219,0
2018-04-29 01:22:01,447.41200585,20490,0,-9167472,0
2018-04-29 01:22:01,14.58579414,20490,0,-298863,0
2018-04-29 01:24:31,5.0644,20495,0,103795,1
2018-04-29 01:24:35,139.977,20490,0,2868129,1
2018-04-29 01:24:44,885.8009,20510,0,18167776,1
2018-04-29 01:25:21,16.3259,20510,0,-334844,0
2018-04-29 01:25:21,254.23,20510,0,-5214257,0
2018-04-29 01:25:21,98.2646,20510,0,-2015407,0
2018-04-29 01:25:30,98.317,20530,0,-2018448,0
2018-04-29 01:25:30,599.6315,20530,0,-12310435,0
2018-04-29 01:26:31,2.0,20540,0,41080,1
2018-04-29 01:26:37,1.3,20560,0,26728,1
2018-04-29 01:26:50,10.4364,20540,0,214364,1
2018-04-29 01:26:50,11.9675,20540,0,245812,1
2018-04-29 01:27:28,2.6824,20545,0,55110,1
2018-04-29 01:27:58,1038.3827,20525,0,21312805,1
2018-04-29 01:29:27,296.67470549,20475,0,-6074415,0
2018-04-29 01:29:27,109.4607945,20475,0,-2241210,0
2018-04-29 01:29:31,23.8492,20485,0,-488551,0
2018-04-29 01:29:41,556.8569,20480,0,-11404429,0
2018-04-29 01:30:43,897.68675725,20450,0,18357694,1
2018-04-29 01:30:43,14.15484274,20450,0,289467,1
2018-04-29 01:30:43,50.0,20450,0,1022500,1
2018-04-29 01:30:43,25.0,20450,0,511250,1
2018-04-29 01:32:04,24.5587,20400,0,-500997,0
2018-04-29 01:32:18,24.5587,20375,0,500384,1
2018-04-29 01:33:05,4.4075,20380,0,-89825,0
2018-04-29 01:33:05,1.9036,20380,0,-38795,0
2018-04-29 01:33:52,6.3111,20335,0,128336,1
2018-04-29 01:35:34,421.26007807,20345,0,-8570536,0
2018-04-29 01:35:38,1.0,20380,0,-20380,0
2018-04-29 01:35:38,252.5846,20380,0,-5147674,0
2018-04-29 01:35:38,525.1554,20380,0,-10702667,0
2018-04-29 01:36:56,348.6027,20310,0,7080121,1
2018-04-29 01:36:56,708.1108,20310,0,14381730,1
2018-04-29 01:36:57,35.2744,20310,0,716423,1
2018-04-29 01:37:01,108.0121,20310,0,2193726,1
2018-04-29 01:37:40,76.1189,20230,0,-1539885,0
2018-04-29 01:38:10,70.0,20205,0,1414350,1
2018-04-29 01:38:10,6.1189,20205,0,123632,1
2018-04-29 01:39:26,522.3029,20130,0,-10513957,0
2018-04-29 01:39:30,95.05,20150,0,-1915258,0
2018-04-29 01:39:42,7.7,20160,0,155232,1
2018-04-29 01:39:46,1.9,20150,0,38285,1
2018-04-29 01:39:46,2.9,20160,0,58464,1
2018-04-29 01:39:47,7.7,20150,0,155155,1
2018-04-29 01:39:47,30.8,20150,0,620620,1
2018-04-29 01:39:47,1.1,20150,0,22165,1
2018-04-29 01:39:48,3.9,20150,0,78585,1
2018-04-29 01:40:21,7.0,20175,0,141225,1
2018-04-29 01:40:22,554.3529,20175,0,11184070,1
2018-04-29 01:41:19,200.0,20300,0,-4060000,0
2018-04-29 01:41:19,656.67466305,20300,0,-13330496,0
2018-04-29 01:41:20,343.32533694,20300,0,-6969504,0
2018-04-29 01:42:07,146.0589,20300,0,2964996,1
2018-04-29 01:42:07,11.4858,20300,0,233162,1
2018-04-29 01:42:07,53.2033,20300,0,1080027,1
2018-04-29 01:42:14,171.4698,20270,0,3475693,1
2018-04-29 01:42:14,200.0,20270,0,4054000,1
2018-04-29 01:43:26,0.152,20290,0,3084,1
2018-04-29 01:43:27,76.0055,20290,0,1542152,1
2018-04-29 01:43:27,22.82,20290,0,463018,1
2018-04-29 01:43:34,13.2658,20310,0,269428,1
2018-04-29 01:45:04,34.0053,20300,0,-690308,0
2018-04-29 01:45:37,92.9758,20295,0,1886944,1
2018-04-29 01:45:37,32.9779,20300,0,669451,1
2018-04-29 01:45:47,5.47,20300,0,111041,1
2018-04-29 01:45:47,6.5603,20300,0,133174,1
2018-04-29 01:45:53,79.4191,20275,0,-1610222,0
2018-04-29 01:46:41,19.7287,20275,0,399999,1
2018-04-29 01:46:48,50.0,20260,0,1013000,1
2018-04-29 01:46:48,127.0275,20260,0,2573577,1
2018-04-29 01:47:01,58.289,20225,0,-1178895,0
2018-04-29 01:47:40,174.9663,20220,0,-3537819,0
2018-04-29 01:47:44,87.5263,20220,0,-1769782,0
2018-04-29 01:50:36,605.0047,20220,0,12233195,1
2018-04-29 01:54:31,119.1959,20265,0,-2415505,0
2018-04-29 01:54:36,3.887e-05,20270,0,-1,0
2018-04-29 01:54:39,330.9319,20270,0,-6707990,0
2018-04-29 01:55:56,1.3753,20270,0,27877,1
2018-04-29 01:55:56,448.7526,20270,0,9096215,1
2018-04-29 01:58:14,15.0568,20230,0,-304599,0
2018-04-29 01:58:33,320.6181,20200,0,-6476486,0
2018-04-29 01:58:47,305.7572,20180,0,-6170180,0
2018-04-29 02:00:03,7.4092,20095,0,148888,1
2018-04-29 02:00:07,97.5513,20075,0,1958342,1
2018-04-29 02:00:07,7.4107,20075,0,148770,1
2018-04-29 02:00:40,544.68026107,20090,0,-10942626,0
2018-04-29 02:00:40,96.8933,20090,0,-1946586,0
2018-04-29 02:00:40,29.36553892,20090,0,-589954,0
2018-04-29 02:04:31,1.8769,20205,0,37923,1
2018-04-29 02:04:44,386.0775,20215,0,7804557,1
2018-04-29 02:04:48,108.9899,20200,0,2201596,1
2018-04-29 02:05:18,10.0,20195,0,201950,1
2018-04-29 02:05:26,1.6402,20180,0,33099,1
2018-04-29 02:05:50,12.6676,20150,0,255252,1
2018-04-29 02:05:50,128.9872,20150,0,2599092,1
2018-04-29 02:05:59,1.0,20115,0,20115,1
2018-04-29 02:06:11,240.56007611,20115,0,-4838866,0
2018-04-29 02:12:01,200.2743,20155,0,4036529,1
2018-04-29 02:12:01,50.6539,20155,0,1020929,1
2018-04-29 02:12:08,36.8128,20155,0,741962,1
2018-04-29 02:12:09,1.0,20155,0,20155,1
2018-04-29 02:12:35,333.3127,20145,0,-6714584,0
2018-04-29 02:12:42,138.4651,20160,0,2791456,1
2018-04-29 02:13:06,695.4274,20125,0,13995476,1
2018-04-29 02:14:04,3.5263,20080,0,-70808,0
2018-04-29 02:14:27,1194.7183,20085,0,-23995917,0
2018-04-29 02:14:27,1.7554,20085,0,-35257,0
2018-04-29 02:15:52,1200.0,20075,0,24090000,1
2018-04-29 02:17:00,196.234,20090,0,-3942341,0
2018-04-29 02:17:11,102.7455,20110,0,-2066212,0
2018-04-29 02:17:15,183.9661,20155,0,-3707837,0
2018-04-29 02:17:19,64.5465,20155,0,-1300935,0
2018-04-29 02:18:13,20.3857,20160,0,410976,1
2018-04-29 02:18:18,5.0359,20155,0,101499,1
2018-04-29 02:19:08,8.6774,20170,0,175023,1
2018-04-29 02:23:25,36.4029,20185,0,734793,1
2018-04-29 02:24:01,221.606,20185,0,4473117,1
2018-04-29 02:24:01,164.4963,20185,0,3320358,1
2018-04-29 02:24:41,161.5989,20205,0,-3265106,0
2018-04-29 02:24:50,400.0,20225,0,-8090000,0
2018-04-29 02:24:50,147.03328462,20230,0,-2974483,0
2018-04-29 02:24:50,97.1824,20230,0,-1966000,0
2018-04-29 02:24:50,299.98,20230,0,-6068595,0
2018-04-29 02:26:24,198.00899763,20300,0,4019583,1
2018-04-29 02:26:45,20.2326,20320,0,411126,1
2018-04-29 02:26:45,756.6115,20320,0,15374346,1
2018-04-29 02:26:46,78.2445,20320,0,1589928,1
2018-04-29 02:26:50,5.2,20325,0,105690,1
2018-04-29 02:26:56,85.478,20275,0,1733066,1
2018-04-29 02:26:56,46.709,20275,0,947025,1
2018-04-29 02:26:56,6.1979,20275,0,125662,1
2018-04-29 02:28:14,2.5,20280,0,-50700,0
2018-04-29 02:28:18,2.5,20280,0,50700,1
2018-04-29 02:38:47,6.1304,20345,0,-124723,0
2018-04-29 02:39:23,0.0007,20340,0,14,1
2018-04-29 02:41:15,6.1297,20355,0,124770,1
2018-04-29 02:42:17,41.58301472,20375,0,-847254,0
2018-04-29 02:42:30,120.1208,20400,0,-2450464,0
2018-04-29 02:42:30,3.6,20400,0,-73440,0
2018-04-29 02:42:30,93.7989,20400,0,-1913498,0
2018-04-29 02:42:30,3.9,20400,0,-79560,0
2018-04-29 02:42:30,11.666,20400,0,-237986,0
2018-04-29 02:42:31,75.6294,20400,0,-1542840,0
2018-04-29 02:42:31,122.6311,20400,0,-2501674,0
2018-04-29 02:42:31,50.0,20400,0,-1020000,0
2018-04-29 02:42:31,98.9466,20400,0,-2018511,0
2018-04-29 02:42:31,98.8968,20400,0,-2017495,0
2018-04-29 02:42:55,308.3115,20390,0,6286471,1
2018-04-29 02:43:33,218.7,20410,0,4463667,1
2018-04-29 02:43:55,49.34653586,20410,0,-1007163,0
2018-04-29 02:43:55,444.79596413,20410,0,-9078286,0
2018-04-29 02:44:16,1.0,20420,0,20420,1
2018-04-29 02:44:16,21.4302,20420,0,437605,1
2018-04-29 02:44:20,551.2169,20420,0,11255849,1
2018-04-29 02:44:30,3.2,20420,0,-65344,0
2018-04-29 02:44:37,7.9,20420,0,-161318,0
2018-04-29 02:44:48,10.9935,20415,0,224432,1
2018-04-29 02:44:49,22.1533,20415,0,452260,1
2018-04-29 02:44:53,92.2097,20420,0,1882922,1
2018-04-29 02:46:58,10.7544,20435,0,-219766,0
2018-04-29 02:46:58,9.3959,20435,0,-192005,0
2018-04-29 02:47:21,20.1503,20440,0,411872,1
2018-04-29 02:48:42,169.9282,20405,0,-3467385,0
2018-04-29 02:48:59,169.9282,20400,0,3466535,1
2018-04-29 02:49:39,148.0213,20360,0,-3013714,0
2018-04-29 02:49:59,28.2237,20360,0,-574635,0
2018-04-29 02:51:13,176.245,20300,0,3577774,1
2018-04-29 02:51:57,0.2355,20300,0,-4781,0
2018-04-29 02:54:19,760.5204,20250,0,-15400538,0
2018-04-29 02:54:19,41.937,20250,0,-849224,0
2018-04-29 02:55:24,802.6929,20280,0,16278612,1
2018-04-29 02:55:40,16.2368,20300,0,-329607,0
2018-04-29 02:55:40,949.3453,20300,0,-19271710,0
2018-04-29 02:55:41,20.0,20300,0,-406000,0
2018-04-29 02:55:41,20.7271,20300,0,-420760,0
2018-04-29 02:55:41,115.533,20300,0,-2345320,0
2018-04-29 02:55:41,29.895,20300,0,-606869,0
2018-04-29 02:57:10,13.7402,20315,0,279132,1
2018-04-29 02:58:52,33.5676,20295,0,681254,1
2018-04-29 02:58:52,1.0,20295,0,20295,1
2018-04-29 02:59:05,64.5908,20290,0,1310547,1
2018-04-29 02:59:05,240.0,20290,0,4869600,1
2018-04-29 02:59:10,338.6479,20280,0,6867779,1
2018-04-29 02:59:15,97.6112,20270,0,1978579,1
2018-04-29 02:59:20,21.9358,20275,0,444748,1
2018-04-29 03:00:34,35.4542,20310,0,-720075,0
2018-04-29 03:00:34,5.0162,20310,0,-101879,0
2018-04-29 03:00:45,1.0,20310,0,20310,1
2018-04-29 03:00:57,39.3262,20310,0,798715,1
2018-04-29 03:00:57,284.093,20310,0,5769929,1
2018-04-29 03:01:01,56.6949,20335,0,1152891,1
2018-04-29 03:03:14,0.0539,20380,0,-1098,0
2018-04-29 03:03:14,100.9811,20380,0,-2057995,0
2018-04-29 03:03:14,150.8663,20380,0,-3074655,0
2018-04-29 03:04:31,2.0019,20350,0,40739,1
2018-04-29 03:04:46,6.796e-05,20355,0,-1,0
2018-04-29 03:04:50,262.1531,20350,0,-5334816,0
2018-04-29 03:04:57,0.0001,20355,0,-2,0
2018-04-29 03:06:30,116.806,20350,0,2377002,1
2018-04-29 03:06:30,31.7199,20350,0,645500,1
2018-04-29 03:06:30,0.55,20350,0,11193,1
2018-04-29 03:06:34,98.4788,20350,0,2004044,1
2018-04-29 03:09:37,72.6985,20340,0,1478687,1
2018-04-29 03:09:41,191.7994,20340,0,3901200,1
2018-04-29 03:13:50,9.5318,20445,0,-194878,0
2018-04-29 03:13:55,9.5318,20440,0,194830,1
2018-04-29 03:14:22,1.6,20445,0,-32712,0
2018-04-29 03:14:45,11.0,20475,0,-225225,0
2018-04-29 03:15:27,12.6,20470,0,257922,1
2018-04-29 03:19:52,95.7326,20425,0,-1955338,0
2018-04-29 03:19:52,37.9,20425,0,-774108,0
2018-04-29 03:20:07,1.0,20430,0,20430,1
2018-04-29 03:20:32,34.2714,20460,0,-701193,0
2018-04-29 03:20:32,17.0,20460,0,-347820,0
2018-04-29 03:20:43,1.0,20460,0,20460,1
2018-04-29 03:20:53,5.2,20475,0,106470,1
2018-04-29 03:20:53,56.7637,20470,0,1161953,1
2018-04-29 03:21:01,120.9403,20455,0,2473834,1
2018-04-29 03:28:10,60.0244,20345,0,-1221196,0
2018-04-29 03:28:11,58.017,20345,0,-1180356,0
2018-04-29 03:28:15,35.362,20350,0,719617,1
2018-04-29 03:30:24,10.3679,20390,0,211401,1
2018-04-29 03:31:15,597.0692,20405,0,-12183197,0
2018-04-29 03:31:15,1.0001,20405,0,-20407,0
2018-04-29 03:33:25,118.9379,20450,0,2432280,1
2018-04-29 03:34:51,551.4429,20460,0,11282522,1
2018-04-29 03:40:21,43.6745,20400,0,-890960,0
2018-04-29 03:40:34,244.5994,20395,0,-4988605,0
2018-04-29 03:41:37,5.0,20395,0,101975,1
2018-04-29 03:42:07,916.7261,20395,0,-18696629,0
2018-04-29 03:47:21,37.2,20415,0,759438,1
2018-04-29 03:47:25,113.36,20420,0,2314811,1
2018-04-29 03:50:01,0.3437,20450,0,7029,1
2018-04-29 03:51:12,52.7191,20410,0,1075997,1
2018-04-29 03:54:15,122.46,20405,0,2498796,1
2018-04-29 03:56:12,5.8025,20430,0,118545,1
2018-04-29 03:57:12,2.5,20410,0,51025,1
2018-04-29 03:57:13,390.64,20410,0,7972962,1
2018-04-29 03:57:13,210.6201,20410,0,4298756,1
2018-04-29 03:57:16,67.4435,20425,0,1377533,1
2018-04-29 03:58:23,1003.0889,20405,0,-20468029,0
2018-04-29 04:02:27,31.4349,20405,0,641429,1
2018-04-29 04:02:27,6.14349424,20405,0,125358,1
2018-04-29 04:11:43,153.2501,20400,0,3126302,1
2018-04-29 04:11:58,185.7772,20400,0,3789855,1
2018-04-29 04:12:02,823.3943,20375,0,16776659,1
2018-04-29 04:13:38,95.8629,20365,0,-1952248,0
2018-04-29 04:18:21,481.8718,20325,0,-9794044,0
2018-04-29 04:18:25,58.0249,20355,0,-1181097,0
2018-04-29 04:18:25,12.9795,20355,0,-264198,0
2018-04-29 04:23:16,1.6,20315,0,32504,1
2018-04-29 04:25:55,4.0,20310,0,81240,1
2018-04-29 04:30:16,45.3816081,20350,0,923516,1
2018-04-29 04:30:17,11.56,20350,0,235246,1
2018-04-29 04:30:29,16.5038,20370,0,336182,1
2018-04-29 04:30:41,100.4655,20370,0,2046482,1
2018-04-29 04:31:25,4.9182,20335,0,-100012,0
2018-04-29 04:32:26,1.0,20335,0,20335,1
2018-04-29 04:36:32,60.9446,20400,0,1243270,1
2018-04-29 04:37:23,1.091,20390,0,-22245,0
2018-04-29 04:37:31,647.822,20370,0,-13196134,0
2018-04-29 04:41:54,566.385,20400,0,11554254,1
2018-04-29 04:42:16,7.5,20435,0,153263,1
2018-04-29 04:42:25,1.2,20420,0,-24504,0
2018-04-29 04:42:34,14.7,20460,0,300762,1
2018-04-29 04:42:34,5.5,20460,0,112530,1
2018-04-29 04:42:38,468.2298,20445,0,9572958,1
2018-04-29 05:05:20,2.505,20585,0,-51565,0
2018-04-29 05:05:28,2.505,20585,0,51565,1
2018-04-29 05:07:35,55.8452,20565,0,-1148457,0
2018-04-29 05:07:39,98.0798,20590,0,-2019463,0
2018-04-29 05:08:09,153.925,20595,0,3170085,1
2018-04-29 05:15:09,97.4658,20520,0,-1999998,0
2018-04-29 05:15:25,2.0328,20540,0,-41754,0
2018-04-29 05:15:48,70.3401,20550,0,1445489,1
2018-04-29 05:18:54,34.9092,20530,0,-716686,0
2018-04-29 05:19:41,64.0677,20555,0,1316912,1
2018-04-29 05:23:46,212.6944,20710,0,-4404901,0
2018-04-29 05:23:46,300.0,20710,0,-6213000,0
2018-04-29 05:23:50,293.6452,20730,0,-6087265,0
2018-04-29 05:24:20,250.9476,20720,0,5199634,1
2018-04-29 05:24:28,49.5501,20710,0,1026183,1
2018-04-29 05:24:33,389.001,20705,0,8054266,1
2018-04-29 05:24:33,52.1424,20705,0,1079608,1
2018-04-29 05:24:33,64.6985,20705,0,1339582,1
2018-04-29 05:25:09,1.5,20650,0,-30975,0
2018-04-29 05:25:09,3.4,20650,0,-70210,0
2018-04-29 05:25:09,88.81314624,20650,0,-1833991,0
2018-04-29 05:26:39,93.7132,20695,0,1939395,1
2018-04-29 05:28:36,5.4,20615,0,-111321,0
2018-04-29 05:28:46,2.1108,20640,0,43567,1
2018-04-29 05:28:48,3.2,20605,0,-65936,0
2018-04-29 05:29:58,0.9506,20655,0,19635,1
2018-04-29 05:30:14,0.7565,20660,0,15629,1
2018-04-29 05:31:45,4.7821,20670,0,98846,1
2018-04-29 05:34:39,37.8181,20660,0,-781322,0
2018-04-29 05:34:53,37.8181,20655,0,781133,1
2018-04-29 05:34:58,1200.0,20600,0,-24720000,0
2018-04-29 05:37:10,60.0372,20650,0,1239768,1
2018-04-29 05:37:32,1139.9628,20680,0,23574431,1
2018-04-29 05:38:38,29.5921,20705,0,-612704,0
2018-04-29 05:41:54,16.1446,20720,0,-334516,0
2018-04-29 05:41:54,1.0224,20720,0,-21184,0
2018-04-29 05:41:54,58.2852,20720,0,-1207669,0
2018-04-29 05:41:55,124.9639,20720,0,-2589252,0
2018-04-29 05:41:58,10.127,20720,0,-209831,0
2018-04-29 05:42:19,0.1259,20720,0,2609,1
2018-04-29 05:42:35,28.9702,20720,0,-600263,0
2018-04-29 05:42:44,268.9795,20720,0,5573255,1
2018-04-29 05:44:30,6.988e-05,20720,0,-1,0
2018-04-29 05:44:34,103.2626,20720,0,-2139601,0
2018-04-29 05:45:05,103.2626,20730,0,2140634,1
2018-04-29 05:46:06,233.5882,20745,0,-4845787,0
2018-04-29 05:46:06,63.7,20745,0,-1321457,0
2018-04-29 05:46:06,89.43038276,20745,0,-1855233,0
2018-04-29 05:48:14,119.827,20760,0,-2487609,0
2018-04-29 05:48:14,4.0673,20760,0,-84437,0
2018-04-29 05:48:14,50.0,20760,0,-1038000,0
2018-04-29 05:48:14,1.5,20760,0,-31140,0
2018-04-29 05:48:15,359.6442,20760,0,-7466214,0
2018-04-29 05:49:10,921.7571,20785,0,19158721,1
2018-04-29 05:50:57,11.4724,20800,0,-238626,0
2018-04-29 05:50:57,39.2866,20805,0,-817358,0
2018-04-29 05:51:08,0.8549,20800,0,17782,1
2018-04-29 05:51:11,12.0474,20800,0,-250586,0
2018-04-29 05:51:30,61.9515,20800,0,1288591,1
2018-04-29 05:52:47,1200.0,20770,0,-24924000,0
2018-04-29 05:54:04,1017.0006,20770,0,21123102,1
2018-04-29 05:54:04,12.0163,20770,0,249579,1
2018-04-29 05:54:05,170.9831,20770,0,3551319,1
2018-04-29 05:55:21,35.9522,20750,0,-746008,0
2018-04-29 05:56:02,35.9522,20675,0,743312,1
2018-04-29 05:56:18,1200.0,20650,0,-24780000,0
2018-04-29 05:57:24,2.43664717,20520,0,50000,1
2018-04-29 05:57:24,685.8605,20520,0,14073857,1
2018-04-29 05:57:24,297.2819,20520,0,6100225,1
2018-04-29 05:58:10,106.5728,20605,0,-2195933,0
2018-04-29 05:58:14,50.4118,20605,0,-1038735,0
2018-04-29 05:58:29,349.03379815,20620,0,-7197077,0
2018-04-29 06:00:25,102.9619,20500,0,2110719,1
2018-04-29 06:03:41,0.6,20595,0,12357,1
2018-04-29 06:03:42,33.2438,20595,0,684656,1
2018-04-29 06:03:46,100.0,20595,0,2059500,1
2018-04-29 06:04:29,8.601,20600,0,177181,1
2018-04-29 06:04:29,19.8093,20600,0,408072,1
2018-04-29 06:04:29,95.0409,20600,0,1957843,1
2018-04-29 06:04:29,5.9509,20600,0,122589,1
2018-04-29 06:04:29,93.3716,20600,0,1923455,1
2018-04-29 06:04:30,10.8975,20600,0,224489,1
2018-04-29 06:04:43,50.0,20600,0,1030000,1
2018-04-29 06:05:14,10.9864,20595,0,-226265,0
2018-04-29 06:05:46,103.2174,20610,0,2127311,1
2018-04-29 06:05:47,4.6292,20610,0,95408,1
2018-04-29 06:05:49,9.5,20595,0,-195653,0
2018-04-29 06:07:29,0.2043,20510,0,-4190,0
2018-04-29 06:07:33,41.19,20505,0,-844601,0
2018-04-29 06:07:41,28.68,20500,0,-587940,0
2018-04-29 06:07:58,27.0,20510,0,-553770,0
2018-04-29 06:08:13,200.72165609,20500,0,-4114794,0
2018-04-29 06:08:14,10.1172,20500,0,-207403,0
2018-04-29 06:08:17,100.526,20485,0,-2059275,0
2018-04-29 06:08:22,199.9738,20500,0,-4099463,0
2018-04-29 06:14:00,6.0,20525,0,123150,1
2018-04-29 06:15:07,112.18,20555,0,2305860,1
2018-04-29 06:15:13,9.2,20565,0,189198,1
2018-04-29 06:15:17,4.5713,20535,0,93872,1
2018-04-29 06:15:18,15.8413,20535,0,325301,1
2018-04-29 06:15:18,285.8004,20535,0,5868911,1
2018-04-29 06:15:27,15.97272948,20535,0,328000,1
2018-04-29 06:15:33,9.7204,20540,0,199657,1
2018-04-29 06:15:42,21.0275,20540,0,431905,1
2018-04-29 06:16:23,50.0,20550,0,1027500,1
2018-04-29 06:16:48,8.396e-05,20545,0,-2,0
2018-04-29 06:17:01,18.1596,20550,0,-373180,0
2018-04-29 06:17:58,208.8613,20545,0,4291055,1
2018-04-29 06:20:04,847.4964,20550,0,-17416051,0
2018-04-29 06:23:52,38.5651,20570,0,793284,1
2018-04-29 06:25:19,206.9122,20550,0,4252046,1
2018-04-29 06:25:19,111.0103,20550,0,2281262,1
2018-04-29 06:25:19,473.214,20550,0,9724548,1
2018-04-29 06:25:19,10.0,20550,0,205500,1
2018-04-29 06:26:11,285.0786,20540,0,-5855514,0
2018-04-29 06:26:20,227.2653,20540,0,-4668029,0
2018-04-29 06:26:24,185.07864976,20555,0,-3804292,0
2018-04-29 06:26:24,99.99995023,20555,0,-2055499,0
2018-04-29 06:30:49,0.1,20565,0,2057,1
2018-04-29 06:31:14,1.0,20520,0,20520,1
2018-04-29 06:31:24,804.1173,20500,0,16484405,1
2018-04-29 06:31:38,16.1421,20430,0,-329783,0
2018-04-29 06:31:48,100.0,20365,0,-2036500,0
2018-04-29 06:31:56,18.08,20385,0,-368561,0
2018-04-29 06:31:56,262.8498,20385,0,-5358193,0
2018-04-29 06:32:05,588.8126,20365,0,-11991169,0
2018-04-29 06:35:54,2.0,20340,0,40680,1
2018-04-29 06:35:54,3.1,20340,0,63054,1
2018-04-29 06:36:28,7.6,20340,0,154584,1
2018-04-29 06:39:12,16.1874,20345,0,329333,1
2018-04-29 06:39:31,57.0601,20330,0,1160032,1
2018-04-29 06:39:31,13.8331,20330,0,281227,1
2018-04-29 06:39:31,1.0,20330,0,20330,1
2018-04-29 06:39:32,15.77137235,20330,0,320632,1
2018-04-29 06:40:11,169.1604,20315,0,3436494,1
2018-04-29 06:40:32,7.6511,20295,0,155279,1
2018-04-29 06:40:32,40.0,20295,0,811800,1
2018-04-29 06:40:32,103.922,20295,0,2109097,1
2018-04-29 06:40:33,13.9324,20295,0,282758,1
2018-04-29 06:40:54,259.8687,20300,0,-5275335,0
2018-04-29 06:40:54,7.47,20300,0,-151641,0
2018-04-29 06:40:54,0.23,20300,0,-4669,0
2018-04-29 06:40:59,3.8,20300,0,77140,1
2018-04-29 06:43:18,4.2,20250,0,85050,1
2018-04-29 06:43:18,173.6269,20250,0,3515945,1
2018-04-29 06:43:19,57.121,20245,0,1156415,1
2018-04-29 06:43:30,63.6363,20240,0,-1287999,0
2018-04-29 06:46:24,100.385,20300,0,2037816,1
2018-04-29 06:47:12,28.2692,20330,0,-574713,0
2018-04-29 06:47:16,596.96565224,20335,0,-12139297,0
2018-04-29 06:47:16,48.02644775,20335,0,-976618,0
2018-04-29 06:48:20,1200.0,20370,0,24444000,1
2018-04-29 06:48:53,370.7597,20340,0,-7541252,0
2018-04-29 06:49:37,363.0313,20300,0,7369535,1
2018-04-29 06:49:40,7.7284,20290,0,156809,1
2018-04-29 06:51:18,102.8455,20315,0,-2089306,0
2018-04-29 06:52:18,19.5309,20335,0,-397161,0
2018-04-29 06:52:23,23.9524,20335,0,-487072,0
2018-04-29 06:52:30,146.3288,20365,0,2979986,1
2018-04-29 06:53:13,4.8639,20340,0,-98932,0
2018-04-29 06:54:23,4.8639,20325,0,98859,1
2018-04-29 06:58:35,1.0042,20350,0,-20435,0
2018-04-29 06:59:05,1.0042,20390,0,20476,1
2018-04-29 07:11:09,39.553,20485,0,-810243,0
2018-04-29 07:11:13,39.59,20510,0,-811991,0
2018-04-29 07:11:47,79.143,20500,0,1622432,1
2018-04-29 07:14:54,4.586e-05,20540,0,-1,0
2018-04-29 07:16:49,54.338,20450,0,-1111212,0
2018-04-29 07:17:05,54.3381,20480,0,1112844,1
2018-04-29 07:22:53,9.7,20470,0,-198559,0
2018-04-29 07:23:58,4.4e-05,20450,0,-1,0
2018-04-29 07:23:58,9.985,20450,0,-204193,0
2018-04-29 07:24:27,35.622,20445,0,-728292,0
2018-04-29 07:24:36,75.4098,20445,0,-1541753,0
2018-04-29 07:25:52,464.0585,20450,0,-9489996,0
2018-04-29 07:27:49,143.9888,20475,0,-2948171,0
2018-04-29 07:28:47,146.5231,20480,0,3000793,1
2018-04-29 07:28:49,39.83,20480,0,815718,1
2018-04-29 07:28:52,4.8573,20485,0,99502,1
2018-04-29 07:28:59,1.0,20480,0,20480,1
2018-04-29 07:29:09,145.3217,20455,0,-2972555,0
2018-04-29 07:29:36,74.516,20500,0,1527578,1
2018-04-29 07:29:37,132.0,20500,0,2706000,1
2018-04-29 07:30:41,73.2658,20500,0,-1501949,0
2018-04-29 07:30:47,76.276,20505,0,-1564039,0
2018-04-29 07:36:59,25.0267,20515,0,513423,1
2018-04-29 07:36:59,395.1,20515,0,8105477,1
2018-04-29 07:38:25,9.985,20510,0,-204792,0
2018-04-29 07:40:42,74.9744,20500,0,1536975,1
2018-04-29 07:40:42,12.9596,20500,0,265672,1
2018-04-29 07:40:42,100.0,20500,0,2050000,1
2018-04-29 07:41:09,41.2249,20500,0,-845110,0
2018-04-29 07:41:51,78.0504,20500,0,1600033,1
2018-04-29 07:47:22,122.8347,20400,0,-2505828,0
2018-04-29 07:47:22,26.64250186,20400,0,-543507,0
2018-04-29 07:47:22,12.04449813,20400,0,-245708,0
2018-04-29 07:47:22,51.5084,20400,0,-1050771,0
2018-04-29 07:47:22,27.2367,20400,0,-555629,0
2018-04-29 07:47:33,1.0,20420,0,20420,1
2018-04-29 07:47:49,51.6568,20395,0,1053540,1
2018-04-29 07:47:50,10.44,20395,0,212924,1
2018-04-29 07:48:11,131.7507,20410,0,2689032,1
2018-04-29 07:48:12,44.06,20410,0,899265,1
2018-04-29 07:48:15,1.3593,20410,0,27743,1
2018-04-29 07:49:01,10.0243,20410,0,-204596,0
2018-04-29 07:49:38,0.8,20410,0,16328,1
2018-04-29 07:50:21,1.3962,20395,0,-28475,0
2018-04-29 07:50:21,102.9024,20395,0,-2098694,0
2018-04-29 07:50:26,0.0562,20390,0,1146,1
2018-04-29 07:50:40,7.4763,20420,0,-152666,0
2018-04-29 07:51:23,6.1399,20435,0,-125469,0
2018-04-29 07:53:10,71.7538,20460,0,1468083,1
2018-04-29 07:53:14,5.0,20450,0,102250,1
2018-04-29 07:53:18,5.2,20445,0,106314,1
2018-04-29 07:54:45,382.0453,20435,0,-7807096,0
2018-04-29 07:55:13,3.4757,20440,0,-71043,0
2018-04-29 07:55:21,1.0,20440,0,20440,1
2018-04-29 07:56:13,2.0,20420,0,-40840,0
2018-04-29 07:56:52,173.8047,20425,0,3549961,1
2018-04-29 07:59:54,6.7254,20435,0,137434,1
2018-04-29 08:00:16,9.407e-05,20435,0,-2,0
2018-04-29 08:00:50,649.58961862,20440,0,-13277612,0
2018-04-29 08:02:20,817.0086,20435,0,16695571,1
2018-04-29 08:02:45,27.3501,20440,0,-559036,0
2018-04-29 08:03:50,334.33608865,20445,0,-6835501,0
2018-04-29 08:03:51,2.0048,20445,0,-40988,0
2018-04-29 08:03:51,99.99991134,20445,0,-2044498,0
2018-04-29 08:03:54,648.7345,20450,0,-13266621,0
2018-04-29 08:03:54,3.8734,20450,0,-79211,0
2018-04-29 08:07:30,1199.9999,20450,0,24539998,1
2018-04-29 08:07:35,362.6009,20430,0,-7407936,0
2018-04-29 08:09:22,125.9883,20440,0,2575201,1
2018-04-29 08:10:10,109.9829,20450,0,2249150,1
2018-04-29 08:10:10,126.6297,20450,0,2589577,1
2018-04-29 08:11:59,1.673,20390,0,-34112,0
2018-04-29 08:12:17,1.673,20400,0,34129,1
2018-04-29 08:13:09,152.4519,20370,0,-3105445,0
2018-04-29 08:13:58,200.4365,20370,0,-4082892,0
2018-04-29 08:16:06,25.0,20400,0,-510000,0
2018-04-29 08:16:19,216.9791,20400,0,-4426374,0
2018-04-29 08:16:32,33.952,20400,0,692621,1
2018-04-29 08:17:01,5.4,20400,0,110160,1
2018-04-29 08:17:02,5.4,20400,0,110160,1
2018-04-29 08:17:14,17.5932,20400,0,358901,1
2018-04-29 08:17:34,14.3683,20380,0,-292826,0
2018-04-29 08:17:37,200.0,20400,0,4080000,1
2018-04-29 08:17:41,5.2,20395,0,106054,1
2018-04-29 08:17:41,341.6906,20395,0,6968780,1
2018-04-29 08:20:18,17.5992,20415,0,-359288,0
2018-04-29 08:20:26,49.8351,20420,0,-1017633,0
2018-04-29 08:20:26,155.4552,20420,0,-3174395,0
2018-04-29 08:20:37,35.8018,20420,0,-731073,0
2018-04-29 08:21:35,258.6913,20425,0,5283770,1
2018-04-29 08:22:54,106.1514,20400,0,-2165489,0
2018-04-29 08:23:03,1000.0,20400,0,-20400000,0
2018-04-29 08:25:45,1.0,20370,0,20370,1
2018-04-29 08:25:45,1.0,20370,0,20370,1
2018-04-29 08:25:45,318.6135,20370,0,6490157,1
2018-04-29 08:25:46,260.935,20370,0,5315246,1
2018-04-29 08:25:46,26.7902,20370,0,545716,1
2018-04-29 08:25:46,54.7298,20370,0,1114846,1
2018-04-29 08:25:46,39.2179,20370,0,798869,1
2018-04-29 08:25:50,363.3817,20365,0,7400268,1
2018-04-29 08:25:50,40.1958,20365,0,818587,1
2018-04-29 08:25:50,0.2875,20365,0,5855,1
2018-04-29 08:26:42,486.2472,20330,0,-9885406,0
2018-04-29 08:26:55,713.7528,20330,0,-14510594,0
2018-04-29 08:27:58,1.9563,20300,0,39713,1
2018-04-29 08:27:58,46.8,20300,0,950040,1
2018-04-29 08:28:03,587.78,20285,0,11923117,1
2018-04-29 08:28:16,57.2393,20300,0,1161958,1
2018-04-29 08:28:56,506.2244,20250,0,10251044,1
2018-04-29 08:29:17,10.0609,20210,0,-203331,0
2018-04-29 08:29:31,10.0609,20200,0,203230,1
2018-04-29 08:30:21,1.0459,20200,0,-21127,0
2018-04-29 08:30:30,35.1927,20180,0,-710189,0
2018-04-29 08:30:38,2.0503,20180,0,-41375,0
2018-04-29 08:30:51,38.2889,20180,0,772670,1
2018-04-29 08:30:53,899.4182,20180,0,-18150259,0
2018-04-29 08:30:53,300.5818,20180,0,-6065741,0
2018-04-29 08:32:43,19.9087,20185,0,401857,1
2018-04-29 08:33:43,43.75,20240,0,885500,1
2018-04-29 08:34:57,489.7699,20275,0,9930085,1
2018-04-29 08:35:40,8.7422,20300,0,177467,1
2018-04-29 08:35:40,100.0,20300,0,2030000,1
2018-04-29 08:35:44,101.3202,20280,0,2054774,1
2018-04-29 08:35:48,763.491,20220,0,-15437788,0
2018-04-29 08:35:52,119.1665,20280,0,2416697,1
2018-04-29 08:36:20,11.3612,20280,0,230405,1
2018-04-29 08:37:00,5.2,20250,0,105300,1
2018-04-29 08:37:18,1.7785,20250,0,36015,1
2018-04-29 08:37:57,296.2962,20250,0,5999998,1
2018-04-29 08:38:25,1.0,20250,0,20250,1
2018-04-29 08:38:25,2.5,20250,0,50625,1
2018-04-29 08:38:25,603.5339,20250,0,12221561,1
2018-04-29 08:38:31,138.9002,20250,0,2812729,1
2018-04-29 08:38:40,564.3654,20245,0,-11425578,0
2018-04-29 08:38:44,21.9092,20265,0,443990,1
2018-04-29 08:38:53,1.912,20275,0,38766,1
2018-04-29 08:39:06,87.19475091,20290,0,1769181,1
2018-04-29 08:39:11,1.0,20290,0,20290,1
2018-04-29 08:39:37,9.4,20265,0,190491,1
2018-04-29 08:39:37,320.8,20265,0,6501012,1
2018-04-29 08:39:57,1057.587,20235,0,-21400273,0
2018-04-29 08:42:24,261.2608,20235,0,5286612,1
2018-04-29 08:42:24,122.9127,20235,0,2487138,1
2018-04-29 08:42:24,73.0,20235,0,1477155,1
2018-04-29 08:42:29,490.0,20230,0,9912700,1
2018-04-29 08:42:29,5.0,20230,0,101150,1
2018-04-29 08:42:29,90.5797,20230,0,1832427,1
2018-04-29 08:42:29,23.9378,20230,0,484262,1
2018-04-29 08:42:38,16.4508,20225,0,332717,1
2018-04-29 08:42:45,116.8582,20220,0,2362873,1
2018-04-29 08:44:27,227.0556,20155,0,-4576306,0
2018-04-29 08:44:27,58.2152,20155,0,-1173327,0
2018-04-29 08:44:28,0.2921,20155,0,-5887,0
2018-04-29 08:45:05,8.2561,20160,0,-166443,0
2018-04-29 08:45:11,151.1457,20175,0,-3049364,0
2018-04-29 08:46:46,98.6263,20230,0,-1995210,0
2018-04-29 08:46:50,229.3381,20220,0,-4637216,0
2018-04-29 08:52:19,108.9166,20230,0,2203383,1
2018-04-29 08:52:19,0.1786,20230,0,3613,1
2018-04-29 08:52:19,113.4949,20230,0,2296002,1
2018-04-29 08:52:19,1.0,20230,0,20230,1
2018-04-29 08:52:20,33.9183,20230,0,686167,1
2018-04-29 08:52:20,14.3837,20230,0,290982,1
2018-04-29 08:52:20,100.0,20230,0,2023000,1
2018-04-29 08:52:27,401.037,20220,0,8108968,1
2018-04-29 08:54:13,415.1622,20190,0,-8382125,0
2018-04-29 08:55:04,320.9623,20190,0,-6480229,0
2018-04-29 08:55:35,131.9999,20175,0,2663098,1
2018-04-29 08:55:52,9.4,20185,0,189739,1
2018-04-29 08:55:52,88.7664,20210,0,1793969,1
2018-04-29 08:55:53,37.62,20185,0,759360,1
2018-04-29 08:56:00,5.9155,20180,0,-119375,0
2018-04-29 08:56:03,20.1504,20170,0,-406434,0
2018-04-29 08:56:49,26.7628,20205,0,-540742,0
2018-04-29 08:59:33,2.1761,20180,0,43914,1
2018-04-29 08:59:33,1.0,20180,0,20180,1
2018-04-29 08:59:37,55.8778,20175,0,1127335,1
2018-04-29 08:59:37,12.7745,20175,0,257726,1
2018-04-29 08:59:37,171.728,20175,0,3464612,1
2018-04-29 09:00:10,48.9537,20175,0,-987641,0
2018-04-29 09:01:33,76.6153,20165,0,-1544948,0
2018-04-29 09:02:00,338.1515,20185,0,-6825588,0
2018-04-29 09:03:10,3.5124,20280,0,71231,1
2018-04-29 09:03:18,1.0001,20295,0,20297,1
2018-04-29 09:03:42,41.52,20390,0,846593,1
2018-04-29 09:04:39,84.7974,20380,0,1728171,1
2018-04-29 09:04:40,266.6092,20380,0,5433495,1
2018-04-29 09:05:05,343.8919,20420,0,7022273,1
2018-04-29 09:05:24,49.2441,20450,0,-1007042,0
2018-04-29 09:05:30,1150.7559,20450,0,-23532958,0
2018-04-29 09:05:43,43.6361,20470,0,893231,1
2018-04-29 09:05:43,195.2584,20470,0,3996939,1
2018-04-29 09:05:57,961.1055,20450,0,19654607,1
2018-04-29 09:09:58,10.0,20480,0,-204800,0
2018-04-29 09:10:10,6.48047529,20500,0,132849,1
2018-04-29 09:10:13,3.5195,20510,0,72185,1
2018-04-29 09:11:24,765.8803,20520,0,-15715864,0
2018-04-29 09:13:49,10.4662,20690,0,216546,1
2018-04-29 09:14:27,98.776,20610,0,2035773,1
2018-04-29 09:14:45,242.0171,20570,0,4978292,1
2018-04-29 09:14:59,626.9602,20560,0,-12890302,0
2018-04-29 09:14:59,43.934,20560,0,-903283,0
2018-04-29 09:15:00,114.4848,20560,0,-2353807,0
2018-04-29 09:16:33,5.29734848,20625,0,109258,1
2018-04-29 09:16:33,9.2041,20625,0,189835,1
2018-04-29 09:16:33,6.7846,20625,0,139932,1
2018-04-29 09:16:37,28.1039,20625,0,579643,1
2018-04-29 09:17:46,2.0002,20600,0,41204,1
2018-04-29 09:17:46,22.6336,20600,0,466252,1
2018-04-29 09:17:50,6.9822,20600,0,143833,1
2018-04-29 09:18:21,119.04,20560,0,2447462,1
2018-04-29 09:18:25,500.0,20560,0,10280000,1
2018-04-29 09:18:25,58.598,20560,0,1204775,1
2018-04-29 09:18:26,9.5023,20560,0,195367,1
2018-04-29 09:18:29,60.5662,20560,0,1245241,1
2018-04-29 09:18:29,1.0,20560,0,20560,1
2018-04-29 09:18:31,6.47,20560,0,133023,1
2018-04-29 09:18:31,48.9127,20560,0,1005645,1
2018-04-29 09:18:32,25.0025,20560,0,514051,1
2018-04-29 09:18:34,49.1305,20560,0,1010123,1
2018-04-29 09:18:35,28.7663,20560,0,591435,1
2018-04-29 09:18:36,0.979,20560,0,20128,1
2018-04-29 09:18:37,17.0,20560,0,349520,1
2018-04-29 09:18:37,17.0,20560,0,349520,1
2018-04-29 09:18:38,135.4222,20560,0,2784280,1
2018-04-29 09:18:39,28.4817,20560,0,585584,1
2018-04-29 09:18:40,13.1227,20560,0,269803,1
2018-04-29 09:20:58,486.7197,20610,0,-10031293,0
2018-04-29 09:21:11,5.1,20650,0,-105315,0
2018-04-29 09:21:15,250.08,20665,0,-5167903,0
2018-04-29 09:21:35,9.3403,20690,0,193251,1
2018-04-29 09:21:41,113.693,20695,0,2352877,1
2018-04-29 09:21:45,306.82651208,20695,0,6349775,1
2018-04-29 09:21:53,7.909,20690,0,163637,1
2018-04-29 09:22:33,304.1309,20680,0,6289427,1
2018-04-29 09:24:57,266.4288,20720,0,-5520405,0
2018-04-29 09:24:57,46.7159,20720,0,-967953,0
2018-04-29 09:24:57,266.6798,20720,0,-5525605,0
2018-04-29 09:25:01,6.996e-05,20725,0,-1,0
2018-04-29 09:25:09,312.6775,20730,0,-6481805,0
2018-04-29 09:25:58,892.502,20730,0,18501566,1
2018-04-29 09:31:20,8.041e-05,20660,0,-2,0
2018-04-29 09:31:36,58.75309516,20655,0,-1213545,0
2018-04-29 09:31:40,43.8102,20650,0,904681,1
2018-04-29 09:31:40,14.943,20650,0,308573,1
2018-04-29 09:35:42,122.3942,20600,0,-2521321,0
2018-04-29 09:35:42,476.896,20600,0,-9824058,0
2018-04-29 09:35:42,322.0347,20600,0,-6633915,0
2018-04-29 09:36:23,196.2033,20560,0,4033940,1
2018-04-29 09:36:23,204.7388,20560,0,4209430,1
2018-04-29 09:36:24,30.9438,20560,0,636205,1
2018-04-29 09:36:29,436.8627,20555,0,8979713,1
2018-04-29 09:36:33,52.5763,20560,0,1080969,1
2018-04-29 09:37:13,955.152,20530,0,-19609271,0
2018-04-29 09:37:26,8.6056,20535,0,176716,1
2018-04-29 09:38:10,123.9473,20510,0,2542159,1
2018-04-29 09:38:17,358.9588,20500,0,7358655,1
2018-04-29 09:38:17,430.1738,20500,0,8818563,1
2018-04-29 09:38:17,10.0,20500,0,205000,1
2018-04-29 09:38:17,16.5418,20500,0,339107,1
2018-04-29 09:38:17,6.9247,20500,0,141956,1
2018-04-29 09:38:35,4.1712,20475,0,-85405,0
2018-04-29 09:38:41,30.0248,20475,0,-614758,0
2018-04-29 09:39:20,9.7918,20540,0,-201124,0
2018-04-29 09:39:21,0.0001,20550,0,-2,0
2018-04-29 09:39:46,9.4371,20545,0,193885,1
2018-04-29 09:40:21,1165.4492,20525,0,-23920845,0
2018-04-29 09:41:14,11.1218,20525,0,228275,1
2018-04-29 09:41:14,16.9777,20525,0,348467,1
2018-04-29 09:41:14,777.9896,20525,0,15968237,1
2018-04-29 09:41:15,25.08,20525,0,514767,1
2018-04-29 09:41:33,161.9363,20455,0,3312407,1
2018-04-29 09:42:04,993.1054,20475,0,-20333833,0
2018-04-29 09:44:11,124.2201,20465,0,2542164,1
2018-04-29 09:48:56,5.2,20485,0,106522,1
2018-04-29 09:48:56,725.1568,20485,0,14854837,1
2018-04-29 09:49:06,225.6926,20485,0,-4623313,0
2018-04-29 09:49:11,500.0,20485,0,-10242500,0
2018-04-29 09:50:35,663.26828473,20475,0,13580418,1
2018-04-29 09:50:38,71.97,20475,0,1473586,1
2018-04-29 09:51:30,38.575,20450,0,788859,1
2018-04-29 09:51:35,152.6813,20440,0,3120805,1
2018-04-29 09:51:35,1.0,20440,0,20440,1
2018-04-29 09:51:35,117.0044,20440,0,2391570,1
2018-04-29 09:51:35,26.6167,20440,0,544045,1
2018-04-29 09:55:02,6.3938,20450,0,-130753,0
2018-04-29 09:55:09,5.0,20450,0,102250,1
2018-04-29 09:55:30,31.1185,20440,0,-636062,0
2018-04-29 09:55:54,32.5123,20450,0,664877,1
2018-04-29 09:56:23,213.0749,20440,0,-4355251,0
2018-04-29 09:57:19,280.705,20475,0,-5747435,0
2018-04-29 09:57:19,228.5254,20475,0,-4679058,0
2018-04-29 09:58:53,214.2418,20505,0,4393028,1
2018-04-29 09:58:53,44.4095,20505,0,910617,1
2018-04-29 09:58:53,54.1287,20505,0,1109909,1
2018-04-29 09:59:11,200.0,20490,0,4098000,1
2018-04-29 09:59:40,209.5253,20500,0,4295269,1
2018-04-29 10:00:37,48.0319,20500,0,-984654,0
2018-04-29 10:00:44,48.0319,20505,0,984894,1
2018-04-29 10:02:43,0.2255,20485,0,-4619,0
2018-04-29 10:02:58,19.9359,20490,0,-408487,0
2018-04-29 10:03:34,25.0991,20500,0,-514532,0
2018-04-29 10:03:38,3.4435,20500,0,-70592,0
2018-04-29 10:03:42,484.4626,20490,0,-9926639,0
2018-04-29 10:03:47,144.7755,20530,0,-2972241,0
2018-04-29 10:05:16,325.6406,20530,0,6685402,1
2018-04-29 10:05:24,5.0,20530,0,-102650,0
2018-04-29 10:05:28,50.2821,20530,0,-1032292,0
2018-04-29 10:06:22,288.156,20510,0,-5910080,0
2018-04-29 10:06:40,695.7396,20535,0,14287013,1
2018-04-29 10:06:57,1200.0,20550,0,-24660000,0
2018-04-29 10:09:40,3.9456,20530,0,81003,1
2018-04-29 10:09:40,111.9942,20530,0,2299241,1
2018-04-29 10:09:41,10.0,20530,0,205300,1
2018-04-29 10:09:41,4.2369,20530,0,86984,1
2018-04-29 10:09:41,92.0,20530,0,1888760,1
2018-04-29 10:09:41,111.2322,20530,0,2283597,1
2018-04-29 10:09:41,609.8679,20530,0,12520588,1
2018-04-29 10:10:11,43.1396,20500,0,884362,1
2018-04-29 10:10:12,5.1463,20500,0,105499,1
2018-04-29 10:10:12,38.1057,20500,0,781167,1
2018-04-29 10:10:12,170.3316,20500,0,3491798,1
2018-04-29 10:11:22,83.503,20500,0,-1711812,0
2018-04-29 10:11:23,546.8642,20500,0,-11210716,0
2018-04-29 10:11:23,109.9999,20500,0,-2254998,0
2018-04-29 10:12:28,740.3671,20480,0,15162718,1
2018-04-29 10:14:26,79.7813,20480,0,-1633921,0
2018-04-29 10:14:32,30.9527,20475,0,-633757,0
2018-04-29 10:14:54,1.3,20490,0,26637,1
2018-04-29 10:14:54,18.0865,20500,0,370773,1
2018-04-29 10:14:54,47.54168001,20500,0,974604,1
2018-04-29 10:14:55,1.6926,20490,0,34681,1
2018-04-29 10:16:53,42.1133,20500,0,863323,1
2018-04-29 10:19:25,30.6786,20570,0,-631059,0
2018-04-29 10:19:31,41.4468,20600,0,-853804,0
2018-04-29 10:19:55,24.7897,20625,0,-511288,0
2018-04-29 10:20:18,1103.0849,20630,0,-22756641,0
2018-04-29 10:20:40,139.16037402,20685,0,2878532,1
2018-04-29 10:20:40,41.1789,20685,0,851786,1
2018-04-29 10:22:05,70.3099,20710,0,1456118,1
2018-04-29 10:22:09,808.5623,20700,0,16737240,1
2018-04-29 10:22:09,62.97,20700,0,1303479,1
2018-04-29 10:22:25,113.841,20670,0,-2353093,0
2018-04-29 10:22:41,52.8217,20675,0,1092089,1
2018-04-29 10:22:41,138.8378,20665,0,2869083,1
2018-04-29 10:25:03,648.6026364,20710,0,-13432561,0
2018-04-29 10:25:03,3.7856,20710,0,-78400,0
2018-04-29 10:25:03,90.2494,20710,0,-1869065,0
2018-04-29 10:25:03,8.9386,20710,0,-185118,0
2018-04-29 10:25:03,19.99996359,20710,0,-414199,0
2018-04-29 10:27:21,151.96223339,20735,0,3150937,1
2018-04-29 10:31:31,619.6139,20870,0,12931342,1
2018-04-29 10:31:35,1.1,20850,0,-22935,0
2018-04-29 10:31:35,436.8288,20850,0,-9107880,0
2018-04-29 10:31:39,437.9288,20870,0,9139574,1
2018-04-29 10:32:15,38.616,20890,0,-806688,0
2018-04-29 10:32:15,50.0,20890,0,-1044500,0
2018-04-29 10:32:15,160.0,20890,0,-3342400,0
2018-04-29 10:32:15,279.1958,20890,0,-5832400,0
2018-04-29 10:32:15,469.9292,20890,0,-9816821,0
2018-04-29 10:33:19,59.93,20865,0,1250439,1
2018-04-29 10:33:19,4.0,20865,0,83460,1
2018-04-29 10:33:23,76.652,20860,0,1598961,1
2018-04-29 10:33:23,41.3371,20860,0,862292,1
2018-04-29 10:33:23,41.9836,20860,0,875778,1
2018-04-29 10:33:40,246.8232,20875,0,5152434,1
2018-04-29 10:34:12,1.4,20885,0,-29239,0
2018-04-29 10:34:12,1.3,20885,0,-27151,0
2018-04-29 10:34:12,2.2,20885,0,-45947,0
2018-04-29 10:34:12,1.4,20885,0,-29239,0
2018-04-29 10:34:13,0.0888,20885,0,-1855,0
2018-04-29 10:34:14,10.0,20885,0,-208850,0
2018-04-29 10:34:14,5.3,20885,0,-110691,0
2018-04-29 10:34:17,1.4235,20890,0,-29737,0
2018-04-29 10:34:17,93.5092,20890,0,-1953407,0
2018-04-29 10:34:17,50.81463781,20890,0,-1061518,0
2018-04-29 10:34:18,60.0,20890,0,-1253400,0
2018-04-29 10:34:18,100.0,20890,0,-2089000,0
2018-04-29 10:34:18,30.0,20890,0,-626700,0
2018-04-29 10:38:23,455.67,21080,0,9605524,1
2018-04-29 10:38:35,628.25329983,21055,0,-13227873,0
2018-04-29 10:38:36,20.0,21055,0,-421100,0
2018-04-29 10:39:09,1077.0346,21040,0,22660808,1
2018-04-29 10:39:15,410.3223,21005,0,-8618820,0
2018-04-29 10:39:15,516.6633,21005,0,-10852513,0
2018-04-29 10:39:29,50.8254,21040,0,1069366,1
2018-04-29 10:39:40,30.6567,21000,0,643791,1
2018-04-29 10:39:46,35.5692,20995,0,746775,1
2018-04-29 10:39:47,24.73927125,20995,0,519401,1
2018-04-29 10:39:47,149.8258,20995,0,3145593,1
2018-04-29 10:40:38,47.7552,20970,0,1001427,1
2018-04-29 10:40:52,57.805,20975,0,-1212460,0
2018-04-29 10:41:50,129.90293051,21070,0,2737055,1
2018-04-29 10:41:50,59.5854,21070,0,1255464,1
2018-04-29 10:41:50,253.9661,21070,0,5351066,1
2018-04-29 10:41:50,201.96456948,21070,0,4255393,1
2018-04-29 10:42:22,3.0,21115,0,-63345,0
2018-04-29 10:42:22,62.355,21115,0,-1316626,0
2018-04-29 10:42:26,12.0,21125,0,-253500,0
2018-04-29 10:42:34,300.3794,21145,0,-6351522,0
2018-04-29 10:42:34,229.5537,21150,0,-4855061,0
2018-04-29 10:43:18,607.2881,21225,0,12889690,1
2018-04-29 10:44:19,999.801,21270,0,-21265767,0
2018-04-29 10:44:55,999.801,21295,0,21290762,1
2018-04-29 10:45:09,1162.08853178,21270,0,-24717623,0
2018-04-29 10:45:09,37.91146821,21270,0,-806377,0
2018-04-29 10:45:58,10.2815,21190,0,217865,1
2018-04-29 10:47:57,1189.7185,21200,0,25222032,1
2018-04-29 10:48:31,13.90169068,21200,0,-294716,0
2018-04-29 10:48:31,19.53200931,21205,0,-414176,0
2018-04-29 10:48:42,25.0318,21200,0,530674,1
2018-04-29 10:48:42,8.4019,21200,0,178120,1
2018-04-29 10:49:32,37.7978,21200,0,-801313,0
2018-04-29 10:49:42,37.7978,21195,0,801124,1
2018-04-29 10:50:51,387.2401,21060,0,-8155277,0
2018-04-29 10:50:55,132.9749,21100,0,-2805770,0
2018-04-29 10:50:55,2.3,21100,0,-48530,0
2018-04-29 10:50:55,0.9985,21100,0,-21068,0
2018-04-29 10:51:04,2.5515,21110,0,-53862,0
2018-04-29 10:51:35,17.2644,21115,0,364538,1
2018-04-29 10:51:39,45.4601,21100,0,959208,1
2018-04-29 10:51:52,106.1942,21080,0,-2238574,0
2018-04-29 10:52:25,4.7151,21105,0,-99512,0
2018-04-29 10:52:25,43.6917,21105,0,-922113,0
2018-04-29 10:53:00,241.4029,21125,0,5099636,1
2018-04-29 10:53:00,10.0,21120,0,211200,1
2018-04-29 10:53:32,108.309,21145,0,-2290194,0
2018-04-29 10:53:32,187.2075,21145,0,-3958503,0
2018-04-29 10:54:18,69.8881132,21200,0,1481628,1
2018-04-29 10:54:18,500.0,21200,0,10600000,1
2018-04-29 10:54:18,47.2004,21200,0,1000648,1
2018-04-29 10:54:24,94.4,21185,0,-1999864,0
2018-04-29 10:54:34,139.3666,21185,0,2952481,1
2018-04-29 10:55:20,168.4636,21135,0,-3560478,0
2018-04-29 10:55:25,34.0411,21150,0,-719969,0
2018-04-29 10:55:25,88.90460189,21150,0,-1880332,0
2018-04-29 10:55:25,0.1068981,21150,0,-2261,0
2018-04-29 10:56:06,798.2135,21110,0,-16850287,0
2018-04-29 10:56:59,175.745,21090,0,3706462,1
2018-04-29 10:56:59,15.7118,21090,0,331362,1
2018-04-29 10:57:00,4.6467,21090,0,97999,1
2018-04-29 10:57:00,3.0978,21090,0,65333,1
2018-04-29 10:57:00,168.0342,21090,0,3543841,1
2018-04-29 10:57:00,20.0,21090,0,421800,1
2018-04-29 10:57:04,37.1466,21085,0,783236,1
2018-04-29 10:57:04,283.5005,21085,0,5977608,1
2018-04-29 10:57:04,1.0077,21085,0,21247,1
2018-04-29 10:57:04,241.7933,21085,0,5098212,1
2018-04-29 10:57:04,139.0461,21085,0,2931787,1
2018-04-29 10:58:04,7.156e-05,21100,0,-2,0
2018-04-29 10:58:05,115.85732843,21100,0,-2444590,0
2018-04-29 10:58:14,121.2921,21150,0,-2565328,0
2018-04-29 10:58:14,31.5142,21150,0,-666525,0
2018-04-29 10:58:23,268.6637,21135,0,5678207,1
2018-04-29 10:58:48,170.5696,21135,0,-3604988,0
2018-04-29 10:59:18,50.0,21165,0,-1058250,0
2018-04-29 10:59:18,29.3704,21165,0,-621625,0
2018-04-29 10:59:36,1.0,21175,0,21175,1
2018-04-29 10:59:41,248.94,21180,0,5272549,1
2018-04-29 10:59:59,964.37312046,21205,0,-20449532,0
2018-04-29 11:00:37,964.3731,21230,0,20473641,1
2018-04-29 11:00:49,9.1,21210,0,-193011,0
2018-04-29 11:01:00,9.1,21235,0,193239,1
2018-04-29 11:01:05,1200.0,21245,0,-25494000,0
2018-04-29 11:01:36,129.1076,21235,0,2741600,1
2018-04-29 11:01:41,33.93534117,21250,0,721126,1
2018-04-29 11:01:48,1036.9571,21250,0,22035338,1
2018-04-29 11:02:04,39.8204,21275,0,-847179,0
2018-04-29 11:02:04,5.9732,21275,0,-127080,0
2018-04-29 11:02:04,64.1114,21275,0,-1363970,0
2018-04-29 11:02:04,246.5205,21275,0,-5244724,0
2018-04-29 11:02:15,263.91946592,21260,0,5610928,1
2018-04-29 11:02:16,92.50603407,21260,0,1966678,1
2018-04-29 11:02:40,11.3868,21310,0,-242653,0
2018-04-29 11:02:40,2.0,21310,0,-42620,0
2018-04-29 11:02:40,100.0,21310,0,-2131000,0
2018-04-29 11:02:41,25.0,21310,0,-532750,0
2018-04-29 11:02:55,1061.6132,21320,0,-22633593,0
2018-04-29 11:03:52,167.1384,21390,0,3575090,1
2018-04-29 11:03:53,49.6233,21390,0,1061442,1
2018-04-29 11:06:28,55.735,21385,0,1191893,1
2018-04-29 11:06:33,173.79,21370,0,3713892,1
2018-04-29 11:06:42,665.4707,21370,0,14221109,1
2018-04-29 11:06:47,10.0,21385,0,213850,1
2018-04-29 11:07:44,78.2426,21355,0,1670871,1
2018-04-29 11:08:02,24.9507,21385,0,-533571,0
2018-04-29 11:08:47,24.9507,21430,0,534694,1
2018-04-29 11:09:24,629.10266292,21470,0,-13506834,0
2018-04-29 11:11:05,0.1375,21530,0,2960,1
2018-04-29 11:11:06,48.0,21530,0,1033440,1
2018-04-29 11:11:09,4.6,21530,0,99038,1
2018-04-29 11:11:13,1.4613,21530,0,31462,1
2018-04-29 11:11:14,46.27561542,21530,0,996314,1
2018-04-29 11:11:18,326.0893,21520,0,7017442,1
2018-04-29 11:11:18,202.5389,21515,0,4357624,1
2018-04-29 11:13:11,723.2468,21430,0,-15499179,0
2018-04-29 11:13:11,350.936,21430,0,-7520558,0
2018-04-29 11:13:46,0.1,21445,0,2145,1
2018-04-29 11:14:06,1074.0828,21440,0,23028335,1
2018-04-29 11:14:14,95.17894455,21455,0,-2042064,0
2018-04-29 11:14:14,245.1698,21455,0,-5260118,0
2018-04-29 11:14:18,1.4041,21470,0,-30146,0
2018-04-29 11:14:18,30.3537,21470,0,-651694,0
2018-04-29 11:14:27,2.5,21480,0,-53700,0
2018-04-29 11:14:55,374.6066,21450,0,8035312,1
2018-04-29 11:16:05,93.8486,21400,0,-2008360,0
2018-04-29 11:16:18,377.3849,21415,0,-8081698,0
2018-04-29 11:16:25,50.0,21440,0,-1072000,0
2018-04-29 11:16:33,678.7664,21450,0,-14559539,0
2018-04-29 11:17:20,59.1063,21470,0,1269012,1
2018-04-29 11:17:20,47.5595,21470,0,1021102,1
2018-04-29 11:18:08,428.418,21460,0,9193850,1
2018-04-29 11:18:08,0.1,21460,0,2146,1
2018-04-29 11:18:08,37.8866,21460,0,813046,1
2018-04-29 11:18:08,55.4082,21460,0,1189060,1
2018-04-29 11:18:08,107.1761,21460,0,2299999,1
2018-04-29 11:18:09,320.495,21460,0,6877823,1
2018-04-29 11:18:12,83.7182,21450,0,1795755,1
2018-04-29 11:18:13,60.132,21450,0,1289831,1
2018-04-29 11:18:23,13.0803,21440,0,-280442,0
2018-04-29 11:18:28,13.0803,21455,0,280638,1
2018-04-29 11:19:26,35.0594,21465,0,-752550,0
2018-04-29 11:19:37,200.0,21490,0,-4298000,0
2018-04-29 11:19:54,289.8549635,21540,0,-6243476,0
2018-04-29 11:19:54,10.0,21540,0,-215400,0
2018-04-29 11:20:11,205.88301696,21550,0,-4436779,0
2018-04-29 11:20:12,150.0,21550,0,-3232500,0
2018-04-29 11:20:12,2.6612,21550,0,-57349,0
2018-04-29 11:20:12,12.2879,21550,0,-264804,0
2018-04-29 11:20:14,10.0,21550,0,-215500,0
2018-04-29 11:21:18,85.2989857,21690,0,1850135,1
2018-04-29 11:21:21,830.4475,21690,0,18012406,1
2018-04-29 11:21:26,9.834e-05,21705,0,-2,0
2018-04-29 11:21:27,33.8564,21705,0,-734853,0
2018-04-29 11:21:36,33.8565,21650,0,732993,1
2018-04-29 11:21:44,1.0,21650,0,-21650,0
2018-04-29 11:22:00,1199.0,21600,0,-25898400,0
2018-04-29 11:22:35,55.3402,21640,0,1197562,1
2018-04-29 11:22:35,234.6343,21640,0,5077486,1
2018-04-29 11:22:35,22.8368,21640,0,494188,1
2018-04-29 11:22:35,119.137,21640,0,2578125,1
2018-04-29 11:23:34,11.6196,21595,0,250925,1
2018-04-29 11:23:57,120.0578,21605,0,2593849,1
2018-04-29 11:24:01,220.2584,21595,0,4756480,1
2018-04-29 11:24:27,416.1159,21595,0,8986023,1
2018-04-29 11:27:10,5.0,21530,0,-107650,0
2018-04-29 11:27:17,329.5298,21530,0,-7094777,0
2018-04-29 11:27:34,334.5298,21535,0,7204099,1
2018-04-29 11:28:07,92.9232,21570,0,-2004353,0
2018-04-29 11:28:28,103.2609,21530,0,-2223207,0
2018-04-29 11:28:32,261.8401,21530,0,-5637417,0
2018-04-29 11:28:33,5.0,21530,0,-107650,0
2018-04-29 11:28:41,1.0597,21540,0,-22826,0
2018-04-29 11:29:00,9.95616063,21540,0,-214456,0
2018-04-29 11:29:04,474.04,21590,0,10234524,1
2018-04-29 11:29:41,61.9565,21615,0,-1339190,0
2018-04-29 11:29:50,433.9062,21620,0,-9381052,0
2018-04-29 11:30:17,37.21119593,21660,0,-805995,0
2018-04-29 11:30:28,224.794,21660,0,4869038,1
2018-04-29 11:30:28,308.2799,21660,0,6677343,1
2018-04-29 11:31:20,85.8777,21525,0,-1848517,0
2018-04-29 11:31:24,46.4787,21565,0,1002313,1
2018-04-29 11:31:35,39.399,21565,0,849639,1
2018-04-29 11:33:27,61.4255,21565,0,-1324641,0
2018-04-29 11:33:27,353.7836,21565,0,-7629343,0
2018-04-29 11:34:02,4.7876,21560,0,-103221,0
2018-04-29 11:34:16,179.5925,21525,0,3865729,1
2018-04-29 11:34:32,0.1392,21540,0,2998,1
2018-04-29 11:35:14,240.265,21500,0,5165698,1
2018-04-29 11:37:55,8.0355,21530,0,-173004,0
2018-04-29 11:39:05,8.0355,21540,0,173085,1
2018-04-29 11:39:33,2.1823,21585,0,-47105,0
2018-04-29 11:39:50,100.0,21625,0,-2162500,0
2018-04-29 11:39:55,29.5381,21630,0,-638909,0
2018-04-29 11:40:26,1068.2796,21620,0,-23096205,0
2018-04-29 11:41:14,153.9641,21635,0,3331013,1
2018-04-29 11:41:15,100.0,21635,0,2163500,1
2018-04-29 11:41:25,267.74354081,21630,0,5791293,1
2018-04-29 11:41:33,127.0,21630,0,2747010,1
2018-04-29 11:41:56,50.0,21620,0,1081000,1
2018-04-29 11:41:56,9.7255,21620,0,210265,1
2018-04-29 11:41:56,13.7971,21620,0,298293,1
2018-04-29 11:41:56,43.5545,21620,0,941648,1
2018-04-29 11:41:56,43.60670173,21620,0,942777,1
2018-04-29 11:41:56,11.2369,21620,0,242942,1
2018-04-29 11:41:56,1.9403,21620,0,41949,1
2018-04-29 11:42:09,0.1,21600,0,2160,1
2018-04-29 11:42:09,101.7179,21600,0,2197107,1
2018-04-29 11:42:09,275.6135,21600,0,5953252,1
2018-04-29 11:43:26,178.0701059,21670,0,-3858779,0
2018-04-29 11:43:26,2.6992,21670,0,-58492,0
2018-04-29 11:43:30,16.698,21680,0,-362013,0
2018-04-29 11:43:30,30.3537,21680,0,-658068,0
2018-04-29 11:43:46,227.821,21680,0,4939159,1
2018-04-29 11:44:06,569.0623,21705,0,-12351497,0
2018-04-29 11:44:10,28.5549,21720,0,-620212,0
2018-04-29 11:44:40,64.57922411,21775,0,-1406213,0
2018-04-29 11:44:40,19.03277588,21775,0,-414439,0
2018-04-29 11:44:51,681.2292,21780,0,14837172,1
2018-04-29 11:45:32,1.0728,21875,0,-23468,0
2018-04-29 11:45:39,49.4892,21895,0,-1083566,0
2018-04-29 11:45:40,171.9869,21895,0,-3765653,0
2018-04-29 11:45:51,113.1186,21915,0,-2478994,0
2018-04-29 11:45:55,92.4364,21930,0,-2027130,0
2018-04-29 11:45:58,300.01,21925,0,-6577719,0
2018-04-29 11:46:34,479.2843,21900,0,10496326,1
2018-04-29 11:46:35,34.5409,21900,0,756446,1
2018-04-29 11:46:35,214.2887,21900,0,4692923,1
2018-04-29 11:47:27,395.72024688,21945,0,-8684081,0
2018-04-29 11:47:50,1.9,21980,0,-41762,0
2018-04-29 11:47:57,802.3797,21995,0,-17648342,0
2018-04-29 11:49:45,66.2356,22070,0,1461820,1
2018-04-29 11:50:21,398.80100338,22135,0,8827460,1
2018-04-29 11:50:39,159.92283323,22155,0,3543090,1
2018-04-29 11:50:39,20.0,22150,0,443000,1
2018-04-29 11:50:40,94.8186,22150,0,2100232,1
2018-04-29 11:50:44,374.4294,22150,0,8293611,1
2018-04-29 11:50:44,85.7925,22150,0,1900304,1
2018-04-29 11:51:29,24.6517,22010,0,-542584,0
2018-04-29 11:51:29,71.846,22010,0,-1581330,0
2018-04-29 11:51:34,21.33316624,22040,0,-470183,0
2018-04-29 11:51:34,332.3198,22040,0,-7324328,0
2018-04-29 11:51:34,13.262,22040,0,-292294,0
2018-04-29 11:51:34,9.9297,22040,0,-218851,0
2018-04-29 11:51:38,54.9175,22050,0,-1210931,0
2018-04-29 11:52:38,2.816,22105,0,62248,1
2018-04-29 11:52:38,406.0454,22100,0,8973603,1
2018-04-29 11:52:38,119.3985,22100,0,2638707,1
2018-04-29 11:53:25,7.442e-05,21900,0,-2,0
2018-04-29 11:54:19,2.9955,22015,0,-65946,0
2018-04-29 11:54:20,8.8,22015,0,-193732,0
2018-04-29 11:54:27,12.88578168,22055,0,-284196,0
2018-04-29 11:54:28,155.61291831,22055,0,-3432043,0
2018-04-29 11:54:31,1019.7058,22045,0,-22479414,0
2018-04-29 11:54:43,50.7411,22045,0,1118588,1
2018-04-29 11:54:44,15.1896,22045,0,334855,1
2018-04-29 11:54:44,799.99,22045,0,17635780,1
2018-04-29 11:54:52,334.0793,22085,0,7378141,1
2018-04-29 11:55:06,243.2492,22100,0,-5375807,0
2018-04-29 11:55:27,956.7508,22125,0,-21168111,0
2018-04-29 11:56:13,178.9282,22230,0,3977574,1
2018-04-29 11:56:13,19.643,22230,0,436664,1
2018-04-29 11:56:13,1001.4288,22230,0,22261762,1
2018-04-29 11:56:21,539.9312,22175,0,-11972974,0
2018-04-29 11:56:21,291.73,22175,0,-6469113,0
2018-04-29 11:56:40,13.47708894,22260,0,300000,1
2018-04-29 11:56:40,207.3448,22260,0,4615495,1
2018-04-29 11:56:41,50.0,22260,0,1113000,1
2018-04-29 11:56:48,52.7288,22235,0,1172425,1
2018-04-29 11:56:48,45.4575,22235,0,1010748,1
2018-04-29 11:56:48,67.817,22235,0,1507911,1
2018-04-29 11:56:48,1.5227,22235,0,33857,1
2018-04-29 11:56:48,50.0,22235,0,1111750,1
2018-04-29 11:56:58,13.448,22240,0,299084,1
2018-04-29 11:56:59,22.3076,22240,0,496121,1
2018-04-29 11:57:05,26.92718988,22240,0,598861,1
2018-04-29 11:57:05,144.9244,22240,0,3223119,1
2018-04-29 11:57:08,135.7062,22240,0,3018106,1
2018-04-29 11:59:24,4.99999092,22315,0,-111575,0
2018-04-29 11:59:24,16.7898,22315,0,-374664,0
2018-04-29 11:59:24,19.26650907,22315,0,-429932,0
2018-04-29 11:59:32,264.33588925,22340,0,-5905264,0
2018-04-29 11:59:42,4.8,22380,0,-107424,0
2018-04-29 11:59:50,82.8341,22410,0,-1856312,0
2018-04-29 11:59:50,304.60804497,22410,0,-6826266,0
2018-04-29 11:59:50,326.0564,22410,0,-7306924,0
2018-04-29 12:00:11,43.0163,22430,0,964856,1
2018-04-29 12:00:11,74.2593,22430,0,1665636,1
2018-04-29 12:00:11,222.7171,22430,0,4995545,1
2018-04-29 12:00:11,13.4517,22430,0,301722,1
2018-04-29 12:00:18,670.2463,22400,0,15013517,1
2018-04-29 12:00:33,1200.0,22355,0,-26826000,0
2018-04-29 12:00:44,87.2607,22280,0,1944168,1
2018-04-29 12:00:49,424.5671,22265,0,9452986,1
2018-04-29 12:01:25,18.8339,22260,0,419243,1
2018-04-29 12:01:25,26.0,22260,0,578760,1
2018-04-29 12:01:25,92.9033,22260,0,2068027,1
2018-04-29 12:01:25,8.7475,22260,0,194719,1
2018-04-29 12:01:26,358.6712,22260,0,7984021,1
2018-04-29 12:01:32,298.01024572,22295,0,-6644138,0
2018-04-29 12:01:33,190.28715427,22295,0,-4242452,0
2018-04-29 12:01:50,76.0334,22340,0,1698586,1
2018-04-29 12:02:31,1.0,22370,0,-22370,0
2018-04-29 12:02:31,500.0,22370,0,-11185000,0
2018-04-29 12:02:32,1.0,22370,0,-22370,0
2018-04-29 12:02:32,1.0,22370,0,-22370,0
2018-04-29 12:02:36,1098.2803,22385,0,24585005,1
2018-04-29 12:02:38,1.13770638,22410,0,-25496,0
2018-04-29 12:02:39,2.1,22410,0,-47061,0
2018-04-29 12:02:39,2.2,22410,0,-49302,0
2018-04-29 12:02:39,134.4745,22410,0,-3013574,0
2018-04-29 12:02:39,2.0,22410,0,-44820,0
2018-04-29 12:02:40,3.41,22410,0,-76418,0
2018-04-29 12:02:47,98.8654584,22450,0,-2219530,0
2018-04-29 12:02:48,10.0,22450,0,-224500,0
2018-04-29 12:02:48,10.0,22450,0,-224500,0
2018-04-29 12:02:49,350.0,22450,0,-7857500,0
2018-04-29 12:03:16,571.83137908,22450,0,12837614,1
2018-04-29 12:03:16,3.6443,22435,0,81760,1
2018-04-29 12:03:25,4.8,22445,0,-107736,0
2018-04-29 12:03:25,25.2087,22445,0,-565809,0
2018-04-29 12:03:33,1.608,22470,0,-36132,0
2018-04-29 12:03:56,291.6765,22515,0,-6567096,0
2018-04-29 12:04:34,362.0052,22600,0,8181318,1
2018-04-29 12:04:50,57.5642,22715,0,-1307571,0
2018-04-29 12:05:10,57.5642,22715,0,1307571,1
2018-04-29 12:05:45,1.9,22735,0,-43197,0
2018-04-29 12:05:48,590.0501934,22750,0,-13423642,0
2018-04-29 12:05:52,0.9,22780,0,-20502,0
2018-04-29 12:05:52,44.3622,22780,0,-1010571,0
2018-04-29 12:05:52,0.3,22780,0,-6834,0
2018-04-29 12:06:21,637.5124,22860,0,14573533,1
2018-04-29 12:06:30,753.6275909,22805,0,-17186477,0
2018-04-29 12:06:30,446.37240909,22805,0,-10179523,0
2018-04-29 12:07:47,38.42982049,22740,0,873894,1
2018-04-29 12:07:47,92.3192,22740,0,2099339,1
2018-04-29 12:07:48,205.1835,22730,0,4663821,1
2018-04-29 12:08:00,864.0675,22800,0,19700739,1
2018-04-29 12:09:53,3.7964,22660,0,-86026,0
2018-04-29 12:10:20,450.71016454,22745,0,-10251403,0
2018-04-29 12:10:21,0.3,22745,0,-6824,0
2018-04-29 12:10:28,454.8065,22770,0,10355944,1
2018-04-29 12:11:02,21.895,22815,0,-499534,0
2018-04-29 12:11:11,21.895,22830,0,499863,1
2018-04-29 12:11:29,240.9853,22795,0,-5493260,0
2018-04-29 12:12:05,2.3208,22910,0,-53170,0
2018-04-29 12:12:10,30.93300758,22940,0,-709603,0
2018-04-29 12:12:10,179.56989241,22940,0,-4119333,0
2018-04-29 12:12:24,746.191,22790,0,-17005693,0
2018-04-29 12:12:32,1196.0,22795,0,27262820,1
2018-04-29 12:12:32,4.0,22810,0,91240,1
2018-04-29 12:12:41,92.20289053,22820,0,-2104070,0
2018-04-29 12:12:45,175.31567546,22830,0,-4002457,0
2018-04-29 12:12:45,363.6896,22830,0,-8303034,0
2018-04-29 12:12:45,568.79182453,22830,0,-12985517,0
2018-04-29 12:12:59,5.0467,22835,0,115241,1
2018-04-29 12:13:00,891.65009853,22835,0,20360830,1
2018-04-29 12:13:05,303.3032,22805,0,6916829,1
2018-04-29 12:13:37,469.0417,22760,0,-10675389,0
2018-04-29 12:14:11,10.0,22750,0,-227500,0
2018-04-29 12:14:11,1.4093,22750,0,-32062,0
2018-04-29 12:14:14,329.45097252,22750,0,-7495010,0
2018-04-29 12:14:15,390.09802747,22750,0,-8874730,0
2018-04-29 12:14:47,1200.0,22745,0,27294000,1
2018-04-29 12:15:12,200.0,22750,0,-4550000,0
2018-04-29 12:15:19,21.6643,22755,0,492971,1
2018-04-29 12:15:23,14.0102,22760,0,318872,1
2018-04-29 12:15:25,6.9828,22760,0,158929,1
2018-04-29 12:15:27,157.3427,22760,0,3581120,1
2018-04-29 12:15:56,523.0512,22930,0,-11993564,0
2018-04-29 12:16:01,351.5083,22950,0,-8067115,0
2018-04-29 12:16:34,174.2919,22900,0,3991285,1
2018-04-29 12:16:53,700.2676,22935,0,16060637,1
2018-04-29 12:16:58,1200.0,22950,0,-27540000,0
2018-04-29 12:19:26,131.0615,22890,0,2999998,1
2018-04-29 12:19:33,885.417,22885,0,20262768,1
2018-04-29 12:19:44,183.5215,22875,0,4198054,1
2018-04-29 12:20:11,353.8503,22890,0,-8099633,0
2018-04-29 12:20:15,846.1497,22900,0,-19376828,0
2018-04-29 12:21:11,10.0,23005,0,230050,1
2018-04-29 12:21:16,263.7374,22980,0,6060685,1
2018-04-29 12:22:13,732.7712,22955,0,16820763,1
2018-04-29 12:22:22,100.0,22940,0,2294000,1
2018-04-29 12:22:23,10.5,22940,0,240870,1
2018-04-29 12:22:26,82.9914,22930,0,1902993,1
2018-04-29 12:22:32,1.0119,22895,0,-23167,0
2018-04-29 12:22:32,1198.9881,22900,0,-27456827,0
2018-04-29 12:22:40,338.4516,22900,0,7750542,1
2018-04-29 12:23:23,428.8225,22905,0,9822179,1
2018-04-29 12:23:32,26.41986616,22905,0,-605147,0
2018-04-29 12:23:32,13.87853383,22905,0,-317888,0
2018-04-29 12:23:37,25.4921,22905,0,-583897,0
2018-04-29 12:23:40,701.4836,22900,0,-16063974,0
2018-04-29 12:23:47,57.0,22880,0,1304160,1
2018-04-29 12:23:47,10.0,22880,0,228800,1
2018-04-29 12:23:51,23.6988,22880,0,542229,1
2018-04-29 12:23:55,185.867,22865,0,4249849,1
2018-04-29 12:23:55,32.7276,22865,0,748317,1
2018-04-29 12:23:55,633.9017,22865,0,14494162,1
2018-04-29 12:23:55,10.084,22865,0,230571,1
2018-04-29 12:23:55,10.0,22865,0,228650,1
2018-04-29 12:24:11,236.7209,22835,0,5405522,1
2018-04-29 12:25:25,89.4386,22740,0,-2033834,0
2018-04-29 12:25:25,8.9964,22740,0,-204578,0
2018-04-29 12:25:29,98.435,22750,0,2239396,1
2018-04-29 12:25:32,51.4256,22750,0,-1169932,0
2018-04-29 12:25:47,51.4256,22740,0,1169418,1
2018-04-29 12:26:38,4.8682,22715,0,-110581,0
2018-04-29 12:26:44,749.9911,22710,0,-17032298,0
2018-04-29 12:27:16,1.0,22775,0,22775,1
2018-04-29 12:28:35,201.5904,22810,0,4598277,1
2018-04-29 12:28:36,10.0,22810,0,228100,1
2018-04-29 12:28:41,657.7311,22755,0,-14966671,0
2018-04-29 12:29:24,1.5,22730,0,34095,1
2018-04-29 12:29:24,699.3102,22730,0,15895321,1
2018-04-29 12:29:28,5.8545,22710,0,132956,1
2018-04-29 12:29:29,275.2124,22710,0,6250074,1
2018-04-29 12:29:29,110.9225,22710,0,2519050,1
2018-04-29 12:29:29,107.2004,22710,0,2434521,1
2018-04-29 12:30:26,1.0,22700,0,-22700,0
2018-04-29 12:30:30,4.1,22730,0,-93193,0
2018-04-29 12:30:46,3.348e-05,22700,0,-1,0
2018-04-29 12:30:51,1194.9,22685,0,-27106307,0
2018-04-29 12:31:22,97.654,22675,0,2214304,1
2018-04-29 12:31:22,22.6336,22680,0,513330,1
2018-04-29 12:31:23,5.0,22660,0,113300,1
2018-04-29 12:31:23,121.2301,22660,0,2747074,1
2018-04-29 12:31:23,831.4108,22660,0,18839769,1
2018-04-29 12:31:23,13.9132,22660,0,315273,1
2018-04-29 12:31:24,15.0,22660,0,339900,1
2018-04-29 12:31:50,93.1583,22625,0,2107707,1
2018-04-29 12:31:56,375.0363,22615,0,-8481446,0
2018-04-29 12:31:57,573.73747308,22615,0,-12975073,0
2018-04-29 12:32:43,145.1647,22600,0,3280722,1
2018-04-29 12:32:43,51.5,22600,0,1163900,1
2018-04-29 12:32:44,9.0,22600,0,203400,1
2018-04-29 12:32:44,1.5,22600,0,33900,1
2018-04-29 12:32:44,741.6091,22600,0,16760366,1
2018-04-29 12:33:29,1187.56712505,22595,0,-26833079,0
2018-04-29 12:33:29,12.43287494,22595,0,-280921,0
2018-04-29 12:34:51,1000.0,22655,0,22655000,1
2018-04-29 12:34:51,21.67000662,22655,0,490934,1
2018-04-29 12:34:55,178.33,22675,0,4043633,1
2018-04-29 12:35:35,1.9,22635,0,-43007,0
2018-04-29 12:35:50,87.7311,22645,0,-1986671,0
2018-04-29 12:36:11,7.9883,22675,0,-181135,0
2018-04-29 12:36:22,30.5677,22705,0,-694040,0
2018-04-29 12:36:26,30.8186,22715,0,-700044,0
2018-04-29 12:36:26,596.35876167,22715,0,-13546289,0
2018-04-29 12:36:37,33.5851,22700,0,762382,1
2018-04-29 12:36:37,45.92718061,22700,0,1042547,1
2018-04-29 12:36:37,3.1691,22700,0,71939,1
2018-04-29 12:36:38,52.30788546,22700,0,1187389,1
2018-04-29 12:36:38,44.1,22700,0,1001070,1
2018-04-29 12:36:38,231.2156,22700,0,5248594,1
2018-04-29 12:36:38,345.05963392,22700,0,7832854,1
2018-04-29 12:37:14,66.474,22735,0,-1511286,0
2018-04-29 12:37:26,50.0,22725,0,-1136250,0
2018-04-29 12:37:32,242.2478,22735,0,-5507504,0
2018-04-29 12:38:02,27.92623444,22760,0,-635601,0
2018-04-29 12:38:06,23.762,22770,0,-541061,0
2018-04-29 12:38:19,126.7436,22850,0,-2896091,0
2018-04-29 12:38:19,58.4619,22850,0,-1335854,0
2018-04-29 12:38:19,354.4876,22850,0,-8100042,0
2018-04-29 12:38:48,76.3144,22855,0,1744166,1
2018-04-29 12:39:22,873.7887,22905,0,20014130,1
2018-04-29 12:39:29,97.299,22920,0,-2230093,0
2018-04-29 12:39:29,168.56486404,22920,0,-3863507,0
2018-04-29 12:39:30,934.13613595,22920,0,-21410400,0
2018-04-29 12:40:58,124.9264,23030,0,2877055,1
2018-04-29 12:40:58,137.4531,23040,0,3166919,1
2018-04-29 12:41:11,118.4618,22990,0,2723437,1
2018-04-29 12:41:11,819.1587,22990,0,18832459,1
2018-04-29 12:42:06,1.19998209,23010,0,-27612,0
2018-04-29 12:42:06,196.4159179,23010,0,-4519530,0
2018-04-29 12:42:06,1.4,23010,0,-32214,0
2018-04-29 12:42:10,1.6,23020,0,-36832,0
2018-04-29 12:42:10,1.2,23020,0,-27624,0
2018-04-29 12:42:11,2.7789,23020,0,-63970,0
2018-04-29 12:42:11,2.24500434,23020,0,-51680,0
2018-04-29 12:42:11,1.4,23020,0,-32228,0
2018-04-29 12:42:11,1.3,23020,0,-29926,0
2018-04-29 12:42:11,1.0,23020,0,-23020,0
2018-04-29 12:42:11,10.8871,23020,0,-250621,0
2018-04-29 12:42:11,1.6,23020,0,-36832,0
2018-04-29 12:42:12,976.97309565,23020,0,-22489921,0
2018-04-29 12:44:05,7.2597,23180,0,168280,1
2018-04-29 12:44:06,8.7202,23180,0,202134,1
2018-04-29 12:44:14,99.8695,23120,0,2308983,1
2018-04-29 12:44:14,346.9332,23120,0,8021096,1
2018-04-29 12:44:14,205.8599,23120,0,4759481,1
2018-04-29 12:44:14,15.6962,23120,0,362896,1
2018-04-29 12:44:14,320.3988,23120,0,7407620,1
2018-04-29 12:44:18,195.2625,23120,0,4514469,1
2018-04-29 12:45:44,41.7292,22985,0,-959146,0
2018-04-29 12:45:45,301.8757,23000,0,-6943141,0
2018-04-29 12:45:45,856.3951,23000,0,-19697087,0
2018-04-29 12:45:50,135.4631913,23000,0,3115653,1
2018-04-29 12:45:50,2.675,23000,0,61525,1
2018-04-29 12:46:02,150.6984,22970,0,3461542,1
2018-04-29 12:46:09,33.44124571,22880,0,765136,1
2018-04-29 12:46:09,106.8858,22880,0,2445547,1
2018-04-29 12:46:10,51.7962,22880,0,1185097,1
2018-04-29 12:46:57,77.4106,22960,0,1777347,1
2018-04-29 12:46:57,4.5166,22960,0,103701,1
2018-04-29 12:46:57,11.0011,22960,0,252585,1
2018-04-29 12:47:12,37.0532,22955,0,850556,1
2018-04-29 12:47:13,589.0587,22955,0,13521842,1
2018-04-29 12:47:39,18.0687,23010,0,-415761,0
2018-04-29 12:47:56,30.37332824,23080,0,-701016,0
2018-04-29 12:47:56,49.12147175,23080,0,-1133724,0
2018-04-29 12:48:42,97.5635,23005,0,2244448,1
2018-04-29 12:49:18,141.0585,23050,0,-3251398,0
2018-04-29 12:49:18,0.4288,23050,0,-9884,0
2018-04-29 12:49:18,10.7992,23050,0,-248922,0
2018-04-29 12:49:18,152.56218763,23050,0,-3516558,0
2018-04-29 12:49:19,1.198,23050,0,-27614,0
2018-04-29 12:49:58,0.9318,23050,0,-21478,0
2018-04-29 12:49:58,52.3442,23050,0,-1206534,0
2018-04-29 12:49:58,67.2679,23050,0,-1550525,0
2018-04-29 12:49:58,365.17439739,23050,0,-8417270,0
2018-04-29 12:49:59,23.9302026,23050,0,-551591,0
2018-04-29 12:50:25,11.1636,23000,0,256763,1
2018-04-29 12:50:25,68.831,23000,0,1583113,1
2018-04-29 12:50:25,490.9577,23000,0,11292027,1
2018-04-29 12:50:25,1.1141,23000,0,25624,1
2018-04-29 12:50:26,100.0,23000,0,2300000,1
2018-04-29 12:50:26,143.6288,23000,0,3303462,1
2018-04-29 12:53:00,1200.0,22965,0,-27558000,0
2018-04-29 12:53:14,129.53811331,22980,0,2976786,1
2018-04-29 12:53:14,27.7845,22980,0,638488,1
2018-04-29 12:53:18,895.8831,22960,0,20569476,1
2018-04-29 12:53:18,20.0,22960,0,459200,1
2018-04-29 12:53:19,13.2341,22960,0,303855,1
2018-04-29 12:53:19,113.5601,22960,0,2607340,1
2018-04-29 12:53:34,128.632,22960,0,-2953391,0
2018-04-29 12:53:41,111.5684,22960,0,-2561610,0
2018-04-29 12:54:26,65.0,22955,0,-1492075,0
2018-04-29 12:54:29,1.0683,22960,0,24528,1
2018-04-29 12:54:42,304.1321,22900,0,6964625,1
2018-04-29 12:54:50,27.5483,22875,0,-630167,0
2018-04-29 12:54:58,3.30637772,22855,0,-75567,0
2018-04-29 12:54:58,61.609,22855,0,-1408074,0
2018-04-29 12:55:07,3.4,22890,0,-77826,0
2018-04-29 12:55:10,95.8637,22890,0,2194320,1
2018-04-29 12:56:18,18.1316,22870,0,-414670,0
2018-04-29 12:56:25,18.1316,22885,0,414942,1
2018-04-29 12:57:31,50.9849,22830,0,-1163985,0
2018-04-29 12:57:36,52.08323117,22840,0,-1189581,0
2018-04-29 12:57:36,447.91676882,22840,0,-10230419,0
2018-04-29 12:57:57,11.6051,22850,0,265177,1
2018-04-29 12:57:59,539.3798,22850,0,12324828,1
2018-04-29 12:58:31,50.6874,22900,0,-1160741,0
2018-04-29 12:58:32,88.9381,22900,0,-2036682,0
2018-04-29 12:58:35,50.0,22910,0,-1145500,0
2018-04-29 12:59:07,11.5266,22925,0,264247,1
2018-04-29 12:59:07,178.0989,22925,0,4082917,1
2018-04-29 13:00:59,146.19569302,22950,0,-3355191,0
2018-04-29 13:01:04,772.2363,22960,0,-17730545,0
2018-04-29 13:01:04,8.5,22960,0,-195160,0
2018-04-29 13:01:51,6.5999,22940,0,151402,1
2018-04-29 13:01:55,86.9474,22940,0,1994573,1
2018-04-29 13:01:59,88.1118,22940,0,2021285,1
2018-04-29 13:01:59,5.3709,22940,0,123208,1
2018-04-29 13:02:03,268.8833,22940,0,6168183,1
2018-04-29 13:02:03,10.821,22940,0,248234,1
2018-04-29 13:02:04,460.1977,22940,0,10556935,1
2018-04-29 13:02:25,12.2705,22865,0,-280565,0
2018-04-29 13:02:46,12.2705,22865,0,280565,1
2018-04-29 13:04:43,47.90580211,22680,0,-1086504,0
2018-04-29 13:04:54,12.2062,22665,0,-276654,0
2018-04-29 13:05:15,60.112,22635,0,1360635,1
2018-04-29 13:05:25,1200.0,22600,0,-27120000,0
2018-04-29 13:05:47,214.5727,22610,0,4851489,1
2018-04-29 13:05:48,18.1135,22610,0,409546,1
2018-04-29 13:05:48,6.9,22610,0,156009,1
2018-04-29 13:05:48,290.1028,22610,0,6559224,1
2018-04-29 13:05:48,19.09292348,22610,0,431691,1
2018-04-29 13:05:51,16.5684,22600,0,374446,1
2018-04-29 13:05:51,0.2803,22600,0,6335,1
2018-04-29 13:05:51,47.1143,22600,0,1064783,1
2018-04-29 13:05:51,13.6117,22600,0,307624,1
2018-04-29 13:05:51,39.5832,22605,0,894778,1
2018-04-29 13:05:52,33.0034,22600,0,745877,1
2018-04-29 13:05:52,77.86659172,22600,0,1759785,1
2018-04-29 13:05:52,4.3401,22600,0,98086,1
2018-04-29 13:05:54,7.9288938,22600,0,179193,1
2018-04-29 13:05:54,2.6,22600,0,58760,1
2018-04-29 13:05:54,50.8734,22600,0,1149739,1
2018-04-29 13:05:55,357.44781446,22600,0,8078321,1
2018-04-29 13:06:13,136.1689,22695,0,-3090353,0
2018-04-29 13:06:27,4.5377,22700,0,-103006,0
2018-04-29 13:06:30,140.7066,22695,0,3193336,1
2018-04-29 13:06:39,54.6745,22695,0,-1240838,0
2018-04-29 13:06:52,1145.3255,22725,0,-26027522,0
2018-04-29 13:08:39,445.6527,22750,0,10138599,1
2018-04-29 13:08:39,8.1925,22750,0,186379,1
2018-04-29 13:08:40,130.5494,22750,0,2969999,1
2018-04-29 13:08:40,11.4172,22750,0,259741,1
2018-04-29 13:08:45,500.0,22740,0,11370000,1
2018-04-29 13:08:51,1.1252,22715,0,25559,1
2018-04-29 13:08:51,73.063,22715,0,1659626,1
2018-04-29 13:08:51,30.0,22715,0,681450,1
2018-04-29 13:09:09,83.3188,22700,0,-1891337,0
2018-04-29 13:09:17,4.8,22715,0,-109032,0
2018-04-29 13:09:29,2.8556,22715,0,-64865,0
2018-04-29 13:09:29,5.9999,22715,0,-136288,0
2018-04-29 13:09:33,294.2777,22730,0,-6688932,0
2018-04-29 13:09:34,109.5,22730,0,-2488935,0
2018-04-29 13:09:40,6.9,22730,0,-156837,0
2018-04-29 13:09:59,44.7903,22735,0,-1018307,0
2018-04-29 13:10:05,552.4423,22750,0,12568062,1
2018-04-29 13:10:50,2.5277,22680,0,-57328,0
2018-04-29 13:10:51,0.4813,22680,0,-10916,0
2018-04-29 13:10:53,3.009,22675,0,68229,1
2018-04-29 13:11:09,22.0264,22670,0,-499338,0
2018-04-29 13:11:18,148.352,22740,0,-3373524,0
2018-04-29 13:11:18,51.648,22760,0,-1175508,0
2018-04-29 13:11:28,2.0,22700,0,-45400,0
2018-04-29 13:11:35,2.0,22740,0,45480,1
2018-04-29 13:11:40,7.5,22725,0,-170438,0
2018-04-29 13:11:45,229.5264,22725,0,5215987,1
2018-04-29 13:12:00,3.186e-05,22750,0,-1,0
2018-04-29 13:12:37,200.0,22700,0,-4540000,0
2018-04-29 13:12:54,27.6782,22690,0,628018,1
2018-04-29 13:12:54,172.3218,22690,0,3909982,1
2018-04-29 13:13:06,16.4912,22700,0,-374350,0
2018-04-29 13:13:06,85.4787,22700,0,-1940366,0
2018-04-29 13:13:06,26.4355,22700,0,-600086,0
2018-04-29 13:13:07,269.819,22700,0,-6124891,0
2018-04-29 13:13:13,69.5676,22735,0,-1581619,0
2018-04-29 13:13:36,2.5209,22735,0,57313,1
2018-04-29 13:13:40,162.5467,22720,0,3693061,1
2018-04-29 13:13:46,302.7244,22750,0,6886980,1
2018-04-29 13:14:46,223.1695,22720,0,-5070411,0
2018-04-29 13:14:46,476.13676036,22730,0,-10822589,0
2018-04-29 13:15:08,292.9741,22750,0,6665161,1
2018-04-29 13:15:14,5.0,22720,0,-113600,0
2018-04-29 13:15:35,74.7372,22730,0,-1698777,0
2018-04-29 13:15:41,83.5199,22730,0,-1898407,0
2018-04-29 13:16:35,27.6894,22715,0,628965,1
2018-04-29 13:16:40,4.8454,22715,0,110063,1
2018-04-29 13:16:40,433.87171584,22710,0,9853227,1
2018-04-29 13:16:41,5.9832,22710,0,135878,1
2018-04-29 13:16:41,97.19958415,22710,0,2207403,1
2018-04-29 13:19:34,118.0,22715,0,-2680370,0
2018-04-29 13:19:54,29.238,22730,0,664580,1
2018-04-29 13:20:00,88.762,22735,0,2018004,1
2018-04-29 13:20:26,8.6412,22750,0,-196587,0
2018-04-29 13:20:27,29.955,22750,0,-681476,0
2018-04-29 13:20:27,9.4188,22750,0,-214278,0
2018-04-29 13:20:27,5.2655,22750,0,-119790,0
2018-04-29 13:21:31,53.2805,22745,0,1211865,1
2018-04-29 13:22:45,11.4766,22680,0,-260289,0
2018-04-29 13:23:08,30.0,22660,0,-679800,0
2018-04-29 13:23:08,401.7314,22660,0,-9103234,0
2018-04-29 13:23:08,40.0195,22660,0,-906842,0
2018-04-29 13:23:09,45.1997,22660,0,-1024225,0
2018-04-29 13:23:37,152.114,22640,0,-3443861,0
2018-04-29 13:23:38,361.1861,22640,0,-8177253,0
2018-04-29 13:23:52,1041.7273,22605,0,23548246,1
2018-04-29 13:25:16,10.0,22515,0,-225150,0
2018-04-29 13:25:16,126.074922,22515,0,-2838577,0
2018-04-29 13:25:23,45.0383,22525,0,1014488,1
2018-04-29 13:25:36,91.0366,22505,0,2048779,1
2018-04-29 13:26:35,20.835,22560,0,-470038,0
2018-04-29 13:26:35,99.17762056,22560,0,-2237447,0
2018-04-29 13:26:35,1079.98737943,22560,0,-24364515,0
2018-04-29 13:26:56,770.8055,22540,0,17373956,1
2018-04-29 13:26:56,429.1945,22545,0,9676190,1
2018-04-29 13:31:49,97.0,22380,0,-2170860,0
2018-04-29 13:32:03,97.0,22380,0,2170860,1
2018-04-29 13:32:19,175.0237,22430,0,-3925782,0
2018-04-29 13:32:23,101.5047,22450,0,2278781,1
2018-04-29 13:32:28,13.0804,22430,0,-293393,0
2018-04-29 13:32:28,2.5223,22430,0,-56575,0
2018-04-29 13:32:41,35.8723,22380,0,802822,1
2018-04-29 13:32:42,53.2494,22380,0,1191722,1
2018-04-29 13:33:17,57.0468,22340,0,-1274426,0
2018-04-29 13:33:21,25.4249,22340,0,-567992,0
2018-04-29 13:33:32,1.1689,22335,0,26107,1
2018-04-29 13:34:12,75.3761,22390,0,1687671,1
2018-04-29 13:34:12,3.9267,22390,0,87919,1
2018-04-29 13:34:12,2.0,22390,0,44780,1
2018-04-29 13:34:17,41.2751,22430,0,-925800,0
2018-04-29 13:34:17,19.5487,22430,0,-438477,0
2018-04-29 13:34:22,2.0,22430,0,-44860,0
2018-04-29 13:34:32,38.9012,22445,0,-873137,0
2018-04-29 13:34:35,101.725,22440,0,2282709,1
2018-04-29 13:37:27,31.0628,22220,0,-690215,0
2018-04-29 13:37:31,53.3203,22225,0,-1185044,0
2018-04-29 13:37:48,25.91728616,22330,0,-578733,0
2018-04-29 13:38:02,43.9586,22300,0,-980277,0
2018-04-29 13:38:02,80.3652,22300,0,-1792144,0
2018-04-29 13:38:18,707.918,22380,0,-15843205,0
2018-04-29 13:38:24,8.5999,22380,0,192466,1
2018-04-29 13:38:24,89.2858,22380,0,1998216,1
2018-04-29 13:38:28,22.0,22380,0,492360,1
2018-04-29 13:38:28,83.108,22380,0,1859957,1
2018-04-29 13:39:01,363.2047,22375,0,8126705,1
2018-04-29 13:39:08,35.0052,22380,0,-783416,0
2018-04-29 13:39:27,43.9011,22460,0,-986019,0
2018-04-29 13:39:59,744.7499,22480,0,-16741978,0
2018-04-29 13:40:32,125.6802,22425,0,2818378,1
2018-04-29 13:42:03,129.31341245,22480,0,2906966,1
2018-04-29 13:42:04,945.00638754,22480,0,21243744,1
2018-04-29 13:42:46,89.4217,22515,0,-2013330,0
2018-04-29 13:42:59,56.46833814,22535,0,1272514,1
2018-04-29 13:43:15,32.9534,22530,0,742440,1
2018-04-29 13:43:42,1.0044,22550,0,-22649,0
2018-04-29 13:43:49,1.0044,22540,0,22639,1
2018-04-29 13:44:34,3.97,22560,0,-89563,0
2018-04-29 13:44:41,1.18037598,22605,0,-26682,0
2018-04-29 13:44:41,302.84162401,22605,0,-6845735,0
2018-04-29 13:44:45,1.0,22620,0,-22620,0
2018-04-29 13:45:34,891.008,22700,0,-20225882,0
2018-04-29 13:46:05,3.39670329,22750,0,77275,1
2018-04-29 13:46:05,1196.6032967,22750,0,27222725,1
2018-04-29 13:46:34,36.0227,22755,0,-819697,0
2018-04-29 13:46:41,6.2,22780,0,141236,1
2018-04-29 13:46:41,7.4128,22780,0,168864,1
2018-04-29 13:46:54,22.4099,22755,0,509937,1
2018-04-29 13:47:34,877.18275238,22685,0,-19898891,0
2018-04-29 13:47:40,72.9593,22710,0,1656906,1
2018-04-29 13:47:41,21.7037,22710,0,492891,1
2018-04-29 13:48:25,36.3396,22735,0,826181,1
2018-04-29 13:48:29,35.6508,22710,0,809630,1
2018-04-29 13:48:44,710.5293,22710,0,16136120,1
2018-04-29 13:49:26,17.9,22665,0,-405704,0
2018-04-29 13:49:48,17.9,22645,0,405346,1
2018-04-29 13:51:01,155.4392,22540,0,-3503600,0
2018-04-29 13:51:29,155.4392,22600,0,3512926,1
2018-04-29 13:52:17,1200.0,22625,0,-27150000,0
2018-04-29 13:53:38,100.0,22775,0,2277500,1
2018-04-29 13:53:38,46.8643,22775,0,1067334,1
2018-04-29 13:53:38,113.6093,22775,0,2587452,1
2018-04-29 13:53:46,860.4371,22750,0,19574944,1
2018-04-29 13:53:46,29.0,22750,0,659750,1
2018-04-29 13:54:14,43.9788,22770,0,1001397,1
2018-04-29 13:54:21,6.1105,22775,0,139167,1
2018-04-29 13:56:27,987.6,22735,0,-22453086,0
2018-04-29 13:57:34,777.77645313,22715,0,17667192,1
2018-04-29 13:57:40,12.546,22730,0,285171,1
2018-04-29 13:57:41,55.597,22730,0,1263720,1
2018-04-29 13:58:09,1.0,22715,0,22715,1
2018-04-29 13:58:09,10.6403,22715,0,241694,1
2018-04-29 13:58:29,130.0403,22750,0,2958417,1
2018-04-29 13:59:42,4.9925,22715,0,-113405,0
2018-04-29 13:59:48,4.9925,22725,0,113455,1
2018-04-29 14:00:11,7.0637,22715,0,-160452,0
2018-04-29 14:00:15,1.0,22710,0,22710,1
2018-04-29 14:00:23,6.0637,22715,0,137737,1
2018-04-29 14:01:03,150.245,22715,0,-3412815,0
2018-04-29 14:01:05,46.9379,22715,0,-1066194,0
2018-04-29 14:01:05,97.5503,22715,0,-2215855,0
2018-04-29 14:01:06,22.1862,22715,0,-503960,0
2018-04-29 14:01:16,64.7469,22735,0,-1472021,0
2018-04-29 14:01:16,50.0,22735,0,-1136750,0
2018-04-29 14:02:06,56.197,22730,0,1277358,1
2018-04-29 14:02:07,28.7672,22730,0,653878,1
2018-04-29 14:02:16,346.7021,22735,0,7882272,1
2018-04-29 14:02:35,390.2250581,22750,0,-8877620,0
2018-04-29 14:02:35,809.77494189,22745,0,-18418331,0
2018-04-29 14:03:28,1200.0,22805,0,27366000,1
2018-04-29 14:03:34,358.3607,22800,0,-8170624,0
2018-04-29 14:03:38,21.7015,22800,0,-494794,0
2018-04-29 14:03:44,1.0,22800,0,22800,1
2018-04-29 14:04:07,379.0622,22840,0,8657781,1
2018-04-29 14:05:25,43.3816,22860,0,-991703,0
2018-04-29 14:05:31,32.2903,22800,0,736219,1
2018-04-29 14:05:31,4.5214,22800,0,103088,1
2018-04-29 14:05:31,6.2453,22800,0,142393,1
2018-04-29 14:05:32,0.3246,22800,0,7401,1
2018-04-29 14:06:42,18.8096,22850,0,-429799,0
2018-04-29 14:06:46,0.0001,22860,0,-2,0
2018-04-29 14:06:55,1.2261,22905,0,-28084,0
2018-04-29 14:07:07,86.1137,22900,0,-1972004,0
2018-04-29 14:07:17,106.1495,22910,0,2431885,1
2018-04-29 14:07:25,45.1185,22890,0,-1032762,0
2018-04-29 14:07:35,1.7511,22890,0,-40083,0
2018-04-29 14:07:39,8.7284,22890,0,-199793,0
2018-04-29 14:08:24,100.0,22925,0,-2292500,0
2018-04-29 14:08:31,1044.402,22930,0,-23948138,0
2018-04-29 14:09:25,1200.0,22940,0,27528000,1
2018-04-29 14:11:06,605.4053,22950,0,-13894052,0
2018-04-29 14:11:22,23.1378,22975,0,531591,1
2018-04-29 14:11:28,23.6518,22975,0,543400,1
2018-04-29 14:11:35,15.5,22960,0,355880,1
2018-04-29 14:11:48,104.8274,22930,0,2403692,1
2018-04-29 14:12:10,9.21,22950,0,-211370,0
2018-04-29 14:12:47,68.7078,22945,0,1576500,1
2018-04-29 14:12:47,70.9975,22945,0,1629038,1
2018-04-29 14:13:26,44.4936,22935,0,1020461,1
2018-04-29 14:13:26,74.2,22935,0,1701777,1
2018-04-29 14:13:26,3.3933468,22935,0,77826,1
2018-04-29 14:13:37,6.8919,22900,0,157825,1
2018-04-29 14:13:37,131.0158,22900,0,3000262,1
2018-04-29 14:13:37,10.3442,22900,0,236882,1
2018-04-29 14:13:37,21.834,22900,0,499999,1
2018-04-29 14:13:40,15.6201,22880,0,357388,1
2018-04-29 14:14:54,15.1708,22795,0,-345818,0
2018-04-29 14:15:02,90.1114,22835,0,-2057694,0
2018-04-29 14:15:07,18.79,22850,0,-429352,0
2018-04-29 14:15:12,108.3349,22850,0,-2475452,0
2018-04-29 14:15:16,81.3469,22850,0,-1858777,0
2018-04-29 14:15:16,5.9289,22850,0,-135475,0
2018-04-29 14:15:53,5.0,22800,0,-114000,0
2018-04-29 14:15:57,15.4966,22800,0,-353322,0
2018-04-29 14:16:01,2.0428,22820,0,-46617,0
2018-04-29 14:16:01,163.38902217,22820,0,-3728537,0
2018-04-29 14:16:20,8.5819,22835,0,-195968,0
2018-04-29 14:16:31,26.8419,22850,0,-613337,0
2018-04-29 14:16:31,448.86972844,22850,0,-10256673,0
2018-04-29 14:16:32,196.95907155,22850,0,-4500515,0
2018-04-29 14:16:32,13.136,22850,0,-300158,0
2018-04-29 14:19:09,405.93161671,22860,0,9279597,1
2018-04-29 14:20:26,331.7651,22820,0,7570880,1
2018-04-29 14:20:26,21.2221,22820,0,484288,1
2018-04-29 14:20:27,110.0,22820,0,2510200,1
2018-04-29 14:21:01,15.7,22805,0,358039,1
2018-04-29 14:21:01,100.0,22805,0,2280500,1
2018-04-29 14:21:13,26.3103,22790,0,599612,1
2018-04-29 14:21:17,175.031,22785,0,3988081,1
2018-04-29 14:21:17,4.7961,22785,0,109279,1
2018-04-29 14:21:21,9.2437,22790,0,210664,1
2018-04-29 14:21:54,274.2692,22755,0,-6240996,0
2018-04-29 14:21:55,0.6531,22755,0,-14861,0
2018-04-29 14:22:26,57.2488,22735,0,-1301551,0
2018-04-29 14:22:31,23.5262,22735,0,-534868,0
2018-04-29 14:22:40,15.6772,22730,0,-356343,0
2018-04-29 14:22:40,561.4858,22730,0,-12762572,0
2018-04-29 14:23:23,13.0573,22715,0,296597,1
2018-04-29 14:23:24,47.03,22715,0,1068286,1
2018-04-29 14:23:53,7.673,22680,0,174024,1
2018-04-29 14:23:53,10.7311,22680,0,243381,1
2018-04-29 14:23:54,4.7,22680,0,106596,1
2018-04-29 14:23:54,100.123,22680,0,2270790,1
2018-04-29 14:23:54,248.737,22680,0,5641355,1
2018-04-29 14:23:55,8.1159,22680,0,184069,1
2018-04-29 14:23:55,51.0724,22680,0,1158322,1
2018-04-29 14:23:55,92.8,22680,0,2104704,1
2018-04-29 14:23:56,348.8206,22680,0,7911251,1
2018-04-29 14:24:42,174.6046,22685,0,-3960905,0
2018-04-29 14:24:50,0.1204,22700,0,-2733,0
2018-04-29 14:24:52,141.7388,22705,0,-3218179,0
2018-04-29 14:24:56,175.3135,22700,0,-3979616,0
2018-04-29 14:25:11,8.2338,22700,0,-186907,0
2018-04-29 14:25:30,500.0111,22720,0,11360252,1
2018-04-29 14:27:08,3.4219,22685,0,-77626,0
2018-04-29 14:27:31,3.4219,22700,0,77677,1
2018-04-29 14:28:19,92.53165774,22720,0,-2102319,0
2018-04-29 14:28:20,5.3614,22720,0,-121811,0
2018-04-29 14:28:20,19.53544225,22720,0,-443845,0
2018-04-29 14:28:25,188.1170721,22730,0,-4275901,0
2018-04-29 14:28:25,35.51,22730,0,-807142,0
2018-04-29 14:28:32,47.0,22745,0,-1069015,0
2018-04-29 14:28:32,44.58759088,22745,0,-1014145,0
2018-04-29 14:28:33,5.0,22745,0,-113725,0
2018-04-29 14:28:33,32.25280911,22745,0,-733590,0
2018-04-29 14:28:36,431.0671,22745,0,-9804621,0
2018-04-29 14:29:02,533.9667,22780,0,12163761,1
2018-04-29 14:29:18,117.6163,22750,0,2675771,1
2018-04-29 14:29:22,92.3982,22750,0,2102059,1
2018-04-29 14:29:23,35.485,22745,0,807106,1
2018-04-29 14:29:26,78.1451,22740,0,1777020,1
2018-04-29 14:29:26,28.6557,22740,0,651631,1
2018-04-29 14:29:37,14.6961,22765,0,334557,1
2018-04-29 14:29:55,53.7943,22825,0,-1227855,0
2018-04-29 14:30:05,53.7943,22820,0,1227586,1
2018-04-29 14:36:04,2.541,22750,0,-57808,0
2018-04-29 14:36:10,2.541,22750,0,57808,1
2018-04-29 14:37:16,8.1086,22735,0,-184349,0
2018-04-29 14:37:58,8.1086,22745,0,184430,1
2018-04-29 14:38:45,0.6042,22755,0,-13749,0
2018-04-29 14:38:45,1.2268,22755,0,-27916,0
2018-04-29 14:39:43,51.5317,22735,0,-1171573,0
2018-04-29 14:40:41,69.1442,22735,0,-1571993,0
2018-04-29 14:40:49,72.4813,22735,0,-1647862,0
2018-04-29 14:40:57,85.0,22730,0,-1932050,0
2018-04-29 14:41:07,53.2548,22725,0,-1210215,0
2018-04-29 14:41:11,13.4928,22730,0,-306691,0
2018-04-29 14:41:26,424.58469533,22730,0,-9650810,0
2018-04-29 14:41:26,48.42780466,22730,0,-1100764,0
2018-04-29 14:41:48,0.0051,22730,0,116,1
2018-04-29 14:41:52,127.7847,22695,0,2900074,1
2018-04-29 14:41:56,415.99443661,22680,0,9434754,1
2018-04-29 14:41:56,251.9215,22680,0,5713580,1
2018-04-29 14:41:56,24.04256338,22680,0,545285,1
2018-04-29 14:42:20,419.2566,22560,0,-9458429,0
2018-04-29 14:42:24,29.3004,22600,0,-662189,0
2018-04-29 14:42:36,8.19,22600,0,-185094,0
2018-04-29 14:42:44,41.8744,22590,0,-945943,0
2018-04-29 14:42:50,701.3786,22545,0,-15812581,0
2018-04-29 14:43:19,4.7,22630,0,106361,1
2018-04-29 14:43:20,566.7055,22630,0,12824545,1
2018-04-29 14:45:18,64.44029269,22665,0,1460539,1
2018-04-29 14:45:24,26.6427,22665,0,-603857,0
2018-04-29 14:45:29,272.3424,22665,0,-6172640,0
2018-04-29 14:46:26,306.2456,22635,0,6931869,1
2018-04-29 14:46:32,32.9284,22635,0,-745334,0
2018-04-29 14:46:36,27.6132,22630,0,-624887,0
2018-04-29 14:46:36,2.4163,22630,0,-54681,0
2018-04-29 14:47:23,3.0,22620,0,67860,1
2018-04-29 14:47:23,73.4851,22620,0,1662233,1
2018-04-29 14:47:26,1.8,22605,0,-40689,0
2018-04-29 14:47:34,109.4784,22605,0,-2474759,0
2018-04-29 14:48:46,654.6449,22575,0,14778609,1
2018-04-29 14:50:23,1200.0,22620,0,-27144000,0
2018-04-29 14:53:14,1200.0,22595,0,27114000,1
2018-04-29 14:54:23,4.2365,22530,0,-95448,0
2018-04-29 14:54:31,4.845e-05,22545,0,-1,0
2018-04-29 14:54:35,4.2375,22550,0,-95556,0
2018-04-29 14:54:35,252.8569,22550,0,-5701923,0
2018-04-29 14:54:35,632.81825005,22550,0,-14270052,0
2018-04-29 14:54:35,20.1573,22550,0,-454547,0
2018-04-29 14:55:08,0.4,22575,0,9030,1
2018-04-29 14:55:08,913.9065,22575,0,20631439,1
2018-04-29 14:57:50,18.4723,22565,0,-416827,0
2018-04-29 14:58:12,34.0436,22570,0,-768364,0
2018-04-29 14:58:17,265.85908157,22580,0,-6003098,0
2018-04-29 14:58:23,342.26829307,22595,0,-7733552,0
2018-04-29 14:58:24,370.0,22595,0,-8360150,0
2018-04-29 14:58:24,1.0,22595,0,-22595,0
2018-04-29 14:58:24,168.35670692,22595,0,-3804020,0
2018-04-29 14:59:16,1200.0,22675,0,27210000,1
2018-04-29 14:59:47,30.2701,22670,0,-686223,0
2018-04-29 14:59:51,8.3529,22680,0,-189444,0
2018-04-29 15:00:08,38.623,22680,0,875970,1
2018-04-29 15:00:14,58.98758986,22700,0,-1339018,0
2018-04-29 15:00:14,17.43251013,22700,0,-395718,0
2018-04-29 15:00:26,21.8734,22700,0,496526,1
2018-04-29 15:00:26,0.3163,22700,0,7180,1
2018-04-29 15:00:30,54.2304,22680,0,1229945,1
2018-04-29 15:00:39,1.6782,22680,0,-38062,0
2018-04-29 15:00:49,0.0001,22730,0,-2,0
2018-04-29 15:00:50,85.1288,22730,0,-1934978,0
2018-04-29 15:00:56,1.74914065,22750,0,-39793,0
2018-04-29 15:00:57,514.2,22750,0,-11698050,0
2018-04-29 15:01:15,40.1749,22750,0,913979,1
2018-04-29 15:01:15,58.8195,22750,0,1338144,1
2018-04-29 15:01:15,0.7634,22770,0,17383,1
2018-04-29 15:01:16,227.5687,22750,0,5177188,1
2018-04-29 15:02:14,3.0,22735,0,68205,1
2018-04-29 15:02:14,52.9729,22735,0,1204339,1
2018-04-29 15:02:29,31.7392883,22740,0,721751,1
2018-04-29 15:03:01,129.4384,22710,0,-2939546,0
2018-04-29 15:03:09,30.4143,22725,0,-691165,0
2018-04-29 15:03:13,347.5702,22725,0,7898533,1
2018-04-29 15:03:43,19.85,22720,0,-450992,0
2018-04-29 15:03:45,8.4,22735,0,190974,1
2018-04-29 15:04:06,11.45,22725,0,260201,1
2018-04-29 15:04:40,44.4181,22715,0,-1008957,0
2018-04-29 15:04:40,88.0475,22715,0,-1999999,0
2018-04-29 15:04:54,132.4656,22700,0,3006969,1
2018-04-29 15:11:00,100.0,22705,0,-2270500,0
2018-04-29 15:11:01,100.0,22705,0,-2270500,0
2018-04-29 15:11:19,3.0816,22710,0,-69983,0
2018-04-29 15:11:27,996.9184,22710,0,-22640017,0
2018-04-29 15:11:51,5.9,22735,0,134137,1
2018-04-29 15:11:54,281.3956,22725,0,6394715,1
2018-04-29 15:11:54,508.3,22730,0,11553659,1
2018-04-29 15:11:55,404.4044,22725,0,9190090,1
2018-04-29 15:12:32,64.2447,22755,0,-1461888,0
2018-04-29 15:12:32,214.4042,22755,0,-4878768,0
2018-04-29 15:12:32,200.0,22755,0,-4551000,0
2018-04-29 15:12:33,50.0,22755,0,-1137750,0
2018-04-29 15:12:33,1.3832,22755,0,-31475,0
2018-04-29 15:12:33,8.291,22755,0,-188662,0
2018-04-29 15:12:33,33.6667,22755,0,-766086,0
2018-04-29 15:12:33,46.7972,22755,0,-1064870,0
2018-04-29 15:12:33,225.9087,22755,0,-5140552,0
2018-04-29 15:12:33,1.8039,22755,0,-41048,0
2018-04-29 15:15:02,315.4044,22865,0,7211722,1
2018-04-29 15:15:03,234.481,22860,0,5360236,1
2018-04-29 15:15:03,151.6856,22860,0,3467533,1
2018-04-29 15:15:10,37.2742,22850,0,851715,1
2018-04-29 15:15:20,34.6814,22845,0,792297,1
2018-04-29 15:15:26,69.973,22800,0,1595384,1
2018-04-29 15:15:26,3.0,22845,0,68535,1
2018-04-29 15:18:40,295.5809,22820,0,-6745156,0
2018-04-29 15:18:47,3.5,22840,0,79940,1
2018-04-29 15:19:36,292.0809,22800,0,6659445,1
2018-04-29 15:20:01,13.7369,22825,0,-313545,0
2018-04-29 15:20:14,13.7369,22825,0,313545,1
2018-04-29 15:22:40,168.9185,22790,0,-3849653,0
2018-04-29 15:22:45,1031.0815,22800,0,-23508658,0
2018-04-29 15:23:28,0.1317,22770,0,2999,1
2018-04-29 15:23:28,219.5925,22770,0,5000121,1
2018-04-29 15:23:32,980.2758,22760,0,22311077,1
2018-04-29 15:23:48,255.5984,22750,0,-5814864,0
2018-04-29 15:23:56,130.4736,22745,0,-2967622,0
2018-04-29 15:25:21,27.8497,22745,0,633441,1
2018-04-29 15:25:21,239.6565,22745,0,5450987,1
2018-04-29 15:25:26,57.3709,22765,0,1306049,1
2018-04-29 15:26:11,6.0882,22765,0,-138598,0
2018-04-29 15:26:11,0.0907,22760,0,-2064,0
2018-04-29 15:26:17,320.89360889,22765,0,-7305143,0
2018-04-29 15:26:17,135.0665,22765,0,-3074789,0
2018-04-29 15:26:23,16.4439,22770,0,-374428,0
2018-04-29 15:27:31,1.0,22780,0,22780,1
2018-04-29 15:27:32,7.594,22780,0,172991,1
2018-04-29 15:27:38,49.5336,22795,0,1129118,1
2018-04-29 15:27:41,363.5355,22795,0,8286792,1
2018-04-29 15:27:46,1.0,22780,0,22780,1
2018-04-29 15:28:04,117.1147,22795,0,2669630,1
2018-04-29 15:28:48,57.0,22810,0,-1300170,0
2018-04-29 15:29:00,57.0,22820,0,1300740,1
2018-04-29 15:30:49,1029.964,22765,0,-23447130,0
2018-04-29 15:30:57,2.7,22780,0,61506,1
2018-04-29 15:31:29,1.3,22770,0,29601,1
2018-04-29 15:36:29,75.3155,22775,0,1715311,1
2018-04-29 15:36:33,3.0,22775,0,68325,1
2018-04-29 15:38:15,581.9052,22785,0,13258710,1
2018-04-29 15:38:24,28.7935,22780,0,655916,1
2018-04-29 15:38:24,115.6642,22785,0,2635409,1
2018-04-29 15:38:35,38.0,22785,0,865830,1
2018-04-29 15:39:04,100.0,22795,0,2279500,1
2018-04-29 15:39:15,20.0,22815,0,-456300,0
2018-04-29 15:39:15,4.5708,22815,0,-104283,0
2018-04-29 15:39:15,221.4918,22815,0,-5053335,0
2018-04-29 15:39:15,232.4923,22815,0,-5304312,0
2018-04-29 15:39:19,88.0,22825,0,-2008600,0
2018-04-29 15:39:19,119.44613362,22825,0,-2726358,0
2018-04-29 15:39:19,375.46996637,22825,0,-8570102,0
2018-04-29 15:39:19,23.2434,22825,0,-530531,0
2018-04-29 15:39:19,32.0,22825,0,-730400,0
2018-04-29 15:42:51,6.8366,22890,0,156490,1
2018-04-29 15:42:51,10.0,22860,0,228600,1
2018-04-29 15:42:51,2.0,22860,0,45720,1
2018-04-29 15:42:55,670.3739,22870,0,15331451,1
2018-04-29 15:42:59,9.9941,22880,0,228665,1
2018-04-29 15:43:03,500.7954,22860,0,11448183,1
2018-04-29 15:45:09,474.2675,22915,0,-10867840,0
2018-04-29 15:45:09,60.0,22915,0,-1374900,0
2018-04-29 15:45:10,311.0326,22915,0,-7127312,0
2018-04-29 15:45:29,845.3001,22990,0,19433449,1
2018-04-29 15:45:39,189.9822,22975,0,-4364841,0
2018-04-29 15:45:43,30.0,23000,0,-690000,0
2018-04-29 15:45:43,30.0,23000,0,-690000,0
2018-04-29 15:45:43,6.5448,23000,0,-150530,0
2018-04-29 15:45:44,250.0,23000,0,-5750000,0
2018-04-29 15:45:44,40.16247594,23000,0,-923737,0
2018-04-29 15:45:45,28.4232,23000,0,-653734,0
2018-04-29 15:45:45,20.0,23000,0,-460000,0
2018-04-29 15:45:48,5.0,23000,0,-115000,0
2018-04-29 15:45:48,10.9,23000,0,-250700,0
2018-04-29 15:45:49,69.5798,23000,0,-1600335,0
2018-04-29 15:45:49,1.3,23000,0,-29900,0
2018-04-29 15:45:50,1.0,23000,0,-23000,0
2018-04-29 15:45:50,10.0,23000,0,-230000,0
2018-04-29 15:46:24,471.8569,22995,0,10850349,1
2018-04-29 15:46:25,99.9147,22995,0,2297539,1
2018-04-29 15:46:25,17.2648,22995,0,397004,1
2018-04-29 15:46:25,32.7968,22995,0,754162,1
2018-04-29 15:46:32,1.0,22995,0,-22995,0
2018-04-29 15:46:36,1.5,22995,0,-34493,0
2018-04-29 15:46:41,752.8714,23010,0,-17323571,0
2018-04-29 15:46:41,373.5693,23010,0,-8595830,0
2018-04-29 15:51:09,49.0104,23190,0,1136551,1
2018-04-29 15:51:09,1.66127641,23190,0,38525,1
2018-04-29 15:51:27,393.7552,23220,0,9142996,1
2018-04-29 15:51:28,362.692,23220,0,8421708,1
2018-04-29 15:51:28,235.7621,23220,0,5474396,1
2018-04-29 15:51:32,157.119,23225,0,3649089,1
2018-04-29 15:51:36,164.1107,23200,0,-3807368,0
2018-04-29 15:52:09,106.1908,23200,0,-2463627,0
2018-04-29 15:52:31,270.3015,23100,0,6243965,1
2018-04-29 15:52:40,48.128,23100,0,-1111757,0
2018-04-29 15:52:47,152.8744,23100,0,-3531399,0
2018-04-29 15:53:12,1.2978,23150,0,-30044,0
2018-04-29 15:53:31,819.5385,23190,0,-19005098,0
2018-04-29 15:55:40,211.1137,23190,0,4895727,1
2018-04-29 15:55:40,21.5353,23190,0,499404,1
2018-04-29 15:55:41,126.69965502,23190,0,2938165,1
2018-04-29 15:56:24,22.1472,23200,0,513815,1
2018-04-29 15:56:24,21.55172413,23200,0,500000,1
2018-04-29 15:56:49,50.0,23165,0,1158250,1
2018-04-29 15:56:55,148.2346,23150,0,3431631,1
2018-04-29 15:56:55,22.3873,23150,0,518266,1
2018-04-29 15:56:55,7.9217,23150,0,183387,1
2018-04-29 15:57:25,170.3953,23105,0,3936983,1
2018-04-29 15:57:34,3.96,23080,0,91397,1
2018-04-29 15:57:35,8.2,23080,0,189256,1
2018-04-29 15:57:35,24.37,23080,0,562460,1
2018-04-29 15:57:35,1.7208,23080,0,39716,1
2018-04-29 15:58:02,2.0,23060,0,46120,1
2018-04-29 15:58:06,40.1567,23065,0,-926214,0
2018-04-29 15:58:23,5.0,23125,0,-115625,0
2018-04-29 15:58:45,552.411,23150,0,-12788315,0
2018-04-29 15:58:45,1.997,23150,0,-46231,0
2018-04-29 15:58:45,99.9999,23150,0,-2314998,0
2018-04-29 16:00:44,44.308,23135,0,1025066,1
2018-04-29 16:01:43,759.922888,23180,0,17615013,1
2018-04-29 16:02:02,13.5647,23180,0,-314430,0
2018-04-29 16:02:02,85.2942,23180,0,-1977120,0
2018-04-29 16:02:02,275.1202,23180,0,-6377286,0
2018-04-29 16:02:03,751.0857,23180,0,-17410167,0
2018-04-29 16:02:48,200.0,23270,0,4654000,1
2018-04-29 16:03:02,179.599,23305,0,4185555,1
2018-04-29 16:03:08,820.401,23270,0,19090731,1
2018-04-29 16:04:13,1200.0,23445,0,-28134000,0
2018-04-29 16:04:44,10.0,23470,0,234700,1
2018-04-29 16:05:41,1.2214,23580,0,28801,1
2018-04-29 16:05:41,835.7786,23580,0,19707659,1
2018-04-29 16:05:41,353.0,23580,0,8323740,1
2018-04-29 16:05:44,20.0,23600,0,-472000,0
2018-04-29 16:05:44,28.31264086,23600,0,-668178,0
2018-04-29 16:05:44,807.7669,23600,0,-19063299,0
2018-04-29 16:05:45,111.01698474,23600,0,-2620001,0
2018-04-29 16:05:45,89.5016,23600,0,-2112238,0
2018-04-29 16:05:45,30.0,23600,0,-708000,0
2018-04-29 16:05:45,43.7322,23600,0,-1032080,0
2018-04-29 16:05:45,2.0,23600,0,-47200,0
2018-04-29 16:05:46,0.2109,23600,0,-4977,0
2018-04-29 16:05:46,21.6243,23600,0,-510333,0
2018-04-29 16:05:47,45.83447438,23600,0,-1081694,0
2018-04-29 16:05:55,242.6799,23580,0,5722392,1
2018-04-29 16:05:55,1.0,23580,0,23580,1
2018-04-29 16:05:55,359.9666,23580,0,8488012,1
2018-04-29 16:05:56,99.6954,23580,0,2350818,1
2018-04-29 16:05:56,215.5987,23580,0,5083817,1
2018-04-29 16:05:56,258.0332,23580,0,6084423,1
2018-04-29 16:06:00,23.0262,23590,0,543188,1
2018-04-29 16:06:17,485.7715,23530,0,-11430203,0
2018-04-29 16:06:17,1.3,23530,0,-30589,0
2018-04-29 16:06:17,1.4,23530,0,-32942,0
2018-04-29 16:06:19,52.0,23530,0,-1223560,0
2018-04-29 16:06:19,1.1,23530,0,-25883,0
2018-04-29 16:06:24,1.7,23550,0,-40035,0
2018-04-29 16:06:25,2.4,23550,0,-56520,0
2018-04-29 16:06:25,53.0504,23550,0,-1249337,0
2018-04-29 16:06:30,1.7,23580,0,-40086,0
2018-04-29 16:06:47,600.4219,23600,0,14169957,1
2018-04-29 16:07:00,59.3077,23610,0,-1400255,0
2018-04-29 16:07:03,59.3077,23630,0,1401441,1
2018-04-29 16:07:52,1.24797147,23575,0,-29421,0
2018-04-29 16:07:52,75.54732852,23575,0,-1781028,0
2018-04-29 16:07:59,104.6646,23580,0,-2467991,0
2018-04-29 16:07:59,29.732,23580,0,-701081,0
2018-04-29 16:07:59,735.54161085,23580,0,-17344071,0
2018-04-29 16:08:37,257.6,23580,0,6074208,1
2018-04-29 16:08:37,58.6017,23570,0,1381242,1
2018-04-29 16:08:37,40.0,23570,0,942800,1
2018-04-29 16:08:38,85.3965,23570,0,2012796,1
2018-04-29 16:08:47,143.9649,23555,0,-3391093,0
2018-04-29 16:08:48,4.709,23555,0,-110920,0
2018-04-29 16:08:48,5.0,23555,0,-117775,0
2018-04-29 16:09:09,231.0696,23535,0,5438223,1
2018-04-29 16:09:10,234.8697,23530,0,5526484,1
2018-04-29 16:09:10,192.8699,23535,0,4539193,1
2018-04-29 16:09:48,7.7,23520,0,-181104,0
2018-04-29 16:10:19,44.9358,23535,0,-1057564,0
2018-04-29 16:10:26,425.0769,23565,0,-10016937,0
2018-04-29 16:10:32,477.7127,23590,0,11269243,1
2018-04-29 16:10:35,1200.0,23605,0,-28326000,0
2018-04-29 16:11:11,47.7,23610,0,1126197,1
2018-04-29 16:11:12,451.9757,23605,0,10668886,1
2018-04-29 16:11:12,66.0958,23605,0,1560191,1
2018-04-29 16:11:12,195.0014,23605,0,4603008,1
2018-04-29 16:11:12,62.0314,23605,0,1464251,1
2018-04-29 16:11:12,377.1957,23605,0,8903704,1
2018-04-29 16:12:10,25.0417,23710,0,-593739,0
2018-04-29 16:12:10,2.7671,23710,0,-65608,0
2018-04-29 16:12:25,27.8088,23710,0,659347,1
2018-04-29 16:13:22,6.3,23760,0,-149688,0
2018-04-29 16:13:22,345.19849225,23760,0,-8201916,0
2018-04-29 16:13:22,114.1289,23760,0,-2711703,0
2018-04-29 16:13:22,10.0,23760,0,-237600,0
2018-04-29 16:13:23,14.25660774,23760,0,-338737,0
2018-04-29 16:13:34,7.5626,23795,0,179952,1
2018-04-29 16:13:34,132.4015,23795,0,3150494,1
2018-04-29 16:13:35,84.2683,23795,0,2005164,1
2018-04-29 16:13:35,265.6516,23795,0,6321180,1
2018-04-29 16:15:45,174.9248,23805,0,-4164085,0
2018-04-29 16:15:50,1025.0752,23825,0,-24422417,0
2018-04-29 16:15:55,1178.9647131,23840,0,28106519,1
2018-04-29 16:15:56,21.03528689,23840,0,501481,1
2018-04-29 16:16:50,728.74331665,23745,0,-17304010,0
2018-04-29 16:17:07,1.2913,23780,0,30707,1
2018-04-29 16:17:08,19.1636,23780,0,455710,1
2018-04-29 16:17:08,31.64348191,23780,0,752482,1
2018-04-29 16:17:27,159.6018,23765,0,3792937,1
2018-04-29 16:17:32,8.0494,23740,0,-191093,0
2018-04-29 16:17:41,69.5429,23750,0,1651644,1
2018-04-29 16:17:41,10.3848,23750,0,246639,1
2018-04-29 16:17:42,15.0,23750,0,356250,1
2018-04-29 16:17:46,188.4928,23755,0,4477646,1
2018-04-29 16:17:50,13.16462626,23760,0,312792,1
2018-04-29 16:17:51,228.50737373,23760,0,5429335,1
2018-04-29 16:18:15,1200.0,23730,0,-28476000,0
2018-04-29 16:20:15,1200.0,23775,0,28530000,1
2018-04-29 16:21:30,15.2424,23815,0,-362998,0
2018-04-29 16:21:30,15.4333,23815,0,-367544,0
2018-04-29 16:21:36,1169.3243,23830,0,-27864998,0
2018-04-29 16:24:30,232.0709,24060,0,5583626,1
2018-04-29 16:24:31,42.1574,24060,0,1014307,1
2018-04-29 16:24:33,83.4697,24060,0,2008281,1
2018-04-29 16:24:34,407.9426,24050,0,9811020,1
2018-04-29 16:24:34,252.1747,24050,0,6064802,1
2018-04-29 16:24:34,1.0,24050,0,24050,1
2018-04-29 16:24:34,4.0,24050,0,96200,1
2018-04-29 16:24:34,113.0155,24050,0,2718023,1
2018-04-29 16:24:40,64.1692,24060,0,1543911,1
2018-04-29 16:25:21,127.3115,24060,0,-3063115,0
2018-04-29 16:25:26,335.90437114,24075,0,-8086898,0
2018-04-29 16:25:26,1.0,24075,0,-24075,0
2018-04-29 16:25:26,1.1,24075,0,-26483,0
2018-04-29 16:25:42,233.47283913,24150,0,-5638369,0
2018-04-29 16:25:42,30.0,24150,0,-724500,0
2018-04-29 16:25:43,205.9785,24150,0,-4974381,0
2018-04-29 16:25:43,43.988,24150,0,-1062310,0
2018-04-29 16:25:43,6.6471,24150,0,-160527,0
2018-04-29 16:25:43,90.5109,24150,0,-2185838,0
2018-04-29 16:25:43,63.951,24150,0,-1544417,0
2018-04-29 16:25:43,8.2868,24150,0,-200126,0
2018-04-29 16:25:44,49.7007,24150,0,-1200272,0
2018-04-29 16:26:16,29.34137682,24210,0,710355,1
2018-04-29 16:26:16,68.033,24210,0,1647079,1
2018-04-29 16:27:00,247.63089933,24240,0,6002573,1
2018-04-29 16:27:05,54.0756,24240,0,1310793,1
2018-04-29 16:27:14,64.3035,24165,0,1553894,1
2018-04-29 16:27:14,30.0429,24165,0,725987,1
2018-04-29 16:27:14,206.2706,24165,0,4984529,1
2018-04-29 16:27:15,181.904,24165,0,4395710,1
2018-04-29 16:27:43,1.8307,24175,0,44257,1
2018-04-29 16:27:48,314.4192,24200,0,7608945,1
2018-04-29 16:28:12,348.3785,24195,0,-8429018,0
2018-04-29 16:28:16,11.7839,24225,0,-285465,0
2018-04-29 16:28:16,2.74759545,24225,0,-66560,0
2018-04-29 16:28:16,5.0,24225,0,-121125,0
2018-04-29 16:28:16,41.80400454,24225,0,-1012702,0
2018-04-29 16:28:21,67.03885456,24230,0,-1624351,0
2018-04-29 16:28:22,125.295,24230,0,-3035898,0
2018-04-29 16:28:22,0.3,24230,0,-7269,0
2018-04-29 16:29:23,10.0439,24395,0,245021,1
2018-04-29 16:29:23,144.5163,24395,0,3525475,1
2018-04-29 16:29:24,203.0765,24395,0,4954051,1
2018-04-29 16:29:24,13.1934,24395,0,321853,1
2018-04-29 16:29:24,75.4441,24395,0,1840459,1
2018-04-29 16:29:27,42.7724,24395,0,1043433,1
2018-04-29 16:29:27,92.8808,24395,0,2265827,1
2018-04-29 16:29:27,20.4204,24395,0,498156,1
2018-04-29 16:29:34,38.4792,24410,0,-939277,0
2018-04-29 16:29:45,40.0,24450,0,-978000,0
2018-04-29 16:29:45,197.91770531,24450,0,-4839088,0
2018-04-29 16:29:46,19.925,24450,0,-487166,0
2018-04-29 16:29:47,505.90749468,24450,0,-12369438,0
2018-04-29 16:29:58,735.6411,24445,0,17982747,1
2018-04-29 16:29:59,13.0128,24445,0,318098,1
2018-04-29 16:29:59,53.5755,24445,0,1309653,1
2018-04-29 16:30:07,128.3991,24435,0,-3137432,0
2018-04-29 16:30:19,128.3991,24415,0,3134864,1
2018-04-29 16:30:54,34.9,24325,0,-848943,0
2018-04-29 16:30:55,6.1972,24325,0,-150747,0
2018-04-29 16:30:57,41.0972,24345,0,1000511,1
2018-04-29 16:31:14,1200.0,24325,0,-29190000,0
2018-04-29 16:31:27,12.9984,24340,0,316381,1
2018-04-29 16:31:27,509.5712,24340,0,12402963,1
2018-04-29 16:31:27,17.6188,24340,0,428842,1
2018-04-29 16:31:31,659.8116,24355,0,16069712,1
2018-04-29 16:31:45,5.7817,24415,0,-141160,0
2018-04-29 16:31:51,5.8788,24465,0,-143825,0
2018-04-29 16:32:13,1188.3395,24500,0,-29114318,0
2018-04-29 16:33:09,780.6529,24690,0,19274320,1
2018-04-29 16:33:18,402.4899,24695,0,9939488,1
2018-04-29 16:33:18,16.8572,24695,0,416289,1
2018-04-29 16:33:30,3.296e-05,24725,0,-1,0
2018-04-29 16:33:57,1.9,24695,0,-46921,0
2018-04-29 16:33:57,1.3,24695,0,-32104,0
2018-04-29 16:33:57,1.6,24695,0,-39512,0
2018-04-29 16:33:57,1.5,24695,0,-37043,0
2018-04-29 16:34:00,6.3,24685,0,155516,1
2018-04-29 16:34:04,82.3571,24700,0,-2034220,0
2018-04-29 16:34:04,163.1469,24700,0,-4029728,0
2018-04-29 16:34:04,223.9822,24700,0,-5532360,0
2018-04-29 16:34:13,81.39047125,24720,0,2011972,1
2018-04-29 16:34:13,108.2365,24720,0,2675606,1
2018-04-29 16:34:14,155.29300161,24720,0,3838843,1
2018-04-29 16:34:20,124.5663,24725,0,3079902,1
2018-04-29 16:34:35,205.7473,24750,0,-5092246,0
2018-04-29 16:34:36,4.7984,24750,0,-118760,0
2018-04-29 16:34:38,165.4193,24770,0,4097436,1
2018-04-29 16:34:39,45.1264,24770,0,1117781,1
2018-04-29 16:34:52,5.0,24800,0,-124000,0
2018-04-29 16:35:00,83.25045571,24840,0,-2067941,0
2018-04-29 16:35:00,82.289,24840,0,-2044059,0
2018-04-29 16:35:00,250.15,24840,0,-6213726,0
2018-04-29 16:35:39,420.6894,24865,0,10460442,1
2018-04-29 16:36:02,4.4,24930,0,-109692,0
2018-04-29 16:36:10,34.947,24950,0,-871928,0
2018-04-29 16:36:11,161.22371282,24950,0,-4022532,0
2018-04-29 16:36:11,11.5191,24950,0,-287402,0
2018-04-29 16:36:11,81.9155,24950,0,-2043792,0
2018-04-29 16:36:11,112.2,24950,0,-2799390,0
2018-04-29 16:36:12,19.0,24950,0,-474050,0
2018-04-29 16:36:12,138.1309,24950,0,-3446366,0
2018-04-29 16:36:12,240.1921,24950,0,-5992793,0
2018-04-29 16:36:12,30.0,24950,0,-748500,0
2018-04-29 16:36:12,50.0,24950,0,-1247500,0
2018-04-29 16:36:13,294.11781583,24950,0,-7338240,0
2018-04-29 16:36:13,22.35387134,24950,0,-557729,0
2018-04-29 16:36:42,227.7366,24875,0,5664948,1
2018-04-29 16:36:42,1.055,24875,0,26243,1
2018-04-29 16:36:42,0.1,24875,0,2488,1
2018-04-29 16:36:42,138.3,24875,0,3440213,1
2018-04-29 16:36:53,261.7991,24870,0,6510944,1
2018-04-29 16:36:53,100.0,24870,0,2487000,1
2018-04-29 16:36:54,1.8273,24870,0,45445,1
2018-04-29 16:36:54,50.5668,24870,0,1257596,1
2018-04-29 16:36:54,25.6988,24870,0,639129,1
2018-04-29 16:36:58,179.0977,24870,0,-4454160,0
2018-04-29 16:36:58,1.206,24870,0,-29993,0
2018-04-29 16:37:02,75.83642914,24895,0,-1887948,0
2018-04-29 16:37:19,8.0528,24750,0,199307,1
2018-04-29 16:37:19,153.6,24750,0,3801600,1
2018-04-29 16:37:19,186.31220202,24750,0,4611227,1
2018-04-29 16:37:19,251.2797,24750,0,6219173,1
2018-04-29 16:37:23,69.8676,24705,0,-1726079,0
2018-04-29 16:37:23,209.3818,24705,0,-5172777,0
2018-04-29 16:37:23,12.9805,24705,0,-320683,0
2018-04-29 16:37:27,342.0418,24685,0,8443302,1
2018-04-29 16:37:37,84.9961,24625,0,-2093029,0
2018-04-29 16:37:40,84.9961,24650,0,2095154,1
2018-04-29 16:37:49,259.8066,24575,0,-6384747,0
2018-04-29 16:38:07,30.445,24400,0,-742858,0
2018-04-29 16:38:20,11.7198,24465,0,-286725,0
2018-04-29 16:38:29,205.4642,24510,0,-5035928,0
2018-04-29 16:38:33,100.0,24455,0,2445500,1
2018-04-29 16:38:33,20.32,24455,0,496926,1
2018-04-29 16:38:33,1.2073,24455,0,29525,1
2018-04-29 16:38:33,5.8,24455,0,141839,1
2018-04-29 16:38:36,380.1083,24455,0,9295548,1
2018-04-29 16:38:47,133.11,24530,0,-3265188,0
2018-04-29 16:38:57,133.11,24585,0,3272509,1
2018-04-29 16:39:36,17.5716,24535,0,-431119,0
2018-04-29 16:39:39,17.5716,24500,0,430504,1
2018-04-29 16:39:48,331.522,24480,0,-8115659,0
2018-04-29 16:39:52,868.478,24470,0,-21251657,0
2018-04-29 16:40:09,42.5075,24430,0,1038458,1
2018-04-29 16:40:09,5.0,24430,0,122150,1
2018-04-29 16:40:10,0.79549733,24430,0,19434,1
2018-04-29 16:40:10,110.8264,24430,0,2707489,1
2018-04-29 16:40:10,3.8871,24430,0,94962,1
2018-04-29 16:40:26,0.9124,24355,0,22222,1
2018-04-29 16:40:27,12.3617,24355,0,301069,1
2018-04-29 16:40:27,1023.7094,24355,0,24932442,1
2018-04-29 16:40:38,200.0,24365,0,-4873000,0
2018-04-29 16:40:41,157.56575174,24400,0,3844604,1
2018-04-29 16:40:41,40.98360655,24400,0,1000000,1
2018-04-29 16:40:42,1.45064169,24400,0,35396,1
2018-04-29 16:40:46,4.2427,24435,0,-103670,0
2018-04-29 16:40:47,428.0518,24435,0,-10459446,0
2018-04-29 16:40:47,2.0054,24435,0,-49002,0
2018-04-29 16:40:47,62.2537,24435,0,-1521169,0
2018-04-29 16:40:47,703.4464,24435,0,-17188713,0
2018-04-29 16:41:16,14.52841328,24495,0,355873,1
2018-04-29 16:41:17,7.8,24495,0,191061,1
2018-04-29 16:41:17,23.1,24495,0,565835,1
2018-04-29 16:41:17,112.8,24495,0,2763036,1
2018-04-29 16:41:25,108.0911,24560,0,2654717,1
2018-04-29 16:41:25,4.6861,24560,0,115091,1
2018-04-29 16:42:12,928.9943,24595,0,22848615,1
2018-04-29 16:42:17,1200.0,24600,0,-29520000,0
2018-04-29 16:42:20,45.2932,24570,0,1112854,1
2018-04-29 16:43:03,122.1001,24570,0,2999999,1
2018-04-29 16:43:03,0.7336,24570,0,18025,1
2018-04-29 16:43:03,44.1599,24580,0,1085450,1
2018-04-29 16:43:07,463.3823,24540,0,11371402,1
2018-04-29 16:43:13,524.3309,24545,0,12869702,1
2018-04-29 16:44:05,1200.0,24595,0,-29514000,0
2018-04-29 16:44:40,354.4131,24600,0,8718562,1
2018-04-29 16:44:46,103.3766,24585,0,2541514,1
2018-04-29 16:45:06,129.66942468,24585,0,3187923,1
2018-04-29 16:45:06,150.8209,24585,0,3707932,1
2018-04-29 16:45:07,40.6752,24585,0,1000000,1
2018-04-29 16:45:08,46.3186,24585,0,1138743,1
2018-04-29 16:45:13,80.224499,24570,0,-1971116,0
2018-04-29 16:46:27,18.1173,24625,0,-446139,0
2018-04-29 16:46:28,53.8782,24625,0,-1326751,0
2018-04-29 16:46:44,100.081,24660,0,2467997,1
2018-04-29 16:46:44,12.952,24660,0,319396,1
2018-04-29 16:46:49,413.9132,24665,0,10209169,1
2018-04-29 16:46:57,5.5543,24640,0,-136858,0
2018-04-29 16:47:02,9.3158,24640,0,-229541,0
2018-04-29 16:47:05,14.8701,24640,0,366399,1
2018-04-29 16:47:11,1.0,24625,0,-24625,0
2018-04-29 16:47:33,1.0,24660,0,24660,1
2018-04-29 16:47:53,75.82922083,24630,0,-1867674,0
2018-04-29 16:47:53,859.99337916,24630,0,-21181637,0
2018-04-29 16:47:58,245.3707,24650,0,6048388,1
2018-04-29 16:48:43,657.9134,24650,0,16217565,1
2018-04-29 16:50:00,32.5385,24310,0,791011,1
2018-04-29 16:50:41,1200.0,24355,0,-29226000,0
2018-04-29 16:51:02,836.42182476,24390,0,20400328,1
2018-04-29 16:51:16,193.7905093,24445,0,4737209,1
2018-04-29 16:51:22,163.5331,24420,0,3993478,1
2018-04-29 16:51:22,6.2546,24420,0,152737,1
2018-04-29 16:51:44,110.1878,24495,0,-2699050,0
2018-04-29 16:52:18,123.262,24395,0,-3006976,0
2018-04-29 16:52:23,9.7,24385,0,236535,1
2018-04-29 16:52:31,68.1585,24360,0,-1660341,0
2018-04-29 16:52:44,6.4,24340,0,155776,1
2018-04-29 16:52:44,6.4,24340,0,155776,1
2018-04-29 16:52:45,51.871,24340,0,1262540,1
2018-04-29 16:52:45,45.1453,24340,0,1098837,1
2018-04-29 16:52:45,6.6274,24340,0,161311,1
2018-04-29 16:52:49,6.4,24305,0,155552,1
2018-04-29 16:52:49,1.6,24305,0,38888,1
2018-04-29 16:52:49,36.0309,24305,0,875731,1
2018-04-29 16:52:49,112.9841,24305,0,2746079,1
2018-04-29 16:52:50,4.8,24305,0,116664,1
2018-04-29 16:52:50,13.6496,24305,0,331754,1
2018-04-29 16:53:08,144.6174,24235,0,-3504803,0
2018-04-29 16:53:08,1.0,24235,0,-24235,0
2018-04-29 16:53:08,21.0877,24235,0,-511060,0
2018-04-29 16:53:08,4.5,24235,0,-109058,0
2018-04-29 16:53:08,24.91074122,24235,0,-603712,0
2018-04-29 16:53:13,82.35536339,24285,0,2000000,1
2018-04-29 16:53:26,28.2803,24250,0,685797,1
2018-04-29 16:53:26,6.4,24250,0,155200,1
2018-04-29 16:53:27,6.4,24250,0,155200,1
2018-04-29 16:53:27,16.7244,24250,0,405567,1
2018-04-29 16:53:27,12.8533,24250,0,311693,1
2018-04-29 16:53:27,6.4,24250,0,155200,1
2018-04-29 16:53:43,36.7025,24160,0,886732,1
2018-04-29 16:55:18,260.68541755,24200,0,-6308587,0
2018-04-29 16:55:18,8.2687,24200,0,-200103,0
2018-04-29 16:55:19,931.04588244,24200,0,-22531310,0
2018-04-29 16:55:31,35.0,24195,0,846825,1
2018-04-29 16:55:31,1059.5,24195,0,25634603,1
2018-04-29 16:55:32,98.0559,24195,0,2372463,1
2018-04-29 16:55:32,7.4441,24195,0,180110,1
2018-04-29 16:55:35,470.53615207,24200,0,-11386975,0
2018-04-29 16:55:51,470.5361,24230,0,11401090,1
2018-04-29 16:58:00,258.2025,24200,0,-6248501,0
2018-04-29 16:58:04,236.1168,24190,0,-5711665,0
2018-04-29 16:58:09,212.43294742,24185,0,-5137691,0
2018-04-29 16:58:10,45.4017,24185,0,-1098040,0
2018-04-29 17:01:35,7.3575,24255,0,178456,1
2018-04-29 17:01:35,91.6309,24255,0,2222507,1
2018-04-29 17:01:36,20.1085,24255,0,487732,1
2018-04-29 17:01:37,233.434,24255,0,5661942,1
2018-04-29 17:01:40,126.0946,24250,0,3057794,1
2018-04-29 17:01:40,22.6814,24250,0,550024,1
2018-04-29 17:01:40,100.0,24250,0,2425000,1
2018-04-29 17:01:40,95.3744,24250,0,2312829,1
2018-04-29 17:01:41,20.7235,24250,0,502545,1
2018-04-29 17:02:00,115.9651,24240,0,-2810994,0
2018-04-29 17:02:08,8.2529,24255,0,-200174,0
2018-04-29 17:02:26,50.0,24250,0,-1212500,0
2018-04-29 17:03:26,208.9672,24220,0,5061186,1
2018-04-29 17:04:49,26.2133,24185,0,-633969,0
2018-04-29 17:05:03,26.2133,24180,0,633838,1
2018-04-29 17:05:32,133.7267,24160,0,-3230837,0
2018-04-29 17:05:34,0.8956,24160,0,21638,1
2018-04-29 17:05:34,132.8311,24155,0,3208535,1
2018-04-29 17:06:34,127.8496,24135,0,-3085650,0
2018-04-29 17:06:38,59.4598,24135,0,-1435062,0
2018-04-29 17:06:46,20.0,24125,0,482500,1
2018-04-29 17:06:46,45.6425,24125,0,1101125,1
2018-04-29 17:06:50,5.67399659,24125,0,136885,1
2018-04-29 17:06:54,115.9929,24125,0,2798329,1
2018-04-29 17:08:23,27.5817,23895,0,-659065,0
2018-04-29 17:08:28,27.5817,23965,0,660995,1
2018-04-29 17:08:35,54.4139,23915,0,-1301308,0
2018-04-29 17:08:43,101.7957,23905,0,-2433426,0
2018-04-29 17:08:50,7.0,23900,0,167300,1
2018-04-29 17:08:50,100.0,23900,0,2390000,1
2018-04-29 17:08:51,46.2096,23900,0,1104409,1
2018-04-29 17:08:51,3.0,23900,0,71700,1
2018-04-29 17:09:15,10.513,23795,0,-250157,0
2018-04-29 17:09:18,5.9351,23795,0,141226,1
2018-04-29 17:09:19,4.26047488,23795,0,101378,1
2018-04-29 17:10:14,1199.6826,23755,0,-28498460,0
2018-04-29 17:10:34,146.8143,23755,0,3487574,1
2018-04-29 17:10:44,183.6551,23755,0,4362727,1
2018-04-29 17:10:44,869.5306,23750,0,20651352,1
2018-04-29 17:10:48,2.8,23750,0,-66500,0
2018-04-29 17:10:49,17.17,23750,0,-407788,0
2018-04-29 17:11:01,1.0,23805,0,-23805,0
2018-04-29 17:11:06,1.3539,23835,0,-32270,0
2018-04-29 17:11:18,22.3239,23835,0,532090,1
2018-04-29 17:11:42,30.417,23860,0,-725750,0
2018-04-29 17:11:55,511.11512823,23905,0,-12218207,0
2018-04-29 17:12:00,658.4679,23905,0,-15740675,0
2018-04-29 17:12:18,235.4414,23930,0,5634113,1
2018-04-29 17:12:27,99.8537,23930,0,2389499,1
2018-04-29 17:12:27,10.00208942,23930,0,239350,1
2018-04-29 17:12:27,788.479,23930,0,18868302,1
2018-04-29 17:12:28,57.5421,23930,0,1376982,1
2018-04-29 17:12:28,8.68171057,23930,0,207753,1
2018-04-29 17:13:00,177.71037527,23945,0,-4255275,0
2018-04-29 17:13:00,15.09442472,23945,0,-361436,0
2018-04-29 17:13:18,3.2961,24000,0,-79106,0
2018-04-29 17:13:24,196.1009,23985,0,4703480,1
2018-04-29 17:14:10,151.6025,23900,0,-3623300,0
2018-04-29 17:14:39,151.6025,23930,0,3627848,1
2018-04-29 17:15:20,197.1865,23865,0,-4705856,0
2018-04-29 17:15:45,142.6105,23875,0,3404826,1
2018-04-29 17:15:49,54.576,23855,0,1301910,1
2018-04-29 17:17:52,80.9389,23550,0,-1906111,0
2018-04-29 17:17:53,22.55261146,23550,0,-531114,0
2018-04-29 17:17:53,8.3214,23550,0,-195969,0
2018-04-29 17:17:53,3.74738853,23550,0,-88251,0
2018-04-29 17:18:08,115.5603,23615,0,2728956,1
2018-04-29 17:18:42,524.496,23625,0,-12391218,0
2018-04-29 17:18:48,78.9601,23645,0,1867012,1
2018-04-29 17:18:48,136.1298,23645,0,3218789,1
2018-04-29 17:19:01,309.4061,23665,0,7322095,1
2018-04-29 17:19:42,21.2266,23750,0,-504132,0
2018-04-29 17:19:42,6.315e-05,23750,0,-2,0
2018-04-29 17:19:42,10.0,23750,0,-237500,0
2018-04-29 17:19:47,7.8652,23770,0,-186956,0
2018-04-29 17:20:01,39.0919,23770,0,929214,1
2018-04-29 17:20:32,1200.0,23670,0,-28404000,0
2018-04-29 17:20:52,300.93274725,23700,0,7132106,1
2018-04-29 17:20:52,28.5066,23700,0,675606,1
2018-04-29 17:21:25,870.5606,23700,0,20632286,1
2018-04-29 17:21:55,20.0,23745,0,-474900,0
2018-04-29 17:22:19,17.2603,23720,0,409414,1
2018-04-29 17:22:46,2.7397,23750,0,65068,1
2018-04-29 17:23:35,18.1694,23805,0,-432523,0
2018-04-29 17:23:39,18.1694,23805,0,432523,1
2018-04-29 17:23:42,1200.0,23770,0,-28524000,0
2018-04-29 17:24:55,25.73268785,23755,0,611280,1
2018-04-29 17:25:16,742.19679141,23750,0,17627174,1
2018-04-29 17:25:17,110.7234,23740,0,2628574,1
2018-04-29 17:25:17,321.34720858,23740,0,7628783,1
2018-04-29 17:25:50,67.884,23750,0,-1612245,0
2018-04-29 17:26:03,67.884,23770,0,1613603,1
2018-04-29 17:26:10,84.2637,23735,0,-1999999,0
2018-04-29 17:26:24,19.8685,23740,0,-471678,0
2018-04-29 17:26:59,64.9057,23750,0,-1541510,0
2018-04-29 17:27:12,155.4662,23765,0,3694654,1
2018-04-29 17:27:20,592.2838,23790,0,-14090432,0
2018-04-29 17:27:34,249.4093,23890,0,5958388,1
2018-04-29 17:27:51,319.39908145,23890,0,-7630444,0
2018-04-29 17:27:51,344.93971854,23890,0,-8240610,0
2018-04-29 17:27:51,90.0532,23890,0,-2151371,0
2018-04-29 17:29:15,352.8023259,23930,0,8442560,1
2018-04-29 17:29:16,25.1391,23930,0,601579,1
2018-04-29 17:29:24,439.0944,23880,0,10485574,1
2018-04-29 17:29:24,28.897,23880,0,690060,1
2018-04-29 17:29:24,60.0,23880,0,1432800,1
2018-04-29 17:29:52,196.7127,23840,0,-4689631,0
2018-04-29 17:29:55,610.8099773,23890,0,-14592250,0
2018-04-29 17:30:07,1012.428,23940,0,24237526,1
2018-04-29 17:30:24,126.7641,23930,0,-3033465,0
2018-04-29 17:30:30,126.7641,23925,0,3032831,1
2018-04-29 17:30:51,144.1617,23855,0,-3438977,0
2018-04-29 17:31:01,98.0139495,23885,0,-2341063,0
2018-04-29 17:31:20,10.0,23905,0,-239050,0
2018-04-29 17:31:25,947.8243,23900,0,-22653001,0
2018-04-29 17:32:12,88.37289631,23880,0,2110345,1
2018-04-29 17:32:12,1111.62710368,23880,0,26545655,1
2018-04-29 17:32:45,98.3766,23895,0,-2350709,0
2018-04-29 17:32:46,1.6234,23895,0,-38791,0
2018-04-29 17:32:54,100.0,23870,0,2387000,1
2018-04-29 17:33:50,55.0,23735,0,-1305425,0
2018-04-29 17:33:51,9.14,23735,0,-216938,0
2018-04-29 17:33:54,81.7744,23735,0,-1940915,0
2018-04-29 17:34:00,558.1747,23735,0,-13248277,0
2018-04-29 17:34:01,3.0003,23735,0,-71212,0
2018-04-29 17:34:28,707.0894,23820,0,16842870,1
2018-04-29 17:35:00,1200.0,23780,0,-28536000,0
2018-04-29 17:35:41,40.0,23735,0,949400,1
2018-04-29 17:35:41,175.7013,23735,0,4170270,1
2018-04-29 17:35:41,91.9056,23735,0,2181379,1
2018-04-29 17:35:44,111.0,23725,0,2633475,1
2018-04-29 17:35:54,640.2756,23690,0,15168129,1
2018-04-29 17:35:54,113.316,23690,0,2684456,1
2018-04-29 17:35:58,27.8015,23695,0,658757,1
2018-04-29 17:36:23,1200.0,23820,0,-28584000,0
2018-04-29 17:36:27,124.1629,23825,0,2958181,1
2018-04-29 17:36:27,93.0356,23825,0,2216573,1
2018-04-29 17:36:27,4.0886,23825,0,97411,1
2018-04-29 17:36:27,282.2007,23825,0,6723432,1
2018-04-29 17:36:27,396.097,23825,0,9437011,1
2018-04-29 17:36:28,300.4152,23825,0,7157392,1
2018-04-29 17:36:45,29.01665041,23880,0,-692918,0
2018-04-29 17:36:45,112.85574958,23880,0,-2694995,0
2018-04-29 17:36:45,1.0,23860,0,-23860,0
2018-04-29 17:36:48,142.8724,23915,0,3416793,1
2018-04-29 17:37:20,27.2787,23880,0,-651415,0
2018-04-29 17:37:23,27.2787,23915,0,652370,1
2018-04-29 17:39:36,100.0,23870,0,-2387000,0
2018-04-29 17:39:36,62.7803,23870,0,-1498566,0
2018-04-29 17:39:40,7.5991,23875,0,181429,1
2018-04-29 17:39:40,41.59966492,23875,0,993192,1
2018-04-29 17:39:42,276.6335,23860,0,-6600475,0
2018-04-29 17:39:49,20.9444,23875,0,-500048,0
2018-04-29 17:39:56,411.1594,23860,0,9810263,1
2018-04-29 17:42:42,16.5271,23730,0,-392188,0
2018-04-29 17:42:58,16.5271,23690,0,391527,1
2018-04-29 17:43:13,15.7208,23730,0,-373055,0
2018-04-29 17:43:17,19.2271,23770,0,-457028,0
2018-04-29 17:43:21,48.062,23750,0,-1141473,0
2018-04-29 17:43:28,83.0099,23770,0,1973145,1
2018-04-29 17:50:45,334.4975,22855,0,-7644940,0
2018-04-29 17:50:45,235.8412,22855,0,-5390151,0
2018-04-29 17:50:49,11.0894,22900,0,-253947,0
2018-04-29 17:51:23,56.8659,23040,0,-1310190,0
2018-04-29 17:51:24,11.9853,23040,0,-276141,0
2018-04-29 17:51:35,1.8676,23000,0,42955,1
2018-04-29 17:51:35,626.7019,23000,0,14414144,1
2018-04-29 17:51:35,10.3369,22995,0,237697,1
2018-04-29 17:51:57,11.3729,22900,0,260439,1
2018-04-29 17:54:01,24.8742,22440,0,-558177,0
2018-04-29 17:54:01,5.5888,22440,0,-125413,0
2018-04-29 17:54:02,148.3038,22440,0,-3327937,0
2018-04-29 17:54:14,44.2081,22510,0,-995124,0
2018-04-29 17:54:14,188.4068,22515,0,-4241979,0
2018-04-29 17:54:20,140.96111782,22610,0,-3187131,0
2018-04-29 17:54:20,83.1039,22610,0,-1878979,0
2018-04-29 17:54:20,549.7176,22610,0,-12429115,0
2018-04-29 17:54:21,85.29668217,22610,0,-1928558,0
2018-04-29 17:55:04,4.85813953,22790,0,110717,1
2018-04-29 18:32:30,1265.6028,22655,0,28672231,1
2018-04-29 18:33:42,32.7813,22655,0,-742660,0
2018-04-29 18:34:21,32.7813,22430,0,735285,1
2018-04-29 18:34:24,473.2366,22450,0,-10624162,0
2018-04-29 18:34:24,726.7634,22460,0,-16323106,0
2018-04-29 18:36:01,28.4718,22475,0,639904,1
2018-04-29 18:36:01,6.0463,22475,0,135891,1
2018-04-29 18:36:35,239.50419173,22525,0,5394832,1
2018-04-29 18:37:02,235.4265,22510,0,5299451,1
2018-04-29 18:37:13,690.5513,22450,0,15502877,1
2018-04-29 18:38:42,18.1946,22000,0,-400281,0
2018-04-29 18:38:43,42.3591,22000,0,-931900,0
2018-04-29 18:38:43,428.7776,22000,0,-9433107,0
2018-04-29 18:38:44,30.0,22000,0,-660000,0
2018-04-29 18:38:52,5.0,22050,0,110250,1
2018-04-29 18:38:52,56.8544,22060,0,1254208,1
2018-04-29 18:38:53,457.4769,22050,0,10087366,1
2018-04-29 18:39:01,6.8367,22155,0,-151467,0
2018-04-29 18:39:05,45.2591,22210,0,-1005205,0
2018-04-29 18:39:17,53.2844,22210,0,-1183447,0
2018-04-29 18:39:21,91.1466,22210,0,-2024366,0
2018-04-29 18:39:28,21.0752,22195,0,-467764,0
2018-04-29 18:39:38,281.0534,22240,0,-6250628,0
2018-04-29 18:39:49,54.81091958,22365,0,-1225846,0
2018-04-29 18:39:49,195.43018041,22365,0,-4370796,0
2018-04-29 18:40:19,88.1,22350,0,1969035,1
2018-04-29 18:40:19,194.1732,22350,0,4339771,1
2018-04-29 18:40:19,142.0384,22350,0,3174558,1
2018-04-29 18:40:19,12.5711,22350,0,280964,1
2018-04-29 18:40:22,312.0138,22385,0,6984429,1
2018-04-29 18:40:25,1.3,22385,0,-29101,0
2018-04-29 18:40:31,1.3,22400,0,29120,1
2018-04-29 18:41:16,3.1,22420,0,-69502,0
2018-04-29 18:41:16,1.2,22420,0,-26904,0
2018-04-29 18:41:28,1195.7,22430,0,-26819551,0
2018-04-29 18:41:36,51.0277,22450,0,1145572,1
2018-04-29 18:41:37,367.6158,22450,0,8252975,1
2018-04-29 18:41:37,38.06066815,22450,0,854462,1
2018-04-29 18:41:38,89.0671,22450,0,1999556,1
2018-04-29 18:41:41,654.2287,22480,0,14707061,1
2018-04-29 18:42:33,540.39438399,22305,0,-12053497,0
2018-04-29 18:42:38,6.90356103,22325,0,154122,1
2018-04-29 18:42:38,3.0,22325,0,66975,1
2018-04-29 18:42:40,1.45133258,22325,0,32401,1
2018-04-29 18:42:41,529.03950638,22325,0,11810807,1
2018-04-29 18:43:15,7.595e-05,22395,0,-2,0
2018-04-29 18:43:23,772.5136,22440,0,-17335205,0
2018-04-29 18:43:36,167.6918,22450,0,3764681,1
2018-04-29 18:43:36,57.0306,22450,0,1280337,1
2018-04-29 18:43:36,5.4021,22450,0,121277,1
2018-04-29 18:43:40,205.1032,22470,0,4608669,1
2018-04-29 18:43:49,337.2859,22445,0,7570382,1
2018-04-29 18:44:20,1200.0,22535,0,-27042000,0
2018-04-29 18:45:19,680.42,22525,0,15326461,1
2018-04-29 18:45:20,519.58,22525,0,11703540,1
2018-04-29 18:45:39,10.6062,22630,0,-240018,0
2018-04-29 18:45:39,407.1745,22630,0,-9214359,0
2018-04-29 18:45:50,8.67310938,22640,0,196359,1
2018-04-29 18:45:50,222.4882,22630,0,5034908,1
2018-04-29 18:45:58,670.1344,22610,0,-15151739,0
2018-04-29 18:46:02,2.4656,22610,0,-55747,0
2018-04-29 18:46:05,63.83268849,22625,0,1444215,1
2018-04-29 18:46:26,44.1922,22620,0,999628,1
2018-04-29 18:46:34,152.8027,22630,0,3457925,1
2018-04-29 18:46:34,241.5749,22630,0,5466840,1
2018-04-29 18:46:35,251.6896,22630,0,5695736,1
2018-04-29 18:46:35,105.1273,22630,0,2379031,1
2018-04-29 18:46:50,437.5755,22670,0,-9919837,0
2018-04-29 18:46:53,636.78042698,22680,0,-14442180,0
2018-04-29 18:46:53,125.64407301,22680,0,-2849608,0
2018-04-29 18:47:14,54.7288,22645,0,1239334,1
2018-04-29 18:50:24,102.00956556,22650,0,2310517,1
2018-04-29 18:50:24,260.8911,22650,0,5909183,1
2018-04-29 18:50:24,751.37383443,22650,0,17018617,1
2018-04-29 18:50:24,30.9967,22650,0,702075,1
2018-04-29 18:50:44,240.1503,22650,0,-5439404,0
2018-04-29 18:50:44,959.8497,22650,0,-21740596,0
2018-04-29 18:52:03,1200.0,22665,0,27198000,1
2018-04-29 18:52:13,111.0,22670,0,-2516370,0
2018-04-29 18:52:20,111.0,22660,0,2515260,1
2018-04-29 18:52:36,3.638e-05,22650,0,-1,0
2018-04-29 18:53:13,9.584e-05,22735,0,-2,0
2018-04-29 18:53:17,1199.9998,22740,0,-27287995,0
2018-04-29 18:53:57,256.497,22840,0,5858391,1
2018-04-29 18:54:36,71.3509,22780,0,1625374,1
2018-04-29 18:56:10,347.8465,22885,0,7960467,1
2018-04-29 18:56:10,478.5646,22885,0,10951951,1
2018-04-29 18:56:10,0.3677,22860,0,8406,1
2018-04-29 18:56:11,45.3733,22850,0,1036780,1
2018-04-29 18:56:16,3.1,22920,0,-71052,0
2018-04-29 18:56:16,1.6,22920,0,-36672,0
2018-04-29 18:56:17,1.9,22920,0,-43548,0
2018-04-29 18:56:24,6.6,22930,0,151338,1
2018-04-29 18:56:36,54.5993,22905,0,-1250597,0
2018-04-29 18:56:38,54.5993,22950,0,1253054,1
2018-04-29 18:56:42,9.084e-05,22925,0,-2,0
2018-04-29 18:57:48,1199.9999,23100,0,-27719998,0
2018-04-29 18:58:40,92.6947,22945,0,2126880,1
2018-04-29 18:58:41,1107.3053,22945,0,25407120,1
2018-04-29 18:58:45,52.6178,22940,0,-1207052,0
2018-04-29 18:58:59,52.6178,22855,0,1202580,1
2018-04-29 18:59:49,85.8734,22915,0,-1967789,0
2018-04-29 18:59:57,85.8734,22970,0,1972512,1
2018-04-29 19:00:30,209.5743,22770,0,-4772007,0
2018-04-29 19:00:34,26.4518,22790,0,-602837,0
2018-04-29 19:00:38,52.707,22820,0,-1202774,0
2018-04-29 19:00:46,272.7096,22825,0,-6224597,0
2018-04-29 19:00:50,4.4055,22830,0,-100578,0
2018-04-29 19:00:50,20.0,22830,0,-456600,0
2018-04-29 19:00:50,215.156,22830,0,-4912011,0
2018-04-29 19:01:00,17.4337,22825,0,397924,1
2018-04-29 19:01:13,13.2734,22745,0,301903,1
2018-04-29 19:01:13,20.4413,22745,0,464937,1
2018-04-29 19:01:14,749.8558,22745,0,17055470,1
2018-04-29 19:01:28,15.7871,22745,0,-359078,0
2018-04-29 19:02:26,111.832,22790,0,-2548651,0
2018-04-29 19:02:26,39.43426823,22790,0,-898707,0
2018-04-29 19:02:27,1032.94663176,22790,0,-23540854,0
2018-04-29 19:02:56,10.983,22815,0,250577,1
2018-04-29 19:03:06,1189.017,22900,0,27228489,1
2018-04-29 19:04:01,566.19532102,22845,0,-12934732,0
2018-04-29 19:04:19,52.6874,22835,0,1203117,1
2018-04-29 19:04:30,59.7297,22800,0,-1361837,0
2018-04-29 19:04:34,54.8661,22835,0,-1252867,0
2018-04-29 19:04:44,628.1037,22820,0,14333326,1
2018-04-29 19:05:07,13.0,22800,0,-296400,0
2018-04-29 19:05:43,13.0,22805,0,296465,1
2018-04-29 19:06:00,84.68202992,22805,0,-1931174,0
2018-04-29 19:06:01,106.29997007,22805,0,-2424171,0
2018-04-29 19:06:09,32.476,22800,0,-740453,0
2018-04-29 19:06:13,240.6122,22795,0,-5484755,0
2018-04-29 19:06:17,2.0001,22815,0,-45632,0
2018-04-29 19:06:28,23.9144,22800,0,545248,1
2018-04-29 19:06:32,40.0,22800,0,912000,1
2018-04-29 19:06:35,402.1559,22800,0,9169155,1
2018-04-29 19:06:51,362.676,22800,0,-8269013,0
2018-04-29 19:06:55,837.324,22795,0,-19086801,0
2018-04-29 19:07:02,50.0,22775,0,1138750,1
2018-04-29 19:07:45,1150.0,22760,0,26174000,1
2018-04-29 19:07:51,25.2185,22800,0,-574982,0
2018-04-29 19:07:51,27.6034,22800,0,-629358,0
2018-04-29 19:07:55,52.8219,22835,0,1206188,1
2018-04-29 19:08:28,8.8888,22790,0,-202576,0
2018-04-29 19:08:42,8.8888,22850,0,203109,1
2018-04-29 19:09:19,92.8199,22845,0,-2120471,0
2018-04-29 19:09:27,685.46,22850,0,-15662761,0
2018-04-29 19:10:23,487.625,22800,0,11117850,1
2018-04-29 19:10:26,5.33,22775,0,-121391,0
2018-04-29 19:10:30,295.9849,22800,0,6748456,1
2018-04-29 19:14:45,1200.0,22740,0,-27288000,0
2018-04-29 19:15:00,12.4227,22700,0,281995,1
2018-04-29 19:15:18,326.7857,22525,0,7360848,1
2018-04-29 19:15:18,860.7916,22525,0,19389331,1
2018-04-29 19:15:54,1200.0,22705,0,-27246000,0
2018-04-29 19:15:58,54.4065,22715,0,1235844,1
2018-04-29 19:15:59,100.26414263,22715,0,2277500,1
2018-04-29 19:17:52,0.1318,22675,0,2989,1
2018-04-29 19:18:28,1000.0,22600,0,22600000,1
2018-04-29 19:18:28,5.7516,22600,0,129986,1
2018-04-29 19:18:28,39.446,22600,0,891480,1
2018-04-29 19:19:11,0.0001,22435,0,-2,0
2018-04-29 19:19:12,86.1704,22435,0,-1933233,0
2018-04-29 19:19:19,1.4018,22400,0,31400,1
2018-04-29 19:19:19,1.0,22400,0,22400,1
2018-04-29 19:19:20,54.3677,22400,0,1217836,1
2018-04-29 19:19:26,32.2516,22465,0,-724532,0
2018-04-29 19:19:26,1.214,22465,0,-27273,0
2018-04-29 19:19:30,1137.1334,22495,0,-25579816,0
2018-04-29 19:20:43,396.25951729,22610,0,8959428,1
2018-04-29 19:20:43,803.7404827,22615,0,18176591,1
2018-04-29 19:22:14,4.371e-05,22530,0,-1,0
2018-04-29 19:23:08,32.8946,22450,0,-738484,0
2018-04-29 19:23:34,32.8946,22460,0,738813,1
2018-04-29 19:24:20,31.7695,22430,0,-712590,0
2018-04-29 19:24:30,31.7695,22465,0,713702,1
2018-04-29 19:24:39,20.8778,22470,0,-469124,0
2018-04-29 19:24:39,94.2762,22470,0,-2118386,0
2018-04-29 19:25:00,112.8209,22465,0,2534522,1
2018-04-29 19:25:31,2.3331,22450,0,52378,1
2018-04-29 19:25:34,111.8666,22420,0,-2508049,0
2018-04-29 19:25:40,18.7156,22375,0,-418762,0
2018-04-29 19:25:43,11.2,22390,0,250768,1
2018-04-29 19:25:56,55.9214,22415,0,1253478,1
2018-04-29 19:26:14,442.0978,22350,0,-9880886,0
2018-04-29 19:26:24,42.82097136,22350,0,-957049,0
2018-04-29 19:26:34,330.574,22295,0,7370147,1
2018-04-29 19:26:34,4.2,22295,0,93639,1
2018-04-29 19:26:35,8.5,22295,0,189508,1
2018-04-29 19:26:43,500.9586,22265,0,-11153843,0
2018-04-29 19:28:08,139.9802,22300,0,3121558,1
2018-04-29 19:28:12,131.5191,22290,0,2931561,1
2018-04-29 19:28:12,127.2444,22295,0,2836914,1
2018-04-29 19:28:17,15.1105,22275,0,336586,1
2018-04-29 19:28:23,292.21,22300,0,6516283,1
2018-04-29 19:29:32,7.0109,22110,0,-155011,0
2018-04-29 19:29:57,7.0109,22165,0,155397,1
2018-04-29 19:30:01,1200.0,22125,0,-26550000,0
2018-04-29 19:31:16,547.84236486,22150,0,12134708,1
2018-04-29 19:31:16,652.15763513,22150,0,14445292,1
2018-04-29 19:32:16,406.5355,21820,0,-8870605,0
2018-04-29 19:32:16,91.23,21820,0,-1990639,0
2018-04-29 19:32:24,702.2345,21790,0,-15301690,0
2018-04-29 19:32:37,1200.0,21835,0,26202000,1
2018-04-29 19:33:51,26.1075,21555,0,-562747,0
2018-04-29 19:34:06,26.0926,21565,0,562687,1
2018-04-29 19:34:13,5.3255,21630,0,-115191,0
2018-04-29 19:34:18,22.213,21670,0,-481356,0
2018-04-29 19:34:23,27.5534,21675,0,597220,1
2018-04-29 19:34:35,183.0545,21615,0,-3956723,0
2018-04-29 19:34:40,0.3009,21605,0,6501,1
2018-04-29 19:34:44,182.7536,21640,0,3954788,1
2018-04-29 19:34:52,36.8904,21600,0,-796833,0
2018-04-29 19:34:56,36.8904,21630,0,797939,1
2018-04-29 19:35:06,1.3049,21640,0,-28238,0
2018-04-29 19:35:10,1.3049,21645,0,28245,1
2018-04-29 19:35:54,6.4001,21735,0,-139106,0
2018-04-29 19:36:49,139.40140929,21525,0,-3000615,0
2018-04-29 19:37:12,10.0,21465,0,214650,1
2018-04-29 19:37:19,135.8015,21420,0,2908868,1
2018-04-29 19:39:18,70.0,21335,0,-1493450,0
2018-04-29 19:39:30,37.4202,21370,0,-799670,0
2018-04-29 19:39:30,125.1596,21370,0,-2674661,0
2018-04-29 19:39:36,51.5801,21350,0,-1101235,0
2018-04-29 19:39:36,915.8401,21355,0,-19557765,0
2018-04-29 19:40:03,1200.0,21285,0,25542000,1
2018-04-29 19:40:34,33.05,21360,0,-705948,0
2018-04-29 19:40:35,38.6995,21360,0,-826621,0
2018-04-29 19:40:35,8.89,21360,0,-189890,0
2018-04-29 19:40:41,24.172,21400,0,-517281,0
2018-04-29 19:40:43,104.8115,21460,0,2249255,1
2018-04-29 19:40:48,296.4011,21400,0,-6342984,0
2018-04-29 19:40:52,93.4814,21385,0,1999100,1
2018-04-29 19:40:52,121.188,21385,0,2591605,1
2018-04-29 19:40:52,81.7317,21385,0,1747832,1
2018-04-29 19:41:04,62.05252325,21500,0,-1334129,0
2018-04-29 19:41:04,12.59771107,21495,0,-270788,0
2018-04-29 19:41:05,29.955,21500,0,-644033,0
2018-04-29 19:41:05,694.17663078,21500,0,-14924798,0
2018-04-29 19:41:05,24.9425,21500,0,-536264,0
2018-04-29 19:41:05,49.6857,21500,0,-1068243,0
2018-04-29 19:41:05,130.12133488,21500,0,-2797609,0
2018-04-29 19:41:05,196.4686,21500,0,-4224075,0
2018-04-29 19:41:11,508.488,21550,0,10957916,1
2018-04-29 19:41:16,691.512,21575,0,14919371,1
2018-04-29 19:42:52,1200.0,21315,0,-25578000,0
2018-04-29 19:44:18,25.0,21350,0,533750,1
2018-04-29 19:44:18,7.0094,21350,0,149651,1
2018-04-29 19:44:22,23.4246,21345,0,499998,1
2018-04-29 19:44:23,585.7,21345,0,12501767,1
2018-04-29 19:44:23,445.6426,21345,0,9512241,1
2018-04-29 19:44:51,4.1239,21395,0,88231,1
2018-04-29 19:45:05,109.0995,21450,0,2340184,1
2018-04-29 19:45:43,42.0918,21315,0,-897187,0
2018-04-29 19:45:47,5.446e-05,21300,0,-1,0
2018-04-29 19:45:47,209.0969,21300,0,-4453764,0
2018-04-29 19:45:47,50.0,21300,0,-1065000,0
2018-04-29 19:45:47,36.42274553,21300,0,-775804,0
2018-04-29 19:45:50,9.9438,21255,0,211355,1
2018-04-29 19:45:58,15.0,21120,0,316800,1
2018-04-29 19:45:58,164.6964,21120,0,3478388,1
2018-04-29 19:45:58,24.8549,21120,0,524935,1
2018-04-29 19:45:58,123.1164,21120,0,2600218,1
2018-04-29 19:46:18,13.2006,21030,0,-277609,0
2018-04-29 19:46:18,9.1994,21030,0,-193463,0
2018-04-29 19:46:24,22.4,21015,0,470736,1
2018-04-29 19:47:53,7.1303,20830,0,-148524,0
2018-04-29 19:47:56,7.1303,20820,0,148453,1
2018-04-29 19:49:17,300.0,21055,0,-6316500,0
2018-04-29 19:49:52,10.0,21250,0,-212500,0
2018-04-29 19:49:52,750.96063529,21250,0,-15957913,0
2018-04-29 19:49:53,129.6393647,21250,0,-2754837,0
2018-04-29 19:49:53,3.1,21250,0,-65875,0
2018-04-29 19:49:53,2.1,21250,0,-44625,0
2018-04-29 19:49:53,4.2,21250,0,-89250,0
2018-04-29 19:50:36,282.3955,21350,0,6029144,1
2018-04-29 19:50:41,917.6045,21355,0,19595444,1
2018-04-29 19:51:14,5.9,21305,0,-125700,0
2018-04-29 19:51:16,5.9,21300,0,125670,1
2018-04-29 19:51:43,133.2821,21150,0,-2818916,0
2018-04-29 19:51:44,26.1104,21150,0,-552235,0
2018-04-29 19:51:47,98.8368,21155,0,-2090893,0
2018-04-29 19:52:02,14.2926,21015,0,-300359,0
2018-04-29 19:52:03,36.1071,21015,0,-758791,0
2018-04-29 19:52:03,28.6003,21015,0,-601035,0
2018-04-29 19:52:24,17.0,21130,0,359210,1
2018-04-29 19:53:24,62.83230203,21325,0,1339899,1
2018-04-29 19:53:34,1.5,21360,0,-32040,0
2018-04-29 19:53:34,108.5277,21360,0,-2318152,0
2018-04-29 19:53:41,367.4247,21395,0,7861051,1
2018-04-29 19:53:52,109.1623,21395,0,-2335527,0
2018-04-29 19:53:56,159.5616,21395,0,-3413820,0
2018-04-29 19:54:01,183.6031,21380,0,-3925434,0
2018-04-29 19:54:01,747.673,21400,0,-16000202,0
2018-04-29 19:54:49,565.2629,21460,0,12130542,1
2018-04-29 19:54:49,46.6048,21460,0,1000139,1
2018-04-29 19:54:55,1.5,21490,0,-32235,0
2018-04-29 19:54:59,2.2,21475,0,-47245,0
2018-04-29 19:55:03,262.771,21475,0,-5643007,0
2018-04-29 19:56:22,305.90557239,21445,0,6560145,1
2018-04-29 19:56:25,404.86328484,21470,0,8692415,1
2018-04-29 19:56:30,143.8344,21420,0,3080933,1
2018-04-29 19:56:36,37.7999,21420,0,-809674,0
2018-04-29 19:56:42,37.7999,21440,0,810430,1
2018-04-29 19:57:08,59.2438,21460,0,-1271372,0
2018-04-29 19:57:15,50.1321,21485,0,1077088,1
2018-04-29 19:57:16,9.1117,21485,0,195765,1
2018-04-29 19:57:43,254.5286,21490,0,-5469820,0
2018-04-29 19:57:51,37.6266,21445,0,806902,1
2018-04-29 19:57:51,46.8666,21445,0,1005054,1
2018-04-29 19:57:51,10.0,21445,0,214450,1
2018-04-29 19:57:52,160.0354,21445,0,3431959,1
2018-04-29 19:57:57,1200.0,21400,0,-25680000,0
2018-04-29 19:58:01,70.0,21460,0,1502200,1
2018-04-29 19:58:03,591.659,21460,0,12697002,1
2018-04-29 19:58:05,538.341,21460,0,11552798,1
2018-04-29 19:58:46,560.6692,21435,0,-12017944,0
2018-04-29 19:58:59,1.635,21450,0,35071,1
2018-04-29 19:59:06,2.2007,21435,0,-47172,0
2018-04-29 19:59:15,561.2349,21470,0,12049713,1
2018-04-29 19:59:44,1200.0,21510,0,-25812000,0
2018-04-29 19:59:49,54.2086,21525,0,1166840,1
2018-04-29 20:00:06,1145.7914,21525,0,24663160,1
2018-04-29 20:00:27,69.95358004,21550,0,-1507500,0
2018-04-29 20:00:36,1.176,21550,0,-25343,0
2018-04-29 20:00:45,440.301,21480,0,-9457665,0
2018-04-29 20:01:01,97.8233,21410,0,-2094397,0
2018-04-29 20:01:09,609.2539,21395,0,13034987,1
2018-04-29 20:01:16,52.8573,21420,0,-1132203,0
2018-04-29 20:01:21,52.8573,21380,0,1130089,1
2018-04-29 20:02:06,9.38,21230,0,-199137,0
2018-04-29 20:02:06,20.65,21230,0,-438400,0
2018-04-29 20:02:06,5.1,21230,0,-108273,0
2018-04-29 20:02:06,347.113,21230,0,-7369209,0
2018-04-29 20:02:09,195.2299,21265,0,-4151564,0
2018-04-29 20:02:24,249.625,21250,0,-5304531,0
2018-04-29 20:02:25,71.0,21250,0,-1508750,0
2018-04-29 20:02:31,855.86798167,21250,0,18187195,1
2018-04-29 20:02:36,42.2299,21260,0,897808,1
2018-04-29 20:02:40,53.47,21220,0,-1134633,0
2018-04-29 20:02:52,903.4829,21290,0,-19235151,0
2018-04-29 20:03:11,47.06591865,21390,0,1006740,1
2018-04-29 20:04:14,909.887,21365,0,19439736,1
2018-04-29 20:04:16,10.8462,21370,0,-231783,0
2018-04-29 20:04:36,4.9925,21440,0,-107039,0
2018-04-29 20:04:37,23.4783,21440,0,-503375,0
2018-04-29 20:04:37,23.3111,21440,0,-499790,0
2018-04-29 20:04:45,62.6281,21420,0,1341494,1
2018-04-29 20:05:07,180.1096,21515,0,-3875058,0
2018-04-29 20:05:14,180.1096,21445,0,3862450,1
2018-04-29 20:06:01,5.175e-05,21350,0,-1,0
2018-04-29 20:06:37,31.9985,21335,0,-682688,0
2018-04-29 20:06:44,31.9986,21395,0,684610,1
2018-04-29 20:07:01,671.9908,21400,0,-14380603,0
2018-04-29 20:07:37,20.3271,21400,0,435000,1
2018-04-29 20:07:52,471.2473,21330,0,10051705,1
2018-04-29 20:08:13,180.4164,21160,0,3817611,1
2018-04-29 20:08:53,55.049,21220,0,-1168140,0
2018-04-29 20:09:00,7.169e-05,21200,0,-2,0
2018-04-29 20:09:28,1144.951,21300,0,-24387456,0
2018-04-29 20:09:42,1000.0,21360,0,21360000,1
2018-04-29 20:09:46,200.0,21405,0,4281000,1
2018-04-29 20:10:11,1014.3736,21345,0,-21651804,0
2018-04-29 20:10:21,858.034,21375,0,18340477,1
2018-04-29 20:10:31,2.065,21320,0,44026,1
2018-04-29 20:10:52,32.1244,21300,0,-684250,0
2018-04-29 20:11:07,431.1996,21220,0,-9150056,0
2018-04-29 20:11:16,186.007,21255,0,3953579,1
2018-04-29 20:11:19,768.4084,21220,0,-16305626,0
2018-04-29 20:11:54,78.3711,21275,0,1667345,1
2018-04-29 20:12:02,22.8219,21230,0,484509,1
2018-04-29 20:12:23,13.3037,21275,0,283036,1
2018-04-29 20:12:24,347.1565,21275,0,7385755,1
2018-04-29 20:12:24,322.0362,21275,0,6851320,1
2018-04-29 20:12:24,14.9236,21275,0,317500,1
2018-04-29 20:12:28,168.7405,21255,0,-3586579,0
2018-04-29 20:12:35,260.1436,21335,0,5550164,1
2018-04-29 20:12:39,160.5804,21340,0,3426786,1
2018-04-29 20:13:03,33.88610364,21420,0,-725840,0
2018-04-29 20:13:03,235.19099635,21420,0,-5037791,0
2018-04-29 20:13:10,418.4806,21400,0,8955485,1
2018-04-29 20:14:03,172.4201,21290,0,-3670824,0
2018-04-29 20:14:10,172.4201,21325,0,3676859,1
2018-04-29 20:14:22,15.4235,21335,0,-329060,0
2018-04-29 20:14:33,15.4235,21340,0,329137,1
2018-04-29 20:14:45,10.0,21300,0,-213000,0
2018-04-29 20:15:11,10.0,21340,0,213400,1
2018-04-29 20:15:29,104.5137,21365,0,-2232935,0
2018-04-29 20:15:29,107.76,21365,0,-2302292,0
2018-04-29 20:15:38,212.2737,21400,0,4542657,1
2018-04-29 20:17:44,22.2944,21335,0,-475651,0
2018-04-29 20:17:44,678.2474,21335,0,-14470408,0
2018-04-29 20:18:23,700.5418,21500,0,15061649,1
2018-04-29 20:18:27,1200.0,21530,0,-25836000,0
2018-04-29 20:18:38,0.6967,21495,0,14976,1
2018-04-29 20:18:38,698.0372,21495,0,15004310,1
2018-04-29 20:18:46,501.2661,21490,0,10772208,1
2018-04-29 20:19:21,2.8,21650,0,-60620,0
2018-04-29 20:19:21,75.02373094,21650,0,-1624264,0
2018-04-29 20:19:22,224.72,21650,0,-4865188,0
2018-04-29 20:19:22,115.2858,21650,0,-2495938,0
2018-04-29 20:19:22,1.3715,21650,0,-29693,0
2018-04-29 20:19:33,8.056e-05,21735,0,-2,0
2018-04-29 20:19:41,269.6922,21840,0,5890078,1
2018-04-29 20:19:42,126.78589999,21835,0,2768370,1
2018-04-29 20:19:42,22.723,21835,0,496157,1
2018-04-29 20:19:44,1200.0,21795,0,-26154000,0
2018-04-29 20:19:54,403.2194,21790,0,8786151,1
2018-04-29 20:19:54,796.7806,21790,0,17361849,1
2018-04-29 20:20:02,1200.0,21700,0,-26040000,0
2018-04-29 20:20:53,1157.43028797,21650,0,25058366,1
2018-04-29 20:21:10,42.5698,21660,0,922062,1
2018-04-29 20:21:25,4.2,21735,0,-91287,0
2018-04-29 20:21:39,1195.8,21770,0,-26032566,0
2018-04-29 20:22:16,1112.07958836,21805,0,24248895,1
2018-04-29 20:22:16,87.92041163,21805,0,1917105,1
2018-04-29 20:22:30,135.309,21855,0,-2957178,0
2018-04-29 20:22:30,265.18444256,21855,0,-5795606,0
2018-04-29 20:22:31,92.97,21855,0,-2031859,0
2018-04-29 20:22:34,706.5366,21895,0,-15469619,0
2018-04-29 20:23:03,822.13586459,21860,0,17971890,1
2018-04-29 20:23:07,377.8641,21820,0,8244995,1
2018-04-29 20:23:41,861.72190551,21740,0,-18733834,0
2018-04-29 20:24:18,861.7219,21825,0,18807080,1
2018-04-29 20:24:28,1.6,21900,0,-35040,0
2018-04-29 20:24:28,276.03335479,21900,0,-6045130,0
2018-04-29 20:24:29,1.1,21900,0,-24090,0
2018-04-29 20:24:40,278.7334,21970,0,6123773,1
2018-04-29 20:25:05,724.3746,21940,0,-15892779,0
2018-04-29 20:25:21,724.3746,21855,0,15831207,1
2018-04-29 20:26:50,2.0,21900,0,-43800,0
2018-04-29 20:26:59,2.0,21900,0,43800,1
2018-04-29 20:27:14,1200.0,21870,0,-26244000,0
2018-04-29 20:28:48,321.9186,21770,0,7008168,1
2018-04-29 20:28:52,7.6442,21750,0,166261,1
2018-04-29 20:28:52,10.0727,21750,0,219081,1
2018-04-29 20:28:53,95.4465,21750,0,2075961,1
2018-04-29 20:28:53,159.9104,21750,0,3478051,1
2018-04-29 20:28:53,1.0,21750,0,21750,1
2018-04-29 20:28:57,55.049,21765,0,1198141,1
2018-04-29 20:28:57,10.0,21750,0,217500,1
2018-04-29 20:28:59,63.3266,21750,0,1377354,1
2018-04-29 20:28:59,3.7014,21750,0,80505,1
2018-04-29 20:28:59,200.6,21750,0,4363050,1
2018-04-29 20:29:00,271.3306,21750,0,5901441,1
2018-04-29 20:29:17,685.4702799,21795,0,-14939825,0
2018-04-29 20:29:17,100.0,21795,0,-2179500,0
2018-04-29 20:31:54,168.4955,21695,0,3655510,1
2018-04-29 20:32:22,5.036,21745,0,109508,1
2018-04-29 20:32:39,45.4165,21750,0,987809,1
2018-04-29 20:32:43,566.5223,21740,0,12316195,1
2018-04-29 20:32:58,175.0802,21695,0,-3798365,0
2018-04-29 20:32:59,41.3541,21695,0,-897177,0
2018-04-29 20:33:07,18.1115,21660,0,-392295,0
2018-04-29 20:33:12,139.7781,21640,0,-3024798,0
2018-04-29 20:33:35,374.3239,21635,0,8098498,1
2018-04-29 20:33:59,0.0616,21670,0,-1335,0
2018-04-29 20:34:07,1199.9384,21750,0,-26098660,0
2018-04-29 20:35:58,167.7134,21690,0,3637704,1
2018-04-29 20:36:22,188.4977,21580,0,4067780,1
2018-04-29 20:36:22,22.37,21580,0,482745,1
2018-04-29 20:36:22,555.3138,21580,0,11983672,1
2018-04-29 20:36:25,194.4236,21600,0,-4199550,0
2018-04-29 20:36:38,123.2148,21550,0,-2655279,0
2018-04-29 20:36:38,38.16321782,21600,0,-824326,0
2018-04-29 20:36:38,497.12028217,21600,0,-10737798,0
2018-04-29 20:37:34,723.6502,21725,0,15721301,1
2018-04-29 20:37:34,395.3768,21730,0,8591538,1
2018-04-29 20:37:57,526.22396519,21665,0,-11400642,0
2018-04-29 20:37:58,37.6361,21665,0,-815386,0
2018-04-29 20:38:26,563.86,21700,0,12235762,1
2018-04-29 20:40:30,1200.0,21735,0,-26082000,0
2018-04-29 20:40:56,8.2361,21665,0,178435,1
2018-04-29 20:41:00,686.2381,21640,0,14850192,1
2018-04-29 20:41:00,11.2881,21640,0,244274,1
2018-04-29 20:41:00,23.9,21640,0,517196,1
2018-04-29 20:41:07,207.7815,21630,0,4494314,1
2018-04-29 20:41:07,262.5562,21625,0,5677778,1
2018-04-29 20:41:37,51.0339,21720,0,-1108456,0
2018-04-29 20:41:38,610.99002061,21730,0,-13276813,0
2018-04-29 20:42:11,662.024,21760,0,14405642,1
2018-04-29 20:44:13,1000.0,21785,0,-21785000,0
2018-04-29 20:44:50,47.044,21795,0,1025324,1
2018-04-29 20:44:55,952.956,21765,0,20741087,1
2018-04-29 20:45:34,905.24044619,21735,0,-19675401,0
2018-04-29 20:46:13,2.4368,21650,0,52757,1
2018-04-29 20:46:13,573.9767,21650,0,12426596,1
2018-04-29 20:46:13,2.2341,21650,0,48368,1
2018-04-29 20:46:15,70.247,21650,0,1520848,1
2018-04-29 20:46:16,100.0,21650,0,2165000,1
2018-04-29 20:46:17,45.1506,21650,0,977510,1
2018-04-29 20:46:17,1.3768,21650,0,29808,1
2018-04-29 20:46:17,57.7464,21650,0,1250210,1
2018-04-29 20:46:17,50.3529,21650,0,1090140,1
2018-04-29 20:46:18,1.7191,21650,0,37219,1
2018-04-29 20:46:32,10.0,21700,0,-217000,0
2018-04-29 20:46:38,3.5566,21720,0,77249,1
2018-04-29 20:47:03,6.4434,21800,0,140466,1
2018-04-29 20:47:17,675.4,21760,0,-14696704,0
2018-04-29 20:47:28,34.6852,21780,0,755444,1
2018-04-29 20:47:46,292.39415818,21810,0,6377117,1
2018-04-29 20:47:49,348.3207,21800,0,7593391,1
2018-04-29 20:48:24,300.18,21860,0,-6561935,0
2018-04-29 20:49:11,338.4572,21960,0,-7432520,0
2018-04-29 20:49:11,1.3714,21960,0,-30116,0
2018-04-29 20:49:15,270.4025,21965,0,5939391,1
2018-04-29 20:49:25,159.43892008,22010,0,-3509251,0
2018-04-29 20:49:26,46.26057991,22010,0,-1018195,0
2018-04-29 20:50:28,76.09326263,22145,0,1685085,1
2018-04-29 20:50:28,470.69723736,22145,0,10423590,1
2018-04-29 20:50:28,28.5151,22150,0,631609,1
2018-04-29 20:50:34,1.5,22160,0,-33240,0
2018-04-29 20:50:34,6.2,22160,0,-137392,0
2018-04-29 20:50:35,2.9,22160,0,-64264,0
2018-04-29 20:50:54,10.6,22265,0,236009,1
2018-04-29 20:51:06,1000.0,22200,0,-22200000,0
2018-04-29 20:51:19,1000.0,22235,0,22235000,1
2018-04-29 20:51:46,1000.0,22160,0,-22160000,0
2018-04-29 20:52:00,841.0802,22095,0,18583667,1
2018-04-29 20:52:17,1.5403,22110,0,-34056,0
2018-04-29 20:52:21,839.5399,22100,0,-18553832,0
2018-04-29 20:52:42,43.6,22085,0,962906,1
2018-04-29 20:52:46,32.1913,22050,0,709818,1
2018-04-29 20:52:46,228.8053,22050,0,5045157,1
2018-04-29 20:52:46,1.0,22050,0,22050,1
2018-04-29 20:52:47,22.85174603,22050,0,503881,1
2018-04-29 20:52:47,16.3638,22050,0,360822,1
2018-04-29 20:52:47,13.8045,22050,0,304389,1
2018-04-29 20:53:24,292.6164,22090,0,6463896,1
2018-04-29 20:53:38,100.0,22140,0,-2214000,0
2018-04-29 20:53:38,30.0,22140,0,-664200,0
2018-04-29 20:53:38,22.2827,22140,0,-493339,0
2018-04-29 20:54:05,268.5723,22115,0,5939476,1
2018-04-29 20:54:05,149.5109,22110,0,3305686,1
2018-04-29 20:54:05,82.9664,22115,0,1834802,1
2018-04-29 20:54:14,4.8042,22120,0,-106269,0
2018-04-29 20:54:32,995.1958,22200,0,-22093347,0
2018-04-29 20:55:31,980.1434,22170,0,21729779,1
2018-04-29 20:55:31,19.8566,22170,0,440221,1
2018-04-29 20:56:20,18.7516,22245,0,-417129,0
2018-04-29 20:56:23,886.2031,22230,0,-19700295,0
2018-04-29 20:56:28,10.2713,22215,0,228177,1
2018-04-29 20:56:28,200.7425,22215,0,4459495,1
2018-04-29 20:56:29,26.0255,22215,0,578156,1
2018-04-29 20:56:44,1.2777,22210,0,28378,1
2018-04-29 20:56:44,22.3375,22210,0,496116,1
2018-04-29 20:56:45,543.7611,22210,0,12076934,1
2018-04-29 20:56:45,100.5391,22210,0,2232973,1
2018-04-29 20:57:03,0.1316,22255,0,-2929,0
2018-04-29 20:57:03,91.0,22255,0,-2025205,0
2018-04-29 20:57:15,91.1316,22245,0,2027222,1
2018-04-29 20:57:34,1000.0,22195,0,-22195000,0
2018-04-29 20:57:37,100.0,22210,0,2221000,1
2018-04-29 20:57:37,74.59261593,22210,0,1656702,1
2018-04-29 20:58:50,825.4074,22200,0,18324044,1
2018-04-29 20:58:59,78.4123,22200,0,-1740753,0
2018-04-29 20:59:08,78.4123,22225,0,1742713,1
2018-04-29 21:00:56,2.35,22200,0,-52170,0
2018-04-29 21:01:05,250.4773,22200,0,-5560596,0
2018-04-29 21:01:14,669.7755,22170,0,-14848923,0
2018-04-29 21:01:52,151.63937078,22250,0,3373976,1
2018-04-29 21:02:00,770.9634,22290,0,17184774,1
2018-04-29 21:02:20,45.5514,22355,0,-1018302,0
2018-04-29 21:02:24,421.5326,22360,0,-9425469,0
2018-04-29 21:02:41,467.084,22415,0,10469688,1
2018-04-29 21:02:51,657.829,22400,0,-14735370,0
2018-04-29 21:02:51,342.171,22395,0,-7662920,0
2018-04-29 21:02:59,1000.0,22430,0,22430000,1
2018-04-29 21:03:42,1.0,22405,0,-22405,0
2018-04-29 21:03:52,31.541,22440,0,-707780,0
2018-04-29 21:03:56,38.3231,22450,0,-860354,0
2018-04-29 21:03:56,618.89621069,22450,0,-13894220,0
2018-04-29 21:04:47,689.7603,22585,0,15578236,1
2018-04-29 21:05:23,1000.0,22500,0,-22500000,0
2018-04-29 21:06:36,79.6445,22470,0,1789612,1
2018-04-29 21:06:36,920.3555,22470,0,20680388,1
2018-04-29 21:07:05,35.4067,22470,0,-795589,0
2018-04-29 21:07:12,3.1638,22490,0,-71154,0
2018-04-29 21:07:24,89.9887,22500,0,-2024746,0
2018-04-29 21:07:34,98.6287,22500,0,2219146,1
2018-04-29 21:07:35,29.9305,22500,0,673436,1
2018-04-29 21:07:38,34.5937,22510,0,-778704,0
2018-04-29 21:07:39,29.4362,22510,0,-662609,0
2018-04-29 21:07:44,64.0299,22550,0,1443874,1
2018-04-29 21:07:52,117.2786,22520,0,-2641114,0
2018-04-29 21:07:57,58.8101,22515,0,1324109,1
2018-04-29 21:08:18,941.5315,22470,0,-21156213,0
2018-04-29 21:08:31,21.3411,22400,0,478041,1
2018-04-29 21:08:31,17.1994,22400,0,385267,1
2018-04-29 21:08:31,878.5016,22400,0,19678436,1
2018-04-29 21:08:31,67.4418,22400,0,1510696,1
2018-04-29 21:08:32,15.5161,22400,0,347561,1
2018-04-29 21:08:42,1000.0,22370,0,-22370000,0
2018-04-29 21:09:14,7.1333,22380,0,159643,1
2018-04-29 21:09:15,111.7089,22370,0,2498928,1
2018-04-29 21:09:48,331.8853,22370,0,7424274,1
2018-04-29 21:10:04,549.2725,22370,0,12287226,1
2018-04-29 21:10:37,356.06220423,22425,0,-7984695,0
2018-04-29 21:10:40,85.53312403,22430,0,-1918508,0
2018-04-29 21:10:41,6.99997596,22430,0,-157009,0
2018-04-29 21:11:16,189.7372,22350,0,4240626,1
2018-04-29 21:11:17,98.584,22350,0,2203352,1
2018-04-29 21:11:35,67.15916722,22335,0,1500000,1
2018-04-29 21:11:41,1406.885,22325,0,-31408708,0
2018-04-29 21:12:43,586.1577,22255,0,13044940,1
2018-04-29 21:12:43,913.8423,22255,0,20337560,1
2018-04-29 21:12:55,183.5351,22200,0,-4074479,0
2018-04-29 21:13:12,1186.9111,22200,0,-26349426,0
2018-04-29 21:13:23,166.2898,22190,0,3689971,1
2018-04-29 21:13:24,23.0,22190,0,510370,1
2018-04-29 21:13:24,165.3811,22190,0,3669807,1
2018-04-29 21:13:24,3.331,22190,0,73915,1
2018-04-29 21:13:24,17.2377,22190,0,382505,1
2018-04-29 21:13:24,69.3,22190,0,1537767,1
2018-04-29 21:13:25,925.9066,22190,0,20545867,1
2018-04-29 21:14:19,8.8054,22130,0,-194864,0
2018-04-29 21:14:23,225.296,22130,0,-4985800,0
2018-04-29 21:14:33,234.1014,22180,0,5192369,1
2018-04-29 21:15:19,24.2977,22220,0,-539895,0
2018-04-29 21:15:54,184.8349,22240,0,-4110728,0
2018-04-29 21:15:54,232.3732,22240,0,-5167980,0
2018-04-29 21:15:54,534.467991,22240,0,-11886568,0
2018-04-29 21:15:55,141.46580899,22240,0,-3146200,0
2018-04-29 21:16:23,1019.8618,22205,0,22646031,1
2018-04-29 21:16:23,40.9336,22205,0,908931,1
2018-04-29 21:16:33,56.6442,22195,0,1257218,1
2018-04-29 21:17:01,215.7263,22200,0,-4789124,0
2018-04-29 21:17:17,215.7263,22215,0,4792360,1
2018-04-29 21:17:58,548.2947,22290,0,-12221489,0
2018-04-29 21:18:10,951.7053,22380,0,-21299165,0
2018-04-29 21:18:19,1500.0,22420,0,33630000,1
2018-04-29 21:18:44,235.547,22380,0,-5271542,0
2018-04-29 21:18:52,235.547,22400,0,5276253,1
2018-04-29 21:19:50,512.9932,22410,0,-11496178,0
2018-04-29 21:19:53,2.5,22420,0,-56050,0
2018-04-29 21:19:53,255.6845,22420,0,-5732446,0
2018-04-29 21:20:28,68.1922,22330,0,1522732,1
2018-04-29 21:20:28,10.5,22330,0,234465,1
2018-04-29 21:20:29,21.6243,22330,0,482871,1
2018-04-29 21:20:33,50.0,22365,0,1118250,1
2018-04-29 21:20:37,14.5,22375,0,-324438,0
2018-04-29 21:20:54,44.32,22335,0,-989887,0
2018-04-29 21:21:24,457.0,22350,0,-10213950,0
2018-04-29 21:21:24,319.0209,22350,0,-7130117,0
2018-04-29 21:21:30,552.55321452,22385,0,12368904,1
2018-04-29 21:22:06,20.0,22245,0,444900,1
2018-04-29 21:22:29,883.1489,22250,0,19650063,1
2018-04-29 21:22:54,54.3648,22220,0,-1207986,0
2018-04-29 21:23:03,272.8067,22265,0,-6074041,0
2018-04-29 21:23:03,52.086,22265,0,-1159695,0
2018-04-29 21:23:07,234.1735,22255,0,-5211531,0
2018-04-29 21:23:25,9.78,22275,0,-217850,0
2018-04-29 21:23:30,40.8529,22250,0,908977,1
2018-04-29 21:24:06,12.17966162,22200,0,-270388,0
2018-04-29 21:24:18,905.4623,22195,0,-20096736,0
2018-04-29 21:24:25,789.8262,22255,0,17577582,1
2018-04-29 21:24:28,789.8262,22210,0,-17542040,0
2018-04-29 21:24:42,1467.14,22260,0,32658536,1
2018-04-29 21:24:42,32.86,22260,0,731464,1
2018-04-29 21:24:46,0.0001,22305,0,-2,0
2018-04-29 21:24:50,211.8294,22300,0,-4723796,0
2018-04-29 21:24:50,443.7649,22295,0,-9893738,0
2018-04-29 21:25:02,844.4056,22310,0,-18838689,0
2018-04-29 21:25:33,64.6433,22290,0,1440899,1
2018-04-29 21:25:33,6.3267,22290,0,141022,1
2018-04-29 21:25:33,229.7245,22290,0,5120559,1
2018-04-29 21:25:43,14.7101,22270,0,327594,1
2018-04-29 21:25:48,127.2686,22270,0,2834272,1
2018-04-29 21:25:55,72.8497,22280,0,1623091,1
2018-04-29 21:26:12,669.93614805,22310,0,14946275,1
2018-04-29 21:26:13,314.54095194,22305,0,7015836,1
2018-04-29 21:28:29,46.3319,22230,0,-1029958,0
2018-04-29 21:28:33,2.5,22200,0,-55500,0
2018-04-29 21:28:40,30.0,22185,0,665550,1
2018-04-29 21:28:40,17.345,22185,0,384799,1
2018-04-29 21:28:48,1.4869,22150,0,32935,1
2018-04-29 21:29:01,6.3839,22125,0,-141244,0
2018-04-29 21:29:08,97.4068308,22140,0,-2156587,0
2018-04-29 21:29:12,78.7347,22190,0,-1747123,0
2018-04-29 21:29:27,4.7486,22195,0,105395,1
2018-04-29 21:29:28,177.7768,22195,0,3945756,1
2018-04-29 21:29:31,109.5873,22220,0,-2435030,0
2018-04-29 21:29:42,1221.2129,22205,0,-27117032,0
2018-04-29 21:30:00,4.0,22210,0,88840,1
2018-04-29 21:30:00,72.3375,22210,0,1606616,1
2018-04-29 21:30:34,1254.4627,22240,0,27899250,1
2018-04-29 21:35:39,5.0,21735,0,-108675,0
2018-04-29 21:35:39,0.6353,21735,0,-13808,0
2018-04-29 21:35:39,400.0065,21735,0,-8694141,0
2018-04-29 21:35:44,594.3582,21735,0,-12918375,0
2018-04-29 21:36:03,1000.0,21745,0,21745000,1
2018-04-29 21:36:13,30.82,21765,0,-670797,0
2018-04-29 21:36:19,4.5066,21745,0,97996,1
2018-04-29 21:36:23,26.3134,21740,0,572053,1
2018-04-29 21:36:53,331.2649,21655,0,-7173541,0
2018-04-29 21:37:04,76.6701,21650,0,1659908,1
2018-04-29 21:37:17,254.5948,21750,0,5537437,1
2018-04-29 21:38:04,22.8,21725,0,-495330,0
2018-04-29 21:38:34,22.8,21775,0,496470,1
2018-04-29 21:39:36,1000.0,21900,0,-21900000,0
2018-04-29 21:40:09,776.47391187,21900,0,17004779,1
2018-04-29 21:40:34,5.0,21890,0,-109450,0
2018-04-29 21:40:37,771.4739,21930,0,-16918423,0
2018-04-29 21:41:07,104.9239,21890,0,2296784,1
2018-04-29 21:41:07,1.1163,21890,0,24436,1
2018-04-29 21:41:12,13.7111,21880,0,299999,1
2018-04-29 21:41:13,27.3648,21870,0,598468,1
2018-04-29 21:41:32,19.2393,21870,0,420763,1
2018-04-29 21:41:33,187.0845,21870,0,4091538,1
2018-04-29 21:41:33,18.0097,21870,0,393872,1
2018-04-29 21:41:33,17.0004,21870,0,371799,1
2018-04-29 21:41:41,41.7447,21895,0,914000,1
2018-04-29 21:42:46,569.8053,21925,0,12492981,1
2018-04-29 21:43:10,290.0,21895,0,-6349550,0
2018-04-29 21:43:18,290.0,21895,0,6349550,1
2018-04-29 21:44:29,114.0104,21895,0,-2496258,0
2018-04-29 21:44:44,114.0104,21990,0,2507089,1
2018-04-29 21:45:06,354.3497,21970,0,-7785063,0
2018-04-29 21:45:10,45.133,21970,0,-991572,0
2018-04-29 21:45:24,399.4827,21915,0,8754663,1
2018-04-29 21:45:46,1000.0,21950,0,-21950000,0
2018-04-29 21:46:04,1000.0,21975,0,21975000,1
2018-04-29 21:47:13,29.392,21755,0,-639423,0
2018-04-29 21:47:17,5.1322,21755,0,-111651,0
2018-04-29 21:47:17,0.0001,21755,0,-2,0
2018-04-29 21:47:21,640.58821241,21755,0,-13935997,0
2018-04-29 21:48:08,211.08,21840,0,4609987,1
2018-04-29 21:48:08,311.1226,21840,0,6794918,1
2018-04-29 21:48:14,501.5334,21835,0,-10950982,0
2018-04-29 21:48:21,424.4947,21835,0,9268842,1
2018-04-29 21:48:29,56.4885,21830,0,1233144,1
2018-04-29 21:48:53,278.2436,21835,0,-6075449,0
2018-04-29 21:48:53,3.0885,21835,0,-67437,0
2018-04-29 21:48:57,545.2078,21825,0,-11899160,0
2018-04-29 21:50:41,0.0039,21905,0,85,1
2018-04-29 21:51:15,806.3275,21895,0,17654541,1
2018-04-29 21:51:15,20.0,21895,0,437900,1
2018-04-29 21:51:16,26.0295,21895,0,569916,1
2018-04-29 21:52:00,852.3609,21915,0,-18679489,0
2018-04-29 21:54:28,534.658,21945,0,11733070,1
2018-04-29 21:54:40,332.5719,21870,0,7273347,1
2018-04-29 21:54:40,3.3086,21890,0,72425,1
2018-04-29 21:54:41,7.0,21870,0,153090,1
2018-04-29 21:54:41,122.4615,21870,0,2678233,1
2018-04-29 21:55:16,91.575,21840,0,-1999998,0
2018-04-29 21:55:23,35.7565,21840,0,-780922,0
2018-04-29 21:55:27,64.4,21825,0,-1405530,0
2018-04-29 21:55:36,173.5136,21825,0,-3786934,0
2018-04-29 21:55:42,53.53495215,21820,0,-1168133,0
2018-04-29 21:55:42,2.9369,21820,0,-64083,0
2018-04-29 21:55:48,3.1508,21825,0,-68766,0
2018-04-29 21:55:53,43.3582,21865,0,-948027,0
2018-04-29 21:55:53,16.0,21865,0,-349840,0
2018-04-29 21:56:06,242.0764,21855,0,5290580,1
2018-04-29 21:56:20,0.2661,21845,0,5813,1
2018-04-29 21:56:50,193.0784,21885,0,4225521,1
2018-04-29 21:57:05,48.8051,21900,0,1068832,1
2018-04-29 21:57:13,27.6875,21930,0,-607187,0
2018-04-29 21:57:13,0.109,21930,0,-2390,0
2018-04-29 21:57:28,7.191,21925,0,157663,1
2018-04-29 21:57:44,20.6055,21970,0,452703,1
2018-04-29 21:58:18,59.5917,22030,0,-1312805,0
2018-04-29 21:58:30,33.3,22080,0,-735264,0
2018-04-29 21:58:40,2.0,22060,0,-44120,0
2018-04-29 21:58:40,3.6,22060,0,-79416,0
2018-04-29 21:58:41,5.6,22060,0,-123536,0
2018-04-29 21:59:02,1.0,22075,0,-22075,0
2018-04-29 21:59:07,10.064,22120,0,-222616,0
2018-04-29 21:59:23,1.997,22080,0,-44094,0
2018-04-29 21:59:32,3.3,22075,0,-72848,0
2018-04-29 21:59:39,879.5473,22090,0,-19429200,0
2018-04-29 22:00:01,1000.0,22150,0,22150000,1
2018-04-29 22:01:02,50.0,22000,0,-1100000,0
2018-04-29 22:01:36,1.71,21980,0,-37586,0
2018-04-29 22:01:50,51.71,22020,0,1138654,1
2018-04-29 22:02:31,219.0443,22050,0,-4829927,0
2018-04-29 22:02:35,26.8526,22055,0,-592234,0
2018-04-29 22:02:43,1.0,22060,0,-22060,0
2018-04-29 22:02:49,96.6697,22065,0,-2133017,0
2018-04-29 22:03:00,343.5666,22065,0,7580797,1
2018-04-29 22:03:49,1.4,22125,0,-30975,0
2018-04-29 22:03:49,1.0,22125,0,-22125,0
2018-04-29 22:03:49,2.8,22125,0,-61950,0
2018-04-29 22:03:49,2.2,22125,0,-48675,0
2018-04-29 22:04:00,7.4,22095,0,163503,1
2018-04-29 22:04:49,252.6966,22085,0,-5580804,0
2018-04-29 22:04:53,7.0,22100,0,-154700,0
2018-04-29 22:04:53,740.3034,22100,0,-16360705,0
2018-04-29 22:05:28,150.1482,22165,0,3328035,1
2018-04-29 22:05:29,23.17297541,22165,0,513629,1
2018-04-29 22:05:44,826.6788,22190,0,18344003,1
2018-04-29 22:06:05,1.9198,22225,0,-42668,0
2018-04-29 22:06:08,327.92823573,22205,0,-7281646,0
2018-04-29 22:06:16,49.1309,22230,0,-1092180,0
2018-04-29 22:06:30,621.021,22290,0,-13842558,0
2018-04-29 22:07:00,570.9194,22290,0,12725793,1
2018-04-29 22:07:04,45.4156,22300,0,1012768,1
2018-04-29 22:07:05,86.63,22300,0,1931849,1
2018-04-29 22:07:26,297.035,22200,0,6594177,1
2018-04-29 22:07:42,15.5918,22255,0,-346996,0
2018-04-29 22:08:03,15.5918,22240,0,346762,1
2018-04-29 22:08:10,772.7338,22200,0,-17154690,0
2018-04-29 22:08:21,772.7338,22220,0,17170145,1
2018-04-29 22:08:37,0.7746,22250,0,-17235,0
2018-04-29 22:08:37,4.2783,22250,0,-95192,0
2018-04-29 22:08:37,158.9687,22250,0,-3537054,0
2018-04-29 22:08:38,120.4646,22250,0,-2680337,0
2018-04-29 22:08:47,15.5117,22285,0,-345678,0
2018-04-29 22:08:53,6.2409068,22300,0,-139172,0
2018-04-29 22:08:53,224.9099,22300,0,-5015491,0
2018-04-29 22:09:13,142.9123,22340,0,3192661,1
2018-04-29 22:09:13,109.1413,22350,0,2439308,1
2018-04-29 22:09:17,64.607,22330,0,1442674,1
2018-04-29 22:09:21,19.41,22360,0,434008,1
2018-04-29 22:09:52,7.9364,22320,0,-177140,0
2018-04-29 22:10:09,34.4452,22315,0,768645,1
2018-04-29 22:10:09,16.8718,22315,0,376494,1
2018-04-29 22:10:16,51.4924,22320,0,1149310,1
2018-04-29 22:10:17,89.7455,22320,0,2003120,1
2018-04-29 22:10:20,10.4596,22325,0,233511,1
2018-04-29 22:10:26,97.90377801,22355,0,-2188639,0
2018-04-29 22:10:26,5.0,22355,0,-111775,0
2018-04-29 22:10:39,102.9037,22370,0,2301956,1
2018-04-29 22:11:10,1000.0,22330,0,-22330000,0
2018-04-29 22:11:22,1.0,22290,0,22290,1
2018-04-29 22:12:38,999.0,22245,0,22222755,1
2018-04-29 22:12:59,1000.0,22270,0,-22270000,0
2018-04-29 22:13:14,19.385,22265,0,431607,1
2018-04-29 22:13:14,400.9298,22265,0,8926702,1
2018-04-29 22:13:14,88.9,22265,0,1979359,1
2018-04-29 22:13:14,378.356,22265,0,8424096,1
2018-04-29 22:13:18,41.8963,22270,0,933031,1
2018-04-29 22:13:22,70.5329,22285,0,1571826,1
2018-04-29 22:13:34,1000.0,22230,0,-22230000,0
2018-04-29 22:13:58,504.83,22255,0,11234992,1
2018-04-29 22:14:02,121.6016,22245,0,-2705028,0
2018-04-29 22:15:04,54.08,22185,0,1199765,1
2018-04-29 22:15:04,36.4638,22175,0,808585,1
2018-04-29 22:15:05,70.5854,22175,0,1565231,1
2018-04-29 22:15:12,544.3576,22200,0,-12084739,0
2018-04-29 22:15:17,31.1588054,22215,0,692193,1
2018-04-29 22:15:36,50.5566,22175,0,1121093,1
2018-04-29 22:15:36,45.095,22175,0,999982,1
2018-04-29 22:15:36,5.4197,22175,0,120182,1
2018-04-29 22:16:00,3.0,22160,0,66480,1
2018-04-29 22:16:01,178.7743,22160,0,3961638,1
2018-04-29 22:16:22,37.3205,22090,0,824410,1
2018-04-29 22:20:33,648.6751,22095,0,14332476,1
2018-04-29 22:20:42,37.9655,22135,0,-840366,0
2018-04-29 22:20:55,100.9713,22175,0,-2239039,0
2018-04-29 22:21:01,138.9368,22170,0,3080229,1
2018-04-29 22:21:05,1000.0,22195,0,-22195000,0
2018-04-29 22:21:09,162.1185,22180,0,3595788,1
2018-04-29 22:21:13,50.0,22165,0,1108250,1
2018-04-29 22:21:13,3.895,22165,0,86333,1
2018-04-29 22:21:13,86.4919,22165,0,1917093,1
2018-04-29 22:21:17,380.8534,22170,0,8443520,1
2018-04-29 22:21:34,1.0,22150,0,-22150,0
2018-04-29 22:22:06,317.6412,22200,0,7051635,1
2018-04-29 22:26:47,124.5488,22165,0,-2760624,0
2018-04-29 22:26:50,124.5488,22190,0,2763738,1
2018-04-29 22:27:34,5.0,22190,0,-110950,0
2018-04-29 22:27:34,20.2421,22190,0,-449172,0
2018-04-29 22:27:34,110.55362086,22190,0,-2453185,0
2018-04-29 22:27:35,864.20427913,22190,0,-19176693,0
2018-04-29 22:27:47,50.17907913,22190,0,1113474,1
2018-04-29 22:27:48,949.82092086,22190,0,21076526,1
2018-04-29 22:27:52,61.7617,22220,0,-1372345,0
2018-04-29 22:28:06,72.2932,22230,0,-1607078,0
2018-04-29 22:28:57,3.88,22175,0,86039,1
2018-04-29 22:29:33,130.1749,22140,0,2882072,1
2018-04-29 22:29:44,662.3863,22140,0,-14665233,0
2018-04-29 22:31:49,290.0,21990,0,6377100,1
2018-04-29 22:32:06,627.6137,21950,0,-13776121,0
2018-04-29 22:32:36,123.7314,21890,0,2708480,1
2018-04-29 22:32:36,30.0,21875,0,656250,1
2018-04-29 22:36:10,3.0,22080,0,66240,1
2018-04-29 22:36:45,5.1516,22110,0,113902,1
2018-04-29 22:36:52,1.0825,22100,0,23923,1
2018-04-29 22:37:18,837.0345,22105,0,18502648,1
2018-04-29 22:38:18,19.4347,22130,0,-430090,0
2018-04-29 22:38:26,321.2933,22120,0,-7107008,0
2018-04-29 22:38:34,340.728,22140,0,7543718,1
2018-04-29 22:38:43,185.9843,22100,0,-4110253,0
2018-04-29 22:38:46,154.28164556,22120,0,3412710,1
2018-04-29 22:38:55,113.5539,22120,0,-2511812,0
2018-04-29 22:39:12,64.51,22120,0,-1426961,0
2018-04-29 22:39:12,101.83984502,22120,0,-2252697,0
2018-04-29 22:39:16,18.10159304,22130,0,-400588,0
2018-04-29 22:39:16,242.92920695,22130,0,-5376023,0
2018-04-29 22:39:24,5.0,22120,0,110600,1
2018-04-29 22:39:34,567.6372,22140,0,12567488,1
2018-04-29 22:40:31,10.0,22150,0,-221500,0
2018-04-29 22:41:07,970.87418368,22140,0,-21495154,0
2018-04-29 22:41:07,19.12581631,22140,0,-423446,0
2018-04-29 22:41:28,121.2329,22150,0,2685309,1
2018-04-29 22:41:28,125.8948,22150,0,2788570,1
2018-04-29 22:42:35,171.1283076,22135,0,3787925,1
2018-04-29 22:43:14,24.7512,22100,0,547002,1
2018-04-29 22:43:14,122.52,22100,0,2707692,1
2018-04-29 22:43:25,55.0,22115,0,1216325,1
2018-04-29 22:43:25,4.8,22120,0,106176,1
2018-04-29 22:43:38,37.937,22100,0,-838408,0
2018-04-29 22:44:06,200.0,22115,0,4423000,1
2018-04-29 22:44:06,118.315,22115,0,2616536,1
2018-04-29 22:44:07,53.0796,22115,0,1173855,1
2018-04-29 22:44:15,41.2152,22125,0,911886,1
2018-04-29 22:44:46,211.8402,22130,0,-4688024,0
2018-04-29 22:44:54,788.1598,22165,0,-17469562,0
2018-04-29 22:45:56,132.8709,22250,0,2956378,1
2018-04-29 22:45:57,97.07,22250,0,2159808,1
2018-04-29 22:45:57,25.07,22250,0,557808,1
2018-04-29 22:46:05,94.0,22285,0,2094790,1
2018-04-29 22:46:05,88.5081,22285,0,1972403,1
2018-04-29 22:46:06,100.0,22285,0,2228500,1
2018-04-29 22:46:08,462.481,22285,0,10306389,1
2018-04-29 22:46:19,1000.0,22310,0,-22310000,0
2018-04-29 22:47:12,1000.0,22530,0,22530000,1
2018-04-29 22:47:17,13.3,22530,0,-299649,0
2018-04-29 22:47:36,13.3,22520,0,299516,1
2018-04-29 22:48:25,1000.0,22435,0,-22435000,0
2018-04-29 22:49:31,18.83587985,22450,0,422866,1
2018-04-29 22:49:42,403.9074,22435,0,9061663,1
2018-04-29 22:49:46,577.2568,22415,0,12939211,1
2018-04-29 22:50:25,29.6085,22455,0,-664859,0
2018-04-29 22:50:32,29.6085,22475,0,665451,1
2018-04-29 22:50:43,1000.0,22525,0,-22525000,0
2018-04-29 22:51:21,8.83670494,22640,0,200063,1
2018-04-29 22:51:21,17.98590989,22640,0,407201,1
2018-04-29 22:51:24,4.7,22645,0,106432,1
2018-04-29 22:53:14,201.2409,22635,0,4555088,1
2018-04-29 22:53:23,158.222,22580,0,3572653,1
2018-04-29 22:53:31,78.03,22575,0,1761527,1
2018-04-29 22:54:15,132.1639,22555,0,2980957,1
2018-04-29 22:54:15,398.8205,22555,0,8995396,1
2018-04-29 22:54:29,303.96750531,22560,0,-6857507,0
2018-04-29 22:54:39,52.8081,22560,0,-1191351,0
2018-04-29 22:55:17,17.575,22580,0,396844,1
2018-04-29 22:55:17,28.8787,22580,0,652081,1
2018-04-29 22:55:30,69.1984,22580,0,1562500,1
2018-04-29 22:55:31,223.5499,22580,0,5047757,1
2018-04-29 22:55:39,17.5736,22555,0,396373,1
2018-04-29 22:55:42,956.6444,22530,0,-21553198,0
2018-04-29 22:55:45,1.9401,22550,0,43749,1
2018-04-29 22:56:18,24.6254,22555,0,555426,1
2018-04-29 22:56:18,233.7189,22555,0,5271530,1
2018-04-29 22:56:18,15.0,22555,0,338325,1
2018-04-29 22:56:18,437.0979,22555,0,9858743,1
2018-04-29 22:56:22,14.5736,22550,0,328635,1
2018-04-29 22:56:35,48.0945,22555,0,1084771,1
2018-04-29 22:56:39,159.9027,22555,0,3606605,1
2018-04-29 22:56:39,21.6913,22555,0,489247,1
2018-04-29 22:56:53,269.9801,22580,0,-6096151,0
2018-04-29 22:56:54,165.3578,22580,0,-3733779,0
2018-04-29 22:57:05,564.6621,22555,0,-12735954,0
2018-04-29 23:01:18,956.6284,22775,0,21787212,1
2018-04-29 23:01:24,956.6284,22785,0,-21796778,0
2018-04-29 23:01:57,9.11288262,22705,0,206908,1
2018-04-29 23:01:57,5.8,22705,0,131689,1
2018-04-29 23:01:57,3.0,22705,0,68115,1
2018-04-29 23:01:57,132.352,22705,0,3005052,1
2018-04-29 23:02:01,600.0,22685,0,13611000,1
2018-04-29 23:02:19,87.9644,22725,0,-1998991,0
2018-04-29 23:02:19,619.4116,22750,0,-14091614,0
2018-04-29 23:02:19,42.8888,22740,0,-975291,0
2018-04-29 23:03:06,3.0,22820,0,68460,1
2018-04-29 23:03:06,9.856,22820,0,224914,1
2018-04-29 23:03:06,183.6086,22820,0,4189948,1
2018-04-29 23:03:07,84.5325,22820,0,1929032,1
2018-04-29 23:03:07,42.54031551,22820,0,970770,1
2018-04-29 23:03:07,1.1,22820,0,25102,1
2018-04-29 23:03:08,48.1285,22820,0,1098292,1
2018-04-29 23:03:08,11.6386,22820,0,265593,1
2018-04-29 23:03:15,608.2833,22800,0,13868859,1
2018-04-29 23:03:15,1.0,22800,0,22800,1
2018-04-29 23:03:15,6.3121,22800,0,143916,1
2018-04-29 23:03:43,150.7531,22780,0,-3434156,0
2018-04-29 23:03:47,849.2469,22755,0,-19324613,0
2018-04-29 23:04:08,8.8398,22760,0,201194,1
2018-04-29 23:04:09,41.61,22760,0,947044,1
2018-04-29 23:04:13,3.0825,22760,0,70158,1
2018-04-29 23:05:33,912.19752869,22755,0,20757055,1
2018-04-29 23:05:33,4.6,22735,0,104581,1
2018-04-29 23:06:07,31.5581,22785,0,-719051,0
2018-04-29 23:06:24,61.2283,22755,0,1393250,1
2018-04-29 23:07:41,43.8217,22655,0,-992781,0
2018-04-29 23:07:41,917.0208,22655,0,-20775106,0
2018-04-29 23:07:54,1.0,22645,0,22645,1
2018-04-29 23:07:54,390.2764,22640,0,8835858,1
2018-04-29 23:08:00,99.7923,22560,0,2251314,1
2018-04-29 23:08:01,45.9641,22560,0,1036950,1
2018-04-29 23:08:01,18.96,22560,0,427738,1
2018-04-29 23:08:01,4.7,22560,0,106032,1
2018-04-29 23:08:05,44.4086,22560,0,1001858,1
2018-04-29 23:08:17,4.1273,22600,0,-93277,0
2018-04-29 23:08:27,359.8684,22595,0,8131226,1
2018-04-29 23:08:49,1000.0,22595,0,-22595000,0
2018-04-29 23:10:05,266.818,22670,0,6048764,1
2018-04-29 23:10:05,24.7376,22680,0,561049,1
2018-04-29 23:10:05,112.7554,22670,0,2556165,1
2018-04-29 23:11:07,32.1115,22600,0,725720,1
2018-04-29 23:11:07,171.9499,22585,0,3883488,1
2018-04-29 23:11:08,84.9444,22585,0,1918469,1
2018-04-29 23:11:15,4.9461,22580,0,111683,1
2018-04-29 23:11:26,21.9309,22600,0,495638,1
2018-04-29 23:11:26,0.54934159,22600,0,12415,1
2018-04-29 23:11:26,35.6533,22600,0,805765,1
2018-04-29 23:11:44,473.9622,22625,0,-10723395,0
2018-04-29 23:12:30,16.99045936,22640,0,384664,1
2018-04-29 23:13:43,4.4215,22600,0,99926,1
2018-04-29 23:13:43,582.76043977,22600,0,13170386,1
2018-04-29 23:13:44,36.20376022,22600,0,818205,1
2018-04-29 23:13:44,76.1308,22600,0,1720556,1
2018-04-29 23:13:44,1.0588,22600,0,23929,1
2018-04-29 23:15:12,36.0622,22585,0,-814465,0
2018-04-29 23:15:31,280.4284,22600,0,-6337682,0
2018-04-29 23:15:31,189.8063,22600,0,-4289622,0
2018-04-29 23:15:50,17.47,22600,0,394822,1
2018-04-29 23:15:50,30.48,22600,0,688848,1
2018-04-29 23:15:50,31.3389,22600,0,708259,1
2018-04-29 23:16:04,34.6943,22640,0,-785479,0
2018-04-29 23:16:11,1.0,22660,0,-22660,0
2018-04-29 23:16:11,1.0,22660,0,-22660,0
2018-04-29 23:16:23,42.3282,22670,0,959580,1
2018-04-29 23:16:31,421.3741,22660,0,9548337,1
2018-04-29 23:17:32,615.8041,22630,0,-13935647,0
2018-04-29 23:18:15,180.0,22650,0,4077000,1
2018-04-29 23:18:16,50.0,22650,0,1132500,1
2018-04-29 23:18:20,161.9,22650,0,3667035,1
2018-04-29 23:18:25,223.9041,22660,0,5073667,1
2018-04-29 23:20:33,9.883e-05,22655,0,-2,0
2018-04-29 23:20:47,713.3462,22665,0,-16167992,0
2018-04-29 23:25:23,3.0,22800,0,68400,1
2018-04-29 23:25:23,495.0929614,22800,0,11288120,1
2018-04-29 23:25:23,80.9412,22800,0,1845459,1
2018-04-29 23:25:23,23.6147,22800,0,538415,1
2018-04-29 23:25:24,0.877,22800,0,19996,1
2018-04-29 23:25:24,22.0382,22800,0,502471,1
2018-04-29 23:25:27,32.5328,22800,0,741748,1
2018-04-29 23:25:31,55.2495,22785,0,1258860,1
2018-04-29 23:27:10,628.47659149,22805,0,-14332409,0
2018-04-29 23:27:10,337.9481085,22805,0,-7706907,0
2018-04-29 23:27:10,33.5753,22805,0,-765685,0
2018-04-29 23:27:39,279.3319,22845,0,6381337,1
2018-04-29 23:28:37,3.0,22805,0,68415,1
2018-04-29 23:28:37,18.4149,22805,0,419952,1
2018-04-29 23:28:50,699.2532,22850,0,15977936,1
2018-04-29 23:28:59,10.0,22835,0,-228350,0
2018-04-29 23:29:08,10.0,22850,0,228500,1
2018-04-29 23:30:25,2.2,22795,0,-50149,0
2018-04-29 23:30:25,165.4896,22795,0,-3772335,0
2018-04-29 23:30:33,167.6896,22825,0,3827515,1
2018-04-29 23:32:23,1000.0,22800,0,-22800000,0
2018-04-29 23:34:32,17.42203574,22840,0,397919,1
2018-04-29 23:35:04,204.712,22805,0,4668457,1
2018-04-29 23:35:05,316.1374,22805,0,7209513,1
2018-04-29 23:35:05,1.9,22805,0,43330,1
2018-04-29 23:35:05,0.1104,22805,0,2518,1
2018-04-29 23:35:10,17.0675,22810,0,389310,1
2018-04-29 23:35:10,169.0555,22810,0,3856156,1
2018-04-29 23:35:18,122.8221,22810,0,-2801572,0
2018-04-29 23:35:33,2.0,22795,0,45590,1
2018-04-29 23:35:49,21.8010614,22810,0,-497282,0
2018-04-29 23:35:59,528.3709,22810,0,-12052140,0
2018-04-29 23:36:17,25.4798,22865,0,582596,1
2018-04-29 23:37:09,41.265,23065,0,951777,1
2018-04-29 23:37:09,877.8444,23065,0,20247481,1
2018-04-29 23:37:21,254.0054,23070,0,-5859905,0
2018-04-29 23:37:40,196.9113,23020,0,4532898,1
2018-04-29 23:37:40,17.8999,23020,0,412056,1
2018-04-29 23:37:44,14.5571,22995,0,334741,1
2018-04-29 23:37:48,24.6371,22955,0,565545,1
2018-04-29 23:37:58,33.3748,22950,0,-765952,0
2018-04-29 23:38:24,2.0,23015,0,46030,1
2018-04-29 23:38:38,31.3748,22995,0,721464,1
2018-04-29 23:38:48,8.086e-05,22990,0,-2,0
2018-04-29 23:38:52,999.9999,22995,0,-22994998,0
2018-04-29 23:39:40,40.7438,23075,0,940163,1
2018-04-29 23:39:40,48.93057421,23075,0,1129073,1
2018-04-29 23:41:39,910.3256,23245,0,21160519,1
2018-04-29 23:41:48,4.286,23240,0,-99607,0
2018-04-29 23:41:54,4.286,23250,0,99650,1
2018-04-29 23:42:17,159.08,23275,0,-3702587,0
2018-04-29 23:42:31,11.0,23300,0,-256300,0
2018-04-29 23:42:32,3.34,23300,0,-77822,0
2018-04-29 23:42:32,0.131,23300,0,-3052,0
2018-04-29 23:42:32,15.4,23300,0,-358820,0
2018-04-29 23:42:32,155.8726,23300,0,-3631832,0
2018-04-29 23:42:32,45.0,23300,0,-1048500,0
2018-04-29 23:42:39,610.1764,23300,0,-14217110,0
2018-04-29 23:42:50,9.6994,23265,0,225657,1
2018-04-29 23:42:54,370.6122,23240,0,8613028,1
2018-04-29 23:42:54,50.9901,23240,0,1185010,1
2018-04-29 23:42:54,87.401,23240,0,2031199,1
2018-04-29 23:42:54,409.68420826,23240,0,9521061,1
2018-04-29 23:42:58,71.6131,23240,0,1664288,1
2018-04-29 23:43:10,10.0,23190,0,-231900,0
2018-04-29 23:43:13,10.0,23160,0,231600,1
2018-04-29 23:43:59,237.895,23130,0,-5502511,0
2018-04-29 23:44:04,237.895,23165,0,5510838,1
2018-04-29 23:44:15,1000.0,23190,0,-23190000,0
2018-04-29 23:44:39,454.3052,23200,0,10539881,1
2018-04-29 23:44:39,156.4721,23200,0,3630153,1
2018-04-29 23:44:42,389.2227,23180,0,9022182,1
2018-04-29 23:46:03,228.0701,23070,0,-5261577,0
2018-04-29 23:46:29,149.9,23100,0,-3462690,0
2018-04-29 23:46:41,15.017,23100,0,346893,1
2018-04-29 23:46:53,362.9531,23090,0,8380587,1
2018-04-29 23:47:51,548.977,22930,0,-12588043,0
2018-04-29 23:48:34,548.977,22895,0,12568828,1
2018-04-29 23:49:51,16.7029,22930,0,-382997,0
2018-04-29 23:49:54,75.0108,22945,0,-1721123,0
2018-04-29 23:50:39,91.7137,22855,0,2096117,1
2018-04-29 23:51:24,86.7858,22805,0,-1979150,0
2018-04-29 23:51:29,86.7858,22760,0,1975245,1
2018-04-29 23:51:38,268.1087,22800,0,-6112878,0
2018-04-29 23:51:38,658.00567719,22800,0,-15002529,0
2018-04-29 23:51:45,926.1144,22820,0,21133931,1
2018-04-29 23:53:08,4.8974,22755,0,-111440,0
2018-04-29 23:53:13,3.7489,22825,0,-85569,0
2018-04-29 23:53:17,847.8,22885,0,-19401903,0
2018-04-29 23:53:18,96.922,22885,0,-2218060,0
2018-04-29 23:54:55,118.9202,22800,0,2711381,1
2018-04-29 23:54:55,25.864,22800,0,589699,1
2018-04-29 23:54:55,744.5473,22800,0,16975678,1
2018-04-29 23:54:55,1.0,22800,0,22800,1
2018-04-29 23:54:55,10.3117,22800,0,235107,1
2018-04-29 23:54:55,36.1893,22800,0,825116,1
2018-04-29 23:55:06,0.8534,22815,0,19470,1
2018-04-29 23:55:09,31.0694,22825,0,-709159,0
2018-04-29 23:55:57,34.9006,22735,0,793465,1
2018-04-29 23:55:57,11.8512,22735,0,269437,1
2018-04-29 23:56:04,27.7205,22740,0,-630364,0
2018-04-29 23:56:22,27.7205,22740,0,630364,1
2018-04-29 23:57:36,35.975,22575,0,-812136,0
2018-04-29 23:57:37,51.141,22575,0,-1154508,0
2018-04-29 23:57:37,276.0941,22575,0,-6232824,0
2018-04-29 23:57:46,291.141,22650,0,-6594344,0
2018-04-29 23:58:18,613.9054,22710,0,13941792,1
2018-04-29 23:58:29,40.4457,22735,0,919533,1
2018-04-29 23:58:59,182.886,22665,0,-4145111,0
2018-04-29 23:59:03,817.114,22680,0,-18532146,0
2018-04-29 23:59:06,0.1467,22655,0,3323,1
2018-04-29 23:59:07,602.0121,22650,0,13635574,1
2018-04-29 23:59:07,397.8412,22650,0,9011103,1
2018-04-29 23:59:30,322.1071,22660,0,-7298947,0
2018-04-29 23:59:33,75.9026,22650,0,1719194,1
2018-04-29 23:59:34,246.2045,22650,0,5576532,1
2018-04-30 00:00:01,24.0973,22660,0,-546045,0
2018-04-30 00:00:18,24.0973,22660,0,546045,1
2018-04-30 00:00:34,640.3487,22735,0,-14558328,0
2018-04-30 00:01:17,51.141,22740,0,1162946,1
2018-04-30 00:01:21,115.8087,22735,0,2632911,1
2018-04-30 00:01:33,19.6033,22735,0,-445681,0
2018-04-30 00:01:35,0.1501,22730,0,3412,1
2018-04-30 00:01:47,108.4187,22730,0,2464357,1
2018-04-30 00:01:47,384.4335,22730,0,8738173,1
2018-04-30 00:03:22,17.0314,22790,0,-388146,0
2018-04-30 00:03:22,370.57,22790,0,-8445290,0
2018-04-30 00:03:26,187.1062,22825,0,-4270699,0
2018-04-30 00:03:43,574.7076,22810,0,13109080,1
2018-04-30 00:04:34,700.0,22830,0,-15981000,0
2018-04-30 00:04:53,6.1721,22810,0,140786,1
2018-04-30 00:05:13,693.8279,22780,0,15805400,1
2018-04-30 00:05:31,64.4265,22765,0,-1466669,0
2018-04-30 00:05:49,29.4351,22780,0,670532,1
2018-04-30 00:06:07,84.9852,22780,0,-1935963,0
2018-04-30 00:06:07,1.0,22780,0,-22780,0
2018-04-30 00:06:19,642.3954,22845,0,-14675523,0
2018-04-30 00:06:36,763.372,22825,0,17423966,1
2018-04-30 00:09:09,0.00081798,22690,0,-19,0
2018-04-30 00:09:16,999.9992,22685,0,-22684982,0
2018-04-30 00:09:44,611.409,22715,0,13888155,1
2018-04-30 00:09:53,52.0771,22715,0,1182931,1
2018-04-30 00:10:33,110.5417,22670,0,-2505980,0
2018-04-30 00:10:36,62.1495,22670,0,1408929,1
2018-04-30 00:10:37,18.82,22670,0,426649,1
2018-04-30 00:10:37,51.141,22670,0,1159366,1
2018-04-30 00:10:55,371.751,22695,0,-8436889,0
2018-04-30 00:10:55,2.4728,22695,0,-56120,0
2018-04-30 00:11:20,101.3618,22700,0,2300913,1
2018-04-30 00:11:21,12.6914,22700,0,288095,1
2018-04-30 00:11:33,75.5665,22670,0,1713093,1
2018-04-30 00:11:34,22.0555,22670,0,499998,1
2018-04-30 00:11:34,50.0,22670,0,1133500,1
2018-04-30 00:11:34,168.2134,22670,0,3813398,1
2018-04-30 00:11:38,44.1306,22660,0,999999,1
2018-04-30 00:11:38,215.1497,22660,0,4875292,1
2018-04-30 00:12:10,38.2213,22670,0,-866477,0
2018-04-30 00:12:14,2.658,22675,0,-60270,0
2018-04-30 00:12:20,959.1207,22655,0,-21728879,0
2018-04-30 00:13:11,120.0,22685,0,2722200,1
2018-04-30 00:13:20,223.9838,22695,0,5083312,1
2018-04-30 00:13:26,486.0162,22700,0,11032568,1
2018-04-30 00:13:26,170.0,22700,0,3859000,1
2018-04-30 00:13:30,999.0,22710,0,-22687290,0
2018-04-30 00:13:30,1.0,22710,0,-22710,0
2018-04-30 00:14:11,563.4629,22725,0,12804694,1
2018-04-30 00:14:18,120.0,22725,0,2727000,1
2018-04-30 00:14:43,0.083102,22695,0,-1886,0
2018-04-30 00:14:43,103.98559799,22695,0,-2359953,0
2018-04-30 00:14:58,477.7494,22720,0,-10854466,0
2018-04-30 00:17:03,112.1075,22685,0,2543159,1
2018-04-30 00:17:45,1.0001,22680,0,22682,1
2018-04-30 00:17:45,5.6493,22680,0,128126,1
2018-04-30 00:17:46,35.4417,22680,0,803818,1
2018-04-30 00:18:55,52.688,22745,0,1198389,1
2018-04-30 00:18:59,226.28822675,22730,0,5143531,1
2018-04-30 00:19:00,50.0,22730,0,1136500,1
2018-04-30 00:19:00,415.18037324,22730,0,9437050,1
2018-04-30 00:19:04,242.6728,22715,0,-5512313,0
2018-04-30 00:20:20,757.3271,22700,0,-17191325,0
2018-04-30 00:21:29,59.9816,22640,0,1357983,1
2018-04-30 00:21:32,2.846,22630,0,64405,1
2018-04-30 00:21:32,0.1,22630,0,2263,1
2018-04-30 00:21:32,300.0,22630,0,6789000,1
2018-04-30 00:23:08,53.0832,22600,0,1199680,1
2018-04-30 00:23:30,2.3,22565,0,51900,1
2018-04-30 00:23:30,2.3,22565,0,51900,1
2018-04-30 00:23:30,2.3,22565,0,51900,1
2018-04-30 00:23:31,2.3,22565,0,51900,1
2018-04-30 00:23:34,138.1793,22565,0,3118016,1
2018-04-30 00:24:14,436.6098,22585,0,9860832,1
2018-04-30 00:25:33,4.7191,22530,0,-106321,0
2018-04-30 00:25:41,135.9263,22550,0,-3065138,0
2018-04-30 00:25:53,257.621,22560,0,-5811930,0
2018-04-30 00:26:08,398.2664,22580,0,8992855,1
2018-04-30 00:26:50,12.96,22600,0,-292896,0
2018-04-30 00:26:54,191.0761,22625,0,-4323097,0
2018-04-30 00:26:59,0.5037,22640,0,-11404,0
2018-04-30 00:27:10,11.2106,22640,0,-253808,0
2018-04-30 00:27:10,538.5051,22640,0,-12191755,0
2018-04-30 00:27:20,245.7445,22640,0,-5563655,0
2018-04-30 00:29:26,542.0046,22620,0,12260144,1
2018-04-30 00:29:31,18.8856,22615,0,427098,1
2018-04-30 00:29:32,123.6647,22615,0,2796677,1
2018-04-30 00:29:35,94.9498,22620,0,2147764,1
2018-04-30 00:29:39,41.1977,22605,0,931274,1
2018-04-30 00:29:39,20.0,22605,0,452100,1
2018-04-30 00:29:47,137.62,22550,0,3103331,1
2018-04-30 00:29:48,21.6776,22550,0,488830,1
2018-04-30 00:29:51,14.9805,22535,0,-337586,0
2018-04-30 00:30:24,12.1129,22530,0,-272904,0
2018-04-30 00:30:37,0.3695,22530,0,8325,1
2018-04-30 00:30:54,26.7239,22500,0,601288,1
2018-04-30 00:31:12,9.304,22430,0,-208689,0
2018-04-30 00:31:12,12.62,22430,0,-283067,0
2018-04-30 00:31:18,12.424,22430,0,278670,1
2018-04-30 00:31:18,4.5,22430,0,100935,1
2018-04-30 00:31:18,5.0,22430,0,112150,1
2018-04-30 00:31:33,308.8798,22420,0,-6925085,0
2018-04-30 00:31:37,5.3134,22430,0,-119180,0
2018-04-30 00:31:46,63.5514,22400,0,1423551,1
2018-04-30 00:31:47,72.8681,22400,0,1632245,1
2018-04-30 00:31:47,46.7047,22400,0,1046185,1
2018-04-30 00:31:47,20.5365,22400,0,460018,1
2018-04-30 00:31:47,0.8325,22400,0,18648,1
2018-04-30 00:31:47,109.7,22400,0,2457280,1
2018-04-30 00:32:39,1000.0,22290,0,-22290000,0
2018-04-30 00:34:15,72.1496,22435,0,1618676,1
2018-04-30 00:35:07,281.9229,22365,0,6305206,1
2018-04-30 00:35:07,419.1163,22365,0,9373536,1
2018-04-30 00:35:08,2.3156,22365,0,51788,1
2018-04-30 00:35:18,92.64750829,22355,0,2071135,1
2018-04-30 00:35:22,131.8481,22360,0,2948124,1
2018-04-30 00:37:25,438.4033,22460,0,-9846538,0
2018-04-30 00:37:51,561.5967,22500,0,-12635926,0
2018-04-30 00:38:28,1000.0,22515,0,22515000,1
2018-04-30 00:38:58,18.76,22435,0,-420881,0
2018-04-30 00:39:13,18.76,22435,0,420881,1
2018-04-30 00:39:26,127.3143,22400,0,-2851840,0
2018-04-30 00:39:36,134.109,22420,0,-3006724,0
2018-04-30 00:40:00,261.4233,22420,0,5861110,1
2018-04-30 00:40:21,29.08,22420,0,-651974,0
2018-04-30 00:40:30,9.6716,22420,0,216837,1
2018-04-30 00:40:34,19.4084,22430,0,435330,1
2018-04-30 00:41:59,31.5671,22500,0,-710260,0
2018-04-30 00:42:00,36.9919,22500,0,-832318,0
2018-04-30 00:42:04,99.85,22500,0,-2246625,0
2018-04-30 00:42:19,831.591,22500,0,-18710798,0
2018-04-30 00:43:05,1000.0,22515,0,22515000,1
2018-04-30 00:43:27,742.6076,22505,0,-16712384,0
2018-04-30 00:43:35,22.4163,22520,0,504815,1
2018-04-30 00:45:10,8.6039,22440,0,193072,1
2018-04-30 00:45:14,7.6829,22440,0,172404,1
2018-04-30 00:46:09,68.3644,22500,0,1538199,1
2018-04-30 00:46:21,240.9975,22510,0,5424854,1
2018-04-30 00:46:56,0.1,22505,0,2251,1
2018-04-30 00:47:06,0.1333,22505,0,3000,1
2018-04-30 00:47:34,605.6907,22550,0,-13658325,0
2018-04-30 00:48:13,102.7507,22500,0,2311891,1
2018-04-30 00:48:13,20.4014,22500,0,459032,1
2018-04-30 00:48:13,10.0,22500,0,225000,1
2018-04-30 00:48:13,3.7595,22500,0,84589,1
2018-04-30 00:48:13,125.6316,22500,0,2826711,1
2018-04-30 00:48:13,9.1686,22500,0,206294,1
2018-04-30 00:49:13,0.1513,22530,0,3409,1
2018-04-30 00:49:40,216.7842,22545,0,4887400,1
2018-04-30 00:52:28,202.6999,22720,0,4605342,1
2018-04-30 00:52:34,1.4,22710,0,-31794,0
2018-04-30 00:52:56,17.2061,22675,0,390148,1
2018-04-30 00:52:56,260.2755,22670,0,5900446,1
2018-04-30 00:52:56,32.5712,22670,0,738389,1
2018-04-30 00:54:51,80.0682,22670,0,-1815146,0
2018-04-30 00:55:06,80.0682,22720,0,1819150,1
2018-04-30 00:55:14,1000.0,22700,0,-22700000,0
2018-04-30 00:56:14,55.0507,22745,0,1252128,1
2018-04-30 00:59:03,900.4441,22630,0,20377050,1
2018-04-30 00:59:03,44.5052,22630,0,1007153,1
2018-04-30 01:00:20,3.2,22615,0,-72368,0
2018-04-30 01:00:59,0.0001,22615,0,-2,0
2018-04-30 01:01:52,24.7654,22630,0,-560441,0
2018-04-30 01:01:53,11.8708,22630,0,-268636,0
2018-04-30 01:03:06,302.7479,22620,0,-6848157,0
2018-04-30 01:03:32,44.6786,22605,0,-1009960,0
2018-04-30 01:04:21,60.5499,22570,0,1366611,1
2018-04-30 01:04:21,9.4424,22570,0,213115,1
2018-04-30 01:04:21,2.0,22570,0,45140,1
2018-04-30 01:04:21,46.4259,22570,0,1047833,1
2018-04-30 01:04:31,90.493,22540,0,2039712,1
2018-04-30 01:04:35,124.0048,22540,0,2795068,1
2018-04-30 01:04:41,54.3468,22525,0,1224162,1
2018-04-30 01:05:37,1.0,22500,0,-22500,0
2018-04-30 01:06:11,0.0001,22485,0,-2,0
2018-04-30 01:06:29,47.1669,22500,0,-1061255,0
2018-04-30 01:06:30,0.5439,22500,0,-12238,0
2018-04-30 01:06:30,57.1227,22500,0,-1285261,0
2018-04-30 01:06:40,18.9094,22490,0,-425272,0
2018-04-30 01:06:47,875.257,22455,0,-19653896,0
2018-04-30 01:07:55,1000.0,22445,0,22445000,1
2018-04-30 01:09:10,610.6188,22425,0,-13693127,0
2018-04-30 01:09:45,60.0,22440,0,1346400,1
2018-04-30 01:09:45,1.3546,22440,0,30397,1
2018-04-30 01:12:05,50.0,22510,0,1125500,1
2018-04-30 01:12:08,121.754,22510,0,2740683,1
2018-04-30 01:12:09,8.88494002,22510,0,200000,1
2018-04-30 01:12:10,111.4664,22510,0,2509109,1
2018-04-30 01:12:11,42.0408,22510,0,946338,1
2018-04-30 01:12:15,215.11805997,22510,0,4842308,1
2018-04-30 01:12:37,2.608e-05,22540,0,-1,0
2018-04-30 01:14:30,109.3952,22545,0,-2466315,0
2018-04-30 01:14:30,633.8721,22545,0,-14290646,0
2018-04-30 01:15:12,734.6058,22580,0,16587399,1
2018-04-30 01:15:23,8.6615,22550,0,195317,1
2018-04-30 01:18:34,15.7446,22640,0,-356458,0
2018-04-30 01:19:14,5.9,22665,0,133724,1
2018-04-30 01:19:22,9.8446,22660,0,223079,1
2018-04-30 01:21:45,31.6195,22640,0,-715865,0
2018-04-30 01:22:04,4.0,22650,0,90600,1
2018-04-30 01:22:10,611.2067,22600,0,-13813271,0
2018-04-30 01:24:51,1.5418,22530,0,34737,1
2018-04-30 01:26:56,637.2844,22560,0,14377136,1
2018-04-30 01:27:11,1.1036,22525,0,-24859,0
2018-04-30 01:27:20,1.1036,22515,0,24848,1
2018-04-30 01:27:23,45.4158,22515,0,-1022537,0
2018-04-30 01:28:22,94.7335,22480,0,-2129609,0
2018-04-30 01:28:26,52.69,22475,0,-1184208,0
2018-04-30 01:28:30,84.8725,22480,0,-1907934,0
2018-04-30 01:28:34,291.586,22480,0,-6554853,0
2018-04-30 01:31:34,78.7745,22400,0,1764549,1
2018-04-30 01:31:34,33.0401,22400,0,740098,1
2018-04-30 01:31:34,1.0,22400,0,22400,1
2018-04-30 01:31:34,51.6489,22400,0,1156935,1
2018-04-30 01:31:34,404.8343,22400,0,9068288,1
2018-04-30 01:31:51,8.22,22380,0,-183964,0
2018-04-30 01:31:56,151.4709,22400,0,-3392948,0
2018-04-30 01:31:56,100.0,22395,0,-2239500,0
2018-04-30 01:31:57,20.0,22400,0,-448000,0
2018-04-30 01:31:57,7.5761,22400,0,-169705,0
2018-04-30 01:31:57,236.3872,22400,0,-5295073,0
2018-04-30 01:34:58,0.1478,22450,0,3318,1
2018-04-30 01:37:27,523.5064,22350,0,11700368,1
2018-04-30 01:38:00,40.0,22350,0,-894000,0
2018-04-30 01:38:01,5.6,22350,0,-125160,0
2018-04-30 01:38:22,269.4047,22340,0,-6018501,0
2018-04-30 01:38:33,684.9953,22335,0,-15299370,0
2018-04-30 01:39:22,767.4677,22370,0,17168252,1
2018-04-30 01:39:29,9.6202,22360,0,215108,1
2018-04-30 01:40:10,293.1592,22325,0,-6544779,0
2018-04-30 01:42:00,516.0713,22345,0,11531613,1
2018-04-30 01:42:10,236.329,22390,0,-5291406,0
2018-04-30 01:42:14,549.3108,22400,0,-12304562,0
2018-04-30 01:42:14,13.0403,22400,0,-292103,0
2018-04-30 01:43:20,4.2,22365,0,93933,1
2018-04-30 01:43:25,337.2104,22355,0,7538338,1
2018-04-30 01:43:44,457.2697,22340,0,10215405,1
2018-04-30 01:45:03,53.002,22305,0,-1182210,0
2018-04-30 01:45:06,19.4694,22300,0,-434168,0
2018-04-30 01:45:17,113.37290269,22300,0,-2528216,0
2018-04-30 01:45:33,62.3589,22355,0,-1394033,0
2018-04-30 01:45:33,53.002,22355,0,-1184860,0
2018-04-30 01:45:49,387.9,22300,0,-8650170,0
2018-04-30 01:45:50,90.0,22300,0,-2007000,0
2018-04-30 01:47:48,71.1804,22255,0,1584120,1
2018-04-30 01:47:48,10.0,22255,0,222550,1
2018-04-30 01:47:48,1.0,22255,0,22255,1
2018-04-30 01:47:48,24.6146,22255,0,547798,1
2018-04-30 01:47:48,1.3102,22255,0,29159,1
2018-04-30 01:47:49,214.3407,22255,0,4770152,1
2018-04-30 01:48:11,246.93375022,22300,0,-5506623,0
2018-04-30 01:48:12,27.60604977,22300,0,-615615,0
2018-04-30 01:48:36,8.5,22275,0,189338,1
2018-04-30 01:48:37,1.0,22275,0,22275,1
2018-04-30 01:48:37,53.002,22275,0,1180620,1
2018-04-30 01:48:37,668.6971,22275,0,14895228,1
2018-04-30 01:50:01,161.9476,22235,0,-3600905,0
2018-04-30 01:50:18,226.0861,22230,0,-5025894,0
2018-04-30 01:50:41,27.0212,22175,0,599195,1
2018-04-30 01:51:01,5.6,22210,0,124376,1
2018-04-30 01:51:02,7.0,22210,0,155470,1
2018-04-30 01:51:02,7.0,22210,0,155470,1
2018-04-30 01:51:44,110.3505,22140,0,-2443160,0
2018-04-30 01:52:12,548.237,22120,0,-12127002,0
2018-04-30 01:52:25,219.9958,22055,0,4852007,1
2018-04-30 01:52:40,780.0042,22000,0,17160092,1
2018-04-30 01:53:02,834.4461,21910,0,-18282714,0
2018-04-30 01:53:40,7.6977,22020,0,169503,1
2018-04-30 01:54:51,62.9838,22100,0,1391942,1
2018-04-30 01:57:15,763.7646,21995,0,16799002,1
2018-04-30 01:57:36,216.5951,22005,0,-4766175,0
2018-04-30 01:57:40,14.7693,22010,0,-325072,0
2018-04-30 01:57:49,492.4327,21920,0,-10794125,0
2018-04-30 01:57:49,228.4454,21920,0,-5007523,0
2018-04-30 01:58:33,0.3,21890,0,6567,1
2018-04-30 01:59:13,45.734,21890,0,1001117,1
2018-04-30 01:59:13,7.1,21890,0,155419,1
2018-04-30 01:59:52,6.0,21790,0,130740,1
2018-04-30 01:59:55,32.1131,21790,0,699744,1
2018-04-30 01:59:56,813.4831,21790,0,17725797,1
2018-04-30 02:00:01,952.4877,21800,0,-20764232,0
2018-04-30 02:00:26,580.3412,21880,0,12697865,1
2018-04-30 02:00:47,67.74296803,21900,0,1483571,1
2018-04-30 02:00:52,45.5004,21890,0,-996004,0
2018-04-30 02:00:56,368.2411968,21900,0,-8064482,0
2018-04-30 02:00:56,234.34250319,21900,0,-5132101,0
2018-04-30 02:01:31,31.9977,21700,0,694350,1
2018-04-30 02:01:31,61.2983,21700,0,1330173,1
2018-04-30 02:01:31,57.372,21700,0,1244972,1
2018-04-30 02:01:32,5.0,21700,0,108500,1
2018-04-30 02:01:32,27.7452,21700,0,602071,1
2018-04-30 02:01:32,5.0,21700,0,108500,1
2018-04-30 02:01:32,28.0,21700,0,607600,1
2018-04-30 02:01:32,10.0,21700,0,217000,1
2018-04-30 02:01:32,303.3917,21700,0,6583600,1
2018-04-30 02:01:32,0.1388,21700,0,3012,1
2018-04-30 02:01:32,1.0,21700,0,21700,1
2018-04-30 02:01:33,10.0,21700,0,217000,1
2018-04-30 02:01:33,10.0,21700,0,217000,1
2018-04-30 02:01:33,112.6677,21700,0,2444889,1
2018-04-30 02:01:34,7.7997,21700,0,169253,1
2018-04-30 02:01:34,20.0,21700,0,434000,1
2018-04-30 02:01:34,8.5741,21700,0,186058,1
2018-04-30 02:01:34,100.0,21700,0,2170000,1
2018-04-30 02:01:35,60.6253,21700,0,1315569,1
2018-04-30 02:01:35,10.0,21700,0,217000,1
2018-04-30 02:01:35,100.0,21700,0,2170000,1
2018-04-30 02:01:36,29.3895,21700,0,637752,1
2018-04-30 02:01:41,1000.0,21675,0,-21675000,0
2018-04-30 02:03:03,1000.0,21760,0,21760000,1
2018-04-30 02:03:35,789.99,21680,0,-17126983,0
2018-04-30 02:03:41,772.1419,21600,0,16678265,1
2018-04-30 02:03:41,17.8481,21600,0,385519,1
2018-04-30 02:04:27,49.925,21580,0,-1077382,0
2018-04-30 02:04:30,49.925,21570,0,1076882,1
2018-04-30 02:05:13,204.5079,21605,0,-4418393,0
2018-04-30 02:05:13,201.3394,21635,0,-4355978,0
2018-04-30 02:05:23,594.1527,21595,0,-12830728,0
2018-04-30 02:05:40,4.1,21550,0,88355,1
2018-04-30 02:05:40,269.3581,21550,0,5804667,1
2018-04-30 02:05:40,4.1,21550,0,88355,1
2018-04-30 02:05:41,4.1,21550,0,88355,1
2018-04-30 02:05:41,3.6,21550,0,77580,1
2018-04-30 02:05:41,1.4,21550,0,30170,1
2018-04-30 02:06:03,124.5753,21500,0,2678369,1
2018-04-30 02:06:04,588.7666,21500,0,12658482,1
2018-04-30 02:06:43,313.5658,21550,0,-6757343,0
2018-04-30 02:06:48,68.9603,21620,0,-1490922,0
2018-04-30 02:07:12,382.5261,21750,0,8319943,1
2018-04-30 02:07:34,616.6161,21820,0,-13454563,0
2018-04-30 02:08:33,616.6161,21705,0,13383652,1
2018-04-30 02:09:12,0.2593,21790,0,-5650,0
2018-04-30 02:09:12,1.0,21790,0,-21790,0
2018-04-30 02:09:22,62.1159,21685,0,-1346983,0
2018-04-30 02:09:45,41.8,21670,0,-905806,0
2018-04-30 02:09:57,396.4154,21670,0,-8590322,0
2018-04-30 02:10:20,501.5906,21800,0,10934675,1
2018-04-30 02:11:01,1000.0,21865,0,-21865000,0
2018-04-30 02:11:45,566.63993203,21850,0,12381083,1
2018-04-30 02:11:53,136.3356,21850,0,-2978933,0
2018-04-30 02:11:56,451.884,21880,0,9887222,1
2018-04-30 02:12:03,53.0079,21875,0,-1159548,0
2018-04-30 02:12:03,829.1805,21875,0,-18138323,0
2018-04-30 02:12:22,712.7915,21900,0,15610134,1
2018-04-30 02:12:22,5.0,21900,0,109500,1
2018-04-30 02:12:22,282.2085,21900,0,6180366,1
2018-04-30 02:13:41,4.2,21875,0,-91875,0
2018-04-30 02:13:41,2.0,21875,0,-43750,0
2018-04-30 02:13:41,0.0156,21875,0,-341,0
2018-04-30 02:13:41,2.3,21875,0,-50313,0
2018-04-30 02:13:42,6.7,21875,0,-146563,0
2018-04-30 02:13:42,2.3,21875,0,-50313,0
2018-04-30 02:13:53,2.2,21920,0,-48224,0
2018-04-30 02:13:53,1.5,21920,0,-32880,0
2018-04-30 02:13:57,2.8,21925,0,-61390,0
2018-04-30 02:13:57,3.2,21925,0,-70160,0
2018-04-30 02:13:58,3.0,21925,0,-65775,0
2018-04-30 02:14:07,94.3732,21940,0,-2070548,0
2018-04-30 02:14:07,336.8122,21940,0,-7389660,0
2018-04-30 02:14:19,2.8,21910,0,-61348,0
2018-04-30 02:14:19,1.5,21910,0,-32865,0
2018-04-30 02:14:23,11.0,21910,0,-241010,0
2018-04-30 02:14:29,50.066,21895,0,1096195,1
2018-04-30 02:14:45,21.27,21875,0,465281,1
2018-04-30 02:14:52,227.112,21850,0,4962397,1
2018-04-30 02:15:20,1.5,21920,0,-32880,0
2018-04-30 02:15:26,1.9,21925,0,-41658,0
2018-04-30 02:15:26,1.4,21925,0,-30695,0
2018-04-30 02:15:39,214.16085906,21925,0,-4695477,0
2018-04-30 02:16:12,210.5,21970,0,4624685,1
2018-04-30 02:16:16,4.2,21955,0,92211,1
2018-04-30 02:16:16,4.9,21955,0,107580,1
2018-04-30 02:16:17,177.6139,21955,0,3899513,1
2018-04-30 02:16:31,141.66,22025,0,-3120062,0
2018-04-30 02:16:49,3.303e-05,22045,0,-1,0
2018-04-30 02:17:09,15.3806,21990,0,-338219,0
2018-04-30 02:17:15,20.0,22000,0,-440000,0
2018-04-30 02:17:15,15.3769,22000,0,-338292,0
2018-04-30 02:17:16,387.89,22000,0,-8533580,0
2018-04-30 02:17:35,102.5547,21940,0,2250050,1
2018-04-30 02:17:35,1.0,21940,0,21940,1
2018-04-30 02:17:53,476.7528,21935,0,10457573,1
2018-04-30 02:19:11,3.8799,21915,0,-85028,0
2018-04-30 02:19:14,5.4971,21935,0,-120579,0
2018-04-30 02:20:13,9.377,22010,0,206388,1
2018-04-30 02:23:16,105.0,22000,0,-2310000,0
2018-04-30 02:23:53,95.8618,22010,0,2109918,1
2018-04-30 02:23:53,9.1382,22010,0,201132,1
2018-04-30 02:24:43,168.0302,21990,0,-3694984,0
2018-04-30 02:25:35,11.7167,21960,0,-257299,0
2018-04-30 02:25:38,61.4086,21950,0,1347919,1
2018-04-30 02:25:43,83.9708,21955,0,-1843579,0
2018-04-30 02:26:00,3.976e-05,21955,0,-1,0
2018-04-30 02:26:01,28.53,21955,0,-626376,0
2018-04-30 02:26:08,105.0195,21950,0,-2305178,0
2018-04-30 02:26:13,8.06,21955,0,-176957,0
2018-04-30 02:27:12,352.755,21900,0,-7725335,0
2018-04-30 02:27:59,20.0,21860,0,437200,1
2018-04-30 02:27:59,100.0,21860,0,2186000,1
2018-04-30 02:28:52,375.2723,21810,0,8184689,1
2018-04-30 02:28:53,60.0014,21790,0,1307431,1
2018-04-30 02:28:53,141.4,21810,0,3083934,1
2018-04-30 02:29:39,223.8091,21745,0,-4866729,0
2018-04-30 02:29:43,0.913,21755,0,-19862,0
2018-04-30 02:29:43,209.1654,21755,0,-4550393,0
2018-04-30 02:29:43,1.0001,21755,0,-21757,0
2018-04-30 02:30:02,10.2113,21795,0,-222555,0
2018-04-30 02:30:29,142.9365,21780,0,3113157,1
2018-04-30 02:30:32,53.0127,21830,0,1157267,1
2018-04-30 02:30:33,5.0,21775,0,108875,1
2018-04-30 02:30:57,14.0,21800,0,305200,1
2018-04-30 02:31:07,305.4846,21850,0,-6674839,0
2018-04-30 02:34:22,2.1775,21810,0,47491,1
2018-04-30 02:34:22,5.8882,21810,0,128422,1
2018-04-30 02:34:47,137.7094,21785,0,2999999,1
2018-04-30 02:34:47,31.4662,21785,0,685491,1
2018-04-30 02:35:02,25.0,21775,0,544375,1
2018-04-30 02:35:02,8.4213,21775,0,183374,1
2018-04-30 02:35:02,123.4626,21775,0,2688398,1
2018-04-30 02:35:02,195.268,21775,0,4251961,1
2018-04-30 02:35:03,6.2411,21775,0,135900,1
2018-04-30 02:35:16,355.3339,21775,0,-7737396,0
2018-04-30 02:35:22,102.475,21790,0,2232930,1
2018-04-30 02:35:27,33.9092,21800,0,-739221,0
2018-04-30 02:35:27,136.1554,21800,0,-2968188,0
2018-04-30 02:35:27,299.55,21800,0,-6530190,0
2018-04-30 02:37:31,52.9971,21830,0,1156927,1
2018-04-30 02:42:00,599.53382253,21895,0,13126793,1
2018-04-30 02:42:33,69.9425,21915,0,1532790,1
2018-04-30 02:43:27,201.3879,22045,0,-4439596,0
2018-04-30 02:43:32,201.3879,22060,0,4442617,1
2018-04-30 02:43:55,154.8646,22060,0,-3416313,0
2018-04-30 02:44:24,2.7684,22015,0,60946,1
2018-04-30 02:44:24,152.0962,22015,0,3348398,1
2018-04-30 02:46:04,1000.0,22030,0,-22030000,0
2018-04-30 02:46:55,6.2663,21995,0,137827,1
2018-04-30 02:46:55,333.9327,21995,0,7344850,1
2018-04-30 02:46:55,1.982,21995,0,43594,1
2018-04-30 02:46:55,6.9433,21995,0,152718,1
2018-04-30 02:46:59,5.7716,22000,0,126975,1
2018-04-30 02:47:03,384.6516,22005,0,8464258,1
2018-04-30 02:47:07,0.26,21990,0,5717,1
2018-04-30 02:47:07,260.1925,21990,0,5721633,1
2018-04-30 02:47:40,165.0,22000,0,-3630000,0
2018-04-30 02:48:27,76.5019,22010,0,1683807,1
2018-04-30 02:48:41,442.5661,21975,0,-9725390,0
2018-04-30 02:48:57,102.6703,22000,0,2258747,1
2018-04-30 02:49:02,0.652,22000,0,14344,1
2018-04-30 02:49:42,427.7419,22035,0,9425293,1
2018-04-30 02:54:52,1.3,22190,0,-28847,0
2018-04-30 02:54:56,106.353,22240,0,-2365291,0
2018-04-30 02:54:59,31.6742,22240,0,704434,1
2018-04-30 02:55:14,75.9788,22275,0,1692428,1
2018-04-30 02:55:41,1.3,22250,0,-28925,0
2018-04-30 02:55:41,3.6,22250,0,-80100,0
2018-04-30 02:55:52,4.9,22270,0,109123,1
2018-04-30 02:56:16,1000.0,22270,0,-22270000,0
2018-04-30 02:58:36,147.66714935,22310,0,3294454,1
2018-04-30 03:00:03,580.1437,22250,0,12908197,1
2018-04-30 03:00:03,69.7,22250,0,1550825,1
2018-04-30 03:00:06,11.0,22220,0,244420,1
2018-04-30 03:00:25,145.2734,22250,0,3232333,1
2018-04-30 03:00:26,46.2158,22250,0,1028302,1
2018-04-30 03:06:07,199.11,22150,0,-4410287,0
2018-04-30 03:06:07,22.9052,22150,0,-507350,0
2018-04-30 03:06:07,493.54,22150,0,-10931911,0
2018-04-30 03:11:41,6.8074,22100,0,150444,1
2018-04-30 03:18:20,5.326,22080,0,117598,1
2018-04-30 03:20:15,53.633,21985,0,1179122,1
2018-04-30 03:20:23,649.7888,21960,0,14269362,1
2018-04-30 03:22:22,184.2927,21945,0,-4044303,0
2018-04-30 03:23:42,1.0001,22080,0,-22082,0
2018-04-30 03:23:50,26.1605,22105,0,-578278,0
2018-04-30 03:23:57,93.9399,22130,0,-2078890,0
2018-04-30 03:24:00,93.006,22130,0,-2058223,0
2018-04-30 03:25:28,143.6181,22160,0,3182577,1
2018-04-30 03:25:53,47.87,22140,0,-1059842,0
2018-04-30 03:28:08,0.11,22155,0,-2437,0
2018-04-30 03:28:08,125.1692,22155,0,-2773124,0
2018-04-30 03:28:08,14.4739,22155,0,-320669,0
2018-04-30 03:28:11,53.633,22170,0,-1189044,0
2018-04-30 03:28:12,21.41,22170,0,-474660,0
2018-04-30 03:33:51,517.4472,22170,0,11471804,1
2018-04-30 03:36:58,53.633,22070,0,-1183680,0
2018-04-30 03:37:14,2.844,22050,0,-62710,0
2018-04-30 03:37:18,4.6076,22080,0,-101736,0
2018-04-30 03:37:40,35.4958,22095,0,784280,1
2018-04-30 03:37:54,6.0708,22095,0,134134,1
2018-04-30 03:37:55,19.518,22095,0,431250,1
2018-04-30 03:38:07,2.6,22080,0,-57408,0
2018-04-30 03:38:21,4.6,22010,0,-101246,0
2018-04-30 03:38:24,2.758,22010,0,60704,1
2018-04-30 03:38:24,4.442,22010,0,97768,1
2018-04-30 03:38:27,2.7,21990,0,-59373,0
2018-04-30 03:38:45,2.7,21995,0,59387,1
2018-04-30 03:39:31,2.316e-05,22040,0,-1,0
2018-04-30 03:39:57,3.0,22030,0,-66090,0
2018-04-30 03:40:05,45.42,22050,0,-1001511,0
2018-04-30 03:41:00,97.6,22030,0,-2150128,0
2018-04-30 03:41:04,53.633,22035,0,-1181803,0
2018-04-30 03:44:21,30.0,22010,0,-660300,0
2018-04-30 03:44:31,118.1007,22050,0,-2604120,0
2018-04-30 03:44:35,44.71,22070,0,-986750,0
2018-04-30 03:44:43,1.0001,22070,0,-22072,0
2018-04-30 03:45:59,12.1477,22005,0,-267310,0
2018-04-30 03:46:32,74.6856,22005,0,-1643457,0
2018-04-30 03:48:21,519.7029,22000,0,-11433464,0
2018-04-30 03:52:07,3.1,21915,0,67937,1
2018-04-30 03:52:07,4.5,21915,0,98618,1
2018-04-30 03:54:46,134.5881,21890,0,2946134,1
2018-04-30 03:55:42,857.8119,21925,0,18807526,1
2018-04-30 03:56:31,497.1686,21940,0,-10907879,0
2018-04-30 03:56:36,134.7212,21950,0,-2957130,0
2018-04-30 03:56:36,260.4241,21950,0,-5716309,0
2018-04-30 03:56:44,3.5998,22015,0,79250,1
2018-04-30 03:56:44,3.0,22015,0,66045,1
2018-04-30 03:56:50,1.3608,22030,0,29978,1
2018-04-30 03:56:50,5.9,22030,0,129977,1
2018-04-30 03:56:50,5.0,22030,0,110150,1
2018-04-30 03:57:47,567.40227313,22045,0,12508383,1
2018-04-30 03:57:55,4.8,21980,0,105504,1
2018-04-30 03:57:55,4.564,21980,0,100317,1
2018-04-30 03:59:07,1.0,21980,0,21980,1
2018-04-30 03:59:40,1.0027,21980,0,22039,1
2018-04-30 03:59:57,8.4319,21980,0,185333,1
2018-04-30 04:00:55,157.8634,22025,0,-3476941,0
2018-04-30 04:01:31,15.3286,22000,0,337229,1
2018-04-30 04:02:31,1.0,21995,0,21995,1
2018-04-30 04:02:31,323.3481,21995,0,7112041,1
2018-04-30 04:02:31,51.388,21995,0,1130279,1
2018-04-30 04:03:19,114.3094,21950,0,-2509091,0
2018-04-30 04:03:55,832.6395,22000,0,-18318069,0
2018-04-30 04:06:26,8.0708,22090,0,178284,1
2018-04-30 04:06:26,485.0,22090,0,10713650,1
2018-04-30 04:07:25,379.9999,22090,0,8394198,1
2018-04-30 04:07:25,73.2003,22090,0,1616995,1
2018-04-30 04:07:25,53.729,22090,0,1186874,1
2018-04-30 04:09:15,1.3421,22195,0,-29788,0
2018-04-30 04:09:15,1.0,22195,0,-22195,0
2018-04-30 04:09:15,1.8,22195,0,-39951,0
2018-04-30 04:09:15,2.9,22195,0,-64366,0
2018-04-30 04:09:15,1.0,22195,0,-22195,0
2018-04-30 04:09:15,3.9,22195,0,-86561,0
2018-04-30 04:09:16,1.1,22195,0,-24415,0
2018-04-30 04:09:16,1.4,22195,0,-31073,0
2018-04-30 04:09:16,1.1,22195,0,-24415,0
2018-04-30 04:09:16,2.7,22195,0,-59927,0
2018-04-30 04:09:17,1.2,22195,0,-26634,0
2018-04-30 04:09:17,2.3,22195,0,-51049,0
2018-04-30 04:09:18,1.0,22195,0,-22195,0
2018-04-30 04:09:18,2.3,22195,0,-51049,0
2018-04-30 04:09:18,2.9,22195,0,-64366,0
2018-04-30 04:09:19,2.6,22195,0,-57707,0
2018-04-30 04:09:19,1.3,22195,0,-28854,0
2018-04-30 04:09:19,3.0,22195,0,-66585,0
2018-04-30 04:09:19,1.2,22195,0,-26634,0
2018-04-30 04:09:19,1.6,22195,0,-35512,0
2018-04-30 04:09:20,3.0,22195,0,-66585,0
2018-04-30 04:09:20,1.2,22195,0,-26634,0
2018-04-30 04:09:20,1.5,22195,0,-33293,0
2018-04-30 04:09:21,1.5,22195,0,-33293,0
2018-04-30 04:09:21,1.1,22195,0,-24415,0
2018-04-30 04:09:22,1.7,22195,0,-37732,0
2018-04-30 04:09:22,1.6,22195,0,-35512,0
2018-04-30 04:09:22,1.8,22195,0,-39951,0
2018-04-30 04:09:22,1.9,22195,0,-42171,0
2018-04-30 04:09:23,4.4384,22195,0,-98510,0
2018-04-30 04:09:23,1.4,22195,0,-31073,0
2018-04-30 04:09:23,3.1,22195,0,-68805,0
2018-04-30 04:09:24,1.5,22195,0,-33293,0
2018-04-30 04:09:24,2.9,22195,0,-64366,0
2018-04-30 04:09:25,15.7974,22195,0,-350623,0
2018-04-30 04:09:30,1.562,22195,0,34669,1
2018-04-30 04:09:47,80.5159,22230,0,1789868,1
2018-04-30 04:10:03,102.992,22230,0,-2289512,0
2018-04-30 04:10:16,7.0123,22245,0,-155989,0
2018-04-30 04:10:23,50.0,22230,0,1111500,1
2018-04-30 04:10:23,60.0043,22230,0,1333896,1
2018-04-30 04:11:16,0.9985,22305,0,-22272,0
2018-04-30 04:11:31,1.2,22320,0,-26784,0
2018-04-30 04:11:37,1.2,22320,0,-26784,0
2018-04-30 04:11:53,3.3985,22370,0,76024,1
2018-04-30 04:12:40,25.015,22415,0,-560711,0
2018-04-30 04:12:40,55.9235,22415,0,-1253525,0
2018-04-30 04:12:44,25.6767,22435,0,-576057,0
2018-04-30 04:12:48,376.8841,22450,0,-8461048,0
2018-04-30 04:12:55,14.3197,22450,0,321477,1
2018-04-30 04:12:58,1.8906,22445,0,-42435,0
2018-04-30 04:13:02,316.7516,22460,0,7114241,1
2018-04-30 04:14:37,154.3186,22460,0,3465996,1
2018-04-30 04:19:21,99.85,22370,0,-2233645,0
2018-04-30 04:19:29,1.4114,22355,0,-31552,0
2018-04-30 04:19:35,101.2614,22350,0,2263192,1
2018-04-30 04:21:24,19.94,22435,0,-447354,0
2018-04-30 04:22:21,19.94,22450,0,447653,1
2018-04-30 04:23:07,0.0001,22535,0,-2,0
2018-04-30 04:23:38,655.1319,22520,0,-14753570,0
2018-04-30 04:26:04,10.0,22450,0,224500,1
2018-04-30 04:26:19,29.966,22410,0,671538,1
2018-04-30 04:26:19,28.9,22410,0,647649,1
2018-04-30 04:26:20,11.8,22410,0,264438,1
2018-04-30 04:26:20,1.0001,22410,0,22412,1
2018-04-30 04:26:20,81.21,22410,0,1819916,1
2018-04-30 04:26:23,14.3824,22400,0,322166,1
2018-04-30 04:26:23,16.72,22400,0,374528,1
2018-04-30 04:26:53,61.8401,22400,0,1385218,1
2018-04-30 04:27:08,9.23976326,22430,0,-207248,0
2018-04-30 04:27:12,4.0111,22430,0,-89969,0
2018-04-30 04:27:17,587.4357,22430,0,-13176183,0
2018-04-30 04:30:02,198.8751,22440,0,4462757,1
2018-04-30 04:30:09,121.0,22440,0,2715240,1
2018-04-30 04:30:10,8.2,22440,0,184008,1
2018-04-30 04:33:27,10.1577,22410,0,227634,1
2018-04-30 04:36:28,6.9444,22360,0,155277,1
2018-04-30 04:37:52,23.7234,22250,0,527846,1
2018-04-30 04:37:52,268.182,22250,0,5967050,1
2018-04-30 04:38:20,637.0826,22330,0,-14226054,0
2018-04-30 04:41:16,1000.0,22420,0,22420000,1
2018-04-30 04:42:39,49.7318,22450,0,-1116479,0
2018-04-30 04:42:42,49.7318,22445,0,1116230,1
2018-04-30 04:56:54,57.8344,22500,0,-1301274,0
2018-04-30 04:56:54,27.1652,22500,0,-611217,0
2018-04-30 04:56:54,40.4764,22500,0,-910719,0
2018-04-30 04:56:54,874.524,22500,0,-19676790,0
2018-04-30 05:02:43,133.0621,22500,0,2993897,1
2018-04-30 05:03:16,160.8602,22505,0,3620159,1
2018-04-30 05:04:13,2.0301,22495,0,45667,1
2018-04-30 05:04:28,704.0476,22500,0,15841071,1
2018-04-30 05:04:43,426.7832,22490,0,-9598354,0
2018-04-30 05:04:54,13.0,22500,0,292500,1
2018-04-30 05:07:49,8.96556843,22570,0,202353,1
2018-04-30 05:08:05,404.8176,22570,0,9136733,1
2018-04-30 05:08:19,0.0001,22575,0,-2,0
2018-04-30 05:08:39,49.9103,22600,0,-1127973,0
2018-04-30 05:08:39,155.75221238,22600,0,-3520000,0
2018-04-30 05:08:39,523.9468,22600,0,-11841198,0
2018-04-30 05:08:39,130.5409,22600,0,-2950224,0
2018-04-30 05:08:40,139.16228761,22600,0,-3145068,0
2018-04-30 05:08:40,0.6874,22600,0,-15535,0
2018-04-30 05:09:17,118.8,22610,0,2686068,1
2018-04-30 05:10:05,30.2,22560,0,681312,1
2018-04-30 05:10:21,516.8496,22600,0,11680801,1
2018-04-30 05:10:25,1.0,22535,0,22535,1
2018-04-30 05:10:25,0.1,22535,0,2254,1
2018-04-30 05:10:25,10.627,22535,0,239479,1
2018-04-30 05:10:25,301.6599,22535,0,6797906,1
2018-04-30 05:10:35,19.7635,22540,0,445469,1
2018-04-30 05:10:35,1.0,22540,0,22540,1
2018-04-30 05:13:15,25.2578,22505,0,-568427,0
2018-04-30 05:16:01,1.0,22545,0,-22545,0
2018-04-30 05:16:41,1.0,22565,0,-22565,0
2018-04-30 05:17:07,1.0,22555,0,-22555,0
2018-04-30 05:17:15,7.7402,22555,0,174580,1
2018-04-30 05:17:18,88.3268,22540,0,-1990886,0
2018-04-30 05:17:36,1.0,22550,0,-22550,0
2018-04-30 05:17:58,1.0,22560,0,-22560,0
2018-04-30 05:18:04,68.05,22550,0,1534528,1
2018-04-30 05:18:18,801.2354,22555,0,-18071864,0
2018-04-30 05:21:39,21.1897,22555,0,477934,1
2018-04-30 05:21:54,3.9627,22555,0,89379,1
2018-04-30 05:23:07,38.5993,22485,0,867905,1
2018-04-30 05:23:07,93.106,22450,0,2090230,1
2018-04-30 05:31:45,208.5,22385,0,4667273,1
2018-04-30 05:31:45,55.6796,22385,0,1246388,1
2018-04-30 05:31:50,164.64,22385,0,3685466,1
2018-04-30 05:31:50,156.2021,22385,0,3496584,1
2018-04-30 05:32:16,102.1504,22380,0,2286126,1
2018-04-30 05:37:38,1000.0,22400,0,-22400000,0
2018-04-30 05:46:31,300.6194,22260,0,6691788,1
2018-04-30 05:46:35,50.0,22250,0,1112500,1
2018-04-30 05:46:35,10.0,22250,0,222500,1
2018-04-30 05:46:35,50.0,22250,0,1112500,1
2018-04-30 05:46:35,32.4483,22250,0,721975,1
2018-04-30 05:46:35,19.7808,22250,0,440123,1
2018-04-30 05:46:35,21.6938,22250,0,482687,1
2018-04-30 05:46:39,1.0001,22240,0,22242,1
2018-04-30 05:48:57,118.9469,22235,0,2644784,1
2018-04-30 05:49:03,211.5766,22235,0,4704406,1
2018-04-30 05:49:08,62.1824,22220,0,1381693,1
2018-04-30 05:49:08,69.235,22220,0,1538402,1
2018-04-30 05:50:29,449.9228,22230,0,-10001784,0
2018-04-30 05:50:59,108.3885,22270,0,2413812,1
2018-04-30 05:52:14,7.7924549,22330,0,174006,1
2018-04-30 05:52:36,25.6203,22245,0,-569924,0
2018-04-30 05:52:49,23.4109,22325,0,-522648,0
2018-04-30 05:53:36,435.2898,22415,0,9757021,1
2018-04-30 05:53:46,9.5273,22420,0,-213602,0
2018-04-30 05:53:57,9.5273,22450,0,213888,1
2018-04-30 05:55:58,50.5423,22400,0,-1132148,0
2018-04-30 05:56:11,47.6938,22400,0,1068341,1
2018-04-30 05:56:54,3.571e-05,22400,0,-1,0
2018-04-30 05:58:33,53.05,22345,0,-1185402,0
2018-04-30 05:58:33,32.4466,22350,0,-725182,0
2018-04-30 05:58:42,53.05,22275,0,-1181689,0
2018-04-30 05:58:51,8.769e-05,22350,0,-2,0
2018-04-30 05:58:51,53.0499123,22350,0,-1185666,0
2018-04-30 05:58:55,26.5,22330,0,-591745,0
2018-04-30 05:59:49,21.4,22285,0,-476899,0
2018-04-30 06:00:26,17.1994,22345,0,-384321,0
2018-04-30 06:00:36,19.4,22345,0,433493,1
2018-04-30 06:01:49,2.0311,22305,0,-45304,0
2018-04-30 06:02:25,65.8903,22305,0,-1469683,0
2018-04-30 06:02:29,143.7164,22305,0,-3205594,0
2018-04-30 06:03:47,1.0,22315,0,-22315,0
2018-04-30 06:04:15,547.2176,22310,0,-12208425,0
2018-04-30 06:05:26,0.86656923,22360,0,19376,1
2018-04-30 06:07:29,6.78645509,22360,0,151745,1
2018-04-30 06:07:55,6.2582,22370,0,139996,1
2018-04-30 06:07:56,271.4291,22370,0,6071869,1
2018-04-30 06:08:10,18.0,22370,0,402660,1
2018-04-30 06:08:31,129.291,22380,0,2893533,1
2018-04-30 06:09:59,567.3686,22350,0,12680688,1
2018-04-30 06:10:07,31.8,22325,0,-709935,0
2018-04-30 06:10:07,8.8,22325,0,-196460,0
2018-04-30 06:10:15,17.8,22310,0,-397118,0
2018-04-30 06:10:20,1.6361,22340,0,-36550,0
2018-04-30 06:10:24,0.0001,22300,0,-2,0
2018-04-30 06:10:28,60.0362,22340,0,1341209,1
2018-04-30 06:11:42,2.6947,22300,0,-60092,0
2018-04-30 06:11:46,635.7501,22300,0,-14177227,0
2018-04-30 06:11:46,224.3661,22300,0,-5003364,0
2018-04-30 06:12:24,597.36415233,22355,0,13354076,1
2018-04-30 06:12:32,265.4467,22355,0,5934061,1
2018-04-30 06:13:33,56.0,22310,0,-1249360,0
2018-04-30 06:14:59,4.231,22290,0,-94309,0
2018-04-30 06:17:28,60.231,22285,0,1342248,1
2018-04-30 06:18:47,3.4,22300,0,-75820,0
2018-04-30 06:18:47,0.7,22305,0,-15614,0
2018-04-30 06:18:51,3.4,22305,0,-75837,0
2018-04-30 06:19:10,7.5,22315,0,167363,1
2018-04-30 06:20:28,17.6442,22310,0,-393642,0
2018-04-30 06:22:10,88.9058,22280,0,-1980821,0
2018-04-30 06:22:55,205.7891,22275,0,-4583952,0
2018-04-30 06:23:35,97.1837,22265,0,2163795,1
2018-04-30 06:23:35,200.0,22265,0,4453000,1
2018-04-30 06:23:35,10.4042,22265,0,231650,1
2018-04-30 06:23:35,3.2987,22265,0,73446,1
2018-04-30 06:23:35,1.4525,22265,0,32340,1
2018-04-30 06:26:08,16.4884,22130,0,-364888,0
2018-04-30 06:26:12,128.6033,22130,0,-2845991,0
2018-04-30 06:26:17,30.4956,22130,0,-674868,0
2018-04-30 06:26:20,1.0,22090,0,22090,1
2018-04-30 06:26:23,116.0043,22060,0,-2559055,0
2018-04-30 06:27:06,0.4305,22050,0,9493,1
2018-04-30 06:27:06,7.3504,22050,0,162076,1
2018-04-30 06:27:06,59.1067,22050,0,1303303,1
2018-04-30 06:27:22,0.2358,22050,0,5199,1
2018-04-30 06:27:39,2.2669,22055,0,49996,1
2018-04-30 06:27:43,0.31,22055,0,6837,1
2018-04-30 06:27:44,3.5,22055,0,77193,1
2018-04-30 06:27:47,3.5,22050,0,77175,1
2018-04-30 06:27:47,3.5,22050,0,77175,1
2018-04-30 06:27:52,1.4,22050,0,30870,1
2018-04-30 06:27:52,7.0,22050,0,154350,1
2018-04-30 06:28:22,123.5926,22100,0,-2731396,0
2018-04-30 06:28:27,197.321,22100,0,-4360794,0
2018-04-30 06:28:27,3.994,22100,0,-88267,0
2018-04-30 06:28:27,162.9072,22100,0,-3600249,0
2018-04-30 06:28:31,160.327,22100,0,3543227,1
2018-04-30 06:29:24,210.9331,22140,0,4670059,1
2018-04-30 06:29:28,41.2669,22140,0,913649,1
2018-04-30 06:29:32,277.2791,22135,0,6137573,1
2018-04-30 06:29:40,45.2098,22135,0,-1000719,0
2018-04-30 06:29:46,45.2098,22150,0,1001397,1
2018-04-30 06:29:53,8.9,22125,0,-196913,0
2018-04-30 06:30:05,38.3855,22125,0,-849279,0
2018-04-30 06:30:09,952.7145,22140,0,-21093099,0
2018-04-30 06:31:06,35.706,22160,0,791245,1
2018-04-30 06:31:06,130.742,22160,0,2897243,1
2018-04-30 06:35:15,833.552,22250,0,18546532,1
2018-04-30 06:37:43,203.0334,22235,0,-4514448,0
2018-04-30 06:39:27,1.0001,22255,0,-22257,0
2018-04-30 06:39:50,13.5343,22245,0,-301071,0
2018-04-30 06:39:54,53.049,22245,0,1180075,1
2018-04-30 06:39:55,13.64522364,22245,0,303538,1
2018-04-30 06:39:58,10.0,22250,0,-222500,0
2018-04-30 06:40:12,10.7778,22260,0,239914,1
2018-04-30 06:40:16,53.049,22245,0,1180075,1
2018-04-30 06:40:25,114.4134,22235,0,-2543982,0
2018-04-30 06:40:36,20.9927,22225,0,466563,1
2018-04-30 06:40:36,182.037,22225,0,4045772,1
2018-04-30 06:40:36,8.4305,22225,0,187368,1
2018-04-30 06:41:24,15.7925,22180,0,-350278,0
2018-04-30 06:41:24,26.3294,22180,0,-583986,0
2018-04-30 06:41:24,844.4613,22180,0,-18730152,0
2018-04-30 06:42:09,236.7482,22220,0,5260545,1
2018-04-30 06:47:27,15.5824,22140,0,344994,1
2018-04-30 06:47:27,85.6982,22140,0,1897358,1
2018-04-30 06:47:28,50.0,22140,0,1107000,1
2018-04-30 06:47:48,1.0001,22110,0,22112,1
2018-04-30 06:47:48,1.0,22110,0,22110,1
2018-04-30 06:47:48,61.9388,22110,0,1369467,1
2018-04-30 06:47:48,2.3054,22110,0,50972,1
2018-04-30 06:47:48,181.0774,22110,0,4003621,1
2018-04-30 06:47:48,10.3566,22110,0,228984,1
2018-04-30 06:47:48,45.0,22110,0,994950,1
2018-04-30 06:47:48,0.8677,22110,0,19185,1
2018-04-30 06:47:49,10.5,22110,0,232155,1
2018-04-30 06:48:14,69.6123,22120,0,-1539824,0
2018-04-30 06:48:47,9.28,22100,0,205088,1
2018-04-30 06:48:47,22.2169,22100,0,490993,1
2018-04-30 06:48:47,146.1547,22100,0,3230019,1
2018-04-30 06:48:57,3.5,22080,0,77280,1
2018-04-30 06:49:00,0.4711,22095,0,10409,1
2018-04-30 06:49:33,2.7409,22065,0,60478,1
2018-04-30 06:49:38,41.9,22080,0,925152,1
2018-04-30 06:49:42,27.8571,22060,0,614528,1
2018-04-30 06:50:47,2.8344,22065,0,-62541,0
2018-04-30 06:51:08,2.8344,22060,0,62527,1
2018-04-30 06:52:09,17.9974,22065,0,-397113,0
2018-04-30 06:52:20,36.0286,22000,0,-792629,0
2018-04-30 06:52:47,6.9,22035,0,152042,1
2018-04-30 06:52:52,7.0,22035,0,154245,1
2018-04-30 06:52:52,3.5,22035,0,77123,1
2018-04-30 06:52:52,36.626,22035,0,807054,1
2018-04-30 06:53:09,63.6707,22040,0,-1403302,0
2018-04-30 06:53:09,2.3558,22040,0,-51922,0
2018-04-30 06:53:13,64.6265,22040,0,1424368,1
2018-04-30 06:53:13,1.4,22040,0,30856,1
2018-04-30 06:53:47,0.0001,22025,0,-2,0
2018-04-30 06:54:00,317.9655,22025,0,-7003190,0
2018-04-30 06:54:04,69.99174918,22040,0,-1542618,0
2018-04-30 06:54:21,11.5662,22040,0,254919,1
2018-04-30 06:54:34,52.889,22030,0,1165145,1
2018-04-30 06:55:03,7.2394,22015,0,-159375,0
2018-04-30 06:55:18,330.7416,21985,0,7271354,1
2018-04-30 06:56:29,5.2713,21890,0,-115389,0
2018-04-30 06:56:32,320.3267,21860,0,-7002342,0
2018-04-30 06:56:36,48.2,21890,0,1055098,1
2018-04-30 06:56:44,130.0,21870,0,2843100,1
2018-04-30 06:56:48,69.4268,21850,0,1516976,1
2018-04-30 06:56:49,50.0,21850,0,1092500,1
2018-04-30 06:56:49,27.9712,21850,0,611171,1
2018-04-30 06:57:03,80.6825,21830,0,-1761299,0
2018-04-30 06:57:22,41.5312,21850,0,-907457,0
2018-04-30 06:57:22,636.7017,21850,0,-13911932,0
2018-04-30 06:57:23,0.4237,21850,0,-9258,0
2018-04-30 06:57:34,10.2,21845,0,222819,1
2018-04-30 06:58:02,17.5624,21845,0,383651,1
2018-04-30 07:03:25,731.5767,22070,0,16145898,1
2018-04-30 07:03:38,10.9865,22110,0,-242912,0
2018-04-30 07:04:22,33.5665614,22130,0,-742828,0
2018-04-30 07:04:22,3.859e-05,22130,0,-1,0
2018-04-30 07:04:43,44.5531,22150,0,986851,1
2018-04-30 07:09:06,321.301,22050,0,-7084687,0
2018-04-30 07:09:07,418.993,22050,0,-9238796,0
2018-04-30 07:09:07,115.202,22050,0,-2540204,0
2018-04-30 07:09:20,8.6,22065,0,189759,1
2018-04-30 07:09:20,76.3,22065,0,1683560,1
2018-04-30 07:09:36,2.5,22045,0,55113,1
2018-04-30 07:09:37,55.0904,22045,0,1214468,1
2018-04-30 07:09:43,201.8514,22045,0,4449814,1
2018-04-30 07:09:43,336.7,22060,0,7427602,1
2018-04-30 07:09:47,528.7398,22020,0,-11642850,0
2018-04-30 07:11:11,0.4112,22045,0,9065,1
2018-04-30 07:11:11,29.13,22045,0,642171,1
2018-04-30 07:13:09,1.3672,22035,0,30126,1
2018-04-30 07:14:06,14.519,22040,0,319999,1
2018-04-30 07:15:07,80.63043002,22150,0,1785964,1
2018-04-30 07:15:15,21.2912,22110,0,470748,1
2018-04-30 07:15:16,389.34,22110,0,8608307,1
2018-04-30 07:15:30,217.4744,22100,0,-4806184,0
2018-04-30 07:16:06,74.9203227,22160,0,1660234,1
2018-04-30 07:16:18,99.90848758,22150,0,2212973,1
2018-04-30 07:16:19,18.39097065,22150,0,407360,1
2018-04-30 07:16:22,143.6418,22150,0,3181666,1
2018-04-30 07:16:26,23.9828,22165,0,531579,1
2018-04-30 07:16:26,23.1349,22165,0,512785,1
2018-04-30 07:18:39,4.2,22400,0,-94080,0
2018-04-30 07:18:42,4.2,22420,0,94164,1
2018-04-30 07:19:51,2.7,22435,0,-60575,0
2018-04-30 07:19:58,302.8005,22445,0,-6796357,0
2018-04-30 07:20:12,172.9568,22440,0,-3881151,0
2018-04-30 07:20:29,61.4875,22475,0,-1381932,0
2018-04-30 07:21:02,539.9448,22360,0,12073166,1
2018-04-30 07:23:39,134.99317242,22360,0,-3018447,0
2018-04-30 07:23:43,66.4716,22360,0,-1486305,0
2018-04-30 07:23:47,44.826,22360,0,-1002309,0
2018-04-30 07:24:03,246.2908,22390,0,5514451,1
2018-04-30 07:24:06,162.2593,22400,0,-3634608,0
2018-04-30 07:24:06,20.0,22400,0,-448000,0
2018-04-30 07:24:06,198.80995535,22400,0,-4453343,0
2018-04-30 07:24:07,2.0,22400,0,-44800,0
2018-04-30 07:24:07,140.0,22400,0,-3136000,0
2018-04-30 07:24:07,41.90234464,22400,0,-938613,0
2018-04-30 07:24:07,56.2822,22400,0,-1260721,0
2018-04-30 07:24:44,78.1458,22330,0,1744996,1
2018-04-30 07:24:45,25.0772,22330,0,559974,1
2018-04-30 07:24:45,181.3183,22330,0,4048838,1
2018-04-30 07:24:45,44.1946,22330,0,986865,1
2018-04-30 07:24:46,39.916,22330,0,891324,1
2018-04-30 07:25:15,114.70704968,22380,0,2567144,1
2018-04-30 07:25:31,566.78811568,22390,0,-12690386,0
2018-04-30 07:26:30,101.7481,22400,0,2279157,1
2018-04-30 07:26:30,64.6093,22395,0,1446925,1
2018-04-30 07:26:35,3.469,22395,0,77688,1
2018-04-30 07:26:57,534.8566,22410,0,11986136,1
2018-04-30 07:27:20,343.4666,22395,0,-7691935,0
2018-04-30 07:27:28,8.8768,22365,0,198530,1
2018-04-30 07:27:28,114.7526,22365,0,2566442,1
2018-04-30 07:27:29,101.4318,22365,0,2268522,1
2018-04-30 07:27:29,110.9538,22365,0,2481482,1
2018-04-30 07:27:29,7.4516,22365,0,166655,1
2018-04-30 07:27:32,48.8303,22365,0,-1092090,0
2018-04-30 07:27:35,16.5768,22365,0,-370740,0
2018-04-30 07:27:52,11.0,22370,0,-246070,0
2018-04-30 07:29:10,22.3563,22365,0,499999,1
2018-04-30 07:29:49,0.2646,22370,0,-5919,0
2018-04-30 07:29:50,16.91,22370,0,-378277,0
2018-04-30 07:30:05,364.7936,22380,0,-8164081,0
2018-04-30 07:30:05,300.0,22380,0,-6714000,0
2018-04-30 07:30:58,82.1732,22390,0,1839858,1
2018-04-30 07:31:00,284.5,22390,0,6369955,1
2018-04-30 07:31:02,47.1,22390,0,1054569,1
2018-04-30 07:31:02,2.0,22390,0,44780,1
2018-04-30 07:31:04,22.1009,22390,0,494839,1
2018-04-30 07:31:04,298.1449,22390,0,6675464,1
2018-04-30 07:31:07,34.0013,22405,0,-761799,0
2018-04-30 07:31:35,73.3369,22430,0,-1644947,0
2018-04-30 07:32:09,8.98647706,22450,0,-201746,0
2018-04-30 07:32:09,552.8986,22450,0,-12412574,0
2018-04-30 07:32:09,119.05292293,22450,0,-2672738,0
2018-04-30 07:32:53,53.331,22490,0,1199414,1
2018-04-30 07:32:53,25.9196,22495,0,583061,1
2018-04-30 07:32:54,294.9999,22490,0,6634548,1
2018-04-30 07:32:54,2.0,22490,0,44980,1
2018-04-30 07:33:20,8.1,22595,0,-183020,0
2018-04-30 07:33:21,50.0,22595,0,-1129750,0
2018-04-30 07:33:21,4.7368,22595,0,-107028,0
2018-04-30 07:33:24,345.06826991,22600,0,-7798543,0
2018-04-30 07:33:24,180.06923008,22600,0,-4069565,0
2018-04-30 07:33:34,38.1807,22625,0,863838,1
2018-04-30 07:33:34,5.766,22625,0,130456,1
2018-04-30 07:33:43,326.6795,22625,0,7391124,1
2018-04-30 07:34:13,157.94740308,22725,0,3589355,1
2018-04-30 07:34:24,13.9222,22730,0,-316452,0
2018-04-30 07:34:27,136.6616,22730,0,3106318,1
2018-04-30 07:34:31,30.08583315,22740,0,-684152,0
2018-04-30 07:34:32,2.20206684,22740,0,-50075,0
2018-04-30 07:35:04,4.2452,22705,0,-96387,0
2018-04-30 07:35:27,12.9297,22670,0,293116,1
2018-04-30 07:35:27,286.9953,22670,0,6506183,1
2018-04-30 07:35:55,85.2951,22615,0,1928949,1
2018-04-30 07:36:35,206.2972,22550,0,-4652002,0
2018-04-30 07:36:41,793.7028,22585,0,-17925778,0
2018-04-30 07:37:03,1000.0,22600,0,22600000,1
2018-04-30 07:37:30,365.78470656,22605,0,-8268563,0
2018-04-30 07:37:30,93.89999343,22605,0,-2122609,0
2018-04-30 07:37:37,540.3153,22590,0,-12205723,0
2018-04-30 07:39:10,938.58653747,22640,0,21249599,1
2018-04-30 07:39:30,17.5184,22630,0,396441,1
2018-04-30 07:39:30,43.895,22630,0,993344,1
2018-04-30 07:40:21,56.5508,22670,0,-1282007,0
2018-04-30 07:40:28,0.4105165,22655,0,-9300,0
2018-04-30 07:40:28,37.22578349,22655,0,-843350,0
2018-04-30 07:40:32,7.6282,22675,0,-172969,0
2018-04-30 07:40:40,140.8664,22650,0,-3190624,0
2018-04-30 07:40:56,2.7667,22665,0,-62707,0
2018-04-30 07:41:03,225.6,22660,0,5112096,1
2018-04-30 07:41:13,3.0,22660,0,67980,1
2018-04-30 07:41:13,16.8484,22660,0,381785,1
2018-04-30 07:41:23,11.6118,22655,0,-263065,0
2018-04-30 07:41:28,835.2044,22655,0,-18921556,0
2018-04-30 07:42:19,57.97862151,22685,0,1315245,1
2018-04-30 07:42:23,22.9,22685,0,519487,1
2018-04-30 07:42:56,612.15345105,22800,0,13957099,1
2018-04-30 07:43:11,846.2158,22800,0,-19293720,0
2018-04-30 07:43:18,23.9913,22785,0,546642,1
2018-04-30 07:43:40,60.6078,22800,0,1381858,1
2018-04-30 07:43:40,58.9463,22800,0,1343976,1
2018-04-30 07:43:40,5.0948,22800,0,116161,1
2018-04-30 07:43:40,200.0,22800,0,4560000,1
2018-04-30 07:44:30,2.37164179,22780,0,54026,1
2018-04-30 07:44:44,648.9881,22790,0,14790439,1
2018-04-30 07:45:41,13.656,22860,0,-312176,0
2018-04-30 07:45:47,13.656,22880,0,312449,1
2018-04-30 07:46:40,12.31108536,22960,0,-282663,0
2018-04-30 07:47:04,12.3111,22975,0,282848,1
2018-04-30 07:48:11,24.5842,23000,0,-565437,0
2018-04-30 07:48:11,86.7428,23000,0,-1995084,0
2018-04-30 07:48:12,10.2837,23000,0,-236525,0
2018-04-30 07:48:12,43.5952,23000,0,-1002690,0
2018-04-30 07:48:24,146.36858167,23030,0,-3370868,0
2018-04-30 07:48:28,688.4255,23030,0,-15854439,0
2018-04-30 07:48:45,271.278,23070,0,6258383,1
2018-04-30 07:49:01,22.0577,23050,0,508430,1
2018-04-30 07:49:01,0.5032,23050,0,11599,1
2018-04-30 07:49:01,86.8087,23050,0,2000941,1
2018-04-30 07:49:09,59.3827,23065,0,1369662,1
2018-04-30 07:49:17,0.1205,23050,0,2778,1
2018-04-30 07:49:17,159.4733,23070,0,3679049,1
2018-04-30 07:49:23,2.7,23025,0,-62168,0
2018-04-30 07:49:33,112.8612,23040,0,2600322,1
2018-04-30 07:49:48,12.3169,23015,0,-283473,0
2018-04-30 07:50:01,133.0,22955,0,-3053015,0
2018-04-30 07:50:02,564.4684,22955,0,-12957372,0
2018-04-30 07:51:35,28.9157,22955,0,663760,1
2018-04-30 07:53:08,1.0257,22735,0,23319,1
2018-04-30 07:53:08,348.9535,22735,0,7933458,1
2018-04-30 07:53:09,194.0,22735,0,4410590,1
2018-04-30 07:53:14,411.01,22720,0,9338147,1
2018-04-30 07:53:20,712.5549,22710,0,-16182122,0
2018-04-30 07:53:35,2.0151,22685,0,45713,1
2018-04-30 07:53:35,33.7004,22685,0,764494,1
2018-04-30 07:53:35,28.2663,22685,0,641221,1
2018-04-30 07:54:36,108.9,22725,0,2474753,1
2018-04-30 07:54:36,253.5552,22725,0,5762042,1
2018-04-30 07:54:37,302.213,22725,0,6867790,1
2018-04-30 07:54:41,52.2994,22735,0,-1189027,0
2018-04-30 07:54:42,7.99,22735,0,-181653,0
2018-04-30 07:54:43,895.7453,22735,0,-20364769,0
2018-04-30 07:55:11,20.0,22735,0,454700,1
2018-04-30 07:56:06,152.8,22665,0,3463212,1
2018-04-30 07:56:06,48.0541,22665,0,1089146,1
2018-04-30 07:56:16,58.816,22630,0,1331006,1
2018-04-30 07:56:16,135.0481,22630,0,3056139,1
2018-04-30 07:56:17,8.31,22630,0,188055,1
2018-04-30 07:56:17,3.8996,22630,0,88248,1
2018-04-30 07:56:17,454.1142,22630,0,10276604,1
2018-04-30 07:56:50,925.0073,22675,0,-20974541,0
2018-04-30 07:57:05,51.904,22690,0,1177702,1
2018-04-30 07:57:06,715.33,22690,0,16230838,1
2018-04-30 07:57:09,232.766,22685,0,5280297,1
2018-04-30 07:57:30,5.751e-05,22740,0,-1,0
2018-04-30 07:57:36,5.0537,22700,0,-114719,0
2018-04-30 07:57:45,112.1486,22700,0,-2545773,0
2018-04-30 07:58:10,22.7034,22700,0,-515367,0
2018-04-30 07:58:10,716.2966,22710,0,-16267096,0
2018-04-30 07:58:56,196.0585,22665,0,4443666,1
2018-04-30 08:00:14,15.7469,22650,0,356667,1
2018-04-30 08:00:28,10.9083,22625,0,246800,1
2018-04-30 08:02:11,9.49,22520,0,213715,1
2018-04-30 08:02:15,623.9987,22500,0,14039971,1
2018-04-30 08:02:36,173.1892,22500,0,-3896757,0
2018-04-30 08:02:36,42.4459,22500,0,-955033,0
2018-04-30 08:02:53,14.129,22500,0,317903,1
2018-04-30 08:02:53,5.0146,22500,0,112829,1
2018-04-30 08:02:55,4.4,22500,0,99000,1
2018-04-30 08:02:55,37.886,22500,0,852435,1
2018-04-30 08:02:55,8.8,22500,0,198000,1
2018-04-30 08:02:55,49.68817777,22500,0,1117984,1
2018-04-30 08:02:55,2.6,22500,0,58500,1
2018-04-30 08:02:55,1.7,22500,0,38250,1
2018-04-30 08:02:55,1.4,22500,0,31500,1
2018-04-30 08:02:55,8.8,22500,0,198000,1
2018-04-30 08:02:56,3.5,22500,0,78750,1
2018-04-30 08:02:56,2.6,22500,0,58500,1
2018-04-30 08:02:56,1.7,22500,0,38250,1
2018-04-30 08:02:56,2.6,22500,0,58500,1
2018-04-30 08:02:56,5.3,22500,0,119250,1
2018-04-30 08:02:56,3.1,22500,0,69750,1
2018-04-30 08:02:56,2.6,22500,0,58500,1
2018-04-30 08:02:56,3.5,22500,0,78750,1
2018-04-30 08:02:57,4.4,22500,0,99000,1
2018-04-30 08:02:57,4.4,22500,0,99000,1
2018-04-30 08:02:57,2.6,22500,0,58500,1
2018-04-30 08:02:57,2.6,22500,0,58500,1
2018-04-30 08:02:57,1.7,22500,0,38250,1
2018-04-30 08:02:57,1.7,22500,0,38250,1
2018-04-30 08:02:57,4.4,22500,0,99000,1
2018-04-30 08:02:57,1.8,22500,0,40500,1
2018-04-30 08:02:57,9.20822222,22500,0,207185,1
2018-04-30 08:02:58,4.4,22500,0,99000,1
2018-04-30 08:02:58,2.6,22500,0,58500,1
2018-04-30 08:02:58,1.3,22500,0,29250,1
2018-04-30 08:02:58,15.20909999,22500,0,342205,1
2018-04-30 08:03:00,14.07856666,22500,0,-316768,0
2018-04-30 08:03:00,985.92143333,22500,0,-22183232,0
2018-04-30 08:03:20,60.3605,22510,0,1358715,1
2018-04-30 08:03:42,1.2683,22550,0,28600,1
2018-04-30 08:04:20,172.8772,22555,0,3899245,1
2018-04-30 08:04:49,0.24997586,22665,0,5666,1
2018-04-30 08:04:49,32.3,22665,0,732080,1
2018-04-30 08:05:41,2.1526,22685,0,48832,1
2018-04-30 08:05:46,730.7914,22685,0,16578003,1
2018-04-30 08:07:45,7.0,22655,0,-158585,0
2018-04-30 08:08:01,993.0,22670,0,-22511310,0
2018-04-30 08:08:52,12.9,22685,0,292637,1
2018-04-30 08:08:56,270.15254318,22700,0,6132463,1
2018-04-30 08:09:00,1.0441,22685,0,23685,1
2018-04-30 08:09:04,88.7193,22690,0,2013041,1
2018-04-30 08:09:08,33.4548,22695,0,759257,1
2018-04-30 08:09:08,8.7265,22685,0,197961,1
2018-04-30 08:09:12,585.0027,22685,0,13270786,1
2018-04-30 08:10:09,45.0,22750,0,-1023750,0
2018-04-30 08:10:09,19.94,22750,0,-453635,0
2018-04-30 08:10:09,537.48827912,22750,0,-12227858,0
2018-04-30 08:10:41,602.4283,22880,0,13783560,1
2018-04-30 08:11:21,149.2428,22835,0,-3407959,0
2018-04-30 08:11:37,149.2428,22855,0,3410944,1
2018-04-30 08:11:43,79.7191,22845,0,-1821183,0
2018-04-30 08:11:46,79.7191,22860,0,1822379,1
2018-04-30 08:12:06,129.5252,22825,0,-2956413,0
2018-04-30 08:12:22,75.4305,22875,0,1725473,1
2018-04-30 08:12:22,54.0947,22875,0,1237416,1
2018-04-30 08:14:42,28.2196,22865,0,-645241,0
2018-04-30 08:14:46,0.35727821,22865,0,8169,1
2018-04-30 08:15:11,283.33,22890,0,-6485424,0
2018-04-30 08:15:11,334.42,22890,0,-7654874,0
2018-04-30 08:16:23,645.6123,22950,0,14816802,1
2018-04-30 08:19:11,4.6845,22900,0,-107275,0
2018-04-30 08:19:21,4.6845,22900,0,107275,1
2018-04-30 08:19:52,1000.0,22850,0,-22850000,0
2018-04-30 08:20:00,46.6134,22865,0,1065815,1
2018-04-30 08:20:01,8.3,22865,0,189780,1
2018-04-30 08:20:04,392.52478557,22870,0,8977042,1
2018-04-30 08:20:44,57.8079,22850,0,1320911,1
2018-04-30 08:20:45,43.7,22835,0,997890,1
2018-04-30 08:21:07,142.56107232,22815,0,-3252531,0
2018-04-30 08:21:08,52.8841,22815,0,-1206551,0
2018-04-30 08:21:08,348.0,22815,0,-7939620,0
2018-04-30 08:21:08,5.50092767,22815,0,-125504,0
2018-04-30 08:21:53,1.0,22805,0,22805,1
2018-04-30 08:21:53,3.9417,22805,0,89890,1
2018-04-30 08:21:57,47.0411,22800,0,1072537,1
2018-04-30 08:24:44,906.1499,22935,0,20782548,1
2018-04-30 08:24:44,5.0,22935,0,114675,1
2018-04-30 08:24:44,36.8673,22935,0,845552,1
2018-04-30 08:25:13,517.3454,22920,0,-11857557,0
2018-04-30 08:26:12,30.2479,22920,0,693282,1
2018-04-30 08:26:20,18.0,22920,0,412560,1
2018-04-30 08:26:24,192.6655,22915,0,4414930,1
2018-04-30 08:26:24,276.432,22915,0,6334439,1
2018-04-30 08:27:43,742.72382479,22945,0,-17041798,0
2018-04-30 08:27:44,44.6067,22945,0,-1023501,0
2018-04-30 08:27:44,52.6434,22945,0,-1207903,0
2018-04-30 08:27:44,56.2218,22945,0,-1290009,0
2018-04-30 08:27:48,103.8041752,22945,0,-2381787,0
2018-04-30 08:28:20,163.498,22930,0,3749009,1
2018-04-30 08:28:20,212.1993,22930,0,4865730,1
2018-04-30 08:28:24,3.0151,22935,0,69151,1
2018-04-30 08:28:42,204.0,22935,0,4678740,1
2018-04-30 08:28:52,417.2876,22910,0,9560059,1
2018-04-30 08:29:18,1000.0,22925,0,-22925000,0
2018-04-30 08:30:55,3.7892,22870,0,86659,1
2018-04-30 08:32:06,1.2765,22875,0,29200,1
2018-04-30 08:34:31,10.0,22805,0,228050,1
2018-04-30 08:34:37,118.8756,22815,0,2712147,1
2018-04-30 08:34:38,10.0,22815,0,228150,1
2018-04-30 08:34:48,51.0542,22800,0,1164036,1
2018-04-30 08:34:58,298.8,22805,0,6814134,1
2018-04-30 08:35:08,8.6763,22790,0,197733,1
2018-04-30 08:35:13,2.0,22780,0,45560,1
2018-04-30 08:35:13,25.4109,22780,0,578860,1
2018-04-30 08:35:32,498.0992,22720,0,-11316814,0
2018-04-30 08:35:42,684.8093,22780,0,15599956,1
2018-04-30 08:35:50,283.4072,22760,0,6450348,1
2018-04-30 08:35:58,68.292,22770,0,-1555009,0
2018-04-30 08:36:02,677.5912,22760,0,-15421976,0
2018-04-30 08:36:03,7.22,22760,0,-164327,0
2018-04-30 08:37:16,6.458,22770,0,147049,1
2018-04-30 08:37:16,43.9613,22770,0,1000999,1
2018-04-30 08:38:53,7.1954,22880,0,164631,1
2018-04-30 08:39:13,43.40079868,22870,0,992576,1
2018-04-30 08:39:17,322.5786,22860,0,7374147,1
2018-04-30 08:39:46,73.304,22860,0,1675729,1
2018-04-30 08:39:46,1.4285,22860,0,32656,1
2018-04-30 08:39:54,125.1304,22880,0,2862984,1
2018-04-30 08:40:27,40.9928,22850,0,936685,1
2018-04-30 08:40:37,28.9673,22850,0,-661903,0
2018-04-30 08:40:37,131.1786,22850,0,-2997431,0
2018-04-30 08:41:06,28.3234,22850,0,-647190,0
2018-04-30 08:42:04,10.7082,22855,0,-244736,0
2018-04-30 08:42:45,5.425e-05,22885,0,-1,0
2018-04-30 08:42:50,34.5972,22885,0,-791757,0
2018-04-30 08:42:54,248.7791,22870,0,-5689578,0
2018-04-30 08:45:09,6.8405,22880,0,156511,1
2018-04-30 08:45:09,40.0,22880,0,915200,1
2018-04-30 08:45:09,2.0,22880,0,45760,1
2018-04-30 08:45:17,31.9472,22880,0,730952,1
2018-04-30 08:45:58,38.1231,22870,0,-871875,0
2018-04-30 08:46:19,528.5426,22850,0,12077198,1
2018-04-30 08:46:48,3.0,22840,0,-68520,0
2018-04-30 08:47:03,3.79991617,22870,0,-86904,0
2018-04-30 08:47:03,117.4712,22870,0,-2686566,0
2018-04-30 08:47:03,244.36348382,22870,0,-5588593,0
2018-04-30 08:47:16,65.53349545,22870,0,1498751,1
2018-04-30 08:47:30,81.9549,22870,0,1874309,1
2018-04-30 08:47:41,221.1462,22845,0,5052085,1
2018-04-30 08:50:18,962.3966,22865,0,-22005198,0
2018-04-30 08:50:30,8.53247964,22860,0,195052,1
2018-04-30 08:50:36,16.66071741,22860,0,380864,1
2018-04-30 08:52:06,937.2034,22980,0,21536934,1
2018-04-30 08:52:14,10.38,22985,0,-238584,0
2018-04-30 08:52:20,10.38,23005,0,238792,1
2018-04-30 08:52:37,1000.0,23050,0,-23050000,0
2018-04-30 08:53:03,79.2363,23035,0,1825208,1
2018-04-30 08:53:03,58.8836,23035,0,1356384,1
2018-04-30 08:53:03,197.7,23035,0,4554020,1
2018-04-30 08:53:10,26.2017,23035,0,603556,1
2018-04-30 08:53:31,19.0,23050,0,437950,1
2018-04-30 08:53:31,13.792,23050,0,317906,1
2018-04-30 08:53:38,148.8009,23095,0,3436557,1
2018-04-30 08:53:39,15.5464,23095,0,359044,1
2018-04-30 08:53:42,340.9114,23095,0,7873349,1
2018-04-30 08:53:48,900.0723,23100,0,-20791670,0
2018-04-30 08:54:46,857.8115,23215,0,19914094,1
2018-04-30 08:54:46,122.0753,23215,0,2833978,1
2018-04-30 08:54:46,20.1132,23215,0,466928,1
2018-04-30 08:56:53,1.7,23175,0,-39398,0
2018-04-30 08:56:53,1.9,23175,0,-44033,0
2018-04-30 08:56:53,1.9,23175,0,-44033,0
2018-04-30 08:56:53,5.0,23175,0,-115875,0
2018-04-30 08:56:53,1.0,23175,0,-23175,0
2018-04-30 08:56:53,1.0,23175,0,-23175,0
2018-04-30 08:56:54,1.6,23175,0,-37080,0
2018-04-30 08:56:54,1.5,23175,0,-34763,0
2018-04-30 08:56:55,1.4923,23175,0,-34584,0
2018-04-30 08:56:57,905.8424,23165,0,-20983839,0
2018-04-30 08:58:01,52.0604,23250,0,1210404,1
2018-04-30 08:58:01,161.6922,23250,0,3759344,1
2018-04-30 08:58:01,504.0467,23250,0,11719086,1
2018-04-30 08:58:01,151.6354,23250,0,3525523,1
2018-04-30 08:58:01,53.5,23250,0,1243875,1
2018-04-30 08:58:18,1000.0,23200,0,-23200000,0
2018-04-30 08:58:22,200.0,23165,0,4633000,1
2018-04-30 08:58:22,466.8275,23165,0,10814059,1
2018-04-30 08:58:22,333.1725,23165,0,7717941,1
2018-04-30 08:59:10,78.4857,23085,0,-1811842,0
2018-04-30 08:59:15,2.539e-05,23115,0,-1,0
2018-04-30 08:59:33,67.693,23130,0,-1565739,0
2018-04-30 08:59:34,45.4125,23130,0,-1050391,0
2018-04-30 09:00:38,191.5912,23145,0,4434378,1
2018-04-30 09:01:00,23.5115,23150,0,-544291,0
2018-04-30 09:01:02,0.1169,23185,0,2710,1
2018-04-30 09:01:03,5.9842,23150,0,138534,1
2018-04-30 09:01:07,17.4104,23165,0,403312,1
2018-04-30 09:01:17,9.379e-05,23195,0,-2,0
2018-04-30 09:01:20,5.5164,23245,0,-128229,0
2018-04-30 09:01:20,34.87663412,23245,0,-810707,0
2018-04-30 09:01:21,108.9456,23245,0,-2532440,0
2018-04-30 09:01:21,7.2597,23245,0,-168752,0
2018-04-30 09:01:25,843.4015,23250,0,-19609085,0
2018-04-30 09:01:30,1000.0,23270,0,23270000,1
2018-04-30 09:01:54,63.7239,23330,0,-1486679,0
2018-04-30 09:01:54,7.0,23330,0,-163310,0
2018-04-30 09:01:54,51.694,23325,0,-1205763,0
2018-04-30 09:02:07,122.4179,23300,0,2852337,1
2018-04-30 09:02:46,231.258,23370,0,-5404499,0
2018-04-30 09:03:07,51.5161,23375,0,-1204189,0
2018-04-30 09:03:15,282.7741,23380,0,6611258,1
2018-04-30 09:03:37,8.4,23285,0,-195594,0
2018-04-30 09:03:37,122.2009,23285,0,-2845448,0
2018-04-30 09:03:41,39.2,23295,0,-913164,0
2018-04-30 09:03:44,38.7287,23295,0,902185,1
2018-04-30 09:03:55,456.2662,23285,0,-10624158,0
2018-04-30 09:04:21,5.0,23250,0,116250,1
2018-04-30 09:04:21,2.0,23250,0,46500,1
2018-04-30 09:04:21,0.1498,23250,0,3483,1
2018-04-30 09:04:30,340.93382005,23285,0,7938644,1
2018-04-30 09:04:30,234.6857,23285,0,5464657,1
2018-04-30 09:05:11,4.5691,23280,0,106369,1
2018-04-30 09:05:22,49.9132,23250,0,-1160482,0
2018-04-30 09:05:26,91.6996,23250,0,-2132016,0
2018-04-30 09:05:38,141.6128,23255,0,3293206,1
2018-04-30 09:06:11,103.315,23220,0,-2398974,0
2018-04-30 09:06:14,103.315,23200,0,2396908,1
2018-04-30 09:06:30,12.3114,23155,0,-285070,0
2018-04-30 09:07:04,12.3114,23075,0,284086,1
2018-04-30 09:08:32,0.0001,23015,0,-2,0
2018-04-30 09:08:37,423.5002,23010,0,-9744740,0
2018-04-30 09:08:51,423.5003,22990,0,9736272,1
2018-04-30 09:09:31,10.1533,23040,0,-233932,0
2018-04-30 09:09:35,9.1532,23055,0,-211027,0
2018-04-30 09:09:35,1.0001,23055,0,-23057,0
2018-04-30 09:09:41,26.7355,23050,0,-616253,0
2018-04-30 09:09:51,131.14559262,23050,0,-3022906,0
2018-04-30 09:09:58,43.8391,23060,0,-1010930,0
2018-04-30 09:10:08,56.6625,23070,0,1307204,1
2018-04-30 09:10:25,378.4832,23200,0,-8780810,0
2018-04-30 09:11:16,143.289,23150,0,3317140,1
2018-04-30 09:11:16,350.9792,23150,0,8125168,1
2018-04-30 09:11:16,49.5792,23150,0,1147758,1
2018-04-30 09:11:27,598.6512,23105,0,-13831836,0
2018-04-30 09:13:33,82.0208,23080,0,1893040,1
2018-04-30 09:13:33,65.6607,23070,0,1514792,1
2018-04-30 09:13:54,145.4506,23065,0,-3354818,0
2018-04-30 09:14:12,202.3618,23045,0,4663428,1
2018-04-30 09:14:20,119.9146,23025,0,2761034,1
2018-04-30 09:14:20,2.0,23025,0,46050,1
2018-04-30 09:14:21,1.0,23025,0,23025,1
2018-04-30 09:15:07,19.2548,22900,0,-440935,0
2018-04-30 09:15:07,1.1888,22900,0,-27224,0
2018-04-30 09:15:15,708.4125,22900,0,-16222646,0
2018-04-30 09:15:25,54.274,22915,0,1243689,1
2018-04-30 09:15:58,14.7158,22870,0,336550,1
2018-04-30 09:16:40,24.33,22780,0,554237,1
2018-04-30 09:16:41,429.1334,22780,0,9775659,1
2018-04-30 09:16:52,29.14,22750,0,662935,1
2018-04-30 09:16:52,18.1577,22750,0,413088,1
2018-04-30 09:17:26,431.8556,22785,0,-9839830,0
2018-04-30 09:19:28,21.78952338,22775,0,496256,1
2018-04-30 09:19:37,11.9957,22775,0,273202,1
2018-04-30 09:19:38,87.912,22775,0,2002196,1
2018-04-30 09:19:44,112.6735,22785,0,2567266,1
2018-04-30 09:19:48,10.6826,22740,0,242922,1
2018-04-30 09:19:48,5.3245,22740,0,121079,1
2018-04-30 09:19:48,461.5831,22740,0,10496400,1
2018-04-30 09:19:49,150.1438,22740,0,3414270,1
2018-04-30 09:20:01,229.655,22745,0,-5223503,0
2018-04-30 09:20:01,15.3606,22745,0,-349377,0
2018-04-30 09:20:08,13.1383,22710,0,-298371,0
2018-04-30 09:20:19,40.579,22710,0,-921549,0
2018-04-30 09:20:23,7.9655,22705,0,-180857,0
2018-04-30 09:20:23,94.5608,22705,0,-2147003,0
2018-04-30 09:20:27,74.8283,22700,0,-1698602,0
2018-04-30 09:20:28,38.3813,22705,0,-871447,0
2018-04-30 09:20:39,6.6195,22640,0,149865,1
2018-04-30 09:20:46,165.6053,22600,0,3742680,1
2018-04-30 09:20:46,10.0,22600,0,226000,1
2018-04-30 09:20:47,332.244,22600,0,7508714,1
2018-04-30 09:20:57,175.2738,22560,0,-3954177,0
2018-04-30 09:20:57,6.6476,22560,0,-149970,0
2018-04-30 09:21:34,818.0786,22555,0,-18451763,0
2018-04-30 09:22:37,780.58304468,22575,0,17621662,1
2018-04-30 09:22:38,219.41695531,22575,0,4953338,1
2018-04-30 09:24:29,466.6659,22455,0,-10478983,0
2018-04-30 09:24:33,131.9095,22450,0,2961368,1
2018-04-30 09:24:33,6.6755,22450,0,149865,1
2018-04-30 09:24:33,300.11,22450,0,6737470,1
2018-04-30 09:24:38,1.3438,22440,0,-30155,0
2018-04-30 09:24:42,970.6853,22440,0,-21782178,0
2018-04-30 09:26:12,1.0,22440,0,22440,1
2018-04-30 09:26:12,22.28163992,22440,0,500000,1
2018-04-30 09:26:12,111.494,22440,0,2501925,1
2018-04-30 09:26:12,139.4577,22440,0,3129431,1
2018-04-30 09:26:12,5.0013,22440,0,112229,1
2018-04-30 09:26:22,11.3333,22430,0,254206,1
2018-04-30 09:27:06,709.4321,22480,0,15948034,1
2018-04-30 09:27:25,50.0019,22595,0,-1129793,0
2018-04-30 09:27:53,50.0019,22630,0,1131543,1
2018-04-30 09:28:10,69.02391418,22560,0,-1557180,0
2018-04-30 09:28:21,930.9761,22560,0,-21002821,0
2018-04-30 09:29:34,294.3598,22610,0,6655475,1
2018-04-30 09:29:34,59.66154352,22610,0,1348947,1
2018-04-30 09:30:47,24.4977,22790,0,558303,1
2018-04-30 09:31:03,38.9734,22770,0,887424,1
2018-04-30 09:31:25,1.0,22710,0,22710,1
2018-04-30 09:31:29,41.5546,22700,0,943289,1
2018-04-30 09:31:33,539.953,22715,0,12265032,1
2018-04-30 09:31:42,1.9593,22685,0,-44447,0
2018-04-30 09:31:42,56.4769,22685,0,-1281178,0
2018-04-30 09:31:51,58.4362,22700,0,1326502,1
2018-04-30 09:33:08,8.6,22585,0,-194231,0
2018-04-30 09:33:12,614.11132477,22600,0,-13878916,0
2018-04-30 09:33:13,130.3047,22600,0,-2944886,0
2018-04-30 09:33:13,13.82637522,22600,0,-312476,0
2018-04-30 09:33:42,20.0,22480,0,449600,1
2018-04-30 09:38:27,0.2604,22595,0,5884,1
2018-04-30 09:41:06,746.582,22565,0,16846623,1
2018-04-30 09:41:33,117.861,22560,0,-2658944,0
2018-04-30 09:41:57,44.7914,22570,0,1010942,1
2018-04-30 09:42:58,17.6971,22490,0,-398008,0
2018-04-30 09:43:02,29.0792,22490,0,-653991,0
2018-04-30 09:43:15,125.2322,22490,0,-2816472,0
2018-04-30 09:43:24,119.82,22500,0,-2695950,0
2018-04-30 09:43:48,12.2577,22500,0,-275798,0
2018-04-30 09:43:48,172.5262,22500,0,-3881840,0
2018-04-30 09:43:58,12.85700311,22490,0,289154,1
2018-04-30 09:44:07,64.195,22485,0,1443425,1
2018-04-30 09:44:11,46.3204,22480,0,1041283,1
2018-04-30 09:44:49,91.2346,22480,0,2050954,1
2018-04-30 09:44:57,29.0304,22480,0,652603,1
2018-04-30 09:44:58,3.3348,22480,0,74966,1
2018-04-30 09:45:08,302.7098,22470,0,6801889,1
2018-04-30 09:45:50,25.1483,22440,0,-564328,0
2018-04-30 09:46:02,224.2766,22430,0,-5030524,0
2018-04-30 09:46:08,137.4469,22425,0,-3082247,0
2018-04-30 09:46:35,90.052,22390,0,2016264,1
2018-04-30 09:46:38,296.8198,22380,0,6642827,1
2018-04-30 09:46:45,0.4719,22380,0,-10561,0
2018-04-30 09:46:59,4.5507,22380,0,-101845,0
2018-04-30 09:47:03,261.5869,22380,0,-5854315,0
2018-04-30 09:47:07,446.1819,22355,0,-9974396,0
2018-04-30 09:47:56,712.7914,22555,0,16077010,1
2018-04-30 09:48:45,36.0,22480,0,-809280,0
2018-04-30 09:48:48,36.0,22500,0,810000,1
2018-04-30 09:49:07,173.5437,22470,0,-3899527,0
2018-04-30 09:49:27,4.6985,22485,0,-105646,0
2018-04-30 09:50:10,178.2422,22525,0,4014906,1
2018-04-30 09:50:58,88.8212,22510,0,-1999365,0
2018-04-30 09:50:58,66.5439,22510,0,-1497903,0
2018-04-30 09:51:02,43.3393,22525,0,-976218,0
2018-04-30 09:51:02,66.6009,22525,0,-1500185,0
2018-04-30 09:51:08,65.3383,22530,0,-1472072,0
2018-04-30 09:51:13,20.0,22530,0,-450600,0
2018-04-30 09:51:16,622.5318,22530,0,-14025641,0
2018-04-30 09:52:06,973.1754,22555,0,21949971,1
2018-04-30 09:52:43,0.0001,22540,0,-2,0
2018-04-30 09:53:28,612.2709,22555,0,-13809770,0
2018-04-30 09:54:58,95.95619385,22800,0,2187801,1
2018-04-30 09:55:07,41.2038,22780,0,938623,1
2018-04-30 09:55:07,0.1,22780,0,2278,1
2018-04-30 09:55:12,524.989,22740,0,-11938250,0
2018-04-30 09:55:28,36.37508322,22770,0,828261,1
2018-04-30 09:55:28,54.9238,22770,0,1250615,1
2018-04-30 09:55:29,17.5856,22770,0,400424,1
2018-04-30 09:56:21,204.5203,22815,0,4666131,1
2018-04-30 09:56:47,686.5952,22800,0,15654371,1
2018-04-30 09:57:14,8.7599,22875,0,-200383,0
2018-04-30 09:57:22,8.7599,22860,0,200251,1
2018-04-30 09:57:40,2.5,22880,0,-57200,0
2018-04-30 09:57:56,2.5,22900,0,57250,1
2018-04-30 09:59:23,0.0001,22900,0,-2,0
2018-04-30 10:00:02,370.034,22965,0,-8497831,0
2018-04-30 10:00:16,217.5805,22970,0,4997824,1
2018-04-30 10:00:20,152.4536,22960,0,3500335,1
2018-04-30 10:01:03,1.4,22825,0,-31955,0
2018-04-30 10:01:23,17.6606,22820,0,-403015,0
2018-04-30 10:01:28,89.865,22820,0,-2050719,0
2018-04-30 10:01:47,108.9256,22790,0,2482414,1
2018-04-30 10:02:15,17.401,22750,0,-395873,0
2018-04-30 10:02:43,115.9011,22870,0,-2650658,0
2018-04-30 10:02:47,3.2,22855,0,-73136,0
2018-04-30 10:02:47,14.0,22850,0,-319900,0
2018-04-30 10:02:55,12.6059,22850,0,-288045,0
2018-04-30 10:03:10,81.3855,22855,0,1860066,1
2018-04-30 10:03:13,14.5037,22865,0,-331627,0
2018-04-30 10:03:24,10.0,22870,0,-228700,0
2018-04-30 10:03:24,21.9276,22870,0,-501484,0
2018-04-30 10:03:36,871.8462,22840,0,-19912967,0
2018-04-30 10:04:36,5.2208,22880,0,119452,1
2018-04-30 10:04:36,54.22503951,22880,0,1240669,1
2018-04-30 10:05:08,4.3687,22890,0,100000,1
2018-04-30 10:05:09,10.0,22880,0,228800,1
2018-04-30 10:05:38,5.1248,22900,0,117358,1
2018-04-30 10:05:39,552.5992262,22895,0,12651759,1
2018-04-30 10:05:39,48.18037379,22895,0,1103090,1
2018-04-30 10:05:39,320.281,22895,0,7332833,1
2018-04-30 10:07:37,3.2904,22825,0,-75103,0
2018-04-30 10:07:57,1.0,22800,0,22800,1
2018-04-30 10:07:57,1.2766,22800,0,29106,1
2018-04-30 10:08:01,1.0138,22800,0,23115,1
2018-04-30 10:09:05,984.82491914,22770,0,-22424463,0
2018-04-30 10:09:05,15.17508085,22770,0,-345537,0
2018-04-30 10:10:17,988.4982,22720,0,22458679,1
2018-04-30 10:10:17,11.5018,22720,0,261321,1
2018-04-30 10:12:13,1000.0,22735,0,-22735000,0
2018-04-30 10:12:34,30.0,22700,0,681000,1
2018-04-30 10:12:34,397.3692,22700,0,9020281,1
2018-04-30 10:12:34,46.3363,22705,0,1052066,1
2018-04-30 10:12:55,17.82446519,22700,0,404615,1
2018-04-30 10:12:56,508.4700348,22700,0,11542270,1
2018-04-30 10:12:59,1000.0,22670,0,-22670000,0
2018-04-30 10:14:11,88.1639,22690,0,2000439,1
2018-04-30 10:14:11,88.578,22690,0,2009835,1
2018-04-30 10:14:11,18.7569,22690,0,425594,1
2018-04-30 10:14:11,677.9334,22690,0,15382309,1
2018-04-30 10:14:33,88.6238,22690,0,-2010874,0
2018-04-30 10:15:32,254.8863,22670,0,-5778272,0
2018-04-30 10:15:32,0.1502,22670,0,-3405,0
2018-04-30 10:16:24,470.2281,22665,0,10657720,1
2018-04-30 10:17:05,46.0527,22610,0,-1041252,0
2018-04-30 10:17:20,0.1324,22600,0,2992,1
2018-04-30 10:17:25,45.9203,22620,0,1038717,1
2018-04-30 10:18:08,33.5158,22700,0,-760809,0
2018-04-30 10:18:11,65.4777,22715,0,-1487326,0
2018-04-30 10:18:21,10.0,22745,0,-227450,0
2018-04-30 10:18:35,108.9935,22800,0,2485052,1
2018-04-30 10:19:26,24.1657,22705,0,-548682,0
2018-04-30 10:19:26,6.9707,22705,0,-158270,0
2018-04-30 10:19:30,0.16122183,22720,0,-3663,0
2018-04-30 10:19:30,58.83647816,22720,0,-1336765,0
2018-04-30 10:20:28,90.1341,22800,0,2055057,1
2018-04-30 10:20:52,21.8363,22730,0,-496339,0
2018-04-30 10:20:55,21.8363,22730,0,496339,1
2018-04-30 10:21:35,15.7232,22750,0,-357703,0
2018-04-30 10:21:35,143.7808,22750,0,-3271013,0
2018-04-30 10:21:35,32.9265,22750,0,-749078,0
2018-04-30 10:21:43,3.0,22775,0,68325,1
2018-04-30 10:22:58,189.4305,22730,0,4305755,1
2018-04-30 10:25:32,1000.0,22780,0,-22780000,0
2018-04-30 10:25:42,3.8446,22835,0,87791,1
2018-04-30 10:25:42,37.5694,22835,0,857897,1
2018-04-30 10:26:34,958.586,22845,0,21898897,1
2018-04-30 10:27:17,311.7104,22800,0,-7106997,0
2018-04-30 10:27:23,14.3,22820,0,326326,1
2018-04-30 10:27:23,17.4375,22800,0,397575,1
2018-04-30 10:27:29,65.5738,22800,0,1495083,1
2018-04-30 10:27:30,129.0383,22800,0,2942073,1
2018-04-30 10:27:30,85.3608,22800,0,1946226,1
2018-04-30 10:27:37,21.9616,22800,0,-500724,0
2018-04-30 10:28:26,926.3792,22800,0,-21121446,0
2018-04-30 10:28:47,126.5881,22800,0,2886209,1
2018-04-30 10:29:37,23.3753,22780,0,532489,1
2018-04-30 10:29:40,170.5409,22770,0,3883216,1
2018-04-30 10:29:40,106.5338,22770,0,2425775,1
2018-04-30 10:29:48,37.7698,22770,0,860018,1
2018-04-30 10:29:52,516.4671,22750,0,-11749627,0
2018-04-30 10:30:20,127.568,22700,0,2895794,1
2018-04-30 10:30:20,425.9594,22700,0,9669278,1
2018-04-30 10:30:54,113.2153,22735,0,-2573950,0
2018-04-30 10:33:48,79.2602,22710,0,1799999,1
2018-04-30 10:33:48,139.0165,22710,0,3157065,1
2018-04-30 10:33:48,21.1565,22710,0,480464,1
2018-04-30 10:33:52,2.498,22720,0,-56755,0
2018-04-30 10:34:22,56.5518,22715,0,-1284574,0
2018-04-30 10:34:39,45.3337,22710,0,-1029528,0
2018-04-30 10:34:48,279.8652,22705,0,6354339,1
2018-04-30 10:34:48,44.0,22705,0,999020,1
2018-04-30 10:34:49,0.1,22705,0,2271,1
2018-04-30 10:34:52,100.673,22700,0,2285277,1
2018-04-30 10:36:10,17.7087,22640,0,-400925,0
2018-04-30 10:36:16,3.994,22640,0,-90424,0
2018-04-30 10:36:52,21.7027,22580,0,490047,1
2018-04-30 10:37:13,8.0257,22550,0,-180980,0
2018-04-30 10:37:19,9.056e-05,22570,0,-2,0
2018-04-30 10:37:20,302.2055,22570,0,-6820778,0
2018-04-30 10:37:21,0.46880943,22570,0,-10581,0
2018-04-30 10:37:41,82.96954805,22610,0,1875941,1
2018-04-30 10:37:54,227.7306,22600,0,5146712,1
2018-04-30 10:38:25,13.7709,22570,0,-310809,0
2018-04-30 10:38:39,8.5764,22570,0,-193569,0
2018-04-30 10:39:05,22.3473,22615,0,505384,1
2018-04-30 10:43:22,1000.0,22555,0,-22555000,0
2018-04-30 10:43:44,22.3579,22555,0,504282,1
2018-04-30 10:43:44,200.0,22555,0,4511000,1
2018-04-30 10:44:35,26.71448471,22570,0,602946,1
2018-04-30 10:46:47,15.9461,22595,0,360302,1
2018-04-30 10:51:14,27.8143,22540,0,626934,1
2018-04-30 10:51:14,3.4613,22540,0,78018,1
2018-04-30 10:51:14,286.5313,22540,0,6458416,1
2018-04-30 10:51:15,24.5391,22540,0,553111,1
2018-04-30 10:51:27,0.1,22545,0,2255,1
2018-04-30 10:51:31,5.8517,22545,0,131927,1
2018-04-30 10:52:08,386.6838,22560,0,8723587,1
2018-04-30 10:53:18,70.2884,22600,0,-1588518,0
2018-04-30 10:53:24,122.862,22600,0,-2776681,0
2018-04-30 10:53:43,367.1164,22620,0,-8304173,0
2018-04-30 10:53:49,151.1658,22635,0,3421638,1
2018-04-30 10:54:06,123.3195,22645,0,2792570,1
2018-04-30 10:54:10,1.7328,22635,0,39222,1
2018-04-30 10:54:21,93.864,22645,0,2125550,1
2018-04-30 10:54:21,100.0,22645,0,2264500,1
2018-04-30 10:54:27,5.0,22620,0,-113100,0
2018-04-30 10:54:40,90.37697779,22655,0,-2047490,0
2018-04-30 10:54:40,25.756,22655,0,-583502,0
2018-04-30 10:54:44,788.6822,22660,0,-17871539,0
2018-04-30 10:55:53,253.2415,22710,0,5751114,1
2018-04-30 10:56:42,0.4516,22725,0,10263,1
2018-04-30 10:56:50,133.1884,22700,0,3023377,1
2018-04-30 10:57:11,132.1586,22700,0,3000000,1
2018-04-30 10:57:11,65.0969,22700,0,1477700,1
2018-04-30 10:57:11,283.3818,22700,0,6432767,1
2018-04-30 10:57:11,132.4811,22700,0,3007321,1
2018-04-30 10:59:04,62.1107,22680,0,-1408671,0
2018-04-30 10:59:45,48.2465,22700,0,-1095196,0
2018-04-30 11:00:11,16.9691,22690,0,-385029,0
2018-04-30 11:00:13,127.3263,22670,0,2886487,1
2018-04-30 11:06:41,4.47,22615,0,-101089,0
2018-04-30 11:07:30,88.9163,22590,0,-2008619,0
2018-04-30 11:07:39,18.0363,22600,0,-407620,0
2018-04-30 11:07:47,3.19,22645,0,-72238,0
2018-04-30 11:07:47,0.0001,22645,0,-2,0
2018-04-30 11:07:53,52.4389,22640,0,-1187217,0
2018-04-30 11:08:15,87.1986,22615,0,-1971996,0
2018-04-30 11:09:24,254.2502,22620,0,5751140,1
2018-04-30 11:09:41,1000.0,22620,0,-22620000,0
2018-04-30 11:11:34,90.5383584,22600,0,2046167,1
2018-04-30 11:11:41,118.0597,22580,0,2665788,1
2018-04-30 11:13:01,179.27106622,22620,0,4055112,1
2018-04-30 11:18:52,612.1309,22570,0,13815794,1
2018-04-30 11:21:33,2.9245,22435,0,-65611,0
2018-04-30 11:21:48,2.9245,22450,0,65655,1
2018-04-30 11:22:15,59.7842,22425,0,-1340661,0
2018-04-30 11:22:21,59.7842,22440,0,1341557,1
2018-04-30 11:22:39,213.9579,22440,0,-4801215,0
2018-04-30 11:22:40,2.36,22440,0,-52958,0
2018-04-30 11:22:40,4.338,22440,0,-97345,0
2018-04-30 11:23:26,28.5434,22435,0,-640371,0
2018-04-30 11:23:59,249.1993,22400,0,5582064,1
2018-04-30 11:25:01,18.465,22305,0,-411862,0
2018-04-30 11:25:13,18.465,22300,0,411770,1
2018-04-30 11:25:43,11.1759,22315,0,-249390,0
2018-04-30 11:27:05,71.71350553,22395,0,-1606024,0
2018-04-30 11:27:05,274.11689446,22395,0,-6138848,0
2018-04-30 11:27:09,100.0,22400,0,-2240000,0
2018-04-30 11:27:09,192.4918,22400,0,-4311816,0
2018-04-30 11:27:09,30.0,22400,0,-672000,0
2018-04-30 11:27:09,109.64440535,22400,0,-2456035,0
2018-04-30 11:27:09,210.85749464,22400,0,-4723208,0
2018-04-30 11:28:22,258.5774,22350,0,5779205,1
2018-04-30 11:28:23,34.33,22350,0,767276,1
2018-04-30 11:28:23,406.005,22350,0,9074212,1
2018-04-30 11:28:23,10.0,22350,0,223500,1
2018-04-30 11:28:23,1.2799,22350,0,28606,1
2018-04-30 11:28:23,79.1162,22350,0,1768247,1
2018-04-30 11:28:24,42.3138,22350,0,945713,1
2018-04-30 11:28:27,50.1159,22350,0,1120090,1
2018-04-30 11:28:27,118.2618,22350,0,2643151,1
2018-04-30 11:29:06,60.5372,22320,0,-1351190,0
2018-04-30 11:29:12,11.65761505,22320,0,-260198,0
2018-04-30 11:29:12,4.0,22320,0,-89280,0
2018-04-30 11:29:12,775.92858494,22320,0,-17318726,0
2018-04-30 11:30:08,195.5382,22380,0,4376145,1
2018-04-30 11:30:09,656.5852,22370,0,14687811,1
2018-04-30 11:33:08,15.3606,22325,0,-342925,0
2018-04-30 11:33:17,15.3606,22330,0,343002,1
2018-04-30 11:33:21,3.2109,22315,0,-71651,0
2018-04-30 11:33:26,9.0176,22310,0,-201183,0
2018-04-30 11:33:28,12.2285,22300,0,272696,1
2018-04-30 11:34:06,123.7176,22210,0,-2747768,0
2018-04-30 11:34:06,233.4356,22210,0,-5184605,0
2018-04-30 11:34:13,357.1532,22260,0,7950230,1
2018-04-30 11:34:54,20.0,22150,0,-443000,0
2018-04-30 11:35:12,155.5179,22225,0,-3456385,0
2018-04-30 11:35:17,225.1745,22205,0,-5000000,0
2018-04-30 11:35:25,599.3076,22155,0,-13277660,0
2018-04-30 11:36:08,460.0,22140,0,10184400,1
2018-04-30 11:36:08,312.7705,22140,0,6924739,1
2018-04-30 11:36:11,227.2295,22120,0,5026317,1
2018-04-30 11:36:57,23.1681,22150,0,-513173,0
2018-04-30 11:37:31,23.1681,22185,0,513984,1
2018-04-30 11:38:12,325.8037,22220,0,-7239358,0
2018-04-30 11:38:15,49.925,22250,0,-1110831,0
2018-04-30 11:38:20,44.4597,22280,0,-990562,0
2018-04-30 11:38:20,579.8116,22290,0,-12924001,0
2018-04-30 11:38:57,52.439,22295,0,1169128,1
2018-04-30 11:39:27,26.8,22310,0,597908,1
2018-04-30 11:39:27,50.3,22310,0,1122193,1
2018-04-30 11:39:27,25.0,22310,0,557750,1
2018-04-30 11:39:27,746.2786,22310,0,16649476,1
2018-04-30 11:39:46,2.0332,22320,0,-45381,0
2018-04-30 11:40:17,14.8446,22315,0,331257,1
2018-04-30 11:40:17,4.9652,22315,0,110798,1
2018-04-30 11:40:18,8.9177,22315,0,198998,1
2018-04-30 11:40:31,72.4881,22300,0,1616485,1
2018-04-30 11:40:49,225.9517,22310,0,-5040982,0
2018-04-30 11:41:02,63.5467871,22330,0,-1419000,0
2018-04-30 11:41:08,289.4984,22355,0,6471737,1
2018-04-30 11:43:32,42.1321,22410,0,-944180,0
2018-04-30 11:43:34,2.05,22440,0,46002,1
2018-04-30 11:43:40,12.38607764,22410,0,-277572,0
2018-04-30 11:43:41,143.18922235,22410,0,-3208870,0
2018-04-30 11:44:02,24.0923,22405,0,539788,1
2018-04-30 11:44:02,33.602,22405,0,752853,1
2018-04-30 11:44:02,137.9631,22405,0,3091063,1
2018-04-30 11:47:01,187.5,22380,0,-4196250,0
2018-04-30 11:47:09,52.69,22435,0,-1182100,0
2018-04-30 11:47:15,240.19,22410,0,5382658,1
2018-04-30 11:47:19,1000.0,22380,0,-22380000,0
2018-04-30 11:47:34,47.8946,22360,0,1070923,1
2018-04-30 11:48:15,952.1054,22360,0,21289077,1
2018-04-30 11:48:22,12.2489,22360,0,-273885,0
2018-04-30 11:48:26,31.3421,22370,0,-701123,0
2018-04-30 11:48:33,13.1421,22370,0,-293989,0
2018-04-30 11:49:13,9.8646,22350,0,220474,1
2018-04-30 11:49:34,97.2052,22330,0,-2170592,0
2018-04-30 11:49:56,33.8029,22250,0,752115,1
2018-04-30 11:49:56,110.2708,22250,0,2453525,1
2018-04-30 11:50:09,0.0001,22265,0,-2,0
2018-04-30 11:51:44,999.9999,22260,0,-22259998,0
2018-04-30 11:52:19,421.2,22220,0,9359064,1
2018-04-30 11:52:45,578.8,22200,0,12849360,1
2018-04-30 11:53:21,6.546e-05,22155,0,-1,0
2018-04-30 11:53:28,2.2437,22155,0,-49709,0
2018-04-30 11:54:16,16.2871,22190,0,-361411,0
2018-04-30 11:54:56,409.4982,22195,0,-9088813,0
2018-04-30 11:55:14,8.7743,22190,0,-194702,0
2018-04-30 11:55:26,159.9453,22170,0,3545987,1
2018-04-30 11:55:26,5.0,22170,0,110850,1
2018-04-30 11:55:26,3.4558,22170,0,76615,1
2018-04-30 11:55:26,77.7769,22170,0,1724314,1
2018-04-30 11:55:29,190.6254,22165,0,4225212,1
2018-04-30 11:56:00,9.5,22135,0,-210283,0
2018-04-30 11:56:04,320.6099,22150,0,-7101509,0
2018-04-30 11:56:19,330.1099,22155,0,7313585,1
2018-04-30 11:59:23,12.8438,21950,0,-281921,0
2018-04-30 11:59:27,40.05320956,21950,0,-879168,0
2018-04-30 11:59:27,80.868,21950,0,-1775053,0
2018-04-30 11:59:27,163.6066,21950,0,-3591165,0
2018-04-30 11:59:27,4.1586,21950,0,-91281,0
2018-04-30 11:59:32,49.1177,21960,0,-1078625,0
2018-04-30 11:59:32,50.0,21960,0,-1098000,0
2018-04-30 11:59:35,400.6479,21960,0,8798228,1
2018-04-30 12:01:11,87.546,21890,0,-1916382,0
2018-04-30 12:01:19,912.454,21875,0,-19959931,0
2018-04-30 12:01:33,10.00457665,21850,0,218600,1
2018-04-30 12:01:57,110.32,21765,0,2401115,1
2018-04-30 12:02:05,45.1,21685,0,977994,1
2018-04-30 12:02:06,5.0,21685,0,108425,1
2018-04-30 12:02:09,13.938,21670,0,302036,1
2018-04-30 12:02:09,10.0,21685,0,216850,1
2018-04-30 12:02:09,722.9479,21670,0,15666281,1
2018-04-30 12:02:10,1.0,21670,0,21670,1
2018-04-30 12:02:12,81.6895,21670,0,1770211,1
2018-04-30 12:02:21,54.2646,21650,0,-1174829,0
2018-04-30 12:02:22,15.0604,21650,0,-326058,0
2018-04-30 12:02:26,55.3121,21670,0,-1198613,0
2018-04-30 12:02:33,8.84761015,21715,0,-192126,0
2018-04-30 12:02:33,648.48418984,21715,0,-14081834,0
2018-04-30 12:02:49,0.0068,21715,0,148,1
2018-04-30 12:02:50,1.152,21700,0,24998,1
2018-04-30 12:02:50,27.1876,21700,0,589971,1
2018-04-30 12:02:50,64.49730137,21700,0,1399591,1
2018-04-30 12:02:50,17.8811,21710,0,388199,1
2018-04-30 12:02:50,8.0,21710,0,173680,1
2018-04-30 12:02:51,4.0,21700,0,86800,1
2018-04-30 12:02:51,8.0,21700,0,173600,1
2018-04-30 12:02:51,3.2,21700,0,69440,1
2018-04-30 12:02:51,8.9,21700,0,193130,1
2018-04-30 12:02:51,8.0,21700,0,173600,1
2018-04-30 12:02:52,628.74409862,21700,0,13643747,1
2018-04-30 12:02:52,2.4,21700,0,52080,1
2018-04-30 12:03:02,5.8099,21710,0,-126133,0
2018-04-30 12:03:03,14.0,21710,0,-303940,0
2018-04-30 12:03:12,427.6643,21720,0,-9288869,0
2018-04-30 12:03:43,23.4597,21780,0,510952,1
2018-04-30 12:03:43,382.6572,21780,0,8334274,1
2018-04-30 12:03:44,41.3573,21780,0,900762,1
2018-04-30 12:04:10,36.3669,21795,0,-792617,0
2018-04-30 12:04:14,49.4272,21800,0,-1077513,0
2018-04-30 12:04:14,0.1796,21800,0,-3915,0
2018-04-30 12:04:14,94.87295137,21800,0,-2068230,0
2018-04-30 12:04:20,539.9999,21770,0,-11755798,0
2018-04-30 12:04:20,241.1055,21770,0,-5248867,0
2018-04-30 12:04:36,261.50306098,21725,0,5681154,1
2018-04-30 12:04:36,8.8,21725,0,191180,1
2018-04-30 12:04:36,1.0,21725,0,21725,1
2018-04-30 12:05:19,49.51376104,21510,0,1065041,1
2018-04-30 12:05:20,641.13523895,21510,0,13790819,1
2018-04-30 12:06:25,11.8812,21400,0,-254258,0
2018-04-30 12:06:25,92.2452,21400,0,-1974047,0
2018-04-30 12:06:26,50.5073,21400,0,-1080856,0
2018-04-30 12:06:43,7.8248,21430,0,-167685,0
2018-04-30 12:06:43,9.8388,21430,0,-210845,0
2018-04-30 12:06:49,246.17642131,21450,0,-5280484,0
2018-04-30 12:06:49,488.9963,21450,0,-10488971,0
2018-04-30 12:06:49,51.36287868,21450,0,-1101734,0
2018-04-30 12:06:49,41.1671,21450,0,-883034,0
2018-04-30 12:06:54,1000.0,21480,0,21480000,1
2018-04-30 12:06:58,676.3167,21450,0,-14506993,0
2018-04-30 12:06:59,37.821,21450,0,-811260,0
2018-04-30 12:06:59,144.0,21450,0,-3088800,0
2018-04-30 12:07:12,858.1377,21465,0,18419926,1
2018-04-30 12:07:56,5.016e-05,21570,0,-1,0
2018-04-30 12:08:12,999.9999,21595,0,-21594998,0
2018-04-30 12:09:18,32.115,21630,0,694647,1
2018-04-30 12:09:18,7.4022,21630,0,160110,1
2018-04-30 12:09:18,37.7839,21630,0,817266,1
2018-04-30 12:09:23,22.5948,21645,0,489064,1
2018-04-30 12:09:51,900.1041,21600,0,19442249,1
2018-04-30 12:10:34,330.1383,21565,0,-7119432,0
2018-04-30 12:10:45,62.2788,21600,0,-1345222,0
2018-04-30 12:10:53,38.57472222,21600,0,833214,1
2018-04-30 12:10:57,353.8424,21630,0,7653611,1
2018-04-30 12:11:09,8.7864,21630,0,-190050,0
2018-04-30 12:11:16,8.7864,21630,0,190050,1
2018-04-30 12:11:20,26.2225,21645,0,-567586,0
2018-04-30 12:11:23,112.5207,21650,0,-2436073,0
2018-04-30 12:11:32,26.2225,21635,0,-567324,0
2018-04-30 12:11:32,1.6077,21635,0,-34783,0
2018-04-30 12:11:32,299.6709,21635,0,-6483380,0
2018-04-30 12:11:36,3.8383,21635,0,-83042,0
2018-04-30 12:11:42,389.4302,21650,0,8431164,1
2018-04-30 12:11:42,80.6524,21650,0,1746124,1
2018-04-30 12:11:53,26.1869,21650,0,-566946,0
2018-04-30 12:12:11,10.0,21600,0,216000,1
2018-04-30 12:12:17,16.1869,21560,0,348990,1
2018-04-30 12:12:25,50.8,21520,0,-1093216,0
2018-04-30 12:12:25,23.3848,21520,0,-503241,0
2018-04-30 12:12:28,74.1848,21500,0,1594973,1
2018-04-30 12:14:56,50.9,21445,0,-1091551,0
2018-04-30 12:15:02,26.85788971,21490,0,-577176,0
2018-04-30 12:15:25,5.0,21520,0,-107600,0
2018-04-30 12:15:54,917.2422,21655,0,-19862880,0
2018-04-30 12:16:27,7.0415,21565,0,151850,1
2018-04-30 12:16:55,472.21000366,21590,0,10195014,1
2018-04-30 12:17:09,520.7485,21590,0,11242960,1
2018-04-30 12:17:15,190.0059,21630,0,-4109828,0
2018-04-30 12:17:29,809.9941,21690,0,-17568772,0
2018-04-30 12:18:00,241.4341,21765,0,5254812,1
2018-04-30 12:18:09,758.5659,21735,0,16487430,1
2018-04-30 12:18:58,375.65521645,21640,0,-8129179,0
2018-04-30 12:18:59,122.4685,21640,0,-2650218,0
2018-04-30 12:19:04,501.8762,21645,0,-10863110,0
2018-04-30 12:19:59,653.3937,21615,0,14123105,1
2018-04-30 12:20:04,0.1024,21620,0,2214,1
2018-04-30 12:20:04,263.8258,21610,0,5701276,1
2018-04-30 12:20:31,917.3219,21540,0,-19759114,0
2018-04-30 12:21:04,46.4252,21540,0,999999,1
2018-04-30 12:21:28,17.4894,21485,0,375760,1
2018-04-30 12:21:28,21.9297,21485,0,471160,1
2018-04-30 12:21:28,3.60958808,21485,0,77552,1
2018-04-30 12:21:28,30.0889,21485,0,646460,1
2018-04-30 12:21:29,30.0,21485,0,644550,1
2018-04-30 12:21:32,2.3927,21480,0,51395,1
2018-04-30 12:21:32,0.5205,21480,0,11180,1
2018-04-30 12:21:32,2.6514,21480,0,56952,1
2018-04-30 12:21:33,0.1744,21480,0,3746,1
2018-04-30 12:21:33,0.23,21480,0,4940,1
2018-04-30 12:21:33,10.7532,21480,0,230979,1
2018-04-30 12:21:41,183.00846384,21485,0,3931937,1
2018-04-30 12:21:41,31.05282755,21485,0,667170,1
2018-04-30 12:22:05,50.6821,21480,0,1088652,1
2018-04-30 12:22:05,383.8523,21480,0,8245147,1
2018-04-30 12:22:14,604.1744,21460,0,-12965583,0
2018-04-30 12:22:19,210.6862,21460,0,-4521326,0
2018-04-30 12:22:54,333.3487,21455,0,7151996,1
2018-04-30 12:23:02,97.6018,21460,0,2094535,1
2018-04-30 12:23:02,31.38,21460,0,673415,1
2018-04-30 12:23:02,31.0416123,21460,0,666153,1
2018-04-30 12:24:31,227.8184,21470,0,4891261,1
2018-04-30 12:24:51,240.5036,21465,0,-5162410,0
2018-04-30 12:25:02,5.0,21470,0,107350,1
2018-04-30 12:25:48,42.6321,21540,0,918295,1
2018-04-30 12:25:49,0.27195914,21540,0,5858,1
2018-04-30 12:25:49,51.5,21540,0,1109310,1
2018-04-30 12:25:53,395.3495,21540,0,8515828,1
2018-04-30 12:25:53,24.5594,21540,0,529009,1
2018-04-30 12:25:58,596.7842,21540,0,-12854732,0
2018-04-30 12:27:25,7.3597,21580,0,158822,1
2018-04-30 12:28:48,264.4238,21710,0,5740641,1
2018-04-30 12:28:48,10.0,21710,0,217100,1
2018-04-30 12:28:56,315.0007,21710,0,6838665,1
2018-04-30 12:29:39,393.17710552,21720,0,-8539807,0
2018-04-30 12:29:39,606.82289447,21720,0,-13180193,0
2018-04-30 12:30:05,155.6737,21725,0,3382011,1
2018-04-30 12:30:39,23.1535,21595,0,500000,1
2018-04-30 12:30:40,23.5843,21595,0,509303,1
2018-04-30 12:30:40,5.4254,21595,0,117162,1
2018-04-30 12:30:40,792.1631,21595,0,17106762,1
2018-04-30 12:30:50,109.6107,21595,0,-2367043,0
2018-04-30 12:30:59,890.3893,21605,0,-19236861,0
2018-04-30 12:32:34,46.1061,21695,0,1000272,1
2018-04-30 12:33:33,5.8958,21700,0,127939,1
2018-04-30 12:34:11,865.9202,21635,0,18734184,1
2018-04-30 12:34:11,12.026,21635,0,260183,1
2018-04-30 12:34:11,3.329,21635,0,72023,1
2018-04-30 12:34:37,1.1416,21530,0,24579,1
2018-04-30 12:34:38,33.734,21530,0,726293,1
2018-04-30 12:34:50,31.8473,21500,0,684717,1
2018-04-30 12:35:08,37.7333,21490,0,-810889,0
2018-04-30 12:35:14,158.51793153,21560,0,-3417647,0
2018-04-30 12:35:14,31.8451,21560,0,-686580,0
2018-04-30 12:35:14,212.62796846,21560,0,-4584259,0
2018-04-30 12:35:18,332.01273153,21590,0,7168155,1
2018-04-30 12:35:37,891.2884,21520,0,-19180526,0
2018-04-30 12:35:46,3.0606,21590,0,66078,1
2018-04-30 12:37:25,11.1814,21640,0,241965,1
2018-04-30 12:37:25,797.77742532,21640,0,17263903,1
2018-04-30 12:37:36,187.9806,21600,0,4060381,1
2018-04-30 12:38:34,7.5526,21610,0,-163212,0
2018-04-30 12:38:34,62.7746,21610,0,-1356559,0
2018-04-30 12:38:40,197.3988,21620,0,-4267762,0
2018-04-30 12:38:51,113.1623,21645,0,-2449398,0
2018-04-30 12:38:55,390.4999,21635,0,-8448465,0
2018-04-30 12:38:56,4.2931,21635,0,-92881,0
2018-04-30 12:39:05,237.67479787,21645,0,5144471,1
2018-04-30 12:39:05,470.0,21645,0,10173150,1
2018-04-30 12:39:05,66.4559,21655,0,1439103,1
2018-04-30 12:39:07,1.55060212,21645,0,33563,1
2018-04-30 12:39:33,9.0869,21620,0,-196459,0
2018-04-30 12:40:01,9.0869,21715,0,197322,1
2018-04-30 12:40:05,6.7241,21715,0,-146014,0
2018-04-30 12:40:05,30.5409,21715,0,-663196,0
2018-04-30 12:40:10,37.265,21715,0,809209,1
2018-04-30 12:41:13,79.2538,21640,0,-1715052,0
2018-04-30 12:41:16,67.227,21650,0,1455465,1
2018-04-30 12:41:20,12.0268,21660,0,260500,1
2018-04-30 12:41:23,19.8874,21645,0,-430463,0
2018-04-30 12:41:31,19.8874,21660,0,430761,1
2018-04-30 12:44:03,1000.0,21600,0,-21600000,0
2018-04-30 12:44:38,249.8685,21605,0,5398409,1
2018-04-30 12:44:38,437.5269,21605,0,9452769,1
2018-04-30 12:45:09,687.3954,21575,0,-14830556,0
2018-04-30 12:45:51,5.7148,21550,0,123154,1
2018-04-30 12:45:52,6.5676,21550,0,141532,1
2018-04-30 12:45:52,11.1356,21550,0,239972,1
2018-04-30 12:45:52,212.5338,21550,0,4580103,1
2018-04-30 12:45:52,89.4659,21550,0,1927990,1
2018-04-30 12:45:52,674.5823,21550,0,14537249,1
2018-04-30 12:45:56,164.5396,21550,0,-3545828,0
2018-04-30 12:46:10,161.81641662,21540,0,-3485526,0
2018-04-30 12:46:12,96.44358337,21540,0,-2077395,0
2018-04-30 12:46:17,48.9265,21560,0,-1054855,0
2018-04-30 12:46:46,53.3636,21515,0,1148118,1
2018-04-30 12:47:00,418.3625,21500,0,8994794,1
2018-04-30 12:49:41,1000.0,21340,0,-21340000,0
2018-04-30 12:50:32,583.4806,21370,0,12468980,1
2018-04-30 12:50:41,416.5194,21340,0,8888524,1
2018-04-30 12:53:53,960.1547,21205,0,-20360080,0
2018-04-30 12:53:53,39.8453,21205,0,-844920,0
2018-04-30 12:54:07,69.4134,21195,0,1471217,1
2018-04-30 12:54:07,403.0568,21195,0,8542789,1
2018-04-30 12:54:11,527.5298,21195,0,11180994,1
2018-04-30 12:54:20,132.1449,21200,0,-2801472,0
2018-04-30 12:54:24,228.4088,21190,0,-4839982,0
2018-04-30 12:54:29,51.9,21245,0,-1102616,0
2018-04-30 12:54:29,5.9292,21245,0,-125966,0
2018-04-30 12:54:33,539.8968,21305,0,-11502501,0
2018-04-30 12:55:05,18.9382,21260,0,402626,1
2018-04-30 12:55:06,38.5746,21260,0,820096,1
2018-04-30 12:55:59,171.37603208,21195,0,3632315,1
2018-04-30 12:56:48,13.7135,21115,0,289561,1
2018-04-30 12:56:48,10.0,21115,0,211150,1
2018-04-30 12:56:53,1.0,21100,0,21100,1
2018-04-30 12:56:53,131.831,21100,0,2781634,1
2018-04-30 12:56:53,10.0,21100,0,211000,1
2018-04-30 12:56:53,10.6881,21100,0,225519,1
2018-04-30 12:56:53,14.218,21100,0,300000,1
2018-04-30 12:56:54,74.2,21100,0,1565620,1
2018-04-30 12:56:54,106.5088,21100,0,2247336,1
2018-04-30 12:56:55,4.1,21100,0,86510,1
2018-04-30 12:56:55,1.1,21100,0,23210,1
2018-04-30 12:56:55,200.0,21100,0,4220000,1
2018-04-30 12:56:59,152.0314,21060,0,3201781,1
2018-04-30 12:59:30,19.2857,20905,0,-403168,0
2018-04-30 13:00:15,19.2857,20850,0,402107,1
2018-04-30 13:01:02,21.7113,20985,0,-455612,0
2018-04-30 13:01:06,261.015,21010,0,-5483925,0
2018-04-30 13:01:16,227.4242,21105,0,4799788,1
2018-04-30 13:01:22,28.138,21085,0,593290,1
2018-04-30 13:01:22,27.1641,21085,0,572755,1
2018-04-30 13:03:45,795.3326967,20970,0,-16678127,0
2018-04-30 13:03:45,78.7957,20970,0,-1652346,0
2018-04-30 13:04:25,874.1284,21070,0,18417885,1
2018-04-30 13:06:05,1000.0,21185,0,-21185000,0
2018-04-30 13:06:35,136.3938,21240,0,2897004,1
2018-04-30 13:06:44,544.56,21245,0,11569177,1
2018-04-30 13:07:18,680.9538,21290,0,-14497506,0
2018-04-30 13:07:48,12.0,21320,0,255840,1
2018-04-30 13:07:51,29.1283,21290,0,620142,1
2018-04-30 13:07:51,10.0,21290,0,212900,1
2018-04-30 13:07:51,13.1,21290,0,278899,1
2018-04-30 13:07:51,23.5095,21290,0,500517,1
2018-04-30 13:07:52,2.3754,21290,0,50572,1
2018-04-30 13:07:52,13.8075,21290,0,293962,1
2018-04-30 13:07:52,22.41855331,21290,0,477291,1
2018-04-30 13:07:52,112.49290746,21290,0,2394974,1
2018-04-30 13:07:52,5.6364,21290,0,119999,1
2018-04-30 13:07:53,35.4164,21290,0,754015,1
2018-04-30 13:07:53,43.3297,21290,0,922489,1
2018-04-30 13:07:53,21.3265,21290,0,454041,1
2018-04-30 13:07:53,20.0,21290,0,425800,1
2018-04-30 13:07:53,1.6757,21290,0,35676,1
2018-04-30 13:07:53,93.6768,21290,0,1994379,1
2018-04-30 13:07:55,540.1064,21290,0,11498865,1
2018-04-30 13:09:57,392.0324,21315,0,-8356171,0
2018-04-30 13:10:05,607.9675,21300,0,-12949708,0
2018-04-30 13:10:23,3.6179,21320,0,77134,1
2018-04-30 13:10:23,556.5635,21320,0,11865934,1
2018-04-30 13:10:45,560.1815,21300,0,-11931866,0
2018-04-30 13:11:34,3.3044,21270,0,70285,1
2018-04-30 13:14:09,140.0214,21430,0,3000659,1
2018-04-30 13:14:10,43.0404,21405,0,921280,1
2018-04-30 13:14:10,46.5874,21405,0,997203,1
2018-04-30 13:14:10,99.5874,21405,0,2131668,1
2018-04-30 13:14:56,1.97057132,21420,0,42210,1
2018-04-30 13:15:00,266.0484,21380,0,5688115,1
2018-04-30 13:15:15,399.44,21415,0,8554008,1
2018-04-30 13:16:33,186.99222626,21320,0,-3986674,0
2018-04-30 13:16:34,234.9193,21320,0,-5008479,0
2018-04-30 13:16:34,16.1797,21320,0,-344951,0
2018-04-30 13:17:00,438.0912,21380,0,9366390,1
2018-04-30 13:19:29,1000.0,21235,0,-21235000,0
2018-04-30 13:20:16,110.9365,21285,0,2361283,1
2018-04-30 13:20:16,35.7516,21285,0,760973,1
2018-04-30 13:21:36,146.2173,21250,0,3107118,1
2018-04-30 13:22:19,707.0946,21250,0,15025760,1
2018-04-30 13:22:45,9.872e-05,21215,0,-2,0
2018-04-30 13:22:49,999.9999,21200,0,-21199998,0
2018-04-30 13:23:51,22.0,21125,0,464750,1
2018-04-30 13:24:13,40.0,21050,0,842000,1
2018-04-30 13:24:13,152.019,21050,0,3200000,1
2018-04-30 13:24:13,251.242,21050,0,5288644,1
2018-04-30 13:24:14,200.0,21050,0,4210000,1
2018-04-30 13:24:14,2.3507,21050,0,49482,1
2018-04-30 13:24:14,95.0,21050,0,1999750,1
2018-04-30 13:24:15,237.3883,21050,0,4997024,1
2018-04-30 13:25:12,263.7171,20935,0,-5520917,0
2018-04-30 13:25:18,115.0,20990,0,-2413850,0
2018-04-30 13:25:25,54.737,21095,0,-1154677,0
2018-04-30 13:25:25,397.6724,21120,0,-8398841,0
2018-04-30 13:26:46,23.6059,21065,0,497258,1
2018-04-30 13:26:46,8.5564,21065,0,180241,1
2018-04-30 13:26:46,798.9642,21065,0,16830181,1
2018-04-30 13:28:14,7.0315,20945,0,-147275,0
2018-04-30 13:28:21,7.0315,20995,0,147626,1
2018-04-30 13:28:27,20.7049,21010,0,-435010,0
2018-04-30 13:28:40,20.7049,21055,0,435942,1
2018-04-30 13:30:16,95.506,21010,0,-2006581,0
2018-04-30 13:30:16,1.27918286,21010,0,-26876,0
2018-04-30 13:30:17,42.69691713,21010,0,-897062,0
2018-04-30 13:30:38,5.68352857,21000,0,-119354,0
2018-04-30 13:30:53,9.1621,20975,0,192175,1
2018-04-30 13:30:53,136.0035,20975,0,2852673,1
2018-04-30 13:31:02,709.2975,20950,0,-14859783,0
2018-04-30 13:31:02,201.0576,20950,0,-4212157,0
2018-04-30 13:31:27,515.5478,20890,0,10769794,1
2018-04-30 13:31:28,6.5888,20890,0,137640,1
2018-04-30 13:31:28,47.8698,20890,0,1000000,1
2018-04-30 13:31:28,199.9999,20890,0,4177998,1
2018-04-30 13:31:41,859.6512,20875,0,-17945219,0
2018-04-30 13:33:58,91.4396,21085,0,1928004,1
2018-04-30 13:34:02,42.24471648,21075,0,890307,1
2018-04-30 13:34:02,69.1772,21075,0,1457909,1
2018-04-30 13:34:03,223.1359,21075,0,4702589,1
2018-04-30 13:34:06,21.2985,21050,0,448333,1
2018-04-30 13:34:07,552.7041,21045,0,11631658,1
2018-04-30 13:34:27,1000.0,21100,0,-21100000,0
2018-04-30 13:35:15,47.2909,21045,0,995237,1
2018-04-30 13:35:16,304.9999,21045,0,6418723,1
2018-04-30 13:35:16,109.1347,21045,0,2296740,1
2018-04-30 13:35:16,57.65,21045,0,1213244,1
2018-04-30 13:35:24,47.7102,21045,0,1004061,1
2018-04-30 13:35:35,239.945,21065,0,5054441,1
2018-04-30 13:35:39,9.0,21080,0,189720,1
2018-04-30 13:36:07,46.26268738,21090,0,-975680,0
2018-04-30 13:36:07,232.39681261,21090,0,-4901249,0
2018-04-30 13:36:11,48.0044,21095,0,-1012653,0
2018-04-30 13:36:11,18.9,21095,0,-398696,0
2018-04-30 13:37:08,5.2222,21170,0,110554,1
2018-04-30 13:38:02,398.282,21140,0,8419681,1
2018-04-30 13:38:02,88.9711,21140,0,1880849,1
2018-04-30 13:38:46,94.3469,21095,0,-1990248,0
2018-04-30 13:38:53,131.7048,21090,0,2777654,1
2018-04-30 13:38:59,113.1597,21100,0,-2387670,0
2018-04-30 13:39:01,113.1597,21150,0,2393328,1
2018-04-30 13:39:20,20.4692,21160,0,-433128,0
2018-04-30 13:39:45,340.1843,21210,0,-7215309,0
2018-04-30 13:39:45,24.3742,21210,0,-516977,0
2018-04-30 13:40:07,67.3049,21200,0,1426864,1
2018-04-30 13:40:14,168.8571,21180,0,3576393,1
2018-04-30 13:40:15,0.1159,21180,0,2455,1
2018-04-30 13:40:15,148.7498,21180,0,3150521,1
2018-04-30 13:40:54,4.9307,21150,0,-104284,0
2018-04-30 13:41:34,47.8366,21145,0,-1011505,0
2018-04-30 13:42:27,52.7673,21150,0,1116028,1
2018-04-30 13:43:05,59.0,21140,0,-1247260,0
2018-04-30 13:43:45,59.0,21150,0,1247850,1
2018-04-30 13:47:36,154.4648,21080,0,-3256118,0
2018-04-30 13:47:54,26.3073,21125,0,-555742,0
2018-04-30 13:48:15,147.6495,21115,0,3117619,1
2018-04-30 13:48:15,33.1226,21115,0,699384,1
2018-04-30 13:48:36,30.1916,21060,0,-635835,0
2018-04-30 13:48:40,969.8084,21045,0,-20409618,0
2018-04-30 13:50:14,1.8,21115,0,38007,1
2018-04-30 13:52:04,998.2,21200,0,21161840,1
2018-04-30 13:52:26,1000.0,21185,0,-21185000,0
2018-04-30 13:54:20,325.1492,21285,0,6920800,1
2018-04-30 13:54:20,78.3873,21285,0,1668474,1
2018-04-30 13:54:20,6.3769,21285,0,135732,1
2018-04-30 13:54:20,136.5847,21285,0,2907205,1
2018-04-30 13:54:46,1.0,21245,0,-21245,0
2018-04-30 13:56:47,144.5581,21235,0,-3069691,0
2018-04-30 13:58:20,161.6774,21150,0,3419477,1
2018-04-30 13:58:26,437.3826,21150,0,9250642,1
2018-04-30 13:58:54,930.15666761,21150,0,-19672814,0
2018-04-30 13:59:00,8.38393009,21120,0,177069,1
2018-04-30 14:02:07,579.3847,21220,0,12294543,1
2018-04-30 14:03:03,2.1,21245,0,-44615,0
2018-04-30 14:03:04,1.6,21245,0,-33992,0
2018-04-30 14:03:04,4.3,21245,0,-91354,0
2018-04-30 14:03:42,38.2126,21220,0,-810871,0
2018-04-30 14:03:56,360.78,21275,0,7675595,1
2018-04-30 14:04:19,27.8207,21280,0,592024,1
2018-04-30 14:04:29,614.87460453,21300,0,-13096829,0
2018-04-30 14:04:29,379.6952,21300,0,-8087508,0
2018-04-30 14:04:29,5.43019546,21300,0,-115663,0
2018-04-30 14:04:48,563.3606,21295,0,11996764,1
2018-04-30 14:05:14,95.0197,21270,0,2021069,1
2018-04-30 14:05:14,148.0951,21270,0,3149983,1
2018-04-30 14:05:28,3.7139,21270,0,78995,1
2018-04-30 14:09:07,45.8381,21280,0,975435,1
2018-04-30 14:09:46,0.5056,21255,0,10747,1
2018-04-30 14:09:46,84.4015,21255,0,1793954,1
2018-04-30 14:09:46,37.536,21255,0,797828,1
2018-04-30 14:09:46,21.5295,21255,0,457610,1
2018-04-30 14:10:28,262.4762,21215,0,-5568433,0
2018-04-30 14:10:35,1.2679,21210,0,-26892,0
2018-04-30 14:11:05,93.2185,21225,0,-1978563,0
2018-04-30 14:12:18,20.2,21260,0,-429452,0
2018-04-30 14:12:46,245.2774,21260,0,5214598,1
2018-04-30 14:12:47,131.8852,21260,0,2803879,1
2018-04-30 14:13:06,29.34,21280,0,-624355,0
2018-04-30 14:13:39,10.0,21320,0,-213200,0
2018-04-30 14:13:55,38.2196,21320,0,814842,1
2018-04-30 14:14:44,1.1204,21295,0,23859,1
2018-04-30 14:15:09,53.8535,21310,0,-1147618,0
2018-04-30 14:15:10,27.986,21310,0,-596382,0
2018-04-30 14:15:10,40.4473,21310,0,-861932,0
2018-04-30 14:15:11,1.8171,21310,0,-38722,0
2018-04-30 14:15:12,844.1853,21310,0,-17989589,0
2018-04-30 14:15:12,8.9955,21310,0,-191694,0
2018-04-30 14:15:33,75.5771,21300,0,1609792,1
2018-04-30 14:15:58,823.2114,21290,0,17526171,1
2018-04-30 14:15:58,78.4962,21290,0,1671184,1
2018-04-30 14:16:40,40.85771924,21300,0,-870269,0
2018-04-30 14:16:40,40.333,21300,0,-859093,0
2018-04-30 14:16:40,239.88598075,21300,0,-5109571,0
2018-04-30 14:16:52,8.16492781,21305,0,-173954,0
2018-04-30 14:16:56,50.0,21310,0,-1065500,0
2018-04-30 14:16:56,15.7378,21310,0,-335373,0
2018-04-30 14:16:57,2.7836,21310,0,-59319,0
2018-04-30 14:17:37,476.0,21310,0,-10143560,0
2018-04-30 14:19:12,158.5736,21290,0,3376032,1
2018-04-30 14:19:25,25.2187,21285,0,536780,1
2018-04-30 14:20:20,689.9707,21240,0,14654978,1
2018-04-30 14:21:22,144.5914,21235,0,-3070398,0
2018-04-30 14:22:15,13.53204117,21255,0,-287624,0
2018-04-30 14:22:15,67.7554,21255,0,-1440141,0
2018-04-30 14:22:15,0.4648,21255,0,-9879,0
2018-04-30 14:22:15,52.0194,21255,0,-1105672,0
2018-04-30 14:22:16,0.19965882,21255,0,-4244,0
2018-04-30 14:22:20,290.5488,21255,0,-6175615,0
2018-04-30 14:23:39,7.0,21275,0,148925,1
2018-04-30 14:23:47,2.2257,21270,0,47341,1
2018-04-30 14:23:51,5.6109,21265,0,119316,1
2018-04-30 14:23:56,0.1342,21270,0,2854,1
2018-04-30 14:24:15,70.5384,21265,0,1499999,1
2018-04-30 14:24:53,44.0552,21270,0,-937054,0
2018-04-30 14:30:56,10.1023,21320,0,215381,1
2018-04-30 14:30:56,122.2856,21320,0,2607129,1
2018-04-30 14:30:57,395.2696,21320,0,8427148,1
2018-04-30 14:32:16,61.6538,21290,0,-1312609,0
2018-04-30 14:32:20,20.62928074,21295,0,-439301,0
2018-04-30 14:32:20,2.96201925,21295,0,-63076,0
2018-04-30 14:32:20,567.3343,21290,0,-12078547,0
2018-04-30 14:32:44,55.9779,21260,0,1190090,1
2018-04-30 14:32:45,4.9311,21260,0,104835,1
2018-04-30 14:32:48,43.7682,21250,0,930074,1
2018-04-30 14:32:48,6.7246,21250,0,142898,1
2018-04-30 14:32:48,21.0152,21250,0,446573,1
2018-04-30 14:32:48,30.0,21250,0,637500,1
2018-04-30 14:32:48,28.4857,21250,0,605321,1
2018-04-30 14:32:48,116.0,21250,0,2465000,1
2018-04-30 14:32:49,108.3814,21250,0,2303105,1
2018-04-30 14:32:49,3.8603,21250,0,82031,1
2018-04-30 14:32:49,166.8313,21250,0,3545165,1
2018-04-30 14:32:50,36.59,21250,0,777538,1
2018-04-30 14:32:52,29.0507,21245,0,617182,1
2018-04-30 14:32:52,0.963,21245,0,20459,1
2018-04-30 14:33:34,24.1453,21250,0,-513088,0
2018-04-30 14:33:37,3.7959,21250,0,-80663,0
2018-04-30 14:33:42,207.219,21245,0,-4402368,0
2018-04-30 14:33:42,24.0643,21245,0,-511246,0
2018-04-30 14:33:48,695.00054328,21230,0,-14754862,0
2018-04-30 14:35:34,5.0,21210,0,106050,1
2018-04-30 14:35:35,1.9258,21210,0,40846,1
2018-04-30 14:35:49,0.0235,21150,0,497,1
2018-04-30 14:35:49,85.477,21150,0,1807839,1
2018-04-30 14:35:49,33.06,21150,0,699219,1
2018-04-30 14:35:49,10.0,21150,0,211500,1
2018-04-30 14:38:20,460.2104,21140,0,9728848,1
2018-04-30 14:38:20,316.055,21140,0,6681403,1
2018-04-30 14:39:43,6.2165,21160,0,-131541,0
2018-04-30 14:40:00,48.6899,21185,0,1031496,1
2018-04-30 14:41:16,557.87364249,21170,0,-11810185,0
2018-04-30 14:41:16,4.5723,21170,0,-96796,0
2018-04-30 14:43:54,0.2388,21225,0,5069,1
2018-04-30 14:46:38,23.089,21285,0,491449,1
2018-04-30 14:46:43,539.1181,21285,0,11475129,1
2018-04-30 14:47:39,7.2909,21270,0,-155077,0
2018-04-30 14:48:34,783.10681108,21290,0,-16672344,0
2018-04-30 14:48:34,75.53588891,21290,0,-1608159,0
2018-04-30 14:48:34,134.0664,21290,0,-2854274,0
2018-04-30 14:49:16,130.80128891,21290,0,2784759,1
2018-04-30 14:51:10,190.4356,21230,0,4042948,1
2018-04-30 14:51:18,678.7631,21220,0,14403353,1
2018-04-30 14:51:39,3.6797,21220,0,-78083,0
2018-04-30 14:51:39,588.9669,21220,0,-12497878,0
2018-04-30 14:52:15,47.1,21205,0,998756,1
2018-04-30 14:52:21,10.0,21195,0,211950,1
2018-04-30 14:52:21,451.4701,21195,0,9568909,1
2018-04-30 14:52:21,84.0765,21195,0,1782001,1
2018-04-30 14:53:28,46.3995,21200,0,-983669,0
2018-04-30 14:53:38,3.327e-05,21220,0,-1,0
2018-04-30 14:53:53,136.209,21220,0,-2890355,0
2018-04-30 14:54:48,182.6085,21240,0,3878605,1
2018-04-30 14:57:15,388.01486974,21235,0,-8239496,0
2018-04-30 14:57:45,31.2754,21215,0,663508,1
2018-04-30 14:57:47,83.5267,21220,0,1772437,1
2018-04-30 14:57:51,35.5727,21210,0,754497,1
2018-04-30 14:57:52,4.0497,21210,0,85894,1
2018-04-30 14:57:52,23.5737,21210,0,499998,1
2018-04-30 14:57:52,12.652,21210,0,268349,1
2018-04-30 14:57:52,94.2793,21210,0,1999664,1
2018-04-30 14:57:52,24.0,21210,0,509040,1
2018-04-30 14:57:52,3.0,21210,0,63630,1
2018-04-30 14:57:52,45.6102,21210,0,967392,1
2018-04-30 14:57:52,10.0,21210,0,212100,1
2018-04-30 14:57:53,20.4752,21210,0,434279,1
2018-04-30 14:58:14,37.7961,21210,0,-801655,0
2018-04-30 14:58:41,37.7961,21215,0,801844,1
2018-04-30 15:01:55,3.952e-05,21165,0,-1,0
2018-04-30 15:03:23,20.1351,21140,0,-425656,0
2018-04-30 15:03:43,161.0283,21145,0,-3404943,0
2018-04-30 15:04:10,1.5,21150,0,31725,1
2018-04-30 15:04:11,19.23404255,21150,0,406800,1
2018-04-30 15:04:12,1.0,21150,0,21150,1
2018-04-30 15:04:13,20.0,21150,0,423000,1
2018-04-30 15:04:42,43.2605,21135,0,914311,1
2018-04-30 15:04:43,95.1689,21135,0,2011395,1
2018-04-30 15:04:43,1.0,21135,0,21135,1
2018-04-30 15:07:33,13.8826,21085,0,-292715,0
2018-04-30 15:08:14,13.8826,21080,0,292645,1
2018-04-30 15:09:13,10.0714,21075,0,-212255,0
2018-04-30 15:09:49,10.0714,21025,0,211751,1
2018-04-30 15:10:21,13.4308,21005,0,-282114,0
2018-04-30 15:10:36,13.4308,20960,0,281510,1
2018-04-30 15:14:10,434.953,20755,0,-9027450,0
2018-04-30 15:14:15,66.0725,20750,0,-1371004,0
2018-04-30 15:14:24,501.0255,20740,0,10391269,1
2018-04-30 15:15:51,155.46368884,20610,0,-3204107,0
2018-04-30 15:15:58,155.4637,20605,0,3203330,1
2018-04-30 15:21:24,36.1247,20250,0,-731525,0
2018-04-30 15:21:35,106.2746,20230,0,-2149935,0
2018-04-30 15:21:35,92.7039,20230,0,-1875400,0
2018-04-30 15:21:48,88.4465,20240,0,-1790157,0
2018-04-30 15:21:55,139.5851,20225,0,2823109,1
2018-04-30 15:21:55,16.4,20225,0,331690,1
2018-04-30 15:21:55,11.6884,20225,0,236398,1
2018-04-30 15:22:02,155.8762,20205,0,3149479,1
2018-04-30 15:22:29,143.6091,20125,0,-2890133,0
2018-04-30 15:22:34,143.6091,20185,0,2898750,1
2018-04-30 15:22:39,61.5709,20170,0,-1241885,0
2018-04-30 15:22:55,61.5709,20200,0,1243732,1
2018-04-30 15:24:48,1000.0,20040,0,-20040000,0
2018-04-30 15:25:58,61.9957,19990,0,1239294,1
2018-04-30 15:26:23,11.7354,19840,0,232830,1
2018-04-30 15:26:23,50.0,19840,0,992000,1
2018-04-30 15:26:26,876.2689,19810,0,17358887,1
2018-04-30 15:26:56,1000.0,19630,0,-19630000,0
2018-04-30 15:27:09,1000.0,19730,0,19730000,1
2018-04-30 15:27:34,57.016,19820,0,-1130057,0
2018-04-30 15:27:46,82.8947,19880,0,-1647947,0
2018-04-30 15:27:54,139.9107,19980,0,2795416,1
2018-04-30 15:28:09,11.63,20035,0,-233007,0
2018-04-30 15:28:10,3.7,20035,0,-74130,0
2018-04-30 15:28:15,6.901,20055,0,-138400,0
2018-04-30 15:28:22,22.231,20125,0,447399,1
2018-04-30 15:28:40,1000.0,20075,0,-20075000,0
2018-04-30 15:29:28,86.9914,20060,0,1745047,1
2018-04-30 15:29:36,0.91,19980,0,18182,1
2018-04-30 15:29:37,34.1264,19980,0,681845,1
2018-04-30 15:31:03,643.0121,20225,0,13004920,1
2018-04-30 15:31:04,234.9601,20225,0,4752068,1
2018-04-30 15:31:28,157.0692,20205,0,-3173583,0
2018-04-30 15:31:44,157.0692,20275,0,3184578,1
2018-04-30 15:35:27,14.7539,20410,0,-301127,0
2018-04-30 15:35:52,14.7539,20360,0,300389,1
2018-04-30 15:37:57,1000.0,20350,0,-20350000,0
2018-04-30 15:38:37,252.4556,20350,0,5137471,1
2018-04-30 15:38:37,49.0,20350,0,997150,1
2018-04-30 15:38:37,614.5474,20350,0,12506040,1
2018-04-30 15:38:38,19.4471,20350,0,395748,1
2018-04-30 15:38:38,1.0,20350,0,20350,1
2018-04-30 15:38:38,5.0,20350,0,101750,1
2018-04-30 15:38:38,44.6688,20350,0,909010,1
2018-04-30 15:38:38,13.8811,20350,0,282480,1
2018-04-30 15:40:11,87.6,20250,0,-1773900,0
2018-04-30 15:40:12,38.326,20250,0,-776102,0
2018-04-30 15:40:12,5.38,20250,0,-108945,0
2018-04-30 15:40:12,90.2299,20250,0,-1827155,0
2018-04-30 15:40:12,150.479,20250,0,-3047200,0
2018-04-30 15:40:12,104.9967,20250,0,-2126183,0
2018-04-30 15:40:13,57.543,20250,0,-1165246,0
2018-04-30 15:40:14,191.8477,20250,0,-3884916,0
2018-04-30 15:40:36,725.4527,20260,0,14697672,1
2018-04-30 15:42:26,1.9,20225,0,-38428,0
2018-04-30 15:42:26,99.806,20225,0,-2018576,0
2018-04-30 15:42:26,100.6568,20225,0,-2035784,0
2018-04-30 15:42:32,116.1311,20230,0,-2349332,0
2018-04-30 15:42:32,152.7098,20230,0,-3089319,0
2018-04-30 15:43:03,472.1533,20295,0,9582351,1
2018-04-30 15:43:41,1.0,20380,0,-20380,0
2018-04-30 15:43:41,79.9422,20380,0,-1629222,0
2018-04-30 15:44:03,80.9422,20415,0,1652435,1
2018-04-30 15:44:10,1000.0,20380,0,-20380000,0
2018-04-30 15:44:23,1000.0,20390,0,20390000,1
2018-04-30 15:45:20,233.5123,20280,0,-4735629,0
2018-04-30 15:45:43,233.5123,20265,0,4732127,1
2018-04-30 15:47:21,203.7639,20220,0,-4120106,0
2018-04-30 15:47:22,10.0,20220,0,-202200,0
2018-04-30 15:47:50,213.7639,20200,0,4318031,1
2018-04-30 15:48:13,888.5412,20200,0,-17948532,0
2018-04-30 15:48:14,7.0246,20200,0,-141897,0
2018-04-30 15:48:55,246.63,20150,0,4969595,1
2018-04-30 15:48:55,2.0,20150,0,40300,1
2018-04-30 15:48:55,99.2555,20150,0,1999998,1
2018-04-30 15:48:56,517.1641,20150,0,10420857,1
2018-04-30 15:48:56,30.5162,20150,0,614901,1
2018-04-30 15:50:18,441.7415,20010,0,-8839247,0
2018-04-30 15:50:37,441.7415,20040,0,8852500,1
2018-04-30 15:51:19,103.13157692,20150,0,-2078101,0
2018-04-30 15:51:25,896.8684,20160,0,-18080867,0
2018-04-30 15:51:36,75.4665,20160,0,1521405,1
2018-04-30 15:51:48,322.5031,20130,0,6491987,1
2018-04-30 15:51:51,274.481,20100,0,5517068,1
2018-04-30 15:51:51,164.2994,20100,0,3302418,1
2018-04-30 15:51:51,151.8339,20100,0,3051861,1
2018-04-30 15:51:51,10.0,20100,0,201000,1
2018-04-30 15:51:52,1.4161,20100,0,28464,1
2018-04-30 15:54:59,259.8340923,20020,0,-5201879,0
2018-04-30 15:54:59,455.8788,20020,0,-9126694,0
2018-04-30 15:54:59,112.6162,20020,0,-2254576,0
2018-04-30 15:55:09,828.3291,20045,0,16603857,1
2018-04-30 15:55:24,575.85851552,20030,0,-11534446,0
2018-04-30 15:55:33,9.3482,20060,0,187525,1
2018-04-30 15:55:33,2.0,20060,0,40120,1
2018-04-30 15:55:37,12.5642,20030,0,251661,1
2018-04-30 15:55:37,50.0,20030,0,1001500,1
2018-04-30 15:55:37,107.3638,20030,0,2150497,1
2018-04-30 15:55:42,42.9482,20000,0,-858964,0
2018-04-30 15:55:42,185.72625,20000,0,-3714525,0
2018-04-30 15:56:23,100.0,19995,0,1999500,1
2018-04-30 15:56:23,70.6523,19995,0,1412693,1
2018-04-30 15:57:00,57.989,20090,0,-1164999,0
2018-04-30 15:57:37,27.3816,20000,0,547632,1
2018-04-30 15:57:37,323.0357,20000,0,6460714,1
2018-04-30 15:57:38,46.8885,20000,0,937770,1
2018-04-30 15:57:49,13.8671,19980,0,277065,1
2018-04-30 15:57:49,9.5458,19980,0,190725,1
2018-04-30 15:57:50,1.0,19980,0,19980,1
2018-04-30 15:57:50,9.5053,19980,0,189916,1
2018-04-30 15:57:51,79.3694,19980,0,1585801,1
2018-04-30 15:58:33,43.592,19920,0,-868353,0
2018-04-30 15:58:45,43.592,19910,0,867917,1
2018-04-30 16:00:51,968.0479,19825,0,-19191550,0
2018-04-30 16:00:51,31.9521,19825,0,-633450,0
2018-04-30 16:03:31,13.147,19770,0,259916,1
2018-04-30 16:03:31,986.853,19770,0,19510084,1
2018-04-30 16:04:53,241.1477,19575,0,-4720466,0
2018-04-30 16:05:03,241.1477,19605,0,4727701,1
2018-04-30 16:08:11,8.2423,19220,0,-158417,0
2018-04-30 16:08:15,8.2423,19275,0,158870,1
2018-04-30 16:08:26,18.7495,19285,0,-361584,0
2018-04-30 16:08:38,57.989,19280,0,-1118028,0
2018-04-30 16:08:45,76.7385,19235,0,1476065,1
2018-04-30 16:09:41,2.0,19250,0,-38500,0
2018-04-30 16:09:41,110.8093,19250,0,-2133079,0
2018-04-30 16:10:10,2.34854343,19395,0,45550,1
2018-04-30 16:10:10,70.36787831,19395,0,1364785,1
2018-04-30 16:10:17,40.0929,19390,0,777401,1
2018-04-30 16:10:53,263.4307,19200,0,-5057869,0
2018-04-30 16:10:53,224.8076,19200,0,-4316306,0
2018-04-30 16:11:28,488.2383,19050,0,9300940,1
2018-04-30 16:13:07,69.8129,18955,0,-1323304,0
2018-04-30 16:13:33,916.5852,19020,0,-17433451,0
2018-04-30 16:13:54,443.9806,19090,0,8475590,1
2018-04-30 16:14:07,161.9075,19050,0,3084338,1
2018-04-30 16:14:35,380.51,19200,0,7305792,1
2018-04-30 16:16:12,1000.0,19170,0,-19170000,0
2018-04-30 16:16:57,405.5858,19030,0,7718298,1
2018-04-30 16:17:02,594.4142,19010,0,11299814,1
2018-04-30 16:17:23,513.65841554,19090,0,-9805739,0
2018-04-30 16:17:33,100.0,19090,0,1909000,1
2018-04-30 16:18:06,178.9641,19120,0,-3421794,0
2018-04-30 16:18:39,244.8171,19260,0,4715177,1
2018-04-30 16:18:39,141.3004,19260,0,2721446,1
2018-04-30 16:18:40,206.505,19260,0,3977286,1
2018-04-30 16:18:51,2.1,19325,0,-40583,0
2018-04-30 16:18:52,5.6,19330,0,-108248,0
2018-04-30 16:18:52,4.2,19330,0,-81186,0
2018-04-30 16:18:52,11.8,19330,0,-228094,0
2018-04-30 16:18:52,4.7,19330,0,-90851,0
2018-04-30 16:19:00,28.4,19330,0,548972,1
2018-04-30 16:19:24,2.2,19300,0,-42460,0
2018-04-30 16:19:46,2.2,19420,0,42724,1
2018-04-30 16:20:29,585.71893634,19455,0,-11395162,0
2018-04-30 16:20:29,185.3689,19455,0,-3606352,0
2018-04-30 16:21:31,27.7508,19445,0,539614,1
2018-04-30 16:21:31,559.06720386,19445,0,10871062,1
2018-04-30 16:21:32,89.1553,19445,0,1733625,1
2018-04-30 16:21:32,55.8527642,19445,0,1086057,1
2018-04-30 16:21:33,39.26183193,19445,0,763446,1
2018-04-30 16:21:45,248.5729,19395,0,-4821071,0
2018-04-30 16:22:14,248.5729,19270,0,4790000,1
2018-04-30 16:22:53,4.0493,19270,0,-78030,0
2018-04-30 16:22:53,34.0,19270,0,-655180,0
2018-04-30 16:22:58,100.0125,19320,0,-1932242,0
2018-04-30 16:23:04,46.528,19345,0,-900084,0
2018-04-30 16:23:10,97.4648,19375,0,1888381,1
2018-04-30 16:23:20,87.125,19365,0,1687176,1
2018-04-30 16:25:02,100.0,19605,0,-1960500,0
2018-04-30 16:25:02,101.2878,19605,0,-1985747,0
2018-04-30 16:25:06,155.8114,19625,0,-3057799,0
2018-04-30 16:25:06,155.8114,19625,0,-3057799,0
2018-04-30 16:27:55,51.5547,19855,0,1023619,1
2018-04-30 16:27:55,1.0,19855,0,19855,1
2018-04-30 16:27:55,1.0283,19855,0,20417,1
2018-04-30 16:27:55,49.6352,19855,0,985507,1
2018-04-30 16:28:00,45.0,19790,0,890550,1
2018-04-30 16:28:00,22.4578,19790,0,444440,1
2018-04-30 16:28:00,202.1413,19790,0,4000376,1
2018-04-30 16:28:00,4.7187,19790,0,93383,1
2018-04-30 16:28:03,93.9517,19750,0,1855546,1
2018-04-30 16:28:04,41.4229,19750,0,818102,1
2018-04-30 16:28:43,1000.0,19660,0,-19660000,0
2018-04-30 16:30:50,671.4625,19750,0,13261384,1
2018-04-30 16:30:51,328.5375,19750,0,6488616,1
2018-04-30 16:32:07,231.0319,19565,0,-4520139,0
2018-04-30 16:32:08,153.9878,19565,0,-3012771,0
2018-04-30 16:32:11,385.0197,19685,0,7579113,1
2018-04-30 16:35:56,296.8784,19695,0,-5847020,0
2018-04-30 16:36:54,22.7625,19695,0,448307,1
2018-04-30 16:37:23,5.5619,19730,0,109736,1
2018-04-30 16:37:23,87.1262,19730,0,1719000,1
2018-04-30 16:37:31,181.4278,19675,0,3569592,1
2018-04-30 16:37:58,20.0,19770,0,-395400,0
2018-04-30 16:38:08,20.0,19780,0,395600,1
2018-04-30 16:38:23,496.4253,19760,0,-9809364,0
2018-04-30 16:38:34,496.4253,19770,0,9814328,1
2018-04-30 16:38:58,3.3191,19655,0,-65237,0
2018-04-30 16:40:06,138.9064,19625,0,-2726038,0
2018-04-30 16:40:29,142.2255,19740,0,2807531,1
2018-04-30 16:41:50,1000.0,19820,0,-19820000,0
2018-04-30 16:42:07,1000.0,19865,0,19865000,1
2018-04-30 16:43:19,6.8,19965,0,-135762,0
2018-04-30 16:43:55,6.8,19970,0,135796,1
2018-04-30 16:45:13,212.0084,20100,0,-4261369,0
2018-04-30 16:45:14,94.1538,20110,0,-1893433,0
2018-04-30 16:45:20,693.8378,20100,0,-13946140,0
2018-04-30 16:46:03,54.0308,20085,0,1085209,1
2018-04-30 16:46:04,41.522,20085,0,833969,1
2018-04-30 16:46:04,9.7364,20085,0,195556,1
2018-04-30 16:46:08,8.0748,20075,0,162102,1
2018-04-30 16:46:28,878.63,19955,0,17533062,1
2018-04-30 16:46:28,8.006,19985,0,160000,1
2018-04-30 16:46:51,11.0,19950,0,-219450,0
2018-04-30 16:46:55,2.8091,19945,0,-56027,0
2018-04-30 16:46:59,344.62930601,19950,0,-6875355,0
2018-04-30 16:46:59,140.99999398,19950,0,-2812950,0
2018-04-30 16:47:14,499.4384,19965,0,9971288,1
2018-04-30 16:47:24,11.9393,19995,0,-238726,0
2018-04-30 16:47:54,134.8988,19950,0,-2691231,0
2018-04-30 16:47:54,853.1619,19965,0,-17033377,0
2018-04-30 16:48:00,1000.0,19990,0,19990000,1
2018-04-30 16:48:12,566.21015427,19900,0,-11267582,0
2018-04-30 16:48:12,433.78984572,19900,0,-8632418,0
2018-04-30 16:49:21,411.7132,19960,0,8217795,1
2018-04-30 16:49:25,142.996,19945,0,2852055,1
2018-04-30 16:49:50,50.0,19800,0,990000,1
2018-04-30 16:49:50,41.3233,19800,0,818201,1
2018-04-30 16:49:52,0.1217,19800,0,2410,1
2018-04-30 16:49:52,10.0,19800,0,198000,1
2018-04-30 16:49:52,343.8458,19800,0,6808147,1
2018-04-30 16:50:24,24.8709,19850,0,-493687,0
2018-04-30 16:50:46,17.0,19830,0,-337110,0
2018-04-30 16:50:57,41.8709,19800,0,829044,1
2018-04-30 16:51:21,196.3728,19775,0,-3883272,0
2018-04-30 16:51:25,77.9004,19820,0,-1543986,0
2018-04-30 16:51:44,274.2732,19885,0,5453923,1
2018-04-30 16:52:53,686.3926,20010,0,-13734716,0
2018-04-30 16:52:53,313.6074,20010,0,-6275284,0
2018-04-30 16:53:14,3.0,19950,0,59850,1
2018-04-30 16:53:14,628.8101,19950,0,12544761,1
2018-04-30 16:53:15,29.8198,19950,0,594905,1
2018-04-30 16:53:15,25.0626,19950,0,499999,1
2018-04-30 16:54:16,8.796e-05,19950,0,-2,0
2018-04-30 16:54:48,4.0405,19920,0,-80487,0
2018-04-30 16:55:15,13.58242471,19990,0,-271513,0
2018-04-30 16:55:15,5.0,19990,0,-99950,0
2018-04-30 16:55:15,500.0,19990,0,-9995000,0
2018-04-30 16:56:17,398.8692,20160,0,8041203,1
2018-04-30 16:56:17,396.2896,20160,0,7989198,1
2018-04-30 16:56:18,9.91314484,20160,0,199849,1
2018-04-30 16:56:21,30.8585,20140,0,621490,1
2018-04-30 17:00:51,776.7889,20125,0,-15632877,0
2018-04-30 17:01:00,776.7889,20175,0,15671716,1
2018-04-30 17:02:18,160.6243,20130,0,-3233367,0
2018-04-30 17:02:23,50.0,20150,0,1007500,1
2018-04-30 17:02:27,889.3757,20100,0,-17876452,0
2018-04-30 17:03:21,57.9166,20170,0,1168178,1
2018-04-30 17:04:23,942.0834,20180,0,19011243,1
2018-04-30 17:04:46,398.57097676,20225,0,-8061098,0
2018-04-30 17:04:47,3.62442323,20225,0,-73304,0
2018-04-30 17:04:47,246.0304,20225,0,-4975965,0
2018-04-30 17:05:31,540.545,20190,0,10913604,1
2018-04-30 17:05:31,107.6808,20190,0,2174075,1
2018-04-30 17:05:52,1000.0,20175,0,-20175000,0
2018-04-30 17:07:07,41.5338,20110,0,835245,1
2018-04-30 17:07:30,17.0,20040,0,340680,1
2018-04-30 17:07:35,13.0409,20000,0,260818,1
2018-04-30 17:07:35,125.0,20000,0,2500000,1
2018-04-30 17:07:35,200.0,20000,0,4000000,1
2018-04-30 17:07:36,3.6854,20000,0,73708,1
2018-04-30 17:07:36,18.0,20000,0,360000,1
2018-04-30 17:07:36,7.0,20000,0,140000,1
2018-04-30 17:07:37,396.4037,20000,0,7928074,1
2018-04-30 17:07:37,50.0,20000,0,1000000,1
2018-04-30 17:07:37,23.1121,20000,0,462242,1
2018-04-30 17:07:37,80.2241,20000,0,1604482,1
2018-04-30 17:07:37,25.0,20000,0,500000,1
2018-04-30 17:07:57,890.6413,20000,0,-17812826,0
2018-04-30 17:07:57,109.3587,20000,0,-2187174,0
2018-04-30 17:08:48,169.8106,20100,0,3413193,1
2018-04-30 17:08:48,4.0487,20100,0,81379,1
2018-04-30 17:08:52,153.8248,20085,0,3089571,1
2018-04-30 17:08:52,672.3159,20100,0,13513550,1
2018-04-30 17:09:47,489.2688,20020,0,-9795161,0
2018-04-30 17:09:52,37.3527,20020,0,-747801,0
2018-04-30 17:10:35,60.7737,20060,0,1219120,1
2018-04-30 17:10:39,1.0,20015,0,20015,1
2018-04-30 17:10:40,7.1572,20015,0,143251,1
2018-04-30 17:11:20,457.6906,20075,0,9188139,1
2018-04-30 17:14:11,180.3227,19955,0,-3598339,0
2018-04-30 17:14:36,24.0229,20030,0,481179,1
2018-04-30 17:14:36,30.491,20030,0,610735,1
2018-04-30 17:14:40,75.8088,20000,0,1516176,1
2018-04-30 17:14:40,50.0,20010,0,1000500,1
2018-04-30 17:19:58,112.7853,19715,0,-2223562,0
2018-04-30 17:20:07,35.0516,19715,0,-691042,0
2018-04-30 17:20:07,5.5,19715,0,-108433,0
2018-04-30 17:20:39,14.3140764,19700,0,281987,1
2018-04-30 17:20:39,59.421,19700,0,1170594,1
2018-04-30 17:20:39,46.6551,19700,0,919105,1
2018-04-30 17:20:40,32.94672359,19700,0,649050,1
2018-04-30 17:21:32,1000.0,19740,0,-19740000,0
2018-04-30 17:22:15,1000.0,19740,0,19740000,1
2018-04-30 17:22:52,479.2537,19735,0,-9458072,0
2018-04-30 17:23:16,139.6376,19530,0,2727122,1
2018-04-30 17:23:16,339.6161,19530,0,6632702,1
2018-04-30 17:24:36,94.8431,19460,0,-1845647,0
2018-04-30 17:24:50,901.7998,19420,0,-17512952,0
2018-04-30 17:25:39,22.0,19325,0,425150,1
2018-04-30 17:26:52,974.6429,19555,0,19059142,1
2018-04-30 17:26:56,202.9777,19520,0,-3962125,0
2018-04-30 17:27:15,20.0,19480,0,389600,1
2018-04-30 17:27:38,182.9777,19480,0,3564406,1
2018-04-30 17:27:54,1000.0,19545,0,-19545000,0
2018-04-30 17:28:09,651.3899,19560,0,12741186,1
2018-04-30 17:28:10,20.0,19500,0,390000,1
2018-04-30 17:28:10,221.7286,19500,0,4323708,1
2018-04-30 17:28:14,106.8815,19480,0,2082052,1
2018-04-30 17:28:55,230.5007,19550,0,-4506289,0
2018-04-30 17:29:03,7.0,19550,0,-136850,0
2018-04-30 17:29:19,37.269,19555,0,-728795,0
2018-04-30 17:29:50,33.45307377,19520,0,653004,1
2018-04-30 17:30:38,1.0,19595,0,-19595,0
2018-04-30 17:30:49,242.3167,19690,0,4771216,1
2018-04-30 17:31:17,698.9788,19685,0,-13759398,0
2018-04-30 17:31:32,265.8574,19700,0,5237391,1
2018-04-30 17:31:32,131.8236,19700,0,2596925,1
2018-04-30 17:31:32,93.09664974,19700,0,1834004,1
2018-04-30 17:31:32,4.71243654,19700,0,92835,1
2018-04-30 17:31:36,54.392,19670,0,-1069891,0
2018-04-30 17:31:42,2.2889,19670,0,-45023,0
2018-04-30 17:31:42,0.1111,19670,0,-2185,0
2018-04-30 17:32:03,22.8866,19605,0,448692,1
2018-04-30 17:32:03,237.3941,19600,0,4652924,1
2018-04-30 17:32:09,27.4767,19600,0,-538543,0
2018-04-30 17:32:13,27.4767,19600,0,538543,1
2018-04-30 17:32:22,262.57520816,19600,0,-5146474,0
2018-04-30 17:32:22,0.4874,19600,0,-9553,0
2018-04-30 17:32:23,3.4987,19600,0,-68575,0
2018-04-30 17:32:40,49.4514,19680,0,973204,1
2018-04-30 17:32:40,217.1099,19675,0,4271637,1
2018-04-30 17:32:56,29.19014715,19685,0,-574608,0
2018-04-30 17:32:56,120.2571,19700,0,-2369065,0
2018-04-30 17:32:57,157.10752584,19700,0,-3095018,0
2018-04-30 17:33:00,14.6,19700,0,-287620,0
2018-04-30 17:33:17,76.2157,19650,0,1497639,1
2018-04-30 17:33:18,0.2889,19650,0,5677,1
2018-04-30 17:33:40,244.6502,19590,0,4792697,1
2018-04-30 17:34:33,10.4993,19600,0,-205786,0
2018-04-30 17:35:09,211.1569,19635,0,-4146066,0
2018-04-30 17:35:15,778.3438,19625,0,-15274997,0
2018-04-30 17:37:02,329.9991,19620,0,6474582,1
2018-04-30 17:37:06,10.6053,19605,0,207917,1
2018-04-30 17:37:10,117.0,19595,0,2292615,1
2018-04-30 17:37:10,461.092,19590,0,9032792,1
2018-04-30 17:37:37,49.1775567,19550,0,961421,1
2018-04-30 17:37:37,0.2846,19550,0,5564,1
2018-04-30 17:37:38,31.84144329,19550,0,622500,1
2018-04-30 17:38:27,9.69,19510,0,-189052,0
2018-04-30 17:38:40,9.69,19535,0,189294,1
2018-04-30 17:42:39,6.663e-05,19530,0,-1,0
2018-04-30 17:42:43,146.4317,19535,0,-2860543,0
2018-04-30 17:42:43,20.99996746,19535,0,-410234,0
2018-04-30 17:42:43,589.55453253,19535,0,-11516948,0
2018-04-30 17:43:11,756.9862,19650,0,14874779,1
2018-04-30 17:44:25,50.0,19700,0,-985000,0
2018-04-30 17:44:25,639.18016748,19700,0,-12591849,0
2018-04-30 17:44:25,310.81983251,19700,0,-6123151,0
2018-04-30 17:44:58,3.5714,19655,0,70196,1
2018-04-30 17:44:58,996.4286,19655,0,19584804,1
2018-04-30 17:45:35,1000.0,19755,0,-19755000,0
2018-04-30 17:46:47,25.8416,19715,0,509467,1
2018-04-30 17:47:11,29.1071,19715,0,573846,1
2018-04-30 17:47:11,24.3284,19715,0,479634,1
2018-04-30 17:47:15,336.9244,19730,0,6647518,1
2018-04-30 17:47:21,25.3,19730,0,499169,1
2018-04-30 17:47:21,50.0,19730,0,986500,1
2018-04-30 17:48:05,239.29964717,19840,0,4747705,1
2018-04-30 17:48:06,154.57425282,19840,0,3066753,1
2018-04-30 17:48:06,114.6246,19840,0,2274152,1
2018-04-30 17:52:37,34.2706,19755,0,-677016,0
2018-04-30 17:52:42,34.2706,19770,0,677530,1
2018-04-30 17:54:52,1000.0,19700,0,-19700000,0
2018-04-30 17:55:36,33.2217,19670,0,653471,1
2018-04-30 17:56:46,64.8829,19820,0,1285979,1
2018-04-30 17:56:52,403.2759,19845,0,8003010,1
2018-04-30 17:57:13,82.3612,19785,0,1629516,1
2018-04-30 17:57:13,141.1795,19785,0,2793236,1
2018-04-30 17:57:13,32.01,19785,0,633318,1
2018-04-30 17:57:43,233.1531,19815,0,-4619929,0
2018-04-30 17:57:47,523.7781,19815,0,-10378663,0
2018-04-30 18:00:00,53.1,19875,0,1055363,1
2018-04-30 18:03:29,109.0944,19960,0,2177524,1
2018-04-30 18:03:29,22.4579,19960,0,448260,1
2018-04-30 18:03:45,304.5939,19925,0,6069033,1
2018-04-30 18:04:31,510.7538,19810,0,10118033,1
2018-04-30 18:06:35,111.859,19910,0,-2227113,0
2018-04-30 18:07:02,111.859,19955,0,2232146,1
2018-04-30 18:08:11,52.1378,19840,0,-1034414,0
2018-04-30 18:08:11,54.0383,19840,0,-1072120,0
2018-04-30 18:08:15,337.8443558,19855,0,-6707900,0
2018-04-30 18:08:20,555.9794,19840,0,-11030631,0
2018-04-30 18:09:16,12.0,19820,0,237840,1
2018-04-30 18:09:31,19.8381,19795,0,392695,1
2018-04-30 18:09:31,212.1747,19795,0,4199998,1
2018-04-30 18:09:31,2.0,19795,0,39590,1
2018-04-30 18:09:31,113.161,19795,0,2240022,1
2018-04-30 18:09:32,1.5861,19795,0,31397,1
2018-04-30 18:09:34,50.8369,19785,0,1005808,1
2018-04-30 18:09:34,588.4031,19785,0,11641555,1
2018-04-30 18:10:09,376.6996,19785,0,-7453002,0
2018-04-30 18:10:36,445.41890637,19770,0,-8805932,0
2018-04-30 18:20:15,181.5163,19975,0,3625788,1
2018-04-30 18:20:18,7.644,19950,0,152498,1
2018-04-30 18:20:19,5.287,19950,0,105476,1
2018-04-30 18:20:53,84.084,19980,0,1679998,1
2018-04-30 18:21:12,543.5872,19980,0,10860872,1
2018-04-30 18:21:18,29.0464,19990,0,-580638,0
2018-04-30 18:21:27,970.9536,20000,0,-19419072,0
2018-04-30 18:21:57,130.7267,19970,0,2610612,1
2018-04-30 18:21:57,242.4,19965,0,4839516,1
2018-04-30 18:21:57,14.9491,19965,0,298459,1
2018-04-30 18:22:01,1.0,19955,0,19955,1
2018-04-30 18:22:10,60.263,19945,0,1201946,1
2018-04-30 18:22:10,63.8796,19940,0,1273759,1
2018-04-30 18:22:11,76.9026,19940,0,1533438,1
2018-04-30 18:22:30,41.481,19970,0,-828376,0
2018-04-30 18:22:50,548.64,19955,0,-10948111,0
2018-04-30 18:24:25,5.0069,19985,0,100063,1
2018-04-30 18:24:25,158.8527,19985,0,3174671,1
2018-04-30 18:24:26,668.1264,19985,0,13352506,1
2018-04-30 18:24:29,155.4115,19960,0,3102014,1
2018-04-30 18:24:30,8.3595,19960,0,166856,1
2018-04-30 18:24:30,4.243,19960,0,84690,1
2018-04-30 18:24:39,1000.0,19970,0,-19970000,0
2018-04-30 18:25:02,20.7,19940,0,412758,1
2018-04-30 18:25:02,45.0,19940,0,897300,1
2018-04-30 18:25:02,0.1504,19940,0,2999,1
2018-04-30 18:25:02,49.1321,19940,0,979694,1
2018-04-30 18:25:02,17.9078,19940,0,357082,1
2018-04-30 18:25:03,6.1657,19940,0,122944,1
2018-04-30 18:25:03,146.5474,19940,0,2922155,1
2018-04-30 18:27:07,695.4,19905,0,13841937,1
2018-04-30 18:27:07,18.9966,19905,0,378127,1
2018-04-30 18:28:16,1.0535,19950,0,-21017,0
2018-04-30 18:28:26,1.0535,20000,0,21070,1
2018-04-30 18:28:31,31.2372,19970,0,-623807,0
2018-04-30 18:28:43,3.4,19985,0,67949,1
2018-04-30 18:28:47,27.8372,19980,0,556187,1
2018-04-30 18:30:45,372.77613673,20050,0,-7474162,0
2018-04-30 18:31:01,248.7126,20080,0,4994149,1
2018-04-30 18:31:08,121.6151,20080,0,2442031,1
2018-04-30 18:31:08,2.4484,20085,0,49176,1
2018-04-30 18:32:44,3.3,20120,0,-66396,0
2018-04-30 18:32:44,558.9505,20120,0,-11246084,0
2018-04-30 18:32:58,374.0074,20120,0,7525029,1
2018-04-30 18:32:58,66.7603,20120,0,1343217,1
2018-04-30 18:32:58,121.4828,20120,0,2444234,1
2018-04-30 18:34:11,10.0,20095,0,-200950,0
2018-04-30 18:34:16,990.0,20100,0,-19899000,0
2018-04-30 18:38:24,81.5621,20060,0,1636136,1
2018-04-30 18:38:24,152.0,20060,0,3049120,1
2018-04-30 18:38:24,66.733,20060,0,1338664,1
2018-04-30 18:38:24,7.9632,20060,0,159742,1
2018-04-30 18:38:36,1.3,20055,0,26072,1
2018-04-30 18:41:20,362.9599,20070,0,7284605,1
2018-04-30 18:41:43,327.4818,20040,0,6562735,1
2018-04-30 18:42:34,6.462e-05,20040,0,-1,0
2018-04-30 18:46:17,58.935,20035,0,-1180763,0
2018-04-30 18:47:25,93.4572,20005,0,-1869611,0
2018-04-30 18:47:25,300.0,20005,0,-6001500,0
2018-04-30 18:47:40,79.9189,20000,0,1598378,1
2018-04-30 18:47:41,372.4734,19995,0,7447606,1
2018-04-30 18:50:36,660.5691,19825,0,-13095782,0
2018-04-30 18:52:19,366.7192,19875,0,7288544,1
2018-04-30 18:52:23,76.6416,19875,0,1523252,1
2018-04-30 18:52:29,35.3354,19875,0,702291,1
2018-04-30 18:52:36,8.0239,19875,0,159475,1
2018-04-30 18:53:41,570.469,19835,0,-11315253,0
2018-04-30 18:53:44,12.7933,19855,0,254011,1
2018-04-30 18:58:44,2.5087,19930,0,49998,1
2018-04-30 18:58:44,58.935,19930,0,1174575,1
2018-04-30 18:59:50,670.081,19925,0,13351364,1
2018-04-30 19:04:06,1000.0,19800,0,-19800000,0
2018-04-30 19:05:39,53.5455,19770,0,1058595,1
2018-04-30 19:05:39,4.963,19770,0,98119,1
2018-04-30 19:05:39,2.0,19770,0,39540,1
2018-04-30 19:06:51,457.3237,19720,0,9018423,1
2018-04-30 19:06:55,5.0508,19695,0,99476,1
2018-04-30 19:06:55,15.6966,19695,0,309145,1
2018-04-30 19:06:55,42.2115,19695,0,831355,1
2018-04-30 19:06:56,387.1583,19695,0,7625083,1
2018-04-30 19:07:28,269.72757768,19720,0,-5319028,0
2018-04-30 19:07:28,48.39622231,19720,0,-954374,0
2018-04-30 19:07:28,7.0,19720,0,-138040,0
2018-04-30 19:07:32,412.4419,19710,0,-8129230,0
2018-04-30 19:11:23,769.6163,19800,0,15238403,1
2018-04-30 19:12:58,647.8403,19740,0,-12788368,0
2018-04-30 19:13:59,0.1042,19730,0,2056,1
2018-04-30 19:15:28,127.0695,19680,0,2500728,1
2018-04-30 19:16:15,1.0,19685,0,19685,1
2018-04-30 19:16:15,1.6,19675,0,31480,1
2018-04-30 19:16:15,1.6,19675,0,31480,1
2018-04-30 19:16:15,350.6633,19690,0,6904560,1
2018-04-30 19:17:05,3.9,19660,0,-76674,0
2018-04-30 19:17:45,169.7033,19640,0,3332973,1
2018-04-30 19:19:25,4.11376139,19615,0,-80691,0
2018-04-30 19:19:25,136.4481,19610,0,-2675747,0
2018-04-30 19:19:25,46.4312386,19615,0,-910749,0
2018-04-30 19:20:07,8.5863456,19650,0,-168722,0
2018-04-30 19:20:08,446.8016,19650,0,-8779651,0
2018-04-30 19:20:08,357.61895439,19650,0,-7027212,0
2018-04-30 19:21:40,2.3256,19600,0,45582,1
2018-04-30 19:21:40,278.1076,19600,0,5450909,1
2018-04-30 19:21:40,153.0613,19600,0,3000001,1
2018-04-30 19:21:40,6.7118,19600,0,131551,1
2018-04-30 19:21:56,171.7475,19585,0,3363675,1
2018-04-30 19:22:06,611.9538,19580,0,-11982055,0
2018-04-30 19:23:34,175.5,19570,0,3434535,1
2018-04-30 19:33:00,117.4872,19625,0,2305686,1
2018-04-30 19:33:23,60.2181,19605,0,1180576,1
2018-04-30 19:33:23,1.484,19605,0,29094,1
2018-04-30 19:33:23,21.9726,19605,0,430773,1
2018-04-30 19:33:24,1.0,19605,0,19605,1
2018-04-30 19:33:24,284.582,19605,0,5579230,1
2018-04-30 19:33:24,337.7561,19605,0,6621708,1
2018-04-30 19:34:45,6.7943,19780,0,-134391,0
2018-04-30 19:34:53,6.7943,19830,0,134731,1
2018-04-30 19:35:23,2.8,19970,0,-55916,0
2018-04-30 19:35:23,1.8,19970,0,-35946,0
2018-04-30 19:35:23,7.1,19970,0,-141787,0
2018-04-30 19:35:24,2.5,19970,0,-49925,0
2018-04-30 19:35:24,1.7,19970,0,-33949,0
2018-04-30 19:35:24,1.2,19970,0,-23964,0
2018-04-30 19:35:24,1.5,19970,0,-29955,0
2018-04-30 19:35:24,7.1,19970,0,-141787,0
2018-04-30 19:35:25,1.6,19970,0,-31952,0
2018-04-30 19:35:25,1.8,19970,0,-35946,0
2018-04-30 19:35:45,29.1,20075,0,584183,1
2018-04-30 19:35:58,1.2,20035,0,-24042,0
2018-04-30 19:35:58,2.3,20035,0,-46081,0
2018-04-30 19:35:58,1.4,20035,0,-28049,0
2018-04-30 19:36:15,4.9,19990,0,97951,1
2018-04-30 19:36:54,253.1848,20040,0,-5073823,0
2018-04-30 19:37:31,58.935,20080,0,1183415,1
2018-04-30 19:37:36,104.6922,20080,0,2102219,1
2018-04-30 19:37:37,79.2943227,20080,0,1592230,1
2018-04-30 19:37:49,10.2633,20060,0,205882,1
2018-04-30 19:40:31,21.9396,20095,0,-440876,0
2018-04-30 19:40:31,136.02849025,20095,0,-2733493,0
2018-04-30 19:40:31,0.231,20095,0,-4642,0
2018-04-30 19:40:32,1.5387,20095,0,-30920,0
2018-04-30 19:40:32,68.8087,20095,0,-1382711,0
2018-04-30 19:40:32,44.6869,20095,0,-897983,0
2018-04-30 19:40:32,46.3304,20095,0,-931009,0
2018-04-30 19:40:32,308.8014,20095,0,-6205364,0
2018-04-30 19:40:32,371.63480974,20095,0,-7468002,0
2018-04-30 19:41:55,243.69960726,20370,0,4964161,1
2018-04-30 19:42:13,353.1008,20365,0,7190898,1
2018-04-30 19:42:14,124.8461,20365,0,2542491,1
2018-04-30 19:42:14,1.6385,20365,0,33368,1
2018-04-30 19:42:14,39.6619,20365,0,807715,1
2018-04-30 19:42:14,130.6003,20365,0,2659675,1
2018-04-30 19:42:14,95.0,20365,0,1934675,1
2018-04-30 19:42:15,11.4528,20365,0,233236,1
2018-04-30 19:45:40,147.31403307,20380,0,-3002260,0
2018-04-30 19:45:43,19.5505,20390,0,398635,1
2018-04-30 19:45:44,127.7635,20390,0,2605098,1
2018-04-30 19:46:06,1.2805,20390,0,-26109,0
2018-04-30 19:46:23,1.2805,20375,0,26090,1
2018-04-30 19:47:21,11.8,20180,0,-238124,0
2018-04-30 19:47:33,988.2,20210,0,-19971522,0
2018-04-30 19:48:49,15.9006,20275,0,322385,1
2018-04-30 19:48:50,120.2167,20275,0,2437394,1
2018-04-30 19:48:55,194.3477,20250,0,3935541,1
2018-04-30 19:48:55,42.9941,20250,0,870631,1
2018-04-30 19:49:04,10.0,20250,0,202500,1
2018-04-30 19:49:04,517.018,20250,0,10469615,1
2018-04-30 19:49:19,70.0,20240,0,1416800,1
2018-04-30 19:49:42,188.6596,20250,0,-3820357,0
2018-04-30 19:50:32,24.70966147,20235,0,500000,1
2018-04-30 19:50:32,138.8332,20235,0,2809290,1
2018-04-30 19:50:39,54.6396,20225,0,1105086,1
2018-04-30 19:52:27,1.602,20200,0,-32360,0
2018-04-30 19:52:28,123.6007,20200,0,-2496734,0
2018-04-30 19:52:43,86.1384,20200,0,1739996,1
2018-04-30 19:52:44,39.0643,20200,0,789099,1
2018-04-30 19:53:47,1000.0,20125,0,-20125000,0
2018-04-30 19:53:54,0.2592,20135,0,5219,1
2018-04-30 19:54:03,21.4,20135,0,430889,1
2018-04-30 19:54:55,930.195,20215,0,18803892,1
2018-04-30 19:54:55,48.1458,20215,0,973267,1
2018-04-30 19:56:19,7.73,20410,0,-157769,0
2018-04-30 19:56:19,42.195,20410,0,-861200,0
2018-04-30 19:56:35,564.943,20400,0,-11524837,0
2018-04-30 19:57:11,614.868,20435,0,12564828,1
2018-04-30 20:00:16,3.005e-05,20365,0,-1,0
2018-04-30 20:00:58,66.0446,20455,0,-1350942,0
2018-04-30 20:01:13,8.117,20505,0,-166439,0
2018-04-30 20:01:18,5.064,20510,0,-103863,0
2018-04-30 20:01:20,79.2257,20530,0,1626504,1
2018-04-30 20:01:36,125.9943,20555,0,-2589813,0
2018-04-30 20:01:36,874.0057,20555,0,-17965187,0
2018-04-30 20:01:44,8.1672,20575,0,168040,1
2018-04-30 20:01:44,545.2187,20575,0,11217875,1
2018-04-30 20:01:54,9.99991342,20630,0,-206298,0
2018-04-30 20:01:54,1.12598657,20630,0,-23229,0
2018-04-30 20:02:08,451.9598588,20680,0,-9346530,0
2018-04-30 20:02:10,48.47,20680,0,-1002360,0
2018-04-30 20:02:10,35.22604119,20680,0,-728475,0
2018-04-30 20:02:35,10.0,20785,0,207850,1
2018-04-30 20:02:35,107.3031,20785,0,2230295,1
2018-04-30 20:02:36,6.6194852,20785,0,137586,1
2018-04-30 20:02:36,25.9831,20785,0,540059,1
2018-04-30 20:02:36,421.7109,20785,0,8765261,1
2018-04-30 20:02:39,25.5695,20795,0,531717,1
2018-04-30 20:02:44,208.454,20785,0,4332716,1
2018-04-30 20:02:44,187.7558,20785,0,3902504,1
2018-04-30 20:03:01,392.5809,20780,0,-8157831,0
2018-04-30 20:03:11,392.5809,20700,0,8126425,1
2018-04-30 20:03:34,109.8425,20600,0,-2262756,0
2018-04-30 20:03:38,360.98111553,20600,0,-7436211,0
2018-04-30 20:03:38,51.80458446,20600,0,-1067174,0
2018-04-30 20:04:13,4.0,20575,0,82300,1
2018-04-30 20:04:13,10.0,20575,0,205750,1
2018-04-30 20:04:17,508.6282,20600,0,10477741,1
2018-04-30 20:05:06,105.6679,20625,0,-2179400,0
2018-04-30 20:05:06,5.0343,20625,0,-103832,0
2018-04-30 20:05:26,3.1265,20685,0,-64672,0
2018-04-30 20:05:32,113.8287,20700,0,2356254,1
2018-04-30 20:05:54,380.1116,20710,0,-7872111,0
2018-04-30 20:06:17,225.41021199,20680,0,-4661483,0
2018-04-30 20:06:17,184.369988,20680,0,-3812771,0
2018-04-30 20:06:24,789.8918,20680,0,16334962,1
2018-04-30 20:07:03,108.74930411,20795,0,-2261442,0
2018-04-30 20:07:03,167.6626,20795,0,-3486544,0
2018-04-30 20:07:03,33.9713,20795,0,-706433,0
2018-04-30 20:07:19,76.957,20805,0,1601090,1
2018-04-30 20:07:20,136.3062,20805,0,2835850,1
2018-04-30 20:07:20,6.5798,20805,0,136893,1
2018-04-30 20:07:20,36.9456,20805,0,768653,1
2018-04-30 20:07:21,40.20115356,20805,0,836385,1
2018-04-30 20:07:21,13.39344643,20805,0,278651,1
2018-04-30 20:08:54,299.55,20920,0,-6266586,0
2018-04-30 20:08:54,0.372,20920,0,-7782,0
2018-04-30 20:09:00,481.597,20910,0,-10070193,0
2018-04-30 20:09:00,90.5638,20910,0,-1893689,0
2018-04-30 20:09:14,62.0765,20890,0,1296778,1
2018-04-30 20:09:14,81.0411,20890,0,1692949,1
2018-04-30 20:09:14,0.45294399,20890,0,9462,1
2018-04-30 20:09:18,78.175,20880,0,1632294,1
2018-04-30 20:09:27,156.3767,20860,0,3262018,1
2018-04-30 20:09:27,378.20067114,20860,0,7889266,1
2018-04-30 20:09:58,11.9904,20850,0,250000,1
2018-04-30 20:09:58,41.4818,20850,0,864896,1
2018-04-30 20:10:16,62.2877,20955,0,1305239,1
2018-04-30 20:12:27,15.84625631,21060,0,-333722,0
2018-04-30 20:12:27,4.31804368,21060,0,-90938,0
2018-04-30 20:12:35,0.51342504,21080,0,-10823,0
2018-04-30 20:12:35,1.1,21080,0,-23188,0
2018-04-30 20:12:36,8.38657495,21080,0,-176789,0
2018-04-30 20:13:00,79.51,21130,0,-1680046,0
2018-04-30 20:13:01,61.0,21130,0,-1288930,0
2018-04-30 20:13:09,829.3257,21105,0,-17502919,0
2018-04-30 20:13:25,35.0875,21080,0,739645,1
2018-04-30 20:13:25,881.7797,21080,0,18587916,1
2018-04-30 20:13:26,10.55915559,21080,0,222587,1
2018-04-30 20:13:29,45.3154,21065,0,954569,1
2018-04-30 20:13:30,27.2582,21065,0,574194,1
2018-04-30 20:13:39,575.8208,21005,0,-12095116,0
2018-04-30 20:14:41,239.8063,21090,0,5057515,1
2018-04-30 20:14:42,42.8932,21090,0,904618,1
2018-04-30 20:14:42,293.1213,21090,0,6181928,1
2018-04-30 20:16:03,480.04864125,21065,0,-10112225,0
2018-04-30 20:16:04,27.17765874,21065,0,-572497,0
2018-04-30 20:16:37,284.765,21055,0,5995727,1
2018-04-30 20:16:37,15.8719,21055,0,334183,1
2018-04-30 20:16:40,55.7059,21050,0,1172609,1
2018-04-30 20:16:41,146.8737,21050,0,3091691,1
2018-04-30 20:16:41,4.0098,21050,0,84406,1
2018-04-30 20:17:37,426.489,20760,0,-8853912,0
2018-04-30 20:17:41,1.6707,20830,0,-34801,0
2018-04-30 20:17:45,44.6378,20830,0,-929805,0
2018-04-30 20:17:50,2.2792,20855,0,-47533,0
2018-04-30 20:17:50,2.92,20855,0,-60897,0
2018-04-30 20:17:54,168.63782703,20850,0,-3516099,0
2018-04-30 20:17:54,140.0,20850,0,-2919000,0
2018-04-30 20:17:55,27.8175,20850,0,-579995,0
2018-04-30 20:17:55,185.54797296,20850,0,-3868675,0
2018-04-30 20:18:17,161.6116,20910,0,3379299,1
2018-04-30 20:18:17,1.3371,20910,0,27959,1
2018-04-30 20:18:17,99.9552,20910,0,2090063,1
2018-04-30 20:18:46,630.8178,20975,0,13231403,1
2018-04-30 20:18:50,6.3,20955,0,-132017,0
2018-04-30 20:19:14,55.1,20975,0,1155723,1
2018-04-30 20:19:15,28.75089392,20975,0,603050,1
2018-04-30 20:19:22,7.3036,20970,0,153156,1
2018-04-30 20:19:47,3.6859,20910,0,77072,1
2018-04-30 20:19:51,17.7379,20905,0,370811,1
2018-04-30 20:21:35,928.9096,20925,0,-19437433,0
2018-04-30 20:21:49,53.0167,20920,0,1109109,1
2018-04-30 20:22:01,239.0057,20920,0,4999999,1
2018-04-30 20:22:11,347.4287,20905,0,7262997,1
2018-04-30 20:22:15,289.4585,20890,0,6046788,1
2018-04-30 20:23:12,20.0,21050,0,-421000,0
2018-04-30 20:23:13,224.13,21050,0,-4717937,0
2018-04-30 20:23:28,54.67064393,21120,0,1154644,1
2018-04-30 20:23:32,189.4594,21120,0,4001383,1
2018-04-30 20:24:03,14.341,21015,0,-301376,0
2018-04-30 20:24:11,14.341,21015,0,301376,1
2018-04-30 20:25:00,50.0,21270,0,-1063500,0
2018-04-30 20:25:00,41.34816196,21270,0,-879475,0
2018-04-30 20:25:00,176.6363,21270,0,-3757054,0
2018-04-30 20:25:01,279.9999,21270,0,-5955598,0
2018-04-30 20:25:01,2.5542,21270,0,-54328,0
2018-04-30 20:25:02,199.9999,21270,0,-4253998,0
2018-04-30 20:25:02,249.46153803,21270,0,-5306047,0
2018-04-30 20:25:06,37.7325,21200,0,799929,1
2018-04-30 20:25:07,249.2544,21190,0,5281701,1
2018-04-30 20:25:07,4.71920717,21190,0,100000,1
2018-04-30 20:25:07,20.00943841,21190,0,424000,1
2018-04-30 20:25:07,7.53053327,21190,0,159572,1
2018-04-30 20:25:08,440.10092114,21190,0,9325739,1
2018-04-30 20:25:08,1.0,21190,0,21190,1
2018-04-30 20:25:08,239.653,21190,0,5078247,1
2018-04-30 20:25:48,470.8774,21140,0,-9954348,0
2018-04-30 20:25:48,331.8811,21140,0,-7015966,0
2018-04-30 20:26:16,2.40943846,21135,0,50923,1
2018-04-30 20:26:17,73.21812159,21135,0,1547465,1
2018-04-30 20:26:34,70.7,21095,0,1491417,1
2018-04-30 20:26:39,429.8261,21075,0,9058585,1
2018-04-30 20:26:39,226.6048,21085,0,4777962,1
2018-04-30 20:28:38,4.73,21205,0,-100300,0
2018-04-30 20:28:53,995.27,21245,0,-21144511,0
2018-04-30 20:29:16,1000.0,21235,0,21235000,1
2018-04-30 20:30:00,124.4381,21285,0,-2648665,0
2018-04-30 20:30:00,291.1572,21285,0,-6197281,0
2018-04-30 20:30:04,19.558,21315,0,-416879,0
2018-04-30 20:30:04,0.8822,21315,0,-18804,0
2018-04-30 20:30:08,62.5365,21330,0,-1333904,0
2018-04-30 20:30:28,501.428,21400,0,-10730559,0
2018-04-30 20:30:41,484.6653,21390,0,10366991,1
2018-04-30 20:30:41,105.4995,21390,0,2256634,1
2018-04-30 20:30:53,300.34004683,21350,0,6412260,1
2018-04-30 20:30:56,109.4952,21315,0,2333890,1
2018-04-30 20:31:09,277.9934,21270,0,-5912920,0
2018-04-30 20:31:13,722.0065,21300,0,-15378738,0
2018-04-30 20:31:21,10.0,21210,0,212100,1
2018-04-30 20:31:21,36.1491,21210,0,766722,1
2018-04-30 20:31:26,2.7543,21180,0,58336,1
2018-04-30 20:31:30,11.7583,21145,0,248629,1
2018-04-30 20:31:33,404.9824,21150,0,8565378,1
2018-04-30 20:31:33,10.5901,21150,0,223981,1
2018-04-30 20:31:34,61.88,21150,0,1308762,1
2018-04-30 20:31:48,248.95073598,21145,0,-5264063,0
2018-04-30 20:31:49,289.16356401,21145,0,-6114364,0
2018-04-30 20:32:45,148.979,21205,0,3159100,1
2018-04-30 20:32:45,23.355,21205,0,495243,1
2018-04-30 20:32:46,408.0543,21205,0,8652791,1
2018-04-30 20:32:46,54.558,21205,0,1156902,1
2018-04-30 20:32:46,0.2345,21205,0,4973,1
2018-04-30 20:32:52,96.2817,21200,0,2041172,1
2018-04-30 20:32:52,23.752,21200,0,503542,1
2018-04-30 20:32:56,5.0125,21195,0,106240,1
2018-04-30 20:32:56,109.6097,21190,0,2322630,1
2018-04-30 20:32:56,130.1633,21190,0,2758160,1
2018-04-30 20:34:57,1000.0,21200,0,-21200000,0
2018-04-30 20:35:36,1000.0,21175,0,21175000,1
2018-04-30 20:36:02,1.0365,21115,0,-21886,0
2018-04-30 20:36:52,998.9635,21140,0,-21118088,0
2018-04-30 20:36:58,10.0,21140,0,211400,1
2018-04-30 20:37:38,990.0,21000,0,20790000,1
2018-04-30 20:38:59,161.5231,21045,0,-3399254,0
2018-04-30 20:39:39,161.5231,21055,0,3400869,1
2018-04-30 20:39:47,492.1265,21035,0,-10351881,0
2018-04-30 20:39:50,311.2551,21060,0,-6555032,0
2018-04-30 20:40:15,803.3816,21075,0,16931267,1
2018-04-30 20:40:20,16.3449,21060,0,-344224,0
2018-04-30 20:40:21,48.9711,21060,0,-1031331,0
2018-04-30 20:41:20,65.316,21030,0,1373595,1
2018-04-30 20:46:06,108.948,21235,0,-2313511,0
2018-04-30 20:46:06,266.77694406,21240,0,-5666342,0
2018-04-30 20:46:06,4.4564,21240,0,-94654,0
2018-04-30 20:46:06,113.25515593,21240,0,-2405540,0
2018-04-30 20:46:17,493.4365,21215,0,10468255,1
2018-04-30 20:47:40,0.0001,21200,0,-2,0
2018-04-30 20:50:38,539.297,21260,0,-11465454,0
2018-04-30 20:50:39,4.0,21260,0,-85040,0
2018-04-30 20:50:52,2.5079,21240,0,53268,1
2018-04-30 20:51:01,35.7288,21220,0,758165,1
2018-04-30 20:51:13,157.507,21185,0,3336786,1
2018-04-30 20:51:17,100.0,21170,0,2117000,1
2018-04-30 20:51:49,752.4466,21000,0,-15801379,0
2018-04-30 20:52:48,141.46903965,21050,0,2977923,1
2018-04-30 20:54:02,0.07318462,21070,0,1542,1
2018-04-30 20:55:25,839.6424,21145,0,17754239,1
2018-04-30 20:55:25,18.8153,21145,0,397850,1
2018-04-30 20:56:09,79.3,21070,0,-1670851,0
2018-04-30 20:57:46,79.3,21040,0,1668472,1
2018-04-30 20:58:24,976.91225021,21030,0,-20544465,0
2018-04-30 20:58:24,23.08774978,21030,0,-485535,0
2018-04-30 20:58:34,135.1477,21055,0,2845535,1
2018-04-30 20:59:14,23.4128,21010,0,491903,1
2018-04-30 20:59:16,700.26561934,21010,0,14712581,1
2018-04-30 20:59:16,141.17388065,21010,0,2966063,1
2018-04-30 21:01:42,43.5847,20800,0,-906562,0
2018-04-30 21:01:42,199.5681,20800,0,-4151016,0
2018-04-30 21:01:43,3.6222,20800,0,-75342,0
2018-04-30 21:01:44,753.225,20800,0,-15667080,0
2018-04-30 21:03:21,39.6431,20775,0,823585,1
2018-04-30 21:03:35,960.3569,20760,0,19937009,1
2018-04-30 21:04:08,30.8326,20840,0,-642551,0
2018-04-30 21:04:08,134.8268,20830,0,-2808442,0
2018-04-30 21:04:26,834.3406,20880,0,-17421032,0
2018-04-30 21:06:13,277.53518127,21000,0,5828239,1
2018-04-30 21:06:18,304.27757633,20960,0,6377658,1
2018-04-30 21:06:21,129.4092,20950,0,2711123,1
2018-04-30 21:06:21,100.0,20950,0,2095000,1
2018-04-30 21:06:31,188.7781,20940,0,3953013,1
2018-04-30 21:07:43,39.7126,20865,0,-828603,0
2018-04-30 21:07:48,55.3291,20840,0,-1153058,0
2018-04-30 21:08:12,146.0827,20865,0,-3048016,0
2018-04-30 21:08:31,1.0,20930,0,-20930,0
2018-04-30 21:08:31,423.3325,20930,0,-8860349,0
2018-04-30 21:09:23,41.0,21015,0,861615,1
2018-04-30 21:09:32,55.914,21005,0,1174474,1
2018-04-30 21:09:32,228.1364,21005,0,4792005,1
2018-04-30 21:09:36,340.4065,20990,0,7145132,1
2018-04-30 21:12:41,976.5493,20880,0,-20390349,0
2018-04-30 21:12:58,16.3861,20940,0,343125,1
2018-04-30 21:12:58,210.82033037,20940,0,4414578,1
2018-04-30 21:13:06,5.0,20930,0,104650,1
2018-04-30 21:14:14,649.1947,20875,0,13551939,1
2018-04-30 21:14:15,7.9139,20875,0,165203,1
2018-04-30 21:14:28,58.521,20865,0,1221041,1
2018-04-30 21:14:32,28.7133,20840,0,598385,1
2018-04-30 21:15:18,20.0,20860,0,-417200,0
2018-04-30 21:15:25,41.9331,20860,0,-874724,0
2018-04-30 21:15:48,61.9331,20845,0,1290995,1
2018-04-30 21:16:50,1.0001,20785,0,-20787,0
2018-04-30 21:16:56,1.0001,20800,0,20802,1
2018-04-30 21:20:09,401.9244,20740,0,-8335912,0
2018-04-30 21:20:28,340.7676447,20750,0,7070929,1
2018-04-30 21:20:51,61.1567,20720,0,1267167,1
2018-04-30 21:21:34,10.0,20690,0,-206900,0
2018-04-30 21:21:59,990.0,20720,0,-20512800,0
2018-04-30 21:25:09,1000.0,20880,0,20880000,1
2018-04-30 21:26:23,966.7378,20860,0,-20166151,0
2018-04-30 21:27:03,587.22969521,20905,0,12276037,1
2018-04-30 21:27:13,100.0,20880,0,2088000,1
2018-04-30 21:27:52,88.4763,20855,0,1845173,1
2018-04-30 21:27:52,175.1,20855,0,3651711,1
2018-04-30 21:27:52,15.9318,20855,0,332258,1
2018-04-30 21:28:55,1000.0,20885,0,-20885000,0
2018-04-30 21:29:10,100.0,20900,0,2090000,1
2018-04-30 21:29:10,21.49746436,20900,0,449297,1
2018-04-30 21:29:14,32.0,20900,0,668800,1
2018-04-30 21:30:36,161.0882,20760,0,3344191,1
2018-04-30 21:33:53,371.0353,20695,0,7678576,1
2018-04-30 21:34:01,182.9688,20685,0,3784710,1
2018-04-30 21:35:08,131.4103,20660,0,2714937,1
2018-04-30 21:37:19,10.0955,20560,0,-207563,0
2018-04-30 21:37:35,10.0955,20520,0,207160,1
2018-04-30 21:39:45,496.661,20540,0,-10201417,0
2018-04-30 21:39:45,190.2,20540,0,-3906708,0
2018-04-30 21:39:46,9.5,20540,0,-195130,0
2018-04-30 21:40:28,12.0429,20585,0,247903,1
2018-04-30 21:41:58,20.404,20510,0,418486,1
2018-04-30 21:41:59,390.0865,20510,0,8000674,1
2018-04-30 21:41:59,114.4818,20510,0,2348022,1
2018-04-30 21:41:59,152.6804,20510,0,3131475,1
2018-04-30 21:41:59,6.6654,20510,0,136707,1
2018-04-30 21:42:19,1.5044,20460,0,-30780,0
2018-04-30 21:42:19,43.718,20460,0,-894470,0
2018-04-30 21:42:24,345.35285689,20460,0,-7065919,0
2018-04-30 21:42:26,3.747,20460,0,-76664,0
2018-04-30 21:42:28,132.8405,20465,0,-2718581,0
2018-04-30 21:42:29,51.5,20465,0,-1053948,0
2018-04-30 21:43:04,259.1943,20465,0,5304411,1
2018-04-30 21:43:20,47.2683,20455,0,-966873,0
2018-04-30 21:44:03,366.7367,20465,0,7505267,1
2018-04-30 21:44:12,86.155,20465,0,-1763162,0
2018-04-30 21:44:12,14.42,20465,0,-295105,0
2018-04-30 21:45:19,9.8546,20375,0,200787,1
2018-04-30 21:45:20,1.6861,20375,0,34354,1
2018-04-30 21:45:20,3.7939,20375,0,77301,1
2018-04-30 21:45:24,85.2404,20365,0,1735921,1
2018-04-30 21:47:40,122.8196,20320,0,-2495694,0
2018-04-30 21:48:18,574.485,20450,0,-11748218,0
2018-04-30 21:48:50,37.18,20410,0,758844,1
2018-04-30 21:48:54,18.0203,20400,0,367614,1
2018-04-30 21:48:54,58.7657,20400,0,1198820,1
2018-04-30 21:48:56,429.9999,20400,0,8771998,1
2018-04-30 21:48:56,37.4,20400,0,762960,1
2018-04-30 21:48:57,115.9387,20400,0,2365149,1
2018-04-30 21:51:50,1000.0,20325,0,-20325000,0
2018-04-30 21:53:46,0.4901,20400,0,9998,1
2018-04-30 21:54:40,7.8651,20465,0,160959,1
2018-04-30 21:54:40,1.0,20465,0,20465,1
2018-04-30 21:54:40,424.3996,20465,0,8685338,1
2018-04-30 21:54:40,16.1512,20465,0,330534,1
2018-04-30 21:54:40,233.6019,20465,0,4780663,1
2018-04-30 21:54:44,3.3524,20465,0,68607,1
2018-04-30 21:54:56,313.1397,20475,0,6411535,1
2018-04-30 22:00:31,224.5079,20470,0,-4595677,0
2018-04-30 22:00:35,27.5992,20460,0,-564680,0
2018-04-30 22:01:01,99.512,20505,0,2040494,1
2018-04-30 22:01:15,85.3814,20495,0,1749892,1
2018-04-30 22:01:27,4.99999559,20500,0,-102500,0
2018-04-30 22:01:27,869.4200044,20500,0,-17823110,0
2018-04-30 22:03:01,589.8375,20715,0,12218484,1
2018-04-30 22:03:01,351.7962,20770,0,7306807,1
2018-04-30 22:04:06,52.8007,20760,0,-1096143,0
2018-04-30 22:04:07,244.8862,20760,0,-5083838,0
2018-04-30 22:04:11,702.3131,20760,0,-14580020,0
2018-04-30 22:04:45,2.1277,20810,0,44277,1
2018-04-30 22:05:12,116.8073,20810,0,2430760,1
2018-04-30 22:05:13,229.4071,20810,0,4773962,1
2018-04-30 22:05:13,592.4385,20810,0,12328645,1
2018-04-30 22:05:13,39.6228,20810,0,824550,1
2018-04-30 22:05:13,19.5966,20810,0,407805,1
2018-04-30 22:06:40,194.9166,20695,0,-4033799,0
2018-04-30 22:06:44,316.5304256,20700,0,-6552180,0
2018-04-30 22:07:37,0.1,20675,0,2068,1
2018-04-30 22:07:37,145.3437,20675,0,3004981,1
2018-04-30 22:07:41,366.0033,20670,0,7565288,1
2018-04-30 22:09:36,50.0,20740,0,-1037000,0
2018-04-30 22:09:52,16.1412,20835,0,-336302,0
2018-04-30 22:09:56,24.6508,20835,0,-513599,0
2018-04-30 22:09:56,26.2695,20835,0,-547325,0
2018-04-30 22:09:57,35.6442,20835,0,-742647,0
2018-04-30 22:09:57,38.76,20835,0,-807565,0
2018-04-30 22:09:57,0.8899,20835,0,-18541,0
2018-04-30 22:10:00,33.1402,20835,0,-690476,0
2018-04-30 22:10:00,100.0,20835,0,-2083500,0
2018-04-30 22:10:23,325.4958,20780,0,6763803,1
2018-04-30 22:10:54,16.1542,20735,0,-334957,0
2018-04-30 22:11:52,16.1542,20700,0,334392,1
2018-04-30 22:13:21,0.3638,20610,0,-7498,0
2018-04-30 22:14:12,215.9476,20535,0,-4434484,0
2018-04-30 22:14:17,783.6885,20520,0,-16081288,0
2018-04-30 22:24:47,579.9871,20590,0,11941934,1
2018-04-30 22:24:48,3.0329,20590,0,62447,1
2018-04-30 22:25:11,416.9799,20580,0,8581446,1
2018-04-30 22:25:16,74.85478874,20620,0,-1543506,0
2018-04-30 22:25:20,68.5466,20610,0,-1412745,0
2018-04-30 22:25:57,5.0,20585,0,-102925,0
2018-04-30 22:26:10,0.0001,20585,0,-2,0
2018-04-30 22:26:25,20.0,20610,0,-412200,0
2018-04-30 22:26:39,168.4015,20610,0,3470755,1
2018-04-30 22:31:44,163.1253,20615,0,-3362828,0
2018-04-30 22:32:05,9.5,20645,0,-196128,0
2018-04-30 22:32:55,43.0885,20615,0,888269,1
2018-04-30 22:33:26,1.1225,20600,0,-23124,0
2018-04-30 22:33:35,24.3923,20610,0,-502725,0
2018-04-30 22:34:18,17.7911,20610,0,-366675,0
2018-04-30 22:34:21,180.427,20600,0,-3716796,0
2018-04-30 22:36:21,353.2697,20620,0,7284421,1
2018-04-30 22:36:43,55.3621,20615,0,-1141290,0
2018-04-30 22:36:43,8.952e-05,20620,0,-2,0
2018-04-30 22:37:05,55.3622,20585,0,1139631,1
2018-04-30 22:38:28,1000.0,20595,0,-20595000,0
2018-04-30 22:40:59,334.859,20700,0,6931581,1
2018-04-30 22:41:07,665.141,20710,0,13775070,1
2018-04-30 22:41:44,7.719e-05,20715,0,-2,0
2018-04-30 22:49:17,81.8253,20650,0,-1689692,0
2018-04-30 22:49:18,26.259,20650,0,-542248,0
2018-04-30 22:50:46,181.9061,20635,0,-3753632,0
2018-04-30 22:51:07,23.6238,20635,0,-487477,0
2018-04-30 22:52:15,313.6143,20605,0,6462023,1
2018-04-30 22:53:30,697.8529,20405,0,-14239688,0
2018-04-30 22:57:17,679.8529,20355,0,13838406,1
2018-04-30 22:57:17,18.0,20370,0,366660,1
2018-04-30 22:57:44,39.34566919,20315,0,-799307,0
2018-04-30 22:57:44,100.3906,20350,0,-2042949,0
2018-04-30 22:57:44,460.6542308,20350,0,-9374314,0
2018-04-30 22:58:26,50.0,20300,0,1015000,1
2018-04-30 22:58:26,121.832,20300,0,2473190,1
2018-04-30 22:58:26,369.0655,20300,0,7492030,1
2018-04-30 22:58:27,1.2801,20300,0,25986,1
2018-04-30 22:58:27,48.2129,20300,0,978722,1
2018-04-30 22:58:27,10.0,20300,0,203000,1
2018-04-30 23:00:03,75.3595,20150,0,-1518494,0
2018-04-30 23:00:16,5.116,20180,0,-103241,0
2018-04-30 23:00:20,44.28,20185,0,-893792,0
2018-04-30 23:00:31,219.0593,20200,0,-4424998,0
2018-04-30 23:00:42,5.3857,20220,0,-108899,0
2018-04-30 23:00:46,650.7995,20230,0,-13165674,0
2018-04-30 23:02:31,1000.0,20310,0,20310000,1
2018-04-30 23:04:53,4.477e-05,20210,0,-1,0
2018-04-30 23:07:35,21.3344,20030,0,-427328,0
2018-04-30 23:07:43,23.64108054,20050,0,-474004,0
2018-04-30 23:08:28,955.0245,20100,0,-19195992,0
2018-04-30 23:08:53,29.75448686,20170,0,600148,1
2018-04-30 23:08:53,28.95200793,20170,0,583962,1
2018-04-30 23:09:32,442.6053,20235,0,8956118,1
2018-04-30 23:09:33,10.0,20235,0,202350,1
2018-04-30 23:10:21,105.6039,20230,0,2136367,1
2018-04-30 23:10:40,28.0183,20200,0,565970,1
2018-04-30 23:10:44,355.066,20210,0,7175884,1
2018-04-30 23:11:02,52.9095,20250,0,-1071417,0
2018-04-30 23:11:14,39.9567,20245,0,808923,1
2018-04-30 23:11:20,12.9528,20250,0,262294,1
2018-04-30 23:13:28,201.6643,20150,0,-4063536,0
2018-04-30 23:13:32,201.6643,20145,0,4062527,1
2018-04-30 23:14:42,61.9888,20070,0,-1244115,0
2018-04-30 23:14:56,5.58915577,20080,0,112230,1
2018-04-30 23:15:24,943.6003,20100,0,-18966366,0
2018-04-30 23:16:21,49.7018,20110,0,999503,1
2018-04-30 23:16:22,5.0,20110,0,100550,1
2018-04-30 23:18:01,37.3495,20165,0,753153,1
2018-04-30 23:18:07,3.0,20165,0,60495,1
2018-04-30 23:19:02,248.834,20140,0,5011517,1
2018-04-30 23:19:02,66.2022,20140,0,1333312,1
2018-04-30 23:19:41,589.9125,20150,0,11886737,1
2018-04-30 23:20:29,581.1324,20155,0,-11712724,0
2018-04-30 23:22:07,223.9308,20125,0,4506607,1
2018-04-30 23:22:07,357.2016,20125,0,7188682,1
2018-04-30 23:23:42,1000.0,19895,0,-19895000,0
2018-04-30 23:26:55,6.0,20065,0,120390,1
2018-04-30 23:27:12,11.0,20040,0,220440,1
2018-04-30 23:27:23,7.1567,20050,0,143492,1
2018-04-30 23:27:55,3.1733,20005,0,63482,1
2018-04-30 23:27:55,55.1713,20005,0,1103702,1
2018-04-30 23:28:09,88.2257,19995,0,1764073,1
2018-04-30 23:28:09,829.273,19980,0,16568875,1
2018-04-30 23:32:54,213.06054272,19815,0,-4221795,0
2018-04-30 23:32:55,2.09995727,19815,0,-41611,0
2018-04-30 23:33:24,160.93253055,19870,0,3197729,1
2018-04-30 23:33:24,54.22796944,19870,0,1077510,1
2018-04-30 23:37:22,62.2853,19900,0,-1239477,0
2018-04-30 23:38:15,10.0,19890,0,198900,1
2018-04-30 23:38:40,52.2853,19930,0,1042046,1
2018-04-30 23:39:12,73.0362,20020,0,-1462185,0
2018-04-30 23:39:12,10.0,20010,0,-200100,0
2018-04-30 23:39:12,21.88,20020,0,-438038,0
2018-04-30 23:39:16,895.0838,20050,0,-17946430,0
2018-04-30 23:40:16,191.9574,20040,0,3846826,1
2018-04-30 23:40:18,9.5,20015,0,190143,1
2018-04-30 23:40:18,29.95093679,20015,0,599468,1
2018-04-30 23:40:18,29.3,20015,0,586440,1
2018-04-30 23:40:22,2.0,20040,0,40080,1
2018-04-30 23:40:22,100.6018,20040,0,2016060,1
2018-04-30 23:41:34,525.9,20020,0,10528518,1
2018-04-30 23:41:34,0.461,20020,0,9229,1
2018-04-30 23:41:34,110.3288,20020,0,2208783,1
2018-04-30 23:42:23,729.23126373,20020,0,-14599210,0
2018-04-30 23:43:46,11.8646,20050,0,237885,1
2018-04-30 23:47:03,66.39205679,20250,0,1344439,1
2018-04-30 23:47:04,468.3266432,20250,0,9483615,1
2018-04-30 23:47:04,182.648,20250,0,3698622,1
2018-04-30 23:47:26,9.985,20300,0,-202696,0
2018-04-30 23:47:26,36.6,20300,0,-742980,0
2018-04-30 23:47:26,248.4607,20300,0,-5043752,0
2018-04-30 23:47:26,9.985,20300,0,-202696,0
2018-04-30 23:47:26,67.5068,20300,0,-1370388,0
2018-04-30 23:47:27,62.6861,20300,0,-1272528,0
2018-04-30 23:47:27,29.2572,20300,0,-593921,0
2018-04-30 23:47:27,18.1151,20300,0,-367737,0
2018-04-30 23:47:34,517.4041,20300,0,-10503303,0
2018-04-30 23:48:04,305.0801,20250,0,6177872,1
2018-04-30 23:48:18,188.8288,20235,0,3820951,1
2018-04-30 23:48:19,25.45,20235,0,514981,1
2018-04-30 23:48:55,519.3588,20300,0,-10542984,0
2018-04-30 23:49:53,941.8923,20360,0,19176927,1
2018-04-30 23:49:53,58.1076,20370,0,1183652,1
2018-04-30 23:51:10,94.2128,20390,0,-1920999,0
2018-04-30 23:51:28,94.2128,20370,0,1919115,1
2018-04-30 23:52:46,65.2286,20420,0,-1331968,0
2018-04-30 23:52:46,49.8221,20420,0,-1017367,0
2018-04-30 23:52:46,9.2092,20420,0,-188052,0
2018-04-30 23:52:47,772.4321,20420,0,-15773063,0
2018-04-30 23:53:12,774.20166666,20400,0,15793714,1
2018-04-30 23:53:12,122.49033333,20400,0,2498803,1
2018-04-30 23:54:51,51.08974982,20300,0,-1037122,0
2018-04-30 23:54:51,565.0,20300,0,-11469500,0
2018-04-30 23:54:51,300.0,20300,0,-6090000,0
2018-04-30 23:54:51,83.91025017,20300,0,-1703378,0
2018-04-30 23:55:53,3.68,20220,0,74410,1
2018-04-30 23:56:41,49.0,20345,0,996905,1
2018-04-30 23:56:41,59.23,20345,0,1205034,1
2018-04-30 23:56:41,145.1676,20345,0,2953435,1
2018-04-30 23:56:55,23.8754,20365,0,486223,1
2018-04-30 23:57:43,176.0114,20290,0,3571271,1
2018-04-30 23:57:47,417.7158,20290,0,8475454,1
2018-04-30 23:57:55,125.3198,20250,0,2537726,1
2018-04-30 23:58:13,51.8186,20265,0,-1050104,0
2018-04-30 23:59:28,948.1814,20200,0,-19153264,0
