timestamp,quantity,price,fee,amount,side
2018-05-01 00:00:29,1000.0,20220,0,20220000,1
2018-05-01 00:01:08,3.5198,20165,0,-70977,0
2018-05-01 00:01:12,3.5198,20170,0,70994,1
2018-05-01 00:01:17,48.0,20180,0,-968640,0
2018-05-01 00:01:39,48.0,20200,0,969600,1
2018-05-01 00:02:06,3.5,20210,0,-70735,0
2018-05-01 00:02:15,3.5,20220,0,70770,1
2018-05-01 00:04:22,60.0556,20090,0,-1206517,0
2018-05-01 00:04:41,101.5983,20120,0,-2044158,0
2018-05-01 00:04:44,838.3461,20125,0,-16871715,0
2018-05-01 00:05:17,266.6656,20160,0,5375978,1
2018-05-01 00:05:43,320.1501,20155,0,6452625,1
2018-05-01 00:05:43,121.2972,20155,0,2444745,1
2018-05-01 00:05:47,269.2279,20125,0,5418211,1
2018-05-01 00:05:47,19.2916,20125,0,388243,1
2018-05-01 00:05:47,3.3676,20125,0,67773,1
2018-05-01 00:07:27,135.62609881,20220,0,-2742360,0
2018-05-01 00:07:27,676.9849,20220,0,-13688635,0
2018-05-01 00:07:28,187.38900118,20220,0,-3789006,0
2018-05-01 00:10:25,527.3626,20210,0,10657998,1
2018-05-01 00:10:25,59.037,20210,0,1193138,1
2018-05-01 00:10:40,71.4445,20225,0,-1444965,0
2018-05-01 00:11:13,514.9551,20240,0,-10422691,0
2018-05-01 00:12:04,1000.0,20255,0,20255000,1
2018-05-01 00:13:26,976.7279,20230,0,-19759205,0
2018-05-01 00:13:27,23.2721,20230,0,-470795,0
2018-05-01 00:15:11,573.68338577,20225,0,11602746,1
2018-05-01 00:15:11,48.1301,20225,0,973431,1
2018-05-01 00:15:15,178.0809,20210,0,3599015,1
2018-05-01 00:15:15,50.7218,20210,0,1025088,1
2018-05-01 00:15:16,7.2058,20210,0,145629,1
2018-05-01 00:15:16,65.5915,20210,0,1325604,1
2018-05-01 00:15:20,76.5865,20225,0,1548962,1
2018-05-01 00:15:26,0.0001,20205,0,-2,0
2018-05-01 00:15:46,18.6,20190,0,-375534,0
2018-05-01 00:15:50,18.6,20170,0,-375162,0
2018-05-01 00:16:17,40.4799,20140,0,-815265,0
2018-05-01 00:16:30,922.32,20140,0,-18575525,0
2018-05-01 00:18:09,695.6652,20150,0,14017654,1
2018-05-01 00:18:09,249.6394,20150,0,5030234,1
2018-05-01 00:18:09,54.6954,20150,0,1102112,1
2018-05-01 00:18:37,696.9396,20125,0,-14025909,0
2018-05-01 00:22:31,500.7168,20120,0,10074422,1
2018-05-01 00:22:31,8.9055,20120,0,179179,1
2018-05-01 00:22:53,187.3173,20105,0,3766014,1
2018-05-01 00:23:28,50.1273,20100,0,-1007559,0
2018-05-01 00:23:33,949.8727,20105,0,-19097191,0
2018-05-01 00:24:35,172.94579905,20055,0,3468428,1
2018-05-01 00:25:26,144.0661,20035,0,2886364,1
2018-05-01 00:25:48,10.0,20005,0,200050,1
2018-05-01 00:25:48,184.7,20005,0,3694924,1
2018-05-01 00:25:48,166.5877,20005,0,3332587,1
2018-05-01 00:25:48,61.3386,20005,0,1227079,1
2018-05-01 00:25:48,50.8209,20005,0,1016672,1
2018-05-01 00:25:48,1.3316,20005,0,26639,1
2018-05-01 00:25:48,31.5252,20005,0,630662,1
2018-05-01 00:25:49,176.6841,20005,0,3534565,1
2018-05-01 00:26:25,8.551e-05,20025,0,-2,0
2018-05-01 00:26:26,163.96931448,20025,0,-3283486,0
2018-05-01 00:26:26,242.5,20025,0,-4856063,0
2018-05-01 00:26:31,5.8786,20030,0,-117748,0
2018-05-01 00:26:44,10.6059,20000,0,-212118,0
2018-05-01 00:26:49,201.7131,19995,0,-4033253,0
2018-05-01 00:34:29,18.5604,20165,0,374270,1
2018-05-01 00:36:05,74.9309384,20155,0,1510233,1
2018-05-01 00:36:06,24.3558,20155,0,490891,1
2018-05-01 00:36:06,274.9441,20155,0,5541498,1
2018-05-01 00:36:22,10.0,20120,0,201200,1
2018-05-01 00:36:22,14.33,20120,0,288320,1
2018-05-01 00:36:29,39.6524,20140,0,798599,1
2018-05-01 00:36:30,17.1107,20140,0,344609,1
2018-05-01 00:38:29,150.7827,20170,0,3041287,1
2018-05-01 00:38:40,5.9642,20185,0,-120387,0
2018-05-01 00:38:54,5.9642,20215,0,120566,1
2018-05-01 00:40:52,523.25090775,20295,0,-10619377,0
2018-05-01 00:42:18,198.4508,20335,0,4035497,1
2018-05-01 00:42:19,7.6999,20335,0,156577,1
2018-05-01 00:42:19,46.5559,20335,0,946714,1
2018-05-01 00:42:19,8.4444,20335,0,171717,1
2018-05-01 00:42:19,235.7771,20335,0,4794527,1
2018-05-01 00:42:19,7.2381,20335,0,147187,1
2018-05-01 00:42:20,19.0847,20335,0,388087,1
2018-05-01 00:43:34,213.4463,20270,0,-4326557,0
2018-05-01 00:43:53,8.3975,20280,0,-170301,0
2018-05-01 00:43:59,123.4861,20290,0,2505533,1
2018-05-01 00:44:23,49.8373,20290,0,1011199,1
2018-05-01 00:44:23,48.5204,20290,0,984479,1
2018-05-01 00:49:56,16.5316,20200,0,-333938,0
2018-05-01 00:50:37,16.5316,20200,0,333938,1
2018-05-01 00:51:42,7.96512903,20210,0,-160975,0
2018-05-01 00:51:43,0.14817096,20210,0,-2995,0
2018-05-01 00:51:46,2.903e-05,20200,0,-1,0
2018-05-01 00:54:38,8.1133,20185,0,163767,1
2018-05-01 00:54:53,334.2822,20190,0,-6749158,0
2018-05-01 00:54:53,20.0,20190,0,-403800,0
2018-05-01 00:54:53,572.80442808,20190,0,-11564921,0
2018-05-01 00:55:22,0.2874,20160,0,5794,1
2018-05-01 00:55:22,114.1895,20160,0,2302060,1
2018-05-01 00:55:22,33.9473,20160,0,684378,1
2018-05-01 00:55:26,707.1561,20165,0,14259803,1
2018-05-01 00:55:30,71.5063,20165,0,1441925,1
2018-05-01 00:55:44,99.76960525,20165,0,-2011854,0
2018-05-01 00:55:44,9.83199474,20165,0,-198262,0
2018-05-01 00:57:37,201.0281,20195,0,-4059762,0
2018-05-01 00:59:21,0.0001,20245,0,-2,0
2018-05-01 00:59:25,118.0325,20250,0,-2390158,0
2018-05-01 00:59:55,428.6623,20235,0,8673982,1
2018-05-01 01:01:34,38.8515,20235,0,-786160,0
2018-05-01 01:01:34,50.0,20235,0,-1011750,0
2018-05-01 01:01:49,88.8515,20285,0,1802353,1
2018-05-01 01:03:06,41.1924,20320,0,-837030,0
2018-05-01 01:03:40,41.1924,20320,0,837030,1
2018-05-01 01:03:49,1.8639,20365,0,-37958,0
2018-05-01 01:03:58,8.3624,20410,0,-170677,0
2018-05-01 01:04:02,87.0702,20425,0,-1778409,0
2018-05-01 01:04:11,97.2965,20460,0,1990686,1
2018-05-01 01:04:17,1.2,20455,0,-24546,0
2018-05-01 01:04:18,1.4,20455,0,-28637,0
2018-05-01 01:04:36,997.4,20500,0,-20446700,0
2018-05-01 01:05:40,178.52847838,20640,0,3684828,1
2018-05-01 01:05:49,15.7142,20560,0,323084,1
2018-05-01 01:05:50,27.7574,20560,0,570692,1
2018-05-01 01:05:50,778.0,20560,0,15995680,1
2018-05-01 01:11:28,326.1654,20450,0,-6670082,0
2018-05-01 01:11:48,99.2229,20470,0,2031093,1
2018-05-01 01:12:29,71.49865632,20470,0,-1463577,0
2018-05-01 01:12:29,70.00644367,20470,0,-1433032,0
2018-05-01 01:12:29,500.5013,20470,0,-10245262,0
2018-05-01 01:12:29,131.0511,20470,0,-2682616,0
2018-05-01 01:15:33,16.1,20440,0,329084,1
2018-05-01 01:15:33,3.4964,20440,0,71466,1
2018-05-01 01:15:33,3.8846,20440,0,79401,1
2018-05-01 01:15:33,244.6183,20440,0,4999998,1
2018-05-01 01:15:33,127.1324,20440,0,2598586,1
2018-05-01 01:15:34,15.3,20440,0,312732,1
2018-05-01 01:15:42,23.7,20430,0,484191,1
2018-05-01 01:15:42,11.5549,20430,0,236067,1
2018-05-01 01:15:43,13.9,20430,0,283977,1
2018-05-01 01:15:46,18.6,20425,0,379905,1
2018-05-01 01:15:46,31.8,20425,0,649515,1
2018-05-01 01:15:46,17.9041,20425,0,365691,1
2018-05-01 01:15:46,20.3,20425,0,414628,1
2018-05-01 01:15:46,424.1102,20425,0,8662451,1
2018-05-01 01:15:50,27.5991,20415,0,563436,1
2018-05-01 01:16:42,111.4983,20380,0,-2272335,0
2018-05-01 01:17:02,111.4983,20360,0,2270105,1
2018-05-01 01:17:22,9.7,20320,0,-197104,0
2018-05-01 01:17:38,5.8,20265,0,-117537,0
2018-05-01 01:17:45,16.0,20275,0,-324400,0
2018-05-01 01:17:56,58.311,20270,0,-1181964,0
2018-05-01 01:18:02,1.8148,20270,0,-36786,0
2018-05-01 01:18:02,827.1936,20270,0,-16767214,0
2018-05-01 01:18:02,40.5582,20255,0,-821506,0
2018-05-01 01:18:53,68.9575,20330,0,1401906,1
2018-05-01 01:20:09,10.0,20270,0,202700,1
2018-05-01 01:20:09,15.0,20270,0,304050,1
2018-05-01 01:21:14,237.6786,20215,0,4804673,1
2018-05-01 01:21:35,627.7415,20185,0,12670962,1
2018-05-01 01:22:00,59.3441,20185,0,-1197861,0
2018-05-01 01:22:04,10.0,20210,0,-202100,0
2018-05-01 01:22:36,69.3441,20215,0,1401791,1
2018-05-01 01:23:00,957.444,20240,0,-19378667,0
2018-05-01 01:25:13,1.00727752,20330,0,20478,1
2018-05-01 01:29:30,696.49047131,20200,0,14069108,1
2018-05-01 01:29:31,19.0,20200,0,383800,1
2018-05-01 01:29:31,5.0,20200,0,101000,1
2018-05-01 01:29:31,60.3484,20200,0,1219038,1
2018-05-01 01:29:31,45.7693,20200,0,924540,1
2018-05-01 01:29:57,0.32,20210,0,6467,1
2018-05-01 01:30:24,227.40467566,20165,0,-4585615,0
2018-05-01 01:30:31,203.1222,20195,0,-4102053,0
2018-05-01 01:34:17,2.3,20160,0,46368,1
2018-05-01 01:39:38,231.87860326,20190,0,4681629,1
2018-05-01 01:40:54,3.9296,20150,0,-79181,0
2018-05-01 01:41:34,252.896,20135,0,-5092061,0
2018-05-01 01:46:01,209.3741,20100,0,4208419,1
2018-05-01 01:46:01,281.3407,20100,0,5654948,1
2018-05-01 01:46:01,91.9676,20100,0,1848549,1
2018-05-01 01:47:18,10.0,20040,0,-200400,0
2018-05-01 01:47:22,40.384,20050,0,-809699,0
2018-05-01 01:47:22,40.0,20050,0,-802000,0
2018-05-01 01:47:30,252.1014,20010,0,-5044549,0
2018-05-01 01:47:30,21.0805,20010,0,-421821,0
2018-05-01 01:47:34,281.1917,20000,0,-5623834,0
2018-05-01 01:49:20,26.2124,19955,0,523068,1
2018-05-01 01:49:34,261.6176,19920,0,5211423,1
2018-05-01 01:49:34,102.4336,19920,0,2040477,1
2018-05-01 01:49:43,17.63393574,19920,0,351268,1
2018-05-01 01:49:46,236.86,19900,0,4713514,1
2018-05-01 01:50:18,58.679,19895,0,-1167419,0
2018-05-01 01:50:24,371.321,19900,0,-7389288,0
2018-05-01 01:50:24,570.0,19900,0,-11343000,0
2018-05-01 01:50:50,991.9155,19855,0,19694482,1
2018-05-01 01:50:50,8.0845,19855,0,160518,1
2018-05-01 01:53:10,324.8705,19790,0,-6429187,0
2018-05-01 01:53:14,9.5014,19830,0,-188413,0
2018-05-01 01:53:15,2.0,19830,0,-39660,0
2018-05-01 01:53:42,358.2066,19800,0,-7092491,0
2018-05-01 01:57:32,18.3966,19805,0,364345,1
2018-05-01 01:57:33,346.0207,19805,0,6852940,1
2018-05-01 01:57:33,30.0,19805,0,594150,1
2018-05-01 01:57:33,1.0,19805,0,19805,1
2018-05-01 01:57:33,11.4918,19805,0,227595,1
2018-05-01 01:57:33,3.1201,19805,0,61794,1
2018-05-01 01:57:33,79.1467,19805,0,1567500,1
2018-05-01 01:57:34,0.5099,19805,0,10099,1
2018-05-01 01:57:36,112.1341,19800,0,2220255,1
2018-05-01 01:57:36,92.7586,19800,0,1836620,1
2018-05-01 02:01:51,1000.0,19945,0,-19945000,0
2018-05-01 02:02:52,547.1321,19940,0,10909813,1
2018-05-01 02:02:52,44.5438,19940,0,888203,1
2018-05-01 02:02:52,200.0,19940,0,3988000,1
2018-05-01 02:04:01,146.1291,19970,0,2918198,1
2018-05-01 02:05:34,27.477,19900,0,546792,1
2018-05-01 02:07:05,34.718,19910,0,691235,1
2018-05-01 02:07:39,137.7387,19870,0,-2736868,0
2018-05-01 02:08:01,58.679,19855,0,1165072,1
2018-05-01 02:08:02,79.0597,19850,0,1569335,1
2018-05-01 02:08:34,93.6436,19870,0,-1860698,0
2018-05-01 02:09:19,47.1044,19930,0,938791,1
2018-05-01 02:09:23,46.5392,19920,0,927061,1
2018-05-01 02:12:48,566.0215,19910,0,-11269488,0
2018-05-01 02:18:29,15.0,19870,0,298050,1
2018-05-01 02:18:48,551.0215,19855,0,10940532,1
2018-05-01 02:20:05,100.0,19885,0,-1988500,0
2018-05-01 02:20:09,241.28676092,19860,0,-4791955,0
2018-05-01 02:20:09,9.99993907,19860,0,-198599,0
2018-05-01 02:20:19,32.4963,19860,0,-645377,0
2018-05-01 02:20:56,10.0,19860,0,-198600,0
2018-05-01 02:22:27,393.783,19855,0,7818561,1
2018-05-01 02:24:24,174.40242688,19860,0,-3463632,0
2018-05-01 02:24:28,4.499e-05,19870,0,-1,0
2018-05-01 02:24:29,112.97,19870,0,-2244714,0
2018-05-01 02:24:42,10.6246,19895,0,-211376,0
2018-05-01 02:24:46,28.0,19880,0,-556640,0
2018-05-01 02:24:58,434.6822,19855,0,-8630615,0
2018-05-01 02:26:51,2.927,19850,0,58101,1
2018-05-01 02:26:55,185.4067,19840,0,3678469,1
2018-05-01 02:26:56,5.0,19840,0,99200,1
2018-05-01 02:26:56,13.4244,19840,0,266340,1
2018-05-01 02:27:06,15.8131,19820,0,313416,1
2018-05-01 02:27:34,538.1081,19800,0,10654540,1
2018-05-01 02:28:13,232.5259,19800,0,-4604013,0
2018-05-01 02:28:19,3.6182,19800,0,-71640,0
2018-05-01 02:28:22,9.9303,19820,0,-196819,0
2018-05-01 02:28:26,100.0,19855,0,-1985500,0
2018-05-01 02:28:48,3.9001,19900,0,-77612,0
2018-05-01 02:29:15,58.679,19905,0,1168005,1
2018-05-01 02:29:15,31.36,19905,0,624221,1
2018-05-01 02:29:19,57.632,19905,0,1147165,1
2018-05-01 02:29:19,70.0,19900,0,1393000,1
2018-05-01 02:29:19,132.3035,19900,0,2632840,1
2018-05-01 02:34:17,8.31e-05,19780,0,-2,0
2018-05-01 02:34:18,24.49,19780,0,-484412,0
2018-05-01 02:35:02,49.6568,19810,0,-983701,0
2018-05-01 02:35:03,187.7,19810,0,-3718337,0
2018-05-01 02:35:06,208.0,19820,0,-4122560,0
2018-05-01 02:35:06,125.7727,19820,0,-2492815,0
2018-05-01 02:41:30,7.3607,19820,0,145889,1
2018-05-01 02:41:57,95.8953,19830,0,1901604,1
2018-05-01 02:42:01,492.3636,19850,0,9773417,1
2018-05-01 02:44:59,40.7536,19815,0,-807533,0
2018-05-01 02:45:04,100.0,19825,0,-1982500,0
2018-05-01 02:45:40,25.8009,19810,0,511116,1
2018-05-01 02:45:41,64.7437,19810,0,1282573,1
2018-05-01 02:46:08,27.6234,19805,0,547081,1
2018-05-01 02:46:11,21.1144,19800,0,418065,1
2018-05-01 02:46:11,1.4712,19800,0,29130,1
2018-05-01 02:46:37,153.3338,19800,0,-3036009,0
2018-05-01 02:46:39,10.7822,19820,0,213703,1
2018-05-01 02:46:51,21.6546,19820,0,429194,1
2018-05-01 02:48:22,9.7755,19810,0,193653,1
2018-05-01 02:48:22,1.3438,19810,0,26621,1
2018-05-01 02:49:12,109.7777,19800,0,2173598,1
2018-05-01 02:51:24,27.3254,19800,0,-541043,0
2018-05-01 02:51:24,1.997,19800,0,-39541,0
2018-05-01 02:51:24,2.828e-05,19800,0,-1,0
2018-05-01 02:51:28,350.0,19805,0,-6931750,0
2018-05-01 02:51:28,96.5163,19805,0,-1911505,0
2018-05-01 02:51:28,130.456,19805,0,-2583681,0
2018-05-01 02:51:38,606.2947,19800,0,12004635,1
2018-05-01 02:54:46,74.8396,19735,0,-1476960,0
2018-05-01 02:54:46,37.5145,19750,0,-740911,0
2018-05-01 02:54:46,887.6459,19750,0,-17531007,0
2018-05-01 02:58:01,10.1468,19740,0,200298,1
2018-05-01 03:03:05,2.7,19665,0,53096,1
2018-05-01 03:03:12,2.9,19675,0,57058,1
2018-05-01 03:03:21,3.9,19670,0,76713,1
2018-05-01 03:04:04,31.286,19645,0,614613,1
2018-05-01 03:04:04,300.0,19645,0,5893500,1
2018-05-01 03:04:21,649.0672,19625,0,12737944,1
2018-05-01 03:09:25,509.4254,19515,0,-9941437,0
2018-05-01 03:10:57,10.0301,19525,0,195838,1
2018-05-01 03:11:08,58.6249,19525,0,1144651,1
2018-05-01 03:11:08,8.0,19525,0,156200,1
2018-05-01 03:11:09,47.62729833,19525,0,929923,1
2018-05-01 03:11:09,7.1,19525,0,138628,1
2018-05-01 03:11:10,51.6952,19525,0,1009349,1
2018-05-01 03:11:13,112.3362,19525,0,2193364,1
2018-05-01 03:11:13,6.1891,19525,0,120842,1
2018-05-01 03:11:16,53.6,19525,0,1046540,1
2018-05-01 03:11:16,53.5731,19525,0,1046015,1
2018-05-01 03:11:19,100.64950166,19525,0,1965182,1
2018-05-01 03:12:43,78.7994,19540,0,-1539740,0
2018-05-01 03:13:04,921.2006,19550,0,-18009472,0
2018-05-01 03:14:14,0.7546,19860,0,14986,1
2018-05-01 03:14:59,1.1,19790,0,21769,1
2018-05-01 03:14:59,94.48,19790,0,1869759,1
2018-05-01 03:14:59,200.0,19790,0,3958000,1
2018-05-01 03:15:03,280.9834,19780,0,5557852,1
2018-05-01 03:15:14,577.318,19800,0,-11430896,0
2018-05-01 03:16:00,10.0,19600,0,196000,1
2018-05-01 03:16:08,38.9,19620,0,763218,1
2018-05-01 03:16:08,196.58,19620,0,3856900,1
2018-05-01 03:16:12,12.05,19620,0,236421,1
2018-05-01 03:16:12,12.8,19620,0,251136,1
2018-05-01 03:16:13,10.18103975,19620,0,199752,1
2018-05-01 03:16:17,21.91,19640,0,430312,1
2018-05-01 03:16:17,22.5879,19640,0,443626,1
2018-05-01 03:16:17,2.0,19640,0,39280,1
2018-05-01 03:16:28,25.7,19625,0,504363,1
2018-05-01 03:16:28,530.38,19625,0,10408708,1
2018-05-01 03:16:28,102.4852,19625,0,2011272,1
2018-05-01 03:16:32,14.4259,19600,0,282748,1
2018-05-01 03:19:07,7.2486,19575,0,-141891,0
2018-05-01 03:20:00,128.25,19630,0,-2517548,0
2018-05-01 03:20:11,0.1657,19630,0,3253,1
2018-05-01 03:20:17,27.9104,19630,0,547881,1
2018-05-01 03:20:26,32.5055,19610,0,637433,1
2018-05-01 03:21:50,33.055,19715,0,651679,1
2018-05-01 03:21:50,41.862,19715,0,825309,1
2018-05-01 03:24:06,26.6,19670,0,-523222,0
2018-05-01 03:24:35,26.6,19735,0,524951,1
2018-05-01 03:28:06,59.716,19810,0,-1182974,0
2018-05-01 03:28:17,10.3253,19810,0,204544,1
2018-05-01 03:28:25,49.3907,19820,0,978924,1
2018-05-01 03:28:49,8.9984,19800,0,-178168,0
2018-05-01 03:28:53,19.9899,19790,0,-395600,0
2018-05-01 03:29:33,28.9883,19790,0,573678,1
2018-05-01 03:39:13,10.0,19830,0,-198300,0
2018-05-01 03:39:29,10.0,19830,0,198300,1
2018-05-01 03:43:58,199.4,19880,0,-3964072,0
2018-05-01 03:43:58,68.0,19880,0,-1351840,0
2018-05-01 03:43:58,1.0124,19880,0,-20127,0
2018-05-01 03:43:58,39.3,19880,0,-781284,0
2018-05-01 03:43:58,94.1527,19880,0,-1871756,0
2018-05-01 03:44:07,1.7946,19900,0,35713,1
2018-05-01 03:44:25,4.8291,19875,0,95978,1
2018-05-01 03:44:36,244.2752,19880,0,4856191,1
2018-05-01 03:44:50,34.9035,19900,0,694580,1
2018-05-01 03:44:50,116.0627,19900,0,2309648,1
2018-05-01 03:47:59,346.4155,20050,0,-6945631,0
2018-05-01 03:48:17,11.8443,20085,0,237893,1
2018-05-01 03:48:31,2.0,20100,0,-40200,0
2018-05-01 03:48:31,100.0,20100,0,-2010000,0
2018-05-01 03:48:33,563.4288,20100,0,-11324919,0
2018-05-01 03:50:38,10.0,20010,0,200100,1
2018-05-01 03:50:42,105.903,20010,0,2119119,1
2018-05-01 03:50:42,98.327,20010,0,1967523,1
2018-05-01 03:50:42,483.95575149,20040,0,9698473,1
2018-05-01 03:50:43,7.96,20010,0,159280,1
2018-05-01 03:50:54,3.0,20000,0,60000,1
2018-05-01 03:50:55,104.76,20000,0,2095200,1
2018-05-01 03:51:14,3.9075,20000,0,-78150,0
2018-05-01 03:51:56,809.9983,19995,0,-16195916,0
2018-05-01 03:52:33,65.9,19980,0,1316682,1
2018-05-01 03:52:33,15.313,19980,0,305954,1
2018-05-01 03:52:34,3.2582,19980,0,65099,1
2018-05-01 03:52:34,474.9167,19980,0,9488836,1
2018-05-01 03:52:37,0.003,19960,0,60,1
2018-05-01 03:52:37,135.9203,19960,0,2712969,1
2018-05-01 03:52:37,5.0,19960,0,99800,1
2018-05-01 03:52:37,201.1364,19960,0,4014683,1
2018-05-01 03:52:37,98.5524,19960,0,1967106,1
2018-05-01 03:53:11,815.8874,19810,0,-16162729,0
2018-05-01 03:53:15,367.3539,19890,0,7306669,1
2018-05-01 03:53:53,366.3123,19820,0,-7260310,0
2018-05-01 04:02:54,35.2704,19925,0,702763,1
2018-05-01 04:02:58,353.4125,19920,0,7039977,1
2018-05-01 04:02:58,50.2008,19920,0,1000000,1
2018-05-01 04:03:03,5.1329,19910,0,102196,1
2018-05-01 04:03:03,1.0364,19910,0,20635,1
2018-05-01 04:03:03,239.7928,19910,0,4774275,1
2018-05-01 04:03:03,130.0,19910,0,2588300,1
2018-05-01 04:04:39,709.1117,19825,0,-14058139,0
2018-05-01 04:05:45,5.4046,19820,0,107119,1
2018-05-01 04:05:46,9.7267,19820,0,192783,1
2018-05-01 04:05:46,50.2415,19820,0,995787,1
2018-05-01 04:07:18,643.7389,19810,0,12752468,1
2018-05-01 04:08:15,199.5346,19790,0,-3948790,0
2018-05-01 04:08:26,669.0662,19810,0,-13254201,0
2018-05-01 04:13:22,12.8672,19700,0,253484,1
2018-05-01 04:13:22,50.0,19700,0,985000,1
2018-05-01 04:13:22,41.6124,19700,0,819764,1
2018-05-01 04:14:55,69.01801247,19835,0,1368972,1
2018-05-01 04:16:55,3.6815,19810,0,72931,1
2018-05-01 04:17:15,14.174,19800,0,280645,1
2018-05-01 04:17:15,1.0,19800,0,19800,1
2018-05-01 04:21:41,2.31775726,19955,0,46251,1
2018-05-01 04:21:42,19.5251,19955,0,389623,1
2018-05-01 04:21:42,36.83,19955,0,734943,1
2018-05-01 04:21:46,24.7965,19955,0,494814,1
2018-05-01 04:21:47,70.66,19955,0,1410020,1
2018-05-01 04:22:32,37.06,19885,0,736938,1
2018-05-01 04:22:32,54.3959,19885,0,1081662,1
2018-05-01 04:25:27,15.3954,19880,0,306061,1
2018-05-01 04:25:31,20.2387,19860,0,401941,1
2018-05-01 04:26:14,6.7756,19860,0,134563,1
2018-05-01 04:26:57,7.805e-05,19865,0,-2,0
2018-05-01 04:27:24,7.05e-05,19885,0,-1,0
2018-05-01 04:27:46,86.3144,19880,0,1715930,1
2018-05-01 04:28:22,19.9794,19830,0,396192,1
2018-05-01 04:29:46,0.6282,19870,0,12482,1
2018-05-01 04:31:02,5.122e-05,19845,0,-1,0
2018-05-01 04:32:16,110.3632,19840,0,2189606,1
2018-05-01 04:32:16,32.2335,19840,0,639513,1
2018-05-01 04:32:16,21.9043,19840,0,434581,1
2018-05-01 04:32:16,5.4624,19840,0,108374,1
2018-05-01 04:32:38,0.8784,19840,0,17427,1
2018-05-01 04:32:52,534.1781,19820,0,-10587410,0
2018-05-01 04:33:51,28.289,19850,0,561537,1
2018-05-01 04:33:51,155.1914,19850,0,3080549,1
2018-05-01 04:33:55,1.6853,19860,0,33470,1
2018-05-01 04:34:01,2.5349,19860,0,50343,1
2018-05-01 04:34:40,286.89456193,19860,0,5697726,1
2018-05-01 04:34:40,135.829,19860,0,2697564,1
2018-05-01 04:35:08,90.0,19840,0,-1785600,0
2018-05-01 04:37:13,10.0,19880,0,-198800,0
2018-05-01 04:37:35,109.3843,19870,0,2173466,1
2018-05-01 04:39:20,973.6264,19900,0,-19375165,0
2018-05-01 04:39:20,1.5148,19900,0,-30145,0
2018-05-01 04:39:57,109.3165,19925,0,2178131,1
2018-05-01 04:39:57,424.088,19910,0,8443592,1
2018-05-01 04:39:57,21.458,19910,0,427229,1
2018-05-01 04:39:58,49.2432,19910,0,980432,1
2018-05-01 04:40:06,395.8943,19915,0,7884235,1
2018-05-01 04:41:42,8.17e-05,19955,0,-2,0
2018-05-01 04:41:46,67.0502,19970,0,-1338992,0
2018-05-01 04:42:11,67.0503,19950,0,1337653,1
2018-05-01 04:58:01,10.0,20010,0,-200100,0
2018-05-01 04:58:10,10.0,20000,0,200000,1
2018-05-01 04:59:06,24.0844,19950,0,-480484,0
2018-05-01 04:59:35,24.0844,19995,0,481568,1
2018-05-01 05:05:40,10.0,20000,0,-200000,0
2018-05-01 05:06:26,10.0,20000,0,200000,1
2018-05-01 05:18:15,1000.0,19960,0,-19960000,0
2018-05-01 05:24:35,14.2302,19960,0,284035,1
2018-05-01 05:24:35,23.1147,19960,0,461369,1
2018-05-01 05:24:36,0.3936,19960,0,7856,1
2018-05-01 05:24:36,25.9277,19960,0,517517,1
2018-05-01 05:25:00,7.2202,19960,0,144115,1
2018-05-01 05:25:46,20.0,19980,0,399600,1
2018-05-01 05:25:59,25.0,19980,0,499500,1
2018-05-01 05:26:10,140.1979,19985,0,2801855,1
2018-05-01 05:26:59,11.76611625,19990,0,235205,1
2018-05-01 05:27:06,85.2906,19990,0,1704959,1
2018-05-01 05:27:06,646.859,19990,0,12930711,1
2018-05-01 05:28:35,8.872e-05,19955,0,-2,0
2018-05-01 05:34:29,0.5262,19880,0,-10461,0
2018-05-01 05:34:31,29.4738,19880,0,-585939,0
2018-05-01 05:35:15,12.7586,19775,0,252301,1
2018-05-01 05:35:26,17.2415,19770,0,340864,1
2018-05-01 05:36:04,195.5,19770,0,-3865035,0
2018-05-01 05:36:09,804.5,19730,0,-15872785,0
2018-05-01 05:38:38,155.12889687,19860,0,3080860,1
2018-05-01 05:43:15,844.8711,19575,0,16538352,1
2018-05-01 05:45:56,10.1705,19680,0,-200155,0
2018-05-01 05:46:00,8.1364,19680,0,-160124,0
2018-05-01 05:46:15,10.0,19640,0,-196400,0
2018-05-01 05:46:20,379.5109,19640,0,-7453594,0
2018-05-01 05:46:23,19.059,19630,0,-374128,0
2018-05-01 05:47:58,50.1255,19605,0,982710,1
2018-05-01 05:48:04,0.9862,19600,0,19330,1
2018-05-01 05:48:04,5.0,19600,0,98000,1
2018-05-01 05:48:05,15.0177,19600,0,294347,1
2018-05-01 05:48:05,10.0,19600,0,196000,1
2018-05-01 05:48:36,7.5047,19580,0,146942,1
2018-05-01 05:48:36,11.79,19580,0,230848,1
2018-05-01 05:48:49,673.5472,19585,0,-13191422,0
2018-05-01 05:50:13,10.0,19600,0,196000,1
2018-05-01 05:50:13,130.51,19600,0,2557996,1
2018-05-01 05:51:15,30.0,19600,0,588000,1
2018-05-01 05:51:15,35.5286,19600,0,696361,1
2018-05-01 05:51:18,44.6877,19600,0,875879,1
2018-05-01 05:51:21,110.605,19590,0,2166752,1
2018-05-01 05:51:22,71.7048,19590,0,1404697,1
2018-05-01 05:51:46,404.4845,19575,0,7917784,1
2018-05-01 05:51:46,10.0,19575,0,195750,1
2018-05-01 05:52:00,31.379,19550,0,613459,1
2018-05-01 05:52:00,1.9919,19550,0,38942,1
2018-05-01 05:52:00,12.7877,19550,0,250000,1
2018-05-01 05:52:00,2.0322,19550,0,39730,1
2018-05-01 05:52:00,23.2062,19550,0,453681,1
2018-05-01 05:52:00,50.0,19550,0,977500,1
2018-05-01 05:52:08,31.0823,19530,0,607037,1
2018-05-01 05:53:52,3.9061,19440,0,-75935,0
2018-05-01 05:53:55,3.9061,19430,0,75896,1
2018-05-01 05:59:12,18.24874467,19160,0,-349646,0
2018-05-01 05:59:16,169.046,19185,0,-3243148,0
2018-05-01 05:59:19,17.1636,19120,0,-328168,0
2018-05-01 05:59:20,103.3864,19200,0,-1985019,0
2018-05-01 05:59:20,19.8686,19200,0,-381477,0
2018-05-01 05:59:20,96.27,19200,0,-1848384,0
2018-05-01 05:59:30,5.20833333,19200,0,100000,1
2018-05-01 05:59:30,90.6095,19200,0,1739702,1
2018-05-01 05:59:38,14.9894,19225,0,288171,1
2018-05-01 05:59:38,313.1761,19225,0,6020811,1
2018-05-01 05:59:52,3.50008441,19250,0,-67377,0
2018-05-01 05:59:52,155.04991558,19250,0,-2984711,0
2018-05-01 05:59:56,841.45,19300,0,-16239985,0
2018-05-01 06:02:08,291.14241025,19500,0,5677277,1
2018-05-01 06:03:36,541.7741,19415,0,10518544,1
2018-05-01 06:03:53,1.3231,19370,0,-25628,0
2018-05-01 06:04:05,168.4066,19350,0,3258668,1
2018-05-01 06:04:37,1.7723,19190,0,-34010,0
2018-05-01 06:04:52,1.7723,19125,0,33895,1
2018-05-01 06:05:05,400.398,19075,0,-7637592,0
2018-05-01 06:05:05,23.6439,19125,0,-452190,0
2018-05-01 06:05:29,1.0001,19185,0,-19187,0
2018-05-01 06:05:49,574.958,19105,0,-10984573,0
2018-05-01 06:06:30,154.8314,19080,0,2954183,1
2018-05-01 06:06:48,65.2801,19010,0,1240975,1
2018-05-01 06:06:49,56.2531,19010,0,1069371,1
2018-05-01 06:06:49,559.9108,19010,0,10643904,1
2018-05-01 06:06:49,10.4,19010,0,197704,1
2018-05-01 06:06:49,10.4,19010,0,197704,1
2018-05-01 06:06:59,142.9246,19000,0,2715567,1
2018-05-01 06:08:19,1000.0,19000,0,-19000000,0
2018-05-01 06:08:44,2.35,18985,0,44615,1
2018-05-01 06:08:44,461.07469494,18985,0,8753503,1
2018-05-01 06:08:44,3.3827,18985,0,64221,1
2018-05-01 06:08:47,101.9578,18980,0,1935159,1
2018-05-01 06:08:51,100.0,18965,0,1896500,1
2018-05-01 06:08:59,331.2348,18950,0,6276899,1
2018-05-01 06:10:46,60.69514759,18910,0,-1147745,0
2018-05-01 06:10:53,0.0001,18955,0,-2,0
2018-05-01 06:11:04,11.0895,18995,0,-210645,0
2018-05-01 06:11:04,928.2153,19000,0,-17636091,0
2018-05-01 06:13:36,271.5144,19060,0,5175064,1
2018-05-01 06:13:41,381.4268,19095,0,7283345,1
2018-05-01 06:14:31,10.0,19090,0,-190900,0
2018-05-01 06:14:35,10.324,19100,0,-197188,0
2018-05-01 06:15:05,33.8131,19060,0,644478,1
2018-05-01 06:15:06,1.0,19060,0,19060,1
2018-05-01 06:15:07,14.785,19060,0,281802,1
2018-05-01 06:15:17,65.3388,19030,0,1243397,1
2018-05-01 06:15:22,21.3561,18980,0,405339,1
2018-05-01 06:15:32,231.0898,18955,0,4380307,1
2018-05-01 06:15:49,564.2355,18950,0,-10692263,0
2018-05-01 06:15:49,1.2223,18950,0,-23163,0
2018-05-01 06:16:48,59.904,18875,0,1130688,1
2018-05-01 06:16:48,3.2,18875,0,60400,1
2018-05-01 06:16:51,502.3538,18860,0,9474393,1
2018-05-01 06:19:15,34.1883,18655,0,-637783,0
2018-05-01 06:19:15,60.3892,18655,0,-1126561,0
2018-05-01 06:19:25,17.9,18695,0,-334641,0
2018-05-01 06:19:39,10.2853,18680,0,-192129,0
2018-05-01 06:20:04,326.7337,18675,0,-6101752,0
2018-05-01 06:20:08,550.5035,18700,0,-10294415,0
2018-05-01 06:20:18,1000.0,18770,0,18770000,1
2018-05-01 06:22:48,108.3998,18460,0,-2001060,0
2018-05-01 06:22:51,891.6002,18445,0,-16445566,0
2018-05-01 06:22:57,21.61577951,18505,0,400000,1
2018-05-01 06:23:45,6.3137,18680,0,117940,1
2018-05-01 06:23:46,366.9566,18680,0,6854749,1
2018-05-01 06:24:29,339.75401755,18680,0,6346605,1
2018-05-01 06:24:29,16.315,18675,0,304683,1
2018-05-01 06:24:44,147.4141,18720,0,-2759592,0
2018-05-01 06:24:45,220.4388,18720,0,-4126614,0
2018-05-01 06:26:09,616.8978,18755,0,11569918,1
2018-05-01 06:26:30,1000.0,18735,0,-18735000,0
2018-05-01 06:28:16,2.3912,18785,0,44919,1
2018-05-01 06:28:17,2.0,18785,0,37570,1
2018-05-01 06:29:27,500.0,18445,0,9222500,1
2018-05-01 06:29:27,10.0,18445,0,184450,1
2018-05-01 06:29:28,5.0,18445,0,92225,1
2018-05-01 06:29:30,50.0,18435,0,921750,1
2018-05-01 06:29:30,51.3,18435,0,945716,1
2018-05-01 06:29:31,379.3088,18435,0,6992558,1
2018-05-01 06:29:44,283.50055665,18435,0,-5226333,0
2018-05-01 06:29:54,38.1113,18500,0,-705059,0
2018-05-01 06:30:48,79.6933,18740,0,-1493452,0
2018-05-01 06:30:59,1.2,18730,0,-22476,0
2018-05-01 06:31:03,208.6647,18700,0,-3902030,0
2018-05-01 06:31:03,4.7586,18700,0,-88986,0
2018-05-01 06:32:29,418.9768,18770,0,7864195,1
2018-05-01 06:32:29,32.4414,18770,0,608925,1
2018-05-01 06:32:29,163.7176,18770,0,3072979,1
2018-05-01 06:32:29,0.7927,18770,0,14879,1
2018-05-01 06:36:00,613.8918,18620,0,-11430665,0
2018-05-01 06:37:23,570.24,18640,0,10629274,1
2018-05-01 06:37:28,86.7101,18670,0,-1618878,0
2018-05-01 06:37:36,4.829e-05,18730,0,-1,0
2018-05-01 06:37:37,49.99,18730,0,-936313,0
2018-05-01 06:37:37,0.0099517,18730,0,-186,0
2018-05-01 06:37:52,180.3619,18745,0,3380884,1
2018-05-01 06:38:21,764.0062,18705,0,-14290736,0
2018-05-01 06:38:51,619.80293617,18800,0,11652295,1
2018-05-01 06:39:29,5.3908,18790,0,101293,1
2018-05-01 06:39:44,57.3046,18805,0,-1077613,0
2018-05-01 06:40:05,196.117,18820,0,3690922,1
2018-05-01 06:42:13,68.9208,18800,0,-1295711,0
2018-05-01 06:42:51,68.9208,18810,0,1296400,1
2018-05-01 06:43:39,17.973,18765,0,-337263,0
2018-05-01 06:43:44,18.422,18790,0,-346149,0
2018-05-01 06:44:54,36.395,18825,0,685136,1
2018-05-01 06:45:10,717.65329071,18850,0,-13527765,0
2018-05-01 06:45:10,200.0,18850,0,-3770000,0
2018-05-01 06:45:10,82.34670928,18850,0,-1552235,0
2018-05-01 06:49:29,3.8437,19015,0,73088,1
2018-05-01 06:49:29,0.25358927,19015,0,4822,1
2018-05-01 06:52:11,995.9027,19060,0,18981905,1
2018-05-01 06:56:25,9.9949,18850,0,-188404,0
2018-05-01 06:56:35,9.9949,18930,0,189203,1
2018-05-01 06:57:16,115.2884,18800,0,-2167422,0
2018-05-01 06:57:16,90.4606,18800,0,-1700659,0
2018-05-01 06:57:25,794.251,18850,0,-14971631,0
2018-05-01 06:57:46,38.9006,18925,0,736194,1
2018-05-01 06:57:46,538.53206023,18925,0,10191719,1
2018-05-01 06:57:50,12.5271,18925,0,237075,1
2018-05-01 06:58:26,410.0403,18915,0,7755912,1
2018-05-01 07:01:22,8.4492,18745,0,-158380,0
2018-05-01 07:01:28,1.5409,18770,0,28923,1
2018-05-01 07:01:29,6.9083,18770,0,129669,1
2018-05-01 07:05:33,0.7951,18875,0,-15008,0
2018-05-01 07:05:53,1.2425,18960,0,-23558,0
2018-05-01 07:06:36,2.0376,18930,0,38572,1
2018-05-01 07:08:12,1000.0,19105,0,-19105000,0
2018-05-01 07:08:52,225.62077786,19155,0,4321766,1
2018-05-01 07:09:02,73.7512,19150,0,1412335,1
2018-05-01 07:09:02,662.4442,19150,0,12685806,1
2018-05-01 07:09:02,25.359,19150,0,485625,1
2018-05-01 07:09:02,12.8248,19150,0,245595,1
2018-05-01 07:10:27,1000.0,19145,0,-19145000,0
2018-05-01 07:10:44,50.0,19170,0,958500,1
2018-05-01 07:10:52,28.7653,19195,0,552150,1
2018-05-01 07:11:25,206.2572,19155,0,3950857,1
2018-05-01 07:11:26,226.9499,19155,0,4347225,1
2018-05-01 07:11:26,1.0,19155,0,19155,1
2018-05-01 07:11:26,109.7193,19155,0,2101673,1
2018-05-01 07:11:26,23.5309,19155,0,450734,1
2018-05-01 07:11:26,274.9233,19155,0,5266156,1
2018-05-01 07:11:26,24.4192,19155,0,467750,1
2018-05-01 07:11:28,54.4349,19155,0,1042701,1
2018-05-01 07:15:14,73.5245,19300,0,-1419023,0
2018-05-01 07:15:15,300.0799,19300,0,-5791542,0
2018-05-01 07:15:50,373.6044,19400,0,7247925,1
2018-05-01 07:18:35,10.4,19220,0,-199888,0
2018-05-01 07:18:42,10.4,19210,0,199784,1
2018-05-01 07:19:39,4.2758,19110,0,-81711,0
2018-05-01 07:19:43,4.2758,19130,0,81796,1
2018-05-01 07:20:13,99.121,19115,0,-1894698,0
2018-05-01 07:20:17,107.1475,19145,0,-2051339,0
2018-05-01 07:20:24,10.4,19130,0,-198952,0
2018-05-01 07:20:37,216.6685,19145,0,4148118,1
2018-05-01 07:21:04,10.9,19200,0,-209280,0
2018-05-01 07:21:04,293.3495,19200,0,-5632310,0
2018-05-01 07:21:07,317.8346,19210,0,-6105603,0
2018-05-01 07:21:34,187.4001,19250,0,3607452,1
2018-05-01 07:21:34,8.8849,19250,0,171034,1
2018-05-01 07:21:34,51.9491,19250,0,1000020,1
2018-05-01 07:21:45,48.3618,19240,0,930481,1
2018-05-01 07:21:50,202.4857,19220,0,-3891775,0
2018-05-01 07:24:33,19.4188,19225,0,373326,1
2018-05-01 07:24:38,316.0702,19210,0,6071709,1
2018-05-01 07:25:21,131.0838,19210,0,-2518120,0
2018-05-01 07:25:25,676.4313,19230,0,-13007774,0
2018-05-01 07:26:13,1000.0,19220,0,19220000,1
2018-05-01 07:26:37,252.6904,19150,0,-4839021,0
2018-05-01 07:26:46,557.4169,19195,0,-10699617,0
2018-05-01 07:28:02,50.0024,19100,0,955046,1
2018-05-01 07:29:55,760.1049,19090,0,14510403,1
2018-05-01 07:30:16,481.4975,19100,0,-9196602,0
2018-05-01 07:30:27,518.5025,19095,0,-9900805,0
2018-05-01 07:31:36,24.916,19085,0,475522,1
2018-05-01 07:31:37,52.39717055,19085,0,1000000,1
2018-05-01 07:33:19,467.2571,18985,0,8870876,1
2018-05-01 07:33:19,10.0,18985,0,189850,1
2018-05-01 07:33:19,185.52451935,18985,0,3522183,1
2018-05-01 07:33:19,10.0,18985,0,189850,1
2018-05-01 07:33:36,12.9332,18960,0,-245213,0
2018-05-01 07:33:45,2.1,18950,0,39795,1
2018-05-01 07:33:45,10.5,18950,0,198975,1
2018-05-01 07:33:45,186.55425013,18950,0,3535203,1
2018-05-01 07:33:46,2.0063,18950,0,38019,1
2018-05-01 07:33:46,2.1,18950,0,39795,1
2018-05-01 07:33:46,2.1,18950,0,39795,1
2018-05-01 07:33:46,5.2,18950,0,98540,1
2018-05-01 07:33:46,2.1,18950,0,39795,1
2018-05-01 07:33:46,5.2,18950,0,98540,1
2018-05-01 07:33:48,3.6426,18950,0,69027,1
2018-05-01 07:33:52,17.0,18920,0,321640,1
2018-05-01 07:35:09,24.3353,18880,0,459450,1
2018-05-01 07:37:51,13.3122,18820,0,-250536,0
2018-05-01 07:37:59,3.0197,18800,0,56770,1
2018-05-01 07:37:59,8.5376,18800,0,160507,1
2018-05-01 07:38:05,1.7549,18785,0,32966,1
2018-05-01 07:38:20,685.28690477,18800,0,-12883394,0
2018-05-01 07:38:20,313.6277,18800,0,-5896201,0
2018-05-01 07:38:20,1.08539522,18800,0,-20405,0
2018-05-01 07:39:02,184.5745,18735,0,3458003,1
2018-05-01 07:39:03,15.9966,18735,0,299696,1
2018-05-01 07:39:03,38.0023,18735,0,711973,1
2018-05-01 07:39:03,57.6575,18735,0,1080213,1
2018-05-01 07:39:03,0.1,18735,0,1874,1
2018-05-01 07:41:05,117.7143,18890,0,2223623,1
2018-05-01 07:42:09,1.9039,18850,0,35888,1
2018-05-01 07:42:40,133.5308,18810,0,2511714,1
2018-05-01 07:42:40,26.58160552,18810,0,500000,1
2018-05-01 07:42:40,423.93849447,18810,0,7974283,1
2018-05-01 07:44:32,137.5096,18610,0,-2559054,0
2018-05-01 07:44:37,137.5096,18600,0,2557679,1
2018-05-01 07:45:01,91.1216,18555,0,-1690761,0
2018-05-01 07:45:15,91.1216,18595,0,1694406,1
2018-05-01 07:45:46,9.985,18555,0,-185272,0
2018-05-01 07:46:03,3.0,18540,0,-55620,0
2018-05-01 07:46:13,50.3393,18520,0,-932284,0
2018-05-01 07:46:27,936.6757,18515,0,-17342551,0
2018-05-01 07:46:53,1000.0,18450,0,18450000,1
2018-05-01 07:48:50,564.5695,18255,0,-10306216,0
2018-05-01 07:49:20,101.718,18290,0,1860422,1
2018-05-01 07:49:58,462.8515,18330,0,8484068,1
2018-05-01 07:50:04,229.5538,18330,0,-4207721,0
2018-05-01 07:50:04,770.4462,18330,0,-14122279,0
2018-05-01 07:50:54,353.2354,18510,0,6538387,1
2018-05-01 07:50:54,56.7,18510,0,1049517,1
2018-05-01 07:50:57,57.514,18585,0,1068898,1
2018-05-01 07:50:58,63.598,18585,0,1181969,1
2018-05-01 07:50:58,300.12,18585,0,5577730,1
2018-05-01 07:50:58,8.07102502,18585,0,150000,1
2018-05-01 07:50:58,6.3,18585,0,117086,1
2018-05-01 07:50:59,154.46157497,18585,0,2870668,1
2018-05-01 07:51:02,3.0,18610,0,-55830,0
2018-05-01 07:51:02,9.0,18610,0,-167490,0
2018-05-01 07:51:03,2.0,18610,0,-37220,0
2018-05-01 07:51:03,9.7,18610,0,-180517,0
2018-05-01 07:51:03,2.1,18610,0,-39081,0
2018-05-01 07:51:03,2.1,18610,0,-39081,0
2018-05-01 07:51:03,2.9,18610,0,-53969,0
2018-05-01 07:51:03,7.7,18610,0,-143297,0
2018-05-01 07:51:04,6.0,18610,0,-111660,0
2018-05-01 07:51:05,10.0,18610,0,-186100,0
2018-05-01 07:51:05,2.3,18610,0,-42803,0
2018-05-01 07:51:05,1.3,18610,0,-24193,0
2018-05-01 07:51:06,20.7999,18610,0,-387086,0
2018-05-01 07:52:05,78.8999,18500,0,1459648,1
2018-05-01 07:52:55,1000.0,18435,0,-18435000,0
2018-05-01 07:53:27,434.4714,18445,0,8013825,1
2018-05-01 07:53:28,565.5286,18445,0,10431175,1
2018-05-01 07:54:27,1000.0,18600,0,-18600000,0
2018-05-01 07:54:57,51.7939,18560,0,961295,1
2018-05-01 07:58:32,52.108,18690,0,973899,1
2018-05-01 07:58:32,11.9117,18690,0,222630,1
2018-05-01 07:58:32,486.27936422,18700,0,9093424,1
2018-05-01 07:58:32,8.0257,18690,0,150000,1
2018-05-01 07:58:33,51.766,18690,0,967507,1
2018-05-01 07:58:33,107.9501,18690,0,2017587,1
2018-05-01 07:58:40,33.7425,18685,0,-630479,0
2018-05-01 07:59:03,1.03821485,18710,0,19425,1
2018-05-01 07:59:51,63.599,18740,0,-1191845,0
2018-05-01 08:00:00,321.6717,18740,0,6028128,1
2018-05-01 08:00:00,4.7968,18740,0,89892,1
2018-05-01 08:00:51,21.414,18640,0,-399157,0
2018-05-01 08:01:35,21.414,18610,0,398515,1
2018-05-01 08:02:45,24.9813,18600,0,-464652,0
2018-05-01 08:02:46,445.0385,18600,0,-8277716,0
2018-05-01 08:02:46,161.30283763,18600,0,-3000233,0
2018-05-01 08:03:18,618.1977,18650,0,11529387,1
2018-05-01 08:03:18,13.1249,18650,0,244779,1
2018-05-01 08:05:29,68.8447,18630,0,-1282577,0
2018-05-01 08:05:48,53.8241,18555,0,998706,1
2018-05-01 08:05:48,15.0206,18555,0,278707,1
2018-05-01 08:06:44,31.052,18415,0,-571823,0
2018-05-01 08:06:54,135.2362,18420,0,-2491051,0
2018-05-01 08:07:32,97.7942,18355,0,-1795013,0
2018-05-01 08:07:32,442.1346,18355,0,-8115381,0
2018-05-01 08:07:41,153.6308,18385,0,2824502,1
2018-05-01 08:11:24,21.0,18360,0,385560,1
2018-05-01 08:12:17,35.79,18320,0,655673,1
2018-05-01 08:13:27,189.55522417,18265,0,-3462226,0
2018-05-01 08:13:27,17.3376,18265,0,-316671,0
2018-05-01 08:13:27,297.31097582,18265,0,-5430385,0
2018-05-01 08:14:24,73.38662288,18360,0,1347378,1
2018-05-01 08:14:25,100.0,18360,0,1836000,1
2018-05-01 08:16:39,76.3361141,18580,0,1418325,1
2018-05-01 08:17:06,7.62,18500,0,140970,1
2018-05-01 08:17:44,37.0255,18455,0,683306,1
2018-05-01 08:19:33,10.7983,18390,0,198581,1
2018-05-01 08:19:33,523.7123,18390,0,9631069,1
2018-05-01 08:19:34,5.0,18390,0,91950,1
2018-05-01 08:19:36,136.0174,18380,0,2500000,1
2018-05-01 08:19:36,0.2232,18380,0,4102,1
2018-05-01 08:19:37,4.8806,18380,0,89705,1
2018-05-01 08:19:37,25.0,18380,0,459500,1
2018-05-01 08:20:03,284.6156,18315,0,-5212735,0
2018-05-01 08:20:50,284.6156,18375,0,5229812,1
2018-05-01 08:22:09,729.35932269,18420,0,-13434799,0
2018-05-01 08:22:48,108.26,18420,0,1994149,1
2018-05-01 08:22:48,110.8344,18420,0,2041570,1
2018-05-01 08:22:48,1.0,18420,0,18420,1
2018-05-01 08:22:48,95.1406,18420,0,1752490,1
2018-05-01 08:22:48,5.2862,18420,0,97372,1
2018-05-01 08:22:56,15.5256,18420,0,285982,1
2018-05-01 08:23:37,381.51,18400,0,7019784,1
2018-05-01 08:24:05,11.8025,18365,0,216753,1
2018-05-01 08:25:24,11.56,18355,0,-212184,0
2018-05-01 08:25:24,0.3659,18355,0,-6716,0
2018-05-01 08:25:41,4.2707,18340,0,78325,1
2018-05-01 08:25:41,2.5384,18340,0,46554,1
2018-05-01 08:25:41,3.8349,18340,0,70332,1
2018-05-01 08:25:41,1.2819,18340,0,23510,1
2018-05-01 08:28:30,2.0,18330,0,-36660,0
2018-05-01 08:28:39,2.0,18370,0,36740,1
2018-05-01 08:29:41,1000.0,18400,0,-18400000,0
2018-05-01 08:29:52,800.0,18400,0,14720000,1
2018-05-01 08:29:52,200.0,18400,0,3680000,1
2018-05-01 08:30:19,551.7907,18430,0,-10169503,0
2018-05-01 08:30:39,203.0667,18480,0,3752673,1
2018-05-01 08:30:49,13.0435,18480,0,241044,1
2018-05-01 08:31:06,664.3195,18510,0,-12296554,0
2018-05-01 08:32:23,716.3697,18500,0,13252839,1
2018-05-01 08:32:23,6.84,18500,0,126540,1
2018-05-01 08:32:23,50.0,18500,0,925000,1
2018-05-01 08:32:34,95.1652,18500,0,1760556,1
2018-05-01 08:32:38,131.6251,18490,0,2433748,1
2018-05-01 08:34:25,13.1605823,18540,0,-243997,0
2018-05-01 08:34:26,508.89541769,18540,0,-9434921,0
2018-05-01 08:34:39,18.3349,18580,0,340662,1
2018-05-01 08:34:40,44.34,18580,0,823837,1
2018-05-01 08:34:40,108.0,18580,0,2006640,1
2018-05-01 08:34:48,648.6188,18600,0,-12064310,0
2018-05-01 08:35:16,24.5595,18585,0,456438,1
2018-05-01 08:35:17,221.3422,18585,0,4113645,1
2018-05-01 08:35:17,235.518,18585,0,4377102,1
2018-05-01 08:35:17,518.5802,18585,0,9637813,1
2018-05-01 08:35:31,1.3,18600,0,-24180,0
2018-05-01 08:35:31,1.9,18600,0,-35340,0
2018-05-01 08:35:31,2.5,18600,0,-46500,0
2018-05-01 08:35:31,3.2,18600,0,-59520,0
2018-05-01 08:35:31,4.4,18600,0,-81840,0
2018-05-01 08:35:32,162.9646,18600,0,-3031142,0
2018-05-01 08:35:32,4.3,18600,0,-79980,0
2018-05-01 08:35:45,297.0368,18625,0,-5532310,0
2018-05-01 08:35:54,40.2844,18660,0,-751707,0
2018-05-01 08:35:55,7.0,18660,0,-130620,0
2018-05-01 08:36:26,524.8858,18655,0,9791745,1
2018-05-01 08:36:40,7.0,18720,0,-131040,0
2018-05-01 08:36:51,194.49128247,18810,0,-3658381,0
2018-05-01 08:36:52,317.31691752,18810,0,-5968731,0
2018-05-01 08:36:52,4.5699,18810,0,-85960,0
2018-05-01 08:36:55,523.3781,18820,0,9849976,1
2018-05-01 08:37:42,750.6892,18750,0,-14075423,0
2018-05-01 08:39:02,50.5667,18830,0,952171,1
2018-05-01 08:39:03,326.8555,18830,0,6154689,1
2018-05-01 08:39:39,3.7799,18890,0,-71402,0
2018-05-01 08:39:39,20.8704,18890,0,-394242,0
2018-05-01 08:39:40,29.0342,18890,0,-548456,0
2018-05-01 08:39:40,472.9767,18890,0,-8934530,0
2018-05-01 08:40:17,899.9282,18980,0,17080637,1
2018-05-01 08:41:54,203.3022,19040,0,-3870874,0
2018-05-01 08:42:19,45.551,19145,0,-872074,0
2018-05-01 08:42:31,179.82974162,19200,0,-3452731,0
2018-05-01 08:42:31,1.0,19200,0,-19200,0
2018-05-01 08:42:31,570.31705837,19200,0,-10950088,0
2018-05-01 08:43:41,1000.0,19260,0,19260000,1
2018-05-01 08:44:35,123.26201678,19000,0,-2341978,0
2018-05-01 08:44:36,876.73798321,19000,0,-16658022,0
2018-05-01 08:44:50,489.4997,19050,0,9324969,1
2018-05-01 08:44:51,75.2786,19050,0,1434057,1
2018-05-01 08:44:51,4.355,19050,0,82963,1
2018-05-01 08:44:51,15.5761,19050,0,296725,1
2018-05-01 08:44:51,167.138,19050,0,3183979,1
2018-05-01 08:44:55,248.1526,19010,0,4717381,1
2018-05-01 08:45:32,932.5604,19085,0,-17797915,0
2018-05-01 08:45:32,67.4396,19085,0,-1287085,0
2018-05-01 08:46:16,500.0,18985,0,9492500,1
2018-05-01 08:46:19,500.0,18955,0,9477500,1
2018-05-01 08:47:17,183.75072861,18940,0,-3480239,0
2018-05-01 08:47:17,92.26757138,18940,0,-1747548,0
2018-05-01 08:47:33,714.7502,18935,0,-13533795,0
2018-05-01 08:48:02,150.0,18970,0,2845500,1
2018-05-01 08:48:06,364.1906,18970,0,6908696,1
2018-05-01 08:48:07,476.5779,18970,0,9040683,1
2018-05-01 08:49:17,13.598,18890,0,-256866,0
2018-05-01 08:49:17,41.2666,18890,0,-779526,0
2018-05-01 08:49:28,23.0076,18905,0,-434959,0
2018-05-01 08:50:40,48.3513,18970,0,-917224,0
2018-05-01 08:50:40,241.44041144,18970,0,-4580125,0
2018-05-01 08:50:41,8.976,18970,0,-170275,0
2018-05-01 08:50:41,5.0923,18970,0,-96601,0
2018-05-01 08:51:15,381.7323,19090,0,7287270,1
2018-05-01 08:53:19,138.1236,19005,0,-2625039,0
2018-05-01 08:53:39,861.8764,19015,0,-16388580,0
2018-05-01 08:54:03,139.5598,19010,0,2653032,1
2018-05-01 08:54:03,61.688,19010,0,1172689,1
2018-05-01 08:54:04,46.2888,19010,0,879950,1
2018-05-01 08:54:04,3.3572,19010,0,63820,1
2018-05-01 08:54:04,49.8018,19010,0,946732,1
2018-05-01 08:54:04,65.7794,19010,0,1250466,1
2018-05-01 08:54:04,92.6854,19010,0,1761949,1
2018-05-01 08:55:12,232.37899553,19050,0,4426820,1
2018-05-01 08:55:12,308.46060446,19050,0,5876175,1
2018-05-01 08:56:44,10.0,19160,0,-191600,0
2018-05-01 08:56:56,53.32,19190,0,-1023211,0
2018-05-01 08:56:56,83.3594,19190,0,-1599667,0
2018-05-01 08:57:24,18.0125,19175,0,345390,1
2018-05-01 08:57:24,17.1149,19175,0,328178,1
2018-05-01 08:57:25,0.52151238,19175,0,10000,1
2018-05-01 08:57:46,1.0548,19170,0,20221,1
2018-05-01 08:57:54,66.3354,19150,0,1270323,1
2018-05-01 08:57:55,26.26631853,19150,0,503000,1
2018-05-01 08:58:02,17.3739,19090,0,331668,1
2018-05-01 08:58:20,50.0,19110,0,-955500,0
2018-05-01 08:58:24,191.0233,19100,0,-3648545,0
2018-05-01 08:58:56,758.9766,19120,0,-14511633,0
2018-05-01 08:59:59,40.2684,19180,0,772348,1
2018-05-01 09:01:28,33.4699,19330,0,646973,1
2018-05-01 09:01:28,30.0,19330,0,579900,1
2018-05-01 09:01:28,10.0,19330,0,193300,1
2018-05-01 09:01:29,211.2134,19330,0,4082755,1
2018-05-01 09:01:29,97.6632,19330,0,1887830,1
2018-05-01 09:01:29,162.733,19330,0,3145629,1
2018-05-01 09:01:36,1.0,19335,0,-19335,0
2018-05-01 09:01:55,351.6123,19330,0,6796666,1
2018-05-01 09:01:55,64.0397,19330,0,1237887,1
2018-05-01 09:03:16,500.0,19280,0,-9640000,0
2018-05-01 09:03:17,61.03,19280,0,-1176658,0
2018-05-01 09:03:33,89.7,19250,0,1726725,1
2018-05-01 09:03:34,108.224,19250,0,2083312,1
2018-05-01 09:04:07,30.6015,19210,0,587855,1
2018-05-01 09:04:12,332.5045,19200,0,6384086,1
2018-05-01 09:05:41,72.75117512,19035,0,-1384819,0
2018-05-01 09:05:49,15.19937644,19020,0,-289092,0
2018-05-01 09:05:49,1.6282,19020,0,-30968,0
2018-05-01 09:06:12,89.5788,19000,0,1701997,1
2018-05-01 09:06:34,41.7471,18950,0,-791108,0
2018-05-01 09:06:37,6.8088,18995,0,129333,1
2018-05-01 09:07:24,2.4276,19000,0,-46124,0
2018-05-01 09:07:28,209.3144,19020,0,-3981160,0
2018-05-01 09:07:32,500.0,19050,0,-9525000,0
2018-05-01 09:07:32,22.0375,19050,0,-419814,0
2018-05-01 09:07:39,628.1406,19050,0,11966078,1
2018-05-01 09:07:39,140.5772,19050,0,2677996,1
2018-05-01 09:10:14,11.08614084,18865,0,-209140,0
2018-05-01 09:10:14,326.16105915,18865,0,-6153028,0
2018-05-01 09:10:26,8.2,18840,0,154488,1
2018-05-01 09:10:32,30.0,18855,0,-565650,0
2018-05-01 09:10:41,106.8419,18870,0,-2016107,0
2018-05-01 09:10:44,534.1109,18855,0,-10070661,0
2018-05-01 09:12:39,158.214,18890,0,2988662,1
2018-05-01 09:13:00,12.7342,18880,0,240422,1
2018-05-01 09:13:35,722.7196,18880,0,13644946,1
2018-05-01 09:14:22,106.3322,18900,0,2009679,1
2018-05-01 09:16:58,465.6179,18710,0,-8711711,0
2018-05-01 09:16:58,179.0233,18710,0,-3349526,0
2018-05-01 09:16:58,8.2756,18710,0,-154836,0
2018-05-01 09:16:58,347.0832,18710,0,-6493927,0
2018-05-01 09:17:14,12.0004,18675,0,224107,1
2018-05-01 09:17:14,610.1119,18675,0,11393840,1
2018-05-01 09:17:19,377.8877,18650,0,7047606,1
2018-05-01 09:18:16,17.2451,18650,0,-321621,0
2018-05-01 09:18:30,2.3,18635,0,42861,1
2018-05-01 09:18:39,14.9451,18610,0,278128,1
2018-05-01 09:20:27,48.7982,18555,0,-905451,0
2018-05-01 09:20:45,75.4479,18560,0,-1400313,0
2018-05-01 09:21:08,19.93,18630,0,371296,1
2018-05-01 09:21:28,184.9103,18600,0,-3439332,0
2018-05-01 09:21:28,710.7736,18600,0,-13220389,0
2018-05-01 09:22:21,13.1073,18620,0,244058,1
2018-05-01 09:23:03,27.027,18500,0,500000,1
2018-05-01 09:23:04,500.0,18500,0,9250000,1
2018-05-01 09:23:04,1.0,18500,0,18500,1
2018-05-01 09:23:04,84.3764,18500,0,1560963,1
2018-05-01 09:23:04,36.4484,18500,0,674295,1
2018-05-01 09:23:05,338.0409,18500,0,6253757,1
2018-05-01 09:25:30,135.1149,18460,0,-2494221,0
2018-05-01 09:25:57,135.1149,18480,0,2496923,1
2018-05-01 09:26:31,976.6229,18525,0,-18091939,0
2018-05-01 09:26:31,5.0,18525,0,-92625,0
2018-05-01 09:27:06,314.7351,18675,0,5877678,1
2018-05-01 09:27:06,617.714,18680,0,11538898,1
2018-05-01 09:27:24,49.1738,18680,0,918567,1
2018-05-01 09:28:16,31.1182,18580,0,-578176,0
2018-05-01 09:28:25,31.1182,18560,0,577554,1
2018-05-01 09:29:34,10.0,18470,0,-184700,0
2018-05-01 09:29:46,990.0,18460,0,-18275400,0
2018-05-01 09:33:26,287.6414,18440,0,5304107,1
2018-05-01 09:33:30,151.1947,18405,0,2782738,1
2018-05-01 09:33:34,561.1639,18400,0,10325416,1
2018-05-01 09:33:58,81.0142,18350,0,-1486611,0
2018-05-01 09:34:02,81.0142,18390,0,1489851,1
2018-05-01 09:41:07,20.0,17780,0,-355600,0
2018-05-01 09:41:20,364.7437,17780,0,-6485143,0
2018-05-01 09:41:35,79.86564911,17835,0,-1424404,0
2018-05-01 09:41:35,58.14,17835,0,-1036927,0
2018-05-01 09:41:36,180.31495088,17835,0,-3215917,0
2018-05-01 09:42:37,172.9765,17955,0,3105793,1
2018-05-01 09:42:37,530.0878,17955,0,9517726,1
2018-05-01 09:43:12,503.8173,17955,0,-9046040,0
2018-05-01 09:43:12,53.5963,17950,0,-962054,0
2018-05-01 09:43:26,106.5944,17985,0,1917100,1
2018-05-01 09:43:26,22.9324,17985,0,412439,1
2018-05-01 09:43:43,427.8868,17955,0,7682707,1
2018-05-01 09:44:03,6.1,17870,0,-109007,0
2018-05-01 09:44:15,6.1,17950,0,109495,1
2018-05-01 09:45:58,88.054,17860,0,-1572644,0
2018-05-01 09:46:02,3.2958,17900,0,-58995,0
2018-05-01 09:46:02,31.5642,17900,0,-564999,0
2018-05-01 09:46:07,30.0207,18015,0,-540823,0
2018-05-01 09:46:15,12.2017,18080,0,220607,1
2018-05-01 09:46:15,140.733,18050,0,2540231,1
2018-05-01 09:46:22,165.6113,18010,0,-2982660,0
2018-05-01 09:46:34,165.6113,18105,0,2998393,1
2018-05-01 09:46:53,39.4681,18155,0,-716543,0
2018-05-01 09:46:53,2.1,18155,0,-38126,0
2018-05-01 09:46:53,5.2,18155,0,-94406,0
2018-05-01 09:46:53,2.1,18155,0,-38126,0
2018-05-01 09:48:03,7.0,18145,0,-127015,0
2018-05-01 09:48:11,4.0,18170,0,-72680,0
2018-05-01 09:48:24,529.5034,18220,0,-9647552,0
2018-05-01 09:48:28,940.1319,18200,0,-17110401,0
2018-05-01 09:49:44,172.79,18045,0,3117996,1
2018-05-01 09:49:45,106.589,18045,0,1923399,1
2018-05-01 09:49:54,25.96,17995,0,467150,1
2018-05-01 09:49:54,500.0,17995,0,8997500,1
2018-05-01 09:49:54,52.0907,17995,0,937372,1
2018-05-01 09:51:00,8.1641,17995,0,146913,1
2018-05-01 09:51:00,139.5237,17995,0,2510729,1
2018-05-01 09:51:00,5.5563,17995,0,99986,1
2018-05-01 09:51:00,0.1258,17995,0,2264,1
2018-05-01 09:51:00,518.7038,17995,0,9334075,1
2018-05-01 09:51:35,1000.0,18100,0,-18100000,0
2018-05-01 09:52:25,665.03271304,18165,0,12080319,1
2018-05-01 09:52:25,334.96728695,18165,0,6084681,1
2018-05-01 09:53:16,197.2425,18075,0,-3565158,0
2018-05-01 09:53:22,156.60390041,18075,0,-2830616,0
2018-05-01 09:53:23,0.09999958,18075,0,-1807,0
2018-05-01 09:53:35,353.9464,18090,0,6402890,1
2018-05-01 09:54:54,182.1459,17955,0,-3270430,0
2018-05-01 09:54:58,1.0911,17960,0,-19596,0
2018-05-01 09:55:30,36.4164,17945,0,653492,1
2018-05-01 09:55:37,146.8206,17890,0,2626621,1
2018-05-01 09:58:06,836.2266,17715,0,-14813754,0
2018-05-01 09:58:06,163.7734,17715,0,-2901246,0
2018-05-01 09:58:39,0.1322,17870,0,2362,1
2018-05-01 09:58:39,386.7942,17870,0,6912012,1
2018-05-01 09:58:39,98.37708455,17870,0,1757999,1
2018-05-01 09:58:46,58.8018,17800,0,1046672,1
2018-05-01 09:58:46,33.70786516,17800,0,600000,1
2018-05-01 09:58:46,134.46,17800,0,2393388,1
2018-05-01 09:58:47,194.46,17800,0,3461388,1
2018-05-01 09:58:50,93.2668,17790,0,1659216,1
2018-05-01 09:59:20,11.2,17810,0,-199472,0
2018-05-01 09:59:20,741.8216,17810,0,-13211843,0
2018-05-01 10:01:03,750.1327,18035,0,13528643,1
2018-05-01 10:01:32,621.3356,18040,0,-11208894,0
2018-05-01 10:01:32,2.8,18040,0,-50512,0
2018-05-01 10:01:32,5.9,18040,0,-106436,0
2018-05-01 10:01:33,5.6,18040,0,-101024,0
2018-05-01 10:01:33,3.0,18040,0,-54120,0
2018-05-01 10:01:33,6.8,18040,0,-122672,0
2018-05-01 10:01:33,2.0,18040,0,-36080,0
2018-05-01 10:01:33,5.5,18040,0,-99220,0
2018-05-01 10:01:33,3.8,18040,0,-68552,0
2018-05-01 10:01:33,1.6,18040,0,-28864,0
2018-05-01 10:01:59,584.28035146,18100,0,10575474,1
2018-05-01 10:01:59,2.6805,18100,0,48517,1
2018-05-01 10:02:00,74.26364853,18100,0,1344172,1
2018-05-01 10:02:25,1000.0,18000,0,-18000000,0
2018-05-01 10:03:12,431.452,17960,0,7748878,1
2018-05-01 10:03:12,1.3051,17960,0,23440,1
2018-05-01 10:03:13,11.6045,17960,0,208417,1
2018-05-01 10:03:13,11.864,17960,0,213077,1
2018-05-01 10:05:06,543.7744,17960,0,9766188,1
2018-05-01 10:05:14,0.7036,18000,0,-12665,0
2018-05-01 10:05:14,110.6164,18000,0,-1991095,0
2018-05-01 10:05:20,18.6176,17995,0,-335024,0
2018-05-01 10:05:20,47.4684,17980,0,-853482,0
2018-05-01 10:05:23,77.4826,18005,0,-1395074,0
2018-05-01 10:05:41,254.8886,18075,0,4607111,1
2018-05-01 10:06:05,781.43860027,18110,0,-14151853,0
2018-05-01 10:06:06,2.2,18110,0,-39842,0
2018-05-01 10:06:06,6.8,18110,0,-123148,0
2018-05-01 10:06:06,2.7,18110,0,-48897,0
2018-05-01 10:06:06,6.6,18110,0,-119526,0
2018-05-01 10:06:08,1.73,18110,0,-31330,0
2018-05-01 10:06:57,643.7808,18200,0,11716811,1
2018-05-01 10:06:57,157.6878,18200,0,2869918,1
2018-05-01 10:08:06,78.2008,18075,0,-1413479,0
2018-05-01 10:08:28,73.5908,18070,0,-1329786,0
2018-05-01 10:08:40,116.3331,18070,0,-2102139,0
2018-05-01 10:08:54,1.5199,18010,0,-27373,0
2018-05-01 10:08:55,730.3553,18015,0,-13157351,0
2018-05-01 10:09:27,84.2336,18070,0,1522101,1
2018-05-01 10:11:06,915.7663,18170,0,16639474,1
2018-05-01 10:12:01,479.8787,18075,0,-8673808,0
2018-05-01 10:12:05,215.1385,18075,0,-3888628,0
2018-05-01 10:13:22,695.0172,17950,0,12475559,1
2018-05-01 10:14:17,1200.0,17850,0,-21420000,0
2018-05-01 10:14:44,11.6201,17885,0,207825,1
2018-05-01 10:15:36,32.6007,17885,0,583064,1
2018-05-01 10:15:37,36.7752,17885,0,657724,1
2018-05-01 10:15:37,111.8255,17885,0,1999999,1
2018-05-01 10:15:37,3.9138,17885,0,69998,1
2018-05-01 10:16:11,91.5062377,18000,0,1647112,1
2018-05-01 10:19:03,911.7585,17710,0,16147243,1
2018-05-01 10:20:18,151.8021,17705,0,-2687656,0
2018-05-01 10:20:23,151.8021,17715,0,2689174,1
2018-05-01 10:21:13,433.8084,17690,0,-7674071,0
2018-05-01 10:21:20,59.7,17675,0,1055198,1
2018-05-01 10:21:20,80.121,17675,0,1416139,1
2018-05-01 10:21:26,4.7043,17660,0,83078,1
2018-05-01 10:21:26,48.7358,17660,0,860674,1
2018-05-01 10:21:56,82.6491,17685,0,-1461649,0
2018-05-01 10:22:35,53.7914,17810,0,-958025,0
2018-05-01 10:22:47,823.0122,17865,0,-14703113,0
2018-05-01 10:22:58,19.6002,17825,0,349374,1
2018-05-01 10:23:02,7.73,17840,0,137903,1
2018-05-01 10:23:03,25.107,17840,0,447909,1
2018-05-01 10:23:46,1147.5628,17940,0,20587277,1
2018-05-01 10:25:37,58.886,17755,0,-1045521,0
2018-05-01 10:25:43,59.3488,17750,0,-1053441,0
2018-05-01 10:26:09,56.7478,17815,0,-1010962,0
2018-05-01 10:26:09,3.0475,17815,0,-54291,0
2018-05-01 10:26:13,1021.9699,17800,0,-18191064,0
2018-05-01 10:27:07,644.7855,17875,0,11525541,1
2018-05-01 10:27:12,57.0815,17875,0,1020332,1
2018-05-01 10:27:17,498.133,17850,0,8891674,1
2018-05-01 10:28:57,36.0344,17840,0,-642854,0
2018-05-01 10:29:14,36.0344,17875,0,644115,1
2018-05-01 10:30:27,41.8078,17945,0,-750241,0
2018-05-01 10:30:50,20.0,18000,0,-360000,0
2018-05-01 10:30:56,1138.1922,18005,0,-20493151,0
2018-05-01 10:32:17,4.1,18140,0,74374,1
2018-05-01 10:32:40,1195.9,18105,0,21651770,1
2018-05-01 10:33:26,1200.0,18050,0,-21660000,0
2018-05-01 10:33:48,1138.944,18090,0,20603497,1
2018-05-01 10:33:56,61.056,18115,0,1106029,1
2018-05-01 10:37:29,8.5861,18045,0,-154936,0
2018-05-01 10:38:51,1191.4139,18105,0,-21570549,0
2018-05-01 10:41:13,1200.0,18200,0,21840000,1
2018-05-01 10:41:56,513.4307,18180,0,-9334170,0
2018-05-01 10:41:56,100.0,18180,0,-1818000,0
2018-05-01 10:43:28,7.2728,18060,0,131347,1
2018-05-01 10:43:28,2.3,18070,0,41561,1
2018-05-01 10:43:38,0.1466,18060,0,2648,1
2018-05-01 10:43:38,9.6899,18060,0,175000,1
2018-05-01 10:44:30,65.06158097,18080,0,-1176313,0
2018-05-01 10:44:30,55.1771,18080,0,-997602,0
2018-05-01 10:44:30,0.27441902,18080,0,-4961,0
2018-05-01 10:45:19,413.2549,18150,0,7500576,1
2018-05-01 10:45:44,254.1042,18130,0,4606909,1
2018-05-01 10:45:44,47.1754,18130,0,855290,1
2018-05-01 10:47:11,523.1425,18130,0,-9484574,0
2018-05-01 10:47:18,676.8575,18150,0,-12284964,0
2018-05-01 10:49:06,7.8079,18150,0,141713,1
2018-05-01 10:51:16,8.1596,18075,0,147485,1
2018-05-01 10:52:33,1184.0325,18125,0,21460589,1
2018-05-01 10:52:49,1200.0,18100,0,-21720000,0
2018-05-01 10:53:19,184.49,18110,0,3341114,1
2018-05-01 10:54:28,72.58198304,18110,0,1314460,1
2018-05-01 10:56:20,812.1132,18120,0,14715491,1
2018-05-01 10:56:21,0.1,18120,0,1812,1
2018-05-01 10:57:12,1.0,18130,0,18130,1
2018-05-01 10:57:19,1034.3045,18145,0,-18767455,0
2018-05-01 10:57:19,35.9807,18145,0,-652870,0
2018-05-01 10:57:31,95.3056,18135,0,1728367,1
2018-05-01 10:57:31,0.1,18135,0,1814,1
2018-05-01 10:57:31,563.1627,18140,0,10215771,1
2018-05-01 10:57:58,658.5683,18145,0,-11949722,0
2018-05-01 10:59:08,1200.0,18190,0,21828000,1
2018-05-01 10:59:41,1200.0,18150,0,-21780000,0
2018-05-01 11:01:57,1200.0,18410,0,22092000,1
2018-05-01 11:02:52,252.9112,18330,0,-4635862,0
2018-05-01 11:02:52,5.0025,18330,0,-91696,0
2018-05-01 11:03:11,257.9137,18350,0,4732716,1
2018-05-01 11:03:38,200.0,18245,0,-3649000,0
2018-05-01 11:03:48,65.472,18270,0,-1196173,0
2018-05-01 11:04:09,7.175e-05,18280,0,-1,0
2018-05-01 11:04:09,710.17732824,18280,0,-12982042,0
2018-05-01 11:05:25,623.6736,18220,0,11363333,1
2018-05-01 11:05:46,351.9758,18180,0,6398920,1
2018-05-01 11:05:53,1200.0,18175,0,-21810000,0
2018-05-01 11:09:50,385.3079,18100,0,6974073,1
2018-05-01 11:09:51,18.1456,18100,0,328435,1
2018-05-01 11:09:54,18.6139,18095,0,336819,1
2018-05-01 11:09:54,100.0,18095,0,1809500,1
2018-05-01 11:09:54,87.1161,18095,0,1576366,1
2018-05-01 11:09:58,132.6016,18090,0,2398763,1
2018-05-01 11:09:58,35.836,18090,0,648273,1
2018-05-01 11:09:58,5.0,18090,0,90450,1
2018-05-01 11:10:14,42.0078,18070,0,759081,1
2018-05-01 11:11:03,9.0125,18085,0,-162991,0
2018-05-01 11:11:16,109.88472692,18085,0,-1987265,0
2018-05-01 11:11:23,5.3075,18095,0,-96039,0
2018-05-01 11:11:27,4.6666,18100,0,-84465,0
2018-05-01 11:13:03,196.8771,18130,0,-3569382,0
2018-05-01 11:16:22,0.0001,18255,0,2,1
2018-05-01 11:16:27,8.7209,18240,0,159069,1
2018-05-01 11:16:27,150.5141,18240,0,2745377,1
2018-05-01 11:16:27,253.5892,18240,0,4625467,1
2018-05-01 11:16:27,50.0,18240,0,912000,1
2018-05-01 11:16:31,113.5514,18220,0,2068907,1
2018-05-01 11:16:31,124.7438,18220,0,2272832,1
2018-05-01 11:19:32,733.03761873,18150,0,-13304633,0
2018-05-01 11:19:32,93.4953,18150,0,-1696940,0
2018-05-01 11:19:32,197.64118126,18150,0,-3587187,0
2018-05-01 11:20:19,16.8951,18145,0,306562,1
2018-05-01 11:20:20,2.2042,18145,0,39995,1
2018-05-01 11:20:27,39.1683,18140,0,710513,1
2018-05-01 11:20:27,29.3247,18140,0,531950,1
2018-05-01 11:20:39,61.2576,18135,0,1110906,1
2018-05-01 11:20:40,50.0,18135,0,906750,1
2018-05-01 11:20:46,825.3242,18125,0,14959001,1
2018-05-01 11:21:41,19.3323,18070,0,-349335,0
2018-05-01 11:21:56,60.0,18080,0,-1084800,0
2018-05-01 11:22:18,79.3323,18070,0,1433535,1
2018-05-01 11:25:36,50.0,17970,0,-898500,0
2018-05-01 11:25:43,54.0,18060,0,-975240,0
2018-05-01 11:26:04,1096.0,18040,0,-19771840,0
2018-05-01 11:27:21,0.1638,18030,0,2953,1
2018-05-01 11:29:38,550.9369,18040,0,9938902,1
2018-05-01 11:29:38,89.9492,18040,0,1622684,1
2018-05-01 11:29:42,37.2949,18040,0,672800,1
2018-05-01 11:30:30,40.0433,18045,0,-722581,0
2018-05-01 11:30:30,2.5428,18045,0,-45885,0
2018-05-01 11:30:55,13.4141,18065,0,-242326,0
2018-05-01 11:30:59,200.8733,18050,0,-3625763,0
2018-05-01 11:32:15,30.6361,18100,0,554513,1
2018-05-01 11:33:18,2.0,18100,0,36200,1
2018-05-01 11:33:18,48.3429,18100,0,875006,1
2018-05-01 11:33:21,65.471,18105,0,1185352,1
2018-05-01 11:33:34,55.7388,18100,0,1008872,1
2018-05-01 11:33:49,37.7672,18100,0,683586,1
2018-05-01 11:33:49,13.3636,18100,0,241881,1
2018-05-01 11:34:23,359.9698,18100,0,-6515453,0
2018-05-01 11:34:23,8.91,18100,0,-161271,0
2018-05-01 11:35:56,220.9334,18105,0,3999999,1
2018-05-01 11:35:56,163.9506,18105,0,2968326,1
2018-05-01 11:35:56,160.2761,18105,0,2901799,1
2018-05-01 11:35:56,24.1149,18105,0,436600,1
2018-05-01 11:35:56,319.8876,18105,0,5791565,1
2018-05-01 11:35:57,4.9263,18105,0,89191,1
2018-05-01 11:37:48,1200.0,18090,0,-21708000,0
2018-05-01 11:40:59,128.8036,18060,0,2326193,1
2018-05-01 11:43:11,83.6719,18080,0,1512788,1
2018-05-01 11:43:17,365.9904,18075,0,6615276,1
2018-05-01 11:43:35,70.0,18050,0,1263500,1
2018-05-01 11:43:39,35.0246,18050,0,632194,1
2018-05-01 11:43:47,516.5095,18015,0,9304919,1
2018-05-01 11:44:53,360.80291368,17970,0,-6483628,0
2018-05-01 11:44:58,480.9056,17985,0,-8649087,0
2018-05-01 11:47:36,679.8952,18080,0,12292505,1
2018-05-01 11:48:11,4.2224,18050,0,-76214,0
2018-05-01 11:49:44,233.4487,18100,0,-4225421,0
2018-05-01 11:49:44,240.936,18100,0,-4360942,0
2018-05-01 11:49:45,5.0,18100,0,-90500,0
2018-05-01 11:49:45,55.0,18100,0,-995500,0
2018-05-01 11:50:19,500.0,18185,0,9092500,1
2018-05-01 11:50:19,56.8896,18185,0,1034537,1
2018-05-01 11:50:19,41.078,18185,0,747003,1
2018-05-01 11:50:23,7.7,18215,0,140256,1
2018-05-01 11:50:23,15.0,18215,0,273225,1
2018-05-01 11:50:36,15.1068,18235,0,275472,1
2018-05-01 11:50:51,64.6461,18230,0,1178498,1
2018-05-01 11:53:00,11.0,18300,0,-201300,0
2018-05-01 11:53:01,653.7344,18300,0,-11963340,0
2018-05-01 11:53:01,17.7935,18300,0,-325621,0
2018-05-01 11:53:01,267.9615,18300,0,-4903695,0
2018-05-01 11:54:13,100.1949,18410,0,1844588,1
2018-05-01 11:54:13,0.2636,18410,0,4853,1
2018-05-01 11:54:17,850.0309,18395,0,15636318,1
2018-05-01 11:55:37,122.0363,18330,0,-2236925,0
2018-05-01 11:55:37,235.3413,18330,0,-4313806,0
2018-05-01 11:55:37,17.8152985,18330,0,-326554,0
2018-05-01 11:55:41,135.9542,18345,0,-2494080,0
2018-05-01 11:56:25,10.0,18390,0,-183900,0
2018-05-01 11:56:44,0.08557457,18405,0,1575,1
2018-05-01 11:56:51,521.0615,18380,0,9577110,1
2018-05-01 11:57:24,109.0,18435,0,-2009415,0
2018-05-01 11:57:24,73.5788,18435,0,-1356425,0
2018-05-01 11:57:56,1017.4212,18495,0,-18817205,0
2018-05-01 11:58:27,6.5417,18490,0,120956,1
2018-05-01 11:58:33,58.509,18480,0,1081246,1
2018-05-01 11:58:37,56.1102,18475,0,1036636,1
2018-05-01 11:58:41,47.6947,18455,0,880206,1
2018-05-01 11:58:41,50.0,18455,0,922750,1
2018-05-01 11:58:48,10.0,18420,0,184200,1
2018-05-01 11:58:58,22.782,18435,0,419986,1
2018-05-01 11:58:58,20.0,18435,0,368700,1
2018-05-01 11:59:04,266.1804,18435,0,4907036,1
2018-05-01 11:59:51,662.182,18410,0,12190771,1
2018-05-01 12:00:30,54.4959128,18350,0,-1000000,0
2018-05-01 12:00:30,827.09708719,18350,0,-15177232,0
2018-05-01 12:00:44,28.355,18345,0,520172,1
2018-05-01 12:02:35,200.0,18280,0,3656000,1
2018-05-01 12:02:43,542.8097,18260,0,9911705,1
2018-05-01 12:02:49,10.0,18240,0,182400,1
2018-05-01 12:02:49,52.9829,18240,0,966408,1
2018-05-01 12:03:07,1.0,18220,0,18220,1
2018-05-01 12:03:07,46.4454,18220,0,846235,1
2018-05-01 12:03:10,139.1354,18230,0,-2536438,0
2018-05-01 12:03:14,475.9688,18260,0,-8691190,0
2018-05-01 12:03:42,59.5873,18250,0,1087468,1
2018-05-01 12:03:42,215.80785614,18250,0,3938493,1
2018-05-01 12:03:43,109.5891,18250,0,2000001,1
2018-05-01 12:03:43,5.0,18250,0,91250,1
2018-05-01 12:04:35,54.7129,18280,0,1000152,1
2018-05-01 12:04:35,0.2496,18280,0,4563,1
2018-05-01 12:05:59,43.319,18275,0,-791655,0
2018-05-01 12:06:03,51.1455,18275,0,-934684,0
2018-05-01 12:06:08,298.1788,18285,0,-5452199,0
2018-05-01 12:06:15,316.55844653,18295,0,-5791437,0
2018-05-01 12:06:15,320.64085346,18295,0,-5866124,0
2018-05-01 12:07:20,68.706,18395,0,1263847,1
2018-05-01 12:07:20,100.0,18395,0,1839500,1
2018-05-01 12:08:26,9.5514,18350,0,175268,1
2018-05-01 12:08:57,14.643,18370,0,268992,1
2018-05-01 12:09:10,811.6641,18335,0,14881861,1
2018-05-01 12:09:10,6.6303,18335,0,121567,1
2018-05-01 12:09:11,188.8052,18335,0,3461743,1
2018-05-01 12:11:11,606.06156786,18395,0,-11148503,0
2018-05-01 12:11:48,217.5085,18415,0,4005419,1
2018-05-01 12:11:48,26.9081,18415,0,495513,1
2018-05-01 12:12:07,773.92055806,18420,0,-14255617,0
2018-05-01 12:12:07,64.43444193,18420,0,-1186882,0
2018-05-01 12:12:40,91.92842608,18405,0,1691943,1
2018-05-01 12:12:47,300.0,18400,0,5520000,1
2018-05-01 12:17:14,808.0716,18520,0,14965486,1
2018-05-01 12:19:18,500.0145,18420,0,-9210267,0
2018-05-01 12:19:18,233.6088,18420,0,-4303074,0
2018-05-01 12:20:02,129.0094,18500,0,2386674,1
2018-05-01 12:20:07,18.7974,18500,0,347752,1
2018-05-01 12:20:31,239.5515,18450,0,4419725,1
2018-05-01 12:20:31,174.4688,18450,0,3218949,1
2018-05-01 12:20:31,128.6695,18450,0,2373952,1
2018-05-01 12:20:31,43.1267,18450,0,795688,1
2018-05-01 12:21:13,48.56,18460,0,-896418,0
2018-05-01 12:21:21,75.8403,18450,0,-1399254,0
2018-05-01 12:23:06,36.008,18395,0,662367,1
2018-05-01 12:23:06,88.3923,18395,0,1625976,1
2018-05-01 12:23:53,60.373,18330,0,-1106637,0
2018-05-01 12:24:09,146.1988,18335,0,-2680555,0
2018-05-01 12:24:16,40.8512,18350,0,-749620,0
2018-05-01 12:24:36,17.3599,18350,0,318554,1
2018-05-01 12:24:37,139.5851,18350,0,2561387,1
2018-05-01 12:25:17,5.0059,18330,0,91758,1
2018-05-01 12:25:27,85.4721,18315,0,1565422,1
2018-05-01 12:27:36,19.0979,18250,0,-348537,0
2018-05-01 12:27:40,43.2073,18250,0,-788533,0
2018-05-01 12:27:46,157.5465,18280,0,-2879950,0
2018-05-01 12:28:36,980.1483,18230,0,-17868104,0
2018-05-01 12:29:38,50.3,18295,0,920239,1
2018-05-01 12:29:38,153.8477,18295,0,2814644,1
2018-05-01 12:29:38,542.5,18295,0,9925038,1
2018-05-01 12:29:39,153.5169,18295,0,2808592,1
2018-05-01 12:29:48,39.3,18300,0,719190,1
2018-05-01 12:29:57,3.575e-05,18305,0,-1,0
2018-05-01 12:30:01,66.2995,18300,0,-1213281,0
2018-05-01 12:30:38,8.8209,18230,0,160805,1
2018-05-01 12:31:02,881.986,18230,0,-16078605,0
2018-05-01 12:31:45,2.0,18250,0,36500,1
2018-05-01 12:38:51,1198.0,18295,0,21917410,1
2018-05-01 12:40:27,136.9086,18240,0,-2497213,0
2018-05-01 12:40:57,0.3202,18220,0,5834,1
2018-05-01 12:41:09,42.7524,18160,0,776384,1
2018-05-01 12:41:09,50.0,18160,0,908000,1
2018-05-01 12:41:09,29.4439,18160,0,534701,1
2018-05-01 12:41:54,14.3921,18115,0,260713,1
2018-05-01 12:42:25,248.9553,18080,0,-4501112,0
2018-05-01 12:43:30,5.5131,18125,0,99925,1
2018-05-01 12:43:30,220.0,18125,0,3987500,1
2018-05-01 12:43:56,23.4422,18115,0,424655,1
2018-05-01 12:44:42,58.01207779,18130,0,-1051759,0
2018-05-01 12:44:42,837.9503222,18130,0,-15192039,0
2018-05-01 12:48:58,1.0,18065,0,18065,1
2018-05-01 12:49:02,105.421,18065,0,1904430,1
2018-05-01 12:49:06,789.5414,18045,0,14247275,1
2018-05-01 12:49:31,31.6748,18040,0,-571413,0
2018-05-01 12:49:35,475.4365,18040,0,-8576874,0
2018-05-01 12:49:39,496.4399,18040,0,-8955776,0
2018-05-01 12:50:26,402.9315,18000,0,7252767,1
2018-05-01 12:50:28,600.6197,18000,0,10811155,1
2018-05-01 12:51:52,102.7842,18030,0,-1853199,0
2018-05-01 12:53:08,587.4145,18030,0,-10591083,0
2018-05-01 12:54:49,99.692,18135,0,1807914,1
2018-05-01 12:54:58,590.5067,18150,0,10717697,1
2018-05-01 13:00:40,55.4875,18170,0,-1008208,0
2018-05-01 13:00:45,51.7199,18190,0,-940785,0
2018-05-01 13:01:05,107.2074,18250,0,1956535,1
2018-05-01 13:01:49,199.686,18190,0,-3632288,0
2018-05-01 13:01:53,160.0018,18185,0,-2909633,0
2018-05-01 13:03:32,5.0,18275,0,91375,1
2018-05-01 13:03:36,98.4615,18270,0,1798892,1
2018-05-01 13:03:57,6.1808,18280,0,112985,1
2018-05-01 13:05:02,949.9545,18300,0,-17384167,0
2018-05-01 13:07:04,52.501,18325,0,962081,1
2018-05-01 13:07:58,53.1985,18290,0,973001,1
2018-05-01 13:08:03,348.1254,18260,0,6356770,1
2018-05-01 13:08:10,60.5912,18260,0,1106395,1
2018-05-01 13:09:38,53.6095,18265,0,979178,1
2018-05-01 13:10:38,22.0931,18255,0,403310,1
2018-05-01 13:11:03,65.7535,18250,0,1200001,1
2018-05-01 13:11:07,2.051,18200,0,-37328,0
2018-05-01 13:11:16,0.0114,18220,0,-208,0
2018-05-01 13:11:37,653.8098,18200,0,-11899338,0
2018-05-01 13:15:40,128.4669,18220,0,2340667,1
2018-05-01 13:15:41,56.39,18220,0,1027426,1
2018-05-01 13:15:44,5.0,18225,0,91125,1
2018-05-01 13:18:04,5.0,18225,0,91125,1
2018-05-01 13:18:09,2.6568,18220,0,48407,1
2018-05-01 13:18:09,100.0,18220,0,1822000,1
2018-05-01 13:18:09,0.21,18220,0,3826,1
2018-05-01 13:19:36,43.2328,18270,0,789863,1
2018-05-01 13:22:58,62.301,18375,0,1144781,1
2018-05-01 13:22:58,243.7431,18375,0,4478779,1
2018-05-01 13:23:06,501.6187,18360,0,9209719,1
2018-05-01 13:23:06,51.3807,18375,0,944120,1
2018-05-01 13:23:42,23.2114,18410,0,-427322,0
2018-05-01 13:24:02,23.2114,18430,0,427786,1
2018-05-01 13:24:58,1.3643,18440,0,-25158,0
2018-05-01 13:25:31,1.3643,18440,0,25158,1
2018-05-01 13:27:24,485.3166,18390,0,-8924972,0
2018-05-01 13:27:28,672.1098,18400,0,-12366820,0
2018-05-01 13:27:28,42.5736,18400,0,-783354,0
2018-05-01 13:29:37,1200.0,18370,0,22044000,1
2018-05-01 13:31:39,1200.0,18400,0,-22080000,0
2018-05-01 13:34:19,1200.0,18535,0,22242000,1
2018-05-01 13:35:10,147.3297,18490,0,-2724126,0
2018-05-01 13:35:42,147.3297,18470,0,2721180,1
2018-05-01 13:38:51,276.4796,18440,0,-5098284,0
2018-05-01 13:38:51,350.2551,18440,0,-6458704,0
2018-05-01 13:39:31,626.7347,18430,0,11550721,1
2018-05-01 13:40:45,175.00745717,18470,0,-3232388,0
2018-05-01 13:41:11,2.0258,18510,0,-37498,0
2018-05-01 13:41:15,0.3059,18520,0,-5665,0
2018-05-01 13:41:15,1.4388,18520,0,-26647,0
2018-05-01 13:41:24,178.778,18520,0,3310969,1
2018-05-01 13:43:25,18.1462,18550,0,-336612,0
2018-05-01 13:43:31,100.0,18600,0,-1860000,0
2018-05-01 13:43:31,31.5512,18600,0,-586852,0
2018-05-01 13:43:31,2.3405,18600,0,-43533,0
2018-05-01 13:43:33,50.0,18600,0,-930000,0
2018-05-01 13:43:35,250.0,18600,0,-4650000,0
2018-05-01 13:43:35,89.0706,18600,0,-1656713,0
2018-05-01 13:43:35,10.0,18600,0,-186000,0
2018-05-01 13:43:35,631.5176,18600,0,-11746227,0
2018-05-01 13:43:35,17.3739,18600,0,-323155,0
2018-05-01 13:44:08,17.0324,18640,0,317484,1
2018-05-01 13:44:15,437.5777,18630,0,8152073,1
2018-05-01 13:44:15,745.3899,18630,0,13886614,1
2018-05-01 13:50:02,405.3691,18810,0,-7624993,0
2018-05-01 13:50:02,0.3063,18810,0,-5762,0
2018-05-01 13:50:02,300.0,18810,0,-5643000,0
2018-05-01 13:50:14,613.7701,18855,0,11572635,1
2018-05-01 13:50:21,91.9053,18850,0,1732415,1
2018-05-01 13:50:37,67.12841906,18830,0,-1264028,0
2018-05-01 13:50:38,2.8,18830,0,-52724,0
2018-05-01 13:50:38,3.0,18830,0,-56490,0
2018-05-01 13:50:38,523.2,18830,0,-9851856,0
2018-05-01 13:50:49,9.3811,18820,0,-176552,0
2018-05-01 13:51:18,605.5095,18860,0,11419909,1
2018-05-01 13:52:32,619.7335,18925,0,-11728456,0
2018-05-01 13:52:48,4.2085,18950,0,79751,1
2018-05-01 13:52:48,13.4922,18950,0,255677,1
2018-05-01 13:52:52,602.0328,18935,0,11399491,1
2018-05-01 13:55:03,1200.0,18795,0,-22554000,0
2018-05-01 13:56:46,1200.0,18770,0,22524000,1
2018-05-01 13:57:24,41.2648,18700,0,-771652,0
2018-05-01 13:57:44,41.2648,18650,0,769589,1
2018-05-01 13:58:13,1200.0,18685,0,-22422000,0
2018-05-01 13:58:51,166.53062313,18735,0,3119951,1
2018-05-01 13:58:51,351.2172,18735,0,6580054,1
2018-05-01 13:59:01,11.6513,18740,0,218345,1
2018-05-01 13:59:11,24.7254,18690,0,462118,1
2018-05-01 13:59:11,38.21,18690,0,714145,1
2018-05-01 13:59:29,24.4039,18700,0,456353,1
2018-05-01 13:59:29,583.2615,18700,0,10906990,1
2018-05-01 13:59:49,243.3438,18675,0,-4544445,0
2018-05-01 14:00:06,243.3438,18635,0,4534712,1
2018-05-01 14:00:27,1181.8708,18650,0,-22041890,0
2018-05-01 14:01:27,1181.8708,18575,0,21953250,1
2018-05-01 14:01:46,51.8577,18580,0,-963516,0
2018-05-01 14:02:35,5.0,18655,0,93275,1
2018-05-01 14:02:35,0.2856,18660,0,5329,1
2018-05-01 14:02:39,28.2312,18640,0,526230,1
2018-05-01 14:02:45,18.3409,18630,0,341691,1
2018-05-01 14:06:28,497.2354,18605,0,-9251065,0
2018-05-01 14:07:15,468.6488,18640,0,8735614,1
2018-05-01 14:07:36,28.5867,18610,0,531998,1
2018-05-01 14:12:21,94.0561,18525,0,-1742389,0
2018-05-01 14:12:21,0.1996,18525,0,-3698,0
2018-05-01 14:12:25,117.55533267,18545,0,-2180064,0
2018-05-01 14:12:25,378.89156732,18545,0,-7026544,0
2018-05-01 14:12:53,590.7026,18600,0,10987068,1
2018-05-01 14:15:33,8.96,18635,0,-166970,0
2018-05-01 14:15:33,0.0001,18635,0,-2,0
2018-05-01 14:15:41,562.308,18625,0,-10472987,0
2018-05-01 14:16:22,170.1226,18605,0,3165131,1
2018-05-01 14:16:22,100.0,18605,0,1860500,1
2018-05-01 14:16:28,301.1455,18595,0,5599801,1
2018-05-01 14:16:42,13.3944,18555,0,-248533,0
2018-05-01 14:16:59,13.3944,18610,0,249270,1
2018-05-01 14:18:03,1.0,18720,0,-18720,0
2018-05-01 14:18:03,20.0,18720,0,-374400,0
2018-05-01 14:18:04,5.0,18720,0,-93600,0
2018-05-01 14:18:26,26.0,18685,0,485810,1
2018-05-01 14:18:45,160.0153,18705,0,-2993086,0
2018-05-01 14:18:50,447.0591993,18715,0,-8366713,0
2018-05-01 14:18:50,63.59390069,18715,0,-1190160,0
2018-05-01 14:21:00,156.8998,18705,0,2934811,1
2018-05-01 14:21:00,2.3706,18705,0,44342,1
2018-05-01 14:21:01,511.398,18705,0,9565700,1
2018-05-01 14:21:18,62.211,18710,0,-1163968,0
2018-05-01 14:21:23,393.5088,18720,0,-7366485,0
2018-05-01 14:21:23,1.9111,18720,0,-35776,0
2018-05-01 14:21:23,68.8254,18720,0,-1288411,0
2018-05-01 14:22:09,144.7937,18730,0,2711986,1
2018-05-01 14:22:14,19.8938,18725,0,372511,1
2018-05-01 14:22:14,361.7688,18720,0,6772312,1
2018-05-01 14:23:07,965.2849,18670,0,-18021869,0
2018-05-01 14:23:44,585.1014,18745,0,10967726,1
2018-05-01 14:23:48,380.1835,18725,0,7118936,1
2018-05-01 14:27:34,1.921,18630,0,-35788,0
2018-05-01 14:27:34,1198.079,18630,0,-22320212,0
2018-05-01 14:28:06,287.3868,18625,0,5352579,1
2018-05-01 14:31:52,2.0,18615,0,37230,1
2018-05-01 14:31:59,910.6132,18610,0,16946512,1
2018-05-01 14:35:20,18.5209,18445,0,-341618,0
2018-05-01 14:35:20,1107.0469,18445,0,-20419480,0
2018-05-01 14:35:20,74.4322,18445,0,-1372902,0
2018-05-01 14:36:55,270.7097,18545,0,5020311,1
2018-05-01 14:36:55,23.3923,18535,0,433576,1
2018-05-01 14:37:06,108.5538,18510,0,2009331,1
2018-05-01 14:38:12,8.6369,18525,0,159999,1
2018-05-01 14:38:40,88.5529,18520,0,1640000,1
2018-05-01 14:38:40,700.1544,18520,0,12966859,1
2018-05-01 14:39:10,10.8,18485,0,-199638,0
2018-05-01 14:39:28,79.9918,18570,0,-1485448,0
2018-05-01 14:39:38,90.7918,18595,0,1688274,1
2018-05-01 14:41:12,17.1,18505,0,-316436,0
2018-05-01 14:41:54,10.9433,18515,0,202615,1
2018-05-01 14:41:58,6.1567,18510,0,113961,1
2018-05-01 14:46:04,40.0133,18515,0,-740846,0
2018-05-01 14:47:59,40.0133,18510,0,740646,1
2018-05-01 14:51:39,3.964e-05,18390,0,-1,0
2018-05-01 14:52:24,819.8957,18410,0,-15094280,0
2018-05-01 14:54:26,2.0,18470,0,36940,1
2018-05-01 14:55:50,817.8957,18460,0,15098355,1
2018-05-01 14:56:39,5.8841,18485,0,-108768,0
2018-05-01 14:57:06,5.8841,18510,0,108915,1
2018-05-01 15:07:25,56.9787,18720,0,-1066641,0
2018-05-01 15:07:25,93.6852,18720,0,-1753787,0
2018-05-01 15:07:29,1049.3361,18730,0,-19654065,0
2018-05-01 15:08:09,418.2478,18720,0,7829599,1
2018-05-01 15:08:12,330.5275,18715,0,6185822,1
2018-05-01 15:08:12,200.0,18715,0,3743000,1
2018-05-01 15:08:17,10.69518716,18700,0,200000,1
2018-05-01 15:08:17,28.718,18700,0,537027,1
2018-05-01 15:08:26,211.8115,18670,0,3954521,1
2018-05-01 15:13:18,1200.0,18570,0,-22284000,0
2018-05-01 15:14:52,11.4982,18620,0,214096,1
2018-05-01 15:14:56,458.7614,18600,0,8532962,1
2018-05-01 15:14:57,23.9543,18600,0,445550,1
2018-05-01 15:14:57,47.0,18600,0,874200,1
2018-05-01 15:14:57,24.9569,18600,0,464198,1
2018-05-01 15:15:00,633.8292,18600,0,11789223,1
2018-05-01 15:18:50,254.2082,18600,0,-4728273,0
2018-05-01 15:18:54,886.4091,18605,0,-16491641,0
2018-05-01 15:19:28,1140.6173,18635,0,21255403,1
2018-05-01 15:20:37,6.1977,18615,0,-115370,0
2018-05-01 15:21:19,6.1977,18615,0,115370,1
2018-05-01 15:22:59,204.9449,18640,0,-3820173,0
2018-05-01 15:23:28,79.76,18670,0,1489119,1
2018-05-01 15:23:53,125.1849,18670,0,2337202,1
2018-05-01 15:24:18,157.9624,18660,0,-2947578,0
2018-05-01 15:25:13,40.743,18645,0,759653,1
2018-05-01 15:25:18,16.518,18640,0,307896,1
2018-05-01 15:25:18,50.0,18640,0,932000,1
2018-05-01 15:25:18,30.09956102,18640,0,561056,1
2018-05-01 15:25:18,13.57623897,18640,0,253061,1
2018-05-01 15:25:18,7.0256,18640,0,130957,1
2018-05-01 15:26:08,94.4498,18635,0,-1760072,0
2018-05-01 15:26:12,112.05,18635,0,-2088052,0
2018-05-01 15:26:12,206.45,18635,0,-3847196,0
2018-05-01 15:27:41,263.8281,18650,0,-4920394,0
2018-05-01 15:27:41,196.2352,18650,0,-3659786,0
2018-05-01 15:27:41,14.4514,18650,0,-269519,0
2018-05-01 15:29:49,286.1703,18640,0,5334214,1
2018-05-01 15:29:50,15.0,18640,0,279600,1
2018-05-01 15:29:50,52.8448,18640,0,985027,1
2018-05-01 15:29:57,37.5221,18630,0,699037,1
2018-05-01 15:30:04,10.0,18625,0,186250,1
2018-05-01 15:32:14,352.5929,18640,0,6572332,1
2018-05-01 15:32:32,100.0,18580,0,1858000,1
2018-05-01 15:32:45,33.3344,18545,0,618186,1
2018-05-01 15:33:19,2.4963,18555,0,-46319,0
2018-05-01 15:33:37,2.4963,18520,0,46231,1
2018-05-01 15:34:02,897.5551,18480,0,-16586818,0
2018-05-01 15:34:57,135.1359,18575,0,2510149,1
2018-05-01 15:37:11,654.3695,18505,0,12109108,1
2018-05-01 15:37:11,108.0497,18510,0,2000000,1
2018-05-01 15:37:55,526.29766815,18530,0,-9752296,0
2018-05-01 15:37:55,153.19703184,18530,0,-2838741,0
2018-05-01 15:38:41,679.4947,18505,0,12574049,1
2018-05-01 15:42:10,1200.0,18545,0,-22254000,0
2018-05-01 15:45:31,1200.0,18620,0,22344000,1
2018-05-01 15:47:20,19.0571,18650,0,-355415,0
2018-05-01 15:47:20,24.2,18650,0,-451330,0
2018-05-01 15:47:20,51.06530831,18650,0,-952368,0
2018-05-01 15:47:20,12.3585,18650,0,-230486,0
2018-05-01 15:47:21,106.99999168,18650,0,-1995550,0
2018-05-01 15:47:50,203.61639168,18675,0,3802536,1
2018-05-01 15:47:56,10.0645,18670,0,187904,1
2018-05-01 15:50:43,408.746,18575,0,-7592457,0
2018-05-01 15:50:50,63.7715,18580,0,-1184874,0
2018-05-01 15:51:20,92.6868,18580,0,1722121,1
2018-05-01 15:51:28,332.2371,18590,0,6176288,1
2018-05-01 15:51:59,73.9,18600,0,-1374540,0
2018-05-01 15:52:06,4.3408,18595,0,-80717,0
2018-05-01 15:54:50,125.8344,18595,0,2339891,1
2018-05-01 15:55:14,3.0,18605,0,-55815,0
2018-05-01 15:55:26,3.0,18605,0,55815,1
2018-05-01 15:58:47,218.5786,18555,0,-4055726,0
2018-05-01 16:00:15,25.4187,18595,0,-472661,0
2018-05-01 16:00:15,104.925,18595,0,-1951080,0
2018-05-01 16:03:06,184.4174,18605,0,3431086,1
2018-05-01 16:03:17,5.0,18605,0,93025,1
2018-05-01 16:03:26,79.8403,18610,0,1485828,1
2018-05-01 16:03:26,79.6646,18610,0,1482558,1
2018-05-01 16:05:23,7.219e-05,18650,0,-1,0
2018-05-01 16:05:24,13.86,18650,0,-258489,0
2018-05-01 16:07:04,13.8601,18650,0,258491,1
2018-05-01 16:10:54,1200.0,18630,0,-22356000,0
2018-05-01 16:11:28,39.7332,18625,0,740031,1
2018-05-01 16:11:37,992.83595708,18640,0,18506462,1
2018-05-01 16:13:45,26.4705,18620,0,492881,1
2018-05-01 16:13:45,5.0228,18620,0,93525,1
2018-05-01 16:13:45,101.1832,18620,0,1884031,1
2018-05-01 16:13:46,34.7543,18620,0,647125,1
2018-05-01 16:16:21,11.8985,18595,0,-221253,0
2018-05-01 16:16:36,11.8985,18575,0,221015,1
2018-05-01 16:17:18,2.8,18580,0,-52024,0
2018-05-01 16:17:44,2.8,18590,0,52052,1
2018-05-01 16:24:20,2.8956,18560,0,-53742,0
2018-05-01 16:24:20,1.0001,18560,0,-18562,0
2018-05-01 16:24:21,439.475,18560,0,-8156656,0
2018-05-01 16:25:08,332.654,18550,0,6170732,1
2018-05-01 16:25:08,110.7167,18550,0,2053795,1
2018-05-01 16:29:10,26.8876,18480,0,-496883,0
2018-05-01 16:29:59,429.2891,18500,0,-7941848,0
2018-05-01 16:29:59,477.32064324,18500,0,-8830432,0
2018-05-01 16:29:59,178.3292,18500,0,-3299090,0
2018-05-01 16:29:59,19.89115675,18500,0,-367986,0
2018-05-01 16:29:59,68.2823,18500,0,-1263223,0
2018-05-01 16:30:37,36.41578003,18530,0,674784,1
2018-05-01 16:30:38,47.3426,18510,0,876312,1
2018-05-01 16:32:19,84.9323,18480,0,1569549,1
2018-05-01 16:32:19,193.7678,18480,0,3580829,1
2018-05-01 16:32:19,25.1041,18480,0,463924,1
2018-05-01 16:32:19,52.6267,18480,0,972541,1
2018-05-01 16:32:19,340.552,18480,0,6293401,1
2018-05-01 16:32:19,54.1,18480,0,999768,1
2018-05-01 16:32:20,13.0,18480,0,240240,1
2018-05-01 16:32:20,352.1588,18480,0,6507895,1
2018-05-01 16:33:01,5.8944,18370,0,-108280,0
2018-05-01 16:33:21,403.4626,18410,0,-7427746,0
2018-05-01 16:34:12,360.9442,18405,0,-6643178,0
2018-05-01 16:35:32,4.3521,18470,0,80383,1
2018-05-01 16:35:37,74.78391987,18470,0,1381259,1
2018-05-01 16:35:49,691.1651,18450,0,12751996,1
2018-05-01 16:41:21,9.2853,18515,0,-171917,0
2018-05-01 16:42:16,9.2853,18525,0,172010,1
2018-05-01 16:42:34,499.8321,18490,0,-9241896,0
2018-05-01 16:42:42,33.6743,18490,0,-622638,0
2018-05-01 16:43:19,2.0,18485,0,36970,1
2018-05-01 16:43:23,367.3836,18480,0,6789249,1
2018-05-01 16:43:26,164.1228,18475,0,3032169,1
2018-05-01 16:44:17,19.6743,18450,0,-362991,0
2018-05-01 16:44:40,242.4601,18420,0,-4466115,0
2018-05-01 16:44:57,262.1344,18420,0,4828516,1
2018-05-01 16:45:03,5.3966,18405,0,-99324,0
2018-05-01 16:45:36,5.3966,18395,0,99270,1
2018-05-01 16:46:08,1200.0,18380,0,-22056000,0
2018-05-01 16:46:41,2.0,18385,0,36770,1
2018-05-01 16:47:20,71.8427,18390,0,1321187,1
2018-05-01 16:47:29,3.528,18370,0,64809,1
2018-05-01 16:47:29,39.4133,18370,0,724022,1
2018-05-01 16:47:50,155.5115,18360,0,2855191,1
2018-05-01 16:47:50,9.0584,18360,0,166312,1
2018-05-01 16:47:50,15.8749,18360,0,291463,1
2018-05-01 16:47:50,43.6233,18360,0,800924,1
2018-05-01 16:47:57,184.1341,18355,0,3379781,1
2018-05-01 16:47:57,260.50322173,18350,0,4780234,1
2018-05-01 16:47:57,0.5,18350,0,9175,1
2018-05-01 16:47:57,96.4669,18350,0,1770168,1
2018-05-01 16:47:57,3.4,18350,0,62390,1
2018-05-01 16:47:57,314.14367826,18350,0,5764536,1
2018-05-01 16:48:53,181.4198,18390,0,-3336310,0
2018-05-01 16:49:04,4.446e-05,18400,0,-1,0
2018-05-01 16:49:05,1018.58015553,18400,0,-18741875,0
2018-05-01 16:49:17,155.8374,18430,0,2872083,1
2018-05-01 16:49:29,262.4949,18430,0,4837781,1
2018-05-01 16:50:27,781.6677,18370,0,14359236,1
2018-05-01 16:53:15,1200.0,18200,0,-21840000,0
2018-05-01 16:54:43,276.3224,18385,0,5080187,1
2018-05-01 16:55:25,867.0018,18365,0,15922488,1
2018-05-01 16:55:29,56.6758,18350,0,1040001,1
2018-05-01 16:58:53,155.42,18120,0,-2816210,0
2018-05-01 16:59:27,3.6504,18210,0,-66474,0
2018-05-01 16:59:38,3.0,18215,0,-54645,0
2018-05-01 16:59:47,110.6866,18265,0,-2021691,0
2018-05-01 16:59:55,65.9228,18220,0,-1201113,0
2018-05-01 17:00:18,45.9311,18220,0,-836865,0
2018-05-01 17:00:59,3.0,18250,0,-54750,0
2018-05-01 17:01:46,3.0,18220,0,-54660,0
2018-05-01 17:01:46,183.7114,18220,0,-3347222,0
2018-05-01 17:01:46,121.8122,18220,0,-2219418,0
2018-05-01 17:03:58,79.8216,18225,0,1454749,1
2018-05-01 17:03:58,147.0039,18225,0,2679146,1
2018-05-01 17:04:03,42.2727,18215,0,769997,1
2018-05-01 17:04:03,17.2,18215,0,313298,1
2018-05-01 17:04:03,19.2458,18215,0,350562,1
2018-05-01 17:04:03,0.1,18215,0,1822,1
2018-05-01 17:04:03,164.2925,18215,0,2992588,1
2018-05-01 17:04:03,8.2734,18215,0,150700,1
2018-05-01 17:04:06,217.9246,18210,0,3968407,1
2018-05-01 17:05:41,291.5,18180,0,-5299470,0
2018-05-01 17:06:16,10.4561,18195,0,-190249,0
2018-05-01 17:07:30,55.46990101,18255,0,-1012603,0
2018-05-01 17:07:30,91.20999898,18255,0,-1665039,0
2018-05-01 17:08:46,3.2772,18205,0,59661,1
2018-05-01 17:08:59,27.4877,18190,0,500001,1
2018-05-01 17:08:59,150.0,18190,0,2728500,1
2018-05-01 17:09:21,33.5018,18180,0,609063,1
2018-05-01 17:09:21,234.3693,18180,0,4260834,1
2018-05-01 17:10:51,87.2845,18225,0,-1590760,0
2018-05-01 17:12:18,10.9123,18290,0,199586,1
2018-05-01 17:13:06,820.4329,18300,0,-15013922,0
2018-05-01 17:15:08,188.4354,18370,0,3461558,1
2018-05-01 17:15:42,708.3697,18365,0,13009210,1
2018-05-01 17:16:39,4.0,18370,0,-73480,0
2018-05-01 17:16:54,128.1642,18430,0,-2362066,0
2018-05-01 17:17:13,132.1642,18430,0,2435786,1
2018-05-01 17:17:51,10.0,18455,0,-184550,0
2018-05-01 17:18:12,509.4298,18500,0,-9424451,0
2018-05-01 17:18:12,27.4145,18500,0,-507168,0
2018-05-01 17:18:12,112.17119189,18500,0,-2075167,0
2018-05-01 17:18:12,500.0,18500,0,-9250000,0
2018-05-01 17:18:13,4.8,18500,0,-88800,0
2018-05-01 17:18:13,1.7,18500,0,-31450,0
2018-05-01 17:18:13,1.6,18500,0,-29600,0
2018-05-01 17:18:13,4.8,18500,0,-88800,0
2018-05-01 17:18:13,4.4,18500,0,-81400,0
2018-05-01 17:18:32,1176.3155,18500,0,21761837,1
2018-05-01 17:21:01,10.0,18465,0,-184650,0
2018-05-01 17:21:36,10.0,18470,0,184700,1
2018-05-01 17:22:09,117.2977,18525,0,-2172940,0
2018-05-01 17:22:55,122.5,18520,0,-2268700,0
2018-05-01 17:23:10,10.5,18525,0,-194513,0
2018-05-01 17:23:53,19.0917,18545,0,-354056,0
2018-05-01 17:23:59,930.6106,18555,0,-17267480,0
2018-05-01 17:24:54,441.2538,18595,0,8205114,1
2018-05-01 17:24:54,29.8,18595,0,554131,1
2018-05-01 17:24:55,50.0,18595,0,929750,1
2018-05-01 17:24:58,661.2744,18580,0,12286478,1
2018-05-01 17:25:38,0.2893,18580,0,5375,1
2018-05-01 17:25:51,17.3825,18565,0,322706,1
2018-05-01 17:27:12,23.1442,18530,0,-428862,0
2018-05-01 17:27:21,3.9982,18535,0,74107,1
2018-05-01 17:27:26,19.146,18545,0,355063,1
2018-05-01 17:29:54,491.66409204,18545,0,-9117911,0
2018-05-01 17:30:20,308.5866,18550,0,5724281,1
2018-05-01 17:30:24,5.4875,18525,0,101656,1
2018-05-01 17:30:24,177.59,18525,0,3289855,1
2018-05-01 17:32:42,17.5833,18590,0,-326874,0
2018-05-01 17:32:50,738.78920225,18615,0,-13752561,0
2018-05-01 17:32:50,148.14439774,18615,0,-2757708,0
2018-05-01 17:33:20,306.8603,18610,0,5710670,1
2018-05-01 17:33:37,24.993,18615,0,465245,1
2018-05-01 17:33:37,49.98656997,18615,0,930500,1
2018-05-01 17:33:41,268.8172,18600,0,5000000,1
2018-05-01 17:34:02,45.8637,18570,0,851689,1
2018-05-01 17:34:10,6.2,18575,0,115165,1
2018-05-01 17:34:44,70.1011,18575,0,1302128,1
2018-05-01 17:34:44,51.1822,18575,0,950709,1
2018-05-01 17:35:11,1119.4871,18530,0,-20744096,0
2018-05-01 17:35:17,8.639,18550,0,160253,1
2018-05-01 17:35:17,339.9999,18550,0,6306998,1
2018-05-01 17:35:48,564.3401,18525,0,10454400,1
2018-05-01 17:36:05,18.34,18500,0,339290,1
2018-05-01 17:36:05,17.0905,18500,0,316174,1
2018-05-01 17:36:08,108.9016,18500,0,2014680,1
2018-05-01 17:36:08,12.749,18490,0,235729,1
2018-05-01 17:36:09,17.0946,18490,0,316079,1
2018-05-01 17:36:09,112.8453,18490,0,2086510,1
2018-05-01 17:36:24,104.90345135,18500,0,-1940714,0
2018-05-01 17:36:27,252.5167,18490,0,-4669034,0
2018-05-01 17:36:48,139.8681,18470,0,2583364,1
2018-05-01 17:36:52,20.0,18450,0,369000,1
2018-05-01 17:36:52,2.4727,18450,0,45621,1
2018-05-01 17:36:52,27.0884,18450,0,499781,1
2018-05-01 17:36:52,8.0,18450,0,147600,1
2018-05-01 17:37:07,159.9909,18460,0,2953432,1
2018-05-01 17:37:54,1200.0,18400,0,-22080000,0
2018-05-01 17:39:30,36.929,18470,0,682079,1
2018-05-01 17:42:29,3.0,18505,0,55515,1
2018-05-01 17:51:55,1160.071,18560,0,21530918,1
2018-05-01 17:52:57,1200.0,18650,0,-22380000,0
2018-05-01 17:57:42,422.8322,18800,0,7949245,1
2018-05-01 17:57:42,386.8127,18800,0,7272079,1
2018-05-01 17:57:48,390.3551,18800,0,7338676,1
2018-05-01 17:59:56,70.1901,18695,0,-1312204,0
2018-05-01 18:00:05,71.4124,18690,0,-1334698,0
2018-05-01 18:00:14,247.7557,18720,0,-4637987,0
2018-05-01 18:00:54,134.4416,18760,0,2522124,1
2018-05-01 18:00:54,57.7935,18760,0,1084206,1
2018-05-01 18:00:59,12.0216,18740,0,225285,1
2018-05-01 18:00:59,11.0181,18740,0,206479,1
2018-05-01 18:01:19,20.0,18800,0,-376000,0
2018-05-01 18:01:29,209.5651,18805,0,-3940872,0
2018-05-01 18:01:29,372.7141,18805,0,-7008889,0
2018-05-01 18:01:29,18.9715,18805,0,-356759,0
2018-05-01 18:03:47,457.20135198,19060,0,8714258,1
2018-05-01 18:03:52,79.1242,19045,0,1506920,1
2018-05-01 18:03:52,3.5445,19025,0,67434,1
2018-05-01 18:03:53,5.0,19025,0,95125,1
2018-05-01 18:03:53,2.368,19025,0,45051,1
2018-05-01 18:03:55,98.7208,19030,0,1878657,1
2018-05-01 18:03:59,102.111,19010,0,1941130,1
2018-05-01 18:04:00,15.1021,19010,0,287091,1
2018-05-01 18:04:00,32.1622,19010,0,611403,1
2018-05-01 18:06:19,79.7184,19020,0,-1516244,0
2018-05-01 18:06:34,6.2199,19045,0,-118458,0
2018-05-01 18:06:58,749.5645,19125,0,-14335421,0
2018-05-01 18:07:52,540.1538112,19280,0,10414165,1
2018-05-01 18:07:53,81.9378,19280,0,1579761,1
2018-05-01 18:07:53,85.3349,19280,0,1645257,1
2018-05-01 18:08:21,3.796e-05,19320,0,-1,0
2018-05-01 18:08:25,4.64069575,19330,0,-89705,0
2018-05-01 18:08:25,100.0,19330,0,-1933000,0
2018-05-01 18:08:33,591.85355154,19400,0,-11481959,0
2018-05-01 18:08:33,375.42944845,19400,0,-7283331,0
2018-05-01 18:10:04,22.4863,19355,0,435222,1
2018-05-01 18:10:08,1177.5137,19350,0,22784890,1
2018-05-01 18:10:34,220.4544,19395,0,-4275713,0
2018-05-01 18:10:49,20.5658,19470,0,-400416,0
2018-05-01 18:10:57,927.9658,19500,0,-18095333,0
2018-05-01 18:10:57,31.014,19470,0,-603843,0
2018-05-01 18:11:19,1200.0,19550,0,23460000,1
2018-05-01 18:11:40,1200.0,19590,0,-23508000,0
2018-05-01 18:12:10,193.47234024,19680,0,3807536,1
2018-05-01 18:12:10,4.0,19680,0,78720,1
2018-05-01 18:12:10,351.3,19680,0,6913584,1
2018-05-01 18:12:10,119.4882,19680,0,2351528,1
2018-05-01 18:12:11,195.3683,19680,0,3844848,1
2018-05-01 18:12:46,336.3712,19635,0,6604649,1
2018-05-01 18:12:57,516.7768,19540,0,-10097819,0
2018-05-01 18:13:17,480.8114,19495,0,9373418,1
2018-05-01 18:13:25,35.9654,19370,0,696650,1
2018-05-01 18:14:41,10.0,19500,0,-195000,0
2018-05-01 18:14:45,52.0051,19540,0,-1016180,0
2018-05-01 18:14:45,250.06,19540,0,-4886172,0
2018-05-01 18:14:45,5.0,19540,0,-97700,0
2018-05-01 18:14:45,5.0,19540,0,-97700,0
2018-05-01 18:14:45,70.84257338,19540,0,-1384264,0
2018-05-01 18:14:56,458.4848,19550,0,-8963378,0
2018-05-01 18:17:57,851.3924,19520,0,16619180,1
2018-05-01 18:19:00,1200.0,19465,0,-23358000,0
2018-05-01 18:19:36,115.8723,19490,0,2258351,1
2018-05-01 18:19:37,3.9107,19490,0,76220,1
2018-05-01 18:21:01,39.6215,19350,0,766676,1
2018-05-01 18:21:10,331.2509,19300,0,6393142,1
2018-05-01 18:21:41,60.0,19170,0,1150200,1
2018-05-01 18:21:41,22.34518541,19170,0,428357,1
2018-05-01 18:21:45,0.8849,19165,0,16959,1
2018-05-01 18:23:19,610.1145,19310,0,11781311,1
2018-05-01 18:23:19,16.0,19310,0,308960,1
2018-05-01 18:23:42,59.8811,19340,0,-1158100,0
2018-05-01 18:23:59,1.0,19370,0,-19370,0
2018-05-01 18:24:15,2.1,19390,0,-40719,0
2018-05-01 18:24:57,31.1146,19450,0,605179,1
2018-05-01 18:24:57,31.8665,19450,0,619803,1
2018-05-01 18:28:42,7.53256446,19360,0,-145830,0
2018-05-01 18:29:15,7.5326,19400,0,146132,1
2018-05-01 18:29:42,7.4139,19515,0,-144682,0
2018-05-01 18:29:42,365.79232582,19515,0,-7138437,0
2018-05-01 18:29:43,10.0,19515,0,-195150,0
2018-05-01 18:29:47,10.0,19530,0,-195300,0
2018-05-01 18:29:47,41.1173,19530,0,-803021,0
2018-05-01 18:30:11,12.6077,19500,0,245850,1
2018-05-01 18:30:11,421.7158,19490,0,8219241,1
2018-05-01 18:31:14,0.9966,19300,0,-19234,0
2018-05-01 18:31:14,30.1977,19300,0,-582816,0
2018-05-01 18:31:15,9.2676,19300,0,-178865,0
2018-05-01 18:31:17,26.3822,19320,0,-509704,0
2018-05-01 18:31:35,25.28618488,19320,0,-488529,0
2018-05-01 18:32:09,1.0,19340,0,-19340,0
2018-05-01 18:33:39,326.80181305,19300,0,-6307275,0
2018-05-01 18:33:39,780.06788694,19300,0,-15055310,0
2018-05-01 18:35:32,98.5159,19290,0,1900372,1
2018-05-01 18:35:32,39.4808,19290,0,761585,1
2018-05-01 18:35:32,294.2607,19290,0,5676289,1
2018-05-01 18:35:32,10.2336,19290,0,197406,1
2018-05-01 18:35:32,27.6,19290,0,532404,1
2018-05-01 18:35:33,10.0,19290,0,192900,1
2018-05-01 18:35:33,319.5583,19290,0,6164280,1
2018-05-01 18:35:35,60.6674,19280,0,1169667,1
2018-05-01 18:35:36,0.1,19280,0,1928,1
2018-05-01 18:35:36,17.2001,19280,0,331618,1
2018-05-01 18:35:36,232.7426,19280,0,4487277,1
2018-05-01 18:35:36,10.0,19280,0,192800,1
2018-05-01 18:35:36,49.8817,19280,0,961719,1
2018-05-01 18:35:36,29.7589,19280,0,573752,1
2018-05-01 18:43:37,319.079,19400,0,-6190133,0
2018-05-01 18:43:49,319.079,19455,0,6207682,1
2018-05-01 18:44:09,2.7,19500,0,-52650,0
2018-05-01 18:44:09,1.0,19500,0,-19500,0
2018-05-01 18:44:09,132.0139,19500,0,-2574271,0
2018-05-01 18:44:11,1064.2861,19500,0,-20753579,0
2018-05-01 18:44:48,189.321,19660,0,3722051,1
2018-05-01 18:44:48,8.31737466,19660,0,163520,1
2018-05-01 18:44:49,839.4548,19660,0,16503681,1
2018-05-01 18:44:55,162.9068,19635,0,3198675,1
2018-05-01 18:45:33,1.1,19645,0,-21610,0
2018-05-01 18:45:34,7.4,19645,0,-145373,0
2018-05-01 18:45:34,2.3,19645,0,-45184,0
2018-05-01 18:45:35,99.6109,19645,0,-1956856,0
2018-05-01 18:46:09,503.1246,19580,0,-9851180,0
2018-05-01 18:46:21,482.23679527,19545,0,9425318,1
2018-05-01 18:46:22,131.29870472,19545,0,2566233,1
2018-05-01 18:47:43,8.79,19585,0,-172152,0
2018-05-01 18:47:47,310.4697,19585,0,-6080549,0
2018-05-01 18:48:32,0.26,19585,0,5092,1
2018-05-01 18:49:20,29.83589795,19620,0,-585380,0
2018-05-01 18:49:20,8.54350204,19620,0,-167624,0
2018-05-01 18:49:20,0.1596,19620,0,-3131,0
2018-05-01 18:49:23,842.4613,19630,0,-16537515,0
2018-05-01 18:49:41,595.7726,19645,0,11703953,1
2018-05-01 18:49:42,126.9185,19645,0,2493314,1
2018-05-01 18:50:36,22.76,19775,0,-450079,0
2018-05-01 18:50:40,157.7035,19775,0,-3118587,0
2018-05-01 18:50:40,532.5473,19795,0,-10541774,0
2018-05-01 18:51:11,91.1806,19860,0,1810847,1
2018-05-01 18:51:12,28.53,19860,0,566606,1
2018-05-01 18:51:12,115.639,19860,0,2296591,1
2018-05-01 18:51:12,4.5144,19860,0,89656,1
2018-05-01 18:51:16,629.42,19870,0,12506575,1
2018-05-01 18:51:36,146.0294,19885,0,-2903795,0
2018-05-01 18:51:39,732.9349,19900,0,-14585405,0
2018-05-01 18:52:08,250.1093,19940,0,4987179,1
2018-05-01 18:52:08,74.4603,19935,0,1484366,1
2018-05-01 18:52:13,120.49987452,19925,0,2400960,1
2018-05-01 18:52:13,57.3193,19925,0,1142087,1
2018-05-01 18:52:17,96.4671,19890,0,1918731,1
2018-05-01 18:52:17,19.8387,19890,0,394592,1
2018-05-01 18:52:20,136.6508,19890,0,2717984,1
2018-05-01 18:52:20,268.82709904,19890,0,5346971,1
2018-05-01 18:52:28,0.0351,19900,0,698,1
2018-05-01 18:52:28,26.3307,19900,0,523981,1
2018-05-01 18:52:33,149.4618,19925,0,2978026,1
2018-05-01 18:55:22,75.545,19735,0,-1490881,0
2018-05-01 18:55:26,15.5,19760,0,-306280,0
2018-05-01 18:55:46,91.045,19725,0,1795863,1
2018-05-01 18:56:40,1200.0,19640,0,-23568000,0
2018-05-01 18:57:39,5.0729,19660,0,99733,1
2018-05-01 18:57:39,61.37778382,19660,0,1206687,1
2018-05-01 18:57:39,724.45331617,19660,0,14242752,1
2018-05-01 18:57:39,409.096,19665,0,8044873,1
2018-05-01 18:58:16,835.1175,19540,0,-16318196,0
2018-05-01 19:05:20,24.7046,19650,0,485445,1
2018-05-01 19:05:20,22.8179,19650,0,448372,1
2018-05-01 19:05:20,203.1098,19650,0,3991108,1
2018-05-01 19:05:21,1.0,19650,0,19650,1
2018-05-01 19:05:21,26.8025,19650,0,526669,1
2018-05-01 19:05:21,556.6827,19650,0,10938815,1
2018-05-01 19:07:47,6.1376,19510,0,-119745,0
2018-05-01 19:07:47,4.731e-05,19510,0,-1,0
2018-05-01 19:08:13,5.07,19470,0,98713,1
2018-05-01 19:08:23,1.0676,19470,0,20786,1
2018-05-01 19:08:52,20.3,19485,0,-395546,0
2018-05-01 19:09:00,51.9373,19500,0,-1012777,0
2018-05-01 19:09:00,33.7424,19500,0,-657977,0
2018-05-01 19:09:15,4.0,19500,0,78000,1
2018-05-01 19:09:56,9.9,19445,0,192506,1
2018-05-01 19:10:15,297.0727,19500,0,-5792918,0
2018-05-01 19:10:15,60.2496,19500,0,-1174867,0
2018-05-01 19:10:16,44.2734,19500,0,-863331,0
2018-05-01 19:10:16,25.5913,19500,0,-499030,0
2018-05-01 19:10:16,20.0,19500,0,-390000,0
2018-05-01 19:10:45,660.7333,19540,0,-12910729,0
2018-05-01 19:11:28,19.8779,19485,0,387321,1
2018-05-01 19:11:28,19.29,19485,0,375866,1
2018-05-01 19:11:41,440.56339609,19470,0,8577769,1
2018-05-01 19:12:40,103.854,19345,0,2009056,1
2018-05-01 19:12:41,38.0813,19345,0,736683,1
2018-05-01 19:12:41,113.395,19345,0,2193626,1
2018-05-01 19:12:48,1.6097,19345,0,31140,1
2018-05-01 19:13:00,57.18918969,19400,0,-1109470,0
2018-05-01 19:13:42,679.482,19350,0,-13147977,0
2018-05-01 19:14:20,3.2,19375,0,62000,1
2018-05-01 19:14:25,29.7372,19370,0,576010,1
2018-05-01 19:15:17,10.0,19310,0,193100,1
2018-05-01 19:15:24,331.29581965,19300,0,6394009,1
2018-05-01 19:15:24,607.16648034,19300,0,11718313,1
2018-05-01 19:15:24,2.0,19300,0,38600,1
2018-05-01 19:15:24,100.0,19300,0,1930000,1
2018-05-01 19:15:24,58.2867,19300,0,1124933,1
2018-05-01 19:15:24,58.3137,19310,0,1126038,1
2018-05-01 19:15:54,1.6761,19390,0,-32500,0
2018-05-01 19:16:25,1.6761,19440,0,32583,1
2018-05-01 19:16:51,1200.0,19500,0,-23400000,0
2018-05-01 19:17:11,350.9998,19450,0,6826946,1
2018-05-01 19:17:11,5.279,19450,0,102677,1
2018-05-01 19:17:56,32.2028,19425,0,625539,1
2018-05-01 19:21:47,811.5184,19445,0,15779975,1
2018-05-01 19:22:08,1200.0,19500,0,-23400000,0
2018-05-01 19:24:08,1200.0,19675,0,23610000,1
2018-05-01 19:26:05,57.79034236,19570,0,-1130957,0
2018-05-01 19:26:09,46.3245,19595,0,-907729,0
2018-05-01 19:26:13,162.3774,19595,0,-3181785,0
2018-05-01 19:26:17,118.4749,19580,0,-2319739,0
2018-05-01 19:26:21,354.1,19580,0,-6933278,0
2018-05-01 19:27:37,166.108,19480,0,3235784,1
2018-05-01 19:27:37,30.0,19480,0,584400,1
2018-05-01 19:27:37,307.9529,19480,0,5998922,1
2018-05-01 19:27:40,66.8035,19450,0,1299328,1
2018-05-01 19:27:59,1031.7972,19490,0,-20109727,0
2018-05-01 19:29:14,1002.5549,19530,0,19579897,1
2018-05-01 19:29:14,133.237,19530,0,2602119,1
2018-05-01 19:29:14,1.0,19530,0,19530,1
2018-05-01 19:29:14,26.2359,19530,0,512387,1
2018-05-01 19:29:14,36.9722,19530,0,722067,1
2018-05-01 19:29:34,17.4838,19505,0,-341022,0
2018-05-01 19:29:46,1152.0673,19500,0,-22465312,0
2018-05-01 19:32:57,1.6399064,19625,0,32183,1
2018-05-01 19:33:01,146.2179,19625,0,2869526,1
2018-05-01 19:33:06,169.51821656,19625,0,3326795,1
2018-05-01 19:33:06,129.4,19625,0,2539475,1
2018-05-01 19:33:12,297.7136,19630,0,5844118,1
2018-05-01 19:33:16,256.63270504,19630,0,5037700,1
2018-05-01 19:33:20,168.4287,19600,0,3301203,1
2018-05-01 19:34:42,118.7752,19545,0,-2321461,0
2018-05-01 19:34:55,0.8593,19545,0,-16795,0
2018-05-01 19:34:55,32.8519,19545,0,-642090,0
2018-05-01 19:37:07,12.7539,19605,0,250040,1
2018-05-01 19:37:13,139.7325,19590,0,2737360,1
2018-05-01 19:37:26,938.6536,19610,0,-18406997,0
2018-05-01 19:37:40,112.081,19615,0,2198469,1
2018-05-01 19:38:34,826.5726,19670,0,16258683,1
2018-05-01 19:39:12,680.8,19635,0,-13367508,0
2018-05-01 19:41:12,680.8,19625,0,13360700,1
2018-05-01 19:46:32,190.3203728,19650,0,-3739795,0
2018-05-01 19:46:33,176.8725,19650,0,-3475545,0
2018-05-01 19:46:33,117.0425,19650,0,-2299885,0
2018-05-01 19:46:33,25.1895,19650,0,-494974,0
2018-05-01 19:46:34,18.988,19650,0,-373114,0
2018-05-01 19:46:36,20.8486,19660,0,-409883,0
2018-05-01 19:46:37,92.0397,19660,0,-1809501,0
2018-05-01 19:46:37,17.8749,19660,0,-351421,0
2018-05-01 19:46:52,135.004,19665,0,2654854,1
2018-05-01 19:46:56,39.0068,19665,0,767069,1
2018-05-01 19:47:10,485.1653,19680,0,9548053,1
2018-05-01 19:50:10,133.237,19560,0,-2606116,0
2018-05-01 19:51:05,82.0518,19570,0,1605754,1
2018-05-01 19:51:05,51.1852,19575,0,1001950,1
2018-05-01 19:52:53,1200.0,19520,0,-23424000,0
2018-05-01 19:53:49,781.0955,19565,0,15282133,1
2018-05-01 19:54:35,1.0311,19535,0,20143,1
2018-05-01 19:54:35,288.4707,19535,0,5635275,1
2018-05-01 19:54:35,127.453,19540,0,2490432,1
2018-05-01 19:54:36,1.9497,19535,0,38087,1
2018-05-01 19:56:57,1200.0,19500,0,-23400000,0
2018-05-01 19:58:34,60.394,19535,0,1179797,1
2018-05-01 19:59:12,20.6168,19525,0,402543,1
2018-05-01 19:59:17,83.9431,19520,0,1638569,1
2018-05-01 19:59:17,6.1475,19520,0,119999,1
2018-05-01 19:59:17,412.1923,19520,0,8045994,1
2018-05-01 19:59:17,39.5338,19520,0,771700,1
2018-05-01 20:00:22,76.9409,19495,0,-1499963,0
2018-05-01 20:00:22,545.8866,19495,0,-10642059,0
2018-05-01 20:00:51,39.1972,19480,0,763561,1
2018-05-01 20:01:29,13.1381,19450,0,255536,1
2018-05-01 20:01:29,379.5583,19450,0,7382409,1
2018-05-01 20:01:29,200.0,19450,0,3890000,1
2018-05-01 20:01:29,39.3506,19450,0,765369,1
2018-05-01 20:01:29,35.2489,19450,0,685591,1
2018-05-01 20:01:29,32.5265,19450,0,632640,1
2018-05-01 20:01:30,113.562,19450,0,2208781,1
2018-05-01 20:01:30,3.0,19450,0,58350,1
2018-05-01 20:01:35,60.394,19445,0,1174361,1
2018-05-01 20:01:35,284.0244,19440,0,5521434,1
2018-05-01 20:02:14,31.7321,19440,0,-616872,0
2018-05-01 20:02:14,1.7983,19440,0,-34959,0
2018-05-01 20:03:07,100.0,19490,0,-1949000,0
2018-05-01 20:03:16,106.8966,19500,0,-2084484,0
2018-05-01 20:03:58,681.2916,19690,0,-13414632,0
2018-05-01 20:04:17,510.92380996,19710,0,10070308,1
2018-05-01 20:04:17,200.0,19710,0,3942000,1
2018-05-01 20:04:39,190.5492,19680,0,3750008,1
2018-05-01 20:04:39,18.2761,19680,0,359674,1
2018-05-01 20:04:54,1.9695,19670,0,38740,1
2018-05-01 20:08:00,18.581,19790,0,-367718,0
2018-05-01 20:08:05,38.95,19815,0,-771794,0
2018-05-01 20:08:05,140.3782,19815,0,-2781594,0
2018-05-01 20:08:48,197.9092,19700,0,3898811,1
2018-05-01 20:12:01,6.0986,19600,0,-119533,0
2018-05-01 20:12:11,54.4286,19590,0,-1066256,0
2018-05-01 20:12:12,10.0,19590,0,-195900,0
2018-05-01 20:12:22,6.5902,19590,0,-129102,0
2018-05-01 20:12:30,1122.8826,19600,0,-22008499,0
2018-05-01 20:13:45,1.5107,19615,0,29632,1
2018-05-01 20:13:50,358.2212,19625,0,7030091,1
2018-05-01 20:14:29,270.804,19575,0,5300988,1
2018-05-01 20:14:29,50.0,19575,0,978750,1
2018-05-01 20:14:42,1.0001,19575,0,19577,1
2018-05-01 20:14:53,11.8421,19575,0,231809,1
2018-05-01 20:15:04,261.3917,19550,0,5110208,1
2018-05-01 20:15:04,108.46148337,19550,0,2120422,1
2018-05-01 20:15:04,13.0489,19550,0,255106,1
2018-05-01 20:15:09,123.7198,19610,0,2426145,1
2018-05-01 20:15:54,170.2566,19490,0,-3318301,0
2018-05-01 20:16:09,7.5,19565,0,-146738,0
2018-05-01 20:16:18,60.394,19580,0,-1182515,0
2018-05-01 20:16:29,3.3,19615,0,64730,1
2018-05-01 20:16:33,1.77,19600,0,34692,1
2018-05-01 20:17:19,596.98742264,19650,0,-11730803,0
2018-05-01 20:17:19,354.63897735,19650,0,-6968656,0
2018-05-01 20:17:24,659.9999,19680,0,12988798,1
2018-05-01 20:17:27,1.1845,19660,0,-23287,0
2018-05-01 20:17:36,421.806,19655,0,-8290597,0
2018-05-01 20:18:04,947.6976,19680,0,18650689,1
2018-05-01 20:22:09,2.5,19740,0,-49350,0
2018-05-01 20:22:10,15.6278,19740,0,-308493,0
2018-05-01 20:22:10,1.2,19740,0,-23688,0
2018-05-01 20:22:10,2.6,19740,0,-51324,0
2018-05-01 20:22:10,1.5,19740,0,-29610,0
2018-05-01 20:22:10,1.1,19740,0,-21714,0
2018-05-01 20:22:30,59.19637501,19735,0,-1168240,0
2018-05-01 20:22:30,29.99992498,19735,0,-592049,0
2018-05-01 20:22:37,54.7797,19750,0,-1081899,0
2018-05-01 20:22:46,411.9933,19775,0,-8147168,0
2018-05-01 20:22:46,1.4,19765,0,-27671,0
2018-05-01 20:22:53,1.2,19790,0,-23748,0
2018-05-01 20:22:53,1.4,19790,0,-27706,0
2018-05-01 20:22:53,122.56070793,19790,0,-2425476,0
2018-05-01 20:23:26,6.0512,19830,0,119995,1
2018-05-01 20:24:17,108.5,19855,0,2154268,1
2018-05-01 20:24:30,8.5195,19835,0,168984,1
2018-05-01 20:24:42,110.978,19745,0,2191261,1
2018-05-01 20:24:42,30.1,19765,0,594927,1
2018-05-01 20:24:42,9.8,19760,0,193648,1
2018-05-01 20:24:45,10.0,19720,0,197200,1
2018-05-01 20:24:51,26.2706,19720,0,-518056,0
2018-05-01 20:25:03,750.6203,19760,0,-14832257,0
2018-05-01 20:26:14,107.0,19760,0,2114320,1
2018-05-01 20:26:14,539.7,19760,0,10664472,1
2018-05-01 20:26:18,265.3185,19760,0,5242694,1
2018-05-01 20:26:26,287.9815,19750,0,5687635,1
2018-05-01 20:26:46,1200.0,19625,0,-23550000,0
2018-05-01 20:26:56,60.0554,19740,0,1185494,1
2018-05-01 20:28:42,1139.9446,19740,0,22502506,1
2018-05-01 20:29:10,153.1407,19700,0,-3016872,0
2018-05-01 20:29:16,98.9171,19700,0,-1948667,0
2018-05-01 20:29:24,289.6443,19670,0,-5697303,0
2018-05-01 20:29:38,151.6441,19680,0,-2984356,0
2018-05-01 20:30:58,1.1251,19670,0,22131,1
2018-05-01 20:31:48,10.0,19660,0,196600,1
2018-05-01 20:32:31,154.0484,19675,0,3030902,1
2018-05-01 20:32:31,4.0112,19675,0,78920,1
2018-05-01 20:32:31,89.4237,19675,0,1759411,1
2018-05-01 20:32:52,434.7378,19675,0,8553466,1
2018-05-01 20:33:04,11.7681,19645,0,-231184,0
2018-05-01 20:35:55,11.7681,19665,0,231420,1
2018-05-01 20:37:13,0.0001,19655,0,-2,0
2018-05-01 20:38:49,1186.7349,19600,0,-23260004,0
2018-05-01 20:40:28,10.9679,19650,0,215519,1
2018-05-01 20:40:59,69.087,19620,0,1355487,1
2018-05-01 20:40:59,6.3772,19620,0,125121,1
2018-05-01 20:40:59,50.9997,19620,0,1000614,1
2018-05-01 20:46:10,586.8597,19645,0,11528859,1
2018-05-01 20:46:11,462.4435,19645,0,9084703,1
2018-05-01 20:48:49,14.3235,19580,0,-280454,0
2018-05-01 20:49:35,14.3235,19560,0,280168,1
2018-05-01 20:51:06,477.67955819,19520,0,-9324305,0
2018-05-01 20:51:06,37.6136,19520,0,-734217,0
2018-05-01 20:51:10,4.2499,19535,0,-83022,0
2018-05-01 20:51:10,248.00788456,19535,0,-4844834,0
2018-05-01 20:51:10,97.9025,19535,0,-1912525,0
2018-05-01 20:51:10,15.0,19535,0,-293025,0
2018-05-01 20:51:10,319.54651543,19535,0,-6242341,0
2018-05-01 20:54:25,47.1406,19495,0,919006,1
2018-05-01 20:54:25,54.2223,19495,0,1057064,1
2018-05-01 20:54:25,5.0,19495,0,97475,1
2018-05-01 20:54:26,147.9661,19495,0,2884599,1
2018-05-01 20:54:53,945.671,19480,0,18421671,1
2018-05-01 20:58:00,27.4256,19170,0,-525749,0
2018-05-01 20:58:00,58.7898,19160,0,-1126413,0
2018-05-01 20:58:18,22.7,19215,0,-436181,0
2018-05-01 20:58:32,108.9154,19240,0,2095532,1
2018-05-01 20:59:20,39.4753,19275,0,-760886,0
2018-05-01 20:59:30,158.7274,19315,0,-3065820,0
2018-05-01 21:00:06,198.2027,19360,0,3837204,1
2018-05-01 21:01:25,50.0,19300,0,-965000,0
2018-05-01 21:01:29,1150.0,19320,0,-22218000,0
2018-05-01 21:02:04,3.173,19300,0,61239,1
2018-05-01 21:02:04,712.6272,19300,0,13753705,1
2018-05-01 21:02:30,10.0,19245,0,192450,1
2018-05-01 21:03:12,32.1607,19250,0,-619093,0
2018-05-01 21:03:15,49.7158784,19260,0,-957528,0
2018-05-01 21:03:50,275.2189,19270,0,-5303468,0
2018-05-01 21:04:27,831.2953,19230,0,15985809,1
2018-05-01 21:05:29,87.8276,19150,0,-1681899,0
2018-05-01 21:05:35,1112.1724,19150,0,-21298101,0
2018-05-01 21:05:54,18.5422,19130,0,354712,1
2018-05-01 21:05:58,100.0,19120,0,1912000,1
2018-05-01 21:05:58,743.5019,19120,0,14215756,1
2018-05-01 21:05:58,18.5942,19120,0,355521,1
2018-05-01 21:06:02,319.3617,19135,0,6110986,1
2018-05-01 21:06:41,29.2789,19080,0,-558641,0
2018-05-01 21:06:41,153.5135,19080,0,-2929038,0
2018-05-01 21:06:41,120.8071,19080,0,-2304999,0
2018-05-01 21:06:42,283.4244,19080,0,-5407738,0
2018-05-01 21:06:56,100.0,19080,0,1908000,1
2018-05-01 21:07:03,487.0239,19060,0,9282676,1
2018-05-01 21:07:58,234.0908,18890,0,-4421975,0
2018-05-01 21:08:07,191.106,18970,0,3625281,1
2018-05-01 21:08:11,42.9848,18990,0,816281,1
2018-05-01 21:09:15,24.0608,18950,0,-455952,0
2018-05-01 21:09:19,24.0608,18940,0,455712,1
2018-05-01 21:10:16,24.9699,18920,0,-472431,0
2018-05-01 21:10:16,22.0599,18920,0,-417373,0
2018-05-01 21:10:27,47.0298,18890,0,888393,1
2018-05-01 21:12:42,1200.0,18920,0,-22704000,0
2018-05-01 21:13:37,880.45655716,19025,0,16750686,1
2018-05-01 21:13:41,319.5434,19025,0,6079313,1
2018-05-01 21:15:39,62.4669,18940,0,-1183123,0
2018-05-01 21:15:39,919.31501453,18940,0,-17411826,0
2018-05-01 21:16:34,1.0,18990,0,18990,1
2018-05-01 21:16:50,734.4343,18975,0,13935891,1
2018-05-01 21:17:16,99.85,18970,0,-1894155,0
2018-05-01 21:18:12,7.985e-05,19010,0,-2,0
2018-05-01 21:21:01,346.1977,18930,0,6553522,1
2018-05-01 21:21:22,10.0,18960,0,-189600,0
2018-05-01 21:21:30,82.2656,18930,0,-1557288,0
2018-05-01 21:21:55,83.87800802,18880,0,1583617,1
2018-05-01 21:21:55,8.38759197,18880,0,158358,1
2018-05-01 21:22:34,28.1995,18785,0,-529728,0
2018-05-01 21:22:42,253.695,18850,0,-4782151,0
2018-05-01 21:22:51,2.6,18820,0,-48932,0
2018-05-01 21:22:51,110.3718,18820,0,-2077197,0
2018-05-01 21:23:02,213.6916,18820,0,4021676,1
2018-05-01 21:23:02,155.3827,18815,0,2923526,1
2018-05-01 21:23:02,25.792,18815,0,485276,1
2018-05-01 21:24:14,58.43,18730,0,-1094394,0
2018-05-01 21:24:18,58.43,18720,0,1093810,1
2018-05-01 21:25:02,290.8897,18755,0,-5455636,0
2018-05-01 21:25:03,909.1103,18755,0,-17050364,0
2018-05-01 21:26:01,504.57134349,18690,0,9430438,1
2018-05-01 21:26:01,687.2909565,18690,0,12845468,1
2018-05-01 21:26:01,8.1377,18690,0,152094,1
2018-05-01 21:27:47,41.0,18575,0,-761575,0
2018-05-01 21:27:53,0.0001,18590,0,-2,0
2018-05-01 21:29:17,100.0,18645,0,-1864500,0
2018-05-01 21:29:23,290.06,18675,0,-5416871,0
2018-05-01 21:30:00,193.7336,18680,0,-3618944,0
2018-05-01 21:30:12,58.5246,18675,0,1092947,1
2018-05-01 21:31:01,24.1401,18570,0,448282,1
2018-05-01 21:31:02,15.1931,18570,0,282136,1
2018-05-01 21:31:02,526.9359,18570,0,9785200,1
2018-05-01 21:32:44,1200.0,18590,0,-22308000,0
2018-05-01 21:33:06,1200.0,18610,0,22332000,1
2018-05-01 21:34:27,87.1504,18595,0,-1620562,0
2018-05-01 21:34:34,267.0661,18610,0,-4970100,0
2018-05-01 21:34:45,3.0,18540,0,55620,1
2018-05-01 21:34:45,2.2875,18540,0,42410,1
2018-05-01 21:34:49,14.5983,18520,0,270361,1
2018-05-01 21:35:13,90.3088,18470,0,1668004,1
2018-05-01 21:35:35,146.606,18540,0,-2718075,0
2018-05-01 21:35:35,25.5377,18540,0,-473469,0
2018-05-01 21:36:18,416.1656,18650,0,7761488,1
2018-05-01 21:38:42,463.17542984,18710,0,-8666012,0
2018-05-01 21:38:42,736.82457015,18710,0,-13785988,0
2018-05-01 21:39:01,42.8529,18695,0,801135,1
2018-05-01 21:39:15,25.1772,18680,0,470310,1
2018-05-01 21:39:33,21.7148,18650,0,404981,1
2018-05-01 21:39:33,100.0,18650,0,1865000,1
2018-05-01 21:39:33,0.1608,18650,0,2999,1
2018-05-01 21:39:33,260.1653,18650,0,4852083,1
2018-05-01 21:39:34,93.8186,18650,0,1749717,1
2018-05-01 21:39:34,20.6474,18650,0,385074,1
2018-05-01 21:39:34,53.6866,18650,0,1001255,1
2018-05-01 21:40:10,581.7764,18700,0,10879219,1
2018-05-01 21:42:13,235.5301,18745,0,-4415012,0
2018-05-01 21:42:24,6.3808,18770,0,-119768,0
2018-05-01 21:42:47,246.03338343,18805,0,-4626658,0
2018-05-01 21:42:51,712.0557,18800,0,-13386647,0
2018-05-01 21:44:04,259.68772521,18790,0,4879532,1
2018-05-01 21:44:36,695.2112,18745,0,13031734,1
2018-05-01 21:44:51,206.433,18715,0,3863394,1
2018-05-01 21:44:52,38.6681,18715,0,723673,1
2018-05-01 21:45:42,207.1727,18720,0,-3878273,0
2018-05-01 21:46:28,29.1203,18740,0,-545714,0
2018-05-01 21:46:47,11.84139597,18755,0,-222085,0
2018-05-01 21:46:57,17.1693,18750,0,-321924,0
2018-05-01 21:46:57,77.6145,18750,0,-1455272,0
2018-05-01 21:47:01,204.5141,18750,0,-3834639,0
2018-05-01 21:47:07,25.7722,18760,0,-483486,0
2018-05-01 21:47:35,626.7954,18765,0,-11761816,0
2018-05-01 21:47:49,155.3776,18730,0,2910222,1
2018-05-01 21:47:49,25.5,18730,0,477615,1
2018-05-01 21:47:49,983.9604,18730,0,18429578,1
2018-05-01 21:47:49,4.6244,18730,0,86615,1
2018-05-01 21:48:08,1.3332,18685,0,24911,1
2018-05-01 21:48:12,29.2043,18680,0,545536,1
2018-05-01 21:48:34,30.25442382,18675,0,-565001,0
2018-05-01 21:48:42,63.191,18690,0,-1181040,0
2018-05-01 21:49:12,423.866,18695,0,-7924175,0
2018-05-01 21:49:21,321.6035,18705,0,-6015593,0
2018-05-01 21:51:12,527.1871,18715,0,9866307,1
2018-05-01 21:51:16,107.2271,18680,0,2003002,1
2018-05-01 21:51:16,1.7741,18680,0,33140,1
2018-05-01 21:51:16,1.0,18680,0,18680,1
2018-05-01 21:51:25,201.7266,18725,0,3777331,1
2018-05-01 21:51:49,1.0747,18710,0,-20108,0
2018-05-01 21:51:56,875.76791304,18745,0,-16416270,0
2018-05-01 21:51:56,307.0628,18745,0,-5755892,0
2018-05-01 21:52:10,711.0,18810,0,13373910,1
2018-05-01 21:52:10,232.5302,18810,0,4373893,1
2018-05-01 21:52:14,240.3752,18815,0,4522659,1
2018-05-01 21:54:26,311.8634,18785,0,-5858354,0
2018-05-01 21:55:03,50.0,18800,0,940000,1
2018-05-01 21:55:07,261.8634,18800,0,4923032,1
2018-05-01 21:55:59,1200.0,18740,0,-22488000,0
2018-05-01 21:56:29,1099.2531,18780,0,20643973,1
2018-05-01 21:56:49,67.1456,18810,0,1263009,1
2018-05-01 21:56:53,24.8962,18815,0,468422,1
2018-05-01 21:56:56,8.7051,18810,0,163743,1
2018-05-01 22:00:41,127.913,18825,0,-2407962,0
2018-05-01 22:00:47,73.0502,18820,0,-1374805,0
2018-05-01 22:01:55,200.9632,18735,0,3765046,1
2018-05-01 22:02:16,38.0,18735,0,-711930,0
2018-05-01 22:02:25,0.2632,18745,0,4934,1
2018-05-01 22:02:47,37.7368,18775,0,708508,1
2018-05-01 22:03:26,97.8233,18755,0,-1834676,0
2018-05-01 22:03:35,1.8,18760,0,-33768,0
2018-05-01 22:04:00,2.2658,18745,0,-42472,0
2018-05-01 22:04:59,23.6338,18770,0,443606,1
2018-05-01 22:05:43,78.2553,18855,0,1475504,1
2018-05-01 22:06:21,320.1421,18800,0,-6018671,0
2018-05-01 22:06:21,879.8579,18800,0,-16541329,0
2018-05-01 22:06:35,1.0,18775,0,18775,1
2018-05-01 22:07:33,1199.0,18680,0,22397320,1
2018-05-01 22:08:04,44.17621346,18645,0,-823666,0
2018-05-01 22:08:08,620.0757,18630,0,-11552010,0
2018-05-01 22:12:15,664.2519,18645,0,12384977,1
2018-05-01 22:12:52,264.4977,18645,0,-4931560,0
2018-05-01 22:12:56,64.4127,18670,0,-1202585,0
2018-05-01 22:12:56,7.9,18670,0,-147493,0
2018-05-01 22:13:14,863.1896,18710,0,-16150277,0
2018-05-01 22:13:26,53.191,18700,0,994672,1
2018-05-01 22:13:26,266.4,18690,0,4979016,1
2018-05-01 22:13:47,295.5443,18680,0,5520768,1
2018-05-01 22:13:48,181.6,18680,0,3392288,1
2018-05-01 22:13:48,29.7631,18680,0,555975,1
2018-05-01 22:14:01,100.0035,18670,0,1867065,1
2018-05-01 22:14:15,273.4981,18720,0,5119884,1
2018-05-01 22:14:34,1200.0,18780,0,-22536000,0
2018-05-01 22:14:50,1013.7,18775,0,19032218,1
2018-05-01 22:14:50,134.8563,18775,0,2531927,1
2018-05-01 22:14:56,8.0858,18765,0,151730,1
2018-05-01 22:15:04,43.3579,18735,0,812310,1
2018-05-01 22:22:41,38.3657,18880,0,-724344,0
2018-05-01 22:22:48,30.016,18880,0,566702,1
2018-05-01 22:22:52,8.3497,18875,0,157601,1
2018-05-01 22:24:52,3.6905,18840,0,-69529,0
2018-05-01 22:24:57,3.6905,18860,0,69603,1
2018-05-01 22:26:19,641.122,18915,0,-12126823,0
2018-05-01 22:26:27,10.0,18940,0,189400,1
2018-05-01 22:26:35,631.122,18945,0,11956606,1
2018-05-01 22:29:46,97.6116,18870,0,-1841931,0
2018-05-01 22:30:34,44.7205,18890,0,844770,1
2018-05-01 22:30:42,52.8911,18870,0,998055,1
2018-05-01 22:31:59,216.7606,18840,0,-4083770,0
2018-05-01 22:32:11,216.7606,18870,0,4090273,1
2018-05-01 22:33:26,4.1,18950,0,-77695,0
2018-05-01 22:33:26,2.6,18950,0,-49270,0
2018-05-01 22:33:27,5.3,18950,0,-100435,0
2018-05-01 22:33:27,1.7,18950,0,-32215,0
2018-05-01 22:33:27,2.6,18950,0,-49270,0
2018-05-01 22:33:28,429.9738,18950,0,-8148004,0
2018-05-01 22:33:29,9.2991,18950,0,-176218,0
2018-05-01 22:33:33,263.3,18960,0,-4992168,0
2018-05-01 22:33:33,1.2,18960,0,-22752,0
2018-05-01 22:34:32,10.7864,18930,0,204187,1
2018-05-01 22:34:44,105.3749,18900,0,1991586,1
2018-05-01 22:34:44,5.7828,18900,0,109295,1
2018-05-01 22:35:02,93.4445,18910,0,-1767035,0
2018-05-01 22:35:02,46.4825,18910,0,-878984,0
2018-05-01 22:35:03,0.1,18910,0,-1891,0
2018-05-01 22:36:13,13.4588,18885,0,254169,1
2018-05-01 22:36:13,4.9176,18885,0,92869,1
2018-05-01 22:37:49,0.2343,18830,0,4412,1
2018-05-01 22:44:26,719.5451,18855,0,13567023,1
2018-05-01 22:46:32,52.879,18890,0,-998884,0
2018-05-01 22:48:41,31.3741,18935,0,594069,1
2018-05-01 22:48:41,21.5049,18935,0,407195,1
2018-05-01 22:49:47,3.0,18930,0,-56790,0
2018-05-01 22:50:16,3.0,18920,0,56760,1
2018-05-01 22:50:44,34.04872177,18965,0,-645734,0
2018-05-01 22:50:44,300.1348,18965,0,-5692056,0
2018-05-01 22:50:44,81.06817822,18965,0,-1537458,0
2018-05-01 22:50:48,322.0443,18970,0,-6109180,0
2018-05-01 22:50:48,462.704,18970,0,-8777495,0
2018-05-01 22:52:03,1200.0,19000,0,22800000,1
2018-05-01 22:56:33,443.8639,18890,0,-8384589,0
2018-05-01 22:56:56,78.8454,18910,0,-1490967,0
2018-05-01 22:57:47,184.5965,18950,0,3498104,1
2018-05-01 22:57:51,187.7424,18935,0,3554902,1
2018-05-01 22:57:59,0.2,18935,0,3787,1
2018-05-01 22:58:55,57.4505094,18935,0,1087825,1
2018-05-01 22:59:09,10.0,18925,0,189250,1
2018-05-01 22:59:17,0.3,18910,0,5673,1
2018-05-01 22:59:17,82.4199,18900,0,1557736,1
2018-05-01 23:00:29,277.68518729,18970,0,-5267688,0
2018-05-01 23:01:02,33.3703,18985,0,633535,1
2018-05-01 23:01:05,244.3149,18965,0,4633432,1
2018-05-01 23:03:05,62.697,18930,0,-1186854,0
2018-05-01 23:03:38,10.6,18920,0,-200552,0
2018-05-01 23:03:46,73.297,18880,0,1383847,1
2018-05-01 23:03:55,159.4419,18830,0,-3002291,0
2018-05-01 23:04:00,0.2,18830,0,3766,1
2018-05-01 23:04:22,159.2419,18865,0,3004098,1
2018-05-01 23:10:47,267.0955,18865,0,-5038757,0
2018-05-01 23:10:51,1.0,18875,0,-18875,0
2018-05-01 23:10:51,1.0,18850,0,-18850,0
2018-05-01 23:14:21,269.0955,18890,0,5083214,1
2018-05-01 23:15:06,80.4217,18855,0,-1516351,0
2018-05-01 23:15:43,454.5313,18850,0,-8567915,0
2018-05-01 23:16:48,146.0,18895,0,2758670,1
2018-05-01 23:17:03,11.1831,18895,0,-211305,0
2018-05-01 23:17:03,2.0,18895,0,-37790,0
2018-05-01 23:17:11,22.5336,18910,0,-426110,0
2018-05-01 23:18:24,0.2,18920,0,3784,1
2018-05-01 23:18:30,424.4697,18920,0,8030967,1
2018-05-01 23:21:38,933.0034,18830,0,-17568454,0
2018-05-01 23:23:04,17.5,18865,0,330138,1
2018-05-01 23:23:05,0.1,18865,0,1887,1
2018-05-01 23:25:44,7.0539,18840,0,132895,1
2018-05-01 23:25:44,368.9452,18840,0,6950928,1
2018-05-01 23:25:45,32.2705,18840,0,607976,1
2018-05-01 23:25:48,3.0,18845,0,56535,1
2018-05-01 23:26:20,112.6023,18830,0,2120301,1
2018-05-01 23:26:28,1.9957,18790,0,37499,1
2018-05-01 23:26:28,300.11,18790,0,5639067,1
2018-05-01 23:26:32,5.3,18835,0,99826,1
2018-05-01 23:26:32,16.0,18835,0,301360,1
2018-05-01 23:26:35,160.5886,18785,0,-3016657,0
2018-05-01 23:27:44,10.0432,18775,0,-188561,0
2018-05-01 23:27:54,42.7675,18800,0,-804029,0
2018-05-01 23:27:54,14.192,18800,0,-266810,0
2018-05-01 23:27:58,103.4533,18800,0,-1944922,0
2018-05-01 23:28:49,399.1704,18795,0,7502408,1
2018-05-01 23:30:50,0.0001,18750,0,-2,0
2018-05-01 23:33:08,357.6565,18575,0,-6643469,0
2018-05-01 23:33:18,842.3434,18590,0,-15659164,0
2018-05-01 23:34:44,85.4518,18580,0,1587694,1
2018-05-01 23:34:44,1.6,18580,0,29728,1
2018-05-01 23:34:44,4.2,18580,0,78036,1
2018-05-01 23:34:48,21.8345,18575,0,405576,1
2018-05-01 23:34:49,500.0,18575,0,9287500,1
2018-05-01 23:34:52,215.9606,18570,0,4010388,1
2018-05-01 23:34:52,36.7051,18570,0,681614,1
2018-05-01 23:34:52,2.0,18570,0,37140,1
2018-05-01 23:34:52,332.248,18570,0,6169845,1
2018-05-01 23:35:30,44.0,18575,0,-817300,0
2018-05-01 23:35:51,904.0,18615,0,-16827960,0
2018-05-01 23:38:52,0.3,18590,0,5577,1
2018-05-01 23:39:43,0.1,18560,0,1856,1
2018-05-01 23:40:21,4.2,18565,0,77973,1
2018-05-01 23:40:22,4.2,18565,0,77973,1
2018-05-01 23:40:24,1.9247,18555,0,35713,1
2018-05-01 23:40:25,2.1,18555,0,38966,1
2018-05-01 23:40:25,1.7,18555,0,31544,1
2018-05-01 23:40:29,0.1,18545,0,1855,1
2018-05-01 23:40:33,19.8318,18555,0,367979,1
2018-05-01 23:40:37,4.2,18555,0,77931,1
2018-05-01 23:41:54,126.72779654,18535,0,2348900,1
2018-05-01 23:42:02,0.1,18510,0,1851,1
2018-05-01 23:42:17,782.5157,18475,0,14456978,1
2018-05-01 23:43:17,1088.8578,18500,0,-20143869,0
2018-05-01 23:43:17,24.85975675,18500,0,-459906,0
2018-05-01 23:45:50,3.1104,18500,0,57542,1
2018-05-01 23:45:50,200.0,18500,0,3700000,1
2018-05-01 23:46:01,331.3841,18510,0,6133920,1
2018-05-01 23:46:29,1.8001,18565,0,-33419,0
2018-05-01 23:47:05,1.9,18570,0,-35283,0
2018-05-01 23:47:46,39.2438,18570,0,-728757,0
2018-05-01 23:47:46,9.6501,18570,0,-179202,0
2018-05-01 23:48:05,288.7451,18605,0,5372103,1
2018-05-01 23:48:05,5.0,18605,0,93025,1
2018-05-01 23:48:13,111.511,18600,0,2074105,1
2018-05-01 23:48:37,226.561,18575,0,4208371,1
2018-05-01 23:50:14,24.0642,18620,0,-448075,0
2018-05-01 23:51:15,24.0642,18625,0,448196,1
2018-05-01 23:53:02,16.2907,18650,0,-303822,0
2018-05-01 23:53:11,73.9984,18665,0,-1381180,0
2018-05-01 23:53:30,298.7241,18690,0,-5583153,0
2018-05-01 23:53:30,810.9868,18695,0,-15161398,0
2018-05-01 23:54:04,114.1487,18700,0,2134581,1
2018-05-01 23:54:04,1085.8513,18700,0,20305419,1
2018-05-01 23:56:49,119.74713263,18785,0,-2249450,0
2018-05-01 23:57:56,112.3641,18710,0,2102332,1
2018-05-01 23:58:00,7.383,18705,0,138099,1
2018-05-01 23:58:38,1022.6103,18570,0,-18989873,0
2018-05-02 00:00:49,757.2557,18790,0,14228835,1
2018-05-02 00:00:57,265.3546,18790,0,4986013,1
2018-05-02 00:01:54,78.84,18775,0,-1480221,0
2018-05-02 00:02:12,7.6719,18800,0,144232,1
2018-05-02 00:02:34,71.1681,18760,0,1335114,1
2018-05-02 00:03:11,1.1,18780,0,-20658,0
2018-05-02 00:03:51,1.1,18810,0,20691,1
2018-05-02 00:05:29,553.6514,18870,0,-10447402,0
2018-05-02 00:05:41,553.6514,18950,0,10491694,1
2018-05-02 00:06:01,248.6125,18980,0,-4718665,0
2018-05-02 00:06:05,69.1492,19000,0,-1313835,0
2018-05-02 00:06:05,882.2383,19005,0,-16766939,0
2018-05-02 00:06:15,151.3572,18960,0,2869733,1
2018-05-02 00:06:22,10.0,18940,0,189400,1
2018-05-02 00:06:26,23.872,18935,0,452016,1
2018-05-02 00:07:00,12.3172,18950,0,233411,1
2018-05-02 00:07:00,0.7954,18950,0,15073,1
2018-05-02 00:07:11,249.2589,18960,0,4725949,1
2018-05-02 00:07:15,44.8582,18940,0,849614,1
2018-05-02 00:07:15,707.5411,18940,0,13400828,1
2018-05-02 00:09:24,452.20758365,18815,0,-8508286,0
2018-05-02 00:09:33,32.699,18860,0,-616703,0
2018-05-02 00:10:01,12.8227,18840,0,-241580,0
2018-05-02 00:10:06,94.5072,18860,0,-1782406,0
2018-05-02 00:10:12,607.7635,18770,0,-11407721,0
2018-05-02 00:10:49,121.0,18860,0,2282060,1
2018-05-02 00:10:53,1079.0,18885,0,20376915,1
2018-05-02 00:11:04,203.79554232,18900,0,-3851736,0
2018-05-02 00:11:04,612.69015767,18900,0,-11579844,0
2018-05-02 00:11:04,9.5759,18900,0,-180985,0
2018-05-02 00:11:48,161.6042,18900,0,3054319,1
2018-05-02 00:11:48,87.1961,18900,0,1648006,1
2018-05-02 00:11:54,34.8182,18875,0,657194,1
2018-05-02 00:11:54,116.7914,18875,0,2204438,1
2018-05-02 00:11:54,189.99,18875,0,3586061,1
2018-05-02 00:11:58,235.6617,18865,0,4445758,1
2018-05-02 00:19:22,0.0001,18760,0,-2,0
2018-05-02 00:20:16,15.5426,18840,0,-292823,0
2018-05-02 00:20:45,15.5427,18800,0,292203,1
2018-05-02 00:21:47,136.7639,18780,0,-2568426,0
2018-05-02 00:23:08,21.1491,18795,0,-397497,0
2018-05-02 00:24:45,73.3085,18785,0,1377100,1
2018-05-02 00:24:49,84.6045,18765,0,1587603,1
2018-05-02 00:26:03,60.7065,18730,0,-1137033,0
2018-05-02 00:26:10,214.9,18760,0,-4031524,0
2018-05-02 00:26:21,106.6884,18775,0,2003075,1
2018-05-02 00:26:33,35.7625,18820,0,-673050,0
2018-05-02 00:26:37,204.6806,18810,0,3850042,1
2018-05-02 00:35:18,2.31449511,18840,0,-43605,0
2018-05-02 00:35:18,257.6295,18840,0,-4853740,0
2018-05-02 00:35:18,270.33690488,18840,0,-5093147,0
2018-05-02 00:35:27,88.5561,18830,0,-1667511,0
2018-05-02 00:35:39,174.3995,18850,0,3287431,1
2018-05-02 00:36:06,183.7662,18860,0,3465831,1
2018-05-02 00:36:07,260.6713,18840,0,4911047,1
2018-05-02 00:36:26,15.1648,18845,0,-285781,0
2018-05-02 00:36:42,0.7552,18855,0,14239,1
2018-05-02 00:36:46,0.7,18855,0,13199,1
2018-05-02 00:36:46,10.8,18855,0,203634,1
2018-05-02 00:36:50,2.9096,18845,0,54831,1
2018-05-02 00:41:17,5.9,18775,0,-110773,0
2018-05-02 00:41:46,10.0,18810,0,-188100,0
2018-05-02 00:43:02,1.00187836,18790,0,18825,1
2018-05-02 00:43:15,14.8981,18785,0,279861,1
2018-05-02 00:52:33,47.9964,18660,0,-895613,0
2018-05-02 00:52:39,120.33,18660,0,-2245358,0
2018-05-02 00:52:50,167.327,18685,0,-3126505,0
2018-05-02 00:53:15,864.3466,18635,0,-16107099,0
2018-05-02 00:57:39,58.228,18670,0,1087117,1
2018-05-02 00:59:34,33.8676,18660,0,631969,1
2018-05-02 00:59:56,13.3243,18635,0,248298,1
2018-05-02 01:05:42,68.6,18735,0,1285221,1
2018-05-02 01:05:43,59.8808,18730,0,1121567,1
2018-05-02 01:05:43,225.69627499,18715,0,4223906,1
2018-05-02 01:05:50,5.0563,18740,0,94755,1
2018-05-02 01:05:57,286.9815,18715,0,5370859,1
2018-05-02 01:05:57,63.006,18715,0,1179157,1
2018-05-02 01:06:05,223.7,18695,0,4182072,1
2018-05-02 01:06:09,128.948,18695,0,2410683,1
2018-05-02 01:06:14,0.2,18695,0,3739,1
2018-05-02 01:06:14,5.0,18695,0,93475,1
2018-05-02 01:09:04,4.0803,18730,0,76424,1
2018-05-02 01:09:04,10.7268,18730,0,200913,1
2018-05-02 01:11:35,0.1,18750,0,1875,1
2018-05-02 01:11:40,5.0,18750,0,93750,1
2018-05-02 01:11:40,0.5,18715,0,9358,1
2018-05-02 01:12:23,103.194,18730,0,-1932824,0
2018-05-02 01:14:57,63.006,18730,0,-1180102,0
2018-05-02 01:16:46,172.4277,18720,0,3227847,1
2018-05-02 01:16:46,0.8765,18720,0,16408,1
2018-05-02 01:23:27,7.58419803,18800,0,-142583,0
2018-05-02 01:23:28,26.8184,18800,0,-504186,0
2018-05-02 01:23:28,200.0,18800,0,-3760000,0
2018-05-02 01:23:28,233.2397,18800,0,-4384906,0
2018-05-02 01:23:28,50.3175,18800,0,-945969,0
2018-05-02 01:23:28,50.0,18800,0,-940000,0
2018-05-02 01:23:28,47.7808,18800,0,-898279,0
2018-05-02 01:23:52,615.7406,18825,0,11591317,1
2018-05-02 01:24:49,0.8967,18905,0,-16952,0
2018-05-02 01:26:37,1.9,18965,0,-36034,0
2018-05-02 01:26:37,1.2,18965,0,-22758,0
2018-05-02 01:26:38,1.3,18965,0,-24655,0
2018-05-02 01:26:46,0.0001,18970,0,-2,0
2018-05-02 01:27:00,446.1518,19005,0,-8479115,0
2018-05-02 01:27:09,123.55869527,19030,0,-2351322,0
2018-05-02 01:27:09,576.63490472,19030,0,-10973362,0
2018-05-02 01:28:25,5.9474,18975,0,112852,1
2018-05-02 01:29:32,1145.6948,18985,0,21751016,1
2018-05-02 01:30:30,24.5308,18900,0,-463632,0
2018-05-02 01:30:39,7.838e-05,18895,0,-1,0
2018-05-02 01:32:18,24.5308,18935,0,464491,1
2018-05-02 01:33:25,7.811,18905,0,-147667,0
2018-05-02 01:33:43,418.2841,18880,0,-7897204,0
2018-05-02 01:35:20,773.9049,18900,0,-14626803,0
2018-05-02 01:36:38,57.6389,18960,0,1092834,1
2018-05-02 01:36:38,125.622,18960,0,2381793,1
2018-05-02 01:36:45,94.572,18960,0,1793085,1
2018-05-02 01:38:05,3.66,19190,0,70235,1
2018-05-02 01:39:38,53.0398,19230,0,1019955,1
2018-05-02 01:39:38,5.1975,19240,0,100000,1
2018-05-02 01:39:41,61.5,19230,0,1182645,1
2018-05-02 01:39:41,394.6045,19220,0,7584298,1
2018-05-02 01:39:46,404.1653,19225,0,7770078,1
2018-05-02 01:40:15,1200.0,19175,0,-23010000,0
2018-05-02 01:41:38,40.4687,19210,0,777404,1
2018-05-02 01:41:39,1.3,19210,0,24973,1
2018-05-02 01:41:47,95.38,19120,0,1823666,1
2018-05-02 01:41:53,101.2086,19110,0,1934096,1
2018-05-02 01:41:53,10.0,19120,0,191200,1
2018-05-02 01:42:32,160.2883,19145,0,3068720,1
2018-05-02 01:44:17,15.328,19150,0,293531,1
2018-05-02 01:45:21,2.8018,19120,0,53570,1
2018-05-02 01:45:21,48.4,19120,0,925408,1
2018-05-02 01:45:21,5.2301,19120,0,100000,1
2018-05-02 01:45:37,10.0,19080,0,190800,1
2018-05-02 01:45:37,51.68,19080,0,986054,1
2018-05-02 01:46:46,259.9,19165,0,4980984,1
2018-05-02 01:47:32,170.87389275,19175,0,3276507,1
2018-05-02 01:47:32,227.14060724,19175,0,4355421,1
2018-05-02 01:49:11,59.9886,19115,0,-1146682,0
2018-05-02 01:49:38,199.059,19135,0,-3808994,0
2018-05-02 01:49:46,1.0001,19160,0,-19162,0
2018-05-02 01:49:50,405.0119,19180,0,-7768128,0
2018-05-02 01:51:15,67.9059,19165,0,1301417,1
2018-05-02 01:51:20,260.0,19135,0,4975100,1
2018-05-02 01:51:21,176.32,19135,0,3373883,1
2018-05-02 01:51:21,8.81,19135,0,168579,1
2018-05-02 01:51:21,0.3,19135,0,5741,1
2018-05-02 01:51:24,151.7237,19190,0,2911578,1
2018-05-02 01:54:53,35.8917,19175,0,-688223,0
2018-05-02 01:55:44,10.0,19200,0,-192000,0
2018-05-02 01:55:58,34.7774,19195,0,667552,1
2018-05-02 01:56:07,11.1143,19200,0,213395,1
2018-05-02 02:00:59,573.0977,19210,0,-11009207,0
2018-05-02 02:01:03,43.3476,19210,0,-832707,0
2018-05-02 02:01:56,9.6945,19180,0,185941,1
2018-05-02 02:07:06,156.1074,19040,0,2972285,1
2018-05-02 02:07:15,45.0019,19060,0,-857736,0
2018-05-02 02:08:27,76.0286,19030,0,-1446824,0
2018-05-02 02:09:09,628.3261,19020,0,-11950762,0
2018-05-02 02:12:08,83.053,19125,0,1588389,1
2018-05-02 02:13:45,38.0,19010,0,722380,1
2018-05-02 02:13:46,18.2122,18995,0,345941,1
2018-05-02 02:13:46,6.25,18990,0,118688,1
2018-05-02 02:15:29,126.7787,19030,0,2412599,1
2018-05-02 02:15:32,168.7164,19030,0,3210673,1
2018-05-02 02:15:37,758.9897,19020,0,14435984,1
2018-05-02 02:17:21,1200.0,19030,0,-22836000,0
2018-05-02 02:19:49,42.663,19000,0,810597,1
2018-05-02 02:19:49,241.2077,19000,0,4582946,1
2018-05-02 02:19:49,35.7098,19000,0,678486,1
2018-05-02 02:19:50,1.3916,19000,0,26440,1
2018-05-02 02:19:50,43.0,19000,0,817000,1
2018-05-02 02:21:07,1.003,18940,0,18997,1
2018-05-02 02:21:07,265.9165,18940,0,5036459,1
2018-05-02 02:21:07,1.955,18940,0,37028,1
2018-05-02 02:21:07,183.045,18940,0,3466872,1
2018-05-02 02:21:07,2.0,18940,0,37880,1
2018-05-02 02:21:07,160.46,18940,0,3039112,1
2018-05-02 02:21:31,10.0,18990,0,-189900,0
2018-05-02 02:21:31,99.7535,19000,0,-1895317,0
2018-05-02 02:21:35,364.9945,18960,0,-6920296,0
2018-05-02 02:23:02,5.764,19040,0,109747,1
2018-05-02 02:26:47,101.1,18975,0,1918373,1
2018-05-02 02:27:15,24.5681,18960,0,465811,1
2018-05-02 02:27:16,19.0724,18960,0,361613,1
2018-05-02 02:27:16,545.8919,18960,0,10350110,1
2018-05-02 02:27:38,10.6153,18950,0,-201160,0
2018-05-02 02:27:39,64.977,18950,0,-1231314,0
2018-05-02 02:29:04,1124.4077,18930,0,-21285038,0
2018-05-02 02:31:54,61.765,19005,0,1173844,1
2018-05-02 02:34:06,272.3087,19050,0,5187481,1
2018-05-02 02:36:05,793.9084,18975,0,15064412,1
2018-05-02 02:36:05,66.9803,18975,0,1270951,1
2018-05-02 02:36:05,5.0376,18975,0,95588,1
2018-05-02 02:38:05,69.3,18990,0,-1316007,0
2018-05-02 02:39:23,0.1,18990,0,1899,1
2018-05-02 02:40:14,59.0,18985,0,1120115,1
2018-05-02 02:40:14,10.2,18985,0,193647,1
2018-05-02 02:42:55,4.296e-05,19035,0,-1,0
2018-05-02 02:43:51,190.8392,18995,0,-3624991,0
2018-05-02 02:45:29,64.91,18995,0,1232965,1
2018-05-02 02:46:33,3.796e-05,19030,0,-1,0
2018-05-02 02:46:37,337.5702,19035,0,-6425649,0
2018-05-02 02:47:47,3.7842,19055,0,-72108,0
2018-05-02 02:47:51,0.4028,19060,0,-7677,0
2018-05-02 02:47:51,1.4165,19060,0,-26998,0
2018-05-02 02:47:55,35.2682,19065,0,-672388,0
2018-05-02 02:47:55,62.2519,19065,0,-1186832,0
2018-05-02 02:47:58,4.6552,19045,0,-88658,0
2018-05-02 02:48:05,553.8097,19060,0,-10555613,0
2018-05-02 02:48:37,549.5562,19060,0,10474541,1
2018-05-02 02:49:47,410.2524,19095,0,-7833770,0
2018-05-02 02:51:02,636.8199,19145,0,12191917,1
2018-05-02 02:51:16,2.6,19140,0,49764,1
2018-05-02 02:51:20,299.7067,19140,0,5736386,1
2018-05-02 02:51:48,82.9952,19220,0,-1595168,0
2018-05-02 02:51:52,129.6528,19220,0,2491927,1
2018-05-02 02:53:14,1.0001,19190,0,-19192,0
2018-05-02 02:53:18,22.6261,19180,0,-433969,0
2018-05-02 02:53:46,23.6262,19200,0,453623,1
2018-05-02 02:56:47,7.3,19160,0,-139868,0
2018-05-02 02:57:24,0.1,19185,0,1919,1
2018-05-02 02:57:54,7.2,19200,0,138240,1
2018-05-02 03:04:51,0.0001,19190,0,-2,0
2018-05-02 03:04:55,24.0,19195,0,-460680,0
2018-05-02 03:04:59,1175.9999,19200,0,-22579198,0
2018-05-02 03:05:54,1.4758,19185,0,28313,1
2018-05-02 03:05:54,68.8502,19185,0,1320891,1
2018-05-02 03:06:55,1129.674,19175,0,21661499,1
2018-05-02 03:12:56,70.0,19000,0,-1330000,0
2018-05-02 03:13:04,117.7735,19030,0,-2241230,0
2018-05-02 03:13:04,36.7782,19030,0,-699889,0
2018-05-02 03:13:09,10.0,19050,0,-190500,0
2018-05-02 03:13:15,0.0412,19050,0,-785,0
2018-05-02 03:13:19,4.129e-05,19080,0,-1,0
2018-05-02 03:13:36,234.593,19060,0,4471343,1
2018-05-02 03:15:58,1200.0,19030,0,-22836000,0
2018-05-02 03:33:35,62.252,19060,0,1186523,1
2018-05-02 03:33:40,62.252,19075,0,1187457,1
2018-05-02 03:33:52,35.4469,19095,0,676859,1
2018-05-02 03:34:54,1040.0491,19105,0,19870138,1
2018-05-02 03:35:54,45.9529,19040,0,-874943,0
2018-05-02 03:35:59,120.5,19055,0,-2296128,0
2018-05-02 03:36:03,224.4448,19030,0,-4271185,0
2018-05-02 03:37:43,56.5139,19025,0,-1075177,0
2018-05-02 03:37:53,62.252,19070,0,-1187146,0
2018-05-02 03:38:10,1.902,19015,0,-36167,0
2018-05-02 03:39:04,688.4344,18960,0,-13052716,0
2018-05-02 03:41:00,154.1954,18865,0,2908896,1
2018-05-02 03:41:00,1.0,18865,0,18865,1
2018-05-02 03:43:19,130.5075,18825,0,2456804,1
2018-05-02 03:46:46,3.6636,18840,0,69022,1
2018-05-02 03:46:46,45.4399,18840,0,856088,1
2018-05-02 03:46:46,31.6712,18840,0,596685,1
2018-05-02 03:52:42,5.2875,18870,0,99775,1
2018-05-02 03:58:34,0.25,18870,0,4718,1
2018-05-02 03:58:59,90.8099,18850,0,1711767,1
2018-05-02 04:01:37,62.897,18920,0,1190011,1
2018-05-02 04:01:37,0.1,18920,0,1892,1
2018-05-02 04:01:41,65.9988,18900,0,1247377,1
2018-05-02 04:01:41,94.8562,18900,0,1792782,1
2018-05-02 04:01:41,0.3,18910,0,5673,1
2018-05-02 04:01:47,49.4729,18910,0,935533,1
2018-05-02 04:01:51,0.1,18915,0,1892,1
2018-05-02 04:01:51,62.897,18915,0,1189697,1
2018-05-02 04:01:51,78.03,18915,0,1475937,1
2018-05-02 04:01:55,2.8862,18900,0,54549,1
2018-05-02 04:01:55,19.92,18900,0,376488,1
2018-05-02 04:03:10,0.1,18915,0,1892,1
2018-05-02 04:03:10,103.4986,18915,0,1957676,1
2018-05-02 04:03:48,42.8,18905,0,809134,1
2018-05-02 04:04:05,153.3183,18945,0,2904615,1
2018-05-02 04:16:04,1200.0,18935,0,-22722000,0
2018-05-02 04:24:14,49.9018,18985,0,947386,1
2018-05-02 04:27:09,223.4038,18950,0,4233502,1
2018-05-02 04:28:05,8.1988,18880,0,154793,1
2018-05-02 04:35:57,807.3857,18965,0,15312070,1
2018-05-02 04:43:34,263.3,18950,0,-4989535,0
2018-05-02 04:44:07,101.8,18950,0,-1929110,0
2018-05-02 04:46:30,66.0479,18960,0,-1252268,0
2018-05-02 04:47:55,32.59,18960,0,-617906,0
2018-05-02 04:50:31,461.2139,18950,0,-8740003,0
2018-05-02 04:53:28,66.4,18985,0,1260604,1
2018-05-02 04:56:57,220.6349,18985,0,4188754,1
2018-05-02 04:57:01,470.4285,18970,0,8924029,1
2018-05-02 04:57:01,278.5983,18970,0,5285010,1
2018-05-02 04:57:46,262.9,18975,0,-4988528,0
2018-05-02 04:57:50,33.1093,18975,0,-628249,0
2018-05-02 04:57:54,79.3649,18990,0,-1507139,0
2018-05-02 04:57:54,177.6515,18995,0,-3374490,0
2018-05-02 04:57:58,79.3649,18995,0,-1507536,0
2018-05-02 05:06:17,536.1505,19040,0,10208306,1
2018-05-02 05:06:17,1.5207,19040,0,28954,1
2018-05-02 05:07:52,94.7194,19070,0,1806299,1
2018-05-02 05:11:23,16.9408,19055,0,-322807,0
2018-05-02 05:11:27,52.14,19050,0,-993267,0
2018-05-02 05:13:16,1.4081,19080,0,-26867,0
2018-05-02 05:14:39,5.8,19040,0,110432,1
2018-05-02 05:14:39,0.2,19040,0,3808,1
2018-05-02 05:15:19,235.5016,19055,0,-4487483,0
2018-05-02 05:15:23,17.1481,19050,0,-326671,0
2018-05-02 05:16:03,882.8614,19090,0,-16853824,0
2018-05-02 05:17:06,4.1841,19120,0,80000,1
2018-05-02 05:23:58,16.2076,19100,0,309565,1
2018-05-02 05:23:58,5.9001,19100,0,112692,1
2018-05-02 05:24:03,117.368,19120,0,2244076,1
2018-05-02 05:24:19,33.5917,19150,0,643281,1
2018-05-02 05:24:34,171.5537,19130,0,3281822,1
2018-05-02 05:24:42,159.1634,19115,0,3042408,1
2018-05-02 05:27:18,33.8328,19125,0,647052,1
2018-05-02 05:28:15,1.2647,19145,0,24213,1
2018-05-02 05:30:05,159.65987912,19165,0,3059882,1
2018-05-02 05:31:24,497.274,19235,0,9565065,1
2018-05-02 05:34:44,20.0,19300,0,-386000,0
2018-05-02 05:34:44,29.541,19300,0,-570141,0
2018-05-02 05:34:44,173.2898,19300,0,-3344493,0
2018-05-02 05:34:45,10.0,19300,0,-193000,0
2018-05-02 05:34:45,347.7588,19300,0,-6711745,0
2018-05-02 05:34:45,56.5239,19300,0,-1090911,0
2018-05-02 05:34:45,11.887,19300,0,-229419,0
2018-05-02 05:34:45,47.7386,19300,0,-921355,0
2018-05-02 05:34:59,433.439,19300,0,8365373,1
2018-05-02 05:35:05,263.3001,19310,0,5084325,1
2018-05-02 05:39:18,301.9314,19260,0,-5815199,0
2018-05-02 05:39:18,754.5207,19260,0,-14532069,0
2018-05-02 05:39:51,49.9257,19250,0,961070,1
2018-05-02 05:40:02,232.4473,19240,0,4472286,1
2018-05-02 05:40:17,774.0791,19240,0,14893282,1
2018-05-02 05:43:23,38.8728,19300,0,-750245,0
2018-05-02 05:43:36,6.8393,19275,0,131828,1
2018-05-02 05:44:41,32.0335,19280,0,617606,1
2018-05-02 05:47:21,8.4696,19240,0,-162955,0
2018-05-02 05:48:59,10.6679,19225,0,-205090,0
2018-05-02 05:53:21,289.9014,19250,0,-5580602,0
2018-05-02 05:55:25,9.4053,19310,0,181616,1
2018-05-02 05:55:30,119.7,19310,0,2311407,1
2018-05-02 05:56:20,10.0,19320,0,-193200,0
2018-05-02 05:56:47,15.60882816,19350,0,-302031,0
2018-05-02 05:56:47,54.6586,19350,0,-1057644,0
2018-05-02 05:56:47,52.5542,19350,0,-1016924,0
2018-05-02 05:56:48,3.0,19350,0,-58050,0
2018-05-02 05:56:51,35.4488,19355,0,-686112,0
2018-05-02 05:56:51,57.5893,19355,0,-1114641,0
2018-05-02 05:56:55,29.3559,19370,0,-568624,0
2018-05-02 05:56:55,44.0216,19370,0,-852698,0
2018-05-02 05:56:55,15.0,19370,0,-290550,0
2018-05-02 05:56:55,8.0,19370,0,-154960,0
2018-05-02 05:56:55,38.3161,19370,0,-742183,0
2018-05-02 05:56:59,3.79981166,19380,0,-73640,0
2018-05-02 05:56:59,29.50488833,19380,0,-571805,0
2018-05-02 05:57:27,289.3628,19410,0,5616532,1
2018-05-02 05:57:27,234.9461,19410,0,4560304,1
2018-05-02 05:58:18,52.4827,19465,0,1021576,1
2018-05-02 06:00:56,23.846,19500,0,-464997,0
2018-05-02 06:00:56,78.0,19500,0,-1521000,0
2018-05-02 06:00:57,50.0,19500,0,-975000,0
2018-05-02 06:00:57,8.1998,19500,0,-159896,0
2018-05-02 06:01:00,62.3517,19510,0,-1216482,0
2018-05-02 06:01:00,140.0,19510,0,-2731400,0
2018-05-02 06:01:00,161.9627,19510,0,-3159892,0
2018-05-02 06:01:00,66.4922,19510,0,-1297263,0
2018-05-02 06:01:08,6.9703,19510,0,-135991,0
2018-05-02 06:01:18,597.8227,19490,0,11651564,1
2018-05-02 06:01:54,1.1,19490,0,-21439,0
2018-05-02 06:01:58,4.0,19500,0,-78000,0
2018-05-02 06:02:11,44.0793,19495,0,-859326,0
2018-05-02 06:03:04,131.1881,19505,0,-2558824,0
2018-05-02 06:03:05,2.7,19505,0,-52664,0
2018-05-02 06:03:05,3.2,19505,0,-62416,0
2018-05-02 06:03:05,23.0611,19505,0,-449807,0
2018-05-02 06:03:05,5.0,19505,0,-97525,0
2018-05-02 06:03:05,2.2,19505,0,-42911,0
2018-05-02 06:03:05,2.5,19505,0,-48763,0
2018-05-02 06:03:05,980.9715,19505,0,-19133849,0
2018-05-02 06:03:14,0.2,19500,0,3900,1
2018-05-02 06:04:38,8.893,19590,0,174214,1
2018-05-02 06:05:04,318.51547285,19615,0,6247681,1
2018-05-02 06:05:04,0.0157,19615,0,308,1
2018-05-02 06:05:33,774.094,19590,0,15164501,1
2018-05-02 06:05:33,0.1,19600,0,1960,1
2018-05-02 06:05:33,98.1818,19625,0,1926818,1
2018-05-02 06:10:30,1.0001,19605,0,-19607,0
2018-05-02 06:10:35,514.22747346,19600,0,-10078858,0
2018-05-02 06:10:35,36.86022653,19600,0,-722460,0
2018-05-02 06:10:47,647.9122,19600,0,-12699079,0
2018-05-02 06:16:20,226.8883,19600,0,4447011,1
2018-05-02 06:16:20,21.4569,19600,0,420555,1
2018-05-02 06:16:24,25.5232,19590,0,499999,1
2018-05-02 06:16:24,10.0,19590,0,195900,1
2018-05-02 06:16:24,900.3498,19590,0,17637853,1
2018-05-02 06:16:25,15.7818,19590,0,309165,1
2018-05-02 06:17:45,12.0191,19600,0,-235574,0
2018-05-02 06:17:45,20.4812,19600,0,-401432,0
2018-05-02 06:17:45,860.13659795,19600,0,-16858677,0
2018-05-02 06:17:45,30.0,19600,0,-588000,0
2018-05-02 06:17:45,34.91180204,19600,0,-684271,0
2018-05-02 06:17:45,222.6322,19600,0,-4363591,0
2018-05-02 06:17:45,19.8191,19600,0,-388454,0
2018-05-02 06:22:10,14.9012,19655,0,292883,1
2018-05-02 06:22:22,1185.0988,19650,0,23287191,1
2018-05-02 06:23:00,324.1721,19660,0,-6373223,0
2018-05-02 06:23:10,875.8279,19655,0,-17214397,0
2018-05-02 06:23:57,1200.0,19650,0,23580000,1
2018-05-02 06:30:33,237.1475,19540,0,-4633862,0
2018-05-02 06:31:03,7.5263,19540,0,-147064,0
2018-05-02 06:31:30,33.4573,19520,0,653086,1
2018-05-02 06:31:34,87.2543,19525,0,1703640,1
2018-05-02 06:31:34,120.25,19525,0,2347881,1
2018-05-02 06:31:38,3.7122,19520,0,72462,1
2018-05-02 06:32:12,3.1119,19520,0,-60744,0
2018-05-02 06:32:35,368.8495,19550,0,-7211008,0
2018-05-02 06:32:52,130.0466,19535,0,-2540460,0
2018-05-02 06:32:55,4.111e-05,19530,0,-1,0
2018-05-02 06:34:05,48.2,19570,0,943274,1
2018-05-02 06:34:40,746.1919,19570,0,-14602975,0
2018-05-02 06:35:31,5.0,19590,0,97950,1
2018-05-02 06:35:37,1195.0,19580,0,23398100,1
2018-05-02 06:36:26,418.6809,19560,0,-8189398,0
2018-05-02 06:36:31,68.3774,19555,0,-1337120,0
2018-05-02 06:36:39,30.0,19560,0,-586800,0
2018-05-02 06:36:52,301.5098,19590,0,5906577,1
2018-05-02 06:37:31,49.8895,19545,0,-975090,0
2018-05-02 06:37:39,265.438,19555,0,5190640,1
2018-05-02 06:38:12,13.1185,19540,0,-256335,0
2018-05-02 06:38:39,11.994,19530,0,-234243,0
2018-05-02 06:41:01,8.0636685,19535,0,-157524,0
2018-05-02 06:41:01,29.5446,19535,0,-577154,0
2018-05-02 06:41:02,70.94473149,19535,0,-1385905,0
2018-05-02 06:41:02,0.4391,19535,0,-8578,0
2018-05-02 06:41:45,2.802,19510,0,54667,1
2018-05-02 06:41:45,0.1,19510,0,1951,1
2018-05-02 06:42:11,131.2026,19510,0,2559763,1
2018-05-02 06:46:52,1200.0,19485,0,-23382000,0
2018-05-02 06:47:43,100.0,19510,0,1951000,1
2018-05-02 06:47:43,47.5216,19510,0,927146,1
2018-05-02 06:47:47,651.4063,19505,0,12705680,1
2018-05-02 06:47:47,385.3954,19510,0,7519064,1
2018-05-02 06:47:52,15.6767,19500,0,305696,1
2018-05-02 06:50:28,140.76306603,19610,0,-2760364,0
2018-05-02 06:50:29,41.2774,19610,0,-809450,0
2018-05-02 06:50:45,34.3113,19600,0,672501,1
2018-05-02 06:51:04,14.5854,19590,0,285728,1
2018-05-02 06:51:08,133.1437,19585,0,2607619,1
2018-05-02 06:51:48,1200.0,19650,0,-23580000,0
2018-05-02 06:52:07,1200.0,19665,0,23598000,1
2018-05-02 06:54:28,100.0,19695,0,-1969500,0
2018-05-02 06:54:29,406.5733,19700,0,-8009494,0
2018-05-02 06:54:29,30.0707,19700,0,-592393,0
2018-05-02 06:54:30,5.8746,19700,0,-115730,0
2018-05-02 06:54:30,0.9925,19700,0,-19552,0
2018-05-02 06:54:30,178.55785591,19700,0,-3517590,0
2018-05-02 06:54:31,152.0708,19700,0,-2995795,0
2018-05-02 06:54:31,6.8316,19700,0,-134583,0
2018-05-02 06:54:31,17.8845,19700,0,-352325,0
2018-05-02 06:54:31,0.7244,19700,0,-14271,0
2018-05-02 06:54:31,1.0,19700,0,-19700,0
2018-05-02 06:54:31,299.41974408,19700,0,-5898569,0
2018-05-02 06:54:55,149.8477,19720,0,2954997,1
2018-05-02 06:54:55,111.0153,19720,0,2189222,1
2018-05-02 06:55:00,175.4272,19710,0,3457670,1
2018-05-02 06:55:00,316.0754,19710,0,6229846,1
2018-05-02 06:55:00,268.255,19710,0,5287306,1
2018-05-02 06:55:03,179.3794,19700,0,3533774,1
2018-05-02 06:58:59,462.60403701,19650,0,-9090169,0
2018-05-02 06:59:51,319.9114,19630,0,-6279861,0
2018-05-02 07:01:42,8.3087,19690,0,163598,1
2018-05-02 07:01:42,318.255,19680,0,6263258,1
2018-05-02 07:01:42,61.7612,19680,0,1215460,1
2018-05-02 07:01:46,182.9473,19670,0,3598573,1
2018-05-02 07:01:46,9.0821,19670,0,178645,1
2018-05-02 07:01:50,121.9,19660,0,2396554,1
2018-05-02 07:01:50,80.2612,19650,0,1577133,1
2018-05-02 07:04:18,2.9733,19730,0,-58663,0
2018-05-02 07:04:22,18.742,19730,0,-369780,0
2018-05-02 07:04:27,377.0269,19750,0,-7446281,0
2018-05-02 07:04:30,374.96292324,19745,0,-7403643,0
2018-05-02 07:04:45,77.17941923,19770,0,1525837,1
2018-05-02 07:06:02,6.24,19770,0,123365,1
2018-05-02 07:07:32,690.2857,19860,0,13709074,1
2018-05-02 07:08:19,92.2192,19840,0,-1829629,0
2018-05-02 07:08:31,153.2478,19850,0,-3041969,0
2018-05-02 07:09:00,353.77083157,19900,0,-7040040,0
2018-05-02 07:09:00,153.5,19890,0,-3053115,0
2018-05-02 07:09:02,7.0,19900,0,-139300,0
2018-05-02 07:09:02,61.8212,19900,0,-1230242,0
2018-05-02 07:09:02,42.3301,19900,0,-842369,0
2018-05-02 07:09:23,53.986,19880,0,1073242,1
2018-05-02 07:09:24,809.9031,19880,0,16100874,1
2018-05-02 07:10:56,308.48411146,19970,0,-6160428,0
2018-05-02 07:10:57,500.0,19970,0,-9985000,0
2018-05-02 07:10:57,63.7021,19970,0,-1272131,0
2018-05-02 07:10:57,327.81378853,19970,0,-6546441,0
2018-05-02 07:13:04,5.0,20145,0,100725,1
2018-05-02 07:13:04,141.89476296,20145,0,2858470,1
2018-05-02 07:13:40,270.9085,20090,0,5442552,1
2018-05-02 07:13:40,782.1967,20090,0,15714332,1
2018-05-02 07:14:02,69.521,20105,0,-1397720,0
2018-05-02 07:14:13,69.521,20120,0,1398763,1
2018-05-02 07:14:41,701.9359,20000,0,-14038718,0
2018-05-02 07:15:00,652.7749,20000,0,13055498,1
2018-05-02 07:15:01,39.161,20000,0,783220,1
2018-05-02 07:15:01,10.0,20000,0,200000,1
2018-05-02 07:16:57,102.2071,20150,0,-2059473,0
2018-05-02 07:16:57,250.0,20150,0,-5037500,0
2018-05-02 07:16:57,170.4924,20150,0,-3435422,0
2018-05-02 07:16:57,219.91521222,20150,0,-4431292,0
2018-05-02 07:16:57,49.4672,20150,0,-996764,0
2018-05-02 07:16:58,267.4857,20150,0,-5389837,0
2018-05-02 07:16:58,140.43238777,20150,0,-2829713,0
2018-05-02 07:18:38,500.0,20210,0,10105000,1
2018-05-02 07:18:38,40.8037,20210,0,824643,1
2018-05-02 07:18:38,183.8377,20210,0,3715360,1
2018-05-02 07:18:51,24.5887,20180,0,496200,1
2018-05-02 07:19:16,205.51717548,20195,0,-4150419,0
2018-05-02 07:20:54,5.0,20190,0,100950,1
2018-05-02 07:20:54,274.1117,20185,0,5532945,1
2018-05-02 07:20:55,3.0,20185,0,60555,1
2018-05-02 07:20:59,374.1754,20200,0,7558343,1
2018-05-02 07:23:25,51.0,20015,0,-1020765,0
2018-05-02 07:23:29,43.3537,20040,0,-868808,0
2018-05-02 07:24:05,94.3537,20085,0,1895094,1
2018-05-02 07:24:17,54.9138,20060,0,-1101571,0
2018-05-02 07:24:20,58.6541,20055,0,-1176308,0
2018-05-02 07:24:33,79.34291413,20085,0,-1593602,0
2018-05-02 07:24:33,122.3897,20085,0,-2458197,0
2018-05-02 07:24:33,884.69948586,20085,0,-17769189,0
2018-05-02 07:24:45,53.4501,20095,0,1074080,1
2018-05-02 07:24:46,6.0,20095,0,120570,1
2018-05-02 07:24:51,5.8815,20100,0,118218,1
2018-05-02 07:25:11,10.0,20080,0,200800,1
2018-05-02 07:25:46,510.4952,20090,0,10255849,1
2018-05-02 07:27:01,1.188666,20090,0,23880,1
2018-05-02 07:28:25,42.9883,20130,0,865354,1
2018-05-02 07:29:05,60.883,20165,0,-1227706,0
2018-05-02 07:30:19,630.8793,20350,0,12838394,1
2018-05-02 07:31:46,38.9,20440,0,-795116,0
2018-05-02 07:32:21,38.9,20480,0,796672,1
2018-05-02 07:32:35,1179.95432487,20545,0,-24242162,0
2018-05-02 07:32:35,20.04567512,20545,0,-411838,0
2018-05-02 07:32:54,730.4049,20575,0,15028081,1
2018-05-02 07:33:41,391.77165127,20370,0,7980389,1
2018-05-02 07:33:41,77.82344872,20370,0,1585264,1
2018-05-02 07:34:11,217.3195,20375,0,-4427885,0
2018-05-02 07:34:25,217.3195,20405,0,4434404,1
2018-05-02 07:34:29,74.074,20405,0,-1511480,0
2018-05-02 07:34:43,71.7416,20450,0,1467116,1
2018-05-02 07:34:43,2.3324,20490,0,47791,1
2018-05-02 07:34:53,35.0,20470,0,-716450,0
2018-05-02 07:35:01,35.0,20485,0,716975,1
2018-05-02 07:36:04,688.8184,20560,0,-14162106,0
2018-05-02 07:36:32,688.8184,20555,0,14158662,1
2018-05-02 07:36:58,296.3183,20500,0,-6074525,0
2018-05-02 07:37:33,43.0114,20490,0,881304,1
2018-05-02 07:37:46,253.3069,20455,0,5181393,1
2018-05-02 07:38:20,15.3501,20470,0,-314217,0
2018-05-02 07:38:20,172.2532,20470,0,-3526023,0
2018-05-02 07:38:20,16.313,20470,0,-333927,0
2018-05-02 07:38:20,265.601,20470,0,-5436852,0
2018-05-02 07:38:24,28.5015,20495,0,-584138,0
2018-05-02 07:38:24,161.52693339,20495,0,-3310495,0
2018-05-02 07:38:25,4.0,20495,0,-81980,0
2018-05-02 07:38:54,663.5457,20540,0,13629229,1
2018-05-02 07:41:33,146.088,20300,0,-2965586,0
2018-05-02 07:41:37,61.5762,20300,0,-1249997,0
2018-05-02 07:41:37,14.1876,20300,0,-288008,0
2018-05-02 07:41:41,17.58,20305,0,-356962,0
2018-05-02 07:41:41,11.63,20305,0,-236147,0
2018-05-02 07:41:56,20.7951,20270,0,421517,1
2018-05-02 07:42:04,53.7314,20250,0,1088061,1
2018-05-02 07:42:05,81.3489,20250,0,1647315,1
2018-05-02 07:42:23,95.1864,20265,0,1928952,1
2018-05-02 07:42:34,316.2682,20280,0,-6413919,0
2018-05-02 07:42:41,316.2682,20280,0,6413919,1
2018-05-02 07:43:31,847.468,20365,0,-17258686,0
2018-05-02 07:45:38,847.468,20380,0,17271398,1
2018-05-02 07:47:43,1.0138,20250,0,-20529,0
2018-05-02 07:48:48,1.0138,20130,0,20408,1
2018-05-02 07:49:20,114.96559004,20100,0,-2310808,0
2018-05-02 07:49:39,609.3392,20170,0,-12290372,0
2018-05-02 07:49:51,7.06,20175,0,142436,1
2018-05-02 07:50:24,75.2387,20170,0,1517565,1
2018-05-02 07:50:28,86.6893,20170,0,1748523,1
2018-05-02 07:51:23,644.6832,20135,0,-12980696,0
2018-05-02 07:51:55,1200.0,20100,0,24120000,1
2018-05-02 07:54:14,89.01879825,20055,0,-1785272,0
2018-05-02 07:54:14,77.39960174,20055,0,-1552249,0
2018-05-02 07:54:21,227.7692,20055,0,-4567911,0
2018-05-02 07:54:25,371.1575,20100,0,7460266,1
2018-05-02 07:54:41,6.7412,20035,0,-135060,0
2018-05-02 07:54:48,63.60827287,20055,0,-1275664,0
2018-05-02 07:55:28,0.1,20085,0,-2009,0
2018-05-02 07:55:28,0.3,20085,0,-6026,0
2018-05-02 07:55:28,98.73480209,20085,0,-1983088,0
2018-05-02 07:55:29,149.1,20085,0,-2994674,0
2018-05-02 07:55:29,0.1,20085,0,-2009,0
2018-05-02 07:55:33,40.0,20095,0,-803800,0
2018-05-02 07:56:17,370.26,20065,0,7429267,1
2018-05-02 07:56:21,11.4544,20060,0,229775,1
2018-05-02 07:57:32,741.1265,19990,0,-14815119,0
2018-05-02 07:58:12,183.4308,19990,0,3666782,1
2018-05-02 07:58:12,66.963,19990,0,1338590,1
2018-05-02 07:58:17,490.7327,20000,0,9814654,1
2018-05-02 07:58:32,1.4845,19985,0,-29668,0
2018-05-02 07:58:39,1.4845,19990,0,29675,1
2018-05-02 07:59:14,555.61586235,20020,0,-11123430,0
2018-05-02 07:59:38,195.078,20090,0,-3919117,0
2018-05-02 08:01:04,16.2065,20095,0,325670,1
2018-05-02 08:01:14,40.668,20070,0,816207,1
2018-05-02 08:01:14,18.787,20070,0,377055,1
2018-05-02 08:01:14,7.5331,20070,0,151189,1
2018-05-02 08:01:14,10.09,20070,0,202506,1
2018-05-02 08:01:35,51.8066,20075,0,1040017,1
2018-05-02 08:01:35,17.32,20075,0,347699,1
2018-05-02 08:01:39,193.8652,20070,0,3890875,1
2018-05-02 08:01:39,149.7805,20070,0,3006095,1
2018-05-02 08:01:49,125.1463,20050,0,2509183,1
2018-05-02 08:02:17,50.0628,19975,0,1000004,1
2018-05-02 08:02:18,22.9349,19975,0,458125,1
2018-05-02 08:02:18,46.4929,19975,0,928696,1
2018-05-02 08:05:51,5.0061,19940,0,-99822,0
2018-05-02 08:06:27,5.0061,19925,0,99747,1
2018-05-02 08:08:52,26.3188,20000,0,-526376,0
2018-05-02 08:08:52,59.4,20000,0,-1188000,0
2018-05-02 08:09:15,710.8903,19975,0,-14200034,0
2018-05-02 08:10:07,1.857,20010,0,37159,1
2018-05-02 08:10:08,794.7521,20010,0,15902990,1
2018-05-02 08:10:34,173.3041,20055,0,-3475614,0
2018-05-02 08:10:46,0.03165255,20100,0,-636,0
2018-05-02 08:10:47,58.2784,20100,0,-1171396,0
2018-05-02 08:10:50,69.2741,20110,0,-1393102,0
2018-05-02 08:10:50,0.472,20110,0,-9492,0
2018-05-02 08:11:03,898.6397,20100,0,-18062658,0
2018-05-02 08:12:36,13.6653,20210,0,276176,1
2018-05-02 08:12:36,1186.3347,20200,0,23963961,1
2018-05-02 08:12:54,1200.0,20195,0,-24234000,0
2018-05-02 08:13:13,36.07007659,20235,0,729878,1
2018-05-02 08:13:39,1.0,20245,0,20245,1
2018-05-02 08:13:55,41.6273,20245,0,842745,1
2018-05-02 08:13:55,289.8618,20245,0,5868252,1
2018-05-02 08:13:55,402.4004,20245,0,8146596,1
2018-05-02 08:14:12,770.9596,20250,0,-15611932,0
2018-05-02 08:14:32,242.6,20260,0,4915076,1
2018-05-02 08:14:36,580.8322,20270,0,11773469,1
2018-05-02 08:14:56,53.5994,20210,0,1083244,1
2018-05-02 08:15:14,167.4487,20200,0,3382464,1
2018-05-02 08:15:30,155.5197,20175,0,3137610,1
2018-05-02 08:16:03,2.2,20200,0,-44440,0
2018-05-02 08:16:51,10.0,20245,0,-202450,0
2018-05-02 08:16:57,990.4059,20290,0,-20095336,0
2018-05-02 08:17:05,987.52242453,20380,0,20125707,1
2018-05-02 08:17:09,0.5,20320,0,-10160,0
2018-05-02 08:17:09,1.1,20320,0,-22352,0
2018-05-02 08:17:45,16.6835,20330,0,339176,1
2018-05-02 08:19:33,239.8808,20270,0,-4862384,0
2018-05-02 08:19:33,534.9422852,20280,0,-10848630,0
2018-05-02 08:20:57,774.8231,20330,0,15752154,1
2018-05-02 08:22:33,332.81444978,20205,0,-6724516,0
2018-05-02 08:22:33,164.6049,20205,0,-3325842,0
2018-05-02 08:22:33,131.952,20205,0,-2666090,0
2018-05-02 08:23:10,13.5605,20220,0,274193,1
2018-05-02 08:23:10,167.3205,20220,0,3383221,1
2018-05-02 08:23:16,40.0,20200,0,808000,1
2018-05-02 08:23:16,4.3693,20200,0,88260,1
2018-05-02 08:23:16,151.9135,20200,0,3068653,1
2018-05-02 08:23:23,31.3065,20215,0,632861,1
2018-05-02 08:23:36,220.901,20240,0,4471036,1
2018-05-02 08:24:16,28.0366,20220,0,-566900,0
2018-05-02 08:24:47,28.0366,20230,0,567180,1
2018-05-02 08:25:11,1.9694,20260,0,-39900,0
2018-05-02 08:25:20,837.18256748,20300,0,-16994806,0
2018-05-02 08:25:39,313.7900566,20315,0,6374645,1
2018-05-02 08:25:44,106.4677,20350,0,2166618,1
2018-05-02 08:25:44,5.2625,20350,0,107092,1
2018-05-02 08:25:49,413.6317,20350,0,8417405,1
2018-05-02 08:26:05,315.4396,20300,0,-6403424,0
2018-05-02 08:26:20,9.6334,20330,0,195847,1
2018-05-02 08:26:26,305.8062,20330,0,6217040,1
2018-05-02 08:29:27,10.0,20260,0,-202600,0
2018-05-02 08:29:57,2.2442,20305,0,-45568,0
2018-05-02 08:30:01,135.4263,20315,0,-2751185,0
2018-05-02 08:31:28,147.6705,20350,0,3005095,1
2018-05-02 08:32:47,195.0,20360,0,-3970200,0
2018-05-02 08:32:47,40.06232377,20360,0,-815669,0
2018-05-02 08:32:47,5.3913,20360,0,-109767,0
2018-05-02 08:32:52,30.0626,20365,0,-612225,0
2018-05-02 08:33:03,270.5162,20360,0,5507710,1
2018-05-02 08:33:25,1200.0,20450,0,-24540000,0
2018-05-02 08:34:11,509.8458,20530,0,10467134,1
2018-05-02 08:34:21,139.43106668,20545,0,2864611,1
2018-05-02 08:34:31,350.9889,20520,0,7202292,1
2018-05-02 08:34:32,0.225,20520,0,4617,1
2018-05-02 08:34:32,199.5093,20520,0,4093931,1
2018-05-02 08:36:12,824.177,20540,0,-16928596,0
2018-05-02 08:36:53,281.1821,20635,0,5802193,1
2018-05-02 08:37:00,7.7026,20640,0,158982,1
2018-05-02 08:37:11,11.1921,20550,0,229998,1
2018-05-02 08:37:23,190.6113,20540,0,3915156,1
2018-05-02 08:37:24,62.5,20540,0,1283750,1
2018-05-02 08:37:24,50.8006,20540,0,1043444,1
2018-05-02 08:37:49,2.9623,20550,0,-60875,0
2018-05-02 08:37:49,8.9,20550,0,-182895,0
2018-05-02 08:37:56,3.9516,20550,0,81205,1
2018-05-02 08:37:56,48.6618,20550,0,1000000,1
2018-05-02 08:38:07,8.5367,20540,0,175344,1
2018-05-02 08:38:07,170.9005,20540,0,3510296,1
2018-05-02 08:39:11,224.613,20460,0,-4595582,0
2018-05-02 08:39:41,5.9859,20440,0,122352,1
2018-05-02 08:39:41,166.1647,20440,0,3396406,1
2018-05-02 08:39:41,22.4743,20440,0,459375,1
2018-05-02 08:39:41,29.9881,20440,0,612957,1
2018-05-02 08:40:15,480.89807274,20470,0,-9843984,0
2018-05-02 08:40:15,719.10192725,20470,0,-14720016,0
2018-05-02 08:41:21,897.4837,20655,0,18537526,1
2018-05-02 08:41:21,254.8196,20655,0,5263299,1
2018-05-02 08:41:25,30.7064,20655,0,634241,1
2018-05-02 08:41:28,1.3,20640,0,-26832,0
2018-05-02 08:41:34,18.2903,20675,0,378152,1
2018-05-02 08:43:41,129.35,20585,0,-2662670,0
2018-05-02 08:44:09,1.0,20590,0,20590,1
2018-05-02 08:44:14,902.2053,20600,0,-18585429,0
2018-05-02 08:44:42,1030.5553,20615,0,21244898,1
2018-05-02 08:47:13,9.958e-05,20605,0,-2,0
2018-05-02 08:47:57,6.4474,20615,0,-132913,0
2018-05-02 08:47:57,9.8936,20615,0,-203957,0
2018-05-02 08:47:57,1158.436,20615,0,-23881158,0
2018-05-02 08:48:41,1174.7771,20630,0,24235652,1
2018-05-02 08:50:16,412.4329,20600,0,-8496118,0
2018-05-02 08:50:16,160.0,20600,0,-3296000,0
2018-05-02 08:50:16,344.92733883,20600,0,-7105503,0
2018-05-02 08:50:34,160.6808,20585,0,3307614,1
2018-05-02 08:50:34,10.0,20585,0,205850,1
2018-05-02 08:50:34,107.3131,20585,0,2209040,1
2018-05-02 08:50:34,116.051,20585,0,2388910,1
2018-05-02 08:50:34,122.4988,20585,0,2521638,1
2018-05-02 08:50:34,300.0,20585,0,6175500,1
2018-05-02 08:50:35,92.0,20585,0,1893820,1
2018-05-02 08:50:35,8.8165,20585,0,181488,1
2018-05-02 08:51:16,1200.0,20600,0,-24720000,0
2018-05-02 08:52:51,79.7629,20675,0,1649098,1
2018-05-02 08:52:51,125.105,20675,0,2586546,1
2018-05-02 08:54:33,3.0,20730,0,62190,1
2018-05-02 08:54:33,3.8929,20730,0,80700,1
2018-05-02 08:56:29,68.0,20590,0,1400120,1
2018-05-02 08:57:10,10.0073,20580,0,205950,1
2018-05-02 08:57:10,788.8035,20580,0,16233576,1
2018-05-02 08:57:10,39.0395,20580,0,803433,1
2018-05-02 08:57:46,243.1808,20510,0,-4987638,0
2018-05-02 08:58:13,325.5697,20520,0,6680690,1
2018-05-02 08:59:29,46.5529,20420,0,-950610,0
2018-05-02 08:59:38,125.2,20455,0,-2560966,0
2018-05-02 08:59:42,29.1361,20475,0,-596562,0
2018-05-02 08:59:43,734.9999,20475,0,-15049123,0
2018-05-02 09:00:46,368.69059396,20550,0,7576592,1
2018-05-02 09:00:46,49.0,20550,0,1006950,1
2018-05-02 09:00:46,96.00671532,20550,0,1972938,1
2018-05-02 09:00:50,93.9827,20550,0,1931344,1
2018-05-02 09:00:50,116.3057,20550,0,2390082,1
2018-05-02 09:00:50,1.0001,20550,0,20552,1
2018-05-02 09:01:15,54.7908,20540,0,1125403,1
2018-05-02 09:01:15,64.1049,20540,0,1316715,1
2018-05-02 09:01:34,92.0074,20560,0,1891672,1
2018-05-02 09:02:25,575.977,20530,0,-11824808,0
2018-05-02 09:02:31,0.1,20540,0,2054,1
2018-05-02 09:02:53,52.878,20555,0,-1086907,0
2018-05-02 09:02:53,98.2662,20555,0,-2019862,0
2018-05-02 09:04:11,24.2329,20665,0,500773,1
2018-05-02 09:04:19,211.2413,20620,0,4355796,1
2018-05-02 09:05:00,176.3289,20730,0,3655298,1
2018-05-02 09:05:00,43.06295224,20730,0,892695,1
2018-05-02 09:05:01,99.122,20730,0,2054799,1
2018-05-02 09:05:04,11.7994,20730,0,244602,1
2018-05-02 09:05:09,1.4593,20750,0,30280,1
2018-05-02 09:05:25,12.0,20740,0,-248880,0
2018-05-02 09:06:18,8.0703,20750,0,167459,1
2018-05-02 09:06:25,163.7042,20675,0,3384584,1
2018-05-02 09:06:46,13.2951,20755,0,-275940,0
2018-05-02 09:07:01,13.2951,20725,0,275541,1
2018-05-02 09:08:41,406.8811,20730,0,-8434645,0
2018-05-02 09:08:47,406.8811,20740,0,8438714,1
2018-05-02 09:08:50,22.57522023,20760,0,-468662,0
2018-05-02 09:08:50,38.76437976,20760,0,-804749,0
2018-05-02 09:09:01,48.5313,20780,0,1008480,1
2018-05-02 09:09:01,3.028,20780,0,62922,1
2018-05-02 09:09:01,9.7803,20780,0,203235,1
2018-05-02 09:09:05,622.6326,20815,0,-12960098,0
2018-05-02 09:09:28,260.21991414,20890,0,5435994,1
2018-05-02 09:09:49,362.4126,20895,0,7572611,1
2018-05-02 09:10:05,11.1243,20915,0,-232665,0
2018-05-02 09:10:27,11.1243,20900,0,232498,1
2018-05-02 09:11:57,20.0,20950,0,-419000,0
2018-05-02 09:11:57,30.0,20950,0,-628500,0
2018-05-02 09:11:57,50.0,20950,0,-1047500,0
2018-05-02 09:11:58,631.7051,20950,0,-13234222,0
2018-05-02 09:11:58,249.625,20950,0,-5229644,0
2018-05-02 09:11:58,218.6699,20950,0,-4581134,0
2018-05-02 09:12:13,1200.0,20975,0,25170000,1
2018-05-02 09:12:32,9.9768,20980,0,-209313,0
2018-05-02 09:12:37,1190.0232,20995,0,-24984537,0
2018-05-02 09:13:22,1200.0,21010,0,25212000,1
2018-05-02 09:13:54,192.0936,20995,0,-4033005,0
2018-05-02 09:14:32,112.0472,20905,0,2342347,1
2018-05-02 09:14:42,6.9997,20900,0,-146294,0
2018-05-02 09:14:49,3.6196,20900,0,-75650,0
2018-05-02 09:14:54,50.0,20895,0,1044750,1
2018-05-02 09:15:03,40.6657,20900,0,849913,1
2018-05-02 09:15:40,132.5384,20945,0,-2776017,0
2018-05-02 09:15:51,1067.4616,21040,0,-22459392,0
2018-05-02 09:17:02,307.1,21170,0,6501307,1
2018-05-02 09:17:02,892.9,21170,0,18902693,1
2018-05-02 09:18:36,6.952e-05,21230,0,-1,0
2018-05-02 09:18:39,334.0,21230,0,-7090820,0
2018-05-02 09:18:52,334.0001,21290,0,7110862,1
2018-05-02 09:21:44,16.7684,21020,0,-352472,0
2018-05-02 09:21:48,1.6375,21020,0,-34420,0
2018-05-02 09:21:53,196.5928,21015,0,-4131398,0
2018-05-02 09:22:01,57.99996273,21040,0,-1220319,0
2018-05-02 09:22:01,51.81413726,21040,0,-1090169,0
2018-05-02 09:22:06,875.1872,21035,0,-18409563,0
2018-05-02 09:22:22,847.53211156,21100,0,17882928,1
2018-05-02 09:22:31,352.4679,21100,0,7437073,1
2018-05-02 09:23:14,30.0,21095,0,-632850,0
2018-05-02 09:23:14,669.647,21095,0,-14126203,0
2018-05-02 09:24:17,35.2,21105,0,742896,1
2018-05-02 09:24:32,50.1675,21070,0,1057029,1
2018-05-02 09:24:32,323.49,21070,0,6815934,1
2018-05-02 09:24:32,252.7147,21070,0,5324699,1
2018-05-02 09:24:32,2.1434,21070,0,45161,1
2018-05-02 09:24:32,35.9314,21070,0,757075,1
2018-05-02 09:25:00,711.86322255,21100,0,-15020314,0
2018-05-02 09:25:00,55.8496,21100,0,-1178427,0
2018-05-02 09:25:00,81.01577744,21100,0,-1709433,0
2018-05-02 09:25:11,13.3624,21075,0,281613,1
2018-05-02 09:25:15,37.7223,21080,0,795186,1
2018-05-02 09:25:15,117.3406,21080,0,2473540,1
2018-05-02 09:25:39,0.431,21060,0,9077,1
2018-05-02 09:25:46,0.5326,21045,0,11209,1
2018-05-02 09:25:46,18.8501,21045,0,396700,1
2018-05-02 09:26:19,47.585,21015,0,999999,1
2018-05-02 09:26:19,0.1,21015,0,2102,1
2018-05-02 09:26:29,14.2766,21000,0,299809,1
2018-05-02 09:26:30,51.5707,20975,0,1081695,1
2018-05-02 09:26:34,372.4233,20950,0,7802268,1
2018-05-02 09:26:40,174.534,20920,0,3651251,1
2018-05-02 09:26:54,51.7926,20900,0,-1082465,0
2018-05-02 09:26:58,29.8102,20900,0,-623033,0
2018-05-02 09:27:28,318.15,21015,0,-6685922,0
2018-05-02 09:27:54,399.7528,21080,0,8426789,1
2018-05-02 09:28:18,102.9,21140,0,-2175306,0
2018-05-02 09:28:27,102.9,21130,0,2174277,1
2018-05-02 09:29:39,747.5955,21060,0,-15744361,0
2018-05-02 09:30:01,71.0682,21085,0,1498473,1
2018-05-02 09:30:11,444.0347,21090,0,9364692,1
2018-05-02 09:30:11,232.4926,21090,0,4903269,1
2018-05-02 09:30:30,183.4642,21120,0,-3874764,0
2018-05-02 09:30:35,689.6736,21150,0,-14586597,0
2018-05-02 09:30:47,76.1541,21150,0,1610659,1
2018-05-02 09:31:06,26.3,21155,0,556377,1
2018-05-02 09:31:42,0.3,21145,0,6344,1
2018-05-02 09:31:46,12.9932,21150,0,274806,1
2018-05-02 09:31:59,40.1588,21140,0,848957,1
2018-05-02 09:32:03,14.5273,21140,0,307107,1
2018-05-02 09:32:07,119.417,21140,0,2524475,1
2018-05-02 09:32:12,583.2874,21165,0,12345278,1
2018-05-02 09:32:25,417.6824,21220,0,-8863221,0
2018-05-02 09:32:25,33.5937,21220,0,-712858,0
2018-05-02 09:32:33,470.0,21240,0,-9982800,0
2018-05-02 09:32:33,278.7239,21250,0,-5922883,0
2018-05-02 09:32:55,450.7879,21270,0,9588259,1
2018-05-02 09:32:56,143.7223,21270,0,3056973,1
2018-05-02 09:33:24,605.4898,21275,0,12881795,1
2018-05-02 09:33:37,176.2594,21330,0,-3759613,0
2018-05-02 09:33:37,5.0,21330,0,-106650,0
2018-05-02 09:33:47,144.1405,21360,0,-3078841,0
2018-05-02 09:34:05,1.9676,21225,0,41762,1
2018-05-02 09:34:08,323.4323,21260,0,6876171,1
2018-05-02 09:34:32,1200.0,21200,0,-25440000,0
2018-05-02 09:34:37,660.9416,21200,0,14011962,1
2018-05-02 09:34:44,126.4978,21150,0,2675428,1
2018-05-02 09:35:22,133.23793843,20955,0,2792001,1
2018-05-02 09:35:25,279.3227,20920,0,5843431,1
2018-05-02 09:36:08,38.413,21020,0,-807441,0
2018-05-02 09:36:09,1.0,21020,0,-21020,0
2018-05-02 09:36:09,10.7818,21020,0,-226633,0
2018-05-02 09:36:09,1149.8052,21020,0,-24168905,0
2018-05-02 09:36:31,116.417,21000,0,2444757,1
2018-05-02 09:37:11,932.02,21040,0,19609701,1
2018-05-02 09:37:15,151.563,21045,0,3189643,1
2018-05-02 09:38:51,85.4207,20890,0,-1784438,0
2018-05-02 09:39:12,172.1842,20940,0,-3605537,0
2018-05-02 09:39:43,17.5881,20990,0,-369174,0
2018-05-02 09:39:50,15.8622,21010,0,-333265,0
2018-05-02 09:39:51,1.0,21010,0,-21010,0
2018-05-02 09:39:51,191.5937,21010,0,-4025384,0
2018-05-02 09:40:35,51.8128,20975,0,1086773,1
2018-05-02 09:40:48,21.8579,21000,0,-459016,0
2018-05-02 09:41:12,76.594,21020,0,1610006,1
2018-05-02 09:41:12,377.1,21030,0,7930413,1
2018-05-02 09:42:41,146.6497,20830,0,-3054713,0
2018-05-02 09:42:47,5.991,20830,0,-124793,0
2018-05-02 09:42:53,152.6407,20815,0,3177216,1
2018-05-02 09:43:21,169.0115,20820,0,-3518819,0
2018-05-02 09:43:34,7.5,20830,0,156225,1
2018-05-02 09:43:37,161.5115,20800,0,3359439,1
2018-05-02 09:46:18,65.3087,20710,0,-1352543,0
2018-05-02 09:46:32,65.3087,20750,0,1355156,1
2018-05-02 09:49:19,82.9655,20635,0,-1711993,0
2018-05-02 09:49:23,16.1811,20640,0,-333978,0
2018-05-02 09:49:23,106.03437751,20640,0,-2188550,0
2018-05-02 09:49:24,3.2,20640,0,-66048,0
2018-05-02 09:49:53,74.9616,20705,0,-1552080,0
2018-05-02 09:49:57,29.70019286,20740,0,-615982,0
2018-05-02 09:50:06,5.0,20750,0,-103750,0
2018-05-02 09:50:15,318.0427,20740,0,6596206,1
2018-05-02 09:50:54,235.7793,20740,0,-4890063,0
2018-05-02 09:51:07,9.696e-05,20790,0,-2,0
2018-05-02 09:51:27,14.6641,20760,0,304427,1
2018-05-02 09:51:28,221.1153,20750,0,4588142,1
2018-05-02 09:52:32,346.4506,20630,0,-7147276,0
2018-05-02 09:52:38,5.3099,20650,0,-109649,0
2018-05-02 09:52:42,2.5551,20645,0,-52750,0
2018-05-02 09:53:18,354.3156,20525,0,7272328,1
2018-05-02 09:53:47,30.6391,20550,0,-629634,0
2018-05-02 09:53:51,10.0,20550,0,-205500,0
2018-05-02 09:54:00,40.6391,20590,0,836759,1
2018-05-02 09:55:29,24.9733,20610,0,-514700,0
2018-05-02 09:55:29,58.8324,20610,0,-1212536,0
2018-05-02 09:55:29,16.8115,20610,0,-346485,0
2018-05-02 09:55:32,47.0637,20625,0,-970689,0
2018-05-02 09:55:40,25.5958,20640,0,528297,1
2018-05-02 09:56:42,824.1053,20695,0,-17054859,0
2018-05-02 09:56:43,81.5406,20695,0,-1687483,0
2018-05-02 09:56:52,5.996,20660,0,123877,1
2018-05-02 09:57:38,15.4138,20680,0,318757,1
2018-05-02 09:57:39,22.3888,20680,0,463000,1
2018-05-02 09:58:14,299.9859,20670,0,6200709,1
2018-05-02 09:58:14,40.01935171,20670,0,827200,1
2018-05-02 09:58:18,229.1254,20670,0,4736022,1
2018-05-02 09:58:39,81.1123,20705,0,-1679430,0
2018-05-02 09:58:47,16.2183,20710,0,-335881,0
2018-05-02 09:59:23,51.0305,20680,0,1055311,1
2018-05-02 09:59:24,27.8,20680,0,574904,1
2018-05-02 09:59:24,23.5,20680,0,485980,1
2018-05-02 09:59:43,329.4305,20615,0,6791210,1
2018-05-02 09:59:43,28.41,20610,0,585530,1
2018-05-02 09:59:44,51.9614,20600,0,1070405,1
2018-05-02 10:00:10,57.046,20575,0,-1173721,0
2018-05-02 10:00:28,20.0,20455,0,409100,1
2018-05-02 10:00:28,37.046,20455,0,757776,1
2018-05-02 10:00:32,989.2864,20435,0,-20216068,0
2018-05-02 10:00:32,249.7156,20435,0,-5102938,0
2018-05-02 10:02:05,392.1842,20410,0,8004480,1
2018-05-02 10:02:21,846.8178,20360,0,17241210,1
2018-05-02 10:02:39,1500.0,20360,0,-30540000,0
2018-05-02 10:03:08,506.6447,20350,0,10310220,1
2018-05-02 10:03:13,241.7468,20350,0,4919547,1
2018-05-02 10:03:24,751.6085,20335,0,15283959,1
2018-05-02 10:04:09,74.09603126,20310,0,-1504890,0
2018-05-02 10:04:20,90.4206,20380,0,-1842772,0
2018-05-02 10:04:25,1335.4834,20390,0,-27230507,0
2018-05-02 10:04:53,228.2588,20425,0,4662186,1
2018-05-02 10:04:57,1271.7412,20400,0,25943520,1
2018-05-02 10:06:25,5.991,20425,0,-122366,0
2018-05-02 10:06:26,546.2809,20425,0,-11157787,0
2018-05-02 10:07:04,564.4788,20460,0,-11549236,0
2018-05-02 10:07:43,198.3623,20500,0,4066427,1
2018-05-02 10:07:43,10.0,20500,0,205000,1
2018-05-02 10:07:43,36.5853,20500,0,749999,1
2018-05-02 10:07:44,401.9351,20500,0,8239670,1
2018-05-02 10:07:44,468.388,20500,0,9601954,1
2018-05-02 10:07:44,1.48,20500,0,30340,1
2018-05-02 10:08:16,13.3613,20440,0,-273105,0
2018-05-02 10:08:16,206.58087318,20440,0,-4222513,0
2018-05-02 10:08:20,1027.2530939,20435,0,-20991917,0
2018-05-02 10:08:43,205.8281,20440,0,4207126,1
2018-05-02 10:08:43,34.5,20440,0,705180,1
2018-05-02 10:08:47,638.6863,20425,0,13045168,1
2018-05-02 10:08:47,53.6471,20425,0,1095742,1
2018-05-02 10:08:52,57.046,20375,0,1162312,1
2018-05-02 10:08:52,257.4878,20370,0,5245026,1
2018-05-02 10:09:22,175.8351,20390,0,-3585278,0
2018-05-02 10:09:28,9.6,20380,0,-195648,0
2018-05-02 10:09:28,211.2693,20380,0,-4305668,0
2018-05-02 10:09:46,781.9481,20400,0,-15951741,0
2018-05-02 10:11:09,96.2058,20405,0,1963079,1
2018-05-02 10:11:09,14.346,20405,0,292730,1
2018-05-02 10:11:09,646.3,20410,0,13190983,1
2018-05-02 10:11:10,84.9036,20405,0,1732458,1
2018-05-02 10:11:15,336.8971,20405,0,6874385,1
2018-05-02 10:12:12,55.3001,20400,0,-1128122,0
2018-05-02 10:12:12,427.1588,20400,0,-8714040,0
2018-05-02 10:12:54,60.0,20520,0,-1231200,0
2018-05-02 10:12:54,24.9,20520,0,-510948,0
2018-05-02 10:12:54,716.7811,20520,0,-14708348,0
2018-05-02 10:13:04,100.0,20495,0,2049500,1
2018-05-02 10:13:05,172.5008,20495,0,3535404,1
2018-05-02 10:13:09,2.6,20470,0,53222,1
2018-05-02 10:15:36,0.6,20510,0,12306,1
2018-05-02 10:15:40,199.9999,20435,0,4086998,1
2018-05-02 10:15:44,254.9999,20465,0,5218573,1
2018-05-02 10:16:09,946.5606,20430,0,-19338233,0
2018-05-02 10:17:13,1500.0,20440,0,30660000,1
2018-05-02 10:17:31,393.8949,20470,0,-8063029,0
2018-05-02 10:17:35,67.6098,20485,0,-1384987,0
2018-05-02 10:17:36,1038.4953,20485,0,-21273576,0
2018-05-02 10:18:10,1.2,20460,0,24552,1
2018-05-02 10:20:25,4.0,20330,0,81320,1
2018-05-02 10:20:25,9.69,20330,0,196998,1
2018-05-02 10:20:25,21.95,20330,0,446244,1
2018-05-02 10:21:01,626.7626,20335,0,12745217,1
2018-05-02 10:21:09,836.3974,20325,0,16999777,1
2018-05-02 10:21:59,162.5041,20280,0,-3295583,0
2018-05-02 10:22:03,117.658,20280,0,-2386104,0
2018-05-02 10:22:03,1219.8378,20280,0,-24738311,0
2018-05-02 10:23:16,443.7403,20250,0,8985741,1
2018-05-02 10:23:17,54.7696,20250,0,1109084,1
2018-05-02 10:23:17,581.4523,20250,0,11774409,1
2018-05-02 10:23:50,20.0,20200,0,404000,1
2018-05-02 10:23:50,4.3,20200,0,86860,1
2018-05-02 10:23:54,395.7377,20180,0,7985987,1
2018-05-02 10:24:54,3.8188,20190,0,-77102,0
2018-05-02 10:24:54,320.9809,20190,0,-6480604,0
2018-05-02 10:24:58,87.4432,20200,0,-1766353,0
2018-05-02 10:25:05,1000.0,20240,0,-20240000,0
2018-05-02 10:25:06,87.7571,20250,0,-1777081,0
2018-05-02 10:25:52,5.3,20085,0,106451,1
2018-05-02 10:25:52,308.8763,20085,0,6203780,1
2018-05-02 10:25:56,6.219,20065,0,124784,1
2018-05-02 10:25:56,664.9266,20065,0,13341752,1
2018-05-02 10:26:19,514.6781,20060,0,10324443,1
2018-05-02 10:26:31,1000.0605,20095,0,-20096216,0
2018-05-02 10:27:21,14.1675,20130,0,285192,1
2018-05-02 10:27:25,225.0491,20125,0,4529113,1
2018-05-02 10:27:36,80.3979,20095,0,1615596,1
2018-05-02 10:27:36,25.2513,20095,0,507425,1
2018-05-02 10:28:20,655.1947,20100,0,13169413,1
2018-05-02 10:28:28,108.0099,20120,0,-2173159,0
2018-05-02 10:28:28,37.4271,20120,0,-753033,0
2018-05-02 10:28:33,3.928e-05,20135,0,-1,0
2018-05-02 10:28:37,442.3465,20170,0,-8922129,0
2018-05-02 10:28:37,193.7828,20170,0,-3908599,0
2018-05-02 10:28:56,56.4932,20205,0,1141445,1
2018-05-02 10:28:56,725.0731,20200,0,14646477,1
2018-05-02 10:30:15,35.0,20165,0,-705775,0
2018-05-02 10:30:32,7.6688,20195,0,-154871,0
2018-05-02 10:30:59,222.6327,20185,0,-4493841,0
2018-05-02 10:31:10,178.40147064,20200,0,-3603710,0
2018-05-02 10:31:10,52.8866,20200,0,-1068309,0
2018-05-02 10:31:10,138.6666,20200,0,-2801065,0
2018-05-02 10:31:10,299.99992935,20200,0,-6059999,0
2018-05-02 10:34:15,935.2561,20350,0,19032462,1
2018-05-02 10:35:33,1.16692946,20360,0,-23759,0
2018-05-02 10:35:33,493.81797053,20360,0,-10054134,0
2018-05-02 10:35:37,995.4555,20365,0,-20272451,0
2018-05-02 10:35:37,9.5596,20365,0,-194681,0
2018-05-02 10:35:58,711.74763398,20435,0,14544563,1
2018-05-02 10:35:59,3.9008,20435,0,79713,1
2018-05-02 10:36:11,366.2285,20405,0,7472893,1
2018-05-02 10:36:11,418.1231,20405,0,8531802,1
2018-05-02 10:36:40,314.9842,20400,0,-6425678,0
2018-05-02 10:36:47,314.9842,20400,0,6425678,1
2018-05-02 10:38:27,6.223e-05,20440,0,-1,0
2018-05-02 10:38:28,2.5,20440,0,-51100,0
2018-05-02 10:38:38,116.0403,20465,0,-2374765,0
2018-05-02 10:38:39,1.4,20465,0,-28651,0
2018-05-02 10:38:51,9.985,20500,0,-204693,0
2018-05-02 10:38:51,55.0,20500,0,-1127500,0
2018-05-02 10:38:51,182.5922,20500,0,-3743140,0
2018-05-02 10:38:51,5.267,20500,0,-107974,0
2018-05-02 10:39:20,2.3,20490,0,-47127,0
2018-05-02 10:39:33,0.3,20530,0,6159,1
2018-05-02 10:39:40,1.4619,20520,0,29998,1
2018-05-02 10:39:48,30.0,20510,0,615300,1
2018-05-02 10:39:48,11.4617,20510,0,235079,1
2018-05-02 10:39:48,331.8609,20510,0,6806467,1
2018-05-02 10:40:14,33.87,20470,0,-693319,0
2018-05-02 10:40:15,1.4,20470,0,-28658,0
2018-05-02 10:40:41,57.046,20520,0,-1170584,0
2018-05-02 10:41:06,92.316,20515,0,1893863,1
2018-05-02 10:41:43,2.0063,20475,0,-41079,0
2018-05-02 10:42:16,2.0063,20440,0,41009,1
2018-05-02 10:42:41,0.2198,20450,0,-4495,0
2018-05-02 10:43:10,237.6866,20455,0,-4861879,0
2018-05-02 10:43:14,12.49995701,20460,0,-255749,0
2018-05-02 10:43:14,100.0,20460,0,-2046000,0
2018-05-02 10:43:14,591.32344298,20460,0,-12098478,0
2018-05-02 10:45:11,322.7588,20385,0,6579438,1
2018-05-02 10:45:25,37.2159,20350,0,757344,1
2018-05-02 10:45:25,0.2,20350,0,4070,1
2018-05-02 10:45:57,0.4,20420,0,8168,1
2018-05-02 10:46:03,496.9247,20410,0,10142233,1
2018-05-02 10:46:08,84.2304,20405,0,1718721,1
2018-05-02 10:47:24,1499.9999,20430,0,-30644998,0
2018-05-02 10:48:23,274.2491,20445,0,5607023,1
2018-05-02 10:48:27,4.8923,20440,0,99999,1
2018-05-02 10:48:27,45.1525,20440,0,922917,1
2018-05-02 10:48:31,677.0631,20440,0,13839170,1
2018-05-02 10:48:31,432.3379,20430,0,8832663,1
2018-05-02 10:48:31,50.3051,20430,0,1027733,1
2018-05-02 10:48:31,16.0,20430,0,326880,1
2018-05-02 10:52:21,1500.0,20550,0,-30825000,0
2018-05-02 10:54:11,30.3216,20600,0,624625,1
2018-05-02 10:54:14,799.1552,20565,0,16434627,1
2018-05-02 10:54:19,429.9999,20570,0,8845098,1
2018-05-02 10:54:19,240.5233,20570,0,4947564,1
2018-05-02 10:54:38,25.1218,20650,0,-518765,0
2018-05-02 10:54:38,1474.8782,20635,0,-30434112,0
2018-05-02 10:55:07,1042.3551,20670,0,21545480,1
2018-05-02 10:55:07,3.924,20670,0,81109,1
2018-05-02 10:56:02,173.6709,20635,0,3583699,1
2018-05-02 10:56:03,0.5755,20635,0,11875,1
2018-05-02 10:56:03,74.6472,20635,0,1540345,1
2018-05-02 10:56:07,204.8273,20640,0,4227635,1
2018-05-02 10:56:48,622.4605,20670,0,-12866259,0
2018-05-02 10:56:52,5.032e-05,20685,0,-1,0
2018-05-02 10:56:58,225.182,20680,0,-4656764,0
2018-05-02 10:57:51,29.9921,20640,0,619037,1
2018-05-02 10:58:23,390.92461045,20665,0,8078457,1
2018-05-02 10:58:24,145.1506,20665,0,2999537,1
2018-05-02 10:58:30,1.4527,20650,0,29998,1
2018-05-02 10:58:30,1.4527,20650,0,29998,1
2018-05-02 10:58:30,1.4527,20650,0,29998,1
2018-05-02 10:58:30,1.4527,20650,0,29998,1
2018-05-02 10:58:30,1.4527,20650,0,29998,1
2018-05-02 10:58:51,3.288e-05,20665,0,-1,0
2018-05-02 10:58:51,374.16976711,20665,0,-7732218,0
2018-05-02 10:59:10,91.02817349,20750,0,-1888835,0
2018-05-02 10:59:10,5.0,20750,0,-103750,0
2018-05-02 10:59:10,49.4,20750,0,-1025050,0
2018-05-02 10:59:10,100.0,20750,0,-2075000,0
2018-05-02 10:59:11,404.4341265,20750,0,-8392008,0
2018-05-02 10:59:22,474.228,20685,0,9809406,1
2018-05-02 10:59:44,7.7,20675,0,159198,1
2018-05-02 10:59:44,677.6959,20690,0,14021528,1
2018-05-02 11:00:02,1.0,20680,0,20680,1
2018-05-02 11:00:02,58.2942,20680,0,1205524,1
2018-05-02 11:00:05,79.4257,20700,0,1644112,1
2018-05-02 11:00:43,161.85457294,20700,0,-3350390,0
2018-05-02 11:01:01,1279.0453,20725,0,-26508214,0
2018-05-02 11:01:01,59.1,20725,0,-1224848,0
2018-05-02 11:02:11,16.579,20870,0,346004,1
2018-05-02 11:02:11,128.8476,20870,0,2689049,1
2018-05-02 11:02:11,120.7088,20870,0,2519193,1
2018-05-02 11:02:11,100.0,20870,0,2087000,1
2018-05-02 11:02:12,1133.4645,20870,0,23655404,1
2018-05-02 11:02:12,0.4,20870,0,8348,1
2018-05-02 11:03:41,9.4,20910,0,-196554,0
2018-05-02 11:03:49,9.4,20900,0,196460,1
2018-05-02 11:04:40,309.6651,20880,0,-6465807,0
2018-05-02 11:04:44,150.0,20885,0,-3132750,0
2018-05-02 11:04:44,27.85021052,20900,0,-582069,0
2018-05-02 11:04:44,641.837,20900,0,-13414393,0
2018-05-02 11:05:29,510.9579,20925,0,10691794,1
2018-05-02 11:05:29,285.4823,20925,0,5973717,1
2018-05-02 11:05:33,57.1206,20900,0,1193821,1
2018-05-02 11:05:33,215.2022,20900,0,4497726,1
2018-05-02 11:05:36,60.5893,20900,0,1266316,1
2018-05-02 11:08:08,192.2572,20770,0,-3993182,0
2018-05-02 11:08:41,10.3,20775,0,213983,1
2018-05-02 11:08:55,113.9,20765,0,2365134,1
2018-05-02 11:09:12,4.1,20745,0,85055,1
2018-05-02 11:10:38,22.6093,20660,0,-467108,0
2018-05-02 11:10:50,449.8318,20650,0,-9289027,0
2018-05-02 11:11:32,70.7791,20710,0,-1465835,0
2018-05-02 11:11:37,217.0486,20730,0,-4499417,0
2018-05-02 11:12:01,513.3492,20730,0,10641729,1
2018-05-02 11:12:04,310.8768,20710,0,6438259,1
2018-05-02 11:13:05,710.301,20675,0,-14685473,0
2018-05-02 11:13:10,672.14223907,20685,0,-13903262,0
2018-05-02 11:13:11,117.55676092,20685,0,-2431662,0
2018-05-02 11:14:28,5.0,20575,0,102875,1
2018-05-02 11:14:28,1389.115,20575,0,28581041,1
2018-05-02 11:14:37,26.6918,20550,0,548516,1
2018-05-02 11:14:40,24.4,20545,0,501298,1
2018-05-02 11:14:40,54.7932,20545,0,1125726,1
2018-05-02 11:14:52,37.1828,20565,0,-764664,0
2018-05-02 11:14:56,25.8487,20575,0,-531837,0
2018-05-02 11:15:02,738.6502,20580,0,-15201421,0
2018-05-02 11:16:21,119.5,20675,0,2470663,1
2018-05-02 11:16:47,100.0,20695,0,-2069500,0
2018-05-02 11:17:18,1.0001,20655,0,20657,1
2018-05-02 11:18:21,702.9922,20615,0,14492184,1
2018-05-02 11:19:05,78.1894,20615,0,1611874,1
2018-05-02 11:21:14,159.06309512,20500,0,-3260793,0
2018-05-02 11:21:14,102.4282,20500,0,-2099778,0
2018-05-02 11:21:14,1059.8079,20500,0,-21726062,0
2018-05-02 11:21:15,6.0025,20500,0,-123051,0
2018-05-02 11:21:15,9.4087,20500,0,-192878,0
2018-05-02 11:21:15,20.824,20500,0,-426892,0
2018-05-02 11:21:32,208.8702,20510,0,4283928,1
2018-05-02 11:21:36,15.0964,20510,0,309627,1
2018-05-02 11:21:40,157.8791,20505,0,3237311,1
2018-05-02 11:21:44,8.6666,20495,0,177622,1
2018-05-02 11:21:48,97.61,20490,0,2000029,1
2018-05-02 11:21:52,869.4121,20495,0,17818601,1
2018-05-02 11:22:16,500.0,20535,0,-10267500,0
2018-05-02 11:22:44,35.6439,20540,0,-732126,0
2018-05-02 11:22:44,189.2485,20540,0,-3887164,0
2018-05-02 11:22:44,6.8446,20540,0,-140588,0
2018-05-02 11:22:44,394.836,20540,0,-8109931,0
2018-05-02 11:22:44,373.427,20540,0,-7670191,0
2018-05-02 11:22:54,161.8918,20570,0,3330114,1
2018-05-02 11:22:54,18.3291,20570,0,377030,1
2018-05-02 11:22:55,604.9999,20570,0,12444848,1
2018-05-02 11:23:47,31.2977,20555,0,-643324,0
2018-05-02 11:23:47,28.3152,20555,0,-582019,0
2018-05-02 11:25:54,774.3921,20560,0,15921502,1
2018-05-02 11:26:16,9.9,20580,0,-203742,0
2018-05-02 11:26:29,58.089,20580,0,-1195472,0
2018-05-02 11:26:33,57.8555,20580,0,-1190666,0
2018-05-02 11:26:33,58.089,20580,0,-1195472,0
2018-05-02 11:26:38,428.84401265,20585,0,-8827754,0
2018-05-02 11:26:39,0.09998734,20585,0,-2058,0
2018-05-02 11:26:52,80.0,20580,0,-1646400,0
2018-05-02 11:27:24,3.0648,20610,0,-63166,0
2018-05-02 11:27:24,490.2949,20610,0,-10104978,0
2018-05-02 11:27:45,204.9551,20650,0,4232323,1
2018-05-02 11:27:50,145.1643,20650,0,2997643,1
2018-05-02 11:27:54,2.0,20680,0,41360,1
2018-05-02 11:27:54,24.1060453,20660,0,498031,1
2018-05-02 11:27:54,126.2938,20660,0,2609230,1
2018-05-02 11:28:14,141.9404,20650,0,-2931069,0
2018-05-02 11:28:33,207.9653,20665,0,4297602,1
2018-05-02 11:29:55,174.35441485,20720,0,-3612623,0
2018-05-02 11:29:56,5.0,20720,0,-103600,0
2018-05-02 11:30:17,296.7087,20685,0,6137419,1
2018-05-02 11:30:29,91.1252,20665,0,1883102,1
2018-05-02 11:30:47,409.2136,20665,0,8456399,1
2018-05-02 11:33:29,236.22184283,20650,0,-4877981,0
2018-05-02 11:33:30,327.87305716,20650,0,-6770579,0
2018-05-02 11:33:45,127.9153,20660,0,2642730,1
2018-05-02 11:33:46,436.1796,20660,0,9011471,1
2018-05-02 11:35:08,216.3777,20715,0,-4482264,0
2018-05-02 11:35:08,1283.6223,20715,0,-26590236,0
2018-05-02 11:35:19,44.5951,20715,0,923787,1
2018-05-02 11:35:19,56.7481,20715,0,1175537,1
2018-05-02 11:35:19,4.8309,20715,0,100072,1
2018-05-02 11:35:27,1031.21995066,20715,0,21361721,1
2018-05-02 11:35:27,8.0613,20725,0,167070,1
2018-05-02 11:35:31,0.46488128,20735,0,9639,1
2018-05-02 11:35:32,98.93,20735,0,2051314,1
2018-05-02 11:35:36,255.1497,20750,0,5294356,1
2018-05-02 11:42:07,3.1035,20750,0,-64398,0
2018-05-02 11:42:17,1056.2495,20800,0,-21969990,0
2018-05-02 11:42:18,57.1332,20800,0,-1188371,0
2018-05-02 11:42:18,383.5138,20800,0,-7977087,0
2018-05-02 11:42:33,493.53674038,20800,0,10265564,1
2018-05-02 11:42:34,545.7335,20800,0,11351257,1
2018-05-02 11:42:34,20.0,20800,0,416000,1
2018-05-02 11:43:01,31.2877,20825,0,651566,1
2018-05-02 11:43:05,10.0,20800,0,208000,1
2018-05-02 11:43:05,2.4039,20800,0,50001,1
2018-05-02 11:43:09,397.0382,20790,0,8254424,1
2018-05-02 11:43:42,58.2359,20760,0,-1208977,0
2018-05-02 11:43:57,58.2359,20770,0,1209560,1
2018-05-02 11:45:41,334.8654,20730,0,-6941760,0
2018-05-02 11:46:18,334.8654,20710,0,6935062,1
2018-05-02 11:46:56,47.9833,20635,0,-990135,0
2018-05-02 11:46:56,179.54650737,20635,0,-3704942,0
2018-05-02 11:47:21,35.6413,20665,0,-736527,0
2018-05-02 11:47:21,300.069,20665,0,-6200926,0
2018-05-02 11:47:39,936.7599,20735,0,-19423717,0
2018-05-02 11:48:55,807.062,20705,0,16710219,1
2018-05-02 11:49:16,20.0993,20690,0,-415855,0
2018-05-02 11:51:04,36.1216,20730,0,748801,1
2018-05-02 11:51:08,5.4399,20725,0,112742,1
2018-05-02 11:51:23,0.2,20670,0,4134,1
2018-05-02 11:51:23,129.0108,20670,0,2666653,1
2018-05-02 11:51:31,70.0,20675,0,1447250,1
2018-05-02 11:52:35,306.1307,20655,0,6323130,1
2018-05-02 11:52:41,9.3,20665,0,192185,1
2018-05-02 11:52:46,9.8,20650,0,202370,1
2018-05-02 11:52:56,1.0,20610,0,20610,1
2018-05-02 11:53:00,18.7,20625,0,385688,1
2018-05-02 11:53:27,26.6073,20615,0,-548509,0
2018-05-02 11:55:16,454.6601,20610,0,-9370545,0
2018-05-02 11:55:16,0.1082,20610,0,-2230,0
2018-05-02 11:55:16,30.0,20610,0,-618300,0
2018-05-02 11:55:16,299.1257,20610,0,-6164981,0
2018-05-02 11:56:47,47.6303,20590,0,980708,1
2018-05-02 11:56:47,7.2494,20590,0,149265,1
2018-05-02 11:56:48,55.182,20590,0,1136197,1
2018-05-02 11:56:48,1.0,20590,0,20590,1
2018-05-02 12:00:42,280.1736,20600,0,5771576,1
2018-05-02 12:00:56,372.8317,20630,0,-7691518,0
2018-05-02 12:01:35,44.8582,20650,0,926322,1
2018-05-02 12:01:35,11.1688,20650,0,230636,1
2018-05-02 12:02:20,28.9179,20555,0,594407,1
2018-05-02 12:03:04,834.4871,20520,0,17123675,1
2018-05-02 12:04:08,56.915,20495,0,-1166473,0
2018-05-02 12:04:25,52.6607,20470,0,-1077965,0
2018-05-02 12:04:25,56.915,20465,0,-1164765,0
2018-05-02 12:04:55,7.4726,20460,0,152889,1
2018-05-02 12:04:55,159.0181,20460,0,3253510,1
2018-05-02 12:05:16,56.915,20495,0,-1166473,0
2018-05-02 12:05:34,49.3736,20510,0,1012653,1
2018-05-02 12:05:34,7.5414,20510,0,154674,1
2018-05-02 12:06:04,1500.0,20500,0,-30750000,0
2018-05-02 12:08:04,291.4152,20465,0,5963812,1
2018-05-02 12:08:08,756.2644,20460,0,15473170,1
2018-05-02 12:08:08,0.1,20460,0,2046,1
2018-05-02 12:08:13,329.1628,20440,0,6728088,1
2018-05-02 12:08:13,98.1406,20440,0,2005994,1
2018-05-02 12:08:13,10.974,20440,0,224309,1
2018-05-02 12:08:13,13.943,20440,0,284995,1
2018-05-02 12:08:36,32.9771,20435,0,-673887,0
2018-05-02 12:09:00,3.8,20465,0,77767,1
2018-05-02 12:09:08,29.1771,20445,0,596526,1
2018-05-02 12:10:04,13.5059,20365,0,-275048,0
2018-05-02 12:10:10,9.7229,20375,0,-198104,0
2018-05-02 12:10:22,437.60093358,20395,0,-8924871,0
2018-05-02 12:10:22,140.1069,20395,0,-2857480,0
2018-05-02 12:10:22,138.97166641,20395,0,-2834327,0
2018-05-02 12:10:26,10.0,20400,0,-204000,0
2018-05-02 12:10:26,327.0,20400,0,-6670800,0
2018-05-02 12:10:26,50.7313,20395,0,-1034665,0
2018-05-02 12:10:42,1.1,20405,0,22446,1
2018-05-02 12:12:10,486.6083,20360,0,9907345,1
2018-05-02 12:12:10,639.9313,20360,0,13029001,1
2018-05-02 12:13:49,1325.18389206,20410,0,-27047003,0
2018-05-02 12:16:52,234.0,20370,0,4766580,1
2018-05-02 12:16:52,20.0858,20370,0,409148,1
2018-05-02 12:16:52,55.0,20370,0,1120350,1
2018-05-02 12:18:09,1.8,20290,0,36522,1
2018-05-02 12:18:55,0.1,20340,0,2034,1
2018-05-02 12:19:00,284.3537,20320,0,5778067,1
2018-05-02 12:19:00,115.4965,20320,0,2346889,1
2018-05-02 12:19:00,281.2128,20320,0,5714244,1
2018-05-02 12:19:01,14.9109,20320,0,302989,1
2018-05-02 12:19:01,229.1395,20320,0,4656115,1
2018-05-02 12:19:01,37.6462,20320,0,764971,1
2018-05-02 12:19:01,51.4385,20320,0,1045230,1
2018-05-02 12:20:03,477.1045,20470,0,-9766329,0
2018-05-02 12:20:11,5.4,20480,0,-110592,0
2018-05-02 12:20:16,20.0,20475,0,409500,1
2018-05-02 12:20:23,33.4335,20475,0,684551,1
2018-05-02 12:21:19,165.7575,20460,0,3391398,1
2018-05-02 12:21:19,27.4706,20460,0,562048,1
2018-05-02 12:22:27,108.695,20510,0,-2229334,0
2018-05-02 12:22:31,9.6,20525,0,-197040,0
2018-05-02 12:22:32,320.0,20525,0,-6568000,0
2018-05-02 12:22:45,674.1379,20550,0,13853534,1
2018-05-02 12:26:28,94.49,20515,0,-1938462,0
2018-05-02 12:27:15,94.49,20545,0,1941297,1
2018-05-02 12:30:39,1035.54329514,20495,0,-21223460,0
2018-05-02 12:30:39,1.99990485,20495,0,-40988,0
2018-05-02 12:31:05,1037.5432,20500,0,21269636,1
2018-05-02 12:33:46,14.4,20495,0,-295128,0
2018-05-02 12:34:39,14.4,20545,0,295848,1
2018-05-02 12:38:04,1500.0,20470,0,-30705000,0
2018-05-02 12:39:07,215.4987,20430,0,4402638,1
2018-05-02 12:39:10,15.5148,20420,0,316812,1
2018-05-02 12:39:11,22.0372,20420,0,450000,1
2018-05-02 12:39:11,185.4376,20420,0,3786636,1
2018-05-02 12:39:11,8.0,20420,0,163360,1
2018-05-02 12:39:15,18.9337,20415,0,386531,1
2018-05-02 12:39:22,1.0,20395,0,20395,1
2018-05-02 12:39:26,1.0,20385,0,20385,1
2018-05-02 12:39:57,71.9259,20370,0,1465131,1
2018-05-02 12:40:02,457.6531,20355,0,9315529,1
2018-05-02 12:40:03,0.4,20355,0,8142,1
2018-05-02 12:40:30,117.8002607,20360,0,-2398413,0
2018-05-02 12:41:29,7.095e-05,20405,0,-1,0
2018-05-02 12:41:30,37.649,20405,0,-768228,0
2018-05-02 12:41:33,450.7239,20410,0,-9199275,0
2018-05-02 12:41:34,34.89,20410,0,-712105,0
2018-05-02 12:43:33,1143.6623,20470,0,23410767,1
2018-05-02 12:44:51,20.5,20420,0,-418610,0
2018-05-02 12:45:01,0.3,20370,0,6111,1
2018-05-02 12:45:25,77.31842259,20405,0,-1577682,0
2018-05-02 12:45:25,7.74e-05,20405,0,-2,0
2018-05-02 12:45:44,41.8225,20405,0,853388,1
2018-05-02 12:48:17,55.696,20315,0,1131464,1
2018-05-02 12:49:23,1015.4485,20325,0,-20638991,0
2018-05-02 12:49:37,1015.4485,20360,0,20674531,1
2018-05-02 12:50:12,299.99,20395,0,-6118296,0
2018-05-02 12:50:18,9.7,20385,0,-197735,0
2018-05-02 12:50:48,24.9,20410,0,508209,1
2018-05-02 12:50:53,284.79,20410,0,5812564,1
2018-05-02 12:58:51,30.0,20540,0,-616200,0
2018-05-02 12:58:51,3.0,20540,0,-61620,0
2018-05-02 12:58:55,63.5156,20515,0,-1303023,0
2018-05-02 12:58:56,20.1834,20515,0,-414062,0
2018-05-02 12:59:08,129.9176,20520,0,-2665909,0
2018-05-02 12:59:42,246.6166,20520,0,5060573,1
2018-05-02 13:00:49,237.5332,20650,0,-4905061,0
2018-05-02 13:00:49,352.79618934,20650,0,-7285241,0
2018-05-02 13:00:49,700.0,20650,0,-14455000,0
2018-05-02 13:01:06,109.1402,20680,0,2257019,1
2018-05-02 13:02:02,975.0251,20660,0,20144019,1
2018-05-02 13:02:02,60.7584,20660,0,1255269,1
2018-05-02 13:02:29,145.4057,20690,0,3008444,1
2018-05-02 13:02:35,79.42500212,20660,0,-1640921,0
2018-05-02 13:02:39,11.0833,20670,0,-229092,0
2018-05-02 13:02:58,90.5083,20655,0,1869449,1
2018-05-02 13:04:15,1205.58240582,20600,0,-24834998,0
2018-05-02 13:04:16,294.41759417,20600,0,-6065002,0
2018-05-02 13:04:29,58.046,20575,0,1194296,1
2018-05-02 13:04:29,239.279,20575,0,4923165,1
2018-05-02 13:04:29,106.0,20575,0,2180950,1
2018-05-02 13:04:32,4.5301,20580,0,93229,1
2018-05-02 13:04:32,0.1096,20590,0,2257,1
2018-05-02 13:04:58,75.8,20555,0,1558069,1
2018-05-02 13:05:08,1014.8502,20555,0,20860246,1
2018-05-02 13:05:08,1.3851,20555,0,28471,1
2018-05-02 13:06:26,32.207,20555,0,-662015,0
2018-05-02 13:07:38,32.207,20560,0,662176,1
2018-05-02 13:07:55,640.0000856,20560,0,-13158402,0
2018-05-02 13:08:03,0.5,20580,0,10290,1
2018-05-02 13:08:04,538.9039,20580,0,11090642,1
2018-05-02 13:08:15,100.5962,20560,0,2068258,1
2018-05-02 13:09:48,200.3568,20510,0,-4109318,0
2018-05-02 13:10:37,112.7259,20535,0,2314826,1
2018-05-02 13:10:58,59.9999775,20540,0,-1232400,0
2018-05-02 13:10:58,85.81192249,20540,0,-1762577,0
2018-05-02 13:11:03,9.9999775,20540,0,-205400,0
2018-05-02 13:11:53,19.4492,20540,0,399487,1
2018-05-02 13:11:53,111.3542,20540,0,2287215,1
2018-05-02 13:11:57,59.8998,20535,0,1230042,1
2018-05-02 13:11:57,1.0,20535,0,20535,1
2018-05-02 13:12:00,51.7396,20540,0,1062731,1
2018-05-02 13:15:20,11.9395,20610,0,-246073,0
2018-05-02 13:15:20,13.964,20610,0,-287798,0
2018-05-02 13:15:20,23.0,20610,0,-474030,0
2018-05-02 13:15:43,48.9035,20630,0,1008879,1
2018-05-02 13:18:56,789.78945666,20540,0,-16222275,0
2018-05-02 13:18:56,31.0,20540,0,-636740,0
2018-05-02 13:18:56,679.21054333,20540,0,-13950985,0
2018-05-02 13:22:02,175.40158303,20570,0,3608011,1
2018-05-02 13:22:02,744.49315974,20565,0,15310502,1
2018-05-02 13:22:02,0.1,20565,0,2057,1
2018-05-02 13:22:10,580.0052,20550,0,11919107,1
2018-05-02 13:22:56,722.07693969,20530,0,-14824240,0
2018-05-02 13:22:56,52.6726603,20530,0,-1081370,0
2018-05-02 13:24:36,774.7496,20525,0,15901736,1
2018-05-02 13:28:48,97.07343391,20460,0,-1986122,0
2018-05-02 13:28:48,24.78406608,20460,0,-507082,0
2018-05-02 13:28:51,173.2304,20450,0,-3542562,0
2018-05-02 13:29:29,1.5897,20475,0,32549,1
2018-05-02 13:29:34,3.2,20475,0,65520,1
2018-05-02 13:29:35,290.2982,20475,0,5943856,1
2018-05-02 13:31:10,1.216,20480,0,-24904,0
2018-05-02 13:31:23,1.216,20495,0,24922,1
2018-05-02 13:32:32,1500.0,20430,0,-30645000,0
2018-05-02 13:33:26,18.8713,20500,0,386862,1
2018-05-02 13:33:26,1323.6376,20500,0,27134571,1
2018-05-02 13:34:03,157.4911,20500,0,3228568,1
2018-05-02 13:34:05,284.35726538,20450,0,-5815106,0
2018-05-02 13:34:29,7.7,20485,0,157735,1
2018-05-02 13:34:49,307.5107,20505,0,-6305507,0
2018-05-02 13:35:34,42.9481,20495,0,880221,1
2018-05-02 13:36:37,97.6085,20490,0,1999998,1
2018-05-02 13:36:41,154.6632,20480,0,3167502,1
2018-05-02 13:36:41,67.4706,20480,0,1381798,1
2018-05-02 13:36:45,149.0463,20500,0,3055449,1
2018-05-02 13:37:28,72.4313,20480,0,1483393,1
2018-05-02 13:38:38,0.0001,20470,0,-2,0
2018-05-02 13:38:42,353.49203814,20480,0,-7239517,0
2018-05-02 13:39:01,100.0,20475,0,2047500,1
2018-05-02 13:40:55,4.9,20530,0,100597,1
2018-05-02 13:40:59,7.0449,20535,0,144667,1
2018-05-02 13:42:20,5.0,20500,0,102500,1
2018-05-02 13:42:20,69.5204,20500,0,1425168,1
2018-05-02 13:42:20,0.7371,20500,0,15111,1
2018-05-02 13:42:20,0.2,20500,0,4100,1
2018-05-02 13:42:20,1.0,20500,0,20500,1
2018-05-02 13:42:25,165.0897,20505,0,3385164,1
2018-05-02 13:42:34,287.9014,20505,0,-5903418,0
2018-05-02 13:42:54,26.9375,20450,0,550872,1
2018-05-02 13:42:59,62.8,20470,0,1285516,1
2018-05-02 13:43:03,3.0578,20450,0,62532,1
2018-05-02 13:43:56,1.0,20470,0,20470,1
2018-05-02 13:44:04,32.9719,20475,0,675100,1
2018-05-02 13:44:45,3.5,20465,0,-71628,0
2018-05-02 13:45:05,54.7228,20475,0,-1120449,0
2018-05-02 13:45:50,21.5206,20475,0,-440634,0
2018-05-02 13:46:02,691.8789,20475,0,-14166220,0
2018-05-02 13:48:01,16.5,20515,0,338498,1
2018-05-02 13:48:18,5.3118,20520,0,108998,1
2018-05-02 13:48:18,55.7825,20520,0,1144657,1
2018-05-02 13:48:23,453.0979,20510,0,9293038,1
2018-05-02 13:48:38,1097.9357,20495,0,-22502192,0
2018-05-02 13:49:16,1500.0,20520,0,30780000,1
2018-05-02 13:50:56,17.1557,20475,0,-351263,0
2018-05-02 13:50:56,53.3086,20470,0,-1091227,0
2018-05-02 13:51:00,82.59148007,20480,0,-1691474,0
2018-05-02 13:51:00,1297.54881992,20480,0,-26573800,0
2018-05-02 13:52:59,1.0,20485,0,20485,1
2018-05-02 13:53:16,20.0,20475,0,409500,1
2018-05-02 13:53:16,30.8904,20475,0,632481,1
2018-05-02 13:54:47,532.8214,20500,0,10922839,1
2018-05-02 13:54:47,68.317,20500,0,1400499,1
2018-05-02 13:54:47,420.0,20500,0,8610000,1
2018-05-02 13:55:08,11.1105,20485,0,227599,1
2018-05-02 13:55:08,366.4653,20485,0,7507042,1
2018-05-02 13:56:30,1500.0,20400,0,-30600000,0
2018-05-02 14:02:33,100.0,20440,0,2044000,1
2018-05-02 14:02:37,37.7294,20435,0,771000,1
2018-05-02 14:02:37,53.1,20435,0,1085099,1
2018-05-02 14:02:37,0.1,20435,0,2044,1
2018-05-02 14:03:01,0.2,20430,0,4086,1
2018-05-02 14:04:21,90.84785486,20395,0,1852842,1
2018-05-02 14:04:33,57.784,20370,0,1177060,1
2018-05-02 14:04:43,1.0,20360,0,20360,1
2018-05-02 14:05:58,618.9233,20365,0,12604373,1
2018-05-02 14:05:58,12.0,20365,0,244380,1
2018-05-02 14:06:05,528.3155,20360,0,10756504,1
2018-05-02 14:07:13,61.9552,20350,0,-1260788,0
2018-05-02 14:07:33,3.0,20375,0,-61125,0
2018-05-02 14:08:04,64.9552,20370,0,1323137,1
2018-05-02 14:09:25,4.8989,20400,0,-99938,0
2018-05-02 14:10:05,4.8989,20420,0,100036,1
2018-05-02 14:11:00,39.94,20430,0,-815974,0
2018-05-02 14:11:21,4.7342,20445,0,96791,1
2018-05-02 14:11:21,27.5808,20445,0,563889,1
2018-05-02 14:11:27,7.625,20450,0,155931,1
2018-05-02 14:15:58,10.2902,20400,0,-209920,0
2018-05-02 14:16:19,107.8621,20400,0,-2200387,0
2018-05-02 14:16:45,276.566,20415,0,-5646095,0
2018-05-02 14:16:51,0.8084,20430,0,-16516,0
2018-05-02 14:16:51,489.4,20430,0,-9998442,0
2018-05-02 14:17:46,87.9824,20410,0,1795721,1
2018-05-02 14:17:50,746.1331,20400,0,15221115,1
2018-05-02 14:17:50,50.8112,20400,0,1036548,1
2018-05-02 14:19:21,4.0527,20390,0,-82635,0
2018-05-02 14:19:21,489.5,20390,0,-9980905,0
2018-05-02 14:19:24,8.374e-05,20395,0,-2,0
2018-05-02 14:19:28,1006.4472,20410,0,-20541587,0
2018-05-02 14:19:46,398.7,20410,0,8137467,1
2018-05-02 14:23:01,68.3743,20410,0,1395519,1
2018-05-02 14:23:17,24.5245,20405,0,500422,1
2018-05-02 14:23:17,17.4882,20405,0,356847,1
2018-05-02 14:23:22,948.0301,20400,0,19339814,1
2018-05-02 14:23:22,2.0,20400,0,40800,1
2018-05-02 14:23:27,40.8829,20385,0,833398,1
2018-05-02 14:24:14,589.2334,20400,0,-12020361,0
2018-05-02 14:24:18,35.4716,20400,0,-723621,0
2018-05-02 14:24:18,21.4261,20400,0,-437092,0
2018-05-02 14:24:18,435.1143,20400,0,-8876332,0
2018-05-02 14:25:21,250.554,20370,0,5103785,1
2018-05-02 14:25:21,51.4583,20370,0,1048206,1
2018-05-02 14:25:21,36.2865,20370,0,739156,1
2018-05-02 14:25:24,1.0,20365,0,20365,1
2018-05-02 14:25:24,10.0,20365,0,203650,1
2018-05-02 14:25:25,104.7,20365,0,2132216,1
2018-05-02 14:25:25,230.3366,20365,0,4690805,1
2018-05-02 14:25:25,124.1959,20365,0,2529250,1
2018-05-02 14:25:25,21.7619,20365,0,443181,1
2018-05-02 14:25:25,1.1396,20365,0,23208,1
2018-05-02 14:25:29,1.4774,20355,0,30072,1
2018-05-02 14:25:29,10.0,20355,0,203550,1
2018-05-02 14:25:29,10.0,20355,0,203550,1
2018-05-02 14:25:29,38.4643,20355,0,782941,1
2018-05-02 14:25:32,6.0633,20350,0,123388,1
2018-05-02 14:25:33,10.0,20350,0,203500,1
2018-05-02 14:25:33,11.0726,20350,0,225327,1
2018-05-02 14:25:33,0.35,20350,0,7123,1
2018-05-02 14:25:33,50.0,20350,0,1017500,1
2018-05-02 14:25:33,85.3212,20350,0,1736286,1
2018-05-02 14:25:33,27.0638,20350,0,550748,1
2018-05-02 14:26:54,268.5674,20345,0,-5464004,0
2018-05-02 14:26:54,39.94,20345,0,-812579,0
2018-05-02 14:26:55,93.3178,20345,0,-1898551,0
2018-05-02 14:27:05,401.8252,20340,0,8173125,1
2018-05-02 14:28:03,42.2794,20290,0,-857849,0
2018-05-02 14:28:18,34.5505,20330,0,702412,1
2018-05-02 14:28:22,7.7289,20345,0,157244,1
2018-05-02 14:30:01,118.2198,20300,0,-2399862,0
2018-05-02 14:30:27,10.0,20300,0,203000,1
2018-05-02 14:30:32,50.1841,20285,0,1017984,1
2018-05-02 14:31:00,58.0357,20290,0,1177544,1
2018-05-02 14:34:00,7.5,20280,0,-152100,0
2018-05-02 14:34:00,96.53375956,20280,0,-1957705,0
2018-05-02 14:34:04,32.4264,20280,0,-657607,0
2018-05-02 14:34:11,3.201e-05,20300,0,-1,0
2018-05-02 14:35:52,483.46845922,20330,0,-9828914,0
2018-05-02 14:35:52,10.0,20330,0,-203300,0
2018-05-02 14:35:56,175.4681,20335,0,-3568144,0
2018-05-02 14:36:45,805.3967,20330,0,16373715,1
2018-05-02 14:36:48,10.7901,20340,0,-219471,0
2018-05-02 14:36:53,7.28e-05,20340,0,-1,0
2018-05-02 14:36:53,306.13562719,20340,0,-6226799,0
2018-05-02 14:37:04,25.8233,20325,0,-524859,0
2018-05-02 14:37:31,42.5763,20340,0,-866002,0
2018-05-02 14:37:31,35.6778,20340,0,-725686,0
2018-05-02 14:37:31,25.8233,20340,0,-525246,0
2018-05-02 14:37:35,966.69582946,20345,0,-19667427,0
2018-05-02 14:37:35,36.3767,20345,0,-740084,0
2018-05-02 14:37:35,1.0001,20345,0,-20347,0
2018-05-02 14:37:35,4.99997053,20345,0,-101724,0
2018-05-02 14:38:23,506.6025,20330,0,10299229,1
2018-05-02 14:38:30,6.9599,20325,0,141460,1
2018-05-02 14:38:30,6.3845,20325,0,129765,1
2018-05-02 14:38:34,935.9522,20320,0,19018549,1
2018-05-02 14:44:35,892.9114,20270,0,-18099314,0
2018-05-02 14:44:35,87.5751,20270,0,-1775147,0
2018-05-02 14:46:43,928.2937,20250,0,18797947,1
2018-05-02 14:46:47,10.0,20220,0,202200,1
2018-05-02 14:46:51,42.1928,20200,0,852295,1
2018-05-02 14:48:19,30.9038,20220,0,-624875,0
2018-05-02 14:48:54,30.9038,20200,0,624257,1
2018-05-02 14:53:49,210.0,20055,0,-4211550,0
2018-05-02 14:53:55,806.7886,20040,0,-16168044,0
2018-05-02 14:56:34,16.7886,20105,0,337535,1
2018-05-02 14:56:34,1000.0,20115,0,20115000,1
2018-05-02 15:00:06,7.4336,19890,0,-147854,0
2018-05-02 15:00:06,44.31658763,19890,0,-881457,0
2018-05-02 15:00:10,1448.2498,19935,0,-28870860,0
2018-05-02 15:01:45,392.4936,20120,0,7896971,1
2018-05-02 15:02:29,53.1772,20170,0,1072584,1
2018-05-02 15:03:36,142.9045,20130,0,2876668,1
2018-05-02 15:03:37,761.4247,20130,0,15327479,1
2018-05-02 15:03:37,150.0,20130,0,3019500,1
2018-05-02 15:03:53,42.7139,20100,0,-858549,0
2018-05-02 15:04:06,267.1188,20120,0,-5374430,0
2018-05-02 15:04:19,134.1351,20120,0,2698798,1
2018-05-02 15:04:24,175.6976,20115,0,3534157,1
2018-05-02 15:06:53,360.1962,20015,0,-7209327,0
2018-05-02 15:08:22,360.1962,20085,0,7234541,1
2018-05-02 15:08:51,3.0713,20070,0,-61641,0
2018-05-02 15:08:56,3.0713,20080,0,61672,1
2018-05-02 15:10:22,21.3616,20110,0,-429582,0
2018-05-02 15:10:26,396.57658535,20115,0,-7977138,0
2018-05-02 15:10:26,26.92521464,20115,0,-541601,0
2018-05-02 15:10:54,205.5224,20130,0,4137166,1
2018-05-02 15:12:51,46.4184,20160,0,935795,1
2018-05-02 15:12:55,17.4184,20155,0,351068,1
2018-05-02 15:12:55,27.1102,20155,0,546406,1
2018-05-02 15:12:55,0.225,20155,0,4535,1
2018-05-02 15:13:13,148.169,20170,0,2988569,1
2018-05-02 15:13:23,27.73613071,20230,0,-561102,0
2018-05-02 15:13:24,31.14626928,20230,0,-630089,0
2018-05-02 15:13:24,200.0,20230,0,-4046000,0
2018-05-02 15:13:36,65.4007,20270,0,-1325672,0
2018-05-02 15:13:40,324.2831,20230,0,6560247,1
2018-05-02 15:14:03,2.7,20290,0,-54783,0
2018-05-02 15:14:03,1.2,20290,0,-24348,0
2018-05-02 15:14:20,1.5,20295,0,-30443,0
2018-05-02 15:14:30,1.3,20310,0,-26403,0
2018-05-02 15:14:37,1.3,20315,0,-26410,0
2018-05-02 15:14:48,8.0,20315,0,162520,1
2018-05-02 15:23:08,69.35705829,20190,0,-1400319,0
2018-05-02 15:23:30,340.7765,20170,0,-6873462,0
2018-05-02 15:23:30,670.97962141,20170,0,-13533659,0
2018-05-02 15:23:30,0.99997858,20170,0,-20170,0
2018-05-02 15:24:01,146.2212,20155,0,2947088,1
2018-05-02 15:24:02,100.3721161,20155,0,2023000,1
2018-05-02 15:24:05,491.8007,20145,0,9907325,1
2018-05-02 15:24:13,157.9716,20125,0,3179178,1
2018-05-02 15:24:19,100.0,20105,0,2010500,1
2018-05-02 15:24:32,971.3462,20135,0,-19558056,0
2018-05-02 15:24:32,163.2139,20135,0,-3286312,0
2018-05-02 15:28:43,1220.3076,20230,0,24686823,1
2018-05-02 15:33:47,10.7866,20125,0,-217080,0
2018-05-02 15:34:45,373.6171,20125,0,-7519044,0
2018-05-02 15:34:45,6.2579,20125,0,-125940,0
2018-05-02 15:35:03,224.4637,20095,0,-4510598,0
2018-05-02 15:35:26,3.6398,20110,0,-73196,0
2018-05-02 15:36:10,881.2349,20115,0,-17726040,0
2018-05-02 15:37:31,342.8216,20095,0,6889000,1
2018-05-02 15:40:05,9.97,20060,0,199998,1
2018-05-02 15:40:16,10.0,20070,0,200700,1
2018-05-02 15:40:27,9.965,20085,0,200147,1
2018-05-02 15:40:31,47.5921,20065,0,954935,1
2018-05-02 15:43:00,714.2091,20075,0,14337748,1
2018-05-02 15:43:53,93.2874,20105,0,-1875543,0
2018-05-02 15:43:53,53.0,20105,0,-1065565,0
2018-05-02 15:44:09,510.6928,20120,0,10275139,1
2018-05-02 15:44:09,1.0368,20120,0,20860,1
2018-05-02 15:45:13,1500.0,20350,0,-30525000,0
2018-05-02 15:45:20,114.5837,20300,0,2326049,1
2018-05-02 15:45:24,136.8961,20300,0,2778991,1
2018-05-02 15:45:24,16.2757,20300,0,330397,1
2018-05-02 15:45:27,968.0013,20275,0,19626226,1
2018-05-02 15:45:32,147.8693,20270,0,2997311,1
2018-05-02 15:45:37,7.7,20265,0,156041,1
2018-05-02 15:45:47,10.2,20285,0,206907,1
2018-05-02 15:46:08,98.4739,20270,0,1996066,1
2018-05-02 15:46:18,98.8087,20285,0,-2004334,0
2018-05-02 15:46:21,529.7163,20295,0,-10750592,0
2018-05-02 15:46:25,134.51376748,20300,0,-2730629,0
2018-05-02 15:47:28,224.8205,20410,0,4588586,1
2018-05-02 15:47:29,61.838,20410,0,1262114,1
2018-05-02 15:47:39,2.3,20425,0,46978,1
2018-05-02 15:47:46,887.7657,20425,0,-18132614,0
2018-05-02 15:48:42,31.4705,20515,0,645617,1
2018-05-02 15:49:11,98.5076,20480,0,2017436,1
2018-05-02 15:49:11,41.0,20480,0,839680,1
2018-05-02 15:49:11,42.943,20480,0,879473,1
2018-05-02 15:49:11,245.25,20480,0,5022720,1
2018-05-02 15:49:45,902.6749,20505,0,18509349,1
2018-05-02 15:50:16,981.0878,20510,0,-20122111,0
2018-05-02 15:50:26,981.0878,20510,0,20122111,1
2018-05-02 15:51:03,499.25,20420,0,-10194685,0
2018-05-02 15:51:45,394.2,20470,0,8069274,1
2018-05-02 15:51:49,105.05,20450,0,2148273,1
2018-05-02 15:52:21,0.0801,20515,0,-1643,0
2018-05-02 15:52:22,3.7168,20515,0,-76250,0
2018-05-02 15:52:32,140.3882,20520,0,-2880766,0
2018-05-02 15:52:50,144.1851,20510,0,2957236,1
2018-05-02 15:55:26,8.6641,20445,0,-177138,0
2018-05-02 15:55:36,2.876e-05,20460,0,-1,0
2018-05-02 15:55:36,4.99997123,20460,0,-102299,0
2018-05-02 15:55:40,865.2888,20450,0,-17695156,0
2018-05-02 15:55:56,45.301,20415,0,924820,1
2018-05-02 15:55:56,127.0266,20415,0,2593248,1
2018-05-02 15:56:35,195.233,20365,0,3975920,1
2018-05-02 15:56:39,342.7617,20355,0,6976914,1
2018-05-02 15:56:39,168.6306,20355,0,3432476,1
2018-05-02 15:57:20,1500.0,20360,0,-30540000,0
2018-05-02 15:58:06,27.4697,20480,0,562579,1
2018-05-02 15:58:26,112.2307,20460,0,2296240,1
2018-05-02 15:58:26,67.9072,20460,0,1389381,1
2018-05-02 15:58:27,171.6829,20460,0,3512632,1
2018-05-02 15:58:31,97.6324,20475,0,1999023,1
2018-05-02 15:58:54,107.376,20435,0,2194229,1
2018-05-02 15:58:57,51.6038,20430,0,1054266,1
2018-05-02 15:59:01,335.0364,20465,0,6856520,1
2018-05-02 15:59:10,47.72139282,20500,0,-978289,0
2018-05-02 15:59:10,20.0,20500,0,-410000,0
2018-05-02 15:59:10,19.8868,20490,0,-407481,0
2018-05-02 15:59:10,883.33090717,20500,0,-18108284,0
2018-05-02 15:59:49,54.7008,20500,0,1121366,1
2018-05-02 15:59:50,53.0,20500,0,1086500,1
2018-05-02 15:59:54,214.9041,20475,0,4400161,1
2018-05-02 15:59:54,388.8858,20505,0,7974103,1
2018-05-02 16:00:02,153.6105,20470,0,3144407,1
2018-05-02 16:00:07,42.758,20510,0,876967,1
2018-05-02 16:00:09,907.8592,20470,0,-18583878,0
2018-05-02 16:00:37,20.35711903,20490,0,417117,1
2018-05-02 16:00:37,452.5711,20490,0,9273182,1
2018-05-02 16:01:17,108.9911,20460,0,2229958,1
2018-05-02 16:01:25,69.8232,20450,0,1427884,1
2018-05-02 16:01:25,100.0,20450,0,2045000,1
2018-05-02 16:01:48,3.0,20455,0,61365,1
2018-05-02 16:01:49,334.508,20455,0,6842361,1
2018-05-02 16:02:08,125.1575,20400,0,2553213,1
2018-05-02 16:02:08,285.592,20400,0,5826077,1
2018-05-02 16:02:21,58.09277081,20420,0,-1186254,0
2018-05-02 16:03:59,6.542e-05,20420,0,-1,0
2018-05-02 16:04:21,325.8082,20430,0,-6656262,0
2018-05-02 16:04:21,350.0,20430,0,-7150500,0
2018-05-02 16:04:26,227.76959562,20435,0,-4654472,0
2018-05-02 16:04:59,79.836,20430,0,1631049,1
2018-05-02 16:05:58,44.4982,20420,0,908653,1
2018-05-02 16:06:26,187.4208,20400,0,3823384,1
2018-05-02 16:06:27,201.0,20400,0,4100400,1
2018-05-02 16:06:47,293.7015,20380,0,5985637,1
2018-05-02 16:06:47,155.2141,20380,0,3163263,1
2018-05-02 16:08:12,285.0,20335,0,-5795475,0
2018-05-02 16:08:16,491.5146,20340,0,-9997407,0
2018-05-02 16:08:17,638.2461,20340,0,-12981926,0
2018-05-02 16:08:17,19.0392,20340,0,-387257,0
2018-05-02 16:12:10,1433.7999,20430,0,29292532,1
2018-05-02 16:15:46,9.8134,20400,0,-200193,0
2018-05-02 16:15:50,47.1289,20400,0,-961430,0
2018-05-02 16:16:14,56.9423,20380,0,1160484,1
2018-05-02 16:16:55,48.9639,20365,0,-997150,0
2018-05-02 16:19:13,68.07427311,20365,0,-1386333,0
2018-05-02 16:19:13,814.8044,20365,0,-16593492,0
2018-05-02 16:19:14,142.439,20365,0,-2900770,0
2018-05-02 16:20:50,38.0774,20395,0,776589,1
2018-05-02 16:23:31,41.2625,20425,0,842787,1
2018-05-02 16:25:49,391.3435,20620,0,8069503,1
2018-05-02 16:25:53,336.6485,20620,0,6941692,1
2018-05-02 16:25:53,29.1,20620,0,600042,1
2018-05-02 16:25:53,145.4898,20620,0,3000000,1
2018-05-02 16:25:53,1.517,20620,0,31281,1
2018-05-02 16:26:06,90.8429,20635,0,1874543,1
2018-05-02 16:26:49,100.0,20600,0,-2060000,0
2018-05-02 16:26:49,15.0,20600,0,-309000,0
2018-05-02 16:26:49,635.19373398,20600,0,-13084991,0
2018-05-02 16:27:17,534.3675,20660,0,11040033,1
2018-05-02 16:27:23,215.8262,20670,0,4461128,1
2018-05-02 16:35:20,291.5936,20640,0,-6018492,0
2018-05-02 16:35:46,291.5936,20660,0,6024324,1
2018-05-02 16:35:58,208.9629,20675,0,-4320308,0
2018-05-02 16:36:46,2.06708994,20670,0,42727,1
2018-05-02 16:36:56,206.8958,20670,0,4276536,1
2018-05-02 16:39:14,0.0001,20590,0,-2,0
2018-05-02 16:39:37,0.0001,20600,0,-2,0
2018-05-02 16:40:50,100.0,20610,0,-2061000,0
2018-05-02 16:41:14,100.0002,20610,0,2061004,1
2018-05-02 16:45:42,101.6663,20500,0,-2084159,0
2018-05-02 16:46:00,35.3993,20500,0,-725686,0
2018-05-02 16:46:24,137.0656,20520,0,2812586,1
2018-05-02 16:47:56,1500.0,20500,0,-30750000,0
2018-05-02 16:49:20,45.4761,20500,0,932260,1
2018-05-02 16:51:16,132.7916,20480,0,2719572,1
2018-05-02 16:51:17,1.0,20480,0,20480,1
2018-05-02 16:51:21,1320.7323,20475,0,27041994,1
2018-05-02 16:53:47,9.5063,20520,0,-195069,0
2018-05-02 16:53:54,2.3464,20520,0,-48148,0
2018-05-02 16:54:00,57.741,20595,0,-1189176,0
2018-05-02 16:54:07,185.553,20550,0,-3813114,0
2018-05-02 16:54:08,44.4222,20550,0,-912876,0
2018-05-02 16:54:08,10.28,20550,0,-211254,0
2018-05-02 16:54:11,2.0062,20550,0,-41227,0
2018-05-02 16:54:11,50.4291,20550,0,-1036318,0
2018-05-02 16:54:26,3.2591,20555,0,-66991,0
2018-05-02 16:54:30,2.4,20560,0,-49344,0
2018-05-02 16:54:30,3.1,20560,0,-63736,0
2018-05-02 16:55:40,305.6327,20570,0,-6286865,0
2018-05-02 16:55:54,48.1769,20570,0,990999,1
2018-05-02 16:56:50,628.4991,20570,0,12928226,1
2018-05-02 16:59:07,39.8251,20515,0,-817012,0
2018-05-02 16:59:56,2.2,20495,0,-45089,0
2018-05-02 17:00:02,5.0,20495,0,-102475,0
2018-05-02 17:00:14,251.7069,20500,0,-5159991,0
2018-05-02 17:00:36,1201.2679,20500,0,-24625992,0
2018-05-02 17:03:55,28.4817,20515,0,584302,1
2018-05-02 17:03:58,108.2701,20510,0,2220620,1
2018-05-02 17:04:02,57.741,20510,0,1184268,1
2018-05-02 17:04:06,115.2912,20500,0,2363470,1
2018-05-02 17:04:06,49.39414176,20500,0,1012580,1
2018-05-02 17:04:06,48.0,20500,0,984000,1
2018-05-02 17:04:07,48.8,20500,0,1000400,1
2018-05-02 17:04:07,138.9152,20500,0,2847762,1
2018-05-02 17:04:07,159.0602,20500,0,3260734,1
2018-05-02 17:04:08,238.30395823,20500,0,4885231,1
2018-05-02 17:04:08,1.0,20500,0,20500,1
2018-05-02 17:04:08,318.1344,20500,0,6521755,1
2018-05-02 17:04:08,185.3659,20500,0,3800001,1
2018-05-02 17:04:08,3.2422,20500,0,66465,1
2018-05-02 17:05:57,630.652,20490,0,-12922059,0
2018-05-02 17:05:57,869.348,20490,0,-17812941,0
2018-05-02 17:08:33,1500.0,20475,0,30712500,1
2018-05-02 17:11:51,1500.0,20355,0,-30532500,0
2018-05-02 17:12:23,92.6082,20310,0,1880873,1
2018-05-02 17:12:23,34.4684,20310,0,700053,1
2018-05-02 17:12:23,1.0,20310,0,20310,1
2018-05-02 17:12:24,826.1952,20310,0,16780025,1
2018-05-02 17:12:29,10.0,20320,0,203200,1
2018-05-02 17:12:29,0.8,20320,0,16256,1
2018-05-02 17:12:40,2.4136,20305,0,49008,1
2018-05-02 17:12:40,38.8633,20305,0,789119,1
2018-05-02 17:12:40,50.2438,20305,0,1020200,1
2018-05-02 17:12:40,43.5258,20305,0,883791,1
2018-05-02 17:12:40,300.0,20305,0,6091500,1
2018-05-02 17:12:40,1.8271,20305,0,37099,1
2018-05-02 17:12:40,98.0546,20305,0,1990999,1
2018-05-02 17:14:56,212.9831,20315,0,-4326752,0
2018-05-02 17:15:02,4.1,20290,0,-83189,0
2018-05-02 17:15:10,0.2,20285,0,4057,1
2018-05-02 17:15:16,216.8831,20290,0,4400558,1
2018-05-02 17:16:07,552.9448,20330,0,-11241368,0
2018-05-02 17:16:07,21.9451,20330,0,-446144,0
2018-05-02 17:16:11,21.78,20320,0,-442570,0
2018-05-02 17:17:03,903.3301,20330,0,-18364701,0
2018-05-02 17:20:01,0.1,20285,0,2029,1
2018-05-02 17:20:05,369.7731,20280,0,7498998,1
2018-05-02 17:20:05,173.2764,20280,0,3514045,1
2018-05-02 17:20:05,129.7,20280,0,2630316,1
2018-05-02 17:20:05,7.4412,20280,0,150908,1
2018-05-02 17:20:06,135.5878,20280,0,2749721,1
2018-05-02 17:20:44,244.8024,20280,0,4964593,1
2018-05-02 17:20:44,29.3254,20280,0,594719,1
2018-05-02 17:20:44,177.3,20280,0,3595644,1
2018-05-02 17:20:44,14.2722,20280,0,289440,1
2018-05-02 17:20:44,17.2142,20280,0,349104,1
2018-05-02 17:21:05,15.1001,20285,0,306306,1
2018-05-02 17:21:09,186.1072,20275,0,3773323,1
2018-05-02 17:21:37,23.84237707,20230,0,-482331,0
2018-05-02 17:21:49,559.2103,20235,0,-11315620,0
2018-05-02 17:21:49,299.7073,20235,0,-6064577,0
2018-05-02 17:22:38,400.0,20210,0,8084000,1
2018-05-02 17:22:38,340.5228,20210,0,6881966,1
2018-05-02 17:22:38,2.7527,20210,0,55632,1
2018-05-02 17:22:39,35.0974,20210,0,709318,1
2018-05-02 17:22:42,8.8,20205,0,177804,1
2018-05-02 17:22:42,66.0,20205,0,1333530,1
2018-05-02 17:22:47,29.587,20200,0,597657,1
2018-05-02 17:23:13,163.53063755,20200,0,-3303319,0
2018-05-02 17:23:27,3.8,20230,0,76874,1
2018-05-02 17:23:27,7.7,20230,0,155771,1
2018-05-02 17:24:29,1.5,20205,0,30308,1
2018-05-02 17:24:29,10.0,20205,0,202050,1
2018-05-02 17:24:30,1.8253,20205,0,36880,1
2018-05-02 17:24:30,10.0,20205,0,202050,1
2018-05-02 17:24:34,128.7054,20195,0,2599206,1
2018-05-02 17:25:34,6.459,20210,0,-130536,0
2018-05-02 17:25:40,275.13269574,20220,0,-5563183,0
2018-05-02 17:25:52,470.5795,20230,0,-9519823,0
2018-05-02 17:25:52,126.541,20230,0,-2559924,0
2018-05-02 17:26:38,101.6,20275,0,2059940,1
2018-05-02 17:26:49,777.1122,20255,0,15740408,1
2018-05-02 17:27:21,5.0,20230,0,-101150,0
2018-05-02 17:28:36,5.0,20225,0,101125,1
2018-05-02 17:30:26,905.23233331,20215,0,-18299272,0
2018-05-02 17:33:36,38.0774968,20350,0,774877,1
2018-05-02 17:33:54,343.8676,20360,0,7001144,1
2018-05-02 17:33:58,23.6721,20370,0,482201,1
2018-05-02 17:34:15,52.8449,20365,0,1076186,1
2018-05-02 17:34:29,0.5,20365,0,10183,1
2018-05-02 17:34:51,14.0489,20355,0,-285965,0
2018-05-02 17:35:29,102.6647,20350,0,2089227,1
2018-05-02 17:36:26,357.6544,20360,0,7281844,1
2018-05-02 17:43:44,38.7829,20235,0,-784772,0
2018-05-02 17:44:32,9.49e-05,20230,0,-2,0
2018-05-02 17:44:36,4.9067,20240,0,-99312,0
2018-05-02 17:44:36,90.1138,20240,0,-1823903,0
2018-05-02 17:44:39,49.4,20260,0,-1000844,0
2018-05-02 17:44:39,40.0992,20260,0,-812410,0
2018-05-02 17:45:10,61.2599,20270,0,-1241738,0
2018-05-02 17:45:10,150.0,20270,0,-3040500,0
2018-05-02 17:45:14,165.8666,20285,0,-3364604,0
2018-05-02 17:47:14,199.2657,20275,0,4040112,1
2018-05-02 17:48:41,126.6291,20270,0,-2566772,0
2018-05-02 17:48:47,329.99992533,20270,0,-6689098,0
2018-05-02 17:48:47,7.466e-05,20270,0,-2,0
2018-05-02 17:49:55,857.7926,20235,0,17357433,1
2018-05-02 17:51:11,433.61884739,20215,0,-8765605,0
2018-05-02 17:51:24,91.246,20225,0,1845450,1
2018-05-02 17:52:30,71.0281,20305,0,-1442226,0
2018-05-02 17:53:00,227.3691,20285,0,4612182,1
2018-05-02 17:54:08,52.8106,20300,0,-1072055,0
2018-05-02 17:54:09,35.0567,20300,0,-711651,0
2018-05-02 17:54:09,1.1266,20300,0,-22870,0
2018-05-02 17:54:14,187.6219,20330,0,-3814353,0
2018-05-02 17:54:14,0.1476,20330,0,-3001,0
2018-05-02 17:54:14,9.99995494,20330,0,-203299,0
2018-05-02 17:54:14,138.03594505,20330,0,-2806271,0
2018-05-02 17:56:09,610.8311,20305,0,12402925,1
2018-05-02 17:56:44,15.7178,20335,0,-319621,0
2018-05-02 17:56:44,31.0974,20335,0,-632366,0
2018-05-02 17:57:03,46.8152,20335,0,951987,1
2018-05-02 18:01:07,31.64907254,20400,0,-645641,0
2018-05-02 18:01:08,227.8,20400,0,-4647120,0
2018-05-02 18:01:25,0.3496,20390,0,7128,1
2018-05-02 18:01:47,24.5088,20380,0,499489,1
2018-05-02 18:01:52,33.585,20380,0,684462,1
2018-05-02 18:02:06,201.0057,20350,0,4090466,1
2018-05-02 18:08:05,44.4153,20340,0,-903407,0
2018-05-02 18:08:44,0.1738,20375,0,3541,1
2018-05-02 18:08:57,44.2415,20345,0,900093,1
2018-05-02 18:15:19,117.9511,20385,0,-2404433,0
2018-05-02 18:15:46,117.9511,20350,0,2400305,1
2018-05-02 18:17:18,106.2522,20345,0,-2161701,0
2018-05-02 18:17:21,663.5179,20360,0,-13509224,0
2018-05-02 18:17:35,5.4161,20310,0,110001,1
2018-05-02 18:17:36,50.5194,20310,0,1026049,1
2018-05-02 18:17:36,117.6489,20310,0,2389449,1
2018-05-02 18:17:43,299.0365,20275,0,-6062965,0
2018-05-02 18:18:34,24.5682,20285,0,498366,1
2018-05-02 18:19:00,210.0,20240,0,4250400,1
2018-05-02 18:19:00,114.469,20240,0,2316853,1
2018-05-02 18:19:00,299.5277,20240,0,6062441,1
2018-05-02 18:19:04,73.3943,20260,0,1486969,1
2018-05-02 18:19:14,173.263,20270,0,3512041,1
2018-05-02 18:19:49,287.4538,20220,0,-5812316,0
2018-05-02 18:20:37,287.4538,20315,0,5839624,1
2018-05-02 18:20:53,40.516,20330,0,-823690,0
2018-05-02 18:20:53,273.03097732,20330,0,-5550720,0
2018-05-02 18:20:57,61.3959,20350,0,-1249407,0
2018-05-02 18:21:31,83.6882,20340,0,1702218,1
2018-05-02 18:22:07,291.2547,20320,0,5918296,1
2018-05-02 18:23:33,1500.0,20300,0,-30450000,0
2018-05-02 18:25:15,500.0,20290,0,10145000,1
2018-05-02 18:25:15,417.4304,20290,0,8469663,1
2018-05-02 18:25:19,582.5696,20285,0,11817424,1
2018-05-02 18:27:17,1500.0,20230,0,-30345000,0
2018-05-02 18:30:19,928.92,20265,0,18824564,1
2018-05-02 18:30:19,2.725,20265,0,55222,1
2018-05-02 18:30:20,30.0,20265,0,607950,1
2018-05-02 18:30:20,3.6359,20265,0,73682,1
2018-05-02 18:30:20,60.0,20265,0,1215900,1
2018-05-02 18:30:25,474.7191,20270,0,9622556,1
2018-05-02 18:31:17,9.851e-05,20260,0,-2,0
2018-05-02 18:31:21,36.0886,20270,0,-731516,0
2018-05-02 18:31:21,27.5,20270,0,-557425,0
2018-05-02 18:31:21,122.8783,20270,0,-2490743,0
2018-05-02 18:31:21,430.0115,20270,0,-8716333,0
2018-05-02 18:31:25,273.7,20280,0,-5550636,0
2018-05-02 18:31:26,219.1,20280,0,-4443348,0
2018-05-02 18:31:26,0.1999,20280,0,-4054,0
2018-05-02 18:33:38,1109.4784,20305,0,22527959,1
2018-05-02 18:38:01,150.0,20380,0,-3057000,0
2018-05-02 18:38:06,15.1563,20400,0,-309189,0
2018-05-02 18:38:06,49.3103,20400,0,-1005930,0
2018-05-02 18:38:06,7.8042,20400,0,-159206,0
2018-05-02 18:38:06,585.4888,20400,0,-11943972,0
2018-05-02 18:38:26,317.0793,20400,0,6468418,1
2018-05-02 18:39:13,0.7,20350,0,14245,1
2018-05-02 18:39:23,35.8718,20350,0,-729991,0
2018-05-02 18:40:06,44.2728,20370,0,901837,1
2018-05-02 18:40:22,33.3174,20370,0,678675,1
2018-05-02 18:40:56,448.2619,20385,0,9137819,1
2018-05-02 18:45:32,58.303,20315,0,-1184425,0
2018-05-02 18:45:55,58.303,20310,0,1184134,1
2018-05-02 18:47:48,35.0376,20325,0,-712139,0
2018-05-02 18:48:08,35.0376,20320,0,711964,1
2018-05-02 18:49:32,50.4197,20275,0,-1022259,0
2018-05-02 18:49:45,0.3049,20310,0,-6193,0
2018-05-02 18:49:57,133.1,20315,0,-2703927,0
2018-05-02 18:51:18,526.2451,20295,0,-10680144,0
2018-05-02 18:52:07,638.06848473,20310,0,12959171,1
2018-05-02 18:53:28,24.6573,20280,0,500050,1
2018-05-02 18:53:29,47.3439,20275,0,959898,1
2018-05-02 18:54:12,194.1206,20375,0,-3955207,0
2018-05-02 18:54:12,31.2761,20375,0,-637251,0
2018-05-02 18:54:19,225.3967,20395,0,4596966,1
2018-05-02 18:56:46,44.2,20350,0,-899470,0
2018-05-02 18:56:58,6.2,20385,0,126387,1
2018-05-02 18:57:35,38.0,20375,0,774250,1
2018-05-02 18:59:52,454.2221,20350,0,-9243420,0
2018-05-02 18:59:56,754.126,20345,0,-15342693,0
2018-05-02 19:06:50,1003.4105,20385,0,20454523,1
2018-05-02 19:07:23,30.1102,20435,0,-615302,0
2018-05-02 19:07:28,1.12151751,20435,0,-22918,0
2018-05-02 19:07:44,14.1,20470,0,-288627,0
2018-05-02 19:07:44,4.1,20470,0,-83927,0
2018-05-02 19:07:45,13.8939,20470,0,-284408,0
2018-05-02 19:07:48,5.4215,20475,0,-111005,0
2018-05-02 19:07:55,472.2571,20495,0,-9678909,0
2018-05-02 19:08:17,745.9418,20475,0,15273158,1
2018-05-02 19:08:53,26.8601,20455,0,-549423,0
2018-05-02 19:09:19,26.8601,20490,0,550363,1
2018-05-02 19:09:39,151.0694,20525,0,-3100699,0
2018-05-02 19:09:40,187.6219,20525,0,-3850939,0
2018-05-02 19:09:44,398.3088,20530,0,-8177280,0
2018-05-02 19:09:47,13.9135,20535,0,-285714,0
2018-05-02 19:10:53,543.8834,20530,0,11165926,1
2018-05-02 19:10:53,10.0,20530,0,205300,1
2018-05-02 19:10:53,59.0,20530,0,1211270,1
2018-05-02 19:11:06,113.164,20500,0,2319862,1
2018-05-02 19:11:06,3.5569,20500,0,72916,1
2018-05-02 19:11:06,21.3093,20500,0,436841,1
2018-05-02 19:11:15,137.7587,20520,0,-2826809,0
2018-05-02 19:11:15,139.8775,20520,0,-2870286,0
2018-05-02 19:11:29,230.3259,20545,0,-4732046,0
2018-05-02 19:11:39,6.0,20545,0,-123270,0
2018-05-02 19:11:49,24.1663,20550,0,496617,1
2018-05-02 19:12:19,38.6428,20520,0,792950,1
2018-05-02 19:12:19,115.4445,20520,0,2368921,1
2018-05-02 19:12:19,42.8544,20520,0,879372,1
2018-05-02 19:12:19,135.6978,20520,0,2784519,1
2018-05-02 19:13:03,21.4422,20600,0,-441709,0
2018-05-02 19:13:03,29.1262,20600,0,-600000,0
2018-05-02 19:13:05,5.5936,20600,0,-115228,0
2018-05-02 19:13:09,29.8804,20625,0,-616283,0
2018-05-02 19:13:09,15.0,20625,0,-309375,0
2018-05-02 19:13:27,258.1987,20630,0,5326639,1
2018-05-02 19:14:19,122.7656,20700,0,-2541248,0
2018-05-02 19:14:19,110.1601,20700,0,-2280314,0
2018-05-02 19:14:20,3.7226,20700,0,-77058,0
2018-05-02 19:14:20,2.0,20700,0,-41400,0
2018-05-02 19:14:20,46.8669,20700,0,-970145,0
2018-05-02 19:14:25,107.629,20700,0,-2227920,0
2018-05-02 19:14:36,178.9217,20720,0,-3707258,0
2018-05-02 19:14:36,39.41312741,20720,0,-816640,0
2018-05-02 19:14:36,210.1302,20720,0,-4353898,0
2018-05-02 19:14:36,678.39077258,20720,0,-14056257,0
2018-05-02 19:14:50,144.847,20660,0,2992539,1
2018-05-02 19:14:51,98.45,20660,0,2033977,1
2018-05-02 19:14:51,210.0,20660,0,4338600,1
2018-05-02 19:14:55,337.0605,20665,0,6965355,1
2018-05-02 19:14:59,65.089,20645,0,1343762,1
2018-05-02 19:15:09,2.32850919,20660,0,-48107,0
2018-05-02 19:15:09,2.0,20660,0,-41320,0
2018-05-02 19:15:09,15.0,20660,0,-309900,0
2018-05-02 19:15:09,2.5,20660,0,-51650,0
2018-05-02 19:15:09,1.6999908,20660,0,-35122,0
2018-05-02 19:15:59,570.3022,20625,0,-11762483,0
2018-05-02 19:16:14,42.9766,20670,0,888326,1
2018-05-02 19:17:35,1195.4076,20560,0,24577580,1
2018-05-02 19:17:46,19.0475,20630,0,-392950,0
2018-05-02 19:17:50,19.0475,20670,0,393712,1
2018-05-02 19:20:38,1500.0,20580,0,-30870000,0
2018-05-02 19:21:18,0.1,20565,0,2057,1
2018-05-02 19:21:55,140.597,20555,0,2889971,1
2018-05-02 19:21:59,47.8858,20555,0,984293,1
2018-05-02 19:21:59,2.0,20555,0,41110,1
2018-05-02 19:22:24,1309.4172,20580,0,26947806,1
2018-05-02 19:24:57,394.7688,20510,0,-8096708,0
2018-05-02 19:24:57,822.69030851,20510,0,-16873378,0
2018-05-02 19:26:33,70.0,20510,0,1435700,1
2018-05-02 19:27:11,20.794,20545,0,427213,1
2018-05-02 19:29:06,1126.6652,20455,0,23045937,1
2018-05-02 19:29:34,868.99739339,20450,0,-17770997,0
2018-05-02 19:29:58,868.9974,20475,0,17792722,1
2018-05-02 19:31:50,44.9843,20485,0,-921503,0
2018-05-02 19:32:16,1021.183,20510,0,-20944463,0
2018-05-02 19:32:16,49.263,20510,0,-1010384,0
2018-05-02 19:32:33,7.0,20515,0,143605,1
2018-05-02 19:32:33,219.2226,20515,0,4497352,1
2018-05-02 19:33:14,889.2077,20500,0,18228758,1
2018-05-02 19:36:47,227.65,20490,0,-4664549,0
2018-05-02 19:36:55,83.7027,20520,0,-1717579,0
2018-05-02 19:36:56,226.3741,20520,0,-4645197,0
2018-05-02 19:36:59,531.5604,20510,0,-10902304,0
2018-05-02 19:37:15,10.0,20510,0,205100,1
2018-05-02 19:37:53,167.1596,20510,0,3428443,1
2018-05-02 19:37:53,166.3014,20510,0,3410842,1
2018-05-02 19:37:57,69.0801,20505,0,1416487,1
2018-05-02 19:38:01,10.0,20495,0,204950,1
2018-05-02 19:38:35,160.0,20520,0,-3283200,0
2018-05-02 19:40:51,353.0338,20505,0,7238958,1
2018-05-02 19:41:33,25.216,20500,0,516928,1
2018-05-02 19:42:40,1071.5037,20480,0,-21944396,0
2018-05-02 19:46:30,1.0,20480,0,20480,1
2018-05-02 19:46:30,5.0,20480,0,102400,1
2018-05-02 19:46:30,43.7764,20480,0,896541,1
2018-05-02 19:46:37,0.1,20475,0,2048,1
2018-05-02 19:46:38,918.49,20465,0,18796898,1
2018-05-02 19:46:42,14.2456,20455,0,291394,1
2018-05-02 19:46:42,1.0687,20455,0,21860,1
2018-05-02 19:46:42,35.3771,20455,0,723639,1
2018-05-02 19:46:42,14.0,20455,0,286370,1
2018-05-02 19:46:42,2.8007,20455,0,57288,1
2018-05-02 19:46:42,35.4382,20455,0,724888,1
2018-05-02 19:46:43,428.7033,20455,0,8769126,1
2018-05-02 19:47:14,307.3462,20440,0,-6282156,0
2018-05-02 19:47:32,402.9419,20435,0,-8234118,0
2018-05-02 19:47:40,209.3141,20440,0,-4278380,0
2018-05-02 19:48:12,120.8027,20450,0,2470415,1
2018-05-02 19:48:28,798.7995,20435,0,16323468,1
2018-05-02 19:49:36,220.4035,20425,0,-4501741,0
2018-05-02 19:49:49,10.08,20400,0,205632,1
2018-05-02 19:49:49,20.0,20400,0,408000,1
2018-05-02 19:49:49,190.3235,20400,0,3882599,1
2018-05-02 19:50:53,57.734,20400,0,-1177774,0
2018-05-02 19:51:29,63.8629,20425,0,-1304400,0
2018-05-02 19:51:33,4.4629,20435,0,-91199,0
2018-05-02 19:52:43,12.94921839,20440,0,264682,1
2018-05-02 19:53:00,20.7282,20415,0,423166,1
2018-05-02 19:53:00,14.9403,20415,0,305006,1
2018-05-02 19:53:01,77.442,20415,0,1580978,1
2018-05-02 19:54:12,1500.0,20410,0,-30615000,0
2018-05-02 19:55:57,1500.0,20405,0,30607500,1
2018-05-02 20:00:13,16.1132,20420,0,-329032,0
2018-05-02 20:00:48,65.4813,20440,0,-1338438,0
2018-05-02 20:01:12,64.3358,20445,0,1315345,1
2018-05-02 20:01:36,12.8581,20435,0,262755,1
2018-05-02 20:03:46,12.8388,20430,0,-262297,0
2018-05-02 20:06:32,49.8817,20445,0,-1019831,0
2018-05-02 20:06:58,839.70416675,20485,0,-17201340,0
2018-05-02 20:08:32,26.5213,20510,0,543952,1
2018-05-02 20:08:32,10.8337,20510,0,222199,1
2018-05-02 20:08:53,83.3071,20495,0,1707379,1
2018-05-02 20:08:53,16.6076,20495,0,340373,1
2018-05-02 20:11:28,201.8125,20545,0,4146238,1
2018-05-02 20:11:50,91.6537,20530,0,-1881650,0
2018-05-02 20:11:54,634.822,20535,0,-13036070,0
2018-05-02 20:12:39,116.693,20505,0,2392790,1
2018-05-02 20:12:39,117.8256,20505,0,2416014,1
2018-05-02 20:12:39,317.9161,20505,0,6518870,1
2018-05-02 20:12:39,669.3,20505,0,13723997,1
2018-05-02 20:12:39,72.4841,20505,0,1486286,1
2018-05-02 20:19:45,260.37160762,20460,0,-5327203,0
2018-05-02 20:19:45,52.4149,20460,0,-1072409,0
2018-05-02 20:19:45,523.0107,20460,0,-10700799,0
2018-05-02 20:19:46,49.99999237,20460,0,-1023000,0
2018-05-02 20:20:52,97.68,20475,0,1999998,1
2018-05-02 20:20:56,40.8272,20475,0,835937,1
2018-05-02 20:21:32,48.962,20505,0,1003966,1
2018-05-02 20:21:41,5.3216,20510,0,109146,1
2018-05-02 20:21:47,13.82634146,20500,0,283440,1
2018-05-02 20:21:47,57.77,20500,0,1184285,1
2018-05-02 20:21:51,10.0,20490,0,204900,1
2018-05-02 20:21:55,4.6717,20510,0,95817,1
2018-05-02 20:22:16,34.0595,20510,0,698560,1
2018-05-02 20:23:03,572.6789,20545,0,11765688,1
2018-05-02 20:23:51,97.2083,20575,0,-2000061,0
2018-05-02 20:23:51,20.0,20575,0,-411500,0
2018-05-02 20:23:51,80.0335,20575,0,-1646689,0
2018-05-02 20:23:51,21.123,20575,0,-434606,0
2018-05-02 20:24:01,628.8773,20590,0,-12948584,0
2018-05-02 20:24:44,97.1581,20585,0,1999999,1
2018-05-02 20:24:53,8.5159,20580,0,175257,1
2018-05-02 20:24:54,63.15,20580,0,1299627,1
2018-05-02 20:25:03,86.3159,20575,0,1775950,1
2018-05-02 20:25:04,214.9,20575,0,4421568,1
2018-05-02 20:25:59,2.0,20570,0,41140,1
2018-05-02 20:26:07,225.6886,20560,0,4640158,1
2018-05-02 20:26:07,149.5136,20560,0,3074000,1
2018-05-02 20:27:47,180.9164,20515,0,-3711500,0
2018-05-02 20:27:58,150.6992,20515,0,3091594,1
2018-05-02 20:27:59,0.5,20515,0,10258,1
2018-05-02 20:27:59,29.7172,20515,0,609648,1
2018-05-02 20:31:37,183.6909,20490,0,-3763827,0
2018-05-02 20:31:48,8.0902,20490,0,-165768,0
2018-05-02 20:32:22,762.179,20505,0,-15628480,0
2018-05-02 20:32:39,709.8742,20505,0,14555970,1
2018-05-02 20:32:57,89.4906,20510,0,1835452,1
2018-05-02 20:33:13,154.5953,20485,0,3166885,1
2018-05-02 20:35:13,189.0349928,20500,0,-3875217,0
2018-05-02 20:35:13,108.91140719,20500,0,-2232684,0
2018-05-02 20:36:16,239.5071,20490,0,-4907500,0
2018-05-02 20:36:20,2.312,20500,0,-47396,0
2018-05-02 20:36:20,21.54527317,20500,0,-441678,0
2018-05-02 20:36:20,31.7073,20500,0,-650000,0
2018-05-02 20:36:31,41.431,20515,0,-849957,0
2018-05-02 20:38:00,2.1826,20500,0,-44743,0
2018-05-02 20:39:20,5.0,20530,0,102650,1
2018-05-02 20:39:37,56.7655,20530,0,1165396,1
2018-05-02 20:40:42,563.06720301,20530,0,-11559770,0
2018-05-02 20:40:42,100.0,20530,0,-2053000,0
2018-05-02 20:40:42,262.06669698,20530,0,-5380229,0
2018-05-02 20:41:21,1500.0,20550,0,30825000,1
2018-05-02 20:42:52,1218.15716576,20535,0,-25014857,0
2018-05-02 20:42:52,281.84283423,20535,0,-5787643,0
2018-05-02 20:44:54,312.4559,20580,0,6430342,1
2018-05-02 20:44:54,1177.8393,20580,0,24239933,1
2018-05-02 20:44:54,9.7048,20580,0,199725,1
2018-05-02 20:46:24,56.2261,20600,0,-1158258,0
2018-05-02 20:46:24,423.9104,20600,0,-8732554,0
2018-05-02 20:46:25,51.1495,20600,0,-1053680,0
2018-05-02 20:46:25,10.0094,20600,0,-206194,0
2018-05-02 20:46:30,677.45022968,20610,0,-13962249,0
2018-05-02 20:46:50,1218.7457,20615,0,25124443,1
2018-05-02 20:49:52,18.832,20550,0,-386998,0
2018-05-02 20:49:52,192.2643,20550,0,-3951031,0
2018-05-02 20:49:52,6.924,20550,0,-142288,0
2018-05-02 20:49:52,8.0,20550,0,-164400,0
2018-05-02 20:50:18,193.075,20550,0,-3967691,0
2018-05-02 20:50:18,5.0,20550,0,-102750,0
2018-05-02 20:50:18,4.978,20550,0,-102298,0
2018-05-02 20:50:19,458.8331,20550,0,-9429020,0
2018-05-02 20:51:37,0.1625,20545,0,3339,1
2018-05-02 20:52:23,1.2105,20535,0,24858,1
2018-05-02 20:52:24,0.1,20535,0,2054,1
2018-05-02 20:52:29,886.4334,20530,0,18198478,1
2018-05-02 20:53:32,9.69,20540,0,-199033,0
2018-05-02 20:54:34,9.69,20530,0,198936,1
2018-05-02 20:56:17,0.92422283,20495,0,-18942,0
2018-05-02 20:56:21,1499.0758,20500,0,-30731054,0
2018-05-02 20:58:35,24.3783,20510,0,499999,1
2018-05-02 20:58:40,11.2167,20500,0,229942,1
2018-05-02 20:58:40,48.7804,20500,0,999998,1
2018-05-02 20:58:40,1415.6246,20500,0,29020304,1
2018-05-02 20:59:49,25.0,20495,0,-512375,0
2018-05-02 21:00:15,1.0,20490,0,20490,1
2018-05-02 21:00:21,24.0,20475,0,491400,1
2018-05-02 21:01:08,897.4969,20525,0,-18421124,0
2018-05-02 21:01:09,146.974,20525,0,-3016641,0
2018-05-02 21:01:09,1.0,20525,0,-20525,0
2018-05-02 21:02:32,415.4146,20540,0,8532616,1
2018-05-02 21:03:14,49.5579,20545,0,1018167,1
2018-05-02 21:03:14,122.6936,20545,0,2520740,1
2018-05-02 21:04:35,457.8048,20490,0,9380420,1
2018-05-02 21:04:58,10.0,20480,0,-204800,0
2018-05-02 21:05:04,1490.0,20500,0,-30545000,0
2018-05-02 21:06:11,27.0738,20480,0,554471,1
2018-05-02 21:06:11,595.5242,20480,0,12196336,1
2018-05-02 21:06:12,465.1,20480,0,9525248,1
2018-05-02 21:06:26,3.1046,20460,0,63520,1
2018-05-02 21:06:27,1.0001,20460,0,20462,1
2018-05-02 21:06:27,192.782,20460,0,3944320,1
2018-05-02 21:06:27,214.6449,20460,0,4391635,1
2018-05-02 21:06:27,0.7704,20460,0,15762,1
2018-05-02 21:07:02,3.3,20425,0,-67403,0
2018-05-02 21:07:34,3.3,20390,0,67287,1
2018-05-02 21:08:24,0.0001,20440,0,-2,0
2018-05-02 21:09:18,167.4,20445,0,-3422493,0
2018-05-02 21:09:18,1032.1092,20445,0,-21101473,0
2018-05-02 21:11:35,156.3879,20335,0,3180148,1
2018-05-02 21:11:35,0.3,20335,0,6101,1
2018-05-02 21:11:41,91.4715,20330,0,1859616,1
2018-05-02 21:11:41,800.5709,20330,0,16275606,1
2018-05-02 21:11:44,0.0049,20335,0,100,1
2018-05-02 21:11:48,150.7741,20325,0,3064484,1
2018-05-02 21:13:04,0.0001,20330,0,-2,0
2018-05-02 21:13:07,836.7598,20340,0,-17019694,0
2018-05-02 21:13:07,100.0,20340,0,-2034000,0
2018-05-02 21:13:07,0.3745,20340,0,-7617,0
2018-05-02 21:17:29,48.5195,20360,0,987857,1
2018-05-02 21:18:41,759.67147688,20400,0,15497298,1
2018-05-02 21:19:04,74.8381,20395,0,1526323,1
2018-05-02 21:19:55,54.1053,20370,0,1102125,1
2018-05-02 21:20:39,535.5,20390,0,-10918845,0
2018-05-02 21:21:31,98.1,20365,0,1997807,1
2018-05-02 21:21:31,1.5,20365,0,30548,1
2018-05-02 21:21:34,49.1038,20365,0,999999,1
2018-05-02 21:21:38,386.7962,20360,0,7875171,1
2018-05-02 21:24:24,38.9744,20370,0,-793909,0
2018-05-02 21:24:38,1461.0256,20375,0,-29768397,0
2018-05-02 21:25:33,203.1259,20350,0,4133612,1
2018-05-02 21:25:33,759.2244,20350,0,15450217,1
2018-05-02 21:25:33,536.7203,20350,0,10922258,1
2018-05-02 21:25:33,0.9294,20350,0,18913,1
2018-05-02 21:28:29,404.8743,20320,0,-8227046,0
2018-05-02 21:29:05,81.3184,20300,0,1650764,1
2018-05-02 21:29:06,5.0,20300,0,101500,1
2018-05-02 21:29:06,12.3152,20300,0,249999,1
2018-05-02 21:29:06,5.1951,20300,0,105461,1
2018-05-02 21:29:06,50.0,20300,0,1015000,1
2018-05-02 21:29:08,36.1643,20290,0,733774,1
2018-05-02 21:29:13,50.0,20280,0,1014000,1
2018-05-02 21:29:13,164.8813,20280,0,3343793,1
2018-05-02 21:29:58,15.0,20350,0,-305250,0
2018-05-02 21:30:21,6.2416,20325,0,-126861,0
2018-05-02 21:31:13,333.5283742,20360,0,-6790638,0
2018-05-02 21:31:21,147.6695,20350,0,-3005074,0
2018-05-02 21:31:31,20.2,20380,0,-411676,0
2018-05-02 21:31:58,321.62,20360,0,6548183,1
2018-05-02 21:33:11,8.3,20385,0,-169196,0
2018-05-02 21:36:19,0.0001,20415,0,-2,0
2018-05-02 21:36:23,10.0,20430,0,-204300,0
2018-05-02 21:36:27,9.0481,20430,0,-184853,0
2018-05-02 21:36:31,993.8398,20415,0,-20289240,0
2018-05-02 21:38:34,39.42102359,20425,0,805174,1
2018-05-02 21:41:49,79.8354,20405,0,1629041,1
2018-05-02 21:43:27,144.7653,20390,0,2951764,1
2018-05-02 21:43:27,64.9,20390,0,1323311,1
2018-05-02 21:43:27,0.1,20390,0,2039,1
2018-05-02 21:43:31,21.0,20390,0,428190,1
2018-05-02 21:44:30,7.39,20385,0,150645,1
2018-05-02 21:44:30,241.6997,20385,0,4927048,1
2018-05-02 21:44:30,190.2331,20385,0,3877902,1
2018-05-02 21:44:31,180.001,20385,0,3669320,1
2018-05-02 21:44:31,222.1301,20385,0,4528122,1
2018-05-02 21:44:34,30.7319,20375,0,626162,1
2018-05-02 21:48:29,8.9669,20320,0,-182207,0
2018-05-02 21:49:31,8.9669,20310,0,182118,1
2018-05-02 21:49:53,50.0499,20330,0,-1017514,0
2018-05-02 21:49:53,21.91654133,20330,0,-445563,0
2018-05-02 21:50:01,707.0484,20335,0,-14377829,0
2018-05-02 21:52:24,538.9928,20305,0,10944249,1
2018-05-02 21:52:30,39.9999,20290,0,811598,1
2018-05-02 21:52:30,5.0,20290,0,101450,1
2018-05-02 21:52:42,103.2176,20285,0,2093769,1
2018-05-02 21:52:42,91.8045,20285,0,1862254,1
2018-05-02 21:53:35,7.268e-05,20220,0,-1,0
2018-05-02 21:53:39,490.0,20255,0,-9924950,0
2018-05-02 21:53:39,9.7,20255,0,-196474,0
2018-05-02 21:53:52,277.7551,20225,0,-5617597,0
2018-05-02 21:54:19,32.1497,20220,0,650067,1
2018-05-02 21:54:19,233.2531,20220,0,4716378,1
2018-05-02 21:54:19,18.6486,20220,0,377075,1
2018-05-02 21:54:25,493.4038,20220,0,9976625,1
2018-05-02 21:57:12,27.07044477,20210,0,-547094,0
2018-05-02 21:57:16,46.5233,20210,0,-940236,0
2018-05-02 21:57:16,148.10000868,20210,0,-2993101,0
2018-05-02 21:57:16,27.259,20210,0,-550904,0
2018-05-02 21:57:16,2.29999131,20210,0,-46483,0
2018-05-02 21:57:21,369.4818,20220,0,-7470922,0
2018-05-02 21:57:28,7.7,20220,0,155694,1
2018-05-02 21:57:28,1.5,20220,0,30330,1
2018-05-02 21:57:28,1.0,20220,0,20220,1
2018-05-02 21:57:43,610.5345,20210,0,12338902,1
2018-05-02 22:02:06,1.1269,20115,0,-22668,0
2018-05-02 22:03:04,1.1269,20070,0,22617,1
2018-05-02 22:04:58,8.003e-05,20085,0,-2,0
2018-05-02 22:05:29,557.3681,20100,0,-11203099,0
2018-05-02 22:05:34,10.0,20140,0,-201400,0
2018-05-02 22:06:35,310.9833,20140,0,6263204,1
2018-05-02 22:07:00,246.22440477,20120,0,-4954035,0
2018-05-02 22:07:00,9.522e-05,20120,0,-2,0
2018-05-02 22:09:28,30.0,20105,0,603150,1
2018-05-02 22:09:28,57.0,20105,0,1145985,1
2018-05-02 22:09:40,347.6639,20170,0,-7012381,0
2018-05-02 22:09:40,344.2007,20170,0,-6942528,0
2018-05-02 22:10:38,333.0227,20170,0,6717068,1
2018-05-02 22:10:38,1.0,20170,0,20170,1
2018-05-02 22:11:14,0.3,20110,0,6033,1
2018-05-02 22:12:56,58.095,20100,0,1167710,1
2018-05-02 22:12:56,228.8121,20100,0,4599123,1
2018-05-02 22:12:56,173.3533,20100,0,3484401,1
2018-05-02 22:14:22,69.0,20095,0,1386555,1
2018-05-02 22:14:27,5.4056,20085,0,108571,1
2018-05-02 22:14:28,238.4853,20085,0,4789977,1
2018-05-02 22:15:37,70.1863,20105,0,-1411096,0
2018-05-02 22:15:51,14.5,20130,0,291885,1
2018-05-02 22:15:51,9.6,20130,0,193248,1
2018-05-02 22:16:04,28.09281904,20150,0,-566070,0
2018-05-02 22:16:04,259.80738095,20150,0,-5235119,0
2018-05-02 22:16:04,1166.0135,20145,0,-23489342,0
2018-05-02 22:16:20,22.2285,20140,0,447682,1
2018-05-02 22:17:28,42.8694,20120,0,862532,1
2018-05-02 22:17:32,152.3,20115,0,3063515,1
2018-05-02 22:19:16,523.73239373,20150,0,10553208,1
2018-05-02 22:19:16,1.0,20150,0,20150,1
2018-05-02 22:19:16,7.1493,20150,0,144058,1
2018-05-02 22:19:24,647.6623,20135,0,13040680,1
2018-05-02 22:19:24,103.0581,20135,0,2075075,1
2018-05-02 22:20:39,829.9485,20155,0,-16727612,0
2018-05-02 22:21:39,50.0,20230,0,1011500,1
2018-05-02 22:21:39,478.3359,20230,0,9676735,1
2018-05-02 22:21:39,301.6126,20235,0,6103131,1
2018-05-02 22:24:01,3.287e-05,20230,0,-1,0
2018-05-02 22:24:02,60.5788,20230,0,-1225509,0
2018-05-02 22:24:26,31.6707,20240,0,641015,1
2018-05-02 22:24:30,28.9081,20225,0,584666,1
2018-05-02 22:26:52,110.4399,20180,0,-2228677,0
2018-05-02 22:26:56,0.5129,20200,0,-10361,0
2018-05-02 22:27:11,27.266,20195,0,550637,1
2018-05-02 22:27:51,44.9978,20180,0,-908056,0
2018-05-02 22:28:55,2.04927108,20195,0,41385,1
2018-05-02 22:29:13,108.4346,20120,0,2181704,1
2018-05-02 22:29:18,18.2008,20110,0,366018,1
2018-05-02 22:29:35,517.2504,20140,0,-10417423,0
2018-05-02 22:29:35,105.7496,20140,0,-2129797,0
2018-05-02 22:31:02,14.7033,20150,0,296271,1
2018-05-02 22:31:03,109.893,20150,0,2214344,1
2018-05-02 22:35:16,498.4037,20230,0,10082707,1
2018-05-02 22:36:29,6.1203,20180,0,-123508,0
2018-05-02 22:38:19,2.119,20140,0,-42677,0
2018-05-02 22:38:39,2.2,20160,0,-44352,0
2018-05-02 22:38:39,31.81857817,20160,0,-641463,0
2018-05-02 22:38:39,103.29992182,20160,0,-2082526,0
2018-05-02 22:39:11,8.7248,20150,0,-175805,0
2018-05-02 22:42:20,36.6523,20175,0,739460,1
2018-05-02 22:43:05,117.6303,20175,0,2373191,1
2018-05-02 22:46:26,42.8523,20120,0,-862188,0
2018-05-02 22:46:49,15.2704,20120,0,-307240,0
2018-05-02 22:47:13,58.1227,20160,0,1171754,1
2018-05-02 22:50:54,376.1301,20205,0,-7599709,0
2018-05-02 22:50:55,103.879,20205,0,-2098875,0
2018-05-02 22:50:59,416.0414,20220,0,-8412357,0
2018-05-02 22:50:59,172.4714,20220,0,-3487372,0
2018-05-02 22:50:59,131.4781,20220,0,-2658487,0
2018-05-02 22:51:11,2.1,20210,0,42441,1
2018-05-02 22:51:38,470.0,20260,0,9522200,1
2018-05-02 22:51:38,0.4965,20260,0,10059,1
2018-05-02 22:51:39,727.4035,20260,0,14737195,1
2018-05-02 22:52:59,160.736,20240,0,-3253297,0
2018-05-02 22:53:28,1.5069,20230,0,30485,1
2018-05-02 22:53:28,88.9104,20230,0,1798657,1
2018-05-02 22:53:28,14.2362,20230,0,287998,1
2018-05-02 22:53:28,1.3599,20230,0,27511,1
2018-05-02 22:53:28,6.5269,20230,0,132039,1
2018-05-02 22:53:29,48.1957,20230,0,974999,1
2018-05-02 22:55:45,609.33152921,20215,0,-12317637,0
2018-05-02 22:56:09,0.3,20225,0,6068,1
2018-05-02 22:56:13,10.0,20230,0,202300,1
2018-05-02 22:56:29,6.0,20260,0,-121560,0
2018-05-02 22:57:11,217.8899,20250,0,4412270,1
2018-05-02 22:57:12,71.51,20250,0,1448078,1
2018-05-02 22:57:40,53.5494,20250,0,1084375,1
2018-05-02 22:57:40,100.0,20250,0,2025000,1
2018-05-02 22:57:40,137.4236,20250,0,2782828,1
2018-05-02 22:57:40,24.6586,20250,0,499337,1
2018-05-02 22:58:25,396.0263,20220,0,-8007652,0
2018-05-02 23:00:21,8.8255,20240,0,178628,1
2018-05-02 23:01:51,812.7991,20210,0,-16426670,0
2018-05-02 23:03:01,31.799,20220,0,642976,1
2018-05-02 23:03:02,31.702,20220,0,641014,1
2018-05-02 23:03:24,32.0277,20210,0,647280,1
2018-05-02 23:04:15,991.7691,20240,0,20073407,1
2018-05-02 23:04:25,112.7021,20240,0,2281091,1
2018-05-02 23:04:35,97.3644,20270,0,-1973576,0
2018-05-02 23:04:39,73.9592,20270,0,-1499153,0
2018-05-02 23:04:56,12.0,20275,0,-243300,0
2018-05-02 23:04:56,9.7,20275,0,-196668,0
2018-05-02 23:05:29,193.0236,20260,0,3910658,1
2018-05-02 23:09:01,342.27,20190,0,-6910431,0
2018-05-02 23:09:27,1.371,20270,0,-27790,0
2018-05-02 23:09:43,343.641,20265,0,6963885,1
2018-05-02 23:11:23,137.838,20230,0,-2788463,0
2018-05-02 23:11:34,9.8238,20250,0,-198932,0
2018-05-02 23:11:50,0.4,20255,0,8102,1
2018-05-02 23:11:50,14.0956,20255,0,285506,1
2018-05-02 23:11:50,56.8,20255,0,1150484,1
2018-05-02 23:12:31,9.6283,20250,0,-194973,0
2018-05-02 23:12:36,1114.0055,20265,0,-22575321,0
2018-05-02 23:13:26,1.163,20270,0,23574,1
2018-05-02 23:16:15,147.4773,20285,0,2991577,1
2018-05-02 23:16:15,44.3152,20285,0,898934,1
2018-05-02 23:17:11,54.5923,20295,0,1107951,1
2018-05-02 23:17:17,12.7923,20295,0,259620,1
2018-05-02 23:17:44,939.6599,20315,0,19089191,1
2018-05-02 23:22:17,1200.0,20350,0,-24420000,0
2018-05-02 23:23:08,59.035,20365,0,1202248,1
2018-05-02 23:23:12,49.5958,20360,0,1009770,1
2018-05-02 23:23:16,33.3404,20355,0,678644,1
2018-05-02 23:23:20,530.4473,20350,0,10794603,1
2018-05-02 23:23:24,477.4725,20345,0,9714178,1
2018-05-02 23:23:30,0.9,20340,0,18306,1
2018-05-02 23:23:34,10.0,20340,0,203400,1
2018-05-02 23:23:35,39.209,20340,0,797511,1
2018-05-02 23:26:17,1200.0,20395,0,-24474000,0
2018-05-02 23:26:39,1.0,20405,0,20405,1
2018-05-02 23:26:40,100.0,20405,0,2040500,1
2018-05-02 23:26:43,15.0,20390,0,305850,1
2018-05-02 23:26:44,182.17,20390,0,3714446,1
2018-05-02 23:26:44,138.67994114,20390,0,2827684,1
2018-05-02 23:26:47,38.8755,20385,0,792477,1
2018-05-02 23:26:47,702.55,20385,0,14321482,1
2018-05-02 23:27:52,113.4205,20390,0,-2312644,0
2018-05-02 23:27:52,625.2658,20390,0,-12749170,0
2018-05-02 23:27:52,27.99997856,20390,0,-570920,0
2018-05-02 23:27:52,107.24822143,20390,0,-2186791,0
2018-05-02 23:29:04,147.3477,20345,0,2997789,1
2018-05-02 23:29:11,115.9988,20330,0,2358256,1
2018-05-02 23:29:22,632.3126,20360,0,12873885,1
2018-05-02 23:34:12,9.9898,20360,0,-203392,0
2018-05-02 23:34:18,9.9898,20365,0,203442,1
2018-05-02 23:34:58,48.643,20290,0,-986966,0
2018-05-02 23:34:59,9.69,20290,0,-196610,0
2018-05-02 23:35:03,5.5,20305,0,-111678,0
2018-05-02 23:35:06,3.3,20290,0,-66957,0
2018-05-02 23:35:14,51.7849,20290,0,1050716,1
2018-05-02 23:35:20,15.3481,20265,0,311029,1
2018-05-02 23:35:38,18.6431,20255,0,-377616,0
2018-05-02 23:37:24,72.6608,20300,0,-1475014,0
2018-05-02 23:38:18,91.3039,20295,0,1853013,1
2018-05-02 23:43:09,175.1716,20285,0,-3553356,0
2018-05-02 23:44:28,55.6732,20285,0,-1129331,0
2018-05-02 23:44:28,47.0976,20285,0,-955375,0
2018-05-02 23:44:46,95.0776,20285,0,-1928649,0
2018-05-02 23:45:57,820.22937438,20300,0,-16650656,0
2018-05-02 23:45:57,5.5792,20300,0,-113258,0
2018-05-02 23:45:57,1.17142561,20300,0,-23780,0
2018-05-02 23:46:30,80.85582619,20330,0,1643799,1
2018-05-02 23:46:40,1.1,20295,0,22325,1
2018-05-02 23:47:17,0.4,20255,0,8102,1
2018-05-02 23:47:21,23.1657,20230,0,468642,1
2018-05-02 23:47:22,62.08,20230,0,1255878,1
2018-05-02 23:47:25,16.6387,20220,0,336435,1
2018-05-02 23:47:25,5.9636,20220,0,120584,1
2018-05-02 23:47:25,0.5,20220,0,10110,1
2018-05-02 23:47:25,100.0,20220,0,2022000,1
2018-05-02 23:47:26,162.5683,20220,0,3287131,1
2018-05-02 23:47:26,17.9,20220,0,361938,1
2018-05-02 23:48:12,728.8278,20230,0,14744186,1
2018-05-02 23:58:02,30.9429,20170,0,-624118,0
2018-05-02 23:58:41,58.9773,20195,0,-1191047,0
2018-05-02 23:59:38,120.7776,20235,0,-2443935,0
2018-05-03 00:01:54,116.3155,20200,0,-2349573,0
2018-05-03 00:02:05,182.2086,20200,0,-3680614,0
2018-05-03 00:03:48,166.9946,20200,0,-3373291,0
2018-05-03 00:04:25,58.368,20145,0,1175823,1
2018-05-03 00:04:26,617.6485,20145,0,12442529,1
2018-05-03 00:04:26,0.2,20145,0,4029,1
2018-05-03 00:05:36,39.9998,20180,0,-807196,0
2018-05-03 00:05:40,34.7153,20185,0,-700728,0
2018-05-03 00:05:40,23.478,20190,0,-474021,0
2018-05-03 00:05:40,85.4103,20190,0,-1724434,0
2018-05-03 00:05:40,55.3386,20190,0,-1117286,0
2018-05-03 00:05:44,33.1238,20180,0,-668438,0
2018-05-03 00:05:48,20.0,20195,0,-403900,0
2018-05-03 00:05:48,5.9813,20195,0,-120792,0
2018-05-03 00:05:52,17.3576,20185,0,-350363,0
2018-05-03 00:05:57,121.31,20200,0,-2450462,0
2018-05-03 00:06:00,347.8136,20180,0,-7018878,0
2018-05-03 00:08:56,743.2619,20200,0,15013890,1
2018-05-03 00:08:56,41.2664,20200,0,833581,1
2018-05-03 00:11:17,1200.0,20230,0,-24276000,0
2018-05-03 00:11:36,190.9,20230,0,3861907,1
2018-05-03 00:11:36,326.9766,20230,0,6614737,1
2018-05-03 00:11:39,54.05,20225,0,1093161,1
2018-05-03 00:11:40,0.999,20225,0,20205,1
2018-05-03 00:17:49,0.1479,20275,0,2999,1
2018-05-03 00:17:50,30.4,20275,0,616360,1
2018-05-03 00:18:57,199.7,20320,0,-4057904,0
2018-05-03 00:18:58,76.9997,20320,0,-1564634,0
2018-05-03 00:18:58,326.7737,20320,0,-6640042,0
2018-05-03 00:19:11,17.7339,20300,0,359998,1
2018-05-03 00:20:42,38.4,20355,0,781632,1
2018-05-03 00:20:59,43.8689,20340,0,892293,1
2018-05-03 00:20:59,127.4795,20340,0,2592933,1
2018-05-03 00:21:24,113.7777,20330,0,2313101,1
2018-05-03 00:21:24,48.0,20330,0,975840,1
2018-05-03 00:21:25,1.0,20330,0,20330,1
2018-05-03 00:21:25,411.6,20330,0,8367828,1
2018-05-03 00:21:37,16.6699,20310,0,338566,1
2018-05-03 00:21:44,1.0,20280,0,20280,1
2018-05-03 00:21:44,274.0247,20280,0,5557221,1
2018-05-03 00:21:44,10.0,20290,0,202900,1
2018-05-03 00:21:45,96.4453,20280,0,1955911,1
2018-05-03 00:26:28,63.7683,20270,0,-1292583,0
2018-05-03 00:26:48,247.59900093,20300,0,-5026260,0
2018-05-03 00:27:48,2.4606,20340,0,-50049,0
2018-05-03 00:28:26,81.6637,20325,0,1659815,1
2018-05-03 00:28:31,1.0,20325,0,20325,1
2018-05-03 00:29:21,14.9162,20315,0,-303023,0
2018-05-03 00:29:25,536.14007353,20330,0,-10899728,0
2018-05-03 00:29:25,417.77952646,20330,0,-8493458,0
2018-05-03 00:30:58,53.1429,20315,0,1079598,1
2018-05-03 00:31:09,44.4304,20305,0,902159,1
2018-05-03 00:31:16,113.2,20300,0,2297960,1
2018-05-03 00:31:16,22.88,20300,0,464464,1
2018-05-03 00:32:21,3.162e-05,20325,0,1,1
2018-05-03 00:33:13,2.4618,20330,0,50048,1
2018-05-03 00:35:16,99.0995,20350,0,2016675,1
2018-05-03 00:35:20,272.6627,20350,0,5548686,1
2018-05-03 00:35:20,121.9829,20350,0,2482352,1
2018-05-03 00:35:51,80.0648,20335,0,-1628118,0
2018-05-03 00:36:14,515.7784,20380,0,10511564,1
2018-05-03 00:37:14,74.531,20340,0,-1515961,0
2018-05-03 00:37:22,6.84,20340,0,-139126,0
2018-05-03 00:38:44,2.1661,20360,0,-44102,0
2018-05-03 00:40:19,366.1076,20370,0,-7457612,0
2018-05-03 00:40:34,0.3563,20400,0,-7269,0
2018-05-03 00:40:35,11.52,20400,0,-235008,0
2018-05-03 00:40:38,489.2,20410,0,-9984572,0
2018-05-03 00:41:29,51.1315,20390,0,1042571,1
2018-05-03 00:41:29,652.5046,20390,0,13304569,1
2018-05-03 00:41:30,281.5111,20390,0,5740011,1
2018-05-03 00:50:29,1200.0,20430,0,-24516000,0
2018-05-03 00:51:12,15.81784394,20425,0,323079,1
2018-05-03 00:51:44,1.0,20420,0,20420,1
2018-05-03 00:52:48,77.077,20420,0,1573912,1
2018-05-03 00:52:56,154.3999,20420,0,3152846,1
2018-05-03 00:53:36,86.216616,20430,0,1761405,1
2018-05-03 00:53:47,36.39344422,20440,0,743882,1
2018-05-03 00:53:47,491.24127865,20440,0,10040972,1
2018-05-03 00:53:56,1.0,20440,0,20440,1
2018-05-03 00:54:32,132.2909999,20470,0,2707997,1
2018-05-03 00:54:47,204.5629,20455,0,4184334,1
2018-05-03 00:58:50,47.5387,20380,0,-968839,0
2018-05-03 01:01:33,47.5387,20410,0,970265,1
2018-05-03 01:03:49,936.0174,20385,0,-19080715,0
2018-05-03 01:05:24,52.29,20365,0,1064886,1
2018-05-03 01:05:28,104.2,20365,0,2122033,1
2018-05-03 01:06:32,172.6441,20365,0,3515897,1
2018-05-03 01:06:32,421.1016,20365,0,8575734,1
2018-05-03 01:06:32,185.7221,20365,0,3782231,1
2018-05-03 01:10:21,9.7,20275,0,-196668,0
2018-05-03 01:10:25,31.732,20285,0,-643684,0
2018-05-03 01:10:26,0.1,20285,0,-2029,0
2018-05-03 01:11:29,150.0,20300,0,-3045000,0
2018-05-03 01:11:29,10.0,20300,0,-203000,0
2018-05-03 01:11:30,195.75,20305,0,-3974704,0
2018-05-03 01:11:31,8.8253,20305,0,-179198,0
2018-05-03 01:11:33,9.9999,20320,0,-203198,0
2018-05-03 01:11:39,60.9655,20305,0,-1237904,0
2018-05-03 01:14:15,523.7062,20320,0,-10641710,0
2018-05-03 01:14:15,16.4261,20320,0,-333778,0
2018-05-03 01:21:56,1.0,20340,0,20340,1
2018-05-03 01:23:29,221.6066,20330,0,4505262,1
2018-05-03 01:25:17,32.2204,20330,0,655041,1
2018-05-03 01:25:21,52.3714,20325,0,1064449,1
2018-05-03 01:25:26,552.2266,20320,0,11221245,1
2018-05-03 01:25:26,157.8396,20320,0,3207301,1
2018-05-03 01:26:32,56.0593,20300,0,-1138004,0
2018-05-03 01:28:38,0.0001,20285,0,-2,0
2018-05-03 01:28:38,1.1356,20285,0,-23036,0
2018-05-03 01:29:45,57.195,20260,0,1158771,1
2018-05-03 01:34:26,2.4655,20290,0,-50025,0
2018-05-03 01:36:51,2.4655,20300,0,50050,1
2018-05-03 01:39:15,687.951,20300,0,-13965405,0
2018-05-03 01:41:52,2.4618,20320,0,50024,1
2018-05-03 01:43:18,685.4892,20320,0,13929141,1
2018-05-03 01:48:38,14.7524,20365,0,-300433,0
2018-05-03 01:48:53,3.0167,20375,0,-61465,0
2018-05-03 01:49:52,3.8331,20355,0,78023,1
2018-05-03 01:49:52,13.936,20355,0,283667,1
2018-05-03 01:55:37,84.105,20320,0,-1709014,0
2018-05-03 01:56:22,388.1963,20320,0,-7888149,0
2018-05-03 02:01:18,94.869,20315,0,-1927264,0
2018-05-03 02:03:43,127.6265,20315,0,-2592732,0
2018-05-03 02:03:43,491.2,20315,0,-9978728,0
2018-05-03 02:15:54,37.9181,20260,0,768221,1
2018-05-03 02:17:00,0.3377,20235,0,6833,1
2018-05-03 02:17:05,251.03,20230,0,5078337,1
2018-05-03 02:17:05,37.1097,20230,0,750729,1
2018-05-03 02:17:05,12.887,20230,0,260704,1
2018-05-03 02:17:05,2.5274,20230,0,51129,1
2018-05-03 02:17:05,96.5323,20230,0,1952848,1
2018-05-03 02:17:06,2.8736,20230,0,58133,1
2018-05-03 02:17:06,24.7157,20230,0,499999,1
2018-05-03 02:17:06,13.6855,20230,0,276858,1
2018-05-03 02:17:06,0.2888,20230,0,5842,1
2018-05-03 02:17:06,72.7055,20230,0,1470832,1
2018-05-03 02:17:07,22.2104,20230,0,449316,1
2018-05-03 02:17:10,0.3,20225,0,6068,1
2018-05-03 02:17:14,41.0056,20220,0,829133,1
2018-05-03 02:17:14,6.4596,20220,0,130613,1
2018-05-03 02:17:15,220.0,20220,0,4448400,1
2018-05-03 02:17:15,78.4109,20220,0,1585468,1
2018-05-03 02:17:15,0.5,20220,0,10110,1
2018-05-03 02:17:15,20.0,20220,0,404400,1
2018-05-03 02:17:15,0.1465,20220,0,2962,1
2018-05-03 02:17:18,0.1513,20215,0,3059,1
2018-05-03 02:17:18,244.2012,20215,0,4936527,1
2018-05-03 02:19:04,127.6093,20220,0,-2580260,0
2018-05-03 02:19:08,127.2755,20220,0,-2573511,0
2018-05-03 02:19:12,41.9029,20245,0,-848324,0
2018-05-03 02:19:12,220.0,20245,0,-4453900,0
2018-05-03 02:19:16,493.7,20250,0,-9997425,0
2018-05-03 02:19:16,28.9254,20250,0,-585739,0
2018-05-03 02:26:15,25.4824,20275,0,516656,1
2018-05-03 02:26:20,58.223,20275,0,1180471,1
2018-05-03 02:26:40,254.1829,20280,0,5154829,1
2018-05-03 02:27:23,56.1604,20270,0,1138371,1
2018-05-03 02:27:44,111.853,20275,0,2267820,1
2018-05-03 02:27:49,10.0,20270,0,202700,1
2018-05-03 02:29:32,10.0,20280,0,202800,1
2018-05-03 02:32:58,484.4,20310,0,9838164,1
2018-05-03 02:33:03,29.1114,20300,0,590961,1
2018-05-03 02:56:36,10.0,20310,0,-203100,0
2018-05-03 02:59:00,10.0,20310,0,203100,1
2018-05-03 03:02:13,2.4606,20290,0,-49926,0
2018-05-03 03:02:20,261.3831,20280,0,-5300849,0
2018-05-03 03:05:01,59.2784,20290,0,1202759,1
2018-05-03 03:05:37,10.0,20290,0,-202900,0
2018-05-03 03:06:10,13.32,20290,0,-270263,0
2018-05-03 03:06:29,711.0984,20270,0,-14413965,0
2018-05-03 03:08:29,691.0664,20250,0,13994095,1
2018-05-03 03:08:30,247.9173,20250,0,5020325,1
2018-05-03 03:12:15,22.0,20250,0,-445500,0
2018-05-03 03:12:15,46.4468,20250,0,-940548,0
2018-05-03 03:12:19,829.2075,20260,0,-16799744,0
2018-05-03 03:12:55,43.1203,20285,0,874695,1
2018-05-03 03:13:00,854.534,20285,0,17334222,1
2018-05-03 03:24:14,96.5736,20330,0,-1963341,0
2018-05-03 03:24:17,61.4614,20320,0,-1248896,0
2018-05-03 03:24:30,109.7,20325,0,2229653,1
2018-05-03 03:24:48,2.4618,20325,0,50036,1
2018-05-03 03:24:55,10.0,20330,0,203300,1
2018-05-03 03:24:55,35.8732,20330,0,729302,1
2018-05-03 03:29:22,13.89105638,20290,0,-281850,0
2018-05-03 03:29:22,114.178,20290,0,-2316672,0
2018-05-03 03:29:22,2.45804361,20290,0,-49874,0
2018-05-03 03:29:31,58.397,20310,0,-1186043,0
2018-05-03 03:29:36,18.2571,20315,0,-370893,0
2018-05-03 03:29:40,47.5552,20295,0,-965133,0
2018-05-03 03:31:19,945.2636,20300,0,-19188851,0
2018-05-03 03:32:38,0.1,20290,0,2029,1
2018-05-03 03:39:00,1030.373,20310,0,20926876,1
2018-05-03 03:39:44,576.4255,20275,0,-11687027,0
2018-05-03 03:45:36,375.7518,20265,0,7614610,1
2018-05-03 03:46:36,635.0189,20250,0,-12859133,0
2018-05-03 03:50:40,92.3,20270,0,1870921,1
2018-05-03 04:11:05,0.1,20310,0,2031,1
2018-05-03 04:17:07,248.704,20250,0,5036256,1
2018-05-03 04:17:07,44.3121,20250,0,897320,1
2018-05-03 04:17:08,130.599,20250,0,2644630,1
2018-05-03 04:17:41,38.2992,20235,0,-774984,0
2018-05-03 04:17:41,8.05,20235,0,-162892,0
2018-05-03 04:17:44,133.3762,20255,0,-2701535,0
2018-05-03 04:22:52,5.0005,20165,0,100835,1
2018-05-03 04:22:52,8.7157,20165,0,175752,1
2018-05-03 04:22:52,83.4946,20165,0,1683669,1
2018-05-03 04:23:31,4.7012,20180,0,-94870,0
2018-05-03 04:25:25,456.9949,20155,0,9210732,1
2018-05-03 04:25:25,94.9553,20155,0,1913824,1
2018-05-03 04:25:29,24.4701,20155,0,493195,1
2018-05-03 04:26:08,10.0,20210,0,-202100,0
2018-05-03 04:26:14,30.43,20210,0,-614990,0
2018-05-03 04:26:21,46.38,20210,0,-937340,0
2018-05-03 04:26:25,24.5,20200,0,-494900,0
2018-05-03 04:27:23,3.198,20195,0,-64584,0
2018-05-03 04:27:36,92.355,20225,0,-1867880,0
2018-05-03 04:27:47,17.5523,20195,0,-354469,0
2018-05-03 04:28:28,10.0,20210,0,-202100,0
2018-05-03 04:29:04,17.9537,20200,0,-362665,0
2018-05-03 04:29:57,149.1411,20220,0,-3015633,0
2018-05-03 04:30:01,731.24799821,20220,0,-14785835,0
2018-05-03 04:33:30,0.2,20210,0,4042,1
2018-05-03 04:49:56,100.5171,20270,0,2037482,1
2018-05-03 05:00:22,8.8183,20250,0,178571,1
2018-05-03 05:00:23,0.2,20245,0,4049,1
2018-05-03 05:02:17,4.1881,20260,0,84851,1
2018-05-03 05:12:29,556.5414,20160,0,11219875,1
2018-05-03 05:12:32,3.7748,20150,0,76062,1
2018-05-03 05:12:32,14.199,20150,0,286110,1
2018-05-03 05:12:32,44.543,20150,0,897541,1
2018-05-03 05:12:33,99.2,20150,0,1998880,1
2018-05-03 05:12:33,99.36,20150,0,2002104,1
2018-05-03 05:12:56,998.7836,20185,0,-20160447,0
2018-05-03 05:13:08,20.1279,20225,0,407087,1
2018-05-03 05:20:39,0.3,20150,0,6045,1
2018-05-03 05:23:23,250.24713956,20220,0,5059997,1
2018-05-03 05:26:22,0.9654,20210,0,19511,1
2018-05-03 05:27:04,0.8339,20225,0,16866,1
2018-05-03 05:28:55,0.26,20210,0,5255,1
2018-05-03 05:28:59,685.4278,20200,0,13845642,1
2018-05-03 05:29:03,7.5311,20195,0,152091,1
2018-05-03 05:29:03,9.5274,20195,0,192406,1
2018-05-03 05:30:11,156.6831,20200,0,-3164999,0
2018-05-03 05:30:32,308.1471,20180,0,6218408,1
2018-05-03 05:31:21,49.2572,20200,0,-994995,0
2018-05-03 05:31:51,28.0946,20190,0,-567230,0
2018-05-03 05:34:25,6.443e-05,20190,0,-1,0
2018-05-03 05:34:46,81.79,20200,0,-1652158,0
2018-05-03 05:35:31,31.22,20160,0,629395,1
2018-05-03 05:36:22,320.6111,20180,0,-6469932,0
2018-05-03 05:37:28,48.2557,20200,0,974765,1
2018-05-03 05:37:31,49.5294,20190,0,999999,1
2018-05-03 05:38:21,113.40569248,20220,0,2293063,1
2018-05-03 05:41:19,87.2695,20275,0,1769389,1
2018-05-03 05:42:44,32.2027,20265,0,652588,1
2018-05-03 05:42:44,71.4377,20265,0,1447685,1
2018-05-03 05:42:44,42.8,20265,0,867342,1
2018-05-03 05:42:45,0.8638,20265,0,17505,1
2018-05-03 05:44:16,3.353e-05,20290,0,-1,0
2018-05-03 05:44:45,76.0839,20305,0,1544884,1
2018-05-03 05:46:24,1200.0,20315,0,-24378000,0
2018-05-03 05:47:50,1.5854,20330,0,32231,1
2018-05-03 05:48:21,20.0,20385,0,407700,1
2018-05-03 05:50:36,64.0761,20580,0,1318686,1
2018-05-03 05:50:36,2.1263,20580,0,43759,1
2018-05-03 05:50:54,18.7801,20585,0,386588,1
2018-05-03 05:51:01,416.4678,20600,0,8579237,1
2018-05-03 05:51:06,37.43,20560,0,769561,1
2018-05-03 05:51:06,33.0796,20560,0,680117,1
2018-05-03 05:51:06,223.2,20560,0,4588992,1
2018-05-03 05:51:06,97.19661673,20560,0,1998362,1
2018-05-03 05:51:07,2.4,20560,0,49344,1
2018-05-03 05:51:10,248.2561,20560,0,5104145,1
2018-05-03 05:51:10,35.402,20560,0,727865,1
2018-05-03 05:51:20,1.6,20560,0,-32896,0
2018-05-03 05:51:20,1.7,20560,0,-34952,0
2018-05-03 05:51:43,3.3,20600,0,67980,1
2018-05-03 05:57:21,739.1658,20490,0,-15145507,0
2018-05-03 05:58:24,148.1,20565,0,3045677,1
2018-05-03 05:58:35,485.0,20570,0,9976450,1
2018-05-03 05:58:36,106.0658,20570,0,2181774,1
2018-05-03 06:00:02,2.4224,20635,0,-49986,0
2018-05-03 06:00:03,105.114,20640,0,-2169553,0
2018-05-03 06:00:04,1.0,20640,0,-20640,0
2018-05-03 06:00:11,10.0,20675,0,-206750,0
2018-05-03 06:00:12,22.3063,20675,0,-461183,0
2018-05-03 06:00:15,183.21493236,20660,0,-3785221,0
2018-05-03 06:00:20,24.4755,20680,0,-506153,0
2018-05-03 06:00:20,813.9805,20680,0,-16833117,0
2018-05-03 06:00:20,37.4864,20680,0,-775219,0
2018-05-03 06:00:27,3.703,20620,0,76356,1
2018-05-03 06:00:28,9.3,20620,0,191766,1
2018-05-03 06:00:31,135.384,20635,0,2793649,1
2018-05-03 06:00:35,63.4326,20635,0,1308932,1
2018-05-03 06:00:36,300.0,20635,0,6190500,1
2018-05-03 06:00:36,15.3,20635,0,315716,1
2018-05-03 06:00:37,7.4,20635,0,152699,1
2018-05-03 06:00:39,665.4804,20635,0,13732188,1
2018-05-03 06:01:16,1200.0,20700,0,-24840000,0
2018-05-03 06:02:06,211.1,20675,0,4364493,1
2018-05-03 06:02:06,218.39,20675,0,4515213,1
2018-05-03 06:02:19,9.3,20685,0,192371,1
2018-05-03 06:02:24,77.8005,20685,0,1609303,1
2018-05-03 06:02:24,1.6,20685,0,33096,1
2018-05-03 06:02:25,9.3,20685,0,192371,1
2018-05-03 06:02:25,10.92153734,20685,0,225912,1
2018-05-03 06:02:48,23.0805,20680,0,477305,1
2018-05-03 06:02:48,638.5074,20660,0,13191563,1
2018-05-03 06:08:29,109.73,20615,0,-2262084,0
2018-05-03 06:08:43,135.1725,20620,0,-2787257,0
2018-05-03 06:09:24,244.9025,20605,0,5046216,1
2018-05-03 06:10:09,1.1206,20580,0,-23062,0
2018-05-03 06:11:00,1.1206,20595,0,23079,1
2018-05-03 06:11:16,52.9971,20600,0,-1091740,0
2018-05-03 06:11:16,72.0164,20600,0,-1483538,0
2018-05-03 06:11:21,23.8664,20610,0,-491887,0
2018-05-03 06:11:59,148.8799,20620,0,3069904,1
2018-05-03 06:12:28,121.0702,20645,0,-2499494,0
2018-05-03 06:12:29,181.6,20645,0,-3749132,0
2018-05-03 06:12:33,17.337,20640,0,-357836,0
2018-05-03 06:12:36,664.7571,20650,0,-13727234,0
2018-05-03 06:12:36,32.37806489,20650,0,-668607,0
2018-05-03 06:12:36,182.8576351,20650,0,-3776010,0
2018-05-03 06:13:15,493.1554,20615,0,10166399,1
2018-05-03 06:13:16,23.3381,20615,0,481115,1
2018-05-03 06:13:19,23.551,20600,0,485151,1
2018-05-03 06:13:20,28.92,20600,0,595752,1
2018-05-03 06:13:20,311.5,20600,0,6416900,1
2018-05-03 06:13:28,97.4,20605,0,2006927,1
2018-05-03 06:13:50,19.1326,20590,0,393940,1
2018-05-03 06:13:51,9.5638,20590,0,196919,1
2018-05-03 06:13:54,0.3,20570,0,6171,1
2018-05-03 06:14:04,201.72575542,20570,0,-4149499,0
2018-05-03 06:14:09,805.1351,20580,0,-16569680,0
2018-05-03 06:14:44,42.11865049,20595,0,867434,1
2018-05-03 06:16:05,1157.8814,20585,0,23834989,1
2018-05-03 06:17:48,1200.0,20590,0,-24708000,0
2018-05-03 06:19:36,87.13623452,20700,0,1803720,1
2018-05-03 06:19:40,49.5211,20680,0,1024096,1
2018-05-03 06:19:40,33.1721,20680,0,685999,1
2018-05-03 06:19:40,0.6,20680,0,12408,1
2018-05-03 06:19:40,124.7395,20680,0,2579613,1
2018-05-03 06:19:44,10.0,20670,0,206700,1
2018-05-03 06:19:44,323.0152,20670,0,6676724,1
2018-05-03 06:19:45,571.8158,20670,0,11819433,1
2018-05-03 06:20:50,783.33077813,20780,0,-16277614,0
2018-05-03 06:20:50,250.43972186,20780,0,-5204137,0
2018-05-03 06:20:50,3.1078,20780,0,-64580,0
2018-05-03 06:20:50,44.5787,20780,0,-926345,0
2018-05-03 06:20:50,118.543,20780,0,-2463324,0
2018-05-03 06:21:49,1.0001,20780,0,20782,1
2018-05-03 06:22:07,18.5446,20780,0,385357,1
2018-05-03 06:22:20,300.0,20740,0,6222000,1
2018-05-03 06:24:19,239.5925,20835,0,4991910,1
2018-05-03 06:24:20,308.9595,20835,0,6437171,1
2018-05-03 06:24:24,165.9681,20810,0,3453796,1
2018-05-03 06:24:24,0.5,20810,0,10405,1
2018-05-03 06:24:34,17.172,20840,0,357864,1
2018-05-03 06:24:34,33.51330674,20840,0,698417,1
2018-05-03 06:24:34,114.74989325,20840,0,2391388,1
2018-05-03 06:24:44,119.1155,20840,0,-2482367,0
2018-05-03 06:24:49,1.5,20845,0,-31268,0
2018-05-03 06:24:52,35.2491,20870,0,-735649,0
2018-05-03 06:24:52,152.61463937,20870,0,-3185068,0
2018-05-03 06:25:00,891.5207,20880,0,-18614952,0
2018-05-03 06:25:34,374.14416049,20935,0,7832708,1
2018-05-03 06:26:18,825.8558,20920,0,17276903,1
2018-05-03 06:29:44,189.59470038,20920,0,-3966321,0
2018-05-03 06:29:44,489.8048,20920,0,-10246716,0
2018-05-03 06:29:44,18.54,20920,0,-387857,0
2018-05-03 06:30:13,261.9747,20935,0,5484440,1
2018-05-03 06:30:26,435.9648,20920,0,9120384,1
2018-05-03 06:31:37,1200.0,20970,0,-25164000,0
2018-05-03 06:32:23,2.90606255,20940,0,60853,1
2018-05-03 06:32:53,347.3901,20945,0,7276086,1
2018-05-03 06:32:57,849.7038,20935,0,17788549,1
2018-05-03 06:34:15,86.49384541,20960,0,-1812911,0
2018-05-03 06:34:19,112.9,20980,0,-2368642,0
2018-05-03 06:34:23,201.0671,20970,0,-4216377,0
2018-05-03 06:34:50,110.8194,20965,0,2323329,1
2018-05-03 06:34:54,127.7635,20940,0,2675368,1
2018-05-03 06:34:54,10.0,20940,0,209400,1
2018-05-03 06:34:54,4.2422,20940,0,88832,1
2018-05-03 06:34:55,56.52,20940,0,1183529,1
2018-05-03 06:34:55,6.1924,20940,0,129669,1
2018-05-03 06:34:55,23.1724,20940,0,485230,1
2018-05-03 06:34:58,3.9632,20935,0,82970,1
2018-05-03 06:34:58,6.6704,20935,0,139645,1
2018-05-03 06:34:59,14.4,20935,0,301464,1
2018-05-03 06:35:38,36.7175,20940,0,768864,1
2018-05-03 06:36:12,1200.0,20950,0,-25140000,0
2018-05-03 06:36:27,1000.0,20920,0,20920000,1
2018-05-03 06:36:27,200.0,20920,0,4184000,1
2018-05-03 06:37:03,1.0364,20810,0,-21567,0
2018-05-03 06:37:10,3.63,20825,0,-75595,0
2018-05-03 06:37:10,96.37,20825,0,-2006905,0
2018-05-03 06:37:34,10.0,20835,0,-208350,0
2018-05-03 06:37:34,125.1521,20835,0,-2607544,0
2018-05-03 06:38:10,10.0,20850,0,-208500,0
2018-05-03 06:38:14,33.8483,20860,0,-706076,0
2018-05-03 06:38:23,288.7703,20860,0,-6023748,0
2018-05-03 06:39:17,533.1495,20910,0,11148156,1
2018-05-03 06:39:18,35.6576,20910,0,745600,1
2018-05-03 06:39:27,243.12154554,20935,0,-5089750,0
2018-05-03 06:39:27,89.92075445,20935,0,-1882491,0
2018-05-03 06:39:36,33.87,20925,0,-708730,0
2018-05-03 06:39:38,366.9123,20920,0,7675805,1
2018-05-03 06:40:58,311.9157,20975,0,-6542432,0
2018-05-03 06:41:03,10.5194,20980,0,-220697,0
2018-05-03 06:41:03,131.0578,20980,0,-2749593,0
2018-05-03 06:41:03,17.9499,20980,0,-376589,0
2018-05-03 06:41:04,271.4339,20980,0,-5694683,0
2018-05-03 06:41:48,742.8767,20985,0,15589268,1
2018-05-03 06:41:58,47.928,21000,0,-1006488,0
2018-05-03 06:41:58,5.4299,21000,0,-114028,0
2018-05-03 06:42:02,23.8329,21000,0,-500491,0
2018-05-03 06:42:02,41.0907,21000,0,-862905,0
2018-05-03 06:42:03,50.0,21000,0,-1050000,0
2018-05-03 06:42:03,153.6113,21000,0,-3225837,0
2018-05-03 06:42:03,2.0,21000,0,-42000,0
2018-05-03 06:42:03,164.1961,21000,0,-3448118,0
2018-05-03 06:42:03,534.0999,21000,0,-11216098,0
2018-05-03 06:42:03,0.4973,21000,0,-10443,0
2018-05-03 06:42:03,7.0,21000,0,-147000,0
2018-05-03 06:42:04,2.0,21000,0,-42000,0
2018-05-03 06:42:04,13.3724,21000,0,-280820,0
2018-05-03 06:42:04,61.0194,21000,0,-1281407,0
2018-05-03 06:42:04,9.1493,21000,0,-192135,0
2018-05-03 06:42:05,84.7728,21000,0,-1780229,0
2018-05-03 06:43:21,8.7891,21000,0,184571,1
2018-05-03 06:43:21,87.5,21000,0,1837500,1
2018-05-03 06:43:24,1.2,20930,0,25116,1
2018-05-03 06:44:36,500.0,20925,0,10462500,1
2018-05-03 06:44:36,90.0001,20925,0,1883252,1
2018-05-03 06:44:36,266.1173,20925,0,5568505,1
2018-05-03 06:44:37,0.2,20925,0,4185,1
2018-05-03 06:44:37,7.2449,20925,0,151600,1
2018-05-03 06:44:37,238.9486,20925,0,4999999,1
2018-05-03 06:45:08,7.954e-05,20920,0,-2,0
2018-05-03 06:47:56,934.3024,20880,0,-19508234,0
2018-05-03 06:49:25,1.0,20860,0,20860,1
2018-05-03 06:49:56,486.4222,20855,0,10144335,1
2018-05-03 06:49:56,104.354,20855,0,2176302,1
2018-05-03 06:50:01,38.3787,20855,0,800388,1
2018-05-03 06:50:05,147.6992,20850,0,3079528,1
2018-05-03 06:50:06,1.0,20850,0,20850,1
2018-05-03 06:50:06,39.5741,20850,0,825120,1
2018-05-03 06:50:09,115.8743,20845,0,2415400,1
2018-05-03 06:53:03,79.7159,20750,0,-1654105,0
2018-05-03 06:53:18,221.9491,20775,0,-4610993,0
2018-05-03 06:53:32,20.9843,20815,0,-436788,0
2018-05-03 06:53:41,877.3507,20830,0,-18275215,0
2018-05-03 06:54:40,2.3981,20850,0,50000,1
2018-05-03 06:54:40,38.7469,20850,0,807873,1
2018-05-03 06:55:26,17.6008,20825,0,366537,1
2018-05-03 06:55:26,335.0209,20825,0,6976810,1
2018-05-03 06:55:26,56.582,20825,0,1178320,1
2018-05-03 06:55:39,2.9158,20820,0,60707,1
2018-05-03 06:55:39,172.0,20820,0,3581040,1
2018-05-03 06:55:48,47.6044,20830,0,991600,1
2018-05-03 06:55:52,149.7579,20825,0,3118708,1
2018-05-03 06:55:55,56.582,20815,0,1177754,1
2018-05-03 06:55:56,96.0845,20815,0,1999999,1
2018-05-03 06:55:56,49.7472,20815,0,1035488,1
2018-05-03 06:55:56,2.4021,20815,0,50000,1
2018-05-03 06:56:00,7.3811,20800,0,153527,1
2018-05-03 06:56:00,100.0,20800,0,2080000,1
2018-05-03 06:56:00,59.5,20800,0,1237600,1
2018-05-03 06:56:00,5.6763,20800,0,118067,1
2018-05-03 06:58:01,37.0769,20870,0,-773795,0
2018-05-03 06:58:02,0.42,20870,0,-8765,0
2018-05-03 06:58:15,37.4969,20865,0,782373,1
2018-05-03 06:58:37,16.0,20890,0,-334240,0
2018-05-03 06:58:51,16.0,20885,0,334160,1
2018-05-03 06:59:28,1004.7337,20855,0,-20953721,0
2018-05-03 06:59:40,1.0,20875,0,20875,1
2018-05-03 07:00:25,2.0,20835,0,41670,1
2018-05-03 07:00:25,538.8997,20835,0,11227975,1
2018-05-03 07:00:35,95.3972,20795,0,1983785,1
2018-05-03 07:00:35,263.0577,20795,0,5470285,1
2018-05-03 07:00:36,71.42,20795,0,1485179,1
2018-05-03 07:00:36,32.9591,20795,0,685384,1
2018-05-03 07:01:09,1200.0,20800,0,-24960000,0
2018-05-03 07:02:25,338.3095,20765,0,7024997,1
2018-05-03 07:02:25,12.0216,20765,0,249629,1
2018-05-03 07:02:29,4.2823,20765,0,88922,1
2018-05-03 07:02:29,184.1606,20755,0,3822253,1
2018-05-03 07:02:30,591.4125,20755,0,12274766,1
2018-05-03 07:02:30,69.8135,20755,0,1448979,1
2018-05-03 07:04:36,35.1694,20750,0,-729765,0
2018-05-03 07:04:40,104.0857,20750,0,-2159778,0
2018-05-03 07:04:44,65.5917,20770,0,-1362340,0
2018-05-03 07:04:44,245.8626,20770,0,-5106566,0
2018-05-03 07:04:44,20.0,20770,0,-415400,0
2018-05-03 07:04:48,477.6889,20780,0,-9926375,0
2018-05-03 07:04:48,53.8651,20780,0,-1119317,0
2018-05-03 07:04:48,18.9902,20780,0,-394616,0
2018-05-03 07:04:48,105.1193,20780,0,-2184379,0
2018-05-03 07:04:49,48.8503,20780,0,-1015109,0
2018-05-03 07:05:14,82.0885,20775,0,1705389,1
2018-05-03 07:05:14,93.9926,20775,0,1952696,1
2018-05-03 07:05:14,1.6803,20775,0,34908,1
2018-05-03 07:05:15,41.6325,20775,0,864915,1
2018-05-03 07:05:15,955.8293,20775,0,19857354,1
2018-05-03 07:06:11,169.349,20750,0,-3513992,0
2018-05-03 07:06:57,7.751e-05,20765,0,-2,0
2018-05-03 07:07:27,147.899,20730,0,3065946,1
2018-05-03 07:07:27,21.45,20730,0,444659,1
2018-05-03 07:08:55,216.7949,20680,0,-4483319,0
2018-05-03 07:08:59,983.2051,20675,0,-20327765,0
2018-05-03 07:09:18,10.0,20650,0,206500,1
2018-05-03 07:10:24,21.2334,20700,0,439531,1
2018-05-03 07:10:24,73.8042,20700,0,1527747,1
2018-05-03 07:10:46,634.7,20675,0,13122423,1
2018-05-03 07:10:46,0.3,20675,0,6203,1
2018-05-03 07:10:54,459.9624,20660,0,9502823,1
2018-05-03 07:11:35,100.0,20695,0,-2069500,0
2018-05-03 07:11:39,100.0,20705,0,-2070500,0
2018-05-03 07:11:39,18.241,20705,0,-377680,0
2018-05-03 07:11:43,981.759,20700,0,-20322411,0
2018-05-03 07:12:36,143.884,20745,0,2984874,1
2018-05-03 07:13:03,374.151,20745,0,7761762,1
2018-05-03 07:13:07,462.9616,20740,0,9601824,1
2018-05-03 07:13:13,66.7,20700,0,1380690,1
2018-05-03 07:13:13,10.0,20700,0,207000,1
2018-05-03 07:13:13,37.1417,20700,0,768833,1
2018-05-03 07:13:14,5.2762,20700,0,109217,1
2018-05-03 07:13:14,99.8855,20700,0,2067630,1
2018-05-03 07:17:18,911.7915,20665,0,-18842171,0
2018-05-03 07:17:44,3.3194,20670,0,68612,1
2018-05-03 07:17:45,252.5,20670,0,5219175,1
2018-05-03 07:17:45,156.2635,20670,0,3229967,1
2018-05-03 07:17:45,16.0848,20670,0,332473,1
2018-05-03 07:17:45,14.4748,20670,0,299194,1
2018-05-03 07:17:48,469.149,20665,0,9694964,1
2018-05-03 07:18:42,467.6496,20630,0,-9647611,0
2018-05-03 07:19:06,11.8933,20640,0,245478,1
2018-05-03 07:19:25,100.848,20645,0,-2082007,0
2018-05-03 07:19:29,643.3957,20635,0,-13276470,0
2018-05-03 07:19:45,1200.0,20670,0,24804000,1
2018-05-03 07:22:53,0.0001,20705,0,-2,0
2018-05-03 07:22:57,9.8604,20700,0,-204110,0
2018-05-03 07:22:57,2.4119,20700,0,-49926,0
2018-05-03 07:23:01,0.1529,20710,0,-3167,0
2018-05-03 07:23:01,16.89,20710,0,-349792,0
2018-05-03 07:23:17,29.3153,20700,0,606827,1
2018-05-03 07:28:11,255.6759,20745,0,-5303997,0
2018-05-03 07:28:48,82.67309339,20730,0,1713813,1
2018-05-03 07:30:00,173.0028,20720,0,3584618,1
2018-05-03 07:33:59,21.5519,20720,0,-446555,0
2018-05-03 07:34:03,2.4095,20720,0,-49925,0
2018-05-03 07:34:25,23.9614,20735,0,496840,1
2018-05-03 07:35:50,23.9,20770,0,-496403,0
2018-05-03 07:36:10,23.89990293,20770,0,496401,1
2018-05-03 07:36:10,9.706e-05,20770,0,2,1
2018-05-03 07:37:26,260.3321,20795,0,-5413606,0
2018-05-03 07:37:27,23.7019,20795,0,-492881,0
2018-05-03 07:37:27,154.4291,20795,0,-3211353,0
2018-05-03 07:37:30,23.6686,20800,0,-492307,0
2018-05-03 07:37:30,737.8683,20800,0,-15347661,0
2018-05-03 07:38:18,23.6074,20810,0,491270,1
2018-05-03 07:38:22,7.1378,20800,0,148466,1
2018-05-03 07:38:22,188.2085,20800,0,3914737,1
2018-05-03 07:38:22,107.8287,20800,0,2242837,1
2018-05-03 07:38:23,873.2176,20800,0,18162926,1
2018-05-03 07:42:07,239.3449,20795,0,-4977177,0
2018-05-03 07:42:10,648.4909,20810,0,-13495096,0
2018-05-03 07:42:10,1.0,20810,0,-20810,0
2018-05-03 07:42:10,265.3803,20810,0,-5522564,0
2018-05-03 07:42:10,45.7839,20810,0,-952763,0
2018-05-03 07:42:23,502.3945,20800,0,10449806,1
2018-05-03 07:42:23,124.8993,20800,0,2597905,1
2018-05-03 07:42:27,5.0,20790,0,103950,1
2018-05-03 07:42:27,325.6071,20790,0,6769372,1
2018-05-03 07:42:27,0.2359,20790,0,4904,1
2018-05-03 07:42:31,28.8426,20770,0,599061,1
2018-05-03 07:42:36,213.0206,20820,0,4435089,1
2018-05-03 07:47:10,14.83,20805,0,-308538,0
2018-05-03 07:47:32,14.83,20800,0,308464,1
2018-05-03 07:49:15,25.3309,20850,0,-528149,0
2018-05-03 07:49:15,26.2235,20850,0,-546760,0
2018-05-03 07:49:25,51.5544,20870,0,1075940,1
2018-05-03 07:52:34,266.7699,20900,0,-5575491,0
2018-05-03 07:52:34,14.9,20900,0,-311410,0
2018-05-03 07:52:35,104.5445,20905,0,-2185503,0
2018-05-03 07:53:25,5.32,20900,0,111188,1
2018-05-03 07:53:45,251.6892,20925,0,5266597,1
2018-05-03 07:53:45,2.3895,20925,0,50000,1
2018-05-03 07:53:53,126.8157,20915,0,2652350,1
2018-05-03 07:54:14,10.0,20940,0,-209400,0
2018-05-03 07:54:22,62.21,20960,0,-1303922,0
2018-05-03 07:54:23,9.3955,20975,0,-197071,0
2018-05-03 07:54:23,624.0632,20975,0,-13089726,0
2018-05-03 07:54:29,2.0,20970,0,41940,1
2018-05-03 07:54:53,41.7094,20960,0,874229,1
2018-05-03 07:54:59,390.0,20950,0,8170500,1
2018-05-03 07:54:59,67.5834,20950,0,1415872,1
2018-05-03 07:54:59,74.2695,20950,0,1555946,1
2018-05-03 07:55:00,9.2,20950,0,192740,1
2018-05-03 07:55:21,40.8709,20965,0,856858,1
2018-05-03 07:55:52,61.5,20975,0,-1289963,0
2018-05-03 07:57:17,39.0649,21000,0,-820363,0
2018-05-03 07:57:17,367.7897,21000,0,-7723584,0
2018-05-03 07:57:17,156.75580547,21000,0,-3291872,0
2018-05-03 07:57:18,70.1075,21000,0,-1472258,0
2018-05-03 07:57:18,135.8999,21000,0,-2853898,0
2018-05-03 07:58:00,399.5357,20995,0,8388252,1
2018-05-03 07:58:00,38.5083,20995,0,808482,1
2018-05-03 07:58:00,473.1094,20995,0,9932932,1
2018-05-03 07:58:47,13.6058,21005,0,-285790,0
2018-05-03 07:58:52,10.0,21040,0,-210400,0
2018-05-03 07:58:56,462.0594,21050,0,-9726350,0
2018-05-03 07:59:02,199.99997479,21060,0,-4211999,0
2018-05-03 07:59:02,369.8440252,21060,0,-7788915,0
2018-05-03 07:59:13,12.0719,21030,0,253872,1
2018-05-03 07:59:14,132.0629,21030,0,2777283,1
2018-05-03 07:59:14,598.4895,21030,0,12586234,1
2018-05-03 07:59:14,9.6583,21030,0,203114,1
2018-05-03 07:59:17,3.7,21045,0,77867,1
2018-05-03 07:59:17,260.6,21045,0,5484327,1
2018-05-03 07:59:18,38.9266,21045,0,819210,1
2018-05-03 07:59:30,5.0149,21045,0,-105539,0
2018-05-03 08:00:06,469.0127157,21080,0,-9886788,0
2018-05-03 08:00:07,80.99,21080,0,-1707269,0
2018-05-03 08:00:07,83.328,21080,0,-1756554,0
2018-05-03 08:00:35,97.6795135,21080,0,2059084,1
2018-05-03 08:00:36,216.972,21080,0,4573770,1
2018-05-03 08:00:36,24.4805,21080,0,516049,1
2018-05-03 08:00:36,32.8247,21080,0,691945,1
2018-05-03 08:01:01,266.3889,21035,0,5603491,1
2018-05-03 08:02:19,4.9999,20970,0,-104848,0
2018-05-03 08:02:19,62.0938,20970,0,-1302107,0
2018-05-03 08:03:09,67.0937,20885,0,1401252,1
2018-05-03 08:04:59,302.8815,20910,0,-6333252,0
2018-05-03 08:05:03,181.9313,20945,0,3810551,1
2018-05-03 08:05:18,120.9502,20940,0,2532697,1
2018-05-03 08:08:30,76.999,20885,0,-1608124,0
2018-05-03 08:08:35,818.9784,20900,0,-17116649,0
2018-05-03 08:10:05,20.0,20945,0,418900,1
2018-05-03 08:10:15,0.8805,20935,0,18433,1
2018-05-03 08:10:16,47.6069,20935,0,996650,1
2018-05-03 08:10:30,10.0,20920,0,209200,1
2018-05-03 08:10:38,10.0,20920,0,209200,1
2018-05-03 08:14:16,109.0702,20870,0,2276294,1
2018-05-03 08:14:16,698.4198,20870,0,14576021,1
2018-05-03 08:16:03,3.2565,20860,0,-67931,0
2018-05-03 08:16:44,2.9637,20840,0,-61764,0
2018-05-03 08:16:44,0.125,20845,0,-2606,0
2018-05-03 08:17:13,844.1895,20850,0,-17601351,0
2018-05-03 08:17:13,22.0162,20850,0,-459038,0
2018-05-03 08:18:48,872.5509,20910,0,18245039,1
2018-05-03 08:22:02,7.0,20865,0,-146055,0
2018-05-03 08:22:16,7.0,20865,0,146055,1
2018-05-03 08:23:14,14.0917,20840,0,-293671,0
2018-05-03 08:23:22,1185.9083,20860,0,-24738047,0
2018-05-03 08:23:43,13.1747,20820,0,274297,1
2018-05-03 08:23:43,711.5908,20820,0,14815320,1
2018-05-03 08:23:43,32.3109,20820,0,672713,1
2018-05-03 08:23:44,52.71,20820,0,1097422,1
2018-05-03 08:23:47,19.9,20820,0,414318,1
2018-05-03 08:23:51,152.43,20820,0,3173593,1
2018-05-03 08:24:10,28.7002,20830,0,597825,1
2018-05-03 08:24:15,2.0,20830,0,41660,1
2018-05-03 08:24:51,75.8173,20850,0,-1580791,0
2018-05-03 08:25:28,18.3677,20900,0,-383885,0
2018-05-03 08:25:28,689.6597719,20900,0,-14413889,0
2018-05-03 08:25:28,228.97182809,20900,0,-4785511,0
2018-05-03 08:26:36,1200.0,20875,0,25050000,1
2018-05-03 08:27:10,44.4,20890,0,-927516,0
2018-05-03 08:27:39,44.4,20880,0,927072,1
2018-05-03 08:28:49,431.9234,20870,0,-9014241,0
2018-05-03 08:29:22,10.0,20840,0,208400,1
2018-05-03 08:29:22,38.83,20840,0,809217,1
2018-05-03 08:29:23,19.9999,20840,0,416798,1
2018-05-03 08:29:46,21.8328,20870,0,-455651,0
2018-05-03 08:29:47,177.0981,20870,0,-3696037,0
2018-05-03 08:29:59,77.7228,20860,0,1621298,1
2018-05-03 08:29:59,300.0,20860,0,6258000,1
2018-05-03 08:30:30,19.338,20885,0,403874,1
2018-05-03 08:30:46,109.1456,20880,0,2278960,1
2018-05-03 08:30:50,14.5079,20880,0,302925,1
2018-05-03 08:31:20,262.99,20905,0,-5497806,0
2018-05-03 08:31:31,304.3001,20885,0,6355308,1
2018-05-03 08:32:47,75.0198,20870,0,-1565663,0
2018-05-03 08:33:45,14.8786,20850,0,310219,1
2018-05-03 08:33:53,0.8,20855,0,16684,1
2018-05-03 08:34:24,0.1,20850,0,2085,1
2018-05-03 08:34:24,57.47,20850,0,1198250,1
2018-05-03 08:34:28,0.4558,20855,0,9506,1
2018-05-03 08:34:49,10.0,20855,0,-208550,0
2018-05-03 08:35:00,72.8885,20850,0,-1519725,0
2018-05-03 08:35:00,19.8735,20850,0,-414362,0
2018-05-03 08:35:15,1.5939,20860,0,33249,1
2018-05-03 08:35:40,102.4835,20840,0,2135756,1
2018-05-03 08:36:24,5.0,20830,0,-104150,0
2018-05-03 08:36:40,5.0,20850,0,104250,1
2018-05-03 08:37:08,160.4162,20835,0,-3342272,0
2018-05-03 08:37:19,0.1763904,20850,0,-3678,0
2018-05-03 08:37:23,25.3969,20850,0,-529525,0
2018-05-03 08:37:27,290.0691,20870,0,-6053742,0
2018-05-03 08:37:32,211.0145,20875,0,-4404928,0
2018-05-03 08:38:55,91.8174,20845,0,1913934,1
2018-05-03 08:39:22,15.5585,20830,0,-324084,0
2018-05-03 08:40:57,40.2499,20825,0,838204,1
2018-05-03 08:41:27,139.5073,20830,0,-2905937,0
2018-05-03 08:41:27,489.9284,20830,0,-10205209,0
2018-05-03 08:43:35,3.9449,20795,0,82034,1
2018-05-03 08:43:35,500.0,20795,0,10397500,1
2018-05-03 08:43:35,0.1,20795,0,2080,1
2018-05-03 08:43:35,57.3005,20795,0,1191564,1
2018-05-03 08:43:35,30.0,20795,0,623850,1
2018-05-03 08:43:35,120.2213,20795,0,2500002,1
2018-05-03 08:43:35,0.1566,20795,0,3256,1
2018-05-03 08:43:43,488.2767,20785,0,10148831,1
2018-05-03 08:46:32,183.7565,20740,0,-3811110,0
2018-05-03 08:46:49,236.5854,20760,0,-4911513,0
2018-05-03 08:46:49,39.88,20760,0,-827909,0
2018-05-03 08:46:49,160.7845,20760,0,-3337886,0
2018-05-03 08:47:30,621.0064,20760,0,12892093,1
2018-05-03 08:51:01,1200.0,20830,0,-24996000,0
2018-05-03 08:51:27,361.9199,20815,0,7533363,1
2018-05-03 08:51:28,200.0,20815,0,4163000,1
2018-05-03 08:52:15,466.3411,20805,0,9702227,1
2018-05-03 08:52:15,171.739,20805,0,3573030,1
2018-05-03 08:54:14,354.7182,20810,0,-7381686,0
2018-05-03 08:54:15,15.0,20810,0,-312150,0
2018-05-03 08:54:18,268.3562,20820,0,-5587176,0
2018-05-03 08:54:18,366.7298,20820,0,-7635314,0
2018-05-03 08:54:19,1.04,20820,0,-21653,0
2018-05-03 08:54:19,15.0,20820,0,-312300,0
2018-05-03 08:54:19,100.4332,20820,0,-2091019,0
2018-05-03 08:54:19,11.5,20820,0,-239430,0
2018-05-03 08:54:19,67.2226,20820,0,-1399575,0
2018-05-03 08:56:00,170.6946,20780,0,3547034,1
2018-05-03 08:56:00,381.2745,20780,0,7922884,1
2018-05-03 08:56:00,641.1161,20780,0,13322393,1
2018-05-03 08:56:00,6.9148,20780,0,143690,1
2018-05-03 08:56:27,0.4916,20795,0,-10223,0
2018-05-03 08:59:38,17.5786,20790,0,-365459,0
2018-05-03 08:59:38,101.9303,20790,0,-2119131,0
2018-05-03 08:59:57,26.9675,20805,0,-561059,0
2018-05-03 09:00:17,20.0048,20805,0,416200,1
2018-05-03 09:00:17,126.9632,20805,0,2641469,1
2018-05-03 09:02:37,689.32001938,20855,0,-14375769,0
2018-05-03 09:02:37,500.0,20855,0,-10427500,0
2018-05-03 09:02:37,10.67998061,20855,0,-222731,0
2018-05-03 09:03:12,301.7432,20860,0,6294363,1
2018-05-03 09:04:12,7.323e-05,20920,0,2,1
2018-05-03 09:04:25,97.1643,20875,0,2028305,1
2018-05-03 09:04:25,801.0924,20875,0,16722804,1
2018-05-03 09:04:42,304.3655,20880,0,-6355152,0
2018-05-03 09:04:46,895.6345,20890,0,-18709805,0
2018-05-03 09:05:06,720.6493,20900,0,15061570,1
2018-05-03 09:05:06,0.2,20900,0,4180,1
2018-05-03 09:05:06,9.8542,20900,0,205953,1
2018-05-03 09:05:09,86.6,20900,0,1809940,1
2018-05-03 09:05:13,382.6965,20900,0,7998357,1
2018-05-03 09:07:32,34.3411,20835,0,-715497,0
2018-05-03 09:07:51,300.0,20840,0,-6252000,0
2018-05-03 09:07:59,0.8,20800,0,16640,1
2018-05-03 09:08:08,0.5,20825,0,10413,1
2018-05-03 09:08:52,96.3766,20825,0,-2007043,0
2018-05-03 09:08:52,156.26135631,20830,0,-3254924,0
2018-05-03 09:08:52,507.5599,20830,0,-10572473,0
2018-05-03 09:08:53,106.76104368,20830,0,-2223833,0
2018-05-03 09:09:05,108.3809,20810,0,2255407,1
2018-05-03 09:09:05,15.3,20810,0,318393,1
2018-05-03 09:09:05,73.4587,20810,0,1528676,1
2018-05-03 09:09:06,46.58,20810,0,969330,1
2018-05-03 09:09:41,232.3872,20770,0,4826682,1
2018-05-03 09:09:42,0.1637,20770,0,3400,1
2018-05-03 09:09:42,77.856,20770,0,1617069,1
2018-05-03 09:10:47,645.8735,20775,0,13418022,1
2018-05-03 09:11:43,222.7136,20770,0,-4625761,0
2018-05-03 09:11:43,121.2079,20770,0,-2517488,0
2018-05-03 09:11:43,106.4071,20770,0,-2210075,0
2018-05-03 09:11:43,87.5121,20770,0,-1817626,0
2018-05-03 09:11:43,4.796,20770,0,-99613,0
2018-05-03 09:11:43,90.0,20770,0,-1869300,0
2018-05-03 09:11:44,25.3826,20770,0,-527197,0
2018-05-03 09:12:19,658.0193,20760,0,13660481,1
2018-05-03 09:16:22,339.8058,20740,0,-7047572,0
2018-05-03 09:16:22,50.6394,20740,0,-1050261,0
2018-05-03 09:16:26,667.8093,20745,0,-13853704,0
2018-05-03 09:17:30,113.33,20750,0,2351598,1
2018-05-03 09:17:47,23.2375,20725,0,481597,1
2018-05-03 09:17:47,684.0554,20725,0,14177048,1
2018-05-03 09:17:48,2.7231,20725,0,56436,1
2018-05-03 09:17:48,96.17,20725,0,1993123,1
2018-05-03 09:17:51,2.0,20725,0,41450,1
2018-05-03 09:18:55,2.7586,20725,0,-57172,0
2018-05-03 09:19:24,139.4971,20700,0,2887590,1
2018-05-03 09:21:31,1200.0,20645,0,-24774000,0
2018-05-03 09:21:52,598.5982,20685,0,12382004,1
2018-05-03 09:21:56,139.2449,20680,0,2879585,1
2018-05-03 09:21:56,100.5786,20680,0,2079965,1
2018-05-03 09:21:57,174.0,20680,0,3598320,1
2018-05-03 09:21:57,149.4352,20680,0,3090320,1
2018-05-03 09:22:00,38.1431,20670,0,788418,1
2018-05-03 09:25:29,683.036,20575,0,-14053466,0
2018-05-03 09:27:36,683.036,20575,0,14053466,1
2018-05-03 09:28:05,1.0001,20590,0,-20592,0
2018-05-03 09:28:05,175.3903,20590,0,-3611286,0
2018-05-03 09:28:15,131.6377,20600,0,-2711737,0
2018-05-03 09:28:15,436.50244563,20600,0,-8991950,0
2018-05-03 09:28:15,455.46945436,20600,0,-9382671,0
2018-05-03 09:29:59,485.0841,20615,0,10000009,1
2018-05-03 09:29:59,5.9724,20615,0,123121,1
2018-05-03 09:30:03,37.8769,20605,0,780454,1
2018-05-03 09:30:03,52.5551,20605,0,1082898,1
2018-05-03 09:30:03,300.0,20605,0,6181500,1
2018-05-03 09:30:07,0.1,20610,0,2061,1
2018-05-03 09:30:07,318.4115,20610,0,6562461,1
2018-05-03 09:31:24,190.8053,20610,0,-3932497,0
2018-05-03 09:32:30,843.5516,20615,0,-17389816,0
2018-05-03 09:34:18,1034.3569,20610,0,21318096,1
2018-05-03 09:38:41,291.1689,20645,0,-6011182,0
2018-05-03 09:38:46,908.8311,20650,0,-18767362,0
2018-05-03 09:39:14,109.5193,20670,0,2263764,1
2018-05-03 09:39:15,61.0208,20670,0,1261300,1
2018-05-03 09:39:19,109.2476,20670,0,2258148,1
2018-05-03 09:39:27,761.6002,20670,0,15742276,1
2018-05-03 09:39:32,158.6121,20665,0,3277719,1
2018-05-03 09:40:48,152.0548,20655,0,-3140692,0
2018-05-03 09:40:53,90.8253,20650,0,-1875542,0
2018-05-03 09:40:53,142.1093,20650,0,-2934557,0
2018-05-03 09:41:34,0.1885,20640,0,3891,1
2018-05-03 09:41:34,0.1,20640,0,2064,1
2018-05-03 09:41:34,0.5793,20640,0,11957,1
2018-05-03 09:41:34,0.3,20640,0,6192,1
2018-05-03 09:41:34,42.1402,20640,0,869774,1
2018-05-03 09:41:34,115.6099,20640,0,2386188,1
2018-05-03 09:42:00,88.1857,20660,0,1821917,1
2018-05-03 09:42:01,8.3494,20660,0,172499,1
2018-05-03 09:42:09,129.5364,20655,0,2675574,1
2018-05-03 09:43:20,413.30139564,20650,0,-8534674,0
2018-05-03 09:43:23,73.42990435,20650,0,-1516328,0
2018-05-03 09:43:27,0.0001,20665,0,-2,0
2018-05-03 09:43:39,285.9396,20670,0,5910372,1
2018-05-03 09:43:39,21.7707,20670,0,450000,1
2018-05-03 09:43:40,78.171,20670,0,1615795,1
2018-05-03 09:44:01,174.1158,20670,0,-3598974,0
2018-05-03 09:44:01,97.488,20670,0,-2015077,0
2018-05-03 09:44:05,113.0787,20670,0,-2337337,0
2018-05-03 09:44:05,36.1305,20670,0,-746817,0
2018-05-03 09:44:19,53.0429,20685,0,-1097192,0
2018-05-03 09:44:23,13.55710512,20690,0,-280497,0
2018-05-03 09:44:23,6.3954,20690,0,-132321,0
2018-05-03 09:44:23,19.96999487,20690,0,-413179,0
2018-05-03 09:47:18,188.7974,20710,0,3909994,1
2018-05-03 09:47:19,425.8311,20710,0,8818962,1
2018-05-03 09:52:14,0.36,20660,0,-7438,0
2018-05-03 09:53:13,80.8708,20675,0,-1672004,0
2018-05-03 09:53:49,0.0001,20690,0,-2,0
2018-05-03 09:55:32,81.2309,20690,0,1680667,1
2018-05-03 09:57:20,26.3016,20650,0,-543128,0
2018-05-03 09:57:21,235.8485,20650,0,-4870272,0
2018-05-03 09:57:44,9.7,20640,0,-200208,0
2018-05-03 09:58:52,26.8903,20640,0,-555016,0
2018-05-03 09:59:10,427.3247,20655,0,-8826392,0
2018-05-03 10:00:29,5.4144,20760,0,112403,1
2018-05-03 10:00:29,7.0999,20760,0,147394,1
2018-05-03 10:01:52,11.0385,20710,0,228607,1
2018-05-03 10:04:18,144.3708,20700,0,2988476,1
2018-05-03 10:04:21,70.978,20700,0,1469245,1
2018-05-03 10:04:28,14.0177,20690,0,290026,1
2018-05-03 10:04:28,473.1458,20690,0,9789387,1
2018-05-03 10:09:38,6.539e-05,20635,0,-1,0
2018-05-03 10:09:42,90.0,20635,0,-1857150,0
2018-05-03 10:09:54,152.1763,20655,0,-3143201,0
2018-05-03 10:11:12,24.2411,20635,0,-500215,0
2018-05-03 10:11:12,49.0452,20635,0,-1012048,0
2018-05-03 10:12:05,55.6087686,20630,0,1147209,1
2018-05-03 10:12:05,39.34553139,20630,0,811698,1
2018-05-03 10:12:05,220.5083,20630,0,4549086,1
2018-05-03 10:12:27,48.1421,20630,0,-993172,0
2018-05-03 10:12:46,48.1421,20630,0,993172,1
2018-05-03 10:13:29,9.534e-05,20650,0,-2,0
2018-05-03 10:13:37,35.425,20660,0,-731881,0
2018-05-03 10:13:37,1038.1473,20660,0,-21448123,0
2018-05-03 10:16:12,214.68312104,20610,0,4424619,1
2018-05-03 10:16:12,102.9234,20610,0,2121251,1
2018-05-03 10:16:12,517.1955,20610,0,10659399,1
2018-05-03 10:16:15,4.0,20610,0,82440,1
2018-05-03 10:16:19,234.7704,20605,0,4837444,1
2018-05-03 10:20:31,96.5386,20600,0,-1988695,0
2018-05-03 10:22:46,9.785,20600,0,-201571,0
2018-05-03 10:23:05,10.0,20610,0,-206100,0
2018-05-03 10:23:42,8.064,20600,0,-166118,0
2018-05-03 10:23:48,40.9469,20610,0,843916,1
2018-05-03 10:25:14,73.8411,20600,0,-1521127,0
2018-05-03 10:25:19,535.2087,20610,0,-11030651,0
2018-05-03 10:26:48,692.4905,20650,0,14299929,1
2018-05-03 10:29:07,130.6484,20610,0,-2692664,0
2018-05-03 10:29:39,130.6484,20640,0,2696583,1
2018-05-03 10:32:49,10.0,20640,0,-206400,0
2018-05-03 10:32:53,18.2259,20640,0,-376183,0
2018-05-03 10:33:31,28.2259,20650,0,582865,1
2018-05-03 10:34:32,1200.0,20650,0,-24780000,0
2018-05-03 10:35:15,652.9576,20670,0,13496634,1
2018-05-03 10:35:17,44.31,20670,0,915888,1
2018-05-03 10:35:56,59.4624,20670,0,1229088,1
2018-05-03 10:35:59,1.516,20650,0,-31305,0
2018-05-03 10:36:15,755.2139,20645,0,-15591391,0
2018-05-03 10:41:43,3.7173,20705,0,76967,1
2018-05-03 10:42:09,13.5975,20705,0,281536,1
2018-05-03 10:43:57,296.1,20690,0,6126309,1
2018-05-03 10:43:57,56.3184,20690,0,1165228,1
2018-05-03 10:43:57,358.0556,20690,0,7408170,1
2018-05-03 10:43:57,18.9806,20690,0,392709,1
2018-05-03 10:43:58,35.5584,20690,0,735703,1
2018-05-03 10:44:01,77.905,20695,0,1612244,1
2018-05-03 10:44:01,65.8883,20695,0,1363558,1
2018-05-03 10:44:01,46.98,20695,0,972251,1
2018-05-03 10:44:05,143.5401,20685,0,2969127,1
2018-05-03 10:44:06,80.86,20685,0,1672589,1
2018-05-03 10:45:09,2.4987,20710,0,51748,1
2018-05-03 10:48:21,865.9885,20735,0,-17956272,0
2018-05-03 10:53:46,20.0,20770,0,415400,1
2018-05-03 10:54:29,773.8828,20750,0,16058068,1
2018-05-03 10:54:29,6.874,20750,0,142636,1
2018-05-03 10:54:30,47.64067469,20750,0,988544,1
2018-05-03 10:54:56,657.92575662,20750,0,-13651959,0
2018-05-03 10:54:56,91.86494337,20750,0,-1906198,0
2018-05-03 10:55:37,11.7303,20740,0,243286,1
2018-05-03 10:55:41,51.3356,20730,0,1064187,1
2018-05-03 10:55:41,37.745,20730,0,782454,1
2018-05-03 10:55:45,426.2045,20720,0,8830957,1
2018-05-03 10:55:45,137.842,20720,0,2856086,1
2018-05-03 10:55:49,0.1,20710,0,2071,1
2018-05-03 10:55:50,0.2,20710,0,4142,1
2018-05-03 10:55:55,13.7547,20700,0,284722,1
2018-05-03 10:55:55,6.0,20700,0,124200,1
2018-05-03 10:55:55,50.0,20700,0,1035000,1
2018-05-03 10:55:55,32.4696,20700,0,672121,1
2018-05-03 10:56:01,7.568,20700,0,-156658,0
2018-05-03 10:57:08,0.6849,20710,0,14184,1
2018-05-03 10:57:08,6.8831,20710,0,142549,1
2018-05-03 10:58:28,49.4351,20670,0,-1021824,0
2018-05-03 10:59:19,49.4351,20685,0,1022565,1
2018-05-03 11:00:38,35.25,20680,0,-728970,0
2018-05-03 11:00:43,51.567,20700,0,-1067437,0
2018-05-03 11:00:43,54.0,20700,0,-1117800,0
2018-05-03 11:00:43,18.5002,20700,0,-382954,0
2018-05-03 11:00:44,273.0714,20700,0,-5652578,0
2018-05-03 11:00:44,15.0,20700,0,-310500,0
2018-05-03 11:00:44,6.4385,20700,0,-133277,0
2018-05-03 11:00:44,495.3265,20700,0,-10253259,0
2018-05-03 11:00:44,29.955,20700,0,-620069,0
2018-05-03 11:00:44,107.5768,20700,0,-2226840,0
2018-05-03 11:00:45,15.0,20700,0,-310500,0
2018-05-03 11:00:45,98.3146,20700,0,-2035112,0
2018-05-03 11:01:23,61.235,20690,0,1266952,1
2018-05-03 11:01:23,253.0173,20690,0,5234928,1
2018-05-03 11:01:23,8.3288,20690,0,172323,1
2018-05-03 11:01:27,781.14520986,20670,0,16146271,1
2018-05-03 11:01:27,96.27369013,20670,0,1989977,1
2018-05-03 11:02:26,3.3226,20680,0,-68711,0
2018-05-03 11:03:08,0.45,20675,0,-9304,0
2018-05-03 11:03:53,3.7726,20680,0,78017,1
2018-05-03 11:08:47,17.6298,20625,0,-363615,0
2018-05-03 11:10:04,17.6298,20635,0,363791,1
2018-05-03 11:12:51,1200.0,20635,0,-24762000,0
2018-05-03 11:13:15,1200.0,20630,0,24756000,1
2018-05-03 11:14:57,795.9653,20640,0,-16428724,0
2018-05-03 11:17:22,782.5901,20635,0,16148747,1
2018-05-03 11:17:23,12.97,20635,0,267636,1
2018-05-03 11:23:53,0.7179,20630,0,-14810,0
2018-05-03 11:23:53,46.0,20630,0,-948980,0
2018-05-03 11:24:46,14.0,20615,0,288610,1
2018-05-03 11:24:46,33.1231,20610,0,682667,1
2018-05-03 11:26:28,68.7,20640,0,-1417968,0
2018-05-03 11:29:43,48.1309,20620,0,992459,1
2018-05-03 11:29:48,10.377,20625,0,214026,1
2018-05-03 11:30:49,667.5232,20640,0,-13777679,0
2018-05-03 11:32:37,42.2088,20630,0,870768,1
2018-05-03 11:32:37,0.1549,20630,0,3196,1
2018-05-03 11:32:37,90.1185,20630,0,1859145,1
2018-05-03 11:32:41,545.2331,20625,0,11245433,1
2018-05-03 11:46:35,99.95,20590,0,-2057971,0
2018-05-03 11:46:49,99.95,20590,0,2057971,1
2018-05-03 11:50:29,25.9611,20595,0,-534669,0
2018-05-03 11:50:33,11.6271,20605,0,-239576,0
2018-05-03 11:51:14,1162.4118,20610,0,-23957307,0
2018-05-03 11:57:56,18.8854,20605,0,389134,1
2018-05-03 11:57:57,0.1,20605,0,2061,1
2018-05-03 11:58:04,1181.0146,20590,0,24317091,1
2018-05-03 11:58:39,1200.0,20595,0,-24714000,0
2018-05-03 11:59:05,1.0,20605,0,20605,1
2018-05-03 12:02:22,822.4336,20655,0,16987366,1
2018-05-03 12:02:26,376.5664,20640,0,7772330,1
2018-05-03 12:04:19,121.2925,20630,0,-2502264,0
2018-05-03 12:04:19,50.3347,20630,0,-1038405,0
2018-05-03 12:04:19,438.6641,20630,0,-9049640,0
2018-05-03 12:07:04,132.0,20670,0,2728440,1
2018-05-03 12:07:08,478.2913,20670,0,9886281,1
2018-05-03 12:10:12,381.5541,20605,0,-7861922,0
2018-05-03 12:10:20,219.9095,20600,0,4530136,1
2018-05-03 12:10:20,5.4945,20600,0,113187,1
2018-05-03 12:10:20,4.12,20600,0,84872,1
2018-05-03 12:10:25,11.3566,20600,0,233946,1
2018-05-03 12:10:39,218.5788,20610,0,-4504909,0
2018-05-03 12:10:59,840.7477,20595,0,-17315199,0
2018-05-03 12:13:04,125.91726001,20620,0,2596414,1
2018-05-03 12:14:48,684.4578,20600,0,14099831,1
2018-05-03 12:14:48,34.8616,20600,0,718149,1
2018-05-03 12:14:49,354.7634,20600,0,7308126,1
2018-05-03 12:18:13,91.7681,20545,0,-1885376,0
2018-05-03 12:18:42,121.7898,20580,0,-2506434,0
2018-05-03 12:18:48,746.2062,20615,0,-15383041,0
2018-05-03 12:19:34,31.5119,20575,0,648357,1
2018-05-03 12:19:34,67.9429,20575,0,1397925,1
2018-05-03 12:19:47,860.3093,20580,0,17705165,1
2018-05-03 12:22:27,20.2151,20570,0,-415825,0
2018-05-03 12:23:47,4.9341,20600,0,101642,1
2018-05-03 12:24:16,8.2375,20600,0,169693,1
2018-05-03 12:25:29,180.20106381,20605,0,-3713043,0
2018-05-03 12:26:41,187.2446,20595,0,3856303,1
2018-05-03 12:35:17,1200.0,20560,0,-24672000,0
2018-05-03 12:39:05,291.6473,20560,0,5996268,1
2018-05-03 12:39:05,260.85,20560,0,5363076,1
2018-05-03 12:39:15,0.5,20560,0,10280,1
2018-05-03 12:39:36,543.6379,20550,0,11171759,1
2018-05-03 12:39:37,103.3648,20550,0,2124147,1
2018-05-03 12:40:16,2.1608,20525,0,-44350,0
2018-05-03 12:40:43,1.9669,20540,0,40400,1
2018-05-03 12:42:32,653.777,20530,0,-13422042,0
2018-05-03 12:43:02,222.5,20525,0,4566813,1
2018-05-03 12:43:02,19.1132,20525,0,392298,1
2018-05-03 12:43:02,6.3372,20525,0,130071,1
2018-05-03 12:43:03,406.0205,20525,0,8333571,1
2018-05-03 12:43:21,316.81004859,20530,0,-6504110,0
2018-05-03 12:43:22,15.0,20530,0,-307950,0
2018-05-03 12:43:25,593.72230774,20535,0,-12192088,0
2018-05-03 12:43:26,21.988,20535,0,-451524,0
2018-05-03 12:43:26,252.47969225,20535,0,-5184670,0
2018-05-03 12:45:13,15.9049,20520,0,326369,1
2018-05-03 12:45:15,48.638,20520,0,998052,1
2018-05-03 12:45:17,0.1557,20520,0,3195,1
2018-05-03 12:45:23,718.2,20505,0,14726691,1
2018-05-03 12:45:30,5.2,20550,0,106860,1
2018-05-03 12:45:31,49.8261,20550,0,1023926,1
2018-05-03 12:45:52,492.8586,20585,0,-10145494,0
2018-05-03 12:45:52,106.06,20585,0,-2183245,0
2018-05-03 12:47:06,89.9264,20630,0,1855182,1
2018-05-03 12:47:07,2.4194,20630,0,49912,1
2018-05-03 12:47:07,11.4048,20630,0,235281,1
2018-05-03 12:47:07,857.2433,20630,0,17684929,1
2018-05-03 12:47:12,4.5453,20615,0,-93701,0
2018-05-03 12:47:16,179.8,20600,0,-3703880,0
2018-05-03 12:47:20,200.11,20615,0,-4125268,0
2018-05-03 12:47:24,190.11,20615,0,-3919118,0
2018-05-03 12:47:33,51.3449,20600,0,-1057705,0
2018-05-03 12:50:26,437.9704,20615,0,9028760,1
2018-05-03 12:50:29,187.9398,20610,0,3873439,1
2018-05-03 12:54:06,201.7976,20625,0,-4162076,0
2018-05-03 12:54:11,38.2783,20615,0,-789107,0
2018-05-03 12:55:04,48.34913116,20635,0,997684,1
2018-05-03 12:55:49,153.4451,20625,0,3164805,1
2018-05-03 12:55:50,38.2817,20625,0,789560,1
2018-05-03 12:57:54,154.0701,20580,0,-3170763,0
2018-05-03 12:58:19,0.2,20580,0,4116,1
2018-05-03 12:59:44,48.5909,20585,0,-1000244,0
2018-05-03 12:59:44,12.3168,20580,0,-253480,0
2018-05-03 12:59:52,256.3055,20590,0,-5277330,0
2018-05-03 12:59:57,6.802e-05,20595,0,-1,0
2018-05-03 13:00:01,150.8349,20595,0,-3106445,0
2018-05-03 13:00:01,9.0229,20600,0,-185872,0
2018-05-03 13:00:01,230.4885,20600,0,-4748063,0
2018-05-03 13:00:01,338.5704,20600,0,-6974550,0
2018-05-03 13:01:52,1200.0,20600,0,24720000,1
2018-05-03 13:04:20,50.8,20590,0,-1045972,0
2018-05-03 13:04:57,50.8,20600,0,1046480,1
2018-05-03 13:06:39,8.515e-05,20610,0,-2,0
2018-05-03 13:07:28,717.55459941,20620,0,-14795976,0
2018-05-03 13:07:28,1.0586,20620,0,-21828,0
2018-05-03 13:07:28,49.925,20620,0,-1029454,0
2018-05-03 13:07:29,80.54975063,20620,0,-1660936,0
2018-05-03 13:07:29,6.1802,20620,0,-127436,0
2018-05-03 13:07:29,344.73174995,20620,0,-7108369,0
2018-05-03 13:11:17,209.78523375,20605,0,4322625,1
2018-05-03 13:11:17,23.0527,20605,0,475001,1
2018-05-03 13:11:17,50.9733,20605,0,1050305,1
2018-05-03 13:11:18,113.9616,20605,0,2348179,1
2018-05-03 13:11:18,9.1803,20605,0,189160,1
2018-05-03 13:11:18,53.519,20605,0,1102759,1
2018-05-03 13:11:18,10.0,20605,0,206050,1
2018-05-03 13:11:18,179.6902,20605,0,3702517,1
2018-05-03 13:11:18,6.5478,20605,0,134917,1
2018-05-03 13:11:19,278.1876,20605,0,5732055,1
2018-05-03 13:11:19,136.9,20605,0,2820825,1
2018-05-03 13:11:19,125.4002,20605,0,2583871,1
2018-05-03 13:11:21,2.8021,20600,0,57723,1
2018-05-03 13:12:54,113.7004,20590,0,-2341091,0
2018-05-03 13:12:54,79.8284,20590,0,-1643667,0
2018-05-03 13:13:27,11.9862,20595,0,246856,1
2018-05-03 13:13:27,25.0185,20595,0,515256,1
2018-05-03 13:13:28,156.5241,20595,0,3223614,1
2018-05-03 13:24:48,28.7649,20565,0,-591550,0
2018-05-03 13:24:48,14.0,20565,0,-287910,0
2018-05-03 13:25:05,37.3581,20560,0,768083,1
2018-05-03 13:25:06,5.4068,20560,0,111164,1
2018-05-03 13:26:58,87.083,20550,0,-1789556,0
2018-05-03 13:26:58,18.6057,20550,0,-382347,0
2018-05-03 13:26:59,49.5,20550,0,-1017225,0
2018-05-03 13:26:59,57.657,20550,0,-1184851,0
2018-05-03 13:27:06,47.6569,20550,0,-979349,0
2018-05-03 13:27:44,57.657,20550,0,-1184851,0
2018-05-03 13:27:48,1.5,20560,0,-30840,0
2018-05-03 13:27:48,30.0,20560,0,-616800,0
2018-05-03 13:27:48,400.3701,20560,0,-8231609,0
2018-05-03 13:27:48,235.99427198,20560,0,-4852042,0
2018-05-03 13:27:48,26.7657,20560,0,-550303,0
2018-05-03 13:27:49,23.07532801,20560,0,-474429,0
2018-05-03 13:28:53,14.3428,20540,0,294601,1
2018-05-03 13:31:33,83.49270184,20590,0,1719115,1
2018-05-03 13:32:05,51.3259,20575,0,1056030,1
2018-05-03 13:32:05,334.7853,20575,0,6888208,1
2018-05-03 13:32:05,91.9905,20575,0,1892705,1
2018-05-03 13:32:09,459.9278,20570,0,9460715,1
2018-05-03 13:33:52,387.24,20560,0,-7961654,0
2018-05-03 13:34:25,2.5731,20565,0,-52916,0
2018-05-03 13:35:35,436.7595,20570,0,-8984143,0
2018-05-03 13:36:46,57.656,20575,0,1186272,1
2018-05-03 13:36:46,26.6904,20575,0,549155,1
2018-05-03 13:36:47,742.2262,20575,0,15271304,1
2018-05-03 13:37:26,11.8873,20580,0,-244641,0
2018-05-03 13:37:34,149.444,20580,0,-3075558,0
2018-05-03 13:41:17,329.5273,20550,0,-6771786,0
2018-05-03 13:41:32,490.8586,20550,0,10087144,1
2018-05-03 13:42:55,2.9,20565,0,-59639,0
2018-05-03 13:44:31,2.9,20565,0,59639,1
2018-05-03 13:46:15,86.8297,20560,0,-1785219,0
2018-05-03 13:47:36,11.5509,20560,0,237487,1
2018-05-03 13:47:36,75.2788,20560,0,1547732,1
2018-05-03 13:53:45,29.8392,20540,0,-612897,0
2018-05-03 13:54:11,28.3399,20540,0,582102,1
2018-05-03 13:54:12,1.4993,20540,0,30796,1
2018-05-03 13:55:50,1000.0,20575,0,-20575000,0
2018-05-03 13:56:19,57.573,20565,0,1183989,1
2018-05-03 13:56:22,942.427,20560,0,19376299,1
2018-05-03 14:00:50,38.3355,20560,0,-788178,0
2018-05-03 14:03:50,57.652,20605,0,-1187919,0
2018-05-03 14:03:50,1104.0125,20605,0,-22748178,0
2018-05-03 14:04:29,1200.0,20595,0,24714000,1
2018-05-03 14:08:26,266.9923606,20630,0,-5508052,0
2018-05-03 14:08:26,30.0,20630,0,-618900,0
2018-05-03 14:08:26,54.5814,20630,0,-1126014,0
2018-05-03 14:08:32,14.8495,20630,0,-306345,0
2018-05-03 14:10:44,29.17808953,20640,0,-602236,0
2018-05-03 14:10:49,804.3987,20645,0,-16606811,0
2018-05-03 14:12:30,324.5388,20650,0,6701726,1
2018-05-03 14:12:34,1.1,20650,0,22715,1
2018-05-03 14:12:38,584.32806047,20645,0,12063453,1
2018-05-03 14:12:54,207.3,20620,0,4274526,1
2018-05-03 14:12:54,10.0,20620,0,206200,1
2018-05-03 14:13:12,30.9079,20655,0,638403,1
2018-05-03 14:14:38,36.6606,20640,0,756675,1
2018-05-03 14:14:42,5.1647,20630,0,106548,1
2018-05-03 14:15:13,1.3675,20610,0,-28184,0
2018-05-03 14:16:34,0.0001,20600,0,-2,0
2018-05-03 14:16:38,25.624,20600,0,-527854,0
2018-05-03 14:16:46,0.4733,20600,0,-9750,0
2018-05-03 14:16:46,15.8014,20600,0,-325509,0
2018-05-03 14:17:00,260.03015254,20610,0,-5359221,0
2018-05-03 14:17:00,41.69994745,20610,0,-859436,0
2018-05-03 14:17:33,239.1,20600,0,4925460,1
2018-05-03 14:17:33,105.0802,20600,0,2164652,1
2018-05-03 14:17:33,0.8162,20600,0,16814,1
2018-05-03 14:43:30,37.8571,20270,0,-767363,0
2018-05-03 14:43:34,385.6643,20265,0,-7815487,0
2018-05-03 14:43:39,7.6,20295,0,-154242,0
2018-05-03 14:43:39,161.6463,20295,0,-3280612,0
2018-05-03 14:43:42,291.6056,20290,0,-5916678,0
2018-05-03 14:44:05,47.229,20210,0,954498,1
2018-05-03 14:44:05,837.1443,20210,0,16918686,1
2018-05-03 14:45:13,1200.0,20240,0,-24288000,0
2018-05-03 14:45:50,494.5597,20180,0,9980215,1
2018-05-03 14:45:50,705.4403,20180,0,14235785,1
2018-05-03 14:46:03,482.7416,20175,0,-9739312,0
2018-05-03 14:46:14,307.4395,20160,0,-6197980,0
2018-05-03 14:46:36,10.6,20105,0,213113,1
2018-05-03 14:46:36,4.2,20105,0,84441,1
2018-05-03 14:46:36,10.6,20105,0,213113,1
2018-05-03 14:46:36,3.2,20105,0,64336,1
2018-05-03 14:46:37,9.3284,20105,0,187547,1
2018-05-03 14:46:37,6.4,20105,0,128672,1
2018-05-03 14:46:48,622.6,20055,0,12486243,1
2018-05-03 14:46:49,20.0,20055,0,401100,1
2018-05-03 14:46:49,0.5075,20055,0,10178,1
2018-05-03 14:46:49,50.0,20055,0,1002750,1
2018-05-03 14:46:52,10.0,20050,0,200500,1
2018-05-03 14:46:58,42.7452,20020,0,855759,1
2018-05-03 14:49:22,150.6783,19945,0,-3005279,0
2018-05-03 14:49:29,10.0,19920,0,199200,1
2018-05-03 14:49:29,54.0,19920,0,1075680,1
2018-05-03 14:49:34,19.9999,19900,0,397998,1
2018-05-03 14:49:41,66.6784,19885,0,1325900,1
2018-05-03 14:50:05,239.4925,19880,0,-4761111,0
2018-05-03 14:50:06,2.0,19880,0,-39760,0
2018-05-03 14:50:06,336.7346,19880,0,-6694284,0
2018-05-03 14:50:12,495.0,19870,0,-9835650,0
2018-05-03 14:50:38,1073.2271,19905,0,21362585,1
2018-05-03 14:51:20,51.3278,19900,0,-1021423,0
2018-05-03 14:51:44,41.3278,19890,0,822010,1
2018-05-03 14:51:44,10.0,19890,0,198900,1
2018-05-03 14:53:14,59.7934,19900,0,-1189889,0
2018-05-03 14:53:18,59.7934,20005,0,1196167,1
2018-05-03 14:53:59,50.0,19925,0,-996250,0
2018-05-03 14:54:29,1150.0,19900,0,-22885000,0
2018-05-03 14:55:04,218.13316867,19920,0,4345213,1
2018-05-03 14:55:04,58.8463,19910,0,1171630,1
2018-05-03 14:55:08,923.0205,19900,0,18368108,1
2018-05-03 14:55:41,7.6134,19875,0,-151316,0
2018-05-03 14:55:55,7.6134,19865,0,151240,1
2018-05-03 14:56:21,721.1379,19720,0,-14220839,0
2018-05-03 14:56:22,36.6112,19720,0,-721973,0
2018-05-03 14:57:04,757.7491,19700,0,14927657,1
2018-05-03 14:57:54,27.4478,19705,0,-540859,0
2018-05-03 14:58:38,27.4478,19755,0,542231,1
2018-05-03 15:05:14,134.8814,19305,0,-2603885,0
2018-05-03 15:05:25,0.0201,19315,0,388,1
2018-05-03 15:05:25,134.8613,19315,0,2604846,1
2018-05-03 15:05:39,184.8814,19325,0,-3572833,0
2018-05-03 15:05:54,184.8814,19360,0,3579304,1
2018-05-03 15:07:38,1200.0,19475,0,-23370000,0
2018-05-03 15:08:14,0.7119877,19520,0,13898,1
2018-05-03 15:08:14,4.4543,19520,0,86948,1
2018-05-03 15:08:33,100.0,19410,0,1941000,1
2018-05-03 15:08:33,201.6535,19410,0,3914094,1
2018-05-03 15:08:37,84.356,19390,0,1635663,1
2018-05-03 15:08:37,38.6498,19390,0,749420,1
2018-05-03 15:08:37,10.4467,19390,0,202562,1
2018-05-03 15:09:30,759.7277,19570,0,14867871,1
2018-05-03 15:10:11,25.5241,19615,0,-500655,0
2018-05-03 15:10:30,25.5241,19590,0,500017,1
2018-05-03 15:13:21,173.8,19645,0,-3414301,0
2018-05-03 15:13:31,100.0,19635,0,1963500,1
2018-05-03 15:14:13,53.9012,19650,0,1059159,1
2018-05-03 15:14:14,19.8988,19650,0,391011,1
2018-05-03 15:17:15,52.685,19615,0,-1033416,0
2018-05-03 15:17:36,237.0769,19635,0,-4655005,0
2018-05-03 15:17:48,289.7619,19655,0,5695270,1
2018-05-03 15:18:13,531.0602,19590,0,-10403469,0
2018-05-03 15:18:18,57.0213,19600,0,-1117617,0
2018-05-03 15:18:37,135.8588,19640,0,2668267,1
2018-05-03 15:18:50,58.7013,19615,0,1151426,1
2018-05-03 15:18:54,393.5214,19620,0,7720890,1
2018-05-03 15:21:27,175.3935,19625,0,-3442097,0
2018-05-03 15:21:31,1024.6065,19620,0,-20102780,0
2018-05-03 15:23:05,97.06886334,19575,0,1900123,1
2018-05-03 15:23:06,102.897,19575,0,2014209,1
2018-05-03 15:24:28,25.0,19580,0,489500,1
2018-05-03 15:24:28,72.0641,19580,0,1411015,1
2018-05-03 15:24:40,22.8138,19520,0,445325,1
2018-05-03 15:24:43,880.1563,19515,0,17176250,1
2018-05-03 15:26:16,3.623e-05,19430,0,-1,0
2018-05-03 15:26:20,1200.0,19440,0,-23328000,0
2018-05-03 15:28:49,190.413,19530,0,3718766,1
2018-05-03 15:28:49,12.794,19530,0,249867,1
2018-05-03 15:28:49,143.7689,19530,0,2807807,1
2018-05-03 15:28:50,38.5826,19530,0,753518,1
2018-05-03 15:31:39,81.8878,19620,0,1606639,1
2018-05-03 15:32:17,270.9184,19625,0,5316774,1
2018-05-03 15:32:17,33.1391,19625,0,650355,1
2018-05-03 15:32:30,20.0,19585,0,391700,1
2018-05-03 15:32:30,40.4422,19585,0,792060,1
2018-05-03 15:32:30,27.805,19585,0,544561,1
2018-05-03 15:32:30,58.613,19585,0,1147936,1
2018-05-03 15:32:30,12.1223,19585,0,237415,1
2018-05-03 15:32:31,269.4883,19585,0,5277928,1
2018-05-03 15:34:03,547.0388,19560,0,-10700079,0
2018-05-03 15:34:04,305.3716,19560,0,-5973068,0
2018-05-03 15:34:23,129.6221,19570,0,2536704,1
2018-05-03 15:34:30,39.2854,19590,0,769601,1
2018-05-03 15:36:04,683.5283,19670,0,13445002,1
2018-05-03 15:38:12,1200.0,19750,0,-23700000,0
2018-05-03 15:38:40,23.0572,19775,0,455956,1
2018-05-03 15:38:44,5.2,19740,0,102648,1
2018-05-03 15:38:52,10.0,19730,0,197300,1
2018-05-03 15:39:48,43.2255,19770,0,854568,1
2018-05-03 15:39:53,2.9,19745,0,57261,1
2018-05-03 15:39:53,57.32773886,19745,0,1131936,1
2018-05-03 15:39:54,33.3591,19745,0,658675,1
2018-05-03 15:41:46,98.0067,19780,0,1938573,1
2018-05-03 15:41:51,298.8867,19765,0,5907496,1
2018-05-03 15:41:56,475.8124,19750,0,9397295,1
2018-05-03 15:41:56,17.1607,19750,0,338924,1
2018-05-03 15:41:56,25.3164,19750,0,499999,1
2018-05-03 15:41:56,4.676,19750,0,92351,1
2018-05-03 15:41:57,105.0716,19750,0,2075164,1
2018-05-03 15:43:31,33.4,19815,0,-661821,0
2018-05-03 15:43:42,33.4,19820,0,661988,1
2018-05-03 15:45:32,59.973,19755,0,-1184767,0
2018-05-03 15:45:32,133.2944,19755,0,-2633231,0
2018-05-03 15:45:52,193.2674,19790,0,3824762,1
2018-05-03 15:47:19,1200.0,19600,0,-23520000,0
2018-05-03 15:47:48,89.9075,19610,0,1763086,1
2018-05-03 15:47:48,50.0,19610,0,980500,1
2018-05-03 15:47:48,16.9848,19610,0,333072,1
2018-05-03 15:47:48,300.0,19610,0,5883000,1
2018-05-03 15:47:48,460.8402,19610,0,9037076,1
2018-05-03 15:47:48,73.153,19620,0,1435262,1
2018-05-03 15:47:54,209.1145,19610,0,4100735,1
2018-05-03 15:48:12,81.0377,19670,0,-1594012,0
2018-05-03 15:48:56,1042.55143807,19700,0,-20538263,0
2018-05-03 15:48:57,76.41086192,19700,0,-1505294,0
2018-05-03 15:49:28,1200.0,19725,0,23670000,1
2018-05-03 15:52:25,45.7858,19650,0,-899691,0
2018-05-03 15:52:44,239.5225,19645,0,-4705420,0
2018-05-03 15:52:44,141.0,19645,0,-2769945,0
2018-05-03 15:52:45,5.7708,19645,0,-113367,0
2018-05-03 15:52:45,1.1303,19645,0,-22205,0
2018-05-03 15:52:48,175.6748,19655,0,-3452888,0
2018-05-03 15:56:20,608.8842,19675,0,11979797,1
2018-05-03 15:58:36,964.8046,19600,0,-18910170,0
2018-05-03 15:58:36,227.1091,19600,0,-4451338,0
2018-05-03 15:58:37,8.0863,19600,0,-158491,0
2018-05-03 15:59:58,493.622,19620,0,9684864,1
2018-05-03 16:00:03,478.7319,19615,0,9390326,1
2018-05-03 16:00:03,1.0,19615,0,19615,1
2018-05-03 16:00:03,226.6461,19615,0,4445663,1
2018-05-03 16:00:24,6.3078,19615,0,-123727,0
2018-05-03 16:00:35,6.3078,19610,0,123696,1
2018-05-03 16:00:57,797.9908,19630,0,-15664559,0
2018-05-03 16:03:26,193.551,19590,0,3791664,1
2018-05-03 16:03:26,104.4293,19590,0,2045770,1
2018-05-03 16:03:26,490.0105,19590,0,9599306,1
2018-05-03 16:03:26,10.0,19590,0,195900,1
2018-05-03 16:05:52,44.041,19530,0,-860121,0
2018-05-03 16:06:29,1.997,19560,0,-39061,0
2018-05-03 16:06:41,46.038,19580,0,901424,1
2018-05-03 16:07:12,183.7552,19570,0,-3596089,0
2018-05-03 16:07:23,19.5228,19560,0,-381866,0
2018-05-03 16:07:24,18.681,19560,0,-365400,0
2018-05-03 16:08:15,95.35619149,19635,0,-1872319,0
2018-05-03 16:08:15,14.3720085,19635,0,-282194,0
2018-05-03 16:08:25,8.0311,19645,0,-157771,0
2018-05-03 16:09:29,2.2661,19615,0,44450,1
2018-05-03 16:09:31,277.8142,19610,0,5447936,1
2018-05-03 16:09:31,59.638,19610,0,1169501,1
2018-05-03 16:14:02,288.3716,19540,0,-5634781,0
2018-05-03 16:14:47,288.3716,19530,0,5631897,1
2018-05-03 16:14:53,186.2537,19550,0,-3641260,0
2018-05-03 16:15:09,186.2537,19550,0,3641260,1
2018-05-03 16:19:05,1200.0,19540,0,-23448000,0
2018-05-03 16:20:01,1200.0,19550,0,23460000,1
2018-05-03 16:21:09,31.952,19580,0,-625620,0
2018-05-03 16:22:15,31.952,19620,0,626898,1
2018-05-03 16:25:19,464.7053,19595,0,-9105900,0
2018-05-03 16:25:39,10.0,19580,0,195800,1
2018-05-03 16:25:39,124.6971,19580,0,2441569,1
2018-05-03 16:25:40,6.1356,19580,0,120135,1
2018-05-03 16:25:40,14.0,19580,0,274120,1
2018-05-03 16:25:40,50.5401,19580,0,989575,1
2018-05-03 16:27:23,259.3325,19595,0,5081620,1
2018-05-03 16:34:04,433.8509,19570,0,-8490462,0
2018-05-03 16:34:23,36.8204,19570,0,720575,1
2018-05-03 16:34:23,202.8678,19570,0,3970123,1
2018-05-03 16:34:48,30.6,19560,0,598536,1
2018-05-03 16:35:56,51.268,19565,0,1003058,1
2018-05-03 16:36:00,112.2947,19550,0,2195361,1
2018-05-03 16:37:59,58.33420204,19600,0,-1143350,0
2018-05-03 16:37:59,0.0001,19605,0,-2,0
2018-05-03 16:37:59,263.90979795,19605,0,-5173952,0
2018-05-03 16:38:50,322.2441,19590,0,6312762,1
2018-05-03 16:44:06,307.9594,19450,0,-5989810,0
2018-05-03 16:44:07,123.5381,19450,0,-2402816,0
2018-05-03 16:45:22,339.3722,19380,0,6577033,1
2018-05-03 16:45:22,92.1253,19380,0,1785388,1
2018-05-03 16:45:55,823.11517741,19375,0,-15947857,0
2018-05-03 16:47:03,0.1,19380,0,1938,1
2018-05-03 16:47:03,11.0,19380,0,213180,1
2018-05-03 16:47:37,15.7707,19360,0,305321,1
2018-05-03 16:47:38,5.0989,19360,0,98715,1
2018-05-03 16:47:38,2.0446,19360,0,39583,1
2018-05-03 16:47:38,16.0,19360,0,309760,1
2018-05-03 16:47:38,3.4929,19360,0,67623,1
2018-05-03 16:47:38,58.6035,19360,0,1134564,1
2018-05-03 16:47:38,528.5782,19360,0,10233274,1
2018-05-03 16:47:38,0.5,19360,0,9680,1
2018-05-03 16:47:39,181.9263,19360,0,3522093,1
2018-05-03 16:49:03,274.7564,19280,0,-5297303,0
2018-05-03 16:49:05,195.4168,19285,0,-3768613,0
2018-05-03 16:49:21,7.99997253,19295,0,-154359,0
2018-05-03 16:49:21,175.65732746,19295,0,-3389308,0
2018-05-03 16:50:15,653.8305,19290,0,12612390,1
2018-05-03 16:50:35,129.75748683,19295,0,-2503671,0
2018-05-03 16:50:44,1.0001,19315,0,-19317,0
2018-05-03 16:50:44,139.9975,19315,0,-2704052,0
2018-05-03 16:50:48,702.8995,19320,0,-13580018,0
2018-05-03 16:50:49,226.3454,19320,0,-4372993,0
2018-05-03 16:51:40,726.0379,19430,0,14106916,1
2018-05-03 16:51:40,74.2333,19430,0,1442353,1
2018-05-03 16:51:50,26.9461,19435,0,-523697,0
2018-05-03 16:51:50,192.5637,19435,0,-3742476,0
2018-05-03 16:52:18,32.1,19430,0,623703,1
2018-05-03 16:52:31,108.07861946,19410,0,2097806,1
2018-05-03 16:52:31,468.75608053,19410,0,9098556,1
2018-05-03 16:52:31,10.3039,19410,0,199999,1
2018-05-03 16:52:46,111.289,19395,0,-2158450,0
2018-05-03 16:52:51,1088.711,19390,0,-21110106,0
2018-05-03 16:54:44,67.4944,19440,0,1312091,1
2018-05-03 16:54:44,185.3266,19440,0,3602749,1
2018-05-03 16:55:25,1.0,19460,0,19460,1
2018-05-03 16:56:40,946.179,19400,0,18355873,1
2018-05-03 16:56:58,199.7371,19400,0,-3874900,0
2018-05-03 16:57:56,37.0616,19410,0,-719366,0
2018-05-03 16:59:44,236.7987,19435,0,4602183,1
2018-05-03 17:02:14,1200.0,19350,0,-23220000,0
2018-05-03 17:03:52,219.06,19330,0,4234430,1
2018-05-03 17:03:52,16.84,19330,0,325517,1
2018-05-03 17:03:59,1.1,19270,0,21197,1
2018-05-03 17:03:59,11.1,19270,0,213897,1
2018-05-03 17:03:59,3.7,19270,0,71299,1
2018-05-03 17:04:00,3.5245,19270,0,67917,1
2018-05-03 17:04:00,5.5,19270,0,105985,1
2018-05-03 17:04:00,10.0,19270,0,192700,1
2018-05-03 17:07:29,25.8598,19335,0,499999,1
2018-05-03 17:07:29,406.98525161,19335,0,7869060,1
2018-05-03 17:07:29,17.9426,19335,0,346920,1
2018-05-03 17:07:30,22.9866,19335,0,444446,1
2018-05-03 17:07:30,70.1732,19335,0,1356799,1
2018-05-03 17:07:30,122.4,19335,0,2366604,1
2018-05-03 17:07:32,66.1311,19335,0,1278645,1
2018-05-03 17:07:37,196.697,19320,0,3800186,1
2018-05-03 17:09:38,407.2516,19245,0,-7837557,0
2018-05-03 17:09:54,5.0,19250,0,96250,1
2018-05-03 17:09:54,402.2516,19250,0,7743343,1
2018-05-03 17:13:45,186.4461,18930,0,-3529425,0
2018-05-03 17:13:56,3.3,18935,0,62486,1
2018-05-03 17:14:22,60.7359,19030,0,-1155804,0
2018-05-03 17:14:22,19.9999,19030,0,-380598,0
2018-05-03 17:14:26,582.6652,19030,0,-11088119,0
2018-05-03 17:14:30,1.52107349,19050,0,28976,1
2018-05-03 17:14:51,10.0,19000,0,190000,1
2018-05-03 17:14:51,17.2227,19000,0,327231,1
2018-05-03 17:14:51,7.4319,19000,0,141206,1
2018-05-03 17:14:51,56.02128418,19000,0,1064404,1
2018-05-03 17:14:52,94.7087,19000,0,1799465,1
2018-05-03 17:14:52,20.0,19000,0,380000,1
2018-05-03 17:14:52,10.0,19000,0,190000,1
2018-05-03 17:14:55,271.0158,18970,0,5141170,1
2018-05-03 17:14:55,50.372,18970,0,955557,1
2018-05-03 17:14:56,17.0,18970,0,322490,1
2018-05-03 17:14:56,35.1343,18970,0,666498,1
2018-05-03 17:15:03,129.979,18965,0,2465052,1
2018-05-03 17:15:03,107.8133,18975,0,2045757,1
2018-05-03 17:15:04,2.63643553,18965,0,50000,1
2018-05-03 17:15:23,5.27287107,18965,0,100000,1
2018-05-03 17:15:23,10.41772892,18965,0,197572,1
2018-05-03 17:17:45,76.7276,18990,0,-1457057,0
2018-05-03 17:17:49,187.086,19005,0,-3555569,0
2018-05-03 17:17:53,50.0,19025,0,-951250,0
2018-05-03 17:17:53,50.5569,19025,0,-961845,0
2018-05-03 17:17:57,95.30555462,19040,0,-1814618,0
2018-05-03 17:17:57,213.55834537,19040,0,-4066151,0
2018-05-03 17:18:43,41.1546,19120,0,786876,1
2018-05-03 17:18:44,129.4812,19120,0,2475681,1
2018-05-03 17:18:44,0.6431,19120,0,12296,1
2018-05-03 17:18:44,41.3707,19120,0,791008,1
2018-05-03 17:18:44,0.96914225,19120,0,18530,1
2018-05-03 17:18:47,459.6156,19115,0,8785552,1
2018-05-03 17:19:17,886.496414,19135,0,-16963109,0
2018-05-03 17:19:33,1.5,19180,0,28770,1
2018-05-03 17:21:13,1.0,19155,0,19155,1
2018-05-03 17:21:13,883.9965,19155,0,16932953,1
2018-05-03 17:21:34,113.0355,19185,0,-2168586,0
2018-05-03 17:22:03,93.8362,19225,0,1804001,1
2018-05-03 17:22:17,19.1993,19215,0,368915,1
2018-05-03 17:22:47,31.1886,19265,0,-600848,0
2018-05-03 17:22:47,55.75729408,19265,0,-1074164,0
2018-05-03 17:22:51,8.2309,19265,0,-158568,0
2018-05-03 17:23:03,125.3117373,19300,0,-2418517,0
2018-05-03 17:23:03,116.55026269,19300,0,-2249420,0
2018-05-03 17:23:07,669.1448,19330,0,-12934569,0
2018-05-03 17:24:37,458.33924203,19305,0,8848239,1
2018-05-03 17:24:38,42.07728567,19305,0,812302,1
2018-05-03 17:24:38,154.8244,19305,0,2988885,1
2018-05-03 17:24:41,7.94977731,19300,0,153431,1
2018-05-03 17:24:41,342.99282268,19300,0,6619761,1
2018-05-03 17:28:05,64.5458,19275,0,-1244120,0
2018-05-03 17:28:06,157.4769,19275,0,-3035367,0
2018-05-03 17:28:44,10.9923,19270,0,211822,1
2018-05-03 17:29:28,6.0,19300,0,-115800,0
2018-05-03 17:29:33,52.0,19330,0,-1005160,0
2018-05-03 17:29:33,1.0,19330,0,-19330,0
2018-05-03 17:31:04,270.0304,19265,0,5202136,1
2018-05-03 17:33:24,23.4781,19010,0,-446319,0
2018-05-03 17:33:25,18.839,19010,0,-358129,0
2018-05-03 17:33:36,21.8494,18995,0,415029,1
2018-05-03 17:33:36,20.4677,18995,0,388784,1
2018-05-03 17:33:46,626.03776565,19055,0,-11929150,0
2018-05-03 17:33:46,154.0025,19055,0,-2934518,0
2018-05-03 17:33:46,113.6596,19055,0,-2165784,0
2018-05-03 17:33:47,92.06993434,19055,0,-1754393,0
2018-05-03 17:35:30,2.6062,19185,0,50000,1
2018-05-03 17:36:03,215.5363,19200,0,4138297,1
2018-05-03 17:36:07,5.9413,19195,0,114043,1
2018-05-03 17:37:45,120.877,19185,0,2319025,1
2018-05-03 17:37:49,640.809,19175,0,12287513,1
2018-05-03 17:39:31,1200.0,19160,0,-22992000,0
2018-05-03 17:39:51,3.6956,19150,0,70771,1
2018-05-03 17:39:51,6.9552,19150,0,133192,1
2018-05-03 17:39:51,3.4692,19150,0,66435,1
2018-05-03 17:39:55,0.0102,19140,0,195,1
2018-05-03 17:39:55,26.12330198,19140,0,500000,1
2018-05-03 17:39:59,15.4949,19135,0,296495,1
2018-05-03 17:39:59,23.1113,19135,0,442235,1
2018-05-03 17:40:05,316.0719,19130,0,6046455,1
2018-05-03 17:40:11,54.4687,19105,0,1040625,1
2018-05-03 17:40:16,391.7739,19080,0,7475046,1
2018-05-03 17:40:20,26.1499,19075,0,498809,1
2018-05-03 17:40:20,332.6759,19075,0,6345793,1
2018-05-03 17:40:38,121.27,19130,0,-2319895,0
2018-05-03 17:40:47,121.27,19125,0,2319289,1
2018-05-03 17:41:19,1200.0,19130,0,-22956000,0
2018-05-03 17:41:44,29.8,19110,0,569478,1
2018-05-03 17:41:47,190.7608,19105,0,3644485,1
2018-05-03 17:41:48,78.82,19105,0,1505856,1
2018-05-03 17:41:48,7.137,19105,0,136352,1
2018-05-03 17:41:48,84.2939,19105,0,1610435,1
2018-05-03 17:41:49,20.49746139,19105,0,391604,1
2018-05-03 17:41:51,78.4929,19110,0,1499999,1
2018-05-03 17:41:52,11.5708,19110,0,221118,1
2018-05-03 17:42:13,698.6272,19145,0,13375218,1
2018-05-03 17:43:07,303.7104,19200,0,-5831240,0
2018-05-03 17:43:07,92.673,19200,0,-1779322,0
2018-05-03 17:43:07,10.6928,19200,0,-205302,0
2018-05-03 17:43:07,581.92435715,19200,0,-11172948,0
2018-05-03 17:43:08,150.0,19200,0,-2880000,0
2018-05-03 17:43:08,33.2563,19200,0,-638521,0
2018-05-03 17:43:08,27.74314284,19200,0,-532668,0
2018-05-03 17:43:23,86.87616961,19220,0,1669760,1
2018-05-03 17:46:13,54.7068,19285,0,1055021,1
2018-05-03 17:47:47,5.9467,19335,0,114979,1
2018-05-03 17:47:47,1052.4703,19335,0,20349513,1
2018-05-03 17:48:12,311.41324886,19320,0,-6016504,0
2018-05-03 17:48:19,4.3092,19335,0,-83318,0
2018-05-03 17:49:25,540.8238,19340,0,-10459532,0
2018-05-03 17:50:02,12.0291,19360,0,232883,1
2018-05-03 17:50:03,7.2,19360,0,139392,1
2018-05-03 17:50:55,31.4043,19345,0,607516,1
2018-05-03 17:51:22,8.9467533,19360,0,173209,1
2018-05-03 17:51:23,69.7013,19360,0,1349417,1
2018-05-03 17:51:26,3.2638,19370,0,63220,1
2018-05-03 17:51:27,52.13830665,19370,0,1009919,1
2018-05-03 17:52:39,409.9146,19440,0,7968740,1
2018-05-03 17:52:55,19.3353,19435,0,-375782,0
2018-05-03 17:53:05,281.2834,19435,0,5466743,1
2018-05-03 17:53:44,3.7697,19480,0,-73434,0
2018-05-03 17:53:50,667.5655,19515,0,-13027541,0
2018-05-03 17:54:12,671.3352,19540,0,13117890,1
2018-05-03 18:10:33,34.1098,19570,0,-667529,0
2018-05-03 18:10:46,176.8292,19550,0,-3457011,0
2018-05-03 18:11:00,183.9071,19560,0,3597223,1
2018-05-03 18:11:00,27.0319,19560,0,528744,1
2018-05-03 18:11:36,19.9999,19560,0,-391198,0
2018-05-03 18:11:40,19.9999,19595,0,391898,1
2018-05-03 18:14:12,5.6074,19490,0,-109288,0
2018-05-03 18:14:16,6.0,19485,0,-116910,0
2018-05-03 18:14:38,11.6074,19525,0,226634,1
2018-05-03 18:16:14,65.6760754,19520,0,-1281997,0
2018-05-03 18:16:15,180.5212,19520,0,-3523774,0
2018-05-03 18:16:15,106.15,19520,0,-2072048,0
2018-05-03 18:16:15,50.0363,19520,0,-976709,0
2018-05-03 18:16:15,53.63132459,19520,0,-1046883,0
2018-05-03 18:16:51,283.70916591,19535,0,-5542259,0
2018-05-03 18:18:14,2.791,19540,0,54536,1
2018-05-03 18:19:27,485.787,19490,0,9467989,1
2018-05-03 18:19:28,32.4423,19490,0,632300,1
2018-05-03 18:19:28,95.9693,19490,0,1870442,1
2018-05-03 18:19:28,0.2975,19490,0,5798,1
2018-05-03 18:19:29,61.491,19490,0,1198460,1
2018-05-03 18:19:29,60.9459,19490,0,1187836,1
2018-05-03 18:19:57,98.6877,19425,0,-1917009,0
2018-05-03 18:20:24,51.0572,19440,0,-992552,0
2018-05-03 18:20:47,48.52,19465,0,944442,1
2018-05-03 18:21:51,37.5722,19530,0,-733785,0
2018-05-03 18:21:58,60.0,19540,0,-1172400,0
2018-05-03 18:22:08,39.3075,19540,0,-768069,0
2018-05-03 18:22:50,238.1047,19555,0,4656137,1
2018-05-03 18:25:02,208.54,19550,0,-4076957,0
2018-05-03 18:25:10,41.299,19555,0,-807602,0
2018-05-03 18:25:34,53.9077,19560,0,1054435,1
2018-05-03 18:26:13,35.0,19530,0,683550,1
2018-05-03 18:26:13,160.9313,19530,0,3142988,1
2018-05-03 18:29:30,1200.0,19500,0,-23400000,0
2018-05-03 18:32:02,21.54,19520,0,420461,1
2018-05-03 18:32:02,1178.46,19520,0,23003539,1
2018-05-03 18:34:25,94.806,19510,0,-1849665,0
2018-05-03 18:34:35,83.7802,19515,0,1634971,1
2018-05-03 18:34:36,11.0258,19515,0,215168,1
2018-05-03 18:37:37,5.16321796,19505,0,-100709,0
2018-05-03 18:37:37,8.203e-05,19505,0,-2,0
2018-05-03 18:38:48,5.1633,19460,0,100478,1
2018-05-03 18:45:03,91.4593,19495,0,-1782999,0
2018-05-03 18:45:07,42.6359,19500,0,-831400,0
2018-05-03 18:45:07,20.0,19500,0,-390000,0
2018-05-03 18:45:07,52.0,19500,0,-1014000,0
2018-05-03 18:45:07,125.63531025,19500,0,-2449889,0
2018-05-03 18:45:07,203.1779,19500,0,-3961969,0
2018-05-03 18:45:07,665.09158974,19500,0,-12969286,0
2018-05-03 18:47:26,15.356,19510,0,299596,1
2018-05-03 18:47:31,438.3478,19510,0,8552166,1
2018-05-03 18:47:37,10.0,19490,0,194900,1
2018-05-03 18:47:43,10.2761,19490,0,200281,1
2018-05-03 18:47:43,94.2608,19490,0,1837143,1
2018-05-03 18:47:49,9.9,19495,0,193001,1
2018-05-03 18:50:00,47.68198406,19575,0,933375,1
2018-05-03 18:50:13,208.2001,19565,0,4073435,1
2018-05-03 18:50:13,365.9772,19565,0,7160344,1
2018-05-03 18:55:02,109.827,19510,0,-2142725,0
2018-05-03 18:55:29,39.7365,19510,0,775259,1
2018-05-03 18:55:30,40.3368,19510,0,786971,1
2018-05-03 18:55:37,29.7537,19500,0,580197,1
2018-05-03 18:56:38,6.799e-05,19530,0,-1,0
2018-05-03 18:56:42,1.0,19540,0,-19540,0
2018-05-03 18:57:35,359.6369,19540,0,-7027305,0
2018-05-03 18:57:46,30.13532222,19565,0,589598,1
2018-05-03 18:58:25,58.3481,19545,0,1140414,1
2018-05-03 18:59:14,272.1535,19550,0,5320601,1
2018-05-03 18:59:47,9.6503,19580,0,-188953,0
2018-05-03 18:59:47,257.69993673,19600,0,-5050919,0
2018-05-03 18:59:47,932.64976326,19600,0,-18279935,0
2018-05-03 19:00:00,0.2648,19580,0,5185,1
2018-05-03 19:00:00,25.4871,19580,0,499037,1
2018-05-03 19:00:01,48.8122574,19580,0,955744,1
2018-05-03 19:00:23,108.52432847,19545,0,2121108,1
2018-05-03 19:00:23,631.9,19545,0,12350486,1
2018-05-03 19:00:27,91.8526,19530,0,1793881,1
2018-05-03 19:00:27,287.3314,19530,0,5611582,1
2018-05-03 19:00:27,5.8276,19530,0,113813,1
2018-05-03 19:05:02,1200.0,19700,0,-23640000,0
2018-05-03 19:05:53,49.0414,19700,0,966116,1
2018-05-03 19:06:25,21.401,19640,0,420316,1
2018-05-03 19:06:25,10.0,19640,0,196400,1
2018-05-03 19:10:00,402.6953,19705,0,7935111,1
2018-05-03 19:10:00,16.2836,19705,0,320868,1
2018-05-03 19:10:01,69.7,19705,0,1373439,1
2018-05-03 19:10:01,77.0,19705,0,1517285,1
2018-05-03 19:10:06,29.5847,19705,0,582967,1
2018-05-03 19:10:10,0.9939,19705,0,19585,1
2018-05-03 19:10:15,131.4682,19695,0,2589266,1
2018-05-03 19:10:15,194.6279,19695,0,3833196,1
2018-05-03 19:10:15,10.0,19695,0,196950,1
2018-05-03 19:10:15,171.1252,19695,0,3370311,1
2018-05-03 19:10:22,16.0788,19680,0,316431,1
2018-05-03 19:12:36,6.2,19655,0,-121861,0
2018-05-03 19:12:59,104.9256,19665,0,-2063362,0
2018-05-03 19:13:32,111.1256,19670,0,2185841,1
2018-05-03 19:15:43,88.7325,19705,0,-1748474,0
2018-05-03 19:15:48,19.9999,19710,0,-394198,0
2018-05-03 19:15:51,272.8613,19705,0,-5376732,0
2018-05-03 19:15:55,339.79859314,19705,0,-6695731,0
2018-05-03 19:15:55,15.35950685,19705,0,-302659,0
2018-05-03 19:17:34,736.7518,19725,0,14532429,1
2018-05-03 19:18:20,539.7177,19730,0,-10648630,0
2018-05-03 19:18:39,147.8851,19700,0,2913336,1
2018-05-03 19:18:39,5.1747,19700,0,101942,1
2018-05-03 19:18:40,165.571,19700,0,3261749,1
2018-05-03 19:18:40,114.9359,19700,0,2264237,1
2018-05-03 19:19:10,101.9471,19715,0,2009887,1
2018-05-03 19:19:43,4.2039,19705,0,82838,1
2018-05-03 19:20:23,7.4959,19730,0,-147894,0
2018-05-03 19:21:43,7.4959,19730,0,147894,1
2018-05-03 19:25:59,222.6114,19605,0,-4364296,0
2018-05-03 19:26:19,1.0001,19630,0,-19632,0
2018-05-03 19:26:32,0.3,19590,0,5877,1
2018-05-03 19:26:43,7.9213,19625,0,-155456,0
2018-05-03 19:26:51,10.0,19640,0,-196400,0
2018-05-03 19:27:17,82.077,19640,0,-1611992,0
2018-05-03 19:27:45,10.0,19610,0,196100,1
2018-05-03 19:27:45,0.2,19610,0,3922,1
2018-05-03 19:28:02,60.774,19610,0,1191778,1
2018-05-03 19:28:02,5.0,19615,0,98075,1
2018-05-03 19:28:03,0.4904,19610,0,9617,1
2018-05-03 19:28:06,10.1989,19610,0,200000,1
2018-05-03 19:28:06,68.1144,19610,0,1335723,1
2018-05-03 19:28:08,11.373,19610,0,223025,1
2018-05-03 19:29:47,1042.8409,19585,0,-20424039,0
2018-05-03 19:32:44,12.0,19570,0,234840,1
2018-05-03 19:32:44,11.0,19570,0,215270,1
2018-05-03 19:32:44,60.774,19570,0,1189347,1
2018-05-03 19:32:44,935.3952,19570,0,18305684,1
2018-05-03 19:32:44,6.2,19570,0,121334,1
2018-05-03 19:32:44,26.1101,19570,0,510975,1
2018-05-03 19:33:27,10.5909,19580,0,-207370,0
2018-05-03 19:33:27,5.2332,19580,0,-102466,0
2018-05-03 19:33:31,23.4697,19585,0,-459654,0
2018-05-03 19:33:31,20.0,19585,0,-391700,0
2018-05-03 19:33:36,3.4066,19600,0,-66769,0
2018-05-03 19:36:34,1.5228,19570,0,-29801,0
2018-05-03 19:36:40,972.076,19580,0,-19033248,0
2018-05-03 19:36:40,15.1801,19580,0,-297226,0
2018-05-03 19:39:04,47.2724,19620,0,927484,1
2018-05-03 19:39:08,3.0,19620,0,58860,1
2018-05-03 19:39:12,57.7752,19610,0,1132972,1
2018-05-03 19:39:16,1091.9524,19600,0,21402267,1
2018-05-03 19:41:58,293.5122,19630,0,-5761644,0
2018-05-03 19:43:36,293.5122,19620,0,5758709,1
2018-05-03 19:44:28,340.0,19620,0,-6670800,0
2018-05-03 19:44:56,9.101,19630,0,178653,1
2018-05-03 19:44:56,1.1595,19630,0,22761,1
2018-05-03 19:47:49,7.876,19680,0,155000,1
2018-05-03 19:49:44,3.15995357,19665,0,62140,1
2018-05-03 19:50:57,114.65,19665,0,2254592,1
2018-05-03 19:51:01,204.0535,19665,0,4012712,1
2018-05-03 19:56:19,100.0,19805,0,-1980500,0
2018-05-03 19:56:22,303.3594,19820,0,-6012583,0
2018-05-03 19:56:22,1.0,19820,0,-19820,0
2018-05-03 19:56:22,102.5723,19820,0,-2032983,0
2018-05-03 19:56:26,234.502,19835,0,-4651347,0
2018-05-03 19:56:26,1.0,19835,0,-19835,0
2018-05-03 19:56:27,126.0398,19835,0,-2499999,0
2018-05-03 19:56:27,151.8766,19835,0,-3012472,0
2018-05-03 19:56:27,179.6499,19835,0,-3563356,0
2018-05-03 19:57:21,429.1061,19770,0,8483428,1
2018-05-03 19:58:06,3.0072,19805,0,59558,1
2018-05-03 19:58:06,57.256,19805,0,1133955,1
2018-05-03 19:58:07,215.3414,19805,0,4264836,1
2018-05-03 19:58:27,495.2893,19800,0,9806728,1
2018-05-03 19:59:50,1.0,19860,0,-19860,0
2018-05-03 19:59:50,34.5842,19860,0,-686842,0
2018-05-03 19:59:54,108.47321608,19900,0,-2158617,0
2018-05-03 19:59:54,39.4373,19900,0,-784802,0
2018-05-03 19:59:54,5.0,19900,0,-99500,0
2018-05-03 19:59:54,10.0,19900,0,-199000,0
2018-05-03 19:59:55,1.0,19900,0,-19900,0
2018-05-03 19:59:55,2.0,19900,0,-39800,0
2018-05-03 19:59:55,70.0,19900,0,-1393000,0
2018-05-03 19:59:55,36.2613,19900,0,-721600,0
2018-05-03 19:59:56,670.65178391,19900,0,-13345971,0
2018-05-03 19:59:56,221.5922,19900,0,-4409685,0
2018-05-03 20:00:18,47.3679,19895,0,942384,1
2018-05-03 20:00:27,20.0,19870,0,397400,1
2018-05-03 20:00:31,445.415,19870,0,8850396,1
2018-05-03 20:00:32,5.9853,19870,0,118928,1
2018-05-03 20:00:36,5.6485,19885,0,112320,1
2018-05-03 20:00:36,108.239,19885,0,2152333,1
2018-05-03 20:00:37,3.8903,19885,0,77359,1
2018-05-03 20:00:37,553.4814,19885,0,11005978,1
2018-05-03 20:00:37,5.0864,19885,0,101143,1
2018-05-03 20:00:37,4.8862,19885,0,97162,1
2018-05-03 20:00:49,125.8373,19895,0,-2503533,0
2018-05-03 20:00:49,17.7876,19895,0,-353884,0
2018-05-03 20:01:07,29.34999437,19920,0,-584652,0
2018-05-03 20:01:07,355.676,19920,0,-7085066,0
2018-05-03 20:01:30,0.5302,19900,0,-10551,0
2018-05-03 20:01:30,112.3118,19900,0,-2235005,0
2018-05-03 20:01:40,434.0012,19895,0,8634454,1
2018-05-03 20:01:40,12.19286252,19895,0,242577,1
2018-05-03 20:01:59,397.8411,19900,0,-7917038,0
2018-05-03 20:02:00,283.9,19900,0,-5649610,0
2018-05-03 20:03:39,877.0399,19935,0,17483790,1
2018-05-03 20:03:54,2.4,19925,0,-47820,0
2018-05-03 20:04:05,2.4,19925,0,47820,1
2018-05-03 20:04:58,182.9793,19850,0,-3632139,0
2018-05-03 20:05:14,2.002,19860,0,-39760,0
2018-05-03 20:05:14,7.998,19860,0,-158840,0
2018-05-03 20:06:26,192.9793,19880,0,3836428,1
2018-05-03 20:07:26,51.3172,19795,0,-1015824,0
2018-05-03 20:07:30,10.38052251,19805,0,-205586,0
2018-05-03 20:07:30,72.08557748,19805,0,-1427655,0
2018-05-03 20:07:45,1066.2167,19820,0,-21132415,0
2018-05-03 20:09:27,1200.0,19850,0,23820000,1
2018-05-03 20:09:30,10.0,19840,0,-198400,0
2018-05-03 20:10:26,128.2081,19855,0,-2545572,0
2018-05-03 20:10:30,925.9882,19850,0,-18380866,0
2018-05-03 20:11:33,1.0154,19880,0,20186,1
2018-05-03 20:11:33,5.6857,19880,0,113032,1
2018-05-03 20:11:49,1057.4952,19885,0,21028292,1
2018-05-03 20:15:32,10.0,19885,0,-198850,0
2018-05-03 20:16:31,66.89,19875,0,-1329439,0
2018-05-03 20:16:31,158.6494,19875,0,-3153157,0
2018-05-03 20:16:31,651.7483,19875,0,-12953497,0
2018-05-03 20:17:18,281.6654,19870,0,5596691,1
2018-05-03 20:17:24,13.0817,19860,0,259803,1
2018-05-03 20:17:24,431.6184,19860,0,8571941,1
2018-05-03 20:17:24,24.9244,19860,0,494999,1
2018-05-03 20:17:31,135.9978,19840,0,2698196,1
2018-05-03 20:18:40,47.6892,19800,0,-944246,0
2018-05-03 20:18:40,157.7342,19800,0,-3123137,0
2018-05-03 20:18:40,25.0,19800,0,-495000,0
2018-05-03 20:18:41,2.7969,19800,0,-55379,0
2018-05-03 20:18:41,68.7336,19800,0,-1360925,0
2018-05-03 20:18:57,7.1096,19805,0,-140806,0
2018-05-03 20:18:58,18.0002,19805,0,-356494,0
2018-05-03 20:19:42,26.0158,19800,0,515113,1
2018-05-03 20:19:44,305.0,19770,0,-6029850,0
2018-05-03 20:21:31,0.1669,19780,0,3301,1
2018-05-03 20:21:31,33.1818,19780,0,656336,1
2018-05-03 20:21:32,1.9183,19780,0,37944,1
2018-05-03 20:21:32,510.7014,19780,0,10101674,1
2018-05-03 20:21:32,8.8911,19780,0,175866,1
2018-05-03 20:21:32,51.1884,19780,0,1012507,1
2018-05-03 20:22:48,21.0,19685,0,-413385,0
2018-05-03 20:22:55,102.9981,19700,0,-2029063,0
2018-05-03 20:22:56,698.9499,19700,0,-13769313,0
2018-05-03 20:25:33,227.0919934,19715,0,4477119,1
2018-05-03 20:25:33,4.0572,19715,0,79988,1
2018-05-03 20:25:45,608.2012,19705,0,-11984605,0
2018-05-03 20:26:08,823.8117,19695,0,16224971,1
2018-05-03 20:27:32,121.9292,19620,0,2392251,1
2018-05-03 20:28:24,58.801,19650,0,1155440,1
2018-05-03 20:30:13,152.7988,19650,0,-3002496,0
2018-05-03 20:30:17,28.72000865,19650,0,-564348,0
2018-05-03 20:30:17,61.94759134,19650,0,-1217270,0
2018-05-03 20:30:59,170.4054,19700,0,-3356986,0
2018-05-03 20:31:30,93.4526,19715,0,1842418,1
2018-05-03 20:31:30,328.1407,19715,0,6469294,1
2018-05-03 20:31:31,45.52,19715,0,897427,1
2018-05-03 20:32:31,142.2166,19710,0,2803089,1
2018-05-03 20:35:19,112.4308,19710,0,-2216011,0
2018-05-03 20:35:22,50.7322,19705,0,-999678,0
2018-05-03 20:35:26,51.4989,19710,0,-1015043,0
2018-05-03 20:35:30,9.4922,19710,0,-187091,0
2018-05-03 20:35:48,75.9639,19735,0,-1499148,0
2018-05-03 20:35:51,154.23,19740,0,-3044500,0
2018-05-03 20:35:51,10.0,19740,0,-197400,0
2018-05-03 20:36:00,111.1838,19735,0,2194212,1
2018-05-03 20:36:47,146.69,19700,0,2889793,1
2018-05-03 20:36:48,206.4742,19695,0,4066509,1
2018-05-03 20:37:23,754.3528,19700,0,-14860750,0
2018-05-03 20:38:18,459.6393,19725,0,9066385,1
2018-05-03 20:38:19,294.7135,19725,0,5813224,1
2018-05-03 20:39:54,3.6806,19730,0,-72618,0
2018-05-03 20:40:17,870.5822709,19730,0,-17176588,0
2018-05-03 20:40:17,325.73712909,19730,0,-6426794,0
2018-05-03 20:40:41,50.7357,19710,0,1000001,1
2018-05-03 20:40:41,0.2249,19710,0,4433,1
2018-05-03 20:40:41,50.0,19710,0,985500,1
2018-05-03 20:40:41,21.6498,19710,0,426718,1
2018-05-03 20:40:42,216.5812,19710,0,4268815,1
2018-05-03 20:40:54,860.8084,19700,0,16957925,1
2018-05-03 20:41:32,15.02318738,19660,0,-295356,0
2018-05-03 20:42:01,60.271,19670,0,-1185531,0
2018-05-03 20:42:07,60.271,19675,0,-1185832,0
2018-05-03 20:42:11,193.648,19680,0,-3810993,0
2018-05-03 20:42:11,29.4117,19680,0,-578822,0
2018-05-03 20:42:22,100.4098,19685,0,-1976567,0
2018-05-03 20:42:46,299.1172,19685,0,5888122,1
2018-05-03 20:42:46,159.9175,19685,0,3147976,1
2018-05-03 20:44:14,29.5466,19670,0,-581182,0
2018-05-03 20:48:06,7.055e-05,19700,0,-1,0
2018-05-03 20:48:06,14.48862944,19700,0,-285426,0
2018-05-03 20:49:35,44.0353,19670,0,866174,1
2018-05-03 20:53:24,145.1119,19585,0,-2842017,0
2018-05-03 20:53:29,65.61657346,19600,0,-1286085,0
2018-05-03 20:54:07,49.6392,19585,0,972184,1
2018-05-03 20:54:08,161.0893,19575,0,3153323,1
2018-05-03 20:55:11,192.55126639,19595,0,-3773042,0
2018-05-03 20:55:11,99.9999336,19595,0,-1959499,0
2018-05-03 20:55:48,5.0,19600,0,98000,1
2018-05-03 20:56:18,912.4488,19605,0,-17888559,0
2018-05-03 20:58:20,40.7956,19610,0,800002,1
2018-05-03 20:58:21,100.0,19610,0,1961000,1
2018-05-03 20:58:24,55.5989,19605,0,1090016,1
2018-05-03 20:58:24,418.0674,19605,0,8196211,1
2018-05-03 20:58:28,585.5381,19605,0,11479474,1
2018-05-03 21:01:20,668.2999,19615,0,-13108703,0
2018-05-03 21:03:46,249.0,19625,0,4886625,1
2018-05-03 21:04:40,2.528,19635,0,49637,1
2018-05-03 21:05:31,108.6855,19620,0,-2132410,0
2018-05-03 21:06:18,525.4574,19590,0,10293710,1
2018-05-03 21:07:55,7.6923,19600,0,-150769,0
2018-05-03 21:08:28,7.6923,19585,0,150654,1
2018-05-03 21:09:13,1200.0,19590,0,-23508000,0
2018-05-03 21:10:54,107.6655,19570,0,2107014,1
2018-05-03 21:10:54,151.7629,19570,0,2970000,1
2018-05-03 21:10:54,18.2192,19570,0,356550,1
2018-05-03 21:10:54,6.2,19570,0,121334,1
2018-05-03 21:10:54,10.0,19570,0,195700,1
2018-05-03 21:10:54,10.5503,19570,0,206469,1
2018-05-03 21:10:54,17.7545,19570,0,347456,1
2018-05-03 21:15:29,52.4134,19615,0,1028089,1
2018-05-03 21:15:30,1.0,19615,0,19615,1
2018-05-03 21:15:30,50.9813,19615,0,999998,1
2018-05-03 21:15:30,46.8903,19615,0,919753,1
2018-05-03 21:15:33,23.5501,19610,0,461817,1
2018-05-03 21:15:33,1.0,19610,0,19610,1
2018-05-03 21:15:34,71.1282,19610,0,1394824,1
2018-05-03 21:15:34,10.0,19610,0,196100,1
2018-05-03 21:15:38,0.153,19605,0,3000,1
2018-05-03 21:15:44,7.1794,19600,0,140716,1
2018-05-03 21:15:45,5.7107,19600,0,111930,1
2018-05-03 21:16:33,60.14,19595,0,1178443,1
2018-05-03 21:16:51,114.0735,19595,0,2235270,1
2018-05-03 21:16:52,2.10176065,19595,0,41184,1
2018-05-03 21:20:07,29.0178,19615,0,-569184,0
2018-05-03 21:20:14,739.4563,19625,0,-14511830,0
2018-05-03 21:20:45,403.1,19610,0,7904791,1
2018-05-03 21:21:38,796.9,19635,0,15647132,1
2018-05-03 21:22:42,0.0001,19640,0,-2,0
2018-05-03 21:26:09,60.8956,19610,0,-1194163,0
2018-05-03 21:26:39,16.1225,19605,0,316082,1
2018-05-03 21:26:39,44.7732,19605,0,877779,1
2018-05-03 21:26:55,1200.0,19610,0,-23532000,0
2018-05-03 21:29:17,30.8179,19615,0,604493,1
2018-05-03 21:29:24,350.93,19610,0,6881737,1
2018-05-03 21:30:24,0.2,19600,0,3920,1
2018-05-03 21:33:38,226.9865,19735,0,4479579,1
2018-05-03 21:33:38,2.904,19735,0,57310,1
2018-05-03 21:33:41,7.99690727,19730,0,157779,1
2018-05-03 21:33:42,68.01049272,19730,0,1341847,1
2018-05-03 21:33:42,393.7463,19730,0,7768614,1
2018-05-03 21:33:42,4.5,19730,0,88785,1
2018-05-03 21:33:42,111.9079,19730,0,2207943,1
2018-05-03 21:33:42,2.0,19730,0,39460,1
2018-05-03 21:38:47,1200.0,19730,0,-23676000,0
2018-05-03 21:39:55,18.1936,19760,0,359506,1
2018-05-03 21:42:12,405.6193,19740,0,8006925,1
2018-05-03 21:42:12,23.2716,19740,0,459381,1
2018-05-03 21:42:12,0.6,19740,0,11844,1
2018-05-03 21:42:12,114.9569,19740,0,2269249,1
2018-05-03 21:43:20,1.0,19685,0,19685,1
2018-05-03 21:43:20,31.8768,19685,0,627495,1
2018-05-03 21:43:23,586.4464,19670,0,11535401,1
2018-05-03 21:43:23,7.8563,19670,0,154533,1
2018-05-03 21:43:23,10.0,19670,0,196700,1
2018-05-03 21:43:23,0.1791,19670,0,3523,1
2018-05-03 21:43:42,814.1033,19680,0,-16021553,0
2018-05-03 21:45:38,814.1033,19670,0,16013412,1
2018-05-03 21:47:00,61.0,19630,0,-1197430,0
2018-05-03 21:47:15,44.0051,19675,0,-865800,0
2018-05-03 21:47:18,2.82,19650,0,-55413,0
2018-05-03 21:47:23,0.2226,19650,0,-4374,0
2018-05-03 21:48:04,108.0477,19670,0,2125298,1
2018-05-03 21:48:44,320.262,19695,0,-6307560,0
2018-05-03 21:48:51,6.852e-05,19700,0,-1,0
2018-05-03 21:48:59,112.59341582,19710,0,-2219216,0
2018-05-03 21:48:59,29.3957,19710,0,-579389,0
2018-05-03 21:49:00,1.1042,19710,0,-21764,0
2018-05-03 21:49:00,1.59978417,19710,0,-31532,0
2018-05-03 21:49:07,735.0448,19710,0,-14487733,0
2018-05-03 21:50:02,154.5649,19640,0,3035655,1
2018-05-03 21:50:03,2.0,19640,0,39280,1
2018-05-03 21:50:03,29.0473,19640,0,570489,1
2018-05-03 21:50:04,239.9999,19640,0,4713598,1
2018-05-03 21:50:48,774.3879,19690,0,15247698,1
2018-05-03 21:52:10,3.8782,19715,0,-76459,0
2018-05-03 21:52:15,26.8602,19735,0,-530086,0
2018-05-03 21:53:22,30.7384,19730,0,606469,1
2018-05-03 21:53:51,76.62828178,19760,0,-1514175,0
2018-05-03 21:53:52,50.0,19760,0,-988000,0
2018-05-03 21:53:52,19.9999,19760,0,-395198,0
2018-05-03 21:53:55,86.0813,19770,0,-1701827,0
2018-05-03 21:53:55,200.0,19770,0,-3954000,0
2018-05-03 21:53:56,10.0,19770,0,-197700,0
2018-05-03 21:53:56,6.3546,19770,0,-125630,0
2018-05-03 21:53:56,30.0,19770,0,-593100,0
2018-05-03 21:53:59,313.9936,19775,0,-6209223,0
2018-05-03 21:54:20,521.0495,19765,0,10298543,1
2018-05-03 21:54:20,6.1222,19765,0,121005,1
2018-05-03 21:54:20,151.3308,19765,0,2991053,1
2018-05-03 21:54:24,114.5552,19745,0,2261892,1
2018-05-03 21:54:46,77.9024,19760,0,-1539351,0
2018-05-03 21:55:06,2.7791,19775,0,54957,1
2018-05-03 21:55:50,59.9562,19760,0,1184735,1
2018-05-03 21:55:51,15.1671,19760,0,299702,1
2018-05-03 21:56:26,16.1147,19795,0,-318990,0
2018-05-03 21:56:26,200.0,19795,0,-3959000,0
2018-05-03 21:56:26,1.0,19795,0,-19795,0
2018-05-03 21:56:26,28.6843,19795,0,-567806,0
2018-05-03 21:56:27,12.7615,19795,0,-252614,0
2018-05-03 21:56:27,941.4395,19795,0,-18635795,0
2018-05-03 21:56:46,597.2727,19785,0,11817040,1
2018-05-03 21:56:51,602.7273,19780,0,11921946,1
2018-05-03 21:57:47,90.05497522,19795,0,-1782638,0
2018-05-03 21:57:47,6.97122477,19795,0,-137995,0
2018-05-03 21:57:51,2.0,19800,0,-39600,0
2018-05-03 21:57:51,83.7589,19800,0,-1658426,0
2018-05-03 21:57:52,10.8836,19800,0,-215495,0
2018-05-03 21:57:52,8.6969,19800,0,-172199,0
2018-05-03 21:57:52,30.8372,19800,0,-610577,0
2018-05-03 21:57:53,59.407,19800,0,-1176259,0
2018-05-03 21:57:53,286.0,19800,0,-5662800,0
2018-05-03 21:57:53,2.4603,19800,0,-48714,0
2018-05-03 21:58:00,21.45169203,19845,0,-425709,0
2018-05-03 21:58:01,35.3715,19845,0,-701947,0
2018-05-03 21:58:01,122.381,19845,0,-2428651,0
2018-05-03 21:59:04,27.81736331,19900,0,553566,1
2018-05-03 21:59:04,22.9013,19900,0,455736,1
2018-05-03 21:59:04,709.55563668,19900,0,14120157,1
2018-05-03 22:00:32,4.768,19840,0,-94597,0
2018-05-03 22:01:11,9.1599,19895,0,-182236,0
2018-05-03 22:01:11,594.65695288,19895,0,-11830700,0
2018-05-03 22:01:29,608.5848,19890,0,12104752,1
2018-05-03 22:17:49,169.6851,19770,0,-3354674,0
2018-05-03 22:18:21,169.6851,19760,0,3352978,1
2018-05-03 22:30:53,103.6715,19690,0,-2041292,0
2018-05-03 22:33:09,7.5602,19700,0,148936,1
2018-05-03 22:33:09,96.1113,19700,0,1893393,1
2018-05-03 22:33:34,747.5901,19685,0,-14716311,0
2018-05-03 22:34:09,149.7123,19695,0,2948584,1
2018-05-03 22:34:10,57.4,19695,0,1130493,1
2018-05-03 22:35:58,43.4208,19720,0,-856258,0
2018-05-03 22:36:31,8.4021,19720,0,-165689,0
2018-05-03 22:36:39,221.5,19720,0,-4367980,0
2018-05-03 22:36:53,191.4677,19720,0,3775743,1
2018-05-03 22:37:03,53.827,19735,0,1062276,1
2018-05-03 22:37:28,114.8297,19730,0,-2265590,0
2018-05-03 22:37:28,45.6166,19730,0,-900016,0
2018-05-03 22:40:14,474.14767234,19835,0,9404719,1
2018-05-03 22:40:14,254.80462765,19835,0,5054050,1
2018-05-03 22:42:15,1.6691,19810,0,-33065,0
2018-05-03 22:42:46,1.6691,19800,0,33048,1
2018-05-03 22:49:09,240.3264,19750,0,-4746446,0
2018-05-03 22:49:13,78.3383,19760,0,-1547965,0
2018-05-03 22:49:14,99.85,19760,0,-1973036,0
2018-05-03 22:49:14,40.0,19760,0,-790400,0
2018-05-03 22:49:21,40.1565,19790,0,794697,1
2018-05-03 22:50:44,418.3582,19760,0,8266758,1
2018-05-03 22:51:25,228.547,19780,0,-4520660,0
2018-05-03 22:52:01,10.4647,19795,0,207149,1
2018-05-03 22:52:02,184.9626,19795,0,3661335,1
2018-05-03 22:52:34,7.3448,19780,0,145280,1
2018-05-03 22:52:38,12.9591,19770,0,256201,1
2018-05-03 22:52:38,12.8158,19770,0,253368,1
2018-05-03 22:56:55,229.4718,19770,0,-4536657,0
2018-05-03 22:56:58,970.5282,19780,0,-19197048,0
2018-05-03 22:58:06,423.3579,19760,0,8365552,1
2018-05-03 22:58:10,29.7688,19765,0,588380,1
2018-05-03 22:58:10,60.0002,19765,0,1185904,1
2018-05-03 22:59:25,11.4407,19750,0,225954,1
2018-05-03 22:59:26,20.8665,19750,0,412113,1
2018-05-03 22:59:26,20.5,19750,0,404875,1
2018-05-03 22:59:26,12.3936,19750,0,244774,1
2018-05-03 22:59:26,215.1377,19750,0,4248970,1
2018-05-03 22:59:27,20.0,19750,0,395000,1
2018-05-03 22:59:27,11.9284,19750,0,235586,1
2018-05-03 22:59:27,7.1388,19750,0,140991,1
2018-05-03 22:59:27,27.9608,19750,0,552226,1
2018-05-03 22:59:27,48.0,19750,0,948000,1
2018-05-03 22:59:34,10.8,19755,0,213354,1
2018-05-03 22:59:41,40.343,19755,0,796976,1
2018-05-03 22:59:42,3.5309,19755,0,69753,1
2018-05-03 22:59:42,3.6316,19755,0,71742,1
2018-05-03 23:01:13,233.2011,19770,0,4610386,1
2018-05-03 23:13:24,37.913,19680,0,-746128,0
2018-05-03 23:13:28,42.4539,19705,0,-836554,0
2018-05-03 23:16:19,80.3669,19725,0,1585237,1
2018-05-03 23:19:04,46.7295,19715,0,-921272,0
2018-05-03 23:19:04,16.7658,19715,0,-330538,0
2018-05-03 23:19:04,230.6175,19715,0,-4546624,0
2018-05-03 23:19:52,294.1128,19710,0,5796963,1
2018-05-03 23:28:02,64.8242,19570,0,-1268610,0
2018-05-03 23:29:04,12.9,19555,0,252260,1
2018-05-03 23:29:05,0.1,19555,0,1956,1
2018-05-03 23:29:08,41.4863,19555,0,811265,1
2018-05-03 23:29:13,10.3379,19555,0,202158,1
2018-05-03 23:31:07,3.1015,19600,0,-60789,0
2018-05-03 23:31:07,4.796,19600,0,-94002,0
2018-05-03 23:31:07,45.166,19600,0,-885254,0
2018-05-03 23:31:40,12.3112,19590,0,-241176,0
2018-05-03 23:32:34,65.3747,19585,0,1280363,1
2018-05-03 23:35:21,10.2,19535,0,-199257,0
2018-05-03 23:35:31,1189.8,19515,0,-23218947,0
2018-05-03 23:35:54,194.5,19475,0,3787888,1
2018-05-03 23:36:50,378.3001,19495,0,7374960,1
2018-05-03 23:36:54,2.0,19480,0,38960,1
2018-05-03 23:36:55,64.5,19480,0,1256460,1
2018-05-03 23:37:04,51.3347,19480,0,1000000,1
2018-05-03 23:37:04,500.0,19480,0,9740000,1
2018-05-03 23:37:04,8.0,19480,0,155840,1
2018-05-03 23:37:06,1.3652,19480,0,26594,1
2018-05-03 23:39:30,331.8146,19480,0,-6463748,0
2018-05-03 23:40:28,331.8146,19480,0,6463748,1
2018-05-03 23:47:19,102.3274,19390,0,-1984128,0
2018-05-03 23:47:28,20.0,19360,0,387200,1
2018-05-03 23:47:29,82.3274,19360,0,1593858,1
2018-05-03 23:47:54,82.3447,19395,0,-1597075,0
2018-05-03 23:49:19,36.7334,19415,0,713179,1
2018-05-03 23:49:19,3.0,19415,0,58245,1
2018-05-03 23:50:13,26.649,19430,0,-517790,0
2018-05-03 23:50:13,228.468,19430,0,-4439133,0
2018-05-03 23:50:27,39.9762,19400,0,775538,1
2018-05-03 23:50:28,107.4386,19400,0,2084309,1
2018-05-03 23:50:32,127.7284,19400,0,2477931,1
2018-05-03 23:50:32,22.5851,19400,0,438151,1
2018-05-03 23:51:27,211.8397,19440,0,-4118164,0
2018-05-03 23:51:33,243.6034,19450,0,-4738086,0
2018-05-03 23:51:43,122.6286,19465,0,-2386966,0
2018-05-03 23:53:49,10.0,19495,0,-194950,0
2018-05-03 23:53:49,6.3662,19495,0,-124109,0
2018-05-03 23:53:52,605.5621,19500,0,-11808461,0
2018-05-04 00:04:06,1200.0,19540,0,23448000,1
2018-05-04 00:09:47,290.3589,19470,0,-5653288,0
2018-05-04 00:09:51,796.2779,19470,0,-15503531,0
2018-05-04 00:11:46,150.0,19480,0,2922000,1
2018-05-04 00:11:47,356.9557,19480,0,6953497,1
2018-05-04 00:11:50,69.3982,19485,0,1352224,1
2018-05-04 00:11:54,46.1023,19485,0,898303,1
2018-05-04 00:12:01,464.1806,19475,0,9039917,1
2018-05-04 00:13:19,88.2246,19420,0,-1713322,0
2018-05-04 00:13:52,0.1,19410,0,1941,1
2018-05-04 00:13:56,18.353,19390,0,355865,1
2018-05-04 00:14:00,50.9039,19380,0,986518,1
2018-05-04 00:14:04,18.8677,19350,0,365090,1
2018-05-04 00:15:45,53.2048,19400,0,-1032173,0
2018-05-04 00:16:09,10.6089,19410,0,-205919,0
2018-05-04 00:16:13,668.9508,19410,0,-12984335,0
2018-05-04 00:19:37,95.8768,19385,0,1858572,1
2018-05-04 00:19:41,54.8286,19385,0,1062852,1
2018-05-04 00:19:45,2.695,19355,0,52162,1
2018-05-04 00:19:45,0.2,19355,0,3871,1
2018-05-04 00:19:49,156.7832,19355,0,3034539,1
2018-05-04 00:19:53,11.8578,19355,0,229508,1
2018-05-04 00:19:57,100.0,19365,0,1936500,1
2018-05-04 00:19:58,310.5231,19355,0,6010175,1
2018-05-04 00:23:46,76.8845,19400,0,-1491559,0
2018-05-04 00:24:13,88.0273,19400,0,-1707730,0
2018-05-04 00:24:13,76.1334,19400,0,-1476988,0
2018-05-04 00:24:18,940.679,19415,0,-18263283,0
2018-05-04 00:24:18,18.2758,19415,0,-354825,0
2018-05-04 00:26:28,12.1454,19470,0,236471,1
2018-05-04 00:26:28,87.6257,19470,0,1706072,1
2018-05-04 00:26:28,156.4811,19470,0,3046687,1
2018-05-04 00:26:32,41.9324,19465,0,816214,1
2018-05-04 00:26:32,29.5066,19465,0,574346,1
2018-05-04 00:26:32,139.48358448,19465,0,2715048,1
2018-05-04 00:26:36,732.8253,19455,0,14257116,1
2018-05-04 00:42:29,19.4,19425,0,-376845,0
2018-05-04 00:43:10,19.4,19415,0,376651,1
2018-05-04 00:44:02,12.0041,19430,0,-233240,0
2018-05-04 00:44:05,11.9502,19430,0,-232192,0
2018-05-04 00:44:11,9.286,19410,0,180241,1
2018-05-04 00:44:11,6.7422,19410,0,130866,1
2018-05-04 00:44:11,7.9261,19410,0,153846,1
2018-05-04 00:48:31,1200.0,19425,0,-23310000,0
2018-05-04 00:50:53,61.8645,19440,0,1202646,1
2018-05-04 00:51:14,1138.1355,19455,0,22142426,1
2018-05-04 00:53:48,725.8474,19505,0,-14157654,0
2018-05-04 00:53:48,1.2057,19505,0,-23517,0
2018-05-04 00:53:48,25.0,19505,0,-487625,0
2018-05-04 00:53:48,44.1306,19505,0,-860767,0
2018-05-04 00:53:49,1.0001,19505,0,-19507,0
2018-05-04 00:54:14,797.1838,19500,0,15545084,1
2018-05-04 00:55:02,130.9069,19500,0,-2552685,0
2018-05-04 00:57:15,8.3404,19535,0,-162930,0
2018-05-04 00:57:29,1.0,19545,0,19545,1
2018-05-04 00:58:12,14.9991,19590,0,-293832,0
2018-05-04 00:58:20,68.51318002,19620,0,-1344229,0
2018-05-04 00:58:20,50.0,19620,0,-981000,0
2018-05-04 00:58:20,59.67861997,19620,0,-1170895,0
2018-05-04 00:58:37,181.9555,19625,0,-3570877,0
2018-05-04 00:58:42,282.6075,19665,0,-5557476,0
2018-05-04 00:59:46,47.172,19690,0,928817,1
2018-05-04 00:59:50,748.8292,19685,0,14740703,1
2018-05-04 01:01:23,40.891,19590,0,-801055,0
2018-05-04 01:02:33,3.06,19630,0,-60068,0
2018-05-04 01:03:39,37.2,19625,0,730050,1
2018-05-04 01:03:44,6.751,19615,0,132421,1
2018-05-04 01:05:02,204.9013,19620,0,-4020164,0
2018-05-04 01:05:19,204.9013,19610,0,4018114,1
2018-05-04 01:07:29,50.0,19660,0,-983000,0
2018-05-04 01:07:29,76.1547,19660,0,-1497201,0
2018-05-04 01:07:29,618.7215,19660,0,-12164065,0
2018-05-04 01:08:02,581.6842,19680,0,11447545,1
2018-05-04 01:08:03,113.4973,19680,0,2233627,1
2018-05-04 01:09:10,49.6947,19575,0,972774,1
2018-05-04 01:10:05,20.0,19560,0,-391200,0
2018-05-04 01:13:46,0.2,19545,0,3909,1
2018-05-04 01:13:56,19.8,19525,0,386595,1
2018-05-04 01:17:35,7.0,19490,0,-136430,0
2018-05-04 01:17:57,7.0,19490,0,136430,1
2018-05-04 01:24:08,54.3756,19360,0,-1052712,0
2018-05-04 01:24:08,30.0,19360,0,-580800,0
2018-05-04 01:24:08,26.6998,19360,0,-516908,0
2018-05-04 01:24:09,448.2794,19360,0,-8678689,0
2018-05-04 01:24:36,56.1702,19315,0,-1084927,0
2018-05-04 01:29:39,605.3882,19375,0,11729396,1
2018-05-04 01:29:44,10.1368,19375,0,196401,1
2018-05-04 01:30:35,20.0,19420,0,-388400,0
2018-05-04 01:30:36,40.891,19430,0,-794512,0
2018-05-04 01:33:09,19.7668,19380,0,383081,1
2018-05-04 01:33:55,41.1242,19380,0,796987,1
2018-05-04 01:38:49,0.0001,19370,0,-2,0
2018-05-04 01:38:54,67.1272,19370,0,-1300254,0
2018-05-04 01:40:39,67.1273,19360,0,1299585,1
2018-05-04 01:42:10,4.134e-05,19350,0,-1,0
2018-05-04 01:42:20,50.0,19365,0,-968250,0
2018-05-04 01:43:08,1.0001,19355,0,19357,1
2018-05-04 01:43:36,48.9999,19340,0,947658,1
2018-05-04 01:44:32,97.6738,19360,0,-1890965,0
2018-05-04 01:45:38,10.7748,19365,0,208654,1
2018-05-04 01:45:56,1113.101,19375,0,-21566332,0
2018-05-04 01:47:31,662.833,19350,0,12825819,1
2018-05-04 01:47:32,1.7082,19350,0,33054,1
2018-05-04 01:47:32,115.662,19350,0,2238060,1
2018-05-04 01:47:42,0.5,19330,0,9665,1
2018-05-04 01:47:44,102.7594,19330,0,1986339,1
2018-05-04 01:47:44,62.1,19330,0,1200393,1
2018-05-04 01:48:43,254.4374,19335,0,4919547,1
2018-05-04 02:01:59,20.0,19325,0,-386500,0
2018-05-04 02:02:00,41.142,19325,0,-795069,0
2018-05-04 02:02:36,20.0,19340,0,-386800,0
2018-05-04 02:02:50,0.481,19390,0,9327,1
2018-05-04 02:02:58,23.1698,19350,0,448336,1
2018-05-04 02:03:03,50.3326,19340,0,973432,1
2018-05-04 02:03:04,7.0586,19340,0,136513,1
2018-05-04 02:03:04,0.1,19340,0,1934,1
2018-05-04 02:05:21,38.2321,19355,0,-739982,0
2018-05-04 02:06:40,0.1,19335,0,1934,1
2018-05-04 02:06:41,1.0,19335,0,19335,1
2018-05-04 02:07:13,2.4494,19345,0,47384,1
2018-05-04 02:07:19,9.415,19360,0,182274,1
2018-05-04 02:07:42,25.2677,19415,0,490572,1
2018-05-04 02:08:11,1200.0,19450,0,-23340000,0
2018-05-04 02:08:26,151.8851,19480,0,2958722,1
2018-05-04 02:08:27,169.9504,19480,0,3310634,1
2018-05-04 02:08:27,10.0,19480,0,194800,1
2018-05-04 02:09:04,128.8774,19410,0,2501510,1
2018-05-04 02:09:05,26.6281,19410,0,516851,1
2018-05-04 02:09:16,0.64,19380,0,12403,1
2018-05-04 02:09:17,3.0,19380,0,58140,1
2018-05-04 02:13:39,112.09496941,19420,0,2176884,1
2018-05-04 02:17:11,596.924,19390,0,11574356,1
2018-05-04 02:18:01,5.1573,19400,0,-100052,0
2018-05-04 02:18:05,545.7793,19420,0,-10599034,0
2018-05-04 02:18:24,60.4586,19420,0,1174106,1
2018-05-04 02:19:43,23.0282,19410,0,446977,1
2018-05-04 02:21:38,13.8125,19410,0,268101,1
2018-05-04 02:22:05,69.7882,19390,0,1353193,1
2018-05-04 02:22:05,260.0,19390,0,5041400,1
2018-05-04 02:22:06,119.0104,19390,0,2307612,1
2018-05-04 02:22:06,4.8387,19390,0,93822,1
2018-05-04 02:23:41,9.7877,19360,0,-189490,0
2018-05-04 02:24:52,47.271,19350,0,-914694,0
2018-05-04 02:25:00,128.2296,19350,0,-2481243,0
2018-05-04 02:25:18,0.4,19355,0,7742,1
2018-05-04 02:25:18,72.006,19355,0,1393676,1
2018-05-04 02:25:23,0.1,19350,0,1935,1
2018-05-04 02:25:27,75.5305,19340,0,1460760,1
2018-05-04 02:25:33,0.3,19335,0,5801,1
2018-05-04 02:25:37,36.9518,19325,0,714094,1
2018-05-04 02:26:00,678.9121,19325,0,-13119976,0
2018-05-04 02:26:00,100.0,19325,0,-1932500,0
2018-05-04 02:26:54,0.1,19310,0,1931,1
2018-05-04 02:26:54,310.0737,19310,0,5987523,1
2018-05-04 02:26:54,28.9564,19310,0,559148,1
2018-05-04 02:27:13,439.782,19300,0,8487793,1
2018-05-04 02:27:49,2.2,19255,0,-42361,0
2018-05-04 02:27:54,2.2,19250,0,42350,1
2018-05-04 02:31:31,1200.0,19260,0,-23112000,0
2018-05-04 02:32:23,8.006,19250,0,154116,1
2018-05-04 02:33:22,116.6799,19230,0,2243754,1
2018-05-04 02:33:25,53.9928,19235,0,1038552,1
2018-05-04 02:33:34,65.927,19230,0,1267776,1
2018-05-04 02:33:49,409.9328,19275,0,7901455,1
2018-05-04 02:33:55,1.0,19250,0,19250,1
2018-05-04 02:34:47,655.5385,19245,0,-12615838,0
2018-05-04 02:36:39,0.0204,19265,0,393,1
2018-05-04 02:36:43,447.7168,19260,0,8623026,1
2018-05-04 02:36:44,0.3,19260,0,5778,1
2018-05-04 02:36:44,517.8,19260,0,9972828,1
2018-05-04 02:36:52,0.1,19260,0,1926,1
2018-05-04 02:36:52,234.0628,19250,0,4505709,1
2018-05-04 02:40:44,108.4743,19230,0,-2085961,0
2018-05-04 02:41:41,48.7038,19250,0,-937548,0
2018-05-04 02:41:42,26.4543,19250,0,-509245,0
2018-05-04 02:42:50,280.503,19255,0,-5401085,0
2018-05-04 02:42:54,108.7834,19260,0,-2095168,0
2018-05-04 02:42:58,9.1,19245,0,-175130,0
2018-05-04 02:45:11,119.4594,19220,0,2296010,1
2018-05-04 02:45:11,462.5594,19220,0,8890391,1
2018-05-04 02:46:19,0.0001,19250,0,-2,0
2018-05-04 02:46:20,27.326,19250,0,-526026,0
2018-05-04 02:46:20,28.0331,19250,0,-539637,0
2018-05-04 02:46:20,90.5,19250,0,-1742125,0
2018-05-04 02:46:20,45.3105,19250,0,-872227,0
2018-05-04 02:46:20,500.0,19250,0,-9625000,0
2018-05-04 02:46:39,2.0,19215,0,38430,1
2018-05-04 02:46:39,2.4,19215,0,46116,1
2018-05-04 02:46:45,8.1,19215,0,155642,1
2018-05-04 02:46:45,1.8496,19215,0,35540,1
2018-05-04 02:46:56,8.1,19210,0,155601,1
2018-05-04 02:46:56,4.4,19210,0,84524,1
2018-05-04 02:46:56,2.0,19210,0,38420,1
2018-05-04 02:46:57,4.0,19210,0,76840,1
2018-05-04 02:47:00,4.0,19210,0,76840,1
2018-05-04 02:47:00,4.0,19210,0,76840,1
2018-05-04 02:47:01,0.3,19210,0,5763,1
2018-05-04 02:47:08,115.6761,19205,0,2221560,1
2018-05-04 02:47:08,8.1,19205,0,155561,1
2018-05-04 02:47:13,4.0,19190,0,76760,1
2018-05-04 02:47:14,4.0,19190,0,76760,1
2018-05-04 02:47:14,4.0,19190,0,76760,1
2018-05-04 02:47:14,2.4,19190,0,46056,1
2018-05-04 02:47:14,8.1,19190,0,155439,1
2018-05-04 02:47:14,4.0,19190,0,76760,1
2018-05-04 02:47:14,8.1,19190,0,155439,1
2018-05-04 02:47:15,4.0,19190,0,76760,1
2018-05-04 02:47:15,2.4,19190,0,46056,1
2018-05-04 02:47:15,6.5,19190,0,124735,1
2018-05-04 02:47:16,1.6,19190,0,30704,1
2018-05-04 02:47:16,3.2,19190,0,61408,1
2018-05-04 02:47:16,8.1,19190,0,155439,1
2018-05-04 02:47:16,1.2,19190,0,23028,1
2018-05-04 02:47:16,2.4,19190,0,46056,1
2018-05-04 02:47:16,8.1,19190,0,155439,1
2018-05-04 02:47:16,4.0,19190,0,76760,1
2018-05-04 02:47:17,26.4657,19190,0,507877,1
2018-05-04 02:47:17,8.1,19190,0,155439,1
2018-05-04 02:47:18,0.3404,19190,0,6532,1
2018-05-04 02:47:20,415.2379,19205,0,7974644,1
2018-05-04 03:08:30,26.43852443,19030,0,-503125,0
2018-05-04 03:08:31,35.16497556,19030,0,-669189,0
2018-05-04 03:10:19,61.6035,19000,0,1170467,1
2018-05-04 03:14:48,181.2176,18720,0,-3392393,0
2018-05-04 03:14:49,14.4,18720,0,-269568,0
2018-05-04 03:14:49,11.8,18720,0,-220896,0
2018-05-04 03:14:59,992.5824,18770,0,-18630772,0
2018-05-04 03:15:13,23.774,18825,0,447546,1
2018-05-04 03:15:19,56.9629,18825,0,1072327,1
2018-05-04 03:15:23,839.4322,18825,0,15802311,1
2018-05-04 03:15:23,279.8309,18825,0,5267817,1
2018-05-04 03:15:41,2.656,18870,0,-50119,0
2018-05-04 03:15:51,2.3872,18850,0,-44999,0
2018-05-04 03:15:58,188.5151,18860,0,-3555395,0
2018-05-04 03:16:24,18.9594,18880,0,-357953,0
2018-05-04 03:16:28,5.158e-05,18900,0,-1,0
2018-05-04 03:16:35,1.0,18900,0,-18900,0
2018-05-04 03:16:36,17.0,18910,0,-321470,0
2018-05-04 03:16:39,230.5178,18900,0,4356786,1
2018-05-04 03:18:00,313.5,18865,0,-5914178,0
2018-05-04 03:18:59,8.0,18880,0,151040,1
2018-05-04 03:20:05,305.5,18800,0,5743400,1
2018-05-04 03:20:40,1.0,18810,0,-18810,0
2018-05-04 03:22:35,157.7,19040,0,-3002608,0
2018-05-04 03:22:39,1.0,18985,0,-18985,0
2018-05-04 03:23:02,1.0,19030,0,-19030,0
2018-05-04 03:23:02,1.0,19030,0,-19030,0
2018-05-04 03:23:08,1.1999955,19015,0,-22818,0
2018-05-04 03:23:08,55.77840449,19015,0,-1060626,0
2018-05-04 03:23:14,1.0,19045,0,-19045,0
2018-05-04 03:23:23,4.623,19055,0,88091,1
2018-05-04 03:23:48,109.2277,18985,0,2073688,1
2018-05-04 03:23:48,101.3277,18985,0,1923706,1
2018-05-04 03:23:48,4.5,18985,0,85433,1
2018-05-04 03:24:01,14.4999,18960,0,-274918,0
2018-05-04 03:24:17,230.89,18975,0,-4381138,0
2018-05-04 03:24:22,1.0,18985,0,-18985,0
2018-05-04 03:24:25,96.4086,19020,0,1833692,1
2018-05-04 03:24:46,1.0,18960,0,-18960,0
2018-05-04 03:24:46,44.26124261,18960,0,-839193,0
2018-05-04 03:25:12,844.0181,18950,0,-15994143,0
2018-05-04 03:28:04,27.2937,18900,0,515851,1
2018-05-04 03:28:04,182.7918,18900,0,3454765,1
2018-05-04 03:28:04,49.0,18900,0,926100,1
2018-05-04 03:28:04,100.0,18900,0,1890000,1
2018-05-04 03:28:04,73.9221,18900,0,1397128,1
2018-05-04 03:28:04,325.0,18900,0,6142500,1
2018-05-04 03:28:05,11.0102,18900,0,208093,1
2018-05-04 03:28:05,11.7029,18900,0,221185,1
2018-05-04 03:28:15,258.5399,18885,0,4882526,1
2018-05-04 03:29:42,1.488,18955,0,-28205,0
2018-05-04 03:30:39,11.1488,19140,0,-213388,0
2018-05-04 03:30:56,12.6368,19115,0,241552,1
2018-05-04 03:38:48,3.1,19225,0,-59598,0
2018-05-04 03:38:48,0.12527958,19225,0,-2408,0
2018-05-04 03:38:48,4.5,19225,0,-86513,0
2018-05-04 03:38:48,5.7,19225,0,-109583,0
2018-05-04 03:38:48,2.3,19225,0,-44218,0
2018-05-04 03:38:49,2.0,19225,0,-38450,0
2018-05-04 03:38:49,1.3,19225,0,-24993,0
2018-05-04 03:38:49,7.0,19225,0,-134575,0
2018-05-04 03:38:49,6.1,19225,0,-117273,0
2018-05-04 03:38:49,4.3,19225,0,-82668,0
2018-05-04 03:38:50,5.0,19225,0,-96125,0
2018-05-04 03:38:50,3.1,19225,0,-59598,0
2018-05-04 03:38:50,5.6,19225,0,-107660,0
2018-05-04 03:38:50,2.3,19225,0,-44218,0
2018-05-04 03:38:51,2.3,19225,0,-44218,0
2018-05-04 03:38:51,3.2,19225,0,-61520,0
2018-05-04 03:38:51,10.2,19225,0,-196095,0
2018-05-04 03:38:51,1.1,19225,0,-21148,0
2018-05-04 03:38:51,2.2,19225,0,-42295,0
2018-05-04 03:38:51,4.5,19225,0,-86513,0
2018-05-04 03:38:51,4.9,19225,0,-94203,0
2018-05-04 03:38:52,8.1,19225,0,-155723,0
2018-05-04 03:38:52,2.2,19225,0,-42295,0
2018-05-04 03:38:53,2.3,19225,0,-44218,0
2018-05-04 03:38:53,10.9,19225,0,-209553,0
2018-05-04 03:38:53,13.5,19225,0,-259538,0
2018-05-04 03:39:49,1082.1747,19355,0,-20945491,0
2018-05-04 03:40:51,22.1894,19410,0,430696,1
2018-05-04 03:41:09,131.7671,19350,0,2549693,1
2018-05-04 03:41:09,200.23,19350,0,3874451,1
2018-05-04 03:41:09,193.5778,19350,0,3745730,1
2018-05-04 03:41:09,51.6795,19350,0,999998,1
2018-05-04 03:41:10,48.259,19350,0,933812,1
2018-05-04 03:41:10,22.2817,19350,0,431151,1
2018-05-04 03:41:13,62.539,19335,0,1209192,1
2018-05-04 03:41:13,35.9577,19335,0,695242,1
2018-05-04 03:41:17,431.5188,19350,0,8349889,1
2018-05-04 03:42:37,58.4133,19240,0,-1123872,0
2018-05-04 03:42:46,20.0,19270,0,-385400,0
2018-05-04 03:43:03,3.9321,19260,0,-75732,0
2018-05-04 03:43:46,332.253,19340,0,-6425773,0
2018-05-04 03:44:00,414.5984,19365,0,8028698,1
2018-05-04 03:44:53,4.77,19455,0,-92800,0
2018-05-04 03:45:02,4.77,19535,0,93182,1
2018-05-04 03:47:42,46.6014,19400,0,-904067,0
2018-05-04 03:48:34,46.6014,19435,0,905698,1
2018-05-04 03:49:32,104.3017,19475,0,-2031276,0
2018-05-04 03:50:44,104.3017,19480,0,2031797,1
2018-05-04 03:52:00,363.1,19480,0,-7073188,0
2018-05-04 03:52:05,4.8,19530,0,-93744,0
2018-05-04 03:52:05,1.1,19530,0,-21483,0
2018-05-04 03:52:07,69.4326,19535,0,-1356366,0
2018-05-04 03:52:07,5.4,19535,0,-105489,0
2018-05-04 03:52:07,2.5,19535,0,-48838,0
2018-05-04 03:52:24,6.8,19515,0,132702,1
2018-05-04 03:52:24,128.9184,19515,0,2515843,1
2018-05-04 03:52:32,238.1108,19515,0,4646732,1
2018-05-04 03:52:38,72.5034,19510,0,1414541,1
2018-05-04 03:53:06,96.239,19530,0,-1879548,0
2018-05-04 03:53:11,798.7944599,19545,0,-15612438,0
2018-05-04 03:53:11,144.8083,19545,0,-2830278,0
2018-05-04 03:53:38,535.1748,19625,0,10502805,1
2018-05-04 03:53:39,54.4,19625,0,1067600,1
2018-05-04 03:53:42,450.267,19625,0,8836490,1
2018-05-04 03:55:53,103.6092,19830,0,-2054570,0
2018-05-04 03:55:53,62.9265,19830,0,-1247832,0
2018-05-04 03:56:23,166.5357,19850,0,3305734,1
2018-05-04 03:57:00,44.8304,19780,0,-886745,0
2018-05-04 03:57:05,652.90129818,19730,0,-12881743,0
2018-05-04 03:57:18,34.5,19710,0,679995,1
2018-05-04 03:57:21,663.2317,19700,0,13065664,1
2018-05-04 03:58:18,20.0,19690,0,-393800,0
2018-05-04 03:58:45,20.0,19750,0,395000,1
2018-05-04 04:11:37,820.91640101,19650,0,-16131007,0
2018-05-04 04:11:38,11.2,19650,0,-220080,0
2018-05-04 04:11:52,0.1,19595,0,1960,1
2018-05-04 04:11:54,19.05,19595,0,373285,1
2018-05-04 04:12:19,35.5823,19635,0,698658,1
2018-05-04 04:12:20,90.1172,19635,0,1769451,1
2018-05-04 04:12:32,285.7775,19635,0,5611241,1
2018-05-04 04:12:59,65.2921,19685,0,-1285275,0
2018-05-04 04:13:20,466.7815,19705,0,9197929,1
2018-05-04 04:14:10,198.7,19725,0,-3919358,0
2018-05-04 04:14:14,179.394,19725,0,-3538547,0
2018-05-04 04:14:32,27.18583635,19770,0,537464,1
2018-05-04 04:14:32,350.90816364,19770,0,6937454,1
2018-05-04 04:14:35,372.5659,19795,0,-7374942,0
2018-05-04 04:14:44,28.7802,19830,0,-570711,0
2018-05-04 04:14:45,209.6998,19830,0,-4158347,0
2018-05-04 04:15:06,245.23675373,19885,0,4876533,1
2018-05-04 04:15:26,365.8091,19845,0,7259482,1
2018-05-04 04:16:40,36.4426,19740,0,-719377,0
2018-05-04 04:17:02,36.4426,19795,0,721381,1
2018-05-04 04:21:03,536.09105935,19780,0,-10603881,0
2018-05-04 04:21:19,481.1748,19790,0,9522449,1
2018-05-04 04:21:20,54.9163,19790,0,1086794,1
2018-05-04 04:21:53,0.0001,19745,0,-2,0
2018-05-04 04:21:59,297.421,19705,0,-5860681,0
2018-05-04 04:22:51,8.2586,19635,0,-162158,0
2018-05-04 04:23:12,0.9,19535,0,17582,1
2018-05-04 04:23:13,304.7797,19535,0,5953871,1
2018-05-04 04:24:20,213.28575094,19590,0,-4178268,0
2018-05-04 04:24:37,452.395,19720,0,-8921229,0
2018-05-04 04:25:23,20.0,19750,0,395000,1
2018-05-04 04:25:23,77.6744,19750,0,1534069,1
2018-05-04 04:25:24,81.3715,19750,0,1607087,1
2018-05-04 04:25:43,20.0,19720,0,394400,1
2018-05-04 04:26:02,128.8497,19740,0,2543493,1
2018-05-04 04:27:55,99.9999,19730,0,1972998,1
2018-05-04 04:28:05,19.7151,19710,0,-388585,0
2018-05-04 04:28:30,149.5111,19705,0,2946116,1
2018-05-04 04:28:58,107.9892,19695,0,2126847,1
2018-05-04 04:33:02,100.0,19640,0,-1964000,0
2018-05-04 04:33:08,20.0,19660,0,-393200,0
2018-05-04 04:34:00,82.9987,19620,0,-1628434,0
2018-05-04 04:35:07,153.2586,19605,0,-3004635,0
2018-05-04 04:35:08,0.294,19605,0,-5764,0
2018-05-04 04:35:26,15.5307,19620,0,304712,1
2018-05-04 04:36:01,47.2,19685,0,929132,1
2018-05-04 04:36:02,60.649,19685,0,1193876,1
2018-05-04 04:36:02,151.0334,19685,0,2973092,1
2018-05-04 04:36:14,0.48,19720,0,9466,1
2018-05-04 04:36:19,20.0,19680,0,393600,1
2018-05-04 04:36:20,52.5282,19680,0,1033755,1
2018-05-04 04:36:20,9.13,19680,0,179678,1
2018-05-04 04:37:01,39.951,19850,0,-793027,0
2018-05-04 04:37:01,571.4951,19850,0,-11344178,0
2018-05-04 04:37:02,30.0,19850,0,-595500,0
2018-05-04 04:37:02,100.0,19850,0,-1985000,0
2018-05-04 04:37:02,3.4638,19850,0,-68756,0
2018-05-04 04:37:02,13.415,19850,0,-266288,0
2018-05-04 04:37:03,441.6751,19850,0,-8767251,0
2018-05-04 04:37:17,191.7892,19845,0,3806057,1
2018-05-04 04:37:25,8.32,19815,0,164861,1
2018-05-04 04:37:25,221.849,19815,0,4395938,1
2018-05-04 04:37:29,20.0,19800,0,396000,1
2018-05-04 04:37:29,504.1,19800,0,9981180,1
2018-05-04 04:37:30,253.9418,19800,0,5028048,1
2018-05-04 04:40:37,338.7799,19800,0,-6707842,0
2018-05-04 04:40:37,135.9657,19800,0,-2692121,0
2018-05-04 04:40:42,265.5409,19805,0,-5259038,0
2018-05-04 04:40:54,0.6,19790,0,11874,1
2018-05-04 04:40:55,20.9366,19790,0,414335,1
2018-05-04 04:40:55,120.89,19790,0,2392413,1
2018-05-04 04:41:14,580.0876,19770,0,11468332,1
2018-05-04 04:41:14,17.7723,19770,0,351358,1
2018-05-04 04:53:50,0.0001,19800,0,-2,0
2018-05-04 04:53:51,19.4801,19800,0,-385706,0
2018-05-04 04:53:54,107.6649,19800,0,-2131765,0
2018-05-04 04:54:03,127.1451,19800,0,2517473,1
2018-05-04 04:55:50,10.0,19890,0,-198900,0
2018-05-04 04:56:02,1.3884,19905,0,-27636,0
2018-05-04 04:56:02,572.8647,19905,0,-11402872,0
2018-05-04 04:56:03,73.2272,19905,0,-1457587,0
2018-05-04 04:56:45,657.4803,19940,0,13110157,1
2018-05-04 04:57:46,11.0,19885,0,-218735,0
2018-05-04 04:57:58,11.0,19860,0,218460,1
2018-05-04 05:00:08,62.0077,19870,0,-1232093,0
2018-05-04 05:01:23,1137.9922,19920,0,-22668805,0
2018-05-04 05:02:34,39.9999,19920,0,796798,1
2018-05-04 05:02:34,578.0001,19920,0,11513762,1
2018-05-04 05:02:34,581.9999,19920,0,11593438,1
2018-05-04 05:03:40,493.6,19955,0,-9849788,0
2018-05-04 05:03:44,251.5981,19950,0,-5019382,0
2018-05-04 05:03:59,745.1981,19975,0,14885332,1
2018-05-04 05:05:29,566.7701,19920,0,-11290060,0
2018-05-04 05:05:47,358.8957,19940,0,7156380,1
2018-05-04 05:05:51,47.55,19920,0,947196,1
2018-05-04 05:05:55,100.0,19880,0,1988000,1
2018-05-04 05:05:55,2.0,19880,0,39760,1
2018-05-04 05:05:56,37.1487,19880,0,738516,1
2018-05-04 05:05:56,21.1757,19880,0,420973,1
2018-05-04 05:10:22,10.00006636,19755,0,-197551,0
2018-05-04 05:10:34,6.0,19775,0,-118650,0
2018-05-04 05:10:49,16.0001,19825,0,317202,1
2018-05-04 05:12:57,51.5681,19775,0,-1019759,0
2018-05-04 05:14:36,1011.7817,19775,0,-20007983,0
2018-05-04 05:15:14,115.6299,19800,0,2289471,1
2018-05-04 05:16:00,16.3615,19795,0,323876,1
2018-05-04 05:16:13,8.9162,19770,0,176273,1
2018-05-04 05:16:13,0.3,19770,0,5931,1
2018-05-04 05:16:16,366.4318,19770,0,7244357,1
2018-05-04 05:16:22,402.85012645,19770,0,7964347,1
2018-05-04 05:17:04,95.6536,19750,0,1889159,1
2018-05-04 05:17:04,57.2067,19750,0,1129832,1
2018-05-04 05:18:13,0.0001,19730,0,-2,0
2018-05-04 05:18:14,7.76,19730,0,-153105,0
2018-05-04 05:19:48,7.7601,19720,0,153029,1
2018-05-04 05:21:07,5.7299,19755,0,-113194,0
2018-05-04 05:21:07,78.7964,19755,0,-1556623,0
2018-05-04 05:21:22,29.69,19740,0,-586081,0
2018-05-04 05:21:27,25.0,19745,0,-493625,0
2018-05-04 05:22:20,101.166,19750,0,1998029,1
2018-05-04 05:22:48,313.6583,19770,0,-6201025,0
2018-05-04 05:22:52,217.3386,19770,0,-4296784,0
2018-05-04 05:22:57,29.1,19780,0,-575598,0
2018-05-04 05:23:02,0.167,19780,0,3303,1
2018-05-04 05:25:09,174.2673,19725,0,-3437422,0
2018-05-04 05:26:57,76.6983,19740,0,1514024,1
2018-05-04 05:26:57,0.1,19740,0,1974,1
2018-05-04 05:32:39,5.0,19855,0,99275,1
2018-05-04 05:33:04,20.8032,19855,0,413048,1
2018-05-04 05:33:45,0.33,19865,0,6555,1
2018-05-04 05:33:45,56.5404,19865,0,1123175,1
2018-05-04 05:33:48,398.8197,19835,0,7910589,1
2018-05-04 05:33:49,0.4,19835,0,7934,1
2018-05-04 05:33:49,69.2344,19835,0,1373264,1
2018-05-04 05:33:49,5.9,19835,0,117027,1
2018-05-04 05:33:49,0.2,19835,0,3967,1
2018-05-04 05:34:11,71.2133,19850,0,-1413584,0
2018-05-04 05:35:31,1.0001,19825,0,19827,1
2018-05-04 05:35:32,12.0045,19825,0,237989,1
2018-05-04 05:35:32,0.2,19825,0,3965,1
2018-05-04 05:35:32,10.3279,19825,0,204751,1
2018-05-04 05:35:32,21.0583,19825,0,417481,1
2018-05-04 05:35:35,164.844,19815,0,3266384,1
2018-05-04 06:02:15,41.3015,19770,0,-816531,0
2018-05-04 06:02:28,5.0,19770,0,98850,1
2018-05-04 06:02:42,36.3015,19770,0,717681,1
2018-05-04 06:11:50,23.0,19655,0,-452065,0
2018-05-04 06:12:14,11.8766,19650,0,-233375,0
2018-05-04 06:12:58,384.615,19645,0,-7555762,0
2018-05-04 06:13:20,91.9409,19645,0,-1806179,0
2018-05-04 06:13:45,254.64473419,19665,0,5007589,1
2018-05-04 06:14:22,256.7877,19640,0,5043310,1
2018-05-04 06:16:54,94.7287,19570,0,-1853841,0
2018-05-04 06:17:03,94.7287,19560,0,1852893,1
2018-05-04 06:18:02,30.5968,19530,0,-597556,0
2018-05-04 06:18:30,21.5094,19570,0,420939,1
2018-05-04 06:18:55,100.0,19560,0,-1956000,0
2018-05-04 06:18:55,919.4156,19560,0,-17983769,0
2018-05-04 06:19:21,0.4185,19620,0,8211,1
2018-05-04 06:19:41,255.037,19605,0,5000000,1
2018-05-04 06:20:00,7.71197696,19620,0,151309,1
2018-05-04 06:20:50,329.6075,19635,0,6471843,1
2018-05-04 06:21:21,435.728,19615,0,8546805,1
2018-05-04 06:23:56,50.7942,19645,0,-997852,0
2018-05-04 06:23:56,254.3157,19645,0,-4996032,0
2018-05-04 06:24:23,100.0,19635,0,1963500,1
2018-05-04 06:24:23,79.3511,19635,0,1558059,1
2018-05-04 06:24:27,105.7588,19630,0,2076045,1
2018-05-04 06:24:27,20.0,19630,0,392600,1
2018-05-04 06:27:53,1200.0,19550,0,-23460000,0
2018-05-04 06:29:23,43.3,19545,0,846299,1
2018-05-04 06:29:23,942.0314,19545,0,18412004,1
2018-05-04 06:29:26,214.6686,19535,0,4193551,1
2018-05-04 06:29:57,0.3185,19535,0,-6222,0
2018-05-04 06:31:22,1199.6815,19530,0,-23429780,0
2018-05-04 06:31:34,105.5713,19500,0,2058640,1
2018-05-04 06:31:34,51.0,19500,0,994500,1
2018-05-04 06:31:34,7.0307,19500,0,137099,1
2018-05-04 06:31:35,3.4382,19500,0,67045,1
2018-05-04 06:31:35,81.8697,19500,0,1596459,1
2018-05-04 06:31:35,49.471,19500,0,964685,1
2018-05-04 06:31:35,129.8192,19500,0,2531474,1
2018-05-04 06:31:35,25.2668,19500,0,492703,1
2018-05-04 06:31:36,6.8342,19500,0,133267,1
2018-05-04 06:31:36,24.0711,19500,0,469386,1
2018-05-04 06:31:36,39.1,19500,0,762450,1
2018-05-04 06:31:38,10.9,19515,0,212714,1
2018-05-04 06:31:38,104.772,19500,0,2043054,1
2018-05-04 06:31:39,61.73,19500,0,1203735,1
2018-05-04 06:31:42,195.6527,19500,0,3815228,1
2018-05-04 06:31:43,47.51,19500,0,926445,1
2018-05-04 06:31:48,112.14,19500,0,2186730,1
2018-05-04 06:31:55,31.6153,19500,0,616498,1
2018-05-04 06:31:55,33.6438,19500,0,656054,1
2018-05-04 06:31:56,12.0243,19500,0,234474,1
2018-05-04 06:31:59,20.4819,19505,0,399499,1
2018-05-04 06:32:24,33.1717,19535,0,-648009,0
2018-05-04 06:32:40,52.3285,19515,0,1021191,1
2018-05-04 06:32:41,24.56,19515,0,479288,1
2018-05-04 06:32:52,0.8187,19515,0,15977,1
2018-05-04 06:32:53,1.5223,19515,0,29708,1
2018-05-04 06:33:23,310.8404,19520,0,-6067605,0
2018-05-04 06:33:23,10.5638,19520,0,-206205,0
2018-05-04 06:33:23,5.2842,19520,0,-103148,0
2018-05-04 06:33:27,873.3116,19530,0,-17055776,0
2018-05-04 06:34:13,1200.0,19520,0,23424000,1
2018-05-04 06:38:29,71.69846726,19475,0,-1396328,0
2018-05-04 06:38:29,0.6707,19475,0,-13062,0
2018-05-04 06:38:30,2.0664,19475,0,-40243,0
2018-05-04 06:38:45,74.4356,19460,0,1448517,1
2018-05-04 06:41:04,456.4493,19240,0,-8782085,0
2018-05-04 06:41:15,169.2447,19280,0,-3263038,0
2018-05-04 06:41:15,6.178,19230,0,-118803,0
2018-05-04 06:42:21,89.663,19290,0,1729599,1
2018-05-04 06:42:22,5.8301,19290,0,112463,1
2018-05-04 06:42:22,8.0908,19290,0,156072,1
2018-05-04 06:42:26,24.8147,19275,0,478303,1
2018-05-04 06:42:26,150.3253437,19275,0,2897521,1
2018-05-04 06:42:45,2.8384,19275,0,54710,1
2018-05-04 06:42:51,268.7902,19260,0,5176899,1
2018-05-04 06:42:51,10.0,19260,0,192600,1
2018-05-04 06:42:51,16.523,19260,0,318233,1
2018-05-04 06:42:55,3.1556,19260,0,60777,1
2018-05-04 06:42:55,51.8409,19260,0,998456,1
2018-05-04 06:43:12,11.4,19275,0,-219735,0
2018-05-04 06:44:10,149.5753,19315,0,-2889047,0
2018-05-04 06:44:21,1039.0247,19330,0,-20084347,0
2018-05-04 06:46:53,7.196,19365,0,139351,1
2018-05-04 06:46:54,10.0,19365,0,193650,1
2018-05-04 06:46:58,113.4643,19360,0,2196669,1
2018-05-04 06:51:52,51.2874,19375,0,993693,1
2018-05-04 06:51:52,103.3319,19375,0,2002056,1
2018-05-04 06:51:52,20.0,19375,0,387500,1
2018-05-04 06:51:52,87.4622,19375,0,1694580,1
2018-05-04 06:51:53,83.5909,19375,0,1619574,1
2018-05-04 06:51:53,70.1502,19375,0,1359160,1
2018-05-04 06:52:00,653.5171,19375,0,12661894,1
2018-05-04 06:52:22,137.17982577,19400,0,-2661289,0
2018-05-04 06:52:22,7.422e-05,19400,0,-1,0
2018-05-04 06:53:27,137.1799,19445,0,2667463,1
2018-05-04 06:54:10,4.9974,19500,0,-97449,0
2018-05-04 06:54:14,1005.09045551,19510,0,-19609315,0
2018-05-04 06:55:01,593.9811,19535,0,11603421,1
2018-05-04 06:55:40,184.3937,19550,0,-3604897,0
2018-05-04 06:55:45,60.9077,19550,0,1190746,1
2018-05-04 06:55:45,3.0433,19550,0,59497,1
2018-05-04 06:55:53,116.152,19480,0,2262641,1
2018-05-04 06:55:57,100.0,19420,0,1942000,1
2018-05-04 06:55:57,310.79,19420,0,6035542,1
2018-05-04 06:55:58,9.6074,19420,0,186576,1
2018-05-04 06:56:37,126.0851,19490,0,-2457399,0
2018-05-04 06:56:45,126.0851,19470,0,2454877,1
2018-05-04 06:59:10,257.634,19425,0,-5004540,0
2018-05-04 06:59:14,9.0854,19420,0,-176438,0
2018-05-04 06:59:26,33.0389,19425,0,641781,1
2018-05-04 06:59:45,198.7998,19395,0,3855722,1
2018-05-04 06:59:46,3.8186,19395,0,74062,1
2018-05-04 06:59:49,5.0,19400,0,97000,1
2018-05-04 06:59:49,26.0621,19400,0,505605,1
2018-05-04 07:00:17,356.9044,19395,0,-6922161,0
2018-05-04 07:00:17,843.0956,19395,0,-16351839,0
2018-05-04 07:02:00,91.4161,19375,0,1771187,1
2018-05-04 07:02:00,200.0,19375,0,3875000,1
2018-05-04 07:02:04,116.9436,19370,0,2265198,1
2018-05-04 07:02:04,215.2093,19370,0,4168604,1
2018-05-04 07:02:08,480.7844,19365,0,9310390,1
2018-05-04 07:02:08,95.6466,19365,0,1852196,1
2018-05-04 07:02:50,1200.0,19355,0,-23226000,0
2018-05-04 07:03:19,50.0,19350,0,967500,1
2018-05-04 07:03:19,14.3127,19350,0,276951,1
2018-05-04 07:03:19,54.586,19350,0,1056239,1
2018-05-04 07:03:19,399.86704504,19350,0,7737427,1
2018-05-04 07:03:22,60.1678,19345,0,1163946,1
2018-05-04 07:03:23,0.1453,19345,0,2811,1
2018-05-04 07:03:23,1.1111,19345,0,21494,1
2018-05-04 07:03:23,4.0222,19345,0,77809,1
2018-05-04 07:03:23,0.2,19345,0,3869,1
2018-05-04 07:03:23,463.1783,19345,0,8960184,1
2018-05-04 07:03:44,41.8769,19350,0,-810318,0
2018-05-04 07:03:48,71.9341,19345,0,-1391565,0
2018-05-04 07:03:48,45.6838,19345,0,-883753,0
2018-05-04 07:04:14,206.6,19355,0,3998743,1
2018-05-04 07:05:01,62.3875,19355,0,-1207510,0
2018-05-04 07:05:08,399.92148035,19365,0,-7744479,0
2018-05-04 07:05:08,167.61841964,19365,0,-3245931,0
2018-05-04 07:05:08,464.7682,19365,0,-9000236,0
2018-05-04 07:05:39,717.2455,19355,0,13882287,1
2018-05-04 07:05:42,0.4212,19345,0,8148,1
2018-05-04 07:05:42,0.3,19345,0,5804,1
2018-05-04 07:05:42,390.799,19350,0,7561961,1
2018-05-04 07:05:46,35.5835,19335,0,688007,1
2018-05-04 07:05:46,55.6508,19335,0,1076008,1
2018-05-04 07:07:55,20.0,19280,0,-385600,0
2018-05-04 07:08:29,9.99995795,19290,0,-192899,0
2018-05-04 07:08:29,50.0,19290,0,-964500,0
2018-05-04 07:08:29,2.19874204,19290,0,-42414,0
2018-05-04 07:09:04,81.8075,19335,0,1581748,1
2018-05-04 07:09:04,0.3912,19335,0,7564,1
2018-05-04 07:09:54,103.0,19355,0,-1993565,0
2018-05-04 07:09:54,1097.0,19365,0,-21243405,0
2018-05-04 07:11:07,9.0899,19385,0,176208,1
2018-05-04 07:11:12,20.0,19370,0,387400,1
2018-05-04 07:11:12,695.0207,19370,0,13462551,1
2018-05-04 07:11:24,4.351,19355,0,-84214,0
2018-05-04 07:11:30,9.9555,19350,0,-192639,0
2018-05-04 07:11:30,447.5958,19350,0,-8660979,0
2018-05-04 07:12:55,462.1147,19370,0,8951162,1
2018-05-04 07:13:05,388.5158,19345,0,7515838,1
2018-05-04 07:13:06,0.3,19345,0,5804,1
2018-05-04 07:13:53,86.8612,19350,0,1680764,1
2018-05-04 07:22:52,167.6329,19400,0,-3252078,0
2018-05-04 07:22:52,13.0406,19405,0,-253053,0
2018-05-04 07:23:14,79.18265353,19390,0,1535352,1
2018-05-04 07:23:21,61.127,19375,0,1184336,1
2018-05-04 07:23:40,40.3638,19370,0,781847,1
2018-05-04 07:26:43,270.0,19360,0,-5227200,0
2018-05-04 07:26:43,86.8454,19360,0,-1681327,0
2018-05-04 07:26:43,9.0763,19360,0,-175717,0
2018-05-04 07:26:43,40.2932,19360,0,-780076,0
2018-05-04 07:26:43,2.0,19360,0,-38720,0
2018-05-04 07:26:51,15.7125128,19365,0,-304273,0
2018-05-04 07:26:51,776.07258719,19365,0,-15028646,0
2018-05-04 07:28:02,17.6852,19370,0,342562,1
2018-05-04 07:28:06,813.65498719,19355,0,15748292,1
2018-05-04 07:28:09,62.2294,19355,0,1204450,1
2018-05-04 07:28:10,15.6026,19355,0,301988,1
2018-05-04 07:28:10,290.8278,19350,0,5627518,1
2018-05-04 07:33:26,1200.0,19500,0,-23400000,0
2018-05-04 07:34:09,153.8856,19495,0,3000000,1
2018-05-04 07:34:09,1.0001,19495,0,19497,1
2018-05-04 07:34:09,0.179,19495,0,3490,1
2018-05-04 07:34:22,230.23,19510,0,4491787,1
2018-05-04 07:34:23,82.675,19510,0,1612989,1
2018-05-04 07:35:12,732.0303,19535,0,14300212,1
2018-05-04 07:35:55,1078.6376,19530,0,-21065792,0
2018-05-04 07:38:19,187.5701,19520,0,3661368,1
2018-05-04 07:38:19,223.688,19520,0,4366390,1
2018-05-04 07:39:01,289.5734,19535,0,5656816,1
2018-05-04 07:40:29,0.3248,19520,0,6340,1
2018-05-04 07:40:29,64.7621,19520,0,1264156,1
2018-05-04 07:40:30,13.067,19520,0,255068,1
2018-05-04 07:40:42,59.8189,19515,0,1167366,1
2018-05-04 07:40:48,1.3156,19500,0,25654,1
2018-05-04 07:40:52,238.5177,19500,0,4651095,1
2018-05-04 07:44:46,463.4819,19390,0,-8986914,0
2018-05-04 07:44:47,601.3,19390,0,-11659207,0
2018-05-04 07:46:43,5.0,19350,0,96750,1
2018-05-04 07:46:47,436.23446243,19335,0,8434593,1
2018-05-04 07:46:47,43.6941,19335,0,844825,1
2018-05-04 07:46:47,9.0629,19335,0,175231,1
2018-05-04 07:46:52,570.7905,19335,0,11036234,1
2018-05-04 07:50:13,113.6633,19330,0,-2197112,0
2018-05-04 07:51:11,5.8767,19310,0,113479,1
2018-05-04 07:51:12,65.243,19310,0,1259842,1
2018-05-04 07:51:12,14.361,19310,0,277311,1
2018-05-04 07:51:12,14.361,19310,0,277311,1
2018-05-04 07:51:12,13.8216,19310,0,266895,1
2018-05-04 07:51:33,8.9125,19315,0,-172145,0
2018-05-04 07:51:45,8.9125,19310,0,172100,1
2018-05-04 07:54:02,44.8472,19315,0,-866224,0
2018-05-04 07:54:37,188.5718,19315,0,-3642264,0
2018-05-04 07:54:44,335.6605,19315,0,-6483283,0
2018-05-04 07:54:44,24.497,19315,0,-473160,0
2018-05-04 07:56:01,5.9763,19320,0,115462,1
2018-05-04 07:56:01,2.0773,19320,0,40133,1
2018-05-04 07:56:05,128.8,19315,0,2487772,1
2018-05-04 07:56:05,170.4541,19315,0,3292321,1
2018-05-04 07:56:09,201.3761,19305,0,3887566,1
2018-05-04 07:56:10,20.0,19305,0,386100,1
2018-05-04 07:56:10,59.1207,19305,0,1141325,1
2018-05-04 07:56:10,5.772,19305,0,111428,1
2018-05-04 07:57:49,994.92,19350,0,-19251702,0
2018-05-04 07:57:49,205.08,19350,0,-3968298,0
2018-05-04 07:59:56,497.519,19340,0,9622017,1
2018-05-04 07:59:56,28.7179,19340,0,555404,1
2018-05-04 07:59:56,20.0,19340,0,386800,1
2018-05-04 07:59:56,275.0198,19340,0,5318883,1
2018-05-04 08:00:03,156.1776,19330,0,-3018913,0
2018-05-04 08:00:16,125.63127592,19355,0,-2431593,0
2018-05-04 08:00:16,197.85932407,19355,0,-3829567,0
2018-05-04 08:03:45,1.5,19350,0,29025,1
2018-05-04 08:04:37,8.3151,19340,0,160814,1
2018-05-04 08:04:38,271.3849,19340,0,5248584,1
2018-05-04 08:05:17,44.0877,19340,0,-852656,0
2018-05-04 08:05:43,277.0029,19330,0,5354466,1
2018-05-04 08:05:43,61.031,19330,0,1179729,1
2018-05-04 08:05:53,135.2357,19325,0,2613430,1
2018-05-04 08:05:53,148.0296,19325,0,2860672,1
2018-05-04 08:06:10,9.79475734,19320,0,-189235,0
2018-05-04 08:06:11,80.63344265,19320,0,-1557838,0
2018-05-04 08:06:30,90.4282,19305,0,1745716,1
2018-05-04 08:08:10,2.5804,19285,0,-49763,0
2018-05-04 08:08:28,319.56042827,19300,0,-6167516,0
2018-05-04 08:08:29,139.05,19300,0,-2683665,0
2018-05-04 08:08:33,8.1588,19315,0,-157587,0
2018-05-04 08:09:34,165.7238,19285,0,3195983,1
2018-05-04 08:09:45,5.0,19275,0,96375,1
2018-05-04 08:09:45,244.9826,19275,0,4722040,1
2018-05-04 08:09:46,3.6432,19275,0,70223,1
2018-05-04 08:09:46,50.0,19275,0,963750,1
2018-05-04 08:12:11,377.2765,19195,0,-7241822,0
2018-05-04 08:12:16,550.2864,19190,0,-10559996,0
2018-05-04 08:13:27,8.5218,19220,0,163789,1
2018-05-04 08:13:28,250.4194,19220,0,4813061,1
2018-05-04 08:14:13,92.3583,19245,0,1777435,1
2018-05-04 08:14:39,47.0375,19270,0,906413,1
2018-05-04 08:14:54,7.0024,19250,0,-134796,0
2018-05-04 08:15:35,16.8726,19265,0,-325051,0
2018-05-04 08:16:17,20.0075,19255,0,385244,1
2018-05-04 08:16:21,52.0,19230,0,999960,1
2018-05-04 08:16:21,40.4056,19230,0,777000,1
2018-05-04 08:16:21,30.0975,19230,0,578775,1
2018-05-04 08:16:22,410.5903,19230,0,7895651,1
2018-05-04 08:19:05,64.0101,19150,0,-1225793,0
2018-05-04 08:19:28,3.8505,19240,0,74084,1
2018-05-04 08:20:14,60.1596,19270,0,1159275,1
2018-05-04 08:23:51,1200.0,19240,0,-23088000,0
2018-05-04 08:24:27,48.7392,19245,0,937986,1
2018-05-04 08:24:28,100.5245,19245,0,1934594,1
2018-05-04 08:25:04,1.5,19230,0,28845,1
2018-05-04 08:26:00,170.39004471,19235,0,3277453,1
2018-05-04 08:26:00,41.0376,19235,0,789358,1
2018-05-04 08:26:23,241.2683,19215,0,4635970,1
2018-05-04 08:26:23,596.5404,19215,0,11462524,1
2018-05-04 08:28:32,25.6861,19225,0,-493815,0
2018-05-04 08:29:05,25.6861,19205,0,493302,1
2018-05-04 08:31:43,5.108e-05,19195,0,-1,0
2018-05-04 08:31:48,90.6443,19200,0,-1740371,0
2018-05-04 08:31:49,351.4276,19200,0,-6747410,0
2018-05-04 08:31:52,757.9281,19200,0,-14552220,0
2018-05-04 08:33:48,33.5219,19240,0,644961,1
2018-05-04 08:33:48,527.6442,19240,0,10151874,1
2018-05-04 08:33:48,462.4389,19240,0,8897324,1
2018-05-04 08:33:48,176.395,19240,0,3393840,1
2018-05-04 08:35:35,121.16358818,19295,0,-2337851,0
2018-05-04 08:35:35,588.0002,19295,0,-11345464,0
2018-05-04 08:35:35,168.5023,19295,0,-3251252,0
2018-05-04 08:36:39,877.6661,19305,0,16943344,1
2018-05-04 08:37:17,0.1,19355,0,-1936,0
2018-05-04 08:37:17,12.9242,19355,0,-250148,0
2018-05-04 08:37:34,13.0242,19355,0,252083,1
2018-05-04 08:40:55,19.1367,19300,0,-369338,0
2018-05-04 08:43:30,19.1367,19310,0,369530,1
2018-05-04 08:47:44,184.9842,19295,0,-3569270,0
2018-05-04 08:48:35,1.0,19320,0,-19320,0
2018-05-04 08:48:35,669.42247483,19320,0,-12933242,0
2018-05-04 08:48:35,344.59332516,19320,0,-6657543,0
2018-05-04 08:49:04,185.7775,19330,0,3591079,1
2018-05-04 08:49:05,190.0,19330,0,3672700,1
2018-05-04 08:49:26,7.6497,19330,0,147869,1
2018-05-04 08:50:41,4.37092602,19330,0,84490,1
2018-05-04 08:54:47,409.4055,19470,0,7971125,1
2018-05-04 08:55:01,15.4084,19470,0,300002,1
2018-05-04 08:55:10,171.53,19450,0,3336259,1
2018-05-04 08:55:10,0.2455,19450,0,4775,1
2018-05-04 08:55:44,82.0836,19435,0,1595295,1
2018-05-04 08:55:45,51.4536,19435,0,1000001,1
2018-05-04 08:55:45,82.0753,19435,0,1595133,1
2018-05-04 08:58:22,10.0,19375,0,-193750,0
2018-05-04 08:58:45,72.5838,19360,0,-1405222,0
2018-05-04 09:00:15,82.5838,19370,0,1599648,1
2018-05-04 09:01:03,20.0,19390,0,-387800,0
2018-05-04 09:01:19,7.9626,19355,0,154116,1
2018-05-04 09:01:23,12.0374,19350,0,232924,1
2018-05-04 09:01:59,200.0,19310,0,-3862000,0
2018-05-04 09:02:43,12.0557,19325,0,-232976,0
2018-05-04 09:03:39,762.0539,19280,0,-14692399,0
2018-05-04 09:03:39,225.8904,19260,0,-4350649,0
2018-05-04 09:04:21,47.6787,19240,0,917338,1
2018-05-04 09:04:21,10.395,19240,0,200000,1
2018-05-04 09:04:21,990.7895,19240,0,19062790,1
2018-05-04 09:04:21,1.0,19240,0,19240,1
2018-05-04 09:04:29,150.1368,19200,0,2882627,1
2018-05-04 09:05:05,486.7458,19240,0,-9364989,0
2018-05-04 09:05:05,150.0,19230,0,-2884500,0
2018-05-04 09:10:33,8.7896,19280,0,169463,1
2018-05-04 09:10:34,26.053,19280,0,502302,1
2018-05-04 09:11:10,601.9032,19365,0,11655855,1
2018-05-04 09:11:23,286.7585852,19405,0,-5564550,0
2018-05-04 09:11:31,10.0375,19450,0,-195229,0
2018-05-04 09:11:37,53.7797,19470,0,-1047091,0
2018-05-04 09:11:43,849.4242,19490,0,-16555278,0
2018-05-04 09:12:49,720.12079285,19605,0,14117968,1
2018-05-04 09:12:50,51.00739607,19605,0,1000000,1
2018-05-04 09:12:50,86.765,19605,0,1701028,1
2018-05-04 09:12:53,25.5885,19585,0,501151,1
2018-05-04 09:12:54,27.3275,19585,0,535209,1
2018-05-04 09:12:54,55.9572,19585,0,1095922,1
2018-05-04 09:12:54,77.8929,19585,0,1525532,1
2018-05-04 09:13:07,2.8,19605,0,-54894,0
2018-05-04 09:13:10,1.5,19605,0,-29408,0
2018-05-04 09:13:33,159.6407,19665,0,3139334,1
2018-05-04 09:13:44,178.1999,19630,0,-3498064,0
2018-05-04 09:13:44,1.9,19630,0,-37297,0
2018-05-04 09:13:49,180.0999,19665,0,3541665,1
2018-05-04 09:13:54,1200.0,19620,0,-23544000,0
2018-05-04 09:14:14,358.9516,19600,0,7035451,1
2018-05-04 09:14:15,255.6564,19600,0,5010865,1
2018-05-04 09:14:19,9.9,19580,0,193842,1
2018-05-04 09:14:19,9.89504596,19580,0,193745,1
2018-05-04 09:14:26,15.8872,19570,0,310913,1
2018-05-04 09:14:26,50.0,19580,0,979000,1
2018-05-04 09:14:27,152.0,19570,0,2974640,1
2018-05-04 09:14:27,26.5169,19570,0,518936,1
2018-05-04 09:14:30,21.9162,19570,0,428900,1
2018-05-04 09:14:30,133.6277,19570,0,2615094,1
2018-05-04 09:14:37,156.1582,19535,0,3050550,1
2018-05-04 09:14:38,9.4907,19535,0,185401,1
2018-05-04 09:16:41,0.5987,19490,0,-11669,0
2018-05-04 09:17:57,4.9925,19560,0,-97653,0
2018-05-04 09:17:57,192.6499,19560,0,-3768232,0
2018-05-04 09:18:26,198.2411,19560,0,3877596,1
2018-05-04 09:18:41,1108.75913613,19605,0,-21737223,0
2018-05-04 09:18:41,91.24086386,19605,0,-1788777,0
2018-05-04 09:18:57,390.5,19615,0,7659658,1
2018-05-04 09:19:00,14.01681797,19610,0,274870,1
2018-05-04 09:19:00,795.48318202,19610,0,15599425,1
2018-05-04 09:23:41,543.26833037,19620,0,-10658925,0
2018-05-04 09:23:41,656.73166962,19620,0,-12885075,0
2018-05-04 09:24:40,10.07,19635,0,197724,1
2018-05-04 09:24:43,392.695,19625,0,7706639,1
2018-05-04 09:24:47,715.2,19610,0,14025072,1
2018-05-04 09:24:47,82.035,19610,0,1608706,1
2018-05-04 09:25:18,391.7882,19640,0,-7694720,0
2018-05-04 09:25:45,440.0285,19690,0,-8664161,0
2018-05-04 09:26:52,757.5574823,19780,0,14984487,1
2018-05-04 09:26:53,2.59,19780,0,51230,1
2018-05-04 09:27:05,880.1886,19790,0,-17418932,0
2018-05-04 09:27:17,211.2811,19720,0,4166463,1
2018-05-04 09:27:18,73.4996,19720,0,1449412,1
2018-05-04 09:27:18,486.1379,19720,0,9586639,1
2018-05-04 09:27:18,0.1,19720,0,1972,1
2018-05-04 09:27:28,44.121,19740,0,870949,1
2018-05-04 09:27:28,16.0,19740,0,315840,1
2018-05-04 09:28:37,10.0,19760,0,-197600,0
2018-05-04 09:28:49,130.7182,19760,0,2582992,1
2018-05-04 09:29:10,545.40133238,19760,0,-10777130,0
2018-05-04 09:29:11,16.99996761,19760,0,-335919,0
2018-05-04 09:29:11,197.3888,19760,0,-3900403,0
2018-05-04 09:29:33,254.184522,19770,0,5025228,1
2018-05-04 09:30:29,18.4178,19750,0,363752,1
2018-05-04 09:30:30,24.7495,19750,0,488803,1
2018-05-04 09:30:59,1.0,19750,0,19750,1
2018-05-04 09:30:59,27.8839,19750,0,550707,1
2018-05-04 09:30:59,80.6958,19750,0,1593742,1
2018-05-04 09:31:03,18.9566,19750,0,374393,1
2018-05-04 09:31:03,50.0,19750,0,987500,1
2018-05-04 09:31:06,283.902,19740,0,5604225,1
2018-05-04 09:33:25,199.7,19710,0,-3936087,0
2018-05-04 09:33:29,256.37836395,19700,0,-5050654,0
2018-05-04 09:33:29,577.97143604,19700,0,-11386037,0
2018-05-04 09:34:00,96.5377,19685,0,1900345,1
2018-05-04 09:34:00,20.0,19685,0,393700,1
2018-05-04 09:34:01,142.2708,19685,0,2800601,1
2018-05-04 09:34:04,155.596,19685,0,3062907,1
2018-05-04 09:34:05,53.03225806,19685,0,1043940,1
2018-05-04 09:34:08,142.9332,19665,0,2810781,1
2018-05-04 09:34:09,7.0205,19665,0,138058,1
2018-05-04 09:34:09,0.3,19665,0,5900,1
2018-05-04 09:34:09,45.9109,19665,0,902838,1
2018-05-04 09:34:12,44.985,19685,0,885530,1
2018-05-04 09:34:18,5.0,19685,0,98425,1
2018-05-04 09:34:22,320.4635,19675,0,6305119,1
2018-05-04 09:35:10,1.0,19640,0,-19640,0
2018-05-04 09:35:14,1.0,19650,0,19650,1
2018-05-04 09:38:07,39.8507,19620,0,-781871,0
2018-05-04 09:38:19,39.8507,19615,0,781671,1
2018-05-04 09:43:43,31.2722,19635,0,-614030,0
2018-05-04 09:43:43,247.409,19635,0,-4857876,0
2018-05-04 09:43:46,1.0001,19640,0,-19642,0
2018-05-04 09:44:01,1.0001,19620,0,19622,1
2018-05-04 09:44:28,152.2878,19610,0,-2986364,0
2018-05-04 09:45:24,430.969,19600,0,8446992,1
2018-05-04 09:46:24,229.6058,19620,0,-4504866,0
2018-05-04 09:46:24,10.0,19620,0,-196200,0
2018-05-04 09:46:46,45.8113,19600,0,897901,1
2018-05-04 09:46:50,76.7055,19590,0,1502661,1
2018-05-04 09:46:51,2.5177,19590,0,49322,1
2018-05-04 09:46:51,0.2,19590,0,3918,1
2018-05-04 09:46:51,22.9,19590,0,448611,1
2018-05-04 09:46:51,13.0,19590,0,254670,1
2018-05-04 09:46:54,78.4713,19590,0,1537253,1
2018-05-04 09:47:33,76.0367,19540,0,-1485757,0
2018-05-04 09:47:53,74.56375951,19575,0,-1459586,0
2018-05-04 09:47:53,779.43044048,19575,0,-15257351,0
2018-05-04 09:48:18,359.4856,19535,0,7022551,1
2018-05-04 09:48:19,200.0,19535,0,3907000,1
2018-05-04 09:49:26,510.1794,19495,0,-9945947,0
2018-05-04 09:51:07,62.27420349,19460,0,1211856,1
2018-05-04 09:54:04,41.4188,19525,0,808702,1
2018-05-04 09:54:18,165.9882,19500,0,3236770,1
2018-05-04 09:54:18,37.3695,19500,0,728705,1
2018-05-04 09:54:27,20.0,19470,0,389400,1
2018-05-04 09:54:57,0.6,19485,0,11691,1
2018-05-04 09:55:15,77.6321,19490,0,1513050,1
2018-05-04 09:55:15,10.0615,19490,0,196099,1
2018-05-04 09:55:32,60.324,19490,0,-1175715,0
2018-05-04 09:55:36,20.0,19510,0,-390200,0
2018-05-04 09:56:35,76.9227,19495,0,-1499608,0
2018-05-04 09:58:14,69.9078,19575,0,1368445,1
2018-05-04 09:58:14,552.7193,19575,0,10819480,1
2018-05-04 10:07:33,562.4927,19615,0,-11033294,0
2018-05-04 10:07:49,78.74085109,19620,0,1544895,1
2018-05-04 10:07:59,483.7518,19615,0,9488792,1
2018-05-04 10:08:50,5.5971,19650,0,-109983,0
2018-05-04 10:08:58,507.7,19675,0,-9988998,0
2018-05-04 10:09:15,124.3328,19695,0,2448734,1
2018-05-04 10:09:16,43.01523229,19695,0,847185,1
2018-05-04 10:09:44,345.9491,19695,0,6813468,1
2018-05-04 10:11:51,50.8517,19665,0,-999999,0
2018-05-04 10:12:03,35.1558,19645,0,690636,1
2018-05-04 10:12:03,15.6959,19645,0,308346,1
2018-05-04 10:13:18,26.3479,19670,0,-518263,0
2018-05-04 10:13:22,18.9993,19680,0,-373906,0
2018-05-04 10:16:30,3.27579785,19610,0,64238,1
2018-05-04 10:17:29,95.4818,19590,0,-1870488,0
2018-05-04 10:17:45,0.5,19560,0,9780,1
2018-05-04 10:20:19,8.8008,19540,0,171968,1
2018-05-04 10:20:19,128.2524,19540,0,2506052,1
2018-05-04 10:23:31,433.5385,19535,0,-8469175,0
2018-05-04 10:23:32,466.1245,19535,0,-9105742,0
2018-05-04 10:24:29,259.37341701,19570,0,5075938,1
2018-05-04 10:25:22,268.1619,19530,0,5237202,1
2018-05-04 10:25:23,372.1277,19530,0,7267654,1
2018-05-04 10:25:40,348.82,19550,0,-6819431,0
2018-05-04 10:25:45,641.46247361,19560,0,-12547006,0
2018-05-04 10:25:45,209.71752638,19560,0,-4102075,0
2018-05-04 10:27:46,183.1244,19540,0,3578251,1
2018-05-04 10:27:50,10.0,19540,0,195400,1
2018-05-04 10:28:06,178.2618,19525,0,3480562,1
2018-05-04 10:28:06,30.0,19525,0,585750,1
2018-05-04 10:28:40,30.0,19505,0,585150,1
2018-05-04 10:28:40,146.1301,19505,0,2850268,1
2018-05-04 10:28:41,10.0,19505,0,195050,1
2018-05-04 10:28:41,612.4837,19505,0,11946495,1
2018-05-04 10:30:55,1200.0,19460,0,-23352000,0
2018-05-04 10:31:27,50.333,19470,0,979984,1
2018-05-04 10:31:31,0.1013,19470,0,1972,1
2018-05-04 10:34:42,51.4006,19455,0,999999,1
2018-05-04 10:34:47,566.6495,19460,0,11026999,1
2018-05-04 10:34:47,0.2,19460,0,3892,1
2018-05-04 10:34:47,531.3156,19450,0,10334088,1
2018-05-04 10:35:28,95.84846897,19455,0,-1864732,0
2018-05-04 10:35:32,974.9466,19465,0,-18977336,0
2018-05-04 10:35:32,129.205,19465,0,-2514975,0
2018-05-04 10:39:01,1200.0,19530,0,23436000,1
2018-05-04 10:45:58,213.9987,19480,0,-4168695,0
2018-05-04 10:46:20,60.758,19455,0,-1182047,0
2018-05-04 10:46:37,8.0,19470,0,-155760,0
2018-05-04 10:46:37,34.0398,19470,0,-662755,0
2018-05-04 10:46:38,704.2,19470,0,-13710774,0
2018-05-04 10:47:11,143.3471,19425,0,2784517,1
2018-05-04 10:50:42,0.2,19410,0,3882,1
2018-05-04 10:51:02,441.287,19400,0,8560968,1
2018-05-04 10:51:06,12.7934,19385,0,248000,1
2018-05-04 10:51:13,2.9,19380,0,56202,1
2018-05-04 10:51:13,7.8,19380,0,151164,1
2018-05-04 10:51:14,2.2,19380,0,42636,1
2018-05-04 10:51:17,410.469,19370,0,7950785,1
2018-05-04 10:51:34,56.8,19360,0,-1099648,0
2018-05-04 10:51:38,153.2619,19360,0,-2967150,0
2018-05-04 10:52:09,35.6747,19335,0,-689770,0
2018-05-04 10:52:33,34.3496,19325,0,-663806,0
2018-05-04 10:52:46,280.0862,19305,0,5407064,1
2018-05-04 10:53:19,24.091,19330,0,-465679,0
2018-05-04 10:53:19,104.0277,19330,0,-2010855,0
2018-05-04 10:53:38,123.2707,19330,0,-2382823,0
2018-05-04 10:53:50,354.7758,19350,0,-6864912,0
2018-05-04 10:56:32,156.3282,19320,0,3020261,1
2018-05-04 10:56:32,17.77674016,19320,0,343447,1
2018-05-04 10:56:32,10.0,19320,0,193200,1
2018-05-04 10:56:32,179.3355,19320,0,3464762,1
2018-05-04 10:56:32,12.9705,19320,0,250590,1
2018-05-04 10:56:32,229.75425983,19320,0,4438852,1
2018-05-04 10:56:44,12.7626,19330,0,-246701,0
2018-05-04 10:57:43,8.5864,19330,0,-165975,0
2018-05-04 10:58:06,148.9757,19325,0,-2878955,0
2018-05-04 11:00:29,43.27976308,19325,0,836381,1
2018-05-04 11:00:30,0.1,19325,0,1933,1
2018-05-04 11:00:30,126.94493691,19325,0,2453211,1
2018-05-04 11:12:02,53.9526,19400,0,-1046680,0
2018-05-04 11:12:06,39.4219,19400,0,-764785,0
2018-05-04 11:15:02,93.3745,19390,0,1810532,1
2018-05-04 11:17:27,1200.0,19300,0,-23160000,0
2018-05-04 11:20:08,66.597,19340,0,1287986,1
2018-05-04 11:23:45,0.0978,19330,0,1890,1
2018-05-04 11:25:37,1.0,19340,0,19340,1
2018-05-04 11:26:27,0.9966,19355,0,19289,1
2018-05-04 11:28:18,3.9783,19350,0,76980,1
2018-05-04 11:28:30,313.259,19340,0,6058429,1
2018-05-04 11:28:31,72.3282,19340,0,1398827,1
2018-05-04 11:28:31,8.0,19340,0,154720,1
2018-05-04 11:28:31,104.973,19340,0,2030178,1
2018-05-04 11:28:31,4.4549,19340,0,86158,1
2018-05-04 11:28:31,215.0842,19340,0,4159728,1
2018-05-04 11:28:31,258.5315,19340,0,4999999,1
2018-05-04 11:28:32,150.6995,19340,0,2914528,1
2018-05-04 11:41:22,108.2825,19320,0,-2092018,0
2018-05-04 11:41:22,0.1,19305,0,-1931,0
2018-05-04 11:42:08,63.2908,19320,0,1222778,1
2018-05-04 11:44:59,3.3649,19315,0,64993,1
2018-05-04 11:44:59,41.7268,19315,0,805953,1
2018-05-04 11:45:49,56.366,19320,0,-1088991,0
2018-05-04 11:46:30,11.7926,19330,0,-227951,0
2018-05-04 11:46:43,8.7754,19355,0,-169848,0
2018-05-04 11:46:46,11.6841,19355,0,-226146,0
2018-05-04 11:48:40,88.6181,19370,0,1716533,1
2018-05-04 11:51:19,267.02642403,19360,0,-5169632,0
2018-05-04 11:51:19,61.01947596,19360,0,-1181337,0
2018-05-04 11:51:34,7.3435,19380,0,-142317,0
2018-05-04 11:51:39,13.3915,19370,0,-259393,0
2018-05-04 11:51:39,5.6426,19370,0,-109297,0
2018-05-04 11:52:21,84.4,19385,0,1636094,1
2018-05-04 11:53:26,60.4439,19360,0,1170194,1
2018-05-04 11:53:26,164.3706,19360,0,3182215,1
2018-05-04 11:53:30,25.6383,19350,0,496101,1
2018-05-04 11:53:30,14.3222,19350,0,277135,1
2018-05-04 11:53:34,5.2485,19335,0,101480,1
2018-05-04 11:54:52,41.9869,19360,0,-812866,0
2018-05-04 11:54:56,50.0,19365,0,-968250,0
2018-05-04 11:55:41,20.0,19370,0,387400,1
2018-05-04 11:55:42,3.522,19370,0,68221,1
2018-05-04 11:57:30,68.4649,19325,0,1323084,1
2018-05-04 11:59:52,20.0,19370,0,-387400,0
2018-05-04 11:59:56,45.0,19380,0,-872100,0
2018-05-04 11:59:56,1024.0587,19380,0,-19846258,0
2018-05-04 11:59:56,1.0001,19380,0,-19382,0
2018-05-04 12:00:25,29.0525,19325,0,561440,1
2018-05-04 12:00:25,20.0,19350,0,387000,1
2018-05-04 12:01:08,499.4442,19260,0,9619295,1
2018-05-04 12:02:48,2.0,19295,0,38590,1
2018-05-04 12:02:49,25.04,19295,0,483147,1
2018-05-04 12:04:08,3.479e-05,19305,0,-1,0
2018-05-04 12:04:46,16.0,19310,0,-308960,0
2018-05-04 12:05:28,410.6822,19340,0,-7942594,0
2018-05-04 12:05:28,258.7956,19340,0,-5005107,0
2018-05-04 12:07:36,17.4548,19340,0,337576,1
2018-05-04 12:07:36,0.1,19340,0,1934,1
2018-05-04 12:08:47,155.11467237,19395,0,3008449,1
2018-05-04 12:08:47,96.7,19395,0,1875497,1
2018-05-04 12:08:59,0.2,19430,0,3886,1
2018-05-04 12:09:29,84.042,19420,0,1632096,1
2018-05-04 12:09:29,33.3091,19420,0,646863,1
2018-05-04 12:09:33,175.4153,19420,0,3406565,1
2018-05-04 12:09:34,19.4,19420,0,376748,1
2018-05-04 12:10:03,27.57,19475,0,536926,1
2018-05-04 12:10:03,16.2983,19475,0,317409,1
2018-05-04 12:10:04,75.6129,19475,0,1472561,1
2018-05-04 12:10:19,72.5147,19535,0,-1416575,0
2018-05-04 12:10:38,307.4018,19540,0,6006631,1
2018-05-04 12:10:39,186.6242,19540,0,3646637,1
2018-05-04 12:10:39,77.2716,19540,0,1509887,1
2018-05-04 12:16:54,522.4398,19500,0,-10187576,0
2018-05-04 12:16:54,6.0991,19500,0,-118932,0
2018-05-04 12:16:57,75.59953372,19510,0,-1474947,0
2018-05-04 12:17:17,71.4591,19495,0,1393095,1
2018-05-04 12:17:21,1.6335,19500,0,31853,1
2018-05-04 12:17:22,13.8,19500,0,269100,1
2018-05-04 12:17:31,2.1202,19490,0,41323,1
2018-05-04 12:17:32,25.0464,19490,0,488154,1
2018-05-04 12:17:59,219.7554,19465,0,4277539,1
2018-05-04 12:17:59,3.658,19465,0,71203,1
2018-05-04 12:17:59,10.1,19465,0,196597,1
2018-05-04 12:18:00,85.0,19465,0,1654525,1
2018-05-04 12:18:00,65.8776,19465,0,1282307,1
2018-05-04 12:18:04,105.6882,19465,0,2057221,1
2018-05-04 12:18:31,135.718,19450,0,-2639715,0
2018-05-04 12:19:06,56.7843,19450,0,1104455,1
2018-05-04 12:19:06,15.9012,19450,0,309278,1
2018-05-04 12:21:42,63.0325,19400,0,1222831,1
2018-05-04 12:22:56,1163.2487,19400,0,-22567025,0
2018-05-04 12:22:56,36.7513,19400,0,-712975,0
2018-05-04 12:23:17,47.3491,19400,0,918573,1
2018-05-04 12:23:17,436.0191,19400,0,8458771,1
2018-05-04 12:23:17,42.9079,19400,0,832413,1
2018-05-04 12:23:27,76.8829,19390,0,1490759,1
2018-05-04 12:24:23,53.6931,19380,0,-1040572,0
2018-05-04 12:34:14,31.08367213,19380,0,602402,1
2018-05-04 12:35:17,351.271,19365,0,6802363,1
2018-05-04 12:35:18,0.1,19365,0,1937,1
2018-05-04 12:35:52,170.6,19355,0,3301963,1
2018-05-04 12:35:52,97.4795,19355,0,1886716,1
2018-05-04 12:37:49,250.02,19300,0,-4825386,0
2018-05-04 12:37:53,10.5467,19290,0,-203446,0
2018-05-04 12:38:10,32.7918,19280,0,-632226,0
2018-05-04 12:38:10,143.7,19280,0,-2770536,0
2018-05-04 12:38:10,134.0091,19280,0,-2583695,0
2018-05-04 12:38:23,571.0676,19260,0,10998762,1
2018-05-04 12:39:08,182.355,19290,0,-3517628,0
2018-05-04 12:40:00,58.6711,19270,0,1130592,1
2018-05-04 12:40:00,123.6839,19270,0,2383389,1
2018-05-04 12:40:58,1200.0,19265,0,-23118000,0
2018-05-04 12:41:34,0.5,19240,0,9620,1
2018-05-04 12:41:34,601.3303,19240,0,11569595,1
2018-05-04 12:41:34,25.9875,19240,0,500000,1
2018-05-04 12:41:34,113.1731,19240,0,2177450,1
2018-05-04 12:41:35,0.2,19240,0,3848,1
2018-05-04 12:41:35,458.8091,19240,0,8827487,1
2018-05-04 12:41:56,458.5335,19250,0,-8826770,0
2018-05-04 12:42:06,741.4665,19260,0,-14280645,0
2018-05-04 12:44:53,4.0,19280,0,77120,1
2018-05-04 12:44:53,22.7548,19280,0,438713,1
2018-05-04 12:45:17,300.0,19265,0,5779500,1
2018-05-04 12:45:17,317.9195,19265,0,6124719,1
2018-05-04 12:45:43,71.105,19260,0,-1369482,0
2018-05-04 12:47:50,35.0,19305,0,675675,1
2018-05-04 12:49:00,346.7647,19285,0,6687357,1
2018-05-04 12:49:00,89.9744,19285,0,1735156,1
2018-05-04 12:49:00,154.6916,19285,0,2983228,1
2018-05-04 12:52:37,145.7078,19245,0,-2804147,0
2018-05-04 12:54:15,10.0,19235,0,192350,1
2018-05-04 12:54:16,65.1474,19235,0,1253110,1
2018-05-04 12:54:26,5.5,19240,0,105820,1
2018-05-04 12:54:26,11.1,19240,0,213564,1
2018-05-04 12:54:26,4.4,19240,0,84656,1
2018-05-04 12:54:26,3.9,19240,0,75036,1
2018-05-04 12:54:26,1.6,19240,0,30784,1
2018-05-04 12:54:27,3.3,19240,0,63492,1
2018-05-04 12:54:27,5.5,19240,0,105820,1
2018-05-04 12:54:27,4.2,19240,0,80808,1
2018-05-04 12:54:27,3.3,19240,0,63492,1
2018-05-04 12:54:27,11.1,19240,0,213564,1
2018-05-04 12:54:27,11.1,19240,0,213564,1
2018-05-04 12:54:33,2.3,19240,0,44252,1
2018-05-04 12:54:33,3.2604,19240,0,62730,1
2018-05-04 12:57:16,2.0,19230,0,-38460,0
2018-05-04 12:57:16,2.0,19230,0,-38460,0
2018-05-04 12:57:17,2.0,19230,0,-38460,0
2018-05-04 13:00:33,6.0,19250,0,115500,1
2018-05-04 13:01:41,52.0,19290,0,-1003080,0
2018-05-04 13:01:48,84.63966891,19300,0,-1633546,0
2018-05-04 13:01:52,55.38,19305,0,-1069111,0
2018-05-04 13:02:00,123.9261,19290,0,-2390534,0
2018-05-04 13:07:36,50.0,19265,0,-963250,0
2018-05-04 13:12:17,42.0,19275,0,-809550,0
2018-05-04 13:12:18,42.0,19275,0,-809550,0
2018-05-04 13:12:21,750.0543,19280,0,-14461047,0
2018-05-04 13:13:25,9.9706,19300,0,192433,1
2018-05-04 13:13:30,233.0573,19270,0,4491014,1
2018-05-04 13:13:34,17.2095,19275,0,331713,1
2018-05-04 13:13:38,939.7626,19265,0,18104526,1
2018-05-04 13:14:21,528.3827,19270,0,-10181935,0
2018-05-04 13:14:28,7.0136,19280,0,-135222,0
2018-05-04 13:16:15,20.0,19300,0,-386000,0
2018-05-04 13:16:23,15.7529,19290,0,-303873,0
2018-05-04 13:16:38,59.4588,19280,0,-1146366,0
2018-05-04 13:18:10,570.769,19275,0,11001572,1
2018-05-04 13:18:15,59.839,19275,0,1153397,1
2018-05-04 13:19:41,42.9647,19265,0,-827715,0
2018-05-04 13:20:10,42.9647,19260,0,827500,1
2018-05-04 13:21:19,175.0,19290,0,-3375750,0
2018-05-04 13:21:23,20.0,19300,0,-386000,0
2018-05-04 13:21:31,5.0,19270,0,-96350,0
2018-05-04 13:21:52,0.2,19250,0,3850,1
2018-05-04 13:21:55,199.8,19245,0,3845151,1
2018-05-04 13:31:17,74.5526,19215,0,-1432528,0
2018-05-04 13:31:44,33.68,19220,0,647330,1
2018-05-04 13:31:45,25.0025,19220,0,480548,1
2018-05-04 13:31:45,15.8701,19220,0,305023,1
2018-05-04 13:41:33,1200.0,19230,0,-23076000,0
2018-05-04 13:42:43,5.0,19215,0,96075,1
2018-05-04 13:42:43,0.3,19215,0,5765,1
2018-05-04 13:42:43,258.928,19215,0,4975302,1
2018-05-04 13:42:43,47.4883,19215,0,912488,1
2018-05-04 13:42:47,888.2837,19210,0,17063930,1
2018-05-04 13:44:31,81.0718,19210,0,-1557389,0
2018-05-04 13:45:55,19.8839,19250,0,-382765,0
2018-05-04 13:45:57,909.6221,19235,0,-17496581,0
2018-05-04 13:46:56,37.4978,19265,0,722395,1
2018-05-04 13:46:56,479.51348022,19265,0,9237827,1
2018-05-04 13:47:11,12.3614,19250,0,237957,1
2018-05-04 13:47:20,15.0,19250,0,288750,1
2018-05-04 13:47:21,69.4,19250,0,1335950,1
2018-05-04 13:47:21,54.6908,19250,0,1052798,1
2018-05-04 13:47:59,5.0,19255,0,-96275,0
2018-05-04 13:49:15,10.3653,19295,0,-199998,0
2018-05-04 13:49:18,111.5412,19295,0,-2152187,0
2018-05-04 13:49:35,0.3,19290,0,5787,1
2018-05-04 13:51:54,196.723,19330,0,3802656,1
2018-05-04 13:52:16,271.9978,19325,0,5256357,1
2018-05-04 14:06:49,304.6336,19245,0,-5862674,0
2018-05-04 14:07:43,265.9931,19250,0,5120367,1
2018-05-04 14:12:34,2.8929,19225,0,55616,1
2018-05-04 14:12:35,35.7476,19215,0,686890,1
2018-05-04 14:19:21,28.3875,19200,0,-545040,0
2018-05-04 14:19:38,28.3875,19190,0,544756,1
2018-05-04 14:22:35,33.5963,19160,0,-643705,0
2018-05-04 14:22:52,1.9816,19160,0,37967,1
2018-05-04 14:22:52,25.7894,19160,0,494125,1
2018-05-04 14:24:19,5.8253,19150,0,111554,1
2018-05-04 14:26:56,59.7761,19040,0,-1138137,0
2018-05-04 14:27:27,23.021,19050,0,-438550,0
2018-05-04 14:27:51,56.4401,19060,0,1075748,1
2018-05-04 14:27:51,26.357,19065,0,502496,1
2018-05-04 14:28:33,49.3546,19080,0,-941686,0
2018-05-04 14:28:37,84.858,19080,0,-1619091,0
2018-05-04 14:28:37,19.5333,19080,0,-372695,0
2018-05-04 14:28:38,7.6977,19080,0,-146872,0
2018-05-04 14:28:41,268.4867,19090,0,-5125411,0
2018-05-04 14:28:49,23.7087,19120,0,-453310,0
2018-05-04 14:29:11,104.6025,19120,0,2000000,1
2018-05-04 14:29:21,62.1946,19100,0,1187917,1
2018-05-04 14:29:21,104.6,19100,0,1997860,1
2018-05-04 14:29:25,182.2419,19090,0,3478998,1
2018-05-04 14:31:06,432.7017,19085,0,-8258112,0
2018-05-04 14:31:17,15.3845,19125,0,-294229,0
2018-05-04 14:31:24,20.0,19140,0,-382800,0
2018-05-04 14:31:31,19.3575,19140,0,-370503,0
2018-05-04 14:31:52,276.3,19150,0,-5291145,0
2018-05-04 14:31:52,0.1,19150,0,-1915,0
2018-05-04 14:32:33,52.78093242,19090,0,1007588,1
2018-05-04 14:32:42,0.2,19085,0,3817,1
2018-05-04 14:32:43,17.3362,19085,0,330861,1
2018-05-04 14:33:22,12.7251,19075,0,242731,1
2018-05-04 14:33:23,25.0,19075,0,476875,1
2018-05-04 14:33:23,100.0,19075,0,1907500,1
2018-05-04 14:33:23,1.0,19075,0,19075,1
2018-05-04 14:33:23,237.3606,19075,0,4527653,1
2018-05-04 14:33:23,41.661,19075,0,794684,1
2018-05-04 14:33:26,42.0901,19070,0,802658,1
2018-05-04 14:33:27,160.5984,19070,0,3062611,1
2018-05-04 14:33:27,37.1124,19070,0,707733,1
2018-05-04 14:33:27,8.979,19070,0,171230,1
2018-05-04 14:33:27,27.0,19070,0,514890,1
2018-05-04 14:39:14,25.0,18980,0,-474500,0
2018-05-04 14:39:28,25.0,18960,0,474000,1
2018-05-04 14:41:03,752.8686,18980,0,-14289446,0
2018-05-04 14:41:03,447.1314,19000,0,-8495497,0
2018-05-04 14:41:25,33.5027,19020,0,637221,1
2018-05-04 14:41:36,0.1,19015,0,1902,1
2018-05-04 14:41:37,25.2365,19015,0,479872,1
2018-05-04 14:41:37,33.463,19015,0,636299,1
2018-05-04 14:41:47,37.33845475,18985,0,708871,1
2018-05-04 14:41:48,11.4006,18985,0,216440,1
2018-05-04 14:43:43,30.0,19050,0,571500,1
2018-05-04 14:45:26,35.2687,18995,0,669929,1
2018-05-04 14:45:27,254.1082,18995,0,4826785,1
2018-05-04 14:45:30,154.593,18985,0,2934948,1
2018-05-04 14:45:30,581.2607,18985,0,11035234,1
2018-05-04 14:45:35,3.7282,18970,0,70724,1
2018-05-04 14:46:02,199.7,18955,0,-3785314,0
2018-05-04 14:46:37,52.7704,18950,0,999999,1
2018-05-04 14:46:37,50.0,18950,0,947500,1
2018-05-04 14:46:48,96.9296,18950,0,1836816,1
2018-05-04 14:49:32,66.8,18845,0,-1258846,0
2018-05-04 14:49:33,85.808,18845,0,-1617052,0
2018-05-04 14:49:53,132.68279703,18905,0,-2508368,0
2018-05-04 14:49:53,658.31130296,18905,0,-12445375,0
2018-05-04 14:51:12,0.2,18980,0,3796,1
2018-05-04 14:51:26,566.7,19000,0,10767300,1
2018-05-04 14:52:21,441.9581,18990,0,-8392784,0
2018-05-04 14:57:25,100.0,19010,0,1901000,1
2018-05-04 14:57:25,1.0,19010,0,19010,1
2018-05-04 14:57:25,48.5151,19010,0,922272,1
2018-05-04 14:57:26,51.8105,19010,0,984918,1
2018-05-04 14:58:55,198.1,19050,0,3773805,1
2018-05-04 14:59:39,0.0001,19050,0,-2,0
2018-05-04 15:00:22,4.1,19060,0,-78146,0
2018-05-04 15:00:23,0.1,19060,0,-1906,0
2018-05-04 15:00:32,1.486,19040,0,-28293,0
2018-05-04 15:01:28,0.5,19060,0,9530,1
2018-05-04 15:01:28,93.1843,19060,0,1776093,1
2018-05-04 15:01:28,12.0151,19060,0,229008,1
2018-05-04 15:01:33,319.2213,19050,0,6081166,1
2018-05-04 15:04:11,492.6653,19035,0,-9377884,0
2018-05-04 15:04:39,5.5129,19020,0,104855,1
2018-05-04 15:04:39,176.333,19020,0,3353854,1
2018-05-04 15:04:39,3.5368,19020,0,67270,1
2018-05-04 15:04:39,101.3697,19020,0,1928052,1
2018-05-04 15:04:39,100.0,19020,0,1902000,1
2018-05-04 15:04:39,10.0757,19020,0,191640,1
2018-05-04 15:04:40,47.5516,19020,0,904431,1
2018-05-04 15:04:40,48.2856,19020,0,918392,1
2018-05-04 15:09:36,5.6739,18900,0,-107237,0
2018-05-04 15:09:47,132.6357,18910,0,-2508141,0
2018-05-04 15:09:47,85.608,18910,0,-1618847,0
2018-05-04 15:09:47,164.71209053,18910,0,-3114706,0
2018-05-04 15:09:51,10.0,18925,0,-189250,0
2018-05-04 15:09:52,27.9749,18925,0,-529425,0
2018-05-04 15:09:55,0.1421,18945,0,2692,1
2018-05-04 15:10:00,4.2,18925,0,-79485,0
2018-05-04 15:10:32,16.0,18970,0,-303520,0
2018-05-04 15:10:44,34.5307,18965,0,654875,1
2018-05-04 15:10:48,9.957,18955,0,188735,1
2018-05-04 15:10:48,402.1748,18955,0,7623223,1
2018-05-04 15:11:02,66.09998629,18975,0,-1254247,0
2018-05-04 15:11:02,275.5418137,18975,0,-5228406,0
2018-05-04 15:11:06,393.2017,18980,0,-7462968,0
2018-05-04 15:11:06,182.3022,18960,0,-3456450,0
2018-05-04 15:12:34,5.0959,18985,0,96746,1
2018-05-04 15:12:35,0.1,18985,0,1899,1
2018-05-04 15:13:41,0.6,19020,0,11412,1
2018-05-04 15:14:13,911.3498,19005,0,17320203,1
2018-05-04 15:15:33,105.492,18925,0,-1996436,0
2018-05-04 15:15:50,91.4191,18905,0,1728278,1
2018-05-04 15:15:54,14.0729,18890,0,265837,1
2018-05-04 15:16:18,560.98355946,18895,0,-10599784,0
2018-05-04 15:16:18,125.88234053,18895,0,-2378547,0
2018-05-04 15:16:35,15.7076,18930,0,297345,1
2018-05-04 15:18:37,110.1141,18960,0,2087763,1
2018-05-04 15:18:37,3.0,18960,0,56880,1
2018-05-04 15:18:38,227.6289,18960,0,4315844,1
2018-05-04 15:18:38,200.0,18960,0,3792000,1
2018-05-04 15:19:10,22.1371,18925,0,418945,1
2018-05-04 15:19:10,0.2954,18925,0,5590,1
2018-05-04 15:19:10,7.9828,18925,0,151074,1
2018-05-04 15:19:10,100.0,18925,0,1892500,1
2018-05-04 15:19:55,1200.0,18930,0,-22716000,0
2018-05-04 15:20:21,153.2005,18945,0,2902383,1
2018-05-04 15:20:25,4.7624,18945,0,90224,1
2018-05-04 15:21:13,231.8415,18915,0,4385282,1
2018-05-04 15:21:13,810.1956,18915,0,15324850,1
2018-05-04 15:21:57,299.9,18890,0,-5665111,0
2018-05-04 15:22:01,900.1,18900,0,-17011890,0
2018-05-04 15:23:16,36.6652,18930,0,694072,1
2018-05-04 15:23:20,705.52043244,18915,0,13344919,1
2018-05-04 15:23:24,0.9351,18920,0,17692,1
2018-05-04 15:23:28,456.8792,18890,0,8630448,1
2018-05-04 15:24:00,80.0001,18905,0,-1512402,0
2018-05-04 15:24:01,76.3983394,18905,0,-1444311,0
2018-05-04 15:24:24,0.0001,18905,0,-2,0
2018-05-04 15:24:49,1.2973,18905,0,24525,1
2018-05-04 15:25:00,40.1092,18890,0,757663,1
2018-05-04 15:25:05,46.9833,18885,0,887280,1
2018-05-04 15:25:05,41.8984,18885,0,791251,1
2018-05-04 15:25:05,26.1104,18885,0,493095,1
2018-05-04 15:25:27,418.23738125,18890,0,-7900504,0
2018-05-04 15:25:41,0.7823,18900,0,14785,1
2018-05-04 15:26:10,118.6415,18920,0,-2244697,0
2018-05-04 15:26:21,35.87,18915,0,-678481,0
2018-05-04 15:26:41,382.8045,18920,0,7242661,1
2018-05-04 15:26:46,90.6877,18920,0,1715811,1
2018-05-04 15:26:59,12.8,18910,0,242048,1
2018-05-04 15:28:12,85.6743,18950,0,1623528,1
2018-05-04 15:33:04,557.56129156,18960,0,-10571362,0
2018-05-04 15:33:48,164.5646,18980,0,3123436,1
2018-05-04 15:35:06,137.2497,19035,0,2612548,1
2018-05-04 15:35:34,1.4,19110,0,-26754,0
2018-05-04 15:35:34,109.63351648,19110,0,-2095096,0
2018-05-04 15:35:34,13.2161,19110,0,-252560,0
2018-05-04 15:35:54,20.0,19070,0,381400,1
2018-05-04 15:36:02,31.8111,19065,0,606479,1
2018-05-04 15:36:02,328.1856,19060,0,6255218,1
2018-05-04 15:36:20,28.2864,19070,0,-539422,0
2018-05-04 15:37:23,13.15,19100,0,-251165,0
2018-05-04 15:38:05,41.4364,19100,0,791435,1
2018-05-04 15:39:20,6.61256331,19080,0,-126168,0
2018-05-04 15:39:20,76.38923668,19080,0,-1457507,0
2018-05-04 15:39:44,83.0018,19090,0,1584504,1
2018-05-04 15:43:23,249.199,19115,0,-4763439,0
2018-05-04 15:45:22,11.9862,19140,0,229416,1
2018-05-04 15:45:26,90.3242,19145,0,1729257,1
2018-05-04 15:45:26,1.0,19145,0,19145,1
2018-05-04 15:45:26,145.8886,19145,0,2793037,1
2018-05-04 15:45:40,109.3526,19160,0,-2095196,0
2018-05-04 15:46:56,78.4319,19160,0,1502755,1
2018-05-04 15:46:56,26.1577,19160,0,501182,1
2018-05-04 15:47:27,3.6806,19150,0,70483,1
2018-05-04 15:47:27,1.0824,19150,0,20728,1
2018-05-04 15:49:18,288.60646816,19190,0,-5538358,0
2018-05-04 15:49:19,185.284,19190,0,-3555600,0
2018-05-04 15:49:19,9.2177,19190,0,-176888,0
2018-05-04 15:49:23,122.3691,19195,0,-2348875,0
2018-05-04 15:49:23,434.34643571,19195,0,-8337280,0
2018-05-04 15:49:23,119.39626428,19195,0,-2291811,0
2018-05-04 15:49:23,40.7801,19195,0,-782774,0
2018-05-04 15:49:40,237.1723,19195,0,4552522,1
2018-05-04 15:49:40,3.8016671,19195,0,72973,1
2018-05-04 15:49:40,26.91,19195,0,516537,1
2018-05-04 15:50:14,19.0736,19235,0,366881,1
2018-05-04 15:50:14,37.3695,19235,0,718802,1
2018-05-04 15:50:14,43.2668,19235,0,832237,1
2018-05-04 15:50:14,357.98788666,19235,0,6885897,1
2018-05-04 15:50:14,175.6275,19235,0,3378195,1
2018-05-04 15:50:14,24.387,19235,0,469084,1
2018-05-04 15:50:19,6.49292338,19240,0,124924,1
2018-05-04 15:50:19,267.91087661,19240,0,5154605,1
2018-05-04 15:50:44,2.4,19210,0,-46104,0
2018-05-04 15:50:48,1.9694,19210,0,-37832,0
2018-05-04 15:50:52,0.3291,19220,0,-6325,0
2018-05-04 15:50:53,3.5,19220,0,-67270,0
2018-05-04 15:50:53,1.6,19220,0,-30752,0
2018-05-04 15:50:53,3.1,19220,0,-59582,0
2018-05-04 15:50:54,5.8,19220,0,-111476,0
2018-05-04 15:51:12,22.8825,19230,0,-440030,0
2018-05-04 15:51:49,6.98,19265,0,-134470,0
2018-05-04 15:51:52,892.0838,19260,0,-17181534,0
2018-05-04 15:52:38,402.9032,19210,0,7739770,1
2018-05-04 15:52:39,126.3663,19210,0,2427497,1
2018-05-04 15:52:39,85.8926,19210,0,1649997,1
2018-05-04 15:53:31,4.6995,19210,0,90277,1
2018-05-04 15:53:32,207.5363,19210,0,3986772,1
2018-05-04 15:54:26,113.2469,19200,0,2174340,1
2018-05-04 16:24:06,164.8156,18845,0,-3105950,0
2018-05-04 16:26:14,56.8,18900,0,-1073520,0
2018-05-04 16:27:33,221.6156,18900,0,4188535,1
2018-05-04 16:40:07,351.8,18800,0,-6613840,0
2018-05-04 16:40:13,29.0,18780,0,-544620,0
2018-05-04 16:40:13,4.2167,18780,0,-79190,0
2018-05-04 16:41:02,210.7983,18740,0,-3950360,0
2018-05-04 16:41:02,163.4545,18740,0,-3063137,0
2018-05-04 16:41:02,109.8326,18740,0,-2058263,0
2018-05-04 16:41:38,8.2428,18760,0,154635,1
2018-05-04 16:41:38,666.7249,18760,0,12507759,1
2018-05-04 16:41:55,194.1344,18755,0,3640991,1
2018-05-04 16:42:13,2.30763469,18790,0,-43360,0
2018-05-04 16:42:27,40.06,18780,0,-752327,0
2018-05-04 16:42:35,187.25661914,18800,0,-3520424,0
2018-05-04 16:42:36,53.99998085,18800,0,-1015200,0
2018-05-04 16:43:13,589.2731,18800,0,-11078334,0
2018-05-04 16:46:40,4.2429,18855,0,80000,1
2018-05-04 16:46:45,0.8447,18855,0,15927,1
2018-05-04 16:49:26,92.7919,18910,0,1754695,1
2018-05-04 16:50:27,55.0,18880,0,1038400,1
2018-05-04 16:50:28,125.802,18880,0,2375142,1
2018-05-04 16:50:31,26.5251,18850,0,499998,1
2018-05-04 16:50:31,108.3163,18880,0,2045012,1
2018-05-04 16:50:32,224.14488063,18850,0,4225131,1
2018-05-04 16:50:35,101.8233,18850,0,1919369,1
2018-05-04 16:50:36,11.4,18840,0,214776,1
2018-05-04 16:50:36,3.6068,18840,0,67952,1
2018-05-04 16:50:39,6.6907,18830,0,125986,1
2018-05-04 16:50:40,111.7087,18830,0,2103475,1
2018-05-04 16:51:40,54.4381,18820,0,-1024525,0
2018-05-04 16:52:16,54.4381,18830,0,1025069,1
2018-05-04 16:54:00,157.0706,18820,0,-2956069,0
2018-05-04 16:54:18,11.8,18860,0,-222548,0
2018-05-04 16:54:21,37.3,18845,0,-702919,0
2018-05-04 16:54:22,2.6998,18860,0,-50918,0
2018-05-04 16:55:46,1.0,18815,0,18815,1
2018-05-04 16:55:46,16.0661,18815,0,302284,1
2018-05-04 16:55:46,51.9931,18815,0,978250,1
2018-05-04 16:55:47,139.8112,18815,0,2630548,1
2018-05-04 17:01:06,1200.0,18810,0,-22572000,0
2018-05-04 17:02:34,524.1808,18815,0,9862462,1
2018-05-04 17:02:37,71.9966,18815,0,1354616,1
2018-05-04 17:02:41,10.0,18790,0,187900,1
2018-05-04 17:02:41,462.4203,18790,0,8688877,1
2018-05-04 17:02:42,131.4023,18790,0,2469049,1
2018-05-04 17:03:01,381.7065617,18800,0,-7176083,0
2018-05-04 17:03:23,38.0,18800,0,714400,1
2018-05-04 17:03:24,16.4319,18800,0,308920,1
2018-05-04 17:04:41,1.4532,18800,0,27320,1
2018-05-04 17:04:41,1.0,18800,0,18800,1
2018-05-04 17:04:42,27.3,18800,0,513240,1
2018-05-04 17:04:42,13.4684,18800,0,253206,1
2018-05-04 17:04:42,1.0,18800,0,18800,1
2018-05-04 17:04:42,5.8027,18800,0,109091,1
2018-05-04 17:04:42,19.0,18800,0,357200,1
2018-05-04 17:04:44,258.2504,18815,0,4858981,1
2018-05-04 17:06:40,1200.0,18850,0,-22620000,0
2018-05-04 17:08:40,41.5,18910,0,784765,1
2018-05-04 17:08:46,20.0,18890,0,377800,1
2018-05-04 17:08:46,0.2,18885,0,3777,1
2018-05-04 17:08:50,185.1287,18915,0,3501709,1
2018-05-04 17:08:51,113.28141686,18915,0,2142718,1
2018-05-04 17:08:56,14.0974,18890,0,266300,1
2018-05-04 17:08:56,66.8,18890,0,1261852,1
2018-05-04 17:09:01,716.0896,18880,0,13519772,1
2018-05-04 17:09:02,3.9,18880,0,73632,1
2018-05-04 17:09:18,459.3249,18900,0,-8681241,0
2018-05-04 17:09:19,668.4209,18900,0,-12633155,0
2018-05-04 17:10:26,5.2354,18960,0,99263,1
2018-05-04 17:10:27,53.35,18960,0,1011516,1
2018-05-04 17:11:29,1108.1633,18940,0,20988613,1
2018-05-04 17:11:54,5.1959,19035,0,-98904,0
2018-05-04 17:11:57,242.4344,19035,0,-4614739,0
2018-05-04 17:12:12,952.3697,19050,0,-18142643,0
2018-05-04 17:15:20,134.4762,19000,0,2555048,1
2018-05-04 17:15:25,20.0,18940,0,378800,1
2018-05-04 17:15:29,3.8402,18930,0,72695,1
2018-05-04 17:15:41,816.0804,18930,0,15448402,1
2018-05-04 17:15:46,160.3,18910,0,3031273,1
2018-05-04 17:15:46,20.0,18910,0,378200,1
2018-05-04 17:15:49,45.3032,18910,0,856684,1
2018-05-04 17:18:05,1.99990227,18850,0,-37698,0
2018-05-04 17:18:05,831.57529772,18850,0,-15675194,0
2018-05-04 17:20:43,833.5752,18810,0,15679550,1
2018-05-04 17:21:02,224.65706123,18780,0,-4219060,0
2018-05-04 17:21:02,296.0362,18780,0,-5559560,0
2018-05-04 17:21:03,25.8114,18780,0,-484738,0
2018-05-04 17:21:06,99.3786,18780,0,-1866330,0
2018-05-04 17:21:06,84.1214,18790,0,-1580641,0
2018-05-04 17:21:32,1.0,18760,0,18760,1
2018-05-04 17:21:32,2.0,18760,0,37520,1
2018-05-04 17:21:32,511.2126,18760,0,9590348,1
2018-05-04 17:21:50,1.0,18750,0,18750,1
2018-05-04 17:21:50,108.42141333,18750,0,2032901,1
2018-05-04 17:21:51,106.37058666,18745,0,1993917,1
2018-05-04 17:22:34,4.1426,18750,0,-77674,0
2018-05-04 17:23:38,67.358,18735,0,-1261952,0
2018-05-04 17:23:49,48.417,18750,0,-907819,0
2018-05-04 17:23:50,144.8206,18750,0,-2715386,0
2018-05-04 17:24:10,10.898,18790,0,-204773,0
2018-05-04 17:24:19,144.02004082,18810,0,-2709017,0
2018-05-04 17:24:20,28.49995917,18810,0,-536084,0
2018-05-04 17:24:23,165.25868936,18800,0,-3106863,0
2018-05-04 17:24:23,71.6527,18800,0,-1347071,0
2018-05-04 17:25:19,685.0676,18805,0,12882696,1
2018-05-04 17:27:18,7.0847,18730,0,-132696,0
2018-05-04 17:27:19,2.97,18730,0,-55628,0
2018-05-04 17:27:26,176.72668585,18730,0,-3310091,0
2018-05-04 17:27:39,29.0478,18735,0,-544211,0
2018-05-04 17:28:05,33.0,18735,0,-618255,0
2018-05-04 17:28:05,26.5584,18735,0,-497572,0
2018-05-04 17:28:05,199.6999,18735,0,-3741378,0
2018-05-04 17:28:05,82.9759,18735,0,-1554553,0
2018-05-04 17:28:08,68.45204557,18740,0,-1282791,0
2018-05-04 17:28:09,453.99995442,18740,0,-8507959,0
2018-05-04 17:29:18,26.7379,18700,0,499999,1
2018-05-04 17:29:18,41.4834,18700,0,775740,1
2018-05-04 17:29:18,96.23425422,18700,0,1799581,1
2018-05-04 17:29:18,11.0,18700,0,205700,1
2018-05-04 17:29:20,19.3426,18700,0,361707,1
2018-05-04 17:29:21,74.5348,18690,0,1393055,1
2018-05-04 17:29:22,53.5046,18690,0,1000001,1
2018-05-04 17:29:22,10.0,18690,0,186900,1
2018-05-04 17:29:22,35.9899,18690,0,672651,1
2018-05-04 17:29:22,64.7665,18690,0,1210486,1
2018-05-04 17:29:22,2.0,18690,0,37380,1
2018-05-04 17:29:29,644.9215,18665,0,12037460,1
2018-05-04 17:30:28,11.6971,18640,0,-218034,0
2018-05-04 17:30:36,40.0757,18635,0,-746811,0
2018-05-04 17:31:33,3.24e-05,18700,0,-1,0
2018-05-04 17:31:38,55.6087,18705,0,-1040161,0
2018-05-04 17:31:46,65.6518,18700,0,-1227689,0
2018-05-04 17:31:53,361.215,18725,0,-6763751,0
2018-05-04 17:32:02,665.7517,18725,0,-12466201,0
2018-05-04 17:34:23,6.31,18700,0,117997,1
2018-05-04 17:34:30,54.4632,18670,0,1016828,1
2018-05-04 17:34:31,160.7971,18670,0,3002082,1
2018-05-04 17:35:04,26.3367,18695,0,492365,1
2018-05-04 17:35:09,98.3123,18695,0,1837948,1
2018-05-04 17:35:09,8.4231,18695,0,157470,1
2018-05-04 17:35:25,358.3833,18690,0,6698184,1
2018-05-04 17:35:25,10.0,18690,0,186900,1
2018-05-04 17:35:25,11.8615,18690,0,221691,1
2018-05-04 17:35:25,465.1128,18690,0,8692958,1
2018-05-04 17:38:13,134.0605,18680,0,-2504250,0
2018-05-04 17:38:55,0.702,18675,0,13110,1
2018-05-04 17:38:55,133.3585,18675,0,2490470,1
2018-05-04 17:39:38,164.8173,18690,0,-3080435,0
2018-05-04 17:39:38,279.6454,18690,0,-5226573,0
2018-05-04 17:39:38,338.63504764,18690,0,-6329089,0
2018-05-04 17:39:39,16.0599,18690,0,-300160,0
2018-05-04 17:41:06,0.1,18660,0,1866,1
2018-05-04 17:41:06,170.6053,18660,0,3183495,1
2018-05-04 17:41:06,17.0498,18660,0,318149,1
2018-05-04 17:41:07,26.2452,18660,0,489735,1
2018-05-04 17:41:07,254.8938,18660,0,4756318,1
2018-05-04 17:41:07,131.5317,18660,0,2454382,1
2018-05-04 17:41:07,183.8318,18660,0,3430301,1
2018-05-04 17:41:07,14.9,18660,0,278034,1
2018-05-04 17:42:30,304.9305,18575,0,-5664084,0
2018-05-04 17:42:30,60.6426,18575,0,-1126436,0
2018-05-04 17:42:59,94.1983,18550,0,1747378,1
2018-05-04 17:42:59,5.7,18550,0,105735,1
2018-05-04 17:42:59,3.0,18550,0,55650,1
2018-05-04 17:43:00,5.7,18550,0,105735,1
2018-05-04 17:43:00,1.145,18550,0,21240,1
2018-05-04 17:43:14,149.2669,18580,0,-2773379,0
2018-05-04 17:43:44,794.9032,18600,0,-14785200,0
2018-05-04 17:46:30,44.087,18650,0,822223,1
2018-05-04 17:46:36,133.2956,18650,0,2485963,1
2018-05-04 17:46:36,192.8805,18640,0,3595293,1
2018-05-04 17:46:36,1.0,18640,0,18640,1
2018-05-04 17:46:36,7.2794,18640,0,135688,1
2018-05-04 17:46:36,25.0,18640,0,466000,1
2018-05-04 17:46:37,304.4734,18640,0,5675384,1
2018-05-04 17:46:37,102.3886,18640,0,1908524,1
2018-05-04 17:46:37,10.7389,18640,0,200173,1
2018-05-04 17:46:38,58.0847,18640,0,1082699,1
2018-05-04 17:46:43,114.3939,18640,0,2132302,1
2018-05-04 17:46:44,206.3779,18640,0,3846884,1
2018-05-04 17:47:30,1200.0,18700,0,-22440000,0
2018-05-04 17:48:57,4.0376,18760,0,75745,1
2018-05-04 17:48:58,7.6729,18760,0,143944,1
2018-05-04 17:48:58,200.0,18760,0,3752000,1
2018-05-04 17:49:19,2.9033,18770,0,54495,1
2018-05-04 17:49:19,531.7,18770,0,9980009,1
2018-05-04 17:49:54,304.3548,18790,0,5718827,1
2018-05-04 17:49:54,149.3314,18790,0,2805937,1
2018-05-04 17:52:47,170.0,18740,0,-3185800,0
2018-05-04 17:53:16,100.0,18680,0,1868000,1
2018-05-04 17:53:16,68.75,18680,0,1284250,1
2018-05-04 17:53:42,50.0,18680,0,-934000,0
2018-05-04 17:54:19,42.64935026,18715,0,798183,1
2018-05-04 17:54:30,895.4122,18700,0,-16744208,0
2018-05-04 17:56:06,113.9357,18675,0,2127749,1
2018-05-04 17:58:19,26.4,18605,0,491172,1
2018-05-04 17:58:19,69.9104399,18605,0,1300684,1
2018-05-04 17:58:20,114.76065573,18605,0,2135122,1
2018-05-04 17:58:20,2.1,18605,0,39071,1
2018-05-04 17:58:20,5.9602,18605,0,110890,1
2018-05-04 17:58:20,314.2388,18605,0,5846413,1
2018-05-04 17:58:24,28.362,18575,0,526824,1
2018-05-04 17:58:25,195.0351,18575,0,3622777,1
2018-05-04 17:58:25,33.31,18575,0,618733,1
2018-05-04 17:59:24,110.0,18605,0,-2046550,0
2018-05-04 17:59:28,105.9292,18620,0,-1972402,0
2018-05-04 17:59:28,284.0749,18620,0,-5289475,0
2018-05-04 18:00:08,438.9201,18600,0,-8163914,0
2018-05-04 18:00:08,261.0758,18600,0,-4856010,0
2018-05-04 18:01:15,67.045,18565,0,1244690,1
2018-05-04 18:01:15,33.768,18565,0,626903,1
2018-05-04 18:01:16,663.5798,18565,0,12319359,1
2018-05-04 18:01:16,1.2079,18565,0,22425,1
2018-05-04 18:01:17,16.1593,18565,0,299997,1
2018-05-04 18:01:19,418.24,18560,0,7762534,1
2018-05-04 18:02:47,92.2035,18555,0,-1710836,0
2018-05-04 18:02:59,75.7989,18560,0,-1406828,0
2018-05-04 18:03:54,0.65257831,18600,0,12138,1
2018-05-04 18:04:33,167.3498,18580,0,3109359,1
2018-05-04 18:07:00,108.5621,18565,0,-2015455,0
2018-05-04 18:07:00,545.27232371,18565,0,-10122981,0
2018-05-04 18:07:00,4.2365,18565,0,-78651,0
2018-05-04 18:07:01,472.161,18565,0,-8765669,0
2018-05-04 18:07:41,13.1506,18545,0,243878,1
2018-05-04 18:07:42,5.3784,18545,0,99742,1
2018-05-04 18:07:42,26.9614,18545,0,499999,1
2018-05-04 18:07:42,20.0,18545,0,370900,1
2018-05-04 18:07:42,4.0655,18545,0,75395,1
2018-05-04 18:07:46,2.0,18540,0,37080,1
2018-05-04 18:07:50,5.2,18535,0,96382,1
2018-05-04 18:07:50,3.5,18535,0,64873,1
2018-05-04 18:07:51,2.8,18535,0,51898,1
2018-05-04 18:07:51,222.6704,18535,0,4127196,1
2018-05-04 18:08:43,29.9127,18510,0,553684,1
2018-05-04 18:08:44,23.1228,18510,0,428003,1
2018-05-04 18:08:44,5.4653,18510,0,101163,1
2018-05-04 18:08:44,93.6347,18510,0,1733178,1
2018-05-04 18:08:44,18.9086,18510,0,349998,1
2018-05-04 18:08:44,9.7426,18510,0,180336,1
2018-05-04 18:08:44,9.6203,18510,0,178072,1
2018-05-04 18:08:44,5.0,18510,0,92550,1
2018-05-04 18:08:45,200.0,18510,0,3702000,1
2018-05-04 18:08:45,10.0,18510,0,185100,1
2018-05-04 18:08:46,2.4006,18510,0,44435,1
2018-05-04 18:08:51,386.4309,18510,0,7152836,1
2018-05-04 18:08:55,30.2671,18505,0,560093,1
2018-05-04 18:12:17,1010.3487,18470,0,-18661140,0
2018-05-04 18:13:32,301.5442,18550,0,5593645,1
2018-05-04 18:13:32,25.7932,18550,0,478464,1
2018-05-04 18:13:32,113.7224,18550,0,2109551,1
2018-05-04 18:13:32,466.8449,18550,0,8659973,1
2018-05-04 18:13:33,20.2155,18550,0,374998,1
2018-05-04 18:13:33,0.9765,18550,0,18114,1
2018-05-04 18:13:33,13.4771,18550,0,250000,1
2018-05-04 18:13:36,7.0,18540,0,129780,1
2018-05-04 18:13:36,5.2306,18540,0,96975,1
2018-05-04 18:13:37,10.0,18540,0,185400,1
2018-05-04 18:13:40,7.0,18530,0,129710,1
2018-05-04 18:13:40,4.7,18530,0,87091,1
2018-05-04 18:13:45,33.8443,18545,0,627643,1
2018-05-04 18:18:01,662.5622,18540,0,-12283903,0
2018-05-04 18:18:01,19.8845,18540,0,-368659,0
2018-05-04 18:18:01,100.0,18540,0,-1854000,0
2018-05-04 18:18:04,1.8,18555,0,33399,1
2018-05-04 18:18:05,5.3066,18555,0,98464,1
2018-05-04 18:18:47,51.649,18555,0,958347,1
2018-05-04 18:18:47,383.29503029,18555,0,7112039,1
2018-05-04 18:18:51,30.4403,18545,0,564515,1
2018-05-04 18:18:59,10.0,18520,0,185200,1
2018-05-04 18:18:59,10.6,18520,0,196312,1
2018-05-04 18:18:59,0.3,18520,0,5556,1
2018-05-04 18:18:59,0.6,18520,0,11112,1
2018-05-04 18:19:00,56.6827,18520,0,1049764,1
2018-05-04 18:19:05,107.5,18530,0,1991975,1
2018-05-04 18:19:08,69.2731,18505,0,1281899,1
2018-05-04 18:19:08,5.0,18505,0,92525,1
2018-05-04 18:19:08,50.0,18505,0,925250,1
2018-05-04 18:20:14,15.593,18500,0,-288471,0
2018-05-04 18:20:14,256.37948648,18500,0,-4743021,0
2018-05-04 18:22:06,7.2054,18565,0,-133768,0
2018-05-04 18:22:25,303.051,18580,0,-5630688,0
2018-05-04 18:22:25,19.0,18580,0,-353020,0
2018-05-04 18:24:19,86.4145,18570,0,1604717,1
2018-05-04 18:24:21,161.55088852,18570,0,3000000,1
2018-05-04 18:24:31,21.9694,18570,0,407972,1
2018-05-04 18:24:32,11.3319,18570,0,210433,1
2018-05-04 18:24:32,10.0,18570,0,185700,1
2018-05-04 18:24:50,309.9622,18585,0,5760647,1
2018-05-04 18:30:06,53.6901,18595,0,-998367,0
2018-05-04 18:30:06,498.9867,18595,0,-9278658,0
2018-05-04 18:30:11,37.2339,18590,0,-692178,0
2018-05-04 18:30:38,76.4672,18640,0,1425349,1
2018-05-04 18:30:39,513.4435,18640,0,9570587,1
2018-05-04 18:32:35,1200.0,18690,0,-22428000,0
2018-05-04 18:32:56,1200.0,18690,0,22428000,1
2018-05-04 18:33:49,45.0013336,18690,0,-841075,0
2018-05-04 18:33:50,50.0,18690,0,-934500,0
2018-05-04 18:33:55,1104.9985,18700,0,-20663472,0
2018-05-04 18:35:17,43.4237,18680,0,811155,1
2018-05-04 18:35:23,20.0,18670,0,373400,1
2018-05-04 18:35:24,876.58,18670,0,16365749,1
2018-05-04 18:36:08,170.0988,18670,0,-3175745,0
2018-05-04 18:36:21,100.4015,18670,0,-1874496,0
2018-05-04 18:36:57,359.1413,18690,0,6712351,1
2018-05-04 18:37:29,138.1011,18695,0,2581800,1
2018-05-04 18:37:35,23.765,18700,0,444406,1
2018-05-04 18:39:31,193.0646,18710,0,-3612239,0
2018-05-04 18:39:38,224.0781,18720,0,-4194742,0
2018-05-04 18:39:38,50.0,18720,0,-936000,0
2018-05-04 18:39:38,149.72439651,18720,0,-2802841,0
2018-05-04 18:39:38,170.0,18720,0,-3182400,0
2018-05-04 18:40:20,0.1084,18755,0,2033,1
2018-05-04 18:40:21,28.5233,18755,0,534954,1
2018-05-04 18:41:46,489.7471085,18820,0,9217041,1
2018-05-04 18:41:52,100.0,18795,0,1879500,1
2018-05-04 18:41:56,4.4941,18775,0,84377,1
2018-05-04 18:41:56,0.4,18775,0,7510,1
2018-05-04 18:42:00,47.382,18770,0,889360,1
2018-05-04 18:42:00,125.7012,18770,0,2359412,1
2018-05-04 18:42:32,1200.0,18770,0,-22524000,0
2018-05-04 18:43:17,371.9487,18785,0,6987056,1
2018-05-04 18:43:17,297.8305,18790,0,5596235,1
2018-05-04 18:43:31,42.6675,18780,0,801296,1
2018-05-04 18:43:32,140.1899361,18780,0,2632767,1
2018-05-04 18:43:58,25.9224879,18800,0,-487343,0
2018-05-04 18:44:01,21.6697,18800,0,-407390,0
2018-05-04 18:44:50,230.9778843,18785,0,4338920,1
2018-05-04 18:44:50,32.8139,18785,0,616409,1
2018-05-04 18:44:58,131.1638,18785,0,2463912,1
2018-05-04 18:45:59,1.0984,18810,0,-20661,0
2018-05-04 18:46:22,1.0984,18805,0,20655,1
2018-05-04 18:47:19,2.9353,18800,0,-55184,0
2018-05-04 18:47:26,1197.0646,18810,0,-22516785,0
2018-05-04 18:50:08,969.1999,18945,0,18361492,1
2018-05-04 18:50:08,230.8,18945,0,4372506,1
2018-05-04 18:51:35,9.0,19020,0,-171180,0
2018-05-04 18:51:35,130.0,19020,0,-2472600,0
2018-05-04 18:51:40,134.6049,19020,0,-2560185,0
2018-05-04 18:51:40,112.509,19020,0,-2139921,0
2018-05-04 18:51:48,63.3021,19005,0,-1203056,0
2018-05-04 18:52:00,449.416,19065,0,8568116,1
2018-05-04 18:54:17,186.5922,18945,0,-3534989,0
2018-05-04 18:54:18,2.6094,18945,0,-49435,0
2018-05-04 18:54:21,5.3801,18950,0,-101953,0
2018-05-04 18:54:21,251.9215,18950,0,-4773912,0
2018-05-04 18:54:22,10.392,18950,0,-196928,0
2018-05-04 18:54:25,640.8698,18950,0,-12144483,0
2018-05-04 18:54:25,102.235,18940,0,-1936331,0
2018-05-04 18:55:29,1.4686,18975,0,27867,1
2018-05-04 18:55:30,14.3899,18975,0,273048,1
2018-05-04 18:56:53,481.8384,19015,0,9162157,1
2018-05-04 18:57:02,13.7173,18995,0,260560,1
2018-05-04 18:57:06,20.0,18970,0,379400,1
2018-05-04 18:57:06,54.1974,18970,0,1028125,1
2018-05-04 18:57:06,13.1812,18970,0,250047,1
2018-05-04 18:57:06,80.8228,18970,0,1533209,1
2018-05-04 18:57:06,56.6239,18970,0,1074155,1
2018-05-04 18:57:06,12.8075,18970,0,242958,1
2018-05-04 18:57:06,39.9084414,18970,0,757063,1
2018-05-04 18:57:07,20.0,18970,0,379400,1
2018-05-04 18:57:10,391.0446,18975,0,7420071,1
2018-05-04 18:57:33,0.054,18950,0,-1023,0
2018-05-04 18:59:39,70.0,18870,0,-1320900,0
2018-05-04 18:59:39,157.1705,18870,0,-2965807,0
2018-05-04 18:59:40,108.285,18870,0,-2043338,0
2018-05-04 18:59:40,39.9999,18870,0,-754798,0
2018-05-04 18:59:41,159.2405,18870,0,-3004868,0
2018-05-04 19:00:17,20.65258858,18885,0,-390024,0
2018-05-04 19:00:17,46.0191,18885,0,-869071,0
2018-05-04 19:00:17,18.8,18885,0,-355038,0
2018-05-04 19:00:17,73.49991141,18885,0,-1388046,0
2018-05-04 19:02:32,194.2151,18920,0,3674550,1
2018-05-04 19:02:32,499.5064,18920,0,9450661,1
2018-05-04 19:03:05,184.88374545,18920,0,-3498000,0
2018-05-04 19:03:14,1015.1163,18940,0,-19226303,0
2018-05-04 19:03:37,254.1719,18945,0,4815287,1
2018-05-04 19:03:54,50.3653,18945,0,954171,1
2018-05-04 19:04:06,5.2514,18935,0,99435,1
2018-05-04 19:04:06,60.6666,18935,0,1148722,1
2018-05-04 19:04:07,113.2807,18935,0,2144970,1
2018-05-04 19:05:25,274.1641,18880,0,5176218,1
2018-05-04 19:05:25,442.1,18890,0,8351269,1
2018-05-04 19:06:06,41.0929,18885,0,-776039,0
2018-05-04 19:06:43,41.0929,18910,0,777067,1
2018-05-04 19:07:31,919.0933,18915,0,-17384650,0
2018-05-04 19:08:45,100.7128,18960,0,1909515,1
2018-05-04 19:08:59,59.3478,18970,0,1125828,1
2018-05-04 19:11:24,759.0327,19080,0,14482344,1
2018-05-04 19:11:45,50.0,19100,0,-955000,0
2018-05-04 19:11:48,12.4336,19110,0,-237606,0
2018-05-04 19:11:48,134.955,19110,0,-2578990,0
2018-05-04 19:11:56,48.1726,19140,0,-922024,0
2018-05-04 19:11:56,500.0,19140,0,-9570000,0
2018-05-04 19:12:26,745.5612,19105,0,14243947,1
2018-05-04 19:12:46,1.0,19095,0,-19095,0
2018-05-04 19:12:46,1.0,19095,0,-19095,0
2018-05-04 19:12:46,239.92211979,19095,0,-4581313,0
2018-05-04 19:12:47,1.1,19095,0,-21005,0
2018-05-04 19:12:47,4.5,19095,0,-85928,0
2018-05-04 19:12:47,6.4,19095,0,-122208,0
2018-05-04 19:12:49,11.4152,19095,0,-217973,0
2018-05-04 19:12:51,1.0,19110,0,-19110,0
2018-05-04 19:12:51,2.3,19110,0,-43953,0
2018-05-04 19:12:52,0.2916,19110,0,-5572,0
2018-05-04 19:12:55,65.5284,19130,0,-1253558,0
2018-05-04 19:12:55,35.9668,19130,0,-688045,0
2018-05-04 19:12:55,296.75700491,19130,0,-5676962,0
2018-05-04 19:12:55,26.3,19130,0,-503119,0
2018-05-04 19:12:56,2.6,19130,0,-49738,0
2018-05-04 19:12:56,1.6,19130,0,-30608,0
2018-05-04 19:12:56,50.0,19130,0,-956500,0
2018-05-04 19:12:56,2.7,19130,0,-51651,0
2018-05-04 19:12:56,2.7,19130,0,-51651,0
2018-05-04 19:12:56,2.3,19130,0,-43999,0
2018-05-04 19:13:29,128.3339,19110,0,2452461,1
2018-05-04 19:13:29,25.2231,19110,0,482013,1
2018-05-04 19:13:30,116.7031,19110,0,2230196,1
2018-05-04 19:13:37,485.121,19135,0,9282790,1
2018-05-04 19:14:08,5.226,19130,0,-99973,0
2018-05-04 19:14:56,5.226,19110,0,99869,1
2018-05-04 19:17:26,485.9964563,19040,0,-9253373,0
2018-05-04 19:17:39,334.5226,19055,0,6374328,1
2018-05-04 19:18:31,7.4543,19000,0,141632,1
2018-05-04 19:18:33,55.68,18985,0,1057085,1
2018-05-04 19:18:33,24.2319,18985,0,460043,1
2018-05-04 19:18:36,64.1077,18975,0,1216444,1
2018-05-04 19:18:50,25.3596,18975,0,-481198,0
2018-05-04 19:19:30,18.55986223,19010,0,352823,1
2018-05-04 19:19:31,0.1,19010,0,1901,1
2018-05-04 19:19:33,6.6997,19015,0,127395,1
2018-05-04 19:20:07,62.947,18995,0,-1195678,0
2018-05-04 19:20:23,1.5197,18980,0,-28844,0
2018-05-04 19:21:19,64.4667,19000,0,1224867,1
2018-05-04 19:21:58,0.4897133,18970,0,-9290,0
2018-05-04 19:21:59,15.77998669,18970,0,-299346,0
2018-05-04 19:22:10,16.2697,18950,0,308311,1
2018-05-04 19:28:40,161.039,18875,0,-3039611,0
2018-05-04 19:28:46,103.95273888,18900,0,-1964707,0
2018-05-04 19:28:46,28.0,18900,0,-529200,0
2018-05-04 19:28:46,19.99996111,18900,0,-377999,0
2018-05-04 19:28:51,88.1264,18900,0,-1665589,0
2018-05-04 19:28:51,798.8819,18900,0,-15098868,0
2018-05-04 19:32:22,22.1611,18935,0,419620,1
2018-05-04 19:33:12,13.88965486,18945,0,263140,1
2018-05-04 19:33:12,69.3135,18945,0,1313144,1
2018-05-04 19:33:45,20.04317625,18950,0,379818,1
2018-05-04 19:33:45,92.3482,18950,0,1749998,1
2018-05-04 19:35:11,542.7094,18925,0,10270775,1
2018-05-04 19:35:11,1.3375,18925,0,25312,1
2018-05-04 19:35:11,51.0213,18925,0,965578,1
2018-05-04 19:35:11,19.16,18925,0,362603,1
2018-05-04 19:35:15,48.1651,18925,0,911525,1
2018-05-04 19:35:15,51.3595,18925,0,971979,1
2018-05-04 19:35:15,23.39,18925,0,442656,1
2018-05-04 19:39:03,245.1016,18920,0,4637322,1
2018-05-04 19:45:58,1200.0,18820,0,-22584000,0
2018-05-04 19:47:00,0.3,18800,0,5640,1
2018-05-04 19:47:01,0.2,18800,0,3760,1
2018-05-04 19:48:23,132.4828,18775,0,2487365,1
2018-05-04 19:48:23,504.1278,18775,0,9464999,1
2018-05-04 19:48:23,107.4198,18775,0,2016807,1
2018-05-04 19:48:23,10.0,18775,0,187750,1
2018-05-04 19:48:24,1.0,18775,0,18775,1
2018-05-04 19:48:31,0.5878,18775,0,11036,1
2018-05-04 19:49:49,1.0974,18755,0,-20582,0
2018-05-04 19:49:53,5.64,18765,0,-105835,0
2018-05-04 19:49:57,749.3808,18770,0,-14065878,0
2018-05-04 19:52:08,9.262,18720,0,173385,1
2018-05-04 19:52:08,19.2307,18720,0,359999,1
2018-05-04 19:52:20,11.4,18690,0,213066,1
2018-05-04 19:52:20,361.4339,18690,0,6755200,1
2018-05-04 19:52:20,599.66,18690,0,11207645,1
2018-05-04 19:52:20,0.6,18690,0,11214,1
2018-05-04 19:52:23,8.1,18690,0,151389,1
2018-05-04 19:52:24,20.0,18690,0,373800,1
2018-05-04 19:52:24,165.8134,18690,0,3099052,1
2018-05-04 19:52:24,4.5,18690,0,84105,1
2018-05-04 19:55:13,66.5064,18755,0,-1247328,0
2018-05-04 19:55:18,20.0,18780,0,-375600,0
2018-05-04 19:55:23,0.0001,18760,0,-2,0
2018-05-04 19:55:43,86.5065,18790,0,1625457,1
2018-05-04 19:56:16,1116.2735,18800,0,-20985942,0
2018-05-04 19:57:43,1116.2735,18855,0,21047337,1
2018-05-04 19:58:40,64.797,18890,0,-1224015,0
2018-05-04 19:58:56,64.797,18895,0,1224339,1
2018-05-04 19:59:40,124.2272,18800,0,-2335471,0
2018-05-04 20:00:32,1075.7728,18800,0,-20224529,0
2018-05-04 20:01:12,14.6653,18805,0,275780,1
2018-05-04 20:01:44,8.0011,18800,0,150421,1
2018-05-04 20:01:44,1.0914,18800,0,20518,1
2018-05-04 20:01:50,62.6288,18785,0,1176482,1
2018-05-04 20:01:50,100.0,18785,0,1878500,1
2018-05-04 20:01:50,0.5776,18785,0,10850,1
2018-05-04 20:01:50,531.2,18785,0,9978592,1
2018-05-04 20:01:54,11.6019,18790,0,218000,1
2018-05-04 20:02:25,0.4879,18815,0,9180,1
2018-05-04 20:03:34,2.9283,18835,0,-55155,0
2018-05-04 20:03:34,49.9875,18835,0,-941515,0
2018-05-04 20:03:38,62.981,18835,0,-1186247,0
2018-05-04 20:05:43,41.5,18840,0,781860,1
2018-05-04 20:06:02,160.5427,18850,0,-3026230,0
2018-05-04 20:06:48,87.7731,18830,0,1652767,1
2018-05-04 20:06:49,50.0,18830,0,941500,1
2018-05-04 20:06:53,19.9,18820,0,374518,1
2018-05-04 20:07:43,5.7192,18830,0,-107693,0
2018-05-04 20:07:47,647.2684,18840,0,-12194537,0
2018-05-04 20:10:06,472.91337832,18800,0,8890772,1
2018-05-04 20:10:15,71.1982,18785,0,1337458,1
2018-05-04 20:10:15,368.4,18785,0,6920394,1
2018-05-04 20:10:15,25.1153,18785,0,471791,1
2018-05-04 20:10:16,0.3,18785,0,5636,1
2018-05-04 20:10:19,44.4208,18795,0,834889,1
2018-05-04 20:10:23,67.9349,18795,0,1276836,1
2018-05-04 20:10:28,149.7174,18825,0,2818430,1
2018-05-04 20:11:52,180.9896,18805,0,-3403509,0
2018-05-04 20:11:57,443.7832,18800,0,-8343124,0
2018-05-04 20:12:49,624.7728,18770,0,11726985,1
2018-05-04 20:13:42,46.5674,18780,0,-874536,0
2018-05-04 20:14:23,61.8392,18800,0,-1162577,0
2018-05-04 20:17:37,33.0431,18790,0,620880,1
2018-05-04 20:17:48,40.0,18775,0,751000,1
2018-05-04 20:17:52,10.9166,18760,0,204795,1
2018-05-04 20:17:56,0.2,18760,0,3752,1
2018-05-04 20:18:23,24.2469,18770,0,455114,1
2018-05-04 20:19:15,1200.0,18800,0,-22560000,0
2018-05-04 20:20:50,3.2356,18835,0,60943,1
2018-05-04 20:25:15,1196.7644,18890,0,22606880,1
2018-05-04 20:27:46,20.0,18865,0,-377300,0
2018-05-04 20:30:09,20.0,18865,0,377300,1
2018-05-04 20:39:22,10.5991,18790,0,-199157,0
2018-05-04 20:39:34,10.5991,18765,0,198892,1
2018-05-04 20:39:46,19.4679,18770,0,-365412,0
2018-05-04 20:39:52,86.2403,18765,0,-1618299,0
2018-05-04 20:42:45,48.1854,18790,0,905404,1
2018-05-04 20:42:45,1.0001,18790,0,18792,1
2018-05-04 20:42:45,15.1374,18790,0,284432,1
2018-05-04 20:42:45,36.9556,18790,0,694396,1
2018-05-04 20:43:04,1.7623,18780,0,-33096,0
2018-05-04 20:43:25,4.7286,18775,0,-88779,0
2018-05-04 20:43:49,479.3254,18785,0,-9004128,0
2018-05-04 20:43:49,613.5869,18785,0,-11526230,0
2018-05-04 20:53:21,574.90506181,18810,0,10813964,1
2018-05-04 20:53:25,6.1887,18810,0,116409,1
2018-05-04 20:53:25,227.6434,18810,0,4281972,1
2018-05-04 20:53:26,54.5182,18810,0,1025487,1
2018-05-04 20:54:07,4.8012,18800,0,90263,1
2018-05-04 20:55:41,964.2236,18780,0,-18108119,0
2018-05-04 21:01:47,32.8043,18775,0,615901,1
2018-05-04 21:01:47,26.6311,18775,0,499999,1
2018-05-04 21:01:47,665.8869,18775,0,12502027,1
2018-05-04 21:01:54,474.6777,18760,0,8904954,1
2018-05-04 21:05:20,463.2846,18725,0,-8675004,0
2018-05-04 21:05:34,281.7029,18730,0,-5276295,0
2018-05-04 21:06:28,7.5486,18735,0,141423,1
2018-05-04 21:06:28,20.8547,18735,0,390713,1
2018-05-04 21:08:25,716.5842,18725,0,13418039,1
2018-05-04 21:11:48,5.3347,18745,0,-99999,0
2018-05-04 21:13:06,5.3347,18730,0,99919,1
2018-05-04 21:14:47,4.606e-05,18725,0,-1,0
2018-05-04 21:19:35,12.7679,18700,0,-238760,0
2018-05-04 21:21:14,5.849,18690,0,109318,1
2018-05-04 21:21:15,6.9189,18690,0,129314,1
2018-05-04 21:25:25,535.5,18640,0,-9981720,0
2018-05-04 21:25:25,176.439,18640,0,-3288823,0
2018-05-04 21:27:32,6.8851,18620,0,128201,1
2018-05-04 21:27:32,50.0,18620,0,931000,1
2018-05-04 21:27:32,199.9,18620,0,3722138,1
2018-05-04 21:27:32,0.1,18620,0,1862,1
2018-05-04 21:27:32,65.4191,18620,0,1218104,1
2018-05-04 21:27:32,5.0,18620,0,93100,1
2018-05-04 21:27:32,262.6423,18620,0,4890400,1
2018-05-04 21:27:33,10.0,18620,0,186200,1
2018-05-04 21:27:37,0.2,18625,0,3725,1
2018-05-04 21:27:41,82.2925,18620,0,1532286,1
2018-05-04 21:27:41,29.5,18620,0,549290,1
2018-05-04 21:28:17,3.619e-05,18650,0,-1,0
2018-05-04 21:29:03,40.0,18630,0,-745200,0
2018-05-04 21:29:15,40.0,18620,0,744800,1
2018-05-04 21:30:52,1200.0,18630,0,-22356000,0
2018-05-04 21:38:06,64.3023,18715,0,1203418,1
2018-05-04 21:38:06,172.6348,18715,0,3230860,1
2018-05-04 21:38:07,963.0629,18715,0,18023722,1
2018-05-04 21:39:33,429.3977,18750,0,-8051207,0
2018-05-04 21:39:33,150.0,18750,0,-2812500,0
2018-05-04 21:39:33,592.6023,18750,0,-11111293,0
2018-05-04 21:39:33,28.0,18750,0,-525000,0
2018-05-04 21:41:07,83.2788,18740,0,1560645,1
2018-05-04 21:41:07,95.9985,18740,0,1799012,1
2018-05-04 21:41:07,381.504,18740,0,7149385,1
2018-05-04 21:41:08,19.2683,18740,0,361088,1
2018-05-04 21:41:08,5.3361,18740,0,99999,1
2018-05-04 21:41:08,81.7516,18740,0,1532025,1
2018-05-04 21:41:08,53.3618,18740,0,1000000,1
2018-05-04 21:41:08,0.1625,18740,0,3045,1
2018-05-04 21:41:11,0.1,18735,0,1874,1
2018-05-04 21:41:15,436.6996205,18730,0,8179384,1
2018-05-04 21:41:15,16.97667949,18730,0,317973,1
2018-05-04 21:41:15,25.5621,18730,0,478778,1
2018-05-04 21:42:40,200.0,18745,0,-3749000,0
2018-05-04 21:42:40,340.9552,18745,0,-6391205,0
2018-05-04 21:42:45,516.64099333,18750,0,-9687019,0
2018-05-04 21:42:45,43.062,18750,0,-807413,0
2018-05-04 21:42:45,42.12510666,18750,0,-789846,0
2018-05-04 21:45:09,208.4305,18720,0,3901819,1
2018-05-04 21:45:09,50.0,18720,0,936000,1
2018-05-04 21:45:21,140.4407804,18735,0,2631158,1
2018-05-04 21:46:18,16.2098,18730,0,303610,1
2018-05-04 21:46:34,6.5379,18700,0,122259,1
2018-05-04 21:46:34,368.6668,18700,0,6894069,1
2018-05-04 21:46:39,78.2419,18720,0,1464688,1
2018-05-04 21:46:49,274.2557,18700,0,5128582,1
2018-05-04 21:48:25,604.4825,18670,0,-11285688,0
2018-05-04 21:48:55,115.3751,18660,0,2152899,1
2018-05-04 21:49:12,2.3748,18650,0,-44290,0
2018-05-04 21:49:20,141.1085,18650,0,-2631674,0
2018-05-04 21:51:10,4.061,18620,0,75616,1
2018-05-04 21:51:11,30.0,18620,0,558600,1
2018-05-04 21:51:11,1.0001,18620,0,18622,1
2018-05-04 21:51:11,14.5155,18620,0,270279,1
2018-05-04 21:51:11,185.3835,18620,0,3451841,1
2018-05-04 21:51:11,56.8,18620,0,1057616,1
2018-05-04 21:51:11,5.0,18620,0,93100,1
2018-05-04 21:51:12,16.1118,18620,0,300002,1
2018-05-04 21:51:12,15.0,18620,0,279300,1
2018-05-04 21:51:12,5.0276,18620,0,93614,1
2018-05-04 21:51:12,0.1611,18620,0,3000,1
2018-05-04 21:51:12,20.0,18620,0,372400,1
2018-05-04 21:51:13,10.0,18620,0,186200,1
2018-05-04 21:51:13,10.0,18620,0,186200,1
2018-05-04 21:51:13,259.5301,18620,0,4832450,1
2018-05-04 21:51:42,223.4852,18640,0,-4165764,0
2018-05-04 21:52:10,28.83,18630,0,-537103,0
2018-05-04 21:53:07,40.4557,18640,0,-754094,0
2018-05-04 21:54:02,225.3958,18655,0,-4204759,0
2018-05-04 21:54:15,681.8333,18640,0,-12709373,0
2018-05-04 21:55:19,676.8367,18685,0,12646694,1
2018-05-04 21:56:41,326.0803,18660,0,-6084658,0
2018-05-04 22:01:18,1.0,18685,0,18685,1
2018-05-04 22:03:55,482.3643,18720,0,9029860,1
2018-05-04 22:03:55,365.8793,18720,0,6849260,1
2018-05-04 22:04:41,11.7334,18755,0,-220060,0
2018-05-04 22:04:45,1.8,18760,0,-33768,0
2018-05-04 22:04:45,1.4,18760,0,-26264,0
2018-05-04 22:04:45,6.3,18760,0,-118188,0
2018-05-04 22:04:46,2.7,18760,0,-50652,0
2018-05-04 22:04:46,47.4882,18760,0,-890879,0
2018-05-04 22:04:46,1.4,18760,0,-26264,0
2018-05-04 22:04:46,1.8,18760,0,-33768,0
2018-05-04 22:04:46,1.8,18760,0,-33768,0
2018-05-04 22:04:49,11.8829,18770,0,-223042,0
2018-05-04 22:04:53,20.0,18770,0,-375400,0
2018-05-04 22:04:57,44.525,18760,0,-835289,0
2018-05-04 22:05:10,152.8295,18770,0,2868610,1
2018-05-04 22:05:24,1200.0,18780,0,-22536000,0
2018-05-04 22:07:07,124.7505,18765,0,2340943,1
2018-05-04 22:07:07,11.0,18765,0,206415,1
2018-05-04 22:07:18,39.5676,18760,0,742288,1
2018-05-04 22:07:19,46.49,18760,0,872152,1
2018-05-04 22:16:18,135.8336,18680,0,2537372,1
2018-05-04 22:16:19,10.0,18680,0,186800,1
2018-05-04 22:16:20,469.3418,18680,0,8767305,1
2018-05-04 22:16:24,9.8293,18680,0,183611,1
2018-05-04 22:18:25,353.1872,18655,0,6588707,1
2018-05-04 22:21:35,191.9001,18635,0,-3576058,0
2018-05-04 22:21:40,928.63841981,18645,0,-17314463,0
2018-05-04 22:21:40,1.00008018,18645,0,-18646,0
2018-05-04 22:23:46,12.0244,18715,0,225037,1
2018-05-04 22:24:43,503.3575,18700,0,9412785,1
2018-05-04 22:24:47,51.4065,18690,0,960787,1
2018-05-04 22:24:51,58.2007,18680,0,1087189,1
2018-05-04 22:24:51,20.0,18680,0,373600,1
2018-05-04 22:25:37,476.5495,18695,0,8909093,1
2018-05-04 22:26:45,33.4848,18695,0,-625998,0
2018-05-04 22:27:12,33.4848,18690,0,625831,1
2018-05-04 22:27:54,16.084,18690,0,-300610,0
2018-05-04 22:27:54,5.664,18690,0,-105860,0
2018-05-04 22:28:06,10.115,18685,0,-188999,0
2018-05-04 22:28:06,44.1507,18685,0,-824956,0
2018-05-04 22:31:06,134.51967647,18700,0,-2515518,0
2018-05-04 22:31:06,19.0,18700,0,-355300,0
2018-05-04 22:31:06,491.6006,18700,0,-9192931,0
2018-05-04 22:32:55,34.1231,18765,0,640320,1
2018-05-04 22:35:45,80.5824,18765,0,1512129,1
2018-05-04 22:35:52,30.6501,18750,0,574689,1
2018-05-04 22:35:53,274.5459,18750,0,5147736,1
2018-05-04 22:35:53,301.2324,18750,0,5648108,1
2018-05-04 22:37:24,56.4677,18730,0,-1057640,0
2018-05-04 22:38:27,56.4677,18730,0,1057640,1
2018-05-04 22:43:09,610.4163,18680,0,-11402576,0
2018-05-04 22:45:31,610.4163,18675,0,11399524,1
2018-05-04 22:49:44,151.7979,18670,0,-2834067,0
2018-05-04 22:49:49,26.3694,18660,0,-492053,0
2018-05-04 22:50:03,85.7189,18650,0,1598657,1
2018-05-04 22:50:04,52.8834,18650,0,986275,1
2018-05-04 22:50:04,39.565,18650,0,737887,1
2018-05-04 22:50:14,17.8797,18650,0,-333456,0
2018-05-04 22:50:14,95.35491394,18650,0,-1778369,0
2018-05-04 22:50:19,44.78,18645,0,-834923,0
2018-05-04 22:50:22,94.6988,18650,0,-1766133,0
2018-05-04 22:50:32,16.0,18650,0,-298400,0
2018-05-04 22:50:37,5.9349,18640,0,-110627,0
2018-05-04 22:50:53,12.1923,18650,0,-227386,0
2018-05-04 22:51:00,69.8675,18645,0,-1302680,0
2018-05-04 22:51:07,250.3947,18635,0,-4666105,0
2018-05-04 22:52:25,428.9686,18605,0,7980961,1
2018-05-04 22:52:25,178.1343,18605,0,3314189,1
2018-05-04 22:55:42,161.5571,18605,0,-3005770,0
2018-05-04 22:55:47,138.6665,18620,0,-2581970,0
2018-05-04 22:55:58,100.0,18610,0,1861000,1
2018-05-04 22:55:59,200.2236,18610,0,3726161,1
2018-05-04 23:02:40,33.4154,18585,0,-621025,0
2018-05-04 23:02:50,101.1208,18590,0,-1879836,0
2018-05-04 23:02:54,129.17257956,18600,0,-2402610,0
2018-05-04 23:02:54,67.731,18600,0,-1259797,0
2018-05-04 23:02:54,37.7318,18600,0,-701811,0
2018-05-04 23:02:54,830.82842043,18600,0,-15453409,0
2018-05-04 23:04:06,10.7874,18540,0,199998,1
2018-05-04 23:04:06,53.9084,18550,0,1000001,1
2018-05-04 23:04:06,218.3215,18540,0,4047681,1
2018-05-04 23:04:06,100.0,18540,0,1854000,1
2018-05-04 23:04:11,475.3,18535,0,8809686,1
2018-05-04 23:04:11,3.9681,18535,0,73549,1
2018-05-04 23:04:15,337.7146,18535,0,6259540,1
2018-05-04 23:04:38,7.9776,18530,0,-147825,0
2018-05-04 23:05:13,7.9776,18560,0,148064,1
2018-05-04 23:06:56,311.291,18550,0,-5774448,0
2018-05-04 23:07:22,59.8015,18555,0,-1109617,0
2018-05-04 23:08:11,107.312,18535,0,1989028,1
2018-05-04 23:08:22,61.1581,18510,0,1132036,1
2018-05-04 23:08:28,32.967,18520,0,610549,1
2018-05-04 23:08:28,106.5968,18520,0,1974173,1
2018-05-04 23:08:31,63.0586,18505,0,1166899,1
2018-05-04 23:11:35,4.0745,18470,0,-75256,0
2018-05-04 23:12:04,795.887,18475,0,-14704012,0
2018-05-04 23:12:37,0.5827,18465,0,10760,1
2018-05-04 23:12:42,268.1314,18460,0,4949706,1
2018-05-04 23:12:42,476.8437,18460,0,8802535,1
2018-05-04 23:12:46,54.4037,18450,0,1003748,1
2018-05-04 23:13:27,18.7612,18435,0,-345863,0
2018-05-04 23:13:27,779.93781665,18435,0,-14378154,0
2018-05-04 23:13:28,259.99998334,18435,0,-4793100,0
2018-05-04 23:14:01,0.5,18410,0,9205,1
2018-05-04 23:14:01,5.4318,18410,0,99999,1
2018-05-04 23:14:01,9.2325,18410,0,169970,1
2018-05-04 23:14:01,158.0422,18410,0,2909557,1
2018-05-04 23:14:01,14.272,18410,0,262748,1
2018-05-04 23:14:02,0.3,18410,0,5523,1
2018-05-04 23:14:10,870.9205,18400,0,16024937,1
2018-05-04 23:18:17,275.13644986,18450,0,-5076268,0
2018-05-04 23:18:17,5.013e-05,18450,0,-1,0
2018-05-04 23:18:51,726.6525,18470,0,-13421272,0
2018-05-04 23:19:38,20.0,18470,0,369400,1
2018-05-04 23:20:28,14.0,18455,0,258370,1
2018-05-04 23:20:33,426.6417,18440,0,7867273,1
2018-05-04 23:20:33,500.0,18440,0,9220000,1
2018-05-04 23:20:33,41.1473,18440,0,758756,1
2018-05-04 23:21:53,100.0,18380,0,-1838000,0
2018-05-04 23:22:59,5.6422,18375,0,-103675,0
2018-05-04 23:23:23,105.6422,18375,0,1941175,1
2018-05-04 23:25:04,31.7736,18370,0,-583681,0
2018-05-04 23:25:47,103.7548,18395,0,-1908570,0
2018-05-04 23:25:47,585.1316,18395,0,-10763496,0
2018-05-04 23:28:56,0.2213,18345,0,4060,1
2018-05-04 23:28:56,561.4316,18345,0,10299463,1
2018-05-04 23:28:57,159.0071,18345,0,2916985,1
2018-05-04 23:29:19,1200.0,18350,0,-22020000,0
2018-05-04 23:31:22,1037.0138,18390,0,19070684,1
2018-05-04 23:31:23,43.6218,18370,0,801332,1
2018-05-04 23:31:28,44.4842,18370,0,817175,1
2018-05-04 23:31:28,47.5673,18370,0,873811,1
2018-05-04 23:31:35,7.0,18385,0,128695,1
2018-05-04 23:31:35,5.9,18385,0,108472,1
2018-05-04 23:32:23,176.2571,18390,0,-3241368,0
2018-05-04 23:32:27,670.2479,18390,0,-12325859,0
2018-05-04 23:32:27,98.7015,18390,0,-1815121,0
2018-05-04 23:32:27,6.4162,18390,0,-117994,0
2018-05-04 23:34:23,324.20384692,18470,0,5988045,1
2018-05-04 23:34:27,641.8317,18460,0,11848213,1
2018-05-04 23:38:45,9.0659,18445,0,-167221,0
2018-05-04 23:39:36,9.0659,18420,0,166994,1
2018-05-04 23:42:20,229.14984002,18425,0,-4222086,0
2018-05-04 23:42:20,970.85015997,18425,0,-17887914,0
2018-05-04 23:43:38,5.3277,18480,0,98456,1
2018-05-04 23:43:38,480.416,18470,0,8873284,1
2018-05-04 23:46:20,714.2563,18540,0,13242312,1
2018-05-04 23:47:17,65.6614,18545,0,-1217691,0
2018-05-04 23:48:05,65.6614,18505,0,1215064,1
2018-05-04 23:50:25,41.4231867,18535,0,-767779,0
2018-05-04 23:50:25,39.99991329,18535,0,-741398,0
2018-05-04 23:50:32,301.32212459,18540,0,-5586512,0
2018-05-04 23:50:32,152.5201754,18540,0,-2827724,0
2018-05-04 23:50:36,664.7346,18545,0,-12327503,0
2018-05-04 23:51:28,52.762,18570,0,979790,1
2018-05-04 23:51:28,488.1333,18570,0,9064635,1
2018-05-04 23:51:29,32.6291,18570,0,605922,1
2018-05-04 23:51:33,546.4682,18555,0,10139717,1
2018-05-04 23:51:33,80.0074,18555,0,1484537,1
2018-05-05 00:01:00,71.368,18400,0,-1313171,0
2018-05-05 00:02:50,56.7783,18460,0,-1048127,0
2018-05-05 00:03:33,0.3707,18440,0,6836,1
2018-05-05 00:03:34,2.0323,18440,0,37476,1
2018-05-05 00:04:06,0.868,18460,0,16023,1
2018-05-05 00:04:26,95.13128992,18460,0,-1756124,0
2018-05-05 00:04:44,220.0066,18430,0,4054722,1
2018-05-05 00:06:19,17.8731,18440,0,-329580,0
2018-05-05 00:06:28,99.99996138,18450,0,-1844999,0
2018-05-05 00:06:28,93.56433861,18450,0,-1726262,0
2018-05-05 00:06:32,3.861e-05,18450,0,-1,0
2018-05-05 00:06:33,99.84996138,18450,0,-1842232,0
2018-05-05 00:07:36,75.72865956,18435,0,-1396058,0
2018-05-05 00:07:40,105.4831,18440,0,-1945108,0
2018-05-05 00:07:44,39.4024,18440,0,-726580,0
2018-05-05 00:07:45,10.5976,18440,0,-195420,0
2018-05-05 00:07:48,129.9394,18425,0,-2394133,0
2018-05-05 00:10:12,76.0894,18440,0,1403089,1
2018-05-05 00:11:10,127.95556134,18405,0,-2355022,0
2018-05-05 00:11:11,8.4573,18405,0,-155657,0
2018-05-05 00:16:04,100.0,18350,0,1835000,1
2018-05-05 00:16:04,110.0,18350,0,2018500,1
2018-05-05 00:16:04,13.577,18350,0,249138,1
2018-05-05 00:16:07,259.4866,18350,0,4761579,1
2018-05-05 00:16:11,30.7936,18350,0,565063,1
2018-05-05 00:16:15,0.8419,18345,0,15445,1
2018-05-05 00:16:15,105.0,18345,0,1926225,1
2018-05-05 00:16:19,46.9601,18335,0,861013,1
2018-05-05 00:16:19,10.0,18335,0,183350,1
2018-05-05 00:16:19,56.1028,18335,0,1028645,1
2018-05-05 00:19:05,298.4891,18250,0,-5447426,0
2018-05-05 00:19:05,197.4925,18250,0,-3604238,0
2018-05-05 00:19:05,0.2821,18250,0,-5148,0
2018-05-05 00:19:05,636.364,18250,0,-11613643,0
2018-05-05 00:19:05,0.983,18250,0,-17940,0
2018-05-05 00:19:05,66.3893,18250,0,-1211605,0
2018-05-05 00:19:26,1.2,18250,0,21900,1
2018-05-05 00:19:31,1.0,18230,0,18230,1
2018-05-05 00:19:31,40.0511,18230,0,730132,1
2018-05-05 00:19:31,35.0,18230,0,638050,1
2018-05-05 00:19:31,100.0,18230,0,1823000,1
2018-05-05 00:19:31,158.9694,18230,0,2898012,1
2018-05-05 00:19:35,0.1,18225,0,1823,1
2018-05-05 00:19:36,5.48696844,18225,0,100000,1
2018-05-05 00:19:47,470.3735,18230,0,8574909,1
2018-05-05 00:19:47,387.8191,18230,0,7069942,1
2018-05-05 00:20:23,766.1477,18305,0,-14024334,0
2018-05-05 00:22:58,10.33,18285,0,188884,1
2018-05-05 00:23:00,371.9,18285,0,6800192,1
2018-05-05 00:23:18,816.0823,18310,0,-14942467,0
2018-05-05 00:26:20,2.2778,18290,0,41661,1
2018-05-05 00:26:27,906.0116,18280,0,16561892,1
2018-05-05 00:26:28,102.61,18280,0,1875711,1
2018-05-05 00:26:32,31.6349,18280,0,578286,1
2018-05-05 00:26:36,157.4657,18270,0,2876898,1
2018-05-05 00:29:16,28.47,18265,0,-520005,0
2018-05-05 00:29:32,28.47,18245,0,519435,1
2018-05-05 00:30:21,170.2,18220,0,-3101044,0
2018-05-05 00:30:22,46.434,18220,0,-846027,0
2018-05-05 00:30:55,216.634,18205,0,3943822,1
2018-05-05 00:32:12,20.0,18260,0,-365200,0
2018-05-05 00:32:16,270.25366725,18265,0,-4936183,0
2018-05-05 00:32:20,98.2584,18285,0,-1796655,0
2018-05-05 00:35:03,5.0,18255,0,91275,1
2018-05-05 00:35:03,329.4151,18255,0,6013473,1
2018-05-05 00:35:03,0.4,18255,0,7302,1
2018-05-05 00:35:04,1.9515,18255,0,35625,1
2018-05-05 00:35:04,45.92,18255,0,838270,1
2018-05-05 00:36:21,3.4434,18270,0,-62911,0
2018-05-05 00:36:33,32.03047695,18275,0,-585357,0
2018-05-05 00:36:33,104.99992304,18275,0,-1918874,0
2018-05-05 00:36:38,29.9903,18280,0,-548223,0
2018-05-05 00:36:38,46.2179,18280,0,-844863,0
2018-05-05 00:36:38,97.7678,18280,0,-1787195,0
2018-05-05 00:36:38,248.7831,18280,0,-4547755,0
2018-05-05 00:36:42,630.9417,18285,0,-11536769,0
2018-05-05 00:41:41,706.1619,18210,0,12859208,1
2018-05-05 00:41:55,100.0,18200,0,1820000,1
2018-05-05 00:41:55,65.8439,18200,0,1198359,1
2018-05-05 00:41:55,6.0643,18200,0,110370,1
2018-05-05 00:41:56,4.0,18200,0,72800,1
2018-05-05 00:42:10,317.9299,18165,0,5775197,1
2018-05-05 00:43:54,17.9519,18075,0,-324481,0
2018-05-05 00:44:06,80.0821,18115,0,-1450687,0
2018-05-05 00:45:02,44.5407,18130,0,807523,1
2018-05-05 00:45:08,53.4933,18120,0,969299,1
2018-05-05 00:45:26,1.5,18145,0,-27218,0
2018-05-05 00:46:00,1.5,18145,0,27218,1
2018-05-05 00:49:33,618.273,18145,0,-11218564,0
2018-05-05 00:50:55,312.5884,18120,0,5664102,1
2018-05-05 00:51:20,36.6974,18080,0,-663489,0
2018-05-05 00:52:15,242.4734,18070,0,4381494,1
2018-05-05 00:52:28,13.6841,18060,0,247135,1
2018-05-05 00:53:05,86.2245,18055,0,1556783,1
2018-05-05 00:53:24,251.1566,18090,0,-4543423,0
2018-05-05 00:53:46,12.879,18110,0,-233239,0
2018-05-05 00:53:51,284.6,18120,0,-5156952,0
2018-05-05 00:54:24,339.6791,18120,0,-6154985,0
2018-05-05 00:54:24,189.9512,18120,0,-3441916,0
2018-05-05 00:58:29,1.0,18160,0,18160,1
2018-05-05 00:59:18,0.3428,18160,0,6225,1
2018-05-05 00:59:25,202.9961,18160,0,3686409,1
2018-05-05 00:59:30,18.3,18160,0,332328,1
2018-05-05 00:59:30,54.3102,18160,0,986273,1
2018-05-05 01:00:23,250.0,18165,0,4541250,1
2018-05-05 01:00:32,67.5203824,18150,0,1225495,1
2018-05-05 01:00:32,29.1611,18150,0,529274,1
2018-05-05 01:00:33,66.5453,18150,0,1207797,1
2018-05-05 01:00:33,66.3763,18150,0,1204730,1
2018-05-05 01:00:33,1.0,18150,0,18150,1
2018-05-05 01:00:33,225.5092,18150,0,4092992,1
2018-05-05 01:00:34,5.1,18150,0,92565,1
2018-05-05 01:00:36,16.68,18155,0,302825,1
2018-05-05 01:00:41,73.4245,18130,0,1331186,1
2018-05-05 01:01:42,39.7373,18090,0,-718848,0
2018-05-05 01:01:42,95.7039,18090,0,-1731284,0
2018-05-05 01:01:46,0.0001,18085,0,-2,0
2018-05-05 01:01:55,739.4921,18080,0,-13370017,0
2018-05-05 01:01:56,0.4,18080,0,-7232,0
2018-05-05 01:02:39,3.9,18060,0,70434,1
2018-05-05 01:03:55,871.4334,18020,0,15703230,1
2018-05-05 01:05:22,43.1256,18000,0,-776261,0
2018-05-05 01:05:50,1156.8744,18050,0,-20881583,0
2018-05-05 01:07:21,370.92180521,18015,0,6682156,1
2018-05-05 01:07:21,829.07819478,18000,0,14923408,1
2018-05-05 01:09:42,4.1208,18020,0,-74257,0
2018-05-05 01:11:13,4.1208,18045,0,74360,1
2018-05-05 01:11:30,181.4126,18105,0,-3284475,0
2018-05-05 01:11:42,181.4126,18100,0,3283568,1
2018-05-05 01:11:59,236.42869757,18120,0,-4284088,0
2018-05-05 01:12:20,221.6427,18080,0,4007300,1
2018-05-05 01:12:20,0.9443,18080,0,17073,1
2018-05-05 01:12:25,13.8417,18075,0,250189,1
2018-05-05 01:13:03,21.6575,18045,0,-390810,0
2018-05-05 01:13:39,502.1378,18060,0,-9068609,0
2018-05-05 01:13:44,1.0001,18080,0,-18082,0
2018-05-05 01:14:29,192.62595665,18110,0,-3488456,0
2018-05-05 01:14:30,14.48154334,18110,0,-262261,0
2018-05-05 01:14:46,50.5495,18120,0,915957,1
2018-05-05 01:14:47,327.8538,18120,0,5940711,1
2018-05-05 01:14:47,3.0678,18120,0,55589,1
2018-05-05 01:15:00,81.5928,18110,0,1477646,1
2018-05-05 01:15:08,268.839,18110,0,4868674,1
2018-05-05 01:17:22,147.7340301,18155,0,-2682111,0
2018-05-05 01:17:47,19.99995376,18210,0,-364199,0
2018-05-05 01:17:47,76.51994623,18210,0,-1393428,0
2018-05-05 01:18:07,753.8064,18260,0,-13764505,0
2018-05-05 01:18:24,558.14904309,18295,0,10211337,1
2018-05-05 01:18:24,439.9113569,18295,0,8048178,1
2018-05-05 01:19:07,6.8915,18300,0,-126114,0
2018-05-05 01:19:07,1.0,18300,0,-18300,0
2018-05-05 01:19:07,26.655,18300,0,-487787,0
2018-05-05 01:19:08,3.1011,18300,0,-56750,0
2018-05-05 01:19:08,5.0127,18300,0,-91732,0
2018-05-05 01:19:32,5.46149645,18310,0,100000,1
2018-05-05 01:19:32,37.19880354,18310,0,681110,1
2018-05-05 01:24:20,757.68503914,18365,0,-13914886,0
2018-05-05 01:24:20,42.31496085,18365,0,-777114,0
2018-05-05 01:24:20,400.0,18365,0,-7346000,0
2018-05-05 01:25:30,241.0,18460,0,4448860,1
2018-05-05 01:25:30,393.8649,18460,0,7270746,1
2018-05-05 01:25:50,363.6351,18435,0,6703613,1
2018-05-05 01:25:50,201.5,18435,0,3714653,1
2018-05-05 01:27:37,20.0,18360,0,-367200,0
2018-05-05 01:27:40,908.00170734,18370,0,-16679991,0
2018-05-05 01:28:19,155.0,18400,0,2852000,1
2018-05-05 01:29:25,9.3456,18420,0,172146,1
2018-05-05 01:31:30,10.7705,18350,0,197639,1
2018-05-05 01:31:30,100.0,18350,0,1835000,1
2018-05-05 01:31:33,14.2208,18350,0,260952,1
2018-05-05 01:31:33,163.4877,18350,0,2999999,1
2018-05-05 01:32:14,8.8485,18365,0,162503,1
2018-05-05 01:32:55,466.3286,18350,0,8557130,1
2018-05-05 01:34:10,431.19440667,18275,0,-7880078,0
2018-05-05 01:34:14,1.4335,18315,0,-26255,0
2018-05-05 01:34:18,20.0,18310,0,-366200,0
2018-05-05 01:34:27,506.4169,18310,0,-9272493,0
2018-05-05 01:34:59,545.5,18300,0,9982650,1
2018-05-05 01:34:59,65.256,18300,0,1194185,1
2018-05-05 01:35:00,7.43,18300,0,135969,1
2018-05-05 01:35:00,293.6527,18300,0,5373844,1
2018-05-05 01:35:00,47.2061,18300,0,863872,1
2018-05-05 01:35:41,190.8,18300,0,-3491640,0
2018-05-05 01:35:41,742.6952,18300,0,-13591322,0
2018-05-05 01:36:31,54.0329,18300,0,988802,1
2018-05-05 01:36:31,18.96,18300,0,346968,1
2018-05-05 01:37:35,183.8,18335,0,3369973,1
2018-05-05 01:37:35,5.0,18335,0,91675,1
2018-05-05 01:37:36,671.7023,18335,0,12315662,1
2018-05-05 01:37:54,117.0293,18345,0,-2146903,0
2018-05-05 01:37:54,63.40069149,18345,0,-1163086,0
2018-05-05 01:37:55,49.9249085,18345,0,-915872,0
2018-05-05 01:37:59,9.149e-05,18345,0,-2,0
2018-05-05 01:37:59,0.9999085,18345,0,-18343,0
2018-05-05 01:38:07,695.7281,18355,0,-12770089,0
2018-05-05 01:38:07,272.917,18355,0,-5009392,0
2018-05-05 01:38:38,55.9264,18410,0,1029605,1
2018-05-05 01:38:41,1144.0736,18400,0,21050954,1
2018-05-05 01:39:19,109.017,18440,0,-2010273,0
2018-05-05 01:39:19,1090.983,18450,0,-20128636,0
2018-05-05 01:40:05,540.8,18455,0,9980464,1
2018-05-05 01:40:05,189.2593,18455,0,3492780,1
2018-05-05 01:40:42,730.0593,18500,0,-13506097,0
2018-05-05 01:41:15,7.5253,18520,0,139369,1
2018-05-05 01:41:24,1192.4747,18520,0,22084631,1
2018-05-05 01:41:59,393.439,18600,0,-7317965,0
2018-05-05 01:41:59,8.539,18600,0,-158825,0
2018-05-05 01:42:00,193.3736,18600,0,-3596749,0
2018-05-05 01:42:00,10.6685,18600,0,-198434,0
2018-05-05 01:42:00,9.4299,18600,0,-175396,0
2018-05-05 01:42:25,24.0396,18565,0,446295,1
2018-05-05 01:42:29,85.3341,18560,0,1583801,1
2018-05-05 01:42:37,506.0763,18550,0,9387715,1
2018-05-05 01:43:15,1200.0,18600,0,-22320000,0
2018-05-05 01:45:34,77.1505,18585,0,1433842,1
2018-05-05 01:45:34,50.1795,18585,0,932586,1
2018-05-05 01:45:34,534.8034,18585,0,9939321,1
2018-05-05 01:45:35,101.328,18585,0,1883181,1
2018-05-05 01:45:40,16.082,18580,0,298804,1
2018-05-05 01:45:40,6.0273,18580,0,111987,1
2018-05-05 01:45:41,10.5,18580,0,195090,1
2018-05-05 01:46:04,403.9293,18565,0,7498947,1
2018-05-05 01:46:45,184.0113,18560,0,-3415250,0
2018-05-05 01:46:45,63.727,18560,0,-1182773,0
2018-05-05 01:47:03,247.7383,18540,0,4593068,1
2018-05-05 01:47:23,173.9876,18530,0,-3223990,0
2018-05-05 01:47:41,135.3333,18570,0,-2513139,0
2018-05-05 01:47:42,328.5407,18575,0,-6102644,0
2018-05-05 01:49:15,425.31,18610,0,7915019,1
2018-05-05 01:49:15,212.5516,18610,0,3955585,1
2018-05-05 01:50:04,14.0,18615,0,-260610,0
2018-05-05 01:50:11,1186.0,18620,0,-22083320,0
2018-05-05 01:51:23,666.5753,18590,0,12391635,1
2018-05-05 01:51:23,116.6322,18590,0,2168193,1
2018-05-05 01:51:26,160.4682,18590,0,2983104,1
2018-05-05 01:51:26,94.485,18590,0,1756476,1
2018-05-05 01:51:27,43.0,18590,0,799370,1
2018-05-05 01:51:27,43.0,18590,0,799370,1
2018-05-05 01:51:30,75.8393,18575,0,1408715,1
2018-05-05 01:51:40,106.9387,18600,0,-1989060,0
2018-05-05 01:51:40,707.1173,18600,0,-13152382,0
2018-05-05 01:54:34,138.2593,18550,0,2564710,1
2018-05-05 01:56:11,0.3,18530,0,5559,1
2018-05-05 01:56:11,0.1926,18520,0,3567,1
2018-05-05 01:56:11,675.3041,18520,0,12506632,1
2018-05-05 01:57:52,62.8655,18535,0,-1165212,0
2018-05-05 01:57:52,0.5227,18535,0,-9688,0
2018-05-05 01:57:52,428.6483,18535,0,-7944996,0
2018-05-05 01:57:52,0.279,18535,0,-5171,0
2018-05-05 01:58:50,4.6249,18565,0,-85861,0
2018-05-05 01:58:50,200.0,18565,0,-3713000,0
2018-05-05 01:58:50,10.0,18565,0,-185650,0
2018-05-05 01:59:37,119.9994,18590,0,2230789,1
2018-05-05 01:59:41,166.6684,18580,0,3096699,1
2018-05-05 01:59:45,270.6316,18590,0,5031041,1
2018-05-05 01:59:49,111.6298,18590,0,2075198,1
2018-05-05 02:00:15,6.2028,18630,0,-115558,0
2018-05-05 02:00:40,44.214,18620,0,823265,1
2018-05-05 02:04:30,307.3064,18625,0,-5723582,0
2018-05-05 02:04:35,254.3916,18650,0,-4744403,0
2018-05-05 02:04:35,4.0219,18650,0,-75008,0
2018-05-05 02:04:42,16.56,18665,0,-309092,0
2018-05-05 02:04:42,164.4879,18665,0,-3070167,0
2018-05-05 02:05:29,1.0,18630,0,18630,1
2018-05-05 02:05:30,40.0,18630,0,745200,1
2018-05-05 02:05:30,233.35,18630,0,4347311,1
2018-05-05 02:05:37,63.726,18620,0,1186578,1
2018-05-05 02:05:38,96.2656,18620,0,1792465,1
2018-05-05 02:05:41,103.633,18620,0,1929646,1
2018-05-05 02:05:41,63.726,18620,0,1186578,1
2018-05-05 02:05:41,1.0,18620,0,18620,1
2018-05-05 02:05:42,57.68648034,18620,0,1074122,1
2018-05-05 02:05:42,86.38071965,18620,0,1608409,1
2018-05-05 02:08:37,1.0,18600,0,-18600,0
2018-05-05 02:08:53,5.59,18630,0,-104142,0
2018-05-05 02:09:27,5.3734,18620,0,100053,1
2018-05-05 02:09:34,1.2166,18600,0,22629,1
2018-05-05 02:13:28,49.9455,18505,0,-924241,0
2018-05-05 02:13:28,1150.0545,18510,0,-21287509,0
2018-05-05 02:15:03,19.2175,18435,0,354275,1
2018-05-05 02:15:03,90.59,18435,0,1670027,1
2018-05-05 02:15:03,12.0,18435,0,221220,1
2018-05-05 02:15:03,62.86,18435,0,1158824,1
2018-05-05 02:18:14,43.0,18405,0,791415,1
2018-05-05 02:18:21,109.773,18380,0,2017628,1
2018-05-05 02:18:21,49.9026,18380,0,917210,1
2018-05-05 02:18:25,143.1768,18380,0,2631590,1
2018-05-05 02:18:25,129.912,18380,0,2387783,1
2018-05-05 02:18:25,1.0,18380,0,18380,1
2018-05-05 02:18:26,9.762,18380,0,179426,1
2018-05-05 02:18:57,106.046,18380,0,1949125,1
2018-05-05 02:18:57,28.1,18380,0,516478,1
2018-05-05 02:19:22,55.94467826,18400,0,-1029382,0
2018-05-05 02:19:22,749.39512173,18400,0,-13788870,0
2018-05-05 02:21:38,1087.3456,18500,0,20115894,1
2018-05-05 02:22:12,2.7202,18495,0,50310,1
2018-05-05 02:22:39,87.1428,18500,0,-1612142,0
2018-05-05 02:22:59,4.01e-05,18515,0,-1,0
2018-05-05 02:24:14,172.7,18500,0,3194950,1
2018-05-05 02:25:12,24.3769,18470,0,450241,1
2018-05-05 02:32:48,76.0518,18515,0,-1408099,0
2018-05-05 02:32:52,1106.5743,18525,0,-20499289,0
2018-05-05 02:32:52,17.3739,18525,0,-321851,0
2018-05-05 02:34:25,172.7863,18530,0,3201730,1
2018-05-05 02:34:25,159.3478,18530,0,2952715,1
2018-05-05 02:37:44,39.98,18540,0,741229,1
2018-05-05 02:40:40,608.5,18525,0,11272463,1
2018-05-05 02:40:40,1.2974,18525,0,24034,1
2018-05-05 02:40:44,66.8885,18510,0,1238106,1
2018-05-05 02:40:44,100.0,18510,0,1851000,1
2018-05-05 02:40:44,51.2,18510,0,947712,1
2018-05-05 02:43:30,1200.0,18500,0,-22200000,0
2018-05-05 02:43:57,3.261e-05,18520,0,1,1
2018-05-05 02:45:33,29.0,18530,0,537370,1
2018-05-05 02:45:33,33.90245161,18530,0,628212,1
2018-05-05 02:48:27,19.34,18570,0,359144,1
2018-05-05 02:48:27,137.89375336,18570,0,2560687,1
2018-05-05 02:48:34,22.22,18555,0,412292,1
2018-05-05 02:48:35,8.96,18555,0,166253,1
2018-05-05 02:49:14,383.4186,18630,0,7143089,1
2018-05-05 02:50:08,634.7347,18660,0,-11844150,0
2018-05-05 02:50:21,87.0911,18710,0,1629474,1
2018-05-05 02:50:22,72.0047,18710,0,1347208,1
2018-05-05 02:51:45,549.6152,18685,0,10269560,1
2018-05-05 02:51:46,86.7821,18685,0,1621524,1
2018-05-05 02:51:46,50.9875,18685,0,952701,1
2018-05-05 02:51:46,353.5193,18685,0,6605508,1
2018-05-05 02:51:55,1200.0,18740,0,-22488000,0
2018-05-05 02:52:20,637.0484,18720,0,11925546,1
2018-05-05 02:52:40,53.0755,18710,0,993043,1
2018-05-05 02:53:32,26.5839,18740,0,498182,1
2018-05-05 02:53:32,78.1,18740,0,1463594,1
2018-05-05 02:53:33,15.7366,18740,0,294904,1
2018-05-05 02:53:33,2.0,18740,0,37480,1
2018-05-05 02:53:48,39.0861,18740,0,732474,1
2018-05-05 02:53:52,135.0,18720,0,2527200,1
2018-05-05 02:53:52,105.7997,18720,0,1980570,1
2018-05-05 02:53:53,107.5698,18720,0,2013707,1
2018-05-05 03:05:51,100.0,18800,0,-1880000,0
2018-05-05 03:05:51,545.6401,18800,0,-10258034,0
2018-05-05 03:05:51,554.3599,18800,0,-10421966,0
2018-05-05 03:06:12,36.97545006,18825,0,696063,1
2018-05-05 03:06:12,1163.02454993,18825,0,21893937,1
2018-05-05 03:08:55,10.0,18860,0,-188600,0
2018-05-05 03:08:55,0.4615,18860,0,-8704,0
2018-05-05 03:09:14,51.6274,18870,0,-974209,0
2018-05-05 03:09:27,412.40871061,18885,0,-7788339,0
2018-05-05 03:09:28,5.5,18885,0,-103868,0
2018-05-05 03:09:31,66.3239,18885,0,-1252527,0
2018-05-05 03:09:35,7.0414,18905,0,-133118,0
2018-05-05 03:09:35,138.0629,18920,0,-2612150,0
2018-05-05 03:10:02,228.5316627,18900,0,4319248,1
2018-05-05 03:10:02,311.6403,18900,0,5890002,1
2018-05-05 03:10:02,63.83,18900,0,1206387,1
2018-05-05 03:10:02,26.5378,18900,0,501564,1
2018-05-05 03:10:03,60.88603729,18900,0,1150746,1
2018-05-05 03:11:47,16.99,18965,0,-322215,0
2018-05-05 03:11:47,17.5099,18965,0,-332075,0
2018-05-05 03:12:02,34.4999,18945,0,653601,1
2018-05-05 03:12:51,178.1783,19000,0,-3385388,0
2018-05-05 03:12:51,5.8582,19000,0,-111306,0
2018-05-05 03:12:51,632.29701656,19000,0,-12013643,0
2018-05-05 03:12:52,199.79918343,19000,0,-3796184,0
2018-05-05 03:12:52,10.0,19000,0,-190000,0
2018-05-05 03:12:52,4.0479,19000,0,-76910,0
2018-05-05 03:12:52,150.0,19000,0,-2850000,0
2018-05-05 03:12:52,16.6682,19000,0,-316696,0
2018-05-05 03:12:52,3.1512,19000,0,-59873,0
2018-05-05 03:13:18,1.8224,18970,0,34571,1
2018-05-05 03:13:21,63.83,18980,0,1211493,1
2018-05-05 03:13:21,15.5907,18975,0,295834,1
2018-05-05 03:13:23,452.9651,18975,0,8595013,1
2018-05-05 03:13:23,49.01,18975,0,929965,1
2018-05-05 03:14:36,137.702,18970,0,2612207,1
2018-05-05 03:14:36,5.0,18970,0,94850,1
2018-05-05 03:14:37,200.05,18970,0,3794949,1
2018-05-05 03:14:37,131.1326,18970,0,2487585,1
2018-05-05 03:14:37,20.0,18970,0,379400,1
2018-05-05 03:14:40,83.0903,18980,0,1577054,1
2018-05-05 03:14:40,39.8069,18970,0,755137,1
2018-05-05 03:17:51,23.9974,19070,0,-457630,0
2018-05-05 03:18:09,15.357,19080,0,293012,1
2018-05-05 03:18:23,848.429,19100,0,-16204994,0
2018-05-05 03:19:02,27.0549,19115,0,517154,1
2018-05-05 03:19:11,9.9227,19095,0,189474,1
2018-05-05 03:19:14,1.2514,19095,0,23895,1
2018-05-05 03:19:15,352.656,19095,0,6733966,1
2018-05-05 03:19:26,390.50771187,19110,0,7462602,1
2018-05-05 03:19:30,75.6767,19110,0,1446182,1
2018-05-05 03:21:39,187.3171,18985,0,-3556215,0
2018-05-05 03:21:43,2.0,18970,0,-37940,0
2018-05-05 03:22:10,62.2312,18980,0,1181148,1
2018-05-05 03:22:10,24.1306,18960,0,457516,1
2018-05-05 03:22:11,78.9477,18960,0,1496848,1
2018-05-05 03:22:11,24.0076,18960,0,455184,1
2018-05-05 03:25:17,18.9835,18890,0,-358598,0
2018-05-05 03:25:21,174.9572,18915,0,-3309315,0
2018-05-05 03:25:37,172.7215,18925,0,3268754,1
2018-05-05 03:25:38,21.2192,18925,0,401573,1
2018-05-05 03:26:16,1200.0,18900,0,-22680000,0
2018-05-05 03:26:50,4.5673,18925,0,86436,1
2018-05-05 03:26:50,155.7212,18925,0,2947024,1
2018-05-05 03:27:55,232.4046,18930,0,4399419,1
2018-05-05 03:27:59,468.5741,18930,0,8870108,1
2018-05-05 03:28:43,338.7328,18940,0,6415599,1
2018-05-05 03:31:07,5.1728,18970,0,-98128,0
2018-05-05 03:31:07,2.0,18970,0,-37940,0
2018-05-05 03:31:08,20.0,18970,0,-379400,0
2018-05-05 03:31:08,0.1582,18970,0,-3001,0
2018-05-05 03:31:11,11.7142,18985,0,-222394,0
2018-05-05 03:31:11,71.549,18985,0,-1358358,0
2018-05-05 03:31:15,800.0507,19020,0,-15216964,0
2018-05-05 03:31:30,320.6326,19060,0,6111257,1
2018-05-05 03:31:30,6.443,19060,0,122804,1
2018-05-05 03:31:30,583.5693,19060,0,11122831,1
2018-05-05 03:31:56,28.5446,19110,0,-545487,0
2018-05-05 03:32:16,63.83,19165,0,-1223302,0
2018-05-05 03:32:28,707.0625,19190,0,-13568529,0
2018-05-05 03:32:40,402.5513,19170,0,7716908,1
2018-05-05 03:32:43,396.8858,19125,0,7590441,1
2018-05-05 03:33:14,1200.0,19170,0,-23004000,0
2018-05-05 03:33:43,154.8,19160,0,2965968,1
2018-05-05 03:33:44,44.3527,19160,0,849798,1
2018-05-05 03:33:47,0.5,19115,0,9558,1
2018-05-05 03:33:47,43.4827,19115,0,831172,1
2018-05-05 03:33:48,53.38,19115,0,1020359,1
2018-05-05 03:33:48,20.0,19115,0,382300,1
2018-05-05 03:34:05,861.3765,19135,0,16482439,1
2018-05-05 03:34:08,22.1081,19105,0,422375,1
2018-05-05 03:34:58,20.3001,19060,0,-386920,0
2018-05-05 03:35:18,20.3001,19075,0,387224,1
2018-05-05 03:35:50,20.0,19065,0,-381300,0
2018-05-05 03:35:54,48.9727,19075,0,-934154,0
2018-05-05 03:35:58,217.3992,19080,0,-4147977,0
2018-05-05 03:35:58,58.9534,19080,0,-1124831,0
2018-05-05 03:36:02,176.7086,19095,0,-3374251,0
2018-05-05 03:36:02,53.0755,19095,0,-1013477,0
2018-05-05 03:36:07,126.0408,19095,0,-2406749,0
2018-05-05 03:36:43,20.0,19080,0,381600,1
2018-05-05 03:36:47,154.4341,19070,0,2945058,1
2018-05-05 03:37:18,673.2839,19095,0,-12856356,0
2018-05-05 03:40:16,960.3101,19155,0,18394740,1
2018-05-05 03:40:21,239.6899,19125,0,4584069,1
2018-05-05 03:46:36,225.0788,19025,0,-4282124,0
2018-05-05 03:46:48,40.189,18995,0,763390,1
2018-05-05 03:46:49,175.7,18995,0,3337422,1
2018-05-05 03:47:12,1190.8101,18990,0,-22613484,0
2018-05-05 03:51:31,1199.9999,18950,0,22739998,1
2018-05-05 03:52:22,29.99990284,18950,0,-568498,0
2018-05-05 03:52:22,128.36039715,18950,0,-2432430,0
2018-05-05 03:52:41,158.3603,18940,0,2999344,1
2018-05-05 03:55:04,410.89983377,18830,0,-7737244,0
2018-05-05 03:55:13,582.595,18845,0,-10979003,0
2018-05-05 03:56:23,32.2178,18855,0,607467,1
2018-05-05 04:00:48,961.277,18950,0,18216199,1
2018-05-05 04:03:13,62.089,18940,0,-1175966,0
2018-05-05 04:04:04,62.089,18900,0,1173482,1
2018-05-05 04:05:16,1200.0,18900,0,-22680000,0
2018-05-05 04:07:58,10.0,18855,0,188550,1
2018-05-05 04:08:02,138.3731,18860,0,2609717,1
2018-05-05 04:09:20,172.2608,18820,0,3241948,1
2018-05-05 04:09:25,78.8559,18810,0,1483279,1
2018-05-05 04:09:26,468.7822,18810,0,8817793,1
2018-05-05 04:10:58,868.272,18755,0,-16284441,0
2018-05-05 04:11:40,10.0,18830,0,188300,1
2018-05-05 04:12:04,213.37425125,18910,0,4034907,1
2018-05-05 04:13:03,15.9,18915,0,300749,1
2018-05-05 04:13:03,717.2286,18925,0,13573551,1
2018-05-05 04:13:04,10.0,18915,0,189150,1
2018-05-05 04:13:04,62.089,18915,0,1174413,1
2018-05-05 04:13:04,70.11,18915,0,1326131,1
2018-05-05 04:13:07,2.9,18930,0,54897,1
2018-05-05 04:13:21,82.7297,18910,0,1564419,1
2018-05-05 04:13:22,7.32,18910,0,138421,1
2018-05-05 04:13:26,8.3485,18900,0,157787,1
2018-05-05 04:24:41,4.736e-05,19000,0,-1,0
2018-05-05 04:24:42,2.0,19000,0,-38000,0
2018-05-05 04:24:43,87.53,19000,0,-1663070,0
2018-05-05 04:24:43,181.0399,19000,0,-3439758,0
2018-05-05 04:25:11,270.5699,19050,0,5154357,1
2018-05-05 04:34:14,93.3943,18990,0,-1773558,0
2018-05-05 04:35:16,5.6935,18980,0,108063,1
2018-05-05 04:35:16,65.3481,18980,0,1240307,1
2018-05-05 04:35:17,22.3527,18980,0,424254,1
2018-05-05 04:37:32,263.252,19000,0,-5001788,0
2018-05-05 04:37:32,162.2084,19000,0,-3081960,0
2018-05-05 04:37:32,99.85,19000,0,-1897150,0
2018-05-05 04:37:32,600.0,19000,0,-11400000,0
2018-05-05 04:38:00,27.9472,19010,0,531276,1
2018-05-05 04:38:01,91.1708,19010,0,1733157,1
2018-05-05 04:38:07,6.6867,19010,0,127114,1
2018-05-05 04:38:12,10.0,19005,0,190050,1
2018-05-05 04:38:16,13.843,19000,0,263017,1
2018-05-05 04:38:16,26.5504,19000,0,504458,1
2018-05-05 04:38:28,54.958,19025,0,1045576,1
2018-05-05 04:39:36,41.6286,19015,0,791568,1
2018-05-05 04:39:38,0.1242,19015,0,2362,1
2018-05-05 04:40:01,461.2662,19000,0,8764058,1
2018-05-05 04:40:09,5.3924,18990,0,102402,1
2018-05-05 04:40:10,316.2011,18990,0,6004659,1
2018-05-05 04:40:10,69.5418,18990,0,1320599,1
2018-05-05 04:47:59,157.5399,19025,0,-2997197,0
2018-05-05 04:48:36,157.5399,19010,0,2994833,1
2018-05-05 04:57:02,20.0,18870,0,-377400,0
2018-05-05 04:57:58,82.3004,18850,0,-1551363,0
2018-05-05 04:59:19,103.5129,18855,0,-1951736,0
2018-05-05 04:59:41,1.0000186,18870,0,-18870,0
2018-05-05 04:59:41,47.60748139,18870,0,-898353,0
2018-05-05 05:00:15,945.5792,18860,0,-17833624,0
2018-05-05 05:02:00,264.1771,18970,0,5011440,1
2018-05-05 05:02:01,448.4748,18970,0,8507567,1
2018-05-05 05:04:03,487.3481,19000,0,9259614,1
2018-05-05 05:05:05,17.8781,18900,0,-337896,0
2018-05-05 05:05:17,14.8,18920,0,-280016,0
2018-05-05 05:05:32,39.834,18915,0,-753460,0
2018-05-05 05:05:33,22.04,18915,0,-416887,0
2018-05-05 05:05:36,22.7159,18915,0,-429671,0
2018-05-05 05:06:07,19.6999,18890,0,-372131,0
2018-05-05 05:06:24,300.6,18910,0,-5684346,0
2018-05-05 05:06:31,125.1326,18920,0,-2367509,0
2018-05-05 05:09:44,45.6707,18840,0,860436,1
2018-05-05 05:09:44,210.0,18840,0,3956400,1
2018-05-05 05:09:45,0.1,18840,0,1884,1
2018-05-05 05:09:45,101.51,18840,0,1912448,1
2018-05-05 05:09:45,159.3747,18840,0,3002619,1
2018-05-05 05:12:02,1153.9549,18845,0,-21746280,0
2018-05-05 05:13:19,134.8185,18900,0,2548070,1
2018-05-05 05:16:15,15.8645,18915,0,300077,1
2018-05-05 05:16:36,606.8169,18900,0,11468839,1
2018-05-05 05:19:08,36.8999,18895,0,697224,1
2018-05-05 05:20:05,2.7369,18880,0,-51673,0
2018-05-05 05:23:29,300.0,18910,0,-5673000,0
2018-05-05 05:25:54,127.2043,18995,0,2416246,1
2018-05-05 05:26:09,581.1328,19000,0,11041523,1
2018-05-05 05:40:57,80.3361,18950,0,-1522369,0
2018-05-05 05:44:31,80.3361,18945,0,1521967,1
2018-05-05 05:45:05,8.759e-05,18950,0,-2,0
2018-05-05 05:46:10,36.1131,18935,0,-683802,0
2018-05-05 05:46:47,36.1132,18930,0,683623,1
2018-05-05 05:50:08,9.111e-05,18905,0,-2,0
2018-05-05 05:50:08,49.49,18905,0,-935608,0
2018-05-05 05:50:09,4.0723,18905,0,-76987,0
2018-05-05 05:50:09,1.01810888,18905,0,-19247,0
2018-05-05 05:52:21,54.5805,18890,0,1031026,1
2018-05-05 05:57:39,20.0,18850,0,-377000,0
2018-05-05 05:58:48,74.2139,18830,0,-1397448,0
2018-05-05 05:59:40,22.1292,18850,0,-417135,0
2018-05-05 06:02:39,116.3431,18830,0,2190741,1
2018-05-05 06:04:50,509.6648,18865,0,-9614826,0
2018-05-05 06:06:31,31.176,18860,0,587979,1
2018-05-05 06:06:35,268.822,18855,0,5068639,1
2018-05-05 06:06:35,1.3446,18855,0,25352,1
2018-05-05 06:06:35,13.2,18855,0,248886,1
2018-05-05 06:06:36,1.0084,18855,0,19013,1
2018-05-05 06:06:36,2.7825,18855,0,52464,1
2018-05-05 06:06:43,62.515,18850,0,1178408,1
2018-05-05 06:06:47,76.3782,18845,0,1439347,1
2018-05-05 06:06:51,0.1,18845,0,1885,1
2018-05-05 06:06:51,52.3381,18845,0,986311,1
2018-05-05 06:11:02,1200.0,18810,0,-22572000,0
2018-05-05 06:13:00,100.4936,18800,0,1889280,1
2018-05-05 06:13:00,2.2021,18800,0,41399,1
2018-05-05 06:13:00,627.8331,18800,0,11803262,1
2018-05-05 06:13:01,20.0,18800,0,376000,1
2018-05-05 06:13:01,4.7,18800,0,88360,1
2018-05-05 06:13:01,19.2883,18800,0,362620,1
2018-05-05 06:13:01,1.4,18800,0,26320,1
2018-05-05 06:13:02,13.6519,18800,0,256656,1
2018-05-05 06:13:02,37.1789,18800,0,698963,1
2018-05-05 06:13:02,0.7991,18800,0,15023,1
2018-05-05 06:13:02,118.2751,18800,0,2223572,1
2018-05-05 06:13:02,31.8041,18800,0,597917,1
2018-05-05 06:13:02,27.5106,18800,0,517199,1
2018-05-05 06:13:03,27.8842,18800,0,524223,1
2018-05-05 06:13:10,50.0,18770,0,938500,1
2018-05-05 06:13:10,95.9037,18770,0,1800112,1
2018-05-05 06:13:10,16.5581,18770,0,310796,1
2018-05-05 06:13:22,4.5172,18760,0,84743,1
2018-05-05 06:13:36,19.8781,18760,0,-372913,0
2018-05-05 06:13:49,203.7,18800,0,-3829560,0
2018-05-05 06:13:54,42.76298883,18815,0,-804586,0
2018-05-05 06:13:54,2.341,18815,0,-44046,0
2018-05-05 06:13:54,122.4,18815,0,-2302956,0
2018-05-05 06:16:21,0.0399,18765,0,-749,0
2018-05-05 06:17:10,808.8779,18770,0,-15182638,0
2018-05-05 06:18:49,97.4086,18750,0,1826411,1
2018-05-05 06:18:49,3.0,18750,0,56250,1
2018-05-05 06:19:05,1099.5913,18710,0,20573353,1
2018-05-05 06:23:03,42.195,18620,0,-785671,0
2018-05-05 06:23:22,20.0,18640,0,-372800,0
2018-05-05 06:23:46,166.7622,18640,0,-3108447,0
2018-05-05 06:23:46,430.0428,18640,0,-8015998,0
2018-05-05 06:23:46,541.0,18640,0,-10084240,0
2018-05-05 06:26:37,7.6801,18600,0,142850,1
2018-05-05 06:26:37,192.6302,18600,0,3582922,1
2018-05-05 06:29:02,999.6897,18600,0,18594228,1
2018-05-05 06:30:07,123.55,18610,0,-2299266,0
2018-05-05 06:30:07,50.0,18610,0,-930500,0
2018-05-05 06:30:07,124.99993191,18610,0,-2326249,0
2018-05-05 06:30:07,66.15536808,18610,0,-1231151,0
2018-05-05 06:30:51,133.6413,18660,0,-2493747,0
2018-05-05 06:30:55,95.0427,18630,0,-1770646,0
2018-05-05 06:30:55,78.0399,18630,0,-1453883,0
2018-05-05 06:32:20,7.4799,18645,0,139463,1
2018-05-05 06:32:20,266.69890976,18645,0,4972601,1
2018-05-05 06:32:33,100.0,18650,0,-1865000,0
2018-05-05 06:32:37,198.70077508,18665,0,-3708750,0
2018-05-05 06:32:37,171.37982491,18665,0,-3198804,0
2018-05-05 06:38:40,299.3631,18650,0,5583122,1
2018-05-05 06:39:58,535.0767,18670,0,-9989882,0
2018-05-05 06:42:57,146.02436274,18690,0,2729195,1
2018-05-05 06:43:20,957.0202,18710,0,17905848,1
2018-05-05 06:43:51,27.7,18710,0,-518267,0
2018-05-05 06:43:52,53.0,18710,0,-991630,0
2018-05-05 06:45:33,0.4,18730,0,7492,1
2018-05-05 06:45:33,54.9,18730,0,1028277,1
2018-05-05 06:46:23,25.4,18765,0,476631,1
2018-05-05 06:46:59,4.99998449,18700,0,-93500,0
2018-05-05 06:49:06,322.9669,18710,0,-6042711,0
2018-05-05 06:49:10,7.649e-05,18720,0,-1,0
2018-05-05 06:49:18,5.292,18720,0,-99066,0
2018-05-05 06:50:19,68.5827,18720,0,-1283868,0
2018-05-05 06:50:26,111.5636,18730,0,-2089586,0
2018-05-05 06:50:26,315.94519925,18730,0,-5917654,0
2018-05-05 06:51:21,208.0085,18730,0,3895999,1
2018-05-05 06:52:24,4.6174,18760,0,86622,1
2018-05-05 06:52:25,79.10447761,18760,0,1484000,1
2018-05-05 06:53:18,71.41370063,18760,0,-1339721,0
2018-05-05 06:53:19,42.1081,18760,0,-789948,0
2018-05-05 06:53:59,82.5272,18760,0,1548210,1
2018-05-05 06:54:04,1.1,18740,0,20614,1
2018-05-05 06:54:46,100.0,18730,0,-1873000,0
2018-05-05 06:57:42,143.0144234,18800,0,2688671,1
2018-05-05 06:57:42,216.7916,18800,0,4075682,1
2018-05-05 06:57:42,300.5051,18800,0,5649496,1
2018-05-05 06:57:43,5.3,18800,0,99640,1
2018-05-05 06:57:43,1.90357659,18800,0,35787,1
2018-05-05 06:59:14,9.18e-05,18845,0,-2,0
2018-05-05 06:59:15,10.6513,18845,0,-200724,0
2018-05-05 06:59:39,10.6514,18920,0,201524,1
2018-05-05 07:00:56,124.4007,18950,0,-2357393,0
2018-05-05 07:01:44,104.5634,18970,0,1983568,1
2018-05-05 07:01:45,19.8373,18970,0,376314,1
2018-05-05 07:04:36,512.1066,19010,0,-9735146,0
2018-05-05 07:04:36,35.6257,19010,0,-677245,0
2018-05-05 07:04:40,205.4812,19015,0,-3907225,0
2018-05-05 07:05:05,753.2135,19015,0,14322355,1
2018-05-05 07:22:10,531.4,18800,0,-9990320,0
2018-05-05 07:23:16,0.2255,18810,0,4242,1
2018-05-05 07:23:53,668.8255,18825,0,-12590640,0
2018-05-05 07:25:17,332.7251,18860,0,6275195,1
2018-05-05 07:25:17,0.1,18860,0,1886,1
2018-05-05 07:25:28,15.0,18870,0,283050,1
2018-05-05 07:25:41,100.0,18870,0,1887000,1
2018-05-05 07:25:53,324.582,18860,0,6121617,1
2018-05-05 07:25:53,17.4223,18860,0,328585,1
2018-05-05 07:25:53,28.8634,18860,0,544364,1
2018-05-05 07:25:54,5.9641,18860,0,112483,1
2018-05-05 07:25:54,20.0,18860,0,377200,1
2018-05-05 07:26:01,355.3431,18850,0,6698217,1
2018-05-05 07:26:53,32.9448,18855,0,-621174,0
2018-05-05 07:27:18,32.9448,18875,0,621833,1
2018-05-05 07:30:46,35.0,18770,0,-656950,0
2018-05-05 07:30:57,111.0475,18765,0,-2083806,0
2018-05-05 07:31:20,146.0475,18780,0,2742772,1
2018-05-05 07:33:25,497.4762,18715,0,-9310267,0
2018-05-05 07:33:52,7.3949,18715,0,138396,1
2018-05-05 07:34:35,5.0,18715,0,93575,1
2018-05-05 07:34:35,145.0755,18715,0,2715088,1
2018-05-05 07:34:36,340.0058,18715,0,6363209,1
2018-05-05 07:36:26,622.13925164,18700,0,-11634004,0
2018-05-05 07:36:26,19.4761,18700,0,-364203,0
2018-05-05 07:41:56,41.6107,18700,0,778120,1
2018-05-05 07:41:57,98.2,18700,0,1836340,1
2018-05-05 07:42:36,157.8827,18710,0,-2953985,0
2018-05-05 07:43:52,659.6874,18700,0,12336154,1
2018-05-05 07:46:43,141.8839,18710,0,-2654648,0
2018-05-05 07:48:42,18.4442,18725,0,-345368,0
2018-05-05 07:50:43,2.8656,18730,0,53673,1
2018-05-05 07:50:44,11.5867,18730,0,217019,1
2018-05-05 07:50:52,93.2576,18725,0,1746249,1
2018-05-05 07:50:53,0.2,18725,0,3745,1
2018-05-05 07:51:00,26.6776,18725,0,499538,1
2018-05-05 07:51:00,25.7406,18725,0,481993,1
2018-05-05 07:53:19,0.0001,18750,0,-2,0
2018-05-05 07:53:25,513.59,18750,0,-9629813,0
2018-05-05 07:53:29,533.1,18760,0,-10000956,0
2018-05-05 07:53:30,153.3099,18770,0,-2877627,0
2018-05-05 07:53:40,257.9682,18770,0,4842063,1
2018-05-05 07:53:41,237.1593,18770,0,4451480,1
2018-05-05 07:53:41,5.0,18770,0,93850,1
2018-05-05 07:54:00,0.1,18760,0,1876,1
2018-05-05 07:55:29,467.8094,18785,0,8787800,1
2018-05-05 07:56:51,28.0384,18775,0,526421,1
2018-05-05 07:57:10,203.9247,18760,0,3825627,1
2018-05-05 07:58:15,320.0,18745,0,-5998400,0
2018-05-05 07:58:19,80.3,18760,0,-1506428,0
2018-05-05 07:58:23,53.0,18760,0,-994280,0
2018-05-05 07:59:11,48.1053,18755,0,902215,1
2018-05-05 07:59:12,10.0,18755,0,187550,1
2018-05-05 07:59:39,804.8053,18770,0,-15106195,0
2018-05-05 08:02:04,37.5585,18830,0,707227,1
2018-05-05 08:03:06,46.3314,18800,0,871030,1
2018-05-05 08:03:06,70.27055106,18800,0,1321086,1
2018-05-05 08:03:06,4.3554,18800,0,81882,1
2018-05-05 08:03:06,53.1914,18800,0,999998,1
2018-05-05 08:03:06,2.0,18800,0,37600,1
2018-05-05 08:03:06,10.362,18800,0,194806,1
2018-05-05 08:03:14,54.8986,18790,0,1031545,1
2018-05-05 08:06:24,20.861,18760,0,391352,1
2018-05-05 08:06:27,0.2,18760,0,3752,1
2018-05-05 08:06:31,65.7387,18760,0,1233258,1
2018-05-05 08:07:55,215.7662,18765,0,4048853,1
2018-05-05 08:07:55,5.0,18765,0,93825,1
2018-05-05 08:10:23,613.4662,18760,0,11508626,1
2018-05-05 08:10:49,35.962,18760,0,-674647,0
2018-05-05 08:12:11,27.618,18745,0,-517699,0
2018-05-05 08:12:14,179.8113,18750,0,-3371462,0
2018-05-05 08:12:18,2.0,18750,0,-37500,0
2018-05-05 08:12:22,954.6087,18750,0,-17898913,0
2018-05-05 08:14:06,1048.3369,18730,0,19635350,1
2018-05-05 08:14:36,50.0369,18715,0,936441,1
2018-05-05 08:14:36,26.2515,18715,0,491297,1
2018-05-05 08:14:36,22.4829,18715,0,420767,1
2018-05-05 08:14:36,1.0,18715,0,18715,1
2018-05-05 08:14:37,44.1975,18715,0,827156,1
2018-05-05 08:14:37,7.6943,18715,0,143999,1
2018-05-05 08:15:06,329.5421,18690,0,-6159142,0
2018-05-05 08:15:07,103.4813,18690,0,-1934065,0
2018-05-05 08:15:46,766.9766,18700,0,-14342462,0
2018-05-05 08:16:24,438.257,18705,0,8197597,1
2018-05-05 08:18:38,9.753,18675,0,182137,1
2018-05-05 08:18:42,20.0,18660,0,373200,1
2018-05-05 08:18:42,321.728,18660,0,6003444,1
2018-05-05 08:18:42,410.262,18660,0,7655489,1
2018-05-05 08:19:19,60.0991,18685,0,-1122952,0
2018-05-05 08:19:19,278.0407,18685,0,-5195190,0
2018-05-05 08:19:44,861.8602,18650,0,-16073693,0
2018-05-05 08:20:11,62.843,18660,0,1172650,1
2018-05-05 08:20:12,19.3,18660,0,360138,1
2018-05-05 08:23:24,145.0,18630,0,2701350,1
2018-05-05 08:23:25,128.6019,18625,0,2395210,1
2018-05-05 08:33:58,18.0145,18705,0,336961,1
2018-05-05 08:36:57,20.0,18720,0,374400,1
2018-05-05 08:36:58,46.3916,18720,0,868451,1
2018-05-05 08:39:10,87.5225,18945,0,1658114,1
2018-05-05 08:39:14,203.5792,18930,0,3853754,1
2018-05-05 08:39:22,468.7473,18900,0,8859324,1
2018-05-05 08:47:25,305.3291,18860,0,-5758507,0
2018-05-05 08:47:41,42.0,18850,0,791700,1
2018-05-05 08:47:41,16.632,18850,0,313513,1
2018-05-05 08:47:41,49.0,18850,0,923650,1
2018-05-05 08:47:50,15.0815,18845,0,284211,1
2018-05-05 08:47:50,118.6079,18845,0,2235166,1
2018-05-05 08:47:50,64.0077,18845,0,1206225,1
2018-05-05 08:51:58,15.0,18785,0,-281775,0
2018-05-05 08:53:18,15.0,18835,0,282525,1
2018-05-05 08:57:48,0.0001,18715,0,-2,0
2018-05-05 08:58:45,794.7449,18730,0,-14885572,0
2018-05-05 08:58:46,405.255,18730,0,-7590426,0
2018-05-05 09:00:26,1.5736,18730,0,29474,1
2018-05-05 09:01:28,8.6377,18760,0,162043,1
2018-05-05 09:01:41,277.3534,18750,0,5200376,1
2018-05-05 09:02:01,912.4353,18750,0,17108162,1
2018-05-05 09:03:45,835.5836,18715,0,-15637947,0
2018-05-05 09:07:56,3.8,18840,0,71592,1
2018-05-05 09:07:56,72.3419,18840,0,1362921,1
2018-05-05 09:07:57,53.67,18840,0,1011143,1
2018-05-05 09:08:15,705.7717,18850,0,13303797,1
2018-05-05 09:09:33,366.5123,18900,0,-6927082,0
2018-05-05 09:09:51,366.5123,18895,0,6925250,1
2018-05-05 09:11:31,413.5986,18900,0,-7817014,0
2018-05-05 09:11:31,27.7774,18900,0,-524993,0
2018-05-05 09:11:34,34.57,18910,0,-653719,0
2018-05-05 09:11:35,0.0068,18910,0,-129,0
2018-05-05 09:11:38,11.6,18895,0,-219182,0
2018-05-05 09:11:57,318.02578042,18900,0,6010687,1
2018-05-05 09:12:23,72.9137,18865,0,1375517,1
2018-05-05 09:12:23,31.1261,18865,0,587194,1
2018-05-05 09:12:27,55.0,18855,0,1037025,1
2018-05-05 09:12:58,10.4873,18830,0,197476,1
2018-05-05 09:14:33,9.922e-05,18830,0,-2,0
2018-05-05 09:15:15,14.694,18850,0,-276982,0
2018-05-05 09:16:33,14.6941,18835,0,276763,1
2018-05-05 09:19:09,122.3021,18845,0,-2304783,0
2018-05-05 09:19:10,204.7109854,18845,0,-3857779,0
2018-05-05 09:19:14,100.0,18840,0,-1884000,0
2018-05-05 09:19:18,279.37,18850,0,-5266125,0
2018-05-05 09:19:45,177.5162,18850,0,3346180,1
2018-05-05 09:19:51,51.7138,18850,0,974805,1
2018-05-05 09:21:15,53.8509,18835,0,1014282,1
2018-05-05 09:21:15,3.06671019,18835,0,57761,1
2018-05-05 09:21:15,123.1701,18835,0,2319909,1
2018-05-05 09:21:19,5.0,18830,0,94150,1
2018-05-05 09:21:19,16.7722,18830,0,315821,1
2018-05-05 09:21:23,100.0,18820,0,1882000,1
2018-05-05 09:21:23,99.6257,18820,0,1874956,1
2018-05-05 09:21:27,25.8785,18815,0,486904,1
2018-05-05 09:21:27,49.7889,18815,0,936778,1
2018-05-05 09:22:12,3.285e-05,18810,0,-1,0
2018-05-05 09:22:23,342.0533,18810,0,-6434023,0
2018-05-05 09:22:25,0.5319,18820,0,-10010,0
2018-05-05 09:22:25,1.2632,18820,0,-23773,0
2018-05-05 09:22:29,55.8867,18820,0,-1051788,0
2018-05-05 09:22:35,606.9476,18825,0,-11425789,0
2018-05-05 09:22:35,70.0,18820,0,-1317400,0
2018-05-05 09:25:33,585.6727,18795,0,11007718,1
2018-05-05 09:25:34,68.91,18795,0,1295163,1
2018-05-05 09:25:34,4.3588,18795,0,81924,1
2018-05-05 09:25:37,5.5978,18810,0,105295,1
2018-05-05 09:25:38,50.0,18810,0,940500,1
2018-05-05 09:27:00,362.1435,18785,0,6802866,1
2018-05-05 09:31:11,1200.0,18830,0,-22596000,0
2018-05-05 09:33:46,5.1034,18835,0,96123,1
2018-05-05 09:33:46,74.3653,18835,0,1400670,1
2018-05-05 09:33:46,64.6252,18835,0,1217216,1
2018-05-05 09:33:46,0.4644,18835,0,8747,1
2018-05-05 09:33:53,100.0,18825,0,1882500,1
2018-05-05 09:33:53,88.9461,18825,0,1674410,1
2018-05-05 09:33:54,192.1933,18825,0,3618039,1
2018-05-05 09:33:57,200.0,18830,0,3766000,1
2018-05-05 09:34:01,0.3,18830,0,5649,1
2018-05-05 09:34:05,474.0023,18820,0,8920723,1
2018-05-05 09:37:21,27.986,18910,0,-529215,0
2018-05-05 09:37:21,66.5467,18910,0,-1258398,0
2018-05-05 09:37:25,11.118,18915,0,-210297,0
2018-05-05 09:37:25,303.43,18915,0,-5739378,0
2018-05-05 09:37:25,25.2655,18915,0,-477897,0
2018-05-05 09:37:25,20.0,18915,0,-378300,0
2018-05-05 09:37:25,2.0,18915,0,-37830,0
2018-05-05 09:37:25,592.9258,18915,0,-11215192,0
2018-05-05 09:37:26,14.8782,18915,0,-281421,0
2018-05-05 09:38:53,147.6836,19000,0,2805988,1
2018-05-05 09:38:54,18.57226315,19000,0,352873,1
2018-05-05 09:45:10,45.918,19265,0,884610,1
2018-05-05 09:45:10,34.4101,19285,0,663599,1
2018-05-05 09:45:30,9.7,19250,0,186725,1
2018-05-05 09:45:30,218.4484,19250,0,4205132,1
2018-05-05 09:45:31,10.01,19250,0,192693,1
2018-05-05 09:45:43,579.4078,19200,0,11124630,1
2018-05-05 09:46:21,216.2257,19140,0,-4138560,0
2018-05-05 09:46:42,0.1586,19160,0,3039,1
2018-05-05 09:46:43,15.5014,19160,0,297007,1
2018-05-05 09:46:43,56.711,19160,0,1086583,1
2018-05-05 09:47:10,143.8547,19165,0,2756975,1
2018-05-05 09:47:57,230.1712,19195,0,-4418136,0
2018-05-05 09:47:57,30.4652,19195,0,-584780,0
2018-05-05 09:47:57,70.4107,19195,0,-1351533,0
2018-05-05 09:47:57,61.4039,19195,0,-1178648,0
2018-05-05 09:47:57,100.0,19195,0,-1919500,0
2018-05-05 09:47:58,400.2212,19195,0,-7682246,0
2018-05-05 09:47:58,144.9004,19195,0,-2781363,0
2018-05-05 09:47:58,21.8213,19195,0,-418860,0
2018-05-05 09:48:17,289.34246319,19200,0,5555375,1
2018-05-05 09:48:17,100.0,19200,0,1920000,1
2018-05-05 09:48:17,156.9175,19240,0,3019093,1
2018-05-05 09:48:38,70.6732,19210,0,-1357632,0
2018-05-05 09:48:43,10.0,19225,0,-192250,0
2018-05-05 09:48:57,50.0,19245,0,-962250,0
2018-05-05 09:48:57,422.7268,19245,0,-8135377,0
2018-05-05 09:48:57,133.466,19245,0,-2568553,0
2018-05-05 09:50:17,10.6993,19425,0,207834,1
2018-05-05 09:50:17,75.68818641,19425,0,1470243,1
2018-05-05 09:50:21,48.2010288,19440,0,937028,1
2018-05-05 09:50:26,211.4916,19430,0,4109282,1
2018-05-05 09:50:26,198.543,19425,0,3856698,1
2018-05-05 09:50:26,100.0,19425,0,1942500,1
2018-05-05 09:50:35,4.5,19425,0,-87413,0
2018-05-05 09:50:35,0.2,19425,0,-3885,0
2018-05-05 09:50:44,639.9231,19445,0,-12443305,0
2018-05-05 09:52:49,0.8,19500,0,15600,1
2018-05-05 09:52:51,1199.1999,19490,0,23372406,1
2018-05-05 09:53:01,41.8532,19400,0,-811952,0
2018-05-05 09:53:01,147.031,19400,0,-2852401,0
2018-05-05 09:53:15,69.7278,19440,0,1355508,1
2018-05-05 09:53:15,28.42270051,19440,0,552537,1
2018-05-05 09:53:16,45.30869948,19440,0,880801,1
2018-05-05 09:53:16,45.425,19440,0,883062,1
2018-05-05 09:53:28,237.74694414,19480,0,-4631310,0
2018-05-05 09:53:32,210.0,19500,0,-4095000,0
2018-05-05 09:53:59,29.15,19565,0,-570320,0
2018-05-05 09:53:59,0.9071,19565,0,-17747,0
2018-05-05 09:54:19,669.92659673,19580,0,-13117163,0
2018-05-05 09:54:19,52.26920326,19580,0,-1023431,0
2018-05-05 09:55:04,297.96458945,19630,0,5849045,1
2018-05-05 09:55:12,415.4986,19620,0,8152083,1
2018-05-05 09:55:16,486.5367,19625,0,9548283,1
2018-05-05 09:55:33,38.2537,19650,0,-751685,0
2018-05-05 09:55:40,19.9194,19660,0,-391615,0
2018-05-05 09:55:44,365.5648,19660,0,-7187004,0
2018-05-05 09:56:05,645.94572195,19680,0,-12712212,0
2018-05-05 09:56:06,130.31627804,19680,0,-2564624,0
2018-05-05 09:59:03,315.2633,19780,0,6235908,1
2018-05-05 09:59:04,233.52,19780,0,4619026,1
2018-05-05 09:59:04,23.7196,19780,0,469174,1
2018-05-05 09:59:04,9.306,19780,0,184073,1
2018-05-05 09:59:08,302.6699,19790,0,5989837,1
2018-05-05 09:59:08,315.5211,19790,0,6244163,1
2018-05-05 09:59:49,156.2193,19740,0,-3083769,0
2018-05-05 09:59:49,100.0,19740,0,-1974000,0
2018-05-05 09:59:49,48.867,19740,0,-964635,0
2018-05-05 10:00:11,305.0863,19720,0,6016302,1
2018-05-05 10:01:30,49.0693,19600,0,-961758,0
2018-05-05 10:01:31,47.2323,19600,0,-925753,0
2018-05-05 10:01:34,1103.6984,19615,0,-21649044,0
2018-05-05 10:01:54,1200.0,19630,0,23556000,1
2018-05-05 10:02:24,210.8386,19745,0,-4163008,0
2018-05-05 10:02:25,138.921,19745,0,-2742995,0
2018-05-05 10:02:25,231.2315,19745,0,-4565666,0
2018-05-05 10:02:29,55.7,19735,0,-1099240,0
2018-05-05 10:02:29,27.5,19735,0,-542713,0
2018-05-05 10:04:15,210.0,19860,0,4170600,1
2018-05-05 10:04:15,454.1911,19840,0,9011151,1
2018-05-05 10:05:23,36.3177,19865,0,-721451,0
2018-05-05 10:05:34,118.4,19935,0,-2360304,0
2018-05-05 10:05:37,167.9753,19930,0,-3347748,0
2018-05-05 10:05:38,6.609,19930,0,-131717,0
2018-05-05 10:05:41,20.0,19930,0,-398600,0
2018-05-05 10:05:46,835.35227783,19945,0,-16661101,0
2018-05-05 10:05:46,15.34572216,19940,0,-305994,0
2018-05-05 10:06:21,116.5748,19935,0,2323919,1
2018-05-05 10:06:21,445.3043,19930,0,8874915,1
2018-05-05 10:06:22,3.943,19930,0,78584,1
2018-05-05 10:06:23,48.21,19930,0,960825,1
2018-05-05 10:07:18,614.0321,19900,0,-12219239,0
2018-05-05 10:07:35,368.7231,19920,0,7344964,1
2018-05-05 10:07:51,315.09,19910,0,6273442,1
2018-05-05 10:08:11,683.8131,19925,0,-13624976,0
2018-05-05 10:09:14,31.1729,19845,0,618626,1
2018-05-05 10:09:14,210.0,19845,0,4167450,1
2018-05-05 10:09:18,958.8271,19800,0,18984777,1
2018-05-05 10:09:42,26.7059,19740,0,-527174,0
2018-05-05 10:10:16,728.67037796,19800,0,-14427673,0
2018-05-05 10:10:16,378.61822203,19800,0,-7496641,0
2018-05-05 10:10:16,44.1178,19800,0,-873532,0
2018-05-05 10:10:16,21.8877,19800,0,-433376,0
2018-05-05 10:11:18,154.5886146,19850,0,3068584,1
2018-05-05 10:11:19,14.50675062,19850,0,287959,1
2018-05-05 10:11:23,267.23406399,19845,0,5303260,1
2018-05-05 10:11:27,335.0866,19805,0,6636390,1
2018-05-05 10:11:27,27.0894,19805,0,536506,1
2018-05-05 10:11:28,151.09689472,19805,0,2992474,1
2018-05-05 10:11:28,196.5038,19805,0,3891758,1
2018-05-05 10:11:28,53.89390527,19805,0,1067369,1
2018-05-05 10:12:17,257.95736288,19805,0,-5108846,0
2018-05-05 10:12:21,149.6216,19815,0,-2964752,0
2018-05-05 10:12:21,175.1861,19805,0,-3469561,0
2018-05-05 10:12:25,617.235,19795,0,-12218167,0
2018-05-05 10:12:29,200.2,19790,0,3961958,1
2018-05-05 10:12:29,63.18,19790,0,1250332,1
2018-05-05 10:12:30,200.2,19790,0,3961958,1
2018-05-05 10:12:33,0.3953,19780,0,7819,1
2018-05-05 10:12:33,5.5,19780,0,108790,1
2018-05-05 10:12:33,49.78,19780,0,984648,1
2018-05-05 10:12:38,27.6492,19790,0,547178,1
2018-05-05 10:12:39,15.16,19790,0,300016,1
2018-05-05 10:13:20,50.0,19790,0,989500,1
2018-05-05 10:13:20,30.4447,19790,0,602501,1
2018-05-05 10:13:20,234.9597,19790,0,4649852,1
2018-05-05 10:14:19,12.9525,19800,0,-256460,0
2018-05-05 10:14:19,9.3285,19800,0,-184704,0
2018-05-05 10:14:19,9.824,19800,0,-194515,0
2018-05-05 10:14:23,39.8044,19800,0,-788127,0
2018-05-05 10:14:24,41.06,19800,0,-812988,0
2018-05-05 10:14:27,764.4995,19805,0,-15140913,0
2018-05-05 10:15:04,9.73794845,19790,0,192714,1
2018-05-05 10:15:04,136.8638,19790,0,2708535,1
2018-05-05 10:19:32,1053.3983,20090,0,21162772,1
2018-05-05 10:19:51,960.37857276,20100,0,-19303609,0
2018-05-05 10:19:51,239.62142723,20100,0,-4816391,0
2018-05-05 10:21:18,181.6463,20200,0,3669255,1
2018-05-05 10:21:18,519.4867,20200,0,10493631,1
2018-05-05 10:21:18,498.867,20200,0,10077113,1
2018-05-05 10:22:20,334.0452,20245,0,-6762745,0
2018-05-05 10:22:35,223.06955567,20315,0,-4531658,0
2018-05-05 10:22:36,100.0,20315,0,-2031500,0
2018-05-05 10:22:36,71.56082298,20315,0,-1453758,0
2018-05-05 10:22:36,87.8872,20315,0,-1785428,0
2018-05-05 10:22:36,1.1217,20315,0,-22787,0
2018-05-05 10:22:37,39.0,20315,0,-792285,0
2018-05-05 10:22:37,22.06,20315,0,-448149,0
2018-05-05 10:22:37,100.0,20315,0,-2031500,0
2018-05-05 10:22:37,39.0,20315,0,-792285,0
2018-05-05 10:22:37,137.11702133,20315,0,-2785532,0
2018-05-05 10:22:57,67.9063,20310,0,1379177,1
2018-05-05 10:22:57,94.146,20310,0,1912105,1
2018-05-05 10:22:57,80.25440669,20310,0,1629967,1
2018-05-05 10:22:57,161.2576,20310,0,3275142,1
2018-05-05 10:23:02,5.2744,20255,0,106833,1
2018-05-05 10:23:02,746.0228,20250,0,15106962,1
2018-05-05 10:24:04,11.0,20350,0,-223850,0
2018-05-05 10:24:04,9.13777272,20350,0,-185954,0
2018-05-05 10:24:04,106.7657,20350,0,-2172682,0
2018-05-05 10:24:05,119.7,20350,0,-2435895,0
2018-05-05 10:24:06,40.0,20350,0,-814000,0
2018-05-05 10:24:07,15.39243071,20350,0,-313236,0
2018-05-05 10:24:08,24.60736928,20350,0,-500760,0
2018-05-05 10:24:11,60.3399,20345,0,-1227615,0
2018-05-05 10:24:16,19.2845,20340,0,-392247,0
2018-05-05 10:25:16,71.7791,20350,0,-1460705,0
2018-05-05 10:25:31,163.0062,20275,0,3304951,1
2018-05-05 10:25:32,296.47,20275,0,6010929,1
2018-05-05 10:25:32,18.5305,20275,0,375706,1
2018-05-05 10:26:26,3.75698247,20290,0,-76229,0
2018-05-05 10:26:26,60.9223,20290,0,-1236113,0
2018-05-05 10:26:35,109.8899,20305,0,-2231314,0
2018-05-05 10:26:35,8.9923,20305,0,-182589,0
2018-05-05 10:26:43,183.5615,20320,0,3729970,1
2018-05-05 10:28:13,315.9467,20050,0,-6334731,0
2018-05-05 10:28:13,278.1063,20050,0,-5576031,0
2018-05-05 10:28:13,105.947,20050,0,-2124237,0
2018-05-05 10:28:13,500.0,20050,0,-10025000,0
2018-05-05 10:28:23,40.7712,20060,0,817870,1
2018-05-05 10:28:23,97.9401,20060,0,1964678,1
2018-05-05 10:28:24,1061.2887,20060,0,21289451,1
2018-05-05 10:29:00,176.3824,20170,0,-3557633,0
2018-05-05 10:29:13,60.9999,20180,0,-1230978,0
2018-05-05 10:29:14,73.548,20180,0,-1484199,0
2018-05-05 10:29:53,237.0534,20220,0,-4793220,0
2018-05-05 10:30:16,71.0565,20195,0,1434986,1
2018-05-05 10:30:20,60.6002,20185,0,1223215,1
2018-05-05 10:30:29,67.6473,20135,0,1362078,1
2018-05-05 10:30:33,12.0473,20115,0,242331,1
2018-05-05 10:30:33,15.4294,20115,0,310362,1
2018-05-05 10:30:36,250.8385,20115,0,5045616,1
2018-05-05 10:30:36,70.3645,20115,0,1415382,1
2018-05-05 10:31:38,49.4437,19945,0,-986155,0
2018-05-05 10:31:39,72.5563,19945,0,-1447135,0
2018-05-05 10:31:44,122.0,19925,0,2430850,1
2018-05-05 10:32:00,162.7617,19880,0,-3235703,0
2018-05-05 10:32:05,199.00692183,19925,0,-3965213,0
2018-05-05 10:32:05,10.0,19925,0,-199250,0
2018-05-05 10:32:06,35.0188,19925,0,-697750,0
2018-05-05 10:32:06,384.3484,19925,0,-7658142,0
2018-05-05 10:32:06,38.5893,19925,0,-768892,0
2018-05-05 10:33:00,96.6325,20025,0,1935066,1
2018-05-05 10:33:01,43.0708,20025,0,862493,1
2018-05-05 10:33:11,690.0218,20000,0,13800436,1
2018-05-05 10:34:27,47.3226,19940,0,-943613,0
2018-05-05 10:35:20,0.271,20085,0,-5443,0
2018-05-05 10:35:20,700.09344916,20085,0,-14061377,0
2018-05-05 10:35:21,138.2108,20085,0,-2775964,0
2018-05-05 10:36:12,885.8979,20090,0,17797689,1
2018-05-05 10:36:21,79.4273,20065,0,-1593709,0
2018-05-05 10:36:27,11.0038,20030,0,-220406,0
2018-05-05 10:36:30,90.4311,20065,0,1814500,1
2018-05-05 10:36:54,472.1831,20020,0,-9453106,0
2018-05-05 10:36:58,20.5663,20040,0,412149,1
2018-05-05 10:37:04,451.6168,20030,0,9045885,1
2018-05-05 10:38:17,2.0,20050,0,-40100,0
2018-05-05 10:38:23,2.0,20050,0,40100,1
2018-05-05 10:38:51,658.3916,20025,0,-13184292,0
2018-05-05 10:39:49,658.3916,19950,0,13134912,1
2018-05-05 10:41:16,321.9599241,19870,0,-6397344,0
2018-05-05 10:41:16,878.04007589,19870,0,-17446656,0
2018-05-05 10:41:48,139.7055,19985,0,2792014,1
2018-05-05 10:42:02,434.3129,19995,0,8684086,1
2018-05-05 10:42:02,126.9816,19995,0,2538997,1
2018-05-05 10:42:02,499.0,19995,0,9977505,1
2018-05-05 10:42:11,675.47220137,20010,0,-13516199,0
2018-05-05 10:42:23,675.4722,19975,0,13492557,1
2018-05-05 10:43:16,424.5,19905,0,-8449673,0
2018-05-05 10:43:20,261.3,19930,0,-5207709,0
2018-05-05 10:44:05,166.2925,19875,0,3305063,1
2018-05-05 10:44:06,177.82979496,19875,0,3534367,1
2018-05-05 10:44:06,15.083,19875,0,299775,1
2018-05-05 10:44:06,313.31280503,19875,0,6227092,1
2018-05-05 10:44:06,13.2819,19875,0,263978,1
2018-05-05 10:44:48,1200.0,19840,0,-23808000,0
2018-05-05 10:47:53,1200.0,19950,0,23940000,1
2018-05-05 10:48:23,195.361,19965,0,-3900382,0
2018-05-05 10:48:23,6.4795,19965,0,-129363,0
2018-05-05 10:48:27,5.239,19980,0,-104675,0
2018-05-05 10:48:58,151.9723,20000,0,-3039446,0
2018-05-05 10:48:58,46.7907,20000,0,-935814,0
2018-05-05 10:48:58,16.9632,20000,0,-339264,0
2018-05-05 10:48:58,27.0143,20000,0,-540286,0
2018-05-05 10:48:58,22.23,20000,0,-444600,0
2018-05-05 10:48:58,499.25,20000,0,-9985000,0
2018-05-05 10:48:59,228.7,20000,0,-4574000,0
2018-05-05 10:49:21,132.7394,20010,0,2656115,1
2018-05-05 10:49:22,515.5376,20010,0,10315907,1
2018-05-05 10:49:25,551.723,20015,0,11042736,1
2018-05-05 10:54:26,15.0359,19905,0,-299290,0
2018-05-05 10:54:47,15.0359,19920,0,299515,1
2018-05-05 10:59:08,41.1624,19905,0,-819338,0
2018-05-05 10:59:20,617.01803694,19920,0,-12290999,0
2018-05-05 11:01:00,617.5316,19925,0,12304317,1
2018-05-05 11:01:00,40.6488,19925,0,809927,1
2018-05-05 11:03:13,391.3771,19900,0,-7788404,0
2018-05-05 11:03:33,3.0,19885,0,59655,1
2018-05-05 11:03:37,388.3771,19895,0,7726762,1
2018-05-05 11:05:56,2.2942,19860,0,-45563,0
2018-05-05 11:05:59,2.2942,19840,0,45517,1
2018-05-05 11:08:53,1.519,19715,0,-29947,0
2018-05-05 11:08:53,500.0,19715,0,-9857500,0
2018-05-05 11:08:57,7.4794,19725,0,-147531,0
2018-05-05 11:09:01,25.4526,19725,0,-502053,0
2018-05-05 11:09:05,464.3905,19710,0,-9153137,0
2018-05-05 11:09:05,174.33465342,19710,0,-3436136,0
2018-05-05 11:10:32,252.1315,19710,0,4969512,1
2018-05-05 11:10:56,1.0,19665,0,19665,1
2018-05-05 11:10:57,200.0,19665,0,3933000,1
2018-05-05 11:11:00,720.0447,19655,0,14152479,1
2018-05-05 11:12:12,20.0,19690,0,-393800,0
2018-05-05 11:12:26,0.4115,19660,0,-8090,0
2018-05-05 11:12:37,21.6455,19680,0,-425983,0
2018-05-05 11:12:37,0.7488,19680,0,-14736,0
2018-05-05 11:13:10,564.83946389,19720,0,-11138634,0
2018-05-05 11:13:10,66.9,19720,0,-1319268,0
2018-05-05 11:13:11,11.89,19720,0,-234471,0
2018-05-05 11:13:11,46.9999361,19720,0,-926839,0
2018-05-05 11:13:58,450.93726413,19720,0,8892483,1
2018-05-05 11:13:58,3.5279,19720,0,69570,1
2018-05-05 11:13:59,52.4953,19720,0,1035207,1
2018-05-05 11:13:59,226.47473586,19720,0,4466082,1
2018-05-05 11:15:48,3.631e-05,19670,0,-1,0
2018-05-05 11:15:48,4.026,19670,0,-79191,0
2018-05-05 11:15:49,155.5204,19670,0,-3059086,0
2018-05-05 11:15:52,1040.4536,19660,0,-20455318,0
2018-05-05 11:16:11,1200.0,19640,0,23568000,1
2018-05-05 11:17:26,135.0686,19600,0,-2647345,0
2018-05-05 11:17:29,285.6691,19610,0,-5601971,0
2018-05-05 11:17:33,210.0,19620,0,-4120200,0
2018-05-05 11:17:33,98.90717146,19620,0,-1940559,0
2018-05-05 11:18:00,63.5117,19620,0,1246100,1
2018-05-05 11:18:01,537.72,19620,0,10550066,1
2018-05-05 11:18:19,52.7064,19605,0,-1033309,0
2018-05-05 11:18:20,319.7488,19605,0,-6268675,0
2018-05-05 11:18:43,11.3597,19580,0,222423,1
2018-05-05 11:18:43,50.0,19580,0,979000,1
2018-05-05 11:18:43,31.62124616,19580,0,619144,1
2018-05-05 11:19:10,407.8875,19560,0,7978280,1
2018-05-05 11:20:11,2.0,19530,0,-39060,0
2018-05-05 11:20:11,171.91853184,19530,0,-3357569,0
2018-05-05 11:20:12,100.0,19530,0,-1953000,0
2018-05-05 11:20:12,39.0,19530,0,-761670,0
2018-05-05 11:20:12,238.0,19530,0,-4648140,0
2018-05-05 11:20:15,649.0815,19535,0,-12679807,0
2018-05-05 11:21:03,512.0328,19530,0,10000001,1
2018-05-05 11:21:03,153.6098,19530,0,2999999,1
2018-05-05 11:21:03,430.55969651,19530,0,8408831,1
2018-05-05 11:21:38,308.79932365,19570,0,-6043203,0
2018-05-05 11:21:38,787.40297634,19570,0,-15409476,0
2018-05-05 11:21:59,201.44,19615,0,3951246,1
2018-05-05 11:22:00,998.56,19615,0,19586754,1
2018-05-05 11:22:05,609.0798,19630,0,-11956236,0
2018-05-05 11:23:19,144.7292,19580,0,2833798,1
2018-05-05 11:23:19,51.1994,19585,0,1002740,1
2018-05-05 11:23:23,413.1512,19575,0,8087435,1
2018-05-05 11:23:42,726.3759,19600,0,-14236968,0
2018-05-05 11:24:52,554.5732,19680,0,10914001,1
2018-05-05 11:24:52,107.44146341,19680,0,2114448,1
2018-05-05 11:24:52,3.19837398,19680,0,62944,1
2018-05-05 11:24:52,25.4205,19680,0,500275,1
2018-05-05 11:25:04,23.0319,19700,0,-453728,0
2018-05-05 11:25:11,58.7742,19670,0,1156089,1
2018-05-05 11:25:56,36.7628,19665,0,-722940,0
2018-05-05 11:25:57,17.0442,19665,0,-335174,0
2018-05-05 11:26:00,27.3069,19665,0,-536990,0
2018-05-05 11:26:34,24.27,19640,0,476663,1
2018-05-05 11:26:35,56.8439,19640,0,1116414,1
2018-05-05 11:27:54,18.1818,19675,0,-357727,0
2018-05-05 11:28:31,18.1818,19665,0,357545,1
2018-05-05 11:29:01,1200.0,19695,0,-23634000,0
2018-05-05 11:29:19,70.6827,19705,0,1392803,1
2018-05-05 11:29:20,11.5439,19705,0,227473,1
2018-05-05 11:30:54,357.2676,19740,0,7052462,1
2018-05-05 11:31:02,433.1239,19730,0,8545535,1
2018-05-05 11:31:11,3.6858,19740,0,72758,1
2018-05-05 11:31:20,323.6961,19735,0,6388143,1
2018-05-05 11:42:14,33.8881,19745,0,-669121,0
2018-05-05 11:42:42,33.8881,19760,0,669629,1
2018-05-05 11:45:17,38.7739,19835,0,-769080,0
2018-05-05 11:45:25,308.0798,19835,0,-6110763,0
2018-05-05 11:45:26,322.371,19835,0,-6394229,0
2018-05-05 11:47:03,317.504,19910,0,6321505,1
2018-05-05 11:47:04,14.7155,19910,0,292986,1
2018-05-05 11:47:04,255.0,19910,0,5077050,1
2018-05-05 11:47:04,59.5924,19910,0,1186485,1
2018-05-05 11:47:04,22.4128,19910,0,446239,1
2018-05-05 11:47:22,1.5,19875,0,-29813,0
2018-05-05 11:47:29,46.254529,19880,0,-919540,0
2018-05-05 11:47:29,0.49997099,19880,0,-9939,0
2018-05-05 11:47:42,48.2545,19835,0,957128,1
2018-05-05 11:50:33,761.8914,19835,0,-15112116,0
2018-05-05 11:50:38,4.9841,19860,0,98984,1
2018-05-05 11:50:58,2.0,19800,0,39600,1
2018-05-05 11:50:58,106.4625,19800,0,2107958,1
2018-05-05 11:51:02,87.6937,19800,0,1736335,1
2018-05-05 11:51:02,78.9154,19800,0,1562525,1
2018-05-05 11:51:26,481.8357,19780,0,9530710,1
2018-05-05 11:52:16,1035.5824,19800,0,-20504532,0
2018-05-05 11:52:16,164.4176,19800,0,-3255468,0
2018-05-05 11:52:36,615.8426,19810,0,12199842,1
2018-05-05 11:52:36,144.4748107,19810,0,2862046,1
2018-05-05 11:52:40,14.3841,19805,0,284877,1
2018-05-05 11:52:41,1.0,19805,0,19805,1
2018-05-05 11:52:50,129.319,19800,0,2560516,1
2018-05-05 11:52:58,187.5147,19805,0,3713729,1
2018-05-05 11:52:58,17.1744,19805,0,340139,1
2018-05-05 11:53:03,90.2904,19810,0,1788653,1
2018-05-05 11:53:46,32.8342,19830,0,-651102,0
2018-05-05 11:53:46,0.0001,19830,0,-2,0
2018-05-05 11:53:53,68.6885,19825,0,-1361750,0
2018-05-05 11:54:39,29.2475,19825,0,579832,1
2018-05-05 11:54:39,39.75907629,19825,0,788224,1
2018-05-05 11:54:47,32.5163,19815,0,644310,1
2018-05-05 11:55:30,2.0956,19780,0,-41451,0
2018-05-05 11:55:35,1.606,19775,0,-31759,0
2018-05-05 11:56:29,6.372e-05,19795,0,-1,0
2018-05-05 11:57:28,756.1253,19810,0,-14978842,0
2018-05-05 11:58:56,43.4749,19865,0,863629,1
2018-05-05 12:01:00,2.9181,19870,0,57983,1
2018-05-05 12:01:05,0.4,19865,0,7946,1
2018-05-05 12:01:11,713.0339,19855,0,14157288,1
2018-05-05 12:01:39,20.0,19910,0,-398200,0
2018-05-05 12:01:44,1180.0,19890,0,-23470200,0
2018-05-05 12:02:51,469.6076,19900,0,9345191,1
2018-05-05 12:02:55,730.3924,19890,0,14527505,1
2018-05-05 12:06:47,18.5439,19770,0,-366613,0
2018-05-05 12:06:56,81.8815,19770,0,-1618797,0
2018-05-05 12:08:20,4.49157854,19760,0,88754,1
2018-05-05 12:08:21,95.93382145,19760,0,1895652,1
2018-05-05 12:10:02,560.164,19735,0,-11054837,0
2018-05-05 12:10:15,335.5375,19750,0,-6626866,0
2018-05-05 12:10:15,54.4512,19750,0,-1075411,0
2018-05-05 12:10:30,98.8513,19745,0,1951819,1
2018-05-05 12:10:30,270.0585,19745,0,5332305,1
2018-05-05 12:10:35,581.2429,19745,0,11476641,1
2018-05-05 12:13:07,1200.0,19700,0,-23640000,0
2018-05-05 12:14:01,0.2,19715,0,3943,1
2018-05-05 12:14:02,140.56,19715,0,2771140,1
2018-05-05 12:14:20,20.2942,19710,0,399999,1
2018-05-05 12:14:20,0.1,19710,0,1971,1
2018-05-05 12:16:40,24.6681,19685,0,485592,1
2018-05-05 12:16:44,30.2135,19680,0,594602,1
2018-05-05 12:16:44,31.6985,19680,0,623826,1
2018-05-05 12:16:44,50.0,19680,0,984000,1
2018-05-05 12:21:12,43.7013,19690,0,860479,1
2018-05-05 12:22:46,0.2,19680,0,3936,1
2018-05-05 12:24:05,9.1648,19680,0,180363,1
2018-05-05 12:24:14,795.0968,19670,0,15639554,1
2018-05-05 12:24:14,54.1028,19670,0,1064202,1
2018-05-05 12:24:41,405.0739,19665,0,-7965778,0
2018-05-05 12:24:49,20.0,19680,0,-393600,0
2018-05-05 12:25:52,19.5243,19675,0,384141,1
2018-05-05 12:25:52,405.5496,19675,0,7979188,1
2018-05-05 12:28:03,5.4698,19660,0,-107536,0
2018-05-05 12:28:04,125.969,19660,0,-2476551,0
2018-05-05 12:28:07,543.5809,19680,0,-10697672,0
2018-05-05 12:28:07,176.4587,19680,0,-3472707,0
2018-05-05 12:29:53,144.2744,19720,0,2845091,1
2018-05-05 12:29:57,707.204,19720,0,13946063,1
2018-05-05 12:30:01,37.4824,19700,0,-738403,0
2018-05-05 12:30:06,37.4824,19700,0,738403,1
2018-05-05 12:30:21,0.338,19725,0,-6667,0
2018-05-05 12:30:21,6.3379,19730,0,-125047,0
2018-05-05 12:31:50,6.6759,19760,0,131916,1
2018-05-05 12:32:05,209.8466,19750,0,-4144470,0
2018-05-05 12:32:14,56.3736,19770,0,1114506,1
2018-05-05 12:32:26,0.1,19750,0,1975,1
2018-05-05 12:32:54,153.373,19750,0,3029117,1
2018-05-05 12:34:31,1200.0,19710,0,-23652000,0
2018-05-05 12:41:08,229.46410873,19815,0,4546831,1
2018-05-05 12:41:09,59.534,19815,0,1179666,1
2018-05-05 12:42:36,58.5,19790,0,1157715,1
2018-05-05 12:42:36,179.081,19790,0,3544013,1
2018-05-05 12:42:37,491.2472,19790,0,9721782,1
2018-05-05 12:44:21,13.1421,19835,0,260674,1
2018-05-05 12:44:21,39.08989546,19835,0,775348,1
2018-05-05 12:44:25,129.9417,19825,0,2576094,1
2018-05-05 12:45:21,1.6063,19805,0,-31813,0
2018-05-05 12:45:33,1.6063,19780,0,31773,1
2018-05-05 12:48:15,3.0,19740,0,-59220,0
2018-05-05 12:48:20,700.2201924,19750,0,-13829349,0
2018-05-05 12:48:21,496.77980759,19750,0,-9811401,0
2018-05-05 12:48:48,77.1756,19785,0,1526919,1
2018-05-05 12:48:49,165.974,19785,0,3283796,1
2018-05-05 12:49:46,0.86765694,19810,0,17188,1
2018-05-05 12:51:01,25.3643,19780,0,501706,1
2018-05-05 12:51:23,930.6185,19800,0,18426246,1
2018-05-05 12:54:23,136.98469119,19875,0,-2722571,0
2018-05-05 12:54:23,17.8287,19875,0,-354345,0
2018-05-05 12:54:24,88.1527,19875,0,-1752035,0
2018-05-05 12:54:24,88.1527088,19875,0,-1752035,0
2018-05-05 12:54:41,26.446,19845,0,524821,1
2018-05-05 12:54:42,25.0025,19845,0,496175,1
2018-05-05 12:54:42,279.6703,19845,0,5550057,1
2018-05-05 12:56:00,3.0,19880,0,-59640,0
2018-05-05 12:56:00,612.87703262,19880,0,-12183995,0
2018-05-05 12:56:00,0.1612,19880,0,-3205,0
2018-05-05 12:56:00,14.1735,19880,0,-281769,0
2018-05-05 12:56:01,569.78826737,19880,0,-11327391,0
2018-05-05 12:58:01,60.46919753,19885,0,1202430,1
2018-05-05 12:59:23,48.2025,19910,0,959712,1
2018-05-05 12:59:23,24.74,19910,0,492573,1
2018-05-05 12:59:24,27.8908,19910,0,555306,1
2018-05-05 12:59:27,315.3116,19900,0,6274701,1
2018-05-05 12:59:27,100.0,19900,0,1990000,1
2018-05-05 12:59:27,100.0,19900,0,1990000,1
2018-05-05 12:59:27,10.3649,19900,0,206262,1
2018-05-05 12:59:28,1.991,19900,0,39621,1
2018-05-05 12:59:32,150.06,19910,0,2987695,1
2018-05-05 12:59:32,150.678,19910,0,2999999,1
2018-05-05 12:59:42,164.1638,19910,0,3268501,1
2018-05-05 12:59:54,46.1282,19880,0,917029,1
2018-05-05 13:03:14,29.6003,19810,0,-586382,0
2018-05-05 13:03:15,2.0428,19810,0,-40468,0
2018-05-05 13:03:58,80.2073,19820,0,-1589709,0
2018-05-05 13:04:02,134.03139702,19830,0,-2657843,0
2018-05-05 13:04:02,0.99990297,19830,0,-19828,0
2018-05-05 13:04:06,394.4642,19835,0,-7824197,0
2018-05-05 13:04:47,134.4238,19795,0,2660919,1
2018-05-05 13:04:48,101.0356,19795,0,2000000,1
2018-05-05 13:04:58,7.0,19815,0,138705,1
2018-05-05 13:04:58,81.279,19815,0,1610543,1
2018-05-05 13:05:15,23.8077,19810,0,-471631,0
2018-05-05 13:05:19,858.5848,19810,0,-17008565,0
2018-05-05 13:07:28,40.683,19875,0,808575,1
2018-05-05 13:08:15,80.87,19880,0,1607696,1
2018-05-05 13:08:15,362.5262,19880,0,7207021,1
2018-05-05 13:08:16,482.0,19880,0,9582160,1
2018-05-05 13:08:22,183.6189,19880,0,3650344,1
2018-05-05 13:08:22,50.3019,19880,0,1000002,1
2018-05-05 13:10:21,1200.0,19830,0,-23796000,0
2018-05-05 13:10:56,72.3217,19895,0,1438840,1
2018-05-05 13:10:57,50.0,19895,0,994750,1
2018-05-05 13:10:57,323.483,19895,0,6435694,1
2018-05-05 13:11:22,12.74,19925,0,253845,1
2018-05-05 13:11:22,76.6588,19925,0,1527427,1
2018-05-05 13:11:29,32.9357,19925,0,656244,1
2018-05-05 13:11:33,3.7457,19920,0,74614,1
2018-05-05 13:11:39,561.871,19920,0,11192470,1
2018-05-05 13:11:40,66.2441,19920,0,1319582,1
2018-05-05 13:14:28,391.98958835,19950,0,-7820192,0
2018-05-05 13:14:28,808.01041164,19950,0,-16119808,0
2018-05-05 13:14:51,20.8259,19965,0,415789,1
2018-05-05 13:14:51,516.9965,19965,0,10321835,1
2018-05-05 13:14:52,108.9024,19965,0,2174236,1
2018-05-05 13:14:52,201.7166,19965,0,4027272,1
2018-05-05 13:14:52,351.5586,19965,0,7018867,1
2018-05-05 13:16:17,812.7003,19930,0,-16197117,0
2018-05-05 13:16:25,812.7003,19955,0,16217434,1
2018-05-05 13:18:59,7.6328,19895,0,-151855,0
2018-05-05 13:19:19,6.203,19890,0,123378,1
2018-05-05 13:19:19,1.4298,19890,0,28439,1
2018-05-05 13:23:12,10.0,19890,0,-198900,0
2018-05-05 13:24:32,617.93850801,19940,0,-12321694,0
2018-05-05 13:24:33,10.0,19940,0,-199400,0
2018-05-05 13:25:57,54.1159,19890,0,1076365,1
2018-05-05 13:25:57,391.7725,19890,0,7792355,1
2018-05-05 13:25:58,192.0501,19890,0,3819876,1
2018-05-05 13:29:45,1200.0,19850,0,-23820000,0
2018-05-05 13:31:05,24.04983236,19835,0,477028,1
2018-05-05 13:31:05,37.7022,19835,0,747823,1
2018-05-05 13:31:19,9.5122,19835,0,188674,1
2018-05-05 13:32:30,238.7,19825,0,4732228,1
2018-05-05 13:32:30,200.11,19825,0,3967181,1
2018-05-05 13:33:27,73.4598,19785,0,1453402,1
2018-05-05 13:33:28,75.287,19785,0,1489553,1
2018-05-05 13:33:28,273.055,19785,0,5402393,1
2018-05-05 13:33:31,31.3124,19785,0,619516,1
2018-05-05 13:33:31,32.4983,19785,0,642979,1
2018-05-05 13:33:32,36.009,19785,0,712438,1
2018-05-05 13:34:16,75.75798493,19780,0,-1498493,0
2018-05-05 13:34:16,16.23852376,19780,0,-321198,0
2018-05-05 13:34:16,43.3683,19780,0,-857825,0
2018-05-05 13:34:35,530.5126,19740,0,-10472319,0
2018-05-05 13:41:12,12.23891097,19870,0,243187,1
2018-05-05 13:41:37,50.0,19850,0,992500,1
2018-05-05 13:42:24,771.9427,19850,0,15323063,1
2018-05-05 13:42:45,12.377,19770,0,-244693,0
2018-05-05 13:43:58,22.8245,19790,0,-451697,0
2018-05-05 13:44:32,296.3057,19800,0,-5866853,0
2018-05-05 13:46:00,17.3899,19780,0,-343972,0
2018-05-05 13:46:00,851.1029,19790,0,-16843326,0
2018-05-05 13:48:56,1.0,19795,0,19795,1
2018-05-05 13:48:57,13.67,19795,0,270598,1
2018-05-05 13:50:50,3.866e-05,19810,0,1,1
2018-05-05 13:50:57,827.6683,19800,0,16387832,1
2018-05-05 13:50:57,6.8644,19800,0,135915,1
2018-05-05 13:51:02,7.097,19785,0,140414,1
2018-05-05 13:51:06,343.7003,19795,0,6803547,1
2018-05-05 13:51:25,239.6,19800,0,-4744080,0
2018-05-05 13:51:54,239.6,19775,0,4738090,1
2018-05-05 13:52:46,100.43817724,19780,0,-1986667,0
2018-05-05 13:52:46,134.18202275,19780,0,-2654120,0
2018-05-05 13:53:14,234.6202,19785,0,4641961,1
2018-05-05 13:58:35,1200.0,19765,0,-23718000,0
2018-05-05 13:59:54,65.80465032,19790,0,1302274,1
2018-05-05 14:00:55,2.087,19825,0,41375,1
2018-05-05 14:00:56,4.0285,19825,0,79865,1
2018-05-05 14:00:56,36.7038,19825,0,727653,1
2018-05-05 14:01:45,0.5741,19775,0,11353,1
2018-05-05 14:04:24,769.8012,19785,0,15230517,1
2018-05-05 14:04:25,68.275,19785,0,1350821,1
2018-05-05 14:04:56,504.6,19790,0,-9986034,0
2018-05-05 14:08:28,757.3258,19805,0,14998837,1
2018-05-05 14:10:59,152.5846,19775,0,-3017360,0
2018-05-05 14:11:46,132.5846,19750,0,2618546,1
2018-05-05 14:11:46,20.0,19750,0,395000,1
2018-05-05 14:14:28,53.486,19800,0,-1059023,0
2018-05-05 14:15:10,1.84170707,19800,0,36466,1
2018-05-05 14:15:46,35.64,19800,0,-705672,0
2018-05-05 14:16:19,87.2843,19785,0,1726920,1
2018-05-05 14:18:33,2.1408,19780,0,-42345,0
2018-05-05 14:19:32,2.1408,19760,0,42302,1
2018-05-05 14:22:23,1200.0,19755,0,-23706000,0
2018-05-05 14:25:25,83.8378,19755,0,1656216,1
2018-05-05 14:25:28,13.647,19750,0,269528,1
2018-05-05 14:25:29,1.0114,19750,0,19975,1
2018-05-05 14:25:30,570.5447,19750,0,11268258,1
2018-05-05 14:25:33,161.58,19745,0,3190397,1
2018-05-05 14:25:36,369.3791,19735,0,7289697,1
2018-05-05 14:34:51,1200.0,19725,0,-23670000,0
2018-05-05 14:35:33,9.6588,19695,0,190230,1
2018-05-05 14:35:33,427.4587,19695,0,8418799,1
2018-05-05 14:35:33,3.1357,19695,0,61758,1
2018-05-05 14:35:33,45.4775,19695,0,895679,1
2018-05-05 14:35:34,0.5,19695,0,9848,1
2018-05-05 14:35:37,396.1,19690,0,7799209,1
2018-05-05 14:35:38,317.6693,19690,0,6254909,1
2018-05-05 14:37:44,43.7417,19690,0,-861274,0
2018-05-05 14:38:16,0.2917,19680,0,5741,1
2018-05-05 14:38:24,4.3578,19670,0,85718,1
2018-05-05 14:38:24,39.0922,19670,0,768944,1
2018-05-05 14:39:42,28.1598,19700,0,-554748,0
2018-05-05 14:39:46,145.4385,19720,0,-2868047,0
2018-05-05 14:39:50,850.7202,19720,0,-16776202,0
2018-05-05 14:41:37,773.8549,19710,0,15252680,1
2018-05-05 14:41:37,1.0,19710,0,19710,1
2018-05-05 14:41:37,249.4636,19710,0,4916928,1
2018-05-05 14:42:11,19.94,19720,0,-393217,0
2018-05-05 14:42:44,1180.06,19730,0,-23282584,0
2018-05-05 14:43:10,587.3893,19700,0,11571569,1
2018-05-05 14:43:10,105.9287,19700,0,2086795,1
2018-05-05 14:43:15,221.1,19700,0,4355670,1
2018-05-05 14:43:19,115.3893,19685,0,2271438,1
2018-05-05 14:43:19,170.1927,19685,0,3350243,1
2018-05-05 14:43:50,50.0,19710,0,-985500,0
2018-05-05 14:43:50,84.83733282,19710,0,-1672144,0
2018-05-05 14:44:10,20.0,19710,0,394200,1
2018-05-05 14:45:30,306.5166,19720,0,-6044507,0
2018-05-05 14:45:30,2.6573,19720,0,-52402,0
2018-05-05 14:47:35,34.29,19705,0,675684,1
2018-05-05 14:48:13,110.0349,19710,0,-2168788,0
2018-05-05 14:48:13,10.0,19710,0,-197100,0
2018-05-05 14:48:27,14.9549,19720,0,-294911,0
2018-05-05 14:51:00,22.3688,19710,0,440889,1
2018-05-05 14:51:11,502.3422,19700,0,9896141,1
2018-05-05 14:52:20,267.88856658,19690,0,-5274726,0
2018-05-05 14:52:24,8.093e-05,19695,0,-2,0
2018-05-05 14:52:28,355.8829,19700,0,-7010893,0
2018-05-05 14:52:28,374.0403,19700,0,-7368594,0
2018-05-05 14:53:20,8.1012,19680,0,159432,1
2018-05-05 14:53:25,979.4801,19680,0,19276168,1
2018-05-05 14:53:26,10.2305,19680,0,201336,1
2018-05-05 14:54:43,80.3112,19690,0,-1581328,0
2018-05-05 14:54:47,246.6029,19690,0,-4855611,0
2018-05-05 14:55:16,326.9141,19680,0,6433669,1
2018-05-05 14:59:15,3.429e-05,19655,0,-1,0
2018-05-05 14:59:20,30.7481,19655,0,-604354,0
2018-05-05 15:00:24,211.26111444,19660,0,-4153394,0
2018-05-05 15:00:25,21.9664,19660,0,-431859,0
2018-05-05 15:00:25,22.4484,19660,0,-441336,0
2018-05-05 15:00:25,202.03608555,19660,0,-3972029,0
2018-05-05 15:00:25,50.0,19660,0,-983000,0
2018-05-05 15:00:25,3.0,19660,0,-58980,0
2018-05-05 15:00:29,337.9922,19670,0,-6648307,0
2018-05-05 15:00:29,320.5476,19670,0,-6305171,0
2018-05-05 15:02:50,1200.0,19750,0,23700000,1
2018-05-05 15:11:45,1200.0,19740,0,-23688000,0
2018-05-05 15:14:43,1200.0,19815,0,23778000,1
2018-05-05 15:15:13,20.0,19830,0,-396600,0
2018-05-05 15:15:49,20.0,19820,0,396400,1
2018-05-05 15:16:00,123.2754,19855,0,-2447633,0
2018-05-05 15:16:08,1.5,19865,0,-29798,0
2018-05-05 15:16:14,124.7754,19860,0,2478039,1
2018-05-05 15:19:41,1200.0,19840,0,-23808000,0
2018-05-05 15:20:16,196.4096,19850,0,3898731,1
2018-05-05 15:20:16,433.1964,19850,0,8598949,1
2018-05-05 15:20:16,26.7217,19850,0,530426,1
2018-05-05 15:20:20,543.6723,19825,0,10778303,1
2018-05-05 15:26:31,75.5172,19815,0,-1496373,0
2018-05-05 15:27:03,50.8744,19820,0,1008331,1
2018-05-05 15:27:37,7.635,19795,0,151135,1
2018-05-05 15:27:43,17.0078,19800,0,336754,1
2018-05-05 15:28:07,278.7897,19780,0,-5514460,0
2018-05-05 15:28:52,278.7897,19795,0,5518642,1
2018-05-05 15:30:04,1.03900171,19780,0,-20551,0
2018-05-05 15:30:04,9.828e-05,19780,0,-2,0
2018-05-05 15:30:09,300.0,19775,0,-5932500,0
2018-05-05 15:31:39,15.1591,19795,0,300074,1
2018-05-05 15:31:44,15.1591,19795,0,300074,1
2018-05-05 15:33:11,0.5528,19800,0,10945,1
2018-05-05 15:33:11,270.1681,19800,0,5349328,1
2018-05-05 15:37:34,66.8437,19785,0,-1322503,0
2018-05-05 15:39:35,66.8437,19770,0,1321500,1
2018-05-05 15:41:13,602.2671,19740,0,-11888753,0
2018-05-05 15:42:02,602.2671,19745,0,11891764,1
2018-05-05 15:45:17,8.178e-05,19760,0,-2,0
2018-05-05 15:45:20,2.0,19760,0,-39520,0
2018-05-05 15:45:33,2.0771,19760,0,-41043,0
2018-05-05 15:45:51,9.6883,19750,0,-191344,0
2018-05-05 15:47:25,5.8595,19760,0,115784,1
2018-05-05 15:47:57,7.9059,19740,0,156062,1
2018-05-05 15:56:53,242.6091,19700,0,-4779399,0
2018-05-05 15:56:53,400.74862627,19700,0,-7894748,0
2018-05-05 15:56:53,20.77727372,19700,0,-409312,0
2018-05-05 16:01:54,59.904,19675,0,1178611,1
2018-05-05 16:05:28,604.231,19765,0,11942626,1
2018-05-05 16:13:09,40.67029469,19775,0,-804255,0
2018-05-05 16:13:09,527.7854,19775,0,-10436956,0
2018-05-05 16:13:09,2.5056,19775,0,-49548,0
2018-05-05 16:13:09,278.0502053,19775,0,-5498443,0
2018-05-05 16:13:37,673.22435132,19810,0,13336574,1
2018-05-05 16:14:11,122.4158,19790,0,2422609,1
2018-05-05 16:14:12,53.3714,19790,0,1056220,1
2018-05-05 16:34:00,1200.0,19765,0,-23718000,0
2018-05-05 16:36:11,134.2671,19805,0,2659160,1
2018-05-05 16:36:12,1065.7329,19805,0,21106840,1
2018-05-05 16:36:31,217.1782,19775,0,-4294699,0
2018-05-05 16:37:34,217.1782,19815,0,4303386,1
2018-05-05 16:40:26,99.2192,19850,0,-1969501,0
2018-05-05 16:40:26,582.661,19850,0,-11565821,0
2018-05-05 16:40:26,518.1198,19850,0,-10284678,0
2018-05-05 16:40:51,266.1348,19865,0,5286768,1
2018-05-05 16:40:55,434.12,19855,0,8619453,1
2018-05-05 16:40:55,113.0384,19855,0,2244377,1
2018-05-05 16:42:07,4.152,19845,0,82396,1
2018-05-05 16:42:10,121.0299,19845,0,2401838,1
2018-05-05 16:42:10,10.61,19845,0,210555,1
2018-05-05 16:42:10,25.189,19850,0,500002,1
2018-05-05 16:42:10,16.71,19845,0,331610,1
2018-05-05 16:43:19,44.48461886,19875,0,-884132,0
2018-05-05 16:43:22,232.8802,19875,0,-4628494,0
2018-05-05 16:43:23,713.6193,19880,0,-14186752,0
2018-05-05 16:44:15,279.5496,19905,0,5564435,1
2018-05-05 16:44:20,31.5001,19890,0,626537,1
2018-05-05 16:44:23,19.172,19870,0,380948,1
2018-05-05 16:44:27,814.885,19900,0,16216212,1
2018-05-05 16:44:28,54.8933,19900,0,1092377,1
2018-05-05 16:50:02,92.4146,19865,0,-1835816,0
2018-05-05 16:51:12,1107.5854,19840,0,-21974494,0
2018-05-05 16:52:28,112.9661,19850,0,2242377,1
2018-05-05 16:52:33,5.0,19850,0,99250,1
2018-05-05 16:52:34,1082.0339,19845,0,21472963,1
2018-05-05 16:53:43,1200.0,19815,0,-23778000,0
2018-05-05 16:54:12,503.0,19820,0,9969460,1
2018-05-05 16:54:13,14.96,19820,0,296507,1
2018-05-05 16:57:30,682.04,19805,0,13507802,1
2018-05-05 16:58:53,26.5351,19800,0,-525395,0
2018-05-05 16:58:58,2.708,19815,0,-53659,0
2018-05-05 17:00:00,29.2431,19840,0,580183,1
2018-05-05 17:01:27,18.1444,19830,0,-359803,0
2018-05-05 17:01:27,4.0,19830,0,-79320,0
2018-05-05 17:01:55,141.1023,19820,0,-2796648,0
2018-05-05 17:02:43,500.0,19830,0,-9915000,0
2018-05-05 17:02:43,156.6026,19830,0,-3105430,0
2018-05-05 17:02:43,300.8071596,19830,0,-5965006,0
2018-05-05 17:03:53,4.5,19870,0,89415,1
2018-05-05 17:08:21,154.4789,20055,0,3098074,1
2018-05-05 17:08:52,29.7303,20075,0,596836,1
2018-05-05 17:08:52,2.4413,20075,0,49009,1
2018-05-05 17:08:52,10.2758,20075,0,206287,1
2018-05-05 17:08:53,919.2302,20075,0,18453546,1
2018-05-05 17:12:30,5.42,20020,0,-108508,0
2018-05-05 17:12:39,71.1703,20015,0,-1424474,0
2018-05-05 17:12:42,1112.5097,20040,0,-22294694,0
2018-05-05 17:12:42,10.9,20020,0,-218218,0
2018-05-05 17:13:27,2.9763,20030,0,59615,1
2018-05-05 17:13:27,773.6799,20030,0,15496808,1
2018-05-05 17:13:27,423.3438,20025,0,8477460,1
2018-05-05 17:15:20,98.4425,20060,0,-1974757,0
2018-05-05 17:15:25,540.2444,20085,0,-10850809,0
2018-05-05 17:15:25,12.5697,20085,0,-252462,0
2018-05-05 17:15:25,24.9398,20085,0,-500916,0
2018-05-05 17:15:34,676.1964,20080,0,13578024,1
2018-05-05 17:15:58,185.3988,20100,0,-3726516,0
2018-05-05 17:15:59,461.6322,20100,0,-9278807,0
2018-05-05 17:16:00,137.1638495,20100,0,-2756993,0
2018-05-05 17:16:00,415.80515049,20100,0,-8357684,0
2018-05-05 17:19:02,0.515,20135,0,10370,1
2018-05-05 17:19:10,0.3868,20105,0,7777,1
2018-05-05 17:19:10,112.9265,20105,0,2270387,1
2018-05-05 17:19:10,50.0,20105,0,1005250,1
2018-05-05 17:19:11,26.4118,20105,0,531009,1
2018-05-05 17:19:15,13.8829,20090,0,278907,1
2018-05-05 17:19:18,29.2861,20080,0,588065,1
2018-05-05 17:19:18,766.1489,20080,0,15384270,1
2018-05-05 17:19:26,200.442,20075,0,4023873,1
2018-05-05 17:19:39,1200.0,20100,0,-24120000,0
2018-05-05 17:20:01,494.1942,20110,0,9938245,1
2018-05-05 17:20:01,705.8058,20120,0,14200813,1
2018-05-05 17:24:15,1200.0,20080,0,-24096000,0
2018-05-05 17:24:31,127.72316311,20095,0,2566597,1
2018-05-05 17:25:00,16.57652885,20100,0,333188,1
2018-05-05 17:25:01,111.84,20100,0,2247984,1
2018-05-05 17:25:43,729.6504,20035,0,14618546,1
2018-05-05 17:25:44,214.2099,20035,0,4291695,1
2018-05-05 17:28:13,64.3149,19995,0,-1285976,0
2018-05-05 17:28:29,28.2043,20000,0,-564086,0
2018-05-05 17:28:55,92.5192,20000,0,1850384,1
2018-05-05 17:29:57,64.7663,19960,0,-1292735,0
2018-05-05 17:30:41,230.72654381,19970,0,-4607609,0
2018-05-05 17:30:42,21.9868,19970,0,-439076,0
2018-05-05 17:30:47,882.5204,19970,0,-17623932,0
2018-05-05 17:31:40,114.8576,19965,0,2293132,1
2018-05-05 17:31:41,33.875,19950,0,675806,1
2018-05-05 17:31:41,500.0,19950,0,9975000,1
2018-05-05 17:31:48,32.58,19950,0,649971,1
2018-05-05 17:31:49,300.0,19950,0,5985000,1
2018-05-05 17:31:49,116.4663,19950,0,2323503,1
2018-05-05 17:31:49,12.1108,19950,0,241610,1
2018-05-05 17:31:49,90.1103,19950,0,1797700,1
2018-05-05 17:32:29,150.885,19975,0,-3013928,0
2018-05-05 17:32:32,372.17427121,19975,0,-7434181,0
2018-05-05 17:32:32,2.878e-05,19975,0,-1,0
2018-05-05 17:32:36,48.6126,19980,0,-971280,0
2018-05-05 17:32:37,470.2592,19980,0,-9395779,0
2018-05-05 17:33:33,123.2295,19990,0,2463358,1
2018-05-05 17:33:33,59.505,19990,0,1189505,1
2018-05-05 17:33:34,228.52,19990,0,4568115,1
2018-05-05 17:33:34,24.4065,19990,0,487886,1
2018-05-05 17:33:38,606.2701,20000,0,12125402,1
2018-05-05 17:34:02,53.4545,20000,0,-1069090,0
2018-05-05 17:34:39,53.4545,20010,0,1069625,1
2018-05-05 17:36:12,10.9,19965,0,-217619,0
2018-05-05 17:36:23,1.34,19970,0,26760,1
2018-05-05 17:36:29,9.56,19970,0,190913,1
2018-05-05 17:45:31,370.6963,19905,0,-7378710,0
2018-05-05 17:45:35,41.9454,19915,0,-835343,0
2018-05-05 17:45:52,412.6417,19925,0,8221886,1
2018-05-05 17:51:10,10.538,19905,0,-209759,0
2018-05-05 17:52:59,485.6024,19915,0,-9670772,0
2018-05-05 17:53:04,801.0,19920,0,-15955920,0
2018-05-05 17:53:04,45.5995,19920,0,-908342,0
2018-05-05 17:54:27,1342.7399,19895,0,26713810,1
2018-05-05 17:55:26,290.63594522,19900,0,-5783655,0
2018-05-05 17:55:34,5.2005,19905,0,-103516,0
2018-05-05 17:56:00,30.6646,19935,0,-611299,0
2018-05-05 17:56:00,1.0,19935,0,-19935,0
2018-05-05 17:56:00,367.3766,19935,0,-7323653,0
2018-05-05 17:56:00,185.7738,19935,0,-3703401,0
2018-05-05 18:05:57,226.6,20020,0,4536532,1
2018-05-05 18:05:57,33.2482,20020,0,665629,1
2018-05-05 18:06:01,21.3253,20000,0,426506,1
2018-05-05 18:06:01,187.6926,20000,0,3753852,1
2018-05-05 18:06:09,18.6784,20020,0,373942,1
2018-05-05 18:07:02,51.7767,19980,0,1034498,1
2018-05-05 18:07:02,26.5241,19980,0,529952,1
2018-05-05 18:07:02,100.0,19980,0,1998000,1
2018-05-05 18:07:02,10.0,19980,0,199800,1
2018-05-05 18:07:06,14.218,19980,0,284076,1
2018-05-05 18:07:06,11.3947,19980,0,227666,1
2018-05-05 18:07:15,160.11,20000,0,3202200,1
2018-05-05 18:09:15,19.0835,20000,0,381670,1
2018-05-05 18:17:38,82.626,19950,0,-1648389,0
2018-05-05 18:17:39,117.6962,19950,0,-2348039,0
2018-05-05 18:17:44,182.2,19950,0,-3634890,0
2018-05-05 18:17:45,93.8675,19950,0,-1872657,0
2018-05-05 18:17:49,39.24,19950,0,-782838,0
2018-05-05 18:17:59,17.7567,19945,0,354157,1
2018-05-05 18:18:00,45.582,19945,0,909133,1
2018-05-05 18:18:10,0.3661,19935,0,-7298,0
2018-05-05 18:21:04,351.2226,19940,0,7003379,1
2018-05-05 18:21:04,101.4345,19940,0,2022604,1
2018-05-05 18:24:32,46.99999798,19900,0,-935300,0
2018-05-05 18:24:32,402.59400201,19900,0,-8011621,0
2018-05-05 18:24:32,420.0479,19900,0,-8358953,0
2018-05-05 18:30:29,311.0,19930,0,6198230,1
2018-05-05 18:32:48,394.7327,19930,0,-7867023,0
2018-05-05 18:33:38,0.1,19925,0,1993,1
2018-05-05 18:33:39,109.9832,19925,0,2191415,1
2018-05-05 18:37:20,47.56801851,19920,0,947555,1
2018-05-05 18:37:35,0.2,19920,0,3984,1
2018-05-05 18:39:04,2.1105,19910,0,42020,1
2018-05-05 18:40:32,299.8165,19900,0,5966348,1
2018-05-05 18:40:38,1.6228,19895,0,32286,1
2018-05-05 18:40:42,76.3744,19890,0,1519087,1
2018-05-05 18:40:42,415.5992,19890,0,8266268,1
2018-05-05 18:48:04,5.44176706,19920,0,-108400,0
2018-05-05 18:48:05,14.55823293,19920,0,-290000,0
2018-05-05 18:48:05,100.0,19920,0,-1992000,0
2018-05-05 18:48:08,52.8172,19910,0,-1051590,0
2018-05-05 18:48:44,134.9814,19890,0,2684780,1
2018-05-05 18:48:48,17.3,19880,0,343924,1
2018-05-05 18:48:48,20.0,19880,0,397600,1
2018-05-05 18:48:49,0.5358,19880,0,10652,1
2018-05-05 18:50:09,438.7928,19900,0,-8731977,0
2018-05-05 18:50:10,2.701,19900,0,-53750,0
2018-05-05 18:50:14,926.1765,19895,0,-18426281,0
2018-05-05 18:50:14,32.3297,19895,0,-643199,0
2018-05-05 18:53:10,1400.0,19835,0,27769000,1
2018-05-05 18:57:07,9.99996221,19860,0,-198599,0
2018-05-05 18:57:07,154.59663778,19860,0,-3070289,0
2018-05-05 18:57:07,0.9871,19860,0,-19604,0
2018-05-05 18:57:34,165.5837,19895,0,3294288,1
2018-05-05 19:08:07,50.3411,20000,0,-1006822,0
2018-05-05 19:08:07,207.52925,20000,0,-4150585,0
2018-05-05 19:08:07,97.5889,20000,0,-1951778,0
2018-05-05 19:08:08,100.7891,20000,0,-2015782,0
2018-05-05 19:08:08,25.3909,20000,0,-507818,0
2018-05-05 19:08:08,424.6081,20000,0,-8492162,0
2018-05-05 19:08:08,100.0,20000,0,-2000000,0
2018-05-05 19:08:08,100.0,20000,0,-2000000,0
2018-05-05 19:08:08,91.0908,20000,0,-1821816,0
2018-05-05 19:08:09,125.73935,20000,0,-2514787,0
2018-05-05 19:08:09,18.4135,20000,0,-368270,0
2018-05-05 19:08:09,1.0001,20000,0,-20002,0
2018-05-05 19:08:09,49.0972,20000,0,-981944,0
2018-05-05 19:08:09,4.0416,20000,0,-80832,0
2018-05-05 19:08:09,4.3701,20000,0,-87402,0
2018-05-05 19:08:25,1400.0,19995,0,27993000,1
2018-05-05 19:09:35,25.1276,20015,0,-502929,0
2018-05-05 19:09:36,34.582,20015,0,-692159,0
2018-05-05 19:09:39,0.1,20020,0,-2002,0
2018-05-05 19:09:40,13.1494,20020,0,-263251,0
2018-05-05 19:09:40,1326.041,20020,0,-26547341,0
2018-05-05 19:09:40,1.0,20020,0,-20020,0
2018-05-05 19:10:24,0.3004,20000,0,6008,1
2018-05-05 19:11:17,34.5062,19980,0,689434,1
2018-05-05 19:11:24,20.0,19980,0,399600,1
2018-05-05 19:12:46,142.9428,19960,0,2853138,1
2018-05-05 19:12:46,500.0,19960,0,9980000,1
2018-05-05 19:12:47,0.1645,19960,0,3283,1
2018-05-05 19:12:50,6.2848,19950,0,125382,1
2018-05-05 19:12:50,68.2704,19950,0,1361994,1
2018-05-05 19:12:50,1.0001,19950,0,19952,1
2018-05-05 19:12:50,75.2641,19950,0,1501519,1
2018-05-05 19:12:51,143.4082,19950,0,2860994,1
2018-05-05 19:12:51,100.0,19950,0,1995000,1
2018-05-05 19:12:51,112.3866,19950,0,2242113,1
2018-05-05 19:12:54,39.9864,19955,0,797929,1
2018-05-05 19:12:55,6.4,19955,0,127712,1
2018-05-05 19:12:58,1.8749,19940,0,37386,1
2018-05-05 19:12:58,0.5,19940,0,9970,1
2018-05-05 19:12:59,124.9106,19940,0,2490717,1
2018-05-05 19:12:59,21.8,19940,0,434692,1
2018-05-05 19:17:25,91.7555,19980,0,-1833275,0
2018-05-05 19:17:59,86.7369,19975,0,1732570,1
2018-05-05 19:18:03,5.0186,19970,0,100221,1
2018-05-05 19:22:20,27.1476,19940,0,-541323,0
2018-05-05 19:22:20,20.7218,19940,0,-413193,0
2018-05-05 19:22:24,9.498e-05,19945,0,-2,0
2018-05-05 19:22:25,3.10340501,19945,0,-61897,0
2018-05-05 19:22:28,84.81,19940,0,-1691111,0
2018-05-05 19:22:35,200.1132,19940,0,-3990257,0
2018-05-05 19:23:08,46.5579,19925,0,927666,1
2018-05-05 19:23:08,100.0,19915,0,1991500,1
2018-05-05 19:23:08,189.3382,19915,0,3770670,1
2018-05-05 19:25:26,243.8809,19930,0,-4860546,0
2018-05-05 19:26:29,143.38357552,19940,0,-2859068,0
2018-05-05 19:26:29,307.33682447,19940,0,-6128296,0
2018-05-05 19:27:51,343.5237,19885,0,6830969,1
2018-05-05 19:27:51,351.0776,19885,0,6981178,1
2018-05-05 19:28:30,59.543,19895,0,-1184608,0
2018-05-05 19:28:44,65.0994,19890,0,-1294827,0
2018-05-05 19:28:48,706.27067638,19900,0,-14054786,0
2018-05-05 19:28:48,500.0,19900,0,-9950000,0
2018-05-05 19:28:48,64.93822361,19900,0,-1292271,0
2018-05-05 19:30:21,76.6029,19845,0,1520185,1
2018-05-05 19:30:40,237.2663,19845,0,4708550,1
2018-05-05 19:30:40,470.1,19845,0,9329135,1
2018-05-05 19:30:44,21.6677,19850,0,430104,1
2018-05-05 19:30:52,4.2105,19860,0,83621,1
2018-05-05 19:31:14,12.5,19870,0,-248375,0
2018-05-05 19:31:14,51.3063,19870,0,-1019456,0
2018-05-05 19:31:18,25.2874,19875,0,-502587,0
2018-05-05 19:31:18,502.6,19875,0,-9989175,0
2018-05-05 19:31:39,52.8898,19880,0,1051449,1
2018-05-05 19:36:24,452.225,19905,0,9001539,1
2018-05-05 19:36:28,280.5582,19920,0,5588719,1
2018-05-05 19:36:28,6.1,19920,0,121512,1
2018-05-05 19:36:32,19.71,19905,0,392328,1
2018-05-05 19:36:32,59.543,19905,0,1185203,1
2018-05-05 19:36:32,7.5,19905,0,149288,1
2018-05-05 19:36:33,0.1,19905,0,1991,1
2018-05-05 19:36:56,813.0977,19905,0,-16184710,0
2018-05-05 19:37:06,16.977,19920,0,338182,1
2018-05-05 19:37:46,37.8545,19905,0,753494,1
2018-05-05 19:38:59,3.0329,19900,0,60355,1
2018-05-05 19:38:59,693.983,19900,0,13810262,1
2018-05-05 19:38:59,6.49,19900,0,129151,1
2018-05-05 19:39:40,2.6768,19890,0,53242,1
2018-05-05 19:40:04,276.79,19890,0,-5505353,0
2018-05-05 19:40:04,74.8875,19890,0,-1489512,0
2018-05-05 19:40:51,27.6373,19890,0,549706,1
2018-05-05 19:40:55,510.1095,19870,0,10135876,1
2018-05-05 19:40:56,108.1,19870,0,2147947,1
2018-05-05 19:40:56,23.5185,19870,0,467313,1
2018-05-05 19:41:04,23.3969,19890,0,465364,1
2018-05-05 19:41:59,6.1863,19860,0,122860,1
2018-05-05 19:42:01,3.8841,19860,0,77138,1
2018-05-05 19:43:36,294.0702,19870,0,-5843175,0
2018-05-05 19:43:41,301.0115,19870,0,-5981099,0
2018-05-05 19:43:45,707.5051,19870,0,-14058126,0
2018-05-05 19:45:24,554.766,19855,0,11014879,1
2018-05-05 19:45:24,0.1,19855,0,1986,1
2018-05-05 19:45:28,38.8,19860,0,770568,1
2018-05-05 19:45:28,27.2092,19860,0,540375,1
2018-05-05 19:45:44,150.5334,19840,0,2986583,1
2018-05-05 19:45:44,20.0,19840,0,396800,1
2018-05-05 19:45:48,511.1782,19835,0,10139220,1
2018-05-05 19:51:44,31.6004,19840,0,-626952,0
2018-05-05 19:52:32,31.6004,19825,0,626478,1
2018-05-05 20:02:16,130.4,19730,0,-2572792,0
2018-05-05 20:02:19,130.4,19760,0,2576704,1
2018-05-05 20:06:11,355.1117,19560,0,-6945985,0
2018-05-05 20:06:16,4.1128,19565,0,-80467,0
2018-05-05 20:06:20,54.8275,19565,0,-1072700,0
2018-05-05 20:06:31,1.86759601,19565,0,-36540,0
2018-05-05 20:06:31,279.41970398,19565,0,-5466847,0
2018-05-05 20:06:36,257.0276,19565,0,-5028745,0
2018-05-05 20:09:40,56.158,19580,0,1099574,1
2018-05-05 20:09:40,23.9113,19580,0,468183,1
2018-05-05 20:11:07,50.3968,19630,0,989289,1
2018-05-05 20:11:07,119.8579,19630,0,2352811,1
2018-05-05 20:14:26,229.16425685,19705,0,4515682,1
2018-05-05 20:14:32,44.4182,19690,0,874594,1
2018-05-05 20:15:01,7.786,19700,0,-153384,0
2018-05-05 20:15:02,100.0,19700,0,-1970000,0
2018-05-05 20:15:05,162.2048,19705,0,-3196246,0
2018-05-05 20:15:05,352.0566,19705,0,-6937275,0
2018-05-05 20:15:35,12.3097,19680,0,242255,1
2018-05-05 20:15:35,37.5928,19680,0,739826,1
2018-05-05 20:21:24,10.4136,19620,0,204315,1
2018-05-05 20:21:48,10.351,19605,0,202931,1
2018-05-05 20:21:48,704.1516,19605,0,13804892,1
2018-05-05 20:21:59,735.4781,19605,0,-14419048,0
2018-05-05 20:24:30,24.0255,19585,0,470539,1
2018-05-05 20:24:31,20.0,19585,0,391700,1
2018-05-05 20:24:31,660.293,19585,0,12931838,1
2018-05-05 20:24:40,160.44,19580,0,3141415,1
2018-05-05 20:26:29,7.5063,19560,0,146823,1
2018-05-05 20:26:29,22.6032,19560,0,442119,1
2018-05-05 20:26:30,62.1429,19560,0,1215515,1
2018-05-05 20:26:30,16.8869,19560,0,330308,1
2018-05-05 20:26:34,37.2694,19555,0,728803,1
2018-05-05 20:29:31,7.02,19470,0,-136679,0
2018-05-05 20:29:35,20.0,19490,0,-389800,0
2018-05-05 20:29:43,127.4494,19470,0,-2481440,0
2018-05-05 20:29:44,5.0,19470,0,-97350,0
2018-05-05 20:30:03,207.2878,19500,0,-4042112,0
2018-05-05 20:30:28,4.0951,19520,0,79936,1
2018-05-05 20:30:28,5.9191,19520,0,115541,1
2018-05-05 20:30:29,47.5008,19520,0,927216,1
2018-05-05 20:30:29,2.3199,19520,0,45284,1
2018-05-05 20:30:29,35.833,19520,0,699460,1
2018-05-05 20:30:29,199.9999,19520,0,3903998,1
2018-05-05 20:30:29,71.0894,19520,0,1387665,1
2018-05-05 20:31:00,20.843,19720,0,-411024,0
2018-05-05 20:31:06,0.842,19640,0,-16537,0
2018-05-05 20:31:06,4.5304,19640,0,-88977,0
2018-05-05 20:31:15,97.5699,19650,0,-1917249,0
2018-05-05 20:31:25,109.8051,19695,0,-2162611,0
2018-05-05 20:31:25,133.11,19695,0,-2621601,0
2018-05-05 20:31:25,82.2186,19695,0,-1619295,0
2018-05-05 20:31:25,43.6004,19695,0,-858710,0
2018-05-05 20:31:29,2.0,19695,0,-39390,0
2018-05-05 20:31:44,157.95,19735,0,-3117143,0
2018-05-05 20:31:45,250.03,19735,0,-4934342,0
2018-05-05 20:32:33,866.2364,19715,0,17077851,1
2018-05-05 20:32:37,36.263,19710,0,714744,1
2018-05-05 20:34:01,244.9554,19620,0,-4806025,0
2018-05-05 20:35:33,244.9554,19735,0,4834195,1
2018-05-05 20:40:50,150.0,19590,0,-2938500,0
2018-05-05 20:40:50,62.7142,19590,0,-1228571,0
2018-05-05 20:42:25,27.0,19600,0,-529200,0
2018-05-05 20:42:58,184.9123,19625,0,-3628904,0
2018-05-05 20:43:02,20.0,19640,0,-392800,0
2018-05-05 20:43:02,228.72892111,19650,0,-4494523,0
2018-05-05 20:43:02,70.71917888,19650,0,-1389632,0
2018-05-05 20:43:34,67.2004,19660,0,1321160,1
2018-05-05 20:43:38,59.662,19640,0,1171762,1
2018-05-05 20:43:42,617.2122,19660,0,12134392,1
2018-05-05 20:44:11,9.543e-05,19700,0,-2,0
2018-05-05 20:44:12,25.22,19700,0,-496834,0
2018-05-05 20:44:34,25.2201,19700,0,496836,1
2018-05-05 21:06:37,1400.0,19650,0,-27510000,0
2018-05-05 21:07:17,428.4547,19650,0,8419135,1
2018-05-05 21:08:19,43.7638,19645,0,859740,1
2018-05-05 21:08:52,430.2866,19630,0,8446526,1
2018-05-05 21:09:13,199.4904,19620,0,3914002,1
2018-05-05 21:09:13,16.8445,19620,0,330489,1
2018-05-05 21:09:13,281.16,19620,0,5516359,1
2018-05-05 21:09:42,40.3136,19630,0,-791356,0
2018-05-05 21:12:16,96.9726,19650,0,-1905512,0
2018-05-05 21:12:36,137.2862,19670,0,2700420,1
2018-05-05 21:12:57,112.8247,19675,0,-2219826,0
2018-05-05 21:14:09,86.4634,19690,0,1702464,1
2018-05-05 21:14:16,26.3613,19690,0,519054,1
2018-05-05 21:16:56,873.95412932,19640,0,-17164459,0
2018-05-05 21:20:01,144.6,19720,0,2851512,1
2018-05-05 21:20:01,132.09579847,19720,0,2604929,1
2018-05-05 21:20:45,597.2583,19705,0,11768975,1
2018-05-05 21:24:55,21.9286,19760,0,-433309,0
2018-05-05 21:24:55,1020.7133,19760,0,-20169295,0
2018-05-05 21:24:55,175.01198178,19760,0,-3458237,0
2018-05-05 21:25:39,91.9157,19740,0,1814416,1
2018-05-05 21:25:39,200.0,19740,0,3948000,1
2018-05-05 21:25:39,5.567,19740,0,109893,1
2018-05-05 21:25:48,48.15,19730,0,950000,1
2018-05-05 21:25:55,719.5038,19730,0,14195810,1
2018-05-05 21:25:55,152.5174,19730,0,3009168,1
2018-05-05 21:26:37,307.6323,19740,0,-6072662,0
2018-05-05 21:28:02,10.0,19735,0,197350,1
2018-05-05 21:28:10,9.7,19705,0,191139,1
2018-05-05 21:28:10,79.8912,19705,0,1574256,1
2018-05-05 21:28:10,37.416,19705,0,737282,1
2018-05-05 21:28:10,16.484,19705,0,324817,1
2018-05-05 21:28:13,30.7826,19700,0,606417,1
2018-05-05 21:28:14,2.1224,19700,0,41811,1
2018-05-05 21:28:14,55.9518,19700,0,1102250,1
2018-05-05 21:28:14,65.2843,19700,0,1286101,1
2018-05-05 21:31:37,4.4739,19660,0,-87957,0
2018-05-05 21:31:49,15.5597,19670,0,-306059,0
2018-05-05 21:33:21,20.0336,19710,0,394862,1
2018-05-05 21:36:50,1400.0,19675,0,-27545000,0
2018-05-05 21:41:14,1400.0,19655,0,27517000,1
2018-05-05 21:45:17,7.5086,19625,0,-147356,0
2018-05-05 21:45:26,5.0,19620,0,-98100,0
2018-05-05 21:45:29,12.5086,19640,0,245669,1
2018-05-05 21:46:16,2.5731,19605,0,-50446,0
2018-05-05 21:46:32,2.5731,19645,0,50549,1
2018-05-05 21:49:03,429.545,19610,0,-8423377,0
2018-05-05 21:49:52,791.7813,19610,0,-15526831,0
2018-05-05 21:50:10,25.6,19620,0,502272,1
2018-05-05 21:50:11,10.9,19620,0,213858,1
2018-05-05 21:51:31,0.2,19600,0,3920,1
2018-05-05 21:51:32,226.6864,19600,0,4443053,1
2018-05-05 21:51:35,55.152,19590,0,1080428,1
2018-05-05 21:51:36,25.4452,19590,0,498471,1
2018-05-05 21:51:36,1.0,19590,0,19590,1
2018-05-05 21:51:36,24.552,19590,0,480974,1
2018-05-05 21:51:36,87.3249,19590,0,1710695,1
2018-05-05 21:51:37,140.91,19590,0,2760427,1
2018-05-05 21:51:37,342.5636,19590,0,6710821,1
2018-05-05 21:52:05,16.6927,19595,0,-327093,0
2018-05-05 21:52:10,153.5607,19605,0,-3010558,0
2018-05-05 21:52:10,121.3877,19605,0,-2379806,0
2018-05-05 21:52:14,111.8405,19610,0,-2193192,0
2018-05-05 21:53:39,82.087,19595,0,1608495,1
2018-05-05 21:53:53,7.8258,19605,0,-153425,0
2018-05-05 21:54:53,66.8237,19600,0,-1309745,0
2018-05-05 21:56:38,122.14,19575,0,2390891,1
2018-05-05 21:56:38,122.0454,19575,0,2389039,1
2018-05-05 21:58:08,455.6061,19555,0,-8909377,0
2018-05-05 21:58:09,109.945,19555,0,-2149974,0
2018-05-05 22:02:53,179.7053,19555,0,3514137,1
2018-05-05 22:02:57,248.9084,19555,0,4867404,1
2018-05-05 22:03:15,28.2652,19555,0,-552726,0
2018-05-05 22:03:16,217.8289,19555,0,-4259644,0
2018-05-05 22:06:11,32.7584,19600,0,642065,1
2018-05-05 22:07:41,25.5232,19590,0,499999,1
2018-05-05 22:07:41,181.5727,19590,0,3557009,1
2018-05-05 22:07:42,1.8183,19590,0,35620,1
2018-05-05 22:07:52,20.0,19590,0,-391800,0
2018-05-05 22:07:52,20.0,19590,0,-391800,0
2018-05-05 22:08:31,37.3067,19600,0,731211,1
2018-05-05 22:09:15,2.0,19580,0,-39160,0
2018-05-05 22:09:37,29.61183877,19600,0,580392,1
2018-05-05 22:10:47,106.6623,19570,0,2087381,1
2018-05-05 22:10:47,250.0,19570,0,4892500,1
2018-05-05 22:10:47,16.3633,19570,0,320230,1
2018-05-05 22:10:47,31.4945,19570,0,616347,1
2018-05-05 22:10:47,135.263,19570,0,2647097,1
2018-05-05 22:10:47,9.5082,19570,0,186075,1
2018-05-05 22:11:46,11.0,19570,0,-215270,0
2018-05-05 22:12:17,11.0,19550,0,215050,1
2018-05-05 22:15:35,60.355,19510,0,-1177526,0
2018-05-05 22:15:47,34.72,19500,0,-677040,0
2018-05-05 22:15:57,692.4204,19510,0,-13509122,0
2018-05-05 22:18:57,44.0185,19535,0,859901,1
2018-05-05 22:20:28,78.165,19510,0,1524999,1
2018-05-05 22:20:52,3.4,19495,0,66283,1
2018-05-05 22:21:39,12.9174,19520,0,-252148,0
2018-05-05 22:21:45,61.5741,19515,0,-1201619,0
2018-05-05 22:22:14,419.113,19495,0,8170608,1
2018-05-05 22:22:15,0.1,19495,0,1950,1
2018-05-05 22:22:15,50.6903,19495,0,988207,1
2018-05-05 22:22:39,266.5001,19525,0,5203414,1
2018-05-05 22:28:23,22.5424,19465,0,-438788,0
2018-05-05 22:29:51,239.9543,19430,0,-4662312,0
2018-05-05 22:30:32,71.7091,19475,0,1396535,1
2018-05-05 22:30:32,16.8594,19475,0,328337,1
2018-05-05 22:31:06,173.9282,19480,0,3388121,1
2018-05-05 22:36:06,537.4988,19480,0,-10470477,0
2018-05-05 22:36:06,236.00911252,19480,0,-4597458,0
2018-05-05 22:36:07,26.83368747,19480,0,-522720,0
2018-05-05 22:37:42,104.97479358,19480,0,2044909,1
2018-05-05 22:37:42,23.3581,19475,0,454899,1
2018-05-05 22:37:46,0.154,19475,0,2999,1
2018-05-05 22:38:05,4.8079,19460,0,93562,1
2018-05-05 22:38:06,48.2,19460,0,937972,1
2018-05-05 22:38:10,49.1764,19460,0,956973,1
2018-05-05 22:38:59,11.0484,19460,0,215002,1
2018-05-05 22:39:12,2.0,19475,0,-38950,0
2018-05-05 22:39:15,20.0,19470,0,-389400,0
2018-05-05 22:39:38,89.2894,19455,0,1737125,1
2018-05-05 22:39:38,491.3326,19455,0,9558876,1
2018-05-05 22:44:02,768.4571,19425,0,-14927279,0
2018-05-05 22:44:02,631.5429,19425,0,-12267721,0
2018-05-05 22:44:49,33.4675,19460,0,651278,1
2018-05-05 22:44:49,93.95210688,19460,0,1828308,1
2018-05-05 22:44:49,317.7808,19460,0,6184014,1
2018-05-05 22:44:50,84.0834,19460,0,1636263,1
2018-05-05 22:45:34,870.7162,19440,0,16926723,1
2018-05-05 22:52:35,0.0001,19335,0,-2,0
2018-05-05 22:53:10,532.6158,19365,0,-10314105,0
2018-05-05 22:53:17,418.4871,19375,0,-8108188,0
2018-05-05 22:53:18,184.0598,19375,0,-3566159,0
2018-05-05 22:53:18,1.0001,19375,0,-19377,0
2018-05-05 22:54:17,30.9583,19340,0,598734,1
2018-05-05 22:54:17,6.7935,19340,0,131386,1
2018-05-05 22:54:18,4.8449,19340,0,93700,1
2018-05-05 22:54:47,1016.8862,19330,0,19656410,1
2018-05-05 22:54:47,3.113,19330,0,60174,1
2018-05-05 22:54:48,73.567,19330,0,1422050,1
2018-05-05 22:56:48,675.6674,19275,0,-13023489,0
2018-05-05 22:56:52,304.8707,19290,0,-5880956,0
2018-05-05 22:57:31,3.3,19280,0,63624,1
2018-05-05 22:57:37,190.1202,19260,0,3661715,1
2018-05-05 22:57:41,251.5364,19260,0,4844591,1
2018-05-05 22:57:45,133.902,19290,0,2582970,1
2018-05-05 22:57:49,20.8414,19255,0,401301,1
2018-05-05 22:57:49,213.576,19255,0,4112406,1
2018-05-05 22:57:50,5.3641,19255,0,103286,1
2018-05-05 22:57:50,5.2,19255,0,100126,1
2018-05-05 22:57:50,5.5,19255,0,105903,1
2018-05-05 22:57:54,3.7599,19255,0,72397,1
2018-05-05 22:57:54,1.5834,19255,0,30488,1
2018-05-05 22:57:58,145.8547,19240,0,2806244,1
2018-05-05 23:01:35,278.60991613,19340,0,-5388316,0
2018-05-05 23:01:35,40.93848386,19340,0,-791750,0
2018-05-05 23:01:43,66.2188,19340,0,-1280672,0
2018-05-05 23:02:04,109.96913945,19345,0,-2127353,0
2018-05-05 23:02:14,236.56674329,19365,0,4581115,1
2018-05-05 23:02:48,259.1696,19395,0,5026594,1
2018-05-05 23:17:03,807.63778012,19350,0,-15627791,0
2018-05-05 23:17:03,592.36221987,19350,0,-11462209,0
2018-05-05 23:17:34,7.9351,19345,0,153505,1
2018-05-05 23:18:05,11.1,19355,0,214841,1
2018-05-05 23:18:07,99.9999,19355,0,1935498,1
2018-05-05 23:20:28,38.052,19355,0,736496,1
2018-05-05 23:20:28,2.3197,19355,0,44898,1
2018-05-05 23:20:34,3.679,19345,0,71170,1
2018-05-05 23:20:34,460.3,19345,0,8904504,1
2018-05-05 23:20:34,9.2184,19345,0,178330,1
2018-05-05 23:21:02,46.7217,19350,0,904065,1
2018-05-05 23:21:39,66.8812,19340,0,1293482,1
2018-05-05 23:21:39,152.9824,19340,0,2958680,1
2018-05-05 23:21:40,50.0,19340,0,967000,1
2018-05-05 23:21:40,450.8106,19340,0,8718677,1
2018-05-05 23:32:45,1021.1967,19320,0,-19729520,0
2018-05-05 23:33:30,3.6682,19365,0,71035,1
2018-05-05 23:33:31,0.7,19365,0,13556,1
2018-05-05 23:33:36,2.4825,19365,0,48074,1
2018-05-05 23:33:49,21.3531,19365,0,413503,1
2018-05-05 23:35:03,43.6022,19360,0,844139,1
2018-05-05 23:35:07,17.7448,19350,0,343362,1
2018-05-05 23:35:11,1.0,19350,0,19350,1
2018-05-05 23:35:12,317.7799,19350,0,6149041,1
2018-05-05 23:35:15,0.5252,19350,0,10163,1
2018-05-05 23:35:19,20.0,19330,0,386600,1
2018-05-05 23:35:19,62.22,19330,0,1202713,1
2018-05-05 23:35:20,13.29,19330,0,256896,1
2018-05-05 23:36:12,99.9168,19370,0,1935388,1
2018-05-05 23:37:18,15.0,19415,0,-291225,0
2018-05-05 23:37:18,6.0,19415,0,-116490,0
2018-05-05 23:37:19,51.5065,19415,0,-999999,0
2018-05-05 23:37:19,1.0,19415,0,-19415,0
2018-05-05 23:37:22,576.3105,19420,0,-11191950,0
2018-05-05 23:37:22,16.6003,19420,0,-322378,0
2018-05-05 23:37:23,1.0,19420,0,-19420,0
2018-05-05 23:37:23,36.2834,19420,0,-704624,0
2018-05-05 23:37:23,258.5159,19420,0,-5020379,0
2018-05-05 23:40:06,142.1646,19495,0,2771499,1
2018-05-05 23:40:07,20.0,19495,0,389900,1
2018-05-05 23:40:11,71.92910677,19480,0,1401179,1
2018-05-05 23:40:11,85.9914,19480,0,1675112,1
2018-05-05 23:40:14,94.4002,19470,0,1837972,1
2018-05-05 23:40:20,223.4108,19460,0,4347574,1
2018-05-05 23:40:20,471.2834,19460,0,9171175,1
2018-05-05 23:40:28,24.8,19460,0,-482608,0
2018-05-05 23:40:49,294.7511,19500,0,5747646,1
2018-05-05 23:41:14,250.0,19525,0,-4881250,0
2018-05-05 23:41:14,1.0,19525,0,-19525,0
2018-05-05 23:41:14,268.0,19525,0,-5232700,0
2018-05-05 23:41:24,219.5531,19525,0,-4286774,0
2018-05-05 23:42:48,36.496,19560,0,713862,1
2018-05-05 23:42:48,153.4423,19560,0,3001331,1
2018-05-05 23:42:52,355.9924,19545,0,6957871,1
2018-05-05 23:43:00,490.65372395,19560,0,-9597187,0
2018-05-05 23:43:00,716.72387604,19560,0,-14019119,0
2018-05-05 23:43:45,11.7635,19540,0,229859,1
2018-05-05 23:43:45,1388.2365,19540,0,27126141,1
2018-05-05 23:44:34,30.9577,19500,0,-603675,0
2018-05-05 23:44:35,20.0,19500,0,-390000,0
2018-05-05 23:44:40,24.3674,19500,0,-475164,0
2018-05-05 23:45:09,75.3251,19465,0,1466203,1
2018-05-05 23:50:20,21.4914,19465,0,-418330,0
2018-05-05 23:50:45,21.4914,19470,0,418438,1
2018-05-05 23:51:24,20.0,19520,0,-390400,0
2018-05-05 23:51:25,2.0,19525,0,-39050,0
2018-05-05 23:51:30,2.0,19510,0,-39020,0
2018-05-05 23:52:24,24.0,19525,0,468600,1
2018-05-05 23:52:57,1.0,19560,0,-19560,0
2018-05-05 23:53:20,1.0,19550,0,19550,1
2018-05-05 23:56:04,1.0,19535,0,-19535,0
2018-05-05 23:56:21,1.0,19500,0,19500,1
2018-05-06 00:00:49,22.8497,19465,0,-444769,0
2018-05-06 00:00:49,0.00888093,19470,0,-173,0
2018-05-06 00:00:53,939.6643,19485,0,-18309359,0
2018-05-06 00:01:50,377.8511,19490,0,7364318,1
2018-05-06 00:01:54,584.6718,19480,0,11389407,1
2018-05-06 00:04:36,1400.0,19620,0,-27468000,0
2018-05-06 00:05:15,128.0979,19570,0,2506876,1
2018-05-06 00:11:00,192.2156,19570,0,3761659,1
2018-05-06 00:13:05,323.0776,19560,0,6319398,1
2018-05-06 00:13:06,50.0,19560,0,978000,1
2018-05-06 00:13:15,24.07,19565,0,470930,1
2018-05-06 00:13:29,37.0221,19560,0,724152,1
2018-05-06 00:13:30,1.0001,19560,0,19562,1
2018-05-06 00:14:42,133.663,19520,0,2609102,1
2018-05-06 00:14:46,510.8537,19500,0,9961647,1
2018-05-06 00:15:12,119.4477,19505,0,-2329827,0
2018-05-06 00:16:35,86.177,19550,0,1684760,1
2018-05-06 00:17:20,4.808e-05,19550,0,-1,0
2018-05-06 00:17:21,5.0,19550,0,-97750,0
2018-05-06 00:17:27,4.36,19540,0,-85194,0
2018-05-06 00:19:24,103.6193,19500,0,-2020576,0
2018-05-06 00:19:24,7.9246,19500,0,-154530,0
2018-05-06 00:19:42,299.0163,19495,0,-5829323,0
2018-05-06 00:20:52,180.7656,19490,0,-3523122,0
2018-05-06 00:20:56,30.0,19500,0,-585000,0
2018-05-06 00:20:56,241.9181,19500,0,-4717403,0
2018-05-06 00:25:28,905.8746,19475,0,17641908,1
2018-05-06 00:25:54,260.4044,19505,0,-5079188,0
2018-05-06 00:25:55,28.9918,19505,0,-565485,0
2018-05-06 00:25:58,4.35627883,19510,0,-84991,0
2018-05-06 00:25:59,53.333,19510,0,-1040527,0
2018-05-06 00:25:59,199.41452116,19510,0,-3890577,0
2018-05-06 00:26:03,853.5,19490,0,-16634715,0
2018-05-06 00:30:33,21.1252,19570,0,413420,1
2018-05-06 00:30:33,120.6729,19570,0,2361569,1
2018-05-06 00:30:34,37.5166,19570,0,734200,1
2018-05-06 00:35:18,135.92,19500,0,2650440,1
2018-05-06 00:38:48,25.6657,19445,0,499070,1
2018-05-06 00:38:48,40.5442,19445,0,788382,1
2018-05-06 00:38:48,2.9436,19445,0,57238,1
2018-05-06 00:38:52,85.9472,19430,0,1669954,1
2018-05-06 00:38:56,66.297,19430,0,1288151,1
2018-05-06 00:40:01,112.6716,19430,0,2189209,1
2018-05-06 00:40:19,0.64,19410,0,12422,1
2018-05-06 00:41:16,750.056,19450,0,14588589,1
2018-05-06 00:42:25,1000.0,19505,0,-19505000,0
2018-05-06 00:42:25,85.296,19505,0,-1663698,0
2018-05-06 00:42:25,0.006,19505,0,-117,0
2018-05-06 00:44:33,250.86673966,19490,0,4889393,1
2018-05-06 00:44:41,834.4353,19480,0,16254800,1
2018-05-06 00:50:39,284.8474,19480,0,-5548827,0
2018-05-06 00:51:51,284.8474,19490,0,5551676,1
2018-05-06 00:53:48,1400.0,19470,0,-27258000,0
2018-05-06 00:57:58,349.0381,19485,0,6801007,1
2018-05-06 00:57:58,21.6087,19485,0,421046,1
2018-05-06 00:58:02,50.0,19470,0,973500,1
2018-05-06 00:58:03,2.0,19470,0,38940,1
2018-05-06 00:58:06,10.8327,19465,0,210859,1
2018-05-06 00:58:06,27.2158,19465,0,529756,1
2018-05-06 00:59:55,0.2,19460,0,3892,1
2018-05-06 00:59:55,76.6988,19460,0,1492559,1
2018-05-06 00:59:59,22.344,19450,0,434591,1
2018-05-06 00:59:59,145.1302,19450,0,2822782,1
2018-05-06 00:59:59,10.0,19450,0,194500,1
2018-05-06 00:59:59,50.0,19450,0,972500,1
2018-05-06 00:59:59,1.0,19450,0,19450,1
2018-05-06 00:59:59,102.8183,19450,0,1999816,1
2018-05-06 01:00:03,531.1134,19440,0,10324844,1
2018-05-06 01:02:34,7.0,19375,0,-135625,0
2018-05-06 01:03:02,99.85,19390,0,-1936092,0
2018-05-06 01:03:16,501.0,19400,0,-9719400,0
2018-05-06 01:03:16,42.7587,19400,0,-829519,0
2018-05-06 01:03:20,99.1084,19400,0,-1922703,0
2018-05-06 01:10:45,3.5946,19480,0,70023,1
2018-05-06 01:10:45,18.82,19480,0,366614,1
2018-05-06 01:10:46,85.64,19480,0,1668267,1
2018-05-06 01:11:02,44.5017,19490,0,867338,1
2018-05-06 01:11:33,0.1539,19490,0,3000,1
2018-05-06 01:11:37,0.2217,19480,0,4319,1
2018-05-06 01:11:38,0.5,19480,0,9740,1
2018-05-06 01:11:43,596.2852,19490,0,11621599,1
2018-05-06 01:14:35,211.0287,19550,0,-4125611,0
2018-05-06 01:14:35,1.8,19550,0,-35190,0
2018-05-06 01:14:35,1.0,19550,0,-19550,0
2018-05-06 01:14:35,1.8,19550,0,-35190,0
2018-05-06 01:14:38,72.5149,19560,0,-1418391,0
2018-05-06 01:14:38,1.4,19560,0,-27384,0
2018-05-06 01:14:38,274.151,19560,0,-5362394,0
2018-05-06 01:14:58,51.1247,19560,0,999999,1
2018-05-06 01:14:58,82.1,19580,0,1607518,1
2018-05-06 01:14:59,81.3563,19560,0,1591329,1
2018-05-06 01:14:59,92.9267,19560,0,1817646,1
2018-05-06 01:15:02,256.1869,19560,0,5011016,1
2018-05-06 01:15:41,5.0,19600,0,-98000,0
2018-05-06 01:15:42,63.5,19600,0,-1244600,0
2018-05-06 01:15:42,173.971,19600,0,-3409832,0
2018-05-06 01:15:42,48.6157,19600,0,-952868,0
2018-05-06 01:15:45,4.2999,19630,0,-84407,0
2018-05-06 01:16:51,167.2007,19640,0,3283822,1
2018-05-06 01:16:52,128.1859,19640,0,2517571,1
2018-05-06 01:18:29,173.4309,19780,0,-3430463,0
2018-05-06 01:18:29,202.8276,19780,0,-4011930,0
2018-05-06 01:18:30,120.0583,19780,0,-2374753,0
2018-05-06 01:18:33,881.4398,19790,0,-17443694,0
2018-05-06 01:18:47,1094.0617,19775,0,21635070,1
2018-05-06 01:18:51,3.26,19730,0,64320,1
2018-05-06 01:18:51,14.8468,19730,0,292927,1
2018-05-06 01:18:52,57.305,19730,0,1130628,1
2018-05-06 01:18:52,2.0,19730,0,39460,1
2018-05-06 01:19:05,206.2831,19785,0,4081311,1
2018-05-06 01:19:33,6.2,19730,0,-122326,0
2018-05-06 01:20:08,6.2,19785,0,122667,1
2018-05-06 01:22:17,1.5234,19680,0,-29981,0
2018-05-06 01:22:50,0.1543,19670,0,-3035,0
2018-05-06 01:22:50,0.9552,19670,0,-18789,0
2018-05-06 01:23:04,12.7675,19650,0,-250881,0
2018-05-06 01:23:31,14.5742,19655,0,-286456,0
2018-05-06 01:23:34,795.9992,19685,0,-15669244,0
2018-05-06 01:24:43,18.6577,19660,0,366810,1
2018-05-06 01:24:43,500.9184,19660,0,9848056,1
2018-05-06 01:24:44,63.9,19660,0,1256274,1
2018-05-06 01:24:58,40.11,19650,0,-788162,0
2018-05-06 01:25:02,32.0456,19655,0,-629856,0
2018-05-06 01:25:02,8.4043,19655,0,-165187,0
2018-05-06 01:25:06,1076.9424,19680,0,-21194226,0
2018-05-06 01:25:21,171.625,19650,0,3372431,1
2018-05-06 01:25:21,10.0,19650,0,196500,1
2018-05-06 01:25:21,13.6,19650,0,267240,1
2018-05-06 01:27:34,20.0,19660,0,393200,1
2018-05-06 01:27:35,0.4,19660,0,7864,1
2018-05-06 01:27:35,7.78,19660,0,152955,1
2018-05-06 01:30:51,538.6198,19680,0,10600038,1
2018-05-06 01:30:54,80.1988,19660,0,1576708,1
2018-05-06 01:30:54,28.0479,19660,0,551422,1
2018-05-06 01:30:55,529.7285,19660,0,10414462,1
2018-05-06 01:33:05,742.8782,19695,0,-14630986,0
2018-05-06 01:33:25,742.8782,19710,0,14642129,1
2018-05-06 01:34:12,373.0518,19730,0,-7360312,0
2018-05-06 01:34:38,200.0,19750,0,-3950000,0
2018-05-06 01:34:42,207.6035,19765,0,-4103283,0
2018-05-06 01:34:42,247.5,19760,0,-4890600,0
2018-05-06 01:35:17,423.516,19780,0,8377146,1
2018-05-06 01:35:18,27.0095551,19780,0,534249,1
2018-05-06 01:35:40,57.31353683,19805,0,-1135095,0
2018-05-06 01:35:41,2.89996316,19805,0,-57434,0
2018-05-06 01:35:55,416.1745,19815,0,-8246498,0
2018-05-06 01:35:55,345.9823,19820,0,-6857369,0
2018-05-06 01:37:43,21.5296,19805,0,426394,1
2018-05-06 01:37:43,219.9375,19805,0,4355862,1
2018-05-06 01:37:43,442.0308,19805,0,8754420,1
2018-05-06 01:37:44,50.1,19805,0,992231,1
2018-05-06 01:37:44,281.1365,19805,0,5567908,1
2018-05-06 01:37:54,385.2656,19795,0,7626333,1
2018-05-06 01:42:40,137.8133,19640,0,-2706653,0
2018-05-06 01:43:27,238.03585795,19670,0,-4682165,0
2018-05-06 01:43:27,654.2557,19670,0,-12869210,0
2018-05-06 01:43:46,155.3415,19685,0,3057897,1
2018-05-06 01:43:52,365.2376,19685,0,7189702,1
2018-05-06 01:43:53,13.06,19685,0,257086,1
2018-05-06 01:44:11,19.5001,19680,0,383762,1
2018-05-06 01:44:32,187.3248,19665,0,-3683742,0
2018-05-06 01:45:06,0.1839,19650,0,3614,1
2018-05-06 01:45:06,10.0,19650,0,196500,1
2018-05-06 01:45:07,71.915,19650,0,1413130,1
2018-05-06 01:45:24,595.92,19640,0,-11703869,0
2018-05-06 01:48:08,0.1,19590,0,1959,1
2018-05-06 01:48:08,63.3412,19590,0,1240854,1
2018-05-06 01:48:08,1.0001,19590,0,19592,1
2018-05-06 01:48:09,210.0,19590,0,4113900,1
2018-05-06 01:48:10,165.89,19590,0,3249785,1
2018-05-06 01:49:15,3.7578,19590,0,73615,1
2018-05-06 01:50:17,702.9858,19625,0,13796096,1
2018-05-06 01:50:45,888.469,19600,0,-17413992,0
2018-05-06 02:06:49,0.8,19600,0,15680,1
2018-05-06 02:06:57,131.481,19570,0,2573083,1
2018-05-06 02:06:58,2.74,19570,0,53622,1
2018-05-06 02:13:20,46.1872,19590,0,904807,1
2018-05-06 02:13:20,0.1,19590,0,1959,1
2018-05-06 02:13:20,200.94,19590,0,3936415,1
2018-05-06 02:13:50,26.4,19610,0,-517704,0
2018-05-06 02:13:51,34.7582,19610,0,-681608,0
2018-05-06 02:13:51,15.3217,19610,0,-300459,0
2018-05-06 02:16:30,613.7374,19620,0,12041528,1
2018-05-06 02:17:07,66.5828,19620,0,-1306355,0
2018-05-06 02:17:32,8.63375356,19645,0,-169610,0
2018-05-06 02:17:32,1.0001,19645,0,-19647,0
2018-05-06 02:17:33,30.0,19645,0,-589350,0
2018-05-06 02:17:33,7.8039,19645,0,-153308,0
2018-05-06 02:17:40,82.0032,19660,0,-1612183,0
2018-05-06 02:19:15,19.33588071,19700,0,-380917,0
2018-05-06 02:19:41,188.31589366,19725,0,-3714531,0
2018-05-06 02:19:58,8.7521,19730,0,172679,1
2018-05-06 02:19:59,48.5227,19730,0,957353,1
2018-05-06 02:20:16,16.7,19720,0,329324,1
2018-05-06 02:20:35,2.6529,19710,0,52289,1
2018-05-06 02:20:35,327.0478,19710,0,6446112,1
2018-05-06 02:40:59,53.2819,19630,0,-1045924,0
2018-05-06 02:43:09,53.2819,19610,0,1044858,1
2018-05-06 02:54:26,580.0,19620,0,-11379600,0
2018-05-06 02:54:44,41.4995,19610,0,813805,1
2018-05-06 02:55:09,182.0184,19605,0,3568471,1
2018-05-06 02:55:13,356.4821,19600,0,6987049,1
2018-05-06 03:04:25,77.1048,19550,0,-1507399,0
2018-05-06 03:05:10,29.44,19570,0,-576141,0
2018-05-06 03:05:24,83.9,19530,0,-1638567,0
2018-05-06 03:06:16,190.4448,19625,0,3737479,1
2018-05-06 03:18:49,66.0635,19600,0,-1294845,0
2018-05-06 03:20:12,35.6679,19625,0,-699983,0
2018-05-06 03:20:13,0.1029,19625,0,-2019,0
2018-05-06 03:20:13,1298.1657,19625,0,-25476502,0
2018-05-06 03:21:25,102.583,19625,0,2013191,1
2018-05-06 03:22:03,201.8918,19640,0,3965155,1
2018-05-06 03:23:19,1.0,19645,0,19645,1
2018-05-06 03:28:52,231.8517,19650,0,4555886,1
2018-05-06 03:28:56,862.6735,19640,0,16942908,1
2018-05-06 03:30:25,1400.0,19620,0,-27468000,0
2018-05-06 03:35:31,11.1,19575,0,217283,1
2018-05-06 03:38:08,11.0,19590,0,215490,1
2018-05-06 03:38:08,39.861,19590,0,780877,1
2018-05-06 03:38:09,1338.039,19590,0,26212184,1
2018-05-06 03:47:21,323.6514,19530,0,-6320912,0
2018-05-06 03:47:25,1076.3486,19540,0,-21031852,0
2018-05-06 03:50:11,68.354,19590,0,1339055,1
2018-05-06 03:51:53,0.2,19545,0,3909,1
2018-05-06 03:56:27,851.0763,19585,0,16668329,1
2018-05-06 03:56:27,11.0,19585,0,215435,1
2018-05-06 03:56:28,2.0,19585,0,39170,1
2018-05-06 03:59:57,3.4726,19575,0,-67976,0
2018-05-06 04:00:51,15.3295,19575,0,-300075,0
2018-05-06 04:00:51,58.733,19575,0,-1149698,0
2018-05-06 04:02:19,23.67,19570,0,-463222,0
2018-05-06 04:15:02,75.7513,19575,0,-1482832,0
2018-05-06 04:15:31,755.6739,19600,0,-14811208,0
2018-05-06 04:18:32,0.0046,19580,0,90,1
2018-05-06 04:27:16,81.7653,19660,0,1607506,1
2018-05-06 04:28:17,0.1,19655,0,1966,1
2018-05-06 04:28:17,507.6,19655,0,9976878,1
2018-05-06 04:28:17,280.9324,19655,0,5521726,1
2018-05-06 04:28:21,11.0,19620,0,215820,1
2018-05-06 04:28:21,11.0,19620,0,215820,1
2018-05-06 04:28:21,11.0,19620,0,215820,1
2018-05-06 04:28:21,11.0,19620,0,215820,1
2018-05-06 04:28:21,1.0001,19620,0,19622,1
2018-05-06 04:28:40,115.461,19630,0,2266499,1
2018-05-06 04:28:41,186.24,19630,0,3655891,1
2018-05-06 04:28:44,60.432,19635,0,1186582,1
2018-05-06 04:30:21,5.0877,19655,0,99999,1
2018-05-06 04:31:34,117.3769,19630,0,2304109,1
2018-05-06 04:37:17,131.2166,19620,0,-2574470,0
2018-05-06 04:42:23,131.2166,19675,0,2581687,1
2018-05-06 04:44:46,40.3486,19635,0,-792245,0
2018-05-06 04:45:28,10.77,19645,0,211577,1
2018-05-06 04:47:50,29.5786,19600,0,579741,1
2018-05-06 05:14:43,1.0,19750,0,-19750,0
2018-05-06 05:14:44,275.0641,19750,0,-5432516,0
2018-05-06 05:14:44,1.0001,19750,0,-19752,0
2018-05-06 05:14:44,210.0,19750,0,-4147500,0
2018-05-06 05:14:48,103.133,19750,0,-2036877,0
2018-05-06 05:14:54,196.9945,19750,0,3890641,1
2018-05-06 05:15:24,44.8146,19725,0,883968,1
2018-05-06 05:15:27,348.3881,19735,0,6875439,1
2018-05-06 05:41:56,500.0,19600,0,-9800000,0
2018-05-06 05:42:00,136.3861,19615,0,-2675213,0
2018-05-06 05:42:04,5.271e-05,19615,0,-1,0
2018-05-06 05:42:04,462.47704728,19615,0,-9071487,0
2018-05-06 05:43:47,0.1,19625,0,1963,1
2018-05-06 05:47:50,1.8,19580,0,35244,1
2018-05-06 05:50:07,1096.9632,19550,0,21445631,1
2018-05-06 05:50:58,1400.0,19570,0,-27398000,0
2018-05-06 05:51:44,39.9999,19555,0,782198,1
2018-05-06 05:53:33,15.3412,19550,0,299920,1
2018-05-06 05:53:37,1160.7048,19560,0,22703386,1
2018-05-06 05:53:41,10.0,19540,0,195400,1
2018-05-06 05:53:41,173.9541,19540,0,3399063,1
2018-05-06 05:54:23,1.5,19570,0,-29355,0
2018-05-06 05:54:49,51.0,19565,0,-997815,0
2018-05-06 05:55:57,8.0,19545,0,-156360,0
2018-05-06 05:57:13,2.6784,19520,0,52282,1
2018-05-06 05:57:13,7.8216,19520,0,152678,1
2018-05-06 05:57:13,50.0,19520,0,976000,1
2018-05-06 05:57:42,494.6327,19500,0,-9645338,0
2018-05-06 05:57:46,78.1127,19525,0,-1525150,0
2018-05-06 05:57:50,5.0042,19505,0,-97607,0
2018-05-06 05:57:54,27.4144,19550,0,-535952,0
2018-05-06 05:58:34,205.4663,19540,0,-4014812,0
2018-05-06 05:58:34,529.8999,19540,0,-10354244,0
2018-05-06 06:17:24,1340.5302,19500,0,26140339,1
2018-05-06 06:21:38,48.6566,19485,0,-948074,0
2018-05-06 06:22:22,1351.3434,19550,0,-26418763,0
2018-05-06 06:24:14,1400.0,19570,0,27398000,1
2018-05-06 06:30:24,24.3627,19520,0,-475560,0
2018-05-06 06:30:41,217.183,19520,0,-4239412,0
2018-05-06 06:33:38,121.4876,19510,0,-2370223,0
2018-05-06 06:34:38,127.0158,19495,0,-2476173,0
2018-05-06 06:34:42,105.5049,19500,0,-2057346,0
2018-05-06 06:34:43,100.0,19500,0,-1950000,0
2018-05-06 06:34:46,704.446,19505,0,-13740219,0
2018-05-06 06:35:45,0.2,19485,0,3897,1
2018-05-06 06:35:45,10.3839,19485,0,202330,1
2018-05-06 06:35:50,1012.0368,19480,0,19714477,1
2018-05-06 06:35:51,377.3793,19480,0,7351349,1
2018-05-06 06:36:08,282.3546,19500,0,-5505915,0
2018-05-06 06:36:12,497.7643,19500,0,-9706404,0
2018-05-06 06:39:44,1.9672,19570,0,38498,1
2018-05-06 06:40:09,200.1,19560,0,3913956,1
2018-05-06 06:40:10,3.6916,19560,0,72208,1
2018-05-06 06:40:52,173.3138,19540,0,-3386552,0
2018-05-06 06:40:58,399.12418651,19590,0,7818843,1
2018-05-06 06:41:14,348.5497,19560,0,6817632,1
2018-05-06 06:41:49,0.4468,19550,0,-8735,0
2018-05-06 06:42:21,100.7885,19550,0,-1970415,0
2018-05-06 06:42:52,58.505,19550,0,1143773,1
2018-05-06 06:43:03,42.7303,19550,0,835377,1
2018-05-06 06:43:33,100.0,19540,0,-1954000,0
2018-05-06 06:43:33,1118.3023,19540,0,-21851627,0
2018-05-06 06:45:32,7.72,19550,0,150926,1
2018-05-06 06:45:32,11.0,19550,0,215050,1
2018-05-06 06:47:29,0.0046,19585,0,90,1
2018-05-06 06:48:45,32.5324,19580,0,636984,1
2018-05-06 06:49:04,261.9557,19560,0,5123853,1
2018-05-06 06:52:30,20.624,19560,0,403405,1
2018-05-06 07:01:28,15.3806,19505,0,299999,1
2018-05-06 07:01:28,355.1866,19505,0,6927915,1
2018-05-06 07:01:32,269.0453,19490,0,5243693,1
2018-05-06 07:01:32,29.6266,19490,0,577422,1
2018-05-06 07:01:36,188.0684,19485,0,3664513,1
2018-05-06 07:01:36,27.1581,19485,0,529176,1
2018-05-06 07:07:24,303.58478738,19505,0,-5921421,0
2018-05-06 07:07:24,1096.41521261,19505,0,-21385579,0
2018-05-06 07:13:14,1319.98224233,19560,0,25818853,1
2018-05-06 07:13:15,80.01775766,19560,0,1565147,1
2018-05-06 07:16:10,60.525,19550,0,-1183264,0
2018-05-06 07:16:19,60.525,19550,0,1183264,1
2018-05-06 07:17:47,49.4392,19520,0,-965053,0
2018-05-06 07:17:57,530.0,19550,0,-10361500,0
2018-05-06 07:18:02,581.8463,19540,0,-11369277,0
2018-05-06 07:18:03,206.46,19540,0,-4034228,0
2018-05-06 07:18:03,5.0,19540,0,-97700,0
2018-05-06 07:22:56,40.8368,19590,0,799993,1
2018-05-06 07:30:14,561.2414,19585,0,10991913,1
2018-05-06 07:30:18,609.4693,19570,0,11927314,1
2018-05-06 07:30:18,41.5651,19570,0,813429,1
2018-05-06 07:30:18,119.6329,19570,0,2341216,1
2018-05-06 07:31:08,10.751,19495,0,-209591,0
2018-05-06 07:31:16,0.0001,19515,0,-2,0
2018-05-06 07:31:16,15.3845,19515,0,-300229,0
2018-05-06 07:31:22,29.07,19525,0,-567592,0
2018-05-06 07:31:28,48.625,19530,0,-949646,0
2018-05-06 07:31:48,163.733,19530,0,-3197705,0
2018-05-06 07:31:52,2.3148,19545,0,45243,1
2018-05-06 07:31:53,7.4,19545,0,144633,1
2018-05-06 07:32:07,257.8488,19585,0,5049969,1
2018-05-06 07:47:43,56.0447,19595,0,-1098196,0
2018-05-06 07:48:09,20.0,19560,0,391200,1
2018-05-06 07:52:28,36.0447,19570,0,705395,1
2018-05-06 07:55:20,20.0,19530,0,-390600,0
2018-05-06 07:55:24,52.029,19550,0,-1017167,0
2018-05-06 07:55:47,3.7383,19570,0,-73159,0
2018-05-06 07:56:25,0.0241,19570,0,-472,0
2018-05-06 07:58:43,75.7914,19580,0,1483996,1
2018-05-06 08:01:44,189.6764,19495,0,-3697741,0
2018-05-06 08:01:49,41.64,19530,0,-813229,0
2018-05-06 08:01:49,37.797,19530,0,-738175,0
2018-05-06 08:01:49,179.9925,19530,0,-3515254,0
2018-05-06 08:01:57,59.5,19535,0,-1162333,0
2018-05-06 08:02:01,102.3279,19545,0,-1999999,0
2018-05-06 08:03:49,1.994,19540,0,-38963,0
2018-05-06 08:06:24,15.36980552,19560,0,-300633,0
2018-05-06 08:07:06,771.7024,19580,0,-15109933,0
2018-05-06 08:07:50,50.754,19615,0,995540,1
2018-05-06 08:08:29,8.8521,19605,0,173545,1
2018-05-06 08:08:33,509.2,19600,0,9980320,1
2018-05-06 08:08:37,60.448,19595,0,1184479,1
2018-05-06 08:08:58,418.3314,19590,0,8195112,1
2018-05-06 08:09:02,0.5,19595,0,9798,1
2018-05-06 08:09:02,20.0,19585,0,391700,1
2018-05-06 08:09:03,5.1,19585,0,99884,1
2018-05-06 08:09:06,0.1,19590,0,1959,1
2018-05-06 08:09:07,316.91,19590,0,6208267,1
2018-05-06 08:09:10,9.8045,19580,0,191972,1
2018-05-06 08:09:36,11.0,19580,0,-215380,0
2018-05-06 08:10:05,11.0,19565,0,215215,1
2018-05-06 08:10:20,68.5617,19550,0,-1340381,0
2018-05-06 08:10:34,14.9234,19580,0,292200,1
2018-05-06 08:11:18,336.0,19550,0,-6568800,0
2018-05-06 08:12:56,70.8141,19570,0,-1385832,0
2018-05-06 08:14:34,15.3373,19560,0,299998,1
2018-05-06 08:15:08,26.1143,19550,0,-510535,0
2018-05-06 08:16:02,36.0389,19550,0,704560,1
2018-05-06 08:16:23,4.2078,19555,0,-82284,0
2018-05-06 08:18:23,213.3663,19570,0,4175578,1
2018-05-06 08:19:54,226.032,19570,0,4423446,1
2018-05-06 08:20:16,22.8126,19550,0,-445986,0
2018-05-06 08:20:56,10.9921,19565,0,215060,1
2018-05-06 08:23:45,11.8205,19550,0,231091,1
2018-05-06 08:30:18,6.177,19530,0,-120637,0
2018-05-06 08:30:22,226.4989,19545,0,-4426921,0
2018-05-06 08:30:26,714.5661,19550,0,-13969767,0
2018-05-06 08:30:26,232.6531,19550,0,-4548368,0
2018-05-06 08:35:08,171.8369,19500,0,3350820,1
2018-05-06 08:35:08,13.0,19500,0,253500,1
2018-05-06 08:35:08,9.5018,19500,0,185285,1
2018-05-06 08:35:08,568.5755,19500,0,11087222,1
2018-05-06 08:35:09,284.199,19500,0,5541881,1
2018-05-06 08:35:09,20.931,19500,0,408155,1
2018-05-06 08:35:13,111.8509,19510,0,2182211,1
2018-05-06 08:37:04,197.66,19490,0,-3852393,0
2018-05-06 08:37:04,2.4,19490,0,-46776,0
2018-05-06 08:40:16,17.7506,19535,0,346758,1
2018-05-06 08:40:35,10.3848,19530,0,202815,1
2018-05-06 08:41:41,13.9752,19545,0,-273145,0
2018-05-06 08:41:53,0.2,19525,0,3905,1
2018-05-06 08:42:41,34.4067,19525,0,-671791,0
2018-05-06 08:44:53,220.1065,19510,0,4294278,1
2018-05-06 08:45:49,68.88466162,19545,0,-1346351,0
2018-05-06 08:45:49,242.01813837,19545,0,-4730245,0
2018-05-06 08:46:15,310.9028,19540,0,6075041,1
2018-05-06 08:48:36,1400.0,19530,0,-27342000,0
2018-05-06 08:49:57,158.6926,19515,0,3096886,1
2018-05-06 08:50:11,1241.3074,19485,0,24186875,1
2018-05-06 08:58:47,0.6918,19490,0,-13483,0
2018-05-06 08:58:48,60.845,19490,0,-1185869,0
2018-05-06 08:58:51,5.1,19470,0,-99297,0
2018-05-06 08:59:26,10.0,19460,0,194600,1
2018-05-06 08:59:26,8.3477,19460,0,162446,1
2018-05-06 08:59:26,43.8567,19460,0,853451,1
2018-05-06 08:59:26,4.4324,19460,0,86255,1
2018-05-06 09:01:25,2.0378,19390,0,-39513,0
2018-05-06 09:01:28,0.0001,19390,0,-2,0
2018-05-06 09:01:29,24.8374,19390,0,-481597,0
2018-05-06 09:01:37,37.8361,19380,0,-733264,0
2018-05-06 09:01:40,1278.8807,19385,0,-24791102,0
2018-05-06 09:03:08,66.2851,19360,0,1283280,1
2018-05-06 09:03:08,10.0,19360,0,193600,1
2018-05-06 09:03:09,39.9999,19360,0,774398,1
2018-05-06 09:06:35,0.1,19335,0,1934,1
2018-05-06 09:06:35,745.1625,19325,0,14400265,1
2018-05-06 09:06:39,482.0446,19320,0,9313102,1
2018-05-06 09:07:20,177.9281,19340,0,-3441129,0
2018-05-06 09:07:24,1222.0719,19345,0,-23640981,0
2018-05-06 09:10:34,121.09,19385,0,2347330,1
2018-05-06 09:10:34,22.4,19385,0,434224,1
2018-05-06 09:12:03,77.2358,19340,0,1493740,1
2018-05-06 09:12:03,10.8761,19340,0,210344,1
2018-05-06 09:12:04,30.0,19340,0,580200,1
2018-05-06 09:12:04,214.5122,19340,0,4148666,1
2018-05-06 09:12:04,3.8758,19340,0,74958,1
2018-05-06 09:12:04,99.9017,19340,0,1932099,1
2018-05-06 09:12:04,38.0187,19340,0,735282,1
2018-05-06 09:12:04,108.4628,19340,0,2097671,1
2018-05-06 09:12:04,3.2616,19340,0,63079,1
2018-05-06 09:12:05,50.6907,19340,0,980358,1
2018-05-06 09:12:05,25.8335,19340,0,499620,1
2018-05-06 09:12:06,321.204,19340,0,6212085,1
2018-05-06 09:12:08,91.37,19345,0,1767553,1
2018-05-06 09:12:57,1.0101,19325,0,-19520,0
2018-05-06 09:12:58,32.4499,19325,0,-627094,0
2018-05-06 09:13:54,50.3381,19325,0,972784,1
2018-05-06 09:13:59,158.0,19325,0,3053350,1
2018-05-06 09:14:00,6.389,19325,0,123467,1
2018-05-06 09:16:33,494.4372,19340,0,-9562415,0
2018-05-06 09:16:33,92.71443919,19340,0,-1793097,0
2018-05-06 09:16:41,487.6698,19340,0,-9431534,0
2018-05-06 09:17:59,986.27940118,19420,0,19153546,1
2018-05-06 09:17:59,88.54209881,19420,0,1719488,1
2018-05-06 09:18:40,443.8048,19430,0,-8623127,0
2018-05-06 09:18:41,108.6583,19430,0,-2111231,0
2018-05-06 09:18:41,15.4638,19430,0,-300462,0
2018-05-06 09:18:49,384.4901,19430,0,-7470643,0
2018-05-06 09:19:22,109.3527,19420,0,2123629,1
2018-05-06 09:19:33,124.0846,19420,0,2409723,1
2018-05-06 09:19:34,40.7913,19420,0,792167,1
2018-05-06 09:19:37,227.4267,19420,0,4416627,1
2018-05-06 09:19:38,400.0,19420,0,7768000,1
2018-05-06 09:19:41,50.7617,19435,0,986554,1
2018-05-06 09:24:41,183.4281,19370,0,-3553002,0
2018-05-06 09:24:41,430.1551,19370,0,-8332104,0
2018-05-06 09:24:45,122.3757,19375,0,-2371029,0
2018-05-06 09:24:45,6.2905,19375,0,-121878,0
2018-05-06 09:25:04,163.195,19330,0,3154559,1
2018-05-06 09:25:04,1.4612,19330,0,28245,1
2018-05-06 09:25:08,577.5932,19330,0,11164877,1
2018-05-06 09:37:22,404.06065483,19375,0,-7828675,0
2018-05-06 09:37:22,12.02254516,19375,0,-232937,0
2018-05-06 09:38:01,2.6564,19365,0,51441,1
2018-05-06 09:38:06,413.4268,19345,0,7997741,1
2018-05-06 09:40:16,1.0905,19325,0,-21074,0
2018-05-06 09:40:33,1.0905,19325,0,21074,1
2018-05-06 09:44:19,58.0,19350,0,-1122300,0
2018-05-06 09:44:20,147.44,19350,0,-2852964,0
2018-05-06 09:44:23,300.0,19350,0,-5805000,0
2018-05-06 09:44:46,176.2367,19300,0,-3401368,0
2018-05-06 09:45:10,681.6767,19295,0,13152952,1
2018-05-06 09:46:10,567.2742,19255,0,-10922865,0
2018-05-06 09:46:12,15.5843,19250,0,299998,1
2018-05-06 09:46:12,1.0741,19250,0,20676,1
2018-05-06 09:46:13,84.1791,19250,0,1620448,1
2018-05-06 09:46:13,2.7,19250,0,51975,1
2018-05-06 09:46:13,158.637,19250,0,3053762,1
2018-05-06 09:46:19,86.7,19250,0,-1668975,0
2018-05-06 09:46:37,20.0,19245,0,-384900,0
2018-05-06 09:46:37,466.8,19255,0,-8988234,0
2018-05-06 09:47:53,878.5997,19220,0,16886686,1
2018-05-06 09:51:27,4.6e-05,19260,0,-1,0
2018-05-06 09:51:28,5.07485399,19260,0,-97742,0
2018-05-06 09:53:07,5.0749,19255,0,97717,1
2018-05-06 09:54:00,20.4449,19265,0,-393871,0
2018-05-06 09:54:24,20.4449,19300,0,394587,1
2018-05-06 09:59:30,143.3088,19115,0,-2739348,0
2018-05-06 09:59:31,30.6512,19115,0,-585898,0
2018-05-06 09:59:34,69.895,19130,0,-1337091,0
2018-05-06 09:59:38,85.8542,19140,0,-1643249,0
2018-05-06 09:59:42,96.7159,19155,0,-1852593,0
2018-05-06 09:59:48,13.0941,19155,0,250817,1
2018-05-06 10:00:19,413.331,19105,0,7896689,1
2018-05-06 10:01:21,344.3813,19120,0,-6584570,0
2018-05-06 10:01:21,65.3093,19120,0,-1248714,0
2018-05-06 10:01:28,44.2695,19115,0,-846211,0
2018-05-06 10:02:54,10.0,19185,0,-191850,0
2018-05-06 10:04:50,132.93485651,19190,0,2551020,1
2018-05-06 10:04:53,134.4997,19190,0,2581049,1
2018-05-06 10:04:54,196.5255,19190,0,3771324,1
2018-05-06 10:09:37,9.1379,19145,0,-174945,0
2018-05-06 10:09:57,9.1379,19130,0,174808,1
2018-05-06 10:13:35,162.6674,19150,0,-3115081,0
2018-05-06 10:13:35,134.1788,19155,0,-2570195,0
2018-05-06 10:13:41,42.9012,19150,0,-821558,0
2018-05-06 10:13:41,301.0878,19160,0,-5768842,0
2018-05-06 10:13:56,12.1,19155,0,231776,1
2018-05-06 10:13:56,400.2079,19150,0,7663981,1
2018-05-06 10:13:57,6.0,19150,0,114900,1
2018-05-06 10:14:01,172.0219,19145,0,3293359,1
2018-05-06 10:14:20,23.7847,19140,0,455239,1
2018-05-06 10:14:20,26.7207,19140,0,511434,1
2018-05-06 10:16:04,1.9695,19095,0,-37608,0
2018-05-06 10:16:15,1.9695,19110,0,37637,1
2018-05-06 10:17:17,22.643,19090,0,-432255,0
2018-05-06 10:17:18,20.4372,19090,0,-390146,0
2018-05-06 10:17:26,117.5315,19090,0,-2243676,0
2018-05-06 10:18:14,160.6117,19070,0,3062865,1
2018-05-06 10:19:03,16.8337,19030,0,-320345,0
2018-05-06 10:19:19,16.8337,19050,0,320682,1
2018-05-06 10:20:34,744.2839,19025,0,-14160001,0
2018-05-06 10:20:55,250.0,19010,0,4752500,1
2018-05-06 10:20:55,17.522,19010,0,333093,1
2018-05-06 10:20:55,10.0,19010,0,190100,1
2018-05-06 10:20:55,10.0,19010,0,190100,1
2018-05-06 10:20:55,21.4583,19010,0,407922,1
2018-05-06 10:20:55,88.3479,19010,0,1679494,1
2018-05-06 10:20:56,235.1822,19010,0,4470814,1
2018-05-06 10:20:56,10.0,19010,0,190100,1
2018-05-06 10:20:56,101.7735,19010,0,1934714,1
2018-05-06 10:23:25,0.6817,19020,0,-12966,0
2018-05-06 10:23:25,31.97,19020,0,-608069,0
2018-05-06 10:23:25,61.516,19020,0,-1170034,0
2018-05-06 10:23:25,140.0589,19020,0,-2663920,0
2018-05-06 10:23:45,18.9069,19045,0,360082,1
2018-05-06 10:23:49,215.3197,19055,0,4102917,1
2018-05-06 10:24:24,299.9999,19060,0,-5717998,0
2018-05-06 10:24:24,97.4109,19060,0,-1856652,0
2018-05-06 10:24:28,1002.5892,19065,0,-19114363,0
2018-05-06 10:25:00,26.226,19065,0,499999,1
2018-05-06 10:25:00,139.3,19065,0,2655755,1
2018-05-06 10:25:00,14.7562,19065,0,281327,1
2018-05-06 10:25:00,106.95767112,19065,0,2039148,1
2018-05-06 10:27:46,26.527,19110,0,506931,1
2018-05-06 10:27:49,2.6723,19100,0,51041,1
2018-05-06 10:27:50,85.6154,19100,0,1635254,1
2018-05-06 10:27:50,10.9128,19100,0,208434,1
2018-05-06 10:27:50,300.0,19100,0,5730000,1
2018-05-06 10:27:53,3.1353,19090,0,59853,1
2018-05-06 10:27:53,63.0157,19090,0,1202970,1
2018-05-06 10:27:54,261.9173,19090,0,5000001,1
2018-05-06 10:27:57,12.4279,19090,0,237249,1
2018-05-06 10:27:58,346.5365,19090,0,6615382,1
2018-05-06 10:29:10,13.956,19090,0,-266420,0
2018-05-06 10:29:10,721.22636038,19090,0,-13768211,0
2018-05-06 10:29:10,210.6144,19090,0,-4020629,0
2018-05-06 10:30:00,0.6,19070,0,11442,1
2018-05-06 10:30:01,21.7813,19070,0,415369,1
2018-05-06 10:30:01,141.6704,19070,0,2701655,1
2018-05-06 10:31:30,110.636,19100,0,2113148,1
2018-05-06 10:31:30,261.7801,19100,0,5000000,1
2018-05-06 10:31:30,220.2578,19100,0,4206924,1
2018-05-06 10:31:34,87.9445,19100,0,1679740,1
2018-05-06 10:31:34,56.0287,19100,0,1070148,1
2018-05-06 10:31:35,10.0,19100,0,191000,1
2018-05-06 10:31:38,17.7445,19095,0,338831,1
2018-05-06 10:31:38,17.3534,19095,0,331363,1
2018-05-06 10:33:54,51.772,19150,0,-991434,0
2018-05-06 10:33:54,51.6555,19150,0,-989203,0
2018-05-06 10:33:54,1000.0,19150,0,-19150000,0
2018-05-06 10:35:25,57.49885059,19200,0,1103978,1
2018-05-06 10:37:39,50.0761,19310,0,966969,1
2018-05-06 10:37:39,161.996,19310,0,3128143,1
2018-05-06 10:37:39,14.0025,19310,0,270388,1
2018-05-06 10:37:39,428.1579,19310,0,8267729,1
2018-05-06 10:37:42,174.2073,19310,0,3363943,1
2018-05-06 10:37:43,2.58933195,19310,0,50000,1
2018-05-06 10:37:43,20.7444,19310,0,400574,1
2018-05-06 10:38:24,41.0,19305,0,-791505,0
2018-05-06 10:38:24,191.2176,19305,0,-3691456,0
2018-05-06 10:38:40,61.516,19255,0,1184491,1
2018-05-06 10:38:41,134.8765,19255,0,2597047,1
2018-05-06 10:38:59,229.9802,19275,0,4432868,1
2018-05-06 10:39:22,117.0772,19265,0,-2255492,0
2018-05-06 10:39:32,2.7769,19340,0,-53705,0
2018-05-06 10:39:33,626.8,19340,0,-12122312,0
2018-05-06 10:40:51,746.6541,19250,0,14373091,1
2018-05-06 10:43:32,16.46997451,19165,0,-315647,0
2018-05-06 10:43:41,369.3528,19190,0,-7087880,0
2018-05-06 10:43:45,91.0399,19185,0,-1746600,0
2018-05-06 10:45:06,170.36,19160,0,3264098,1
2018-05-06 10:45:25,4.1,19175,0,78618,1
2018-05-06 10:46:23,302.4027,19150,0,5791012,1
2018-05-06 10:47:01,167.9143,19195,0,-3223115,0
2018-05-06 10:47:21,24.3299,19200,0,-467134,0
2018-05-06 10:47:21,129.53,19200,0,-2486976,0
2018-05-06 10:47:21,680.687,19200,0,-13069190,0
2018-05-06 10:47:22,397.5388,19200,0,-7632745,0
2018-05-06 10:47:57,388.7891,19220,0,7472527,1
2018-05-06 10:48:45,60.3205,19205,0,1158455,1
2018-05-06 10:48:46,950.8904,19205,0,18261850,1
2018-05-06 10:52:12,140.399,19160,0,-2690045,0
2018-05-06 10:53:06,127.52,19155,0,2442646,1
2018-05-06 10:55:05,442.139,19155,0,-8469173,0
2018-05-06 10:55:09,240.8001,19155,0,-4612526,0
2018-05-06 10:56:23,174.6437,19145,0,-3343554,0
2018-05-06 10:57:30,44.4782,19135,0,851090,1
2018-05-06 10:57:30,50.0,19135,0,956750,1
2018-05-06 10:57:30,56.8333,19135,0,1087505,1
2018-05-06 10:57:30,696.5889,19135,0,13329229,1
2018-05-06 10:57:31,22.5614,19135,0,431712,1
2018-05-06 10:58:04,23.4513,19110,0,-448154,0
2018-05-06 10:58:04,353.9167,19110,0,-6763348,0
2018-05-06 10:58:11,146.3376,19100,0,2795048,1
2018-05-06 10:58:11,231.0304,19110,0,4414991,1
2018-05-06 10:59:53,262.7011,19120,0,-5022845,0
2018-05-06 10:59:58,20.0,19140,0,-382800,0
2018-05-06 11:00:08,1117.2989,19090,0,-21329236,0
2018-05-06 11:00:17,218.72,19100,0,4177552,1
2018-05-06 11:00:17,100.0,19100,0,1910000,1
2018-05-06 11:00:17,20.0,19100,0,382000,1
2018-05-06 11:00:17,259.0769,19110,0,4950960,1
2018-05-06 11:03:55,140.0,19105,0,2674700,1
2018-05-06 11:03:55,190.5037,19105,0,3639573,1
2018-05-06 11:03:56,59.5046,19105,0,1136835,1
2018-05-06 11:03:56,412.1948,19105,0,7874982,1
2018-05-06 11:06:47,47.1335,19100,0,-900250,0
2018-05-06 11:06:47,4.8435,19100,0,-92511,0
2018-05-06 11:06:48,25.3358,19100,0,-483914,0
2018-05-06 11:06:53,769.7279,19110,0,-14709500,0
2018-05-06 11:06:53,64.7031,19110,0,-1236476,0
2018-05-06 11:06:53,15.7067,19110,0,-300155,0
2018-05-06 11:08:14,8.0539,19085,0,153709,1
2018-05-06 11:10:40,919.3966,19005,0,17473132,1
2018-05-06 11:12:52,310.2139,19000,0,-5894064,0
2018-05-06 11:12:58,25.70022902,19020,0,-488818,0
2018-05-06 11:12:58,71.5887,19020,0,-1361617,0
2018-05-06 11:12:58,268.4299,19020,0,-5105537,0
2018-05-06 11:13:05,126.978,18995,0,-2411947,0
2018-05-06 11:13:44,737.5535,19015,0,14024580,1
2018-05-06 11:13:44,65.3573,19015,0,1242769,1
2018-05-06 11:14:42,828.0066,19000,0,-15732125,0
2018-05-06 11:14:43,5.3835,19000,0,-102287,0
2018-05-06 11:16:15,832.3901,18990,0,15807088,1
2018-05-06 11:16:15,1.0,18995,0,18995,1
2018-05-06 11:20:15,97.66,18960,0,-1851634,0
2018-05-06 11:20:15,140.0,18960,0,-2654400,0
2018-05-06 11:20:15,41.7474,18960,0,-791531,0
2018-05-06 11:21:16,217.486,18970,0,4125709,1
2018-05-06 11:21:20,61.9214,18960,0,1174030,1
2018-05-06 11:24:33,19.05247713,18980,0,-361616,0
2018-05-06 11:24:36,225.1745,18980,0,-4273812,0
2018-05-06 11:24:36,64.758,18980,0,-1229107,0
2018-05-06 11:24:55,308.9849,18970,0,5861444,1
2018-05-06 11:28:52,150.1623,18995,0,-2852333,0
2018-05-06 11:28:56,110.1344,19005,0,-2093104,0
2018-05-06 11:29:14,1139.7033,19005,0,-21660061,0
2018-05-06 11:30:54,42.0,19070,0,800940,1
2018-05-06 11:30:54,150.0,19070,0,2860500,1
2018-05-06 11:30:54,397.0567,19070,0,7571871,1
2018-05-06 11:30:58,191.2962,19060,0,3646106,1
2018-05-06 11:30:58,114.6973,19060,0,2186131,1
2018-05-06 11:31:02,47.5,19050,0,904875,1
2018-05-06 11:31:02,5.0,19050,0,95250,1
2018-05-06 11:31:07,150.0,19050,0,2857500,1
2018-05-06 11:31:08,68.6874,19050,0,1308495,1
2018-05-06 11:31:11,233.7624,19070,0,4457849,1
2018-05-06 11:31:35,273.70978691,19100,0,-5227857,0
2018-05-06 11:32:22,273.7098,19150,0,5241543,1
2018-05-06 11:44:57,29.141,19010,0,-553970,0
2018-05-06 11:46:28,29.141,18995,0,553533,1
2018-05-06 11:48:12,25.8669,19015,0,-491859,0
2018-05-06 11:48:36,466.6067,19020,0,-8874859,0
2018-05-06 11:48:36,176.03689421,19020,0,-3348222,0
2018-05-06 11:48:36,731.48950578,19020,0,-13912930,0
2018-05-06 11:49:16,274.3635,19000,0,5212907,1
2018-05-06 11:49:16,30.3335,19000,0,576337,1
2018-05-06 11:49:16,27.0503,19000,0,513956,1
2018-05-06 11:49:17,253.9316,19000,0,4824700,1
2018-05-06 11:49:17,288.3027,19000,0,5477751,1
2018-05-06 11:49:17,117.692,19000,0,2236148,1
2018-05-06 11:49:17,408.3264,19000,0,7758202,1
2018-05-06 11:49:44,1178.0217,19005,0,-22388302,0
2018-05-06 11:50:26,5.0163,19030,0,95460,1
2018-05-06 11:51:32,87.07160405,19135,0,1666115,1
2018-05-06 11:51:37,100.0,19120,0,1912000,1
2018-05-06 11:51:37,58.8921,19120,0,1126017,1
2018-05-06 11:51:37,22.26358126,19120,0,425680,1
2018-05-06 11:51:38,60.0,19120,0,1147200,1
2018-05-06 11:52:43,7.1186,19170,0,136464,1
2018-05-06 11:53:04,4.0448,19180,0,77579,1
2018-05-06 11:53:09,47.1877,19170,0,904588,1
2018-05-06 11:53:10,10.9322,19170,0,209570,1
2018-05-06 11:53:31,77.9369,19155,0,1492881,1
2018-05-06 11:53:32,400.7,19155,0,7675409,1
2018-05-06 11:53:35,62.252,19155,0,1192437,1
2018-05-06 11:53:40,62.252,19140,0,1191503,1
2018-05-06 11:54:22,105.6466,19165,0,-2024717,0
2018-05-06 11:54:25,5.03205743,19170,0,-96465,0
2018-05-06 11:54:26,44.9325,19170,0,-861356,0
2018-05-06 11:54:26,31.12264256,19170,0,-596621,0
2018-05-06 11:54:54,229.95478271,19155,0,4404784,1
2018-05-06 11:55:48,88.6611,19155,0,-1698303,0
2018-05-06 11:56:12,70.66070079,19170,0,-1354566,0
2018-05-06 11:56:12,1066.5451992,19170,0,-20445671,0
2018-05-06 11:56:12,45.0,19170,0,-862650,0
2018-05-06 11:56:25,54.8663,19170,0,1051787,1
2018-05-06 11:57:38,1345.1337,19245,0,25887098,1
2018-05-06 11:57:54,9.2991,19260,0,-179101,0
2018-05-06 11:58:44,9.2991,19340,0,179845,1
2018-05-06 12:02:45,35.86,19250,0,-690305,0
2018-05-06 12:02:57,35.86,19240,0,689946,1
2018-05-06 12:07:56,62.252,19135,0,-1191192,0
2018-05-06 12:08:17,13.8353,19155,0,265015,1
2018-05-06 12:08:18,47.6833,19155,0,913374,1
2018-05-06 12:08:18,0.7334,19155,0,14048,1
2018-05-06 12:09:26,66.4076,19155,0,-1272038,0
2018-05-06 12:09:30,66.4076,19160,0,-1272370,0
2018-05-06 12:10:27,53.918,19170,0,-1033608,0
2018-05-06 12:10:33,1213.2667,19170,0,-23258323,0
2018-05-06 12:11:34,1315.1413,19165,0,25204683,1
2018-05-06 12:11:34,52.712,19165,0,1010225,1
2018-05-06 12:11:34,32.1466,19165,0,616090,1
2018-05-06 12:17:21,104.4659,19145,0,-2000000,0
2018-05-06 12:17:36,104.4659,19150,0,2000522,1
2018-05-06 12:22:34,271.9254,19125,0,-5200573,0
2018-05-06 12:23:04,0.1605,19125,0,3070,1
2018-05-06 12:23:04,168.6049,19125,0,3224569,1
2018-05-06 12:23:05,103.16,19125,0,1972935,1
2018-05-06 12:23:45,14.5837,19125,0,-278913,0
2018-05-06 12:23:49,128.2215,19130,0,-2452877,0
2018-05-06 12:23:49,1257.1948,19130,0,-24050137,0
2018-05-06 12:26:20,5.0,19115,0,95575,1
2018-05-06 12:26:20,244.1825,19115,0,4667548,1
2018-05-06 12:26:20,630.4893,19115,0,12051803,1
2018-05-06 12:26:20,0.2443,19115,0,4670,1
2018-05-06 12:26:21,520.0839,19115,0,9941404,1
2018-05-06 12:28:52,169.6735,19120,0,-3244157,0
2018-05-06 12:28:57,77.0295,19130,0,-1473574,0
2018-05-06 12:28:57,199.036,19130,0,-3807559,0
2018-05-06 12:29:01,149.30947086,19135,0,-2857037,0
2018-05-06 12:29:01,135.06432913,19135,0,-2584456,0
2018-05-06 12:29:30,730.1128,19135,0,13970708,1
2018-05-06 12:30:30,1090.64513552,19140,0,-20874948,0
2018-05-06 12:30:31,5.11046447,19140,0,-97814,0
2018-05-06 12:31:19,62.252,19110,0,1189636,1
2018-05-06 12:33:09,1033.5036,19130,0,19770924,1
2018-05-06 12:35:11,164.4466,19130,0,-3145863,0
2018-05-06 12:35:24,15.4649,19135,0,-295921,0
2018-05-06 12:36:51,598.4726,19150,0,-11460750,0
2018-05-06 12:37:24,100.0,19155,0,1915500,1
2018-05-06 12:37:24,18.5591,19155,0,355500,1
2018-05-06 12:37:32,12.3,19155,0,235607,1
2018-05-06 12:38:18,96.0584,19160,0,1840479,1
2018-05-06 12:38:18,152.289,19160,0,2917857,1
2018-05-06 12:38:19,3.1282,19160,0,59936,1
2018-05-06 12:38:27,3.1519,19160,0,60390,1
2018-05-06 12:38:31,368.0871,19160,0,7052549,1
2018-05-06 12:38:41,15.72495371,19175,0,301526,1
2018-05-06 12:38:41,9.08544628,19175,0,174213,1
2018-05-06 12:39:16,1400.0,19190,0,-26866000,0
2018-05-06 12:43:18,1.0,19230,0,19230,1
2018-05-06 12:43:18,1055.9722,19230,0,20306345,1
2018-05-06 12:43:19,0.2,19230,0,3846,1
2018-05-06 12:43:19,10.0,19230,0,192300,1
2018-05-06 12:43:22,332.8278,19225,0,6398614,1
2018-05-06 13:02:34,300.0,19170,0,-5751000,0
2018-05-06 13:02:38,35.7097,19170,0,-684555,0
2018-05-06 13:02:59,335.7097,19195,0,6443948,1
2018-05-06 13:12:42,307.40740054,19160,0,-5889926,0
2018-05-06 13:12:42,55.60699945,19160,0,-1065430,0
2018-05-06 13:13:51,363.0144,19155,0,6953541,1
2018-05-06 13:17:20,62.0959,19140,0,-1188516,0
2018-05-06 13:17:25,104.4932,19140,0,-2000000,0
2018-05-06 13:18:01,1006.8799,19135,0,-19266647,0
2018-05-06 13:24:34,213.1111,19120,0,4074684,1
2018-05-06 13:27:44,267.2966,19130,0,5113384,1
2018-05-06 13:27:44,30.0,19130,0,573900,1
2018-05-06 13:27:48,75.2419,19125,0,1439001,1
2018-05-06 13:27:48,7.8432,19125,0,150001,1
2018-05-06 13:30:15,213.7045,19135,0,4089236,1
2018-05-06 13:30:16,10.0,19135,0,191350,1
2018-05-06 13:30:16,57.8865,19135,0,1107658,1
2018-05-06 13:30:53,298.3852,19120,0,5705125,1
2018-05-06 13:32:52,1400.0,19100,0,-26740000,0
2018-05-06 13:33:43,12.3,19085,0,234746,1
2018-05-06 13:33:43,132.0,19085,0,2519220,1
2018-05-06 13:33:44,20.9167,19085,0,399195,1
2018-05-06 13:34:39,119.593,19080,0,2281834,1
2018-05-06 13:34:39,110.583,19080,0,2109924,1
2018-05-06 13:36:22,523.0,19080,0,9978840,1
2018-05-06 13:36:22,481.6073,19080,0,9189067,1
2018-05-06 13:37:43,766.1686,19080,0,-14618497,0
2018-05-06 13:39:52,10.0,19080,0,190800,1
2018-05-06 13:39:52,6.0,19080,0,114480,1
2018-05-06 13:39:52,500.0,19080,0,9540000,1
2018-05-06 13:39:52,108.616,19080,0,2072393,1
2018-05-06 13:39:53,141.5526,19080,0,2700824,1
2018-05-06 13:40:17,14.9059,19080,0,-284405,0
2018-05-06 13:40:48,9.14e-05,19080,0,-2,0
2018-05-06 13:41:52,14.906,19080,0,284406,1
2018-05-06 13:43:41,23.6828,19120,0,-452815,0
2018-05-06 13:43:45,8.0361,19130,0,-153731,0
2018-05-06 13:43:45,1.0001,19130,0,-19132,0
2018-05-06 13:43:45,7.5195,19130,0,-143848,0
2018-05-06 13:45:08,20.0,19130,0,382600,1
2018-05-06 13:45:12,20.2385,19130,0,387163,1
2018-05-06 13:52:43,382.528,19040,0,-7283333,0
2018-05-06 13:53:02,272.2413,19075,0,-5193003,0
2018-05-06 13:53:49,68.2417,19040,0,1299322,1
2018-05-06 13:53:49,40.5845,19040,0,772729,1
2018-05-06 13:53:49,20.0,19040,0,380800,1
2018-05-06 13:53:53,11.172,19040,0,212715,1
2018-05-06 13:53:53,98.0,19040,0,1865920,1
2018-05-06 13:54:03,50.0,19055,0,952750,1
2018-05-06 13:54:06,185.6364,19020,0,-3530804,0
2018-05-06 13:54:28,0.4,19020,0,7608,1
2018-05-06 13:54:28,20.0,19020,0,380400,1
2018-05-06 13:54:29,91.39001051,19020,0,1738238,1
2018-05-06 13:54:33,440.6175,19030,0,8384951,1
2018-05-06 13:54:56,8.407e-05,19030,0,-2,0
2018-05-06 13:54:56,45.0,19030,0,-856350,0
2018-05-06 13:54:56,16.21811592,19030,0,-308631,0
2018-05-06 13:55:00,78.9179,19030,0,-1501808,0
2018-05-06 13:55:04,1042.19778451,19050,0,-19853868,0
2018-05-06 13:55:04,2.47491548,19050,0,-47147,0
2018-05-06 13:55:57,1184.8088,19005,0,22517291,1
2018-05-06 13:57:29,19.9622,19000,0,-379282,0
2018-05-06 13:59:43,0.2,18960,0,3792,1
2018-05-06 13:59:44,19.7622,18960,0,374691,1
2018-05-06 14:00:23,7.317e-05,18955,0,-1,0
2018-05-06 14:06:00,16.8,18830,0,-316344,0
2018-05-06 14:06:39,16.8,18910,0,317688,1
2018-05-06 14:07:46,4.8644,18940,0,-92132,0
2018-05-06 14:07:52,247.0316,18945,0,-4680014,0
2018-05-06 14:08:47,160.5997,18950,0,-3043364,0
2018-05-06 14:08:52,419.6366,18940,0,-7947917,0
2018-05-06 14:10:05,5.0,18975,0,94875,1
2018-05-06 14:10:10,152.9863,18980,0,2903680,1
2018-05-06 14:10:46,5.13,18945,0,-97188,0
2018-05-06 14:11:09,191.3941,18955,0,-3627875,0
2018-05-06 14:12:08,27.1669,18960,0,515084,1
2018-05-06 14:12:58,97.0976,18950,0,1840000,1
2018-05-06 14:12:58,503.7072,18950,0,9545251,1
2018-05-06 14:12:58,0.2,18950,0,3790,1
2018-05-06 14:12:59,50.0,18950,0,947500,1
2018-05-06 14:13:09,0.4,18935,0,7574,1
2018-05-06 14:13:21,192.0984,18900,0,3630660,1
2018-05-06 14:15:09,1173.005,18865,0,-22128739,0
2018-05-06 14:16:03,1173.005,18855,0,22117009,1
2018-05-06 14:17:59,22.4167,18820,0,-421882,0
2018-05-06 14:17:59,1089.14468292,18820,0,-20497703,0
2018-05-06 14:17:59,48.0,18820,0,-903360,0
2018-05-06 14:18:27,91.8865,18805,0,1727926,1
2018-05-06 14:18:27,10.0,18805,0,188050,1
2018-05-06 14:18:27,4.1,18805,0,77101,1
2018-05-06 14:18:27,0.1074,18805,0,2020,1
2018-05-06 14:18:28,500.0,18805,0,9402500,1
2018-05-06 14:18:28,50.0,18805,0,940250,1
2018-05-06 14:18:28,2.0,18805,0,37610,1
2018-05-06 14:18:29,1.0,18805,0,18805,1
2018-05-06 14:18:29,10.0,18805,0,188050,1
2018-05-06 14:18:29,19.4934,18805,0,366573,1
2018-05-06 14:18:29,1.0,18805,0,18805,1
2018-05-06 14:18:34,57.199,18800,0,1075341,1
2018-05-06 14:18:35,10.0,18800,0,188000,1
2018-05-06 14:18:35,22.9,18800,0,430520,1
2018-05-06 14:18:35,28.0,18800,0,526400,1
2018-05-06 14:18:36,3.877,18800,0,72888,1
2018-05-06 14:18:36,10.3137,18800,0,193898,1
2018-05-06 14:18:42,337.6844,18800,0,6348467,1
2018-05-06 14:23:24,320.8404,18750,0,-6015758,0
2018-05-06 14:23:31,742.5,18795,0,-13955288,0
2018-05-06 14:23:31,49.7918,18795,0,-935837,0
2018-05-06 14:25:16,14.6203,18825,0,275227,1
2018-05-06 14:25:16,3.8082,18825,0,71689,1
2018-05-06 14:25:16,15.9362,18825,0,299999,1
2018-05-06 14:25:28,33.462,18805,0,629253,1
2018-05-06 14:25:32,79.743,18800,0,1499168,1
2018-05-06 14:25:35,133.0495,18790,0,2500000,1
2018-05-06 14:25:36,26.9181,18790,0,505791,1
2018-05-06 14:25:36,632.2275,18790,0,11879555,1
2018-05-06 14:25:37,139.9154,18790,0,2629010,1
2018-05-06 14:25:41,33.452,18780,0,628229,1
2018-05-06 14:26:10,667.0105,18825,0,-12556473,0
2018-05-06 14:26:58,667.0105,18830,0,12559808,1
2018-05-06 14:31:32,65.2895,18815,0,-1228422,0
2018-05-06 14:31:50,65.2895,18860,0,1231360,1
2018-05-06 14:32:26,3.828e-05,18910,0,-1,0
2018-05-06 14:32:27,8.24,18910,0,-155818,0
2018-05-06 14:32:27,81.87426171,18910,0,-1548242,0
2018-05-06 14:32:36,15.8603,18930,0,-300235,0
2018-05-06 14:32:36,4.1397,18950,0,-78447,0
2018-05-06 14:33:12,110.1143,18920,0,2083363,1
2018-05-06 14:34:55,99.1387,18845,0,-1868269,0
2018-05-06 14:35:57,15.9319,18830,0,299998,1
2018-05-06 14:35:57,31.3693,18830,0,590684,1
2018-05-06 14:35:58,51.8375,18830,0,976100,1
2018-05-06 14:36:13,7.1682,18845,0,-135085,0
2018-05-06 14:36:44,7.1682,18850,0,135121,1
2018-05-06 14:42:23,532.3,18790,0,-10001917,0
2018-05-06 14:42:24,0.4787,18790,0,-8995,0
2018-05-06 14:42:29,4.6827,18800,0,-88035,0
2018-05-06 14:42:34,106.92,18800,0,-2010096,0
2018-05-06 14:42:37,2.595,18795,0,-48773,0
2018-05-06 14:43:38,1.0,18725,0,18725,1
2018-05-06 14:43:42,521.6249,18710,0,9759602,1
2018-05-06 14:43:42,124.3515,18710,0,2326617,1
2018-05-06 14:46:53,99.85,18725,0,-1869691,0
2018-05-06 14:47:08,216.1446,18740,0,-4050550,0
2018-05-06 14:47:36,12.1039,18730,0,-226706,0
2018-05-06 14:47:36,102.8733,18730,0,-1926817,0
2018-05-06 14:47:40,1.5955,18730,0,-29884,0
2018-05-06 14:47:40,40.176,18730,0,-752496,0
2018-05-06 14:48:53,169.29824036,18740,0,-3172649,0
2018-05-06 14:48:53,7.47775963,18740,0,-140133,0
2018-05-06 14:49:10,750.4807,18750,0,-14071513,0
2018-05-06 14:51:51,50.0,18695,0,934750,1
2018-05-06 14:51:52,38.6181,18695,0,721965,1
2018-05-06 14:51:52,30.0,18695,0,560850,1
2018-05-06 14:51:59,100.0,18690,0,1869000,1
2018-05-06 14:52:00,516.03,18690,0,9644601,1
2018-05-06 14:52:03,8.5548,18690,0,159889,1
2018-05-06 14:52:03,40.0,18690,0,747600,1
2018-05-06 14:52:04,452.38,18690,0,8454982,1
2018-05-06 14:52:04,99.9999,18690,0,1868998,1
2018-05-06 14:52:07,0.2,18680,0,3736,1
2018-05-06 14:53:33,64.2172,18660,0,1198293,1
2018-05-06 14:54:12,21.8715,18645,0,-407794,0
2018-05-06 14:54:27,21.8715,18650,0,407903,1
2018-05-06 14:58:40,3.75e-05,18560,0,-1,0
2018-05-06 14:58:45,432.17309439,18570,0,-8025454,0
2018-05-06 14:58:45,44.8152,18570,0,-832218,0
2018-05-06 14:58:45,399.4,18570,0,-7416858,0
2018-05-06 14:58:45,266.3332056,18570,0,-4945808,0
2018-05-06 14:58:45,257.2785,18570,0,-4777662,0
2018-05-06 14:59:45,345.3455,18630,0,6433787,1
2018-05-06 14:59:53,848.5168,18600,0,15782411,1
2018-05-06 15:00:58,5.5854,18585,0,103805,1
2018-05-06 15:00:58,18.0596,18585,0,335638,1
2018-05-06 15:00:58,3.6802,18585,0,68397,1
2018-05-06 15:01:17,93.0073,18530,0,1723425,1
2018-05-06 15:01:18,85.8052,18525,0,1589541,1
2018-05-06 15:03:18,30.0,18535,0,-556050,0
2018-05-06 15:04:04,30.0,18535,0,556050,1
2018-05-06 15:05:31,615.4384,18520,0,-11397919,0
2018-05-06 15:05:38,784.5616,18505,0,-14518312,0
2018-05-06 15:05:53,939.4057,18505,0,17383702,1
2018-05-06 15:05:53,460.5943,18505,0,8523298,1
2018-05-06 15:06:54,639.3362,18580,0,-11878867,0
2018-05-06 15:06:58,7.8031,18590,0,-145060,0
2018-05-06 15:07:03,142.2288,18580,0,-2642611,0
2018-05-06 15:07:49,0.2,18590,0,3718,1
2018-05-06 15:09:52,789.1681,18605,0,14682473,1
2018-05-06 15:14:25,25.1268,18575,0,-466730,0
2018-05-06 15:14:28,25.1268,18600,0,467358,1
2018-05-06 15:17:20,218.2486,18515,0,-4040873,0
2018-05-06 15:18:16,40.0,18595,0,-743800,0
2018-05-06 15:18:16,230.2272652,18595,0,-4281076,0
2018-05-06 15:18:16,74.8909,18595,0,-1392596,0
2018-05-06 15:18:16,4.4035,18595,0,-81883,0
2018-05-06 15:18:16,0.15,18595,0,-2789,0
2018-05-06 15:18:18,832.07973479,18595,0,-15472523,0
2018-05-06 15:19:24,46.5895,18545,0,864002,1
2018-05-06 15:19:24,8.541,18545,0,158393,1
2018-05-06 15:20:05,491.5673,18550,0,9118573,1
2018-05-06 15:20:21,853.3022,18580,0,15854355,1
2018-05-06 15:20:50,303.27666879,18600,0,-5640946,0
2018-05-06 15:20:50,93.6093,18600,0,-1741133,0
2018-05-06 15:20:50,26.9999312,18600,0,-502199,0
2018-05-06 15:20:54,25.8815,18615,0,-481784,0
2018-05-06 15:20:59,17.10036879,18610,0,-318238,0
2018-05-06 15:21:12,11.41,18660,0,-212911,0
2018-05-06 15:21:30,6.2,18660,0,115692,1
2018-05-06 15:21:30,163.8881,18660,0,3058152,1
2018-05-06 15:21:35,19.07,18640,0,355465,1
2018-05-06 15:21:42,16.4469,18640,0,-306570,0
2018-05-06 15:22:34,84.9753,18640,0,1583940,1
2018-05-06 15:22:35,42.208,18640,0,786757,1
2018-05-06 15:22:35,1.0,18640,0,18640,1
2018-05-06 15:22:35,177.3833,18640,0,3306425,1
2018-05-06 15:22:44,379.88758132,18630,0,-7077306,0
2018-05-06 15:22:49,1020.1124,18650,0,-19025096,0
2018-05-06 15:25:40,3.9418,18670,0,73593,1
2018-05-06 15:25:40,12.2397,18670,0,228515,1
2018-05-06 15:25:41,34.79,18670,0,649529,1
2018-05-06 15:25:41,109.4874,18670,0,2044130,1
2018-05-06 15:25:41,40.23,18670,0,751094,1
2018-05-06 15:28:51,86.43806794,18685,0,1615095,1
2018-05-06 15:28:52,9.1528,18685,0,171020,1
2018-05-06 15:30:39,339.1331,18660,0,6328224,1
2018-05-06 15:30:39,764.5871,18660,0,14267195,1
2018-05-06 15:32:41,107.652,18540,0,-1995868,0
2018-05-06 15:33:10,107.652,18515,0,1993177,1
2018-05-06 15:34:10,200.0,18565,0,-3713000,0
2018-05-06 15:34:10,560.0,18565,0,-10396400,0
2018-05-06 15:35:17,0.23,18635,0,4286,1
2018-05-06 15:35:28,7.89560067,18625,0,147056,1
2018-05-06 15:37:06,2.0005,18680,0,37369,1
2018-05-06 15:37:06,11.4,18680,0,212952,1
2018-05-06 15:37:07,56.477,18680,0,1054990,1
2018-05-06 15:37:45,564.694,18640,0,10525896,1
2018-05-06 15:37:45,117.3029,18640,0,2186526,1
2018-05-06 15:38:25,16.0,18670,0,-298720,0
2018-05-06 15:38:41,16.0,18660,0,298560,1
2018-05-06 15:39:04,50.1995,18695,0,-938480,0
2018-05-06 15:39:09,10.0,18705,0,-187050,0
2018-05-06 15:39:09,100.0,18705,0,-1870500,0
2018-05-06 15:39:09,78.4273,18705,0,-1466983,0
2018-05-06 15:39:56,1161.3732,18800,0,-21833816,0
2018-05-06 15:40:57,444.91835106,18800,0,8364465,1
2018-05-06 15:40:57,352.8947,18800,0,6634420,1
2018-05-06 15:40:57,365.5852,18800,0,6873002,1
2018-05-06 15:40:57,39.0646,18800,0,734414,1
2018-05-06 15:41:01,197.5372,18780,0,3709749,1
2018-05-06 15:45:26,171.06,18810,0,-3217639,0
2018-05-06 15:45:27,22.0099,18810,0,-414006,0
2018-05-06 15:45:34,6.735e-05,18810,0,-1,0
2018-05-06 15:45:38,445.2505,18810,0,-8375162,0
2018-05-06 15:45:53,261.0697,18830,0,4915942,1
2018-05-06 15:45:53,2.7769,18830,0,52289,1
2018-05-06 15:45:54,334.3356,18830,0,6295539,1
2018-05-06 15:45:57,40.1382,18820,0,755401,1
2018-05-06 15:48:33,10.0,18910,0,-189100,0
2018-05-06 15:48:33,210.0,18910,0,-3971100,0
2018-05-06 15:48:53,220.0,18890,0,4155800,1
2018-05-06 15:49:23,18.9004,18910,0,-357407,0
2018-05-06 15:49:56,18.9004,18925,0,357690,1
2018-05-06 15:52:05,231.5039,18820,0,-4356903,0
2018-05-06 15:52:13,26.0955,18835,0,-491509,0
2018-05-06 15:52:48,257.5994,18815,0,4846733,1
2018-05-06 15:53:45,1400.0,18850,0,-26390000,0
2018-05-06 15:54:26,5.0,18820,0,94100,1
2018-05-06 15:55:22,12.5,18815,0,235188,1
2018-05-06 15:55:31,10.0,18820,0,188200,1
2018-05-06 15:56:48,7.9872,18780,0,150000,1
2018-05-06 15:56:48,40.3431,18780,0,757643,1
2018-05-06 15:56:54,0.3,18780,0,5634,1
2018-05-06 15:59:32,437.5932,18785,0,8220188,1
2018-05-06 15:59:58,0.1328,18770,0,2493,1
2018-05-06 15:59:58,159.6059,18770,0,2995803,1
2018-05-06 15:59:58,6.8092,18770,0,127809,1
2018-05-06 15:59:59,27.4833,18770,0,515862,1
2018-05-06 15:59:59,9.9629,18770,0,187004,1
2018-05-06 15:59:59,0.2,18770,0,3754,1
2018-05-06 15:59:59,192.3755,18770,0,3610888,1
2018-05-06 16:00:00,19.04,18770,0,357381,1
2018-05-06 16:00:03,305.1025,18765,0,5725248,1
2018-05-06 16:00:03,165.4644,18765,0,3104939,1
2018-05-06 16:00:03,0.1,18765,0,1877,1
2018-05-06 16:02:09,535.1889,18755,0,-10037468,0
2018-05-06 16:03:08,1.358,18730,0,-25435,0
2018-05-06 16:03:15,45.3091,18720,0,-848186,0
2018-05-06 16:03:22,818.144,18740,0,-15332019,0
2018-05-06 16:06:57,2.1372,18730,0,40030,1
2018-05-06 16:07:47,5.0,18710,0,93550,1
2018-05-06 16:09:35,384.7,18760,0,7216972,1
2018-05-06 16:09:35,0.2,18760,0,3752,1
2018-05-06 16:09:35,58.7154,18760,0,1101501,1
2018-05-06 16:09:36,247.03,18760,0,4634283,1
2018-05-06 16:09:44,2.3,18745,0,43114,1
2018-05-06 16:10:54,403.6918,18750,0,7569221,1
2018-05-06 16:10:54,296.2256,18750,0,5554230,1
2018-05-06 16:13:57,1400.0,18810,0,-26334000,0
2018-05-06 16:15:47,529.8,18830,0,9976134,1
2018-05-06 16:22:28,0.8,18920,0,15136,1
2018-05-06 16:22:28,14.3425,18920,0,271360,1
2018-05-06 16:22:29,210.0,18920,0,3973200,1
2018-05-06 16:22:42,754.9425,18950,0,-14306160,0
2018-05-06 16:28:06,33.11,18970,0,628097,1
2018-05-06 16:29:31,19.0825,18985,0,362281,1
2018-05-06 16:29:32,11.9,18985,0,225922,1
2018-05-06 16:29:32,110.968,18985,0,2106727,1
2018-05-06 16:29:34,62.805,18970,0,1191411,1
2018-05-06 16:29:35,422.827,18970,0,8021028,1
2018-05-06 16:29:42,134.28159536,18985,0,2549336,1
2018-05-06 16:29:45,13.8856,18980,0,263549,1
2018-05-06 16:29:46,38.77,18980,0,735855,1
2018-05-06 16:29:46,11.1184,18980,0,211027,1
2018-05-06 16:29:54,858.748,18980,0,-16299037,0
2018-05-06 16:30:50,15.1045,18960,0,286381,1
2018-05-06 16:30:58,5.8735,18950,0,111303,1
2018-05-06 16:30:58,279.0481,18950,0,5287961,1
2018-05-06 16:31:02,270.7663,18940,0,5128314,1
2018-05-06 16:31:02,10.5,18940,0,198870,1
2018-05-06 16:31:02,10.23606124,18940,0,193871,1
2018-05-06 16:31:02,177.5434,18940,0,3362672,1
2018-05-06 16:31:10,7.8697,18920,0,148895,1
2018-05-06 16:31:14,59.091,18910,0,1117411,1
2018-05-06 16:31:14,388.6595,18910,0,7349551,1
2018-05-06 16:31:14,175.3079,18910,0,3315072,1
2018-05-06 16:31:57,70.2955,18855,0,-1325422,0
2018-05-06 16:32:11,1329.7045,18910,0,-25144712,0
2018-05-06 16:34:15,116.34214569,18875,0,2195958,1
2018-05-06 16:34:18,751.4612,18865,0,14176316,1
2018-05-06 16:34:19,50.857,18865,0,959417,1
2018-05-06 16:34:19,1.4395,18865,0,27156,1
2018-05-06 16:34:19,30.0,18865,0,565950,1
2018-05-06 16:34:22,185.8875,18855,0,3504909,1
2018-05-06 16:34:23,30.0,18855,0,565650,1
2018-05-06 16:34:23,0.3,18855,0,5657,1
2018-05-06 16:34:24,49.3563,18855,0,930613,1
2018-05-06 16:34:26,0.2,18855,0,3771,1
2018-05-06 16:34:27,8.2,18855,0,154611,1
2018-05-06 16:35:34,90.7252,18880,0,-1712892,0
2018-05-06 16:35:34,0.4953,18865,0,-9344,0
2018-05-06 16:36:41,271.5144,18865,0,-5122119,0
2018-05-06 16:36:59,2.1253,18860,0,-40083,0
2018-05-06 16:37:35,50.0,18890,0,-944500,0
2018-05-06 16:37:39,14.4,18895,0,-272088,0
2018-05-06 16:37:43,206.8829,18900,0,-3910087,0
2018-05-06 16:37:43,13.4833,18900,0,-254834,0
2018-05-06 16:38:56,209.8257,18890,0,3963607,1
2018-05-06 16:39:30,38.645,18880,0,-729618,0
2018-05-06 16:40:17,81.1958,18890,0,-1533789,0
2018-05-06 16:41:36,686.414,18935,0,12997249,1
2018-05-06 16:41:40,49.1838,18935,0,931295,1
2018-05-06 16:43:01,1400.0,18920,0,-26488000,0
2018-05-06 16:43:47,1.5707,18945,0,29757,1
2018-05-06 16:44:40,50.0,18920,0,946000,1
2018-05-06 16:44:40,597.0343,18920,0,11295889,1
2018-05-06 16:44:40,216.34440697,18920,0,4093236,1
2018-05-06 16:44:40,161.8108,18920,0,3061460,1
2018-05-06 16:44:40,177.6592,18920,0,3361312,1
2018-05-06 16:44:41,21.9398,18920,0,415101,1
2018-05-06 16:44:41,52.7984,18920,0,998946,1
2018-05-06 16:44:41,120.84239302,18920,0,2286338,1
2018-05-06 16:50:16,296.2706,18795,0,-5568406,0
2018-05-06 16:50:17,26.1455,18795,0,-491405,0
2018-05-06 16:50:22,140.0001,18830,0,-2636202,0
2018-05-06 16:50:25,18.3597,18830,0,-345713,0
2018-05-06 16:50:26,1.01,18830,0,-19018,0
2018-05-06 16:50:30,221.0473,18835,0,-4163426,0
2018-05-06 16:52:36,36.3733,18850,0,685637,1
2018-05-06 16:52:36,0.4032,18850,0,7600,1
2018-05-06 16:52:36,277.3672,18850,0,5228372,1
2018-05-06 16:53:26,388.6895,18850,0,7326797,1
2018-05-06 16:58:03,230.2213,18845,0,-4338520,0
2018-05-06 16:58:03,47.8,18845,0,-900791,0
2018-05-06 16:58:07,1121.9787,18850,0,-21149298,0
2018-05-06 17:01:58,50.0,18835,0,941750,1
2018-05-06 17:01:58,21.6083,18835,0,406992,1
2018-05-06 17:01:59,58.7989,18835,0,1107477,1
2018-05-06 17:01:59,5.0,18835,0,94175,1
2018-05-06 17:01:59,7.6334,18835,0,143775,1
2018-05-06 17:02:02,92.9813,18830,0,1750838,1
2018-05-06 17:02:03,21.5289,18830,0,405389,1
2018-05-06 17:02:03,300.0,18830,0,5649000,1
2018-05-06 17:02:07,1.0001,18820,0,18822,1
2018-05-06 17:02:07,13.1461,18820,0,247410,1
2018-05-06 17:02:07,213.2334,18820,0,4013053,1
2018-05-06 17:02:08,108.648,18820,0,2044755,1
2018-05-06 17:02:25,278.6556,18805,0,5240119,1
2018-05-06 17:02:25,227.766,18805,0,4283140,1
2018-05-06 17:04:16,381.3777,18795,0,-7167994,0
2018-05-06 17:04:21,1018.6223,18800,0,-19150099,0
2018-05-06 17:05:11,113.4558,18860,0,2139776,1
2018-05-06 17:07:19,6.0993,18800,0,114667,1
2018-05-06 17:11:11,28.4383,18795,0,534498,1
2018-05-06 17:11:17,496.726,18780,0,9328514,1
2018-05-06 17:11:17,12.1277,18780,0,227758,1
2018-05-06 17:11:21,531.4,18775,0,9977035,1
2018-05-06 17:11:21,5.0,18775,0,93875,1
2018-05-06 17:11:21,0.1,18775,0,1878,1
2018-05-06 17:11:25,5.0546,18770,0,94875,1
2018-05-06 17:11:25,5.0,18770,0,93850,1
2018-05-06 17:11:25,0.13,18770,0,2440,1
2018-05-06 17:11:26,50.0,18770,0,938500,1
2018-05-06 17:11:29,21.0281,18775,0,394803,1
2018-05-06 17:12:27,125.4402,18780,0,2355767,1
2018-05-06 17:14:21,5.0,18730,0,-93650,0
2018-05-06 17:14:49,528.35856381,18725,0,-9893514,0
2018-05-06 17:15:13,38.5404,18720,0,721476,1
2018-05-06 17:15:13,5.0,18720,0,93600,1
2018-05-06 17:15:13,100.244,18720,0,1876568,1
2018-05-06 17:15:13,28.2607,18725,0,529182,1
2018-05-06 17:15:14,262.3113,18720,0,4910468,1
2018-05-06 17:15:14,0.3198,18720,0,5987,1
2018-05-06 17:15:42,3.4956,18740,0,-65508,0
2018-05-06 17:15:46,77.9545,18725,0,-1459698,0
2018-05-06 17:15:47,0.2,18725,0,-3745,0
2018-05-06 17:17:04,156.2504,18720,0,2925007,1
2018-05-06 17:17:07,1.8,18715,0,33687,1
2018-05-06 17:17:07,1.4,18715,0,26201,1
2018-05-06 17:17:07,8.1,18715,0,151592,1
2018-05-06 17:17:07,6.6,18715,0,123519,1
2018-05-06 17:17:07,1.8,18715,0,33687,1
2018-05-06 17:17:07,3.6,18715,0,67374,1
2018-05-06 17:17:08,0.7821,18715,0,14637,1
2018-05-06 17:19:56,1400.0,18675,0,-26145000,0
2018-05-06 17:22:42,10.0,18640,0,186400,1
2018-05-06 17:22:42,5.9552,18640,0,111005,1
2018-05-06 17:22:42,5.0,18640,0,93200,1
2018-05-06 17:22:42,30.0,18640,0,559200,1
2018-05-06 17:22:42,76.1495,18640,0,1419427,1
2018-05-06 17:22:43,830.3075,18640,0,15476932,1
2018-05-06 17:22:43,442.5878,18640,0,8249837,1
2018-05-06 17:23:07,1400.0,18665,0,-26131000,0
2018-05-06 17:24:13,37.2437,18635,0,694036,1
2018-05-06 17:24:13,96.644,18635,0,1800961,1
2018-05-06 17:24:14,12.413,18635,0,231316,1
2018-05-06 17:24:14,10.0,18635,0,186350,1
2018-05-06 17:24:14,19.2768,18635,0,359223,1
2018-05-06 17:24:14,6.6508,18635,0,123938,1
2018-05-06 17:24:15,150.16,18635,0,2798232,1
2018-05-06 17:24:17,23.3971,18630,0,435888,1
2018-05-06 17:24:17,10.8801,18630,0,202696,1
2018-05-06 17:24:18,47.7937,18630,0,890397,1
2018-05-06 17:24:18,1.6103,18630,0,30000,1
2018-05-06 17:24:19,5.96,18630,0,111035,1
2018-05-06 17:24:21,382.145,18615,0,7113629,1
2018-05-06 17:24:21,50.0,18615,0,930750,1
2018-05-06 17:24:21,34.0723,18615,0,634256,1
2018-05-06 17:24:22,511.7532,18615,0,9526286,1
2018-05-06 17:25:57,44.98992343,18665,0,-839737,0
2018-05-06 17:26:12,20.0,18650,0,373000,1
2018-05-06 17:26:13,24.9345,18650,0,465028,1
2018-05-06 17:26:51,21.5111,18680,0,-401827,0
2018-05-06 17:26:51,87.18975684,18680,0,-1628705,0
2018-05-06 17:26:55,20.3945,18695,0,-381275,0
2018-05-06 17:26:56,5.9,18695,0,-110301,0
2018-05-06 17:27:10,20.0,18710,0,-374200,0
2018-05-06 17:27:13,91.8817,18720,0,-1720025,0
2018-05-06 17:27:20,182.2447,18720,0,-3411621,0
2018-05-06 17:28:33,80.0,18690,0,1495200,1
2018-05-06 17:28:44,239.9755,18700,0,-4487542,0
2018-05-06 17:28:48,27.5603,18705,0,-515515,0
2018-05-06 17:28:52,12.0279,18705,0,-224982,0
2018-05-06 17:28:56,24.5063,18710,0,-458513,0
2018-05-06 17:29:01,6.8564,18700,0,-128215,0
2018-05-06 17:29:06,47.7654,18715,0,-893929,0
2018-05-06 17:35:44,707.869,18750,0,13272544,1
2018-05-06 17:37:23,98.3242,18755,0,-1844070,0
2018-05-06 17:39:27,98.3242,18715,0,1840137,1
2018-05-06 17:39:40,80.0,18710,0,-1496800,0
2018-05-06 17:42:51,88.5505,18650,0,-1651467,0
2018-05-06 17:42:51,118.2269,18650,0,-2204932,0
2018-05-06 17:43:12,26.8,18665,0,500222,1
2018-05-06 17:43:51,7.69,18720,0,-143957,0
2018-05-06 17:43:51,96.9515,18720,0,-1814932,0
2018-05-06 17:44:04,85.8462,18705,0,1605753,1
2018-05-06 17:44:12,88.7576,18685,0,1658436,1
2018-05-06 17:44:12,86.9406,18685,0,1624485,1
2018-05-06 17:44:12,35.0,18685,0,653975,1
2018-05-06 17:45:36,68.0653,18645,0,1269078,1
2018-05-06 17:52:12,31.4411,18570,0,-583861,0
2018-05-06 17:52:12,40.6724,18570,0,-755286,0
2018-05-06 17:52:13,142.0,18570,0,-2636940,0
2018-05-06 17:52:13,13.2025,18570,0,-245170,0
2018-05-06 17:53:18,178.79018367,18600,0,-3325497,0
2018-05-06 17:53:18,414.9171,18600,0,-7717458,0
2018-05-06 17:53:18,300.0,18600,0,-5580000,0
2018-05-06 17:53:18,9.2467,18600,0,-171989,0
2018-05-06 17:53:19,269.72081632,18600,0,-5016807,0
2018-05-06 17:53:53,197.5163,18635,0,3680716,1
2018-05-06 17:53:54,63.479,18635,0,1182931,1
2018-05-06 17:59:24,100.0,18700,0,1870000,1
2018-05-06 17:59:25,46.9161,18700,0,877331,1
2018-05-06 17:59:25,175.2323,18700,0,3276844,1
2018-05-06 18:00:31,1.0,18700,0,18700,1
2018-05-06 18:00:31,63.479,18700,0,1187057,1
2018-05-06 18:00:42,166.8042,18670,0,3114234,1
2018-05-06 18:00:43,44.8524,18670,0,837394,1
2018-05-06 18:00:43,2.8389,18670,0,53002,1
2018-05-06 18:00:46,300.0,18665,0,5599500,1
2018-05-06 18:00:47,237.8818,18665,0,4440064,1
2018-05-06 18:03:09,5.1281,18685,0,-95819,0
2018-05-06 18:03:13,1394.8719,18680,0,-26056207,0
2018-05-06 18:04:40,100.0,18670,0,1867000,1
2018-05-06 18:05:53,7.0,18680,0,130760,1
2018-05-06 18:05:53,5.0,18680,0,93400,1
2018-05-06 18:05:53,495.9644576,18680,0,9264616,1
2018-05-06 18:06:31,230.12,18750,0,4314750,1
2018-05-06 18:06:31,240.32,18750,0,4506000,1
2018-05-06 18:06:32,202.2639,18750,0,3792448,1
2018-05-06 18:06:52,24.2233,18825,0,-456004,0
2018-05-06 18:06:56,1256.4451,18825,0,-23652579,0
2018-05-06 18:09:42,266.0282,18795,0,5000000,1
2018-05-06 18:09:42,7.0035,18795,0,131631,1
2018-05-06 18:11:48,53.3495,18730,0,999236,1
2018-05-06 18:11:53,9.0204,18735,0,168997,1
2018-05-06 18:14:12,23.6793,18735,0,443632,1
2018-05-06 18:14:13,263.523,18730,0,4935786,1
2018-05-06 18:14:20,777.3961,18745,0,14572290,1
2018-05-06 18:18:45,1.00001333,18750,0,-18750,0
2018-05-06 18:18:45,364.07428666,18750,0,-6826393,0
2018-05-06 18:19:13,1.4841,18770,0,27857,1
2018-05-06 18:19:29,0.1,18770,0,1877,1
2018-05-06 18:19:30,43.088,18770,0,808762,1
2018-05-06 18:20:31,33.9955,18760,0,637756,1
2018-05-06 18:20:32,3.7714,18760,0,70751,1
2018-05-06 18:20:53,282.6353,18770,0,5305065,1
2018-05-06 18:21:01,3.3,18795,0,-62024,0
2018-05-06 18:21:05,7.69,18810,0,-144649,0
2018-05-06 18:22:00,10.99,18820,0,206832,1
2018-05-06 18:27:06,251.35253262,18855,0,-4739252,0
2018-05-06 18:27:06,99.99996737,18855,0,-1885499,0
2018-05-06 18:27:22,11.0,18840,0,207240,1
2018-05-06 18:27:22,75.1,18840,0,1414884,1
2018-05-06 18:27:22,27.0628,18840,0,509863,1
2018-05-06 18:27:22,35.0186,18840,0,659750,1
2018-05-06 18:27:32,14.1,18800,0,265080,1
2018-05-06 18:27:33,72.4123,18800,0,1361351,1
2018-05-06 18:27:37,61.8664,18795,0,1162779,1
2018-05-06 18:27:37,54.7924,18795,0,1029823,1
2018-05-06 18:28:05,12.9977,18810,0,-244487,0
2018-05-06 18:28:42,2.9036,18795,0,-54573,0
2018-05-06 18:28:50,6.3728,18790,0,-119745,0
2018-05-06 18:28:58,22.2741,18795,0,418642,1
2018-05-06 18:29:47,107.5902,18770,0,-2019468,0
2018-05-06 18:29:48,1047.8482,18770,0,-19668111,0
2018-05-06 18:33:40,0.2,18760,0,3752,1
2018-05-06 18:33:44,96.7448,18760,0,1814932,1
2018-05-06 18:33:48,113.87016474,18750,0,2135066,1
2018-05-06 18:33:49,403.8715,18750,0,7572591,1
2018-05-06 18:33:55,0.3,18750,0,5625,1
2018-05-06 18:33:55,33.6509,18750,0,630954,1
2018-05-06 18:33:56,160.1281,18750,0,3002402,1
2018-05-06 18:35:56,53.5,18740,0,1002590,1
2018-05-06 18:37:44,5.0,18735,0,-93675,0
2018-05-06 18:40:49,0.99997661,18690,0,-18690,0
2018-05-06 18:40:49,0.32492338,18690,0,-6073,0
2018-05-06 18:40:53,239.4793,18680,0,-4473473,0
2018-05-06 18:41:02,861.0228,18690,0,-16092516,0
2018-05-06 18:41:55,425.3361,18655,0,7934645,1
2018-05-06 18:41:59,19.014,18665,0,354896,1
2018-05-06 18:41:59,146.2268,18650,0,2727130,1
2018-05-06 18:41:59,61.8789,18650,0,1154041,1
2018-05-06 18:41:59,250.0,18650,0,4662500,1
2018-05-06 18:42:00,19.9371,18650,0,371827,1
2018-05-06 18:42:00,90.3154,18650,0,1684382,1
2018-05-06 18:42:00,10.0,18650,0,186500,1
2018-05-06 18:42:00,96.0638,18650,0,1791590,1
2018-05-06 18:42:00,107.6118,18650,0,2006960,1
2018-05-06 18:42:00,4.0,18650,0,74600,1
2018-05-06 18:42:00,169.6161,18650,0,3163340,1
2018-05-06 18:44:25,0.6,18675,0,-11205,0
2018-05-06 18:44:26,20.0,18675,0,-373500,0
2018-05-06 18:44:37,65.6,18710,0,-1227376,0
2018-05-06 18:45:21,10.5053,18695,0,-196397,0
2018-05-06 18:45:29,114.2458,18700,0,-2136396,0
2018-05-06 18:45:52,0.0011,18700,0,21,1
2018-05-06 18:45:57,20.0,18690,0,373800,1
2018-05-06 18:45:57,190.95,18680,0,3566946,1
2018-05-06 18:48:00,12.8815,18705,0,-240948,0
2018-05-06 18:48:00,40.0,18705,0,-748200,0
2018-05-06 18:48:20,52.8815,18720,0,989942,1
2018-05-06 18:54:30,1400.0,18720,0,-26208000,0
2018-05-06 18:56:00,10.6127,18760,0,199094,1
2018-05-06 18:56:00,1389.3873,18760,0,26064906,1
2018-05-06 18:57:51,88.0284,18760,0,-1651413,0
2018-05-06 18:58:25,11.4239,18770,0,214427,1
2018-05-06 18:59:06,76.6045,18755,0,1436717,1
2018-05-06 18:59:22,266.8242,18695,0,-4988278,0
2018-05-06 18:59:26,71.5,18725,0,1338838,1
2018-05-06 19:00:37,19.0919,18740,0,357782,1
2018-05-06 19:01:23,0.8,18740,0,14992,1
2018-05-06 19:01:23,5.0,18740,0,93700,1
2018-05-06 19:02:36,143.6194234,18800,0,2700045,1
2018-05-06 19:03:49,9.5707,18800,0,179929,1
2018-05-06 19:04:22,170.0748,18830,0,-3202508,0
2018-05-06 19:04:22,152.4739,18830,0,-2871084,0
2018-05-06 19:04:37,0.1244,18825,0,2342,1
2018-05-06 19:05:53,1.0914,18840,0,20562,1
2018-05-06 19:07:52,20.0,18810,0,376200,1
2018-05-06 19:08:39,318.575,18820,0,5995582,1
2018-05-06 19:09:42,4.042e-05,18800,0,-1,0
2018-05-06 19:09:47,111.2588,18795,0,-2091109,0
2018-05-06 19:09:51,121.4406,18800,0,-2283083,0
2018-05-06 19:09:59,545.0466,18805,0,-10249601,0
2018-05-06 19:12:31,25.0,18845,0,471125,1
2018-05-06 19:12:32,9.4055,18845,0,177247,1
2018-05-06 19:14:44,9.2514,18865,0,174528,1
2018-05-06 19:14:57,43.6386,18855,0,822806,1
2018-05-06 19:14:57,10.0,18855,0,188550,1
2018-05-06 19:14:57,1.0,18855,0,18855,1
2018-05-06 19:14:58,0.9122,18855,0,17200,1
2018-05-06 19:16:46,13.979,18865,0,-263714,0
2018-05-06 19:16:59,438.4844,18865,0,-8272008,0
2018-05-06 19:18:57,41.1511,18885,0,777139,1
2018-05-06 19:18:57,40.0,18885,0,755400,1
2018-05-06 19:18:57,0.4,18885,0,7554,1
2018-05-06 19:18:57,76.5601,18885,0,1445837,1
2018-05-06 19:18:58,575.0,18885,0,10858875,1
2018-05-06 19:19:09,1.13952254,18850,0,21480,1
2018-05-06 19:21:25,396.7511,18840,0,7474791,1
2018-05-06 19:23:22,2.75,18835,0,-51796,0
2018-05-06 19:25:04,2.75,18885,0,51934,1
2018-05-06 19:28:45,281.76914778,18920,0,-5331072,0
2018-05-06 19:28:45,132.1702,18920,0,-2500660,0
2018-05-06 19:28:46,215.0,18920,0,-4067800,0
2018-05-06 19:28:49,3.0,18925,0,-56775,0
2018-05-06 19:28:49,1.0001,18925,0,-18927,0
2018-05-06 19:28:50,2.6957,18925,0,-51016,0
2018-05-06 19:28:50,0.7278,18925,0,-13774,0
2018-05-06 19:28:50,1.6376,18925,0,-30992,0
2018-05-06 19:28:50,210.0,18925,0,-3974250,0
2018-05-06 19:30:28,580.7574,18925,0,10990834,1
2018-05-06 19:30:32,133.1308,18925,0,2519500,1
2018-05-06 19:30:38,134.1123,18925,0,2538075,1
2018-05-06 19:31:37,1400.0,18965,0,-26551000,0
2018-05-06 19:31:51,395.4691,18960,0,7498094,1
2018-05-06 19:32:25,1004.5309,19025,0,19111200,1
2018-05-06 19:33:46,5.0,19110,0,-95550,0
2018-05-06 19:33:47,205.0,19145,0,-3924725,0
2018-05-06 19:33:55,125.96195192,19135,0,-2410282,0
2018-05-06 19:33:55,3.89,19135,0,-74435,0
2018-05-06 19:33:55,54.32424807,19135,0,-1039494,0
2018-05-06 19:34:00,64.825,19120,0,-1239454,0
2018-05-06 19:34:13,459.0012,19140,0,8785283,1
2018-05-06 19:35:27,2.1,19150,0,-40215,0
2018-05-06 19:35:46,2.1,19150,0,40215,1
2018-05-06 19:39:31,19.1263,19070,0,-364739,0
2018-05-06 19:39:36,26.6428,19075,0,-508211,0
2018-05-06 19:39:36,50.1774,19075,0,-957134,0
2018-05-06 19:39:57,95.9465,19085,0,1831139,1
2018-05-06 19:42:12,112.8992,19070,0,-2152988,0
2018-05-06 19:42:12,210.7912,19070,0,-4019788,0
2018-05-06 19:42:12,652.47430912,19070,0,-12442685,0
2018-05-06 19:42:12,27.0521,19070,0,-515884,0
2018-05-06 19:42:12,239.6234,19070,0,-4569618,0
2018-05-06 19:42:13,83.00829087,19070,0,-1582968,0
2018-05-06 19:44:14,289.4488,19115,0,5532814,1
2018-05-06 19:44:20,350.4581,19120,0,6700759,1
2018-05-06 19:44:21,10.0,19120,0,191200,1
2018-05-06 19:44:24,109.5016,19110,0,2092576,1
2018-05-06 19:44:31,59.4628,19100,0,1135739,1
2018-05-06 19:44:31,506.9772,19100,0,9683265,1
2018-05-06 19:45:06,438.90114083,19100,0,-8383012,0
2018-05-06 19:45:07,54.6768,19100,0,-1044327,0
2018-05-06 19:45:07,107.1512,19100,0,-2046588,0
2018-05-06 19:45:07,189.58755916,19100,0,-3621122,0
2018-05-06 19:45:07,16.1415,19100,0,-308303,0
2018-05-06 19:45:07,593.5418,19100,0,-11336648,0
2018-05-06 19:45:37,109.6848,19065,0,2091141,1
2018-05-06 19:45:37,136.1767,19065,0,2596209,1
2018-05-06 19:45:38,69.4876,19065,0,1324781,1
2018-05-06 19:45:38,4.1198,19065,0,78544,1
2018-05-06 19:45:45,20.0,19010,0,380200,1
2018-05-06 19:45:45,108.09821809,19010,0,2054947,1
2018-05-06 19:46:15,0.1,19010,0,1901,1
2018-05-06 19:46:15,910.888,19010,0,17315981,1
2018-05-06 19:46:16,16.6616,19010,0,316737,1
2018-05-06 19:46:24,24.7833,18970,0,470139,1
2018-05-06 19:46:44,4.0201,18980,0,-76301,0
2018-05-06 19:47:00,221.1561,18980,0,-4197543,0
2018-05-06 19:47:09,9.7143,19010,0,-184669,0
2018-05-06 19:47:13,66.3703,19010,0,-1261699,0
2018-05-06 19:47:13,517.9807,19015,0,-9849403,0
2018-05-06 19:48:39,36.5542,19005,0,694713,1
2018-05-06 19:48:40,782.6873,19005,0,14874972,1
2018-05-06 19:49:39,2.6,18995,0,-49387,0
2018-05-06 19:50:07,2.6,18980,0,49348,1
2018-05-06 19:51:08,148.3031,18970,0,-2813310,0
2018-05-06 19:51:12,141.0274,18970,0,-2675290,0
2018-05-06 19:51:16,64.5354,18970,0,-1224237,0
2018-05-06 19:51:20,51.1642,18975,0,-970841,0
2018-05-06 19:51:20,288.8725,18975,0,-5481356,0
2018-05-06 19:51:27,1.0001,18975,0,-18977,0
2018-05-06 19:51:27,14.9588,18975,0,-283843,0
2018-05-06 19:54:20,19.7023,18970,0,373753,1
2018-05-06 19:54:20,100.0,18970,0,1897000,1
2018-05-06 19:54:24,174.5461,18965,0,3310267,1
2018-05-06 19:54:24,83.9777,18965,0,1592637,1
2018-05-06 19:54:24,331.6354,18965,0,6289465,1
2018-05-06 19:57:31,8.5104,18940,0,-161187,0
2018-05-06 19:58:47,50.0,18955,0,-947750,0
2018-05-06 19:59:10,7.597e-05,18980,0,-1,0
2018-05-06 19:59:14,539.8063,18975,0,-10242825,0
2018-05-06 19:59:19,8.1973,18990,0,-155667,0
2018-05-06 19:59:19,50.0,18990,0,-949500,0
2018-05-06 19:59:23,12.6579,18995,0,-240437,0
2018-05-06 19:59:26,673.285,18995,0,-12789049,0
2018-05-06 19:59:57,789.9442,19000,0,15008940,1
2018-05-06 20:00:10,434.6003,18990,0,8253060,1
2018-05-06 20:00:40,1.4148,19010,0,-26895,0
2018-05-06 20:01:00,42.6108,19010,0,810031,1
2018-05-06 20:01:10,76.7165,18990,0,1456846,1
2018-05-06 20:08:18,239.966,18875,0,-4529358,0
2018-05-06 20:08:40,1.4901,18860,0,28103,1
2018-05-06 20:08:41,38.5436,18860,0,726932,1
2018-05-06 20:08:41,199.9323,18860,0,3770723,1
2018-05-06 20:09:19,1400.0,18800,0,-26320000,0
2018-05-06 20:11:45,4.226,18890,0,79829,1
2018-05-06 20:11:53,20.0,18860,0,377200,1
2018-05-06 20:13:04,20.0,18900,0,378000,1
2018-05-06 20:13:04,21.4657,18900,0,405702,1
2018-05-06 20:13:08,998.4459,18885,0,18855651,1
2018-05-06 20:13:39,621.5739,18860,0,-11722884,0
2018-05-06 20:17:40,54.1912,18870,0,1022588,1
2018-05-06 20:17:40,373.0,18870,0,7038510,1
2018-05-06 20:19:23,528.563,18880,0,-9979269,0
2018-05-06 20:20:13,93.80980169,18900,0,1773005,1
2018-05-06 20:20:14,26.2955,18900,0,496985,1
2018-05-06 20:20:14,116.5,18900,0,2201850,1
2018-05-06 20:20:53,81.9626,18940,0,1552372,1
2018-05-06 20:21:00,39.8511,18930,0,754381,1
2018-05-06 20:21:01,700.3891,18930,0,13258366,1
2018-05-06 20:22:53,88.75268067,18940,0,-1680976,0
2018-05-06 20:22:54,394.2648,18940,0,-7467375,0
2018-05-06 20:22:54,26.25591932,18940,0,-497287,0
2018-05-06 20:22:59,8.067e-05,18940,0,-2,0
2018-05-06 20:22:59,527.59991932,18940,0,-9992742,0
2018-05-06 20:23:37,212.8087,18925,0,4027405,1
2018-05-06 20:23:40,20.4377,18915,0,386579,1
2018-05-06 20:23:41,24.5729,18915,0,464796,1
2018-05-06 20:23:41,38.4286,18915,0,726877,1
2018-05-06 20:23:41,18.38,18915,0,347658,1
2018-05-06 20:29:49,1.9477655,18935,0,36881,1
2018-05-06 20:29:50,79.3145,18935,0,1501820,1
2018-05-06 20:31:44,640.9832,18925,0,12130607,1
2018-05-06 20:37:11,200.0,19000,0,-3800000,0
2018-05-06 20:37:11,9.5147,19000,0,-180779,0
2018-05-06 20:37:11,9.985,19000,0,-189715,0
2018-05-06 20:37:11,107.3971,19000,0,-2040545,0
2018-05-06 20:37:11,235.9122,19000,0,-4482332,0
2018-05-06 20:37:12,39.815,19000,0,-756485,0
2018-05-06 20:37:12,64.0977,19000,0,-1217856,0
2018-05-06 20:37:12,8.4873,19000,0,-161259,0
2018-05-06 20:37:15,20.0,19010,0,-380200,0
2018-05-06 20:37:18,37.1878,19020,0,-707312,0
2018-05-06 20:37:18,5.0,19020,0,-95100,0
2018-05-06 20:37:19,210.0,19020,0,-3994200,0
2018-05-06 20:37:58,1.0001,19010,0,19012,1
2018-05-06 20:37:58,211.0623,19010,0,4012294,1
2018-05-06 20:38:00,39.9999,19010,0,760398,1
2018-05-06 20:38:23,1.6242,19020,0,30892,1
2018-05-06 20:38:35,693.7103,19010,0,13187433,1
2018-05-06 20:41:38,34.1912,18980,0,-648949,0
2018-05-06 20:43:52,34.1912,18990,0,649291,1
2018-05-06 20:53:14,62.35,18870,0,-1176545,0
2018-05-06 20:53:21,1055.8025,18890,0,-19944109,0
2018-05-06 20:57:14,5.2,18835,0,97942,1
2018-05-06 21:03:55,16.76,18865,0,316177,1
2018-05-06 21:03:55,481.5838,18865,0,9085078,1
2018-05-06 21:04:35,210.1332,18870,0,-3965213,0
2018-05-06 21:05:19,6.06124661,18880,0,114436,1
2018-05-06 21:07:13,69.6997,18905,0,1317673,1
2018-05-06 21:07:14,748.981,18905,0,14159486,1
2018-05-06 21:09:13,3.867,18835,0,-72835,0
2018-05-06 21:10:20,3.867,18830,0,72816,1
2018-05-06 21:12:17,1023.66524331,18700,0,-19142540,0
2018-05-06 21:13:24,1.72,18735,0,32224,1
2018-05-06 21:13:28,194.9021,18735,0,3651491,1
2018-05-06 21:14:34,99.5793,18750,0,1867112,1
2018-05-06 21:14:34,0.8196,18750,0,15368,1
2018-05-06 21:14:35,10.0,18750,0,187500,1
2018-05-06 21:14:53,716.6442,18775,0,13454995,1
2018-05-06 21:18:04,34.6406,18710,0,-648126,0
2018-05-06 21:18:22,34.6406,18720,0,648472,1
2018-05-06 21:20:29,189.8187,18735,0,-3556253,0
2018-05-06 21:20:57,1210.1813,18750,0,-22690899,0
2018-05-06 21:21:56,230.6989,18795,0,4335986,1
2018-05-06 21:21:56,25.8303,18795,0,485480,1
2018-05-06 21:21:56,35.901,18795,0,674759,1
2018-05-06 21:24:29,50.0,18790,0,939500,1
2018-05-06 21:26:11,21.6306,18820,0,407088,1
2018-05-06 21:27:53,1033.6053,18840,0,19473124,1
2018-05-06 21:27:54,2.3339,18840,0,43971,1
2018-05-06 21:31:01,30.0,18930,0,-567900,0
2018-05-06 21:31:01,19.7383,18930,0,-373646,0
2018-05-06 21:31:02,41.2809,18930,0,-781447,0
2018-05-06 21:31:23,2.04,18950,0,-38658,0
2018-05-06 21:31:46,93.0592,18940,0,1762541,1
2018-05-06 21:32:14,8.6973,18910,0,-164466,0
2018-05-06 21:33:35,8.6973,18900,0,164379,1
2018-05-06 21:37:33,300.0,18945,0,-5683500,0
2018-05-06 21:37:46,540.189,18945,0,-10233881,0
2018-05-06 21:38:07,271.1146,18965,0,5141688,1
2018-05-06 21:38:08,1.5261,18965,0,28942,1
2018-05-06 21:38:35,20.0,18960,0,379200,1
2018-05-06 21:38:35,547.5483,18950,0,10376040,1
2018-05-06 21:39:06,137.2,18940,0,-2598568,0
2018-05-06 21:41:28,34.5823,18945,0,655162,1
2018-05-06 21:41:38,102.6177,18925,0,1942040,1
2018-05-06 21:42:56,28.093,18895,0,-530817,0
2018-05-06 21:43:53,28.093,18900,0,530958,1
2018-05-06 21:54:01,142.57015404,18965,0,-2703843,0
2018-05-06 21:54:52,142.5702,18965,0,2703844,1
2018-05-06 21:55:17,6.056,18960,0,-114822,0
2018-05-06 21:55:21,1393.944,18950,0,-26415239,0
2018-05-06 21:56:54,105.5687,18945,0,1999999,1
2018-05-06 21:57:05,9.5262,18950,0,180521,1
2018-05-06 21:59:32,23.8213,18980,0,452128,1
2018-05-06 21:59:33,95.52,18980,0,1812970,1
2018-05-06 21:59:36,40.5616,18975,0,769656,1
2018-05-06 21:59:36,90.1776,18975,0,1711120,1
2018-05-06 21:59:39,440.4,18970,0,8354388,1
2018-05-06 21:59:49,83.55,18965,0,1584526,1
2018-05-06 21:59:49,314.371,18960,0,5960474,1
2018-05-06 21:59:49,196.5036,18960,0,3725708,1
2018-05-06 22:01:25,43.7875,18935,0,-829116,0
2018-05-06 22:01:31,1356.2125,18910,0,-25645978,0
2018-05-06 22:06:02,317.5,18950,0,6016625,1
2018-05-06 22:06:02,1.7112,18950,0,32427,1
2018-05-06 22:06:10,35.28,18925,0,667674,1
2018-05-06 22:06:10,102.8103,18925,0,1945685,1
2018-05-06 22:07:35,639.8501,18955,0,12128359,1
2018-05-06 22:07:39,71.6701,18955,0,1358507,1
2018-05-06 22:07:39,50.2981,18955,0,953400,1
2018-05-06 22:09:22,20.0,18960,0,379200,1
2018-05-06 22:10:55,160.8802,18975,0,3052702,1
2018-05-06 22:12:56,184.21340601,19035,0,-3506502,0
2018-05-06 22:12:57,200.0,19035,0,-3807000,0
2018-05-06 22:13:01,3.83034621,19040,0,-72930,0
2018-05-06 22:13:02,46.66835378,19040,0,-888565,0
2018-05-06 22:13:06,32.9835,19045,0,-628171,0
2018-05-06 22:13:31,392.8,19045,0,7480876,1
2018-05-06 22:13:39,74.8956,19035,0,1425638,1
2018-05-06 22:20:06,62.548,19080,0,-1193416,0
2018-05-06 22:20:10,281.7193,19080,0,-5375204,0
2018-05-06 22:20:15,19.34234083,19100,0,-369439,0
2018-05-06 22:20:15,23.6287,19100,0,-451308,0
2018-05-06 22:20:16,5.4689,19100,0,-104456,0
2018-05-06 22:20:16,47.0,19100,0,-897700,0
2018-05-06 22:20:16,22.36695916,19100,0,-427209,0
2018-05-06 22:20:19,1.7,19100,0,-32470,0
2018-05-06 22:20:19,3.6,19100,0,-68760,0
2018-05-06 22:20:20,3.2,19100,0,-61120,0
2018-05-06 22:20:20,3.6,19100,0,-68760,0
2018-05-06 22:20:20,2.9,19100,0,-55390,0
2018-05-06 22:20:20,2.4,19100,0,-45840,0
2018-05-06 22:20:20,3.9,19100,0,-74490,0
2018-05-06 22:20:20,2.6,19100,0,-49660,0
2018-05-06 22:20:20,26.9,19100,0,-513790,0
2018-05-06 22:20:21,4.8,19100,0,-91680,0
2018-05-06 22:20:21,2.0,19100,0,-38200,0
2018-05-06 22:20:21,1.2,19100,0,-22920,0
2018-05-06 22:20:21,3.4,19100,0,-64940,0
2018-05-06 22:20:21,1.5434,19100,0,-29479,0
2018-05-06 22:20:23,37.9765,19090,0,-724971,0
2018-05-06 22:20:24,24.3414,19100,0,-464921,0
2018-05-06 22:20:24,23.4064,19100,0,-447062,0
2018-05-06 22:20:24,39.9999,19100,0,-763998,0
2018-05-06 22:20:33,97.59934657,19110,0,-1865124,0
2018-05-06 22:20:34,490.3716,19110,0,-9371001,0
2018-05-06 22:20:34,91.3,19110,0,-1744743,0
2018-05-06 22:20:34,2.99995342,19110,0,-57329,0
2018-05-06 22:20:44,15.7067,19100,0,299998,1
2018-05-06 22:20:44,1040.1043,19100,0,19865992,1
2018-05-06 22:20:45,278.0017,19100,0,5309832,1
2018-05-06 22:21:38,379.38767973,19125,0,-7255789,0
2018-05-06 22:22:25,228.0965,19150,0,4368048,1
2018-05-06 22:22:25,151.2912,19155,0,2897983,1
2018-05-06 22:23:32,168.7483,19200,0,-3239967,0
2018-05-06 22:23:34,215.3015,19200,0,-4133789,0
2018-05-06 22:23:34,213.5257,19200,0,-4099693,0
2018-05-06 22:23:34,802.4245,19200,0,-15406550,0
2018-05-06 22:24:10,5.9,19210,0,113339,1
2018-05-06 22:24:10,223.9728,19210,0,4302517,1
2018-05-06 22:24:10,170.3737,19210,0,3272879,1
2018-05-06 22:24:18,999.7535,19220,0,19215262,1
2018-05-06 22:25:00,1266.9338,19225,0,-24356802,0
2018-05-06 22:25:44,1266.9338,19270,0,24413814,1
2018-05-06 22:28:56,802.8508,19150,0,-15374593,0
2018-05-06 22:28:56,597.1492,19145,0,-11432421,0
2018-05-06 22:30:14,78.1776,19150,0,1497101,1
2018-05-06 22:30:14,28.4851,19150,0,545490,1
2018-05-06 22:30:14,7.7229,19150,0,147894,1
2018-05-06 22:30:17,0.1161,19135,0,2222,1
2018-05-06 22:30:17,2.0,19135,0,38270,1
2018-05-06 22:30:18,34.9122,19135,0,668045,1
2018-05-06 22:30:22,2.0674,19125,0,39539,1
2018-05-06 22:30:22,170.0749,19125,0,3252682,1
2018-05-06 22:30:22,2.0923,19125,0,40015,1
2018-05-06 22:30:22,723.2298,19125,0,13831770,1
2018-05-06 22:30:29,60.9045,19110,0,1163885,1
2018-05-06 22:30:34,48.6558,19100,0,929326,1
2018-05-06 22:30:34,0.1163,19100,0,2221,1
2018-05-06 22:30:34,1.0,19100,0,19100,1
2018-05-06 22:30:35,1.4808,19100,0,28283,1
2018-05-06 22:30:51,440.4848,19125,0,-8424272,0
2018-05-06 22:31:06,33.07,19120,0,632298,1
2018-05-06 22:31:07,268.3523,19120,0,5130896,1
2018-05-06 22:31:18,378.0268,19110,0,7224092,1
2018-05-06 22:31:49,97.4923,19115,0,-1863565,0
2018-05-06 22:31:55,459.5525,19130,0,-8791239,0
2018-05-06 22:31:59,13.4904,19140,0,-258206,0
2018-05-06 22:31:59,459.5525,19140,0,-8795835,0
2018-05-06 22:32:56,711.2553,19160,0,13627652,1
2018-05-06 22:32:57,181.6121,19160,0,3479688,1
2018-05-06 22:33:00,137.2203,19150,0,2627769,1
2018-05-06 22:34:33,4.99999548,19165,0,-95825,0
2018-05-06 22:34:41,5.8477,19170,0,-112100,0
2018-05-06 22:36:58,10.8477,19210,0,208384,1
2018-05-06 22:37:46,10.0,19220,0,-192200,0
2018-05-06 22:38:41,166.1812,19295,0,-3206466,0
2018-05-06 22:38:41,0.1314,19295,0,-2535,0
2018-05-06 22:38:41,430.9244,19295,0,-8314686,0
2018-05-06 22:38:41,10.0,19295,0,-192950,0
2018-05-06 22:38:45,81.0318,19290,0,-1563103,0
2018-05-06 22:38:58,68.9785,19300,0,-1331285,0
2018-05-06 22:38:58,140.02974559,19300,0,-2702574,0
2018-05-06 22:38:58,192.7228544,19300,0,-3719551,0
2018-05-06 22:38:58,300.0,19300,0,-5790000,0
2018-05-06 22:39:36,2.9326,19265,0,56497,1
2018-05-06 22:39:46,634.1666,19270,0,12220390,1
2018-05-06 22:40:07,68.8425,19280,0,1327283,1
2018-05-06 22:40:14,37.6555,19280,0,725998,1
2018-05-06 22:40:18,331.2126,19275,0,6384123,1
2018-05-06 22:40:18,325.1901,19275,0,6268039,1
2018-05-06 22:45:09,536.1236,19175,0,-10280170,0
2018-05-06 22:45:13,16.3414,19175,0,-313346,0
2018-05-06 22:45:17,607.4516,19180,0,-11650922,0
2018-05-06 22:48:42,380.6693,19160,0,7293624,1
2018-05-06 22:48:42,0.9471,19160,0,18146,1
2018-05-06 22:49:40,30.0,19155,0,574650,1
2018-05-06 22:50:01,355.0657,19150,0,6799508,1
2018-05-06 22:50:01,10.0,19150,0,191500,1
2018-05-06 22:50:02,383.2345,19150,0,7338941,1
2018-05-06 22:57:33,13.2998,19080,0,-253760,0
2018-05-06 22:57:38,350.6368,19095,0,-6695410,0
2018-05-06 22:57:38,394.5433,19095,0,-7533804,0
2018-05-06 23:01:06,87.2508,19035,0,1660819,1
2018-05-06 23:01:06,100.0,19035,0,1903500,1
2018-05-06 23:01:06,250.0,19035,0,4758750,1
2018-05-06 23:02:21,13.3564,19010,0,253905,1
2018-05-06 23:02:21,90.6949,19010,0,1724110,1
2018-05-06 23:02:21,16.2455,19010,0,308827,1
2018-05-06 23:02:21,18.946,19010,0,360163,1
2018-05-06 23:02:21,162.0755,19010,0,3081055,1
2018-05-06 23:02:21,19.9108,19010,0,378504,1
2018-05-06 23:03:23,42.8017,19020,0,-814088,0
2018-05-06 23:03:37,554.5159,19020,0,-10546892,0
2018-05-06 23:03:42,13.02420294,19020,0,-247720,0
2018-05-06 23:03:42,9.705e-05,19020,0,-2,0
2018-05-06 23:03:46,680.1,19025,0,-12938903,0
2018-05-06 23:04:07,7.2549,19040,0,138133,1
2018-05-06 23:04:18,1.0,19025,0,19025,1
2018-05-06 23:04:34,253.7781,19025,0,4828128,1
2018-05-06 23:04:48,35.2568,19020,0,670584,1
2018-05-06 23:07:12,194.0,19020,0,3689880,1
2018-05-06 23:09:01,428.9247,19005,0,8151714,1
2018-05-06 23:09:01,47.0209,19005,0,893632,1
2018-05-06 23:09:02,100.0,19005,0,1900500,1
2018-05-06 23:09:14,1.0,19010,0,19010,1
2018-05-06 23:09:18,19.2493,18995,0,365640,1
2018-05-06 23:09:19,5.6881,18995,0,108045,1
2018-05-06 23:09:20,172.52,18995,0,3277017,1
2018-05-06 23:09:20,24.7491,18995,0,470109,1
2018-05-06 23:09:34,1266.7092,19000,0,-24067475,0
2018-05-06 23:10:15,82.9565,19020,0,1577833,1
2018-05-06 23:11:45,50.3027,19080,0,959776,1
2018-05-06 23:11:56,63.661,19080,0,1214652,1
2018-05-06 23:11:57,3.5109,19080,0,66988,1
2018-05-06 23:11:57,60.5709,19080,0,1155693,1
2018-05-06 23:13:14,1005.7072,19120,0,19229122,1
2018-05-06 23:14:44,5.92958139,19190,0,-113789,0
2018-05-06 23:14:44,448.9673186,19190,0,-8615683,0
2018-05-06 23:14:48,1.0,19180,0,-19180,0
2018-05-06 23:14:48,73.0273,19180,0,-1400664,0
2018-05-06 23:16:42,43.3533,19250,0,834551,1
2018-05-06 23:16:47,485.5709,19250,0,9347240,1
2018-05-06 23:17:48,1400.0,19250,0,-26950000,0
2018-05-06 23:19:45,191.3088,19300,0,3692260,1
2018-05-06 23:19:50,0.5,19290,0,9645,1
2018-05-06 23:20:14,395.1083,19290,0,7621639,1
2018-05-06 23:20:14,130.43027475,19290,0,2516000,1
2018-05-06 23:20:39,682.6526,19255,0,13144476,1
2018-05-06 23:24:42,86.2813,19260,0,-1661778,0
2018-05-06 23:24:54,159.0924,19270,0,-3065711,0
2018-05-06 23:24:54,13.1313,19270,0,-253040,0
2018-05-06 23:25:00,235.575,19270,0,-4539530,0
2018-05-06 23:25:00,0.0001,19270,0,-2,0
2018-05-06 23:25:57,905.9199,19300,0,-17484254,0
2018-05-06 23:27:21,746.7515,19395,0,14483245,1
2018-05-06 23:27:35,115.3051,19390,0,2235766,1
2018-05-06 23:27:35,44.335,19390,0,859656,1
2018-05-06 23:27:36,493.09267024,19390,0,9561067,1
2018-05-06 23:27:36,0.51572975,19390,0,10000,1
2018-05-06 23:27:53,2.9,19410,0,-56289,0
2018-05-06 23:27:53,1.3,19410,0,-25233,0
2018-05-06 23:27:54,4.5,19410,0,-87345,0
2018-05-06 23:28:10,8.7,19400,0,168780,1
2018-05-06 23:29:08,1033.0,19470,0,-20112510,0
2018-05-06 23:29:08,208.38483276,19470,0,-4057253,0
2018-05-06 23:29:09,3.85536723,19470,0,-75064,0
2018-05-06 23:29:42,35.65,19420,0,692323,1
2018-05-06 23:29:42,28.73753861,19420,0,558083,1
2018-05-06 23:29:48,75.9,19395,0,1472081,1
2018-05-06 23:29:49,85.0307,19380,0,1647895,1
2018-05-06 23:29:49,29.1,19380,0,563958,1
2018-05-06 23:29:49,50.9999,19380,0,988378,1
2018-05-06 23:29:49,439.8221,19380,0,8523752,1
2018-05-06 23:29:49,500.0,19380,0,9690000,1
2018-05-06 23:31:34,9.99996687,19320,0,-193199,0
2018-05-06 23:31:34,558.86233312,19320,0,-10797220,0
2018-05-06 23:31:38,389.4168,19330,0,-7527427,0
2018-05-06 23:31:55,727.7832,19310,0,14053494,1
2018-05-06 23:31:55,61.692,19310,0,1191273,1
2018-05-06 23:31:55,5.1561,19310,0,99564,1
2018-05-06 23:32:08,35.4428,19320,0,-684755,0
2018-05-06 23:32:08,6.2659,19310,0,-120995,0
2018-05-06 23:32:08,80.91,19320,0,-1563181,0
2018-05-06 23:32:12,2.984e-05,19330,0,-1,0
2018-05-06 23:32:13,4.911,19330,0,-94930,0
2018-05-06 23:32:16,305.8162,19350,0,-5917543,0
2018-05-06 23:32:20,46.4691,19350,0,-899177,0
2018-05-06 23:32:36,55.5374129,19380,0,1076315,1
2018-05-06 23:32:52,35.9564,19375,0,696655,1
2018-05-06 23:32:52,500.0,19375,0,9687500,1
2018-05-06 23:32:52,51.969,19375,0,1006899,1
2018-05-06 23:33:58,1400.0,19365,0,-27111000,0
2018-05-06 23:34:28,515.1,19360,0,9972336,1
2018-05-06 23:34:32,483.4012,19355,0,9356230,1
2018-05-06 23:34:33,14.8492,19355,0,287406,1
2018-05-06 23:35:07,38.48712903,19350,0,744726,1
2018-05-06 23:35:07,100.0,19350,0,1935000,1
2018-05-06 23:35:07,248.16247096,19350,0,4801944,1
2018-05-06 23:36:54,289.7079,19280,0,-5585568,0
2018-05-06 23:36:54,7.4832,19280,0,-144276,0
2018-05-06 23:37:00,192.2495,19290,0,-3708493,0
2018-05-06 23:37:20,15.552,19295,0,300076,1
2018-05-06 23:37:20,103.9343,19295,0,2005412,1
2018-05-06 23:37:20,369.9543,19295,0,7138268,1
2018-05-06 23:37:49,7.213,19315,0,-139319,0
2018-05-06 23:37:55,6.51,19325,0,-125806,0
2018-05-06 23:39:21,12.7838,19340,0,-247239,0
2018-05-06 23:40:05,134.9564,19350,0,-2611406,0
2018-05-06 23:41:33,0.1673,19390,0,-3244,0
2018-05-06 23:41:34,1238.3695,19390,0,-24011985,0
2018-05-06 23:43:29,20.0,19520,0,390400,1
2018-05-06 23:43:30,163.7363,19520,0,3196133,1
2018-05-06 23:43:37,53.6385,19520,0,1047024,1
2018-05-06 23:43:38,43.2483,19520,0,844207,1
2018-05-06 23:43:41,266.8067,19510,0,5205399,1
2018-05-06 23:43:41,852.5702,19505,0,16629382,1
2018-05-06 23:44:56,7.437e-05,19515,0,-1,0
2018-05-06 23:47:09,53.7926,19510,0,-1049494,0
2018-05-06 23:47:09,5.0,19510,0,-97550,0
2018-05-06 23:47:17,51.745,19525,0,-1010321,0
2018-05-06 23:47:18,256.22,19525,0,-5002696,0
2018-05-06 23:47:18,220.71,19525,0,-4309363,0
2018-05-06 23:47:18,248.325,19525,0,-4848546,0
2018-05-06 23:49:57,325.7,19645,0,6398377,1
2018-05-06 23:50:01,6.2,19660,0,121892,1
2018-05-06 23:50:02,190.57187182,19660,0,3746643,1
2018-05-06 23:50:02,65.93,19660,0,1296184,1
2018-05-06 23:50:02,100.06,19660,0,1967180,1
2018-05-06 23:50:06,20.0,19660,0,393200,1
2018-05-06 23:50:06,1.131,19640,0,22213,1
2018-05-06 23:50:06,0.1678,19640,0,3296,1
2018-05-06 23:51:18,453.09812314,19635,0,-8896582,0
2018-05-06 23:51:26,100.3315,19670,0,-1973521,0
2018-05-06 23:51:26,4.96116644,19670,0,-97586,0
2018-05-06 23:51:26,20.0,19670,0,-393400,0
2018-05-06 23:51:27,425.4376,19670,0,-8368358,0
2018-05-06 23:52:20,4.4578,19655,0,87618,1
2018-05-06 23:52:20,174.9176,19655,0,3438005,1
2018-05-06 23:52:20,1.4939,19655,0,29363,1
2018-05-06 23:52:20,68.6153,19655,0,1348634,1
2018-05-06 23:52:21,39.1908,19655,0,770295,1
2018-05-06 23:53:39,1.0,19600,0,19600,1
2018-05-06 23:53:39,11.525,19600,0,225890,1
2018-05-06 23:53:39,1.5028,19600,0,29455,1
2018-05-06 23:53:40,10.0,19600,0,196000,1
2018-05-06 23:53:45,29.1,19590,0,570069,1
2018-05-06 23:55:40,98.0859,19520,0,1914637,1
2018-05-06 23:55:40,29.9999,19520,0,585598,1
2018-05-06 23:56:14,1.0,19495,0,19495,1
2018-05-06 23:56:14,1.0669,19495,0,20799,1
2018-05-06 23:56:19,20.0,19480,0,389600,1
2018-05-06 23:56:20,187.88,19480,0,3659902,1
2018-05-06 23:56:20,153.8856,19480,0,2997691,1
2018-05-06 23:56:20,5.9902,19480,0,116689,1
2018-05-06 23:56:35,290.1487,19480,0,5652097,1
2018-05-06 23:57:09,20.0,19520,0,-390400,0
2018-05-06 23:57:19,20.0,19550,0,-391000,0
2018-05-06 23:57:20,19.57,19555,0,-382691,0
2018-05-06 23:59:08,0.2,19550,0,3910,1
2018-05-06 23:59:09,59.37,19550,0,1160684,1
2018-05-07 00:01:20,50.0,19570,0,-978500,0
2018-05-07 00:01:20,65.13727848,19570,0,-1274737,0
2018-05-07 00:01:21,108.38182151,19570,0,-2121032,0
2018-05-07 00:01:23,8.6569,19580,0,-169502,0
2018-05-07 00:01:24,200.0,19580,0,-3916000,0
2018-05-07 00:01:24,155.3362,19580,0,-3041483,0
2018-05-07 00:01:48,5.709e-05,19580,0,-1,0
2018-05-07 00:01:51,333.66664063,19590,0,-6536529,0
2018-05-07 00:01:52,50.0,19590,0,-979500,0
2018-05-07 00:01:52,410.9079,19590,0,-8049686,0
2018-05-07 00:01:52,17.91325936,19590,0,-350921,0
2018-05-07 00:02:27,76.6734,19670,0,1508166,1
2018-05-07 00:02:45,53.7775,19665,0,1057535,1
2018-05-07 00:02:46,145.8189,19665,0,2867529,1
2018-05-07 00:03:00,32.4523,19655,0,637850,1
2018-05-07 00:03:01,35.4743,19655,0,697247,1
2018-05-07 00:03:01,316.0738,19655,0,6212431,1
2018-05-07 00:03:19,701.24092231,19670,0,13793409,1
2018-05-07 00:04:37,359.2652,19525,0,-7014653,0
2018-05-07 00:04:37,0.1,19525,0,-1953,0
2018-05-07 00:04:55,397.8541,19485,0,7752187,1
2018-05-07 00:05:15,880.77846129,19570,0,-17236834,0
2018-05-07 00:05:42,39.7,19555,0,776334,1
2018-05-07 00:05:43,134.194,19555,0,2624164,1
2018-05-07 00:06:28,70.32245916,19545,0,1374452,1
2018-05-07 00:07:38,207.3925,19515,0,4047265,1
2018-05-07 00:07:50,55.0656,19490,0,1073229,1
2018-05-07 00:07:55,141.4158,19490,0,2756194,1
2018-05-07 00:07:56,232.6881,19490,0,4535091,1
2018-05-07 00:08:51,431.0044,19430,0,-8374415,0
2018-05-07 00:09:11,37.6965,19455,0,-733385,0
2018-05-07 00:09:15,24.0368,19445,0,-467396,0
2018-05-07 00:09:19,8.049e-05,19455,0,-2,0
2018-05-07 00:09:19,907.2622195,19455,0,-17650786,0
2018-05-07 00:10:17,68.0836,19445,0,1323886,1
2018-05-07 00:10:17,1331.9164,19445,0,25899114,1
2018-05-07 00:10:28,8.793e-05,19475,0,-2,0
2018-05-07 00:10:32,43.7489,19485,0,-852447,0
2018-05-07 00:10:40,65.8,19465,0,-1280797,0
2018-05-07 00:10:44,671.7207,19475,0,-13081761,0
2018-05-07 00:10:44,363.3,19475,0,-7075268,0
2018-05-07 00:10:44,108.7541,19475,0,-2117986,0
2018-05-07 00:12:04,200.0,19520,0,3904000,1
2018-05-07 00:12:04,56.6234275,19515,0,1105006,1
2018-05-07 00:12:08,300.2304,19515,0,5858996,1
2018-05-07 00:12:08,696.47,19515,0,13591612,1
2018-05-07 00:15:38,26.3412,19365,0,-510097,0
2018-05-07 00:15:47,80.35349354,19380,0,-1557251,0
2018-05-07 00:15:47,10.9732,19380,0,-212661,0
2018-05-07 00:15:48,17.34270645,19380,0,-336102,0
2018-05-07 00:16:48,135.0106,19375,0,2615830,1
2018-05-07 00:17:14,41.3044,19400,0,-801305,0
2018-05-07 00:17:14,26.3265,19400,0,-510734,0
2018-05-07 00:17:18,102.962,19415,0,-1999007,0
2018-05-07 00:17:24,21.243,19435,0,-412858,0
2018-05-07 00:17:24,15.202,19435,0,-295451,0
2018-05-07 00:17:37,207.0379,19425,0,4021711,1
2018-05-07 00:18:00,0.1146,19500,0,-2235,0
2018-05-07 00:18:00,70.0,19500,0,-1365000,0
2018-05-07 00:18:00,392.70618943,19500,0,-7657771,0
2018-05-07 00:18:01,937.17921056,19500,0,-18274995,0
2018-05-07 00:18:53,20.0,19490,0,389800,1
2018-05-07 00:18:58,458.5361,19480,0,8932283,1
2018-05-07 00:18:58,0.4,19480,0,7792,1
2018-05-07 00:18:59,5.71,19480,0,111231,1
2018-05-07 00:19:03,0.4,19465,0,7786,1
2018-05-07 00:19:03,141.2072,19465,0,2748598,1
2018-05-07 00:19:07,20.0,19470,0,389400,1
2018-05-07 00:19:27,2.7456,19440,0,53374,1
2018-05-07 00:19:27,6.0,19440,0,116640,1
2018-05-07 00:19:27,224.7332,19440,0,4368813,1
2018-05-07 00:19:28,269.3223,19440,0,5235626,1
2018-05-07 00:20:25,12.4358,19440,0,-241752,0
2018-05-07 00:21:12,116.0,19480,0,2259680,1
2018-05-07 00:22:00,83.5515,19480,0,1627583,1
2018-05-07 00:22:15,63.8299,19450,0,1241492,1
2018-05-07 00:26:13,313.8499,19485,0,-6115365,0
2018-05-07 00:26:21,27.5771,19490,0,-537478,0
2018-05-07 00:26:28,191.2357,19490,0,-3727184,0
2018-05-07 00:26:28,92.1068,19490,0,-1795162,0
2018-05-07 00:26:36,775.2305,19480,0,-15101490,0
2018-05-07 00:28:04,107.0768,19510,0,2089068,1
2018-05-07 00:28:12,59.8,19500,0,1166100,1
2018-05-07 00:28:16,200.0,19480,0,3896000,1
2018-05-07 00:28:16,437.1834,19480,0,8516333,1
2018-05-07 00:28:17,27.2,19480,0,529856,1
2018-05-07 00:28:25,284.4,19485,0,5541534,1
2018-05-07 00:28:26,24.0999,19485,0,469587,1
2018-05-07 00:28:52,267.0067,19485,0,-5202626,0
2018-05-07 00:28:56,0.8811,19480,0,-17164,0
2018-05-07 00:28:56,145.7843,19480,0,-2839878,0
2018-05-07 00:29:00,1.0,19500,0,-19500,0
2018-05-07 00:29:00,296.91377692,19500,0,-5789819,0
2018-05-07 00:29:00,129.9935,19500,0,-2534873,0
2018-05-07 00:29:01,25.69992307,19500,0,-501148,0
2018-05-07 00:29:01,97.5916,19500,0,-1903036,0
2018-05-07 00:32:50,283.7934,19435,0,5515525,1
2018-05-07 00:32:54,86.8739,19455,0,1690132,1
2018-05-07 00:32:54,137.6,19455,0,2677008,1
2018-05-07 00:32:54,19.4,19455,0,377427,1
2018-05-07 00:33:26,28.3126,19455,0,550822,1
2018-05-07 00:34:21,390.7182,19420,0,7587747,1
2018-05-07 00:34:25,0.3,19415,0,5825,1
2018-05-07 00:34:25,23.0734,19415,0,447970,1
2018-05-07 00:34:33,255.0393,19375,0,4941386,1
2018-05-07 00:34:51,1400.0,19370,0,-27118000,0
2018-05-07 00:39:01,3.5113,19385,0,68067,1
2018-05-07 00:39:05,60.758,19375,0,1177186,1
2018-05-07 00:39:06,850.8,19375,0,16484250,1
2018-05-07 00:39:09,0.8,19380,0,15504,1
2018-05-07 00:39:10,68.77,19380,0,1332763,1
2018-05-07 00:39:49,391.63850927,19400,0,-7597787,0
2018-05-07 00:39:49,593.00079072,19400,0,-11504215,0
2018-05-07 00:40:09,198.49100695,19410,0,3852710,1
2018-05-07 00:44:50,12.1,19430,0,235103,1
2018-05-07 00:47:52,1.8463,19470,0,35947,1
2018-05-07 00:47:56,7.6,19465,0,147934,1
2018-05-07 00:48:30,82.268,19490,0,1603403,1
2018-05-07 00:48:34,25.4534,19490,0,496087,1
2018-05-07 00:51:02,44.9528,19465,0,875006,1
2018-05-07 00:51:02,359.4712,19465,0,6997107,1
2018-05-07 00:52:10,36.8931,19460,0,717940,1
2018-05-07 00:52:12,44.0294,19460,0,856812,1
2018-05-07 00:52:14,41.2571,19450,0,802451,1
2018-05-07 00:52:14,0.3,19450,0,5835,1
2018-05-07 00:52:14,25.0624,19450,0,487464,1
2018-05-07 00:52:15,12.1,19450,0,235345,1
2018-05-07 00:52:18,196.4842,19450,0,3821618,1
2018-05-07 00:52:22,104.9511,19445,0,2040774,1
2018-05-07 00:52:22,29.61,19445,0,575766,1
2018-05-07 00:52:26,177.13,19440,0,3443407,1
2018-05-07 00:54:18,1.0,19425,0,-19425,0
2018-05-07 00:54:51,1.0,19420,0,19420,1
2018-05-07 00:55:32,902.4144,19405,0,-17511351,0
2018-05-07 00:56:06,409.7019,19420,0,7956411,1
2018-05-07 00:56:50,1.0,19395,0,-19395,0
2018-05-07 00:59:13,0.0052,19405,0,101,1
2018-05-07 00:59:56,493.7073,19410,0,9582859,1
2018-05-07 01:03:27,257.3517,19450,0,-5005491,0
2018-05-07 01:03:27,0.1,19450,0,-1945,0
2018-05-07 01:03:59,257.4517,19445,0,5006148,1
2018-05-07 01:06:19,1400.0,19500,0,-27300000,0
2018-05-07 01:09:24,134.5262,19510,0,2624606,1
2018-05-07 01:09:36,132.0837,19525,0,2578934,1
2018-05-07 01:10:22,300.094,19570,0,5872840,1
2018-05-07 01:10:23,446.3188,19570,0,8734459,1
2018-05-07 01:10:23,15.585,19570,0,304998,1
2018-05-07 01:10:23,371.3923,19570,0,7268147,1
2018-05-07 01:11:43,292.9316,19590,0,-5738530,0
2018-05-07 01:11:47,51.1156,19590,0,-1001355,0
2018-05-07 01:11:51,10.0,19590,0,-195900,0
2018-05-07 01:12:04,107.75386734,19600,0,-2111976,0
2018-05-07 01:12:04,6.6486,19600,0,-130313,0
2018-05-07 01:12:04,10.0,19600,0,-196000,0
2018-05-07 01:12:05,228.5983,19600,0,-4480527,0
2018-05-07 01:12:05,1.0,19600,0,-19600,0
2018-05-07 01:12:05,108.0323,19600,0,-2117433,0
2018-05-07 01:12:05,30.0,19600,0,-588000,0
2018-05-07 01:12:05,110.0,19600,0,-2156000,0
2018-05-07 01:12:06,100.0,19600,0,-1960000,0
2018-05-07 01:12:06,1.0,19600,0,-19600,0
2018-05-07 01:12:15,306.9495,19600,0,6016210,1
2018-05-07 01:12:15,1.0,19600,0,19600,1
2018-05-07 01:12:16,16.5515,19600,0,324409,1
2018-05-07 01:12:16,54.6,19600,0,1070160,1
2018-05-07 01:12:16,45.7674,19600,0,897041,1
2018-05-07 01:12:28,632.2118,19610,0,12397673,1
2018-05-07 01:13:41,15.5047,19635,0,-304435,0
2018-05-07 01:13:41,350.8127,19635,0,-6888207,0
2018-05-07 01:13:45,60.2476,19640,0,-1183263,0
2018-05-07 01:13:45,100.0,19640,0,-1964000,0
2018-05-07 01:13:45,6.9729,19640,0,-136948,0
2018-05-07 01:13:45,18.4003,19640,0,-361382,0
2018-05-07 01:13:49,600.0,19640,0,-11784000,0
2018-05-07 01:14:16,23.505,19620,0,461168,1
2018-05-07 01:14:23,12.8526,19620,0,252168,1
2018-05-07 01:14:27,54.981,19630,0,1079277,1
2018-05-07 01:14:28,870.0,19630,0,17078100,1
2018-05-07 01:14:39,1209.4004,19650,0,-23764718,0
2018-05-07 01:15:21,42.4841,19665,0,835450,1
2018-05-07 01:15:24,0.3,19625,0,5888,1
2018-05-07 01:17:56,438.55087676,19620,0,8604368,1
2018-05-07 01:17:56,0.1,19620,0,1962,1
2018-05-07 01:18:00,71.4611,19610,0,1401352,1
2018-05-07 01:18:08,847.104,19600,0,16603238,1
2018-05-07 01:19:20,264.2564,19580,0,-5174140,0
2018-05-07 01:19:23,449.9798,19580,0,-8810604,0
2018-05-07 01:19:54,714.2362,19600,0,13999030,1
2018-05-07 01:23:59,83.0532,19610,0,-1628673,0
2018-05-07 01:25:09,68.11,19585,0,1333934,1
2018-05-07 01:25:17,14.9432,19585,0,292663,1
2018-05-07 01:28:22,210.6555,19555,0,-4119368,0
2018-05-07 01:30:41,35.0588,19575,0,-686276,0
2018-05-07 01:30:45,191.6984,19585,0,-3754413,0
2018-05-07 01:32:03,68.4,19545,0,1336878,1
2018-05-07 01:32:03,369.0127,19545,0,7212353,1
2018-05-07 01:32:45,534.6604,19535,0,-10444591,0
2018-05-07 01:32:56,0.1,19545,0,1955,1
2018-05-07 01:33:35,50.1674,19545,0,980522,1
2018-05-07 01:34:17,62.4107,19535,0,1219193,1
2018-05-07 01:34:21,122.4881,19530,0,2392193,1
2018-05-07 01:34:25,299.4942,19525,0,5847624,1
2018-05-07 01:37:05,926.3831,19500,0,-18064470,0
2018-05-07 01:37:05,289.8307,19500,0,-5651699,0
2018-05-07 01:37:05,0.0001,19500,0,-2,0
2018-05-07 01:39:29,206.0,19460,0,4008760,1
2018-05-07 01:40:09,87.9072,19465,0,1711114,1
2018-05-07 01:42:21,24.3808,19460,0,474450,1
2018-05-07 01:42:31,897.9259,19450,0,17464659,1
2018-05-07 01:42:54,135.0452,19465,0,-2628655,0
2018-05-07 01:43:15,100.0,19470,0,1947000,1
2018-05-07 01:43:19,35.0452,19470,0,682330,1
2018-05-07 01:44:27,476.8476,19465,0,-9281839,0
2018-05-07 01:44:33,60.875,19475,0,-1185541,0
2018-05-07 01:44:33,0.0001,19475,0,-2,0
2018-05-07 01:45:18,154.4762,19495,0,3011514,1
2018-05-07 01:45:26,37.3333,19465,0,726693,1
2018-05-07 01:45:27,49.0526,19465,0,954809,1
2018-05-07 01:46:00,56.8403,19485,0,1107533,1
2018-05-07 01:46:00,108.3192,19485,0,2110600,1
2018-05-07 01:46:05,131.7011,19475,0,2564879,1
2018-05-07 01:50:25,315.32733631,19550,0,-6164649,0
2018-05-07 01:50:25,99.84996368,19550,0,-1952067,0
2018-05-07 01:50:32,61.5904,19555,0,-1204400,0
2018-05-07 01:50:32,1.0001,19555,0,-19557,0
2018-05-07 01:50:32,5.0,19555,0,-97775,0
2018-05-07 01:50:36,66.2459,19560,0,-1295770,0
2018-05-07 01:50:55,549.0137,19565,0,10741453,1
2018-05-07 02:01:18,1400.0,19480,0,-27272000,0
2018-05-07 02:05:41,67.0359,19470,0,1305189,1
2018-05-07 02:09:10,460.2654,19500,0,8975175,1
2018-05-07 02:09:32,0.0451,19490,0,879,1
2018-05-07 02:12:57,551.9533,19465,0,10743771,1
2018-05-07 02:12:58,226.8365,19465,0,4415372,1
2018-05-07 02:12:58,93.8638,19465,0,1827059,1
2018-05-07 02:14:08,11.979,19460,0,-233111,0
2018-05-07 02:14:45,11.979,19455,0,233051,1
2018-05-07 02:19:09,100.0,19405,0,-1940500,0
2018-05-07 02:19:09,85.5217,19405,0,-1659549,0
2018-05-07 02:19:13,73.0431,19400,0,-1417036,0
2018-05-07 02:20:25,18.1071,19410,0,-351459,0
2018-05-07 02:20:34,38.6618,19400,0,-750039,0
2018-05-07 02:21:09,75.7404,19370,0,1467092,1
2018-05-07 02:21:09,20.088,19370,0,389105,1
2018-05-07 02:21:10,60.719,19370,0,1176127,1
2018-05-07 02:21:10,135.1593,19370,0,2618036,1
2018-05-07 02:21:13,23.627,19370,0,457655,1
2018-05-07 02:23:17,36.1667,19350,0,-699826,0
2018-05-07 02:23:21,195.6081,19365,0,-3787951,0
2018-05-07 02:24:30,59.21,19320,0,1143937,1
2018-05-07 02:24:57,25.9807,19350,0,502727,1
2018-05-07 02:24:57,93.986,19350,0,1818629,1
2018-05-07 02:25:14,30.5247,19350,0,-590653,0
2018-05-07 02:26:00,241.4,19350,0,-4671090,0
2018-05-07 02:26:21,89.1235,19340,0,-1723648,0
2018-05-07 02:26:26,267.7848,19365,0,-5185653,0
2018-05-07 02:26:26,175.851,19365,0,-3405355,0
2018-05-07 02:27:56,680.3445,19350,0,13164666,1
2018-05-07 02:27:56,42.1222,19350,0,815065,1
2018-05-07 02:28:17,134.8154,19365,0,2610700,1
2018-05-07 02:30:17,304.8647,19395,0,-5912851,0
2018-05-07 02:30:17,80.2367,19395,0,-1556191,0
2018-05-07 02:30:20,75.886,19400,0,-1472188,0
2018-05-07 02:30:21,845.3397,19400,0,-16399590,0
2018-05-07 02:30:21,93.6729,19400,0,-1817254,0
2018-05-07 02:31:47,463.5538,19410,0,8997579,1
2018-05-07 02:31:55,94.9589,19390,0,1841253,1
2018-05-07 02:31:58,26.3,19385,0,509826,1
2018-05-07 02:31:59,75.5968,19385,0,1465444,1
2018-05-07 02:33:14,101.2,19410,0,1964292,1
2018-05-07 02:33:19,0.0003,19405,0,6,1
2018-05-07 02:34:16,65.7,19400,0,1274580,1
2018-05-07 02:34:16,482.7045,19400,0,9364467,1
2018-05-07 02:34:22,89.9857,19390,0,1744823,1
2018-05-07 02:36:56,22.9113,19350,0,-443334,0
2018-05-07 02:37:14,22.9113,19360,0,443563,1
2018-05-07 02:39:27,13.9565,19360,0,-270198,0
2018-05-07 02:41:57,13.3613,19340,0,258408,1
2018-05-07 02:44:17,831.7285,19260,0,-16019091,0
2018-05-07 02:54:24,0.3,19250,0,5775,1
2018-05-07 02:55:35,3.273,19270,0,63071,1
2018-05-07 03:09:31,828.7507,19335,0,16023895,1
2018-05-07 03:11:03,875.5176,19365,0,-16954398,0
2018-05-07 03:13:39,335.2852,19355,0,6489445,1
2018-05-07 03:14:26,20.0,19360,0,-387200,0
2018-05-07 03:14:30,226.845,19370,0,-4393988,0
2018-05-07 03:16:17,104.6588,19390,0,2029334,1
2018-05-07 03:16:25,178.799,19400,0,-3468701,0
2018-05-07 03:17:32,3.3718,19390,0,65379,1
2018-05-07 03:19:20,3.6703,19400,0,71204,1
2018-05-07 03:22:34,854.1755,19360,0,16536838,1
2018-05-07 03:24:30,16.0,19330,0,-309280,0
2018-05-07 03:24:45,0.2,19280,0,3856,1
2018-05-07 03:25:23,1153.4363,19325,0,-22290156,0
2018-05-07 03:33:05,9.756,19290,0,188193,1
2018-05-07 03:33:05,547.1752,19290,0,10555010,1
2018-05-07 03:33:23,293.42008067,19280,0,5657139,1
2018-05-07 03:34:25,20.0,19280,0,-385600,0
2018-05-07 03:34:29,20.0,19290,0,-385800,0
2018-05-07 03:36:17,3.0,19280,0,-57840,0
2018-05-07 03:36:21,102.7074,19285,0,-1980712,0
2018-05-07 03:36:21,12.077,19285,0,-232905,0
2018-05-07 03:36:56,9.2795,19290,0,-179002,0
2018-05-07 03:37:14,415.1571,19305,0,-8014608,0
2018-05-07 03:51:41,77.23165554,19345,0,1494046,1
2018-05-07 03:54:58,164.3,19350,0,3179205,1
2018-05-07 03:55:02,659.5743,19340,0,12756167,1
2018-05-07 03:58:41,203.01522171,19340,0,-3926314,0
2018-05-07 03:58:42,1000.0,19340,0,-19340000,0
2018-05-07 03:58:42,15.5198,19340,0,-300153,0
2018-05-07 03:58:42,34.94537828,19340,0,-675844,0
2018-05-07 04:01:25,33.2082,19350,0,642579,1
2018-05-07 04:02:08,0.0076,19350,0,147,1
2018-05-07 04:04:53,787.4211,19360,0,15244472,1
2018-05-07 04:04:53,15.0,19360,0,290400,1
2018-05-07 04:05:02,9.91,19330,0,191560,1
2018-05-07 04:05:02,0.2,19330,0,3866,1
2018-05-07 04:05:03,407.7335,19330,0,7881489,1
2018-05-07 04:13:50,3.3413,19320,0,-64554,0
2018-05-07 04:14:04,2.9581,19310,0,-57121,0
2018-05-07 04:14:27,6.2994,19330,0,121767,1
2018-05-07 04:25:16,399.7108,19260,0,-7698430,0
2018-05-07 04:27:00,11.2399,19270,0,-216593,0
2018-05-07 04:28:23,6.0,19285,0,115710,1
2018-05-07 04:30:57,995.0493,19245,0,-19149724,0
2018-05-07 04:38:58,45.1393,19190,0,866223,1
2018-05-07 04:38:58,0.1563,19190,0,2999,1
2018-05-07 04:38:58,235.7897,19190,0,4524804,1
2018-05-07 04:46:43,0.1,19165,0,1917,1
2018-05-07 05:14:49,1.1,19135,0,21049,1
2018-05-07 05:14:50,110.782,19135,0,2119814,1
2018-05-07 05:15:48,65.2639,19140,0,1249151,1
2018-05-07 05:17:30,18.7339,19110,0,358005,1
2018-05-07 05:17:30,108.9599,19110,0,2082224,1
2018-05-07 05:17:30,128.4241,19110,0,2454185,1
2018-05-07 05:18:32,685.5509,19105,0,13097450,1
2018-05-07 05:19:42,4.99,19120,0,-95409,0
2018-05-07 05:19:46,7.7291,19150,0,-148012,0
2018-05-07 05:19:46,61.724,19145,0,-1181706,0
2018-05-07 05:19:50,20.0,19140,0,-382800,0
2018-05-07 05:19:54,20.0,19140,0,-382800,0
2018-05-07 05:20:53,114.4431,19145,0,2191013,1
2018-05-07 05:21:42,0.0001,19130,0,-2,0
2018-05-07 05:23:53,61.724,19175,0,-1183558,0
2018-05-07 05:24:42,13.86,19170,0,-265696,0
2018-05-07 05:25:01,99.8,19140,0,-1910172,0
2018-05-07 05:25:24,521.8,19160,0,-9997688,0
2018-05-07 05:27:27,430.3644,19120,0,-8228567,0
2018-05-07 05:29:47,313.7531,19135,0,6003666,1
2018-05-07 05:29:51,140.0198,19115,0,2676478,1
2018-05-07 05:29:51,50.0,19115,0,955750,1
2018-05-07 05:29:51,97.0,19115,0,1854155,1
2018-05-07 05:31:19,32.7002,19180,0,-627190,0
2018-05-07 05:31:28,48.9,19170,0,-937413,0
2018-05-07 05:31:33,20.0,19180,0,-383600,0
2018-05-07 05:31:37,0.0048,19185,0,-92,0
2018-05-07 05:31:38,0.9953,19185,0,-19095,0
2018-05-07 05:33:49,4.0238,19165,0,77116,1
2018-05-07 05:34:42,1.3613,19200,0,26137,1
2018-05-07 05:35:28,61.72,19150,0,-1181938,0
2018-05-07 05:35:33,521.1,19170,0,-9989487,0
2018-05-07 05:36:29,0.1,19145,0,1915,1
2018-05-07 05:36:36,0.6,19140,0,11484,1
2018-05-07 05:56:33,66.8307,19180,0,1281813,1
2018-05-07 06:08:12,20.0,19020,0,380400,1
2018-05-07 06:08:12,14.1961,19020,0,270010,1
2018-05-07 06:08:12,47.51,19020,0,903640,1
2018-05-07 06:08:12,685.1465,19020,0,13031486,1
2018-05-07 06:08:19,63.3257,19020,0,1204455,1
2018-05-07 06:08:20,204.9558,19020,0,3898259,1
2018-05-07 06:08:20,100.0,19020,0,1902000,1
2018-05-07 06:08:20,4.146,19020,0,78857,1
2018-05-07 06:10:55,0.0001,19050,0,-2,0
2018-05-07 06:10:59,61.5342,19080,0,-1174073,0
2018-05-07 06:12:37,61.5343,19060,0,1172844,1
2018-05-07 06:14:55,185.6755,19050,0,-3537118,0
2018-05-07 06:14:55,100.0,19050,0,-1905000,0
2018-05-07 06:15:23,21.8481,19040,0,415988,1
2018-05-07 06:16:15,20.0,19050,0,-381000,0
2018-05-07 06:18:09,36.26405239,19010,0,-689380,0
2018-05-07 06:18:21,135.57,19040,0,-2581253,0
2018-05-07 06:20:12,134.99288687,19065,0,2573639,1
2018-05-07 06:21:07,18.5584,19025,0,-353074,0
2018-05-07 06:21:20,282.6735,19045,0,-5383517,0
2018-05-07 06:26:26,279.8307,19070,0,5336371,1
2018-05-07 06:29:27,3.898,19100,0,-74452,0
2018-05-07 06:29:31,681.0275,19105,0,-13011030,0
2018-05-07 06:32:06,5.005,19150,0,95846,1
2018-05-07 06:33:26,513.7326,19120,0,9822567,1
2018-05-07 06:33:26,270.7832,19120,0,5177375,1
2018-05-07 06:33:56,7.0,19160,0,-134120,0
2018-05-07 06:34:47,12.9248,19125,0,-247187,0
2018-05-07 06:34:47,113.3737,19125,0,-2168272,0
2018-05-07 06:34:52,210.0,19145,0,-4020450,0
2018-05-07 06:37:50,676.2883,19115,0,-12927251,0
2018-05-07 06:38:39,10.0,19105,0,191050,1
2018-05-07 06:41:19,135.9691,19105,0,2597690,1
2018-05-07 06:41:56,331.9432,19100,0,6340115,1
2018-05-07 06:50:25,41.8,19110,0,798798,1
2018-05-07 06:53:20,737.349,19100,0,14083366,1
2018-05-07 06:59:06,0.2617,19100,0,-4998,0
2018-05-07 06:59:06,1084.9714,19100,0,-20722954,0
2018-05-07 06:59:06,56.0489,19100,0,-1070534,0
2018-05-07 06:59:06,8.718,19100,0,-166514,0
2018-05-07 06:59:06,250.0,19100,0,-4775000,0
2018-05-07 07:00:43,253.2517,19110,0,4839640,1
2018-05-07 07:05:03,183.7574,19205,0,3529061,1
2018-05-07 07:05:03,83.918,19205,0,1611645,1
2018-05-07 07:05:04,7.1335,19205,0,136999,1
2018-05-07 07:05:04,19.9999,19205,0,384098,1
2018-05-07 07:05:21,23.0083,19215,0,442104,1
2018-05-07 07:05:22,36.1,19215,0,693662,1
2018-05-07 07:05:22,139.1,19215,0,2672807,1
2018-05-07 07:05:22,90.5304,19215,0,1739542,1
2018-05-07 07:05:40,103.3874,19235,0,1988657,1
2018-05-07 07:05:53,459.8134,19230,0,8842212,1
2018-05-07 07:07:17,15.9453,19205,0,-306229,0
2018-05-07 07:07:52,15.9453,19230,0,306628,1
2018-05-07 07:08:27,123.9824,19250,0,-2386661,0
2018-05-07 07:08:50,123.9824,19300,0,2392860,1
2018-05-07 07:08:58,0.0001,19300,0,-2,0
2018-05-07 07:27:44,13.0333,19340,0,-252064,0
2018-05-07 07:27:44,217.4422,19340,0,-4205332,0
2018-05-07 07:31:06,0.2,19280,0,3856,1
2018-05-07 07:31:15,230.2756,19300,0,4444319,1
2018-05-07 07:38:18,1.8,19380,0,-34884,0
2018-05-07 07:38:23,1.9,19380,0,-36822,0
2018-05-07 07:38:57,3.7,19380,0,71706,1
2018-05-07 07:41:41,1.0,19360,0,-19360,0
2018-05-07 07:42:38,30.0836,19350,0,-582118,0
2018-05-07 07:42:55,0.0145,19350,0,281,1
2018-05-07 07:42:56,30.14,19350,0,583209,1
2018-05-07 07:43:04,0.0001,19350,0,-2,0
2018-05-07 07:43:08,200.0,19370,0,-3874000,0
2018-05-07 07:43:36,20.0,19330,0,386600,1
2018-05-07 07:43:37,117.606,19330,0,2273324,1
2018-05-07 07:43:37,16.34,19330,0,315852,1
2018-05-07 07:46:34,464.5346,19335,0,-8981776,0
2018-05-07 07:46:38,128.90569989,19340,0,-2493036,0
2018-05-07 07:46:38,199.9999001,19340,0,-3867998,0
2018-05-07 07:46:38,214.4279,19340,0,-4147036,0
2018-05-07 07:49:31,111.3756,19325,0,2152333,1
2018-05-07 07:52:30,353.1736,19280,0,6809187,1
2018-05-07 07:52:31,15.5601,19280,0,299999,1
2018-05-07 07:57:01,100.0,19260,0,1926000,1
2018-05-07 07:57:01,195.4096,19260,0,3763589,1
2018-05-07 07:57:02,8.25,19260,0,158895,1
2018-05-07 07:57:09,24.5893,19250,0,473344,1
2018-05-07 07:57:10,246.4931,19250,0,4744992,1
2018-05-07 07:57:38,602.99994356,19280,0,-11625839,0
2018-05-07 07:57:38,5.643e-05,19280,0,-1,0
2018-05-07 07:57:42,5.0,19280,0,-96400,0
2018-05-07 07:59:08,5.0,19290,0,-96450,0
2018-05-07 07:59:08,72.72145023,19290,0,-1402797,0
2018-05-07 07:59:12,5.0,19315,0,-96575,0
2018-05-07 07:59:16,5.0,19335,0,-96675,0
2018-05-07 07:59:30,375.0,19315,0,7243125,1
2018-05-07 07:59:38,320.7215,19305,0,6191529,1
2018-05-07 08:00:19,29.0,19350,0,-561150,0
2018-05-07 08:00:23,6.9544,19350,0,-134568,0
2018-05-07 08:00:24,5.5606,19350,0,-107598,0
2018-05-07 08:00:27,8.1,19335,0,-156614,0
2018-05-07 08:02:57,49.615,19300,0,957570,1
2018-05-07 08:04:50,87.4018,19255,0,-1682922,0
2018-05-07 08:06:46,87.4018,19255,0,1682922,1
2018-05-07 08:15:36,192.4417,19160,0,-3687183,0
2018-05-07 08:16:15,9.9529,19175,0,-190847,0
2018-05-07 08:16:21,123.38,19185,0,-2367045,0
2018-05-07 08:16:38,1074.2254,19200,0,-20625128,0
2018-05-07 08:18:56,40.288,19245,0,775343,1
2018-05-07 08:20:06,417.4751,19270,0,8044745,1
2018-05-07 08:20:10,0.1,19255,0,1926,1
2018-05-07 08:20:10,339.046,19255,0,6528331,1
2018-05-07 08:21:14,20.0,19260,0,385200,1
2018-05-07 08:21:38,1.0,19255,0,19255,1
2018-05-07 08:21:50,38.3606,19250,0,738442,1
2018-05-07 08:21:50,472.0159,19250,0,9086306,1
2018-05-07 08:21:50,21.4567,19250,0,413041,1
2018-05-07 08:21:50,3.559,19250,0,68511,1
2018-05-07 08:21:50,46.6987,19250,0,898950,1
2018-05-07 08:22:45,77.9998,19230,0,-1499936,0
2018-05-07 08:23:15,14.4782,19240,0,-278561,0
2018-05-07 08:23:18,44.8012,19265,0,-863095,0
2018-05-07 08:23:18,21.3018,19265,0,-410379,0
2018-05-07 08:24:32,15.3832,19210,0,295511,1
2018-05-07 08:24:32,83.4647,19210,0,1603357,1
2018-05-07 08:24:33,26.6833,19210,0,512586,1
2018-05-07 08:24:40,8.2542,19190,0,158398,1
2018-05-07 08:24:40,24.7956,19190,0,475828,1
2018-05-07 08:28:31,96.2682,19210,0,-1849312,0
2018-05-07 08:28:36,8.037e-05,19210,0,-2,0
2018-05-07 08:28:36,27.78281962,19210,0,-533708,0
2018-05-07 08:30:16,368.351,19205,0,-7074181,0
2018-05-07 08:30:17,52.9779,19205,0,-1017441,0
2018-05-07 08:30:21,219.9843,19200,0,-4223699,0
2018-05-07 08:32:18,520.1,19185,0,9978119,1
2018-05-07 08:32:51,245.2643,19170,0,4701717,1
2018-05-07 08:37:03,1400.0,19140,0,-26796000,0
2018-05-07 08:46:13,3.3268,19200,0,63875,1
2018-05-07 08:49:28,124.4068,19220,0,2391099,1
2018-05-07 08:51:37,500.0,19210,0,9605000,1
2018-05-07 08:51:37,458.21,19210,0,8802214,1
2018-05-07 08:51:37,20.6893,19210,0,397441,1
2018-05-07 08:51:41,19.62615833,19200,0,376822,1
2018-05-07 08:51:41,273.74094166,19200,0,5255826,1
2018-05-07 08:57:49,86.7619,19230,0,-1668431,0
2018-05-07 08:59:02,86.7619,19235,0,1668865,1
2018-05-07 08:59:55,128.1258,19220,0,-2462578,0
2018-05-07 09:00:18,10.0,19260,0,-192600,0
2018-05-07 09:00:22,379.3342,19290,0,-7317357,0
2018-05-07 09:00:23,1.8,19290,0,-34722,0
2018-05-07 09:00:23,1.4,19290,0,-27006,0
2018-05-07 09:00:31,879.34,19350,0,-17015229,0
2018-05-07 09:01:05,97.1081,19405,0,1884383,1
2018-05-07 09:01:07,44.24306343,19390,0,857873,1
2018-05-07 09:01:07,11.7047,19390,0,226954,1
2018-05-07 09:01:08,0.705,19390,0,13670,1
2018-05-07 09:01:15,12.2,19330,0,235826,1
2018-05-07 09:01:15,20.0,19330,0,386600,1
2018-05-07 09:01:19,61.9452,19345,0,1198330,1
2018-05-07 09:01:19,349.1566,19345,0,6754434,1
2018-05-07 09:03:16,8.93,19530,0,174403,1
2018-05-07 09:03:17,257.27,19530,0,5024483,1
2018-05-07 09:03:18,3.6061,19530,0,70427,1
2018-05-07 09:03:24,866.8688,19540,0,-16938616,0
2018-05-07 09:04:16,40.953,19590,0,802269,1
2018-05-07 09:04:16,274.2587,19590,0,5372728,1
2018-05-07 09:04:16,232.6992,19590,0,4558577,1
2018-05-07 09:04:17,47.7988,19590,0,936378,1
2018-05-07 09:04:17,804.2903,19590,0,15756047,1
2018-05-07 09:04:37,149.232,19560,0,-2918978,0
2018-05-07 09:04:41,6.1255,19565,0,-119845,0
2018-05-07 09:04:41,1.6,19565,0,-31304,0
2018-05-07 09:04:59,9.0,19520,0,175680,1
2018-05-07 09:05:01,7.84,19520,0,153037,1
2018-05-07 09:05:17,140.1175,19500,0,2732291,1
2018-05-07 09:05:51,567.9187,19500,0,-11074415,0
2018-05-07 09:05:52,832.0813,19500,0,-16225585,0
2018-05-07 09:06:53,242.5777,19490,0,4727839,1
2018-05-07 09:06:56,774.066,19490,0,15086546,1
2018-05-07 09:06:56,201.0295,19480,0,3916055,1
2018-05-07 09:06:57,6.0,19480,0,116880,1
2018-05-07 09:06:57,22.7288,19480,0,442757,1
2018-05-07 09:07:00,9.7495,19475,0,189872,1
2018-05-07 09:07:00,26.6666,19475,0,519332,1
2018-05-07 09:07:01,11.1762,19475,0,217656,1
2018-05-07 09:07:13,10.288,19480,0,-200410,0
2018-05-07 09:07:13,16.0,19475,0,-311600,0
2018-05-07 09:07:24,4.4206,19535,0,-86356,0
2018-05-07 09:07:29,0.9504,19515,0,-18547,0
2018-05-07 09:07:29,72.1808,19520,0,-1408969,0
2018-05-07 09:07:36,528.9005,19515,0,-10321493,0
2018-05-07 09:07:43,46.1901,19530,0,902093,1
2018-05-07 09:07:44,31.89,19530,0,622812,1
2018-05-07 09:07:44,16.4,19530,0,320292,1
2018-05-07 09:08:02,389.6085,19540,0,7612950,1
2018-05-07 09:08:03,254.6574,19540,0,4976006,1
2018-05-07 09:09:06,20.0,19590,0,-391800,0
2018-05-07 09:09:10,10.0,19595,0,-195950,0
2018-05-07 09:09:38,122.4209,19560,0,-2394553,0
2018-05-07 09:09:38,99.0977,19560,0,-1938351,0
2018-05-07 09:09:39,63.0196,19560,0,-1232663,0
2018-05-07 09:10:20,6.655,19580,0,130305,1
2018-05-07 09:10:21,28.4925,19580,0,557883,1
2018-05-07 09:10:24,0.4247,19580,0,8316,1
2018-05-07 09:10:35,139.3906,19580,0,2729268,1
2018-05-07 09:10:35,7.697,19580,0,150707,1
2018-05-07 09:10:39,131.8784,19575,0,2581520,1
2018-05-07 09:12:24,24.2891,19520,0,-474123,0
2018-05-07 09:12:25,220.8822,19520,0,-4311621,0
2018-05-07 09:12:44,150.0,19520,0,-2928000,0
2018-05-07 09:12:48,3.8147,19515,0,-74444,0
2018-05-07 09:13:09,43.422,19515,0,847380,1
2018-05-07 09:13:13,355.564,19520,0,6940609,1
2018-05-07 09:13:34,293.4787,19500,0,-5722835,0
2018-05-07 09:13:34,85.7114,19500,0,-1671372,0
2018-05-07 09:13:34,175.21,19500,0,-3416595,0
2018-05-07 09:13:34,21.0294,19500,0,-410073,0
2018-05-07 09:13:45,104.5507,19490,0,2037693,1
2018-05-07 09:13:45,177.0597,19490,0,3450894,1
2018-05-07 09:13:49,58.9,19480,0,1147372,1
2018-05-07 09:14:05,234.9191,19480,0,4576224,1
2018-05-07 09:15:48,3.708e-05,19455,0,-1,0
2018-05-07 09:17:01,1399.9999,19400,0,-27159998,0
2018-05-07 09:19:38,78.203,19340,0,1512446,1
2018-05-07 09:19:38,329.0048,19340,0,6362953,1
2018-05-07 09:19:39,31.74,19340,0,613852,1
2018-05-07 09:19:39,16.4,19340,0,317176,1
2018-05-07 09:20:47,200.14,19330,0,3868706,1
2018-05-07 09:20:48,5.5716,19330,0,107699,1
2018-05-07 09:20:50,21.608,19330,0,417683,1
2018-05-07 09:20:51,275.06099327,19330,0,5316929,1
2018-05-07 09:20:51,30.0,19330,0,579900,1
2018-05-07 09:20:57,83.8929,19330,0,1621650,1
2018-05-07 09:20:58,3.3489,19330,0,64734,1
2018-05-07 09:20:58,140.324,19330,0,2712463,1
2018-05-07 09:20:58,0.2586,19330,0,4999,1
2018-05-07 09:21:20,116.96199291,19345,0,-2262630,0
2018-05-07 09:21:21,12.28440708,19345,0,-237642,0
2018-05-07 09:21:21,36.9621,19345,0,-715032,0
2018-05-07 09:22:31,332.7,19305,0,6422774,1
2018-05-07 09:22:33,17.42,19305,0,336293,1
2018-05-07 09:22:59,84.2591,19300,0,-1626201,0
2018-05-07 09:23:13,84.7948,19310,0,1637388,1
2018-05-07 09:24:41,1400.0,19300,0,-27020000,0
2018-05-07 09:25:22,301.609,19280,0,5815022,1
2018-05-07 09:25:22,155.4001,19280,0,2996114,1
2018-05-07 09:27:34,5.1894,19270,0,100000,1
2018-05-07 09:27:34,259.4631,19270,0,4999854,1
2018-05-07 09:27:35,161.0054,19270,0,3102574,1
2018-05-07 09:27:38,517.333,19265,0,9966420,1
2018-05-07 09:27:56,20.0,19290,0,-385800,0
2018-05-07 09:27:56,96.17106682,19290,0,-1855140,0
2018-05-07 09:27:57,51.3904,19290,0,-991321,0
2018-05-07 09:27:57,251.9712,19290,0,-4860524,0
2018-05-07 09:27:57,57.599,19290,0,-1111085,0
2018-05-07 09:28:04,53.0,19300,0,-1022900,0
2018-05-07 09:28:04,617.6274,19300,0,-11920209,0
2018-05-07 09:28:05,252.241,19300,0,-4868251,0
2018-05-07 09:32:51,527.70658118,19325,0,10197930,1
2018-05-07 09:35:07,742.9929,19325,0,14358338,1
2018-05-07 09:35:52,129.3005,19285,0,2493560,1
2018-05-07 09:36:21,11.6207,19290,0,-224163,0
2018-05-07 09:36:24,12.1728,19280,0,-234692,0
2018-05-07 09:37:35,346.0505,19290,0,-6675314,0
2018-05-07 09:37:41,1030.156,19295,0,-19876860,0
2018-05-07 09:38:41,19.0369,19275,0,366936,1
2018-05-07 09:38:54,1.862,19250,0,35844,1
2018-05-07 09:38:55,44.1162,19250,0,849237,1
2018-05-07 09:38:55,500.0,19250,0,9625000,1
2018-05-07 09:38:55,45.5477,19250,0,876793,1
2018-05-07 09:38:55,3.0,19250,0,57750,1
2018-05-07 09:38:55,781.1121,19250,0,15036408,1
2018-05-07 09:38:56,1.9596,19250,0,37722,1
2018-05-07 09:38:56,3.3655,19250,0,64786,1
2018-05-07 09:41:14,55.365,19205,0,-1063285,0
2018-05-07 09:41:36,61.58,19175,0,-1180797,0
2018-05-07 09:41:50,70.2213,19160,0,1345440,1
2018-05-07 09:41:50,46.7237,19165,0,895460,1
2018-05-07 09:44:18,1079.6502,19105,0,-20626717,0
2018-05-07 09:44:26,1079.6502,19115,0,20637514,1
2018-05-07 09:46:15,22.6365,19100,0,-432357,0
2018-05-07 09:46:39,20.0,19125,0,382500,1
2018-05-07 09:46:48,2.6365,19120,0,50410,1
2018-05-07 09:49:52,27.5,19055,0,-524013,0
2018-05-07 09:49:55,26.062,19055,0,496611,1
2018-05-07 09:49:55,1.438,19055,0,27401,1
2018-05-07 09:51:02,212.7758,19025,0,-4048060,0
2018-05-07 09:52:03,47.1458,19050,0,-898127,0
2018-05-07 09:52:19,39.815,19055,0,-758675,0
2018-05-07 09:52:38,112.9704,19030,0,-2149827,0
2018-05-07 09:52:57,93.8942,19010,0,1784929,1
2018-05-07 09:53:01,0.1,19005,0,1901,1
2018-05-07 09:53:01,132.0861,19005,0,2510296,1
2018-05-07 09:53:22,70.2129,18910,0,1327726,1
2018-05-07 09:53:22,0.5,18920,0,9460,1
2018-05-07 09:53:22,115.9138,18910,0,2191930,1
2018-05-07 09:54:28,1353.55,18950,0,-25649773,0
2018-05-07 09:54:40,1353.55,18970,0,25676844,1
2018-05-07 09:55:28,110.0,18980,0,-2087800,0
2018-05-07 09:55:32,13.3,18990,0,-252567,0
2018-05-07 09:55:37,128.6153,19040,0,-2448835,0
2018-05-07 09:55:42,498.9284,19025,0,-9492113,0
2018-05-07 09:56:45,30.5778,18950,0,579449,1
2018-05-07 09:56:46,8.81472295,18950,0,167039,1
2018-05-07 09:56:47,110.807,18950,0,2099793,1
2018-05-07 09:56:59,439.1985,18950,0,-8322812,0
2018-05-07 09:57:00,115.3595,18950,0,-2186063,0
2018-05-07 09:57:00,26.109,18950,0,-494766,0
2018-05-07 09:57:36,17.7667,18990,0,337390,1
2018-05-07 09:57:45,17.3575,19010,0,329966,1
2018-05-07 09:58:21,916.313,18980,0,17391621,1
2018-05-07 09:58:22,21.0748,18980,0,400000,1
2018-05-07 09:58:22,57.8553,18980,0,1098094,1
2018-05-07 09:58:23,150.9439,18980,0,2864915,1
2018-05-07 10:00:00,28.2657,18870,0,-533374,0
2018-05-07 10:00:04,222.01279746,18910,0,-4198262,0
2018-05-07 10:00:08,42.3399,18900,0,-800224,0
2018-05-07 10:00:12,18.62486351,18910,0,-352196,0
2018-05-07 10:00:16,175.0001,18920,0,-3311002,0
2018-05-07 10:00:23,20.0,19030,0,-380600,0
2018-05-07 10:00:28,55.2233,19030,0,-1050899,0
2018-05-07 10:00:51,20.0,18910,0,378200,1
2018-05-07 10:00:55,126.1257,18905,0,-2384406,0
2018-05-07 10:00:59,293.8164,18905,0,-5554599,0
2018-05-07 10:01:38,348.3901,18900,0,6584573,1
2018-05-07 10:01:38,56.6904,18900,0,1071449,1
2018-05-07 10:01:38,0.1,18900,0,1890,1
2018-05-07 10:01:38,21.4183,18900,0,404806,1
2018-05-07 10:01:39,100.0,18900,0,1890000,1
2018-05-07 10:01:39,15.0701,18900,0,284825,1
2018-05-07 10:01:39,2.8042,18900,0,52999,1
2018-05-07 10:01:39,94.8472,18900,0,1792612,1
2018-05-07 10:01:39,10.0,18900,0,189000,1
2018-05-07 10:01:42,10.2715,18890,0,194029,1
2018-05-07 10:01:53,0.5,18870,0,9435,1
2018-05-07 10:01:57,301.317,18860,0,5682839,1
2018-05-07 10:02:34,348.6774,18870,0,-6579543,0
2018-05-07 10:02:57,33.1447,18910,0,-626766,0
2018-05-07 10:03:21,10.8211,18910,0,-204627,0
2018-05-07 10:03:29,25.0,18895,0,472375,1
2018-05-07 10:03:29,179.3096,18895,0,3388055,1
2018-05-07 10:03:38,171.3101,18880,0,3234335,1
2018-05-07 10:03:42,0.3,18870,0,5661,1
2018-05-07 10:03:42,0.5,18870,0,9435,1
2018-05-07 10:04:09,71.29,18915,0,-1348450,0
2018-05-07 10:04:47,673.5655,18920,0,-12743859,0
2018-05-07 10:05:14,761.079,18965,0,14433863,1
2018-05-07 10:05:31,20.0,18970,0,-379400,0
2018-05-07 10:05:36,19.4,18990,0,-368406,0
2018-05-07 10:05:36,0.6,18990,0,-11394,0
2018-05-07 10:05:50,35.9183,19020,0,-683166,0
2018-05-07 10:06:28,15.8478,18950,0,-300316,0
2018-05-07 10:07:10,91.7661,18875,0,1732085,1
2018-05-07 10:07:55,20.0,18930,0,-378600,0
2018-05-07 10:08:31,2.2031,18910,0,-41661,0
2018-05-07 10:08:32,71.18,18910,0,-1346014,0
2018-05-07 10:08:39,599.799,18910,0,-11342199,0
2018-05-07 10:10:22,4.24276502,18930,0,-80316,0
2018-05-07 10:10:22,400.01083497,18930,0,-7572205,0
2018-05-07 10:11:23,0.8,18915,0,15132,1
2018-05-07 10:15:44,359.4259,18930,0,6803932,1
2018-05-07 10:15:48,0.4,18930,0,7572,1
2018-05-07 10:17:20,500.0,18910,0,9455000,1
2018-05-07 10:17:28,236.8098,18885,0,4472153,1
2018-05-07 10:22:17,1400.0,18800,0,-26320000,0
2018-05-07 10:22:43,100.0,18775,0,1877500,1
2018-05-07 10:22:43,0.1,18775,0,1878,1
2018-05-07 10:22:46,91.6213,18770,0,1719732,1
2018-05-07 10:22:47,53.1845,18770,0,998273,1
2018-05-07 10:22:47,777.74773574,18770,0,14598325,1
2018-05-07 10:22:50,5.0,18770,0,93850,1
2018-05-07 10:22:55,0.5,18775,0,9388,1
2018-05-07 10:22:59,0.8879,18775,0,16670,1
2018-05-07 10:23:04,11.6799,18770,0,219232,1
2018-05-07 10:23:14,197.4275,18755,0,3702753,1
2018-05-07 10:23:14,4.3079,18755,0,80795,1
2018-05-07 10:23:14,157.5433,18755,0,2954725,1
2018-05-07 10:23:52,51.3485,18770,0,-963811,0
2018-05-07 10:24:15,51.3485,18765,0,963555,1
2018-05-07 10:26:24,24.6608,18765,0,-462760,0
2018-05-07 10:26:28,533.0,18820,0,-10031060,0
2018-05-07 10:26:33,12.7786,18765,0,-239790,0
2018-05-07 10:26:39,0.8097,18760,0,-15190,0
2018-05-07 10:27:11,411.6472,18815,0,7745142,1
2018-05-07 10:27:19,108.83,18800,0,2046004,1
2018-05-07 10:27:19,26.365,18800,0,495662,1
2018-05-07 10:27:49,1375.5931,18810,0,-25874906,0
2018-05-07 10:28:17,184.3565,18805,0,3466824,1
2018-05-07 10:28:17,15.5057,18805,0,291585,1
2018-05-07 10:28:18,73.7576,18805,0,1387012,1
2018-05-07 10:29:25,184.7986,18770,0,3468670,1
2018-05-07 10:29:25,26.6594,18770,0,500397,1
2018-05-07 10:29:25,0.2756,18770,0,5173,1
2018-05-07 10:29:26,510.6316,18770,0,9584555,1
2018-05-07 10:29:34,175.0,18755,0,3282125,1
2018-05-07 10:29:34,10.5797,18755,0,198422,1
2018-05-07 10:29:35,57.5711,18755,0,1079746,1
2018-05-07 10:29:39,160.8642,18750,0,3016204,1
2018-05-07 10:32:48,6.0,18845,0,-113070,0
2018-05-07 10:33:21,6.0,18855,0,113130,1
2018-05-07 10:36:03,1.9984851,18800,0,-37572,0
2018-05-07 10:36:08,124.993,18795,0,-2349243,0
2018-05-07 10:36:12,357.473,18770,0,-6709768,0
2018-05-07 10:36:29,13.9829,18795,0,-262809,0
2018-05-07 10:37:57,701.49181466,18820,0,-13202076,0
2018-05-07 10:38:30,599.9744,18810,0,11285518,1
2018-05-07 10:38:34,599.9648,18800,0,11279338,1
2018-05-07 10:39:11,500.0,18830,0,-9415000,0
2018-05-07 10:39:11,1.4731,18830,0,-27738,0
2018-05-07 10:39:19,380.9257,18830,0,-7172831,0
2018-05-07 10:40:39,31.806,18750,0,596363,1
2018-05-07 10:40:43,5.0,18750,0,93750,1
2018-05-07 10:40:43,568.8734,18750,0,10666376,1
2018-05-07 10:41:11,13.4395,18725,0,251655,1
2018-05-07 10:41:11,77.0,18725,0,1441825,1
2018-05-07 10:41:11,186.2799,18725,0,3488091,1
2018-05-07 10:43:19,2.5821,18680,0,-48234,0
2018-05-07 10:43:20,84.0568,18695,0,-1571442,0
2018-05-07 10:43:20,39.9523,18695,0,-746908,0
2018-05-07 10:43:20,15.62,18695,0,-292016,0
2018-05-07 10:43:24,93.0123,18705,0,-1739795,0
2018-05-07 10:43:29,799.95,18710,0,-14967065,0
2018-05-07 10:44:57,14.3093,18710,0,267727,1
2018-05-07 10:44:57,95.953,18710,0,1795281,1
2018-05-07 10:46:34,924.9112,18700,0,17295839,1
2018-05-07 10:49:00,45.6085,18750,0,-855159,0
2018-05-07 10:49:07,1354.3915,18750,0,-25394841,0
2018-05-07 10:50:40,1400.0,18810,0,26334000,1
2018-05-07 10:50:44,689.2091,18760,0,-12929563,0
2018-05-07 10:50:45,84.0,18760,0,-1575840,0
2018-05-07 10:50:50,215.4109,18810,0,4051879,1
2018-05-07 10:51:05,7.2268,18820,0,-136008,0
2018-05-07 10:51:11,75.0001,18830,0,-1412252,0
2018-05-07 10:51:15,126.0365,18845,0,-2375158,0
2018-05-07 10:52:55,766.0616,18815,0,14413449,1
2018-05-07 10:53:46,150.8446,18800,0,-2835878,0
2018-05-07 10:53:50,117.44735744,18800,0,-2208010,0
2018-05-07 10:53:50,4.255e-05,18800,0,-1,0
2018-05-07 10:53:58,1131.708,18810,0,-21287427,0
2018-05-07 10:55:37,901.0001,18820,0,16956822,1
2018-05-07 10:55:37,28.4,18820,0,534488,1
2018-05-07 10:55:37,432.0279,18820,0,8130765,1
2018-05-07 10:55:37,38.572,18820,0,725925,1
2018-05-07 10:55:50,0.0001,18830,0,-2,0
2018-05-07 10:55:55,0.4077,18830,0,-7677,0
2018-05-07 10:56:03,48.403,18850,0,-912397,0
2018-05-07 10:57:01,30.0,18830,0,564900,1
2018-05-07 10:57:01,18.8108,18830,0,354207,1
2018-05-07 10:57:27,378.8765,18840,0,-7138033,0
2018-05-07 10:57:49,1.8132,18845,0,-34170,0
2018-05-07 10:57:49,203.3908,18845,0,-3832900,0
2018-05-07 10:57:53,815.9195,18850,0,-15380083,0
2018-05-07 10:58:26,535.3926,18835,0,10084120,1
2018-05-07 10:58:30,864.6074,18825,0,16276234,1
2018-05-07 10:59:24,728.9679,18825,0,-13722821,0
2018-05-07 11:02:31,728.9679,18860,0,13748335,1
2018-05-07 11:03:26,10.1694,18805,0,-191236,0
2018-05-07 11:03:38,10.1694,18795,0,191134,1
2018-05-07 11:06:39,107.7367,18785,0,-2023834,0
2018-05-07 11:06:43,11.4844,18790,0,-215792,0
2018-05-07 11:06:43,1231.7789,18790,0,-23145126,0
2018-05-07 11:06:43,49.0,18790,0,-920710,0
2018-05-07 11:07:20,39.6043,18765,0,743175,1
2018-05-07 11:10:37,352.3476,18815,0,6629420,1
2018-05-07 11:11:15,942.1545,18830,0,17740769,1
2018-05-07 11:11:15,20.4425,18830,0,384932,1
2018-05-07 11:11:15,45.4511,18830,0,855844,1
2018-05-07 11:11:40,228.0848,18830,0,-4294837,0
2018-05-07 11:11:40,14.744,18830,0,-277630,0
2018-05-07 11:11:41,30.75,18830,0,-579023,0
2018-05-07 11:11:41,0.95,18830,0,-17889,0
2018-05-07 11:11:45,3.4005,18820,0,-63997,0
2018-05-07 11:12:27,277.9293,18815,0,5229240,1
2018-05-07 11:13:55,81.08,18790,0,-1523493,0
2018-05-07 11:14:08,39.5148,18790,0,742483,1
2018-05-07 11:14:09,41.5652,18790,0,781010,1
2018-05-07 11:14:17,3.767e-05,18790,0,-1,0
2018-05-07 11:15:31,175.0,18845,0,-3297875,0
2018-05-07 11:15:35,42.7064,18850,0,-805016,0
2018-05-07 11:16:51,0.3,18810,0,5643,1
2018-05-07 11:16:52,217.4064,18810,0,4089414,1
2018-05-07 11:17:54,7.81,18865,0,-147336,0
2018-05-07 11:17:58,53.2626,18865,0,-1004799,0
2018-05-07 11:18:11,118.1776,18865,0,-2229420,0
2018-05-07 11:18:37,179.2502,18860,0,3380659,1
2018-05-07 11:19:48,373.3,18855,0,-7038572,0
2018-05-07 11:19:52,0.66315033,18875,0,-12517,0
2018-05-07 11:19:52,397.15194966,18875,0,-7496243,0
2018-05-07 11:22:21,312.805,18810,0,5883862,1
2018-05-07 11:22:21,22.4883,18810,0,423005,1
2018-05-07 11:22:25,1.0619,18805,0,19969,1
2018-05-07 11:22:25,40.7424,18805,0,766161,1
2018-05-07 11:22:25,5.3097,18805,0,99849,1
2018-05-07 11:22:33,388.7078,18800,0,7307707,1
2018-05-07 11:25:36,220.0,18835,0,-4143700,0
2018-05-07 11:28:17,23.2917,18930,0,440912,1
2018-05-07 11:28:34,28.1025,18920,0,531699,1
2018-05-07 11:28:34,125.03,18920,0,2365568,1
2018-05-07 11:28:35,43.5758,18920,0,824454,1
2018-05-07 11:28:51,20.0,18960,0,-379200,0
2018-05-07 11:29:10,19.8047,18955,0,375398,1
2018-05-07 11:30:29,457.1286,18990,0,-8680872,0
2018-05-07 11:30:33,179.6598,18985,0,-3410841,0
2018-05-07 11:30:37,2.4324,18995,0,-46203,0
2018-05-07 11:30:41,695.0414,19030,0,-13226638,0
2018-05-07 11:32:19,0.4702,19010,0,8939,1
2018-05-07 11:32:23,96.8628,19005,0,1840878,1
2018-05-07 11:32:27,42.1,19020,0,800742,1
2018-05-07 11:32:43,23.48011572,19010,0,446357,1
2018-05-07 11:32:47,0.9474,19000,0,18001,1
2018-05-07 11:32:47,0.3,19000,0,5700,1
2018-05-07 11:32:47,21.5941,19000,0,410288,1
2018-05-07 11:32:48,5.2,19000,0,98800,1
2018-05-07 11:32:51,2.0,19000,0,38000,1
2018-05-07 11:32:51,105.2631,19000,0,1999999,1
2018-05-07 11:32:52,69.7659,19000,0,1325552,1
2018-05-07 11:32:55,105.2354,19005,0,1999999,1
2018-05-07 11:32:55,514.6,19005,0,9779973,1
2018-05-07 11:32:56,11.68,19005,0,221978,1
2018-05-07 11:33:20,14.9,18995,0,283026,1
2018-05-07 11:33:20,108.4212,18995,0,2059461,1
2018-05-07 11:33:21,7.8,18995,0,148161,1
2018-05-07 11:33:21,0.2,18995,0,3799,1
2018-05-07 11:33:30,20.0,18960,0,379200,1
2018-05-07 11:33:31,10.49,18960,0,198890,1
2018-05-07 11:33:31,9.63359704,18960,0,182653,1
2018-05-07 11:33:49,11.6328,18950,0,-220442,0
2018-05-07 11:34:01,250.37,18940,0,-4742008,0
2018-05-07 11:34:34,346.8895,18950,0,6573556,1
2018-05-07 11:34:51,78.627,18970,0,1491554,1
2018-05-07 11:35:32,20.0,18940,0,-378800,0
2018-05-07 11:36:33,1229.8087839,18950,0,-23304876,0
2018-05-07 11:36:33,150.19121609,18950,0,-2846124,0
2018-05-07 11:38:27,0.2431,18940,0,4604,1
2018-05-07 11:39:07,151.8022,18880,0,2866026,1
2018-05-07 11:39:07,50.3948,18880,0,951454,1
2018-05-07 11:39:08,413.7,18880,0,7810656,1
2018-05-07 11:42:22,3.203,18800,0,60216,1
2018-05-07 11:43:02,406.0261,18755,0,7615020,1
2018-05-07 11:43:02,19.0665,18760,0,357688,1
2018-05-07 11:43:05,355.5643,18730,0,6659719,1
2018-05-07 11:44:24,239.9,18790,0,-4507721,0
2018-05-07 11:44:35,152.5441,18815,0,-2870117,0
2018-05-07 11:44:44,0.0001,18830,0,-2,0
2018-05-07 11:44:49,216.6,18820,0,-4076412,0
2018-05-07 11:44:54,5.0968,18800,0,-95820,0
2018-05-07 11:45:29,15.0,18840,0,-282600,0
2018-05-07 11:45:41,27.7135,18850,0,-522399,0
2018-05-07 11:45:42,14.9999,18850,0,-282748,0
2018-05-07 11:45:45,15.0,18865,0,-282975,0
2018-05-07 11:45:49,175.5845,18850,0,-3309768,0
2018-05-07 11:47:25,43.2774,18795,0,813399,1
2018-05-07 11:47:30,274.3418,18810,0,5160369,1
2018-05-07 11:48:44,310.5843,18800,0,-5838985,0
2018-05-07 11:56:04,43.3045,18815,0,814774,1
2018-05-07 11:56:04,163.0423,18820,0,3068456,1
2018-05-07 11:56:17,250.02,18815,0,-4704126,0
2018-05-07 11:58:10,899.0772,18855,0,16952101,1
2018-05-07 11:59:37,127.7597,18850,0,-2408270,0
2018-05-07 11:59:40,50.0,18855,0,-942750,0
2018-05-07 11:59:41,13.0,18855,0,-245115,0
2018-05-07 11:59:44,87.5419,18855,0,-1650603,0
2018-05-07 12:00:36,242.8384,18850,0,-4577504,0
2018-05-07 12:00:36,132.8583,18850,0,-2504379,0
2018-05-07 12:00:37,7.2455,18850,0,-136578,0
2018-05-07 12:00:37,140.1259,18850,0,-2641373,0
2018-05-07 12:00:38,40.5718,18850,0,-764778,0
2018-05-07 12:05:05,841.9415,18890,0,15904275,1
2018-05-07 12:06:19,109.344,18885,0,-2064961,0
2018-05-07 12:07:16,109.344,18890,0,2065508,1
2018-05-07 12:08:11,1400.0,18890,0,-26446000,0
2018-05-07 12:09:28,15.8687,18905,0,299998,1
2018-05-07 12:09:29,1384.1313,18900,0,26160082,1
2018-05-07 12:16:12,77.1485,18840,0,-1453478,0
2018-05-07 12:16:45,7.9263,18830,0,149252,1
2018-05-07 12:16:49,0.1,18835,0,1884,1
2018-05-07 12:19:01,31.4367,18825,0,591796,1
2018-05-07 12:19:05,22.1018,18820,0,415956,1
2018-05-07 12:19:05,3.0,18820,0,56460,1
2018-05-07 12:19:05,12.5837,18820,0,236825,1
2018-05-07 12:20:03,20.0,18850,0,-377000,0
2018-05-07 12:20:34,20.0,18800,0,376000,1
2018-05-07 12:21:34,46.034,18785,0,-864749,0
2018-05-07 12:23:02,47.8096,18780,0,-897864,0
2018-05-07 12:23:02,23.1081,18780,0,-433970,0
2018-05-07 12:23:08,532.0,18790,0,-9996280,0
2018-05-07 12:24:22,2.9994,18775,0,-56314,0
2018-05-07 12:24:29,290.5853,18775,0,-5455739,0
2018-05-07 12:26:57,43.0912,18770,0,808822,1
2018-05-07 12:26:57,266.4,18770,0,5000328,1
2018-05-07 12:26:58,90.934,18770,0,1706831,1
2018-05-07 12:27:03,184.0,18770,0,3453680,1
2018-05-07 12:27:19,19.5271,18755,0,366231,1
2018-05-07 12:27:19,295.3331,18755,0,5538972,1
2018-05-07 12:27:20,43.251,18755,0,811173,1
2018-05-07 12:28:05,184.273,18750,0,-3455119,0
2018-05-07 12:28:49,184.273,18725,0,3450512,1
2018-05-17 11:30:53,194.0,15150,0,-2939100,0
2018-05-17 11:31:39,194.0,15140,0,2937160,1
2018-05-17 11:38:52,175.0,15060,0,-2635500,0
2018-05-17 11:40:23,16.8668,15020,0,253339,1
2018-05-17 11:40:23,125.8892,15020,0,1890856,1
2018-05-17 11:40:32,32.244,15010,0,483982,1
2018-05-17 11:43:21,365.459,14970,0,-5470921,0
2018-05-17 11:44:20,41.0904,14950,0,614301,1
2018-05-17 11:44:20,34.0245,14950,0,508666,1
2018-05-17 11:44:21,1.0036,14950,0,15004,1
2018-05-17 11:44:21,100.0,14950,0,1495000,1
2018-05-17 11:44:21,9.85,14950,0,147258,1
2018-05-17 11:44:46,71.1272,14940,0,1062640,1
2018-05-17 11:44:46,108.3633,14940,0,1618948,1
2018-05-17 11:50:25,1000.0,15100,0,-15100000,0
2018-05-17 11:55:21,612.76068085,15160,0,9289452,1
2018-05-17 11:55:21,27.29,15160,0,413716,1
2018-05-17 11:56:41,242.7111,15090,0,3662510,1
2018-05-17 11:56:42,117.2382,15080,0,1767952,1
2018-05-17 12:08:00,13.7048,15260,0,-209135,0
2018-05-17 12:08:26,986.2952,15280,0,-15070591,0
2018-05-17 12:09:14,298.32134502,15270,0,4555367,1
2018-05-17 12:09:14,701.67865497,15270,0,10714633,1
2018-05-17 12:11:53,1000.0,15260,0,-15260000,0
2018-05-17 12:12:33,11.979,15300,0,183279,1
2018-05-17 12:12:33,100.7833,15300,0,1541984,1
2018-05-17 12:12:49,823.7076,15300,0,12602726,1
2018-05-17 12:12:49,42.7036,15300,0,653365,1
2018-05-17 12:12:49,20.8265,15300,0,318645,1
2018-05-17 12:30:38,8.3323,15150,0,-126234,0
2018-05-17 12:30:57,0.5,15130,0,7565,1
2018-05-17 12:32:15,992.1677,15100,0,-14981732,0
2018-05-17 12:33:40,486.3022,15080,0,7333437,1
2018-05-17 12:33:45,119.8382,15070,0,1805962,1
2018-05-17 12:33:45,25.228,15070,0,380186,1
2018-05-17 12:33:45,10.6001,15070,0,159744,1
2018-05-17 12:33:46,37.7757,15070,0,569280,1
2018-05-17 12:34:29,320.2558,15050,0,4819850,1
2018-05-17 12:44:41,250.0,15010,0,-3752500,0
2018-05-17 12:44:41,129.1348,15010,0,-1938313,0
2018-05-17 12:44:41,2.9955,15010,0,-44962,0
2018-05-17 12:44:42,47.4283,15010,0,-711899,0
2018-05-17 12:45:15,429.5586,15040,0,6460561,1
2018-05-17 12:56:40,80.0,14880,0,-1190400,0
2018-05-17 12:57:16,7.29,14840,0,108184,1
2018-05-17 12:57:27,72.71,14780,0,1074654,1
2018-05-17 13:01:29,8.7152,14840,0,-129334,0
2018-05-17 13:01:41,62.79790622,14860,0,-933177,0
2018-05-17 13:02:08,71.5131,14910,0,1066260,1
2018-05-17 13:04:25,72.2722,14860,0,-1073965,0
2018-05-17 13:04:33,1.2241,14830,0,-18153,0
2018-05-17 13:04:37,73.4963,14860,0,1092155,1
2018-05-17 13:08:58,173.3497,14800,0,-2565576,0
2018-05-17 13:08:58,400.0,14800,0,-5920000,0
2018-05-17 13:08:58,321.577,14800,0,-4759340,0
2018-05-17 13:08:59,21.8649,14800,0,-323601,0
2018-05-17 13:12:21,100.0,14810,0,1481000,1
2018-05-17 13:12:21,138.0466,14810,0,2044470,1
2018-05-17 13:12:21,111.0,14810,0,1643910,1
2018-05-17 13:12:22,111.194,14810,0,1646783,1
2018-05-17 13:12:30,3.0,14830,0,44490,1
2018-05-17 13:14:52,9.0,14790,0,133110,1
2018-05-17 13:14:53,31.0,14790,0,458490,1
2018-05-17 13:14:53,131.8272,14790,0,1949724,1
2018-05-17 13:14:53,212.8049,14790,0,3147384,1
2018-05-17 13:14:53,68.9189,14790,0,1019311,1
2018-05-17 13:15:55,31.13979535,14870,0,-463049,0
2018-05-17 13:17:17,31.1398,14870,0,463049,1
2018-05-17 13:22:06,626.24739147,15010,0,-9399973,0
2018-05-17 13:22:06,373.75260852,15010,0,-5610027,0
2018-05-17 13:23:26,1.1701,14930,0,17470,1
2018-05-17 13:23:26,11.523,14930,0,172038,1
2018-05-17 13:25:57,4.0,14950,0,59800,1
2018-05-17 13:32:29,26.4289,14920,0,394319,1
2018-05-17 13:32:53,23.7786,14910,0,354539,1
2018-05-17 13:33:00,121.8951,14900,0,1816237,1
2018-05-17 13:36:29,399.23129063,14950,0,5968508,1
2018-05-17 13:41:58,50.0,14860,0,743000,1
2018-05-17 13:45:24,52.913,14870,0,786816,1
2018-05-17 13:51:12,309.06,14860,0,4592632,1
2018-05-17 13:57:35,37.3866,14790,0,-552948,0
2018-05-17 13:58:27,37.3866,14760,0,551826,1
2018-05-17 13:59:15,5.895,14750,0,-86951,0
2018-05-17 13:59:15,25.75357796,14760,0,-380123,0
2018-05-17 13:59:41,31.6486,14790,0,468083,1
2018-05-17 14:03:36,179.25576641,14770,0,-2647608,0
2018-05-17 14:04:49,179.2558,14720,0,2638645,1
2018-05-17 14:05:18,7.2885,14730,0,-107360,0
2018-05-17 14:05:24,770.03882294,14740,0,-11350372,0
2018-05-17 14:16:39,777.3273,14810,0,11512217,1
2018-05-17 14:34:47,240.8476,14920,0,-3593446,0
2018-05-17 14:34:48,759.1524,14920,0,-11326554,0
2018-05-17 14:37:07,144.62193087,14930,0,2159205,1
2018-05-17 14:37:31,855.3781,14950,0,12787903,1
2018-05-17 14:49:45,1.0,15100,0,-15100,0
2018-05-17 14:49:45,1.0,15100,0,-15100,0
2018-05-17 14:49:46,15.0,15100,0,-226500,0
2018-05-17 14:49:46,5.1392,15100,0,-77602,0
2018-05-17 14:49:46,49.4791,15100,0,-747134,0
2018-05-17 14:49:46,399.8554,15100,0,-6037817,0
2018-05-17 14:49:46,0.0833,15100,0,-1258,0
2018-05-17 14:49:47,26.2797,15100,0,-396823,0
2018-05-17 14:49:47,137.1633,15100,0,-2071166,0
2018-05-17 14:49:47,365.0,15100,0,-5511500,0
2018-05-17 14:51:48,397.0042,15030,0,5966973,1
2018-05-17 14:53:09,223.9727,15080,0,3377508,1
2018-05-17 14:53:40,305.8036,15080,0,4611518,1
2018-05-17 14:57:29,0.8318,14990,0,12469,1
2018-05-17 14:57:29,1.5741,14990,0,23596,1
2018-05-17 14:57:29,70.0751,14990,0,1050426,1
2018-05-17 14:57:29,0.7385,14990,0,11070,1
2018-05-17 15:06:22,175.0,14980,0,-2621500,0
2018-05-17 15:08:28,10.0,14960,0,149600,1
2018-05-17 15:08:28,47.2803,14960,0,707313,1
2018-05-17 15:09:58,0.9,14910,0,13419,1
2018-05-17 15:09:58,2.8118,14910,0,41924,1
2018-05-17 15:10:43,114.0079,14920,0,1700998,1
2018-05-17 15:59:10,389.6445,14880,0,-5797910,0
2018-05-17 15:59:22,9.0,14880,0,-133920,0
2018-05-17 16:04:56,398.6445,14840,0,5915884,1
2018-05-17 16:08:30,381.64612794,14850,0,-5667445,0
2018-05-17 16:08:30,601.3488,14850,0,-8930030,0
2018-05-17 16:08:30,17.00507205,14850,0,-252525,0
2018-05-17 16:19:02,56.4901,14810,0,836618,1
2018-05-17 16:27:45,943.5099,14820,0,13982817,1
2018-05-17 16:48:16,193.1878,14680,0,-2835997,0
2018-05-17 16:48:36,193.1878,14670,0,2834065,1
2018-05-17 16:56:42,74.0554,14500,0,-1073803,0
2018-05-17 16:56:43,8.71,14500,0,-126295,0
2018-05-17 16:58:49,82.7654,14520,0,1201754,1
2018-05-17 17:10:35,429.54287479,14590,0,-6267031,0
2018-05-17 17:12:17,429.5429,14590,0,6267031,1
2018-05-17 17:24:00,1000.0,14470,0,-14470000,0
2018-05-17 17:29:18,128.014,14500,0,1856203,1
2018-05-17 17:29:18,644.4134,14500,0,9343994,1
2018-05-17 17:29:19,18.8913,14500,0,273924,1
2018-05-17 17:29:19,4.8791,14500,0,70747,1
2018-05-17 17:29:19,203.8022,14500,0,2955132,1
2018-05-17 17:31:15,81.362,14550,0,-1183817,0
2018-05-17 17:31:26,100.9646,14550,0,-1469035,0
2018-05-17 17:31:42,182.3266,14560,0,2654675,1
2018-05-17 17:57:29,1000.0,14450,0,-14450000,0
2018-05-17 18:07:24,1000.0,14650,0,14650000,1
2018-05-17 18:09:30,112.5515,14710,0,-1655633,0
2018-05-17 18:09:30,10.0,14710,0,-147100,0
2018-05-17 18:09:30,210.0,14710,0,-3089100,0
2018-05-17 18:09:30,4.5,14710,0,-66195,0
2018-05-17 18:09:36,2.0,14690,0,-29380,0
2018-05-17 18:09:43,113.52911872,14680,0,1666607,1
2018-05-17 18:09:43,225.52238127,14680,0,3310669,1
2018-05-17 18:12:47,8.6,14740,0,-126764,0
2018-05-17 18:12:47,1.0,14740,0,-14740,0
2018-05-17 18:12:58,9.6,14750,0,141600,1
2018-05-17 19:03:35,42.4811,14650,0,-622348,0
2018-05-17 19:03:55,5.0,14640,0,73200,1
2018-05-17 19:03:55,19.3192,14640,0,282833,1
2018-05-17 19:03:55,7.9209,14640,0,115962,1
2018-05-17 19:03:55,10.241,14640,0,149928,1
2018-05-17 19:12:41,96.7239,14580,0,-1410234,0
2018-05-17 19:12:41,803.4435,14580,0,-11714206,0
2018-05-17 19:17:12,10.0,14540,0,145400,1
2018-05-17 19:17:12,10.3163,14540,0,149999,1
2018-05-17 19:17:13,141.5669,14540,0,2058383,1
2018-05-17 19:17:13,228.8034,14540,0,3326801,1
2018-05-17 19:17:13,73.1515,14540,0,1063623,1
2018-05-17 19:17:13,23.0057,14540,0,334503,1
2018-05-17 19:17:14,25.0984,14540,0,364931,1
2018-05-17 19:17:14,3.741,14540,0,54394,1
2018-05-17 19:17:19,10.0,14530,0,145300,1
2018-05-17 19:17:19,10.0,14530,0,145300,1
2018-05-17 19:17:20,151.3913,14530,0,2199716,1
2018-05-17 19:17:20,13.0929,14530,0,190240,1
2018-05-17 19:17:20,200.0,14530,0,2906000,1
2018-05-17 19:24:56,175.0,14490,0,-2535750,0
2018-05-17 19:26:49,175.0,14490,0,2535750,1
2018-05-17 19:28:48,78.9204,14490,0,-1143557,0
2018-05-17 19:33:39,78.9204,14570,0,1149870,1
2018-05-17 19:56:57,1000.0,14640,0,-14640000,0
2018-05-17 20:19:00,11.5508,14640,0,169104,1
2018-05-17 20:19:01,988.44,14640,0,14470762,1
2018-05-17 20:49:17,111.5062,14600,0,-1627991,0
2018-05-17 20:49:17,21.8,14600,0,-318280,0
2018-05-17 20:49:17,100.0,14600,0,-1460000,0
2018-05-17 20:49:18,51.2474,14600,0,-748212,0
2018-05-17 20:51:52,73.1187,14620,0,-1068995,0
2018-05-17 20:56:15,169.9346,14630,0,-2486143,0
2018-05-17 21:00:44,527.6161,14650,0,7729576,1
2018-05-17 21:01:54,205.1379,14710,0,-3017579,0
2018-05-17 21:01:54,110.8983,14710,0,-1631314,0
2018-05-17 21:02:20,2.1,14710,0,-30891,0
2018-05-17 21:03:02,138.5,14820,0,-2052570,0
2018-05-17 21:03:32,111.0023,14830,0,1646164,1
2018-05-17 21:03:33,345.6339,14830,0,5125751,1
2018-05-17 21:10:15,128.0332,14910,0,-1908975,0
2018-05-17 21:10:15,3.7601,14910,0,-56063,0
2018-05-17 21:10:15,176.59,14910,0,-2632957,0
2018-05-17 21:10:16,210.0,14910,0,-3131100,0
2018-05-17 21:10:56,87.5471,14940,0,1307954,1
2018-05-17 21:10:56,97.9919,14940,0,1463999,1
2018-05-17 21:10:56,150.388,14940,0,2246797,1
2018-05-17 21:10:57,182.4563,14940,0,2725897,1
2018-05-17 21:11:20,398.2377,14950,0,-5953654,0
2018-05-17 21:11:26,351.3872,14950,0,-5253239,0
2018-05-17 21:11:26,250.3751,14950,0,-3743108,0
2018-05-17 21:11:40,255.5477,14930,0,3815327,1
2018-05-17 21:11:41,138.8,14930,0,2072284,1
2018-05-17 21:11:44,605.6523,14920,0,9036332,1
2018-05-17 21:12:55,859.391,14940,0,-12839302,0
2018-05-17 21:13:19,859.391,14920,0,12822114,1
2018-05-17 21:46:00,1000.0,14670,0,-14670000,0
2018-05-17 21:47:17,4.1576,14640,0,60867,1
2018-05-17 21:47:17,175.0,14640,0,2562000,1
2018-05-17 21:47:17,0.2601,14640,0,3808,1
2018-05-17 21:47:43,820.5823,14640,0,12013325,1
2018-05-17 21:51:12,1000.0,14700,0,-14700000,0
2018-05-17 21:51:58,144.4404,14680,0,2120385,1
2018-05-17 21:51:58,331.9183,14680,0,4872561,1
2018-05-17 21:51:58,299.6632,14680,0,4399056,1
2018-05-17 21:56:22,42.19138979,14710,0,620635,1
2018-05-17 22:00:56,181.7867,14670,0,2666811,1
2018-05-17 22:23:14,1000.0,14770,0,-14770000,0
2018-05-17 22:25:55,178.9975,14740,0,2638423,1
2018-05-17 22:25:56,30.1,14740,0,443674,1
2018-05-17 22:25:56,30.0,14740,0,442200,1
2018-05-17 22:26:23,54.5311,14750,0,804334,1
2018-05-17 22:28:39,0.0598,14710,0,880,1
2018-05-17 22:30:33,585.5496,14740,0,8631001,1
2018-05-17 22:32:27,120.762,14730,0,1778824,1
2018-05-17 23:22:34,74.9311,14720,0,-1102986,0
2018-05-17 23:24:52,74.9311,14750,0,1105234,1
2018-05-18 00:34:24,51.87,14720,0,-763526,0
2018-05-18 00:34:24,1.6019,14720,0,-23580,0
2018-05-18 00:47:16,53.4719,14710,0,786572,1
2018-05-18 01:11:21,1000.0,14770,0,-14770000,0
2018-05-18 01:11:51,536.44453071,14780,0,7928650,1
2018-05-18 01:17:41,536.4446,14720,0,-7896465,0
2018-05-18 01:19:37,82.0138,14640,0,1200682,1
2018-05-18 01:21:22,917.9862,14570,0,13375059,1
2018-05-18 01:35:01,35.0212,14360,0,-502904,0
2018-05-18 01:35:56,35.0212,14330,0,501854,1
2018-05-18 01:36:29,60.0001,14360,0,-861601,0
2018-05-18 01:36:29,89.9999,14360,0,-1292399,0
2018-05-18 01:36:58,850.0,14380,0,-12223000,0
2018-05-18 01:43:00,1000.0,14310,0,14310000,1
2018-05-18 01:45:31,210.0,14280,0,-2998800,0
2018-05-18 01:46:58,3.8019,14360,0,-54595,0
2018-05-18 01:46:58,250.0,14360,0,-3590000,0
2018-05-18 01:47:13,386.045,14380,0,-5551327,0
2018-05-18 01:47:54,30.0,14350,0,430500,1
2018-05-18 01:57:39,819.8469,14430,0,11830391,1
2018-05-18 02:01:15,517.5431,14380,0,-7442270,0
2018-05-18 02:01:16,4.617,14380,0,-66392,0
2018-05-18 02:22:31,17.1646,14360,0,246484,1
2018-05-18 02:32:05,504.9955,14350,0,7246685,1
2018-05-18 02:34:59,7.318e-05,14320,0,-1,0
2018-05-18 02:56:49,160.1864,14150,0,-2266638,0
2018-05-18 02:56:49,728.1611,14150,0,-10303480,0
2018-05-18 02:56:49,111.6524,14150,0,-1579881,0
2018-05-18 02:57:43,73.6574,14130,0,1040779,1
2018-05-18 02:59:40,926.3426,14100,0,13061431,1
2018-05-18 03:06:30,1000.0,14180,0,-14180000,0
2018-05-18 03:07:14,602.5893,14150,0,8526639,1
2018-05-18 03:07:14,328.974,14150,0,4654982,1
2018-05-18 03:07:15,68.4367,14150,0,968379,1
2018-05-18 03:31:37,110.1669,14040,0,-1546743,0
2018-05-18 03:31:37,34.466,14040,0,-483903,0
2018-05-18 03:38:34,33.5,14040,0,470340,1
2018-05-18 03:38:34,7.9974,14040,0,112283,1
2018-05-18 03:38:35,103.1355,14040,0,1448022,1
2018-05-18 03:44:30,629.2884,14000,0,-8810038,0
2018-05-18 03:45:29,0.6,13930,0,8358,1
2018-05-18 03:45:34,22.5,13930,0,313425,1
2018-05-18 03:45:35,10.4,13930,0,144872,1
2018-05-18 03:47:00,595.7884,14020,0,8352953,1
2018-05-18 03:52:25,901.8476,13970,0,-12598811,0
2018-05-18 03:54:12,33.99,14040,0,477220,1
2018-05-18 03:58:15,158.52688509,14090,0,2233644,1
2018-05-18 03:58:27,5.8984,14080,0,83049,1
2018-05-18 03:58:49,703.4323,14050,0,9883224,1
2018-05-18 04:04:37,4.8688,14030,0,-68309,0
2018-05-18 04:10:58,995.1312,14050,0,-13981593,0
2018-05-18 04:13:09,42.4142847,14190,0,601859,1
2018-05-18 04:24:12,147.4283,14110,0,2080213,1
2018-05-18 04:24:17,315.6391,14100,0,4450511,1
2018-05-18 04:24:17,494.5183,14100,0,6972708,1
2018-05-18 04:24:46,160.0,14110,0,-2257600,0
2018-05-18 04:24:52,473.441,14120,0,-6684987,0
2018-05-18 04:31:38,448.64967746,14200,0,6370825,1
2018-05-18 04:31:38,29.7423,14200,0,422341,1
2018-05-18 04:31:39,0.228,14200,0,3238,1
2018-05-18 04:32:29,154.8211,14230,0,2203104,1
2018-05-18 04:50:38,15.0,14170,0,-212550,0
2018-05-18 05:03:39,15.0,14270,0,214050,1
2018-05-18 05:09:35,3.952e-05,14220,0,-1,0
2018-05-18 05:09:44,1000.0,14220,0,-14220000,0
2018-05-18 05:21:21,59.3,14310,0,848583,1
2018-05-18 05:21:21,14.2988,14310,0,204616,1
2018-05-18 05:45:13,81.8053,14320,0,1171452,1
2018-05-18 06:00:27,1.0,14360,0,14360,1
2018-05-18 06:00:28,32.19,14360,0,462248,1
2018-05-18 06:01:03,21.3129,14320,0,305201,1
2018-05-18 06:01:03,169.3709,14320,0,2425391,1
2018-05-18 06:01:18,5.2,14340,0,74568,1
2018-05-18 06:01:32,116.4,14310,0,1665684,1
2018-05-18 06:01:33,137.19,14310,0,1963189,1
2018-05-18 06:01:56,2.8297,14310,0,40493,1
2018-05-18 06:01:56,33.1,14310,0,473661,1
2018-05-18 06:01:57,0.399,14310,0,5710,1
2018-05-18 06:14:13,2.0,14230,0,-28460,0
2018-05-18 06:16:49,46.254,14190,0,656344,1
2018-05-18 06:16:50,151.323,14190,0,2147273,1
2018-05-18 06:17:05,869.9736,14200,0,-12353625,0
2018-05-18 06:19:54,10.0,14160,0,141600,1
2018-05-18 06:23:04,296.8026,14120,0,4190853,1
2018-05-18 06:23:27,150.0,14110,0,2116500,1
2018-05-18 06:25:47,0.5,14120,0,7060,1
2018-05-18 06:25:47,437.6205,14120,0,6179201,1
2018-05-18 06:27:20,104.9638,14100,0,-1479990,0
2018-05-18 06:30:31,2.2714,14110,0,-32049,0
2018-05-18 06:39:49,0.0001,14210,0,-1,0
2018-05-18 06:40:54,195.4637,14240,0,-2783403,0
2018-05-18 06:42:13,387.50181685,14220,0,5510276,1
2018-05-18 06:42:13,20.27408314,14220,0,288297,1
2018-05-18 06:49:32,62.2069,14070,0,-875251,0
2018-05-18 06:49:32,385.4688,14070,0,-5423546,0
2018-05-18 06:54:27,0.5,14030,0,7015,1
2018-05-18 06:54:28,315.45,14030,0,4425764,1
2018-05-18 06:55:06,131.7257,14010,0,1845477,1
2018-05-18 07:08:14,241.17,13850,0,-3340205,0
2018-05-18 07:08:14,8.6866,13850,0,-120309,0
2018-05-18 07:08:53,33.9414,13850,0,470088,1
2018-05-18 07:08:54,59.9,13850,0,829615,1
2018-05-18 07:10:14,156.0152,13880,0,2165491,1
2018-05-18 07:11:51,712.9331,14000,0,-9981063,0
2018-05-18 07:11:51,42.8571,14000,0,-599999,0
2018-05-18 07:11:51,244.2098,14000,0,-3418937,0
2018-05-18 07:12:10,20.0,13960,0,279200,1
2018-05-18 07:12:10,696.3,13960,0,9720348,1
2018-05-18 07:12:10,85.168,13960,0,1188945,1
2018-05-18 07:12:11,76.8665,13960,0,1073056,1
2018-05-18 07:12:11,67.0,13960,0,935320,1
2018-05-18 07:12:11,54.6655,13960,0,763130,1
2018-05-18 07:13:31,872.2399,13860,0,-12089245,0
2018-05-18 07:18:28,140.6255,13800,0,1940632,1
2018-05-18 07:18:28,1.0671,13800,0,14726,1
2018-05-18 07:18:28,33.0,13800,0,455400,1
2018-05-18 07:18:28,157.4571,13800,0,2172908,1
2018-05-18 07:18:28,1.0,13800,0,13800,1
2018-05-18 07:18:29,496.9226,13800,0,6857532,1
2018-05-18 07:18:29,42.1676,13800,0,581913,1
2018-05-18 07:22:57,968.3445,13940,0,-13498722,0
2018-05-18 07:27:30,968.3445,13960,0,13518089,1
2018-05-18 07:39:46,7.664,13920,0,-106683,0
2018-05-18 07:41:36,1.07,13930,0,14905,1
2018-05-18 07:45:16,0.5,13910,0,6955,1
2018-05-18 07:45:24,6.094,13900,0,84707,1
2018-05-18 07:48:13,1000.0,13860,0,-13860000,0
2018-05-18 07:50:19,1000.0,13910,0,13910000,1
2018-05-18 08:12:49,3.5382,13700,0,-48473,0
2018-05-18 08:12:49,35.317,13700,0,-483843,0
2018-05-18 08:14:17,38.8552,13720,0,533093,1
2018-05-18 08:19:17,79.2969,13570,0,-1076059,0
2018-05-18 08:19:34,44.65544401,13610,0,-607761,0
2018-05-18 08:24:08,876.0477,13610,0,-11923009,0
2018-05-18 08:27:29,68.3191,13530,0,924357,1
2018-05-18 08:27:29,200.0,13530,0,2706000,1
2018-05-18 08:27:29,50.388,13530,0,681750,1
2018-05-18 08:27:29,43.1538254,13530,0,583871,1
2018-05-18 08:27:30,176.19,13530,0,2383851,1
2018-05-18 08:27:41,191.45,13510,0,2586490,1
2018-05-18 08:27:41,191.3038,13510,0,2584514,1
2018-05-18 08:28:07,7.2313,13480,0,97478,1
2018-05-18 08:28:07,2.0666,13480,0,27858,1
2018-05-18 08:28:07,69.8974,13480,0,942217,1
2018-05-18 08:32:00,50.1945,13650,0,-685155,0
2018-05-18 08:33:56,0.2,13610,0,2722,1
2018-05-18 08:33:57,49.9945,13610,0,680425,1
2018-05-18 08:34:19,167.1172,13580,0,-2269452,0
2018-05-18 08:39:31,13.3516,13650,0,182249,1
2018-05-18 08:42:00,30.327,13760,0,-417300,0
2018-05-18 08:43:10,78.0445,13790,0,-1076234,0
2018-05-18 08:45:35,225.6071,13810,0,3115634,1
2018-05-18 08:45:40,36.53,13800,0,504114,1
2018-05-18 08:52:37,747.5796,13810,0,-10324074,0
2018-05-18 09:00:22,78.2211,13810,0,1080233,1
2018-05-18 09:00:27,669.3585,13810,0,9243841,1
2018-05-18 09:04:24,543.48,13710,0,-7451111,0
2018-05-18 09:05:36,238.732,13750,0,3282565,1
2018-05-18 09:05:36,171.2112,13750,0,2354154,1
2018-05-18 09:05:36,86.9724,13750,0,1195871,1
2018-05-18 09:06:09,0.197,13760,0,2711,1
2018-05-18 09:06:09,46.3674,13760,0,638015,1
2018-05-18 09:17:10,746.1323,13680,0,-10207090,0
2018-05-18 09:18:51,164.401,13680,0,2249006,1
2018-05-18 09:18:51,183.13,13680,0,2505218,1
2018-05-18 09:18:51,388.6281,13680,0,5316432,1
2018-05-18 09:21:05,9.9732,13750,0,137132,1
2018-05-18 09:24:35,663.2728,13700,0,-9086837,0
2018-05-18 09:29:04,10.1703,13710,0,139435,1
2018-05-18 09:29:40,653.1025,13660,0,8921380,1
2018-05-18 09:43:46,333.0022,13490,0,-4492200,0
2018-05-18 09:43:46,661.7291,13460,0,-8906874,0
2018-05-18 09:46:43,100.0,13400,0,1340000,1
2018-05-18 09:46:43,19.29426065,13400,0,258543,1
2018-05-18 09:46:43,1.0,13400,0,13400,1
2018-05-18 09:46:43,150.0,13400,0,2010000,1
2018-05-18 09:46:43,1.0,13400,0,13400,1
2018-05-18 09:46:43,300.0,13400,0,4020000,1
2018-05-18 09:46:43,80.7274,13400,0,1081747,1
2018-05-18 09:46:44,207.3932,13400,0,2779069,1
2018-05-18 09:46:44,5.0,13400,0,67000,1
2018-05-18 09:46:44,18.18423934,13400,0,243669,1
2018-05-18 09:46:44,111.5322,13400,0,1494531,1
2018-05-18 09:46:44,0.6,13400,0,8040,1
2018-05-18 09:48:42,154.2355,13460,0,-2076010,0
2018-05-18 09:49:24,154.2355,13480,0,2079095,1
2018-05-18 09:57:03,13.9902,13490,0,-188728,0
2018-05-18 09:57:48,7.5281,13550,0,102006,1
2018-05-18 09:58:27,6.4621,13540,0,87497,1
2018-05-18 09:59:37,1000.0,13630,0,-13630000,0
2018-05-18 10:00:27,21.8476,13670,0,298657,1
2018-05-18 10:02:20,73.56,13620,0,1001887,1
2018-05-18 10:02:20,8.27,13620,0,112637,1
2018-05-18 10:02:23,150.0,13580,0,2037000,1
2018-05-18 10:02:24,713.5894,13580,0,9690544,1
2018-05-18 10:04:58,14.7341,13610,0,-200531,0
2018-05-18 10:04:58,434.76346079,13610,0,-5917131,0
2018-05-18 10:06:37,482.2306,13650,0,6582448,1
2018-05-18 10:08:24,185.9,13710,0,-2548689,0
2018-05-18 10:08:44,185.9,13710,0,2548689,1
2018-05-18 10:10:47,171.8839,13710,0,-2356528,0
2018-05-18 10:11:33,171.8839,13760,0,2365122,1
2018-05-18 10:17:14,55.956,13650,0,-763799,0
2018-05-18 10:22:31,0.0364,13730,0,500,1
2018-05-18 10:22:31,51.5722,13730,0,708086,1
2018-05-18 10:22:31,2.6033,13730,0,35743,1
2018-05-18 10:22:31,1.7441,13730,0,23946,1
2018-05-18 10:24:18,50.9833,13790,0,-703060,0
2018-05-18 10:26:14,50.9833,13850,0,706119,1
2018-05-18 10:36:23,1000.0,14010,0,-14010000,0
2018-05-18 10:36:46,1000.0,13960,0,13960000,1
2018-05-18 10:55:12,278.70746709,13810,0,-3848950,0
2018-05-18 10:55:12,41.7764,13810,0,-576932,0
2018-05-18 10:58:06,320.4839,13760,0,4409858,1
2018-05-18 10:59:02,193.1832,13780,0,-2662064,0
2018-05-18 10:59:02,0.0168,13780,0,-232,0
2018-05-18 10:59:06,15.0,13780,0,-206700,0
2018-05-18 11:01:20,208.2,13700,0,2852340,1
2018-05-18 11:08:05,1000.0,13740,0,-13740000,0
2018-05-18 11:19:18,1000.0,13820,0,13820000,1
2018-05-18 11:20:51,283.3846,13900,0,-3939046,0
2018-05-18 11:20:52,1.4,13900,0,-19460,0
2018-05-18 11:20:52,1.4,13900,0,-19460,0
2018-05-18 11:20:52,1.5,13900,0,-20850,0
2018-05-18 11:21:04,173.4787,13890,0,2409619,1
2018-05-18 11:21:05,114.2059,13890,0,1586320,1
2018-05-18 11:28:51,1000.0,13960,0,-13960000,0
2018-05-18 11:29:23,376.4342,13950,0,5251257,1
2018-05-18 11:29:23,143.782,13950,0,2005759,1
2018-05-18 11:29:23,195.7789,13950,0,2731116,1
2018-05-18 11:29:23,200.0,13950,0,2790000,1
2018-05-18 11:29:27,84.0049,13930,0,1170188,1
2018-05-18 11:33:25,10.5465,13870,0,-146280,0
2018-05-18 11:33:25,45.0832,13870,0,-625304,0
2018-05-18 11:40:40,22.6231,13930,0,315140,1
2018-05-18 11:44:38,33.0066,13910,0,459122,1
2018-05-18 11:45:21,467.2593,13900,0,-6494904,0
2018-05-18 11:56:12,0.4,13850,0,5540,1
2018-05-18 11:58:36,202.4057,13780,0,2789151,1
2018-05-18 11:58:36,225.05,13780,0,3101189,1
2018-05-18 11:58:36,0.02,13780,0,276,1
2018-05-18 11:58:36,0.7741,13780,0,10667,1
2018-05-18 11:58:36,37.6095,13780,0,518259,1
2018-05-18 11:58:36,1.0,13780,0,13780,1
2018-05-18 13:15:05,1000.0,13920,0,-13920000,0
2018-05-18 13:20:15,650.2518,13940,0,9064510,1
2018-05-18 13:20:15,1.0,13940,0,13940,1
2018-05-18 13:25:52,36.4239,13940,0,507749,1
2018-05-18 13:28:16,1.0,14050,0,-14050,0
2018-05-18 13:28:16,420.0,14050,0,-5901000,0
2018-05-18 13:28:17,10.0,14050,0,-140500,0
2018-05-18 13:28:17,81.8495,14050,0,-1149985,0
2018-05-18 13:28:32,399.5757,14060,0,5618034,1
2018-05-18 13:28:33,83.2,14060,0,1169792,1
2018-05-18 13:30:05,182.2753,14050,0,2560968,1
2018-05-18 13:30:05,18.2382,14050,0,256247,1
2018-05-18 13:30:05,14.84,14050,0,208502,1
2018-05-18 13:30:05,12.0907,14050,0,169874,1
2018-05-18 13:30:05,114.9539,14050,0,1615102,1
2018-05-18 13:34:59,394.51195691,14020,0,-5531058,0
2018-05-18 13:34:59,25.52604308,14030,0,-358130,0
2018-05-18 13:37:16,255.8219,14060,0,3596856,1
2018-05-18 13:37:22,164.2161,14060,0,2308878,1
2018-05-18 14:07:51,47.9374,14050,0,-673520,0
2018-05-18 14:15:53,43.2424,13990,0,604961,1
2018-05-18 14:15:53,1.4446,13990,0,20210,1
2018-05-18 14:15:53,3.2504,13990,0,45473,1
2018-05-18 14:19:57,1000.0,13960,0,-13960000,0
2018-05-18 14:26:56,71.4512,13930,0,995315,1
2018-05-18 14:27:02,928.5488,13910,0,12916114,1
2018-05-18 14:31:41,4.9647,13960,0,-69307,0
2018-05-18 14:32:00,50.0,13970,0,-698500,0
2018-05-18 14:32:00,99.85,13970,0,-1394905,0
2018-05-18 14:32:00,254.5047,13970,0,-3555431,0
2018-05-18 14:35:22,0.2,13990,0,2798,1
2018-05-18 14:35:43,409.1194,13990,0,5723580,1
2018-05-18 16:00:26,227.5859,13770,0,-3133858,0
2018-05-18 16:06:37,227.5859,13820,0,3145237,1
2018-05-18 16:19:04,182.84002739,13910,0,-2543305,0
2018-05-18 16:19:04,2.3,13910,0,-31993,0
2018-05-18 16:19:04,1.0,13910,0,-13910,0
2018-05-18 16:19:05,228.6248,13910,0,-3180171,0
2018-05-18 16:19:29,0.1124,13910,0,1563,1
2018-05-18 16:20:21,66.3012,13900,0,-921587,0
2018-05-18 16:23:51,73.0604,14050,0,-1026499,0
2018-05-18 16:23:51,0.1167,14050,0,-1640,0
2018-05-18 16:23:51,24.1221,14050,0,-338916,0
2018-05-18 16:23:51,420.747,14050,0,-5911495,0
2018-05-18 16:23:51,1.0001,14050,0,-14051,0
2018-05-18 16:25:20,113.993,14070,0,1603882,1
2018-05-18 16:25:20,0.228,14070,0,3208,1
2018-05-18 16:25:20,500.0,14070,0,7035000,1
2018-05-18 16:25:21,15.0,14070,0,211050,1
2018-05-18 16:26:25,18.05,14060,0,253783,1
2018-05-18 16:26:25,160.0,14060,0,2249600,1
2018-05-18 16:26:25,113.2991,14060,0,1592985,1
2018-05-18 16:27:40,79.4298,14080,0,1118372,1
2018-05-18 16:32:21,1000.0,14140,0,-14140000,0
2018-05-18 16:32:40,1000.0,14120,0,14120000,1
2018-05-18 16:33:56,15.0,14190,0,-212850,0
2018-05-18 16:33:56,1.1,14190,0,-15609,0
2018-05-18 16:33:56,1.1,14190,0,-15609,0
2018-05-18 16:33:56,5.7,14190,0,-80883,0
2018-05-18 16:33:56,108.05008315,14190,0,-1533231,0
2018-05-18 16:33:56,1.4,14190,0,-19866,0
2018-05-18 16:33:56,270.7,14190,0,-3841233,0
2018-05-18 16:33:56,2.4,14190,0,-34056,0
2018-05-18 16:33:56,1.1,14190,0,-15609,0
2018-05-18 16:33:57,245.96091684,14190,0,-3490185,0
2018-05-18 16:33:57,1.2,14190,0,-17028,0
2018-05-18 16:33:57,1.1,14190,0,-15609,0
2018-05-18 16:33:57,1.1,14190,0,-15609,0
2018-05-18 16:33:57,1.2,14190,0,-17028,0
2018-05-18 16:33:57,1.1,14190,0,-15609,0
2018-05-18 16:33:57,1.1,14190,0,-15609,0
2018-05-18 16:33:57,339.689,14190,0,-4820187,0
2018-05-18 16:33:57,1.0,14190,0,-14190,0
2018-05-18 16:34:09,1000.0,14160,0,14160000,1
2018-05-18 16:36:27,1000.0,14210,0,-14210000,0
2018-05-18 16:42:47,587.8008,14140,0,8311503,1
2018-05-18 16:42:47,95.8,14140,0,1354612,1
2018-05-18 16:42:47,12.6,14140,0,178164,1
2018-05-18 16:42:47,180.0,14140,0,2545200,1
2018-05-18 16:42:48,15.7,14140,0,221998,1
2018-05-18 16:42:48,0.4,14140,0,5656,1
2018-05-18 16:42:48,35.7344,14140,0,505284,1
2018-05-18 16:43:01,71.9648,14120,0,1016143,1
2018-05-18 17:14:24,1.1,14310,0,-15741,0
2018-05-18 17:14:25,61.2,14310,0,-875772,0
2018-05-18 17:14:25,61.2,14310,0,-875772,0
2018-05-18 17:14:25,61.2,14310,0,-875772,0
2018-05-18 17:14:43,184.7,14300,0,2641210,1
2018-05-18 17:22:37,468.5822,14370,0,-6733526,0
2018-05-18 17:24:07,468.5822,14370,0,6733526,1
2018-05-18 18:42:13,56.4809,14140,0,-798640,0
2018-05-18 18:42:13,400.2871,14140,0,-5660060,0
2018-05-18 18:42:15,93.2767,14150,0,-1319865,0
2018-05-18 18:43:09,196.7877,14140,0,2782578,1
2018-05-18 18:43:09,1.7,14140,0,24038,1
2018-05-18 18:43:09,2.6,14140,0,36764,1
2018-05-18 18:43:09,2.0,14140,0,28280,1
2018-05-18 18:43:09,2.3,14140,0,32522,1
2018-05-18 18:44:03,2.2,14130,0,31086,1
2018-05-18 18:44:03,177.8831,14130,0,2513488,1
2018-05-18 18:44:03,18.7369,14130,0,264752,1
2018-05-18 18:44:03,10.0,14130,0,141300,1
2018-05-18 18:44:27,135.837,14120,0,1918018,1
2018-05-18 20:19:25,919.4418,14000,0,-12872185,0
2018-05-18 20:19:25,70.1742,14000,0,-982439,0
2018-05-18 20:19:25,10.384,14000,0,-145376,0
2018-05-18 20:20:15,40.68,13980,0,568706,1
2018-05-18 20:20:33,304.0695,13960,0,4244810,1
2018-05-18 20:20:33,28.91,13960,0,403584,1
2018-05-18 20:20:34,50.0,13960,0,698000,1
2018-05-18 20:24:20,576.3405,13960,0,8045713,1
2018-05-18 20:59:00,57.8201,13960,0,-807169,0
2018-05-18 20:59:00,928.60689512,13960,0,-12963352,0
2018-05-18 20:59:00,13.57300487,13960,0,-189479,0
2018-05-18 21:03:01,220.5851,13980,0,3083780,1
2018-05-18 21:03:01,779.4149,13980,0,10896220,1
2018-05-18 22:36:54,1000.0,13750,0,-13750000,0
2018-05-18 22:47:46,198.5732,13790,0,2738324,1
2018-05-18 22:47:50,2.64,13790,0,36406,1
2018-05-18 22:47:50,798.7868,13790,0,11015270,1
2018-05-18 23:05:59,19.8961,13750,0,-273571,0
2018-05-18 23:08:15,10.67,13710,0,146286,1
2018-05-18 23:12:32,9.2261,13720,0,126582,1
2018-05-18 23:24:51,1000.0,13720,0,-13720000,0
2018-05-18 23:27:50,1000.0,13750,0,13750000,1
2018-05-18 23:29:07,126.4714,13730,0,-1736452,0
2018-05-18 23:33:34,85.848,13690,0,-1175259,0
2018-05-18 23:34:35,212.3194,13710,0,2910899,1
2018-05-18 23:36:29,85.848,13700,0,-1176118,0
2018-05-18 23:38:08,85.848,13720,0,1177835,1
2018-05-19 00:19:14,5.64898044,13810,0,-78012,0
2018-05-19 00:19:14,6.5,13810,0,-89765,0
2018-05-19 00:19:14,5.0,13810,0,-69050,0
2018-05-19 00:19:14,61.7832,13810,0,-853226,0
2018-05-19 00:19:14,30.51331955,13810,0,-421389,0
2018-05-19 00:19:33,109.4455,13810,0,1511442,1
2018-05-19 00:41:45,659.8405,13900,0,-9171783,0
2018-05-19 00:45:55,659.8405,13950,0,9204775,1
2018-05-19 01:12:01,196.4506,13800,0,-2711018,0
2018-05-19 01:12:01,772.88997681,13800,0,-10665882,0
2018-05-19 01:39:01,645.23109208,13890,0,8962260,1
2018-05-19 01:39:08,324.1095,13880,0,4498640,1
2018-05-19 03:11:46,1000.0,13810,0,-13810000,0
2018-05-19 03:17:26,1000.0,13900,0,13900000,1
2018-05-19 03:25:01,998.5661,14020,0,-13999897,0
2018-05-19 03:25:01,1.4339,14020,0,-20103,0
2018-05-19 03:26:37,43.64,14040,0,612706,1
2018-05-19 03:30:04,222.81,14090,0,3139393,1
2018-05-19 03:30:04,169.0379,14090,0,2381744,1
2018-05-19 03:30:04,78.9679,14090,0,1112658,1
2018-05-19 03:30:05,19.6608,14090,0,277021,1
2018-05-19 03:30:05,5.0,14090,0,70450,1
2018-05-19 03:30:05,133.1,14090,0,1875379,1
2018-05-19 03:30:12,327.7834,14080,0,4615190,1
2018-05-19 03:51:27,675.6942,14250,0,-9628642,0
2018-05-19 03:54:36,407.931,14230,0,5804858,1
2018-05-19 03:55:37,88.313,14230,0,1256694,1
2018-05-19 03:55:56,83.14,14220,0,1182251,1
2018-05-19 03:56:15,21.73,14200,0,308566,1
2018-05-19 03:56:21,74.5802,14170,0,1056801,1
2018-05-19 03:56:40,2.666,14230,0,-37937,0
2018-05-19 04:01:49,267.1323,14330,0,-3828006,0
2018-05-19 04:01:49,99.9753,14330,0,-1432646,0
2018-05-19 04:01:49,630.2264,14330,0,-9031144,0
2018-05-19 04:02:45,0.5427,14330,0,7777,1
2018-05-19 04:07:13,974.6954,14390,0,14025867,1
2018-05-19 04:07:18,24.7619,14380,0,356076,1
2018-05-19 04:19:40,1000.0,14410,0,-14410000,0
2018-05-19 04:20:12,131.2377,14410,0,1891135,1
2018-05-19 04:20:13,250.0,14410,0,3602500,1
2018-05-19 04:20:13,4.0204,14410,0,57934,1
2018-05-19 04:20:13,192.7267,14410,0,2777192,1
2018-05-19 04:20:16,422.0152,14400,0,6077019,1
2018-05-19 04:28:09,431.5325,14280,0,-6162284,0
2018-05-19 04:30:29,568.4675,14250,0,-8100662,0
2018-05-19 04:34:08,4.835,14270,0,68995,1
2018-05-19 04:34:08,37.3058,14270,0,532354,1
2018-05-19 04:41:43,670.3242,14260,0,9558823,1
2018-05-19 04:53:45,50.1306,14370,0,720377,1
2018-05-19 04:55:21,237.4044,14360,0,3409127,1
2018-05-19 06:22:58,136.6258,14400,0,-1967412,0
2018-05-19 06:22:59,169.8265,14400,0,-2445502,0
2018-05-19 06:22:59,286.8827,14400,0,-4131111,0
2018-05-19 06:22:59,382.5103,14400,0,-5508148,0
2018-05-19 06:22:59,3.0,14400,0,-43200,0
2018-05-19 06:22:59,21.1547,14400,0,-304628,0
2018-05-19 06:33:30,64.6123,14410,0,931063,1
2018-05-19 06:51:26,56.85,14520,0,825462,1
2018-05-19 06:53:02,355.0387,14540,0,5162263,1
2018-05-19 06:54:20,523.499,14550,0,7616910,1
2018-05-19 07:06:37,41.2377,14510,0,-598359,0
2018-05-19 07:06:38,298.6561,14510,0,-4333500,0
2018-05-19 07:12:57,36.7473,14510,0,533203,1
2018-05-19 07:15:37,5.0,14520,0,72600,1
2018-05-19 07:15:37,34.9105,14520,0,506900,1
2018-05-19 07:18:32,54.2685,14490,0,786351,1
2018-05-19 07:24:11,208.9675,14470,0,3023760,1
2018-05-19 07:29:57,287.4927,14360,0,-4128395,0
2018-05-19 07:32:12,42.817,14340,0,613996,1
2018-05-19 07:32:12,10.0,14340,0,143400,1
2018-05-19 07:32:12,10.8915,14340,0,156184,1
2018-05-19 07:32:12,20.0,14340,0,286800,1
2018-05-19 07:32:13,195.1376,14340,0,2798273,1
2018-05-19 07:32:13,7.6466,14340,0,109652,1
2018-05-19 07:32:13,1.0,14340,0,14340,1
2018-05-19 08:19:21,112.3197,14420,0,-1619650,0
2018-05-19 08:28:02,56.4094,14480,0,816808,1
2018-05-19 08:29:04,1.0,14430,0,14430,1
2018-05-19 08:32:29,54.9103,14400,0,790708,1
2018-05-19 09:00:21,30.0364,14410,0,-432825,0
2018-05-19 09:00:21,16.9975,14410,0,-244934,0
2018-05-19 09:04:51,91.0334,14510,0,-1320895,0
2018-05-19 09:04:52,628.9137,14510,0,-9125538,0
2018-05-19 09:04:52,5.0,14510,0,-72550,0
2018-05-19 09:04:52,21.0,14510,0,-304710,0
2018-05-19 09:04:52,44.303,14510,0,-642837,0
2018-05-19 09:04:52,140.4235,14510,0,-2037545,0
2018-05-19 09:04:52,22.2925,14510,0,-323464,0
2018-05-19 09:08:04,53.6726,14440,0,775032,1
2018-05-19 09:19:45,116.0,14450,0,1676200,1
2018-05-19 09:19:51,1.0373,14460,0,14999,1
2018-05-19 09:29:22,829.2901,14350,0,11900313,1
2018-05-19 09:33:41,32.8127,14240,0,-467253,0
2018-05-19 09:33:43,119.93541512,14280,0,-1712678,0
2018-05-19 09:33:43,16.5921,14280,0,-236935,0
2018-05-19 09:33:43,36.1251,14280,0,-515866,0
2018-05-19 09:33:44,51.34578487,14280,0,-733218,0
2018-05-19 09:33:54,256.8111,14250,0,3659558,1
2018-05-19 10:01:05,781.1971,14150,0,-11053939,0
2018-05-19 10:02:39,163.137,14200,0,2316545,1
2018-05-19 10:04:14,64.5425,14170,0,914567,1
2018-05-19 10:04:14,24.6833,14170,0,349762,1
2018-05-19 10:07:19,83.28,14230,0,1185074,1
2018-05-19 10:11:14,20.0,14200,0,284000,1
2018-05-19 10:11:14,0.17,14200,0,2414,1
2018-05-19 10:11:14,35.0307,14200,0,497436,1
2018-05-19 10:11:14,35.2112,14200,0,499999,1
2018-05-19 10:14:10,0.5,14170,0,7085,1
2018-05-19 10:14:10,18.0,14170,0,255060,1
2018-05-19 10:14:10,226.4482,14170,0,3208771,1
2018-05-19 10:15:24,10.0,14170,0,141700,1
2018-05-19 10:15:24,2.3239,14170,0,32930,1
2018-05-19 10:17:05,97.8703,14140,0,1383886,1
2018-05-19 10:30:36,1000.0,14090,0,-14090000,0
2018-05-19 10:41:02,35.16,14140,0,497162,1
2018-05-19 10:41:02,794.6263,14140,0,11236016,1
2018-05-19 10:41:03,170.2137,14140,0,2406822,1
2018-05-19 12:21:17,1000.0,14210,0,-14210000,0
2018-05-19 12:22:43,608.1344,14200,0,8635508,1
2018-05-19 12:22:43,391.8656,14200,0,5564492,1
2018-05-19 12:45:45,30.3933,14300,0,-434624,0
2018-05-19 12:45:45,17.2063,14300,0,-246050,0
2018-05-19 12:45:45,10.0,14300,0,-143000,0
2018-05-19 12:45:45,456.2147,14300,0,-6523870,0
2018-05-19 12:45:45,67.0,14300,0,-958100,0
2018-05-19 12:45:45,43.9587,14300,0,-628609,0
2018-05-19 12:45:45,100.0,14300,0,-1430000,0
2018-05-19 12:45:45,275.227,14300,0,-3935746,0
2018-05-19 12:49:43,505.6463,14290,0,7225686,1
2018-05-19 12:49:43,8.0287,14290,0,114730,1
2018-05-19 12:49:43,45.0,14290,0,643050,1
2018-05-19 12:49:43,100.0239,14290,0,1429342,1
2018-05-19 12:51:29,202.3246,14260,0,2885149,1
2018-05-19 12:51:29,138.9765,14260,0,1981805,1
2018-05-19 13:29:06,59.1531,14180,0,-838791,0
2018-05-19 13:45:55,59.1531,14170,0,838199,1
2018-05-19 15:19:13,541.2008,14280,0,-7728347,0
2018-05-19 15:19:13,175.2456,14280,0,-2502507,0
2018-05-19 15:27:08,716.4464,14410,0,10323993,1
2018-05-19 15:56:14,1000.0,14250,0,-14250000,0
2018-05-19 16:08:16,1000.0,14260,0,14260000,1
2018-05-19 16:30:29,77.6606,14180,0,-1101227,0
2018-05-19 16:30:35,155.33543681,14160,0,-2199550,0
2018-05-19 16:31:36,232.996,14080,0,3280584,1
2018-05-19 16:35:08,33.3201,14080,0,-469147,0
2018-05-19 16:36:40,33.3201,14050,0,468147,1
2018-05-19 16:45:35,159.11,14060,0,-2237087,0
2018-05-19 16:47:45,1.0,14070,0,14070,1
2018-05-19 16:48:00,158.11,14050,0,2221446,1
2018-05-19 16:52:25,856.1313,14010,0,-11994400,0
2018-05-19 16:52:25,143.8687,14010,0,-2015600,0
2018-05-19 16:56:41,156.874,14060,0,2205648,1
2018-05-19 17:00:56,21.6404,14070,0,304480,1
2018-05-19 17:01:11,14.9951,14060,0,210831,1
2018-05-19 17:01:16,786.9273,14060,0,11064198,1
2018-05-19 17:01:16,19.5632,14060,0,275059,1
2018-05-19 17:14:28,47.8799,14010,0,-670797,0
2018-05-19 17:15:34,23.6859,14050,0,-332787,0
2018-05-19 17:15:55,100.0,14050,0,-1405000,0
2018-05-19 17:23:05,171.5658,14060,0,2412215,1
2018-05-19 17:45:38,315.3779,14100,0,-4446828,0
2018-05-19 17:45:42,3.0722,14100,0,-43318,0
2018-05-19 18:08:14,318.4501,14100,0,4490146,1
2018-05-19 19:06:28,1000.0,14100,0,-14100000,0
2018-05-19 19:15:35,34.0,14220,0,483480,1
2018-05-19 19:16:15,966.0,14210,0,13726860,1
2018-05-19 20:47:24,836.8418,14240,0,-11916627,0
2018-05-19 20:47:24,163.1582,14240,0,-2323373,0
2018-05-19 20:48:54,1000.0,14230,0,14230000,1
2018-05-19 20:55:43,915.8514,14230,0,-13032565,0
2018-05-19 21:00:06,915.8514,14420,0,13206577,1
2018-05-19 21:01:01,2.6788,14500,0,-38843,0
2018-05-19 21:01:04,192.63287241,14500,0,-2793177,0
2018-05-19 21:01:06,804.68832758,14500,0,-11667981,0
2018-05-19 21:04:41,6.896,14440,0,99578,1
2018-05-19 21:05:50,170.0,14380,0,2444600,1
2018-05-19 21:05:50,123.0441,14380,0,1769374,1
2018-05-19 21:05:59,700.0599,14370,0,10059861,1
2018-05-19 21:10:25,100.0,14390,0,-1439000,0
2018-05-19 21:14:35,5.6794,14420,0,-81897,0
2018-05-19 21:16:47,7.9142,14390,0,113885,1
2018-05-19 21:16:48,44.5788,14390,0,641489,1
2018-05-19 21:16:48,43.1864,14390,0,621452,1
2018-05-19 21:16:48,10.0,14390,0,143900,1
2018-05-19 21:18:50,3.6915,14360,0,-53010,0
2018-05-19 21:20:11,3.6915,14310,0,52825,1
2018-05-19 21:25:00,484.73460627,14340,0,-6951094,0
2018-05-19 21:25:00,9.55439372,14340,0,-137010,0
2018-05-19 21:36:56,494.289,14380,0,7107876,1
2018-05-19 21:50:24,1000.0,14450,0,-14450000,0
2018-05-19 21:55:13,5.0,14470,0,72350,1
2018-05-19 21:55:13,33.0,14470,0,477510,1
2018-05-19 21:55:14,962.0,14470,0,13920140,1
2018-05-19 22:00:42,805.44136896,14500,0,-11678900,0
2018-05-19 22:00:42,194.55863103,14500,0,-2821100,0
2018-05-19 22:02:29,1000.0,14530,0,14530000,1
2018-05-19 22:03:00,64.106,14550,0,-932742,0
2018-05-19 22:03:01,902.97526597,14550,0,-13138290,0
2018-05-19 22:03:01,4.9918,14550,0,-72631,0
2018-05-19 22:03:01,27.92693402,14550,0,-406337,0
2018-05-19 22:07:13,1000.0,14670,0,14670000,1
2018-05-19 22:14:30,1000.0,14600,0,-14600000,0
2018-05-19 22:35:30,127.3845,14450,0,1840706,1
2018-05-19 22:35:30,872.6155,14450,0,12609294,1
2018-05-19 22:35:49,231.3147,14460,0,-3344811,0
2018-05-19 22:37:41,231.3147,14500,0,3354063,1
2018-05-19 23:06:53,351.4951,14530,0,-5107224,0
2018-05-19 23:16:38,0.9,14480,0,13032,1
2018-05-19 23:21:54,266.3434,14490,0,3859316,1
2018-05-19 23:21:59,83.0167,14490,0,1202912,1
2018-05-19 23:33:23,1.235,14480,0,17883,1
2018-05-19 23:45:33,58.52,14380,0,-841518,0
2018-05-19 23:45:33,0.0001,14380,0,-1,0
2018-05-19 23:45:33,86.9674,14380,0,-1250591,0
2018-05-19 23:50:44,145.4875,14400,0,2095020,1
2018-05-20 00:38:27,1000.0,14430,0,-14430000,0
2018-05-20 00:44:32,1000.0,14450,0,14450000,1
2018-05-20 01:07:36,339.055,14400,0,-4882392,0
2018-05-20 01:09:20,0.5,14340,0,7170,1
2018-05-20 01:09:58,135.6204,14330,0,1943440,1
2018-05-20 01:09:58,17.0624,14330,0,244504,1
2018-05-20 01:09:59,26.74,14330,0,383184,1
2018-05-20 01:17:50,569.5701,14350,0,-8173331,0
2018-05-20 01:59:39,0.2,14340,0,2868,1
2018-05-20 01:59:40,361.3936,14340,0,5182384,1
2018-05-20 02:07:36,19.64,14320,0,-281245,0
2018-05-20 02:07:37,96.0,14320,0,-1374720,0
2018-05-20 02:07:38,14.6,14320,0,-209072,0
2018-05-20 02:07:39,35.3,14320,0,-505496,0
2018-05-20 02:15:20,31.7,14360,0,455212,1
2018-05-20 02:15:20,95.3,14360,0,1368508,1
2018-05-20 02:15:25,30.0,14350,0,430500,1
2018-05-20 02:15:26,0.5917,14350,0,8491,1
2018-05-20 02:24:25,375.057,14420,0,5408322,1
2018-05-20 03:07:03,1.0001,14400,0,-14401,0
2018-05-20 03:07:03,50.0,14400,0,-720000,0
2018-05-20 03:07:03,450.66937413,14400,0,-6489639,0
2018-05-20 03:15:33,22.29,14440,0,321868,1
2018-05-20 03:23:48,2.0,14460,0,28920,1
2018-05-20 03:23:48,19.351,14460,0,279815,1
2018-05-20 03:23:49,138.3125,14460,0,1999999,1
2018-05-20 03:25:29,0.01,14470,0,145,1
2018-05-20 03:28:32,188.9807,14520,0,-2744000,0
2018-05-20 03:28:45,150.0,14510,0,2176500,1
2018-05-20 03:32:39,0.0015,14480,0,22,1
2018-05-20 03:58:37,358.6852,14470,0,5190175,1
2018-05-20 04:41:18,4.0,14510,0,-58040,0
2018-05-20 04:41:18,1.3,14510,0,-18863,0
2018-05-20 04:41:19,1.6,14510,0,-23216,0
2018-05-20 04:41:20,1.9000931,14510,0,-27570,0
2018-05-20 04:41:26,1.5,14510,0,-21765,0
2018-05-20 04:41:34,472.63,14530,0,-6867314,0
2018-05-20 04:42:53,186.6436,14510,0,2708199,1
2018-05-20 04:55:58,703.7135,14600,0,-10274217,0
2018-05-20 04:57:11,856.4627,14600,0,12504355,1
2018-05-20 04:57:11,87.7584,14600,0,1281273,1
2018-05-20 04:57:11,55.7789,14600,0,814372,1
2018-05-20 05:37:49,1.3669,14530,0,-19861,0
2018-05-20 05:47:23,1.3669,14490,0,19806,1
2018-05-20 06:00:36,1000.0,14380,0,-14380000,0
2018-05-20 06:04:12,28.8402,14420,0,415876,1
2018-05-20 06:17:49,46.68,14410,0,672659,1
2018-05-20 06:34:41,104.015,14360,0,1493655,1
2018-05-20 06:37:59,10.0,14320,0,143200,1
2018-05-20 06:37:59,100.0,14320,0,1432000,1
2018-05-20 06:37:59,190.7406,14320,0,2731405,1
2018-05-20 06:38:00,411.2791,14320,0,5889517,1
2018-05-20 06:38:00,82.3654,14320,0,1179473,1
2018-05-20 06:38:00,26.0797,14320,0,373461,1
2018-05-20 07:00:34,53.02,14320,0,-759246,0
2018-05-20 07:00:42,1.117,14350,0,-16029,0
2018-05-20 07:01:09,7.7,14320,0,-110264,0
2018-05-20 07:03:52,938.163,14350,0,-13462639,0
2018-05-20 07:40:47,50.0,14310,0,715500,1
2018-05-20 07:40:47,170.6921,14310,0,2442604,1
2018-05-20 07:40:50,400.0,14300,0,5720000,1
2018-05-20 07:40:51,274.6572,14300,0,3927598,1
2018-05-20 07:40:51,50.0,14300,0,715000,1
2018-05-20 07:40:51,20.0,14300,0,286000,1
2018-05-20 07:40:51,16.0,14300,0,228800,1
2018-05-20 07:40:51,18.6507,14300,0,266705,1
2018-05-20 07:49:01,499.0,14320,0,-7145680,0
2018-05-20 08:01:37,73.034,14390,0,1050959,1
2018-05-20 08:01:37,9.52,14390,0,136993,1
2018-05-20 08:01:41,82.554,14390,0,1187952,1
2018-05-20 08:01:45,150.0,14370,0,2155500,1
2018-05-20 08:03:32,79.55,14390,0,1144725,1
2018-05-20 08:03:32,2.66051223,14390,0,38285,1
2018-05-20 08:05:59,1.1793,14370,0,16947,1
2018-05-20 08:07:51,899.4978,14330,0,-12889803,0
2018-05-20 08:23:10,131.4791,14350,0,1886725,1
2018-05-20 08:23:10,10.0,14350,0,143500,1
2018-05-20 08:23:10,5.0,14350,0,71750,1
2018-05-20 08:23:10,138.991,14350,0,1994521,1
2018-05-20 08:23:10,581.7066,14350,0,8347490,1
2018-05-20 08:50:54,345.0,14460,0,-4988700,0
2018-05-20 08:50:54,85.8166,14460,0,-1240908,0
2018-05-20 08:50:54,71.0,14460,0,-1026660,0
2018-05-20 08:50:54,4.2,14460,0,-60732,0
2018-05-20 08:50:55,159.4009,14460,0,-2304937,0
2018-05-20 09:01:10,109.7801,14460,0,1587420,1
2018-05-20 09:01:52,3.0,14440,0,43320,1
2018-05-20 09:01:52,597.1076,14440,0,8622234,1
2018-05-20 09:01:52,88.3531,14440,0,1275819,1
2018-05-20 09:04:24,20.4645,14450,0,-295712,0
2018-05-20 09:09:20,0.5,14410,0,7205,1
2018-05-20 09:36:41,19.9645,14390,0,287289,1
2018-05-20 09:53:15,676.15808606,14350,0,-9702869,0
2018-05-20 09:53:16,7.6465,14350,0,-109727,0
2018-05-20 09:56:54,4.2713,14350,0,61293,1
2018-05-20 10:03:58,376.91255121,14350,0,5408695,1
2018-05-20 10:03:59,302.62074878,14350,0,4342608,1
2018-05-20 10:05:35,44.6746,14370,0,-641974,0
2018-05-20 10:11:51,44.6746,14400,0,643314,1
2018-05-20 10:42:18,50.23730427,14490,0,-727939,0
2018-05-20 10:42:35,138.6838,14520,0,-2013689,0
2018-05-20 10:42:35,4.1683,14520,0,-60524,0
2018-05-20 10:42:35,2.0,14520,0,-29040,0
2018-05-20 10:42:35,31.4982,14520,0,-457354,0
2018-05-20 10:42:35,405.5355,14520,0,-5888375,0
2018-05-20 10:42:35,70.4486,14520,0,-1022914,0
2018-05-20 10:44:41,80.497,14560,0,1172036,1
2018-05-20 10:44:45,357.94157991,14540,0,5204471,1
2018-05-20 10:44:45,264.13312008,14540,0,3840496,1
2018-05-20 10:45:37,46.30754632,14590,0,-675627,0
2018-05-20 10:45:37,13.9942,14590,0,-204175,0
2018-05-20 10:45:37,394.2366,14590,0,-5751912,0
2018-05-20 10:45:37,400.0,14590,0,-5836000,0
2018-05-20 10:45:37,9.9882,14590,0,-145728,0
2018-05-20 10:45:37,100.0,14590,0,-1459000,0
2018-05-20 10:45:37,9.7968,14590,0,-142935,0
2018-05-20 10:45:38,25.67665367,14590,0,-374622,0
2018-05-20 10:45:55,634.003,14590,0,9250104,1
2018-05-20 10:45:55,335.5115,14590,0,4895113,1
2018-05-20 10:45:55,30.4855,14590,0,444783,1
2018-05-20 10:50:35,91.5684,14560,0,-1333236,0
2018-05-20 10:51:55,908.4316,14590,0,-13254017,0
2018-05-20 11:02:12,1000.0,14610,0,14610000,1
2018-05-20 11:05:49,284.8726,14660,0,-4176232,0
2018-05-20 11:05:49,10.8307,14660,0,-158778,0
2018-05-20 11:05:49,704.2967,14660,0,-10324990,0
2018-05-20 11:20:59,221.0054,14780,0,3266460,1
2018-05-20 11:21:00,30.6978,14780,0,453713,1
2018-05-20 11:26:21,100.0,14970,0,1497000,1
2018-05-20 11:26:21,329.8038,14970,0,4937163,1
2018-05-20 11:26:21,318.493,14970,0,4767840,1
2018-05-20 11:27:11,250.0,15020,0,-3755000,0
2018-05-20 11:27:11,151.7556,15020,0,-2279369,0
2018-05-20 11:27:11,212.2,15020,0,-3187244,0
2018-05-20 11:27:29,613.9556,15020,0,9221613,1
2018-05-20 11:28:21,245.16123798,15060,0,-3692128,0
2018-05-20 11:28:21,302.9891,15060,0,-4563016,0
2018-05-20 11:28:21,168.99996201,15060,0,-2545139,0
2018-05-20 11:29:21,134.75,15050,0,2027988,1
2018-05-20 11:29:21,100.0,15050,0,1505000,1
2018-05-20 11:29:21,51.0,15050,0,767550,1
2018-05-20 11:29:21,431.4003,15050,0,6492575,1
2018-05-20 11:35:15,49.8381,14960,0,-745578,0
2018-05-20 11:35:15,20.253,14960,0,-302985,0
2018-05-20 11:35:15,556.60494224,14960,0,-8326810,0
2018-05-20 11:38:08,626.696,15090,0,9456843,1
2018-05-20 11:40:55,1000.0,15080,0,-15080000,0
2018-05-20 11:41:51,129.8877,15040,0,1953511,1
2018-05-20 11:41:51,194.6042,15040,0,2926847,1
2018-05-20 11:41:51,49.0231,15040,0,737307,1
2018-05-20 11:41:55,570.8872,15040,0,8586143,1
2018-05-20 11:41:55,55.5978,15040,0,836191,1
2018-05-20 11:55:23,90.3924319,14980,0,-1354079,0
2018-05-20 11:55:23,530.2225,14980,0,-7942733,0
2018-05-20 11:55:24,379.38506809,14980,0,-5683188,0
2018-05-20 11:55:50,318.4792,15020,0,4783558,1
2018-05-20 11:55:51,115.9252,15020,0,1741197,1
2018-05-20 11:55:56,565.5956,15010,0,8489590,1
2018-05-20 11:56:22,1000.0,15050,0,-15050000,0
2018-05-20 11:56:55,5.6506,15050,0,85042,1
2018-05-20 11:57:29,13.58701731,15020,0,204077,1
2018-05-20 11:57:29,244.26,15020,0,3668785,1
2018-05-20 11:57:29,14.964,15020,0,224759,1
2018-05-20 11:57:35,8.712,14990,0,130593,1
2018-05-20 11:57:35,40.7,14990,0,610093,1
2018-05-20 11:57:43,145.0725,14970,0,2171735,1
2018-05-20 11:57:43,87.54,14970,0,1310474,1
2018-05-20 11:57:47,34.6153,14990,0,518883,1
2018-05-20 11:57:52,404.8986,14980,0,6065381,1
2018-05-20 12:13:38,1000.0,14860,0,-14860000,0
2018-05-20 12:21:14,171.4963,14970,0,2567300,1
2018-05-20 12:21:14,34.5762,14970,0,517606,1
2018-05-20 12:21:15,0.8936,14970,0,13377,1
2018-05-20 12:21:15,55.86199064,14970,0,836254,1
2018-05-20 12:21:19,3.171,14970,0,47470,1
2018-05-20 12:21:19,38.4478,14970,0,575564,1
2018-05-20 12:21:19,156.1,14980,0,2338378,1
2018-05-20 12:22:01,0.6,14960,0,8976,1
2018-05-20 12:22:14,13.404,14950,0,200390,1
2018-05-20 12:29:13,504.4344,14990,0,7561472,1
2018-05-20 12:29:13,21.0147,14990,0,315010,1
2018-05-20 13:03:44,162.3441,14850,0,-2410810,0
2018-05-20 13:06:16,0.00990841,14850,0,147,1
2018-05-20 13:06:17,1.0,14850,0,14850,1
2018-05-20 13:06:17,161.33419158,14850,0,2395813,1
2018-05-20 13:10:52,210.0,14860,0,-3120600,0
2018-05-20 13:10:52,729.00602543,14860,0,-10833030,0
2018-05-20 13:10:53,60.99397456,14860,0,-906370,0
2018-05-20 13:11:04,1000.0,14850,0,14850000,1
2018-05-20 14:57:40,4.2,14840,0,-62328,0
2018-05-20 14:57:40,308.8763,14840,0,-4583724,0
2018-05-20 15:07:34,244.7086,14850,0,3633923,1
2018-05-20 15:07:35,66.32,14850,0,984852,1
2018-05-20 15:11:05,2.0477,14830,0,30367,1
2018-05-20 15:13:05,0.2527,14890,0,-3763,0
2018-05-20 15:13:05,536.73118723,14890,0,-7991927,0
2018-05-20 15:13:05,463.01611276,14890,0,-6894310,0
2018-05-20 15:13:23,160.0,14850,0,2376000,1
2018-05-20 15:13:24,130.39,14850,0,1936292,1
2018-05-20 15:25:05,431.194,14850,0,6403230,1
2018-05-20 15:29:04,0.5,14840,0,7420,1
2018-05-20 15:29:47,7.3883,14780,0,109199,1
2018-05-20 15:29:47,14.0,14780,0,206920,1
2018-05-20 15:29:47,5.0,14780,0,73900,1
2018-05-20 15:29:48,251.5277,14780,0,3717579,1
2018-05-20 16:15:44,0.0001,14760,0,-1,0
2018-05-20 16:22:46,133.05,14780,0,-1966479,0
2018-05-20 16:26:12,133.0501,14800,0,1969141,1
2018-05-20 16:45:59,13.4925,14980,0,-202118,0
2018-05-20 16:45:59,4.9681,14980,0,-74422,0
2018-05-20 16:45:59,76.8863,14980,0,-1151757,0
2018-05-20 16:45:59,20.0,14980,0,-299600,0
2018-05-20 16:45:59,0.3337,14980,0,-4999,0
2018-05-20 16:46:00,131.7694,14980,0,-1973906,0
2018-05-20 16:46:00,24.9657,14980,0,-373986,0
2018-05-20 16:46:00,313.7838,14980,0,-4700481,0
2018-05-20 16:46:00,408.8005,14980,0,-6123831,0
2018-05-20 16:46:00,5.0,14980,0,-74900,0
2018-05-20 16:47:49,1000.0,14940,0,14940000,1
2018-05-20 18:10:04,5.365,14950,0,-80207,0
2018-05-20 18:10:04,113.7806,14950,0,-1701020,0
2018-05-20 18:10:04,225.7663,14950,0,-3375206,0
2018-05-20 18:10:04,1.0,14950,0,-14950,0
2018-05-20 18:10:08,469.95490106,14970,0,-7035225,0
2018-05-20 18:10:08,10.0,14970,0,-149700,0
2018-05-20 18:10:08,3.738,14970,0,-55958,0
2018-05-20 18:10:08,66.13119893,14970,0,-989984,0
2018-05-20 18:10:08,104.2639,14970,0,-1560831,0
2018-05-20 18:17:49,99.1014,14920,0,1478593,1
2018-05-20 18:17:49,210.0,14920,0,3133200,1
2018-05-20 18:17:49,56.3102,14920,0,840148,1
2018-05-20 18:17:53,84.3119,14920,0,1257934,1
2018-05-20 18:17:54,300.0,14920,0,4476000,1
2018-05-20 18:22:55,1.0,14990,0,-14990,0
2018-05-20 18:22:56,22.3847,14990,0,-335547,0
2018-05-20 18:22:56,49.925,14990,0,-748376,0
2018-05-20 18:22:56,395.4637,14990,0,-5928001,0
2018-05-20 18:22:56,5.2675,14990,0,-78960,0
2018-05-20 18:22:56,1.0,14990,0,-14990,0
2018-05-20 18:22:57,51.7654,14990,0,-775963,0
2018-05-20 18:23:30,11.2,14990,0,167888,1
2018-05-20 18:23:32,30.0,14990,0,449700,1
2018-05-20 18:23:32,22.55857238,14990,0,338153,1
2018-05-20 18:23:32,1.5,14990,0,22485,1
2018-05-20 18:23:33,40.0,14990,0,599600,1
2018-05-20 18:27:42,95.0,15020,0,1426900,1
2018-05-20 18:28:29,576.8241,14970,0,8635057,1
2018-05-20 18:36:13,181.5056,15050,0,-2731659,0
2018-05-20 18:36:13,818.4944,15050,0,-12318341,0
2018-05-20 18:37:14,28.9093,15020,0,434218,1
2018-05-20 18:37:14,66.6253,15020,0,1000712,1
2018-05-20 18:37:14,100.5315,15020,0,1509983,1
2018-05-20 18:37:14,223.936,15020,0,3363519,1
2018-05-20 18:37:14,498.3762,15020,0,7485611,1
2018-05-20 18:37:14,81.6217,15020,0,1225958,1
2018-05-20 18:56:34,260.0838,15010,0,-3903858,0
2018-05-20 18:56:38,641.7084,15010,0,-9632043,0
2018-05-20 18:57:19,0.3634,15000,0,5451,1
2018-05-20 18:57:19,55.4384,15000,0,831576,1
2018-05-20 18:57:19,110.8602,15000,0,1662903,1
2018-05-20 18:57:24,0.4,15000,0,6000,1
2018-05-20 18:57:24,716.4731,15000,0,10747097,1
2018-05-20 18:57:24,18.2571,15000,0,273857,1
2018-05-20 19:03:16,1000.0,15080,0,-15080000,0
2018-05-20 19:05:17,23.6721,15060,0,356502,1
2018-05-20 19:06:39,6.2083,15050,0,93435,1
2018-05-20 19:06:39,113.50475962,15050,0,1708247,1
2018-05-20 19:06:44,785.5131,15050,0,11821972,1
2018-05-20 19:06:49,71.1018,15050,0,1070082,1
2018-05-20 19:11:37,29.8103,15090,0,-449837,0
2018-05-20 19:11:37,0.1988,15090,0,-3000,0
2018-05-20 19:11:37,301.4922,15090,0,-4549517,0
2018-05-20 19:11:38,100.2803,15090,0,-1513230,0
2018-05-20 19:11:38,416.0023,15090,0,-6277475,0
2018-05-20 19:11:38,20.0,15090,0,-301800,0
2018-05-20 19:11:38,132.2161,15090,0,-1995141,0
2018-05-20 19:12:44,122.6041,15090,0,1850096,1
2018-05-20 19:12:44,515.1326,15090,0,7773351,1
2018-05-20 19:13:12,362.2633,15090,0,5466553,1
2018-05-20 19:17:22,203.90568543,15100,0,-3078976,0
2018-05-20 19:17:22,7.2671,15100,0,-109733,0
2018-05-20 19:17:23,149.99991456,15100,0,-2264999,0
2018-05-20 19:17:33,15.0,15100,0,226500,1
2018-05-20 19:17:34,5.5593,15100,0,83945,1
2018-05-20 19:20:01,257.8,15120,0,-3897936,0
2018-05-20 19:20:01,5.0,15120,0,-75600,0
2018-05-20 19:20:01,150.1951,15120,0,-2270950,0
2018-05-20 19:21:12,315.6988,15180,0,4792308,1
2018-05-20 19:21:12,411.4374,15180,0,6245620,1
2018-05-20 19:21:12,26.4723,15180,0,401850,1
2018-05-20 19:22:08,96.24434473,15200,0,-1462914,0
2018-05-20 19:22:09,299.7717,15200,0,-4556530,0
2018-05-20 19:22:09,31.6852,15200,0,-481615,0
2018-05-20 19:22:09,229.6437,15200,0,-3490584,0
2018-05-20 19:22:10,305.38895526,15200,0,-4641912,0
2018-05-20 19:22:10,37.2661,15200,0,-566445,0
2018-05-20 19:22:24,78.554,15190,0,1193235,1
2018-05-20 19:22:24,20.0,15190,0,303800,1
2018-05-20 19:22:24,0.15,15190,0,2279,1
2018-05-20 19:22:24,25.7662,15190,0,391389,1
2018-05-20 19:22:24,318.6192,15190,0,4839826,1
2018-05-20 19:22:25,556.9106,15190,0,8459472,1
2018-05-20 20:16:34,23.3794,14950,0,-349522,0
2018-05-20 20:24:23,500.0,15010,0,-7505000,0
2018-05-20 20:24:23,182.95626815,15010,0,-2746174,0
2018-05-20 20:24:24,262.93463184,15010,0,-3946649,0
2018-05-20 20:24:24,30.7297,15010,0,-461253,0
2018-05-20 20:26:08,80.2808,15030,0,1206620,1
2018-05-20 20:27:05,135.7185,15010,0,2037135,1
2018-05-20 20:27:05,684.8173,15010,0,10279108,1
2018-05-20 20:29:34,99.1834,15050,0,1492710,1
2018-05-20 20:30:43,3.528e-05,15020,0,-1,0
2018-05-20 21:13:59,28.8508,15010,0,-433051,0
2018-05-20 21:13:59,100.0,15010,0,-1501000,0
2018-05-20 21:13:59,134.2868,15010,0,-2015645,0
2018-05-20 21:16:13,80.0545,14990,0,1200017,1
2018-05-20 21:16:13,183.0831,14990,0,2744416,1
2018-05-20 21:53:45,30.0,14900,0,-447000,0
2018-05-20 21:59:19,30.0,14850,0,445500,1
2018-05-20 22:03:19,499.99994374,14860,0,-7429999,0
2018-05-20 22:03:19,208.05755625,14860,0,-3091735,0
2018-05-20 22:05:57,708.0575,14850,0,10514654,1
2018-05-20 23:05:24,145.1879436,14930,0,-2167656,0
2018-05-20 23:05:24,854.81205639,14930,0,-12762344,0
2018-05-20 23:12:20,187.9853,14990,0,2817900,1
2018-05-20 23:12:20,493.6012,14990,0,7399082,1
2018-05-20 23:12:24,46.1854,14990,0,692319,1
2018-05-20 23:12:45,55.33,14970,0,828290,1
2018-05-20 23:12:45,10.0,14970,0,149700,1
2018-05-20 23:12:51,15.4132,14970,0,230736,1
2018-05-20 23:12:52,191.4849,14970,0,2866529,1
2018-05-21 00:28:38,1000.0,15000,0,-15000000,0
2018-05-21 00:29:56,74.39,15030,0,1118082,1
2018-05-21 00:29:56,925.61,15030,0,13911918,1
2018-05-21 00:30:54,331.0011,15040,0,-4978257,0
2018-05-21 00:40:02,97.4825,15070,0,-1469061,0
2018-05-21 00:42:52,410.547,15090,0,6195154,1
2018-05-21 00:47:44,17.9366,15030,0,269587,1
2018-05-21 00:56:37,517.1333,15030,0,-7772513,0
2018-05-21 00:56:37,12.5635,15030,0,-188829,0
2018-05-21 00:56:37,57.1239,15030,0,-858572,0
2018-05-21 00:56:37,94.2518,15030,0,-1416605,0
2018-05-21 00:57:32,23.391,15050,0,352035,1
2018-05-21 00:58:28,657.6815,15050,0,9898107,1
2018-05-21 01:04:22,30.9669,15160,0,-469458,0
2018-05-21 01:04:22,486.0465,15160,0,-7368465,0
2018-05-21 01:04:47,517.0134,15160,0,7837923,1
2018-05-21 01:05:59,48.72049801,15170,0,-739090,0
2018-05-21 01:06:05,211.0424,15190,0,-3205734,0
2018-05-21 01:06:05,532.5752,15190,0,-8089817,0
2018-05-21 01:06:05,207.6619,15190,0,-3154384,0
2018-05-21 01:07:43,500.0,15190,0,7595000,1
2018-05-21 01:08:46,1.0,15200,0,15200,1
2018-05-21 01:10:29,499.0,15200,0,7584800,1
2018-05-21 01:16:23,1000.0,15190,0,-15190000,0
2018-05-21 01:20:12,273.2496,15310,0,4183451,1
2018-05-21 01:20:12,48.1659,15310,0,737420,1
2018-05-21 01:20:12,678.5845,15310,0,10389129,1
2018-05-21 01:28:52,1000.0,15300,0,-15300000,0
2018-05-21 01:35:30,1000.0,15450,0,15450000,1
2018-05-21 01:36:43,66.5678,15450,0,-1028473,0
2018-05-21 01:36:43,364.09953721,15450,0,-5625338,0
2018-05-21 01:36:47,50.0,15460,0,-773000,0
2018-05-21 01:36:47,60.2487,15460,0,-931445,0
2018-05-21 01:36:48,160.3999,15460,0,-2479782,0
2018-05-21 01:38:52,701.316,15450,0,10835332,1
2018-05-21 01:51:34,1000.0,15400,0,-15400000,0
2018-05-21 01:54:57,7.4309,15430,0,114659,1
2018-05-21 01:54:57,737.2576,15430,0,11375885,1
2018-05-21 01:54:57,250.0,15430,0,3857500,1
2018-05-21 01:54:58,5.3115,15430,0,81956,1
2018-05-21 01:55:45,74.71619689,15440,0,-1153618,0
2018-05-21 01:56:11,925.2838,15470,0,-14314140,0
2018-05-21 02:00:45,28.22,15430,0,435435,1
2018-05-21 02:00:45,40.0,15430,0,617200,1
2018-05-21 02:00:45,86.1209,15430,0,1328845,1
2018-05-21 02:03:21,845.6591,15390,0,13014694,1
2018-05-21 02:21:00,370.7835,15400,0,-5710066,0
2018-05-21 02:27:30,290.4838,15420,0,4479260,1
2018-05-21 02:27:30,80.2997,15420,0,1238221,1
2018-05-21 06:10:16,710.8301,15410,0,-10953892,0
2018-05-21 06:17:19,37.2912,15440,0,575776,1
2018-05-21 06:18:25,568.4546,15440,0,8776939,1
2018-05-21 06:18:25,16.3836,15440,0,252963,1
2018-05-21 06:18:25,88.7007,15440,0,1369539,1
2018-05-21 07:55:48,126.8576,15210,0,-1929504,0
2018-05-21 07:55:50,873.1424,15220,0,-13289227,0
2018-05-21 07:56:17,513.2151,15210,0,7806002,1
2018-05-21 07:56:18,106.45,15210,0,1619105,1
2018-05-21 07:56:18,29.2083,15210,0,444258,1
2018-05-21 07:56:20,109.6636,15210,0,1667983,1
2018-05-21 07:56:21,55.1468,15210,0,838783,1
2018-05-21 07:56:22,186.3162,15210,0,2833869,1
2018-05-21 07:58:21,1000.0,15220,0,-15220000,0
2018-05-21 08:06:10,56.2819,15310,0,861675,1
2018-05-21 08:06:28,580.3748,15290,0,8873931,1
2018-05-21 08:08:15,363.3433,15310,0,5562786,1
2018-05-21 09:01:13,92.1106,15370,0,-1415740,0
2018-05-21 09:01:45,75.6645,15350,0,1161450,1
2018-05-21 09:01:45,16.4461,15350,0,252448,1
2018-05-21 09:03:58,10.2343,15410,0,-157711,0
2018-05-21 09:04:36,10.2343,15380,0,157404,1
2018-05-21 09:50:10,1000.0,15150,0,-15150000,0
2018-05-21 09:53:17,1000.0,15170,0,15170000,1
2018-05-21 11:00:17,216.9554,15130,0,-3282535,0
2018-05-21 11:03:26,55.7490066,15120,0,842925,1
2018-05-21 11:03:32,76.271,15110,0,1152455,1
2018-05-21 11:04:45,84.9353,15110,0,1283372,1
2018-05-21 11:25:01,28.7885,15200,0,-437585,0
2018-05-21 11:25:20,28.7885,15190,0,437297,1
2018-05-21 11:39:17,178.07836263,15270,0,-2719257,0
2018-05-21 11:39:17,821.92163736,15270,0,-12550743,0
2018-05-21 11:43:59,295.0212,15260,0,4502024,1
2018-05-21 11:43:59,17.0,15260,0,259420,1
2018-05-21 11:44:19,376.444,15260,0,5744535,1
2018-05-21 11:45:00,311.5348,15260,0,4754021,1
2018-05-21 12:09:55,50.6867,15300,0,-775507,0
2018-05-21 12:09:59,1.7284,15310,0,-26462,0
2018-05-21 12:10:03,34.7866,15310,0,-532583,0
2018-05-21 12:10:03,424.5304,15310,0,-6499560,0
2018-05-21 12:10:03,456.6792,15310,0,-6991759,0
2018-05-21 12:10:03,31.5887,15310,0,-483623,0
2018-05-21 12:12:20,17.577,15320,0,269280,1
2018-05-21 12:12:20,15.0,15320,0,229800,1
2018-05-21 12:12:21,967.423,15320,0,14820920,1
2018-05-21 12:21:46,5.445e-05,15280,0,-1,0
2018-05-21 12:25:20,44.9294,15310,0,-687869,0
2018-05-21 12:25:20,131.1977,15310,0,-2008637,0
2018-05-21 12:26:14,1.2111,15350,0,-18590,0
2018-05-21 12:27:55,177.3383,15340,0,2720370,1
2018-05-21 12:30:37,176.5445,15400,0,-2718785,0
2018-05-21 12:30:37,42.0,15400,0,-646800,0
2018-05-21 12:30:37,295.819,15400,0,-4555613,0
2018-05-21 12:30:37,39.2652,15400,0,-604684,0
2018-05-21 12:30:37,10.0047,15400,0,-154072,0
2018-05-21 12:30:37,0.15,15400,0,-2310,0
2018-05-21 12:30:38,133.5125,15400,0,-2056093,0
2018-05-21 12:30:38,4.6698,15400,0,-71915,0
2018-05-21 12:30:38,7.0048,15400,0,-107874,0
2018-05-21 12:30:38,278.4816,15400,0,-4288617,0
2018-05-21 12:30:38,12.5479,15400,0,-193238,0
2018-05-21 12:32:44,1000.0,15380,0,15380000,1
2018-05-21 13:23:39,19.9849,15410,0,-307967,0
2018-05-21 13:23:39,980.0151,15410,0,-15102033,0
2018-05-21 13:25:37,1000.0,15450,0,15450000,1
2018-05-21 13:27:58,0.5,15480,0,-7740,0
2018-05-21 13:27:58,20.0,15480,0,-309600,0
2018-05-21 13:27:58,0.5,15480,0,-7740,0
2018-05-21 13:27:58,2.5,15480,0,-38700,0
2018-05-21 13:27:58,32.1777,15480,0,-498111,0
2018-05-21 13:27:59,249.625,15480,0,-3864195,0
2018-05-21 13:27:59,1.0,15480,0,-15480,0
2018-05-21 13:27:59,66.1132,15480,0,-1023432,0
2018-05-21 13:27:59,0.1,15480,0,-1548,0
2018-05-21 13:27:59,10.0,15480,0,-154800,0
2018-05-21 13:27:59,5.27263617,15480,0,-81620,0
2018-05-21 13:28:00,218.99236382,15480,0,-3390002,0
2018-05-21 13:28:00,11.0692,15480,0,-171351,0
2018-05-21 13:28:00,324.1291,15480,0,-5017518,0
2018-05-21 13:28:00,50.0,15480,0,-774000,0
2018-05-21 13:28:00,8.0208,15480,0,-124162,0
2018-05-21 13:28:39,5.124,15490,0,79371,1
2018-05-21 13:28:40,642.0326,15490,0,9945085,1
2018-05-21 13:28:41,88.7687,15490,0,1375027,1
2018-05-21 13:28:46,264.0747,15470,0,4085236,1
2018-05-21 13:39:14,5.2262,15480,0,-80902,0
2018-05-21 13:39:19,172.2394,15490,0,-2667988,0
2018-05-21 13:39:19,822.5344,15490,0,-12741058,0
2018-05-21 13:41:52,376.2332,15480,0,5824090,1
2018-05-21 13:41:52,11.9408,15480,0,184844,1
2018-05-21 13:41:52,270.90432816,15480,0,4193599,1
2018-05-21 13:43:27,1.8151,15520,0,28170,1
2018-05-21 13:43:41,7.087,15520,0,109990,1
2018-05-21 13:43:41,2.46,15520,0,38179,1
2018-05-21 13:43:41,30.7826,15520,0,477746,1
2018-05-21 13:45:53,210.9705,15550,0,3280591,1
2018-05-21 13:46:51,50.08,15580,0,-780246,0
2018-05-21 13:47:09,52.7373,15590,0,822175,1
2018-05-21 13:47:15,85.1492,15570,0,1325773,1
2018-05-21 14:02:40,1000.0,15560,0,-15560000,0
2018-05-21 14:05:30,1000.0,15520,0,15520000,1
2018-05-21 14:10:46,165.62026108,15470,0,-2562145,0
2018-05-21 14:14:20,0.00359032,15500,0,56,1
2018-05-21 14:14:30,165.6166,15490,0,2565401,1
2018-05-21 15:02:14,1000.0,15400,0,-15400000,0
2018-05-21 15:05:45,24.3539,15410,0,375294,1
2018-05-21 15:06:47,82.4419,15390,0,1268781,1
2018-05-21 15:06:47,0.0799,15390,0,1230,1
2018-05-21 15:08:53,167.794,15360,0,2577316,1
2018-05-21 15:08:53,16.9876,15360,0,260930,1
2018-05-21 15:08:53,5.0,15360,0,76800,1
2018-05-21 15:08:53,0.5,15360,0,7680,1
2018-05-21 15:08:53,42.6065,15360,0,654436,1
2018-05-21 15:08:54,402.3437,15360,0,6179999,1
2018-05-21 15:08:54,200.6769,15360,0,3082397,1
2018-05-21 15:08:54,23.7955,15360,0,365499,1
2018-05-21 15:08:54,33.4201,15360,0,513333,1
2018-05-21 15:16:15,1000.0,15320,0,-15320000,0
2018-05-21 15:16:44,4.1,15310,0,62771,1
2018-05-21 15:16:46,1.9,15310,0,29089,1
2018-05-21 15:16:47,1.1,15310,0,16841,1
2018-05-21 15:16:47,1.4,15310,0,21434,1
2018-05-21 15:16:53,2.1,15310,0,32151,1
2018-05-21 15:17:21,4.0235,15310,0,61600,1
2018-05-21 15:17:21,236.5972,15310,0,3622303,1
2018-05-21 15:17:21,4.4816,15310,0,68613,1
2018-05-21 15:17:21,253.6305,15310,0,3883083,1
2018-05-21 15:17:21,237.2372,15310,0,3632102,1
2018-05-21 15:17:21,253.43,15310,0,3880013,1
2018-05-21 15:50:54,136.3094,15420,0,-2101891,0
2018-05-21 15:50:54,0.8153,15420,0,-12572,0
2018-05-21 15:50:59,862.8753,15430,0,-13314166,0
2018-05-21 15:51:25,459.1919,15460,0,7099107,1
2018-05-21 15:51:26,540.8081,15460,0,8360893,1
2018-05-21 16:03:13,132.6029,15400,0,-2042085,0
2018-05-21 16:03:13,867.3971,15400,0,-13357915,0
2018-05-21 16:03:57,5.6459,15410,0,87003,1
2018-05-21 16:03:57,595.106,15410,0,9170583,1
2018-05-21 16:04:06,2.6002,15410,0,40069,1
2018-05-21 16:05:57,396.6479,15370,0,6096478,1
2018-05-21 16:32:57,112.3509,15400,0,-1730204,0
2018-05-21 16:35:02,8.761,15380,0,134744,1
2018-05-21 16:50:20,103.5899,15410,0,1596320,1
2018-05-21 18:56:25,1000.0,15200,0,-15200000,0
2018-05-21 18:57:42,199.0,15180,0,3020820,1
2018-05-21 18:57:42,0.4,15180,0,6072,1
2018-05-21 18:57:42,60.5817,15180,0,919630,1
2018-05-21 18:57:46,639.0786,15190,0,9707604,1
2018-05-21 18:57:47,1.8,15190,0,27342,1
2018-05-21 18:57:50,1.9,15200,0,28880,1
2018-05-21 18:57:50,1.9,15200,0,28880,1
2018-05-21 18:57:50,1.4,15200,0,21280,1
2018-05-21 18:57:50,1.8,15200,0,27360,1
2018-05-21 18:57:50,0.3,15200,0,4560,1
2018-05-21 18:57:50,2.0,15200,0,30400,1
2018-05-21 18:57:51,2.8,15200,0,42560,1
2018-05-21 18:57:51,3.3,15200,0,50160,1
2018-05-21 18:57:51,2.2,15200,0,33440,1
2018-05-21 18:57:51,3.0,15200,0,45600,1
2018-05-21 18:57:51,1.3,15200,0,19760,1
2018-05-21 18:57:51,1.3,15200,0,19760,1
2018-05-21 18:57:51,4.2,15200,0,63840,1
2018-05-21 18:57:51,1.8,15200,0,27360,1
2018-05-21 18:57:51,1.6,15200,0,24320,1
2018-05-21 18:57:51,1.9,15200,0,28880,1
2018-05-21 18:57:52,1.9,15200,0,28880,1
2018-05-21 18:57:52,1.6,15200,0,24320,1
2018-05-21 18:57:52,1.5,15200,0,22800,1
2018-05-21 18:57:52,1.6,15200,0,24320,1
2018-05-21 18:57:52,2.6,15200,0,39520,1
2018-05-21 18:57:52,3.5,15200,0,53200,1
2018-05-21 18:57:52,1.8,15200,0,27360,1
2018-05-21 18:57:52,3.6,15200,0,54720,1
2018-05-21 18:57:52,2.0,15200,0,30400,1
2018-05-21 18:57:52,1.7,15200,0,25840,1
2018-05-21 18:57:53,6.9,15200,0,104880,1
2018-05-21 18:57:53,1.6,15200,0,24320,1
2018-05-21 18:57:53,2.2,15200,0,33440,1
2018-05-21 18:57:53,1.1,15200,0,16720,1
2018-05-21 18:57:53,1.2,15200,0,18240,1
2018-05-21 18:57:53,3.1,15200,0,47120,1
2018-05-21 18:57:53,2.0,15200,0,30400,1
2018-05-21 18:57:54,1.4,15200,0,21280,1
2018-05-21 18:57:54,2.0,15200,0,30400,1
2018-05-21 18:57:54,3.3,15200,0,50160,1
2018-05-21 18:57:54,3.4,15200,0,51680,1
2018-05-21 18:57:54,1.8,15200,0,27360,1
2018-05-21 18:57:54,1.6,15200,0,24320,1
2018-05-21 18:57:54,1.4,15200,0,21280,1
2018-05-21 18:57:54,2.7,15200,0,41040,1
2018-05-21 18:57:54,2.1,15200,0,31920,1
2018-05-21 18:57:55,1.8397,15200,0,27963,1
2018-05-21 18:57:55,1.2,15200,0,18240,1
2018-05-21 18:57:55,3.8,15200,0,57760,1
2018-05-21 20:05:32,31.2783,14730,0,-460729,0
2018-05-21 20:05:32,49.3435448,14730,0,-726830,0
2018-05-21 20:05:32,80.0279,14730,0,-1178811,0
2018-05-21 20:05:50,29.0,14720,0,-426880,0
2018-05-21 20:06:32,189.6498,14730,0,2793542,1
2018-05-21 20:07:54,11.978,14760,0,-176795,0
2018-05-21 20:07:55,231.97,14760,0,-3423877,0
2018-05-21 20:07:55,80.096,14760,0,-1182217,0
2018-05-21 20:07:55,609.2961,14760,0,-8993210,0
2018-05-21 20:07:55,66.6599,14760,0,-983900,0
2018-05-21 20:11:08,1000.0,14860,0,14860000,1
2018-05-21 20:19:04,144.7369,14900,0,-2156580,0
2018-05-21 20:20:02,144.7369,14930,0,2160922,1
2018-05-21 20:22:15,1000.0,14990,0,-14990000,0
2018-05-21 20:23:24,1000.0,14970,0,14970000,1
2018-05-21 20:35:30,83.5995,14900,0,-1245633,0
2018-05-21 20:35:49,0.671,14910,0,10005,1
2018-05-21 20:35:49,82.9285,14910,0,1236464,1
2018-05-21 21:02:25,51.6602,14920,0,-770770,0
2018-05-21 21:08:19,51.6602,14950,0,772320,1
2018-05-21 21:23:35,200.0,15130,0,-3026000,0
2018-05-21 21:23:35,250.0,15130,0,-3782500,0
2018-05-21 21:23:35,500.0,15130,0,-7565000,0
2018-05-21 21:23:37,50.0,15130,0,-756500,0
2018-05-21 21:26:25,383.0,15020,0,5752660,1
2018-05-21 21:28:26,197.8801,15050,0,2978096,1
2018-05-21 21:33:00,52.4494,15050,0,-789363,0
2018-05-21 21:37:59,68.6507,15050,0,1033193,1
2018-05-21 21:42:24,402.9186,15060,0,6067954,1
2018-05-21 21:50:25,261.9,15050,0,-3941595,0
2018-05-21 21:54:06,29.2313,15020,0,439054,1
2018-05-21 21:57:28,232.6687,14990,0,3487704,1
2018-05-21 22:17:13,64.99,15020,0,-976150,0
2018-05-21 22:19:17,27.6672,15020,0,415561,1
2018-05-21 22:19:17,37.3228,15020,0,560588,1
2018-05-21 23:11:17,1000.0,14830,0,-14830000,0
2018-05-21 23:14:37,1000.0,14830,0,14830000,1
2018-05-21 23:23:59,946.249942,14760,0,-13966649,0
2018-05-21 23:23:59,53.75005799,14760,0,-793351,0
2018-05-21 23:26:25,20.0,14720,0,294400,1
2018-05-21 23:26:25,137.4559,14720,0,2023351,1
2018-05-21 23:26:26,74.4626,14720,0,1096089,1
2018-05-21 23:26:26,50.0,14720,0,736000,1
2018-05-21 23:26:26,1.3587,14720,0,20000,1
2018-05-21 23:26:26,7.3,14720,0,107456,1
2018-05-21 23:26:26,709.4228,14720,0,10442704,1
2018-05-21 23:27:11,1000.0,14760,0,-14760000,0
2018-05-21 23:30:26,672.1605,14780,0,9934532,1
2018-05-21 23:30:33,327.8395,14770,0,4842189,1
2018-05-21 23:32:55,68.2405,14730,0,-1005183,0
2018-05-21 23:32:56,150.0,14730,0,-2209500,0
2018-05-21 23:33:26,10.0,14720,0,147200,1
2018-05-21 23:33:26,10.0,14720,0,147200,1
2018-05-21 23:33:36,198.2405,14710,0,2916118,1
2018-05-22 00:14:02,1000.0,14700,0,-14700000,0
2018-05-22 00:16:49,475.48,14710,0,6994311,1
2018-05-22 00:16:49,479.3718,14710,0,7051559,1
2018-05-22 00:16:49,30.4454,14710,0,447852,1
2018-05-22 00:16:49,14.7028,14710,0,216278,1
2018-05-22 01:23:34,0.0001,14610,0,-1,0
2018-05-22 01:30:57,291.37958453,14610,0,-4257056,0
2018-05-22 01:30:57,0.01,14610,0,-146,0
2018-05-22 01:30:57,63.5116,14610,0,-927904,0
2018-05-22 01:30:58,0.01,14610,0,-146,0
2018-05-22 01:30:58,43.4336,14610,0,-634565,0
2018-05-22 01:34:19,398.3449,14660,0,5839736,1
2018-05-22 01:45:22,41.5093,14750,0,-612262,0
2018-05-22 01:45:44,41.5093,14710,0,610602,1
2018-05-22 01:46:54,173.5376,14740,0,-2557944,0
2018-05-22 01:46:54,97.6674,14740,0,-1439617,0
2018-05-22 01:48:26,0.5,14720,0,7360,1
2018-05-22 02:00:40,270.705,14780,0,4001020,1
2018-05-22 02:52:40,1.9091,14740,0,-28140,0
2018-05-22 02:54:15,1.9091,14720,0,28102,1
2018-05-22 03:04:07,1000.0,14690,0,-14690000,0
2018-05-22 03:57:12,93.1861,14660,0,1366108,1
2018-05-22 03:57:16,92.79,14650,0,1359374,1
2018-05-22 03:57:16,43.0226,14650,0,630281,1
2018-05-22 03:57:16,73.8528,14650,0,1081944,1
2018-05-22 03:57:16,15.8242,14650,0,231825,1
2018-05-22 03:57:16,64.2889,14650,0,941832,1
2018-05-22 03:57:16,58.5029,14650,0,857067,1
2018-05-22 03:57:17,553.3281,14650,0,8106257,1
2018-05-22 04:03:04,1.0,14670,0,14670,1
2018-05-22 04:03:05,1.0,14670,0,14670,1
2018-05-22 04:04:36,0.6416,14680,0,9419,1
2018-05-22 04:09:25,2.5628,14730,0,37750,1
2018-05-22 04:14:13,131.0,14790,0,-1937490,0
2018-05-22 04:14:13,15.7,14790,0,-232203,0
2018-05-22 04:14:13,6.7,14790,0,-99093,0
2018-05-22 04:19:31,1.0,14780,0,-14780,0
2018-05-22 04:28:24,154.4,14710,0,2271224,1
2018-05-22 07:46:29,56.8698,14800,0,-841673,0
2018-05-22 07:46:30,11.988,14800,0,-177422,0
2018-05-22 07:46:33,70.4574,14800,0,-1042770,0
2018-05-22 07:46:33,433.1291,14800,0,-6410311,0
2018-05-22 07:51:57,572.4443,14860,0,8506522,1
2018-05-22 08:10:12,10.488,14900,0,-156271,0
2018-05-22 08:10:12,134.2281,14900,0,-1999999,0
2018-05-22 08:14:43,144.7161,14920,0,2159164,1
2018-05-22 08:17:11,1000.0,14940,0,-14940000,0
2018-05-22 08:35:52,84.0053,14880,0,1249999,1
2018-05-22 08:35:52,5.0,14880,0,74400,1
2018-05-22 08:35:53,1.8902,14880,0,28126,1
2018-05-22 08:35:53,1.7276,14880,0,25707,1
2018-05-22 08:35:53,5.7872,14880,0,86114,1
2018-05-22 08:35:53,5.7085,14880,0,84942,1
2018-05-22 08:35:54,0.24,14880,0,3571,1
2018-05-22 08:43:20,80.2058,14870,0,1192660,1
2018-05-22 08:43:20,60.25,14870,0,895918,1
2018-05-22 08:44:00,755.1854,14860,0,11222055,1
2018-05-22 09:14:32,5.0,14910,0,-74550,0
2018-05-22 09:21:01,5.0,14910,0,74550,1
2018-05-22 10:08:35,282.29657601,14590,0,-4118707,0
2018-05-22 10:08:38,153.04410549,14580,0,-2231383,0
2018-05-22 10:09:34,0.1,14560,0,1456,1
2018-05-22 10:09:43,50.0,14540,0,727000,1
2018-05-22 10:09:47,39.6905,14520,0,576306,1
2018-05-22 10:09:48,0.4768,14520,0,6923,1
2018-05-22 10:09:48,17.3686,14520,0,252192,1
2018-05-22 10:09:48,1.0,14520,0,14520,1
2018-05-22 10:09:48,34.4352,14520,0,499999,1
2018-05-22 10:09:48,10.0,14520,0,145200,1
2018-05-22 10:09:48,212.2696,14520,0,3082155,1
2018-05-22 10:09:48,70.0,14520,0,1016400,1
2018-05-22 10:15:29,1000.0,14540,0,-14540000,0
2018-05-22 10:19:00,125.3219,14590,0,1828447,1
2018-05-22 10:19:00,74.1459,14590,0,1081789,1
2018-05-22 10:19:06,35.2633,14560,0,513434,1
2018-05-22 10:19:06,60.0,14560,0,873600,1
2018-05-22 10:19:06,100.0,14560,0,1456000,1
2018-05-22 10:19:06,0.7156,14560,0,10419,1
2018-05-22 10:19:06,105.3878,14560,0,1534446,1
2018-05-22 10:19:06,36.6526,14560,0,533662,1
2018-05-22 10:19:06,125.9119,14560,0,1833277,1
2018-05-22 10:19:06,11.0,14560,0,160160,1
2018-05-22 10:19:07,25.7791,14560,0,375344,1
2018-05-22 10:19:07,58.8187,14560,0,856400,1
2018-05-22 10:19:07,0.5,14560,0,7280,1
2018-05-22 10:19:07,0.9,14560,0,13104,1
2018-05-22 10:19:07,22.0,14560,0,320320,1
2018-05-22 10:19:07,0.5,14560,0,7280,1
2018-05-22 10:19:07,217.1032,14560,0,3161023,1
2018-05-22 11:08:18,4.64,14500,0,-67280,0
2018-05-22 11:08:36,4.64,14480,0,67187,1
2018-05-22 11:20:59,331.6038,14480,0,-4801623,0
2018-05-22 11:20:59,59.024,14480,0,-854668,0
2018-05-22 11:29:43,232.127,14520,0,3370484,1
2018-05-22 11:30:38,5.147,14490,0,74580,1
2018-05-22 11:30:52,153.3538,14480,0,2220563,1
2018-05-22 15:14:45,1000.0,14520,0,-14520000,0
2018-05-22 15:14:56,579.7053,14530,0,8423118,1
2018-05-22 15:15:01,420.2947,14520,0,6102679,1
2018-05-22 15:18:33,111.1658,14500,0,-1611904,0
2018-05-22 15:23:22,111.1658,14500,0,1611904,1
2018-05-22 19:38:41,73.4192,14330,0,-1052097,0
2018-05-22 19:40:25,32.2285,14340,0,462157,1
2018-05-22 19:40:25,39.8857,14340,0,571961,1
2018-05-22 19:40:25,1.305,14340,0,18714,1
2018-05-22 19:54:26,805.858,14300,0,-11523769,0
2018-05-22 20:01:22,805.858,14350,0,11564062,1
2018-05-22 20:51:24,151.0178,14250,0,-2152004,0
2018-05-22 20:54:56,151.0178,14200,0,2144453,1
2018-05-22 21:22:12,350.3563,14200,0,-4975059,0
2018-05-22 21:22:12,163.754,14200,0,-2325307,0
2018-05-22 21:22:12,60.6327,14200,0,-860984,0
2018-05-22 21:22:12,35.5743,14200,0,-505155,0
2018-05-22 21:22:12,142.7824,14200,0,-2027510,0
2018-05-22 21:22:13,246.9003,14200,0,-3505984,0
2018-05-22 21:25:49,130.20224511,14250,0,1855382,1
2018-05-22 21:25:49,68.9732,14250,0,982868,1
2018-05-22 21:25:49,773.162,14250,0,11017559,1
2018-05-22 21:32:03,312.7116,14210,0,-4443632,0
2018-05-22 21:45:34,100.0915,14150,0,1416295,1
2018-05-22 21:45:34,240.2826,14150,0,3399999,1
2018-05-22 22:01:31,1.4713,14260,0,-20981,0
2018-05-22 22:01:40,522.5364,14280,0,-7461820,0
2018-05-22 22:02:39,395.7335,14270,0,5647117,1
2018-05-22 22:02:39,128.2742,14270,0,1830473,1
2018-05-22 22:04:42,599.7832,14320,0,-8588895,0
2018-05-22 22:04:42,66.25105754,14320,0,-948715,0
2018-05-22 22:04:42,14.6966,14320,0,-210455,0
2018-05-22 22:04:43,1.3,14320,0,-18616,0
2018-05-22 22:04:43,2.2,14320,0,-31504,0
2018-05-22 22:04:43,1.9,14320,0,-27208,0
2018-05-22 22:04:43,2.1,14320,0,-30072,0
2018-05-22 22:04:43,2.6,14320,0,-37232,0
2018-05-22 22:04:43,1.1,14320,0,-15752,0
2018-05-22 22:04:43,2.0,14320,0,-28640,0
2018-05-22 22:04:43,2.5,14320,0,-35800,0
2018-05-22 22:04:44,2.3,14320,0,-32936,0
2018-05-22 22:04:44,1.3,14320,0,-18616,0
2018-05-22 22:04:46,1.2,14320,0,-17184,0
2018-05-22 22:04:46,1.7,14320,0,-24344,0
2018-05-22 22:04:46,1.6,14320,0,-22912,0
2018-05-22 22:04:47,1.1,14320,0,-15752,0
2018-05-22 22:04:47,1.4,14320,0,-20048,0
2018-05-22 22:04:47,2.1,14320,0,-30072,0
2018-05-22 22:04:47,2.5,14320,0,-35800,0
2018-05-22 22:04:47,1.1,14320,0,-15752,0
2018-05-22 22:04:47,1.1,14320,0,-15752,0
2018-05-22 22:04:48,3.4,14320,0,-48688,0
2018-05-22 22:04:48,2.2,14320,0,-31504,0
2018-05-22 22:04:48,0.157,14320,0,-2248,0
2018-05-22 22:04:49,2.5,14320,0,-35800,0
2018-05-22 22:04:49,63.9,14320,0,-915048,0
2018-05-22 22:04:51,13.0719,14320,0,-187190,0
2018-05-22 22:04:51,96.45,14320,0,-1381164,0
2018-05-22 22:04:52,68.378,14320,0,-979173,0
2018-05-22 22:04:53,0.157,14320,0,-2248,0
2018-05-22 22:04:54,15.24734245,14320,0,-218342,0
2018-05-22 22:06:28,368.50337251,14260,0,5254858,1
2018-05-22 22:22:13,140.6739,14300,0,2011637,1
2018-05-22 22:22:18,470.1148,14290,0,6717940,1
2018-05-22 22:25:51,28.07,14260,0,-400278,0
2018-05-22 22:28:20,28.07,14290,0,401120,1
2018-05-22 22:46:35,217.59615132,14380,0,-3129033,0
2018-05-22 22:46:35,167.1765,14380,0,-2403998,0
2018-05-22 22:46:35,49.4628,14380,0,-711275,0
2018-05-22 22:46:35,94.31773296,14380,0,-1356289,0
2018-05-22 22:46:35,451.93801571,14380,0,-6498869,0
2018-05-22 22:46:35,19.5088,14380,0,-280537,0
2018-05-22 22:47:31,450.9194,14380,0,6484221,1
2018-05-22 22:47:31,549.0806,14380,0,7895779,1
2018-05-22 23:05:24,1000.0,14270,0,-14270000,0
2018-05-22 23:37:06,813.9065,14340,0,11671419,1
2018-05-22 23:45:02,34.9409,14310,0,500004,1
2018-05-22 23:45:02,81.5666,14310,0,1167218,1
2018-05-22 23:45:02,69.586,14310,0,995776,1
2018-05-23 01:19:44,1000.0,14410,0,-14410000,0
2018-05-23 01:21:12,143.1964,14460,0,2070620,1
2018-05-23 01:21:12,563.47,14460,0,8147776,1
2018-05-23 01:21:13,65.6962,14460,0,949967,1
2018-05-23 01:21:13,82.554,14460,0,1193731,1
2018-05-23 01:21:13,11.64,14460,0,168314,1
2018-05-23 01:21:15,58.285,14450,0,842218,1
2018-05-23 01:21:15,2.9959,14450,0,43291,1
2018-05-23 01:21:16,72.1625,14450,0,1042748,1
2018-05-23 01:24:43,80.0,14510,0,-1160800,0
2018-05-23 01:24:43,55.2243,14510,0,-801305,0
2018-05-23 01:24:43,417.0,14510,0,-6050670,0
2018-05-23 01:24:44,210.0,14510,0,-3047100,0
2018-05-23 01:24:44,50.0,14510,0,-725500,0
2018-05-23 01:24:44,69.6018,14510,0,-1009922,0
2018-05-23 01:25:48,768.1985,14510,0,11146560,1
2018-05-23 01:27:46,113.6276,14540,0,1652145,1
2018-05-23 01:29:09,5.437,14490,0,-78782,0
2018-05-23 01:30:52,78.8707,14470,0,-1141259,0
2018-05-23 01:30:55,732.9836,14480,0,-10613603,0
2018-05-23 01:31:59,71.2451,14470,0,1030917,1
2018-05-23 01:31:59,58.2046,14470,0,842221,1
2018-05-23 01:41:15,483.5208,14440,0,6982040,1
2018-05-23 01:41:15,19.7369,14440,0,285001,1
2018-05-23 01:41:15,100.0,14440,0,1444000,1
2018-05-23 01:41:15,84.5839,14440,0,1221392,1
2018-05-23 01:42:38,1000.0,14450,0,-14450000,0
2018-05-23 01:48:18,793.815,14430,0,11454750,1
2018-05-23 01:50:26,165.185,14400,0,2378664,1
2018-05-23 01:50:26,40.0,14410,0,576400,1
2018-05-23 01:50:26,1.0,14400,0,14400,1
2018-05-23 03:06:26,318.9223,14300,0,-4560589,0
2018-05-23 03:06:30,138.5021,14300,0,-1980580,0
2018-05-23 03:06:34,1.0001,14300,0,-14301,0
2018-05-23 03:14:50,458.4245,14330,0,6569223,1
2018-05-23 06:25:24,48.0067,14020,0,-673054,0
2018-05-23 06:25:37,48.0067,14030,0,673534,1
2018-05-23 06:26:37,7.863e-05,14040,0,-1,0
2018-05-23 06:26:38,14.2735,14040,0,-200400,0
2018-05-23 06:27:00,83.9024,14050,0,-1178829,0
2018-05-23 06:27:00,21.19,14050,0,-297720,0
2018-05-23 06:28:46,880.634,14040,0,-12364101,0
2018-05-23 06:38:19,100.0,14050,0,1405000,1
2018-05-23 06:38:19,100.0,14050,0,1405000,1
2018-05-23 06:38:19,26.1471,14050,0,367367,1
2018-05-23 06:38:19,6.9084,14050,0,97063,1
2018-05-23 06:38:19,123.99096193,14050,0,1742073,1
2018-05-23 06:38:19,30.0,14050,0,421500,1
2018-05-23 06:38:20,612.95353806,14050,0,8611997,1
2018-05-23 07:02:31,19.4922,14000,0,-272891,0
2018-05-23 07:04:25,19.4922,14040,0,273670,1
2018-05-23 07:25:41,3.865e-05,13970,0,-1,0
2018-05-23 07:25:41,49.99996134,13970,0,-698499,0
2018-05-23 07:29:33,50.0,13940,0,697000,1
2018-05-23 07:47:38,1.2142,13730,0,-16671,0
2018-05-23 07:50:38,1.2142,13660,0,16586,1
2018-05-23 08:03:36,519.5314,13790,0,-7164338,0
2018-05-23 08:04:17,0.0908,13760,0,1249,1
2018-05-23 08:04:17,185.883,13760,0,2557750,1
2018-05-23 08:04:17,15.3243,13760,0,210862,1
2018-05-23 08:04:18,318.2333,13760,0,4378890,1
2018-05-23 08:07:34,1000.0,13810,0,-13810000,0
2018-05-23 08:13:46,157.0,13780,0,2163460,1
2018-05-23 08:13:46,54.342,13780,0,748833,1
2018-05-23 08:13:53,198.3463,13770,0,2731228,1
2018-05-23 08:13:53,257.0,13770,0,3538890,1
2018-05-23 08:13:53,333.3117,13770,0,4589702,1
2018-05-23 08:52:22,1000.0,13700,0,-13700000,0
2018-05-23 08:52:52,693.4602,13670,0,9479601,1
2018-05-23 08:52:57,206.593,13660,0,2822060,1
2018-05-23 08:52:57,99.9468,13660,0,1365273,1
2018-05-23 09:01:20,1000.0,13690,0,-13690000,0
2018-05-23 09:11:48,1000.0,13820,0,13820000,1
2018-05-23 09:56:17,1000.0,13580,0,-13580000,0
2018-05-23 09:57:37,273.0052,13570,0,3704681,1
2018-05-23 09:58:06,75.0,13590,0,1019250,1
2018-05-23 09:58:40,5.96630588,13600,0,81142,1
2018-05-23 10:00:04,646.0285,13550,0,8753686,1
2018-05-23 10:43:06,505.7917,13530,0,-6843362,0
2018-05-23 10:43:06,494.2083,13530,0,-6686638,0
2018-05-23 10:45:06,220.0,13480,0,2965600,1
2018-05-23 10:45:06,780.0,13480,0,10514400,1
2018-05-23 11:33:51,0.0023,13580,0,-31,0
2018-05-23 11:33:51,4.9977,13580,0,-67869,0
2018-05-23 11:33:54,1.1,13560,0,-14916,0
2018-05-23 11:33:54,2.2,13560,0,-29832,0
2018-05-23 11:33:55,1.1,13560,0,-14916,0
2018-05-23 11:33:55,1.1,13560,0,-14916,0
2018-05-23 11:33:55,1.1,13560,0,-14916,0
2018-05-23 11:33:55,2.4,13560,0,-32544,0
2018-05-23 11:33:55,1.6,13560,0,-21696,0
2018-05-23 11:33:55,1.3,13560,0,-17628,0
2018-05-23 11:33:55,1.1,13560,0,-14916,0
2018-05-23 11:34:13,8.0,13570,0,108560,1
2018-05-23 11:34:47,10.0,13550,0,135500,1
2018-05-23 12:18:30,681.7136,13640,0,-9298574,0
2018-05-23 12:18:30,318.2864,13640,0,-4341426,0
2018-05-23 12:19:08,200.08159941,13660,0,2733115,1
2018-05-23 12:19:08,29.2887,13660,0,400084,1
2018-05-23 12:19:08,115.4549,13660,0,1577114,1
2018-05-23 12:19:08,500.0,13660,0,6830000,1
2018-05-23 12:19:08,155.17480058,13660,0,2119688,1
2018-05-23 13:21:19,142.5888,13520,0,-1927801,0
2018-05-23 13:21:20,147.9289,13520,0,-1999999,0
2018-05-23 13:21:20,10.1528,13520,0,-137266,0
2018-05-23 13:21:20,150.0,13520,0,-2028000,0
2018-05-23 13:21:42,549.3295,13520,0,-7426935,0
2018-05-23 13:22:36,25.0,13500,0,337500,1
2018-05-23 13:22:36,20.1255,13500,0,271694,1
2018-05-23 13:22:36,100.0,13500,0,1350000,1
2018-05-23 13:22:36,41.2765,13500,0,557233,1
2018-05-23 13:22:36,35.4692,13500,0,478834,1
2018-05-23 13:22:36,120.4099,13500,0,1625534,1
2018-05-23 13:22:36,100.0,13500,0,1350000,1
2018-05-23 13:22:36,108.64748047,13500,0,1466741,1
2018-05-23 13:22:37,18.7077,13500,0,252554,1
2018-05-23 13:22:37,1.8518,13500,0,24999,1
2018-05-23 13:22:37,115.2097,13500,0,1555331,1
2018-05-23 13:22:37,131.7251,13500,0,1778289,1
2018-05-23 13:22:37,6.4507,13500,0,87084,1
2018-05-23 13:22:37,13.2602,13500,0,179013,1
2018-05-23 13:22:37,161.86621952,13500,0,2185194,1
2018-05-23 15:26:49,125.7999678,13510,0,-1699558,0
2018-05-23 15:26:50,357.17223219,13510,0,-4825397,0
2018-05-23 15:29:32,66.5156,13500,0,897961,1
2018-05-23 15:29:32,38.0845,13500,0,514141,1
2018-05-23 15:29:33,10.4057,13500,0,140477,1
2018-05-23 15:31:48,345.7442,13500,0,4667547,1
2018-05-23 15:31:48,22.2222,13500,0,300000,1
2018-05-23 16:59:28,473.1917,12840,0,-6075781,0
2018-05-23 17:01:33,473.1917,12910,0,6108905,1
2018-05-23 17:06:16,844.781,13040,0,-11015944,0
2018-05-23 17:06:16,77.6396,13040,0,-1012420,0
2018-05-23 17:06:16,77.5794,13040,0,-1011635,0
2018-05-23 17:09:45,977.9493,13030,0,12742679,1
2018-05-23 17:09:46,22.0507,13030,0,287321,1
2018-05-23 17:43:01,1000.0,12700,0,-12700000,0
2018-05-23 17:52:22,8.0,12790,0,102320,1
2018-05-23 17:52:23,104.4511,12790,0,1335930,1
2018-05-23 17:52:26,480.612,12790,0,6147027,1
2018-05-23 17:52:27,0.862,12790,0,11025,1
2018-05-23 17:55:43,406.0749,12840,0,5214002,1
2018-05-23 17:59:55,1000.0,12860,0,-12860000,0
2018-05-23 18:01:27,14.1715,12870,0,182387,1
2018-05-23 18:01:28,223.7762,12870,0,2880000,1
2018-05-23 18:01:28,388.5004,12870,0,5000000,1
2018-05-23 18:01:28,98.7182,12870,0,1270503,1
2018-05-23 18:06:43,274.8337,12840,0,3528865,1
2018-05-23 18:27:27,196.0625,12560,0,-2462545,0
2018-05-23 18:27:30,803.9375,12560,0,-10097455,0
2018-05-23 18:29:32,727.5776,12570,0,9145650,1
2018-05-23 18:29:32,205.686,12570,0,2585473,1
2018-05-23 18:29:33,66.7364,12570,0,838877,1
2018-05-23 18:35:14,204.066989,12740,0,-2599813,0
2018-05-23 18:35:27,204.067,12740,0,2599814,1
2018-05-23 18:40:58,13.9,12790,0,-177781,0
2018-05-23 18:41:20,7.434,12780,0,95007,1
2018-05-23 18:41:20,6.466,12780,0,82635,1
2018-05-23 19:02:41,1000.0,12870,0,-12870000,0
2018-05-23 19:03:41,696.7285,12890,0,8980830,1
2018-05-23 19:03:41,303.2715,12890,0,3909170,1
2018-05-23 19:08:32,962.192,12860,0,-12373789,0
2018-05-23 19:08:32,37.808,12860,0,-486211,0
2018-05-23 19:14:40,975.27448977,12900,0,12581041,1
2018-05-23 19:14:40,24.72551022,12900,0,318959,1
2018-05-23 19:24:44,28.3749,12880,0,-365469,0
2018-05-23 19:27:06,1.51119115,12910,0,19509,1
2018-05-23 19:28:30,26.8637,12900,0,346542,1
2018-05-23 20:33:21,97.3881,12800,0,-1246568,0
2018-05-23 20:35:28,56.9505,12800,0,728966,1
2018-05-23 20:35:28,40.4376,12800,0,517601,1
2018-05-23 23:19:20,1000.0,12750,0,-12750000,0
2018-05-23 23:22:48,1000.0,12740,0,12740000,1
2018-05-24 00:16:27,95.6384,12800,0,-1224172,0
2018-05-24 00:26:22,26.8711,12750,0,342607,1
2018-05-24 00:30:20,931.2327,12730,0,-11854592,0
2018-05-24 00:32:49,1000.0,12690,0,12690000,1
2018-05-24 00:48:16,347.1111,12400,0,-4304178,0
2018-05-24 00:48:33,125.96576085,12390,0,-1560716,0
2018-05-24 00:49:23,110.5542,12390,0,1369767,1
2018-05-24 00:49:23,65.2,12390,0,807828,1
2018-05-24 00:49:23,297.3227,12390,0,3683828,1
2018-05-24 00:52:25,35.7353,12390,0,-442760,0
2018-05-24 00:56:56,35.7353,12440,0,444547,1
2018-05-24 01:12:14,93.8988,12280,0,-1153077,0
2018-05-24 01:15:06,20.0,12180,0,243600,1
2018-05-24 01:15:07,58.4547,12180,0,711978,1
2018-05-24 01:15:07,7.4425,12180,0,90650,1
2018-05-24 01:15:07,8.0016,12180,0,97459,1
2018-05-24 01:30:05,675.6067,12360,0,-8350499,0
2018-05-24 01:30:05,288.411,12360,0,-3564760,0
2018-05-24 01:30:06,25.0,12360,0,-309000,0
2018-05-24 01:31:34,356.061,12290,0,4375990,1
2018-05-24 01:31:34,1.0,12290,0,12290,1
2018-05-24 01:31:34,4.7735,12290,0,58666,1
2018-05-24 01:31:35,12.0314,12290,0,147866,1
2018-05-24 01:31:35,2.0,12290,0,24580,1
2018-05-24 01:31:40,47.8543,12270,0,587172,1
2018-05-24 01:31:40,565.2975,12270,0,6936200,1
2018-05-24 02:20:30,34.5309,12110,0,-418169,0
2018-05-24 02:20:30,0.3,12110,0,-3633,0
2018-05-24 02:22:28,136.0479,12170,0,-1655703,0
2018-05-24 02:29:18,170.8788,12180,0,2081304,1
2018-05-24 02:49:34,37.6433,12110,0,-455860,0
2018-05-24 02:54:13,37.6433,12160,0,457743,1
2018-05-24 03:15:21,175.0,12270,0,-2147250,0
2018-05-24 03:18:12,44.8461,12260,0,-549813,0
2018-05-24 03:18:48,8.4641,12270,0,-103855,0
2018-05-24 03:21:05,228.3102,12320,0,2812782,1
2018-05-24 03:27:21,1.3,12400,0,-16120,0
2018-05-24 03:27:21,1.7,12400,0,-21080,0
2018-05-24 03:27:23,8.2999,12400,0,-102919,0
2018-05-24 03:27:27,988.7001,12400,0,-12259881,0
2018-05-24 03:28:00,250.0,12360,0,3090000,1
2018-05-24 03:28:01,210.3069,12360,0,2599393,1
2018-05-24 03:28:01,58.2527,12360,0,720003,1
2018-05-24 03:35:57,82.0577,12380,0,1015874,1
2018-05-24 03:35:57,399.3827,12380,0,4944358,1
2018-05-24 04:20:41,1000.0,12400,0,-12400000,0
2018-05-24 04:24:13,1000.0,12330,0,12330000,1
2018-05-24 04:29:30,162.8664,12280,0,-1999999,0
2018-05-24 04:42:55,132.8135,12440,0,1652200,1
2018-05-24 04:43:04,30.0529,12430,0,373558,1
2018-05-24 05:08:02,1000.0,12470,0,-12470000,0
2018-05-24 05:35:02,0.98674503,12330,0,12167,1
2018-05-24 05:35:03,29.661,12330,0,365720,1
2018-05-24 05:35:03,1.6347,12330,0,20156,1
2018-05-24 05:47:51,967.7175,12200,0,11806154,1
2018-05-24 05:49:18,50.0,12210,0,-610500,0
2018-05-24 05:51:00,50.0,12200,0,610000,1
2018-05-24 06:46:45,1.4,12370,0,-17318,0
2018-05-24 06:46:45,0.8,12370,0,-9896,0
2018-05-24 06:46:45,4.0,12370,0,-49480,0
2018-05-24 06:46:45,7.0,12370,0,-86590,0
2018-05-24 06:46:46,986.8,12370,0,-12206716,0
2018-05-24 06:49:32,1000.0,12450,0,12450000,1
2018-05-24 07:33:34,527.4395,12410,0,-6545524,0
2018-05-24 07:33:34,129.2839,12410,0,-1604413,0
2018-05-24 07:51:47,656.7234,12380,0,8130236,1
2018-05-24 08:11:40,350.0,12220,0,-4277000,0
2018-05-24 08:11:40,20.7551,12220,0,-253627,0
2018-05-24 08:11:40,18.9165,12220,0,-231160,0
2018-05-24 08:13:34,610.3284,12200,0,-7446006,0
2018-05-24 08:15:51,1000.0,12180,0,12180000,1
2018-05-24 09:15:33,1000.0,12250,0,-12250000,0
2018-05-24 09:16:24,98.891,12260,0,1212404,1
2018-05-24 09:17:50,25.5964,12350,0,316116,1
2018-05-24 09:17:50,875.5126,12350,0,10812581,1
2018-05-24 09:34:14,216.5066,12360,0,-2676022,0
2018-05-24 09:39:16,212.11452381,12460,0,2642947,1
2018-05-24 09:39:17,4.39207618,12460,0,54725,1
2018-05-24 09:40:19,1.8,12480,0,-22464,0
2018-05-24 09:40:20,1.4,12480,0,-17472,0
2018-05-24 09:40:20,2.1,12480,0,-26208,0
2018-05-24 09:40:20,0.5,12480,0,-6240,0
2018-05-24 09:40:20,1.3,12480,0,-16224,0
2018-05-24 09:40:20,2.0,12480,0,-24960,0
2018-05-24 09:40:20,1.5,12480,0,-18720,0
2018-05-24 09:40:20,1.8,12480,0,-22464,0
2018-05-24 09:40:20,1.8,12480,0,-22464,0
2018-05-24 09:40:22,13.8,12480,0,-172224,0
2018-05-24 09:40:26,746.51858134,12490,0,-9324017,0
2018-05-24 09:40:26,7.2,12490,0,-89928,0
2018-05-24 09:41:24,19.6893,12450,0,245132,1
2018-05-24 09:41:24,2.0,12450,0,24900,1
2018-05-24 09:41:24,337.8744,12450,0,4206536,1
2018-05-24 09:41:30,277.6126,12440,0,3453501,1
2018-05-24 09:45:14,144.5423,12410,0,1793770,1
2018-05-24 09:48:40,63.0911,12360,0,-779806,0
2018-05-24 09:50:15,936.9089,12370,0,-11589563,0
2018-05-24 09:54:56,4.1,12380,0,50758,1
2018-05-24 09:54:57,121.2498,12380,0,1501073,1
2018-05-24 09:55:47,874.6502,12400,0,10845662,1
2018-05-24 09:58:14,888.83200137,12370,0,-10994852,0
2018-05-24 09:58:14,111.16799862,12370,0,-1375148,0
2018-05-24 09:58:59,14.2,12350,0,175370,1
2018-05-24 10:01:50,46.3887,12400,0,575220,1
2018-05-24 10:01:50,8.0645,12400,0,100000,1
2018-05-24 10:03:39,344.2776,12440,0,4282813,1
2018-05-24 10:03:39,64.6802,12440,0,804622,1
2018-05-24 10:03:46,7.9935,12440,0,99439,1
2018-05-24 10:03:52,73.9627,12430,0,919356,1
2018-05-24 10:03:52,440.1914,12430,0,5471579,1
2018-05-24 10:03:52,0.2414,12430,0,3001,1
2018-05-24 10:04:49,1000.0,12490,0,-12490000,0
2018-05-24 10:05:07,192.1417,12490,0,2399850,1
2018-05-24 10:05:07,807.8583,12490,0,10090150,1
2018-05-24 10:05:35,205.1232,12450,0,-2553784,0
2018-05-24 10:05:43,365.45435557,12510,0,-4571834,0
2018-05-24 10:05:43,429.42244442,12510,0,-5372075,0
2018-05-24 10:05:57,1000.0,12530,0,12530000,1
2018-05-24 10:12:29,561.8338,12480,0,-7011686,0
2018-05-24 10:14:58,32.6,12490,0,407174,1
2018-05-24 10:15:42,529.2338,12530,0,6631300,1
2018-05-24 10:17:04,280.1896,12550,0,-3516379,0
2018-05-24 10:17:39,245.3915,12590,0,-3089479,0
2018-05-24 10:17:40,185.9,12590,0,-2340481,0
2018-05-24 10:25:35,200.0,12670,0,2534000,1
2018-05-24 10:25:36,105.4298,12670,0,1335796,1
2018-05-24 10:25:36,406.0513,12670,0,5144670,1
2018-05-24 10:29:47,2.8749,12650,0,-36367,0
2018-05-24 10:33:26,2.8749,12580,0,36166,1
2018-05-24 10:42:14,1000.0,12520,0,-12520000,0
2018-05-24 10:42:38,68.9049,12510,0,862000,1
2018-05-24 10:42:38,159.0,12510,0,1989090,1
2018-05-24 10:44:13,80.0683,12480,0,999252,1
2018-05-24 10:44:14,27.8,12480,0,346944,1
2018-05-24 10:44:21,4.988,12480,0,62250,1
2018-05-24 10:44:21,2.0,12480,0,24960,1
2018-05-24 10:44:37,2.1,12480,0,26208,1
2018-05-24 10:44:38,1.4,12480,0,17472,1
2018-05-24 10:44:39,11.6,12480,0,144768,1
2018-05-24 10:44:39,2.2,12480,0,27456,1
2018-05-24 10:44:40,27.9,12480,0,348192,1
2018-05-24 10:44:40,1.3,12480,0,16224,1
2018-05-24 10:44:41,4.3,12480,0,53664,1
2018-05-24 10:44:42,1.3,12480,0,16224,1
2018-05-24 10:44:42,1.3,12480,0,16224,1
2018-05-24 10:44:42,2.2,12480,0,27456,1
2018-05-24 10:44:50,601.6388,12470,0,7502436,1
2018-05-24 10:52:40,15.0,12540,0,-188100,0
2018-05-24 10:53:14,7.8198,12490,0,-97669,0
2018-05-24 10:53:18,360.166,12500,0,-4502075,0
2018-05-24 10:53:22,275.9701,12510,0,-3452386,0
2018-05-24 10:56:16,658.9559,12570,0,8283076,1
2018-05-24 11:10:33,5.075e-05,12520,0,-1,0
2018-05-24 11:16:58,100.0,12620,0,-1262000,0
2018-05-24 11:16:58,79.7448,12620,0,-1006379,0
2018-05-24 11:16:58,1.0,12620,0,-12620,0
2018-05-24 11:16:58,78.9986,12620,0,-996962,0
2018-05-24 11:16:58,348.8057,12620,0,-4401928,0
2018-05-24 11:18:06,608.5492,12630,0,7685976,1
2018-05-24 11:34:14,161.63,12430,0,-2009061,0
2018-05-24 11:34:14,79.4417,12430,0,-987460,0
2018-05-24 11:34:15,1.0,12430,0,-12430,0
2018-05-24 11:34:15,68.88,12430,0,-856178,0
2018-05-24 11:35:00,1.3,12430,0,16159,1
2018-05-24 11:35:18,458.4196,12430,0,-5698156,0
2018-05-24 11:39:39,108.0381,12410,0,1340753,1
2018-05-24 11:39:47,32.01,12390,0,396604,1
2018-05-24 11:45:36,15.156,12450,0,188692,1
2018-05-24 11:50:01,612.8672,12420,0,7611811,1
2018-05-24 11:50:35,258.6436,12400,0,-3207181,0
2018-05-24 11:51:34,100.0,12410,0,-1241000,0
2018-05-24 11:53:48,57.6383,12400,0,714715,1
2018-05-24 11:57:35,301.0053,12410,0,3735476,1
2018-05-24 12:09:40,34.43,12380,0,-426243,0
2018-05-24 12:09:40,13.4,12380,0,-165892,0
2018-05-24 12:09:51,35.2174,12380,0,435991,1
2018-05-24 12:15:28,987.3874,12440,0,-12283099,0
2018-05-24 12:16:16,676.45,12460,0,8428567,1
2018-05-24 12:16:16,164.83,12460,0,2053782,1
2018-05-24 12:18:39,144.2101,12470,0,1798300,1
2018-05-24 12:18:39,14.5099,12470,0,180938,1
2018-05-24 12:37:46,660.4554,12420,0,-8202856,0
2018-05-24 12:38:17,169.9053,12450,0,2115321,1
2018-05-24 12:38:21,10.53,12430,0,130888,1
2018-05-24 12:38:22,125.7453,12430,0,1563014,1
2018-05-24 12:40:36,50.2346,12440,0,-624918,0
2018-05-24 12:41:55,404.5094,12450,0,5036142,1
2018-05-24 12:48:53,0.0001,12470,0,-1,0
2018-05-24 12:51:26,999.9999,12500,0,-12499999,0
2018-05-24 12:52:14,57.2481,12500,0,715601,1
2018-05-24 13:00:38,1.3769,12450,0,17142,1
2018-05-24 13:11:58,163.3586,12470,0,2037082,1
2018-05-24 13:11:59,231.5054,12470,0,2886872,1
2018-05-24 13:12:31,194.5469,12480,0,2427945,1
2018-05-24 13:15:15,648.0359,12530,0,-8119890,0
2018-05-24 13:19:43,1000.0,12600,0,12600000,1
2018-05-24 13:27:37,154.2855,12600,0,-1943997,0
2018-05-24 13:31:58,154.28547139,12680,0,1956340,1
2018-05-24 13:35:07,4.9564,12650,0,-62698,0
2018-05-24 13:35:21,0.00648339,12650,0,82,1
2018-05-24 13:35:46,4.9499,12650,0,62616,1
2018-05-24 13:42:44,1.4908,12610,0,-18799,0
2018-05-24 13:43:44,1.4908,12610,0,18799,1
2018-05-24 14:04:36,47.5058,12620,0,-599523,0
2018-05-24 14:05:46,30.9759,12620,0,390916,1
2018-05-24 14:07:06,16.5299,12590,0,208111,1
2018-05-24 14:23:14,4.8231,12560,0,-60578,0
2018-05-24 14:23:37,60.0196,12560,0,-753846,0
2018-05-24 14:27:52,58.0554,12570,0,-729756,0
2018-05-24 14:27:52,877.1019,12570,0,-11025171,0
2018-05-24 14:31:42,41.4561,12590,0,521932,1
2018-05-24 14:33:33,59.5238,12600,0,750000,1
2018-05-24 14:33:33,45.3073,12600,0,570872,1
2018-05-24 14:33:33,129.36945164,12600,0,1630055,1
2018-05-24 14:33:33,405.88304835,12600,0,5114126,1
2018-05-24 14:33:33,317.4603,12600,0,4000000,1
2018-05-24 14:33:33,1.0,12600,0,12600,1
2018-05-24 14:38:43,48.8023,12560,0,-612957,0
2018-05-24 14:38:43,10.0,12560,0,-125600,0
2018-05-24 14:38:43,399.0,12560,0,-5011440,0
2018-05-24 14:38:43,150.0,12560,0,-1884000,0
2018-05-24 14:38:43,243.0593,12560,0,-3052825,0
2018-05-24 14:39:13,850.8616,12560,0,10686822,1
2018-05-24 14:42:25,15.5556,12510,0,-194601,0
2018-05-24 14:43:50,8e-05,12510,0,-1,0
2018-05-24 14:43:50,40.0,12510,0,-500400,0
2018-05-24 14:45:15,55.5557,12490,0,693891,1
2018-05-24 14:46:38,881.6965,12460,0,-10985938,0
2018-05-24 14:46:41,118.3035,12460,0,-1474062,0
2018-05-24 14:55:16,100.0,12460,0,1246000,1
2018-05-24 14:55:16,230.2228,12460,0,2868576,1
2018-05-24 14:55:20,1.3,12450,0,16185,1
2018-05-24 14:55:20,0.0309,12450,0,385,1
2018-05-24 14:56:07,91.9298,12430,0,1142687,1
2018-05-24 14:56:07,335.165,12430,0,4166101,1
2018-05-24 14:56:07,241.3515,12430,0,2999999,1
2018-05-24 14:56:55,100.0,12440,0,-1244000,0
2018-05-24 14:59:52,37.04,12480,0,462259,1
2018-05-24 15:02:26,62.96,12500,0,787000,1
2018-05-24 15:09:42,361.6989,12470,0,-4510385,0
2018-05-24 15:09:42,385.9842,12470,0,-4813223,0
2018-05-24 15:10:33,48.402,12440,0,602121,1
2018-05-24 15:22:39,94.2214,12500,0,1177768,1
2018-05-24 15:22:39,14.08,12500,0,176000,1
2018-05-24 15:23:04,590.9797,12500,0,7387246,1
2018-05-24 15:24:14,236.106,12470,0,-2944242,0
2018-05-24 15:28:10,2.1,12520,0,26292,1
2018-05-24 15:29:50,100.0,12480,0,1248000,1
2018-05-24 15:29:51,55.7035,12480,0,695180,1
2018-05-24 15:34:37,38.7687,12490,0,484221,1
2018-05-24 15:35:21,0.6,12450,0,7470,1
2018-05-24 15:38:58,38.9338,12440,0,484336,1
2018-05-24 15:47:23,75.87,12460,0,-945340,0
2018-05-24 15:47:23,25.2086,12460,0,-314099,0
2018-05-24 15:52:24,19.9999,12510,0,-250199,0
2018-05-24 15:52:24,16.9275,12510,0,-211763,0
2018-05-24 15:58:02,4.5,12520,0,-56340,0
2018-05-24 15:58:02,5.9,12520,0,-73868,0
2018-05-24 15:58:02,9.8,12520,0,-122696,0
2018-05-24 15:59:13,158.206,12510,0,1979157,1
2018-05-24 16:15:41,1000.0,12560,0,-12560000,0
2018-05-24 16:24:07,34.827,12550,0,437079,1
2018-05-24 16:26:30,29.0493,12530,0,363988,1
2018-05-24 16:26:30,8.1233,12530,0,101785,1
2018-05-24 16:26:30,4.0,12530,0,50120,1
2018-05-24 16:26:31,196.39728651,12530,0,2460858,1
2018-05-24 16:26:31,143.5973,12530,0,1799274,1
2018-05-24 16:30:59,303.1576,12540,0,3801596,1
2018-05-24 16:30:59,1.5798,12540,0,19811,1
2018-05-24 16:30:59,30.2995,12540,0,379956,1
2018-05-24 16:31:00,241.5,12540,0,3028410,1
2018-05-24 16:31:30,7.4689,12540,0,93660,1
2018-05-24 16:38:27,4.49,12550,0,-56350,0
2018-05-24 16:40:55,4.49,12540,0,56305,1
2018-05-24 16:41:18,3.8334,12510,0,-47956,0
2018-05-24 16:41:40,3.8334,12530,0,48033,1
2018-05-24 16:42:59,1000.0,12460,0,-12460000,0
2018-05-24 16:43:34,847.6698,12430,0,10536536,1
2018-05-24 16:43:34,1.8333,12430,0,22788,1
2018-05-24 16:43:34,5.0,12430,0,62150,1
2018-05-24 16:43:34,10.0,12430,0,124300,1
2018-05-24 16:43:34,100.0,12430,0,1243000,1
2018-05-24 16:43:35,4.2116,12430,0,52350,1
2018-05-24 16:43:35,31.2853,12430,0,388876,1
2018-05-24 16:46:23,1000.0,12400,0,-12400000,0
2018-05-24 16:46:35,1000.0,12400,0,12400000,1
2018-05-24 16:53:58,8.4,12320,0,-103488,0
2018-05-24 16:54:03,8.4,12290,0,103236,1
2018-05-24 17:15:37,883.117,12110,0,-10694547,0
2018-05-24 17:15:37,10.0,12110,0,-121100,0
2018-05-24 17:15:38,106.883,12110,0,-1294353,0
2018-05-24 17:16:48,45.2338,12140,0,549138,1
2018-05-24 17:16:48,954.7662,12140,0,11590862,1
2018-05-24 17:27:15,14.5851,12030,0,-175459,0
2018-05-24 17:27:16,9.8298,12030,0,-118252,0
2018-05-24 17:27:20,227.8,12010,0,-2735878,0
2018-05-24 17:27:26,747.7851,11990,0,-8965943,0
2018-05-24 17:27:53,1000.0,11990,0,11990000,1
2018-05-24 17:28:28,410.3788618,11980,0,-4916339,0
2018-05-24 17:28:28,108.34993819,11980,0,-1298032,0
2018-05-24 17:28:54,518.7288,12000,0,6224746,1
2018-05-24 17:30:39,66.15595507,11930,0,-789241,0
2018-05-24 17:31:36,55.9845,11870,0,664536,1
2018-05-24 17:31:36,10.1714,11870,0,120735,1
2018-05-24 17:32:28,5.3538,11890,0,-63657,0
2018-05-24 17:32:59,5.3538,11900,0,63710,1
2018-05-24 17:43:04,542.6988,11930,0,-6474397,0
2018-05-24 17:46:19,245.3228,11980,0,2938967,1
2018-05-24 17:46:20,5.9355,11980,0,71107,1
2018-05-24 17:46:20,291.4405,11980,0,3491457,1
2018-05-24 17:54:05,1000.0,11820,0,-11820000,0
2018-05-24 17:54:54,11.7,11830,0,138411,1
2018-05-24 17:54:54,373.8,11830,0,4422054,1
2018-05-24 17:54:54,272.4741,11830,0,3223369,1
2018-05-24 17:55:06,392.03011729,11850,0,-4645557,0
2018-05-24 17:55:06,265.9439827,11850,0,-3151436,0
2018-05-24 17:56:46,1000.0,11880,0,11880000,1
2018-05-24 17:57:25,1000.0,11910,0,-11910000,0
2018-05-24 17:57:41,1.0436,11880,0,12398,1
2018-05-24 17:59:47,119.9787,11880,0,1425347,1
2018-05-24 18:01:21,76.7284,11920,0,914603,1
2018-05-24 18:02:50,107.4281,11950,0,1283766,1
2018-05-24 18:02:50,5.0,11950,0,59750,1
2018-05-24 18:06:13,553.342,11880,0,6573703,1
2018-05-24 18:06:13,136.4792,11880,0,1621373,1
2018-05-24 18:08:12,28.9548,11830,0,-342535,0
2018-05-24 18:08:38,28.9548,11750,0,340219,1
2018-05-24 18:12:51,1000.0,11710,0,-11710000,0
2018-05-24 18:16:33,465.4054,11640,0,5417319,1
2018-05-24 18:16:33,2.0,11640,0,23280,1
2018-05-24 18:16:33,532.5946,11640,0,6199401,1
2018-05-24 18:16:54,3.0,11660,0,-34980,0
2018-05-24 18:20:18,3.0,11780,0,35340,1
2018-05-24 18:21:24,1.0,11840,0,-11840,0
2018-05-24 18:21:29,999.0,11850,0,-11838150,0
2018-05-24 18:22:16,4.5163,11850,0,53518,1
2018-05-24 18:22:17,10.0,11850,0,118500,1
2018-05-24 18:22:17,27.57,11850,0,326705,1
2018-05-24 18:23:08,151.9909,11860,0,1802612,1
2018-05-24 18:23:09,150.0,11860,0,1779000,1
2018-05-24 18:23:24,655.9228,11920,0,7818600,1
2018-05-24 18:24:39,910.8148,11890,0,-10829588,0
2018-05-24 18:24:39,89.1852,11890,0,-1060412,0
2018-05-24 18:25:06,976.0761,11900,0,11615306,1
2018-05-24 18:25:07,23.9239,11900,0,284694,1
2018-05-24 18:27:18,338.5797,11920,0,-4035870,0
2018-05-24 18:27:42,338.5797,11940,0,4042642,1
2018-05-24 18:29:41,1000.0,11900,0,-11900000,0
2018-05-24 18:30:01,10.0,11910,0,119100,1
2018-05-24 18:30:02,43.7081,11910,0,520563,1
2018-05-24 18:30:58,51.6588251,11950,0,617323,1
2018-05-24 18:31:44,894.6331,11930,0,10672973,1
2018-05-24 18:33:15,534.4092,11890,0,-6354125,0
2018-05-24 18:40:08,52.2627,11950,0,624539,1
2018-05-24 18:40:08,221.1566,11950,0,2642821,1
2018-05-24 18:40:08,20.9805,11950,0,250717,1
2018-05-24 18:40:08,3.0,11950,0,35850,1
2018-05-24 18:40:09,50.4003,11950,0,602284,1
2018-05-24 18:40:29,295.2033,12000,0,-3542440,0
2018-05-24 18:40:51,0.62976053,12010,0,-7563,0
2018-05-24 18:40:51,80.0,12010,0,-960800,0
2018-05-24 18:42:21,365.7447,11970,0,4377964,1
2018-05-24 18:43:13,196.6975,11970,0,2354469,1
2018-05-24 18:44:35,1.9,12020,0,-22838,0
2018-05-24 18:44:35,2.9,12020,0,-34858,0
2018-05-24 18:44:35,1.2,12020,0,-14424,0
2018-05-24 18:44:35,289.56215024,12020,0,-3480537,0
2018-05-24 18:44:36,1.3,12020,0,-15626,0
2018-05-24 18:44:36,1.3,12020,0,-15626,0
2018-05-24 18:44:36,3.6,12020,0,-43272,0
2018-05-24 18:44:37,1.3,12020,0,-15626,0
2018-05-24 18:44:37,4.2,12020,0,-50484,0
2018-05-24 18:44:42,30.3095,12020,0,-364320,0
2018-05-24 18:44:42,27.99044975,12020,0,-336445,0
2018-05-24 18:44:45,9.0799,12020,0,-109140,0
2018-05-24 18:45:11,99.405,12030,0,-1195842,0
2018-05-24 18:47:23,525.953,11950,0,-6285138,0
2018-05-24 18:50:51,1000.0,11940,0,11940000,1
2018-05-24 18:51:56,3.3924,11930,0,-40471,0
2018-05-24 18:52:07,577.5581,11940,0,-6896044,0
2018-05-24 18:55:51,10.0,11990,0,119900,1
2018-05-24 18:55:52,0.2,11990,0,2398,1
2018-05-24 18:55:52,570.7505,11990,0,6843298,1
2018-05-24 18:56:16,1000.0,12000,0,-12000000,0
2018-05-24 18:59:55,71.2439,11990,0,854214,1
2018-05-24 19:02:24,20.0,12000,0,240000,1
2018-05-24 19:02:25,1.0,12000,0,12000,1
2018-05-24 19:02:41,1.2838,12000,0,15406,1
2018-05-24 19:03:00,814.38330549,12010,0,9780743,1
2018-05-24 19:03:18,40.2973,11990,0,483165,1
2018-05-24 19:03:22,51.7917,11980,0,620465,1
2018-05-24 19:05:27,68.0525,11960,0,-813908,0
2018-05-24 19:05:27,866.1441,11960,0,-10359083,0
2018-05-24 19:05:28,65.8034,11960,0,-787009,0
2018-05-24 19:11:00,1000.0,12010,0,12010000,1
2018-05-24 19:13:17,17.8068,12030,0,-214216,0
2018-05-24 19:13:52,17.8068,12050,0,214572,1
2018-05-24 19:15:14,8.788,12040,0,-105808,0
2018-05-24 19:16:04,991.212,12100,0,-11993665,0
2018-05-24 19:19:10,13.7777,12050,0,166021,1
2018-05-24 19:25:38,519.4863,11970,0,6218251,1
2018-05-24 19:25:38,250.08,11970,0,2993458,1
2018-05-24 19:25:38,1.8105,11970,0,21672,1
2018-05-24 19:25:39,0.1,11970,0,1197,1
2018-05-24 19:25:39,63.2692,11970,0,757332,1
2018-05-24 19:25:39,23.9,11970,0,286083,1
2018-05-24 19:25:39,14.7354,11970,0,176383,1
2018-05-24 19:26:21,887.1591,11950,0,-10601551,0
2018-05-24 19:34:58,50.8,12040,0,611632,1
2018-05-24 19:34:58,23.98,12040,0,288719,1
2018-05-24 19:34:58,0.2491,12040,0,2999,1
2018-05-24 19:38:45,924.9709,12030,0,11127400,1
2018-05-24 19:39:16,196.8563,12020,0,-2366213,0
2018-05-24 19:39:21,123.8279,12020,0,-1488411,0
2018-05-24 19:41:56,320.6842,12090,0,3877072,1
2018-05-24 19:43:16,1000.0,12080,0,-12080000,0
2018-05-24 19:43:45,56.2244,12100,0,680315,1
2018-05-24 19:43:45,42.1403,12100,0,509898,1
2018-05-24 19:44:43,175.0,12060,0,2110500,1
2018-05-24 19:48:56,726.6353,11990,0,8712357,1
2018-05-24 19:51:52,688.2177,11940,0,-8217319,0
2018-05-24 19:51:53,74.024,11940,0,-883847,0
2018-05-24 20:04:08,28.8777,12030,0,347399,1
2018-05-24 20:08:36,733.364,12070,0,8851703,1
2018-05-24 20:20:20,276.5895,12140,0,-3357797,0
2018-05-24 20:20:20,250.0,12140,0,-3035000,0
2018-05-24 20:20:20,76.12279423,12140,0,-924131,0
2018-05-24 20:20:20,1.1577,12140,0,-14054,0
2018-05-24 20:20:21,277.6551,12140,0,-3370733,0
2018-05-24 20:20:21,0.3222,12140,0,-3912,0
2018-05-24 20:20:21,98.331,12140,0,-1193738,0
2018-05-24 20:20:21,19.82170576,12140,0,-240636,0
2018-05-24 20:21:48,1000.0,12180,0,12180000,1
2018-05-24 20:23:00,5.0,12230,0,-61150,0
2018-05-24 20:23:00,78.28,12230,0,-957364,0
2018-05-24 20:23:00,197.39053573,12230,0,-2414086,0
2018-05-24 20:23:29,10.0,12220,0,122200,1
2018-05-24 20:23:29,270.6705,12220,0,3307594,1
2018-05-24 20:25:56,12.3489,12190,0,-150533,0
2018-05-24 20:25:56,164.20174044,12190,0,-2001619,0
2018-05-24 20:27:42,64.0196,12180,0,779759,1
2018-05-24 20:27:42,112.5311,12180,0,1370629,1
2018-05-24 20:29:01,1000.0,12210,0,-12210000,0
2018-05-24 20:30:18,541.7748,12220,0,6620488,1
2018-05-24 20:30:18,10.0,12220,0,122200,1
2018-05-24 20:30:23,55.6413,12210,0,679380,1
2018-05-24 20:32:25,392.5839,12220,0,4797375,1
2018-05-24 20:49:03,738.04176315,12160,0,-8974588,0
2018-05-24 20:49:03,261.95823684,12160,0,-3185412,0
2018-05-24 20:49:56,150.0,12170,0,1825500,1
2018-05-24 20:51:11,850.0,12190,0,10361500,1
2018-05-24 20:52:42,4.6,12180,0,-56028,0
2018-05-24 20:53:17,301.1397,12180,0,-3667882,0
2018-05-24 20:53:21,694.2602,12180,0,-8456089,0
2018-05-24 20:57:51,867.6203,12230,0,10610996,1
2018-05-24 20:57:51,132.3796,12230,0,1619003,1
2018-05-24 21:00:25,1.5,12230,0,-18345,0
2018-05-24 21:00:25,1.5,12230,0,-18345,0
2018-05-24 21:00:25,0.4527,12230,0,-5537,0
2018-05-24 21:00:30,0.1499,12250,0,-1836,0
2018-05-24 21:00:30,250.0,12250,0,-3062500,0
2018-05-24 21:00:30,27.4949102,12250,0,-336813,0
2018-05-24 21:02:39,235.5842,12230,0,2881195,1
2018-05-24 21:04:34,45.5133,12220,0,556173,1
2018-05-24 21:23:53,1000.0,12110,0,-12110000,0
2018-05-24 21:25:17,1000.0,12130,0,12130000,1
2018-05-24 21:41:03,1.0126,12050,0,-12202,0
2018-05-24 21:41:09,4.1363,12050,0,-49842,0
2018-05-24 21:45:55,5.1489,12060,0,62096,1
2018-05-24 21:46:17,1000.0,12100,0,-12100000,0
2018-05-24 21:47:24,19.2,12170,0,233664,1
2018-05-24 21:48:33,715.3194,12340,0,8827041,1
2018-05-24 21:48:33,265.4806,12340,0,3276031,1
2018-05-24 21:48:48,369.0411,12370,0,-4565038,0
2018-05-24 21:48:48,374.3988,12380,0,-4635057,0
2018-05-24 21:48:48,74.5963,12370,0,-922756,0
2018-05-24 21:50:08,4.1,12400,0,50840,1
2018-05-24 21:50:08,157.5034,12400,0,1953042,1
2018-05-24 21:50:08,85.3371,12400,0,1058180,1
2018-05-24 21:50:25,250.064,12380,0,3095792,1
2018-05-24 21:50:25,321.0317,12370,0,3971162,1
2018-05-24 21:51:36,155.1826,12450,0,-1932023,0
2018-05-24 21:51:36,1.0,12450,0,-12450,0
2018-05-24 21:51:36,400.0,12450,0,-4980000,0
2018-05-24 21:51:36,20.0,12450,0,-249000,0
2018-05-24 21:51:36,50.2058,12450,0,-625062,0
2018-05-24 21:51:37,373.6116,12450,0,-4651464,0
2018-05-24 22:04:51,51.14071809,12810,0,655113,1
2018-05-24 22:04:52,0.7685,12810,0,9844,1
2018-05-24 22:05:44,138.0392,12750,0,1760000,1
2018-05-24 22:05:44,180.05,12750,0,2295638,1
2018-05-24 22:06:38,493.9973,12730,0,6288586,1
2018-05-24 22:06:39,136.0043,12730,0,1731335,1
2018-05-24 22:07:12,73.8448,12790,0,-944475,0
2018-05-24 22:07:13,120.0001,12800,0,-1536001,0
2018-05-24 22:07:30,193.8449,12780,0,2477338,1
2018-05-24 22:24:23,159.0435,12680,0,-2016672,0
2018-05-24 22:24:23,0.7,12680,0,-8876,0
2018-05-24 22:26:27,115.0,12730,0,-1463950,0
2018-05-24 22:26:46,6.514e-05,12740,0,-1,0
2018-05-24 22:26:55,15.0,12750,0,-191250,0
2018-05-24 22:27:11,710.2565,12800,0,-9091283,0
2018-05-24 22:27:49,4.4002463,12850,0,56543,1
2018-05-24 22:27:49,412.8999,12850,0,5305764,1
2018-05-24 22:28:13,582.6999,12890,0,7511002,1
2018-05-24 22:30:40,56.91716191,12920,0,-735370,0
2018-05-24 22:30:40,58.7162,12920,0,-758613,0
2018-05-24 22:30:40,25.6125,12920,0,-330914,0
2018-05-24 22:31:19,141.2458,12890,0,1820658,1
2018-05-24 22:32:12,269.90376065,12860,0,-3470962,0
2018-05-24 22:32:12,524.1156,12860,0,-6740127,0
2018-05-24 22:34:49,441.947,12790,0,5652502,1
2018-05-24 22:34:49,352.0724,12790,0,4503006,1
2018-05-24 22:36:30,15.0,12860,0,-192900,0
2018-05-24 22:37:28,15.0,12920,0,193800,1
2018-05-24 22:46:43,147.01846278,12790,0,-1880366,0
2018-05-24 22:46:43,446.2987,12790,0,-5708160,0
2018-05-24 22:46:43,406.68283721,12790,0,-5201473,0
2018-05-24 22:47:33,1000.0,12780,0,12780000,1
2018-05-24 22:49:17,47.7292,12760,0,-609025,0
2018-05-24 22:50:18,47.7292,12750,0,608547,1
2018-05-24 22:51:08,16.3244,12760,0,-208299,0
2018-05-24 22:52:37,16.3244,12690,0,207157,1
2018-05-24 22:53:20,125.1277347,12680,0,-1586620,0
2018-05-24 22:53:20,233.1508,12680,0,-2956352,0
2018-05-24 22:53:20,66.2027,12680,0,-839450,0
2018-05-24 22:54:27,424.4812,12690,0,5386666,1
2018-05-24 22:57:35,280.0666,12710,0,-3559646,0
2018-05-24 22:57:36,719.9334,12710,0,-9150354,0
2018-05-24 23:01:58,0.1296,12710,0,1647,1
2018-05-24 23:01:58,863.5008,12710,0,10975095,1
2018-05-24 23:02:26,148.91448644,12690,0,-1889725,0
2018-05-24 23:02:26,9.6469,12690,0,-122419,0
2018-05-24 23:02:32,705.069,12700,0,-8954376,0
2018-05-24 23:03:16,1.2,12670,0,15204,1
2018-05-24 23:03:17,150.0,12670,0,1900500,1
2018-05-24 23:03:17,56.18,12670,0,711801,1
2018-05-24 23:03:17,0.332,12670,0,4206,1
2018-05-24 23:05:40,114.3412,12620,0,1442986,1
2018-05-24 23:05:40,397.7039,12620,0,5019023,1
2018-05-24 23:05:40,200.12,12620,0,2525514,1
2018-05-24 23:05:40,74.2413,12620,0,936925,1
2018-05-24 23:05:40,5.8816,12620,0,74226,1
2018-05-24 23:06:21,748.316,12630,0,-9451231,0
2018-05-24 23:06:21,98.1432,12630,0,-1239549,0
2018-05-24 23:06:22,153.5408,12630,0,-1939220,0
2018-05-24 23:07:22,210.6593,12680,0,2671160,1
2018-05-24 23:07:27,342.4545,12670,0,4338899,1
2018-05-24 23:07:48,446.8862,12660,0,5657579,1
2018-05-24 23:09:12,453.2418,12600,0,-5710847,0
2018-05-24 23:09:12,546.7582,12600,0,-6889153,0
2018-05-24 23:10:08,12.963,12640,0,163852,1
2018-05-24 23:10:09,320.0,12640,0,4044800,1
2018-05-24 23:10:12,50.197,12640,0,634490,1
2018-05-24 23:10:12,616.84,12640,0,7796858,1
2018-05-24 23:18:38,559.38231253,12770,0,-7143312,0
2018-05-24 23:18:38,32.7441,12770,0,-418142,0
2018-05-24 23:18:39,100.0,12770,0,-1277000,0
2018-05-24 23:19:04,100.78,12760,0,1285953,1
2018-05-24 23:20:35,83.1525,12810,0,1065184,1
2018-05-24 23:23:28,39.7718,12780,0,508284,1
2018-05-24 23:24:49,13.3572,12810,0,171106,1
2018-05-24 23:25:23,187.6506,12820,0,2405681,1
2018-05-24 23:25:23,267.4143,12820,0,3428251,1
2018-05-24 23:25:54,237.605,12850,0,-3053224,0
2018-05-24 23:25:54,587.2263,12850,0,-7545858,0
2018-05-24 23:25:54,4.2514,12850,0,-54630,0
2018-05-24 23:25:55,118.23,12850,0,-1519256,0
2018-05-24 23:26:33,947.3127,12890,0,12210861,1
2018-05-24 23:27:51,1000.0,12930,0,-12930000,0
2018-05-24 23:30:19,1000.0,12950,0,12950000,1
2018-05-24 23:32:28,1000.0,13110,0,-13110000,0
2018-05-24 23:32:43,211.1062,13120,0,2769713,1
2018-05-24 23:32:44,243.3785,13120,0,3193126,1
2018-05-24 23:32:44,189.8667,13120,0,2491051,1
2018-05-24 23:32:48,91.98458527,13110,0,1205918,1
2018-05-24 23:32:48,263.66401472,13110,0,3456635,1
2018-05-24 23:33:46,1.0,13250,0,-13250,0
2018-05-24 23:33:46,999.0,13250,0,-13236750,0
2018-05-24 23:33:54,533.2088,13240,0,7059685,1
2018-05-24 23:33:54,75.91155589,13240,0,1005069,1
2018-05-24 23:33:54,49.6732,13240,0,657673,1
2018-05-24 23:33:54,22.0234,13240,0,291590,1
2018-05-24 23:33:54,35.0185,13240,0,463645,1
2018-05-24 23:33:55,21.779,13240,0,288354,1
2018-05-24 23:34:10,173.5518,13240,0,2297826,1
2018-05-24 23:34:10,88.8338,13240,0,1176160,1
2018-05-24 23:34:31,48.0988,13270,0,-638271,0
2018-05-24 23:34:31,27.0412,13270,0,-358837,0
2018-05-24 23:34:35,160.6269,13270,0,-2131519,0
2018-05-24 23:34:40,764.2331,13260,0,-10133731,0
2018-05-24 23:35:37,1000.0,13440,0,13440000,1
2018-05-24 23:36:15,208.5978,13340,0,-2782695,0
2018-05-24 23:36:21,470.6588,13370,0,-6292708,0
2018-05-24 23:37:14,46.3323,13310,0,616683,1
2018-05-24 23:37:20,632.9243,13300,0,8417893,1
2018-05-24 23:39:01,1000.0,13320,0,-13320000,0
2018-05-24 23:39:44,322.52951173,13280,0,4283192,1
2018-05-24 23:39:44,201.526,13280,0,2676265,1
2018-05-24 23:39:44,100.0,13280,0,1328000,1
2018-05-24 23:39:44,375.94448826,13280,0,4992543,1
2018-05-24 23:42:16,1000.0,13150,0,-13150000,0
2018-05-24 23:42:53,1000.0,13200,0,13200000,1
2018-05-24 23:43:22,28.5631,13210,0,-377319,0
2018-05-24 23:43:22,0.1,13210,0,-1321,0
2018-05-24 23:43:22,25.0,13210,0,-330250,0
2018-05-24 23:43:22,4.1772,13210,0,-55181,0
2018-05-24 23:43:22,3.3207,13210,0,-43866,0
2018-05-24 23:43:23,51.9708,13210,0,-686534,0
2018-05-24 23:43:48,113.1318,13190,0,1492208,1
2018-05-24 23:44:20,549.8977,13220,0,-7269648,0
2018-05-24 23:44:20,20.2519,13220,0,-267730,0
2018-05-24 23:44:20,111.0,13220,0,-1467420,0
2018-05-24 23:44:20,318.8504,13220,0,-4215202,0
2018-05-24 23:45:24,1000.0,13280,0,13280000,1
2018-05-24 23:47:12,301.2068,13200,0,-3975930,0
2018-05-24 23:48:20,156.34384545,13200,0,-2063739,0
2018-05-24 23:48:20,94.9378,13200,0,-1253179,0
2018-05-24 23:48:21,389.61497575,13200,0,-5142918,0
2018-05-24 23:48:21,57.89657878,13200,0,-764235,0
2018-05-24 23:52:13,94.9432,13280,0,1260846,1
2018-05-24 23:52:14,23.4073,13280,0,310849,1
2018-05-24 23:56:55,60.1617,13270,0,798346,1
2018-05-24 23:57:05,40.74,13260,0,540212,1
2018-05-24 23:57:09,98.2716,13240,0,1301116,1
2018-05-24 23:57:09,80.9596,13240,0,1071905,1
2018-05-24 23:57:09,54.5719,13240,0,722532,1
2018-05-24 23:57:10,175.0001,13240,0,2317001,1
2018-05-24 23:57:10,46.99,13240,0,622148,1
2018-05-24 23:59:43,324.9546,13220,0,4295900,1
2018-05-25 00:00:11,32.3602,13220,0,-427802,0
2018-05-25 00:00:11,25.8597,13220,0,-341865,0
2018-05-25 00:00:14,2.66303669,13240,0,35259,1
2018-05-25 00:00:14,38.5,13240,0,509740,1
2018-05-25 00:00:25,273.3495,13250,0,-3621881,0
2018-05-25 00:00:29,218.9459,13270,0,-2905412,0
2018-05-25 00:02:24,509.3522,13310,0,6779478,1
2018-05-25 00:03:08,1000.0,13360,0,-13360000,0
2018-05-25 00:03:52,657.5362,13410,0,8817560,1
2018-05-25 00:03:52,342.4638,13410,0,4592440,1
2018-05-25 00:04:32,1000.0,13480,0,-13480000,0
2018-05-25 00:05:05,188.9989,13540,0,2559045,1
2018-05-25 00:05:05,0.90768375,13540,0,12290,1
2018-05-25 00:05:05,256.9661,13540,0,3479321,1
2018-05-25 00:05:09,148.5621,13520,0,2008560,1
2018-05-25 00:05:56,47.16165421,13650,0,-643757,0
2018-05-25 00:05:57,0.99994578,13650,0,-13649,0
2018-05-25 00:06:07,452.7269,13650,0,6179722,1
2018-05-25 00:06:28,123.1689,13600,0,-1675097,0
2018-05-25 00:07:01,123.1689,13650,0,1681255,1
2018-05-25 00:09:31,95.5443,13590,0,-1298447,0
2018-05-25 00:10:20,904.4557,13610,0,-12309642,0
2018-05-25 00:10:46,260.97852143,13620,0,3554527,1
2018-05-25 00:10:47,0.5,13620,0,6810,1
2018-05-25 00:10:47,158.2512,13620,0,2155381,1
2018-05-25 00:11:04,150.0,13570,0,2035500,1
2018-05-25 00:11:05,1.0177,13570,0,13810,1
2018-05-25 00:11:05,216.197,13570,0,2933793,1
2018-05-25 00:11:05,213.0555,13570,0,2891163,1
2018-05-25 00:15:16,112.8386,13530,0,-1526706,0
2018-05-25 00:15:54,112.8386,13500,0,1523321,1
2018-05-25 00:17:57,119.1305,13620,0,-1622557,0
2018-05-25 00:17:57,6.1561,13620,0,-83846,0
2018-05-25 00:17:57,11.9,13620,0,-162078,0
2018-05-25 00:17:58,32.58,13620,0,-443740,0
2018-05-25 00:18:36,22.3,13660,0,-304618,0
2018-05-25 00:18:43,14.6528,13670,0,-200304,0
2018-05-25 00:18:43,118.2609,13670,0,-1616627,0
2018-05-25 00:18:48,274.77,13690,0,-3761601,0
2018-05-25 00:19:49,93.2,13690,0,1275908,1
2018-05-25 00:19:49,182.9236,13690,0,2504224,1
2018-05-25 00:19:49,323.6267,13690,0,4430450,1
2018-05-25 00:20:26,587.6145,13580,0,-7979805,0
2018-05-25 00:20:36,15.0,13580,0,203700,1
2018-05-25 00:20:36,172.0,13580,0,2335760,1
2018-05-25 00:20:36,400.6145,13580,0,5440345,1
2018-05-25 00:20:45,0.0001,13590,0,-1,0
2018-05-25 00:20:45,6.7637,13590,0,-91919,0
2018-05-25 00:20:45,220.7953,13590,0,-3000608,0
2018-05-25 00:20:47,8.251,13590,0,-112131,0
2018-05-25 00:20:47,150.8511,13590,0,-2050066,0
2018-05-25 00:20:47,20.1,13590,0,-273159,0
2018-05-25 00:21:57,217.67940573,13570,0,2953910,1
2018-05-25 00:21:57,33.4196,13570,0,453504,1
2018-05-25 00:21:57,155.66219426,13570,0,2112336,1
2018-05-25 00:23:20,163.94048418,13470,0,-2208278,0
2018-05-25 00:23:20,161.9808,13470,0,-2181881,0
2018-05-25 00:23:20,41.2384,13470,0,-555481,0
2018-05-25 00:23:24,632.8403,13470,0,-8524359,0
2018-05-25 00:25:17,1000.0,13540,0,13540000,1
2018-05-25 00:25:44,168.3185,13510,0,-2273983,0
2018-05-25 00:26:04,19.205,13490,0,259075,1
2018-05-25 00:26:04,75.5816,13490,0,1019596,1
2018-05-25 00:26:04,73.5319,13490,0,991945,1
2018-05-25 00:26:37,0.01,13500,0,-135,0
2018-05-25 00:26:37,22.5491,13500,0,-304413,0
2018-05-25 00:27:54,22.5591,13440,0,303194,1
2018-05-25 00:29:13,1.6382,13410,0,-21968,0
2018-05-25 00:30:51,55.90865185,13500,0,-754767,0
2018-05-25 00:31:01,942.4531,13490,0,-12713692,0
2018-05-25 00:32:44,499.3690561,13510,0,6746476,1
2018-05-25 00:32:48,5.3372,13490,0,71999,1
2018-05-25 00:32:48,445.5078,13490,0,6009900,1
2018-05-25 00:32:48,49.7859,13490,0,671612,1
2018-05-25 00:39:13,653.8352,13420,0,-8774468,0
2018-05-25 00:39:13,346.1648,13420,0,-4645532,0
2018-05-25 00:40:14,604.096,13460,0,8131132,1
2018-05-25 00:40:14,10.0,13460,0,134600,1
2018-05-25 00:40:15,5.6338,13460,0,75831,1
2018-05-25 00:40:32,380.2702,13480,0,5126042,1
2018-05-25 00:41:15,703.8297,13530,0,-9522816,0
2018-05-25 00:41:15,5.0413,13530,0,-68209,0
2018-05-25 00:41:15,4.0,13530,0,-54120,0
2018-05-25 00:41:15,199.2924,13530,0,-2696426,0
2018-05-25 00:41:16,1.1,13530,0,-14883,0
2018-05-25 00:41:36,225.4496,13540,0,3052588,1
2018-05-25 00:41:37,687.8138,13540,0,9312999,1
2018-05-25 00:42:41,1000.0,13550,0,-13550000,0
2018-05-25 00:44:21,1000.0,13700,0,13700000,1
2018-05-25 00:44:39,39.8636,13760,0,-548523,0
2018-05-25 00:44:39,546.7786,13760,0,-7523674,0
2018-05-25 00:44:39,2.0,13760,0,-27520,0
2018-05-25 00:44:39,39.8363,13760,0,-548147,0
2018-05-25 00:44:39,5.0,13760,0,-68800,0
2018-05-25 00:44:39,271.8381,13760,0,-3740492,0
2018-05-25 00:44:40,24.7403,13760,0,-340427,0
2018-05-25 00:44:40,22.2009,13760,0,-305484,0
2018-05-25 00:44:40,0.3668,13760,0,-5047,0
2018-05-25 00:45:28,70.095,13710,0,961002,1
2018-05-25 00:45:32,297.78706222,13690,0,4076705,1
2018-05-25 00:45:33,584.74253777,13690,0,8005125,1
2018-05-25 00:45:54,73.2056,13680,0,-1001453,0
2018-05-25 00:46:27,25.9149,13670,0,-354257,0
2018-05-25 00:46:27,10.0,13670,0,-136700,0
2018-05-25 00:47:02,63.9549,13610,0,870426,1
2018-05-25 00:47:03,45.1656,13610,0,614704,1
2018-05-25 00:48:17,975.9472,13640,0,-13311920,0
2018-05-25 00:48:17,24.0528,13640,0,-328080,0
2018-05-25 00:49:40,156.3133,13600,0,2125861,1
2018-05-25 00:50:29,843.6867,13630,0,11499450,1
2018-05-25 00:57:40,1000.0,13700,0,-13700000,0
2018-05-25 00:59:34,945.7851,13700,0,12957256,1
2018-05-25 00:59:34,54.2149,13700,0,742744,1
2018-05-25 01:01:02,87.758,13640,0,-1197019,0
2018-05-25 01:01:02,113.9002,13640,0,-1553599,0
2018-05-25 01:01:06,798.3418,13640,0,-10889382,0
2018-05-25 01:02:43,940.898,13580,0,12777395,1
2018-05-25 01:02:48,59.102,13570,0,802014,1
2018-05-25 01:04:23,20.9545,13560,0,-284143,0
2018-05-25 01:04:51,20.9545,13550,0,283933,1
2018-05-25 01:05:40,590.3265,13530,0,-7987118,0
2018-05-25 01:05:40,21.4826,13530,0,-290660,0
2018-05-25 01:05:40,58.4619,13530,0,-790990,0
2018-05-25 01:05:40,41.8026,13530,0,-565589,0
2018-05-25 01:05:40,270.32230746,13530,0,-3657461,0
2018-05-25 01:05:41,17.60409253,13530,0,-238183,0
2018-05-25 01:06:10,1000.0,13500,0,13500000,1
2018-05-25 01:06:32,3.0,13500,0,-40500,0
2018-05-25 01:06:32,8.7654,13500,0,-118333,0
2018-05-25 01:07:09,42.6475,13510,0,-576168,0
2018-05-25 01:07:37,54.4129,13530,0,736207,1
2018-05-25 01:08:47,67.2989,13560,0,-912573,0
2018-05-25 01:10:15,6.9531,13540,0,-94145,0
2018-05-25 01:10:23,10.8719,13540,0,-147206,0
2018-05-25 01:10:37,4.7,13540,0,-63638,0
2018-05-25 01:10:37,38.86,13540,0,-526164,0
2018-05-25 01:11:30,170.4168,13540,0,-2307443,0
2018-05-25 01:11:34,15.71,13540,0,-212713,0
2018-05-25 01:12:22,314.8107,13570,0,4271981,1
2018-05-25 01:12:36,129.19675294,13600,0,-1757076,0
2018-05-25 01:12:36,74.0,13600,0,-1006400,0
2018-05-25 01:12:36,219.99994705,13600,0,-2991999,0
2018-05-25 01:15:17,346.1365,13540,0,-4686688,0
2018-05-25 01:16:23,236.6842,13490,0,3192870,1
2018-05-25 01:21:07,1.0,13450,0,13450,1
2018-05-25 01:22:15,19.792,13450,0,266202,1
2018-05-25 01:22:46,511.857,13460,0,6889595,1
2018-05-25 01:24:41,15.1234,13420,0,-202956,0
2018-05-25 01:24:46,158.0609,13430,0,-2122758,0
2018-05-25 01:24:46,80.1641,13430,0,-1076604,0
2018-05-25 01:27:53,33.8543,13410,0,453986,1
2018-05-25 01:28:47,28.472,13350,0,380101,1
2018-05-25 01:28:47,90.0,13350,0,1201500,1
2018-05-25 01:28:47,0.2247,13350,0,3000,1
2018-05-25 01:28:47,0.1926,13350,0,2571,1
2018-05-25 01:28:47,1.0,13350,0,13350,1
2018-05-25 01:28:47,73.3471,13350,0,979184,1
2018-05-25 01:28:47,26.2577,13350,0,350540,1
2018-05-25 01:29:01,17.5604,13330,0,-234080,0
2018-05-25 01:29:04,75.38872558,13330,0,-1004932,0
2018-05-25 01:29:04,54.36827441,13330,0,-724729,0
2018-05-25 01:29:04,852.6826,13330,0,-11366259,0
2018-05-25 01:29:45,426.4846,13320,0,5680775,1
2018-05-25 01:30:00,50.0,13310,0,665500,1
2018-05-25 01:30:05,523.5154,13300,0,6962755,1
2018-05-25 01:31:17,1000.0,13230,0,-13230000,0
2018-05-25 01:31:34,197.07,13210,0,2603295,1
2018-05-25 01:31:34,0.5,13210,0,6605,1
2018-05-25 01:31:34,388.0638,13210,0,5126323,1
2018-05-25 01:31:35,113.5818,13210,0,1500416,1
2018-05-25 01:31:35,113.58,13210,0,1500392,1
2018-05-25 01:31:36,29.6,13210,0,391016,1
2018-05-25 01:31:37,157.6044,13210,0,2081954,1
2018-05-25 01:32:27,68.5297,13230,0,-906648,0
2018-05-25 01:32:46,68.5297,13180,0,903221,1
2018-05-25 01:33:48,241.3588,13210,0,-3188350,0
2018-05-25 01:33:49,0.0866,13210,0,-1144,0
2018-05-25 01:34:11,103.7662,13190,0,1368676,1
2018-05-25 01:34:13,100.0,13190,0,1319000,1
2018-05-25 01:34:14,0.5,13190,0,6595,1
2018-05-25 01:34:15,37.1792,13190,0,490394,1
2018-05-25 01:36:38,180.7854,13300,0,-2404446,0
2018-05-25 01:37:05,97.8402,13290,0,1300296,1
2018-05-25 01:37:05,82.9452,13290,0,1102342,1
2018-05-25 01:37:56,930.0,13250,0,-12322500,0
2018-05-25 01:37:56,70.0,13250,0,-927500,0
2018-05-25 01:38:41,34.03,13210,0,449536,1
2018-05-25 01:38:41,500.0,13210,0,6605000,1
2018-05-25 01:41:42,124.5153,13200,0,-1643602,0
2018-05-25 01:41:48,2.2372,13200,0,29531,1
2018-05-25 01:42:29,588.2481,13160,0,7741345,1
2018-05-25 01:48:41,563.1979,13350,0,-7518692,0
2018-05-25 01:48:41,107.7609,13350,0,-1438608,0
2018-05-25 01:49:40,200.15,13280,0,2657992,1
2018-05-25 01:49:40,7.0713,13280,0,93907,1
2018-05-25 01:49:40,134.4344,13280,0,1785289,1
2018-05-25 01:49:40,2.0,13280,0,26560,1
2018-05-25 01:49:40,5.6968,13280,0,75654,1
2018-05-25 01:49:40,321.6063,13280,0,4270932,1
2018-05-25 01:56:59,1000.0,13250,0,-13250000,0
2018-05-25 02:00:57,842.5766,13340,0,11239972,1
2018-05-25 02:01:03,157.4234,13370,0,2104751,1
2018-05-25 02:17:14,0.0001,13330,0,-1,0
2018-05-25 02:18:56,999.9999,13250,0,-13249999,0
2018-05-25 02:19:57,15.1171,13230,0,199999,1
2018-05-25 02:19:57,65.0009,13230,0,859962,1
2018-05-25 02:19:58,100.0,13230,0,1323000,1
2018-05-25 02:19:58,30.0,13230,0,396900,1
2018-05-25 02:19:58,50.0,13230,0,661500,1
2018-05-25 02:19:58,82.6987,13230,0,1094104,1
2018-05-25 02:23:31,657.1833,13230,0,8694535,1
2018-05-25 02:24:04,468.6086,13230,0,-6199692,0
2018-05-25 02:24:38,4.2087,13210,0,55597,1
2018-05-25 02:25:38,464.3999,13190,0,6125435,1
2018-05-25 02:26:13,208.7374,13210,0,-2757421,0
2018-05-25 02:26:22,20.0,13230,0,-264600,0
2018-05-25 02:26:35,771.2626,13230,0,-10203804,0
2018-05-25 02:27:18,510.1893,13230,0,6749804,1
2018-05-25 02:27:18,489.8107,13230,0,6480196,1
2018-05-25 02:27:58,1000.0,13210,0,-13210000,0
2018-05-25 02:29:31,29.39,13220,0,388536,1
2018-05-25 02:29:31,88.645,13220,0,1171887,1
2018-05-25 02:30:53,130.5833,13230,0,1727617,1
2018-05-25 02:33:54,751.3817,13290,0,9985863,1
2018-05-25 02:34:18,57.4706,13270,0,-762635,0
2018-05-25 02:36:30,92.2359,13260,0,-1223048,0
2018-05-25 02:36:50,30.9133,13270,0,410219,1
2018-05-25 02:36:50,2.49,13270,0,33042,1
2018-05-25 02:42:26,338.9928,13250,0,-4491655,0
2018-05-25 02:48:43,1.5,13230,0,-19845,0
2018-05-25 02:49:36,543.2039,13240,0,-7192020,0
2018-05-25 02:52:53,230.1816,13320,0,3066019,1
2018-05-25 02:52:53,54.0513,13320,0,719963,1
2018-05-25 02:52:53,78.3342,13320,0,1043412,1
2018-05-25 02:53:00,126.8501,13310,0,1688375,1
2018-05-25 02:53:00,510.5827,13310,0,6795856,1
2018-05-25 02:56:12,101.1075,13270,0,-1341697,0
2018-05-25 02:59:39,29.3725,13280,0,390067,1
2018-05-25 02:59:44,71.735,13260,0,951206,1
2018-05-25 03:01:43,5.283e-05,13250,0,-1,0
2018-05-25 03:02:22,11.6226,13210,0,-153535,0
2018-05-25 03:03:11,88.645,13210,0,-1171000,0
2018-05-25 03:04:07,833.6732,13180,0,-10987813,0
2018-05-25 03:14:15,505.0258,13260,0,6696642,1
2018-05-25 03:15:05,50.0718,13330,0,667457,1
2018-05-25 03:15:05,299.9999,13330,0,3998999,1
2018-05-25 03:15:09,78.8434,13340,0,1051771,1
2018-05-25 03:33:49,150.0,13370,0,-2005500,0
2018-05-25 03:34:48,150.0,13390,0,2008500,1
2018-05-25 03:46:57,83.8,13470,0,-1128786,0
2018-05-25 03:47:18,83.8,13470,0,1128786,1
2018-05-25 03:55:58,437.9048,13530,0,-5924852,0
2018-05-25 03:56:50,87.0977,13520,0,-1177561,0
2018-05-25 03:58:54,0.7,13550,0,9485,1
2018-05-25 03:58:54,354.92,13550,0,4809166,1
2018-05-25 03:58:54,169.3825,13550,0,2295133,1
2018-05-25 04:00:06,88.6829,13510,0,-1198106,0
2018-05-25 04:00:40,88.6829,13530,0,1199880,1
2018-05-25 04:09:39,1000.0,13490,0,-13490000,0
2018-05-25 04:10:05,300.0,13490,0,4047000,1
2018-05-25 04:13:27,0.5,13410,0,6705,1
2018-05-25 04:14:59,4.3236,13430,0,58066,1
2018-05-25 04:17:54,12.8268,13450,0,172520,1
2018-05-25 04:18:07,145.8349,13450,0,1961479,1
2018-05-25 04:23:05,250.0,13410,0,3352500,1
2018-05-25 04:23:18,196.7045,13420,0,-2639774,0
2018-05-25 04:23:18,87.24,13420,0,-1170761,0
2018-05-25 04:29:27,250.0,13440,0,3360000,1
2018-05-25 04:33:46,294.8618,13450,0,3965891,1
2018-05-25 04:34:14,0.7825,13410,0,-10493,0
2018-05-25 04:37:04,19.1701,13410,0,-257071,0
2018-05-25 04:37:45,954.45,13390,0,-12780086,0
2018-05-25 04:45:35,1000.0,13440,0,13440000,1
2018-05-25 04:52:43,21.4015,13490,0,-288706,0
2018-05-25 04:52:43,200.0,13490,0,-2698000,0
2018-05-25 04:52:47,29.78,13500,0,-402030,0
2018-05-25 04:52:52,248.5246,13500,0,-3355082,0
2018-05-25 04:52:56,500.2939,13510,0,-6758971,0
2018-05-25 04:53:07,393.6053,13510,0,5317608,1
2018-05-25 04:54:03,42.26412157,13490,0,570143,1
2018-05-25 04:54:03,451.169,13490,0,6086270,1
2018-05-25 04:54:07,22.3643,13480,0,301471,1
2018-05-25 04:54:07,46.9045,13480,0,632273,1
2018-05-25 04:54:07,43.6927,13480,0,588978,1
2018-05-25 04:59:20,87.24,13490,0,-1176868,0
2018-05-25 04:59:20,340.9454,13490,0,-4599353,0
2018-05-25 05:01:06,17.0641,13450,0,229512,1
2018-05-25 05:01:06,29.3687,13450,0,395009,1
2018-05-25 05:03:10,381.7526,13420,0,5123120,1
2018-05-25 05:09:25,520.0847,13370,0,-6953532,0
2018-05-25 05:10:08,172.2892,13420,0,2312121,1
2018-05-25 05:10:09,347.3857,13420,0,4661916,1
2018-05-25 05:16:04,43.3946,13320,0,-578016,0
2018-05-25 05:16:19,956.1956,13340,0,-12755649,0
2018-05-25 05:22:31,1.82237827,13350,0,24329,1
2018-05-25 05:27:17,146.0365,13420,0,1959810,1
2018-05-25 05:27:17,5.721,13420,0,76776,1
2018-05-25 05:27:49,147.7396,13400,0,1979711,1
2018-05-25 05:27:53,10.5,13410,0,140805,1
2018-05-25 05:27:57,70.7296,13400,0,947777,1
2018-05-25 05:28:13,161.8439,13390,0,2167090,1
2018-05-25 05:28:17,13.5423,13390,0,181331,1
2018-05-25 05:28:23,442.0648,13400,0,5923668,1
2018-05-25 05:35:40,267.7882,13340,0,-3572295,0
2018-05-25 05:38:53,30.0,13350,0,-400500,0
2018-05-25 05:39:35,15.0,13370,0,200550,1
2018-05-25 05:42:55,70.0968,13380,0,937895,1
2018-05-25 05:43:30,212.6914,13380,0,2845811,1
2018-05-25 05:50:47,301.5925,13380,0,-4035308,0
2018-05-25 05:50:47,400.5713,13380,0,-5359644,0
2018-05-25 05:54:06,208.6893,13440,0,2804784,1
2018-05-25 05:55:16,36.68,13470,0,494080,1
2018-05-25 05:55:17,180.0,13470,0,2424600,1
2018-05-25 05:56:22,79.19127031,13500,0,1069082,1
2018-05-25 05:56:22,197.60322968,13500,0,2667644,1
2018-05-25 05:56:28,69.8924,13520,0,-944945,0
2018-05-25 05:57:01,16.6433,13530,0,-225184,0
2018-05-25 05:57:07,48.73,13540,0,-659804,0
2018-05-25 05:57:08,120.77,13540,0,-1635226,0
2018-05-25 05:57:08,6.6,13540,0,-89364,0
2018-05-25 05:57:08,3.9,13540,0,-52806,0
2018-05-25 05:57:32,88.15,13540,0,-1193551,0
2018-05-25 05:58:05,3.0713,13540,0,-41585,0
2018-05-25 05:58:13,1.1,13540,0,-14894,0
2018-05-25 05:58:13,1.9,13540,0,-25726,0
2018-05-25 05:58:23,21.9996,13530,0,-297655,0
2018-05-25 05:58:24,21.4128,13530,0,-289715,0
2018-05-25 05:58:46,77.3941,13520,0,-1046368,0
2018-05-25 05:58:46,50.8268,13520,0,-687178,0
2018-05-25 06:00:35,532.3903,13510,0,7192593,1
2018-05-25 06:05:26,93.01810924,13590,0,-1264116,0
2018-05-25 06:05:26,67.1359,13590,0,-912377,0
2018-05-25 06:05:26,839.84599075,13590,0,-11413507,0
2018-05-25 06:05:43,12.9073,13600,0,175539,1
2018-05-25 06:05:43,27.5735,13600,0,375000,1
2018-05-25 06:06:43,959.5192,13610,0,13059056,1
2018-05-25 06:25:13,46.269,13360,0,-618154,0
2018-05-25 06:25:19,34.9541,13360,0,-466987,0
2018-05-25 06:25:33,174.1378,13350,0,-2324740,0
2018-05-25 06:25:44,87.305,13380,0,-1168141,0
2018-05-25 06:26:00,351.481,13370,0,-4699301,0
2018-05-25 06:26:00,1.0,13370,0,-13370,0
2018-05-25 06:28:10,513.7851,13370,0,6869307,1
2018-05-25 06:28:19,181.3618,13360,0,2422994,1
2018-05-25 06:33:20,445.1855,13420,0,-5974389,0
2018-05-25 06:37:08,125.13281193,13410,0,1678031,1
2018-05-25 06:37:08,25.2895,13410,0,339132,1
2018-05-25 06:37:08,21.078,13410,0,282656,1
2018-05-25 06:37:40,35.0567,13390,0,469409,1
2018-05-25 06:37:40,238.6285,13390,0,3195236,1
2018-05-25 06:46:59,1.7265,13420,0,-23170,0
2018-05-25 06:47:00,28.8368,13420,0,-386990,0
2018-05-25 06:47:11,13.6333,13420,0,182959,1
2018-05-25 06:47:11,16.93,13420,0,227201,1
2018-05-25 06:54:15,171.3227,13400,0,-2295724,0
2018-05-25 06:59:11,129.3717,13440,0,-1738756,0
2018-05-25 07:03:22,300.6944,13440,0,4041333,1
2018-05-25 07:07:01,6.285,13360,0,-83968,0
2018-05-25 07:07:07,30.1204,13360,0,-402409,0
2018-05-25 07:07:43,51.7598,13360,0,-691511,0
2018-05-25 07:10:57,31.4645,13430,0,422568,1
2018-05-25 07:11:53,56.7007,13420,0,760923,1
2018-05-25 07:28:10,1000.0,13490,0,-13490000,0
2018-05-25 07:28:26,190.6077,13490,0,2571298,1
2018-05-25 07:30:58,41.6,13520,0,562432,1
2018-05-25 07:30:58,10.016,13520,0,135416,1
2018-05-25 07:34:37,220.7505,13590,0,2999999,1
2018-05-25 07:34:37,312.9227,13590,0,4252619,1
2018-05-25 07:34:37,224.1031,13590,0,3045561,1
2018-05-25 07:35:10,25.9395,13620,0,-353296,0
2018-05-25 07:35:23,269.0192367,13670,0,-3677493,0
2018-05-25 07:35:24,705.04126329,13670,0,-9637914,0
2018-05-25 07:38:09,685.1242,13890,0,9516375,1
2018-05-25 07:38:09,10.01,13890,0,139039,1
2018-05-25 07:38:10,304.8658,13890,0,4234586,1
2018-05-25 07:39:27,1000.0,13950,0,-13950000,0
2018-05-25 07:39:37,430.1309,13930,0,5991723,1
2018-05-25 07:39:37,50.0,13920,0,696000,1
2018-05-25 07:39:38,18.8271,13920,0,262073,1
2018-05-25 07:39:38,123.85,13920,0,1723992,1
2018-05-25 07:39:58,622.808,13950,0,-8688172,0
2018-05-25 07:41:49,149.8119,14040,0,2103359,1
2018-05-25 07:41:49,850.1881,14040,0,11936641,1
2018-05-25 07:42:19,192.719,14040,0,-2705775,0
2018-05-25 07:42:23,163.2918,14040,0,-2292617,0
2018-05-25 07:42:23,110.5887,14040,0,-1552665,0
2018-05-25 07:42:55,466.5995,14050,0,6555723,1
2018-05-25 07:43:24,801.9257,14100,0,-11307152,0
2018-05-25 07:43:24,100.0,14100,0,-1410000,0
2018-05-25 07:43:24,70.0,14100,0,-987000,0
2018-05-25 07:43:24,5.0,14100,0,-70500,0
2018-05-25 07:43:24,1.0,14100,0,-14100,0
2018-05-25 07:43:24,22.0743,14100,0,-311248,0
2018-05-25 07:43:46,113.684,14120,0,1605218,1
2018-05-25 07:43:46,107.50101486,14120,0,1517914,1
2018-05-25 07:43:46,778.81498513,14120,0,10996868,1
2018-05-25 07:43:50,14.0268,14130,0,-198199,0
2018-05-25 07:43:55,14.0268,14120,0,198058,1
2018-05-25 07:46:27,17.0095,14020,0,-238473,0
2018-05-25 07:46:33,791.3675,14040,0,-11110800,0
2018-05-25 07:46:33,191.623,14040,0,-2690387,0
2018-05-25 07:48:09,373.8048,14140,0,5285600,1
2018-05-25 07:48:09,117.4035,14140,0,1660085,1
2018-05-25 07:48:09,134.16053104,14140,0,1897030,1
2018-05-25 07:48:09,74.7616,14140,0,1057129,1
2018-05-25 07:48:09,271.15636895,14140,0,3834151,1
2018-05-25 07:48:09,28.7132,14140,0,406005,1
2018-05-25 07:50:14,1000.0,14040,0,-14040000,0
2018-05-25 07:50:59,1000.0,14000,0,14000000,1
2018-05-25 07:51:19,547.5053,14010,0,-7670549,0
2018-05-25 07:52:59,15.7957,14100,0,222719,1
2018-05-25 07:52:59,166.5466,14100,0,2348307,1
2018-05-25 07:52:59,16.3707312,14100,0,230827,1
2018-05-25 07:52:59,340.4255,14100,0,4800000,1
2018-05-25 07:52:59,8.36676879,14100,0,117971,1
2018-05-25 07:54:27,227.34947378,14230,0,-3235183,0
2018-05-25 07:54:27,183.0885,14230,0,-2605349,0
2018-05-25 07:54:28,0.29992621,14230,0,-4268,0
2018-05-25 07:54:53,29.0,14270,0,-413830,0
2018-05-25 07:55:08,294.9315,14290,0,-4214571,0
2018-05-25 07:55:08,59.1159,14290,0,-844766,0
2018-05-25 07:55:09,34.8987,14290,0,-498702,0
2018-05-25 07:55:49,110.4235,14250,0,1573535,1
2018-05-25 07:55:49,424.9134,14250,0,6055016,1
2018-05-25 07:55:49,293.3471,14250,0,4180196,1
2018-05-25 07:56:37,62.4052,14180,0,-884906,0
2018-05-25 07:56:37,250.4846,14180,0,-3551872,0
2018-05-25 07:56:38,4.1374,14180,0,-58668,0
2018-05-25 07:56:41,6.9,14180,0,-97842,0
2018-05-25 07:57:09,192.22,14210,0,-2731446,0
2018-05-25 07:57:09,238.3922,14210,0,-3387553,0
2018-05-25 07:57:09,199.96,14210,0,-2841432,0
2018-05-25 07:57:09,45.5005,14210,0,-646562,0
2018-05-25 07:58:07,284.84754091,14240,0,4056229,1
2018-05-25 07:58:49,496.1515,14230,0,7060236,1
2018-05-25 07:58:49,100.0,14230,0,1423000,1
2018-05-25 07:58:49,5.7657,14230,0,82046,1
2018-05-25 07:58:49,113.2351,14230,0,1611335,1
2018-05-25 08:05:24,466.9162,14010,0,-6541496,0
2018-05-25 08:05:24,533.0838,14010,0,-7468504,0
2018-05-25 08:05:57,51.8186,14020,0,726497,1
2018-05-25 08:06:26,179.23,14020,0,2512805,1
2018-05-25 08:06:26,110.388,14020,0,1547640,1
2018-05-25 08:08:00,3.9,14100,0,54990,1
2018-05-25 08:08:00,36.0,14100,0,507600,1
2018-05-25 08:08:15,618.6634,14090,0,8716967,1
2018-05-25 08:10:42,2.9,14030,0,-40687,0
2018-05-25 08:10:42,73.99,14030,0,-1038080,0
2018-05-25 08:10:42,551.5184,14030,0,-7737803,0
2018-05-25 08:10:42,170.5905,14030,0,-2393385,0
2018-05-25 08:12:42,55.49789246,14060,0,780300,1
2018-05-25 08:14:44,743.501,14190,0,10550279,1
2018-05-25 08:16:34,0.0001,14200,0,-1,0
2018-05-25 08:16:55,258.63024605,14160,0,-3662204,0
2018-05-25 08:16:55,236.73,14160,0,-3352097,0
2018-05-25 08:16:56,31.573,14160,0,-447074,0
2018-05-25 08:17:11,526.9334,14130,0,7445569,1
2018-05-25 08:18:11,1000.0,14160,0,-14160000,0
2018-05-25 08:22:53,69.4725,14330,0,995541,1
2018-05-25 08:22:57,38.9135,14310,0,556852,1
2018-05-25 08:22:57,149.04977653,14330,0,2135883,1
2018-05-25 08:22:58,147.2694,14310,0,2107425,1
2018-05-25 08:22:58,47.5397,14310,0,680293,1
2018-05-25 08:22:58,41.17,14310,0,589143,1
2018-05-25 08:22:58,10.0,14310,0,143100,1
2018-05-25 08:23:12,130.9496,14270,0,1868651,1
2018-05-25 08:24:17,634.3645,14280,0,-9058725,0
2018-05-25 08:26:29,1000.0,14270,0,14270000,1
2018-05-25 08:29:14,268.8953,14300,0,-3845203,0
2018-05-25 08:29:14,89.9103,14300,0,-1285717,0
2018-05-25 08:29:15,637.5494,14300,0,-9116956,0
2018-05-25 08:29:15,0.1402,14300,0,-2005,0
2018-05-25 08:29:15,3.5048,14300,0,-50119,0
2018-05-25 08:29:48,255.8384,14280,0,3653372,1
2018-05-25 08:30:05,77.1316,14230,0,1097583,1
2018-05-25 08:30:06,13.7986,14230,0,196354,1
2018-05-25 08:30:06,502.3442,14230,0,7148358,1
2018-05-25 08:30:06,88.079,14230,0,1253364,1
2018-05-25 08:30:06,62.8082,14230,0,893761,1
2018-05-25 08:31:31,51.6191,14170,0,-731443,0
2018-05-25 08:32:21,51.6191,14140,0,729894,1
2018-05-25 08:33:22,807.4621,14180,0,-11449813,0
2018-05-25 08:34:31,126.3251,14200,0,1793816,1
2018-05-25 08:37:08,0.5,14150,0,7075,1
2018-05-25 08:38:25,169.1233,14150,0,2393095,1
2018-05-25 08:38:26,20.9786,14150,0,296847,1
2018-05-25 08:38:26,279.5719,14150,0,3955942,1
2018-05-25 08:38:26,14.1643,14150,0,200425,1
2018-05-25 08:38:26,143.7276,14150,0,2033746,1
2018-05-25 08:38:26,53.0713,14150,0,750959,1
2018-05-25 08:40:05,23.3923,14080,0,-329364,0
2018-05-25 08:40:24,126.4335,14080,0,-1780184,0
2018-05-25 08:40:28,66.41691306,14080,0,-935150,0
2018-05-25 08:40:29,441.7109,14080,0,-6219289,0
2018-05-25 08:40:29,70.317,14080,0,-990063,0
2018-05-25 08:43:05,51.7303,14100,0,729397,1
2018-05-25 08:43:05,676.5403,14100,0,9539218,1
2018-05-25 08:43:30,1000.0,14110,0,-14110000,0
2018-05-25 08:43:48,548.2854,14110,0,7736307,1
2018-05-25 08:44:13,5.229,14110,0,73781,1
2018-05-25 08:44:44,553.5144,14060,0,-7782412,0
2018-05-25 08:45:22,199.433,14080,0,2808017,1
2018-05-25 08:45:27,20.0,14070,0,281400,1
2018-05-25 08:45:27,200.0,14070,0,2814000,1
2018-05-25 08:45:29,580.567,14070,0,8168578,1
2018-05-25 08:51:56,1000.0,13990,0,-13990000,0
2018-05-25 08:52:45,47.2182,13990,0,660583,1
2018-05-25 08:52:45,9.4,13990,0,131506,1
2018-05-25 08:52:45,120.0001,13990,0,1678801,1
2018-05-25 08:52:45,5.5,13990,0,76945,1
2018-05-25 08:52:45,182.4687,13990,0,2552737,1
2018-05-25 08:52:46,0.7707,13990,0,10782,1
2018-05-25 08:53:45,634.6423,13950,0,8853260,1
2018-05-25 08:54:19,1000.0,13900,0,-13900000,0
2018-05-25 08:55:26,124.32749022,13920,0,1730639,1
2018-05-25 08:55:26,4.5,13920,0,62640,1
2018-05-25 08:59:41,37.7634,14120,0,533219,1
2018-05-25 08:59:41,106.0,14120,0,1496720,1
2018-05-25 08:59:59,727.4091,14140,0,10285565,1
2018-05-25 09:01:17,344.5467,14140,0,-4871890,0
2018-05-25 09:01:29,70.6451,14140,0,-998922,0
2018-05-25 09:03:54,69.9826,14080,0,985355,1
2018-05-25 09:04:02,0.3568,14060,0,5017,1
2018-05-25 09:04:02,107.336,14060,0,1509144,1
2018-05-25 09:04:02,69.8602,14060,0,982234,1
2018-05-25 09:04:02,30.0,14060,0,421800,1
2018-05-25 09:04:02,84.0175,14060,0,1181286,1
2018-05-25 09:04:02,21.9984,14060,0,309298,1
2018-05-25 09:04:02,17.6209,14060,0,247750,1
2018-05-25 09:04:02,14.0194,14060,0,197113,1
2018-05-25 09:04:51,1000.0,14040,0,-14040000,0
2018-05-25 09:05:55,36.3389,14030,0,509835,1
2018-05-25 09:05:55,0.2588,14030,0,3631,1
2018-05-25 09:05:56,22.6,14030,0,317078,1
2018-05-25 09:06:39,940.8023,14080,0,13246496,1
2018-05-25 09:07:19,11.63,14180,0,-164913,0
2018-05-25 09:07:19,84.319,14180,0,-1195643,0
2018-05-25 09:07:22,161.1989,14180,0,-2285800,0
2018-05-25 09:07:50,138.6551,14150,0,1961970,1
2018-05-25 09:07:50,118.4928,14150,0,1676673,1
2018-05-25 09:12:28,66.83,14150,0,-945645,0
2018-05-25 09:12:43,42.565,14150,0,602295,1
2018-05-25 09:12:43,24.265,14150,0,343350,1
2018-05-25 09:21:01,12.12124285,14000,0,-169697,0
2018-05-25 09:21:01,5.0,14000,0,-70000,0
2018-05-25 09:21:01,133.25575714,14000,0,-1865581,0
2018-05-25 09:21:20,98.3742,13960,0,1373304,1
2018-05-25 09:21:20,52.0028,13960,0,725959,1
2018-05-25 09:22:57,384.9777,13940,0,-5366589,0
2018-05-25 09:22:57,446.6052,13940,0,-6225676,0
2018-05-25 09:22:58,168.4171,13940,0,-2347734,0
2018-05-25 09:23:25,169.8616,13960,0,2371268,1
2018-05-25 09:23:25,215.8775,13960,0,3013650,1
2018-05-25 09:23:25,614.2609,13960,0,8575082,1
2018-05-25 09:30:53,50.0,13910,0,-695500,0
2018-05-25 09:31:18,50.0,13900,0,695000,1
2018-05-25 09:47:52,9.3583,13680,0,-128022,0
2018-05-25 09:49:02,9.3583,13730,0,128489,1
2018-05-25 09:50:27,1000.0,13700,0,-13700000,0
2018-05-25 09:50:41,27.5867,13700,0,377938,1
2018-05-25 09:50:48,972.4133,13700,0,13322062,1
2018-05-25 09:52:50,746.9839,13760,0,-10278498,0
2018-05-25 09:52:50,253.0161,13760,0,-3481502,0
2018-05-25 09:53:21,66.3458,13750,0,912255,1
2018-05-25 09:53:21,0.2296,13750,0,3157,1
2018-05-25 09:53:21,404.5863,13750,0,5563062,1
2018-05-25 09:53:21,5.3381,13750,0,73399,1
2018-05-25 09:53:21,20.0,13750,0,275000,1
2018-05-25 09:53:22,503.3221,13750,0,6920679,1
2018-05-25 09:53:58,105.6462,13760,0,-1453692,0
2018-05-25 09:53:58,253.8136,13760,0,-3492475,0
2018-05-25 09:53:58,77.46717209,13760,0,-1065948,0
2018-05-25 09:54:11,26.47990726,13770,0,-364628,0
2018-05-25 09:54:11,322.39889273,13770,0,-4439433,0
2018-05-25 09:54:39,84.319,13790,0,1162759,1
2018-05-25 09:54:39,137.7521,13790,0,1899601,1
2018-05-25 09:54:39,542.944,13790,0,7487198,1
2018-05-25 09:54:40,20.9688,13790,0,289160,1
2018-05-25 09:54:48,1000.0,13800,0,-13800000,0
2018-05-25 09:54:54,1000.0,13800,0,13800000,1
2018-05-25 09:55:04,1000.0,13760,0,-13760000,0
2018-05-25 09:56:35,1000.0,13780,0,13780000,1
2018-05-25 10:13:51,0.0001,13860,0,-1,0
2018-05-25 10:32:19,86.4203,13600,0,-1175316,0
2018-05-25 10:32:19,349.1836,13600,0,-4748897,0
2018-05-25 10:32:54,435.604,13600,0,5924214,1
2018-05-25 10:54:18,1.68,13620,0,-22882,0
2018-05-25 10:54:18,26.32,13620,0,-358478,0
2018-05-25 10:54:22,28.0,13610,0,381080,1
2018-05-25 10:54:42,120.0001,13630,0,-1635601,0
2018-05-25 10:54:42,17.66,13630,0,-240706,0
2018-05-25 10:55:18,92.1356,13620,0,1254887,1
2018-05-25 10:55:18,0.4304,13620,0,5862,1
2018-05-25 10:55:18,0.129,13620,0,1757,1
2018-05-25 10:55:22,44.9651,13620,0,612425,1
2018-05-25 11:00:46,570.1801,13630,0,-7771555,0
2018-05-25 11:00:46,23.3242,13630,0,-317909,0
2018-05-25 11:01:33,34.5811,13660,0,472378,1
2018-05-25 11:02:16,60.4307,13710,0,828505,1
2018-05-25 11:03:04,498.4925,13740,0,6849287,1
2018-05-25 11:05:43,589.7685076,13680,0,-8068033,0
2018-05-25 11:05:43,0.09979239,13680,0,-1365,0
2018-05-25 11:06:33,588.5683,13670,0,8045729,1
2018-05-25 11:06:33,1.0,13670,0,13670,1
2018-05-25 11:06:33,0.3,13670,0,4101,1
2018-05-25 11:11:58,12.3155,13730,0,-169092,0
2018-05-25 11:14:42,12.3155,13720,0,168969,1
2018-05-25 11:23:42,12.4725,13750,0,-171497,0
2018-05-25 11:23:42,143.4156,13750,0,-1971965,0
2018-05-25 11:23:43,19.9843,13750,0,-274784,0
2018-05-25 11:24:04,175.8724,13740,0,2416487,1
2018-05-25 11:26:32,1000.0,13790,0,-13790000,0
2018-05-25 11:31:05,1000.0,13890,0,13890000,1
2018-05-25 11:33:21,1000.0,13920,0,-13920000,0
2018-05-25 11:35:23,27.2381,13980,0,380789,1
2018-05-25 11:35:23,972.7619,13980,0,13599211,1
2018-05-25 11:36:09,547.3418573,14030,0,-7679206,0
2018-05-25 11:36:09,381.0228,14030,0,-5345750,0
2018-05-25 11:36:09,71.63534269,14030,0,-1005044,0
2018-05-25 11:36:31,1000.0,14020,0,14020000,1
2018-05-25 11:42:58,86.0,13950,0,-1199700,0
2018-05-25 11:43:10,85.89,13940,0,1197307,1
2018-05-25 11:43:10,0.11,13940,0,1533,1
2018-05-25 11:46:25,81.3829,14010,0,-1140174,0
2018-05-25 11:46:25,14.8417,14010,0,-207932,0
2018-05-25 11:46:25,539.4189,14010,0,-7557259,0
2018-05-25 11:46:25,335.5726,14010,0,-4701372,0
2018-05-25 11:46:25,28.7839,14010,0,-403262,0
2018-05-25 11:46:34,172.9151,14000,0,2420811,1
2018-05-25 11:46:34,51.46310962,14000,0,720484,1
2018-05-25 11:46:34,3.0284,14000,0,42398,1
2018-05-25 11:46:34,111.9985,14000,0,1567979,1
2018-05-25 11:47:26,660.5949,14010,0,9254935,1
2018-05-25 11:53:15,232.4544,13880,0,-3226467,0
2018-05-25 11:53:15,681.5713,13880,0,-9460210,0
2018-05-25 11:54:30,98.1589,13860,0,1360482,1
2018-05-25 11:54:30,815.8668,13860,0,11307914,1
2018-05-25 11:54:59,29.0724,13880,0,-403525,0
2018-05-25 11:55:43,196.51608797,13890,0,-2729608,0
2018-05-25 11:55:43,23.528,13890,0,-326804,0
2018-05-25 11:55:44,14.46361202,13890,0,-200900,0
2018-05-25 11:56:20,578.2906,13900,0,-8038239,0
2018-05-25 11:56:20,158.1293,13900,0,-2197997,0
2018-05-25 11:56:39,0.5415,13900,0,7527,1
2018-05-25 11:59:49,41.9221,13940,0,584394,1
2018-05-25 12:01:20,7.72611948,13960,0,107857,1
2018-05-25 12:01:29,46.3669,13940,0,646355,1
2018-05-25 12:02:44,18.2082,13880,0,252730,1
2018-05-25 12:02:44,182.3559,13880,0,2531100,1
2018-05-25 12:02:44,250.0,13880,0,3470000,1
2018-05-25 12:02:44,140.8793,13880,0,1955405,1
2018-05-25 12:02:44,312.0,13880,0,4330560,1
2018-05-25 12:04:52,1000.0,13820,0,-13820000,0
2018-05-25 12:06:32,545.5593,13790,0,7523263,1
2018-05-25 12:06:32,106.27,13790,0,1465463,1
2018-05-25 12:06:32,1.006,13790,0,13873,1
2018-05-25 12:07:00,256.63238589,13800,0,-3541527,0
2018-05-25 12:07:00,396.2029141,13800,0,-5467600,0
2018-05-25 12:08:21,45.7683,13780,0,630687,1
2018-05-25 12:08:22,47.94,13780,0,660613,1
2018-05-25 12:10:44,5.863e-05,13780,0,1,1
2018-05-25 12:10:45,0.1001,13780,0,1379,1
2018-05-25 12:10:45,0.1,13780,0,1378,1
2018-05-25 12:11:20,906.0915,13750,0,12458758,1
2018-05-25 12:14:19,67.2925,13780,0,-927291,0
2018-05-25 12:14:56,469.50077681,13800,0,-6479111,0
2018-05-25 12:14:57,20.0,13800,0,-276000,0
2018-05-25 12:14:57,63.6104,13800,0,-877824,0
2018-05-25 12:14:57,19.1622,13800,0,-264438,0
2018-05-25 12:14:57,280.0,13800,0,-3864000,0
2018-05-25 12:14:57,80.43412318,13800,0,-1109991,0
2018-05-25 12:23:25,2.5,13790,0,34475,1
2018-05-25 12:23:25,49.2917,13790,0,679733,1
2018-05-25 12:23:28,325.0055,13790,0,4481826,1
2018-05-25 12:23:29,124.95,13790,0,1723061,1
2018-05-25 12:23:29,498.2528,13790,0,6870906,1
2018-05-25 12:25:49,402.9739,13780,0,-5552980,0
2018-05-25 12:30:12,149.7827,13810,0,2068499,1
2018-05-25 12:30:26,0.0725,13790,0,1000,1
2018-05-25 12:30:27,0.8739,13790,0,12051,1
2018-05-25 12:30:27,5.0,13790,0,68950,1
2018-05-25 12:30:27,247.2448,13790,0,3409506,1
2018-05-25 12:30:50,1000.0,13800,0,-13800000,0
2018-05-25 12:31:35,1000.0,13770,0,13770000,1
2018-05-25 12:37:41,250.0,13680,0,-3420000,0
2018-05-25 12:39:52,68.8827,13730,0,945759,1
2018-05-25 12:40:50,181.1173,13690,0,2479496,1
2018-05-25 12:41:08,220.16111899,13690,0,-3014006,0
2018-05-25 12:41:08,779.838881,13690,0,-10675994,0
2018-05-25 12:43:55,46.9157,13680,0,641807,1
2018-05-25 12:46:56,239.9173,13700,0,3286867,1
2018-05-25 12:47:01,11.0349,13690,0,151068,1
2018-05-25 12:47:01,38.0947,13690,0,521516,1
2018-05-25 12:47:02,0.1,13690,0,1369,1
2018-05-25 12:47:02,0.1598,13690,0,2188,1
2018-05-25 12:47:03,255.1973,13690,0,3493651,1
2018-05-25 12:47:05,15.0,13690,0,205350,1
2018-05-25 12:47:10,6.1456,13690,0,84133,1
2018-05-25 12:48:26,612.5653,13730,0,-8410522,0
2018-05-25 12:50:21,170.0509,13740,0,2336499,1
2018-05-25 12:52:38,193.3682,13740,0,2656879,1
2018-05-25 12:52:38,29.112,13740,0,399999,1
2018-05-25 12:56:47,0.5,13790,0,6895,1
2018-05-25 12:56:53,606.9689,13780,0,8364031,1
2018-05-25 13:01:16,170.1656,13780,0,-2344882,0
2018-05-25 13:01:44,170.1656,13770,0,2343180,1
2018-05-25 13:08:13,0.8763,13710,0,-12014,0
2018-05-25 13:08:15,0.1911,13710,0,-2620,0
2018-05-25 13:09:22,570.6177,13710,0,-7823169,0
2018-05-25 13:14:16,472.43631175,13750,0,6495999,1
2018-05-25 13:14:21,83.2788,13740,0,1144251,1
2018-05-25 13:14:21,0.1,13740,0,1374,1
2018-05-25 13:14:21,15.87,13740,0,218054,1
2018-05-25 13:23:45,1000.0,13800,0,-13800000,0
2018-05-25 13:27:00,25.07919251,13770,0,345340,1
2018-05-25 13:27:01,46.54,13770,0,640856,1
2018-05-25 13:30:18,2.46,13790,0,33923,1
2018-05-25 13:34:48,125.7019,13790,0,1733429,1
2018-05-25 13:35:34,18.0,13780,0,248040,1
2018-05-25 13:35:34,46.9043,13780,0,646341,1
2018-05-25 13:35:34,416.9412,13780,0,5745450,1
2018-05-25 13:38:23,318.3734,13770,0,4384002,1
2018-05-25 13:40:12,1000.0,13700,0,-13700000,0
2018-05-25 13:47:36,0.5,13650,0,6825,1
2018-05-25 13:47:36,15.0,13650,0,204750,1
2018-05-25 13:47:36,309.57347032,13650,0,4225678,1
2018-05-25 13:49:44,117.6845,13600,0,1600509,1
2018-05-25 13:49:44,521.0789,13600,0,7086673,1
2018-05-25 13:49:45,36.1631,13600,0,491818,1
2018-05-25 13:50:44,546.1932,13610,0,-7433689,0
2018-05-25 13:50:44,446.6978,13610,0,-6079557,0
2018-05-25 13:50:44,7.109,13610,0,-96753,0
2018-05-25 13:54:03,0.5,13580,0,6790,1
2018-05-25 13:56:27,999.5,13650,0,13643175,1
2018-05-25 14:30:04,160.0,13660,0,-2185600,0
2018-05-25 14:33:27,64.9822,13650,0,-887007,0
2018-05-25 14:33:34,21.3,13650,0,-290745,0
2018-05-25 14:33:41,87.8593,13660,0,-1200158,0
2018-05-25 14:34:02,329.2258,13650,0,-4493932,0
2018-05-25 14:37:11,378.9,13650,0,5171985,1
2018-05-25 14:37:11,151.1093,13650,0,2062642,1
2018-05-25 14:44:29,76.05164817,13700,0,1041908,1
2018-05-25 14:48:51,57.3064,13680,0,783952,1
2018-05-25 15:07:52,1000.0,13810,0,-13810000,0
2018-05-25 15:09:22,1000.0,13770,0,13770000,1
2018-05-25 15:11:42,1000.0,13710,0,-13710000,0
2018-05-25 15:13:31,24.4582,13720,0,335567,1
2018-05-25 15:13:31,20.0,13720,0,274400,1
2018-05-25 15:13:31,589.34,13720,0,8085745,1
2018-05-25 15:13:31,277.8674,13720,0,3812341,1
2018-05-25 15:13:32,88.3344,13720,0,1211948,1
2018-05-25 15:17:33,85.3698,13740,0,-1172981,0
2018-05-25 15:17:37,247.7,13750,0,-3405875,0
2018-05-25 15:18:10,666.9302,13740,0,-9163621,0
2018-05-25 15:19:08,1000.0,13770,0,13770000,1
2018-05-25 15:33:29,286.1806,13670,0,-3912089,0
2018-05-25 15:35:01,10.0,13690,0,-136900,0
2018-05-25 15:35:08,133.1864,13700,0,1824654,1
2018-05-25 15:36:21,21.1968,13670,0,289760,1
2018-05-25 15:36:25,44.8903,13660,0,613201,1
2018-05-25 15:36:26,73.4012,13660,0,1002660,1
2018-05-25 15:36:26,23.5059,13660,0,321091,1
2018-05-25 15:50:06,94.5281,13480,0,-1274239,0
2018-05-25 15:51:34,94.5281,13380,0,1264786,1
2018-05-25 15:52:21,1000.0,13410,0,-13410000,0
2018-05-25 15:52:49,1000.0,13360,0,13360000,1
2018-05-25 16:00:36,1.4,13370,0,-18718,0
2018-05-25 16:00:49,1.4,13370,0,18718,1
2018-05-25 16:05:53,23.9137,13270,0,-317335,0
2018-05-25 16:05:53,108.3559,13270,0,-1437883,0
2018-05-25 16:05:53,61.9509,13270,0,-822088,0
2018-05-25 16:06:27,1.0,13180,0,13180,1
2018-05-25 16:06:27,67.8092,13180,0,893725,1
2018-05-25 16:06:39,40.3073,13210,0,-532459,0
2018-05-25 16:07:21,165.7186,13150,0,2179200,1
2018-05-25 16:08:33,589.1587,13170,0,-7759220,0
2018-05-25 16:09:11,472.5718,13180,0,6228496,1
2018-05-25 16:09:11,116.5869,13180,0,1536615,1
2018-05-25 16:10:31,200.0,13230,0,-2646000,0
2018-05-25 16:10:31,0.1,13230,0,-1323,0
2018-05-25 16:10:31,218.9289,13230,0,-2896429,0
2018-05-25 16:10:51,419.0289,13220,0,5539562,1
2018-05-25 16:14:49,1000.0,13270,0,-13270000,0
2018-05-25 16:16:08,90.2502,13230,0,1194010,1
2018-05-25 16:16:42,909.7498,13220,0,12026892,1
2018-05-25 16:19:03,2.0,13130,0,-26260,0
2018-05-25 16:19:34,2.0,13120,0,26240,1
2018-05-25 16:20:16,1000.0,13150,0,-13150000,0
2018-05-25 16:21:50,87.1,13150,0,1145365,1
2018-05-25 16:21:50,1.9788,13150,0,26021,1
2018-05-25 16:21:51,120.0001,13150,0,1578001,1
2018-05-25 16:21:51,252.2188,13150,0,3316677,1
2018-05-25 16:21:51,17.0242,13150,0,223868,1
2018-05-25 16:21:58,36.219,13160,0,476642,1
2018-05-25 16:21:58,89.281,13160,0,1174938,1
2018-05-25 16:21:59,124.2792,13160,0,1635514,1
2018-05-25 16:21:59,12.1987,13160,0,160535,1
2018-05-25 16:21:59,127.07,13160,0,1672241,1
2018-05-25 16:21:59,132.6302,13160,0,1745413,1
2018-05-25 16:25:12,91.1363,13250,0,-1207556,0
2018-05-25 16:25:12,0.5,13250,0,-6625,0
2018-05-25 16:25:12,32.1572,13250,0,-426083,0
2018-05-25 16:25:13,3.4147,13250,0,-45245,0
2018-05-25 16:25:13,753.8967,13250,0,-9989131,0
2018-05-25 16:25:14,118.8951,13250,0,-1575360,0
2018-05-25 16:25:50,1000.0,13250,0,13250000,1
2018-05-25 16:27:25,7.8889,13240,0,-104449,0
2018-05-25 16:27:32,7.8889,13240,0,104449,1
2018-05-25 16:32:21,282.31644828,13140,0,-3709638,0
2018-05-25 16:32:26,0.6013,13140,0,-7901,0
2018-05-25 16:33:12,717.0822,13140,0,-9422460,0
2018-05-25 16:34:19,1000.0,13130,0,13130000,1
2018-05-25 16:34:35,58.97654451,13120,0,-773772,0
2018-05-25 16:34:39,941.0235,13140,0,-12365049,0
2018-05-25 16:35:31,0.2132,13160,0,2806,1
2018-05-25 16:35:31,312.5658,13160,0,4113366,1
2018-05-25 16:35:44,464.9125,13170,0,6122898,1
2018-05-25 16:35:50,222.3085,13160,0,2925580,1
2018-05-25 16:45:54,970.0546,13180,0,-12785320,0
2018-05-25 16:46:41,432.3912,13170,0,5694592,1
2018-05-25 16:47:26,537.6634,13150,0,7070274,1
2018-05-25 16:47:47,1000.0,13150,0,-13150000,0
2018-05-25 16:48:57,295.5753,13170,0,3892727,1
2018-05-25 16:51:18,679.0696,13190,0,8956928,1
2018-05-25 16:51:18,25.3551,13190,0,334434,1
2018-05-25 16:51:38,173.04003051,13240,0,-2291050,0
2018-05-25 16:51:57,20.0,13250,0,-265000,0
2018-05-25 16:51:57,130.6357,13250,0,-1730923,0
2018-05-25 16:51:57,399.3583,13250,0,-5291497,0
2018-05-25 16:51:57,197.7091,13250,0,-2619646,0
2018-05-25 16:51:57,39.5034,13250,0,-523420,0
2018-05-25 16:51:57,39.7535,13250,0,-526734,0
2018-05-25 16:52:54,504.3311,13250,0,6682387,1
2018-05-25 16:54:37,401.07,13290,0,-5330220,0
2018-05-25 16:54:37,40.0073,13290,0,-531697,0
2018-05-25 16:55:29,179.7747024,13280,0,2387408,1
2018-05-25 16:55:33,35.5958,13270,0,472356,1
2018-05-25 16:55:33,265.3087,13270,0,3520646,1
2018-05-25 16:55:33,456.067,13270,0,6052009,1
2018-05-25 16:58:59,1000.0,13280,0,-13280000,0
2018-05-25 16:59:54,60.4549,13240,0,800423,1
2018-05-25 16:59:54,166.06,13240,0,2198634,1
2018-05-25 16:59:54,84.5922,13240,0,1120001,1
2018-05-25 16:59:54,1.5816,13240,0,20940,1
2018-05-25 16:59:55,339.5935,13240,0,4496218,1
2018-05-25 16:59:55,1.0,13240,0,13240,1
2018-05-25 17:01:57,653.2822,13220,0,-8636391,0
2018-05-25 17:02:14,1000.0,13240,0,13240000,1
2018-05-25 17:22:49,24.8194,13310,0,-330346,0
2018-05-25 17:22:50,59.8,13310,0,-795938,0
2018-05-25 17:23:29,84.6194,13300,0,1125438,1
2018-05-25 17:27:25,5.9035,13270,0,-78339,0
2018-05-25 17:27:36,5.9035,13290,0,78458,1
2018-05-25 17:28:48,1000.0,13280,0,-13280000,0
2018-05-25 17:32:25,776.6211,13360,0,10375658,1
2018-05-25 17:32:25,223.3789,13360,0,2984342,1
2018-05-25 17:36:16,800.7017419,13410,0,-10737410,0
2018-05-25 17:36:16,63.80995809,13410,0,-855692,0
2018-05-25 17:39:47,589.5994,13470,0,7941904,1
2018-05-25 17:40:17,725.0877,13440,0,-9745179,0
2018-05-25 17:45:21,35.0882,13390,0,469831,1
2018-05-25 17:45:55,821.289,13380,0,10988847,1
2018-05-25 17:45:55,36.1514,13380,0,483706,1
2018-05-25 17:47:13,107.4714,13360,0,1435818,1
2018-05-25 17:53:18,20.0,13400,0,-268000,0
2018-05-25 17:53:18,495.9275,13400,0,-6645429,0
2018-05-25 18:08:29,515.9275,13310,0,6866995,1
2018-05-25 18:10:52,29.12050603,13260,0,-386138,0
2018-05-25 18:11:17,160.0,13320,0,-2131200,0
2018-05-25 18:11:17,30.41,13320,0,-405061,0
2018-05-25 18:12:26,0.6,13280,0,7968,1
2018-05-25 18:12:26,6.6113,13280,0,87798,1
2018-05-25 18:12:48,65.6557,13270,0,-871251,0
2018-05-25 18:13:45,722.0251,13260,0,-9574053,0
2018-05-25 18:14:51,50.0,13220,0,661000,1
2018-05-25 18:14:51,19.4245,13220,0,256792,1
2018-05-25 18:14:51,208.0121,13220,0,2749920,1
2018-05-25 18:14:51,24.452,13220,0,323255,1
2018-05-25 18:14:52,3.2,13220,0,42304,1
2018-05-25 18:14:52,0.01,13220,0,132,1
2018-05-25 18:14:52,10.2975,13220,0,136133,1
2018-05-25 18:14:52,27.7758,13220,0,367196,1
2018-05-25 18:14:52,170.8613,13220,0,2258786,1
2018-05-25 18:14:52,0.01,13220,0,132,1
2018-05-25 18:14:52,0.01,13220,0,132,1
2018-05-25 18:15:11,0.1395,13260,0,-1850,0
2018-05-25 18:17:16,486.0863,13200,0,6416339,1
2018-05-25 18:18:59,604.58529622,13250,0,-8010755,0
2018-05-25 18:18:59,195.6275,13250,0,-2592064,0
2018-05-25 18:18:59,25.0,13250,0,-331250,0
2018-05-25 18:18:59,72.2184,13250,0,-956894,0
2018-05-25 18:22:54,85.2303,13270,0,1131006,1
2018-05-25 18:23:21,51.1924,13270,0,679323,1
2018-05-25 18:25:00,0.807,13310,0,10741,1
2018-05-25 18:25:34,128.1,13320,0,1706292,1
2018-05-25 18:27:30,632.1015,13310,0,8413271,1
2018-05-25 18:33:15,56.2877,13290,0,-748064,0
2018-05-25 18:33:15,72.431,13290,0,-962608,0
2018-05-25 18:35:18,128.7187,13290,0,1710672,1
2018-05-25 18:40:17,100.0,13400,0,-1340000,0
2018-05-25 18:40:17,10.0,13400,0,-134000,0
2018-05-25 18:40:17,1.2,13400,0,-16080,0
2018-05-25 18:40:17,23.4583,13400,0,-314341,0
2018-05-25 18:40:17,195.10424626,13400,0,-2614397,0
2018-05-25 18:40:18,670.23745373,13400,0,-8981182,0
2018-05-25 18:43:30,849.7099,13390,0,11377616,1
2018-05-25 18:43:30,150.2901,13390,0,2012384,1
2018-05-25 18:45:38,31.153,13350,0,-415893,0
2018-05-25 18:48:19,74.605,13330,0,-994485,0
2018-05-25 18:48:19,2.8315,13330,0,-37744,0
2018-05-25 18:48:24,88.712,13330,0,-1182531,0
2018-05-25 18:49:28,401.01748492,13330,0,-5345563,0
2018-05-25 18:51:07,73.98,13330,0,986153,1
2018-05-25 18:51:07,18.3275,13330,0,244306,1
2018-05-25 18:53:10,506.0115,13330,0,6745133,1
2018-05-25 18:57:15,482.433,13240,0,-6387413,0
2018-05-25 18:57:45,482.433,13220,0,6377764,1
2018-05-25 19:13:40,142.231,13380,0,-1903051,0
2018-05-25 19:14:14,0.0025,13360,0,33,1
2018-05-25 19:14:14,34.6139,13360,0,462442,1
2018-05-25 19:15:57,500.0,13380,0,-6690000,0
2018-05-25 19:16:14,0.1172,13360,0,1566,1
2018-05-25 19:16:14,107.7669,13360,0,1439766,1
2018-05-25 19:16:14,10.989,13360,0,146813,1
2018-05-25 19:16:14,43.5122,13360,0,581323,1
2018-05-25 19:16:14,14.97,13360,0,199999,1
2018-05-25 19:16:31,150.5483,13350,0,2009820,1
2018-05-25 19:16:46,279.711,13350,0,3734142,1
2018-05-25 19:25:32,562.3121,13340,0,-7501243,0
2018-05-25 19:38:54,96.6914,13290,0,1285029,1
2018-05-25 19:39:36,5.66e-05,13250,0,-1,0
2018-05-25 19:41:46,8.906,13290,0,-118361,0
2018-05-25 19:41:56,405.2149,13300,0,-5389358,0
2018-05-25 19:44:22,0.6,13280,0,7968,1
2018-05-25 19:45:53,879.1417,13310,0,11701376,1
2018-05-25 19:55:18,1000.0,13280,0,-13280000,0
2018-05-25 19:56:44,266.0039,13240,0,3521892,1
2018-05-25 19:56:44,324.4495,13240,0,4295711,1
2018-05-25 19:56:45,20.0,13240,0,264800,1
2018-05-25 19:56:48,0.5,13240,0,6620,1
2018-05-25 19:56:49,72.7016,13240,0,962569,1
2018-05-25 19:57:19,226.8116,13230,0,3000717,1
2018-05-25 19:57:19,89.5334,13230,0,1184527,1
2018-05-25 19:58:18,1000.0,13200,0,-13200000,0
2018-05-25 19:58:30,125.6896,13180,0,1656589,1
2018-05-25 19:58:31,21.546,13170,0,283761,1
2018-05-25 19:58:31,35.0541,13170,0,461662,1
2018-05-25 19:58:31,5.0,13170,0,65850,1
2018-05-25 19:58:31,81.8986,13170,0,1078605,1
2018-05-25 19:58:31,10.0835,13170,0,132800,1
2018-05-25 19:58:31,492.2384,13170,0,6482780,1
2018-05-25 19:58:31,180.277,13170,0,2374248,1
2018-05-25 19:58:31,48.2128,13170,0,634963,1
2018-05-25 20:03:36,23.4729,13070,0,-306791,0
2018-05-25 20:03:58,23.4729,13090,0,307260,1
2018-05-25 20:11:23,79.4286,13010,0,-1033366,0
2018-05-25 20:13:05,22.0,12990,0,285780,1
2018-05-25 20:13:05,46.7638,12990,0,607462,1
2018-05-25 20:13:05,10.6648,12990,0,138536,1
2018-05-25 20:16:17,2.0,13010,0,-26020,0
2018-05-25 20:16:17,622.5119,13010,0,-8098880,0
2018-05-25 20:19:10,73.324,12990,0,952479,1
2018-05-25 20:19:10,545.9696,12990,0,7092145,1
2018-05-25 20:19:10,5.2183,12990,0,67786,1
2018-05-25 20:25:07,63.4371,12960,0,-822145,0
2018-05-25 20:25:35,936.5629,13000,0,-12175318,0
2018-05-25 20:32:38,61.534,13340,0,820864,1
2018-05-25 20:32:38,18.7708,13340,0,250402,1
2018-05-25 20:34:18,2.0,13290,0,26580,1
2018-05-25 20:34:18,250.23,13290,0,3325557,1
2018-05-25 20:34:18,2.0,13290,0,26580,1
2018-05-25 20:35:20,1.6099,13370,0,21524,1
2018-05-25 20:36:47,663.8553,13470,0,8942131,1
2018-05-25 20:37:31,44.05516923,13520,0,-595626,0
2018-05-25 20:37:32,77.1053,13520,0,-1042464,0
2018-05-25 20:37:32,56.11923076,13520,0,-758732,0
2018-05-25 20:37:32,100.0,13520,0,-1352000,0
2018-05-25 20:37:32,151.6518,13520,0,-2050332,0
2018-05-25 20:37:46,428.9315,13510,0,5794865,1
2018-05-25 20:38:26,195.7274,13510,0,-2644277,0
2018-05-25 20:39:08,804.2726,13470,0,-10833552,0
2018-05-25 20:40:12,202.94095108,13390,0,2717379,1
2018-05-25 20:40:13,46.97,13390,0,628928,1
2018-05-25 20:40:13,224.0477,13390,0,2999999,1
2018-05-25 20:40:34,526.0413,13370,0,7033172,1
2018-05-25 20:41:16,299.90706319,13450,0,-4033750,0
2018-05-25 20:41:17,90.7879368,13450,0,-1221098,0
2018-05-25 20:41:36,513.2576,13410,0,-6882784,0
2018-05-25 20:42:20,400.0,13390,0,5356000,1
2018-05-25 20:42:20,223.8805,13390,0,2997760,1
2018-05-25 20:42:20,250.0,13390,0,3347500,1
2018-05-25 20:42:20,30.0721,13390,0,402665,1
2018-05-25 20:42:35,69.788,13380,0,-933763,0
2018-05-25 20:42:36,930.212,13380,0,-12446237,0
2018-05-25 20:44:15,100.0,13340,0,1334000,1
2018-05-25 20:44:16,5.0,13340,0,66700,1
2018-05-25 20:44:16,224.3829,13340,0,2993268,1
2018-05-25 20:44:16,57.9825,13340,0,773487,1
2018-05-25 20:46:26,299.176,13420,0,4014942,1
2018-05-25 20:46:27,26.9,13420,0,360998,1
2018-05-25 20:46:45,33.4901,13420,0,-449437,0
2018-05-25 20:47:09,320.0487,13420,0,4295054,1
2018-05-25 20:49:00,83.2491,13510,0,-1124695,0
2018-05-25 20:49:01,172.8395,13510,0,-2335062,0
2018-05-25 20:49:01,43.2983,13510,0,-584960,0
2018-05-25 20:49:01,269.94,13510,0,-3646889,0
2018-05-25 20:49:01,63.4322,13510,0,-856969,0
2018-05-25 20:49:01,100.0,13510,0,-1351000,0
2018-05-25 20:49:01,187.59,13510,0,-2534341,0
2018-05-25 20:50:29,170.0,13500,0,2295000,1
2018-05-25 20:50:29,222.3869,13500,0,3002223,1
2018-05-25 20:50:30,89.93,13500,0,1214055,1
2018-05-25 20:50:30,25.24,13500,0,340740,1
2018-05-25 20:50:31,63.8222,13500,0,861600,1
2018-05-25 20:50:31,53.34585185,13500,0,720169,1
2018-05-25 20:50:31,222.2222,13500,0,3000000,1
2018-05-25 20:50:31,73.40194814,13500,0,990926,1
2018-05-25 20:50:38,145.2134,13500,0,-1960381,0
2018-05-25 20:51:20,673.0568,13550,0,-9119920,0
2018-05-25 20:51:21,2.2392,13550,0,-30341,0
2018-05-25 20:51:21,179.4906,13550,0,-2432098,0
2018-05-25 20:54:40,1.0,13470,0,13470,1
2018-05-25 20:54:40,254.16,13470,0,3423535,1
2018-05-25 20:54:40,98.323,13470,0,1324411,1
2018-05-25 20:54:40,81.9478,13470,0,1103837,1
2018-05-25 20:54:40,133.2152,13470,0,1794409,1
2018-05-25 20:54:55,2.0,13440,0,26880,1
2018-05-25 20:54:55,48.9,13440,0,657216,1
2018-05-25 20:54:55,102.9781,13440,0,1384026,1
2018-05-25 20:54:55,200.0,13440,0,2688000,1
2018-05-25 20:54:55,1.0,13440,0,13440,1
2018-05-25 20:54:55,1.2141,13440,0,16318,1
2018-05-25 20:54:55,75.257,13440,0,1011454,1
2018-05-25 20:54:56,0.0048,13440,0,65,1
2018-05-25 20:56:14,216.9749,13450,0,-2918312,0
2018-05-25 20:56:14,783.0251,13450,0,-10531688,0
2018-05-25 20:57:38,1000.0,13530,0,13530000,1
2018-05-25 20:58:23,687.5615,13450,0,-9247702,0
2018-05-25 21:00:32,66.0,13460,0,888360,1
2018-05-25 21:00:32,61.05616641,13460,0,821816,1
2018-05-25 21:01:00,7.69,13450,0,103431,1
2018-05-25 21:01:00,4.234e-05,13450,0,1,1
2018-05-25 21:01:04,151.7258,13430,0,2037677,1
2018-05-25 21:01:04,401.0895,13430,0,5386632,1
2018-05-25 21:01:54,19.59534869,13430,0,-263166,0
2018-05-25 21:01:54,509.6318,13430,0,-6844355,0
2018-05-25 21:01:54,219.5971513,13430,0,-2949190,0
2018-05-25 21:04:09,443.32793262,13620,0,6038126,1
2018-05-25 21:04:09,305.49636737,13620,0,4160861,1
2018-05-25 21:04:27,68.81512516,13590,0,-935198,0
2018-05-25 21:04:27,2.7,13590,0,-36693,0
2018-05-25 21:04:28,928.48487483,13590,0,-12618109,0
2018-05-25 21:06:45,119.08,13670,0,1627824,1
2018-05-25 21:06:45,6.0071,13670,0,82117,1
2018-05-25 21:06:45,50.5,13670,0,690335,1
2018-05-25 21:06:49,22.2049,13670,0,303541,1
2018-05-25 21:06:49,87.208,13670,0,1192133,1
2018-05-25 21:06:49,700.0,13670,0,9569000,1
2018-05-25 21:06:49,15.0,13670,0,205050,1
2018-05-25 21:06:54,542.78234233,13700,0,-7436118,0
2018-05-25 21:06:55,78.77415766,13700,0,-1079206,0
2018-05-25 21:07:27,83.0273,13690,0,1136644,1
2018-05-25 21:07:27,36.6109,13690,0,501203,1
2018-05-25 21:07:27,451.9183,13690,0,6186762,1
2018-05-25 21:07:27,50.0,13690,0,684500,1
2018-05-25 21:08:36,375.7866,13640,0,-5125729,0
2018-05-25 21:08:40,187.6247,13650,0,-2561077,0
2018-05-25 21:08:40,149.8093,13650,0,-2044897,0
2018-05-25 21:08:40,286.7794,13650,0,-3914539,0
2018-05-25 21:12:02,239.6978,13620,0,3264684,1
2018-05-25 21:12:03,79.0,13620,0,1075980,1
2018-05-25 21:12:06,80.0,13590,0,1087200,1
2018-05-25 21:12:06,10.0,13590,0,135900,1
2018-05-25 21:12:06,10.0,13590,0,135900,1
2018-05-25 21:12:06,513.3568,13590,0,6976519,1
2018-05-25 21:12:07,67.9454,13590,0,923378,1
2018-05-25 21:12:20,261.76136622,13590,0,-3557337,0
2018-05-25 21:13:00,738.2386,13620,0,-10054810,0
2018-05-25 21:13:19,668.2112,13650,0,9121083,1
2018-05-25 21:15:10,29.3051,13610,0,-398842,0
2018-05-25 21:15:46,361.0939,13640,0,4925321,1
2018-05-25 21:16:01,549.118,13660,0,-7500952,0
2018-05-25 21:16:57,1.1931,13720,0,16369,1
2018-05-25 21:17:28,156.6719,13680,0,2143272,1
2018-05-25 21:17:28,147.1822,13680,0,2013452,1
2018-05-25 21:17:28,31.4974,13680,0,430884,1
2018-05-25 21:17:28,212.5734,13680,0,2908004,1
2018-05-25 21:20:30,12.2982,13650,0,-167870,0
2018-05-25 21:20:30,100.0,13650,0,-1365000,0
2018-05-25 21:20:30,703.93525494,13650,0,-9608716,0
2018-05-25 21:21:31,15.7774,13600,0,214573,1
2018-05-25 21:21:31,638.31221407,13600,0,8681046,1
2018-05-25 21:21:31,69.0,13600,0,938400,1
2018-05-25 21:21:32,93.14378592,13600,0,1266755,1
2018-05-25 21:26:41,10.3,13570,0,-139771,0
2018-05-25 21:28:01,10.3,13560,0,139668,1
2018-05-25 21:28:21,347.6609,13550,0,-4710805,0
2018-05-25 21:29:10,79.8676,13600,0,-1086199,0
2018-05-25 21:29:15,0.651,13600,0,-8854,0
2018-05-25 21:29:15,0.0001,13600,0,-1,0
2018-05-25 21:30:27,0.5,13580,0,6790,1
2018-05-25 21:31:05,100.0,13620,0,-1362000,0
2018-05-25 21:31:05,472.3204,13620,0,-6433004,0
2018-05-25 21:34:01,87.208,13630,0,1188645,1
2018-05-25 21:35:31,605.9088,13600,0,8240360,1
2018-05-25 21:35:31,306.8832,13600,0,4173612,1
2018-05-25 21:37:40,73.7656,13630,0,-1005425,0
2018-05-25 21:38:04,73.7656,13650,0,1006900,1
2018-05-25 21:39:44,1000.0,13700,0,-13700000,0
2018-05-25 21:39:58,364.9635,13700,0,5000000,1
2018-05-25 21:40:12,0.0386,13700,0,529,1
2018-05-25 21:41:19,107.3484,13690,0,1469600,1
2018-05-25 21:41:19,100.0,13690,0,1369000,1
2018-05-25 21:41:20,63.6702,13690,0,871645,1
2018-05-25 21:41:20,269.7117,13690,0,3692353,1
2018-05-25 21:41:26,94.2676,13700,0,1291466,1
2018-05-25 21:43:51,116.3811,13700,0,-1594421,0
2018-05-25 21:44:03,297.2192,13710,0,-4074875,0
2018-05-25 21:44:04,586.3997,13710,0,-8039540,0
2018-05-25 21:45:59,883.576,13700,0,12104991,1
2018-05-25 21:46:44,116.424,13700,0,1595009,1
2018-05-25 21:47:00,951.1482,13740,0,-13068776,0
2018-05-25 21:47:00,0.1455,13740,0,-1999,0
2018-05-25 21:47:00,48.7063,13740,0,-669225,0
2018-05-25 21:47:59,83.01108766,13790,0,1144723,1
2018-05-25 21:48:55,56.50072463,13800,0,779710,1
2018-05-25 21:48:56,570.7118,13800,0,7875823,1
2018-05-25 21:48:56,116.0738,13800,0,1601818,1
2018-05-25 21:48:57,18.1028,13800,0,249819,1
2018-05-25 21:48:57,155.59977536,13800,0,2147277,1
2018-05-25 21:51:03,10.6,13740,0,-145644,0
2018-05-25 21:51:09,10.6,13730,0,145538,1
2018-05-25 21:57:02,1000.0,13670,0,-13670000,0
2018-05-25 22:01:04,259.6554,13580,0,3526120,1
2018-05-25 22:01:04,2.0,13580,0,27160,1
2018-05-25 22:01:05,142.4039,13580,0,1933845,1
2018-05-25 22:01:05,41.0741,13580,0,557786,1
2018-05-25 22:01:05,36.8188,13580,0,499999,1
2018-05-25 22:01:05,15.3946,13580,0,209059,1
2018-05-25 22:01:05,13.9118,13580,0,188922,1
2018-05-25 22:01:09,12.6,13580,0,171108,1
2018-05-25 22:01:09,243.81,13580,0,3310940,1
2018-05-25 22:01:09,87.208,13580,0,1184285,1
2018-05-25 22:01:19,145.1234,13570,0,1969325,1
2018-05-25 22:02:09,1.8391,13590,0,-24993,0
2018-05-25 22:02:09,10.4337,13590,0,-141794,0
2018-05-25 22:02:15,12.2728,13590,0,166787,1
2018-05-25 22:02:41,170.2061207,13570,0,-2309697,0
2018-05-25 22:02:41,95.97447929,13570,0,-1302374,0
2018-05-25 22:05:15,27.5756,13540,0,373374,1
2018-05-25 22:05:15,2.0,13540,0,27080,1
2018-05-25 22:05:16,1.0,13540,0,13540,1
2018-05-25 22:05:16,0.4033,13540,0,5461,1
2018-05-25 22:05:16,36.9276,13540,0,500000,1
2018-05-25 22:05:16,12.2997,13540,0,166538,1
2018-05-25 22:05:16,10.1716,13540,0,137723,1
2018-05-25 22:05:16,50.0,13540,0,677000,1
2018-05-25 22:05:16,55.8249,13540,0,755869,1
2018-05-25 22:05:19,69.9779,13530,0,946801,1
2018-05-25 22:06:08,590.9456,13510,0,-7983675,0
2018-05-25 22:07:15,22.0,13480,0,296560,1
2018-05-25 22:07:15,55.9732,13480,0,754519,1
2018-05-25 22:07:15,50.1287,13480,0,675735,1
2018-05-25 22:07:15,1.57,13480,0,21164,1
2018-05-25 22:07:15,101.0,13480,0,1361480,1
2018-05-25 22:07:16,9.2739,13480,0,125012,1
2018-05-25 22:07:16,17.1344,13480,0,230972,1
2018-05-25 22:07:16,21.7078,13480,0,292621,1
2018-05-25 22:07:16,230.137,13480,0,3102247,1
2018-05-25 22:07:16,55.0288,13480,0,741788,1
2018-05-25 22:07:16,4.4866,13480,0,60479,1
2018-05-25 22:07:16,22.5052,13480,0,303370,1
2018-05-25 22:08:09,104.0,13490,0,-1402960,0
2018-05-25 22:08:41,104.0,13530,0,1407120,1
2018-05-25 22:10:27,539.8722,13510,0,-7293673,0
2018-05-25 22:13:23,43.7056,13550,0,592211,1
2018-05-25 22:13:23,154.04,13550,0,2087242,1
2018-05-25 22:16:01,327.5164,13550,0,-4437847,0
2018-05-25 22:16:01,236.8525,13550,0,-3209351,0
2018-05-25 22:16:01,93.5044,13550,0,-1266985,0
2018-05-25 22:17:51,999.9999,13510,0,13509999,1
2018-05-25 22:19:43,879.51297209,13510,0,-11882220,0
2018-05-25 22:30:22,104.10683565,13630,0,1418976,1
2018-05-25 22:30:23,9.76,13630,0,133029,1
2018-05-25 22:32:05,30.0,13580,0,407400,1
2018-05-25 22:32:05,48.4539,13580,0,658004,1
2018-05-25 22:32:06,241.28,13580,0,3276582,1
2018-05-25 22:32:06,1.5364,13580,0,20864,1
2018-05-25 22:32:41,188.8,13570,0,-2562016,0
2018-05-25 22:38:50,19.1,13550,0,258805,1
2018-05-25 22:38:51,119.445,13550,0,1618480,1
2018-05-25 22:38:59,119.0,13560,0,-1613640,0
2018-05-25 22:45:20,82.7896,13580,0,1124283,1
2018-05-25 22:45:36,530.8413,13610,0,7224750,1
2018-05-25 22:51:53,1.0,13660,0,-13660,0
2018-05-25 22:51:54,0.1464,13660,0,-2000,0
2018-05-25 22:51:54,555.2007,13660,0,-7584042,0
2018-05-25 22:51:54,1.0,13660,0,-13660,0
2018-05-25 22:51:54,22.6494,13660,0,-309391,0
2018-05-25 22:52:58,579.9965,13630,0,7905352,1
2018-05-25 22:55:29,32.6182,13600,0,-443608,0
2018-05-25 22:58:57,32.6182,13630,0,444586,1
2018-05-25 23:22:28,344.1819,13670,0,-4704967,0
2018-05-25 23:24:29,50.6454,13680,0,692829,1
2018-05-25 23:24:39,177.4807,13680,0,2427936,1
2018-05-25 23:24:40,10.0,13680,0,136800,1
2018-05-25 23:25:44,0.2274,13670,0,3109,1
2018-05-25 23:26:44,0.6,13660,0,8196,1
2018-05-25 23:27:35,105.2284,13660,0,1437420,1
2018-05-25 23:52:56,0.0001,13570,0,-1,0
2018-05-25 23:52:56,313.2871,13570,0,-4251306,0
2018-05-25 23:55:29,33.4062,13560,0,-452988,0
2018-05-25 23:57:32,0.0052,13550,0,70,1
2018-05-25 23:57:32,280.0,13550,0,3794000,1
2018-05-25 23:57:33,1.1031,13550,0,14947,1
2018-05-25 23:58:45,65.5851,13520,0,886711,1
2018-05-26 00:00:10,160.0,13510,0,-2161600,0
2018-05-26 00:00:10,248.298,13510,0,-3354506,0
2018-05-26 00:00:15,250.0,13520,0,-3380000,0
2018-05-26 00:00:15,341.702,13520,0,-4619811,0
2018-05-26 00:00:43,1.0178,13510,0,13750,1
2018-05-26 00:00:53,181.369,13500,0,2448482,1
2018-05-26 00:00:53,139.88481481,13500,0,1888445,1
2018-05-26 00:01:21,2.0,13460,0,26920,1
2018-05-26 00:01:21,182.561,13460,0,2457271,1
2018-05-26 00:02:58,506.8327,13510,0,-6847310,0
2018-05-26 00:04:34,472.1172,13420,0,6335813,1
2018-05-26 00:04:34,1.2,13420,0,16104,1
2018-05-26 00:04:34,22.5098,13420,0,302082,1
2018-05-26 00:04:34,34.1854,13420,0,458768,1
2018-05-26 00:04:41,100.0,13410,0,1341000,1
2018-05-26 00:04:42,5.0,13410,0,67050,1
2018-05-26 00:04:42,23.4581,13410,0,314573,1
2018-05-26 00:04:42,140.9948,13410,0,1890740,1
2018-05-26 00:04:45,165.2676,13410,0,2216239,1
2018-05-26 00:04:49,35.2671,13390,0,472226,1
2018-05-26 00:05:24,7.202e-05,13440,0,-1,0
2018-05-26 00:05:24,320.6136,13440,0,-4309047,0
2018-05-26 00:05:40,186.2752,13430,0,2501676,1
2018-05-26 00:06:12,134.3385,13430,0,1804166,1
2018-05-26 00:11:45,1.0841,13430,0,-14559,0
2018-05-26 00:11:45,554.9036,13430,0,-7452355,0
2018-05-26 00:11:45,83.0213,13430,0,-1114976,0
2018-05-26 00:11:45,160.0,13430,0,-2148800,0
2018-05-26 00:16:02,1.0321,13410,0,13840,1
2018-05-26 00:16:02,0.11,13410,0,1475,1
2018-05-26 00:16:02,320.8489,13410,0,4302584,1
2018-05-26 00:16:02,200.2111,13410,0,2684831,1
2018-05-26 00:16:02,276.8069,13410,0,3711981,1
2018-05-26 00:26:34,1000.0,13490,0,-13490000,0
2018-05-26 00:27:44,501.7336,13470,0,6758352,1
2018-05-26 00:27:44,0.5,13470,0,6735,1
2018-05-26 00:27:48,329.4175,13460,0,4433960,1
2018-05-26 00:27:48,125.2786,13460,0,1686250,1
2018-05-26 00:27:49,20.3384,13460,0,273755,1
2018-05-26 00:27:49,22.7319,13460,0,305971,1
2018-05-26 00:37:04,9.0,13460,0,-121140,0
2018-05-26 00:37:26,9.0,13460,0,121140,1
2018-05-26 00:39:11,496.3589,13530,0,-6715736,0
2018-05-26 00:39:52,8.3344,13530,0,112764,1
2018-05-26 00:40:10,173.5208,13520,0,-2346001,0
2018-05-26 00:41:37,661.5453,13510,0,8937477,1
2018-05-26 00:55:29,59.034,13560,0,-800501,0
2018-05-26 00:55:30,36.8573,13560,0,-499785,0
2018-05-26 00:56:30,407.4723,13600,0,-5541623,0
2018-05-26 00:57:38,253.7663,13660,0,3466448,1
2018-05-26 00:58:13,5.4,13640,0,-73656,0
2018-05-26 00:58:13,18.0,13640,0,-245520,0
2018-05-26 00:58:37,272.9973,13600,0,3712763,1
2018-05-26 00:58:51,94.1603,13600,0,-1280580,0
2018-05-26 00:58:51,485.77262281,13600,0,-6606508,0
2018-05-26 00:59:35,350.12,13590,0,4758131,1
2018-05-26 01:00:40,0.07,13540,0,948,1
2018-05-26 01:00:41,166.1458,13540,0,2249614,1
2018-05-26 01:00:41,36.88,13540,0,499355,1
2018-05-26 01:00:41,14.4897,13540,0,196191,1
2018-05-26 01:00:41,12.2274,13540,0,165559,1
2018-05-26 01:01:39,211.2656,13510,0,-2854198,0
2018-05-26 01:05:29,102.6831,13520,0,-1388276,0
2018-05-26 01:05:29,93.9276,13520,0,-1269901,0
2018-05-26 01:05:34,111.1288,13530,0,-1503573,0
2018-05-26 01:05:34,198.0424,13530,0,-2679514,0
2018-05-26 01:05:34,50.0,13530,0,-676500,0
2018-05-26 01:08:51,1.1,13470,0,14817,1
2018-05-26 01:08:51,680.5001,13470,0,9166336,1
2018-05-26 01:09:09,85.4474,13480,0,1151831,1
2018-05-26 01:09:55,102.5423,13480,0,-1382270,0
2018-05-26 01:10:00,17.1482,13470,0,-230986,0
2018-05-26 01:10:00,880.3095,13470,0,-11857769,0
2018-05-26 01:10:49,111.3585,13470,0,1499999,1
2018-05-26 01:14:53,15.9065,13430,0,213624,1
2018-05-26 01:14:53,699.9999,13430,0,9400999,1
2018-05-26 01:16:13,2.1745,13420,0,29182,1
2018-05-26 01:16:47,829.4394,13440,0,-11147666,0
2018-05-26 01:28:50,173.9395,13520,0,2351662,1
2018-05-26 01:36:59,93.4,13540,0,1264636,1
2018-05-26 01:38:20,101.4465,13540,0,1373586,1
2018-05-26 01:38:53,288.8504,13560,0,3916811,1
2018-05-26 01:41:11,91.24056047,13560,0,1237222,1
2018-05-26 01:41:43,15.2773,13560,0,207160,1
2018-05-26 01:43:39,235.84573952,13560,0,3198068,1
2018-05-26 01:52:14,0.0001,13550,0,-1,0
2018-05-26 01:58:56,999.9999,13480,0,-13479999,0
2018-05-26 02:00:02,250.0,13480,0,3370000,1
2018-05-26 02:00:03,397.2033,13480,0,5354300,1
2018-05-26 02:00:43,336.2296,13460,0,-4525650,0
2018-05-26 02:01:38,92.9,13470,0,1251363,1
2018-05-26 02:02:27,73.7066,13450,0,991354,1
2018-05-26 02:02:27,82.6226,13450,0,1111274,1
2018-05-26 02:03:43,91.0535,13470,0,-1226491,0
2018-05-26 02:04:35,250.0,13460,0,3365000,1
2018-05-26 02:04:35,208.2822,13460,0,2803478,1
2018-05-26 02:04:36,42.5316,13460,0,572475,1
2018-05-26 02:04:36,30.0368,13460,0,404295,1
2018-05-26 02:05:45,1000.0,13420,0,-13420000,0
2018-05-26 02:09:44,1000.0,13380,0,13380000,1
2018-05-26 02:10:05,2.0,13390,0,-26780,0
2018-05-26 02:10:05,2.0,13390,0,-26780,0
2018-05-26 02:13:09,328.4341,13360,0,-4387880,0
2018-05-26 02:13:10,177.8,13360,0,-2375408,0
2018-05-26 02:16:28,510.2341,13330,0,6801421,1
2018-05-26 02:17:37,45.3183,13370,0,-605906,0
2018-05-26 02:18:15,45.3183,13340,0,604546,1
2018-05-26 02:28:08,138.5813,13380,0,-1854218,0
2018-05-26 02:28:11,0.5,13390,0,6695,1
2018-05-26 02:28:42,138.0813,13400,0,1850289,1
2018-05-26 02:30:42,1000.0,13380,0,-13380000,0
2018-05-26 02:39:16,25.8547,13380,0,345936,1
2018-05-26 02:39:16,50.1495,13380,0,671000,1
2018-05-26 02:39:16,250.2307,13380,0,3348087,1
2018-05-26 02:39:17,12.53,13380,0,167651,1
2018-05-26 02:45:10,0.5,13370,0,6685,1
2018-05-26 02:45:10,87.888,13370,0,1175063,1
2018-05-26 02:50:21,123.2637,13410,0,1652966,1
2018-05-26 02:50:30,180.0,13380,0,2408400,1
2018-05-26 02:50:30,12.8099,13380,0,171396,1
2018-05-26 02:50:31,166.03,13380,0,2221481,1
2018-05-26 02:50:35,87.888,13400,0,1177699,1
2018-05-26 02:53:01,30.0,13410,0,-402300,0
2018-05-26 02:53:32,32.8555,13420,0,440921,1
2018-05-26 03:01:32,346.2416,13340,0,-4618863,0
2018-05-26 03:01:42,39.9279,13340,0,-532638,0
2018-05-26 03:03:00,252.2434,13340,0,-3364927,0
2018-05-26 03:03:00,128.1087,13340,0,-1708970,0
2018-05-26 03:03:01,233.4784,13340,0,-3114602,0
2018-05-26 03:05:16,0.2252,13320,0,3000,1
2018-05-26 03:15:42,18.5482,13330,0,247248,1
2018-05-26 03:15:43,17.98,13330,0,239673,1
2018-05-26 03:15:43,131.0131,13330,0,1746405,1
2018-05-26 03:16:04,18.04,13340,0,240654,1
2018-05-26 03:16:14,34.93,13310,0,464918,1
2018-05-26 03:16:17,131.142,13320,0,1746811,1
2018-05-26 03:16:18,270.5,13320,0,3603060,1
2018-05-26 03:16:18,260.4904,13320,0,3469732,1
2018-05-26 03:16:18,117.0136,13320,0,1558621,1
2018-05-26 03:24:41,170.59,13360,0,-2279082,0
2018-05-26 03:30:42,170.7075,13410,0,2289188,1
2018-05-26 03:31:42,0.0171,13460,0,-230,0
2018-05-26 03:31:42,18.4829,13460,0,-248780,0
2018-05-26 03:31:45,41.1848,13460,0,-554347,0
2018-05-26 03:31:50,82.3955,13460,0,-1109043,0
2018-05-26 03:31:54,88.912,13480,0,-1198534,0
2018-05-26 03:32:05,648.33,13500,0,-8752455,0
2018-05-26 03:32:05,120.6777,13500,0,-1629149,0
2018-05-26 03:50:30,89.7073,13460,0,1207460,1
2018-05-26 03:50:31,910.2927,13460,0,12252540,1
2018-05-26 03:53:43,1000.0,13480,0,-13480000,0
2018-05-26 03:55:31,43.4224,13510,0,586637,1
2018-05-26 03:56:16,0.0273,13510,0,369,1
2018-05-26 03:58:23,37.9674,13490,0,512180,1
2018-05-26 03:58:23,16.6,13490,0,223934,1
2018-05-26 03:58:24,24.476,13490,0,330181,1
2018-05-26 04:02:18,147.1152,13460,0,1980171,1
2018-05-26 04:09:09,390.0,13470,0,5253300,1
2018-05-26 04:09:51,340.3917,13430,0,4571461,1
2018-05-26 04:10:01,277.1972,13450,0,-3728302,0
2018-05-26 04:17:37,277.1972,13490,0,3739390,1
2018-05-26 04:19:58,24.5,13450,0,-329525,0
2018-05-26 04:20:23,9.761e-05,13440,0,-1,0
2018-05-26 04:20:24,69.03560238,13440,0,-927838,0
2018-05-26 04:29:33,93.5357,13370,0,1250572,1
2018-05-26 04:29:56,15.0,13420,0,-201300,0
2018-05-26 04:29:56,22.2556,13420,0,-298670,0
2018-05-26 04:30:05,72.1,13410,0,-966861,0
2018-05-26 04:30:11,890.6444,13380,0,-11916822,0
2018-05-26 04:32:22,6.5,13290,0,86385,1
2018-05-26 04:32:22,1.1,13290,0,14619,1
2018-05-26 04:32:23,1.5,13290,0,19935,1
2018-05-26 04:32:23,1.6,13290,0,21264,1
2018-05-26 04:32:24,983.0,13290,0,13064070,1
2018-05-26 04:36:13,993.7,13310,0,-13226147,0
2018-05-26 04:49:39,378.0973,13430,0,5077847,1
2018-05-26 04:49:49,621.9027,13420,0,8345934,1
2018-05-26 05:02:03,1.3763,13300,0,-18305,0
2018-05-26 05:02:20,1.3763,13290,0,18291,1
2018-05-26 05:07:09,1000.0,13330,0,-13330000,0
2018-05-26 05:10:52,250.0,13350,0,3337500,1
2018-05-26 05:20:18,750.0,13350,0,10012500,1
2018-05-26 05:59:01,1.3,13500,0,-17550,0
2018-05-26 05:59:01,1.4,13500,0,-18900,0
2018-05-26 05:59:02,1.3,13500,0,-17550,0
2018-05-26 05:59:02,1.0225,13500,0,-13804,0
2018-05-26 05:59:02,1.2,13500,0,-16200,0
2018-05-26 05:59:02,1.7,13500,0,-22950,0
2018-05-26 05:59:02,1.3,13500,0,-17550,0
2018-05-26 06:02:42,5.3108,13460,0,71483,1
2018-05-26 06:02:42,3.9117,13460,0,52651,1
2018-05-26 06:03:08,250.0,13470,0,-3367500,0
2018-05-26 06:03:08,105.82527735,13470,0,-1425466,0
2018-05-26 06:04:08,644.1747,13460,0,-8670591,0
2018-05-26 06:18:30,186.9857,13370,0,2499999,1
2018-05-26 06:18:30,95.188394,13370,0,1272669,1
2018-05-26 06:21:34,22.8407,13370,0,305380,1
2018-05-26 06:43:47,0.0008,13410,0,11,1
2018-05-26 06:46:36,4.6519,13440,0,62522,1
2018-05-26 06:48:44,690.3325,13430,0,9271165,1
2018-05-26 07:25:38,41.4443,13380,0,-554525,0
2018-05-26 07:28:44,58.4685,13320,0,-778800,0
2018-05-26 07:28:45,9.9465,13320,0,-132487,0
2018-05-26 07:28:45,195.2374,13320,0,-2600562,0
2018-05-26 07:28:49,27.6,13320,0,-367632,0
2018-05-26 07:29:03,50.0,13320,0,-666000,0
2018-05-26 07:29:11,51.1,13330,0,-681163,0
2018-05-26 07:29:23,453.23,13360,0,-6055153,0
2018-05-26 07:29:23,22.8912,13360,0,-305826,0
2018-05-26 07:29:23,90.0821,13360,0,-1203497,0
2018-05-26 07:45:25,1000.0,13300,0,13300000,1
2018-05-26 07:49:38,173.8591,13190,0,-2293202,0
2018-05-26 07:49:43,4.118,13200,0,-54358,0
2018-05-26 07:51:30,177.9771,13220,0,2352857,1
2018-05-26 07:51:44,6.9686,13200,0,-91986,0
2018-05-26 07:52:59,6.9686,13190,0,91916,1
2018-05-26 07:54:26,436.1535,13250,0,-5779034,0
2018-05-26 07:54:29,563.8465,13250,0,-7470966,0
2018-05-26 07:58:24,156.7851,13250,0,2077403,1
2018-05-26 07:58:24,383.4367,13250,0,5080536,1
2018-05-26 07:58:24,8.0,13250,0,106000,1
2018-05-26 08:01:39,16.3944,13270,0,217554,1
2018-05-26 08:02:05,0.33240676,13300,0,4421,1
2018-05-26 08:02:28,38.5705,13290,0,-512602,0
2018-05-26 08:02:29,0.01,13290,0,-133,0
2018-05-26 08:04:47,88.8951,13310,0,1183194,1
2018-05-26 08:04:47,39.1011,13310,0,520436,1
2018-05-26 08:04:50,345.6357,13310,0,4600411,1
2018-05-26 08:15:37,26.9,13280,0,-357232,0
2018-05-26 08:15:37,137.5759,13280,0,-1827008,0
2018-05-26 08:15:41,562.42,13280,0,-7468938,0
2018-05-26 08:17:57,421.2671,13270,0,5590214,1
2018-05-26 08:17:57,303.6288,13270,0,4029154,1
2018-05-26 08:17:57,2.0,13270,0,26540,1
2018-05-26 08:30:03,38.5545,13320,0,-513546,0
2018-05-26 08:30:42,6.246e-05,13320,0,-1,0
2018-05-26 08:31:38,4.373e-05,13330,0,-1,0
2018-05-26 08:31:45,312.2321,13330,0,-4162054,0
2018-05-26 08:31:51,4.84,13340,0,-64566,0
2018-05-26 08:31:59,56.0387,13330,0,-746996,0
2018-05-26 08:36:43,108.8048,13410,0,1459072,1
2018-05-26 08:36:44,293.78,13410,0,3939590,1
2018-05-26 08:37:44,1.1,13470,0,-14817,0
2018-05-26 08:37:44,0.5,13470,0,-6735,0
2018-05-26 08:37:44,1.2,13470,0,-16164,0
2018-05-26 08:38:20,0.4681,13430,0,6287,1
2018-05-26 08:38:20,4.3,13430,0,57749,1
2018-05-26 08:39:40,7.1125,13430,0,95521,1
2018-05-26 08:41:09,365.59654035,13380,0,-4891682,0
2018-05-26 08:41:09,569.02415964,13380,0,-7613543,0
2018-05-26 08:41:09,65.3793,13380,0,-874775,0
2018-05-26 08:43:23,119.403,13400,0,1600000,1
2018-05-26 08:43:23,15.8879,13400,0,212898,1
2018-05-26 08:43:23,307.4255,13400,0,4119502,1
2018-05-26 08:43:23,557.2836,13400,0,7467600,1
2018-05-26 08:48:11,1.3,13470,0,-17511,0
2018-05-26 08:48:15,1.4,13470,0,-18858,0
2018-05-26 08:48:15,1.4,13470,0,-18858,0
2018-05-26 08:48:15,1.2,13470,0,-16164,0
2018-05-26 08:48:15,10.3,13470,0,-138741,0
2018-05-26 08:48:55,15.6,13480,0,210288,1
2018-05-26 08:50:13,1.2,13570,0,-16284,0
2018-05-26 08:50:33,1.2,13560,0,16272,1
2018-05-26 08:50:35,875.17884118,13540,0,-11849922,0
2018-05-26 08:51:04,871.2769,13550,0,11805802,1
2018-05-26 08:51:17,3.902,13530,0,52794,1
2018-05-26 08:59:24,20.0,13560,0,-271200,0
2018-05-26 08:59:24,698.3909,13560,0,-9470181,0
2018-05-26 08:59:37,7.63,13570,0,103539,1
2018-05-26 08:59:37,75.1853,13570,0,1020265,1
2018-05-26 09:00:16,186.5274,13540,0,2525581,1
2018-05-26 09:00:16,280.0,13540,0,3791200,1
2018-05-26 09:00:17,5.0,13540,0,67700,1
2018-05-26 09:00:17,75.9,13540,0,1027686,1
2018-05-26 09:01:17,118.0815,13480,0,-1591739,0
2018-05-26 09:01:21,244.8785,13500,0,-3305860,0
2018-05-26 09:01:29,1.7934,13490,0,-24193,0
2018-05-26 09:01:33,14.4072,13480,0,-194209,0
2018-05-26 09:01:37,59.48,13480,0,-801790,0
2018-05-26 09:01:37,49.4,13480,0,-665912,0
2018-05-26 09:05:40,25.0002,13490,0,337253,1
2018-05-26 09:08:23,5.649,13450,0,75979,1
2018-05-26 09:14:03,545.5396,13500,0,7364785,1
2018-05-26 09:34:50,62.16,13380,0,-831701,0
2018-05-26 09:35:10,937.84,13360,0,-12529542,0
2018-05-26 09:36:40,1.0,13380,0,13380,1
2018-05-26 09:36:50,220.7165,13370,0,2950980,1
2018-05-26 09:36:50,55.98356083,13370,0,748500,1
2018-05-26 09:36:51,100.0,13370,0,1337000,1
2018-05-26 09:37:54,622.2999,13360,0,8313927,1
2018-05-26 09:38:44,156.2472,13350,0,-2085900,0
2018-05-26 09:38:48,87.4,13350,0,-1166790,0
2018-05-26 09:40:34,321.0995,13330,0,-4280256,0
2018-05-26 09:47:46,39.19007425,13380,0,524363,1
2018-05-26 09:47:46,217.7334,13380,0,2913273,1
2018-05-26 09:47:46,46.3937,13380,0,620748,1
2018-05-26 09:52:06,86.6324,13370,0,1158275,1
2018-05-26 09:53:42,100.91355149,13370,0,1349214,1
2018-05-26 09:54:54,36.1525,13360,0,482997,1
2018-05-26 09:55:11,37.7311,13360,0,504087,1
2018-05-26 10:47:29,280.0,13490,0,-3777200,0
2018-05-26 10:47:33,280.0,13500,0,3780000,1
2018-05-26 10:59:29,31.6253,13460,0,-425677,0
2018-05-26 11:03:56,755.71193253,13430,0,-10149211,0
2018-05-26 11:03:56,212.66276746,13430,0,-2856061,0
2018-05-26 11:10:19,245.0615,13430,0,3291176,1
2018-05-26 11:11:00,754.9385,13410,0,10123725,1
2018-05-26 11:12:18,642.0007582,13400,0,-8602810,0
2018-05-26 11:12:18,357.99924179,13400,0,-4797190,0
2018-05-26 11:18:32,200.284,13430,0,2689814,1
2018-05-26 11:21:21,270.321,13430,0,3630411,1
2018-05-26 11:21:21,91.2797,13430,0,1225886,1
2018-05-26 11:23:55,195.7742,13430,0,2629248,1
2018-05-26 11:23:55,50.0,13430,0,671500,1
2018-05-26 11:26:47,192.3411,13390,0,2575447,1
2018-05-26 11:46:15,0.4344,13370,0,-5808,0
2018-05-26 11:46:15,20.37,13370,0,-272347,0
2018-05-26 11:46:15,0.1956,13370,0,-2615,0
2018-05-26 11:48:42,21.0,13350,0,280350,1
2018-05-26 11:52:49,100.0,13330,0,-1333000,0
2018-05-26 11:52:49,67.4599,13330,0,-899240,0
2018-05-26 11:56:51,29.9178,13370,0,400001,1
2018-05-26 11:56:52,137.5421,13370,0,1838938,1
2018-05-26 12:00:30,82.339,13370,0,-1100872,0
2018-05-26 12:00:34,15.4,13400,0,-206360,0
2018-05-26 12:00:45,15.0,13400,0,-201000,0
2018-05-26 12:03:03,39.453,13380,0,527881,1
2018-05-26 12:05:31,13.4229,13360,0,-179330,0
2018-05-26 12:13:03,0.724,13400,0,-9702,0
2018-05-26 12:13:03,95.0864,13400,0,-1274158,0
2018-05-26 12:13:33,101.0472,13400,0,-1354032,0
2018-05-26 12:19:39,32.5984,13390,0,-436493,0
2018-05-26 12:19:39,26.6698,13390,0,-357109,0
2018-05-26 12:19:39,215.3971,13390,0,-2884167,0
2018-05-26 12:25:02,53.26163838,13390,0,713173,1
2018-05-26 12:28:29,37.21,13340,0,496381,1
2018-05-26 12:28:30,0.5,13340,0,6670,1
2018-05-26 12:28:52,233.4376,13340,0,3114058,1
2018-05-26 12:29:33,723.3011,13350,0,-9656070,0
2018-05-26 12:29:33,42.8764,13350,0,-572400,0
2018-05-26 12:39:07,601.0442,13360,0,8029951,1
2018-05-26 12:39:11,6.7495,13350,0,90106,1
2018-05-26 12:39:12,358.4984,13350,0,4785954,1
2018-05-26 12:39:12,33.7079,13350,0,450000,1
2018-05-26 13:00:30,41.6121,13400,0,-557602,0
2018-05-26 13:00:54,14.3364,13400,0,192108,1
2018-05-26 13:01:19,10.0,13390,0,133900,1
2018-05-26 13:01:19,0.1628,13390,0,2180,1
2018-05-26 13:01:23,3.4328,13390,0,45965,1
2018-05-26 13:01:23,13.6801,13390,0,183177,1
2018-05-26 13:04:03,19.2433,13370,0,-257283,0
2018-05-26 13:10:46,19.2433,13330,0,256513,1
2018-05-26 13:11:48,1000.0,13300,0,-13300000,0
2018-05-26 13:11:58,23.7843,13310,0,316569,1
2018-05-26 13:14:10,219.4241,13280,0,2913952,1
2018-05-26 13:14:11,32.9201,13280,0,437179,1
2018-05-26 13:14:11,153.8052,13280,0,2042533,1
2018-05-26 13:15:27,570.0663,13270,0,7564780,1
2018-05-26 13:15:43,26.5908,13300,0,-353658,0
2018-05-26 13:15:48,411.6,13280,0,-5466048,0
2018-05-26 13:15:52,4.6,13270,0,-61042,0
2018-05-26 13:15:53,2.8,13270,0,-37156,0
2018-05-26 13:15:53,32.0,13270,0,-424640,0
2018-05-26 13:15:56,395.3517,13260,0,-5242364,0
2018-05-26 13:16:44,63.486,13270,0,842459,1
2018-05-26 13:16:45,0.6981,13270,0,9264,1
2018-05-26 13:16:45,0.1537,13270,0,2040,1
2018-05-26 13:23:22,292.8,13300,0,3894240,1
2018-05-26 13:23:29,471.8548,13290,0,6270950,1
2018-05-26 13:30:57,70.7533,13300,0,-941019,0
2018-05-26 13:31:42,114.7032,13310,0,1526700,1
2018-05-26 13:45:45,6.9,13330,0,-91977,0
2018-05-26 13:45:54,15.677,13320,0,-208818,0
2018-05-26 13:45:54,16.5,13320,0,-219780,0
2018-05-26 13:48:11,28.589,13310,0,-380520,0
2018-05-26 13:48:28,37.5657,13310,0,-499999,0
2018-05-26 13:49:14,105.2317,13290,0,1398529,1
2018-05-26 13:49:49,216.776,13290,0,-2880953,0
2018-05-26 13:50:59,42.251,13250,0,559826,1
2018-05-26 13:50:59,174.525,13250,0,2312456,1
2018-05-26 13:53:01,134.6105,13290,0,-1788974,0
2018-05-26 13:53:01,150.0,13290,0,-1993500,0
2018-05-26 13:57:58,284.6105,13280,0,3779627,1
2018-05-26 14:00:28,1000.0,13290,0,-13290000,0
2018-05-26 14:02:10,1000.0,13250,0,13250000,1
2018-05-26 14:10:43,121.683,13250,0,-1612300,0
2018-05-26 14:11:05,0.1834,13260,0,2432,1
2018-05-26 14:13:58,112.4918,13290,0,1495016,1
2018-05-26 14:15:46,9.0078,13280,0,119624,1
2018-05-26 14:58:04,63.4119,13340,0,-845915,0
2018-05-26 14:58:04,280.4817,13340,0,-3741626,0
2018-05-26 14:58:04,285.624,13340,0,-3810224,0
2018-05-26 14:58:04,142.1573,13340,0,-1896378,0
2018-05-26 14:58:04,228.3251,13340,0,-3045857,0
2018-05-26 14:59:01,138.6868,13350,0,1851469,1
2018-05-26 14:59:01,149.7378,13350,0,1999000,1
2018-05-26 14:59:05,711.5754,13350,0,9499532,1
2018-05-26 15:00:44,500.0001,13390,0,-6695001,0
2018-05-26 15:01:31,500.0001,13400,0,6700001,1
2018-05-26 15:17:50,21.73,13430,0,-291834,0
2018-05-26 15:18:30,21.73,13410,0,291399,1
2018-05-26 15:20:59,135.506,13410,0,-1817135,0
2018-05-26 15:26:43,0.0001,13370,0,-1,0
2018-05-26 15:28:13,301.7593,13360,0,-4031504,0
2018-05-26 15:30:54,65.8175,13370,0,879980,1
2018-05-26 15:35:23,314.4283,13390,0,4210195,1
2018-05-26 15:35:23,57.0196,13390,0,763492,1
2018-05-26 16:07:18,4.315e-05,13370,0,-1,0
2018-05-26 16:14:53,999.9999,13440,0,-13439999,0
2018-05-26 16:15:58,1000.0,13440,0,13440000,1
2018-05-26 16:18:49,10.127,13440,0,-136107,0
2018-05-26 16:20:18,3.875e-05,13470,0,-1,0
2018-05-26 16:20:53,10.127,13460,0,136309,1
2018-05-26 16:22:40,1000.0,13490,0,-13490000,0
2018-05-26 16:23:15,336.7938,13530,0,4556820,1
2018-05-26 16:23:15,663.2062,13530,0,8973180,1
2018-05-26 16:23:52,264.14763067,13560,0,-3581842,0
2018-05-26 16:23:53,735.85236932,13560,0,-9978158,0
2018-05-26 16:25:35,1000.0,13740,0,13740000,1
2018-05-26 16:26:25,71.3118,13780,0,-982677,0
2018-05-26 16:26:30,10.0,13800,0,-138000,0
2018-05-26 16:26:30,310.10856666,13800,0,-4279498,0
2018-05-26 16:26:33,517.00253333,13800,0,-7134635,0
2018-05-26 16:26:33,91.5771,13800,0,-1263764,0
2018-05-26 16:27:25,439.94256744,13840,0,6088805,1
2018-05-26 16:27:30,1.921,13840,0,26587,1
2018-05-26 16:27:30,72.21820809,13840,0,999500,1
2018-05-26 16:27:30,55.929,13840,0,774057,1
2018-05-26 16:27:31,429.9892919,13840,0,5951052,1
2018-05-26 16:27:35,1000.0,13870,0,-13870000,0
2018-05-26 16:28:47,929.2267,13810,0,12832621,1
2018-05-26 16:28:48,64.0,13810,0,883840,1
2018-05-26 16:28:48,6.7733,13810,0,93539,1
2018-05-26 16:28:55,1000.0,13810,0,-13810000,0
2018-05-26 16:31:36,7.0444,13980,0,98481,1
2018-05-26 16:31:37,93.8456,13980,0,1311961,1
2018-05-26 16:31:37,167.4873,13980,0,2341472,1
2018-05-26 16:31:42,30.0,13980,0,419400,1
2018-05-26 16:31:42,701.6227,13980,0,9808685,1
2018-05-26 16:31:53,199.7,14000,0,-2795800,0
2018-05-26 16:31:53,2.0,14000,0,-28000,0
2018-05-26 16:31:53,20.0,14000,0,-280000,0
2018-05-26 16:31:53,100.0,14000,0,-1400000,0
2018-05-26 16:31:54,12.7909,14000,0,-179073,0
2018-05-26 16:31:54,81.674,14000,0,-1143436,0
2018-05-26 16:31:54,3.0,14000,0,-42000,0
2018-05-26 16:31:54,169.745,14000,0,-2376430,0
2018-05-26 16:32:11,186.0901,14000,0,-2605261,0
2018-05-26 16:32:11,225.0,14000,0,-3150000,0
2018-05-26 16:32:24,827.3114,13990,0,11574086,1
2018-05-26 16:32:24,153.8254,13990,0,2152017,1
2018-05-26 16:32:24,18.8632,13990,0,263896,1
2018-05-26 16:32:33,1000.0,14020,0,-14020000,0
2018-05-26 16:32:58,53.87,13990,0,753641,1
2018-05-26 16:32:58,2.0,13990,0,27980,1
2018-05-26 16:33:45,944.13,13950,0,13170614,1
2018-05-26 16:34:03,29.955,13970,0,-418471,0
2018-05-26 16:34:56,0.1,13930,0,1393,1
2018-05-26 16:35:07,20.9882,13920,0,-292156,0
2018-05-26 16:35:30,50.8432,13960,0,709771,1
2018-05-26 16:36:57,374.9986,13900,0,-5212481,0
2018-05-26 16:37:01,93.6,13920,0,-1302912,0
2018-05-26 16:37:01,153.156,13920,0,-2131932,0
2018-05-26 16:37:01,2.7523,13920,0,-38312,0
2018-05-26 16:37:01,50.0,13920,0,-696000,0
2018-05-26 16:37:02,3.0,13920,0,-41760,0
2018-05-26 16:37:02,223.2913,13920,0,-3108215,0
2018-05-26 16:38:56,8.4547,13920,0,117689,1
2018-05-26 16:38:56,59.75696839,13920,0,831817,1
2018-05-26 16:38:56,7.88,13920,0,109690,1
2018-05-26 16:45:05,541.7392,13960,0,7562679,1
2018-05-26 16:45:11,282.9673,13950,0,3947394,1
2018-05-26 16:45:46,19.6812,13930,0,-274159,0
2018-05-26 16:46:30,19.6812,13970,0,274946,1
2018-05-26 16:46:54,1000.0,13950,0,-13950000,0
2018-05-26 16:49:48,900.0,13900,0,12510000,1
2018-05-26 16:49:48,100.0,13900,0,1390000,1
2018-05-26 16:51:25,1000.0,13910,0,-13910000,0
2018-05-26 16:52:58,305.95239656,13950,0,4268036,1
2018-05-26 16:52:59,10.7449,13950,0,149891,1
2018-05-26 16:52:59,626.6808,13950,0,8742197,1
2018-05-26 16:53:18,19.9733,13950,0,-278628,0
2018-05-26 16:53:19,8.3923,13950,0,-117073,0
2018-05-26 16:53:22,425.4577,13950,0,-5935135,0
2018-05-26 16:53:23,35.7736,13950,0,-499042,0
2018-05-26 16:53:35,104.3238,13940,0,1454274,1
2018-05-26 16:53:38,291.3168,13920,0,4055130,1
2018-05-26 16:53:38,100.0,13920,0,1392000,1
2018-05-26 16:53:39,25.2941,13920,0,352094,1
2018-05-26 16:53:39,15.17,13920,0,211166,1
2018-05-26 16:54:56,25.0,13920,0,-348000,0
2018-05-26 16:58:51,949.55124604,13900,0,-13198762,0
2018-05-26 16:58:51,15.33465395,13900,0,-213152,0
2018-05-26 16:59:18,155.7238,13880,0,2161446,1
2018-05-26 16:59:18,61.8206,13880,0,858070,1
2018-05-26 16:59:18,116.611,13880,0,1618561,1
2018-05-26 16:59:18,10.0,13880,0,138800,1
2018-05-26 16:59:18,50.0,13880,0,694000,1
2018-05-26 16:59:18,227.9067,13880,0,3163345,1
2018-05-26 17:00:22,76.368,13890,0,-1060752,0
2018-05-26 17:01:21,66.0835,13890,0,-917900,0
2018-05-26 17:03:56,520.3894,13880,0,7223005,1
2018-05-26 17:06:19,809.8297,13920,0,-11272829,0
2018-05-26 17:06:19,156.5401,13920,0,-2179038,0
2018-05-26 17:06:19,33.6302,13920,0,-468132,0
2018-05-26 17:07:37,1000.0,13970,0,13970000,1
2018-05-26 17:08:13,5.3375,13950,0,-74458,0
2018-05-26 17:09:26,5.3375,13930,0,74351,1
2018-05-26 17:16:36,3.8,13920,0,-52896,0
2018-05-26 17:16:57,3.8,13920,0,52896,1
2018-05-26 17:24:15,50.0217,13960,0,-698303,0
2018-05-26 17:24:16,949.9783,13960,0,-13261697,0
2018-05-26 17:25:12,85.23,13970,0,1190663,1
2018-05-26 17:25:13,154.0154,13970,0,2151595,1
2018-05-26 17:25:13,8.7676,13970,0,122483,1
2018-05-26 17:25:13,42.77,13970,0,597497,1
2018-05-26 17:30:17,709.217,14020,0,9943222,1
2018-05-26 17:31:06,155.0911,14010,0,-2172826,0
2018-05-26 17:32:52,155.0911,13970,0,2166623,1
2018-05-26 17:33:54,67.95207169,13990,0,-950649,0
2018-05-26 17:34:01,40.8889,13980,0,-571627,0
2018-05-26 17:34:26,146.5797,13980,0,-2049184,0
2018-05-26 17:35:40,255.4207,13960,0,3565673,1
2018-05-26 17:38:11,114.91620935,13900,0,-1597335,0
2018-05-26 17:39:09,885.0838,13920,0,-12320366,0
2018-05-26 17:43:01,18.2627,13890,0,253669,1
2018-05-26 17:43:05,39.68,13890,0,551155,1
2018-05-26 17:43:05,40.7228,13890,0,565640,1
2018-05-26 17:47:24,191.73,13870,0,2659295,1
2018-05-26 17:47:24,709.6045,13870,0,9842214,1
2018-05-26 17:51:09,1000.0,13860,0,-13860000,0
2018-05-26 17:52:03,1000.0,13890,0,13890000,1
2018-05-26 17:52:52,7.3189,13900,0,-101733,0
2018-05-26 17:54:24,7.3189,13930,0,101952,1
2018-05-26 17:56:30,9.80062086,13900,0,-136229,0
2018-05-26 18:01:24,9.8006,13960,0,136816,1
2018-05-26 18:26:37,103.7569,13940,0,-1446371,0
2018-05-26 18:26:37,820.1519,13940,0,-11432917,0
2018-05-26 18:32:30,30.03977392,13960,0,419355,1
2018-05-26 18:32:30,100.0,13960,0,1396000,1
2018-05-26 18:32:31,220.8209,13960,0,3082660,1
2018-05-26 19:09:29,523.65875392,13970,0,7315513,1
2018-05-26 19:09:29,49.38934607,13970,0,689969,1
2018-05-26 19:10:51,473.02983299,13940,0,-6594036,0
2018-05-26 19:10:51,526.970167,13940,0,-7345964,0
2018-05-26 19:11:51,151.7465,13960,0,2118381,1
2018-05-26 19:12:25,18.22,13960,0,254351,1
2018-05-26 19:15:04,18.52,13950,0,258354,1
2018-05-26 19:15:05,0.2,13950,0,2790,1
2018-05-26 19:22:16,98.8274,13930,0,1376666,1
2018-05-26 19:22:16,0.98,13930,0,13651,1
2018-05-26 19:22:16,20.70400645,13930,0,288407,1
2018-05-26 19:22:16,463.8464,13930,0,6461380,1
2018-05-26 19:22:17,48.4705,13930,0,675194,1
2018-05-26 19:22:17,12.4023,13930,0,172764,1
2018-05-26 19:22:17,0.9437,13930,0,13146,1
2018-05-26 19:22:17,50.0,13930,0,696500,1
2018-05-26 19:22:21,115.1392,13930,0,1603889,1
2018-05-26 19:22:58,556.5229,13900,0,-7735668,0
2018-05-26 19:23:55,556.5229,13900,0,7735668,1
2018-05-26 19:24:52,215.7016,13870,0,-2991781,0
2018-05-26 19:24:58,0.2161,13880,0,2999,1
2018-05-26 19:25:18,100.0,13880,0,1388000,1
2018-05-26 19:25:18,1.0,13880,0,13880,1
2018-05-26 19:25:44,104.4755,13850,0,1446986,1
2018-05-26 19:25:44,10.0,13850,0,138500,1
2018-05-26 19:25:44,0.01,13850,0,139,1
2018-05-26 19:26:54,289.5616,13830,0,-4004637,0
2018-05-26 19:26:55,50.0,13830,0,-691500,0
2018-05-26 19:26:56,616.3467,13830,0,-8524075,0
2018-05-26 19:27:01,10.0,13810,0,138100,1
2018-05-26 19:27:02,2.5,13810,0,34525,1
2018-05-26 19:27:06,2.3,13810,0,31763,1
2018-05-26 19:27:06,1.2,13810,0,16572,1
2018-05-26 19:27:06,2.3,13810,0,31763,1
2018-05-26 19:27:06,2.4,13810,0,33144,1
2018-05-26 19:27:06,3.0,13810,0,41430,1
2018-05-26 19:27:06,1.1,13810,0,15191,1
2018-05-26 19:27:06,1.5,13810,0,20715,1
2018-05-26 19:27:06,1.6,13810,0,22096,1
2018-05-26 19:27:31,928.0083,13810,0,12815795,1
2018-05-26 19:32:23,53.1018,13840,0,-734929,0
2018-05-26 19:34:26,0.0665,13850,0,921,1
2018-05-26 19:36:02,53.0353,13850,0,734539,1
2018-05-26 20:03:31,0.0001,13850,0,-1,0
2018-05-26 20:34:09,24.5405,13890,0,-340868,0
2018-05-26 20:35:29,3.7,13920,0,-51504,0
2018-05-26 20:35:29,57.087,13920,0,-794651,0
2018-05-26 20:35:29,42.189,13920,0,-587271,0
2018-05-26 20:35:29,30.0,13920,0,-417600,0
2018-05-26 20:35:29,727.5,13920,0,-10126800,0
2018-05-26 20:35:30,114.9834,13920,0,-1600569,0
2018-05-26 20:35:41,344.2162,13910,0,4788047,1
2018-05-26 20:35:41,137.4641,13910,0,1912126,1
2018-05-26 20:35:41,120.0,13910,0,1669200,1
2018-05-26 20:35:42,137.6947,13910,0,1915333,1
2018-05-26 20:35:55,260.625,13910,0,3625294,1
2018-05-26 20:51:21,85.538,13850,0,-1184701,0
2018-05-26 20:55:51,29.2285,13840,0,404522,1
2018-05-26 20:55:52,56.3095,13840,0,779323,1
2018-05-26 21:00:44,0.9985,13830,0,-13809,0
2018-05-26 21:00:45,150.0,13830,0,-2074500,0
2018-05-26 21:00:45,724.1,13830,0,-10014303,0
2018-05-26 21:03:50,12.3748,13860,0,171515,1
2018-05-26 21:04:35,72.0632,13860,0,998796,1
2018-05-26 21:06:38,347.5742,13850,0,4813903,1
2018-05-26 21:06:38,1.0,13850,0,13850,1
2018-05-26 21:06:38,11.535,13850,0,159760,1
2018-05-26 21:06:38,0.5659,13850,0,7838,1
2018-05-26 21:06:38,190.8161,13850,0,2642803,1
2018-05-26 21:06:57,239.1693,13820,0,3305320,1
2018-05-26 21:17:08,110.6022,13780,0,-1524098,0
2018-05-26 21:19:14,142.61,13760,0,-1962314,0
2018-05-26 21:19:26,7.2707,13770,0,-100118,0
2018-05-26 21:22:42,2.9692,13760,0,-40856,0
2018-05-26 21:24:35,263.4521,13760,0,3625101,1
2018-05-26 21:37:56,1000.0,13730,0,-13730000,0
2018-05-26 21:39:21,128.3245,13760,0,1765745,1
2018-05-26 21:39:21,127.75122151,13760,0,1757857,1
2018-05-26 21:39:39,9.1117,13750,0,125286,1
2018-05-26 21:39:50,100.7909,13740,0,1384867,1
2018-05-26 21:39:55,18.365,13730,0,252151,1
2018-05-26 21:39:55,615.6567,13730,0,8452966,1
2018-05-26 21:46:14,14.5526,13760,0,-200244,0
2018-05-26 21:46:14,580.9388,13760,0,-7993718,0
2018-05-26 21:46:14,45.1993,13760,0,-621942,0
2018-05-26 21:46:14,236.7357,13760,0,-3257483,0
2018-05-26 21:46:15,122.5736,13760,0,-1686613,0
2018-05-26 21:53:15,1000.0,13740,0,13740000,1
2018-05-26 22:00:49,751.8552,13730,0,-10322972,0
2018-05-26 22:01:47,250.0,13750,0,3437500,1
2018-05-26 22:01:47,25.0962,13750,0,345073,1
2018-05-26 22:02:01,154.73,13750,0,2127538,1
2018-05-26 22:02:11,322.029,13740,0,4424678,1
2018-05-26 22:14:58,77.6773,13710,0,-1064956,0
2018-05-26 22:16:22,77.6773,13690,0,1063402,1
2018-05-26 22:28:58,503.1628,13710,0,-6898362,0
2018-05-26 22:31:32,15.2239,13740,0,209176,1
2018-05-26 22:31:47,16.5837,13750,0,228026,1
2018-05-26 22:38:07,5.7594,13790,0,-79422,0
2018-05-26 22:38:07,1.3,13790,0,-17927,0
2018-05-26 22:38:07,0.6,13790,0,-8274,0
2018-05-26 22:38:07,5.2,13790,0,-71708,0
2018-05-26 22:38:07,3.6,13790,0,-49644,0
2018-05-26 22:38:07,3.7,13790,0,-51023,0
2018-05-26 22:38:08,0.9985,13790,0,-13769,0
2018-05-26 22:38:08,3.1828,13790,0,-43891,0
2018-05-26 22:38:08,3.994,13790,0,-55077,0
2018-05-26 22:38:08,53.7544,13790,0,-741273,0
2018-05-26 22:38:08,72.5735,13790,0,-1000789,0
2018-05-26 22:38:08,38.4598,13790,0,-530361,0
2018-05-26 22:38:09,0.2175,13790,0,-2999,0
2018-05-26 22:38:09,335.3049,13790,0,-4623855,0
2018-05-26 22:41:57,73.443,13830,0,1015717,1
2018-05-26 22:41:57,151.0,13830,0,2088330,1
2018-05-26 22:42:46,13.1845,13820,0,182210,1
2018-05-26 22:42:46,92.587,13820,0,1279552,1
2018-05-26 22:42:46,40.0,13820,0,552800,1
2018-05-26 22:42:46,191.4178,13820,0,2645394,1
2018-05-26 22:42:47,150.0,13820,0,2073000,1
2018-05-26 22:42:51,13.6782,13810,0,188896,1
2018-05-26 22:42:52,0.1,13810,0,1381,1
2018-05-26 22:44:14,26.8084,13800,0,-369956,0
2018-05-26 22:44:14,150.0,13800,0,-2070000,0
2018-05-26 22:44:14,72.6606,13800,0,-1002716,0
2018-05-26 22:51:51,390.8722,13890,0,5429215,1
2018-05-26 22:51:52,133.1863,13890,0,1849958,1
2018-05-26 22:52:37,24.1849,13900,0,-336170,0
2018-05-26 22:52:37,7.1942,13900,0,-99999,0
2018-05-26 22:52:38,0.7435,13900,0,-10335,0
2018-05-26 22:52:38,1.0,13900,0,-13900,0
2018-05-26 22:52:38,71.892,13900,0,-999299,0
2018-05-26 22:52:40,129.1212,13910,0,-1796076,0
2018-05-26 22:52:40,157.2245,13910,0,-2186993,0
2018-05-26 22:52:40,22.7268,13910,0,-316130,0
2018-05-26 22:52:40,429.88087253,13910,0,-5979643,0
2018-05-26 22:52:41,20.0,13910,0,-278200,0
2018-05-26 22:52:41,73.2307,13910,0,-1018639,0
2018-05-26 22:52:41,1.0,13910,0,-13910,0
2018-05-26 22:58:42,278.9489,13820,0,3855074,1
2018-05-26 22:58:42,659.2498,13820,0,9110832,1
2018-05-26 23:00:51,386.32494577,13830,0,-5342874,0
2018-05-26 23:00:52,441.0664,13830,0,-6099948,0
2018-05-26 23:00:52,0.6,13830,0,-8298,0
2018-05-26 23:00:52,1.3955,13830,0,-19300,0
2018-05-26 23:00:52,170.61315422,13830,0,-2359580,0
2018-05-26 23:03:07,1000.0,13840,0,13840000,1
2018-05-26 23:09:01,1000.0,13830,0,-13830000,0
2018-05-26 23:12:56,73.0058,13830,0,1009670,1
2018-05-26 23:12:56,242.4044,13830,0,3352453,1
2018-05-26 23:12:56,569.6456,13830,0,7878199,1
2018-05-26 23:12:56,20.5704,13830,0,284489,1
2018-05-26 23:13:15,94.3738,13820,0,1304246,1
2018-05-26 23:18:03,837.7944,13790,0,-11553185,0
2018-05-26 23:18:03,19.5769,13790,0,-269965,0
2018-05-26 23:18:43,0.01,13790,0,138,1
2018-05-26 23:24:16,0.4,13790,0,5516,1
2018-05-26 23:24:16,30.8,13790,0,424732,1
2018-05-26 23:24:16,270.77716376,13790,0,3734017,1
2018-05-26 23:24:17,48.69,13790,0,671435,1
2018-05-26 23:24:17,0.6,13790,0,8274,1
2018-05-26 23:38:51,35.48,13790,0,489269,1
2018-05-26 23:38:52,470.6141,13790,0,6489768,1
2018-05-26 23:45:09,21.542,13750,0,-296203,0
2018-05-26 23:45:09,15.4915,13750,0,-213008,0
2018-05-26 23:45:09,962.9665,13750,0,-13240789,0
2018-05-26 23:47:52,0.218,13760,0,3000,1
2018-05-26 23:48:58,999.782,13770,0,13766998,1
2018-05-27 00:17:06,250.1005,13850,0,-3463892,0
2018-05-27 00:17:11,298.456,13860,0,-4136600,0
2018-05-27 00:17:11,90.8707,13860,0,-1259468,0
2018-05-27 00:17:11,76.2341,13860,0,-1056605,0
2018-05-27 00:17:11,129.0953,13860,0,-1789261,0
2018-05-27 00:17:11,155.2434,13860,0,-2151674,0
2018-05-27 00:19:23,10.5228,13990,0,147214,1
2018-05-27 00:19:23,57.9651,13990,0,810932,1
2018-05-27 00:19:23,228.6621,13990,0,3198983,1
2018-05-27 00:19:23,139.7166,13990,0,1954635,1
2018-05-27 00:19:23,54.9902,13990,0,769313,1
2018-05-27 00:19:24,1.7,13990,0,23783,1
2018-05-27 00:19:24,85.662,13990,0,1198411,1
2018-05-27 00:19:24,196.4193,13990,0,2747906,1
2018-05-27 00:19:36,315.32750751,14050,0,-4430351,0
2018-05-27 00:20:16,172.9891,14050,0,2430497,1
2018-05-27 00:20:16,50.0,14050,0,702500,1
2018-05-27 00:20:16,0.8985,14050,0,12624,1
2018-05-27 00:20:30,246.53978754,14050,0,3463884,1
2018-05-27 00:20:30,69.26201245,14050,0,973131,1
2018-05-27 00:20:50,29.9548,14040,0,-420565,0
2018-05-27 00:20:55,146.24779829,14040,0,-2053319,0
2018-05-27 00:21:52,176.2026,14020,0,2470360,1
2018-05-27 00:26:08,9.7,13970,0,-135509,0
2018-05-27 00:26:27,190.57138942,13990,0,-2666094,0
2018-05-27 00:26:46,117.1551,13990,0,1639000,1
2018-05-27 00:28:32,83.1163,13970,0,1161135,1
2018-05-27 00:56:30,1000.0,13960,0,-13960000,0
2018-05-27 00:57:58,500.7359,13970,0,6995281,1
2018-05-27 00:59:47,499.2641,13990,0,6984705,1
2018-05-27 01:00:16,57.25,13980,0,-800355,0
2018-05-27 01:02:20,57.25,14000,0,801500,1
2018-05-27 01:05:03,163.88013955,14030,0,-2299238,0
2018-05-27 01:05:03,836.11986044,14030,0,-11730762,0
2018-05-27 01:06:08,15.01067615,14050,0,210900,1
2018-05-27 01:06:08,337.5199,14050,0,4742155,1
2018-05-27 01:07:28,48.2919,14020,0,677052,1
2018-05-27 01:07:32,1.0,14020,0,14020,1
2018-05-27 01:07:32,154.2,14020,0,2161884,1
2018-05-27 01:08:06,556.0224,14010,0,-7789874,0
2018-05-27 01:10:12,1000.0,13980,0,13980000,1
2018-05-27 01:27:51,69.11312437,13950,0,-964128,0
2018-05-27 01:27:51,0.09997562,13950,0,-1395,0
2018-05-27 01:32:08,69.2131,13940,0,964831,1
2018-05-27 01:54:58,196.0,13870,0,-2718520,0
2018-05-27 01:55:37,244.579,13880,0,-3394757,0
2018-05-27 01:57:22,364.2151,13870,0,5051663,1
2018-05-27 02:02:04,76.3639,13900,0,1061458,1
2018-05-27 03:36:02,0.2858,13980,0,-3995,0
2018-05-27 03:36:02,13.5899,13980,0,-189987,0
2018-05-27 03:36:02,0.01,13980,0,-140,0
2018-05-27 03:36:02,494.6767,13980,0,-6915580,0
2018-05-27 03:36:03,68.4,13980,0,-956232,0
2018-05-27 03:41:28,576.9624,13950,0,8048625,1
2018-05-27 03:44:24,364.3799,13930,0,-5075812,0
2018-05-27 03:44:28,8.9,13930,0,-123977,0
2018-05-27 03:47:32,373.2799,13950,0,5207255,1
2018-05-27 04:04:14,409.7276,13970,0,-5723895,0
2018-05-27 04:04:14,90.0,13970,0,-1257300,0
2018-05-27 04:10:32,15.2737,13980,0,213526,1
2018-05-27 04:24:51,84.62,13940,0,-1179603,0
2018-05-27 04:35:43,569.0739,13940,0,7932890,1
2018-05-27 05:27:52,0.2309,13900,0,-3210,0
2018-05-27 05:27:52,88.4445,13900,0,-1229379,0
2018-05-27 05:27:52,123.2806,13900,0,-1713600,0
2018-05-27 05:27:52,29.7729,13900,0,-413843,0
2018-05-27 05:28:06,241.7289,13890,0,3357614,1
2018-05-27 05:31:30,1.6894,13900,0,-23483,0
2018-05-27 05:34:44,50.0,13900,0,-695000,0
2018-05-27 05:44:26,51.6894,13930,0,720033,1
2018-05-27 05:57:39,22.1183,13910,0,-307666,0
2018-05-27 05:57:39,0.6101,13910,0,-8486,0
2018-05-27 05:57:39,284.792,13910,0,-3961457,0
2018-05-27 06:00:55,5.8747,13910,0,-81717,0
2018-05-27 06:03:00,24.5597,13910,0,-341625,0
2018-05-27 06:13:12,27.8026,13940,0,-387568,0
2018-05-27 06:16:16,39.34168408,14010,0,-551177,0
2018-05-27 06:16:16,216.1255,14010,0,-3027918,0
2018-05-27 06:16:16,76.7934,14010,0,-1075876,0
2018-05-27 06:16:17,106.02831591,14010,0,-1485457,0
2018-05-27 06:16:17,195.9537,14010,0,-2745311,0
2018-05-27 06:16:50,230.015,14030,0,3227110,1
2018-05-27 06:16:51,250.0,14030,0,3507500,1
2018-05-27 06:16:58,57.1115,14030,0,801274,1
2018-05-27 06:17:01,81.5961,14030,0,1144793,1
2018-05-27 06:17:01,111.7,14030,0,1567151,1
2018-05-27 06:17:10,3.1107,14000,0,43550,1
2018-05-27 06:17:10,266.4667,14000,0,3730534,1
2018-05-27 06:17:27,5.9782,14010,0,-83755,0
2018-05-27 06:17:27,994.0218,14010,0,-13926245,0
2018-05-27 06:19:40,786.3688,14000,0,11009163,1
2018-05-27 06:19:45,213.6312,14000,0,2990837,1
2018-05-27 06:24:13,569.5371,14000,0,-7973519,0
2018-05-27 06:48:19,150.2226,13940,0,2094103,1
2018-05-27 06:48:19,369.4413,13940,0,5150012,1
2018-05-27 06:48:19,0.5939,13940,0,8279,1
2018-05-27 06:48:19,1.0,13940,0,13940,1
2018-05-27 06:48:20,48.2793,13940,0,673013,1
2018-05-27 06:48:58,22.6481,13950,0,-315941,0
2018-05-27 06:48:58,85.046,13950,0,-1186392,0
2018-05-27 06:49:02,249.4242,13940,0,-3476973,0
2018-05-27 06:49:02,499.0471,13940,0,-6956717,0
2018-05-27 06:49:02,143.8346,13940,0,-2005054,0
2018-05-27 06:52:49,86.3001,13900,0,1199571,1
2018-05-27 06:52:50,913.6999,13900,0,12700429,1
2018-05-27 06:53:21,14.0743,13890,0,-195492,0
2018-05-27 06:53:24,14.0743,13890,0,195492,1
2018-05-27 06:54:56,396.68,13840,0,-5490051,0
2018-05-27 06:54:57,1.0,13840,0,-13840,0
2018-05-27 06:55:00,602.3199,13860,0,-8348154,0
2018-05-27 06:56:28,999.9999,13800,0,13799999,1
2018-05-27 07:00:31,11.2983,13830,0,-156255,0
2018-05-27 07:00:35,6.0139,13820,0,-83112,0
2018-05-27 07:01:00,72.2123,13830,0,-998696,0
2018-05-27 07:01:01,0.8444,13830,0,-11678,0
2018-05-27 07:01:01,27.06,13830,0,-374240,0
2018-05-27 07:01:34,117.4289,13790,0,1619345,1
2018-05-27 07:05:31,89.7114,13760,0,-1234429,0
2018-05-27 07:05:51,137.8137,13790,0,-1900451,0
2018-05-27 07:09:34,92.9367,13720,0,1275092,1
2018-05-27 07:09:34,30.7739,13720,0,422218,1
2018-05-27 07:09:35,86.5959,13720,0,1188096,1
2018-05-27 07:09:35,12.0,13720,0,164640,1
2018-05-27 07:09:35,5.0,13720,0,68600,1
2018-05-27 07:09:35,0.2186,13720,0,2999,1
2018-05-27 07:15:57,93.2317,13790,0,-1285665,0
2018-05-27 07:17:52,906.7683,13810,0,-12522470,0
2018-05-27 07:28:27,1000.0,13830,0,13830000,1
2018-05-27 07:29:32,175.5985,13830,0,-2428527,0
2018-05-27 07:29:36,668.0064,13820,0,-9231848,0
2018-05-27 07:29:36,156.395,13820,0,-2161379,0
2018-05-27 07:31:47,45.395,13830,0,627813,1
2018-05-27 07:36:16,72.8924,13810,0,1006644,1
2018-05-27 07:36:16,14.7704,13810,0,203979,1
2018-05-27 07:36:16,50.0,13810,0,690500,1
2018-05-27 07:36:19,10.2581,13800,0,141562,1
2018-05-27 07:36:19,144.0519,13800,0,1987916,1
2018-05-27 07:36:19,224.2736,13800,0,3094976,1
2018-05-27 07:36:19,122.1532,13800,0,1685714,1
2018-05-27 07:36:20,227.6939,13800,0,3142176,1
2018-05-27 07:36:20,83.0767,13800,0,1146458,1
2018-05-27 07:36:20,5.4347,13800,0,74999,1
2018-05-27 07:38:27,83.46,13770,0,-1149244,0
2018-05-27 07:38:49,83.46,13740,0,1146740,1
2018-05-27 07:47:10,902.3961,13710,0,-12371851,0
2018-05-27 07:47:58,192.5681,13710,0,2640109,1
2018-05-27 07:48:25,413.5389,13680,0,5657212,1
2018-05-27 07:48:25,0.1,13680,0,1368,1
2018-05-27 07:48:25,296.1891,13680,0,4051867,1
2018-05-27 07:50:52,27.32164985,13640,0,-372667,0
2018-05-27 07:50:52,69.65135014,13640,0,-950044,0
2018-05-27 07:50:57,2.0,13650,0,-27300,0
2018-05-27 07:51:06,2.575,13630,0,-35097,0
2018-05-27 07:52:19,62.9702,13590,0,-855765,0
2018-05-27 07:52:33,164.5182,13600,0,2237448,1
2018-05-27 07:55:24,24.93687944,13620,0,-339640,0
2018-05-27 07:55:35,2.0,13680,0,-27360,0
2018-05-27 07:56:08,147.5601,13670,0,-2017147,0
2018-05-27 07:56:08,293.2493,13670,0,-4008718,0
2018-05-27 07:56:08,532.2538,13670,0,-7275909,0
2018-05-27 07:57:21,444.3801,13650,0,6065788,1
2018-05-27 07:58:30,555.6199,13640,0,7578655,1
2018-05-27 07:59:44,190.2002,13620,0,-2590527,0
2018-05-27 08:00:58,10.3121,13630,0,140554,1
2018-05-27 08:00:58,70.4962,13630,0,960863,1
2018-05-27 08:00:59,70.0,13630,0,954100,1
2018-05-27 08:01:30,39.3919,13630,0,536912,1
2018-05-27 08:03:51,882.84709524,13670,0,-12068520,0
2018-05-27 08:03:51,117.15290475,13670,0,-1601480,0
2018-05-27 08:04:31,147.8876,13650,0,2018666,1
2018-05-27 08:04:31,407.66,13650,0,5564559,1
2018-05-27 08:04:32,111.1969,13650,0,1517838,1
2018-05-27 08:04:32,150.0,13650,0,2047500,1
2018-05-27 08:04:32,183.2555,13650,0,2501438,1
2018-05-27 08:07:51,1000.0,13680,0,-13680000,0
2018-05-27 08:13:44,39.985,13680,0,546995,1
2018-05-27 08:19:22,960.015,13650,0,13104205,1
2018-05-27 08:26:30,4.091e-05,13710,0,-1,0
2018-05-27 08:41:24,836.3256,13620,0,-11390755,0
2018-05-27 08:41:24,21.3036,13620,0,-290155,0
2018-05-27 08:44:08,622.78,13670,0,8513403,1
2018-05-27 08:44:08,119.6283,13670,0,1635319,1
2018-05-27 08:45:07,115.221,13670,0,1575071,1
2018-05-27 08:46:39,86.0113,13650,0,-1174054,0
2018-05-27 08:47:52,86.0113,13640,0,1173194,1
2018-05-27 08:55:24,10.0258,13610,0,-136451,0
2018-05-27 08:56:23,10.0258,13600,0,136351,1
2018-05-27 09:05:30,4.11486565,13510,0,-55592,0
2018-05-27 09:06:41,31.37692575,13520,0,-424216,0
2018-05-27 09:08:04,35.4918,13500,0,479139,1
2018-05-27 09:09:00,22.8328,13510,0,-308471,0
2018-05-27 09:09:01,16.3042,13510,0,-220270,0
2018-05-27 09:11:22,1.0,13490,0,-13490,0
2018-05-27 09:11:38,11.4305,13500,0,-154312,0
2018-05-27 09:11:39,1.0,13500,0,-13500,0
2018-05-27 09:12:09,52.5675,13500,0,709661,1
2018-05-27 09:14:13,15.7354,13480,0,-212113,0
2018-05-27 09:14:29,10.0,13480,0,134800,1
2018-05-27 09:14:30,5.7354,13480,0,77313,1
2018-05-27 09:20:12,11.7102,13390,0,-156800,0
2018-05-27 09:21:26,11.7102,13340,0,156214,1
2018-05-27 09:22:04,1000.0,13370,0,-13370000,0
2018-05-27 09:23:01,80.4598,13350,0,1074138,1
2018-05-27 09:23:02,64.828,13350,0,865454,1
2018-05-27 09:23:02,50.0,13350,0,667500,1
2018-05-27 09:23:02,50.0,13350,0,667500,1
2018-05-27 09:23:02,10.0,13350,0,133500,1
2018-05-27 09:23:02,50.0,13350,0,667500,1
2018-05-27 09:23:06,694.7122,13340,0,9267461,1
2018-05-27 09:29:36,46.4131,13390,0,-621471,0
2018-05-27 09:30:07,1.3294,13410,0,-17827,0
2018-05-27 09:30:07,50.0,13410,0,-670500,0
2018-05-27 09:30:07,221.3906,13410,0,-2968848,0
2018-05-27 09:30:07,75.0682,13410,0,-1006665,0
2018-05-27 09:30:07,447.18945645,13410,0,-5996811,0
2018-05-27 09:33:45,480.6577,13480,0,6479266,1
2018-05-27 09:37:05,62.6125,13480,0,844017,1
2018-05-27 09:38:18,270.27058605,13480,0,3643247,1
2018-05-27 09:38:18,27.85001394,13480,0,375418,1
2018-05-27 09:45:43,77.925,13460,0,-1048871,0
2018-05-27 09:45:43,41.0072,13460,0,-551957,0
2018-05-27 09:45:43,229.2534,13460,0,-3085751,0
2018-05-27 09:45:50,36.2873,13480,0,-489153,0
2018-05-27 09:46:12,24.248,13490,0,327106,1
2018-05-27 09:46:12,15.0949,13480,0,203479,1
2018-05-27 09:46:12,345.13,13480,0,4652352,1
2018-05-27 09:49:01,476.9046,13510,0,-6442981,0
2018-05-27 09:49:01,156.5997,13510,0,-2115662,0
2018-05-27 09:49:01,260.9,13510,0,-3524759,0
2018-05-27 09:49:01,105.5957,13510,0,-1426598,0
2018-05-27 09:54:30,18.5886,13520,0,251318,1
2018-05-27 09:54:30,981.4114,13520,0,13268682,1
2018-05-27 10:04:32,176.9,13510,0,-2389919,0
2018-05-27 10:04:32,329.34972487,13510,0,-4449515,0
2018-05-27 10:09:44,343.00430257,13570,0,4654568,1
2018-05-27 10:09:44,163.24539742,13570,0,2215240,1
2018-05-27 10:13:24,1000.0,13530,0,-13530000,0
2018-05-27 10:17:56,21.7553,13570,0,295219,1
2018-05-27 10:22:21,379.7679,13610,0,5168641,1
2018-05-27 10:22:21,143.6612,13610,0,1955229,1
2018-05-27 10:22:49,111.01331176,13600,0,1509781,1
2018-05-27 10:23:29,18.78198183,13580,0,255059,1
2018-05-27 10:23:29,3.2307,13580,0,43873,1
2018-05-27 10:25:13,321.7896,13560,0,4363467,1
2018-05-27 10:35:05,69.4539,13560,0,-941795,0
2018-05-27 10:38:48,68.7339,13550,0,931344,1
2018-05-27 10:38:48,0.72,13550,0,9756,1
2018-05-27 10:46:07,1000.0,13540,0,-13540000,0
2018-05-27 10:48:32,9.25411958,13530,0,125208,1
2018-05-27 10:48:33,519.6944,13530,0,7031465,1
2018-05-27 10:51:38,471.0515,13500,0,6359195,1
2018-05-27 10:53:46,7.3031,13480,0,-98446,0
2018-05-27 10:54:10,55.0,13510,0,-743050,0
2018-05-27 11:02:27,62.3031,13560,0,844830,1
2018-05-27 11:23:14,2.3008,13550,0,-31176,0
2018-05-27 11:23:49,2.3008,13550,0,31176,1
2018-05-27 11:29:32,604.9237,13560,0,-8202765,0
2018-05-27 11:43:04,604.9237,13540,0,8190667,1
2018-05-27 12:05:56,85.05688518,13500,0,-1148268,0
2018-05-27 12:10:54,388.7645,13510,0,-5252208,0
2018-05-27 12:12:30,526.1786,13500,0,-7103411,0
2018-05-27 12:23:24,47.0516,13500,0,635197,1
2018-05-27 12:26:41,712.6495,13480,0,9606515,1
2018-05-27 12:26:41,240.2989,13480,0,3239229,1
2018-05-27 12:33:26,12.6126,13470,0,-169892,0
2018-05-27 12:34:24,5.0,13470,0,67350,1
2018-05-27 12:48:40,7.6126,13500,0,102770,1
2018-05-27 13:40:48,205.6344,13540,0,-2784290,0
2018-05-27 13:45:31,205.6344,13510,0,2778121,1
2018-05-27 13:48:12,46.4824,13520,0,-628442,0
2018-05-27 13:54:10,46.4824,13540,0,629372,1
2018-05-27 14:36:06,4.8193,13480,0,-64964,0
2018-05-27 14:39:21,0.5,13460,0,6730,1
2018-05-27 14:39:26,2.8,13460,0,37688,1
2018-05-27 14:39:30,1.5193,13460,0,20450,1
2018-05-27 14:40:22,670.7396,13480,0,-9041570,0
2018-05-27 14:45:34,244.2939,13470,0,3290639,1
2018-05-27 14:45:34,100.0,13470,0,1347000,1
2018-05-27 14:56:27,112.2706564,13510,0,-1516777,0
2018-05-27 15:00:20,322.9509,13460,0,4346919,1
2018-05-27 15:00:20,115.7654,13460,0,1558202,1
2018-05-27 15:01:53,99.9818,13470,0,-1346755,0
2018-05-27 15:03:01,187.5110312,13460,0,-2523898,0
2018-05-27 15:03:01,146.72196879,13460,0,-1974878,0
2018-05-27 15:14:55,207.1011,13530,0,2802078,1
2018-05-27 15:15:00,227.1137,13540,0,3075119,1
2018-05-27 15:20:43,48.8279,13480,0,-658200,0
2018-05-27 15:22:12,48.8279,13510,0,659665,1
2018-05-27 15:28:09,1000.0,13510,0,-13510000,0
2018-05-27 15:43:06,8.133,13530,0,110039,1
2018-05-27 15:43:11,1.2565,13530,0,17000,1
2018-05-27 15:48:56,10.0,13520,0,135200,1
2018-05-27 15:52:28,980.6105,13520,0,13257854,1
2018-05-27 16:01:34,1000.0,13500,0,-13500000,0
2018-05-27 16:17:44,1000.0,13490,0,13490000,1
2018-05-27 16:38:43,1000.0,13460,0,-13460000,0
2018-05-27 16:43:30,1000.0,13770,0,13770000,1
2018-05-27 16:44:32,82.3968,13780,0,-1135428,0
2018-05-27 16:44:57,14.3532,13760,0,197500,1
2018-05-27 16:45:24,68.0436,13740,0,934919,1
2018-05-27 16:45:47,326.7526,13780,0,-4502651,0
2018-05-27 16:45:47,93.4077,13780,0,-1287158,0
2018-05-27 16:46:23,250.0,13790,0,-3447500,0
2018-05-27 16:47:01,204.4905,13860,0,2834238,1
2018-05-27 16:47:45,331.9785,13800,0,-4581303,0
2018-05-27 16:48:59,797.6483,13780,0,10991594,1
2018-05-27 16:50:34,238.1,13800,0,-3285780,0
2018-05-27 16:52:35,62.1613,13720,0,-852853,0
2018-05-27 16:54:16,112.512,13740,0,-1545915,0
2018-05-27 16:54:16,587.2267,13740,0,-8068495,0
2018-05-27 16:56:30,890.7714,13700,0,12203568,1
2018-05-27 16:56:30,20.0,13700,0,274000,1
2018-05-27 17:01:53,0.2,13690,0,2738,1
2018-05-27 17:14:34,89.0286,13750,0,1224143,1
2018-05-27 17:17:18,97.03,13770,0,-1336103,0
2018-05-27 17:17:19,0.0726,13770,0,-1000,0
2018-05-27 17:17:19,284.0499,13770,0,-3911367,0
2018-05-27 17:17:19,612.3883,13770,0,-8432587,0
2018-05-27 17:17:19,6.4592,13770,0,-88943,0
2018-05-27 17:17:27,592.32155297,13780,0,8162191,1
2018-05-27 17:17:35,250.0,13770,0,3442500,1
2018-05-27 17:17:57,157.6785,13770,0,2171233,1
2018-05-27 17:20:09,720.0788,13750,0,-9901084,0
2018-05-27 17:20:20,19.0,13760,0,261440,1
2018-05-27 17:22:41,427.6334,13750,0,5879959,1
2018-05-27 17:22:41,273.4454,13750,0,3759874,1
2018-05-27 17:32:29,662.7515,13640,0,-9039930,0
2018-05-27 17:34:02,662.7515,13660,0,9053185,1
2018-05-27 17:36:55,1000.0,13620,0,-13620000,0
2018-05-27 17:38:42,1000.0,13620,0,13620000,1
2018-05-27 17:49:55,1000.0,13680,0,-13680000,0
2018-05-27 17:50:28,129.6921,13680,0,1774188,1
2018-05-27 17:50:37,0.1,13680,0,1368,1
2018-05-27 17:50:37,42.6405,13680,0,583322,1
2018-05-27 17:50:37,551.4093,13680,0,7543279,1
2018-05-27 17:51:56,276.1581,13680,0,3777843,1
2018-05-27 18:03:13,3.972e-05,13670,0,-1,0
2018-05-27 18:05:07,757.3378,13700,0,-10375528,0
2018-05-27 18:07:56,25.4351,13730,0,349224,1
2018-05-27 18:07:56,536.3291,13730,0,7363799,1
2018-05-27 18:07:57,144.4705,13730,0,1983580,1
2018-05-27 18:07:57,51.1031,13730,0,701646,1
2018-05-27 18:15:13,2.99,13750,0,-41113,0
2018-05-27 18:16:20,2.99,13750,0,41113,1
2018-05-27 18:21:10,1.0761,13710,0,-14753,0
2018-05-27 18:23:56,1.0761,13700,0,14743,1
2018-05-27 19:09:28,318.606,13780,0,-4390391,0
2018-05-27 19:09:51,211.3606,13780,0,2912549,1
2018-05-27 19:09:51,38.7839,13780,0,534442,1
2018-05-27 19:09:51,68.4615,13780,0,943399,1
2018-05-27 19:16:20,14.1916,13770,0,-195418,0
2018-05-27 19:16:20,20.0,13770,0,-275400,0
2018-05-27 19:18:06,34.1916,13830,0,472870,1
2018-05-27 19:18:23,1000.0,13850,0,-13850000,0
2018-05-27 19:18:30,0.01,13830,0,138,1
2018-05-27 19:18:38,35.3373,13810,0,488008,1
2018-05-27 19:27:53,724.5,13780,0,9983610,1
2018-05-27 19:27:53,240.1527,13780,0,3309304,1
2018-05-27 19:31:49,1000.0,13790,0,-13790000,0
2018-05-27 19:41:27,657.3009,13810,0,9077325,1
2018-05-27 19:42:40,657.3009,13780,0,-9057606,0
2018-05-27 20:13:45,639.094,13710,0,8761979,1
2018-05-27 20:13:45,219.163,13710,0,3004725,1
2018-05-27 20:13:45,140.743,13710,0,1929587,1
2018-05-27 20:13:45,1.0,13710,0,13710,1
2018-05-27 20:16:12,182.1492,13750,0,-2504552,0
2018-05-27 20:23:47,10.0,13760,0,137600,1
2018-05-27 20:23:47,29.53,13760,0,406333,1
2018-05-27 20:23:48,142.6192,13760,0,1962440,1
2018-05-27 20:38:43,3.86e-05,13770,0,-1,0
2018-05-27 20:51:30,345.5895,13810,0,-4772591,0
2018-05-27 20:51:30,85.94191448,13810,0,-1186858,0
2018-05-27 20:51:30,89.08388551,13810,0,-1230248,0
2018-05-27 20:51:45,520.6154,13810,0,7189699,1
2018-05-27 21:04:37,1.0,13760,0,-13760,0
2018-05-27 21:12:38,1.0,13760,0,13760,1
2018-05-27 21:12:44,57.2,13760,0,-787072,0
2018-05-27 21:14:29,485.5069,13760,0,-6680575,0
2018-05-27 21:16:51,243.9204,13750,0,3353906,1
2018-05-27 21:16:51,201.6217,13750,0,2772298,1
2018-05-27 21:16:51,1.0,13750,0,13750,1
2018-05-27 21:16:51,24.7164,13750,0,339851,1
2018-05-27 21:16:52,10.0,13750,0,137500,1
2018-05-27 21:17:05,4.7045,13750,0,64687,1
2018-05-27 21:20:01,25.1756,13750,0,346165,1
2018-05-27 21:23:38,31.5683,13760,0,434380,1
2018-05-27 21:29:35,24.0285,13730,0,-329911,0
2018-05-27 21:29:43,18.5735,13730,0,-255014,0
2018-05-27 21:29:48,42.602,13700,0,583647,1
2018-05-27 21:30:57,842.16914179,13710,0,-11546139,0
2018-05-27 21:30:57,157.8308582,13710,0,-2163861,0
2018-05-27 21:47:30,23.4768,13700,0,321632,1
2018-05-27 21:49:38,6.6116,13680,0,90447,1
2018-05-27 22:08:15,250.0,13730,0,3432500,1
2018-05-27 22:09:27,719.9116,13710,0,9869988,1
2018-05-27 22:10:51,144.7345,13710,0,-1984310,0
2018-05-27 22:15:52,117.0268,13680,0,-1600927,0
2018-05-27 22:19:02,261.7613,13650,0,3573042,1
2018-05-27 22:20:54,5.0494,13580,0,-68571,0
2018-05-27 22:22:41,88.5748,13580,0,-1202846,0
2018-05-27 22:22:41,9.2569,13580,0,-125709,0
2018-05-27 22:22:41,228.1378,13580,0,-3098111,0
2018-05-27 22:23:34,64.0972,13590,0,-871081,0
2018-05-27 22:25:00,1.0301,13590,0,13999,1
2018-05-27 22:25:00,394.086,13590,0,5355629,1
2018-05-27 22:29:12,517.9376,13640,0,-7064669,0
2018-05-27 22:32:06,4.09,13620,0,55706,1
2018-05-27 22:41:24,513.8476,13630,0,7003743,1
2018-05-27 23:08:50,123.2914,13570,0,-1673064,0
2018-05-27 23:08:50,76.67061849,13570,0,-1040420,0
2018-05-27 23:08:50,180.0,13570,0,-2442600,0
2018-05-27 23:08:51,5.6742815,13570,0,-77000,0
2018-05-27 23:09:03,86.92,13580,0,-1180374,0
2018-05-27 23:09:07,86.87,13570,0,-1178826,0
2018-05-27 23:23:11,41.4428,13700,0,567766,1
2018-05-27 23:23:42,17.8006,13680,0,243512,1
2018-05-27 23:23:42,70.0,13680,0,957600,1
2018-05-27 23:24:50,139.5561,13680,0,1909127,1
2018-05-27 23:24:50,268.3695,13680,0,3671295,1
2018-05-27 23:24:50,22.2573,13680,0,304480,1
2018-05-27 23:39:19,107.1888,13730,0,-1471702,0
2018-05-27 23:39:33,492.11083282,13770,0,-6776366,0
2018-05-27 23:39:34,5.2554,13770,0,-72367,0
2018-05-27 23:39:34,26.0,13770,0,-358020,0
2018-05-27 23:39:34,150.0,13770,0,-2065500,0
2018-05-27 23:39:52,780.555,13760,0,10740437,1
2018-05-27 23:41:47,124.7268,13740,0,-1713746,0
2018-05-27 23:42:06,875.2732,13750,0,-12035007,0
2018-05-27 23:43:03,92.3831,13730,0,1268420,1
2018-05-27 23:43:07,907.6169,13730,0,12461580,1
2018-05-27 23:43:15,51.2717,13740,0,-704473,0
2018-05-27 23:45:01,34.5304,13760,0,-475138,0
2018-05-27 23:45:37,81.70876492,13770,0,1125130,1
2018-05-27 23:49:18,511.3934,13710,0,-7011204,0
2018-05-27 23:49:18,131.2592,13710,0,-1799564,0
2018-05-27 23:51:00,7.4292,13720,0,101929,1
2018-05-27 23:58:30,0.1307,13760,0,1798,1
2018-05-28 00:05:00,4.545e-05,13750,0,1,1
2018-05-28 00:08:45,43.787,13760,0,602509,1
2018-05-28 00:11:39,13.1957,13780,0,181837,1
2018-05-28 00:12:36,86.098,13770,0,1185569,1
2018-05-28 00:12:36,98.3324,13770,0,1354037,1
2018-05-28 00:12:36,137.0,13770,0,1886490,1
2018-05-28 00:12:36,260.7729,13770,0,3590843,1
2018-05-28 00:20:56,40.0,13750,0,-550000,0
2018-05-28 00:22:43,33.7205,13740,0,463320,1
2018-05-28 00:35:28,6.2795,13750,0,86343,1
2018-05-28 01:08:02,50.0,13800,0,-690000,0
2018-05-28 01:08:02,0.1,13800,0,-1380,0
2018-05-28 01:08:02,50.3842,13800,0,-695302,0
2018-05-28 01:08:02,21.9591,13800,0,-303036,0
2018-05-28 01:08:02,305.6619,13800,0,-4218134,0
2018-05-28 01:08:02,68.94353913,13800,0,-951421,0
2018-05-28 01:08:03,0.2,13800,0,-2760,0
2018-05-28 01:08:04,9.4307,13800,0,-130144,0
2018-05-28 01:08:49,493.32056086,13800,0,-6807824,0
2018-05-28 01:19:59,676.285,13780,0,9319207,1
2018-05-28 01:22:32,65.7862,13770,0,905876,1
2018-05-28 01:23:17,93.26044441,13780,0,1285129,1
2018-05-28 01:23:22,3.6347,13780,0,50086,1
2018-05-28 01:32:54,161.0336,13770,0,2217433,1
2018-05-28 02:01:05,1000.0,13730,0,-13730000,0
2018-05-28 02:01:51,4.0,13730,0,54920,1
2018-05-28 02:01:51,2.0,13730,0,27460,1
2018-05-28 02:01:52,3.2,13730,0,43936,1
2018-05-28 02:16:24,633.46,13750,0,8710075,1
2018-05-28 02:20:22,288.3651,13720,0,-3956369,0
2018-05-28 03:00:52,19.7567,13750,0,271655,1
2018-05-28 03:01:52,625.9484,13750,0,8606791,1
2018-05-28 03:20:44,250.0,13680,0,-3420000,0
2018-05-28 03:20:44,217.3889,13680,0,-2973880,0
2018-05-28 03:20:59,395.5904,13680,0,-5411677,0
2018-05-28 03:30:54,11.747,13700,0,160934,1
2018-05-28 03:31:00,2.694,13690,0,36881,1
2018-05-28 03:31:01,15.0,13690,0,205350,1
2018-05-28 03:47:55,8.5968,13660,0,117432,1
2018-05-28 03:50:26,824.9415,13610,0,11227454,1
2018-05-28 03:50:44,3.454,13610,0,-47009,0
2018-05-28 03:53:32,996.546,13600,0,-13553026,0
2018-05-28 04:03:14,668.6783,13650,0,9127459,1
2018-05-28 04:04:02,1.1,13630,0,14993,1
2018-05-28 04:16:03,29.4418,13600,0,-400408,0
2018-05-28 04:17:03,100.0,13620,0,-1362000,0
2018-05-28 04:19:40,66.1,13630,0,900943,1
2018-05-28 04:22:29,1.0,13620,0,-13620,0
2018-05-28 04:41:38,394.5635,13660,0,5389737,1
2018-05-28 05:00:12,18.0234,13630,0,-245659,0
2018-05-28 05:00:39,86.729,13660,0,-1184718,0
2018-05-28 05:01:48,27.643,13650,0,-377327,0
2018-05-28 05:02:25,13.224,13660,0,-180640,0
2018-05-28 05:03:16,145.6194,13650,0,1987705,1
2018-05-28 05:20:36,1000.0,13660,0,-13660000,0
2018-05-28 05:35:14,1000.0,13700,0,13700000,1
2018-05-28 05:43:09,105.7625,13680,0,-1446831,0
2018-05-28 05:44:12,105.7625,13720,0,1451062,1
2018-05-28 06:00:37,35.3,13700,0,-483610,0
2018-05-28 06:00:44,15.0,13720,0,-205800,0
2018-05-28 06:00:50,63.4123,13700,0,-868749,0
2018-05-28 06:00:50,61.6655,13720,0,-846051,0
2018-05-28 06:00:50,184.4616,13720,0,-2530813,0
2018-05-28 06:01:33,1.679,13710,0,-23019,0
2018-05-28 06:01:52,361.5184,13740,0,4967263,1
2018-05-28 06:06:25,32.8302,13690,0,-449445,0
2018-05-28 06:14:55,97.6379,13700,0,-1337639,0
2018-05-28 06:15:42,377.4947,13700,0,-5171677,0
2018-05-28 06:15:42,235.47,13700,0,-3225939,0
2018-05-28 06:16:16,461.346,13720,0,6329667,1
2018-05-28 06:16:27,282.0868,13740,0,3875873,1
2018-05-28 06:26:08,167.3793,13710,0,-2294770,0
2018-05-28 06:30:30,242.24464781,13720,0,-3323597,0
2018-05-28 06:30:30,66.02435218,13720,0,-905854,0
2018-05-28 06:36:28,524.3516,13720,0,-7194104,0
2018-05-28 06:47:37,999.9999,13750,0,13749999,1
2018-05-28 07:00:32,78.7355,13810,0,-1087337,0
2018-05-28 07:00:32,0.1448,13810,0,-2000,0
2018-05-28 07:00:32,77.08,13810,0,-1064475,0
2018-05-28 07:00:42,21.6,13810,0,-298296,0
2018-05-28 07:00:49,48.2996,13810,0,667017,1
2018-05-28 07:00:49,129.2607,13810,0,1785090,1
2018-05-28 07:03:40,5.776e-05,13850,0,-1,0
2018-05-28 07:05:09,19.8184,13830,0,-274088,0
2018-05-28 07:05:09,203.0636,13830,0,-2808370,0
2018-05-28 07:06:44,110.8644,13830,0,1533255,1
2018-05-28 07:07:09,10.1878,13790,0,140490,1
2018-05-28 07:07:09,101.8299,13790,0,1404234,1
2018-05-28 07:42:52,10.0,13820,0,-138200,0
2018-05-28 07:42:52,135.9849,13820,0,-1879311,0
2018-05-28 07:42:52,24.5599,13820,0,-339418,0
2018-05-28 07:42:53,63.8147,13820,0,-881919,0
2018-05-28 07:44:57,234.3595,13820,0,3238848,1
2018-05-28 07:48:44,163.7955,13800,0,-2260378,0
2018-05-28 07:48:44,21.0144,13800,0,-289999,0
2018-05-28 07:48:54,0.2662,13790,0,-3671,0
2018-05-28 07:52:09,185.0761,13800,0,2554050,1
2018-05-28 08:19:09,266.144,13770,0,-3664803,0
2018-05-28 08:20:02,266.144,13760,0,3662141,1
2018-05-28 08:54:11,844.55512532,13820,0,-11671752,0
2018-05-28 08:55:36,21.0,13820,0,290220,1
2018-05-28 08:57:25,2.5779,13820,0,35627,1
2018-05-28 09:00:15,537.7203,13810,0,7425917,1
2018-05-28 09:03:44,283.2569,13810,0,3911778,1
2018-05-28 09:42:42,83.0341,13830,0,-1148362,0
2018-05-28 09:42:42,483.40766442,13830,0,-6685528,0
2018-05-28 09:42:43,180.15623557,13830,0,-2491561,0
2018-05-28 09:42:43,73.402,13830,0,-1015150,0
2018-05-28 09:42:43,180.0,13830,0,-2489400,0
2018-05-28 09:45:20,285.7277,13840,0,3954471,1
2018-05-28 09:45:21,2.4752,13840,0,34257,1
2018-05-28 09:45:40,49.19,13840,0,680790,1
2018-05-28 09:45:41,15.0,13840,0,207600,1
2018-05-28 09:45:55,302.49,13840,0,4186462,1
2018-05-28 09:45:56,345.1171,13840,0,4776421,1
2018-05-28 09:48:02,836.66756712,13870,0,-11604579,0
2018-05-28 09:48:02,60.6598,13870,0,-841351,0
2018-05-28 09:51:10,390.35757149,13900,0,5425970,1
2018-05-28 09:53:13,506.02735104,13930,0,7048961,1
2018-05-28 09:53:13,0.94244895,13930,0,13128,1
2018-05-28 09:53:39,59.6597,13950,0,-832253,0
2018-05-28 09:53:39,44.3333,13950,0,-618450,0
2018-05-28 09:53:39,30.0,13950,0,-418500,0
2018-05-28 09:53:43,160.8356,13960,0,-2245265,0
2018-05-28 09:53:44,122.7062,13960,0,-1712979,0
2018-05-28 09:53:44,200.0,13960,0,-2792000,0
2018-05-28 09:53:44,323.0,13960,0,-4509080,0
2018-05-28 09:53:44,59.4652,13960,0,-830134,0
2018-05-28 09:55:57,584.6766,13960,0,8162085,1
2018-05-28 09:55:57,415.3234,13960,0,5797915,1
2018-05-28 09:56:46,1000.0,14000,0,-14000000,0
2018-05-28 09:59:03,28.36,13980,0,396473,1
2018-05-28 09:59:03,144.4436,13980,0,2019322,1
2018-05-28 09:59:13,150.0,13970,0,2095500,1
2018-05-28 09:59:13,28.5489,13970,0,398828,1
2018-05-28 09:59:13,28.6687,13970,0,400502,1
2018-05-28 09:59:49,619.9788,13950,0,8648704,1
2018-05-28 10:00:37,83.0213,13950,0,-1158147,0
2018-05-28 10:00:37,50.9357,13950,0,-710553,0
2018-05-28 10:02:10,133.957,13970,0,1871379,1
2018-05-28 10:16:24,653.8495,13930,0,-9108124,0
2018-05-28 10:16:24,346.1505,13930,0,-4821876,0
2018-05-28 10:20:00,50.7729,13960,0,708790,1
2018-05-28 10:20:00,9.585,13960,0,133807,1
2018-05-28 10:20:00,0.331,13960,0,4621,1
2018-05-28 10:20:00,708.2966,13960,0,9887821,1
2018-05-28 10:22:05,526.5747,13990,0,-7366780,0
2018-05-28 10:28:11,757.5892,13970,0,10583521,1
2018-05-28 10:31:27,719.3131,14030,0,-10091963,0
2018-05-28 10:31:27,150.39202689,14030,0,-2110000,0
2018-05-28 10:31:27,130.0756731,14030,0,-1824962,0
2018-05-28 10:31:27,0.2192,14030,0,-3075,0
2018-05-28 10:31:48,188.1912,14030,0,2640323,1
2018-05-28 10:31:49,427.0181,14030,0,5991064,1
2018-05-28 10:32:49,384.7907,14020,0,5394766,1
2018-05-28 10:33:50,390.85232597,14050,0,-5491475,0
2018-05-28 10:33:50,10.0,14050,0,-140500,0
2018-05-28 10:33:50,273.7568,14050,0,-3846283,0
2018-05-28 10:33:50,81.5951,14050,0,-1146411,0
2018-05-28 10:33:51,117.51567402,14050,0,-1651095,0
2018-05-28 10:33:51,50.0,14050,0,-702500,0
2018-05-28 10:33:51,8.0,14050,0,-112400,0
2018-05-28 10:33:51,26.7674,14050,0,-376082,0
2018-05-28 10:33:51,41.5127,14050,0,-583253,0
2018-05-28 10:35:41,100.0,14100,0,1410000,1
2018-05-28 10:35:41,22.5612,14100,0,318113,1
2018-05-28 10:35:41,131.0057,14100,0,1847180,1
2018-05-28 10:35:41,405.6026,14100,0,5718996,1
2018-05-28 10:36:28,15.5,14120,0,-218860,0
2018-05-28 10:36:29,143.6915,14120,0,-2028924,0
2018-05-28 10:36:29,100.58,14120,0,-1420190,0
2018-05-28 10:36:46,411.1573,14110,0,5801430,1
2018-05-28 10:36:46,189.4447,14110,0,2673065,1
2018-05-28 10:45:43,299.1408,14120,0,-4223868,0
2018-05-28 10:48:42,151.2476,14090,0,2131079,1
2018-05-28 10:48:42,147.8932,14090,0,2083815,1
2018-05-28 10:51:05,2.5503,14120,0,-36010,0
2018-05-28 10:51:32,2.5503,14130,0,36036,1
2018-05-28 10:54:00,790.58506346,14150,0,-11186779,0
2018-05-28 10:54:00,10.0,14150,0,-141500,0
2018-05-28 10:54:01,199.41493653,14150,0,-2821721,0
2018-05-28 10:55:37,40.6995,14240,0,579561,1
2018-05-28 10:55:37,499.1904,14240,0,7108471,1
2018-05-28 10:55:37,460.1101,14240,0,6551968,1
2018-05-28 10:56:25,10.0,14230,0,-142300,0
2018-05-28 10:56:45,9.071,14220,0,-128990,0
2018-05-28 10:57:11,74.17142025,14220,0,-1054718,0
2018-05-28 10:57:12,96.1293,14220,0,-1366959,0
2018-05-28 10:58:20,117.3304,14240,0,1670785,1
2018-05-28 10:58:38,72.0413,14190,0,1022266,1
2018-05-28 10:58:48,361.0055,14190,0,-5122668,0
2018-05-28 10:58:48,37.9268,14190,0,-538181,0
2018-05-28 10:58:56,64.5555,14200,0,-916688,0
2018-05-28 11:00:28,536.5122,14200,0,-7618473,0
2018-05-28 11:02:30,173.4931,14160,0,2456662,1
2018-05-28 11:02:30,142.4497,14160,0,2017088,1
2018-05-28 11:02:30,683.5765,14160,0,9679443,1
2018-05-28 11:02:30,0.4807,14160,0,6807,1
2018-05-28 11:34:24,1000.0,14190,0,-14190000,0
2018-05-28 11:37:08,76.3508,14140,0,1079600,1
2018-05-28 11:37:11,269.9347,14140,0,3816877,1
2018-05-28 11:39:41,90.56980176,14150,0,1281563,1
2018-05-28 11:49:23,0.5,14160,0,7080,1
2018-05-28 11:49:23,36.86,14160,0,521938,1
2018-05-28 11:58:01,1.3249,14190,0,18800,1
2018-05-28 11:58:01,210.8437,14190,0,2991872,1
2018-05-28 11:58:01,279.1823,14190,0,3961597,1
2018-05-28 11:59:06,8.2,14190,0,116358,1
2018-05-28 11:59:07,0.1967,14190,0,2791,1
2018-05-28 11:59:07,26.0371,14190,0,369466,1
2018-05-28 12:00:03,21.97862945,14190,0,-311877,0
2018-05-28 12:06:52,2.5733,14150,0,36412,1
2018-05-28 12:06:52,19.4054,14150,0,274586,1
2018-05-28 12:17:54,308.2811,14220,0,-4383757,0
2018-05-28 12:18:05,4.363,14230,0,-62085,0
2018-05-28 12:18:09,80.2,14260,0,-1143652,0
2018-05-28 12:18:09,500.0,14260,0,-7130000,0
2018-05-28 12:18:09,107.1559,14260,0,-1528043,0
2018-05-28 12:19:17,0.5,14260,0,7130,1
2018-05-28 12:19:17,392.2469,14260,0,5593441,1
2018-05-28 12:19:17,0.6892,14260,0,9828,1
2018-05-28 12:19:17,498.6287,14260,0,7110445,1
2018-05-28 12:19:17,107.9352,14260,0,1539156,1
2018-05-28 12:21:45,101.2656,14260,0,-1444047,0
2018-05-28 12:22:41,101.2656,14280,0,1446073,1
2018-05-28 12:26:25,2.0801,14240,0,-29621,0
2018-05-28 12:26:36,15.0,14230,0,-213450,0
2018-05-28 12:30:01,226.2528,14250,0,-3224102,0
2018-05-28 12:30:08,37.1,14230,0,-527933,0
2018-05-28 12:30:08,4.559,14230,0,-64875,0
2018-05-28 12:30:16,2.4596,14210,0,34951,1
2018-05-28 12:30:26,83.545,14220,0,-1188010,0
2018-05-28 12:30:30,5.0532,14210,0,-71806,0
2018-05-28 12:34:53,371.1305,14210,0,5273764,1
2018-05-28 12:36:25,490.968,14210,0,-6976655,0
2018-05-28 12:38:48,3.0,14270,0,-42810,0
2018-05-28 12:39:32,493.968,14260,0,7043984,1
2018-05-28 12:42:22,1000.0,14270,0,-14270000,0
2018-05-28 12:43:36,38.74409159,14280,0,553266,1
2018-05-28 12:43:36,961.2559084,14280,0,13726734,1
2018-05-28 12:49:34,943.4489,14320,0,-13510188,0
2018-05-28 12:50:31,15.014,14390,0,216051,1
2018-05-28 12:50:31,20.0,14390,0,287800,1
2018-05-28 12:50:47,86.1514,14390,0,1239719,1
2018-05-28 12:51:44,82.1481,14350,0,1178825,1
2018-05-28 12:51:44,439.714,14350,0,6309896,1
2018-05-28 12:51:44,300.4214,14350,0,4311047,1
2018-05-28 12:54:04,16.455,14390,0,-236787,0
2018-05-28 12:54:18,11.1236,14380,0,159957,1
2018-05-28 12:54:19,5.3314,14380,0,76666,1
2018-05-28 13:06:03,155.7582,14290,0,-2225785,0
2018-05-28 13:06:10,844.2418,14300,0,-12072658,0
2018-05-28 13:10:16,719.83023361,14280,0,10279176,1
2018-05-28 13:10:41,280.1697,14290,0,4003625,1
2018-05-28 13:35:35,1000.0,14140,0,-14140000,0
2018-05-28 13:35:59,81.0,14100,0,1142100,1
2018-05-28 13:36:00,29.4967,14100,0,415903,1
2018-05-28 13:36:00,72.4509,14100,0,1021558,1
2018-05-28 13:36:00,1.01,14100,0,14241,1
2018-05-28 13:36:00,9.5856,14100,0,135157,1
2018-05-28 13:36:00,20.0,14100,0,282000,1
2018-05-28 13:36:01,786.4568,14100,0,11089041,1
2018-05-28 13:36:34,254.3707,14090,0,-3584083,0
2018-05-28 13:36:55,254.3707,14060,0,3576452,1
2018-05-28 13:39:42,322.8616,14060,0,-4539434,0
2018-05-28 13:40:02,368.46111737,14040,0,-5173194,0
2018-05-28 13:41:21,160.0,14040,0,2246400,1
2018-05-28 13:41:22,18.3804,14040,0,258061,1
2018-05-28 13:42:05,512.9424,13980,0,7170935,1
2018-05-28 13:48:25,82.872,13970,0,-1157722,0
2018-05-28 13:48:25,60.4709,13970,0,-844778,0
2018-05-28 13:48:29,856.6571,13960,0,-11958933,0
2018-05-28 13:49:14,1000.0,13950,0,13950000,1
2018-05-28 13:51:11,82.872,13950,0,-1156064,0
2018-05-28 13:52:44,48.13069942,13980,0,672867,1
2018-05-28 13:52:49,16.0779,13980,0,224769,1
2018-05-28 13:52:55,18.6634,13960,0,260541,1
2018-05-28 13:53:12,0.0001,13960,0,-1,0
2018-05-28 13:55:48,125.4624,13950,0,-1750200,0
2018-05-28 13:55:48,5.0,13950,0,-69750,0
2018-05-28 13:56:10,130.4625,13920,0,1816038,1
2018-05-28 14:00:51,28.0,13950,0,-390600,0
2018-05-28 14:01:14,941.0319,13960,0,-13136805,0
2018-05-28 14:04:29,0.6,13930,0,8358,1
2018-05-28 14:04:50,968.4319,13920,0,13480572,1
2018-05-28 14:09:46,274.7,14010,0,-3848547,0
2018-05-28 14:09:55,189.5172,14000,0,2653241,1
2018-05-28 14:09:55,85.1828,14000,0,1192559,1
2018-05-28 14:12:26,1000.0,14000,0,-14000000,0
2018-05-28 14:13:52,7.2854,14000,0,101996,1
2018-05-28 14:15:31,352.2509,14000,0,4931513,1
2018-05-28 14:15:31,620.0752,14000,0,8681053,1
2018-05-28 14:16:07,20.3885,14020,0,285847,1
2018-05-28 14:26:23,19.8662,13900,0,-276140,0
2018-05-28 14:26:26,84.802,13900,0,-1178748,0
2018-05-28 14:26:40,55.9721,13910,0,-778572,0
2018-05-28 14:26:40,15.0,13910,0,-208650,0
2018-05-28 14:26:44,1.2,13920,0,-16704,0
2018-05-28 14:26:51,11.3818,13910,0,-158321,0
2018-05-28 14:26:51,811.7778,13910,0,-11291829,0
2018-05-28 14:27:47,999.9999,13890,0,13889999,1
2018-05-28 14:30:42,1000.0,13820,0,-13820000,0
2018-05-28 14:33:28,50.0,13830,0,691500,1
2018-05-28 14:33:34,565.124,13830,0,7815665,1
2018-05-28 14:33:34,37.7043,13830,0,521450,1
2018-05-28 14:33:38,347.1717,13820,0,4797913,1
2018-05-28 14:41:33,1.1,13690,0,-15059,0
2018-05-28 14:41:37,1.1,13690,0,15059,1
2018-05-28 14:42:12,1000.0,13650,0,-13650000,0
2018-05-28 14:42:48,1000.0,13650,0,13650000,1
2018-05-28 14:42:53,567.1776,13640,0,-7736302,0
2018-05-28 14:43:32,567.1776,13630,0,7730631,1
2018-05-28 14:50:16,12.6394,13470,0,-170253,0
2018-05-28 14:50:44,12.6394,13470,0,170253,1
2018-05-28 14:58:41,245.7325,13460,0,-3307559,0
2018-05-28 14:58:41,1.0983,13460,0,-14783,0
2018-05-28 14:58:48,35.0115,13450,0,470905,1
2018-05-28 14:58:49,92.5992,13450,0,1245459,1
2018-05-28 14:58:53,41.5541,13450,0,558903,1
2018-05-28 14:59:53,24.6872,13460,0,-332290,0
2018-05-28 15:01:30,102.3532,13430,0,1374603,1
2018-05-28 15:16:11,32.4567,13430,0,-435893,0
2018-05-28 15:18:03,967.5433,13430,0,-12994107,0
2018-05-28 15:20:50,629.0243,13450,0,8460377,1
2018-05-28 15:20:51,9.28,13450,0,124816,1
2018-05-28 15:20:51,20.0,13450,0,269000,1
2018-05-28 15:20:51,100.0,13450,0,1345000,1
2018-05-28 15:20:51,45.0309,13450,0,605666,1
2018-05-28 15:21:16,196.6648,13440,0,2643175,1
2018-05-28 15:23:10,130.8758,13450,0,-1760280,0
2018-05-28 15:23:15,66.5758,13440,0,-894779,0
2018-05-28 15:23:15,565.6575,13440,0,-7602437,0
2018-05-28 15:26:03,763.1091,13500,0,10301973,1
2018-05-28 15:40:33,209.6401,13370,0,-2802888,0
2018-05-28 15:40:40,209.6401,13360,0,2800792,1
2018-05-28 15:43:30,179.4,13360,0,-2396784,0
2018-05-28 15:43:30,150.0,13360,0,-2004000,0
2018-05-28 15:46:34,385.0,13360,0,-5143600,0
2018-05-28 15:49:27,40.0,13390,0,535600,1
2018-05-28 15:55:02,149.0313,13420,0,2000000,1
2018-05-28 15:55:02,364.9719,13420,0,4897923,1
2018-05-28 15:55:24,1.0,13380,0,13380,1
2018-05-28 15:55:24,2.7803,13380,0,37200,1
2018-05-28 15:55:24,1.1,13380,0,14718,1
2018-05-28 15:55:25,155.5165,13380,0,2080811,1
2018-05-28 16:44:54,19.97,13420,0,-267997,0
2018-05-28 16:45:02,12.801,13420,0,171789,1
2018-05-28 16:45:13,97.3687,13440,0,-1308635,0
2018-05-28 16:45:46,250.0,13460,0,-3365000,0
2018-05-28 16:46:27,354.5377,13470,0,4775623,1
2018-05-28 17:04:17,74.9005,13320,0,-997675,0
2018-05-28 17:04:17,94.3224,13320,0,-1256374,0
2018-05-28 17:04:18,2.34,13320,0,-31169,0
2018-05-28 17:05:11,171.5629,13360,0,2292080,1
2018-05-28 17:24:40,40.0,13400,0,-536000,0
2018-05-28 17:24:40,960.0,13400,0,-12864000,0
2018-05-28 17:27:13,0.9993,13420,0,13411,1
2018-05-28 17:27:13,19.8211,13420,0,265999,1
2018-05-28 17:32:24,979.1796,13340,0,13062256,1
2018-05-28 17:35:02,1000.0,13290,0,-13290000,0
2018-05-28 17:36:14,1000.0,13300,0,13300000,1
2018-05-28 17:44:24,1.9016,13210,0,-25120,0
2018-05-28 17:45:29,0.1384,13250,0,-1834,0
2018-05-28 17:45:30,125.0,13250,0,-1656250,0
2018-05-28 17:45:35,59.1449,13230,0,782487,1
2018-05-28 17:45:53,932.1049,13240,0,-12341069,0
2018-05-28 17:51:18,1000.0,13210,0,13210000,1
2018-05-28 17:52:56,166.5537,13200,0,-2198509,0
2018-05-28 17:53:41,166.5537,13210,0,2200174,1
2018-05-28 18:20:50,66.3150283,13390,0,-887958,0
2018-05-28 18:20:50,6.4236,13390,0,-86012,0
2018-05-28 18:20:51,40.02907169,13390,0,-535989,0
2018-05-28 18:20:51,29.29,13390,0,-392193,0
2018-05-28 18:21:16,142.0577,13380,0,1900732,1
2018-05-28 18:40:23,1000.0,13320,0,-13320000,0
2018-05-28 18:43:27,1000.0,13280,0,13280000,1
2018-05-28 18:44:55,168.1218,13300,0,-2236020,0
2018-05-28 18:44:55,306.2538,13300,0,-4073176,0
2018-05-28 18:44:56,32.2961,13300,0,-429538,0
2018-05-28 18:47:56,28.0783,13290,0,373161,1
2018-05-28 18:47:56,55.7382,13290,0,740761,1
2018-05-28 18:47:56,89.078,13290,0,1183847,1
2018-05-28 18:47:56,81.7272,13290,0,1086154,1
2018-05-28 18:53:20,252.05,13250,0,3339663,1
2018-05-28 18:56:18,1000.0,13260,0,-13260000,0
2018-05-28 18:57:04,14.2582,13250,0,188921,1
2018-05-28 18:57:04,5.0175,13250,0,66482,1
2018-05-28 18:57:04,14.5302,13250,0,192525,1
2018-05-28 18:57:05,67.03,13250,0,888148,1
2018-05-28 18:58:38,21.0,13230,0,277830,1
2018-05-28 18:58:38,527.9035,13230,0,6984163,1
2018-05-28 18:58:38,37.0,13230,0,489510,1
2018-05-28 18:58:38,151.1715,13230,0,1999999,1
2018-05-28 18:58:38,7.7322,13230,0,102297,1
2018-05-28 18:58:38,6.5129,13230,0,86166,1
2018-05-28 18:58:39,50.0,13230,0,661500,1
2018-05-28 18:58:39,97.844,13230,0,1294476,1
2018-05-28 18:59:33,139.5967,13220,0,-1845468,0
2018-05-28 19:00:35,139.5967,13220,0,1845468,1
2018-05-28 19:03:59,89.0789,13290,0,-1183859,0
2018-05-28 19:04:27,89.0789,13310,0,1185640,1
2018-05-28 19:20:36,63.4225,13330,0,-845422,0
2018-05-28 19:23:55,63.4225,13310,0,844153,1
2018-05-28 19:27:22,0.0001,13300,0,-1,0
2018-05-28 19:27:23,11.6421,13300,0,-154840,0
2018-05-28 19:32:28,1.3232,13310,0,-17612,0
2018-05-28 19:39:52,12.9654,13350,0,173088,1
2018-05-28 19:54:35,1000.0,13300,0,-13300000,0
2018-05-28 20:00:41,327.5333,13300,0,4356193,1
2018-05-28 20:00:42,150.0,13300,0,1995000,1
2018-05-28 20:04:58,225.8816,13250,0,2992931,1
2018-05-28 20:04:58,296.0851,13250,0,3923128,1
2018-05-28 20:04:58,0.5,13250,0,6625,1
2018-05-28 20:07:12,478.1787,13270,0,-6345431,0
2018-05-28 20:09:13,19.9492,13300,0,-265324,0
2018-05-28 20:11:55,421.4045,13280,0,5596252,1
2018-05-28 20:13:31,22.157,13250,0,293580,1
2018-05-28 20:13:31,54.5664,13250,0,723005,1
2018-05-28 20:44:47,73.0,13200,0,-963600,0
2018-05-28 20:44:47,129.166,13210,0,-1706283,0
2018-05-28 20:44:47,103.4659,13210,0,-1366785,0
2018-05-28 20:45:43,4.1369,13170,0,54483,1
2018-05-28 20:48:54,211.8203,13220,0,2800264,1
2018-05-28 20:52:03,89.6747,13230,0,1186396,1
2018-05-28 21:01:55,0.006,13120,0,-79,0
2018-05-28 21:01:55,73.7531,13120,0,-967641,0
2018-05-28 21:04:47,73.7591,13060,0,963294,1
2018-05-28 21:12:39,846.7236,13080,0,-11075145,0
2018-05-28 21:12:39,153.2764,13080,0,-2004855,0
2018-05-28 21:15:28,541.4801,13280,0,7190856,1
2018-05-28 21:15:29,316.0989,13280,0,4197793,1
2018-05-28 21:15:29,100.0,13280,0,1328000,1
2018-05-28 21:15:42,42.421,13270,0,562927,1
2018-05-28 21:21:46,4.4907,13390,0,-60130,0
2018-05-28 21:22:29,995.5093,13390,0,-13329870,0
2018-05-28 21:22:37,603.83762486,13390,0,8085386,1
2018-05-28 21:22:38,252.96,13390,0,3387134,1
2018-05-28 21:23:37,856.7977,13420,0,-11498225,0
2018-05-28 21:23:56,127.7834,13400,0,1712298,1
2018-05-28 21:24:22,63.5197,13390,0,850529,1
2018-05-28 21:24:32,48.48,13370,0,648178,1
2018-05-28 21:24:41,74.7881,13360,0,999169,1
2018-05-28 21:24:41,346.6246,13360,0,4630905,1
2018-05-28 21:25:14,72.5052,13360,0,968669,1
2018-05-28 21:25:59,229.65827191,13350,0,3065938,1
2018-05-28 21:26:38,963.3592,13350,0,-12860845,0
2018-05-28 21:26:59,12.7286,13330,0,169672,1
2018-05-28 21:27:00,93.6,13330,0,1247688,1
2018-05-28 21:30:07,481.1956,13370,0,6433585,1
2018-05-28 21:30:07,412.4758,13370,0,5514801,1
2018-05-28 21:31:17,37.55,13330,0,-500542,0
2018-05-28 21:31:57,124.7378,13310,0,-1660260,0
2018-05-28 21:33:38,33.7924,13260,0,448087,1
2018-05-28 21:33:46,128.4954,13270,0,1705134,1
2018-05-28 21:34:08,140.3,13290,0,-1864587,0
2018-05-28 21:34:12,859.7,13300,0,-11434010,0
2018-05-28 21:34:43,23.4334,13320,0,312133,1
2018-05-28 21:41:56,976.5666,13460,0,13144586,1
2018-05-28 21:43:37,3.9018,13430,0,-52401,0
2018-05-28 21:43:43,39.5591,13450,0,-532070,0
2018-05-28 21:43:59,187.0016,13460,0,-2517042,0
2018-05-28 21:44:03,769.5375,13460,0,-10357975,0
2018-05-28 21:53:45,20.4,13510,0,275604,1
2018-05-28 21:54:01,278.57561111,13500,0,3760771,1
2018-05-28 21:59:52,73.5588,13600,0,1000400,1
2018-05-28 21:59:52,627.4655,13590,0,8527256,1
2018-05-28 22:03:26,5.384e-05,13530,0,-1,0
2018-05-28 22:03:32,1.99,13560,0,-26984,0
2018-05-28 22:03:32,719.5622,13560,0,-9757263,0
2018-05-28 22:03:38,721.5523,13550,0,9777034,1
2018-05-28 22:08:36,310.3824,13510,0,-4193266,0
2018-05-28 22:10:18,689.6176,13500,0,-9309838,0
2018-05-28 22:17:48,2.2271,13470,0,29999,1
2018-05-28 22:17:48,100.0,13470,0,1347000,1
2018-05-28 22:17:48,296.3939,13470,0,3992426,1
2018-05-28 22:17:48,152.3286,13470,0,2051866,1
2018-05-28 22:17:48,174.4603,13470,0,2349980,1
2018-05-28 22:17:49,9.2443,13470,0,124521,1
2018-05-28 22:18:00,52.2732,13470,0,704120,1
2018-05-28 22:18:00,121.3554,13470,0,1634657,1
2018-05-28 22:18:00,1.763,13470,0,23748,1
2018-05-28 22:18:25,133.0341,13480,0,-1793300,0
2018-05-28 22:18:25,125.3734,13480,0,-1690033,0
2018-05-28 22:18:26,4.5136,13480,0,-60843,0
2018-05-28 22:19:46,3.4594,13500,0,46702,1
2018-05-28 22:20:23,349.4159,13510,0,4720609,1
2018-05-28 22:32:12,1000.0,13460,0,-13460000,0
2018-05-28 22:35:51,187.0372,13450,0,2515650,1
2018-05-28 22:35:51,1.1,13450,0,14795,1
2018-05-28 22:35:51,1.1,13450,0,14795,1
2018-05-28 22:35:51,222.8826,13450,0,2997771,1
2018-05-28 22:35:52,501.02,13450,0,6738719,1
2018-05-28 22:36:00,276.4162,13470,0,-3723326,0
2018-05-28 22:38:25,7.0,13500,0,94500,1
2018-05-28 22:40:07,49.2775,13480,0,664261,1
2018-05-28 22:45:54,10.0,13460,0,134600,1
2018-05-28 22:45:55,56.76,13460,0,763990,1
2018-05-28 22:46:56,759.761,13510,0,-10264371,0
2018-05-28 22:51:43,100.0,13570,0,1357000,1
2018-05-28 22:51:44,116.3952,13570,0,1579483,1
2018-05-28 22:51:44,33.3238,13570,0,452204,1
2018-05-28 22:51:44,385.5639,13570,0,5232102,1
2018-05-28 22:51:44,364.717,13570,0,4949210,1
2018-05-28 22:52:51,3.38506676,13570,0,-45935,0
2018-05-28 22:52:52,50.0,13570,0,-678500,0
2018-05-28 22:53:11,53.3851,13570,0,724436,1
2018-05-28 23:04:27,89.4083,13520,0,-1208800,0
2018-05-28 23:08:57,89.4083,13530,0,1209694,1
2018-05-28 23:12:53,988.4196,13550,0,-13393086,0
2018-05-28 23:12:53,5.7046,13550,0,-77297,0
2018-05-28 23:12:53,5.8758,13550,0,-79617,0
2018-05-28 23:18:32,75.2556,13580,0,1021971,1
2018-05-28 23:18:33,199.4768,13580,0,2708895,1
2018-05-28 23:27:16,128.5369,13570,0,1744246,1
2018-05-28 23:36:11,29.7757,13590,0,404652,1
2018-05-28 23:36:11,175.7951,13590,0,2389055,1
2018-05-28 23:36:11,20.9791,13590,0,285106,1
2018-05-28 23:36:12,370.1808,13590,0,5030757,1
2018-05-28 23:47:25,1000.0,13510,0,-13510000,0
2018-05-28 23:51:56,1000.0,13490,0,13490000,1
2018-05-28 23:55:02,1.5065,13440,0,-20247,0
2018-05-28 23:55:46,1.5065,13440,0,20247,1
2018-05-29 00:01:16,7.0,13400,0,-93800,0
2018-05-29 00:01:24,115.96292982,13410,0,-1555063,0
2018-05-29 00:01:28,471.0342,13410,0,-6316569,0
2018-05-29 00:02:33,593.9971,13410,0,7965501,1
2018-05-29 00:03:10,1000.0,13410,0,-13410000,0
2018-05-29 00:07:47,0.1702,13480,0,2294,1
2018-05-29 00:08:34,0.0007,13490,0,9,1
2018-05-29 00:09:17,74.4855,13470,0,1003320,1
2018-05-29 00:09:17,100.0,13470,0,1347000,1
2018-05-29 00:09:18,78.5,13470,0,1057395,1
2018-05-29 00:23:39,5.4046,13470,0,72800,1
2018-05-29 00:23:40,51.079,13470,0,688034,1
2018-05-29 00:23:40,690.3,13470,0,9298341,1
2018-05-29 00:23:43,0.06,13470,0,808,1
2018-05-29 00:28:36,348.9148,13440,0,-4689415,0
2018-05-29 00:33:44,0.6,13410,0,8046,1
2018-05-29 00:33:54,7.2713,13390,0,97363,1
2018-05-29 00:33:54,20.0,13390,0,267800,1
2018-05-29 00:33:54,150.0,13390,0,2008500,1
2018-05-29 00:34:09,171.0435,13380,0,2288562,1
2018-05-29 00:34:21,323.4744,13380,0,-4328087,0
2018-05-29 00:34:25,171.2152,13390,0,-2292572,0
2018-05-29 00:34:46,280.0,13390,0,-3749200,0
2018-05-29 00:35:42,249.0836,13390,0,3335229,1
2018-05-29 00:35:53,38.7426,13360,0,517601,1
2018-05-29 00:35:53,419.7146,13360,0,5607387,1
2018-05-29 00:35:53,65.1488,13360,0,870388,1
2018-05-29 00:35:53,2.0,13360,0,26720,1
2018-05-29 00:38:24,604.4927,13390,0,-8094157,0
2018-05-29 00:38:24,56.4,13390,0,-755196,0
2018-05-29 00:43:21,225.6394,13370,0,3016799,1
2018-05-29 00:44:19,435.2533,13370,0,5819337,1
2018-05-29 00:47:50,56.2448,13350,0,-750868,0
2018-05-29 00:48:28,13.9443,13400,0,186854,1
2018-05-29 00:48:28,42.3005,13400,0,566827,1
2018-05-29 01:07:12,175.3398,13300,0,-2332019,0
2018-05-29 01:08:45,824.6602,13300,0,-10967981,0
2018-05-29 01:09:57,106.8185,13330,0,1423891,1
2018-05-29 01:13:30,893.1815,13420,0,11986496,1
2018-05-29 01:15:41,340.7552973,13370,0,-4555898,0
2018-05-29 01:20:56,7.6257,13380,0,-102032,0
2018-05-29 01:25:12,36.8724,13390,0,-493721,0
2018-05-29 01:28:52,614.7465,13400,0,-8237603,0
2018-05-29 01:29:26,10.7598,13380,0,143966,1
2018-05-29 01:32:58,4.0079,13390,0,53666,1
2018-05-29 01:38:19,0.6,13360,0,8016,1
2018-05-29 01:42:23,4.0,13290,0,53160,1
2018-05-29 01:42:24,951.22,13290,0,12641714,1
2018-05-29 01:42:24,2.0,13290,0,26580,1
2018-05-29 01:42:24,4.0,13290,0,53160,1
2018-05-29 01:42:25,0.8,13290,0,10632,1
2018-05-29 01:42:26,0.8,13290,0,10632,1
2018-05-29 01:42:30,21.16,13290,0,281216,1
2018-05-29 01:42:36,0.6522,13290,0,8668,1
2018-05-29 01:44:09,269.2902,13300,0,-3581560,0
2018-05-29 01:44:13,223.4931,13290,0,-2970223,0
2018-05-29 01:44:26,90.3897,13300,0,-1202183,0
2018-05-29 01:57:46,3.0,13330,0,39990,1
2018-05-29 02:00:08,144.7694,13290,0,1923985,1
2018-05-29 02:00:37,564.5964,13280,0,-7497840,0
2018-05-29 02:05:23,461.6924,13250,0,6117424,1
2018-05-29 02:08:50,538.3076,13290,0,7154108,1
2018-05-29 02:17:21,179.67231739,13340,0,-2396829,0
2018-05-29 02:17:21,8.26e-05,13340,0,-1,0
2018-05-29 02:19:02,157.306,13380,0,2104754,1
2018-05-29 02:19:06,22.3664,13360,0,298815,1
2018-05-29 02:46:09,98.1285,13340,0,-1309034,0
2018-05-29 02:46:21,35.3205,13360,0,471882,1
2018-05-29 02:46:22,62.808,13360,0,839115,1
2018-05-29 03:14:07,224.6733,13370,0,-3003882,0
2018-05-29 03:14:07,0.1397,13370,0,-1868,0
2018-05-29 03:17:25,4.2205,13360,0,56386,1
2018-05-29 03:20:39,130.186,13410,0,1745794,1
2018-05-29 03:20:39,10.0,13410,0,134100,1
2018-05-29 03:20:43,10.0,13410,0,134100,1
2018-05-29 03:20:43,47.8264,13410,0,641352,1
2018-05-29 03:20:47,10.0,13410,0,134100,1
2018-05-29 03:20:48,12.5801,13410,0,168699,1
2018-05-29 03:45:57,1000.0,13340,0,-13340000,0
2018-05-29 04:05:32,88.183,13380,0,1179889,1
2018-05-29 04:05:32,45.7331,13380,0,611909,1
2018-05-29 04:05:32,68.84,13380,0,921079,1
2018-05-29 04:07:02,88.48,13380,0,1183862,1
2018-05-29 04:07:03,190.93,13380,0,2554643,1
2018-05-29 04:34:40,122.9314,13390,0,1646051,1
2018-05-29 04:37:39,213.0063,13450,0,2864935,1
2018-05-29 04:37:39,88.48,13450,0,1190056,1
2018-05-29 04:38:03,9.2627,13460,0,124676,1
2018-05-29 04:38:34,76.818,13470,0,1034738,1
2018-05-29 04:42:40,7.3355,13460,0,98736,1
2018-05-29 04:45:30,186.75,13510,0,-2522993,0
2018-05-29 04:45:42,142.996,13500,0,1930446,1
2018-05-29 04:45:43,15.254,13500,0,205929,1
2018-05-29 04:45:43,28.5,13500,0,384750,1
2018-05-29 05:54:05,49.71,13440,0,-668102,0
2018-05-29 05:56:07,49.71,13450,0,668600,1
2018-05-29 06:07:08,295.885,13300,0,-3935271,0
2018-05-29 06:08:49,704.115,13300,0,-9364730,0
2018-05-29 06:11:10,860.9085,13200,0,11363992,1
2018-05-29 06:11:10,139.0915,13200,0,1836008,1
2018-05-29 06:12:25,200.04,13240,0,-2648530,0
2018-05-29 06:12:25,179.3723,13240,0,-2374889,0
2018-05-29 06:12:25,200.04,13240,0,-2648530,0
2018-05-29 06:12:25,4.9999,13240,0,-66199,0
2018-05-29 06:14:01,584.4522,13220,0,7726458,1
2018-05-29 06:19:21,57.0075,13240,0,-754779,0
2018-05-29 06:19:29,76.9829,13240,0,-1019254,0
2018-05-29 06:19:48,34.9109,13240,0,-462220,0
2018-05-29 06:21:48,33.3463,13240,0,441505,1
2018-05-29 06:21:48,135.555,13240,0,1794748,1
2018-05-29 06:27:43,150.3287,13200,0,-1984339,0
2018-05-29 06:31:09,14.1086,13210,0,186375,1
2018-05-29 06:34:23,258.542,13250,0,-3425682,0
2018-05-29 06:34:38,16.9848,13260,0,-225218,0
2018-05-29 06:34:42,203.9488,13250,0,-2702322,0
2018-05-29 06:36:59,284.9933,13210,0,3764761,1
2018-05-29 06:36:59,0.6,13210,0,7926,1
2018-05-29 06:36:59,132.1449,13210,0,1745634,1
2018-05-29 06:37:03,0.5,13210,0,6605,1
2018-05-29 06:39:11,280.52,13240,0,-3714085,0
2018-05-29 06:39:11,46.80143479,13240,0,-619651,0
2018-05-29 06:40:06,9.9328,13240,0,131510,1
2018-05-29 06:51:50,37.3526,13170,0,491934,1
2018-05-29 06:52:17,0.0001,13170,0,-1,0
2018-05-29 06:52:22,92.393,13170,0,-1216816,0
2018-05-29 06:54:22,25.6425,13140,0,336942,1
2018-05-29 06:54:23,96.67,13140,0,1270244,1
2018-05-29 06:54:23,350.0,13140,0,4599000,1
2018-05-29 06:55:34,97.5741,13120,0,1280172,1
2018-05-29 07:11:25,180.0,13010,0,-2341800,0
2018-05-29 07:11:25,698.8824,13010,0,-9092460,0
2018-05-29 07:11:25,115.9193,13010,0,-1508110,0
2018-05-29 07:11:25,5.1983,13010,0,-67630,0
2018-05-29 07:12:40,7.6923,13000,0,100000,1
2018-05-29 07:12:41,0.07692307,13000,0,1000,1
2018-05-29 07:13:10,90.648,12980,0,1176611,1
2018-05-29 07:13:25,118.1328,12960,0,1531001,1
2018-05-29 07:13:25,192.9012,12960,0,2500000,1
2018-05-29 07:13:25,221.7033,12960,0,2873275,1
2018-05-29 07:13:25,27.7614,12960,0,359788,1
2018-05-29 07:13:26,341.0841,12960,0,4420450,1
2018-05-29 07:17:17,1000.0,12840,0,-12840000,0
2018-05-29 07:17:56,915.14,12880,0,11787003,1
2018-05-29 07:17:56,84.86,12880,0,1092997,1
2018-05-29 07:18:58,645.2655,12900,0,-8323925,0
2018-05-29 07:18:58,354.7345,12900,0,-4576075,0
2018-05-29 07:19:49,96.4922,12920,0,1246679,1
2018-05-29 07:19:59,68.565,12920,0,885860,1
2018-05-29 07:20:00,92.431,12920,0,1194209,1
2018-05-29 07:20:30,180.0,12910,0,2323800,1
2018-05-29 07:20:30,176.4692,12910,0,2278217,1
2018-05-29 07:20:30,4.0154,12910,0,51839,1
2018-05-29 07:20:31,382.0272,12910,0,4931971,1
2018-05-29 07:23:46,102.6436,12760,0,-1309732,0
2018-05-29 07:23:47,19.9269,12760,0,-254267,0
2018-05-29 07:24:24,122.5705,12790,0,1567677,1
2018-05-29 07:28:19,0.9,12730,0,-11457,0
2018-05-29 07:28:20,9.1,12730,0,-115843,0
2018-05-29 07:28:30,10.0,12710,0,127100,1
2018-05-29 07:30:11,2.7885,12720,0,-35470,0
2018-05-29 07:30:12,1.2105,12720,0,-15398,0
2018-05-29 07:30:17,3.999,12720,0,50867,1
2018-05-29 07:30:59,243.6167,12770,0,-3110985,0
2018-05-29 07:31:22,105.6,12840,0,-1355904,0
2018-05-29 07:31:22,490.0,12840,0,-6291600,0
2018-05-29 07:31:29,11.8258,12860,0,152080,1
2018-05-29 07:32:35,282.6389,12810,0,3620604,1
2018-05-29 07:32:35,33.062,12810,0,423524,1
2018-05-29 07:32:35,511.69,12810,0,6554749,1
2018-05-29 07:33:07,32.8474,12810,0,-420775,0
2018-05-29 07:33:19,32.8474,12820,0,421104,1
2018-05-29 07:34:27,89.15957125,12880,0,-1148375,0
2018-05-29 07:34:28,910.84042874,12880,0,-11731625,0
2018-05-29 07:34:59,100.0,12910,0,1291000,1
2018-05-29 07:34:59,128.9772,12910,0,1665096,1
2018-05-29 07:34:59,20.0,12910,0,258200,1
2018-05-29 07:34:59,65.8199,12910,0,849735,1
2018-05-29 07:38:11,207.3483,12860,0,2666499,1
2018-05-29 07:38:12,0.6,12860,0,7716,1
2018-05-29 07:38:12,171.6285,12860,0,2207143,1
2018-05-29 07:38:16,305.6261,12860,0,3930352,1
2018-05-29 07:46:35,0.93,12860,0,-11960,0
2018-05-29 07:47:21,999.07,12830,0,-12818068,0
2018-05-29 07:48:12,78.90304176,12810,0,1010748,1
2018-05-29 07:48:12,100.9404,12810,0,1293047,1
2018-05-29 07:49:48,27.315,12850,0,350998,1
2018-05-29 07:49:48,150.0,12850,0,1927500,1
2018-05-29 07:49:49,145.7821,12850,0,1873300,1
2018-05-29 07:49:49,3.4,12850,0,43690,1
2018-05-29 07:49:50,493.6595,12850,0,6343525,1
2018-05-29 07:59:25,2.9,13010,0,-37729,0
2018-05-29 07:59:50,258.8286,13020,0,-3369948,0
2018-05-29 07:59:50,20.0,13020,0,-260400,0
2018-05-29 08:01:16,68.2362,12960,0,884341,1
2018-05-29 08:01:16,116.1445,12960,0,1505233,1
2018-05-29 08:01:40,902.6521,12980,0,-11716424,0
2018-05-29 08:06:52,1000.0,12990,0,12990000,1
2018-05-29 08:16:59,8.6561,12990,0,-112443,0
2018-05-29 08:16:59,206.7167,12990,0,-2685250,0
2018-05-29 08:18:42,215.3728,12960,0,2791231,1
2018-05-29 08:21:16,146.0056,12920,0,-1886392,0
2018-05-29 08:21:16,179.9999,12920,0,-2325599,0
2018-05-29 08:24:39,326.0055,12890,0,4202211,1
2018-05-29 08:31:45,37.0407,12860,0,-476343,0
2018-05-29 08:32:21,491.60269066,12860,0,-6322011,0
2018-05-29 08:32:21,95.8802,12860,0,-1233019,0
2018-05-29 08:32:21,149.99990933,12860,0,-1928999,0
2018-05-29 08:33:53,774.5235,12840,0,9944882,1
2018-05-29 08:34:12,11.9386,12850,0,-153411,0
2018-05-29 08:34:12,36.2472,12850,0,-465777,0
2018-05-29 08:34:16,125.0,12850,0,-1606250,0
2018-05-29 08:35:21,147.4851,12850,0,-1895184,0
2018-05-29 08:36:17,261.8085,12830,0,-3359003,0
2018-05-29 08:37:25,50.0,12780,0,639000,1
2018-05-29 08:37:25,40.1734,12780,0,513416,1
2018-05-29 08:40:29,74.8432,12770,0,955748,1
2018-05-29 08:41:33,417.4628,12760,0,5326825,1
2018-05-29 08:52:25,9.88,12780,0,-126266,0
2018-05-29 08:53:16,98.5528,12770,0,-1258519,0
2018-05-29 08:53:31,3.035,12760,0,-38727,0
2018-05-29 08:53:31,19.0178,12760,0,-242667,0
2018-05-29 08:55:21,320.0843,12770,0,-4087477,0
2018-05-29 08:55:47,450.5699,12780,0,5758283,1
2018-05-29 08:57:51,5.12444878,12770,0,-65439,0
2018-05-29 08:57:56,994.87555121,12770,0,-12704561,0
2018-05-29 09:03:39,62.0681,12850,0,797575,1
2018-05-29 09:06:13,24.8441,12840,0,318998,1
2018-05-29 09:06:13,4.5171,12840,0,58000,1
2018-05-29 09:06:13,2.2072,12840,0,28340,1
2018-05-29 09:06:14,56.0208,12840,0,719307,1
2018-05-29 09:06:14,4.1937,12840,0,53847,1
2018-05-29 09:06:14,9.4359,12840,0,121157,1
2018-05-29 09:06:14,28.3077,12840,0,363471,1
2018-05-29 09:06:14,30.0,12840,0,385200,1
2018-05-29 09:07:01,5.8149,12850,0,74721,1
2018-05-29 09:08:52,3.1495,12810,0,40345,1
2018-05-29 09:19:31,229.023,12900,0,2954397,1
2018-05-29 09:19:31,5.0,12900,0,64500,1
2018-05-29 09:19:31,53.6734,12900,0,692387,1
2018-05-29 09:19:34,267.1898,12900,0,3446748,1
2018-05-29 09:19:40,214.5548,12900,0,2767757,1
2018-05-29 09:35:46,160.0,12890,0,-2062400,0
2018-05-29 09:37:15,88.6542,12870,0,1140980,1
2018-05-29 09:37:15,43.0825,12870,0,554472,1
2018-05-29 09:46:40,28.2633,12960,0,366292,1
2018-05-29 09:49:22,24.9718,12920,0,-322636,0
2018-05-29 09:50:54,24.9718,12940,0,323135,1
2018-05-29 09:51:57,8.3051,12950,0,-107551,0
2018-05-29 09:52:47,8.3051,12960,0,107634,1
2018-05-29 09:58:36,10.0,12950,0,-129500,0
2018-05-29 10:00:44,0.4959,12950,0,6422,1
2018-05-29 10:00:53,9.652e-05,12950,0,1,1
2018-05-29 10:00:57,9.504,12960,0,123172,1
2018-05-29 10:11:19,2.4826,12920,0,-32075,0
2018-05-29 10:13:14,2.4826,12890,0,32001,1
2018-05-29 10:14:22,1000.0,12900,0,-12900000,0
2018-05-29 10:15:02,899.1344,12890,0,11589842,1
2018-05-29 10:15:02,100.8656,12890,0,1300158,1
2018-05-29 10:19:15,22.6091129,12860,0,-290753,0
2018-05-29 10:19:16,306.7555,12860,0,-3944876,0
2018-05-29 10:21:13,26.499,12860,0,-340777,0
2018-05-29 10:22:13,80.21256168,12840,0,-1029929,0
2018-05-29 10:22:13,11.982,12840,0,-153849,0
2018-05-29 10:22:13,347.7189,12840,0,-4464711,0
2018-05-29 10:22:13,204.22293831,12840,0,-2622223,0
2018-05-29 10:22:46,1000.0,12810,0,12810000,1
2018-05-29 10:33:10,27.1762,12770,0,-347040,0
2018-05-29 10:33:57,27.1762,12750,0,346497,1
2018-05-29 10:39:37,97.0705,12670,0,-1229883,0
2018-05-29 10:39:58,0.015,12650,0,190,1
2018-05-29 10:39:58,23.3406,12650,0,295259,1
2018-05-29 10:40:02,1.5272,12640,0,19304,1
2018-05-29 10:40:02,72.1877,12640,0,912453,1
2018-05-29 10:40:43,887.776,12630,0,-11212611,0
2018-05-29 10:41:45,156.9184,12660,0,1986587,1
2018-05-29 10:42:04,730.8576,12640,0,9238040,1
2018-05-29 10:42:39,575.766,12670,0,-7294955,0
2018-05-29 10:45:17,90.0679,12780,0,1151068,1
2018-05-29 10:45:17,485.6981,12780,0,6207222,1
2018-05-29 10:46:38,106.2678,12810,0,-1361291,0
2018-05-29 10:47:24,0.9449,12790,0,12085,1
2018-05-29 10:47:24,20.0,12790,0,255800,1
2018-05-29 10:47:24,80.12,12790,0,1024735,1
2018-05-29 10:47:25,0.3671,12790,0,4695,1
2018-05-29 10:47:28,4.8358,12800,0,61898,1
2018-05-29 10:52:52,4.7006,12800,0,-60168,0
2018-05-29 10:52:52,180.1262,12800,0,-2305615,0
2018-05-29 10:52:52,350.0,12800,0,-4480000,0
2018-05-29 10:52:53,20.0,12800,0,-256000,0
2018-05-29 10:52:53,9.985,12800,0,-127808,0
2018-05-29 10:54:17,27.9552,12810,0,358106,1
2018-05-29 10:54:18,5.0,12810,0,64050,1
2018-05-29 10:54:33,4.0,12800,0,51200,1
2018-05-29 10:54:33,517.5113,12800,0,6624145,1
2018-05-29 10:56:04,1.2114,12800,0,15506,1
2018-05-29 10:57:16,9.1339,12820,0,117097,1
2018-05-29 11:02:47,162.9422,12800,0,-2085660,0
2018-05-29 11:02:51,155.1209,12800,0,-1985548,0
2018-05-29 11:04:31,4.7846,12810,0,61291,1
2018-05-29 11:09:59,443.34013973,12810,0,-5679187,0
2018-05-29 11:09:59,8.0,12810,0,-102480,0
2018-05-29 11:11:52,32.0,12810,0,409920,1
2018-05-29 11:11:57,732.6186,12800,0,9377518,1
2018-05-29 11:20:24,3.5514,12820,0,-45529,0
2018-05-29 11:21:00,3.5514,12800,0,45458,1
2018-05-29 11:21:31,877.6847,12790,0,-11225587,0
2018-05-29 11:22:27,22.0,12790,0,281380,1
2018-05-29 11:22:27,44.5972,12790,0,570398,1
2018-05-29 11:23:22,811.0875,12790,0,10373809,1
2018-05-29 11:46:57,43.6108,12720,0,-554729,0
2018-05-29 11:49:04,43.6108,12760,0,556474,1
2018-05-29 12:03:09,1000.0,12780,0,-12780000,0
2018-05-29 12:06:01,1000.0,12790,0,12790000,1
2018-05-29 12:12:05,10.0,12820,0,-128200,0
2018-05-29 12:12:05,0.1001,12820,0,-1283,0
2018-05-29 12:12:05,10.0,12820,0,-128200,0
2018-05-29 12:12:05,10.0,12820,0,-128200,0
2018-05-29 12:12:06,20.5296,12820,0,-263189,0
2018-05-29 12:12:06,0.5,12820,0,-6410,0
2018-05-29 12:12:49,51.1297,12840,0,656505,1
2018-05-29 12:37:19,1000.0,12930,0,-12930000,0
2018-05-29 12:39:54,727.85330333,12890,0,9382029,1
2018-05-29 12:39:54,76.6453,12890,0,987958,1
2018-05-29 12:39:54,186.06549666,12890,0,2398384,1
2018-05-29 12:39:54,9.4359,12890,0,121629,1
2018-05-29 12:53:57,11.4832,12940,0,-148593,0
2018-05-29 12:54:48,480.9957,12930,0,-6219274,0
2018-05-29 12:54:48,179.7392,12930,0,-2324028,0
2018-05-29 12:58:03,644.1908,12910,0,8316503,1
2018-05-29 12:58:03,28.0273,12910,0,361832,1
2018-05-29 12:58:44,360.2167,12910,0,-4650398,0
2018-05-29 13:02:39,1.0,12870,0,-12870,0
2018-05-29 13:02:59,38.5065,12860,0,495194,1
2018-05-29 13:03:00,60.3,12860,0,775458,1
2018-05-29 13:16:22,262.4102,12910,0,3387716,1
2018-05-29 13:39:27,108.1505,12880,0,-1392978,0
2018-05-29 13:39:27,72.482,12880,0,-933568,0
2018-05-29 13:41:30,1.0909,12900,0,-14073,0
2018-05-29 13:43:06,60.5827,12880,0,780305,1
2018-05-29 13:43:06,101.1407,12880,0,1302692,1
2018-05-29 13:43:06,20.0,12880,0,257600,1
2018-05-29 14:03:50,4.708e-05,12850,0,-1,0
2018-05-29 14:03:51,19.44,12850,0,-249804,0
2018-05-29 14:04:52,19.4401,12820,0,249222,1
2018-05-29 14:06:53,215.0,12780,0,-2747700,0
2018-05-29 14:09:12,215.0,12710,0,2732650,1
2018-05-29 14:10:57,269.7699,12710,0,-3428775,0
2018-05-29 14:11:16,269.7699,12700,0,3426078,1
2018-05-29 14:11:35,91.0367,12710,0,-1157076,0
2018-05-29 14:12:12,3.6876,12690,0,46796,1
2018-05-29 14:12:12,20.2729,12690,0,257263,1
2018-05-29 14:12:13,67.0762,12690,0,851197,1
2018-05-29 14:19:48,13.5794,12440,0,-168928,0
2018-05-29 14:19:48,1.1,12440,0,-13684,0
2018-05-29 14:19:53,1.5233,12470,0,18996,1
2018-05-29 14:19:53,13.1561,12470,0,164057,1
2018-05-29 14:20:45,1000.0,12400,0,-12400000,0
2018-05-29 14:21:09,124.1908,12370,0,1536240,1
2018-05-29 14:21:09,875.8092,12370,0,10833760,1
2018-05-29 14:21:52,265.2325,12440,0,-3299492,0
2018-05-29 14:21:56,648.5483,12450,0,-8074426,0
2018-05-29 14:22:16,825.5448,12410,0,10245011,1
2018-05-29 14:22:16,88.236,12410,0,1095009,1
2018-05-29 14:22:52,372.4378,12410,0,-4621953,0
2018-05-29 14:23:33,32.7339,12420,0,406555,1
2018-05-29 14:23:33,246.895,12420,0,3066436,1
2018-05-29 14:24:29,69.27908938,12430,0,861139,1
2018-05-29 14:24:29,23.52981061,12430,0,292476,1
2018-05-29 14:25:45,72.7667,12340,0,-897941,0
2018-05-29 14:25:45,47.9911,12340,0,-592210,0
2018-05-29 14:25:57,120.7578,12370,0,1493774,1
2018-05-29 14:27:00,73.5416,12400,0,-911916,0
2018-05-29 14:27:05,72.7767,12390,0,-901703,0
2018-05-29 14:27:05,137.7939,12390,0,-1707266,0
2018-05-29 14:28:50,284.1122,12400,0,3522991,1
2018-05-29 14:30:37,196.74523786,12360,0,-2431771,0
2018-05-29 14:30:37,145.8798,12360,0,-1803074,0
2018-05-29 14:30:37,8.08386213,12360,0,-99917,0
2018-05-29 14:30:47,247.64,12370,0,-3063307,0
2018-05-29 14:32:55,341.6,12390,0,4232424,1
2018-05-29 14:32:55,8.022,12390,0,99393,1
2018-05-29 14:32:55,20.1775,12390,0,249999,1
2018-05-29 14:32:55,6.4931,12390,0,80450,1
2018-05-29 14:33:41,19.7212,12410,0,244740,1
2018-05-29 14:33:53,24.8482,12380,0,307621,1
2018-05-29 14:34:13,109.0244,12370,0,-1348632,0
2018-05-29 14:34:44,276.5113,12360,0,3417680,1
2018-05-29 14:34:44,10.0,12360,0,123600,1
2018-05-29 14:38:42,108.0518,12310,0,-1330118,0
2018-05-29 14:38:46,11.2414,12310,0,-138382,0
2018-05-29 14:38:50,29.3308,12300,0,-360769,0
2018-05-29 14:41:17,7.2842,12310,0,89669,1
2018-05-29 14:41:18,134.2087,12310,0,1652109,1
2018-05-29 14:41:18,7.1311,12310,0,87784,1
2018-05-29 14:46:46,59.4064,12320,0,-731887,0
2018-05-29 14:47:42,0.0001,12330,0,1,1
2018-05-29 14:47:48,59.4063,12340,0,733074,1
2018-05-29 14:57:22,451.8,12310,0,-5561658,0
2018-05-29 14:57:26,21.4974,12320,0,-264848,0
2018-05-29 15:01:03,178.7459,12260,0,-2191425,0
2018-05-29 15:06:51,490.2065,12350,0,6054050,1
2018-05-29 15:07:23,10.0,12350,0,123500,1
2018-05-29 15:07:34,0.6,12330,0,7398,1
2018-05-29 15:07:34,151.2368,12330,0,1864750,1
2018-05-29 15:10:03,10.0,12250,0,-122500,0
2018-05-29 15:12:36,10.0,12250,0,122500,1
2018-05-29 15:15:25,8.3407,12100,0,-100922,0
2018-05-29 15:16:22,8.3407,12080,0,100756,1
2018-05-29 15:16:59,1000.0,12100,0,-12100000,0
2018-05-29 15:21:29,25.0,12070,0,301750,1
2018-05-29 15:21:29,251.8951,12070,0,3040374,1
2018-05-29 15:21:30,81.3796,12070,0,982252,1
2018-05-29 15:22:17,641.7253,12060,0,7739207,1
2018-05-29 15:24:40,514.1328,12000,0,-6169594,0
2018-05-29 15:28:54,41.6938,11970,0,499075,1
2018-05-29 15:28:54,104.4277,11970,0,1250000,1
2018-05-29 15:28:54,250.2085,11970,0,2994996,1
2018-05-29 15:29:30,157.0799,11950,0,-1877105,0
2018-05-29 15:29:37,140.0967,11960,0,1675557,1
2018-05-29 15:30:05,134.786,11970,0,1613388,1
2018-05-29 15:31:46,938.06135952,12020,0,-11275498,0
2018-05-29 15:31:46,61.93864047,12020,0,-744502,0
2018-05-29 15:36:39,3.0,12080,0,36240,1
2018-05-29 15:36:39,846.84565177,12080,0,10229895,1
2018-05-29 15:36:39,50.81654822,12080,0,613864,1
2018-05-29 15:36:39,99.3378,12080,0,1200001,1
2018-05-29 15:37:09,95.862,12080,0,-1158013,0
2018-05-29 15:38:53,78.70545177,12070,0,949975,1
2018-05-29 15:38:53,17.15654822,12070,0,207080,1
2018-05-29 15:41:38,849.471,12000,0,-10193652,0
2018-05-29 15:41:38,21.1582,12000,0,-253898,0
2018-05-29 15:41:38,43.28,12000,0,-519360,0
2018-05-29 15:43:16,238.62843669,11990,0,2861155,1
2018-05-29 15:43:16,277.1520633,11990,0,3323053,1
2018-05-29 15:43:16,398.1287,11990,0,4773563,1
2018-05-29 15:43:45,20.9,12050,0,-251845,0
2018-05-29 15:45:20,144.327,12050,0,-1739140,0
2018-05-29 15:45:20,10.0,12050,0,-120500,0
2018-05-29 15:47:34,175.227,12100,0,2120247,1
2018-05-29 15:51:55,174.1421,12080,0,-2103637,0
2018-05-29 15:51:55,73.061,12080,0,-882577,0
2018-05-29 15:53:38,7.7787,12060,0,93811,1
2018-05-29 15:53:38,42.5822,12060,0,513541,1
2018-05-29 15:53:39,102.2239,12060,0,1232820,1
2018-05-29 15:53:39,61.4508,12060,0,741097,1
2018-05-29 15:53:39,33.1675,12060,0,400000,1
2018-05-29 15:57:30,58.5714,12090,0,-708128,0
2018-05-29 15:58:51,10.0,12100,0,121000,1
2018-05-29 15:58:51,21.17,12100,0,256157,1
2018-05-29 15:58:55,27.4014,12110,0,331831,1
2018-05-29 16:01:05,1000.0,12070,0,-12070000,0
2018-05-29 16:04:04,31.7,12160,0,385472,1
2018-05-29 16:06:15,200.0,12190,0,2438000,1
2018-05-29 16:18:35,768.3,12260,0,9419358,1
2018-05-29 16:19:35,39.94,12240,0,-488866,0
2018-05-29 16:22:00,287.6666,12310,0,-3541176,0
2018-05-29 16:22:05,1.3,12300,0,-15990,0
2018-05-29 16:24:57,43.5,12420,0,-540270,0
2018-05-29 16:25:03,627.5934,12410,0,-7788434,0
2018-05-29 16:26:32,1000.0,12380,0,12380000,1
2018-05-29 16:30:20,131.2067,12370,0,-1623027,0
2018-05-29 16:30:33,834.0936,12360,0,-10309397,0
2018-05-29 16:32:57,965.3003,12330,0,11902153,1
2018-05-29 16:49:42,111.0,12310,0,-1366410,0
2018-05-29 16:51:11,111.0,12360,0,1371960,1
2018-05-29 17:01:48,113.17,12440,0,-1407835,0
2018-05-29 17:01:48,649.39507909,12440,0,-8078475,0
2018-05-29 17:01:52,143.9635,12440,0,-1790906,0
2018-05-29 17:04:58,60.5357,12440,0,753064,1
2018-05-29 17:08:52,4.7189,12380,0,58420,1
2018-05-29 17:08:55,242.3263,12380,0,3000000,1
2018-05-29 17:08:58,29.51,12380,0,365334,1
2018-05-29 17:08:59,242.3263,12380,0,3000000,1
2018-05-29 17:09:08,52.15,12380,0,645617,1
2018-05-29 17:09:16,100.0,12380,0,1238000,1
2018-05-29 17:09:49,174.9614,12380,0,2166022,1
2018-05-29 17:11:51,199.0,12410,0,-2469590,0
2018-05-29 17:11:51,150.0,12410,0,-1861500,0
2018-05-29 17:11:51,419.20650241,12410,0,-5202353,0
2018-05-29 17:11:51,231.79349758,12410,0,-2876557,0
2018-05-29 17:14:45,120.0,12490,0,1498800,1
2018-05-29 17:14:45,11.4114,12490,0,142528,1
2018-05-29 17:14:45,9.015,12490,0,112597,1
2018-05-29 17:16:39,65.8873,12510,0,824250,1
2018-05-29 17:16:50,793.6863,12500,0,9921079,1
2018-05-29 17:27:39,267.9561,12420,0,-3328015,0
2018-05-29 17:27:40,37.934,12420,0,-471140,0
2018-05-29 17:27:41,694.1099,12420,0,-8620845,0
2018-05-29 17:27:45,45.33,12400,0,562092,1
2018-05-29 17:27:45,60.7072,12400,0,752769,1
2018-05-29 17:27:49,893.9628,12390,0,11076199,1
2018-05-29 17:29:17,91.9756,12390,0,-1139578,0
2018-05-29 17:29:22,908.0244,12400,0,-11259503,0
2018-05-29 17:38:31,123.5336,12460,0,1539229,1
2018-05-29 17:39:56,0.0191,12460,0,238,1
2018-05-29 17:40:11,876.4473,12450,0,10911769,1
2018-05-29 17:44:47,1.2,12420,0,-14904,0
2018-05-29 17:44:47,289.265,12420,0,-3592671,0
2018-05-29 17:46:47,290.465,12450,0,3616289,1
2018-05-29 17:54:30,3.998,12490,0,-49935,0
2018-05-29 17:55:11,3.998,12470,0,49855,1
2018-05-29 18:03:40,748.28029983,12470,0,-9331055,0
2018-05-29 18:03:40,182.8755,12470,0,-2280457,0
2018-05-29 18:03:40,68.84420016,12470,0,-858487,0
2018-05-29 18:08:34,173.5632,12410,0,2153919,1
2018-05-29 18:09:02,826.4368,12400,0,10247816,1
2018-05-29 18:10:12,17.2165,12340,0,-212452,0
2018-05-29 18:10:18,25.5269,12320,0,-314491,0
2018-05-29 18:10:59,42.7434,12310,0,526171,1
2018-05-29 18:15:32,31.4701,12350,0,-388656,0
2018-05-29 18:16:44,31.4701,12340,0,388341,1
2018-05-29 18:22:28,90.9,12340,0,-1121706,0
2018-05-29 18:22:28,18.2171,12340,0,-224799,0
2018-05-29 18:22:28,160.2747,12340,0,-1977790,0
2018-05-29 18:23:37,472.2613,12310,0,-5813537,0
2018-05-29 18:26:43,24.35064935,12320,0,300000,1
2018-05-29 18:26:43,183.7249,12320,0,2263491,1
2018-05-29 18:27:34,533.5775,12290,0,6557667,1
2018-05-29 18:35:03,1000.0,12280,0,-12280000,0
2018-05-29 18:36:02,175.6201,12260,0,2153102,1
2018-05-29 18:36:02,23.2177,12260,0,284649,1
2018-05-29 18:36:03,344.5025,12260,0,4223601,1
2018-05-29 18:36:03,350.8676,12260,0,4301637,1
2018-05-29 18:36:03,88.3788,12260,0,1083524,1
2018-05-29 18:36:03,17.4133,12260,0,213487,1
2018-05-29 18:37:18,66.816,12270,0,-819832,0
2018-05-29 18:37:18,19.6898,12270,0,-241594,0
2018-05-29 18:37:51,4.881e-05,12270,0,-1,0
2018-05-29 18:37:52,25.41875118,12270,0,-311888,0
2018-05-29 18:38:33,30.9501,12270,0,-379758,0
2018-05-29 18:39:51,142.8747,12250,0,1750215,1
2018-05-29 18:41:17,78.4274,12300,0,-964657,0
2018-05-29 18:41:17,5.0,12300,0,-61500,0
2018-05-29 18:41:17,593.65013645,12300,0,-7301897,0
2018-05-29 18:41:17,50.0,12300,0,-615000,0
2018-05-29 18:41:17,239.80296354,12300,0,-2949576,0
2018-05-29 18:41:17,10.0,12300,0,-123000,0
2018-05-29 18:41:17,23.1195,12300,0,-284370,0
2018-05-29 18:42:57,0.8006,12360,0,9895,1
2018-05-29 18:44:37,279.99,12380,0,3466276,1
2018-05-29 18:44:37,30.5213,12380,0,377854,1
2018-05-29 18:44:41,232.4089,12390,0,2879546,1
2018-05-29 18:44:57,1.9902,12380,0,24639,1
2018-05-29 18:45:30,454.289,12350,0,5610469,1
2018-05-29 18:49:59,10.3835,12370,0,-128444,0
2018-05-29 18:52:09,10.3835,12390,0,128652,1
2018-05-29 18:56:32,372.0556,12380,0,-4606048,0
2018-05-29 18:56:44,627.9444,12380,0,-7773952,0
2018-05-29 18:59:05,1000.0,12430,0,12430000,1
2018-05-29 19:14:21,95.1678,12380,0,-1178177,0
2018-05-29 19:14:21,0.0001,12380,0,-1,0
2018-05-29 19:17:00,85.6843,12370,0,1059915,1
2018-05-29 19:17:00,9.4836,12370,0,117312,1
2018-05-29 19:22:10,147.8921,12390,0,-1832383,0
2018-05-29 19:22:27,852.1079,12420,0,-10583180,0
2018-05-29 19:23:41,14.4648,12430,0,179797,1
2018-05-29 19:23:41,63.5528,12430,0,789961,1
2018-05-29 19:23:41,4.8766,12430,0,60616,1
2018-05-29 19:23:41,917.1058,12430,0,11399625,1
2018-05-29 19:31:14,292.3219,12460,0,-3642331,0
2018-05-29 19:35:06,44.9341,12460,0,-559879,0
2018-05-29 19:36:46,268.9926,12520,0,-3367787,0
2018-05-29 19:38:25,18.2913,12490,0,228458,1
2018-05-29 19:38:25,50.0,12490,0,624500,1
2018-05-29 19:38:25,1.0,12490,0,12490,1
2018-05-29 19:38:26,536.9573,12490,0,6706597,1
2018-05-29 19:41:12,765.0,12580,0,-9623700,0
2018-05-29 19:42:59,544.921,12580,0,6855106,1
2018-05-29 19:42:59,8.3639,12590,0,105302,1
2018-05-29 19:43:00,200.0,12580,0,2516000,1
2018-05-29 19:43:08,11.7151,12580,0,147376,1
2018-05-29 19:52:41,1000.0,12700,0,-12700000,0
2018-05-29 19:53:12,141.7392,12690,0,1798670,1
2018-05-29 19:53:12,84.0874,12690,0,1067069,1
2018-05-29 19:53:12,300.0,12690,0,3807000,1
2018-05-29 19:53:12,142.5189,12690,0,1808565,1
2018-05-29 19:53:13,331.6545,12690,0,4208696,1
2018-05-29 19:55:38,1000.0,12650,0,-12650000,0
2018-05-29 19:57:10,336.1835,12680,0,4262807,1
2018-05-29 20:00:14,5.0,12710,0,63550,1
2018-05-29 20:00:14,577.1975,12710,0,7336180,1
2018-05-29 20:00:15,15.8826,12710,0,201868,1
2018-05-29 20:00:15,1.6902,12710,0,21482,1
2018-05-29 20:00:34,375.7199,12700,0,-4771643,0
2018-05-29 20:01:00,560.2338,12780,0,-7159788,0
2018-05-29 20:02:14,999.9999,12950,0,12949999,1
2018-05-29 20:06:24,24.0406,12980,0,-312047,0
2018-05-29 20:06:24,96.4,12980,0,-1251272,0
2018-05-29 20:07:10,120.4406,13050,0,1571750,1
2018-05-29 20:11:27,116.7297,12970,0,-1513984,0
2018-05-29 20:11:27,241.2452,12970,0,-3128950,0
2018-05-29 20:11:27,12.5914,12970,0,-163310,0
2018-05-29 20:11:38,350.2754,12980,0,-4546575,0
2018-05-29 20:11:46,370.5663,12980,0,4809951,1
2018-05-29 20:13:08,350.2754,12890,0,4515050,1
2018-05-29 20:15:44,38.0493,12890,0,-490455,0
2018-05-29 20:17:47,4.0,12940,0,51760,1
2018-05-29 20:18:08,6.124e-05,12920,0,1,1
2018-05-29 20:18:59,34.0493,12910,0,439576,1
2018-05-29 20:26:26,857.4622,13010,0,-11155583,0
2018-05-29 20:27:11,815.8012,13080,0,10670680,1
2018-05-29 20:27:34,41.661,13160,0,548259,1
2018-05-29 20:29:08,95.1627,13110,0,-1247583,0
2018-05-29 20:29:26,904.8373,13130,0,-11880514,0
2018-05-29 20:33:12,94.79054462,13220,0,1253131,1
2018-05-29 20:33:12,5.0,13220,0,66100,1
2018-05-29 20:33:12,34.26,13220,0,452917,1
2018-05-29 20:34:00,44.0448,13330,0,587117,1
2018-05-29 20:34:00,502.8986,13330,0,6703638,1
2018-05-29 20:34:00,319.006,13330,0,4252350,1
2018-05-29 20:35:31,243.1742,13280,0,-3229353,0
2018-05-29 20:37:12,243.1742,13250,0,3222058,1
2018-05-29 20:40:26,3.7653,13200,0,-49702,0
2018-05-29 20:40:48,3.7653,13180,0,49627,1
2018-05-29 20:44:07,5.0,13130,0,-65650,0
2018-05-29 20:44:25,5.0,13100,0,65500,1
2018-05-29 20:44:37,761.4,13110,0,-9981954,0
2018-05-29 20:44:37,124.2636,13110,0,-1629096,0
2018-05-29 20:45:02,885.6636,13100,0,11602193,1
2018-05-29 20:47:41,9.23629467,13130,0,-121273,0
2018-05-29 20:47:48,1.0,13140,0,-13140,0
2018-05-29 20:48:09,6.0006,13130,0,-78788,0
2018-05-29 20:48:13,50.2323,13120,0,-659048,0
2018-05-29 20:48:25,34.4455,13120,0,-451925,0
2018-05-29 20:49:56,64.736,13180,0,853220,1
2018-05-29 20:49:57,27.21972685,13180,0,358756,1
2018-05-29 20:49:58,8.95897314,13180,0,118079,1
2018-05-29 20:52:26,60.9627,13210,0,-805317,0
2018-05-29 20:52:26,201.3335,13210,0,-2659616,0
2018-05-29 20:52:26,114.8383,13210,0,-1517014,0
2018-05-29 20:52:27,180.0,13210,0,-2377800,0
2018-05-29 20:52:27,12.0,13210,0,-158520,0
2018-05-29 20:52:27,21.6093,13210,0,-285459,0
2018-05-29 20:53:10,547.1764,13170,0,7206313,1
2018-05-29 20:53:25,25.43397425,13170,0,-334965,0
2018-05-29 20:53:25,89.70292574,13170,0,-1181388,0
2018-05-29 20:53:30,21.4334,13170,0,-282278,0
2018-05-29 20:55:00,819.8623,13170,0,-10797586,0
2018-05-29 20:55:31,221.5748,13120,0,2907061,1
2018-05-29 20:55:31,778.4252,13120,0,10212939,1
2018-05-29 20:56:28,70.4869,13090,0,-922674,0
2018-05-29 20:57:15,8.0,13120,0,-104960,0
2018-05-29 20:58:13,78.4869,13100,0,1028178,1
2018-05-29 20:59:23,79.3223,13120,0,-1040709,0
2018-05-29 20:59:23,159.52,13120,0,-2092902,0
2018-05-29 20:59:23,293.3713,13120,0,-3849031,0
2018-05-29 20:59:23,246.5319,13120,0,-3234499,0
2018-05-29 21:00:09,0.566,13140,0,7437,1
2018-05-29 21:01:30,0.3177441,13150,0,4178,1
2018-05-29 21:07:18,38.4765,13260,0,510198,1
2018-05-29 21:07:19,238.665,13260,0,3164698,1
2018-05-29 21:09:15,500.7203,13240,0,6629537,1
2018-05-29 21:12:31,131.7689,13150,0,-1732761,0
2018-05-29 21:12:36,24.5958,13150,0,-323435,0
2018-05-29 21:12:57,16.4896,13160,0,-217003,0
2018-05-29 21:14:15,827.1457,13190,0,-10910052,0
2018-05-29 21:17:27,200.1156,13140,0,2629519,1
2018-05-29 21:17:27,25.9506,13140,0,340991,1
2018-05-29 21:17:27,416.6254,13140,0,5474458,1
2018-05-29 21:17:27,196.2884,13140,0,2579230,1
2018-05-29 21:17:27,3.03,13140,0,39814,1
2018-05-29 21:17:27,157.99,13140,0,2075989,1
2018-05-29 21:25:13,1000.0,13100,0,-13100000,0
2018-05-29 21:25:47,10.0,13060,0,130600,1
2018-05-29 21:25:53,627.5761,13060,0,8196144,1
2018-05-29 21:25:53,2.7,13060,0,35262,1
2018-05-29 21:25:54,1.6,13060,0,20896,1
2018-05-29 21:25:54,2.8,13060,0,36568,1
2018-05-29 21:25:54,2.6,13060,0,33956,1
2018-05-29 21:25:54,2.0,13060,0,26120,1
2018-05-29 21:25:56,350.7239,13060,0,4580454,1
2018-05-29 21:30:55,28.0269,13110,0,-367433,0
2018-05-29 21:31:49,971.9731,13100,0,-12732848,0
2018-05-29 21:33:22,1000.0,13090,0,13090000,1
2018-05-29 21:35:23,195.72471954,13050,0,-2554208,0
2018-05-29 21:35:23,518.491,13050,0,-6766308,0
2018-05-29 21:35:23,285.78428045,13050,0,-3729485,0
2018-05-29 21:36:12,381.6502,13060,0,4984352,1
2018-05-29 21:36:12,518.9224,13060,0,6777127,1
2018-05-29 21:37:16,37.9464,13060,0,495580,1
2018-05-29 21:37:16,61.481,13060,0,802942,1
2018-05-29 21:38:54,1000.0,13030,0,-13030000,0
2018-05-29 21:40:28,3.2,13040,0,41728,1
2018-05-29 21:43:14,281.3,13130,0,3693469,1
2018-05-29 21:43:20,485.88027031,13140,0,6384467,1
2018-05-29 21:44:25,229.6197,13160,0,3021795,1
2018-05-29 22:11:14,180.0,13220,0,-2379600,0
2018-05-29 22:11:14,3.0,13220,0,-39660,0
2018-05-29 22:11:14,99.85,13220,0,-1320017,0
2018-05-29 22:11:32,35.3585,13220,0,-467439,0
2018-05-29 22:12:26,318.2085,13230,0,4209898,1
2018-05-29 22:12:50,38.496,13270,0,-510842,0
2018-05-29 22:12:50,7.0,13270,0,-92890,0
2018-05-29 22:12:50,2.8071,13270,0,-37250,0
2018-05-29 22:12:50,1.0,13270,0,-13270,0
2018-05-29 22:12:50,12.1252,13270,0,-160901,0
2018-05-29 22:12:50,110.9277,13270,0,-1472011,0
2018-05-29 22:12:50,727.3321,13270,0,-9651697,0
2018-05-29 22:12:50,100.3119,13270,0,-1331139,0
2018-05-29 22:14:57,145.57127739,13230,0,1925908,1
2018-05-29 22:14:59,648.59055177,13230,0,8580853,1
2018-05-29 22:15:00,84.55,13230,0,1118597,1
2018-05-29 22:15:06,121.28817082,13230,0,1604642,1
2018-05-29 22:19:22,16.4715,13190,0,-217259,0
2018-05-29 22:23:17,16.4715,13280,0,218742,1
2018-05-29 22:26:03,1000.0,13310,0,-13310000,0
2018-05-29 22:27:04,481.015,13370,0,6431171,1
2018-05-29 22:27:08,518.985,13360,0,6933640,1
2018-05-29 22:29:48,55.40852552,13310,0,-737487,0
2018-05-29 22:30:40,17.9,13290,0,237891,1
2018-05-29 22:31:09,962.4915,13300,0,-12801137,0
2018-05-29 22:33:08,397.1268,13230,0,5253988,1
2018-05-29 22:33:10,602.8732,13230,0,7976012,1
2018-05-29 22:36:00,780.2256,13200,0,-10298978,0
2018-05-29 22:36:00,219.7744,13200,0,-2901022,0
2018-05-29 22:47:54,3.8,13170,0,50046,1
2018-05-29 22:52:59,464.7151,13240,0,6152828,1
2018-05-29 22:53:03,157.8818,13240,0,2090355,1
2018-05-29 22:53:03,373.6031,13240,0,4946505,1
2018-05-29 22:54:02,250.0,13190,0,-3297500,0
2018-05-29 22:54:02,63.678,13190,0,-839913,0
2018-05-29 22:59:51,3.7844,13190,0,-49916,0
2018-05-29 23:01:16,682.5376,13280,0,-9064099,0
2018-05-29 23:01:29,1000.0,13270,0,13270000,1
2018-05-29 23:06:31,524.0882,13200,0,-6917964,0
2018-05-29 23:07:21,0.1709,13190,0,2254,1
2018-05-29 23:13:13,523.9173,13160,0,6894752,1
2018-05-29 23:13:59,1000.0,13160,0,-13160000,0
2018-05-29 23:14:18,2.3,13150,0,30245,1
2018-05-29 23:14:22,1.7,13150,0,22355,1
2018-05-29 23:14:33,1.9,13130,0,24947,1
2018-05-29 23:15:44,687.5477,13090,0,8999999,1
2018-05-29 23:15:44,2.0,13090,0,26180,1
2018-05-29 23:15:44,304.5523,13090,0,3986590,1
2018-05-29 23:18:30,185.6889,13080,0,-2428811,0
2018-05-29 23:19:39,45.0,13080,0,-588600,0
2018-05-29 23:20:36,769.3111,13100,0,-10077975,0
2018-05-29 23:21:21,2.0,13090,0,26180,1
2018-05-29 23:22:12,5.042e-05,13080,0,1,1
2018-05-29 23:23:13,339.9389,13060,0,4439602,1
2018-05-29 23:23:13,0.6,13060,0,7836,1
2018-05-29 23:23:17,0.5,13060,0,6530,1
2018-05-29 23:27:24,0.6872,13120,0,9016,1
2018-05-29 23:29:55,2.9029,13090,0,37999,1
2018-05-29 23:35:34,140.7847,13110,0,1845687,1
2018-05-29 23:35:34,228.8394,13110,0,3000085,1
2018-05-29 23:35:34,270.3863,13110,0,3544764,1
2018-05-29 23:38:38,13.3606,13080,0,174757,1
2018-05-29 23:49:32,72.1616,13150,0,-948925,0
2018-05-29 23:49:32,5.0,13150,0,-65750,0
2018-05-29 23:49:32,922.8384,13150,0,-12135325,0
2018-05-29 23:53:39,500.81,13130,0,6575635,1
2018-05-29 23:53:39,0.4,13130,0,5252,1
2018-05-29 23:53:45,498.79,13120,0,6544125,1
2018-05-30 00:00:00,68.4184,13110,0,-896965,0
2018-05-30 00:00:00,40.0,13110,0,-524400,0
2018-05-30 00:00:16,100.3109,13090,0,1313070,1
2018-05-30 00:00:16,8.1075,13090,0,106127,1
2018-05-30 00:03:33,8.0302,13100,0,-105196,0
2018-05-30 00:05:13,8.0302,13070,0,104955,1
2018-05-30 00:08:00,5.792e-05,13120,0,-1,0
2018-05-30 00:19:44,1000.0,13120,0,-13120000,0
2018-05-30 00:20:13,9.4569,13120,0,124075,1
2018-05-30 00:20:32,250.0,13120,0,3280000,1
2018-05-30 00:22:08,15.0,13090,0,196350,1
2018-05-30 00:23:52,725.5431,13100,0,9504615,1
2018-05-30 00:58:58,1000.0,13090,0,-13090000,0
2018-05-30 01:07:55,1000.0,13170,0,13170000,1
2018-05-30 01:08:14,22.2837,13200,0,-294145,0
2018-05-30 01:08:14,100.0,13200,0,-1320000,0
2018-05-30 01:08:14,5.0,13200,0,-66000,0
2018-05-30 01:08:14,74.6536,13200,0,-985428,0
2018-05-30 01:08:14,148.5734,13200,0,-1961169,0
2018-05-30 01:08:15,19.97,13200,0,-263604,0
2018-05-30 01:08:15,20.0,13200,0,-264000,0
2018-05-30 01:08:15,10.0,13200,0,-132000,0
2018-05-30 01:08:15,17.0225,13200,0,-224697,0
2018-05-30 01:08:15,5.0,13200,0,-66000,0
2018-05-30 01:08:15,3.9,13200,0,-51480,0
2018-05-30 01:08:15,3.6,13200,0,-47520,0
2018-05-30 01:08:15,80.0,13200,0,-1056000,0
2018-05-30 01:08:15,80.0,13200,0,-1056000,0
2018-05-30 01:08:16,15.0999,13200,0,-199319,0
2018-05-30 01:08:16,344.7138,13200,0,-4550222,0
2018-05-30 01:08:16,50.1831,13200,0,-662417,0
2018-05-30 01:09:56,88.97,13240,0,1177963,1
2018-05-30 01:11:21,90.7591,13220,0,1199835,1
2018-05-30 01:13:22,820.2709,13180,0,10811170,1
2018-05-30 01:16:10,21.5,13200,0,-283800,0
2018-05-30 01:19:40,357.7318,13130,0,-4697019,0
2018-05-30 01:19:58,75.4147,13130,0,-990195,0
2018-05-30 01:20:02,223.568,13130,0,-2935448,0
2018-05-30 01:30:04,39.3311,13150,0,517204,1
2018-05-30 01:31:22,638.8834,13160,0,8407706,1
2018-05-30 02:50:10,2.4,13290,0,-31896,0
2018-05-30 02:50:10,2.8,13290,0,-37212,0
2018-05-30 02:50:10,2.0,13290,0,-26580,0
2018-05-30 02:50:10,1.9,13290,0,-25251,0
2018-05-30 02:50:11,3.8989,13290,0,-51816,0
2018-05-30 02:50:14,230.2705,13290,0,-3060295,0
2018-05-30 02:50:14,143.5504,13290,0,-1907785,0
2018-05-30 02:50:15,2.3,13290,0,-30567,0
2018-05-30 02:50:15,2.9,13290,0,-38541,0
2018-05-30 02:50:23,225.7336,13290,0,3000000,1
2018-05-30 02:50:23,8.5564,13290,0,113715,1
2018-05-30 02:51:41,157.7298,13290,0,2096229,1
2018-05-30 02:53:35,180.0,13330,0,-2399400,0
2018-05-30 02:53:35,280.0,13330,0,-3732400,0
2018-05-30 02:53:35,537.9615,13330,0,-7171027,0
2018-05-30 02:54:12,24.1,13310,0,320771,1
2018-05-30 02:54:12,40.8595,13310,0,543840,1
2018-05-30 02:54:13,60.5,13300,0,804650,1
2018-05-30 02:54:19,206.425,13310,0,2747517,1
2018-05-30 02:54:40,9.17,13310,0,122053,1
2018-05-30 02:54:40,30.0,13310,0,399300,1
2018-05-30 02:57:49,626.907,13410,0,8406823,1
2018-05-30 02:58:43,41.49675341,13480,0,-559376,0
2018-05-30 02:58:43,724.6149,13480,0,-9767809,0
2018-05-30 02:58:43,0.1483,13480,0,-1999,0
2018-05-30 02:58:43,6.7004,13480,0,-90321,0
2018-05-30 02:58:44,169.33904658,13480,0,-2282690,0
2018-05-30 02:58:44,53.7006,13480,0,-723884,0
2018-05-30 02:58:44,4.0,13480,0,-53920,0
2018-05-30 03:01:19,1000.0,13450,0,13450000,1
2018-05-30 03:04:09,399.4,13500,0,-5391900,0
2018-05-30 03:04:09,108.8586,13500,0,-1469591,0
2018-05-30 03:04:09,5.0,13500,0,-67500,0
2018-05-30 03:04:09,15.0,13500,0,-202500,0
2018-05-30 03:04:09,3.0,13500,0,-40500,0
2018-05-30 03:04:10,32.0288,13500,0,-432389,0
2018-05-30 03:04:10,64.1777,13500,0,-866399,0
2018-05-30 03:04:10,163.8669,13500,0,-2212203,0
2018-05-30 03:04:10,200.0,13500,0,-2700000,0
2018-05-30 03:04:10,8.668,13500,0,-117018,0
2018-05-30 03:06:31,265.3762,13530,0,3590540,1
2018-05-30 03:06:31,734.6238,13530,0,9939460,1
2018-05-30 03:07:34,874.8546,13520,0,-11828034,0
2018-05-30 03:10:43,874.8546,13610,0,11906771,1
2018-05-30 03:11:53,80.3272,13630,0,-1094860,0
2018-05-30 03:12:34,919.6728,13650,0,-12553534,0
2018-05-30 03:14:32,322.8243,13660,0,4409780,1
2018-05-30 03:14:43,46.5033,13640,0,634305,1
2018-05-30 03:15:37,185.179,13660,0,2529545,1
2018-05-30 03:15:38,445.4934,13660,0,6085440,1
2018-05-30 03:16:28,180.0,13690,0,-2464200,0
2018-05-30 03:17:12,180.0,13670,0,2460600,1
2018-05-30 03:18:44,142.5143,13620,0,-1941045,0
2018-05-30 03:18:44,180.0,13620,0,-2451600,0
2018-05-30 03:19:08,87.3626,13620,0,1189879,1
2018-05-30 03:19:09,197.0,13620,0,2683140,1
2018-05-30 03:19:13,38.1517,13610,0,519245,1
2018-05-30 03:20:23,3.22925509,13630,0,-44015,0
2018-05-30 03:20:23,36.3549449,13630,0,-495518,0
2018-05-30 03:22:00,39.5842,13620,0,539137,1
2018-05-30 03:31:18,502.2756,13650,0,-6856062,0
2018-05-30 03:32:53,11.9791,13690,0,163994,1
2018-05-30 03:33:11,490.2965,13700,0,6717062,1
2018-05-30 03:38:46,1.3,13730,0,-17849,0
2018-05-30 03:38:46,1.9,13730,0,-26087,0
2018-05-30 03:38:58,3.2,13730,0,43936,1
2018-05-30 03:42:15,1000.0,13700,0,-13700000,0
2018-05-30 03:44:53,180.0,13680,0,2462400,1
2018-05-30 03:48:57,237.69732907,13710,0,3258830,1
2018-05-30 03:53:02,44.7677,13650,0,611079,1
2018-05-30 03:54:26,537.535,13600,0,7310476,1
2018-05-30 03:55:09,1.608,13580,0,-21837,0
2018-05-30 03:55:10,51.84,13580,0,-703987,0
2018-05-30 03:55:17,357.0127,13600,0,-4855373,0
2018-05-30 03:55:18,18.3,13600,0,-248880,0
2018-05-30 03:55:21,393.6,13590,0,-5349024,0
2018-05-30 03:59:58,300.0,13540,0,4062000,1
2018-05-30 03:59:58,195.9146,13540,0,2652684,1
2018-05-30 03:59:58,1.7,13540,0,23018,1
2018-05-30 03:59:58,100.0,13540,0,1354000,1
2018-05-30 04:00:05,83.0231,13530,0,1123303,1
2018-05-30 04:03:11,1.4508,13570,0,-19687,0
2018-05-30 04:03:17,754.1496,13570,0,-10233810,0
2018-05-30 04:14:29,707.3991,13620,0,9634776,1
2018-05-30 04:15:10,189.9243,13630,0,2588668,1
2018-05-30 04:18:14,1000.0,13610,0,-13610000,0
2018-05-30 04:19:09,1000.0,13630,0,13630000,1
2018-05-30 04:20:35,1.9605,13590,0,-26643,0
2018-05-30 04:21:20,10.4673,13600,0,-142355,0
2018-05-30 04:24:07,12.4278,13580,0,168770,1
2018-05-30 04:25:03,35.1618,13540,0,-476091,0
2018-05-30 04:25:07,367.5038,13550,0,-4979676,0
2018-05-30 04:25:08,66.586,13550,0,-902240,0
2018-05-30 04:36:27,131.7297,13540,0,1783620,1
2018-05-30 04:36:32,107.6637,13540,0,1457766,1
2018-05-30 04:39:23,711.8398,13560,0,-9652548,0
2018-05-30 04:43:23,40.0573,13560,0,543177,1
2018-05-30 04:43:24,2.0545,13560,0,27859,1
2018-05-30 04:43:24,61.8813,13560,0,839110,1
2018-05-30 04:43:24,837.7049,13560,0,11359278,1
2018-05-30 04:46:03,1.2976,13560,0,-17595,0
2018-05-30 04:50:04,1.2976,13570,0,17608,1
2018-05-30 04:51:24,131.7945,13550,0,-1785815,0
2018-05-30 04:52:44,131.7945,13560,0,1787133,1
2018-05-30 04:57:30,79.1651,13530,0,-1071104,0
2018-05-30 05:00:40,2.226,13560,0,-30185,0
2018-05-30 05:06:21,81.3911,13530,0,1101222,1
2018-05-30 05:11:12,1000.0,13620,0,-13620000,0
2018-05-30 05:13:00,146.3825,13650,0,1998121,1
2018-05-30 05:13:00,853.6175,13650,0,11651879,1
2018-05-30 05:21:55,119.6394,13630,0,-1630685,0
2018-05-30 05:31:58,36.38364123,13630,0,495909,1
2018-05-30 05:32:32,32.2464,13640,0,439841,1
2018-05-30 05:33:35,51.0094,13660,0,696788,1
2018-05-30 05:51:33,121.7481,13540,0,-1648469,0
2018-05-30 05:51:33,47.7022,13540,0,-645888,0
2018-05-30 05:51:51,106.1371,13560,0,-1439219,0
2018-05-30 05:51:51,35.0,13560,0,-474600,0
2018-05-30 05:51:51,10.66,13560,0,-144550,0
2018-05-30 05:51:55,129.5328,13560,0,-1756465,0
2018-05-30 05:52:31,49.2379,13550,0,-667174,0
2018-05-30 05:54:23,67.3285,13560,0,912974,1
2018-05-30 05:55:30,30.9144,13560,0,-419199,0
2018-05-30 05:55:45,217.7774,13560,0,-2953062,0
2018-05-30 06:04:10,681.3814,13640,0,9294042,1
2018-05-30 06:21:49,1000.0,13510,0,-13510000,0
2018-05-30 06:23:43,1.2,13480,0,16176,1
2018-05-30 06:23:43,38.9861,13480,0,525533,1
2018-05-30 06:23:43,3.2,13480,0,43136,1
2018-05-30 06:23:44,1.7,13480,0,22916,1
2018-05-30 06:26:09,246.4564,13530,0,3334555,1
2018-05-30 06:26:49,1.3045,13530,0,17650,1
2018-05-30 06:26:55,417.5462,13520,0,5645225,1
2018-05-30 06:26:59,289.6068,13520,0,3915484,1
2018-05-30 06:30:11,223.8266,13520,0,-3026136,0
2018-05-30 06:30:16,66.6173,13510,0,900000,1
2018-05-30 06:30:16,0.5,13510,0,6755,1
2018-05-30 06:31:42,156.7093,13520,0,2118710,1
2018-05-30 06:44:24,86.5111,13580,0,-1174821,0
2018-05-30 06:44:24,179.59294918,13580,0,-2438872,0
2018-05-30 06:45:00,13.7427,13580,0,186626,1
2018-05-30 06:45:11,252.3613,13570,0,3424543,1
2018-05-30 06:48:56,1000.0,13560,0,-13560000,0
2018-05-30 06:49:27,163.92143284,13580,0,2226053,1
2018-05-30 06:55:08,490.0467,13580,0,6654834,1
2018-05-30 06:58:57,205.8395,13590,0,2797359,1
2018-05-30 06:59:32,116.6097,13580,0,1583560,1
2018-05-30 06:59:32,23.5827,13580,0,320253,1
2018-05-30 07:00:48,86.729,13600,0,-1179514,0
2018-05-30 07:00:52,913.271,13580,0,-12402220,0
2018-05-30 07:05:05,18.9941,13610,0,258510,1
2018-05-30 07:05:49,190.6655,13610,0,2594957,1
2018-05-30 07:06:20,99.7649,13600,0,1356803,1
2018-05-30 07:06:20,549.2237,13600,0,7469442,1
2018-05-30 07:06:24,63.0275,13600,0,857174,1
2018-05-30 07:06:32,78.3243,13600,0,1065210,1
2018-05-30 07:12:11,37.0277,13590,0,-503206,0
2018-05-30 07:13:24,37.0277,13580,0,502836,1
2018-05-30 07:14:31,440.20681402,13550,0,-5964802,0
2018-05-30 07:14:31,117.7125,13550,0,-1595004,0
2018-05-30 07:14:31,5.0252,13550,0,-68091,0
2018-05-30 07:19:58,562.9445,13400,0,7543456,1
2018-05-30 07:21:11,391.5231,13390,0,-5242494,0
2018-05-30 07:22:00,391.5231,13360,0,5230749,1
2018-05-30 07:25:56,321.3659,13380,0,-4299876,0
2018-05-30 07:26:18,115.4973,13380,0,1545354,1
2018-05-30 07:27:22,7.326e-05,13390,0,-1,0
2018-05-30 07:29:06,80.11180789,13420,0,-1075100,0
2018-05-30 07:29:06,240.5530921,13420,0,-3228222,0
2018-05-30 07:31:39,526.5336,13450,0,7081877,1
2018-05-30 07:42:53,99.85,13360,0,-1333996,0
2018-05-30 07:43:00,244.3667,13370,0,-3267183,0
2018-05-30 07:43:15,655.7833,13360,0,-8761265,0
2018-05-30 07:44:23,31.975,13360,0,427186,1
2018-05-30 07:44:23,562.5149,13360,0,7515199,1
2018-05-30 07:47:10,21.1149,13300,0,280828,1
2018-05-30 07:47:14,377.6406,13290,0,5018844,1
2018-05-30 07:47:14,6.7546,13290,0,89769,1
2018-05-30 07:51:16,105.061,13260,0,-1393109,0
2018-05-30 07:53:48,30.94467,13270,0,410636,1
2018-05-30 07:53:48,74.11632999,13270,0,983524,1
2018-05-30 07:55:00,55.1541,13270,0,-731895,0
2018-05-30 07:55:00,110.0311,13270,0,-1460113,0
2018-05-30 07:55:05,70.3193,13270,0,-933137,0
2018-05-30 07:55:43,11.1599,13270,0,148092,1
2018-05-30 07:55:44,224.3446,13270,0,2977053,1
2018-05-30 07:56:09,81.5272,13250,0,-1080235,0
2018-05-30 07:56:15,2.0,13260,0,26520,1
2018-05-30 07:58:28,79.5272,13260,0,1054531,1
2018-05-30 08:00:36,104.8426,13270,0,-1391261,0
2018-05-30 08:00:36,625.8469,13270,0,-8304988,0
2018-05-30 08:03:14,396.9346,13360,0,5303046,1
2018-05-30 08:03:34,1.6337,13350,0,-21810,0
2018-05-30 08:03:34,52.72,13350,0,-703812,0
2018-05-30 08:04:06,262.04845269,13360,0,3500967,1
2018-05-30 08:04:07,14.9364,13360,0,199550,1
2018-05-30 08:04:23,111.1237,13290,0,1476834,1
2018-05-30 08:04:33,1000.0,13300,0,-13300000,0
2018-05-30 08:06:11,5.0,13330,0,66650,1
2018-05-30 08:06:11,327.167,13330,0,4361136,1
2018-05-30 08:06:11,100.0,13330,0,1333000,1
2018-05-30 08:06:18,567.833,13320,0,7563536,1
2018-05-30 08:10:30,1000.0,13360,0,-13360000,0
2018-05-30 08:13:21,885.9897,13380,0,11854542,1
2018-05-30 08:14:30,72.7,13410,0,-974907,0
2018-05-30 08:14:30,14.953,13410,0,-200520,0
2018-05-30 08:14:35,5.9764,13400,0,-80084,0
2018-05-30 08:14:43,3.1176,13410,0,-41807,0
2018-05-30 08:16:01,0.01,13420,0,134,1
2018-05-30 08:16:49,789.2527,13450,0,-10615449,0
2018-05-30 08:18:10,424.29528511,13430,0,5698286,1
2018-05-30 08:18:10,55.5357,13430,0,745844,1
2018-05-30 08:24:38,261.2373,13410,0,3503192,1
2018-05-30 08:24:42,258.9317,13410,0,3472274,1
2018-05-30 08:39:22,199.07,13360,0,-2659575,0
2018-05-30 08:39:26,40.0,13370,0,-534800,0
2018-05-30 08:39:26,213.9779,13370,0,-2860885,0
2018-05-30 08:39:33,546.9521,13370,0,-7312750,0
2018-05-30 08:44:14,1000.0,13440,0,13440000,1
2018-05-30 08:54:41,1000.0,13450,0,-13450000,0
2018-05-30 09:00:05,873.132,13530,0,11813476,1
2018-05-30 09:00:05,126.868,13530,0,1716524,1
2018-05-30 09:01:06,370.0,13500,0,-4995000,0
2018-05-30 09:01:06,0.1481,13500,0,-1999,0
2018-05-30 09:01:06,61.3494,13500,0,-828217,0
2018-05-30 09:01:06,75.1728,13500,0,-1014833,0
2018-05-30 09:01:36,42.147,13460,0,567299,1
2018-05-30 09:01:53,9.9459,13480,0,134071,1
2018-05-30 09:02:05,454.5774,13460,0,6118612,1
2018-05-30 09:07:39,90.3,13410,0,-1210923,0
2018-05-30 09:09:22,90.3,13390,0,1209117,1
2018-05-30 09:10:14,84.68,13370,0,-1132172,0
2018-05-30 09:13:22,84.68,13340,0,1129631,1
2018-05-30 09:14:12,315.1125,13310,0,-4194147,0
2018-05-30 09:14:18,195.9326,13320,0,-2609822,0
2018-05-30 09:15:25,194.2326,13350,0,2593005,1
2018-05-30 09:15:25,232.0223,13350,0,3097498,1
2018-05-30 09:15:27,37.3134,13350,0,498134,1
2018-05-30 09:15:29,30.7866,13350,0,411001,1
2018-05-30 09:15:31,16.6902,13350,0,222814,1
2018-05-30 09:29:20,9.836e-05,13460,0,-1,0
2018-05-30 09:38:28,20.3053,13620,0,-276558,0
2018-05-30 09:38:28,124.4562,13620,0,-1695093,0
2018-05-30 09:38:28,107.2072,13620,0,-1460162,0
2018-05-30 09:38:28,40.30263201,13620,0,-548922,0
2018-05-30 09:38:28,3.0894,13620,0,-42078,0
2018-05-30 09:38:28,5.0,13620,0,-68100,0
2018-05-30 09:38:30,458.2931,13620,0,-6241952,0
2018-05-30 09:38:30,1.3,13620,0,-17706,0
2018-05-30 09:38:30,2.7,13620,0,-36774,0
2018-05-30 09:38:30,237.34606798,13620,0,-3232653,0
2018-05-30 09:38:40,1000.0,13600,0,13600000,1
2018-05-30 09:39:28,135.5998,13600,0,-1844157,0
2018-05-30 09:39:28,1.0,13600,0,-13600,0
2018-05-30 09:39:28,200.0,13600,0,-2720000,0
2018-05-30 09:39:28,61.8387,13600,0,-841006,0
2018-05-30 09:39:33,118.984,13620,0,-1620562,0
2018-05-30 09:39:33,182.62,13620,0,-2487284,0
2018-05-30 09:39:33,99.8775,13620,0,-1360332,0
2018-05-30 09:39:33,200.08,13620,0,-2725090,0
2018-05-30 09:40:00,1000.0,13600,0,13600000,1
2018-05-30 09:48:26,28.4102,13520,0,-384106,0
2018-05-30 09:48:42,971.5897,13540,0,-13155325,0
2018-05-30 09:49:31,555.6683,13540,0,7523749,1
2018-05-30 09:49:32,200.0001,13540,0,2708001,1
2018-05-30 09:49:32,185.0,13540,0,2504900,1
2018-05-30 09:51:58,59.3316,13550,0,803943,1
2018-05-30 10:01:30,452.25970051,13590,0,-6146209,0
2018-05-30 10:01:31,107.15819948,13590,0,-1456280,0
2018-05-30 10:01:31,429.5821,13590,0,-5838021,0
2018-05-30 10:01:31,11.0,13590,0,-149490,0
2018-05-30 10:04:50,154.5682,13610,0,2103673,1
2018-05-30 10:04:51,34.6266,13610,0,471268,1
2018-05-30 10:05:01,810.8052,13600,0,11026951,1
2018-05-30 10:07:54,759.2425,13610,0,-10333290,0
2018-05-30 10:07:54,50.6661,13610,0,-689566,0
2018-05-30 10:07:54,80.91978479,13610,0,-1101318,0
2018-05-30 10:07:54,81.8721,13610,0,-1114279,0
2018-05-30 10:07:54,27.2995152,13610,0,-371546,0
2018-05-30 10:09:51,19.1,13620,0,260142,1
2018-05-30 10:09:51,61.27613803,13620,0,834581,1
2018-05-30 10:09:51,648.4414,13620,0,8831772,1
2018-05-30 10:09:52,63.8321,13620,0,869393,1
2018-05-30 10:09:52,193.77,13620,0,2639147,1
2018-05-30 10:09:52,1.6,13620,0,21792,1
2018-05-30 10:09:54,11.98036196,13620,0,163173,1
2018-05-30 10:10:09,1000.0,13660,0,-13660000,0
2018-05-30 10:22:10,943.56,13830,0,13049435,1
2018-05-30 10:23:00,943.56,13840,0,-13058870,0
2018-05-30 10:25:15,0.1463,13770,0,2015,1
2018-05-30 10:25:15,0.1316,13770,0,1812,1
2018-05-30 10:25:15,14.7387,13770,0,202952,1
2018-05-30 10:25:16,557.1872,13770,0,7672468,1
2018-05-30 10:25:16,427.7962,13770,0,5890754,1
2018-05-30 10:25:33,101.4141,13770,0,-1396472,0
2018-05-30 10:25:33,28.5215,13770,0,-392741,0
2018-05-30 10:26:25,21.7155,13800,0,299674,1
2018-05-30 10:26:25,56.1218,13800,0,774481,1
2018-05-30 10:26:55,52.0983,13790,0,718436,1
2018-05-30 10:28:02,86.984,13760,0,-1196900,0
2018-05-30 10:28:02,13.2654,13760,0,-182532,0
2018-05-30 10:28:02,125.33097616,13760,0,-1724554,0
2018-05-30 10:30:00,31.5771,13810,0,-436080,0
2018-05-30 10:30:05,1.0,13820,0,-13820,0
2018-05-30 10:30:05,553.42404848,13820,0,-7648320,0
2018-05-30 10:30:05,188.41845151,13820,0,-2603943,0
2018-05-30 10:34:18,244.778,13790,0,3375489,1
2018-05-30 10:36:06,0.6,13800,0,8280,1
2018-05-30 10:39:46,754.622,13810,0,10421330,1
2018-05-30 10:41:16,77.8323,13830,0,-1076421,0
2018-05-30 10:41:16,5.0,13830,0,-69150,0
2018-05-30 10:41:17,91.7058,13830,0,-1268291,0
2018-05-30 10:41:17,11.0,13830,0,-152130,0
2018-05-30 10:41:17,259.2577,13830,0,-3585534,0
2018-05-30 10:41:17,7.7671,13830,0,-107419,0
2018-05-30 10:41:17,19.5734,13830,0,-270700,0
2018-05-30 10:41:17,1.817,13830,0,-25129,0
2018-05-30 10:41:17,19.1066,13830,0,-264244,0
2018-05-30 10:41:17,64.1777,13830,0,-887578,0
2018-05-30 10:41:17,50.41,13830,0,-697170,0
2018-05-30 10:41:17,8.7381,13830,0,-120848,0
2018-05-30 10:41:18,86.0073,13830,0,-1189481,0
2018-05-30 10:41:18,297.607,13830,0,-4115905,0
2018-05-30 10:42:56,10.1669,13890,0,141218,1
2018-05-30 10:42:56,281.6,13890,0,3911424,1
2018-05-30 10:47:21,708.2331,13910,0,9851522,1
2018-05-30 10:48:24,389.3442,13870,0,-5400204,0
2018-05-30 10:51:46,2.646,13840,0,-36621,0
2018-05-30 10:51:46,302.9068,13840,0,-4192230,0
2018-05-30 10:53:20,694.897,13780,0,9575681,1
2018-05-30 10:55:33,431.30714365,13790,0,-5947726,0
2018-05-30 10:55:33,286.9,13790,0,-3956351,0
2018-05-30 10:55:33,104.01835634,13790,0,-1434413,0
2018-05-30 10:55:54,250.0,13790,0,3447500,1
2018-05-30 10:55:54,17.7537,13790,0,244824,1
2018-05-30 10:55:55,14.12,13790,0,194715,1
2018-05-30 10:56:26,540.3518,13790,0,7451451,1
2018-05-30 10:56:48,1000.0,13810,0,-13810000,0
2018-05-30 11:00:03,201.3436,13740,0,2766461,1
2018-05-30 11:00:03,16.15,13740,0,221901,1
2018-05-30 11:00:03,77.28,13740,0,1061827,1
2018-05-30 11:00:04,542.4118,13740,0,7452738,1
2018-05-30 11:00:04,162.8146,13740,0,2237073,1
2018-05-30 11:01:58,201.3819,13730,0,-2764973,0
2018-05-30 11:02:30,77.2181,13730,0,1060205,1
2018-05-30 11:06:40,809.86915076,13810,0,-11184293,0
2018-05-30 11:06:40,65.96704923,13810,0,-911005,0
2018-05-30 11:08:25,768.166,13800,0,10600691,1
2018-05-30 11:08:26,12.982,13800,0,179152,1
2018-05-30 11:08:44,10.3659,13800,0,143049,1
2018-05-30 11:10:06,92.9663,13780,0,1281076,1
2018-05-30 11:10:06,9.4004,13780,0,129538,1
2018-05-30 11:10:10,106.1194,13780,0,1462325,1
2018-05-30 11:10:46,1000.0,13780,0,-13780000,0
2018-05-30 11:16:41,268.3024,13720,0,3681109,1
2018-05-30 11:16:41,15.6777,13720,0,215098,1
2018-05-30 11:16:41,302.6239,13720,0,4152000,1
2018-05-30 11:16:41,100.0,13720,0,1372000,1
2018-05-30 11:16:41,10.0,13720,0,137200,1
2018-05-30 11:16:42,9.7968,13720,0,134412,1
2018-05-30 11:16:42,293.5992,13720,0,4028181,1
2018-05-30 11:20:19,1000.0,13700,0,-13700000,0
2018-05-30 11:20:34,799.0284,13690,0,10938699,1
2018-05-30 11:20:34,190.0122,13690,0,2601267,1
2018-05-30 11:20:34,10.9594,13690,0,150034,1
2018-05-30 11:24:49,163.647,13750,0,-2250146,0
2018-05-30 11:25:46,163.647,13770,0,2253419,1
2018-05-30 11:29:29,290.4253,13750,0,-3993348,0
2018-05-30 11:30:15,21.6385,13760,0,297746,1
2018-05-30 11:32:12,170.5044,13740,0,2342730,1
2018-05-30 11:32:46,26.3309,13730,0,361523,1
2018-05-30 11:32:46,3.64,13730,0,49977,1
2018-05-30 11:32:47,0.1,13730,0,1373,1
2018-05-30 11:33:59,199.76594314,13720,0,-2740789,0
2018-05-30 11:33:59,732.02255685,13720,0,-10043349,0
2018-05-30 11:39:17,225.5459,13740,0,3099001,1
2018-05-30 11:44:56,0.2023,13740,0,2780,1
2018-05-30 11:44:56,485.8918,13740,0,6676153,1
2018-05-30 11:44:56,288.36,13740,0,3962066,1
2018-05-30 11:45:32,965.3732436,13760,0,-13283536,0
2018-05-30 11:45:32,34.62675639,13760,0,-476464,0
2018-05-30 11:47:31,1000.0,13780,0,13780000,1
2018-05-30 11:48:17,183.9161,13820,0,-2541721,0
2018-05-30 11:48:17,816.0839,13820,0,-11278279,0
2018-05-30 11:48:39,379.1413,13780,0,5224567,1
2018-05-30 11:55:44,10.2306,13710,0,140262,1
2018-05-30 11:56:06,4.5183,13750,0,62127,1
2018-05-30 11:56:47,606.1098,13690,0,8297643,1
2018-05-30 11:58:50,570.0663,13700,0,-7809908,0
2018-05-30 11:59:06,403.7601,13700,0,5531513,1
2018-05-30 11:59:50,34.4172,13700,0,-471516,0
2018-05-30 12:01:10,200.7234,13660,0,2741882,1
2018-05-30 12:04:48,27.6184,13590,0,-375334,0
2018-05-30 12:05:05,280.0,13610,0,-3810800,0
2018-05-30 12:05:49,1.0,13590,0,13590,1
2018-05-30 12:06:33,33.852,13630,0,-461403,0
2018-05-30 12:06:33,659.5295,13630,0,-8989387,0
2018-05-30 12:07:32,7.1507,13640,0,97536,1
2018-05-30 12:07:32,992.8492,13640,0,13542463,1
2018-05-30 12:14:00,1000.0,13620,0,-13620000,0
2018-05-30 12:18:49,1000.0,13600,0,13600000,1
2018-05-30 12:29:10,125.8881,13470,0,-1695713,0
2018-05-30 12:29:11,65.0655,13470,0,-876432,0
2018-05-30 12:29:11,0.1483,13470,0,-1998,0
2018-05-30 12:29:11,639.3775,13470,0,-8612415,0
2018-05-30 12:29:11,169.5206,13470,0,-2283442,0
2018-05-30 12:33:37,40.1,13480,0,540548,1
2018-05-30 12:34:09,126.4278,13480,0,1704247,1
2018-05-30 12:34:57,206.3076,13480,0,2781026,1
2018-05-30 12:34:57,250.0,13480,0,3370000,1
2018-05-30 12:35:12,231.0138,13480,0,3114066,1
2018-05-30 12:37:10,146.1508,13500,0,1973036,1
2018-05-30 12:38:52,3.6294,13480,0,-48924,0
2018-05-30 12:40:40,3.6294,13500,0,48997,1
2018-05-30 12:55:42,522.8235,13510,0,-7063345,0
2018-05-30 12:58:02,390.0671,13520,0,5273707,1
2018-05-30 12:58:02,132.7564,13520,0,1794867,1
2018-05-30 13:00:46,1000.0,13540,0,-13540000,0
2018-05-30 13:01:19,80.16119528,13560,0,1086986,1
2018-05-30 13:02:03,919.8388,13540,0,12454617,1
2018-05-30 13:03:43,1000.0,13540,0,-13540000,0
2018-05-30 13:07:35,362.6333,13560,0,4917308,1
2018-05-30 13:07:35,181.9911,13560,0,2467799,1
2018-05-30 13:07:35,300.0,13560,0,4068000,1
2018-05-30 13:07:36,7.265,13560,0,98513,1
2018-05-30 13:07:36,148.1106,13560,0,2008380,1
2018-05-30 13:09:02,1000.0,13600,0,-13600000,0
2018-05-30 13:09:34,274.01,13590,0,3723796,1
2018-05-30 13:09:34,25.005,13590,0,339818,1
2018-05-30 13:09:37,10.0,13590,0,135900,1
2018-05-30 13:09:38,120.34,13590,0,1635421,1
2018-05-30 13:09:38,12.2296,13590,0,166200,1
2018-05-30 13:17:13,14.5541,13590,0,197790,1
2018-05-30 13:17:59,1.4,13590,0,19026,1
2018-05-30 13:18:00,10.67,13590,0,145005,1
2018-05-30 13:19:31,0.1,13560,0,1356,1
2018-05-30 13:19:35,531.6913,13560,0,7209734,1
2018-05-30 13:20:32,12.7693,13530,0,-172769,0
2018-05-30 13:21:33,49.3295,13530,0,-667428,0
2018-05-30 13:22:29,294.1164,13540,0,-3982336,0
2018-05-30 13:22:33,28.9183,13540,0,-391554,0
2018-05-30 13:22:50,163.7524,13540,0,-2217207,0
2018-05-30 13:24:58,65.3074,13540,0,884262,1
2018-05-30 13:24:58,1.7217,13540,0,23312,1
2018-05-30 13:24:58,2.48,13540,0,33579,1
2018-05-30 13:24:58,2.568,13540,0,34771,1
2018-05-30 13:24:58,104.0939,13540,0,1409431,1
2018-05-30 13:24:58,43.1869,13540,0,584751,1
2018-05-30 13:24:58,7.2957,13540,0,98784,1
2018-05-30 13:24:58,13.7114,13540,0,185652,1
2018-05-30 13:24:59,18.8807,13540,0,255645,1
2018-05-30 13:24:59,9.68,13540,0,131067,1
2018-05-30 13:24:59,130.3286,13540,0,1764649,1
2018-05-30 13:28:46,31.181,13530,0,-421879,0
2018-05-30 13:30:05,126.7726,13500,0,-1711430,0
2018-05-30 13:30:11,18.0,13500,0,-243000,0
2018-05-30 13:32:04,250.0,13480,0,-3370000,0
2018-05-30 13:32:04,274.3171,13480,0,-3697795,0
2018-05-30 13:35:34,22.1679,13500,0,299267,1
2018-05-30 13:42:03,35.3,13490,0,476197,1
2018-05-30 13:53:04,792.4344,13600,0,10777108,1
2018-05-30 14:32:40,29.2479,13570,0,-396894,0
2018-05-30 14:34:05,154.43889499,13580,0,-2097280,0
2018-05-30 14:34:06,49.999905,13580,0,-678999,0
2018-05-30 14:40:02,194.19,13570,0,2635158,1
2018-05-30 14:48:05,39.4967,13540,0,534785,1
2018-05-30 15:06:42,30.0002,13650,0,-409503,0
2018-05-30 15:09:35,30.0002,13630,0,408903,1
2018-05-30 15:11:35,389.7975,13610,0,-5305144,0
2018-05-30 15:11:35,112.2242,13610,0,-1527371,0
2018-05-30 15:11:45,60.87675953,13640,0,830359,1
2018-05-30 15:11:45,172.6714,13640,0,2355238,1
2018-05-30 15:12:03,254.436,13700,0,-3485773,0
2018-05-30 15:12:03,477.0904,13700,0,-6536138,0
2018-05-30 15:14:12,373.4248,13710,0,5119654,1
2018-05-30 15:14:13,60.59080962,13710,0,830700,1
2018-05-30 15:14:13,4.0,13710,0,54840,1
2018-05-30 15:14:13,1.842,13710,0,25254,1
2018-05-30 15:14:47,49.4673,13710,0,678197,1
2018-05-30 15:15:55,38.9719,13750,0,535864,1
2018-05-30 15:16:55,190.6776,13730,0,-2618003,0
2018-05-30 15:16:55,1.7892,13730,0,-24566,0
2018-05-30 15:17:30,589.6322,13720,0,8089754,1
2018-05-30 15:17:30,74.5377,13720,0,1022657,1
2018-05-30 15:22:28,76.3127124,13700,0,-1045484,0
2018-05-30 15:22:28,35.2663,13700,0,-483148,0
2018-05-30 15:22:29,48.4087,13700,0,-663199,0
2018-05-30 15:22:29,711.2351,13700,0,-9743921,0
2018-05-30 15:23:24,570.34074339,13700,0,7813668,1
2018-05-30 15:23:24,300.8820566,13700,0,4122084,1
2018-05-30 15:27:05,188.3834,13680,0,-2577085,0
2018-05-30 15:30:11,188.3834,13620,0,2565782,1
2018-05-30 15:30:45,413.9705,13630,0,-5642418,0
2018-05-30 15:31:00,24.75,13610,0,336848,1
2018-05-30 15:31:09,6.7066,13610,0,91277,1
2018-05-30 15:31:20,27.0255,13570,0,366736,1
2018-05-30 15:31:21,24.5,13570,0,332465,1
2018-05-30 15:31:44,214.034,13590,0,-2908722,0
2018-05-30 15:33:42,127.6542,13540,0,1728438,1
2018-05-30 15:33:42,0.7326,13540,0,9919,1
2018-05-30 15:33:42,49.8127,13540,0,674464,1
2018-05-30 15:33:42,366.8229,13540,0,4966782,1
2018-05-30 15:34:22,8.3,13540,0,-112382,0
2018-05-30 15:34:31,0.015,13560,0,203,1
2018-05-30 15:34:50,8.285,13530,0,112096,1
2018-05-30 15:36:50,100.0,13550,0,-1355000,0
2018-05-30 15:36:50,50.0673,13550,0,-678412,0
2018-05-30 15:36:50,184.5351,13550,0,-2500451,0
2018-05-30 15:37:23,145.6598,13530,0,1970777,1
2018-05-30 15:37:56,811.0574,13550,0,-10989828,0
2018-05-30 15:41:50,1000.0,13510,0,13510000,1
2018-05-30 15:43:00,3.5231,13500,0,-47562,0
2018-05-30 15:44:04,0.5,13460,0,6730,1
2018-05-30 15:44:07,3.0231,13450,0,40661,1
2018-05-30 15:45:05,50.7,13430,0,-680901,0
2018-05-30 15:45:10,66.2084,13440,0,-889841,0
2018-05-30 15:45:15,166.5261,13440,0,-2238111,0
2018-05-30 15:45:19,1.2219,13450,0,-16435,0
2018-05-30 15:45:38,715.3435,13460,0,-9628524,0
2018-05-30 15:48:21,381.4148,13440,0,5126215,1
2018-05-30 15:48:21,343.2186,13440,0,4612858,1
2018-05-30 15:48:31,33.6499,13430,0,451918,1
2018-05-30 15:48:32,99.7795,13430,0,1340039,1
2018-05-30 15:49:41,10.0,13470,0,-134700,0
2018-05-30 15:49:48,355.8,13490,0,-4799742,0
2018-05-30 15:49:48,76.4426,13490,0,-1031211,0
2018-05-30 15:51:21,13.0917,13500,0,176738,1
2018-05-30 15:51:42,571.088,13520,0,7721110,1
2018-05-30 15:58:36,76.5448,13500,0,-1033355,0
2018-05-30 15:58:54,48.9364,13490,0,660152,1
2018-05-30 15:58:55,27.6084,13490,0,372437,1
2018-05-30 16:02:41,820.0792,13540,0,-11103872,0
2018-05-30 16:02:42,179.9208,13540,0,-2436128,0
2018-05-30 16:07:03,686.5778,13530,0,9289398,1
2018-05-30 16:07:03,227.9729,13530,0,3084473,1
2018-05-30 16:07:04,0.6808,13530,0,9211,1
2018-05-30 16:07:04,84.7685,13530,0,1146918,1
2018-05-30 16:16:30,1000.0,13540,0,-13540000,0
2018-05-30 16:20:37,1000.0,13520,0,13520000,1
2018-05-30 16:23:57,1000.0,13510,0,-13510000,0
2018-05-30 16:24:24,259.6392,13510,0,3507726,1
2018-05-30 16:25:19,55.518,13500,0,749493,1
2018-05-30 16:25:19,59.9474,13500,0,809290,1
2018-05-30 16:25:20,5.557,13500,0,75020,1
2018-05-30 16:25:20,619.3384,13500,0,8361068,1
2018-05-30 16:50:29,17.1759,13570,0,-233077,0
2018-05-30 16:50:29,19.151,13570,0,-259879,0
2018-05-30 16:50:29,2.0,13570,0,-27140,0
2018-05-30 16:50:29,7.988,13570,0,-108397,0
2018-05-30 16:50:29,34.8273,13570,0,-472606,0
2018-05-30 16:50:29,62.9381,13570,0,-854070,0
2018-05-30 16:50:29,5.0,13570,0,-67850,0
2018-05-30 16:50:29,44.9641,13570,0,-610163,0
2018-05-30 16:50:29,20.7328,13570,0,-281344,0
2018-05-30 16:50:29,101.8653,13570,0,-1382312,0
2018-05-30 16:51:31,316.6425,13550,0,4290506,1
2018-05-30 17:21:41,480.1020037,13500,0,-6481377,0
2018-05-30 17:21:41,3.07589629,13500,0,-41525,0
2018-05-30 17:22:40,516.8221,13500,0,-6977098,0
2018-05-30 17:26:28,47.4521,13510,0,641078,1
2018-05-30 17:36:36,952.5479,13490,0,12849871,1
2018-05-30 17:52:45,33.6258,13490,0,-453612,0
2018-05-30 17:58:29,0.1,13490,0,1349,1
2018-05-30 18:01:16,33.5258,13470,0,451593,1
2018-05-30 18:04:10,581.96566877,13580,0,-7903094,0
2018-05-30 18:04:10,9.71783122,13580,0,-131968,0
2018-05-30 18:04:28,527.0,13580,0,7156660,1
2018-05-30 18:04:34,86.9257,13570,0,-1179582,0
2018-05-30 18:04:38,1.2,13570,0,-16284,0
2018-05-30 18:04:38,1.2,13570,0,-16284,0
2018-05-30 18:04:46,845.9908,13600,0,-11505475,0
2018-05-30 18:05:39,150.0,13530,0,2029500,1
2018-05-30 18:05:39,85.1,13530,0,1151403,1
2018-05-30 18:05:39,5.022,13530,0,67948,1
2018-05-30 18:06:32,22.9022,13520,0,309638,1
2018-05-30 18:06:39,76.0597,13500,0,1026806,1
2018-05-30 18:07:59,5.0,13510,0,67550,1
2018-05-30 18:11:17,655.9161,13470,0,8835190,1
2018-05-30 18:12:09,1000.0,13490,0,-13490000,0
2018-05-30 18:15:38,48.6378,13480,0,655638,1
2018-05-30 18:15:38,12.9823,13480,0,175001,1
2018-05-30 18:15:38,13.55415804,13480,0,182710,1
2018-05-30 18:15:42,10.0,13480,0,134800,1
2018-05-30 18:16:51,55.5144,13510,0,750000,1
2018-05-30 18:16:51,250.0,13510,0,3377500,1
2018-05-30 18:22:03,609.3114,13500,0,8225704,1
2018-05-30 18:26:53,99.99993964,13510,0,-1350999,0
2018-05-30 18:26:53,110.29516035,13510,0,-1490088,0
2018-05-30 18:30:02,15.0,13530,0,-202950,0
2018-05-30 18:30:49,225.2951,13530,0,3048243,1
2018-05-30 18:46:40,22.0588,13600,0,-300000,0
2018-05-30 18:47:11,22.0588,13630,0,300661,1
2018-05-30 18:53:19,64.5914,13720,0,-886194,0
2018-05-30 18:53:19,160.5713,13720,0,-2203038,0
2018-05-30 18:53:19,445.49365889,13720,0,-6112173,0
2018-05-30 18:53:19,49.7502,13720,0,-682573,0
2018-05-30 18:53:20,100.0,13720,0,-1372000,0
2018-05-30 18:53:21,179.5934411,13720,0,-2464022,0
2018-05-30 18:53:47,391.1125,13700,0,5358241,1
2018-05-30 18:53:47,10.0,13700,0,137000,1
2018-05-30 18:54:16,42.0989,13690,0,576334,1
2018-05-30 18:54:28,72.381,13670,0,989448,1
2018-05-30 18:54:36,484.4076,13660,0,6617008,1
2018-05-30 19:01:46,9.19e-05,13590,0,-1,0
2018-05-30 19:01:46,350.6752,13590,0,-4765676,0
2018-05-30 19:05:07,5.882e-05,13600,0,-1,0
2018-05-30 19:06:16,14.8089,13590,0,-201253,0
2018-05-30 19:06:22,116.64759705,13600,0,-1586407,0
2018-05-30 19:06:22,7.35270294,13600,0,-99997,0
2018-05-30 19:06:29,312.69849705,13600,0,-4252700,0
2018-05-30 19:11:42,10.574,13620,0,144018,1
2018-05-30 19:19:27,282.1101,13620,0,3842340,1
2018-05-30 19:19:27,146.8435,13620,0,2000008,1
2018-05-30 19:19:27,362.6554,13620,0,4939367,1
2018-05-30 19:20:22,331.015,13630,0,-4511734,0
2018-05-30 19:21:14,153.2885,13660,0,2093921,1
2018-05-30 19:21:14,122.2515,13660,0,1669955,1
2018-05-30 19:23:39,55.475,13650,0,757234,1
2018-05-30 19:24:43,250.0,13620,0,-3405000,0
2018-05-30 19:30:12,242.2938,13670,0,3312156,1
2018-05-30 19:30:12,7.7062,13670,0,105344,1
2018-05-30 19:32:26,1.0,13660,0,-13660,0
2018-05-30 19:34:21,1.0,13650,0,13650,1
2018-05-30 19:35:49,4.945e-05,13640,0,-1,0
2018-05-30 19:51:11,42.7175,13640,0,-582667,0
2018-05-30 19:51:11,957.2824,13640,0,-13057332,0
2018-05-30 19:59:50,18.3016,13660,0,250000,1
2018-05-30 19:59:54,981.6984,13670,0,13419817,1
2018-05-30 20:07:12,532.25567351,13670,0,-7275935,0
2018-05-30 20:07:12,368.33942648,13670,0,-5035200,0
2018-05-30 20:08:28,900.5951,13670,0,12311135,1
2018-05-30 20:11:12,1000.0,13740,0,-13740000,0
2018-05-30 20:12:03,22.291,13710,0,305610,1
2018-05-30 20:16:38,250.0,13730,0,3432500,1
2018-05-30 20:17:16,5.0,13720,0,68600,1
2018-05-30 20:17:39,4.9387,13710,0,67710,1
2018-05-30 20:22:56,717.7703,13690,0,9826275,1
2018-05-30 20:25:40,73.4641,13710,0,-1007193,0
2018-05-30 20:25:58,73.4641,13710,0,1007193,1
2018-05-30 20:28:32,5.35500639,13760,0,-73685,0
2018-05-30 20:28:32,49.1734,13760,0,-676626,0
2018-05-30 20:28:32,87.3607,13760,0,-1202083,0
2018-05-30 20:28:39,16.593,13780,0,-228652,0
2018-05-30 20:28:39,20.0,13780,0,-275600,0
2018-05-30 20:28:39,100.0,13780,0,-1378000,0
2018-05-30 20:28:39,141.1117,13780,0,-1944519,0
2018-05-30 20:28:39,21.8254,13780,0,-300754,0
2018-05-30 20:28:50,441.4192,13770,0,6078342,1
2018-05-30 20:34:57,370.15690838,13710,0,-5074851,0
2018-05-30 20:34:57,360.86479161,13710,0,-4947456,0
2018-05-30 20:38:52,553.5732,13750,0,7611632,1
2018-05-30 20:39:16,177.4485,13750,0,2439917,1
2018-05-30 20:57:16,176.4743,13640,0,-2407109,0
2018-05-30 21:03:09,176.4743,13680,0,2414168,1
2018-05-30 21:20:38,1000.0,13630,0,-13630000,0
2018-05-30 21:23:05,1000.0,13640,0,13640000,1
2018-05-30 21:26:51,5.0,13690,0,-68450,0
2018-05-30 21:27:10,5.0,13690,0,68450,1
2018-05-30 21:35:06,2.283,13670,0,-31209,0
2018-05-30 21:40:10,2.283,13660,0,31186,1
2018-05-30 21:40:50,11.7684,13670,0,-160874,0
2018-05-30 21:41:23,11.7684,13680,0,160992,1
2018-05-30 21:50:12,8.038e-05,13620,0,-1,0
2018-05-30 21:58:47,1.5268,13600,0,-20764,0
2018-05-30 21:59:13,12.1043,13600,0,-164618,0
2018-05-30 21:59:13,632.6702,13600,0,-8604315,0
2018-05-30 22:00:51,80.5122,13610,0,1095771,1
2018-05-30 22:04:52,6.4487,13630,0,87896,1
2018-05-30 22:05:02,10.0,13630,0,136300,1
2018-05-30 22:07:05,10.0,13600,0,136000,1
2018-05-30 22:07:05,0.6,13600,0,8160,1
2018-05-30 22:07:05,51.7227,13600,0,703429,1
2018-05-30 22:09:27,487.0178,13630,0,6638053,1
2018-05-30 22:18:23,18.942,13590,0,-257422,0
2018-05-30 22:19:42,18.942,13560,0,256854,1
2018-05-30 22:25:23,129.094,13530,0,-1746642,0
2018-05-30 22:26:20,129.094,13520,0,1745351,1
2018-05-30 22:36:23,120.02265964,13480,0,-1617905,0
2018-05-30 22:36:23,175.3563,13480,0,-2363803,0
2018-05-30 22:36:23,704.62104035,13480,0,-9498292,0
2018-05-30 22:37:29,198.01641851,13490,0,2671241,1
2018-05-30 22:37:29,801.98358148,13490,0,10818759,1
2018-05-30 22:41:22,73.5795,13490,0,-992587,0
2018-05-30 22:41:22,97.7313,13490,0,-1318395,0
2018-05-30 22:44:01,123.6391,13480,0,1666655,1
2018-05-30 22:44:02,47.6717,13480,0,642615,1
2018-05-30 22:47:02,48.3498,13470,0,-651272,0
2018-05-30 22:47:03,1.0,13470,0,-13470,0
2018-05-30 22:47:03,5.0,13470,0,-67350,0
2018-05-30 22:47:03,169.3233,13470,0,-2280785,0
2018-05-30 22:47:03,3.123,13470,0,-42067,0
2018-05-30 22:49:23,350.84919903,13510,0,-4739973,0
2018-05-30 22:53:09,4.6052,13540,0,62354,1
2018-05-30 22:53:09,12.249,13540,0,165851,1
2018-05-30 22:53:09,0.1872,13540,0,2535,1
2018-05-30 22:53:09,40.9653,13540,0,554670,1
2018-05-30 22:53:09,21.0927,13540,0,285595,1
2018-05-30 22:53:09,35.0,13540,0,473900,1
2018-05-30 22:53:15,463.5459,13550,0,6281047,1
2018-05-30 22:54:22,1000.0,13570,0,-13570000,0
2018-05-30 22:56:47,438.4361,13560,0,5945194,1
2018-05-30 23:06:18,49.4275,13520,0,668259,1
2018-05-30 23:06:18,0.2684,13520,0,3629,1
2018-05-30 23:06:18,73.9644,13520,0,999999,1
2018-05-30 23:06:18,0.5103,13520,0,6899,1
2018-05-30 23:06:18,93.0,13520,0,1257360,1
2018-05-30 23:06:19,344.3933,13520,0,4656197,1
2018-05-30 23:15:53,66.5556,13480,0,-897169,0
2018-05-30 23:15:54,584.5762,13480,0,-7880087,0
2018-05-30 23:27:14,63.9646,13550,0,866720,1
2018-05-30 23:27:18,274.2848,13550,0,3716559,1
2018-05-30 23:32:44,15.0,13510,0,-202650,0
2018-05-30 23:32:44,403.6899,13510,0,-5453851,0
2018-05-30 23:32:44,268.4277,13510,0,-3626458,0
2018-05-30 23:33:09,37.8898,13490,0,511133,1
2018-05-30 23:33:09,962.1102,13490,0,12978867,1
2018-05-30 23:47:43,882.4736,13340,0,-11772198,0
2018-05-30 23:48:17,86.9893,13300,0,1156958,1
2018-05-30 23:48:17,375.9399,13300,0,5000001,1
2018-05-30 23:48:17,187.9699,13300,0,2500000,1
2018-05-30 23:48:17,156.0,13300,0,2074800,1
2018-05-30 23:48:18,73.5745,13300,0,978541,1
2018-05-30 23:48:18,2.0,13300,0,26600,1
2018-05-30 23:49:08,30.0,13270,0,-398100,0
2018-05-30 23:49:08,37.6769,13270,0,-499972,0
2018-05-30 23:49:08,20.7518,13270,0,-275376,0
2018-05-30 23:49:44,266.1032,13280,0,-3533850,0
2018-05-30 23:49:45,200.0001,13280,0,-2656001,0
2018-05-30 23:50:10,21.246,13290,0,282359,1
2018-05-30 23:50:36,533.286,13280,0,7082038,1
2018-05-30 23:50:52,7.0255,13310,0,-93509,0
2018-05-30 23:50:52,300.0,13310,0,-3993000,0
2018-05-30 23:50:52,135.816,13310,0,-1807711,0
2018-05-30 23:52:10,442.8415,13260,0,5872078,1
2018-05-30 23:53:10,104.15963918,13270,0,-1382198,0
2018-05-30 23:53:10,316.20796081,13270,0,-4196080,0
2018-05-30 23:54:46,579.6324,13200,0,-7651148,0
2018-05-30 23:55:29,95.4367,13150,0,1254993,1
2018-05-30 23:55:29,147.1705,13150,0,1935292,1
2018-05-30 23:55:29,40.2326,13150,0,529059,1
2018-05-30 23:55:29,68.4766,13150,0,900467,1
2018-05-30 23:55:29,648.6836,13150,0,8530189,1
2018-05-30 23:56:09,991.5338,13170,0,-13058500,0
2018-05-30 23:56:10,8.4662,13170,0,-111500,0
2018-05-30 23:56:25,652.6569,13160,0,8588965,1
2018-05-30 23:56:25,0.6,13160,0,7896,1
2018-05-30 23:56:25,300.0,13160,0,3948000,1
2018-05-30 23:56:25,23.1431,13160,0,304563,1
2018-05-30 23:56:25,23.6,13160,0,310576,1
2018-05-31 00:02:42,369.11993168,13130,0,-4846545,0
2018-05-31 00:02:42,76.89756831,13130,0,-1009665,0
2018-05-31 00:02:52,553.9825,13130,0,-7273790,0
2018-05-31 00:03:37,1000.0,13100,0,13100000,1
2018-05-31 00:04:50,1000.0,13140,0,-13140000,0
2018-05-31 00:04:56,20.0,13130,0,262600,1
2018-05-31 00:04:56,221.3598,13130,0,2906454,1
2018-05-31 00:04:57,618.42,13130,0,8119855,1
2018-05-31 00:05:20,74.8562,13150,0,-984359,0
2018-05-31 00:05:20,18.9503,13150,0,-249196,0
2018-05-31 00:06:10,112.9594,13130,0,1483157,1
2018-05-31 00:06:11,0.4895,13130,0,6427,1
2018-05-31 00:06:12,21.5306,13130,0,282697,1
2018-05-31 00:06:12,99.0472,13130,0,1300490,1
2018-05-31 00:08:28,699.31709726,13140,0,-9189027,0
2018-05-31 00:08:28,80.929,13140,0,-1063407,0
2018-05-31 00:08:28,3.02330273,13140,0,-39726,0
2018-05-31 00:10:00,618.17,13180,0,8147481,1
2018-05-31 00:10:01,165.0994,13180,0,2176010,1
2018-05-31 00:18:12,11.7771,13150,0,-154869,0
2018-05-31 00:24:00,11.7771,13220,0,155693,1
2018-05-31 00:29:14,1000.0,13240,0,-13240000,0
2018-05-31 00:29:29,529.5618,13240,0,7011398,1
2018-05-31 00:29:29,293.3248,13240,0,3883620,1
2018-05-31 00:29:29,177.1134,13240,0,2344981,1
2018-05-31 00:29:58,102.4847,13230,0,-1355873,0
2018-05-31 00:31:39,897.5153,13220,0,-11865152,0
2018-05-31 00:36:14,403.44544018,13240,0,5341618,1
2018-05-31 00:36:14,100.0,13240,0,1324000,1
2018-05-31 00:36:14,496.55455981,13240,0,6574382,1
2018-05-31 00:37:08,20.0,13220,0,-264400,0
2018-05-31 00:37:08,7.5037,13220,0,-99199,0
2018-05-31 00:37:37,27.5037,13210,0,363324,1
2018-05-31 00:38:05,284.4619,13210,0,-3757742,0
2018-05-31 00:38:05,0.41852149,13210,0,-5529,0
2018-05-31 00:38:06,249.9999785,13210,0,-3302500,0
2018-05-31 00:48:59,534.8804,13200,0,7060421,1
2018-05-31 00:55:59,1000.0,13150,0,-13150000,0
2018-05-31 00:59:16,25.35,13110,0,332339,1
2018-05-31 00:59:16,25.35,13110,0,332339,1
2018-05-31 00:59:16,117.0307,13110,0,1534272,1
2018-05-31 00:59:16,681.0478,13110,0,8928537,1
2018-05-31 00:59:16,25.35,13110,0,332339,1
2018-05-31 00:59:16,19.3052,13110,0,253091,1
2018-05-31 00:59:17,22.4324,13110,0,294089,1
2018-05-31 00:59:17,26.4382151,13110,0,346605,1
2018-05-31 00:59:24,57.6957,13090,0,755237,1
2018-05-31 01:01:35,1000.0,13100,0,-13100000,0
2018-05-31 01:08:58,548.1267,13160,0,7213347,1
2018-05-31 01:09:01,91.1239,13140,0,1197368,1
2018-05-31 01:09:01,18.2228,13140,0,239448,1
2018-05-31 01:09:11,67.2503,13140,0,883669,1
2018-05-31 01:09:11,161.903,13140,0,2127405,1
2018-05-31 01:10:14,87.5835,13110,0,-1148220,0
2018-05-31 01:10:35,28.9843,13110,0,-379984,0
2018-05-31 01:10:46,27.8556,13120,0,365465,1
2018-05-31 01:15:27,0.2,13160,0,2632,1
2018-05-31 01:15:28,194.281,13160,0,2556738,1
2018-05-31 01:15:28,7.6045,13160,0,100075,1
2018-05-31 01:23:19,43.1932,13110,0,-566263,0
2018-05-31 01:23:19,956.8068,13110,0,-12543737,0
2018-05-31 01:28:26,692.2534,13070,0,9047752,1
2018-05-31 01:39:14,219.7066,13040,0,2864974,1
2018-05-31 01:39:14,88.04,13040,0,1148042,1
2018-05-31 01:39:58,2.0423,13020,0,-26591,0
2018-05-31 01:40:09,7.3,13040,0,-95192,0
2018-05-31 01:40:09,26.7,13040,0,-348168,0
2018-05-31 01:40:42,231.21875376,13020,0,-3010468,0
2018-05-31 01:40:42,63.63844623,13020,0,-828573,0
2018-05-31 01:41:33,14.7749,13030,0,-192517,0
2018-05-31 01:44:02,114.7382,13030,0,1495039,1
2018-05-31 01:51:01,60.5867,13060,0,-791262,0
2018-05-31 01:51:33,708.4771,13070,0,-9259796,0
2018-05-31 02:00:49,1000.0,13080,0,13080000,1
2018-05-31 02:01:18,250.0,13100,0,-3275000,0
2018-05-31 02:02:41,12.6215,13090,0,165215,1
2018-05-31 02:02:48,49.0256,13090,0,641745,1
2018-05-31 02:04:15,811.6471,13100,0,-10632577,0
2018-05-31 02:13:05,326.8277,13180,0,4307589,1
2018-05-31 02:13:05,15.0,13180,0,197700,1
2018-05-31 02:14:32,658.1723,13230,0,8707620,1
2018-05-31 02:40:46,837.3785,13190,0,-11045022,0
2018-05-31 02:56:33,2.9074,13170,0,38290,1
2018-05-31 02:56:54,0.0022,13160,0,29,1
2018-05-31 02:57:26,273.9446,13150,0,3602371,1
2018-05-31 02:57:26,25.0,13150,0,328750,1
2018-05-31 02:57:33,50.068,13150,0,658394,1
2018-05-31 03:00:38,52.104,13120,0,683604,1
2018-05-31 03:00:38,1.3675,13120,0,17942,1
2018-05-31 03:00:38,87.6971,13120,0,1150586,1
2018-05-31 03:00:38,344.2877,13120,0,4517055,1
2018-05-31 03:20:36,90.4513,13100,0,-1184912,0
2018-05-31 03:21:30,16.9924,13090,0,-222431,0
2018-05-31 03:21:35,195.233,13090,0,-2555600,0
2018-05-31 03:24:50,58.3601,13090,0,-763934,0
2018-05-31 03:25:23,24.2668,13080,0,-317410,0
2018-05-31 03:25:30,31.0411,13090,0,-406328,0
2018-05-31 03:26:07,39.5916,13080,0,-517858,0
2018-05-31 03:30:57,63.2422,13070,0,-826576,0
2018-05-31 04:03:38,519.1785,13100,0,6801238,1
2018-05-31 04:36:34,161.337,13060,0,-2107061,0
2018-05-31 04:37:19,41.8008,13050,0,-545500,0
2018-05-31 04:37:30,62.735,13050,0,-818692,0
2018-05-31 04:37:30,10.0,13050,0,-130500,0
2018-05-31 04:39:00,724.1272,13060,0,-9457101,0
2018-05-31 05:14:22,84.0861,13190,0,1109096,1
2018-05-31 05:16:04,1.8385,13180,0,24231,1
2018-05-31 05:35:43,229.8785,13190,0,3032097,1
2018-05-31 05:35:43,502.0,13190,0,6621380,1
2018-05-31 05:38:17,169.2035006,13210,0,2235178,1
2018-05-31 05:38:18,12.99339939,13210,0,171643,1
2018-05-31 05:38:28,8.5876,13210,0,-113442,0
2018-05-31 05:38:32,2.0,13210,0,-26420,0
2018-05-31 05:38:32,0.0001,13210,0,-1,0
2018-05-31 05:38:33,2.0,13210,0,-26420,0
2018-05-31 05:38:33,1.1,13210,0,-14531,0
2018-05-31 05:38:33,1.4,13210,0,-18494,0
2018-05-31 05:38:33,1.5,13210,0,-19815,0
2018-05-31 05:38:33,1.1,13210,0,-14531,0
2018-05-31 05:38:33,2.3,13210,0,-30383,0
2018-05-31 05:38:35,1.1,13210,0,-14531,0
2018-05-31 05:38:35,2.2,13210,0,-29062,0
2018-05-31 05:38:35,1.7,13210,0,-22457,0
2018-05-31 05:38:35,2.1,13210,0,-27741,0
2018-05-31 05:38:35,2.4,13210,0,-31704,0
2018-05-31 05:38:35,1.4,13210,0,-18494,0
2018-05-31 05:38:36,2.3,13210,0,-30383,0
2018-05-31 05:39:09,20.04,13220,0,264929,1
2018-05-31 05:39:23,13.1477,13210,0,173681,1
2018-05-31 05:45:48,109.09258289,13240,0,-1444386,0
2018-05-31 05:45:48,125.78,13240,0,-1665327,0
2018-05-31 05:45:49,2.1976,13240,0,-29096,0
2018-05-31 05:46:05,237.0702,13210,0,3131697,1
2018-05-31 06:23:16,1000.0,13130,0,-13130000,0
2018-05-31 06:26:15,114.4165,13110,0,1500000,1
2018-05-31 06:26:15,2.2257,13110,0,29179,1
2018-05-31 06:26:16,119.734,13110,0,1569713,1
2018-05-31 06:26:16,31.7917,13110,0,416789,1
2018-05-31 06:26:16,250.0,13110,0,3277500,1
2018-05-31 06:26:16,200.0,13110,0,2622000,1
2018-05-31 06:26:16,281.8321,13110,0,3694819,1
2018-05-31 07:40:41,36.1376,13040,0,-471234,0
2018-05-31 07:44:24,36.1376,13030,0,470873,1
2018-05-31 08:05:21,223.2977,13000,0,-2902870,0
2018-05-31 08:05:21,224.2985,13000,0,-2915881,0
2018-05-31 08:05:21,537.2337,13000,0,-6984038,0
2018-05-31 08:05:21,15.1701,13000,0,-197211,0
2018-05-31 08:05:51,2.9,13000,0,37700,1
2018-05-31 08:08:03,145.296,13020,0,1891754,1
2018-05-31 08:08:03,180.6069,13020,0,2351502,1
2018-05-31 08:08:03,155.5162,13020,0,2024821,1
2018-05-31 08:08:04,7.0,13020,0,91140,1
2018-05-31 08:08:04,69.6,13020,0,906192,1
2018-05-31 08:08:06,286.3,13020,0,3727626,1
2018-05-31 08:08:08,86.9,13020,0,1131438,1
2018-05-31 08:08:08,15.0509,13020,0,195963,1
2018-05-31 08:08:48,17.9,13000,0,232700,1
2018-05-31 08:10:43,6.1589,12960,0,79819,1
2018-05-31 08:10:43,1.0,12960,0,12960,1
2018-05-31 08:10:43,1.0,12960,0,12960,1
2018-05-31 08:10:43,19.7143,12960,0,255497,1
2018-05-31 08:10:44,5.0568,12960,0,65536,1
2018-05-31 08:13:17,1000.0,12980,0,-12980000,0
2018-05-31 08:14:07,1000.0,13050,0,13050000,1
2018-05-31 08:17:56,85.3065,13210,0,-1126899,0
2018-05-31 08:17:56,52.6172,13210,0,-695073,0
2018-05-31 08:18:07,10.8157,13220,0,142984,1
2018-05-31 08:18:07,127.108,13220,0,1680368,1
2018-05-31 08:20:51,111.7868,13180,0,-1473350,0
2018-05-31 08:20:51,1.1,13180,0,-14498,0
2018-05-31 08:20:51,517.66565876,13180,0,-6822833,0
2018-05-31 08:20:51,2.5,13180,0,-32950,0
2018-05-31 08:21:56,303.3917,13160,0,3992635,1
2018-05-31 08:21:56,329.6607,13160,0,4338335,1
2018-05-31 08:25:41,1.1,13210,0,-14531,0
2018-05-31 08:25:41,184.7328,13210,0,-2440320,0
2018-05-31 08:25:43,1.4,13210,0,-18494,0
2018-05-31 08:25:43,2.5,13210,0,-33025,0
2018-05-31 08:25:43,1.8,13210,0,-23778,0
2018-05-31 08:25:44,24.052,13210,0,-317727,0
2018-05-31 08:25:44,11.0,13210,0,-145310,0
2018-05-31 08:25:44,4.5297,13210,0,-59837,0
2018-05-31 08:25:44,39.7301,13210,0,-524835,0
2018-05-31 08:25:44,120.317,13210,0,-1589388,0
2018-05-31 08:25:45,383.3122,13220,0,-5067387,0
2018-05-31 08:25:46,48.6384,13220,0,-643000,0
2018-05-31 08:25:46,4.034,13220,0,-53329,0
2018-05-31 08:25:46,43.7745,13220,0,-578699,0
2018-05-31 08:25:46,129.0793,13220,0,-1706428,0
2018-05-31 08:28:17,8.5996,13250,0,113945,1
2018-05-31 08:28:36,122.3661,13220,0,1617680,1
2018-05-31 08:28:36,19.4291,13220,0,256853,1
2018-05-31 08:28:36,95.8564,13220,0,1267222,1
2018-05-31 08:28:36,300.0,13220,0,3966000,1
2018-05-31 08:28:40,102.6328,13210,0,1355779,1
2018-05-31 08:28:40,12.2366,13210,0,161645,1
2018-05-31 08:28:40,75.7002,13210,0,1000000,1
2018-05-31 08:28:40,263.1792,13210,0,3476597,1
2018-05-31 08:30:10,347.5377,13230,0,-4597924,0
2018-05-31 08:30:10,40.4626,13230,0,-535320,0
2018-05-31 08:30:31,11.0,13250,0,-145750,0
2018-05-31 08:30:31,22.9757,13250,0,-304428,0
2018-05-31 08:30:31,6.3309,13250,0,-83884,0
2018-05-31 08:30:31,18.6103,13250,0,-246586,0
2018-05-31 08:30:31,11.0,13250,0,-145750,0
2018-05-31 08:30:31,121.1735,13250,0,-1605549,0
2018-05-31 08:30:31,85.0952,13250,0,-1127511,0
2018-05-31 08:31:16,7.5471,13250,0,99999,1
2018-05-31 08:32:21,146.5153,13240,0,1939863,1
2018-05-31 08:32:21,0.3895,13240,0,5157,1
2018-05-31 08:32:22,308.8578,13240,0,4089277,1
2018-05-31 08:40:58,249.813,13220,0,-3302528,0
2018-05-31 08:41:52,147.43282228,13290,0,-1959382,0
2018-05-31 08:41:53,354.01797771,13290,0,-4704899,0
2018-05-31 08:41:53,29.8257,13290,0,-396384,0
2018-05-31 08:41:53,18.0343,13290,0,-239676,0
2018-05-31 08:43:00,80.5586,13260,0,1068207,1
2018-05-31 08:43:04,919.4414,13250,0,12182599,1
2018-05-31 08:44:36,18.3408,13260,0,-243199,0
2018-05-31 08:46:09,18.3408,13270,0,243382,1
2018-05-31 08:52:45,2.0332,13220,0,-26879,0
2018-05-31 08:58:43,2.0332,13190,0,26818,1
2018-05-31 08:59:47,84.1402,13200,0,-1110651,0
2018-05-31 08:59:47,450.0,13200,0,-5940000,0
2018-05-31 08:59:47,465.8598,13200,0,-6149349,0
2018-05-31 09:00:06,0.5,13190,0,6595,1
2018-05-31 09:01:41,280.0,13170,0,3687600,1
2018-05-31 09:01:42,1.2471,13170,0,16424,1
2018-05-31 09:11:28,718.2529,13190,0,9473756,1
2018-05-31 09:22:24,630.8971,13380,0,-8441403,0
2018-05-31 09:25:37,472.7875,13480,0,6373176,1
2018-05-31 09:26:18,158.1096,13480,0,2131317,1
2018-05-31 09:29:15,200.0,13460,0,-2692000,0
2018-05-31 09:29:39,27.87897853,13510,0,376645,1
2018-05-31 09:31:08,40.5783,13440,0,545372,1
2018-05-31 09:31:36,131.5428,13400,0,1762674,1
2018-05-31 09:40:04,360.1152,13400,0,-4825544,0
2018-05-31 09:41:11,236.85670424,13430,0,3180986,1
2018-05-31 09:41:11,123.25849575,13430,0,1655362,1
2018-05-31 09:43:32,49.9999,13510,0,-675499,0
2018-05-31 09:43:32,326.97651466,13510,0,-4417453,0
2018-05-31 09:43:32,440.06608533,13510,0,-5945293,0
2018-05-31 09:44:04,314.07193431,13520,0,4246253,1
2018-05-31 09:44:04,200.0,13520,0,2704000,1
2018-05-31 09:44:04,302.97056568,13520,0,4096162,1
2018-05-31 09:52:30,1000.0,13520,0,-13520000,0
2018-05-31 09:54:42,400.0,13510,0,5404000,1
2018-05-31 09:54:42,10.0,13510,0,135100,1
2018-05-31 09:54:42,37.0523,13510,0,500577,1
2018-05-31 09:54:46,117.9753,13500,0,1592667,1
2018-05-31 09:54:46,7.7284,13500,0,104333,1
2018-05-31 09:54:46,10.0,13500,0,135000,1
2018-05-31 09:54:50,167.3943,13510,0,2261497,1
2018-05-31 09:56:04,1.0,13560,0,-13560,0
2018-05-31 09:56:04,39.8285,13560,0,-540074,0
2018-05-31 09:56:04,1.7387,13560,0,-23577,0
2018-05-31 09:56:04,41.5822,13560,0,-563855,0
2018-05-31 09:56:09,296.8102,13570,0,-4027714,0
2018-05-31 09:56:09,33.6816,13570,0,-457059,0
2018-05-31 09:56:09,1.0,13570,0,-13570,0
2018-05-31 09:56:10,114.6968,13570,0,-1556436,0
2018-05-31 09:56:10,214.3026,13570,0,-2908086,0
2018-05-31 09:56:10,5.5097,13570,0,-74767,0
2018-05-31 09:58:02,1000.0,13650,0,13650000,1
2018-05-31 10:11:03,759.9423,13440,0,-10213625,0
2018-05-31 10:11:04,4.4691,13440,0,-60065,0
2018-05-31 10:11:04,65.7797,13440,0,-884079,0
2018-05-31 10:16:09,0.6297,13490,0,8495,1
2018-05-31 10:16:09,729.9735,13490,0,9847343,1
2018-05-31 10:16:09,64.3938,13490,0,868672,1
2018-05-31 10:16:58,35.1941,13480,0,474416,1
2018-05-31 10:22:00,214.159,13420,0,-2874014,0
2018-05-31 10:22:00,250.0,13420,0,-3355000,0
2018-05-31 10:22:05,181.1704,13430,0,-2433118,0
2018-05-31 10:22:05,354.6706,13430,0,-4763226,0
2018-05-31 10:24:54,369.0769,13420,0,4953012,1
2018-05-31 10:35:51,1.3,13390,0,17407,1
2018-05-31 10:40:25,22.5394,13310,0,299999,1
2018-05-31 10:40:25,235.8081,13310,0,3138606,1
2018-05-31 10:40:25,343.897,13310,0,4577269,1
2018-05-31 10:40:25,27.3786,13310,0,364409,1
2018-05-31 10:42:03,57.6867,13350,0,-770117,0
2018-05-31 10:42:03,172.7359,13350,0,-2306024,0
2018-05-31 10:42:37,230.4226,13350,0,3076142,1
2018-05-31 11:04:51,84.1455,13310,0,-1119977,0
2018-05-31 11:04:56,20.106,13310,0,-267611,0
2018-05-31 11:06:53,104.2515,13300,0,1386545,1
2018-05-31 11:11:52,12.6217,13300,0,-167869,0
2018-05-31 11:12:45,12.6217,13310,0,167995,1
2018-05-31 11:13:29,6.2726,13340,0,-83676,0
2018-05-31 11:13:42,94.6301,13350,0,-1263312,0
2018-05-31 11:14:24,100.9027,13380,0,1350078,1
2018-05-31 11:16:12,15.151,13320,0,-201811,0
2018-05-31 11:16:54,15.151,13350,0,202266,1
2018-05-31 11:28:13,224.7527,13350,0,-3000449,0
2018-05-31 11:28:17,87.5983,13350,0,-1169437,0
2018-05-31 11:36:15,385.8796237,13330,0,-5143775,0
2018-05-31 11:36:15,285.0353,13330,0,-3799521,0
2018-05-31 11:36:16,16.73407629,13330,0,-223065,0
2018-05-31 11:44:01,36.7722,13350,0,490909,1
2018-05-31 11:46:15,24.6,13350,0,328410,1
2018-05-31 12:00:21,938.6278,13370,0,12549454,1
2018-05-31 12:03:23,377.4889,13390,0,-5054576,0
2018-05-31 12:03:23,37.9057,13390,0,-507557,0
2018-05-31 12:03:23,584.6054,13390,0,-7827866,0
2018-05-31 12:09:59,16.6063,13430,0,223023,1
2018-05-31 12:09:59,0.1,13430,0,1343,1
2018-05-31 12:18:09,121.41284115,13460,0,1634217,1
2018-05-31 12:21:41,57.6757,13490,0,778045,1
2018-05-31 12:21:45,685.8172,13470,0,9237958,1
2018-05-31 12:21:45,118.3879,13470,0,1594685,1
2018-05-31 12:24:11,95.004,13460,0,-1278754,0
2018-05-31 12:24:11,9.093e-05,13460,0,-1,0
2018-05-31 12:38:43,95.0041,13490,0,1281605,1
2018-05-31 12:48:24,608.94012166,13430,0,-8178066,0
2018-05-31 12:49:51,431.0434,13400,0,5775982,1
2018-05-31 12:49:51,0.2238,13400,0,2999,1
2018-05-31 12:49:51,177.6729,13400,0,2380817,1
2018-05-31 12:53:00,39.8999,13420,0,-535457,0
2018-05-31 12:53:17,709.1647,13420,0,-9516990,0
2018-05-31 13:07:26,279.1219,13450,0,3754190,1
2018-05-31 13:07:26,12.4907,13450,0,168000,1
2018-05-31 13:07:26,112.6539,13450,0,1515195,1
2018-05-31 13:07:26,74.8515,13450,0,1006753,1
2018-05-31 13:07:27,74.3367,13450,0,999829,1
2018-05-31 13:16:58,52.1292,13430,0,-700095,0
2018-05-31 13:31:43,71.9338,13480,0,969668,1
2018-05-31 13:33:05,135.5107,13460,0,1823974,1
2018-05-31 13:37:06,40.2946,13480,0,543171,1
2018-05-31 13:46:10,1200.0,13490,0,-16188000,0
2018-05-31 13:56:28,334.04625181,13530,0,4519646,1
2018-05-31 13:56:28,65.5383,13530,0,886733,1
2018-05-31 13:56:28,160.9363,13530,0,2177468,1
2018-05-31 13:56:28,280.0,13530,0,3788400,1
2018-05-31 13:57:39,359.4792,13560,0,4874538,1
2018-05-31 14:01:34,1200.0,13600,0,-16320000,0
2018-05-31 14:02:17,57.44,13560,0,778886,1
2018-05-31 14:02:17,31.3191,13560,0,424687,1
2018-05-31 14:02:53,254.0047,13540,0,3439224,1
2018-05-31 14:02:53,83.6662,13540,0,1132840,1
2018-05-31 14:02:53,62.7308,13540,0,849375,1
2018-05-31 14:02:53,60.9759,13540,0,825614,1
2018-05-31 14:02:53,333.143,13540,0,4510756,1
2018-05-31 14:02:54,100.0,13540,0,1354000,1
2018-05-31 14:05:26,70.4791,13530,0,-953582,0
2018-05-31 14:05:26,648.6466,13530,0,-8776188,0
2018-05-31 14:07:00,0.6984,13530,0,9449,1
2018-05-31 14:08:45,0.5,13510,0,6755,1
2018-05-31 14:09:18,0.0005,13530,0,7,1
2018-05-31 14:18:56,584.7551,13520,0,7905889,1
2018-05-31 14:19:00,11.0,13520,0,148720,1
2018-05-31 14:20:29,124.0,13510,0,1675240,1
2018-05-31 14:20:54,214.892,13510,0,2903191,1
2018-05-31 14:23:18,66.88335099,13530,0,-904932,0
2018-05-31 14:23:18,1133.116649,13530,0,-15331068,0
2018-05-31 14:30:37,95.6585,13590,0,1299999,1
2018-05-31 14:30:37,100.0,13580,0,1358000,1
2018-05-31 14:33:01,39.1131,13560,0,530374,1
2018-05-31 14:33:02,40.9634,13560,0,555464,1
2018-05-31 14:33:02,238.8329,13560,0,3238574,1
2018-05-31 14:33:02,31.3205,13560,0,424706,1
2018-05-31 14:33:02,500.0,13560,0,6780000,1
2018-05-31 14:33:15,81.4413,13560,0,1104344,1
2018-05-31 14:37:12,72.6703,13550,0,984683,1
2018-05-31 14:57:48,20.0,13520,0,-270400,0
2018-05-31 14:57:48,2.0,13520,0,-27040,0
2018-05-31 14:57:48,1104.14081005,13520,0,-14927984,0
2018-05-31 14:57:49,9.99998994,13520,0,-135200,0
2018-05-31 14:58:54,25.5047,13530,0,345078,1
2018-05-31 15:01:39,108.2412,13550,0,1466668,1
2018-05-31 15:02:04,0.6,13520,0,8112,1
2018-05-31 15:02:05,1.0016,13520,0,13542,1
2018-05-31 15:04:47,100.0,13510,0,1351000,1
2018-05-31 15:04:47,0.5,13510,0,6755,1
2018-05-31 15:13:46,250.0,13540,0,3385000,1
2018-05-31 15:13:46,57.6916,13540,0,781144,1
2018-05-31 15:13:46,147.7104,13540,0,1999999,1
2018-05-31 15:13:51,444.8913,13540,0,6023828,1
2018-05-31 15:27:31,499.625,13610,0,-6799896,0
2018-05-31 15:27:31,0.799,13610,0,-10874,0
2018-05-31 15:27:31,232.4636,13610,0,-3163830,0
2018-05-31 15:28:34,74.0179,13590,0,1005903,1
2018-05-31 15:28:34,658.8697,13590,0,8954039,1
2018-05-31 15:31:38,36.0016,13630,0,-490702,0
2018-05-31 15:32:21,36.0016,13620,0,490342,1
2018-05-31 15:42:26,84.7103,13610,0,-1152907,0
2018-05-31 15:42:48,84.7103,13610,0,1152907,1
2018-05-31 15:59:25,75.2559,13600,0,-1023480,0
2018-05-31 15:59:25,41.1704848,13600,0,-559919,0
2018-05-31 15:59:25,86.7051,13600,0,-1179189,0
2018-05-31 15:59:25,12.2178,13600,0,-166162,0
2018-05-31 15:59:25,920.0,13600,0,-12512000,0
2018-05-31 16:03:41,454.1273,13570,0,6162507,1
2018-05-31 16:03:41,133.6505504,13570,0,1813638,1
2018-05-31 16:03:41,2.1737,13570,0,29497,1
2018-05-31 16:03:46,545.3977,13570,0,7401047,1
2018-05-31 16:06:18,2.7369,13570,0,-37140,0
2018-05-31 16:06:18,99.99993677,13570,0,-1356999,0
2018-05-31 16:06:18,66.83956322,13570,0,-907013,0
2018-05-31 16:09:15,27.705,13580,0,376234,1
2018-05-31 16:11:04,10.0,13570,0,135700,1
2018-05-31 16:11:04,25.6314,13570,0,347818,1
2018-05-31 16:11:20,0.0011,13560,0,15,1
2018-05-31 16:11:47,106.2389,13550,0,1439537,1
2018-05-31 17:18:04,38.4,13530,0,-519552,0
2018-05-31 17:18:04,30.0,13530,0,-405900,0
2018-05-31 17:22:02,7.596e-05,13480,0,-1,0
2018-05-31 17:22:21,0.6,13470,0,8082,1
2018-05-31 17:22:26,67.8001,13460,0,912589,1
2018-05-31 17:23:13,180.0797,13450,0,-2422072,0
2018-05-31 17:23:52,180.0797,13450,0,2422072,1
2018-05-31 17:24:44,779.9388,13440,0,-10482377,0
2018-05-31 17:26:07,77.0846,13420,0,1034475,1
2018-05-31 17:26:08,3.5,13420,0,46970,1
2018-05-31 17:26:08,1.1,13420,0,14762,1
2018-05-31 17:26:11,1.2,13420,0,16104,1
2018-05-31 17:26:11,2.9,13420,0,38918,1
2018-05-31 17:26:12,1.5,13420,0,20130,1
2018-05-31 17:26:15,1.2,13420,0,16104,1
2018-05-31 17:26:15,1.9,13420,0,25498,1
2018-05-31 17:26:15,2.0,13420,0,26840,1
2018-05-31 17:26:15,2.3,13420,0,30866,1
2018-05-31 17:26:16,2.0,13420,0,26840,1
2018-05-31 17:26:16,1.3,13420,0,17446,1
2018-05-31 17:26:16,1.9,13420,0,25498,1
2018-05-31 17:26:16,2.9,13420,0,38918,1
2018-05-31 17:26:16,1.9,13420,0,25498,1
2018-05-31 17:26:16,3.2,13420,0,42944,1
2018-05-31 17:26:16,1.2,13420,0,16104,1
2018-05-31 17:26:16,9.1,13420,0,122122,1
2018-05-31 17:26:18,3.4,13420,0,45628,1
2018-05-31 17:26:18,1.1,13420,0,14762,1
2018-05-31 17:26:19,5.2,13420,0,69784,1
2018-05-31 17:26:19,5.7,13420,0,76494,1
2018-05-31 17:26:19,1.6,13420,0,21472,1
2018-05-31 17:26:20,2.0,13420,0,26840,1
2018-05-31 17:26:26,10.0,13420,0,134200,1
2018-05-31 17:26:27,23.55,13420,0,316041,1
2018-05-31 17:26:29,245.472,13420,0,3294234,1
2018-05-31 17:26:32,2.0,13410,0,26820,1
2018-05-31 17:26:32,4.8,13410,0,64368,1
2018-05-31 17:26:32,0.8603,13410,0,11537,1
2018-05-31 17:26:33,167.8068,13410,0,2250289,1
2018-05-31 17:27:04,246.3278,13440,0,-3310646,0
2018-05-31 17:27:13,16.383,13460,0,-220515,0
2018-05-31 17:27:13,119.7149,13460,0,-1611363,0
2018-05-31 17:28:56,99.85,13450,0,-1342983,0
2018-05-31 17:28:56,165.98889814,13450,0,-2232551,0
2018-05-31 17:28:56,363.47030185,13450,0,-4888676,0
2018-05-31 17:30:52,12.695,13490,0,171256,1
2018-05-31 17:34:12,0.9316,13490,0,12567,1
2018-05-31 17:34:19,5.0,13480,0,67400,1
2018-05-31 17:38:33,2.0,13460,0,26920,1
2018-05-31 17:49:03,4.0,13480,0,53920,1
2018-05-31 17:51:33,21.7911,13480,0,293744,1
2018-05-31 17:51:33,20.0,13480,0,269600,1
2018-05-31 17:55:21,60.91985841,13490,0,821809,1
2018-05-31 17:55:21,0.5,13490,0,6745,1
2018-05-31 17:55:21,43.6122,13490,0,588329,1
2018-05-31 17:55:21,437.9675,13490,0,5908182,1
2018-05-31 17:55:21,74.2399,13490,0,1001496,1
2018-05-31 17:55:21,50.0,13490,0,674500,1
2018-05-31 17:55:26,0.6,13490,0,8094,1
2018-05-31 17:55:26,465.7428,13490,0,6282870,1
2018-05-31 18:06:33,1.5088,13480,0,-20339,0
2018-05-31 18:07:20,0.5,13470,0,6735,1
2018-05-31 18:07:47,1.0088,13450,0,13568,1
2018-05-31 18:21:26,8.3772,13480,0,-112925,0
2018-05-31 18:23:02,2.1468,13480,0,28939,1
2018-05-31 18:27:36,6.2304,13490,0,84048,1
2018-05-31 19:08:02,602.7232,13510,0,-8142790,0
2018-05-31 19:08:02,127.2505,13510,0,-1719154,0
2018-05-31 19:10:34,729.9737,13490,0,9847345,1
2018-05-31 19:11:45,251.5863,13490,0,-3393899,0
2018-05-31 19:11:48,45.2176,13490,0,-609985,0
2018-05-31 19:17:49,20.0,13510,0,-270200,0
2018-05-31 19:21:07,883.1961,13500,0,-11923147,0
2018-05-31 19:25:05,1145.5361,13520,0,15487648,1
2018-05-31 19:25:12,54.4639,13510,0,735807,1
2018-05-31 20:02:40,0.1105,13570,0,-1499,0
2018-05-31 20:02:40,592.588,13570,0,-8041419,0
2018-05-31 20:02:41,11.0,13570,0,-149270,0
2018-05-31 20:02:41,1.6341,13570,0,-22175,0
2018-05-31 20:02:41,109.2663,13570,0,-1482744,0
2018-05-31 20:02:41,5.99,13570,0,-81284,0
2018-05-31 20:02:41,50.0,13570,0,-678500,0
2018-05-31 20:02:41,12.9887,13570,0,-176257,0
2018-05-31 20:02:41,348.1131,13570,0,-4723895,0
2018-05-31 20:02:41,68.3093,13570,0,-926957,0
2018-05-31 20:03:10,1200.0,13560,0,16272000,1
2018-05-31 21:21:23,718.21099793,13560,0,-9738941,0
2018-05-31 21:21:23,100.0,13560,0,-1356000,0
2018-05-31 21:21:23,199.9996,13560,0,-2711995,0
2018-05-31 21:21:23,181.78940206,13560,0,-2465064,0
2018-05-31 21:23:27,141.5585,13550,0,1918118,1
2018-05-31 21:23:27,274.04,13550,0,3713242,1
2018-05-31 21:25:37,40.2411,13560,0,545669,1
2018-05-31 21:26:33,112.8755,13550,0,1529463,1
2018-05-31 21:26:33,39.7485,13550,0,538592,1
2018-05-31 21:28:29,221.4022,13550,0,3000000,1
2018-05-31 21:28:29,87.369,13550,0,1183850,1
2018-05-31 21:28:29,179.4173,13550,0,2431104,1
2018-05-31 21:29:21,41.4799,13550,0,562053,1
2018-05-31 21:38:00,61.868,13540,0,837693,1
2018-05-31 21:56:19,0.99997037,13500,0,-13500,0
2018-05-31 21:56:25,12.4,13500,0,-167400,0
2018-05-31 21:56:54,58.6531,13500,0,-791817,0
2018-05-31 21:56:54,280.8946,13500,0,-3792077,0
2018-05-31 21:58:07,24.6165,13500,0,332323,1
2018-05-31 21:58:08,11.4867,13500,0,155070,1
2018-05-31 21:58:13,30.7937,13500,0,415715,1
2018-05-31 22:00:40,200.0,13520,0,-2704000,0
2018-05-31 22:00:45,0.0121,13530,0,164,1
2018-05-31 22:00:55,520.8955,13510,0,-7037298,0
2018-05-31 22:05:15,2.2,13470,0,29634,1
2018-05-31 22:11:14,136.1898,13440,0,1830391,1
2018-05-31 22:11:14,9.4643,13440,0,127200,1
2018-05-31 22:11:15,77.0589,13440,0,1035672,1
2018-05-31 22:11:15,651.3303,13440,0,8753879,1
2018-05-31 22:11:15,30.0,13440,0,403200,1
2018-05-31 22:11:15,100.6909,13440,0,1353286,1
2018-05-31 22:15:45,200.0,13450,0,-2690000,0
2018-05-31 22:16:03,2.0,13460,0,-26920,0
2018-05-31 22:20:05,814.7144,13440,0,-10949762,0
2018-05-31 22:29:23,44.4636,13500,0,600259,1
2018-05-31 22:41:55,11.2977,13510,0,152632,1
2018-05-31 22:41:55,18.5048,13510,0,250000,1
2018-05-31 22:46:42,10.1576,13500,0,137128,1
2018-05-31 22:46:42,81.9255,13500,0,1105994,1
2018-05-31 22:46:42,122.3697,13500,0,1651991,1
2018-05-31 22:46:42,555.3354,13500,0,7497028,1
2018-05-31 22:46:43,172.6601,13500,0,2330911,1
2018-05-31 22:50:17,229.4277,13490,0,-3094980,0
2018-05-31 22:52:06,229.4277,13510,0,3099568,1
2018-05-31 23:19:48,173.374,13500,0,-2340549,0
2018-05-31 23:23:33,159.0316,13520,0,2150107,1
2018-05-31 23:25:01,12.8271,13510,0,173294,1
2018-05-31 23:27:58,1.5153,13510,0,20472,1
2018-05-31 23:42:37,4.0608,13510,0,-54861,0
2018-05-31 23:42:37,163.4448,13510,0,-2208139,0
2018-05-31 23:42:37,394.9832,13510,0,-5336223,0
2018-05-31 23:53:48,228.17238499,13530,0,3087172,1
2018-05-31 23:53:58,334.3164,13530,0,4523301,1
2018-05-31 23:55:48,1200.0,13570,0,-16284000,0
2018-05-31 23:56:37,16.5,13540,0,223410,1
