timestamp,quantity,price,fee,amount,side
2018-08-08 00:00,0.00142702,8127000,5.79,11591,1
2018-08-08 00:00,0.00414619,8127000,16.84,33679,1
2018-08-08 00:11,0.00811074,8135000,32.99,65947,1
2018-08-08 00:23,0.00014960,8124000,0.60,1214,1
2018-08-08 00:31,0.01025927,8141000,41.76,83478,1
2018-08-08 00:31,0.50000000,8141000,2035.25,4068464,1
2018-08-08 00:35,0.11863217,8135000,482.53,964590,1
2018-08-08 00:46,0.01643915,8138000,66.89,133714,1
2018-08-08 00:49,0.04557239,8139000,185.45,370728,1
2018-08-08 01:03,0.07566690,8139000,307.92,615544,1
2018-08-08 01:12,1.74708206,8129000,7101.01,14194929,1
2018-08-08 01:15,0.00015066,8131000,0.61,1224,1
2018-08-08 01:18,0.80868395,8132000,3288.10,6572929,1
2018-08-08 01:24,0.13590764,8143000,553.34,1106142,1
2018-08-08 01:49,0.02550000,8147000,103.87,207644,1
2018-08-08 02:05,0.00000302,8143000,0.01,-25,0
2018-08-08 02:07,0.00992049,8146000,40.40,-80853,0
2018-08-08 02:10,0.00210000,8146000,8.55,-17116,0
2018-08-08 02:11,0.00003687,8143000,0.15,-301,0
2018-08-08 02:11,0.00316313,8143000,12.87,-25771,0
2018-08-08 02:12,0.00000319,8141000,0.01,-26,0
2018-08-08 02:12,0.00149681,8141000,6.09,-12192,0
2018-08-08 02:12,0.00100000,8141000,4.07,-8145,0
2018-08-08 02:12,0.00150000,8141000,6.10,-12218,0
2018-08-08 02:18,0.00450000,8121000,18.27,-36563,0
2018-08-08 02:18,0.21440000,8121000,870.57,-1742013,0
2018-08-08 02:18,0.01470000,8121000,59.68,-119439,0
2018-08-08 02:19,0.00550000,8118000,22.32,-44672,0
2018-08-08 02:20,0.48400000,8120000,1965.04,-3932045,0
2018-08-08 02:21,0.00001553,8120000,0.06,-127,0
2018-08-08 02:21,0.01068447,8120000,43.37,-86802,0
2018-08-08 02:21,0.00002591,8120000,0.10,-211,0
2018-08-08 02:21,0.00417409,8120000,16.94,-33911,0
2018-08-08 02:21,0.01290000,8115000,52.34,-104736,0
2018-08-08 02:21,0.04260000,8115000,172.84,-345872,0
2018-08-08 02:21,0.00000598,8115000,0.02,-49,0
2018-08-08 02:21,0.36399402,8115000,1476.90,-2955289,0
2018-08-08 02:28,0.05370615,8146000,218.74,437271,1
2018-08-08 02:38,0.95455633,8137000,3883.61,7763341,1
2018-08-08 02:53,0.00250000,8125000,10.15,-20323,0
2018-08-08 03:04,0.00720000,8115000,29.21,-58458,0
2018-08-08 03:05,0.00004547,8115000,0.18,-370,0
2018-08-08 03:05,0.06995453,8115000,283.84,-567965,0
2018-08-08 03:15,0.03620000,8115000,146.88,-293910,0
2018-08-08 03:17,0.28560000,8109000,1157.96,-2317089,0
2018-08-08 03:53,0.00451367,8123000,18.33,36646,1
2018-08-08 03:53,0.00218833,8123000,8.88,17766,1
2018-08-08 04:38,0.00610000,8110000,24.73,-49496,0
2018-08-08 04:39,0.23092662,8106000,935.94,-1872828,0
2018-08-08 04:41,0.39000000,8105000,1580.47,-3162531,0
2018-08-08 04:41,0.00000212,8105000,0,-18,0
2018-08-08 04:41,0.08149788,8105000,330.27,-660871,0
2018-08-08 04:41,1.46380000,8105000,5932.04,-11870031,0
2018-08-08 04:46,0.00100526,8111000,4.07,8149,1
2018-08-08 05:01,0.04423416,8069000,178.46,356746,1
2018-08-08 05:01,0.00062000,8069000,2.50,5000,1
2018-08-08 05:01,0.00084000,8069000,3.38,6774,1
2018-08-08 05:01,0.00062000,8069000,2.50,5000,1
2018-08-08 05:01,0.00062000,8069000,2.50,5000,1
2018-08-08 05:01,0.00062000,8069000,2.50,5000,1
2018-08-08 05:01,0.00615319,8069000,24.82,49625,1
2018-08-08 05:01,0.00062000,8069000,2.50,5000,1
2018-08-08 05:01,0.00062000,8069000,2.50,5000,1
2018-08-08 05:01,0.00062000,8069000,2.50,5000,1
2018-08-08 05:01,0.00062000,8069000,2.50,5000,1
2018-08-08 05:03,0.00577501,8053000,23.25,46482,1
2018-08-08 05:04,0.22624053,8046000,910.16,1819421,1
2018-08-08 05:05,0.00862998,8028000,34.64,69246,1
2018-08-08 05:05,0.01104000,8028000,44.31,88584,1
2018-08-08 05:05,0.00372000,8028000,14.93,29849,1
2018-08-08 05:05,0.01104000,8028000,44.31,88584,1
2018-08-08 05:05,0.00372000,8028000,14.93,29849,1
2018-08-08 05:05,0.02085000,8028000,83.69,167300,1
2018-08-08 05:05,0.01132578,8028000,45.46,90877,1
2018-08-08 05:05,0.74760000,8017000,2996.75,-5996506,0
2018-08-08 05:06,0.00304415,8027000,12.21,24423,1
2018-08-08 05:06,0.06359565,8027000,255.24,510227,1
2018-08-08 05:06,3.05700000,8010000,12243.28,24474326,1
2018-08-08 05:07,0.13329661,8001000,533.25,-1067040,0
2018-08-08 05:07,0.09360339,8001000,374.46,-749296,0
2018-08-08 05:08,0.24361206,8001000,974.57,-1950115,0
2018-08-08 05:09,0.47050000,8021000,1886.94,3771993,1
2018-08-08 05:12,0.00930000,7993000,37.16,-74372,0
2018-08-08 05:12,0.00592687,8007000,23.72,47432,1
2018-08-08 05:12,0.00337313,8007000,13.50,26995,1
2018-08-08 05:26,0.03350000,7964000,133.39,-266928,0
2018-08-08 05:26,0.03470000,7962000,138.14,-276420,0
2018-08-08 05:27,0.00000265,7973000,0.01,-22,0
2018-08-08 05:28,0.13000000,7973000,518.24,-1037009,0
2018-08-08 05:30,0.01947095,7970000,77.59,-155261,0
2018-08-08 05:30,0.00009539,7968000,0.38,-761,0
2018-08-08 05:30,0.00450461,7968000,17.94,-35911,0
2018-08-08 05:31,0.78261335,7966000,3117.14,-6237415,0
2018-08-08 05:33,1.79935068,7960000,7161.41,-14329993,0
2018-08-08 05:33,0.09282617,7960000,369.44,-739266,0
2018-08-08 05:37,0.01736265,7977000,69.25,138432,1
2018-08-08 05:42,0.10973337,7980000,437.83,875234,1
2018-08-08 05:56,0.22738549,7961000,905.10,1809310,1
2018-08-08 05:56,0.06185425,7961000,246.21,492175,1
2018-08-08 05:56,0.04720054,7961000,187.88,375575,1
2018-08-08 05:56,0.06137021,7961000,244.28,488323,1
2018-08-08 05:56,0.09091513,7961000,361.88,723413,1
2018-08-08 05:57,0.01731549,7952000,68.84,-137762,0
2018-08-08 05:58,0.24612278,7950000,978.33,-1957655,0
2018-08-08 06:03,0.00032126,7879000,1.26,2529,1
2018-08-08 06:03,0.48349322,7879000,1904.72,3807538,1
2018-08-08 06:03,0.16836807,7879000,663.28,1325908,1
2018-08-08 06:03,0.13007795,7879000,512.44,1024371,1
2018-08-08 06:03,0.02028493,7879000,79.91,159745,1
2018-08-08 06:03,0.04843931,7879000,190.82,381462,1
2018-08-08 06:03,0.22570000,7879000,889.14,1777401,1
2018-08-08 06:03,0.00380000,7879000,14.97,29925,1
2018-08-08 06:03,0.12196221,7879000,480.47,960459,1
2018-08-08 06:03,0.12148690,7879000,478.59,956716,1
2018-08-08 06:03,0.12148690,7879000,478.59,956716,1
2018-08-08 06:03,0.00625889,7879000,24.65,49289,1
2018-08-08 06:03,0.00391000,7868000,15.38,30748,1
2018-08-08 06:03,0.68270000,7868000,2685.74,5368797,1
2018-08-08 06:03,0.10183999,7868000,400.63,800876,1
2018-08-08 06:03,0.25140000,7868000,989.00,1977026,1
2018-08-08 06:03,0.05315001,7868000,209.09,417975,1
2018-08-08 06:03,0.24319315,7851000,954.65,-1910264,0
2018-08-08 06:03,0.03846019,7851000,150.97,-302102,0
2018-08-08 06:03,0.12554666,7851000,492.83,-986160,0
2018-08-08 06:04,0.00270000,7846000,10.59,-21195,0
2018-08-08 06:04,0.51784502,7835000,2028.65,-4059345,0
2018-08-08 06:04,0.15913507,7811000,621.50,-1243626,0
2018-08-08 06:04,0.09596493,7811000,374.79,-749957,0
2018-08-08 06:04,0.17437521,7811000,681.02,-1362726,0
2018-08-08 06:04,0.06667985,7811000,260.41,-521097,0
2018-08-08 06:04,0.01894494,7811000,73.98,-148053,0
2018-08-08 06:04,0.21085337,7818000,824.22,-1649276,0
2018-08-08 06:04,0.67050000,7818000,2620.98,-5244590,0
2018-08-08 06:05,0.01080000,7810000,42.17,-84391,0
2018-08-08 06:05,0.21940000,7810000,856.75,-1714371,0
2018-08-08 06:08,0.83573615,7839000,3275.66,6548060,1
2018-08-08 06:09,0.15320000,7824000,599.31,-1199237,0
2018-08-08 06:10,1.87190000,7840000,7337.84,14668358,1
2018-08-08 06:12,0.33710340,7800000,1314.70,-2630722,0
2018-08-08 06:12,0.30550464,7800000,1191.46,-2384128,0
2018-08-08 06:12,0.04236400,7800000,165.21,-330605,0
2018-08-08 06:13,0.21580000,7800000,841.62,-1684082,0
2018-08-08 06:14,0.00210000,7806000,8.19,-16401,0
2018-08-08 06:14,0.00061725,7797000,2.40,-4816,0
2018-08-08 06:14,0.00498275,7797000,19.42,-38870,0
2018-08-08 06:15,0.35346684,7793000,1377.28,-2755945,0
2018-08-08 06:15,0.49993316,7793000,1947.98,-3897928,0
2018-08-08 06:15,0.14358197,7797000,559.75,-1120069,0
2018-08-08 06:15,0.61781803,7797000,2408.56,-4819536,0
2018-08-08 06:15,0.12565352,7816000,491.05,981616,1
2018-08-08 06:16,0.00070000,7814000,2.73,5467,1
2018-08-08 06:16,1.57642918,7815000,6159.89,12313634,1
2018-08-08 06:16,0.82047082,7814000,3205.57,6407953,1
2018-08-08 06:18,0.01020000,7804000,39.80,-79641,0
2018-08-08 06:18,0.01020000,7797000,39.76,79489,1
2018-08-08 06:19,0.23610000,7795000,920.19,-1841320,0
2018-08-08 06:19,0.07610000,7788000,296.33,-592964,0
2018-08-08 06:20,0.00001419,7790000,0.05,-111,0
2018-08-08 06:20,0.13181945,7792000,513.56,1026623,1
2018-08-08 06:24,0.00006061,7800000,0.23,-473,0
2018-08-08 06:24,0.35710000,7800000,1392.69,-2786773,0
2018-08-08 06:25,0.01200000,7803000,46.81,-93683,0
2018-08-08 06:28,0.18391190,7828000,719.83,1438942,1
2018-08-08 06:28,0.06145858,7824000,240.42,480611,1
2018-08-08 06:28,0.00127811,7824000,4.99,9994,1
2018-08-08 06:29,0.08929499,7824000,349.32,698294,1
2018-08-08 06:30,0.00139296,7806000,5.43,10868,1
2018-08-08 06:30,0.00640532,7806000,24.99,49974,1
2018-08-08 06:30,0.06828952,7806000,266.53,532801,1
2018-08-08 06:30,0.03684533,7799000,143.67,287213,1
2018-08-08 06:30,0.00100000,7799000,3.89,7795,1
2018-08-08 06:30,0.00128221,7799000,4.99,9994,1
2018-08-08 06:30,0.00012834,7799000,0.50,1000,1
2018-08-08 06:30,0.07200000,7799000,280.76,561247,1
2018-08-08 06:30,0.00054829,7799000,2.13,4273,1
2018-08-08 06:31,0.02570000,7799000,100.21,200334,1
2018-08-08 06:34,0.10000000,7800000,390.00,-780390,0
2018-08-08 06:34,0.10000000,7800000,390.00,-780390,0
2018-08-08 06:34,0.05690000,7798000,221.85,-443928,0
2018-08-08 06:36,0.25690000,7813000,1003.57,2006156,1
2018-08-08 06:40,2.29846225,7801000,8965.15,-17939270,0
2018-08-08 06:40,0.00120000,7801000,4.68,-9366,0
2018-08-08 06:40,0.03293775,7801000,128.47,-257076,0
2018-08-08 06:41,1.16740000,7812000,4559.86,-9124289,0
2018-08-08 07:02,0.00130578,7811000,5.09,10194,1
2018-08-08 07:12,0.27927217,7803000,1089.58,2178071,1
2018-08-08 07:12,0.00056870,7803000,2.21,4435,1
2018-08-08 07:12,0.02901150,7803000,113.18,226263,1
2018-08-08 07:18,0.01300000,7770000,50.50,100959,1
2018-08-08 07:23,0.00304800,7792000,11.87,23738,1
2018-08-08 07:24,0.26048894,7792000,1014.86,2028714,1
2018-08-08 07:24,0.21020589,7791000,818.85,1636895,1
2018-08-08 07:25,0.03814862,7788000,148.55,296952,1
2018-08-08 07:27,0.87392943,7790000,3403.95,6804506,1
2018-08-08 07:27,0.00100000,7790000,3.89,7786,1
2018-08-08 07:27,0.00570837,7790000,22.23,44445,1
2018-08-08 07:29,1.71570000,7780000,6674.07,-13354820,0
2018-08-08 07:30,0.52717070,7789000,2053.06,4104079,1
2018-08-08 07:30,0.01570000,7789000,61.14,122226,1
2018-08-08 07:30,0.00393187,7789000,15.31,30610,1
2018-08-08 07:40,0.26540045,7827000,1038.64,2076250,1
2018-08-08 07:40,0.00070000,7827000,2.73,5476,1
2018-08-08 07:43,0.08427256,7832000,330.01,659692,1
2018-08-08 07:43,0.00337303,7832000,13.20,26404,1
2018-08-08 07:43,0.01541832,7832000,60.37,120695,1
2018-08-08 07:47,0.00107372,7826000,4.20,8398,1
2018-08-08 07:47,0.00086904,7826000,3.40,6797,1
2018-08-08 07:47,0.37506011,7826000,1467.61,2933752,1
2018-08-08 07:47,0.00063000,7826000,2.46,4927,1
2018-08-08 07:49,0.06354456,7818000,248.39,-497040,0
2018-08-08 07:49,1.23005544,7818000,4808.28,-9621382,0
2018-08-08 07:51,0.03116192,7815000,121.76,243408,1
2018-08-08 07:51,0.03836362,7815000,149.90,299661,1
2018-08-08 08:03,0.67393274,7790000,2624.96,5247311,1
2018-08-08 08:04,0.00719270,7793000,28.02,56024,1
2018-08-08 08:54,0.02611344,7765000,101.38,202669,1
2018-08-08 09:04,0.00258097,7749000,9.99,19989,1
2018-08-08 09:04,0.00108572,7749000,4.20,8409,1
2018-08-08 09:04,0.26700000,7746000,1034.09,2067147,1
2018-08-08 09:04,0.03240000,7745000,125.46,250812,1
2018-08-08 09:04,0.00258231,7745000,9.99,19989,1
2018-08-08 09:04,0.00051646,7745000,1.99,3997,1
2018-08-08 09:04,0.00122043,7745000,4.72,9447,1
2018-08-08 09:04,0.00058023,7745000,2.24,4491,1
2018-08-08 09:04,0.07745501,7745000,299.94,599589,1
2018-08-08 09:04,0.50000000,7745000,1936.25,3870563,1
2018-08-08 09:04,0.00639042,7745000,24.74,49469,1
2018-08-08 09:04,0.03857552,7745000,149.38,298618,1
2018-08-08 09:04,0.01000000,7745000,38.72,77411,1
2018-08-08 09:10,1.78290000,7700000,6864.16,13721465,1
2018-08-08 09:14,0.03910000,7584000,148.26,-296683,0
2018-08-08 09:14,3.46090000,7584000,13123.73,-26260590,0
2018-08-08 09:14,3.50000000,7599000,13298.25,26583201,1
2018-08-08 09:16,2.66489078,7603000,10130.58,-20271296,0
2018-08-08 09:16,0.06500000,7603000,247.09,-494442,0
2018-08-08 09:16,0.02772566,7603000,105.39,-210904,0
2018-08-08 09:16,0.01318397,7603000,50.11,-100288,0
2018-08-08 09:21,0.00001670,7630000,0.06,127,1
2018-08-08 09:21,0.00138489,7630000,5.28,10561,1
2018-08-08 09:21,0.00424700,7630000,16.20,32388,1
2018-08-08 09:21,0.02523762,7629000,96.26,192441,1
2018-08-08 09:21,0.08839814,7629000,337.19,674052,1
2018-08-08 09:21,0.00320000,7629000,12.20,24400,1
2018-08-08 09:21,0.02350696,7626000,89.63,179174,1
2018-08-08 09:21,0.00262260,7626000,9.99,19989,1
2018-08-08 09:21,0.10000000,7626000,381.30,762218,1
2018-08-08 09:21,2.06895922,7626000,7888.94,15769994,1
2018-08-08 09:21,0.04492746,7626000,171.30,342445,1
2018-08-08 09:21,0.00065000,7626000,2.47,4954,1
2018-08-08 09:21,0.00065000,7626000,2.47,4954,1
2018-08-08 09:23,0.00200000,7589000,7.58,-15186,0
2018-08-08 09:24,0.91035073,7600000,3459.33,-6922125,0
2018-08-08 09:24,2.00000000,7600000,7600.00,-15207600,0
2018-08-08 09:24,0.00584927,7600000,22.22,-44477,0
2018-08-08 09:26,0.90779548,7593000,3446.44,6889444,1
2018-08-08 09:26,0.00065000,7593000,2.46,4932,1
2018-08-08 09:26,2.41675000,7593000,9175.19,18341207,1
2018-08-08 09:29,0.07530000,7600000,286.14,-572567,0
2018-08-08 09:30,0.00237000,7602000,9.00,18007,1
2018-08-08 09:36,0.00002389,7621000,0.09,181,1
2018-08-08 09:36,0.04106660,7621000,156.48,312812,1
2018-08-08 09:36,0.01213400,7621000,46.23,92426,1
2018-08-08 09:36,0.01967551,7621000,74.97,149872,1
2018-08-08 09:37,0.00950000,7626000,36.22,-72484,0
2018-08-08 09:39,0.72161566,7650000,2760.17,-5523120,0
2018-08-08 09:39,0.05332460,7650000,203.96,-408138,0
2018-08-08 09:39,0.49995974,7650000,1912.34,-3826605,0
2018-08-08 09:40,0.32990000,7649000,1261.70,-2524667,0
2018-08-08 09:40,0.05070000,7646000,193.82,-387846,0
2018-08-08 09:40,1.83500000,7650000,7018.87,-14044769,0
2018-08-08 10:11,1.17410117,7681000,4509.13,9013761,1
2018-08-08 10:11,0.58063651,7681000,2229.93,4457639,1
2018-08-08 10:11,0.00780757,7681000,29.98,59939,1
2018-08-08 10:13,0.13335025,7694000,512.99,1025483,1
2018-08-08 10:13,0.52770000,7681000,2026.63,-4055291,0
2018-08-08 10:17,0.01140000,7675000,43.74,-87539,0
2018-08-08 10:17,0.18450000,7680000,708.48,-1417669,0
2018-08-08 10:27,0.04946748,7655000,189.33,378484,1
2018-08-08 10:38,0.49010924,7658000,1876.62,-3755134,0
2018-08-08 10:38,0.22519076,7658000,862.25,-1725373,0
2018-08-08 10:52,1.45195264,7650000,5553.71,11101883,1
2018-08-08 10:52,0.01000000,7650000,38.25,76461,1
2018-08-08 10:52,0.10589528,7650000,405.04,809693,1
2018-08-08 10:52,0.01000000,7650000,38.25,76461,1
2018-08-08 10:57,2.08430000,7635000,7956.81,-15921588,0
2018-08-08 11:00,0.33808827,7625000,1288.96,2576634,1
2018-08-08 11:13,0.70141514,7648000,2682.21,5361740,1
2018-08-08 11:13,0.11791898,7648000,450.92,901393,1
2018-08-08 11:16,0.05605134,7635000,213.97,427738,1
2018-08-08 11:16,0.00100000,7635000,3.81,7631,1
2018-08-08 11:16,0.89382845,7630000,3409.95,6816501,1
2018-08-08 11:16,0.07090000,7621000,270.16,-540599,0
2018-08-08 11:16,2.03740000,7621000,7763.51,-15534789,0
2018-08-08 12:03,0.00374664,7650000,14.33,28647,1
2018-08-08 12:03,0.08264024,7650000,316.09,631881,1
2018-08-08 12:03,0.07699431,7650000,294.50,588711,1
2018-08-08 12:24,0.19925266,7634000,760.54,1520334,1
2018-08-08 12:25,0.01011600,7634000,38.61,77186,1
2018-08-08 12:25,0.01715204,7633000,65.46,130856,1
2018-08-08 12:25,0.45000000,7633000,1717.42,3433132,1
2018-08-08 12:25,0.00320364,7634000,12.22,24444,1
2018-08-08 12:25,2.65690000,7635000,10142.71,20275288,1
2018-08-08 12:34,0.06656656,7623000,253.71,-507691,0
2018-08-08 12:37,0.06650000,7637000,253.93,507606,1
2018-08-08 12:42,0.00002324,7624000,0.08,-178,0
2018-08-08 12:42,0.29947676,7624000,1141.60,-2284353,0
2018-08-08 12:42,0.00000147,7624000,0,-12,0
2018-08-08 12:55,0.16648358,7616000,633.96,1267304,1
2018-08-08 12:55,0.07900000,7616000,300.83,601363,1
2018-08-08 12:55,0.05401642,7616000,205.69,411183,1
2018-08-08 13:07,0.00497503,7581000,18.85,-37735,0
2018-08-08 13:07,0.00002249,7581000,0.08,-171,0
2018-08-08 13:07,0.00070248,7581000,2.66,-5329,0
2018-08-08 13:08,0.00513000,7580000,19.44,38865,1
2018-08-08 13:08,0.00057000,7580000,2.16,4318,1
2018-08-08 13:12,0.21596907,7534000,813.55,-1627925,0
2018-08-08 13:12,1.60773967,7534000,6056.35,-12118767,0
2018-08-08 13:12,0.03505010,7534000,132.03,-264200,0
2018-08-08 13:12,0.16618804,7534000,626.03,-1252687,0
2018-08-08 13:12,0.01015000,7534000,38.23,-76509,0
2018-08-08 13:12,0.60370312,7534000,2274.14,-4550574,0
2018-08-08 13:15,0.01010346,7528000,38.02,76020,1
2018-08-08 13:15,0.00892919,7528000,33.60,67185,1
2018-08-08 13:22,0.03491721,7527000,131.41,262690,1
2018-08-08 13:22,0.01327753,7527000,49.96,99889,1
2018-08-08 13:22,0.23600000,7527000,888.18,1775483,1
2018-08-08 13:26,0.00997704,7521000,37.51,-75075,0
2018-08-08 13:26,0.08082296,7521000,303.93,-608174,0
2018-08-08 13:26,0.00003298,7514000,0.12,-248,0
2018-08-08 13:29,0.31433715,7532000,1183.79,2366403,1
2018-08-08 13:29,0.00663502,7532000,24.98,49949,1
2018-08-08 13:30,0.04092293,7531000,154.09,308036,1
2018-08-08 13:34,0.21519436,7550000,812.35,-1625530,0
2018-08-08 13:34,0.02750000,7550000,103.81,-207729,0
2018-08-08 13:34,0.00300564,7550000,11.34,-22704,0
2018-08-08 13:35,0.20142380,7550000,760.37,-1521510,0
2018-08-08 13:35,0.00257620,7550000,9.72,-19460,0
2018-08-08 13:38,0.05571012,7550000,210.30,420401,1
2018-08-08 13:38,0.20781035,7547000,784.17,1567560,1
2018-08-08 13:38,0.07164961,7547000,270.36,540469,1
2018-08-08 13:38,0.00264873,7547000,9.99,19979,1
2018-08-08 13:38,0.45922950,7547000,1732.90,3464072,1
2018-08-08 13:38,0.00010600,7543000,0.39,799,1
2018-08-08 13:40,0.00645200,7530000,24.29,48559,1
2018-08-08 13:40,0.15963908,7530000,601.04,1201481,1
2018-08-08 13:43,0.11057939,7503000,414.83,-830092,0
2018-08-08 13:43,0.04047164,7503000,151.82,-303811,0
2018-08-08 13:43,0.02454897,7503000,92.09,-184283,0
2018-08-08 13:43,0.00250000,7503000,9.37,-18767,0
2018-08-08 13:47,0.00736254,7522000,27.69,-55409,0
2018-08-08 13:49,0.40000000,7533000,1506.60,3011693,1
2018-08-08 13:49,0.05720925,7533000,215.47,430741,1
2018-08-08 13:49,0.53815481,7530000,2026.15,4050279,1
2018-08-08 13:54,0.34118445,7529000,1284.38,2567493,1
2018-08-08 13:54,0.00242000,7529000,9.11,18211,1
2018-08-08 13:54,0.20770700,7529000,781.91,1563044,1
2018-08-08 13:54,0.18978855,7529000,714.45,1428203,1
2018-08-08 13:59,3.50000000,7536000,13188.00,-26389188,0
2018-08-08 14:02,3.50000000,7544000,13202.00,26390798,1
2018-08-08 14:21,0.00187528,7505000,7.03,-14081,0
2018-08-08 14:21,0.00962472,7505000,36.11,-72270,0
2018-08-08 14:21,1.32960000,7505000,4989.32,-9983638,0
2018-08-08 14:21,0.12009226,7503000,450.52,-901503,0
2018-08-08 14:21,0.35468561,7511000,1332.02,2662711,1
2018-08-08 14:23,0.09843455,7506000,369.42,-739220,0
2018-08-08 14:24,0.38550000,7507000,1446.97,-2895396,0
2018-08-08 14:25,0.07200000,7503000,270.10,-540487,0
2018-08-08 14:25,0.00345480,7500000,12.95,25898,1
2018-08-08 14:25,0.01400000,7500000,52.50,104947,1
2018-08-08 14:25,0.10027700,7500000,376.03,751701,1
2018-08-08 14:25,0.00266666,7500000,9.99,19989,1
2018-08-08 14:25,0.04547036,7500000,170.51,340857,1
2018-08-08 14:25,0.01000000,7500000,37.50,74962,1
2018-08-08 14:25,0.10666666,7500000,399.99,799599,1
2018-08-08 14:25,0.20000000,7500000,750.00,1499250,1
2018-08-08 14:25,0.02666666,7500000,99.99,199899,1
2018-08-08 14:25,0.00399800,7500000,14.99,29970,1
2018-08-08 14:25,0.30000000,7500000,1125.00,2248875,1
2018-08-08 14:25,0.06666666,7500000,249.99,499749,1
2018-08-08 14:25,0.00200000,7500000,7.50,14992,1
2018-08-08 14:25,0.00130881,7500000,4.90,9811,1
2018-08-08 14:25,0.00666666,7500000,24.99,49974,1
2018-08-08 14:25,0.02181028,7500000,81.78,163495,1
2018-08-08 14:25,0.75074745,7500000,2815.30,5627790,1
2018-08-08 14:27,1.26711351,7490000,4745.34,-9495426,0
2018-08-08 14:29,0.02634449,7474000,98.44,-196998,0
2018-08-08 14:29,0.25829942,7474000,965.26,-1931496,0
2018-08-08 14:29,0.03330000,7477000,124.49,-249109,0
2018-08-08 14:31,0.47123866,7488000,1764.31,3526870,1
2018-08-08 14:31,0.62810497,7476000,2347.85,-4698061,0
2018-08-08 14:31,0.01213202,7476000,45.34,-90745,0
2018-08-08 14:31,0.00769000,7476000,28.74,-57520,0
2018-08-08 14:32,0.87110000,7482000,3258.78,-6520829,0
2018-08-08 14:43,0.02856139,7509000,107.23,214360,1
2018-08-08 14:43,0.02641000,7509000,99.15,198213,1
2018-08-08 14:43,0.04102000,7509000,154.00,307865,1
2018-08-08 14:43,0.00250000,7509000,9.38,18763,1
2018-08-08 14:43,0.09417600,7509000,353.58,706814,1
2018-08-08 14:43,0.00250000,7509000,9.38,18763,1
2018-08-08 14:43,0.00250000,7509000,9.38,18763,1
2018-08-08 14:43,0.00823057,7509000,30.90,61772,1
2018-08-08 14:43,0.02671597,7509000,100.30,200509,1
2018-08-08 14:43,1.06660000,7517000,4008.81,-8021641,0
2018-08-08 14:47,0.01175143,7599000,44.64,89254,1
2018-08-08 14:47,0.13916063,7597000,528.60,1056674,1
2018-08-08 14:47,1.71149147,7598000,6501.95,12997410,1
2018-08-08 14:47,0.18615324,7598000,707.19,1413685,1
2018-08-08 14:48,0.00352871,7581000,13.37,26737,1
2018-08-08 14:48,0.62300148,7581000,2361.48,4720612,1
2018-08-08 14:48,0.08002076,7581000,303.31,606334,1
2018-08-08 14:48,0.22454582,7585000,851.59,1702328,1
2018-08-08 14:48,0.13370400,7585000,507.07,1013637,1
2018-08-08 14:48,0.35355018,7584000,1340.66,2679983,1
2018-08-08 14:49,3.50000000,7556000,13223.00,-26459223,0
2018-08-08 14:54,0.69326838,7613000,2638.92,5275213,1
2018-08-08 14:54,0.00400980,7613000,15.26,30511,1
2018-08-08 14:54,0.30000000,7613000,1141.95,2282758,1
2018-08-08 14:54,0.04821535,7613000,183.53,366879,1
2018-08-08 14:54,0.29207795,7593000,1108.87,-2218857,0
2018-08-08 14:54,0.08000000,7593000,303.72,-607744,0
2018-08-08 14:55,0.00323801,7593000,12.29,24573,1
2018-08-08 14:55,0.00773276,7593000,29.35,58685,1
2018-08-08 14:57,0.03870000,7589000,146.84,293547,1
2018-08-08 14:57,0.26340762,7589000,999.50,1998000,1
2018-08-08 14:57,0.61423332,7577000,2327.02,4651718,1
2018-08-08 14:57,0.00396700,7577000,15.02,30042,1
2018-08-08 14:58,1.54000000,7577000,5834.29,11662745,1
2018-08-08 14:59,0.00920000,7577000,34.85,-69744,0
2018-08-08 15:00,0.09263852,7595000,351.79,703237,1
2018-08-08 15:00,0.00065000,7595000,2.46,4934,1
2018-08-08 15:00,0.00065000,7595000,2.46,4934,1
2018-08-08 15:00,0.00065000,7595000,2.46,4934,1
2018-08-08 15:00,0.00065000,7595000,2.46,4934,1
2018-08-08 15:00,0.00065000,7595000,2.46,4934,1
2018-08-08 15:00,0.09796800,7595000,372.03,743694,1
2018-08-08 15:00,0.00065000,7595000,2.46,4934,1
2018-08-08 15:00,0.17000000,7595000,645.57,1290504,1
2018-08-08 15:02,0.75713305,7562000,2862.72,-5728303,0
2018-08-08 15:02,0.00061612,7562000,2.32,-4662,0
2018-08-08 15:02,0.00495083,7562000,18.71,-37457,0
2018-08-08 15:06,0.37635406,7572000,1424.87,-2851178,0
2018-08-08 15:06,0.10000000,7572000,378.60,-757579,0
2018-08-08 15:06,0.02834435,7572000,107.31,-214731,0
2018-08-08 15:06,2.23265565,7573000,8453.95,-16916356,0
2018-08-08 15:19,0.04968035,7581000,188.31,376438,1
2018-08-08 15:19,0.11602548,7581000,439.79,879149,1
2018-08-08 15:19,0.11602548,7581000,439.79,879149,1
2018-08-08 15:19,0.00259536,7581000,9.83,19665,1
2018-08-08 15:22,0.12468048,7602000,473.91,947347,1
2018-08-08 15:22,0.03961600,7602000,150.58,301010,1
2018-08-08 15:22,0.09882974,7602000,375.65,750928,1
2018-08-08 15:22,0.10617035,7601000,403.50,806597,1
2018-08-08 15:22,0.06556858,7601000,249.19,498137,1
2018-08-08 15:22,0.70000000,7601000,2660.35,5318039,1
2018-08-08 15:22,0.12000000,7601000,456.06,911663,1
2018-08-08 15:22,0.31974933,7603000,1215.52,2429838,1
2018-08-08 15:23,0.04855207,7607000,184.66,369150,1
2018-08-08 15:23,0.33078846,7607000,1258.15,2515049,1
2018-08-08 15:23,0.03941765,7607000,149.92,299700,1
2018-08-08 15:24,0.07320867,7587000,277.71,-555712,0
2018-08-08 15:34,0.06324875,7597000,240.25,480260,1
2018-08-08 15:34,0.11858022,7581000,449.47,898507,1
2018-08-08 15:34,0.00013850,7581000,0.52,1049,1
2018-08-08 15:34,0.04147400,7581000,157.20,314257,1
2018-08-08 15:34,0.09999900,7581000,379.04,757713,1
2018-08-08 15:34,0.05709819,7581000,216.43,432644,1
2018-08-08 15:37,0.05147000,7581000,195.09,389998,1
2018-08-08 15:37,0.86353000,7581000,3273.21,6543147,1
2018-08-08 15:38,0.00620000,7578000,23.49,-47007,0
2018-08-08 15:38,0.04740000,7578000,179.59,-359377,0
2018-08-08 15:41,0.05360000,7592000,203.46,406727,1
2018-08-08 15:44,0.34630000,7580000,1312.47,-2626267,0
2018-08-08 15:44,0.20270000,7581000,768.33,-1537437,0
2018-08-08 15:45,0.38203410,7592000,1450.20,2898952,1
2018-08-08 15:45,0.00126020,7596000,4.78,9567,1
2018-08-08 15:45,0.16570000,7595000,629.24,1257862,1
2018-08-08 15:58,0.10317979,7581000,391.10,-782597,0
2018-08-08 16:01,0.05948579,7603000,226.13,-452497,0
2018-08-08 16:01,0.00145592,7603000,5.53,-11075,0
2018-08-08 16:01,0.00121275,7603000,4.61,-9226,0
2018-08-08 16:01,0.00131562,7603000,5.00,-10008,0
2018-08-08 16:04,0.03386579,7615000,128.94,257759,1
2018-08-08 16:04,0.13273421,7615000,505.38,1010265,1
2018-08-08 16:18,0.00220000,7590000,8.34,-16707,0
2018-08-08 16:26,0.00220000,7600000,8.36,16711,1
2018-08-08 16:31,0.14340220,7581000,543.56,-1087676,0
2018-08-08 16:31,0.01810257,7581000,68.61,-137305,0
2018-08-08 16:31,0.12669523,7581000,480.23,-960957,0
2018-08-08 16:32,0.00722646,7598000,27.45,54879,1
2018-08-08 16:32,0.28100000,7602000,1068.08,2135093,1
2018-08-08 16:32,0.00000002,7580000,0,-1,0
2018-08-08 16:32,0.03190000,7580000,120.90,-241923,0
2018-08-08 16:34,0.03190000,7593000,121.10,242095,1
2018-08-08 16:53,0.90610000,7543000,3417.35,-6838130,0
2018-08-08 16:59,0.14256390,7532000,536.89,1073254,1
2018-08-08 17:00,0.10780400,7516000,405.12,809849,1
2018-08-08 17:00,0.04447834,7516000,167.14,334132,1
2018-08-08 17:03,0.32782818,7533000,1234.76,2468294,1
2018-08-08 17:04,0.27289200,7534000,1027.98,2054940,1
2018-08-08 17:04,0.00401000,7534000,15.10,30196,1
2018-08-08 17:04,0.00401000,7534000,15.10,30196,1
2018-08-08 17:04,0.00248800,7534000,9.37,18735,1
2018-08-08 17:17,3.50000000,7525000,13168.75,-26350669,0
2018-08-08 17:18,0.41067669,7543000,1548.86,3096185,1
2018-08-08 17:19,1.39391006,7543000,5257.13,10509006,1
2018-08-08 17:21,0.70933230,7530000,2670.63,-5343943,0
2018-08-08 17:21,1.09516770,7530000,4123.30,-8250736,0
2018-08-08 17:23,0.00064913,7543000,2.44,4893,1
2018-08-08 17:26,0.54829689,7550000,2069.82,4137571,1
2018-08-08 17:26,2.95100311,7550000,11140.03,22268933,1
2018-08-08 17:29,0.01103974,7531000,41.57,-83182,0
2018-08-08 17:29,0.04700948,7531000,177.01,-354206,0
2018-08-08 17:29,0.08405078,7531000,316.49,-633303,0
2018-08-08 17:30,0.14210000,7541000,535.78,1071040,1
2018-08-08 17:59,3.50000000,7553000,13217.75,-26448718,0
2018-08-08 18:40,0.10000000,7525000,376.25,752123,1
2018-08-08 18:40,0.59400000,7525000,2234.92,4467615,1
2018-08-08 18:43,0.00065998,7524000,2.48,4963,1
2018-08-08 18:43,0.73043431,7524000,2747.89,5493039,1
2018-08-08 18:43,0.06642080,7524000,249.87,499500,1
2018-08-08 18:43,0.10324198,7524000,388.39,776404,1
2018-08-08 18:43,0.03785426,7524000,142.40,284673,1
2018-08-08 18:43,0.00066000,7524000,2.48,4963,1
2018-08-08 18:43,0.00014000,7524000,0.52,1052,1
2018-08-08 18:50,0.19934000,7530000,750.51,1500279,1
2018-08-08 18:50,0.00017791,7530000,0.66,1338,1
2018-08-08 18:50,1.11153600,7530000,4184.93,8365681,1
2018-08-08 18:50,0.55554609,7530000,2091.63,4181170,1
2018-08-08 18:57,0.00590000,7520000,22.18,-44391,0
2018-08-08 18:57,0.00590000,7531000,22.21,44410,1
2018-08-08 19:00,0.02280000,7522000,85.75,-171588,0
2018-08-08 19:00,0.02280000,7533000,85.87,171666,1
2018-08-08 19:09,0.90278161,7510000,3389.94,-6783280,0
2018-08-08 19:09,0.04171839,7510000,156.65,-313462,0
2018-08-08 19:10,0.34950000,7514000,1313.07,-2627456,0
2018-08-08 19:10,0.01002000,7514000,37.64,-75328,0
2018-08-08 19:10,0.03998000,7514000,150.20,-300560,0
2018-08-08 19:10,0.04810000,7506000,180.51,-361220,0
2018-08-08 19:10,0.04510432,7503000,169.20,-338587,0
2018-08-08 19:10,0.12580000,7502000,471.87,-944224,0
2018-08-08 19:10,0.00157000,7510000,5.89,-11797,0
2018-08-08 19:10,0.03678700,7510000,138.13,-276409,0
2018-08-08 19:10,0.03924300,7510000,147.35,-294863,0
2018-08-08 19:10,1.85940000,7503000,6975.53,-13958054,0
2018-08-08 19:16,0.25318092,7518000,951.70,1902462,1
2018-08-08 19:16,0.54367486,7515000,2042.85,4083673,1
2018-08-08 19:16,0.00015800,7515000,0.59,1186,1
2018-08-08 19:33,0.04932214,7536000,185.84,371505,1
2018-08-08 20:03,0.01815500,7533000,68.38,136693,1
2018-08-08 20:04,0.06434033,7534000,242.37,484497,1
2018-08-08 20:09,0.26044800,7543000,982.27,1963576,1
2018-08-08 20:15,0.08660463,7573000,327.92,655528,1
2018-08-08 20:19,0.19328746,7552000,729.85,-1460437,0
2018-08-08 20:19,0.52721254,7552000,1990.75,-3983500,0
2018-08-08 20:28,0.01035621,7563000,39.16,78284,1
2018-08-08 20:28,0.39646975,7563000,1499.25,2997001,1
2018-08-08 20:29,0.04227781,7563000,159.87,319587,1
2018-08-08 20:29,0.20000000,7563000,756.30,1511843,1
2018-08-08 20:29,0.31010000,7562000,1172.48,2343803,1
2018-08-08 20:29,0.01000000,7562000,37.81,75582,1
2018-08-08 20:38,0.00243085,7567000,9.19,18385,1
2018-08-08 20:38,0.00056237,7567000,2.12,4253,1
2018-08-08 20:43,0.01260000,7566000,47.66,-95380,0
2018-08-08 20:57,0.17344013,7541000,653.95,-1308566,0
2018-08-08 20:57,0.02835987,7541000,106.93,-213969,0
2018-08-08 20:57,0.00003508,7541000,0.13,-265,0
2018-08-08 20:57,0.01396492,7541000,52.65,-105363,0
2018-08-08 20:57,0.24949500,7538000,940.34,-1881634,0
2018-08-08 20:58,0.10711111,7541000,403.86,-808129,0
2018-08-08 21:38,0.03006585,7543000,113.39,226673,1
2018-08-08 21:38,0.14617626,7542000,551.23,1101910,1
2018-08-08 21:42,0.00176153,7544000,6.64,13282,1
2018-08-08 21:42,0.02154370,7544000,81.26,162444,1
2018-08-08 21:42,0.00024140,7544000,0.91,1820,1
2018-08-08 21:42,0.00861230,7544000,32.48,64938,1
2018-08-08 21:42,0.05624853,7545000,212.19,424182,1
2018-08-08 21:42,0.01001447,7545000,37.77,75521,1
2018-08-08 21:43,0.01346086,7545000,50.78,101511,1
2018-08-08 21:43,0.20200419,7545000,762.06,1523359,1
2018-08-08 21:43,0.02030000,7545000,76.58,153086,1
2018-08-08 21:43,1.23491991,7548000,4660.58,9316514,1
2018-08-08 21:43,0.16399375,7545000,618.66,1236714,1
2018-08-08 21:43,0.00279740,7545000,10.55,21095,1
2018-08-08 21:43,0.26507620,7545000,999.99,1998999,1
2018-08-08 21:44,2.90815916,7541000,10965.21,-21941394,0
2018-08-08 21:46,0.59852114,7547000,2258.51,4514780,1
2018-08-08 21:46,2.68987886,7547000,10150.25,20290365,1
2018-08-08 22:32,0.02340000,7512000,87.89,-175869,0
2018-08-08 22:32,0.26150000,7509000,981.80,-1964586,0
2018-08-08 22:35,0.02877326,7511000,108.05,-216224,0
2018-08-08 22:36,0.18942442,7508000,711.09,-1422910,0
2018-08-08 22:39,0.08430000,7503000,316.25,-632820,0
2018-08-08 22:39,0.10134200,7503000,380.18,-760750,0
2018-08-08 22:39,0.56309782,7506000,2113.30,-4228726,0
2018-08-08 22:39,0.16660218,7506000,625.25,-1251142,0
2018-08-08 22:39,0.08080000,7506000,303.24,-606788,0
2018-08-08 22:40,0.11696149,7502000,438.72,-877884,0
2018-08-08 22:40,1.88383851,7502000,7066.27,-14139623,0
2018-08-08 22:42,1.43136455,7515000,5378.35,10751326,1
2018-08-08 22:45,0.51470000,7504000,1931.15,-3864240,0
2018-08-08 22:48,0.00687920,7519000,25.86,51698,1
2018-08-08 22:48,1.55000000,7519000,5827.22,11648622,1
2018-08-08 22:48,0.01602143,7519000,60.23,120404,1
2018-08-08 22:51,0.01424551,7520000,53.56,107072,1
2018-08-08 22:51,0.01267443,7520000,47.65,95264,1
2018-08-08 22:51,0.00266249,7520000,10.01,20011,1
2018-08-08 22:51,0.07343742,7519000,276.08,551899,1
2018-08-08 22:51,0.78980257,7519000,2969.26,5935556,1
2018-08-08 22:52,0.03243539,7508000,121.76,-243647,0
2018-08-08 22:52,0.10000000,7516000,375.80,751224,1
2018-08-08 22:53,0.06281616,7507000,235.78,-471797,0
2018-08-08 22:53,0.04112758,7503000,154.29,-308735,0
2018-08-08 22:53,0.23192577,7503000,870.06,-1741010,0
2018-08-08 22:55,0.77020000,7500000,2888.25,-5779389,0
2018-08-08 23:04,0.18270000,7504000,685.49,-1371667,0
2018-08-08 23:08,0.47324834,7490000,1772.31,-3546403,0
2018-08-08 23:08,0.04995166,7490000,187.06,-374325,0
2018-08-08 23:09,1.63790000,7488000,6132.29,-12270728,0
2018-08-08 23:12,0.07153521,7497000,268.14,536031,1
2018-08-08 23:12,0.00033306,7497000,1.24,2495,1
2018-08-08 23:12,0.00813848,7497000,30.50,60983,1
2018-08-08 23:12,0.01604520,7497000,60.14,120230,1
2018-08-08 23:12,0.03600000,7497000,134.94,269757,1
2018-08-08 23:13,0.08098504,7506000,303.93,607569,1
2018-08-08 23:13,0.07938000,7506000,297.91,595528,1
2018-08-08 23:13,0.07938000,7506000,297.91,595528,1
2018-08-08 23:13,0.07938000,7506000,297.91,595528,1
2018-08-08 23:13,0.07938000,7506000,297.91,595528,1
2018-08-08 23:13,0.07938000,7506000,297.91,595528,1
2018-08-08 23:13,0.39688000,7506000,1489.49,2977491,1
2018-08-08 23:13,0.39688000,7506000,1489.49,2977491,1
2018-08-08 23:13,0.03010473,7508000,113.01,225913,1
2018-08-08 23:13,0.15000000,7508000,563.10,1125636,1
2018-08-08 23:13,0.06684000,7508000,250.91,501583,1
2018-08-08 23:13,0.75000000,7508000,2815.50,5628184,1
2018-08-08 23:13,0.01069730,7508000,40.15,80275,1
2018-08-08 23:14,0.00150000,7498000,5.62,-11253,0
2018-08-08 23:16,0.09474942,7517000,356.11,711875,1
2018-08-08 23:16,0.00998688,7517000,37.53,75033,1
2018-08-08 23:16,0.06940074,7517000,260.84,521424,1
2018-08-08 23:16,0.00133013,7517000,4.99,9993,1
2018-08-08 23:17,0.09807635,7523000,368.91,737459,1
2018-08-08 23:17,0.00418481,7523000,15.74,31466,1
2018-08-08 23:17,0.15806037,7523000,594.54,1188493,1
2018-08-08 23:17,0.02058840,7523000,77.44,154809,1
2018-08-08 23:17,0.02297952,7523000,86.43,172788,1
2018-08-08 23:18,0.00606590,7528000,22.83,45641,1
2018-08-08 23:18,0.04127200,7528000,155.34,310540,1
2018-08-08 23:18,0.00659979,7528000,24.84,49658,1
2018-08-08 23:18,0.05140000,7528000,193.46,386745,1
2018-08-08 23:19,0.01986214,7529000,74.77,149467,1
2018-08-08 23:19,0.21258383,7529000,800.27,1599743,1
2018-08-08 23:19,0.00964335,7529000,36.30,72568,1
2018-08-08 23:19,0.00661524,7529000,24.90,49781,1
2018-08-08 23:19,0.00600000,7529000,22.58,45151,1
2018-08-08 23:19,0.12770000,7529000,480.72,960972,1
2018-08-08 23:20,0.00599532,7532000,22.57,45134,1
2018-08-08 23:20,0.00318953,7532000,12.01,24011,1
2018-08-08 23:20,0.00663190,7532000,24.97,49926,1
2018-08-08 23:24,1.12680880,7515000,4233.98,-8472203,0
2018-08-08 23:24,0.01628665,7515000,61.19,-122456,0
2018-08-08 23:26,0.00014000,7523000,0.52,1052,1
2018-08-08 23:26,0.05600000,7523000,210.64,421077,1
2018-08-08 23:27,0.38271370,7522000,1439.38,2877333,1
2018-08-08 23:27,0.39604000,7522000,1489.50,2977523,1
2018-08-08 23:27,0.39604000,7522000,1489.50,2977523,1
2018-08-08 23:27,0.01930630,7522000,72.61,145149,1
2018-08-08 23:27,0.00071245,7506000,2.67,-5351,0
2018-08-08 23:27,0.00088000,7506000,3.30,-6609,0
2018-08-08 23:27,0.00241000,7506000,9.04,-18099,0
2018-08-08 23:27,0.00247000,7506000,9.26,-18549,0
2018-08-08 23:28,0.00045972,7507000,1.72,-3453,0
2018-08-08 23:29,0.00700000,7521000,26.32,52620,1
2018-08-08 23:29,0.00001330,7510000,0.04,-100,0
2018-08-08 23:29,0.00168670,7510000,6.33,-12674,0
2018-08-08 23:31,0.00170000,7521000,6.39,12779,1
2018-08-08 23:35,0.55564782,7501000,2083.95,-4169999,0
2018-08-08 23:35,0.05992320,7501000,224.74,-449709,0
2018-08-08 23:36,0.23121849,7506000,867.76,-1736394,0
2018-08-08 23:36,0.46705221,7506000,1752.84,-3507447,0
2018-08-08 23:36,0.73332027,7505000,2751.78,-5506321,0
2018-08-08 23:36,0.11941573,7505000,448.10,-896664,0
2018-08-08 23:36,0.02331827,7505000,87.50,-175092,0
2018-08-08 23:36,1.31000000,7507000,4917.08,-9839087,0
2018-08-08 23:38,1.26070000,7520000,4740.23,9475723,1
2018-08-08 23:38,0.00000100,7520000,0,7,1
2018-08-08 23:42,0.31629908,7519000,1189.12,2377063,1
2018-08-08 23:42,0.16020870,7519000,602.30,1204006,1
2018-08-08 23:42,0.06408991,7519000,240.94,481651,1
2018-08-08 23:42,0.82000000,7519000,3082.79,6162497,1
2018-08-08 23:42,0.50000000,7519000,1879.75,3757620,1
2018-08-08 23:42,0.04744074,7519000,178.35,356528,1
2018-08-08 23:42,0.00255824,7519000,9.61,19225,1
2018-08-08 23:48,0.00146154,7520000,5.49,10985,1
2018-08-08 23:48,0.04027000,7520000,151.41,302678,1
2018-08-08 23:48,0.22947626,7520000,862.83,1724798,1
2018-08-08 23:48,0.04027000,7520000,151.41,302678,1
2018-08-08 23:48,0.01712220,7520000,64.37,128694,1
2018-08-09 00:23,0.00003294,7526000,0.12,-248,0
2018-08-09 00:37,0.00240000,7508000,9.00,-18029,0
2018-08-09 00:37,0.19200000,7505000,720.48,-1441681,0
2018-08-09 00:37,0.00004610,7505000,0.17,-347,0
2018-08-09 00:37,0.00575390,7505000,21.59,-43205,0
2018-08-09 00:37,0.00005033,7506000,0.18,-378,0
2018-08-09 00:37,0.00820187,7506000,30.78,-61594,0
2018-08-09 00:37,0.02464780,7506000,92.50,-185099,0
2018-08-09 00:40,0.00000459,7503000,0.01,-35,0
2018-08-09 00:40,0.00005295,7503000,0.19,-398,0
2018-08-09 00:41,0.00002985,7509000,0.11,-225,0
2018-08-09 00:56,0.02714767,7524000,102.12,204156,1
2018-08-09 00:56,0.00014000,7524000,0.52,1052,1
2018-08-09 01:12,0.00003195,7505000,0.11,-240,0
2018-08-09 01:12,0.00766805,7505000,28.77,-57578,0
2018-08-09 01:13,0.00024769,7519000,0.93,1861,1
2018-08-09 01:13,0.02588546,7519000,97.31,194535,1
2018-08-09 01:14,0.00000768,7513000,0.02,57,1
2018-08-09 01:16,0.00039203,7510000,1.47,2942,1
2018-08-09 01:16,0.06515168,7510000,244.64,489044,1
2018-08-09 01:16,0.00340795,7510000,12.79,25580,1
2018-08-09 01:16,0.01998216,7510000,75.03,149990,1
2018-08-09 01:20,0.00952271,7493000,35.67,71317,1
2018-08-09 01:20,0.02389035,7493000,89.50,178920,1
2018-08-09 01:20,0.04710000,7496000,176.53,-353239,0
2018-08-09 01:21,0.00000060,7503000,0,-5,0
2018-08-09 01:29,0.00508933,7480000,19.03,-38088,0
2018-08-09 01:29,0.78205632,7480000,2924.89,-5852707,0
2018-08-09 01:30,0.04960000,7484000,185.60,-371392,0
2018-08-09 01:30,0.47613501,7497000,1784.79,3567799,1
2018-08-09 01:30,0.02870100,7497000,107.58,215063,1
2018-08-09 01:31,0.63265570,7482000,2366.76,-4735897,0
2018-08-09 01:32,0.04120000,7483000,154.14,-308454,0
2018-08-09 01:36,0.00785280,7488000,29.40,58772,1
2018-08-09 01:36,0.00772842,7488000,28.93,57841,1
2018-08-09 01:38,0.28307482,7471000,1057.42,-2115910,0
2018-08-09 01:38,0.14301928,7469000,534.10,-1068746,0
2018-08-09 01:38,0.65488072,7469000,2445.65,-4893750,0
2018-08-09 01:38,0.34750000,7466000,1297.21,-2595733,0
2018-08-09 01:41,0.27933000,7444000,1039.66,2078292,1
2018-08-09 01:41,0.11000000,7444000,409.42,818430,1
2018-08-09 01:42,0.00100000,7426000,3.71,7422,1
2018-08-09 01:42,0.38761248,7426000,1439.20,2876971,1
2018-08-09 01:42,0.13017300,7426000,483.33,966181,1
2018-08-09 01:42,0.00776789,7426000,28.84,57655,1
2018-08-09 01:42,0.00776789,7426000,28.84,57655,1
2018-08-09 01:43,0.00616100,7392000,22.77,45519,1
2018-08-09 01:43,0.00676406,7392000,24.99,49974,1
2018-08-09 01:43,0.03000000,7392000,110.88,221649,1
2018-08-09 01:43,0.01000000,7392000,36.96,73883,1
2018-08-09 01:43,0.06657600,7392000,246.06,491883,1
2018-08-09 01:43,1.00000000,7392000,3696.00,7388304,1
2018-08-09 01:43,0.01196900,7392000,44.23,88430,1
2018-08-09 01:43,0.00836810,7392000,30.92,61826,1
2018-08-09 01:44,0.00983169,7371000,36.23,-72506,0
2018-08-09 01:44,0.00186831,7371000,6.88,-13779,0
2018-08-09 01:45,0.01176722,7363000,43.32,86598,1
2018-08-09 01:45,0.00864000,7363000,31.80,63584,1
2018-08-09 01:45,0.00282600,7363000,10.40,20797,1
2018-08-09 01:45,0.03803363,7363000,140.02,279901,1
2018-08-09 01:45,0.04185000,7363000,154.07,307987,1
2018-08-09 01:45,0.06017794,7363000,221.54,442868,1
2018-08-09 01:45,0.22927240,7363000,844.06,1687288,1
2018-08-09 01:46,0.00047776,7329000,1.75,-3504,0
2018-08-09 01:46,0.13702224,7329000,502.11,-1004739,0
2018-08-09 01:47,0.00002724,7323000,0.09,-200,0
2018-08-09 01:47,0.07747276,7323000,283.66,-567617,0
2018-08-09 01:47,0.03040000,7323000,111.30,-222731,0
2018-08-09 01:47,0.00255246,7315000,9.33,-18681,0
2018-08-09 01:47,0.17554754,7315000,642.06,-1284773,0
2018-08-09 01:48,0.14750000,7329000,540.51,-1081568,0
2018-08-09 01:48,0.62443252,7366000,2299.78,4597270,1
2018-08-09 01:48,0.02030000,7366000,74.76,149455,1
2018-08-09 01:48,0.01280000,7368000,47.15,94263,1
2018-08-09 01:54,0.04550960,7362000,167.52,-335210,0
2018-08-09 01:54,0.01930527,7362000,71.06,-142197,0
2018-08-09 01:55,0.00004375,7360000,0.16,-323,0
2018-08-09 01:55,0.07521700,7360000,276.79,-553874,0
2018-08-09 01:56,0.29374708,7360000,1080.98,-2163060,0
2018-08-09 01:56,0.13445292,7360000,494.78,-990069,0
2018-08-09 01:56,0.00006468,7369000,0.23,-477,0
2018-08-09 01:56,0.05467500,7369000,201.45,-403102,0
2018-08-09 02:03,0.14149078,7353000,520.19,1039861,1
2018-08-09 02:04,0.02050163,7364000,75.48,150898,1
2018-08-09 02:05,0.01310000,7371000,48.28,-96609,0
2018-08-09 02:06,0.00989231,7369000,36.44,-72933,0
2018-08-09 02:06,0.11000000,7369000,405.29,-810996,0
2018-08-09 02:06,0.59400000,7387000,2193.93,4385684,1
2018-08-09 02:20,1.53340000,7333000,5622.21,-11250045,0
2018-08-09 02:24,0.03360518,7309000,122.81,-245743,0
2018-08-09 02:32,0.68836292,7313000,2516.99,-5036515,0
2018-08-09 02:32,0.08743708,7313000,319.71,-639747,0
2018-08-09 02:32,0.04250000,7313000,155.40,-310958,0
2018-08-09 02:32,0.44000000,7314000,1609.08,-3219769,0
2018-08-09 02:37,0.00030000,7340000,1.10,2200,1
2018-08-09 02:44,0.00068000,7353000,2.50,4997,1
2018-08-09 02:53,0.05323807,7338000,195.33,390465,1
2018-08-09 02:54,0.00015130,7335000,0.55,1109,1
2018-08-09 03:15,0.00285120,7332000,10.45,20894,1
2018-08-09 03:15,1.26002600,7340000,4624.29,9243966,1
2018-08-09 03:15,0.00068000,7340000,2.49,4988,1
2018-08-09 03:15,0.00068000,7340000,2.49,4988,1
2018-08-09 03:15,0.00068000,7340000,2.49,4988,1
2018-08-09 03:15,0.00068000,7340000,2.49,4988,1
2018-08-09 03:15,0.00068000,7340000,2.49,4988,1
2018-08-09 03:15,0.00068000,7340000,2.49,4988,1
2018-08-09 03:15,1.14866291,7348000,4220.18,8436154,1
2018-08-09 03:16,0.00043104,7340000,1.58,3162,1
2018-08-09 03:17,0.09236548,7317000,337.91,-676177,0
2018-08-09 03:23,0.01105789,7323000,40.48,80936,1
2018-08-09 03:25,1.17960000,7310000,4311.43,-8627188,0
2018-08-09 03:25,1.44020000,7314000,5266.81,-10538890,0
2018-08-09 03:32,0.11648594,7298000,425.05,849689,1
2018-08-09 03:32,0.16110000,7298000,587.85,1175119,1
2018-08-09 03:36,2.77840000,7247000,10067.53,20124997,1
2018-08-09 03:43,0.68702792,7243000,2488.07,-4978632,0
2018-08-09 03:43,0.02571000,7243000,93.10,-186311,0
2018-08-09 03:43,0.00500000,7243000,18.10,-36234,0
2018-08-09 03:50,0.55329482,7295000,2018.14,-4038304,0
2018-08-09 03:50,0.00643372,7295000,23.46,-46958,0
2018-08-09 03:51,0.00059428,7330000,2.17,4353,1
2018-08-09 03:51,1.27690572,7330000,4679.85,9355039,1
2018-08-09 03:59,0.98063180,7317000,3587.64,-7178871,0
2018-08-09 04:01,0.45913260,7323000,1681.11,3360546,1
2018-08-09 04:01,0.00350000,7331000,12.82,-25672,0
2018-08-09 04:01,0.00013633,7350000,0.50,1001,1
2018-08-09 04:02,0.35107900,7340000,1288.45,-2578209,0
2018-08-09 04:02,0.26740000,7340000,981.35,1961734,1
2018-08-09 04:02,0.15210381,7340000,558.22,1115883,1
2018-08-09 04:02,0.01021600,7340000,37.49,74947,1
2018-08-09 04:02,0.00219900,7340000,8.07,16132,1
2018-08-09 04:03,0.05364234,7340000,196.86,393537,1
2018-08-09 04:03,0.13617183,7340000,499.75,999001,1
2018-08-09 04:03,0.22726184,7340000,834.05,1667267,1
2018-08-09 04:03,0.02690000,7340000,98.72,197347,1
2018-08-09 04:03,3.50000000,7359000,12878.25,-25769379,0
2018-08-09 04:07,0.02440240,7376000,89.99,179902,1
2018-08-09 04:08,0.03029351,7396000,112.02,223938,1
2018-08-09 04:09,3.44530000,7380000,12713.15,25413600,1
2018-08-09 04:21,0.28000000,7396000,1035.44,-2071916,0
2018-08-09 04:21,0.00800000,7396000,29.58,-59198,0
2018-08-09 04:21,0.02789891,7396000,103.17,-206444,0
2018-08-09 04:21,0.00333000,7423000,12.35,24706,1
2018-08-09 04:21,0.00423000,7423000,15.69,31383,1
2018-08-09 04:21,0.02791000,7423000,103.58,207072,1
2018-08-09 04:21,0.01084000,7423000,40.23,80425,1
2018-08-09 04:21,0.02214000,7423000,82.17,164263,1
2018-08-09 04:21,0.02078000,7423000,77.12,154172,1
2018-08-09 04:21,0.02214000,7423000,82.17,164263,1
2018-08-09 04:21,0.00418000,7423000,15.51,31012,1
2018-08-09 04:21,0.00423000,7423000,15.69,31383,1
2018-08-09 04:21,0.02078000,7423000,77.12,154172,1
2018-08-09 04:21,0.02214000,7423000,82.17,164263,1
2018-08-09 04:21,0.02078000,7423000,77.12,154172,1
2018-08-09 04:21,0.02214000,7423000,82.17,164263,1
2018-08-09 04:21,0.11028000,7423000,409.30,818199,1
2018-08-09 04:21,0.00510000,7422000,18.92,-37872,0
2018-08-09 04:22,0.10000000,7414000,370.70,-741771,0
2018-08-09 04:22,0.20000000,7414000,741.40,-1483542,0
2018-08-09 04:23,0.00580520,7408000,21.50,42983,1
2018-08-09 04:25,0.00994894,7410000,36.86,73684,1
2018-08-09 04:27,0.04118732,7389000,152.16,304180,1
2018-08-09 04:27,0.02600000,7389000,96.05,192017,1
2018-08-09 04:28,0.01604027,7384000,59.22,-118501,0
2018-08-09 04:28,0.01875973,7384000,69.26,-138592,0
2018-08-09 04:29,0.00000518,7390000,0.01,38,1
2018-08-09 04:29,0.01418854,7390000,52.42,104800,1
2018-08-09 04:30,0.03729838,7379000,137.61,275087,1
2018-08-09 04:30,0.02158400,7379000,79.63,159188,1
2018-08-09 04:31,0.16025707,7379000,591.26,1181945,1
2018-08-09 04:31,0.00067000,7379000,2.47,4941,1
2018-08-09 04:32,0.02300000,7379000,84.85,169632,1
2018-08-09 04:36,0.05839520,7369000,215.15,-430530,0
2018-08-09 04:36,0.28000000,7369000,1031.66,-2064352,0
2018-08-09 04:37,0.09936173,7369000,366.09,-732563,0
2018-08-09 04:37,0.01740000,7368000,64.10,-128268,0
2018-08-09 04:47,0.00000802,7374000,0.02,-60,0
2018-08-09 04:51,0.06920000,7376000,255.20,-510675,0
2018-08-09 04:51,0.00618525,7376000,22.81,-45646,0
2018-08-09 04:52,0.01642763,7392000,60.71,121372,1
2018-08-09 04:57,0.00041652,7383000,1.53,3073,1
2018-08-09 04:57,0.08068327,7384000,297.88,595467,1
2018-08-09 04:58,0.00016092,7391000,0.59,1188,1
2018-08-09 04:58,0.00413000,7391000,15.26,30509,1
2018-08-09 04:58,0.00413000,7391000,15.26,30509,1
2018-08-09 04:58,0.00413000,7391000,15.26,30509,1
2018-08-09 04:59,0.00001383,7388000,0.05,102,1
2018-08-09 04:59,0.04058609,7388000,149.92,299700,1
2018-08-09 05:06,0.00146626,7367000,5.40,-10808,0
2018-08-09 05:06,0.00683172,7367000,25.16,-50355,0
2018-08-09 05:06,0.00630202,7367000,23.21,-46451,0
2018-08-09 05:06,0.00950000,7365000,34.98,-70003,0
2018-08-09 05:09,0.00014800,7378000,0.54,1091,1
2018-08-09 05:09,0.00830000,7378000,30.61,61206,1
2018-08-09 05:09,0.00431000,7378000,15.89,31783,1
2018-08-09 05:15,0.39120000,7383000,1444.11,2886785,1
2018-08-09 05:31,1.12666331,7363000,4147.81,-8299770,0
2018-08-09 05:31,0.00861142,7363000,31.70,-63438,0
2018-08-09 05:37,0.00110000,7365000,4.05,-8106,0
2018-08-09 05:38,0.09350310,7365000,344.32,-688995,0
2018-08-09 05:38,0.20306925,7367000,748.00,-1496760,0
2018-08-09 05:38,0.11363075,7367000,418.55,-837537,0
2018-08-09 05:39,0.00089088,7379000,3.28,6570,1
2018-08-09 05:39,0.06544359,7379000,241.45,482666,1
2018-08-09 05:42,0.02087883,7368000,76.91,-153913,0
2018-08-09 05:42,0.01466940,7368000,54.04,-108139,0
2018-08-09 05:42,0.04883264,7368000,179.89,-359979,0
2018-08-09 05:42,0.00023913,7368000,0.88,-1763,0
2018-08-09 05:42,0.00068000,7368000,2.50,-5013,0
2018-08-09 05:44,0.02755315,7372000,101.56,203020,1
2018-08-09 05:50,0.00000184,7372000,0,13,1
2018-08-09 05:51,0.00227789,7372000,8.39,16784,1
2018-08-09 05:51,0.03722086,7372000,137.19,274254,1
2018-08-09 05:51,0.00177880,7372000,6.55,13106,1
2018-08-09 05:52,0.00000206,7370000,0,15,1
2018-08-09 05:52,0.00084014,7372000,3.09,6190,1
2018-08-09 05:54,0.25747405,7372000,949.04,1897149,1
2018-08-09 05:54,0.00200000,7372000,7.37,14736,1
2018-08-09 05:57,0.00292000,7369000,10.75,21506,1
2018-08-09 05:57,1.23348000,7368000,4544.14,9083736,1
2018-08-09 05:58,0.47070000,7351000,1730.05,-3461846,0
2018-08-09 05:59,0.10450000,7353000,384.19,-768773,0
2018-08-09 05:59,0.00103652,7368000,3.81,7633,1
2018-08-09 05:59,0.00000001,7368000,0,0,1
2018-08-09 06:00,0.19596558,7369000,722.03,1443348,1
2018-08-09 06:00,0.00200000,7369000,7.36,14730,1
2018-08-09 06:00,0.05377881,7371000,198.20,396205,1
2018-08-09 06:00,0.12000000,7371000,442.26,884077,1
2018-08-09 06:00,0.20242119,7371000,746.02,1491300,1
2018-08-09 06:06,3.01210000,7356000,11078.50,-22168087,0
2018-08-09 06:15,0.10000000,7348000,367.40,734432,1
2018-08-09 06:15,0.14620001,7348000,537.13,1073740,1
2018-08-09 06:15,0.05000000,7348000,183.70,367216,1
2018-08-09 06:15,0.00014290,7348000,0.52,1049,1
2018-08-09 06:15,0.00408496,7344000,14.99,29984,1
2018-08-09 06:15,0.30000000,7344000,1101.60,2202098,1
2018-08-09 06:15,0.00014297,7344000,0.52,1049,1
2018-08-09 06:15,0.01140480,7344000,41.87,83714,1
2018-08-09 06:15,0.22176000,7344000,814.30,1627791,1
2018-08-09 06:15,0.04670989,7344000,171.51,342865,1
2018-08-09 06:15,0.11660880,7344000,428.18,855946,1
2018-08-09 06:15,0.83039570,7330000,3043.40,-6089844,0
2018-08-09 06:15,0.20520430,7330000,752.07,-1504900,0
2018-08-09 06:18,0.55204985,7319000,2020.22,4038432,1
2018-08-09 06:18,0.00700000,7319000,25.61,51207,1
2018-08-09 06:18,0.01751850,7319000,64.10,128153,1
2018-08-09 06:18,2.03126854,7322000,7436.47,14865511,1
2018-08-09 06:18,0.00771571,7322000,28.24,56466,1
2018-08-09 06:19,0.04075676,7309000,148.94,-298041,0
2018-08-09 06:20,0.10645165,7316000,389.40,-779190,0
2018-08-09 06:20,0.00002300,7316000,0.08,-169,0
2018-08-09 06:21,0.30000000,7334000,1100.10,-2201301,0
2018-08-09 06:22,0.22780427,7356000,837.86,1674890,1
2018-08-09 06:22,0.04096687,7356000,150.67,301201,1
2018-08-09 06:27,0.00052883,7339000,1.94,3879,1
2018-08-09 06:27,0.00068000,7339000,2.49,4988,1
2018-08-09 06:27,0.00068000,7339000,2.49,4988,1
2018-08-09 06:28,2.43523820,7326000,8920.27,-17849476,0
2018-08-09 06:29,0.00301481,7344000,11.07,22129,1
2018-08-09 06:33,0.01410000,7341000,51.75,103456,1
2018-08-09 06:53,0.21937614,7351000,806.31,1611827,1
2018-08-09 06:56,2.81040000,7360000,10342.27,20674201,1
2018-08-09 06:58,0.02270000,7345000,83.36,-166815,0
2018-08-09 06:58,0.07970000,7345000,292.69,-585690,0
2018-08-09 06:59,0.10240000,7372000,377.44,754515,1
2018-08-09 07:08,0.01560000,7350000,57.33,-114718,0
2018-08-09 07:10,0.19270000,7349000,708.07,-1416861,0
2018-08-09 07:11,0.06820000,7350000,250.63,-501521,0
2018-08-09 07:14,0.01511304,7331000,55.39,-110849,0
2018-08-09 07:17,0.00810000,7332000,29.69,-59419,0
2018-08-09 07:18,0.05463223,7337000,200.41,-401037,0
2018-08-09 07:18,0.04996777,7337000,183.30,-366797,0
2018-08-09 07:18,0.59250000,7330000,2171.51,-4345197,0
2018-08-09 07:20,0.01680000,7331000,61.58,-123223,0
2018-08-09 07:22,0.01220000,7330000,44.71,-89471,0
2018-08-09 07:22,0.00780000,7329000,28.58,-57195,0
2018-08-09 07:24,0.19617480,7339000,719.86,1439006,1
2018-08-09 07:27,0.02806256,7327000,102.80,-205718,0
2018-08-09 07:29,0.00970000,7326000,35.53,-71098,0
2018-08-09 07:37,0.08120000,7317000,297.07,-594438,0
2018-08-09 07:38,0.00820000,7313000,29.98,-59997,0
2018-08-09 07:42,0.02020000,7318000,73.91,-147898,0
2018-08-09 07:51,0.06716869,7325000,246.00,491764,1
2018-08-09 07:53,0.09020000,7296000,329.04,-658429,0
2018-08-09 07:53,1.60200000,7296000,5844.09,-11694036,0
2018-08-09 07:58,0.05068670,7304000,185.10,370030,1
2018-08-09 07:58,0.00500000,7304000,18.26,36501,1
2018-08-09 07:58,0.05259175,7304000,192.06,383938,1
2018-08-09 07:58,0.00718726,7304000,26.24,52469,1
2018-08-09 07:58,0.00644469,7304000,23.53,47048,1
2018-08-09 07:59,0.61730000,7295000,2251.60,-4505456,0
2018-08-09 08:03,0.20329082,7306000,742.62,1484500,1
2018-08-09 08:05,0.66563724,7302000,2430.24,4858052,1
2018-08-09 08:05,0.12079731,7302000,441.03,881620,1
2018-08-09 08:06,0.06103764,7297000,222.69,445168,1
2018-08-09 08:09,0.50717518,7276000,1845.10,-3692052,0
2018-08-09 08:09,0.02692482,7276000,97.95,-196003,0
2018-08-09 08:13,0.00302052,7278000,10.99,21972,1
2018-08-09 08:13,0.32300000,7278000,1175.39,2349618,1
2018-08-09 08:15,0.00730000,7271000,26.53,-53105,0
2018-08-09 08:17,1.23020000,7260000,4465.62,-8935718,0
2018-08-09 08:18,1.08160000,7269000,3931.07,7858219,1
2018-08-09 08:19,0.07560000,7264000,274.57,-549433,0
2018-08-09 08:21,0.01636649,7264000,59.44,-118946,0
2018-08-09 08:21,0.16443351,7264000,597.22,-1195043,0
2018-08-09 08:26,0.00100000,7262000,3.63,7258,1
2018-08-09 08:31,0.03086033,7284000,112.39,224674,1
2018-08-09 08:39,0.00004588,7323000,0.16,335,1
2018-08-09 08:40,0.00334523,7325000,12.25,24491,1
2018-08-09 08:42,0.08188150,7324000,299.85,599400,1
2018-08-09 08:48,0.00463394,7321000,16.96,33908,1
2018-08-09 08:48,0.17261511,7321000,631.85,1263083,1
2018-08-09 08:48,0.02369346,7320000,86.71,173349,1
2018-08-09 08:48,0.05580000,7320000,204.22,408251,1
2018-08-09 08:48,0.01015362,7320000,37.16,74287,1
2018-08-09 08:51,0.14531611,7307000,530.91,-1062356,0
2018-08-09 08:51,0.00508389,7307000,18.57,-37167,0
2018-08-09 08:56,0.56241000,7306000,2054.48,4106912,1
2018-08-09 09:00,0.00240000,7312000,8.77,-17558,0
2018-08-09 09:05,0.00250000,7334000,9.16,-18345,0
2018-08-09 09:06,0.13623680,7357000,501.14,1001792,1
2018-08-09 09:06,0.53130163,7357000,1954.39,3906831,1
2018-08-09 09:06,0.00067000,7357000,2.46,4926,1
2018-08-09 09:06,0.00067000,7357000,2.46,4926,1
2018-08-09 09:06,0.78170426,7349000,2872.37,5741872,1
2018-08-09 09:06,0.01663789,7349000,61.13,122210,1
2018-08-09 09:06,0.14911948,7349000,547.93,1095331,1
2018-08-09 09:06,0.00270785,7349000,9.94,19890,1
2018-08-09 09:06,0.04400000,7349000,161.67,323194,1
2018-08-09 09:06,0.04640013,7349000,170.49,340824,1
2018-08-09 09:06,0.16328752,7349000,599.99,1199399,1
2018-08-09 09:07,0.01100000,7343000,40.38,80732,1
2018-08-09 09:07,0.18600000,7350000,683.55,-1367784,0
2018-08-09 09:08,0.02853372,7364000,105.06,210017,1
2018-08-09 09:08,0.00280570,7364000,10.33,20650,1
2018-08-09 09:08,0.15466058,7364000,569.46,1138351,1
2018-08-09 09:08,0.01022756,7357000,37.62,-75282,0
2018-08-09 09:08,0.03160000,7357000,116.24,-232598,0
2018-08-09 09:09,0.05000000,7361000,184.02,-368234,0
2018-08-09 09:14,0.09180000,7379000,338.69,677053,1
2018-08-09 09:33,0.00001698,7360000,0.06,-125,0
2018-08-09 09:33,0.00538302,7360000,19.80,-39639,0
2018-08-09 09:33,0.00540000,7371000,19.90,39783,1
2018-08-09 10:01,0.01520000,7342000,55.79,-111655,0
2018-08-09 10:02,0.01520000,7353000,55.88,111709,1
2018-08-09 10:08,0.23356161,7335000,856.58,-1714031,0
2018-08-09 10:08,0.05733839,7335000,210.28,-420788,0
2018-08-09 10:12,0.27212402,7350000,1000.05,1999111,1
2018-08-09 10:13,0.01443525,7353000,53.07,106089,1
2018-08-09 10:13,0.00436475,7351000,16.04,32069,1
2018-08-09 10:24,3.50000000,7351000,12864.25,-25741365,0
2018-08-09 10:31,0.05671303,7368000,208.93,417652,1
2018-08-09 10:31,0.00435000,7368000,16.02,32034,1
2018-08-09 10:31,0.01352200,7368000,49.81,99580,1
2018-08-09 10:31,0.10857763,7368000,399.99,799599,1
2018-08-09 10:31,0.00674990,7368000,24.86,49708,1
2018-08-09 10:32,0.08996831,7367000,331.39,662465,1
2018-08-09 10:39,0.00020000,7364000,0.73,1472,1
2018-08-09 10:39,0.07000000,7364000,257.74,515222,1
2018-08-09 10:51,0.15109164,7366000,556.47,1112384,1
2018-08-09 10:51,0.36636582,7366000,1349.32,2697301,1
2018-08-09 10:51,0.75949033,7366000,2797.20,5591608,1
2018-08-09 10:51,0.06893402,7366000,253.88,507514,1
2018-08-09 11:24,1.69600000,7353000,6235.34,-12476924,0
2018-08-09 11:31,0.31199385,7359000,1147.98,2294814,1
2018-08-09 11:32,0.01341133,7359000,49.34,98644,1
2018-08-09 11:35,0.32606229,7363000,1200.39,2399596,1
2018-08-09 11:35,0.00182225,7363000,6.70,13410,1
2018-08-09 12:12,0.02256333,7366000,83.10,166118,1
2018-08-09 12:13,0.03423114,7366000,126.07,252020,1
2018-08-09 12:20,0.06214079,7357000,228.58,456941,1
2018-08-09 12:20,0.00676852,7357000,24.89,49771,1
2018-08-09 12:20,0.02110400,7357000,77.63,155184,1
2018-08-09 12:20,0.31160000,7357000,1146.22,2291294,1
2018-08-09 12:20,0.00677676,7357000,24.92,49831,1
2018-08-09 12:21,0.00718522,7358000,26.43,52842,1
2018-08-09 12:21,0.00630000,7358000,23.17,46332,1
2018-08-09 12:21,0.00664000,7358000,24.42,48832,1
2018-08-09 12:21,0.00664000,7358000,24.42,48832,1
2018-08-09 12:21,0.00906000,7358000,33.33,66630,1
2018-08-09 12:21,0.00927000,7358000,34.10,68174,1
2018-08-09 12:38,0.00352857,7343000,12.95,-25924,0
2018-08-09 12:38,0.00067143,7343000,2.46,-4933,0
2018-08-09 12:46,0.59280000,7360000,2181.50,-4365190,0
2018-08-09 12:48,0.13546411,7365000,498.84,997194,1
2018-08-09 12:48,0.30000000,7365000,1104.75,2208395,1
2018-08-09 12:55,0.00181605,7367000,6.68,13372,1
2018-08-09 12:55,1.08062895,7367000,3980.49,7957012,1
2018-08-09 13:00,0.03134132,7380000,115.64,231183,1
2018-08-09 13:00,0.06480000,7372000,238.85,477466,1
2018-08-09 13:00,0.20767675,7372000,765.49,1530227,1
2018-08-09 13:00,0.20186293,7372000,744.06,1487389,1
2018-08-09 13:00,0.12316389,7372000,453.98,907510,1
2018-08-09 13:01,0.06995649,7375000,257.96,515671,1
2018-08-09 13:04,0.10025052,7369000,369.37,738376,1
2018-08-09 13:12,0.01860125,7350000,68.35,136650,1
2018-08-09 13:12,0.00020000,7350000,0.73,1469,1
2018-08-09 13:12,0.00652734,7350000,23.98,47951,1
2018-08-09 13:31,0.03682868,7337000,135.10,270076,1
2018-08-09 13:34,0.00245868,7345000,9.02,18049,1
2018-08-09 13:34,0.04765674,7345000,175.01,349863,1
2018-08-09 13:34,0.02700000,7345000,99.15,198215,1
2018-08-09 13:34,0.02533000,7345000,93.02,185955,1
2018-08-09 13:34,0.16217708,7345000,595.59,1190595,1
2018-08-09 13:34,0.24038750,7345000,882.82,1764763,1
2018-08-09 13:34,0.00422000,7345000,15.49,30980,1
2018-08-09 13:34,0.00902000,7345000,33.12,66218,1
2018-08-09 13:34,0.00902000,7345000,33.12,66218,1
2018-08-09 13:34,0.00902000,7345000,33.12,66218,1
2018-08-09 13:34,0.00902000,7345000,33.12,66218,1
2018-08-09 13:34,0.00899000,7345000,33.01,65998,1
2018-08-09 13:42,0.00830000,7341000,30.46,-60961,0
2018-08-09 13:42,0.03730000,7340000,136.89,-273919,0
2018-08-09 13:44,0.02070000,7342000,75.98,-152056,0
2018-08-09 13:48,0.06630000,7363000,244.08,487922,1
2018-08-09 14:08,0.66724185,7406000,2470.79,-4944064,0
2018-08-09 14:13,0.07140000,7395000,264.00,-528267,0
2018-08-09 14:14,1.65335900,7380000,6100.89,-12207891,0
2018-08-09 14:14,0.15970994,7380000,589.32,-1179249,0
2018-08-09 14:25,0.58919700,7394000,2178.26,4354344,1
2018-08-09 14:25,0.01792409,7394000,66.26,132464,1
2018-08-09 14:31,0.04430000,7380000,163.46,-327098,0
2018-08-09 14:38,0.06310286,7380000,232.84,-465932,0
2018-08-09 14:57,1.61165220,7379000,5946.19,11886435,1
2018-08-09 14:57,0.44034780,7379000,1624.66,3247701,1
2018-08-09 15:07,0.13520000,7386000,499.29,-999087,0
2018-08-09 15:11,0.01352836,7392000,50.00,99951,1
2018-08-09 15:11,0.14190000,7386000,524.03,-1048598,0
2018-08-09 15:11,0.63853390,7386000,2358.10,-4718570,0
2018-08-09 15:11,0.00068000,7386000,2.51,-5025,0
2018-08-09 15:13,0.04380222,7391000,161.87,323580,1
2018-08-09 15:13,0.03357041,7391000,124.05,247994,1
2018-08-09 15:13,0.00284420,7391000,10.51,21010,1
2018-08-09 15:13,0.10000000,7391000,369.55,738730,1
2018-08-09 15:17,0.00069924,7392000,2.58,5166,1
2018-08-09 15:19,0.00098311,7374000,3.62,-7253,0
2018-08-09 15:19,0.07591689,7374000,279.90,-560091,0
2018-08-09 15:19,0.00084322,7374000,3.10,-6221,0
2018-08-09 15:22,0.16381780,7368000,603.50,-1207613,0
2018-08-09 15:22,0.00068000,7368000,2.50,-5013,0
2018-08-09 15:28,0.01233696,7361000,45.40,90766,1
2018-08-09 15:28,0.04199885,7361000,154.57,308998,1
2018-08-09 15:28,0.90976419,7361000,3348.38,6693425,1
2018-08-09 15:32,0.16570000,7358000,609.61,-1219831,0
2018-08-09 15:32,0.74618775,7357000,2744.85,-5492449,0
2018-08-09 15:39,0.00262000,7359000,9.64,-19291,0
2018-08-09 15:40,0.01164243,7372000,42.91,85785,1
2018-08-09 15:40,0.00410000,7372000,15.11,30210,1
2018-08-09 15:40,0.00435000,7372000,16.03,32052,1
2018-08-09 15:40,0.01469000,7372000,54.14,108240,1
2018-08-09 15:40,0.00666248,7372000,24.55,49091,1
2018-08-09 15:40,0.00410000,7372000,15.11,30210,1
2018-08-09 15:40,0.00675735,7372000,24.90,49790,1
2018-08-09 15:40,0.00410000,7372000,15.11,30210,1
2018-08-09 15:40,0.00435000,7372000,16.03,32052,1
2018-08-09 15:49,0.22997674,7360000,846.31,1691782,1
2018-08-09 15:50,0.06790081,7360000,249.87,499500,1
2018-08-09 15:50,0.00072613,7364000,2.67,5344,1
2018-08-09 15:57,0.35254850,7367000,1298.61,2595926,1
2018-08-09 16:01,0.03263963,7370000,120.27,240433,1
2018-08-09 16:06,2.90074294,7360000,10674.73,-21360143,0
2018-08-09 16:08,0.26918809,7372000,992.22,1983462,1
2018-08-09 16:09,0.02408900,7374000,88.81,177543,1
2018-08-09 16:09,0.05922222,7374000,218.35,436486,1
2018-08-09 16:09,0.00014239,7374000,0.52,1049,1
2018-08-09 16:18,0.02366000,7386000,87.37,174665,1
2018-08-09 16:18,0.00136000,7386000,5.02,10039,1
2018-08-09 16:19,0.02600000,7386000,96.01,191939,1
2018-08-09 16:19,0.01244853,7386000,45.97,91898,1
2018-08-09 16:19,0.10000000,7384000,369.20,738030,1
2018-08-09 16:30,2.28743411,7357000,8414.32,16820238,1
2018-08-09 16:30,0.04075711,7357000,149.92,299700,1
2018-08-09 16:30,0.01000000,7357000,36.78,73533,1
2018-08-09 16:30,0.21640878,7357000,796.05,1591323,1
2018-08-09 16:34,0.03638484,7340000,133.53,-267199,0
2018-08-09 16:34,0.06000000,7340000,220.20,-440621,0
2018-08-09 16:34,0.05991516,7340000,219.88,-439998,0
2018-08-09 16:34,0.00316674,7340000,11.62,-23256,0
2018-08-09 16:34,0.02843326,7340000,104.35,-208805,0
2018-08-09 16:38,0.18790000,7355000,691.00,1381313,1
2018-08-09 16:42,1.37107528,7344000,5034.58,-10074212,0
2018-08-09 16:44,1.58504931,7340000,5817.13,-11640079,0
2018-08-09 16:52,0.00010359,7351000,0.38,761,1
2018-08-09 17:05,0.01362769,7338000,49.99,99949,1
2018-08-09 17:05,0.00025811,7338000,0.94,1893,1
2018-08-09 17:21,0.00001113,7340000,0.04,81,1
2018-08-09 17:21,0.00480000,7340000,17.61,35214,1
2018-08-09 17:49,1.29014327,7323000,4723.85,9442995,1
2018-08-09 17:49,0.13769122,7323000,504.15,1007808,1
2018-08-09 17:49,0.04674245,7323000,171.14,342123,1
2018-08-09 17:49,0.09454160,7323000,346.16,691981,1
2018-08-09 17:50,0.22401924,7323000,820.24,1639672,1
2018-08-09 17:51,0.66348229,7326000,2430.33,4858240,1
2018-08-09 17:55,0.26098048,7325000,955.84,1910726,1
2018-08-09 17:55,0.03749799,7323000,137.29,274460,1
2018-08-09 17:55,0.18220201,7323000,667.13,1333598,1
2018-08-09 18:19,0.36124747,7345000,1326.68,-2654690,0
2018-08-09 18:19,0.00274472,7345000,10.07,-20170,0
2018-08-09 18:19,0.00210000,7347000,7.71,-15437,0
2018-08-09 18:27,0.05181827,7350000,190.43,380673,1
2018-08-09 18:27,0.00014286,7350000,0.52,1049,1
2018-08-09 18:27,0.01430808,7350000,52.58,105111,1
2018-08-09 18:27,0.06230000,7350000,228.95,457676,1
2018-08-09 18:30,0.08414044,7367000,309.93,619552,1
2018-08-09 18:31,0.09497083,7367000,349.82,699300,1
2018-08-09 18:46,0.05840000,7343000,214.41,428616,1
2018-08-09 20:07,0.00290000,7358000,10.66,-21349,0
2018-08-09 20:07,0.00008148,7358000,0.29,-600,0
2018-08-09 20:19,0.59071732,7354000,2172.06,-4346308,0
2018-08-09 20:19,0.02276580,7354000,83.70,-167504,0
2018-08-09 20:19,0.02700000,7354000,99.27,-198658,0
2018-08-09 20:19,0.01529168,7354000,56.22,-112512,0
2018-08-09 20:20,0.02125220,7364000,78.25,156422,1
2018-08-09 20:20,0.00161000,7364000,5.92,11850,1
2018-08-09 20:23,0.00008844,7341000,0.32,-650,0
2018-08-09 20:23,0.00160000,7341000,5.87,-11752,0
2018-08-09 20:50,0.63760000,7350000,2343.18,4684016,1
2018-08-09 20:52,2.48755229,7340000,9129.31,-18267764,0
2018-08-09 20:52,0.00330440,7340000,12.12,-24267,0
2018-08-09 20:52,1.00910000,7341000,3703.90,-7411507,0
2018-08-09 20:56,0.31044814,7351000,1141.05,2280963,1
2018-08-09 20:56,0.00068000,7351000,2.49,4996,1
2018-08-09 20:56,0.00771000,7351000,28.33,56647,1
2018-08-09 20:56,0.00068000,7351000,2.49,4996,1
2018-08-09 20:56,0.00771000,7351000,28.33,56647,1
2018-08-09 20:56,0.00771000,7351000,28.33,56647,1
2018-08-09 20:56,0.00771000,7351000,28.33,56647,1
2018-08-09 20:56,0.00771000,7351000,28.33,56647,1
2018-08-09 20:56,0.00771000,7351000,28.33,56647,1
2018-08-09 20:56,0.00653000,7351000,24.00,47978,1
2018-08-09 20:56,0.00405000,7351000,14.88,29756,1
2018-08-09 20:56,0.00405000,7351000,14.88,29756,1
2018-08-09 20:56,0.00771000,7351000,28.33,56647,1
2018-08-09 20:57,0.00327534,7350000,12.03,24061,1
2018-08-09 20:57,0.00068000,7350000,2.49,4995,1
2018-08-09 20:57,0.01527000,7350000,56.11,112178,1
2018-08-09 20:57,0.00068000,7350000,2.49,4995,1
2018-08-09 20:57,0.00426000,7350000,15.65,31295,1
2018-08-09 20:57,0.00405000,7350000,14.88,29752,1
2018-08-09 20:57,0.04990000,7350000,183.38,366581,1
2018-08-09 20:57,0.00820000,7350000,30.13,60239,1
2018-08-09 20:57,0.00426000,7350000,15.65,31295,1
2018-08-09 20:57,0.04990000,7350000,183.38,366581,1
2018-08-09 20:57,0.01501000,7350000,55.16,110268,1
2018-08-09 20:57,0.01489000,7350000,54.72,109386,1
2018-08-09 20:57,0.00426000,7350000,15.65,31295,1
2018-08-09 20:57,0.01493000,7350000,54.86,109680,1
2018-08-09 20:57,0.01476000,7350000,54.24,108431,1
2018-08-09 20:57,0.00820000,7350000,30.13,60239,1
2018-08-09 20:57,0.00405000,7350000,14.88,29752,1
2018-08-09 20:57,0.01518000,7350000,55.78,111517,1
2018-08-09 20:57,0.00426000,7350000,15.65,31295,1
2018-08-09 20:57,0.05785800,7350000,212.62,425043,1
2018-08-09 20:57,0.00820000,7350000,30.13,60239,1
2018-08-09 21:00,0.03401727,7346000,124.94,249765,1
2018-08-09 21:02,0.02585660,7343000,94.93,189770,1
2018-08-09 21:02,0.23491818,7343000,862.50,1724141,1
2018-08-09 21:16,2.52270000,7329000,9244.43,18479623,1
2018-08-09 21:25,0.07000000,7251000,253.78,-507824,0
2018-08-09 21:28,0.00248763,7254000,9.02,18036,1
2018-08-09 21:28,0.00411000,7254000,14.90,29799,1
2018-08-09 21:28,0.00411000,7254000,14.90,29799,1
2018-08-09 21:28,0.00411000,7254000,14.90,29799,1
2018-08-09 21:28,0.00411000,7254000,14.90,29799,1
2018-08-09 21:28,0.00411000,7254000,14.90,29799,1
2018-08-09 21:28,0.00411000,7254000,14.90,29799,1
2018-08-09 21:30,2.30030508,7255000,8344.35,-16697058,0
2018-08-09 21:30,0.14496633,7255000,525.86,-1052257,0
2018-08-09 21:30,0.32619771,7255000,1183.28,-2367748,0
2018-08-09 21:30,0.08155498,7255000,295.84,-591978,0
2018-08-09 21:30,0.08237900,7255000,298.82,-597959,0
2018-08-09 21:36,0.05962860,7278000,216.98,433759,1
2018-08-09 21:36,0.19304006,7278000,702.47,1404243,1
2018-08-09 21:36,0.00536612,7283000,19.54,39061,1
2018-08-09 21:36,0.07891260,7283000,287.36,574433,1
2018-08-09 21:36,0.05487235,7283000,199.81,399435,1
2018-08-09 21:36,0.78566338,7283000,2860.99,5719125,1
2018-08-09 21:37,0.09187976,7280000,334.44,668550,1
2018-08-09 21:37,0.00041220,7278000,1.49,2998,1
2018-08-09 21:37,0.00041220,7278000,1.49,2998,1
2018-08-09 21:37,0.20000000,7278000,727.80,1454872,1
2018-08-09 21:37,0.01000000,7278000,36.39,72743,1
2018-08-09 21:37,0.08131241,7278000,295.89,591495,1
2018-08-09 21:37,0.04800308,7278000,174.68,349191,1
2018-08-09 21:38,0.01658885,7284000,60.41,120772,1
2018-08-09 21:40,0.45000000,7277000,1637.32,3273012,1
2018-08-09 21:40,0.00073901,7269000,2.68,5369,1
2018-08-09 21:40,0.00014445,7269000,0.52,1049,1
2018-08-09 21:40,0.00013770,7269000,0.50,1000,1
2018-08-09 21:48,0.08777044,7262000,318.69,-637708,0
2018-08-09 22:12,2.51110000,7237000,9086.41,-18181918,0
2018-08-09 22:13,0.23889381,7247000,865.63,1730397,1
2018-08-09 22:15,0.00068000,7255000,2.46,4930,1
2018-08-09 22:15,0.00068000,7255000,2.46,4930,1
2018-08-09 22:15,0.00068000,7255000,2.46,4930,1
2018-08-09 22:16,0.00411000,7257000,14.91,29811,1
2018-08-09 22:16,0.00411000,7257000,14.91,29811,1
2018-08-09 22:16,0.00411000,7257000,14.91,29811,1
2018-08-09 22:16,0.00411000,7257000,14.91,29811,1
2018-08-09 22:16,0.00411000,7257000,14.91,29811,1
2018-08-09 22:16,0.00411000,7257000,14.91,29811,1
2018-08-09 22:16,0.00411000,7257000,14.91,29811,1
2018-08-09 22:16,0.00068000,7257000,2.46,4932,1
2018-08-09 22:16,0.00068000,7257000,2.46,4932,1
2018-08-09 22:16,0.00068000,7257000,2.46,4932,1
2018-08-09 22:16,0.08067048,7257000,292.71,585132,1
2018-08-09 22:16,0.00068000,7257000,2.46,4932,1
2018-08-09 22:16,0.00411000,7257000,14.91,29811,1
2018-08-09 22:16,0.00411000,7257000,14.91,29811,1
2018-08-09 22:16,0.00068000,7257000,2.46,4932,1
2018-08-09 22:16,0.00411000,7257000,14.91,29811,1
2018-08-09 22:16,0.00411000,7257000,14.91,29811,1
2018-08-09 22:16,0.04950207,7257000,179.61,359056,1
2018-08-09 22:16,0.00068000,7257000,2.46,4932,1
2018-08-09 22:16,0.02200303,7257000,79.83,159596,1
2018-08-09 22:20,0.15318693,7248000,555.14,1109743,1
2018-08-09 22:20,0.05956541,7248000,215.86,431514,1
2018-08-09 22:20,0.02131053,7248000,77.22,154381,1
2018-08-09 22:20,0.09653009,7248000,349.82,699300,1
2018-08-09 22:20,0.00181722,7248000,6.58,13164,1
2018-08-09 22:20,0.07784887,7248000,282.12,563966,1
2018-08-09 22:20,0.06812418,7248000,246.88,493517,1
2018-08-09 22:22,2.57920000,7250000,9349.60,18689850,1
2018-08-09 22:28,0.07775745,7231000,281.13,-562546,0
2018-08-09 22:28,0.14843825,7231000,536.67,-1073894,0
2018-08-09 22:30,1.03940000,7231000,3757.95,-7519660,0
2018-08-09 22:30,0.02460000,7231000,88.94,-177972,0
2018-08-09 22:30,0.04310000,7231000,155.82,-311812,0
2018-08-09 22:33,1.32381726,7205000,4769.05,-9542873,0
2018-08-09 22:37,0.00097900,7222000,3.53,7066,1
2018-08-09 22:37,0.06218704,7222000,224.55,448890,1
2018-08-09 22:37,0.30400000,7222000,1097.74,2194390,1
2018-08-09 22:37,0.00755230,7249000,27.37,54719,1
2018-08-09 22:41,0.02388756,7274000,86.87,173671,1
2018-08-09 22:41,0.00861438,7274000,31.33,62629,1
2018-08-09 22:41,0.11369703,7274000,413.51,826618,1
2018-08-09 22:45,0.00690000,7300000,25.18,-50396,0
2018-08-09 22:46,0.18882576,7330000,692.04,-1384785,0
2018-08-09 22:46,0.00686030,7350000,25.21,-50449,0
2018-08-09 22:46,0.03334500,7350000,122.54,-245209,0
2018-08-09 22:46,0.01291798,7350000,47.47,-94995,0
2018-08-09 22:46,0.50469526,7397000,1866.61,-3735098,0
2018-08-09 22:46,0.61020474,7397000,2256.84,-4515942,0
2018-08-09 22:47,0.00300000,7486000,11.22,22446,1
2018-08-09 22:47,0.00398000,7486000,14.89,29779,1
2018-08-09 22:47,0.00398000,7486000,14.89,29779,1
2018-08-09 22:47,0.00398000,7486000,14.89,29779,1
2018-08-09 22:47,0.00398000,7486000,14.89,29779,1
2018-08-09 22:47,0.00398000,7486000,14.89,29779,1
2018-08-09 22:47,2.15283800,7486000,8058.07,16108087,1
2018-08-09 22:47,0.00398000,7486000,14.89,29779,1
2018-08-09 22:47,0.00398000,7486000,14.89,29779,1
2018-08-09 22:47,1.20082567,7486000,4494.69,8984886,1
2018-08-09 22:47,0.00398000,7486000,14.89,29779,1
2018-08-09 22:47,0.11149633,7486000,417.33,834244,1
2018-08-09 22:48,0.08104388,7473000,302.82,-605944,0
2018-08-09 22:48,0.01495612,7473000,55.88,-111823,0
2018-08-09 22:48,2.93664405,7470000,10968.36,-21947700,0
2018-08-09 22:48,0.01460294,7470000,54.54,-109139,0
2018-08-09 22:48,0.04115301,7470000,153.70,-307567,0
2018-08-09 22:49,0.22463710,7448000,836.54,1672260,1
2018-08-09 22:49,0.35318726,7448000,1315.26,2629223,1
2018-08-09 22:49,0.01200000,7448000,44.68,89331,1
2018-08-09 22:49,0.51994308,7448000,1936.26,3870599,1
2018-08-09 22:49,0.02930438,7448000,109.12,218149,1
2018-08-09 22:49,0.07295177,7448000,271.67,543073,1
2018-08-09 22:49,1.87640000,7447000,6986.77,13966564,1
2018-08-09 22:50,0.13090000,7442000,487.07,-974645,0
2018-08-09 22:50,0.01229288,7447000,45.77,-91591,0
2018-08-09 22:50,0.00677846,7447000,25.23,-50505,0
2018-08-09 22:50,0.09092866,7447000,338.57,-677485,0
2018-08-09 22:50,0.08650000,7447000,322.08,-644488,0
2018-08-09 22:50,2.09542564,7460000,7815.93,-15639692,0
2018-08-09 22:50,0.00596550,7460000,22.25,-44525,0
2018-08-09 22:50,0.18863924,7460000,703.62,-1407953,0
2018-08-09 22:50,0.02211677,7460000,82.49,-165074,0
2018-08-09 22:50,0.16295285,7460000,607.81,-1216236,0
2018-08-09 22:51,0.12672302,7440000,471.40,942347,1
2018-08-09 22:52,0.24020000,7430000,892.34,1783793,1
2018-08-09 22:52,0.00401000,7424000,14.88,29755,1
2018-08-09 22:52,0.01932800,7424000,71.74,143419,1
2018-08-09 22:53,0.75202582,7410000,2786.25,-5575298,0
2018-08-09 22:59,0.00064914,7464000,2.42,4842,1
2018-08-09 23:00,0.80951191,7464000,3021.09,6039175,1
2018-08-09 23:00,0.01117073,7460000,41.66,83291,1
2018-08-09 23:00,0.00013538,7460000,0.50,1009,1
2018-08-09 23:00,0.14075067,7460000,524.99,1049474,1
2018-08-09 23:00,0.10000000,7460000,373.00,745627,1
2018-08-09 23:00,0.05637403,7460000,210.27,420339,1
2018-08-09 23:00,0.00520000,7453000,19.37,-38775,0
2018-08-09 23:00,0.03890000,7453000,144.96,-290067,0
2018-08-09 23:01,1.09543128,7450000,4080.48,8156882,1
2018-08-09 23:01,0.06710508,7450000,249.96,499682,1
2018-08-09 23:01,0.04864195,7450000,181.19,362201,1
2018-08-09 23:01,0.11967380,7450000,445.78,891124,1
2018-08-09 23:01,0.05000000,7438000,185.95,371714,1
2018-08-09 23:01,0.00001793,7430000,0.06,-134,0
2018-08-09 23:02,0.01150000,7439000,42.77,-85592,0
2018-08-09 23:02,0.08850000,7440000,329.22,-658770,0
2018-08-09 23:04,0.01806745,7451000,67.31,-134688,0
2018-08-09 23:04,0.03363255,7451000,125.29,-250722,0
2018-08-09 23:06,0.86060000,7448000,3204.87,6406543,1
2018-08-09 23:08,0.06879764,7503000,258.09,-516447,0
2018-08-09 23:08,0.00049504,7503000,1.85,-3717,0
2018-08-09 23:08,0.00223760,7503000,8.39,-16798,0
2018-08-09 23:08,0.02256972,7503000,84.67,-169426,0
2018-08-09 23:08,0.14260000,7504000,535.03,-1070606,0
2018-08-09 23:08,0.23670000,7497000,887.26,1773652,1
2018-08-09 23:09,0.00157446,7464000,5.87,-11758,0
2018-08-09 23:09,3.49840000,7485000,13092.76,-26198617,0
2018-08-09 23:13,0.08240547,7500000,309.02,617732,1
2018-08-09 23:13,0.08035382,7500000,301.32,602352,1
2018-08-09 23:13,0.05631268,7500000,211.17,422133,1
2018-08-09 23:13,0.43915650,7511000,1649.25,3296855,1
2018-08-09 23:13,0.06424972,7511000,241.28,482338,1
2018-08-09 23:13,0.00924144,7511000,34.70,69377,1
2018-08-09 23:19,0.03194809,7489000,119.62,239139,1
2018-08-09 23:19,0.04240000,7489000,158.76,317374,1
2018-08-09 23:19,0.44503549,7489000,1666.43,3331204,1
2018-08-09 23:19,0.13342681,7489000,499.61,998733,1
2018-08-09 23:20,2.11540000,7500000,7932.75,15857567,1
2018-08-09 23:22,0.00004392,7460000,0.16,-328,0
2018-08-09 23:23,0.14561432,7461000,543.21,-1086972,0
2018-08-09 23:30,0.14570000,7498000,546.22,1091912,1
2018-08-09 23:39,1.97210000,7480000,7375.65,-14758684,0
2018-08-09 23:47,0.00006451,7467000,0.24,-482,0
2018-08-09 23:48,0.00007450,7476000,0.27,-558,0
2018-08-09 23:49,0.27440407,7485000,1026.95,2052887,1
2018-08-09 23:49,0.00066000,7485000,2.47,4937,1
2018-08-09 23:49,0.00066000,7485000,2.47,4937,1
2018-08-09 23:49,0.00066000,7485000,2.47,4937,1
2018-08-09 23:49,0.00066000,7485000,2.47,4937,1
2018-08-09 23:49,0.00066000,7485000,2.47,4937,1
2018-08-09 23:49,0.00066000,7485000,2.47,4937,1
2018-08-09 23:49,0.00066000,7485000,2.47,4937,1
2018-08-09 23:49,0.00066000,7485000,2.47,4937,1
2018-08-09 23:49,0.00066000,7485000,2.47,4937,1
2018-08-09 23:55,0.58650000,7478000,2192.92,-4388040,0
2018-08-09 23:55,0.00067971,7483000,2.54,-5089,0
2018-08-09 23:55,0.09992029,7483000,373.85,-748078,0
2018-08-09 23:57,0.24350000,7507000,913.97,-1828869,0
2018-08-09 23:58,0.01458106,7548000,55.02,110002,1
2018-08-09 23:58,0.07578345,7548000,286.00,571727,1
2018-08-09 23:59,0.09964717,7537000,375.52,750665,1
2018-08-09 23:59,0.00513395,7537000,19.34,38675,1
2018-08-09 23:59,0.00006871,7531000,0.25,-518,0
2018-08-10 00:01,0.32273069,7540000,1216.69,2432172,1
2018-08-10 00:01,0.11808522,7540000,445.18,889917,1
2018-08-10 00:01,0.25000000,7540000,942.50,1884057,1
2018-08-10 00:01,0.67896661,7540000,2559.70,5116848,1
2018-08-10 00:01,0.00210000,7540000,7.91,15826,1
2018-08-10 00:03,0.53068664,7563000,2006.79,4011576,1
2018-08-10 00:03,0.52481336,7563000,1984.58,3967178,1
2018-08-10 00:03,0.16135692,7565000,610.33,-1221276,0
2018-08-10 00:03,0.08614308,7565000,325.83,-651999,0
2018-08-10 00:03,0.24750000,7562000,935.79,1870659,1
2018-08-10 00:14,0.29955836,7526000,1127.23,-2255604,0
2018-08-10 00:15,0.05451823,7520000,204.98,409772,1
2018-08-10 00:15,0.24508177,7520000,921.50,1842093,1
2018-08-10 00:16,0.10052026,7527000,378.30,-756995,0
2018-08-10 00:16,0.02000000,7527000,75.27,-150616,0
2018-08-10 00:16,0.01095340,7527000,41.22,-82488,0
2018-08-10 00:16,0.00919944,7527000,34.62,-69279,0
2018-08-10 00:16,0.02151000,7526000,80.94,-161966,0
2018-08-10 00:16,0.01187567,7526000,44.68,-89421,0
2018-08-10 00:16,0.01331161,7526000,50.09,-100234,0
2018-08-10 00:16,0.01439000,7526000,54.14,-108354,0
2018-08-10 00:16,0.00008653,7533000,0.32,-653,0
2018-08-10 00:16,0.00330400,7533000,12.44,-24902,0
2018-08-10 00:16,0.10740947,7533000,404.55,-809520,0
2018-08-10 00:16,0.14880000,7526000,559.93,-1120429,0
2018-08-10 00:18,0.29150000,7531000,1097.64,-2196385,0
2018-08-10 00:18,0.00006180,7532000,0.23,-466,0
2018-08-10 00:18,0.00001276,7537000,0.04,-97,0
2018-08-10 00:18,0.01328605,7537000,50.06,-100187,0
2018-08-10 00:18,0.00630000,7533000,23.72,-47482,0
2018-08-10 00:21,0.00560661,7527000,21.10,42179,1
2018-08-10 00:21,0.03771000,7527000,141.92,283701,1
2018-08-10 00:22,0.03348000,7527000,126.00,251877,1
2018-08-10 00:22,0.04749000,7527000,178.72,357278,1
2018-08-10 00:22,0.04749000,7527000,178.72,357278,1
2018-08-10 00:22,0.02328000,7527000,87.61,175140,1
2018-08-10 00:22,0.04215000,7527000,158.63,317104,1
2018-08-10 00:24,0.35069114,7506000,1316.14,-2633604,0
2018-08-10 00:27,0.51074406,7478000,1909.67,-3821254,0
2018-08-10 00:28,0.08942872,7480000,334.46,-669262,0
2018-08-10 00:28,0.07228719,7478000,270.28,-540834,0
2018-08-10 00:28,0.17961601,7483000,672.03,-1344739,0
2018-08-10 00:28,0.30000000,7483000,1122.45,-2246023,0
2018-08-10 00:28,0.05648399,7483000,211.33,-422881,0
2018-08-10 00:28,0.85176150,7485000,3187.71,-6378623,0
2018-08-10 00:52,0.00660880,7470000,24.68,49343,1
2018-08-10 00:52,0.05354752,7470000,199.99,399799,1
2018-08-10 00:52,0.10756482,7470000,401.75,803107,1
2018-08-10 00:57,2.17972770,7477000,8148.91,16289675,1
2018-08-10 00:58,0.59890000,7479000,2239.58,4476933,1
2018-08-10 01:01,0.00602505,7472000,22.50,-45042,0
2018-08-10 01:08,0.00399000,7475000,14.91,29810,1
2018-08-10 01:08,0.00201000,7475000,7.51,15017,1
2018-08-10 01:29,0.00001714,7491000,0.06,-129,0
2018-08-10 01:48,0.00007399,7522000,0.27,-557,0
2018-08-10 01:48,0.07522601,7522000,282.92,-566133,0
2018-08-10 01:48,0.00000844,7522000,0.03,-64,0
2018-08-10 01:50,0.00001320,7515000,0.04,99,1
2018-08-10 01:50,0.03206300,7515000,120.47,240832,1
2018-08-10 01:53,0.00184936,7510000,6.94,13881,1
2018-08-10 01:53,0.00397000,7510000,14.90,29799,1
2018-08-10 01:53,0.00337632,7510000,12.67,25343,1
2018-08-10 01:53,0.00583000,7510000,21.89,43761,1
2018-08-10 01:53,0.01394146,7510000,52.35,104648,1
2018-08-10 01:57,0.01430000,7496000,53.59,107139,1
2018-08-10 01:59,0.01124380,7486000,42.08,-84214,0
2018-08-10 01:59,0.00145620,7486000,5.45,-10907,0
2018-08-10 01:59,0.01270000,7496000,47.59,95151,1
2018-08-10 02:52,0.00180000,7488000,6.73,-13486,0
2018-08-10 02:52,0.00009272,7488000,0.34,-695,0
2018-08-10 02:52,0.00990728,7488000,37.09,-74223,0
2018-08-10 02:53,0.00130000,7489000,4.86,-9741,0
2018-08-10 02:54,0.48519100,7480000,1814.61,-3631044,0
2018-08-10 02:57,0.05150000,7485000,192.73,-385671,0
2018-08-10 03:08,0.08780000,7479000,328.32,-656985,0
2018-08-10 03:09,0.01040000,7479000,38.89,-77821,0
2018-08-10 03:24,0.10500000,7464000,391.86,-784112,0
2018-08-10 03:36,0.00803890,7470000,30.02,60020,1
2018-08-10 03:43,0.07240000,7464000,270.19,-540664,0
2018-08-10 03:43,0.01340000,7466000,50.02,-100095,0
2018-08-10 03:43,0.00001739,7466000,0.06,-130,0
2018-08-10 03:43,0.04868261,7466000,181.73,-363646,0
2018-08-10 03:43,0.00002169,7466000,0.08,-162,0
2018-08-10 03:43,0.19077831,7466000,712.17,-1425063,0
2018-08-10 03:43,0.04857532,7466000,181.33,-362845,0
2018-08-10 03:43,0.04502190,7466000,168.06,-336302,0
2018-08-10 03:43,0.09933638,7466000,370.82,-742017,0
2018-08-10 03:43,0.02766640,7466000,103.27,-206661,0
2018-08-10 03:43,0.04323839,7466000,161.40,-322980,0
2018-08-10 03:43,0.05316161,7472000,198.61,-397423,0
2018-08-10 03:44,0.58090000,7466000,2168.49,-4339168,0
2018-08-10 03:44,0.00009217,7466000,0.34,-689,0
2018-08-10 03:44,0.10500783,7466000,391.99,-784381,0
2018-08-10 03:45,0.18700000,7465000,697.97,-1396653,0
2018-08-10 03:45,0.00006681,7465000,0.24,-499,0
2018-08-10 03:45,0.00533319,7465000,19.90,-39833,0
2018-08-10 03:45,0.25870000,7465000,965.59,-1932161,0
2018-08-10 04:15,0.04833634,7514000,181.59,363017,1
2018-08-10 04:19,0.24196471,7489000,906.03,-1812980,0
2018-08-10 04:32,0.00014000,7498000,0.52,1049,1
2018-08-10 04:32,0.49505003,7498000,1855.94,3710029,1
2018-08-10 04:32,0.01367500,7486000,51.18,-102423,0
2018-08-10 04:32,0.00067000,7486000,2.50,-5019,0
2018-08-10 04:32,0.00015500,7486000,0.58,-1161,0
2018-08-10 04:34,0.27770000,7467000,1036.79,-2074623,0
2018-08-10 04:35,0.00881299,7495000,33.02,66020,1
2018-08-10 04:36,0.03579576,7491000,134.07,268011,1
2018-08-10 04:40,0.00014000,7498000,0.52,1049,1
2018-08-10 04:41,0.00066000,7502000,2.47,4948,1
2018-08-10 04:42,1.03040000,7485000,3856.27,-7716401,0
2018-08-10 04:53,0.52859025,7501000,1982.47,3962972,1
2018-08-10 04:53,0.03197974,7501000,119.94,239760,1
2018-08-10 04:53,0.68922837,7501000,2584.95,5167317,1
2018-08-10 04:54,1.25972490,7499000,4723.33,9441953,1
2018-08-10 05:01,0.99040000,7499000,3713.50,7423296,1
2018-08-10 05:24,0.00001780,7490000,0.06,-134,0
2018-08-10 05:24,0.00854740,7490000,32.01,-64052,0
2018-08-10 05:24,0.00843480,7490000,31.58,-63209,0
2018-08-10 05:26,0.00292068,7501000,10.95,21897,1
2018-08-10 05:26,0.00397000,7501000,14.88,29764,1
2018-08-10 05:26,0.00066000,7501000,2.47,4948,1
2018-08-10 05:26,0.00397000,7501000,14.88,29764,1
2018-08-10 05:26,0.00066000,7501000,2.47,4948,1
2018-08-10 05:26,0.00481932,7501000,18.07,36131,1
2018-08-10 05:38,0.42970000,7502000,1611.80,-3225222,0
2018-08-10 05:38,0.00003237,7502000,0.12,-243,0
2018-08-10 05:38,0.07066763,7502000,265.07,-530414,0
2018-08-10 05:41,0.00067000,7512000,2.51,-5036,0
2018-08-10 05:41,0.01014632,7512000,38.10,-76258,0
2018-08-10 05:41,0.00058368,7512000,2.19,-4387,0
2018-08-10 05:43,0.41480000,7509000,1557.36,-3116291,0
2018-08-10 06:02,0.05626898,7543000,212.21,424224,1
2018-08-10 06:03,0.03198728,7543000,120.64,241159,1
2018-08-10 06:03,0.83841272,7543000,3162.07,6320985,1
2018-08-10 06:06,0.00330000,7570000,12.49,-24994,0
2018-08-10 06:06,0.00330000,7589000,12.52,25031,1
2018-08-10 06:07,0.00560000,7574000,21.20,-42436,0
2018-08-10 06:07,0.63850000,7574000,2417.99,-4838417,0
2018-08-10 06:14,0.00000045,7589000,0,3,1
2018-08-10 06:15,0.12772473,7590000,484.71,968945,1
2018-08-10 06:16,0.51630000,7594000,1960.39,3918821,1
2018-08-10 06:43,0.09570000,7613000,364.28,-728929,0
2018-08-10 06:43,0.00790000,7605000,30.03,-60110,0
2018-08-10 06:43,0.04270000,7602000,162.30,-324768,0
2018-08-10 06:44,0.01000000,7587000,37.93,-75908,0
2018-08-10 06:44,0.00000847,7594000,0.03,-65,0
2018-08-10 06:44,0.05039153,7594000,191.33,-382865,0
2018-08-10 06:45,0.31849097,7588000,1208.35,-2417918,0
2018-08-10 06:45,0.00664531,7588000,25.21,-50450,0
2018-08-10 06:45,0.00858246,7588000,32.56,-65157,0
2018-08-10 06:45,0.00139371,7588000,5.28,-10581,0
2018-08-10 06:46,0.03620000,7586000,137.30,-274751,0
2018-08-10 06:46,0.00003369,7588000,0.12,-256,0
2018-08-10 06:46,0.00664703,7588000,25.21,-50463,0
2018-08-10 06:50,0.58470000,7585000,2217.47,4432732,1
2018-08-10 06:57,0.00350000,7599000,13.29,-26610,0
2018-08-10 06:59,0.32380000,7600000,1230.44,-2462111,0
2018-08-10 07:04,0.00003618,7588000,0.13,-275,0
2018-08-10 07:07,0.28314303,7587000,1074.10,2147132,1
2018-08-10 07:11,0.00660000,7577000,25.00,-50034,0
2018-08-10 07:11,0.00400000,7576000,15.15,-30320,0
2018-08-10 07:13,0.78560000,7576000,2975.85,-5954682,0
2018-08-10 07:16,0.02120000,7578000,80.32,-160734,0
2018-08-10 07:17,0.00660000,7580000,25.01,-50053,0
2018-08-10 07:20,0.16788330,7583000,636.52,-1273696,0
2018-08-10 07:20,0.00661670,7583000,25.08,-50200,0
2018-08-10 07:20,0.06171433,7596000,234.39,468547,1
2018-08-10 07:20,0.29618730,7596000,1124.91,2248713,1
2018-08-10 07:20,0.36374849,7596000,1381.51,2761652,1
2018-08-10 07:24,0.00004500,7589000,0.17,-342,0
2018-08-10 07:25,0.00008000,7590000,0.30,-608,0
2018-08-10 07:25,0.00662000,7590000,25.12,-50271,0
2018-08-10 07:25,0.00220000,7590000,8.34,-16707,0
2018-08-10 07:48,0.30832633,7619000,1174.56,2347963,1
2018-08-10 07:55,0.00005732,7629000,0.21,-438,0
2018-08-10 07:55,0.04300000,7629000,164.02,-328211,0
2018-08-10 07:55,0.00898210,7629000,34.26,-68559,0
2018-08-10 07:57,0.07370000,7638000,281.46,562639,1
2018-08-10 08:05,0.00003176,7615000,0.12,-242,0
2018-08-10 08:13,2.61535810,7603000,9942.28,-19894510,0
2018-08-10 08:13,0.05534190,7603000,210.38,-420975,0
2018-08-10 08:28,0.06594921,7580000,249.94,499645,1
2018-08-10 08:28,1.14401493,7580000,4335.81,8667297,1
2018-08-10 08:28,0.00039577,7580000,1.49,2998,1
2018-08-10 08:28,0.65623421,7580000,2487.12,4971768,1
2018-08-10 08:28,0.79116114,7580000,2998.50,5994002,1
2018-08-10 08:28,0.01304474,7580000,49.43,98829,1
2018-08-10 08:51,0.00003504,7555000,0.13,-265,0
2018-08-10 08:51,0.14051741,7555000,530.80,-1062140,0
2018-08-10 08:51,0.00797022,7555000,30.10,-60246,0
2018-08-10 08:51,0.05665190,7554000,213.97,-428163,0
2018-08-10 08:51,0.02354810,7554000,88.94,-177972,0
2018-08-10 08:52,0.06420000,7554000,242.48,-485210,0
2018-08-10 09:00,0.40026055,7551000,1511.18,-3023879,0
2018-08-10 09:03,0.08283095,7566000,313.34,626385,1
2018-08-10 09:08,0.11080995,7577000,419.80,839187,1
2018-08-10 09:08,0.01443715,7577000,54.69,109335,1
2018-08-10 09:08,0.01662214,7577000,62.97,125882,1
2018-08-10 09:08,0.00079094,7577000,2.99,5989,1
2018-08-10 09:08,0.03492486,7577000,132.31,264493,1
2018-08-10 09:08,0.02104638,7577000,79.73,159388,1
2018-08-10 09:09,0.00000640,7562000,0.02,-49,0
2018-08-10 09:11,0.06520000,7575000,246.94,493643,1
2018-08-10 09:13,0.70993707,7570000,2687.11,-5376911,0
2018-08-10 09:20,0.02778146,7608000,105.68,211255,1
2018-08-10 09:21,0.00117080,7602000,4.45,8895,1
2018-08-10 09:22,0.02188142,7600000,83.14,166215,1
2018-08-10 09:22,0.49240724,7590000,1868.68,3735502,1
2018-08-10 09:22,0.03699000,7590000,140.37,280613,1
2018-08-10 09:22,0.02400000,7590000,91.08,182068,1
2018-08-10 09:22,0.45220276,7590000,1716.10,3430502,1
2018-08-10 09:23,0.00006521,7580000,0.24,-495,0
2018-08-10 09:26,0.00180000,7584000,6.82,-13658,0
2018-08-10 09:27,2.11485624,7580000,8015.30,-16038626,0
2018-08-10 09:27,0.00264298,7580000,10.01,-20044,0
2018-08-10 09:28,0.37300000,7580000,1413.67,-2828754,0
2018-08-10 09:33,0.17037702,7595000,647.00,1293366,1
2018-08-10 09:33,0.11207806,7595000,425.61,850807,1
2018-08-10 09:33,0.00654074,7595000,24.83,49652,1
2018-08-10 09:34,0.05738586,7595000,217.92,435627,1
2018-08-10 09:34,0.06788363,7595000,257.78,515318,1
2018-08-10 09:36,0.05028390,7574000,190.42,-381041,0
2018-08-10 09:36,0.00195000,7574000,7.38,-14777,0
2018-08-10 09:36,0.00260000,7574000,9.84,-19703,0
2018-08-10 09:36,0.02990000,7574000,113.23,-226576,0
2018-08-10 09:37,0.34000000,7575000,1287.75,-2576788,0
2018-08-10 09:39,0.00000085,7588000,0,6,1
2018-08-10 09:48,0.02343074,7593000,88.95,177820,1
2018-08-10 09:48,0.01096896,7593000,41.64,83245,1
2018-08-10 09:48,0.08411084,7593000,319.32,638334,1
2018-08-10 09:48,0.01096763,7593000,41.63,83235,1
2018-08-10 09:48,0.01096763,7593000,41.63,83235,1
2018-08-10 10:02,0.83326852,7594000,3163.92,6324677,1
2018-08-10 10:02,0.69190398,7594000,2627.15,5251691,1
2018-08-10 10:03,0.25185350,7598000,956.79,1912626,1
2018-08-10 10:04,0.58540000,7594000,2222.76,4443304,1
2018-08-10 10:31,0.04724859,7560000,178.59,-357378,0
2018-08-10 10:31,0.65778855,7560000,2486.44,-4975368,0
2018-08-10 10:31,0.10000000,7560000,378.00,-756378,0
2018-08-10 10:31,0.20132247,7560000,760.99,-1522759,0
2018-08-10 10:31,0.06794039,7560000,256.81,-513887,0
2018-08-10 10:31,0.71860000,7562000,2717.02,-5436771,0
2018-08-10 10:31,0.01920000,7555000,72.52,-145129,0
2018-08-10 10:32,1.14630000,7556000,4330.72,-8665774,0
2018-08-10 10:38,0.00271749,7530000,10.23,20452,1
2018-08-10 11:30,0.72402779,7450000,2697.00,5391310,1
2018-08-10 11:30,0.03101549,7450000,115.53,230949,1
2018-08-10 11:30,0.01207072,7450000,44.96,89881,1
2018-08-10 11:30,0.10010000,7450000,372.87,745372,1
2018-08-10 11:30,0.10005050,7450000,372.68,745003,1
2018-08-10 11:30,0.10013302,7450000,372.99,745618,1
2018-08-10 11:30,1.03994649,7450000,3873.80,7743727,1
2018-08-10 11:30,0.84825599,7450000,3159.75,6316347,1
2018-08-10 11:31,0.01285711,7464000,47.98,-96014,0
2018-08-10 11:31,0.02840000,7471000,106.08,-212283,0
2018-08-10 11:31,0.00160000,7472000,5.97,-11962,0
2018-08-10 11:38,0.04290000,7479000,160.42,320688,1
2018-08-10 11:59,0.00519970,7466000,19.41,-38841,0
2018-08-10 11:59,0.49990030,7466000,1866.12,-3734122,0
2018-08-10 11:59,0.00003899,7468000,0.14,-292,0
2018-08-10 11:59,0.12465234,7470000,465.57,-931619,0
2018-08-10 11:59,0.01804687,7470000,67.40,-134878,0
2018-08-10 11:59,0.03268511,7470000,122.07,-244280,0
2018-08-10 12:00,0.00933038,7484000,34.91,69793,1
2018-08-10 12:00,0.06565886,7487000,245.79,491342,1
2018-08-10 12:00,0.00410000,7487000,15.34,30681,1
2018-08-10 12:00,0.00410000,7487000,15.34,30681,1
2018-08-10 12:00,0.00733000,7487000,27.43,54852,1
2018-08-10 12:00,0.04207000,7487000,157.48,314820,1
2018-08-10 12:00,0.00401000,7487000,15.01,30007,1
2018-08-10 12:00,0.04211000,7487000,157.63,315119,1
2018-08-10 12:00,0.00401000,7487000,15.01,30007,1
2018-08-10 12:00,0.00410000,7487000,15.34,30681,1
2018-08-10 12:00,0.00401000,7487000,15.01,30007,1
2018-08-10 12:00,0.00410000,7487000,15.34,30681,1
2018-08-10 12:00,0.00401000,7487000,15.01,30007,1
2018-08-10 12:00,0.04112000,7487000,153.93,307711,1
2018-08-10 12:00,0.00667490,7487000,24.98,49949,1
2018-08-10 12:00,0.04141000,7487000,155.01,309881,1
2018-08-10 12:00,0.00401000,7487000,15.01,30007,1
2018-08-10 12:01,0.38840000,7495000,1455.52,2909602,1
2018-08-10 12:07,0.00800000,7475000,29.90,-59830,0
2018-08-10 13:01,0.24160566,7450000,899.98,-1800863,0
2018-08-10 13:03,0.00000047,7445000,0,-4,0
2018-08-10 13:03,0.00649953,7445000,24.19,-48414,0
2018-08-10 13:05,0.51530000,7437000,1916.14,-3834203,0
2018-08-10 13:14,0.05976982,7443000,222.43,444644,1
2018-08-10 13:17,0.10000000,7429000,371.45,-743272,0
2018-08-10 13:28,0.10473802,7404000,387.74,-775868,0
2018-08-10 13:28,0.04055086,7404000,150.11,-300389,0
2018-08-10 13:28,0.11068982,7404000,409.77,-819958,0
2018-08-10 13:28,0.08300000,7405000,307.30,-614923,0
2018-08-10 13:28,0.05480000,7404000,202.86,-405942,0
2018-08-10 13:28,1.83070000,7402000,6775.42,-13557617,0
2018-08-10 13:37,0.87034174,7410000,3224.61,6446007,1
2018-08-10 13:37,0.02291634,7410000,84.90,169725,1
2018-08-10 13:37,0.01070000,7399000,39.58,-79209,0
2018-08-10 13:37,0.00001826,7399000,0.06,-136,0
2018-08-10 13:37,1.34638174,7399000,4980.93,-9966860,0
2018-08-10 13:41,0.00372000,7410000,13.78,27551,1
2018-08-10 13:41,0.00812000,7410000,30.08,60139,1
2018-08-10 13:41,0.00812000,7410000,30.08,60139,1
2018-08-10 13:41,0.00459000,7410000,17.00,33994,1
2018-08-10 13:41,0.00812000,7410000,30.08,60139,1
2018-08-10 13:41,0.00812000,7410000,30.08,60139,1
2018-08-10 13:41,0.00812000,7410000,30.08,60139,1
2018-08-10 13:41,0.00812000,7410000,30.08,60139,1
2018-08-10 14:14,0.00200999,7436000,7.47,14938,1
2018-08-10 14:24,0.01000000,7434000,37.17,74302,1
2018-08-10 14:24,0.00669119,7434000,24.87,49717,1
2018-08-10 14:34,0.05566233,7407000,206.14,412084,1
2018-08-10 14:34,1.18273269,7407000,4380.25,8756120,1
2018-08-10 14:34,0.91842441,7407000,3401.38,6799368,1
2018-08-10 14:39,0.00691080,7416000,25.62,-51277,0
2018-08-10 14:39,0.00378920,7416000,14.05,-28115,0
2018-08-10 14:39,1.55340196,7417000,5760.79,-11527344,0
2018-08-10 14:39,0.04499804,7417000,166.87,-333918,0
2018-08-10 14:48,0.68418268,7450000,2548.58,5094612,1
2018-08-10 14:53,0.14266695,7443000,530.93,-1062401,0
2018-08-10 14:53,0.01345309,7443000,50.06,-100182,0
2018-08-10 14:53,0.00723000,7443000,26.90,-53840,0
2018-08-10 14:56,0.00410747,7447000,15.29,30573,1
2018-08-10 14:56,0.00732000,7447000,27.25,54484,1
2018-08-10 14:56,0.03447000,7447000,128.34,256569,1
2018-08-10 14:56,0.03336000,7447000,124.21,248307,1
2018-08-10 14:56,0.01163000,7447000,43.30,86565,1
2018-08-10 14:56,0.03336000,7447000,124.21,248307,1
2018-08-10 14:56,0.03336000,7447000,124.21,248307,1
2018-08-10 14:56,0.03336000,7447000,124.21,248307,1
2018-08-10 14:56,0.01835000,7447000,68.32,136584,1
2018-08-10 14:56,0.02510000,7447000,93.45,186826,1
2018-08-10 14:56,0.02772000,7447000,103.21,206327,1
2018-08-10 14:57,1.23268685,7442000,4586.82,-9178243,0
2018-08-10 14:57,0.00034198,7442000,1.27,-2547,0
2018-08-10 15:24,0.22293517,7480000,833.77,1666721,1
2018-08-10 15:41,0.00070834,7480000,2.64,5295,1
2018-08-10 16:05,1.45194284,7489000,5436.79,10868163,1
2018-08-10 16:05,0.04459276,7489000,166.97,333788,1
2018-08-10 16:05,0.00053377,7489000,1.99,3995,1
2018-08-10 16:07,0.04266498,7500000,159.99,319827,1
2018-08-10 16:07,0.19307056,7500000,724.01,1447305,1
2018-08-10 16:11,0.00582753,7489000,21.82,43620,1
2018-08-10 16:11,0.00197247,7489000,7.38,14764,1
2018-08-10 16:11,0.10000000,7489000,374.45,748525,1
2018-08-10 16:12,0.01221000,7488000,45.71,91382,1
2018-08-10 16:39,0.39864295,7465000,1487.93,2974381,1
2018-08-10 16:39,0.85145705,7465000,3178.06,6352948,1
2018-08-10 17:17,0.10470000,7448000,389.90,-780196,0
2018-08-10 17:19,1.04076732,7430000,3866.45,-7736768,0
2018-08-10 17:20,0.00664861,7446000,24.75,49480,1
2018-08-10 17:20,0.01412138,7446000,52.57,105095,1
2018-08-10 17:26,0.61104944,7452000,2276.77,4551263,1
2018-08-10 17:26,0.01196632,7452000,44.58,89128,1
2018-08-10 17:26,0.19542266,7452000,728.14,1455561,1
2018-08-10 17:26,0.09355889,7452000,348.60,696852,1
2018-08-10 17:33,0.00009184,7430000,0.34,-683,0
2018-08-10 17:35,0.00007000,7448000,0.26,521,1
2018-08-10 17:35,0.00021400,7453000,0.79,-1596,0
2018-08-10 17:36,0.03532449,7458000,131.72,263318,1
2018-08-10 17:47,0.17760000,7464000,662.80,1324943,1
2018-08-10 17:58,0.06590000,7440000,245.14,-490542,0
2018-08-10 17:59,0.00000206,7442000,0,-16,0
2018-08-10 17:59,0.06798890,7442000,252.98,-506227,0
2018-08-10 18:01,1.76018828,7436000,6544.38,-13095305,0
2018-08-10 18:03,0.55315516,7412000,2049.99,-4102036,0
2018-08-10 18:03,0.28300000,7405000,1047.80,-2096663,0
2018-08-10 18:30,0.00067000,7396000,2.47,4952,1
2018-08-10 18:30,0.00090000,7396000,3.32,6653,1
2018-08-10 18:30,0.18177156,7396000,672.19,1343710,1
2018-08-10 18:39,0.00064392,7404000,2.38,4765,1
2018-08-10 18:39,0.00067000,7404000,2.48,4958,1
2018-08-10 18:39,0.00067000,7404000,2.48,4958,1
2018-08-10 18:39,0.00067000,7404000,2.48,4958,1
2018-08-10 18:39,0.00067000,7404000,2.48,4958,1
2018-08-10 18:39,0.00067000,7404000,2.48,4958,1
2018-08-10 18:39,0.00067000,7404000,2.48,4958,1
2018-08-10 18:45,0.13709435,7397000,507.04,1013579,1
2018-08-10 18:47,0.02855087,7386000,105.43,210771,1
2018-08-10 18:47,0.11820000,7386000,436.51,872588,1
2018-08-10 18:47,0.09990000,7386000,368.93,737492,1
2018-08-10 18:56,1.34150000,7387000,4954.83,-9914616,0
2018-08-10 18:57,0.13312078,7399000,492.48,984468,1
2018-08-10 18:57,0.09088300,7399000,336.22,672107,1
2018-08-10 18:57,0.02000000,7399000,73.99,147906,1
2018-08-10 18:57,0.00669914,7399000,24.78,49542,1
2018-08-10 18:57,0.10971898,7399000,405.90,811404,1
2018-08-10 19:01,0.04554807,7388000,168.25,336340,1
2018-08-10 19:06,0.00167751,7396000,6.20,12400,1
2018-08-10 19:06,0.00403000,7396000,14.90,29790,1
2018-08-10 19:06,0.00403000,7396000,14.90,29790,1
2018-08-10 19:06,0.00403000,7396000,14.90,29790,1
2018-08-10 19:06,0.00403000,7396000,14.90,29790,1
2018-08-10 19:06,0.00403000,7396000,14.90,29790,1
2018-08-10 19:06,0.00403000,7396000,14.90,29790,1
2018-08-10 19:06,0.00403000,7396000,14.90,29790,1
2018-08-10 19:06,0.00403000,7396000,14.90,29790,1
2018-08-10 19:06,0.00067000,7396000,2.47,4952,1
2018-08-10 19:06,0.00067000,7396000,2.47,4952,1
2018-08-10 19:06,0.00067000,7396000,2.47,4952,1
2018-08-10 19:06,0.00067000,7396000,2.47,4952,1
2018-08-10 19:06,0.00403000,7396000,14.90,29790,1
2018-08-10 19:06,0.00067000,7397000,2.47,4953,1
2018-08-10 19:06,0.00067000,7397000,2.47,4953,1
2018-08-10 19:06,0.00581700,7397000,21.51,43006,1
2018-08-10 19:07,0.00549836,7398000,20.33,40656,1
2018-08-10 19:32,3.04070000,7395000,11242.98,22474733,1
2018-08-10 20:00,0.00003012,7352000,0.11,-222,0
2018-08-10 20:00,0.30170000,7360000,1110.25,-2221623,0
2018-08-10 20:01,0.31876782,7350000,1171.47,-2344115,0
2018-08-10 20:02,0.08030000,7367000,295.78,591274,1
2018-08-10 20:02,2.95980000,7350000,10877.26,-21765408,0
2018-08-10 20:05,0.00220365,7373000,8.12,16239,1
2018-08-10 20:05,0.00404000,7373000,14.89,29772,1
2018-08-10 20:05,0.00404000,7373000,14.89,29772,1
2018-08-10 20:05,0.00800000,7373000,29.49,58954,1
2018-08-10 20:05,0.10386553,7373000,382.90,765417,1
2018-08-10 20:05,0.00669168,7373000,24.66,49313,1
2018-08-10 20:06,0.04406644,7368000,162.34,324519,1
2018-08-10 20:07,0.38818311,7376000,1431.61,2861807,1
2018-08-10 20:08,0.96072638,7376000,3543.15,7082774,1
2018-08-10 20:08,0.02045355,7376000,75.43,150789,1
2018-08-10 20:08,0.03652715,7376000,134.71,269289,1
2018-08-10 20:08,0.00067000,7376000,2.47,4939,1
2018-08-10 20:08,0.00404000,7376000,14.89,29784,1
2018-08-10 20:08,0.00404000,7376000,14.89,29784,1
2018-08-10 20:10,0.05878269,7385000,217.05,433893,1
2018-08-10 20:10,0.00389400,7385000,14.37,28742,1
2018-08-10 20:11,0.03534900,7385000,130.52,260921,1
2018-08-10 20:11,0.01150300,7385000,42.47,84907,1
2018-08-10 20:11,0.00671716,7385000,24.80,49581,1
2018-08-10 20:11,0.06766179,7385000,249.84,499432,1
2018-08-10 20:11,0.07609499,7385000,280.98,561680,1
2018-08-10 20:18,0.00032779,7385000,1.21,2419,1
2018-08-10 20:18,0.33304013,7385000,1229.75,2458271,1
2018-08-10 20:18,0.00853432,7385000,31.51,62994,1
2018-08-10 20:18,0.13061858,7389000,482.57,964658,1
2018-08-10 20:23,1.17990000,7411000,4372.11,8739866,1
2018-08-10 20:26,0.01208729,7411000,44.78,-89624,0
2018-08-10 20:26,0.06938446,7411000,257.10,-514466,0
2018-08-10 20:27,0.17530000,7406000,649.13,-1298921,0
2018-08-10 20:28,0.00111982,7421000,4.15,8306,1
2018-08-10 20:28,0.00276000,7421000,10.24,20471,1
2018-08-10 20:32,0.26260000,7405000,972.27,-1945526,0
2018-08-10 20:32,0.00130000,7405000,4.81,-9632,0
2018-08-10 20:34,0.02590000,7397000,95.79,-191678,0
2018-08-10 20:34,0.02680000,7394000,99.07,-198259,0
2018-08-10 20:34,0.08310000,7392000,307.13,-614583,0
2018-08-10 20:34,0.05320000,7394000,196.68,-393558,0
2018-08-10 20:40,0.32956720,7379000,1215.93,-2433093,0
2018-08-10 20:42,0.00700000,7380000,25.83,-51686,0
2018-08-10 20:46,0.11960000,7381000,441.38,-883209,0
2018-08-10 20:47,0.12494647,7392000,461.80,923142,1
2018-08-10 20:54,0.12000000,7355000,441.30,-883042,0
2018-08-10 20:55,0.83588004,7355000,3073.94,-6150972,0
2018-08-10 20:55,0.00941515,7355000,34.62,-69283,0
2018-08-10 20:55,0.45020481,7355000,1655.62,-3312912,0
2018-08-10 20:57,0.04020741,7333000,147.42,-294989,0
2018-08-10 20:57,0.00400000,7348000,14.69,29377,1
2018-08-10 20:57,0.08865105,7348000,325.70,651082,1
2018-08-10 20:58,0.33160000,7354000,1219.29,-2439806,0
2018-08-10 21:01,1.29873777,7366000,4783.25,9561719,1
2018-08-10 21:02,1.43300000,7366000,5277.73,10550200,1
2018-08-10 21:09,0.30000000,7494000,1124.10,-2249325,0
2018-08-10 21:13,0.00005482,7484000,0.20,-411,0
2018-08-10 21:14,0.00006458,7484000,0.24,-484,0
2018-08-10 21:14,0.00983542,7484000,36.80,-73645,0
2018-08-10 21:14,0.02060000,7484000,77.08,-154248,0
2018-08-10 21:17,0.33050000,7517000,1242.18,2483126,1
2018-08-10 21:52,0.01300000,7528000,48.93,-97913,0
2018-08-10 21:53,0.01300000,7536000,48.98,97919,1
2018-08-10 21:54,0.31438183,7504000,1179.56,-2360301,0
2018-08-10 21:59,0.00008007,7533000,0.30,-604,0
2018-08-10 21:59,0.31450000,7533000,1184.56,2367943,1
2018-08-10 22:21,0.00554444,7520000,20.84,-41715,0
2018-08-10 22:21,0.12952136,7520000,487.00,-974488,0
2018-08-10 22:21,0.00150599,7520000,5.66,-11331,0
2018-08-10 22:21,0.00102821,7520000,3.86,-7736,0
2018-08-10 22:22,0.00005326,7505000,0.19,-400,0
2018-08-10 22:25,0.01538171,7501000,57.68,115320,1
2018-08-10 22:25,0.12221829,7501000,458.37,916301,1
2018-08-10 22:38,0.00008648,7490000,0.32,-648,0
2018-08-10 22:38,0.00004112,7490000,0.15,-309,0
2018-08-10 22:58,3.49980000,7473000,13077.00,-26167083,0
2018-08-10 23:00,0.00829483,7489000,31.05,62088,1
2018-08-10 23:04,0.00625414,7480000,23.39,46757,1
2018-08-10 23:04,0.18204226,7480000,680.83,1360995,1
2018-08-10 23:04,0.13358730,7480000,499.61,998733,1
2018-08-10 23:07,0.03719175,7469000,138.89,277646,1
2018-08-10 23:07,0.01253096,7469000,46.79,93546,1
2018-08-10 23:40,0.01000000,7434000,37.17,74302,1
2018-08-11 00:24,2.13974156,7458000,7979.09,15950213,1
2018-08-11 00:25,0.04073997,7458000,151.91,303686,1
2018-08-11 00:25,0.01340842,7458000,49.99,99949,1
2018-08-11 00:25,0.01340842,7458000,49.99,99949,1
2018-08-11 00:30,0.01818168,7449000,67.71,135367,1
2018-08-11 00:30,0.01342462,7449000,49.99,99949,1
2018-08-11 00:30,0.87119370,7449000,3244.76,6486277,1
2018-08-11 00:31,0.11280000,7441000,419.67,-839765,0
2018-08-11 00:31,0.00310000,7441000,11.53,-23079,0
2018-08-11 00:32,3.38410000,7430000,12571.93,-25156435,0
2018-08-11 00:37,0.49678261,7471000,1855.73,3709607,1
2018-08-11 00:46,1.43502385,7468000,5358.37,10711399,1
2018-08-11 00:51,0.02279704,7483000,85.29,170504,1
2018-08-11 00:51,0.03128958,7483000,117.06,234022,1
2018-08-11 00:51,0.10000000,7483000,374.15,747925,1
2018-08-11 00:59,0.10430000,7458000,388.93,-778259,0
2018-08-11 00:59,0.00250000,7468000,9.33,-18680,0
2018-08-11 01:00,0.00460000,7464000,17.16,-34352,0
2018-08-11 01:00,0.10000000,7464000,373.20,-746774,0
2018-08-11 01:16,0.01500000,7451000,55.88,-111821,0
2018-08-11 01:16,0.24130000,7452000,899.08,-1799067,0
2018-08-11 01:17,0.02207732,7452000,82.26,-164603,0
2018-08-11 01:20,0.20930000,7459000,780.58,-1561950,0
2018-08-11 01:21,0.11331433,7470000,423.22,846034,1
2018-08-11 01:44,0.02980000,7456000,111.09,-222300,0
2018-08-11 01:48,0.00117807,7399000,4.35,-8721,0
2018-08-11 01:48,0.03416017,7399000,126.37,-252878,0
2018-08-11 01:49,1.43500000,7400000,5309.50,-10624310,0
2018-08-11 02:42,0.49301424,7416000,1828.09,3654365,1
2018-08-11 03:26,0.16217186,7414000,601.17,1201740,1
2018-08-11 03:43,0.13581515,7414000,503.46,1006430,1
2018-08-11 03:46,0.00413000,7428000,15.33,30662,1
2018-08-11 04:03,0.05478849,7418000,203.21,406217,1
2018-08-11 04:09,0.17111340,7418000,634.65,1268684,1
2018-08-11 04:14,0.13480722,7418000,499.99,999499,1
2018-08-11 04:26,0.00006000,7418000,0.22,-446,0
2018-08-11 04:53,0.02104449,7428000,78.15,156240,1
2018-08-11 05:05,0.07209992,7419000,267.45,534641,1
2018-08-11 05:05,0.62470927,7418000,2317.04,4631776,1
2018-08-11 05:05,0.00380000,7418000,14.09,28174,1
2018-08-11 05:05,0.01001473,7418000,37.14,74252,1
2018-08-11 05:08,0.00900000,7410000,33.34,66656,1
2018-08-11 05:08,0.05066096,7410000,187.69,375210,1
2018-08-11 05:08,0.04235700,7410000,156.93,313708,1
2018-08-11 05:08,0.07320000,7410000,271.20,542140,1
2018-08-11 05:08,0.03500000,7410000,129.67,259220,1
2018-08-11 05:10,0.00000761,7410000,0.02,56,1
2018-08-11 05:10,0.04259851,7410000,157.82,315497,1
2018-08-11 05:10,0.04173820,7410000,154.64,309125,1
2018-08-11 05:10,0.10500000,7410000,389.02,777660,1
2018-08-11 05:13,0.00690000,7416000,25.58,51144,1
2018-08-11 05:13,0.19920000,7416000,738.63,1476528,1
2018-08-11 05:16,0.07803714,7415000,289.32,578356,1
2018-08-11 05:30,0.00690000,7398000,25.52,-51072,0
2018-08-11 05:30,0.08329154,7408000,308.51,616715,1
2018-08-11 05:32,0.13485459,7407000,499.43,998368,1
2018-08-11 05:32,0.00624257,7407000,23.11,46215,1
2018-08-11 05:34,0.00242826,7380000,8.96,-17930,0
2018-08-11 05:34,0.00088000,7380000,3.24,-6498,0
2018-08-11 05:34,0.00088000,7380000,3.24,-6498,0
2018-08-11 05:34,0.00081174,7380000,2.99,-5994,0
2018-08-11 05:36,0.59813413,7399000,2212.79,4423381,1
2018-08-11 05:39,0.00421000,7413000,15.60,31193,1
2018-08-11 05:39,0.00067000,7413000,2.48,4964,1
2018-08-11 05:39,0.00421000,7413000,15.60,31193,1
2018-08-11 05:39,0.00421000,7413000,15.60,31193,1
2018-08-11 05:39,0.00402000,7413000,14.90,29785,1
2018-08-11 05:39,0.00421000,7413000,15.60,31193,1
2018-08-11 05:39,0.00454000,7413000,16.82,33638,1
2018-08-11 05:39,0.00462811,7413000,17.15,34291,1
2018-08-11 05:39,0.00402000,7413000,14.90,29785,1
2018-08-11 05:39,0.00454000,7413000,16.82,33638,1
2018-08-11 05:39,0.00454000,7413000,16.82,33638,1
2018-08-11 05:39,0.00067000,7413000,2.48,4964,1
2018-08-11 05:40,0.01433270,7415000,53.13,106223,1
2018-08-11 05:40,0.00402000,7415000,14.90,29793,1
2018-08-11 05:40,0.00402000,7415000,14.90,29793,1
2018-08-11 05:40,0.00402000,7415000,14.90,29793,1
2018-08-11 05:40,0.00447000,7415000,16.57,33128,1
2018-08-11 05:40,0.01739000,7415000,64.47,128882,1
2018-08-11 05:40,0.01748000,7415000,64.80,129549,1
2018-08-11 05:44,0.00342732,7399000,12.67,25346,1
2018-08-11 05:44,0.00403000,7399000,14.90,29803,1
2018-08-11 05:44,0.00054268,7399000,2.00,4013,1
2018-08-11 05:47,0.09170000,7332000,336.17,-672681,0
2018-08-11 05:47,0.00397000,7324000,14.53,-29091,0
2018-08-11 05:47,1.94263000,7324000,7113.91,-14234936,0
2018-08-11 05:47,0.09277970,7324000,339.75,-679859,0
2018-08-11 05:47,0.87202030,7324000,3193.33,-6389870,0
2018-08-11 05:51,0.89375651,7242000,3236.29,6469348,1
2018-08-11 05:52,0.00060000,7242000,2.17,4343,1
2018-08-11 05:52,1.38930000,7243000,5031.34,-10067732,0
2018-08-11 05:54,0.00409000,7289000,14.90,29797,1
2018-08-11 05:54,0.00420000,7289000,15.30,30598,1
2018-08-11 05:54,0.00420000,7289000,15.30,30598,1
2018-08-11 05:54,0.01576000,7289000,57.43,114817,1
2018-08-11 05:54,0.01059000,7289000,38.59,77151,1
2018-08-11 05:57,0.00186000,7245000,6.73,13468,1
2018-08-11 05:57,0.00002177,7244000,0.07,157,1
2018-08-11 05:57,0.00922000,7244000,33.39,66756,1
2018-08-11 05:57,0.00774000,7244000,28.03,56040,1
2018-08-11 05:57,0.01218000,7244000,44.11,88187,1
2018-08-11 05:57,0.00411000,7244000,14.88,29757,1
2018-08-11 05:57,0.00411000,7244000,14.88,29757,1
2018-08-11 05:57,0.00411000,7244000,14.88,29757,1
2018-08-11 05:57,0.00681992,7244000,24.70,49378,1
2018-08-11 05:57,0.00411000,7244000,14.88,29757,1
2018-08-11 05:57,0.00411000,7244000,14.88,29757,1
2018-08-11 05:57,0.00430000,7244000,15.57,31133,1
2018-08-11 05:57,0.00186000,7244000,6.73,13467,1
2018-08-11 05:57,0.00070000,7244000,2.53,5068,1
2018-08-11 05:57,0.03104038,7244000,112.42,224744,1
2018-08-11 06:00,0.00069000,7246000,2.49,4997,1
2018-08-11 06:00,0.00069000,7246000,2.49,4997,1
2018-08-11 06:00,0.00089000,7246000,3.22,6445,1
2018-08-11 06:00,0.00411000,7246000,14.89,29766,1
2018-08-11 06:00,0.00069000,7246000,2.49,4997,1
2018-08-11 06:00,0.00089000,7246000,3.22,6445,1
2018-08-11 06:00,0.00069000,7246000,2.49,4997,1
2018-08-11 06:04,0.26346844,7214000,950.33,1899710,1
2018-08-11 06:04,0.01039213,7214000,37.48,74931,1
2018-08-11 06:08,0.18495969,7133000,659.65,1318657,1
2018-08-11 06:08,0.24028400,7133000,856.97,1713088,1
2018-08-11 06:09,0.01772000,7131000,63.18,126298,1
2018-08-11 06:09,0.01041000,7131000,37.11,74196,1
2018-08-11 06:09,0.03494290,7131000,124.58,249053,1
2018-08-11 06:09,0.00693704,7127000,24.72,49415,1
2018-08-11 06:09,0.00931973,7127000,33.21,66388,1
2018-08-11 06:09,0.00862926,7127000,30.75,61469,1
2018-08-11 06:09,0.00799496,7127000,28.49,56951,1
2018-08-11 06:09,0.00106000,7127000,3.77,7550,1
2018-08-11 06:09,0.00099000,7127000,3.52,7052,1
2018-08-11 06:10,0.00595000,7137000,21.23,42443,1
2018-08-11 06:10,0.00644000,7137000,22.98,45939,1
2018-08-11 06:10,0.00764000,7137000,27.26,54499,1
2018-08-11 06:10,0.00417000,7137000,14.88,29746,1
2018-08-11 06:10,0.00712000,7137000,25.40,50790,1
2018-08-11 06:11,0.00495532,7129000,17.66,35308,1
2018-08-11 06:11,0.01391000,7129000,49.58,99114,1
2018-08-11 06:11,0.00779000,7129000,27.76,55507,1
2018-08-11 06:11,0.01042000,7129000,37.14,74247,1
2018-08-11 06:11,0.00779000,7129000,27.76,55507,1
2018-08-11 06:11,0.01105000,7129000,39.38,78736,1
2018-08-11 06:11,0.00461000,7129000,16.43,32848,1
2018-08-11 06:11,0.00418000,7129000,14.89,29784,1
2018-08-11 06:11,0.00426860,7129000,15.21,30415,1
2018-08-11 06:11,0.00939000,7129000,33.47,66907,1
2018-08-11 06:11,0.14109622,7127000,502.79,1005089,1
2018-08-11 06:11,0.00200000,7127000,7.12,14246,1
2018-08-11 06:11,0.00697442,7127000,24.85,49681,1
2018-08-11 06:12,0.00950000,7173000,34.07,-68178,0
2018-08-11 06:14,0.00907754,7163000,32.51,64989,1
2018-08-11 06:14,0.02854000,7163000,102.21,204329,1
2018-08-11 06:14,0.08816000,7163000,315.74,631174,1
2018-08-11 06:14,0.08647000,7163000,309.69,619074,1
2018-08-11 06:14,0.05429000,7163000,194.43,388684,1
2018-08-11 06:14,0.13122000,7163000,469.96,939458,1
2018-08-11 06:14,0.04965000,7163000,177.82,355465,1
2018-08-11 06:14,0.00416000,7163000,14.89,29783,1
2018-08-11 06:14,0.03846000,7163000,137.74,275351,1
2018-08-11 06:14,0.18733138,7163000,670.92,1341183,1
2018-08-11 06:14,0.41030000,7161000,1469.07,-2939628,0
2018-08-11 06:16,0.02288014,7158000,81.88,-163858,0
2018-08-11 06:16,1.43731986,7158000,5144.16,-10293480,0
2018-08-11 06:19,3.50000000,7161000,12531.75,25050968,1
2018-08-11 06:21,0.01650000,7139000,58.89,-117853,0
2018-08-11 06:25,0.00005787,7151000,0.20,-414,0
2018-08-11 06:26,0.23793111,7150000,850.60,-1702058,0
2018-08-11 06:26,0.20110000,7165000,720.44,-1441602,0
2018-08-11 06:27,0.01387516,7173000,49.76,-99577,0
2018-08-11 06:27,0.02772484,7173000,99.43,-198970,0
2018-08-11 06:27,0.00380000,7174000,13.63,-27275,0
2018-08-11 06:27,0.44470000,7174000,1595.13,-3191873,0
2018-08-11 06:28,0.53208027,7174000,1908.57,3815235,1
2018-08-11 06:28,0.00433000,7174000,15.53,31047,1
2018-08-11 06:28,0.00442000,7174000,15.85,31693,1
2018-08-11 06:28,0.00442000,7174000,15.85,31693,1
2018-08-11 06:29,0.02043259,7168000,73.23,146387,1
2018-08-11 06:29,0.10000000,7168000,358.40,716441,1
2018-08-11 06:29,0.02728700,7168000,97.79,195495,1
2018-08-11 06:30,0.00012537,7168000,0.44,898,1
2018-08-11 06:30,0.10000000,7168000,358.40,716441,1
2018-08-11 06:30,0.15267463,7168000,547.18,1093824,1
2018-08-11 06:32,0.00007213,7180000,0.25,-519,0
2018-08-11 06:41,0.04253710,7210000,153.34,-306846,0
2018-08-11 06:41,0.00597364,7210000,21.53,-43092,0
2018-08-11 06:41,0.09348926,7210000,337.02,-674395,0
2018-08-11 06:42,0.14200000,7218000,512.47,1024443,1
2018-08-11 06:45,0.76563791,7192000,2753.23,-5509221,0
2018-08-11 06:45,0.00379405,7192000,13.64,-27301,0
2018-08-11 06:46,0.01671643,7177000,59.98,119913,1
2018-08-11 06:46,0.01400000,7177000,50.23,100427,1
2018-08-11 06:46,0.04389631,7179000,157.56,314974,1
2018-08-11 06:46,0.00451296,7172000,16.18,32350,1
2018-08-11 06:47,0.00682775,7173000,24.48,48950,1
2018-08-11 06:47,0.01000000,7159000,35.79,71554,1
2018-08-11 06:47,0.01481815,7158000,53.03,106015,1
2018-08-11 06:48,0.23258769,7148000,831.26,-1663368,0
2018-08-11 06:48,0.30544465,7148000,1091.65,-2184410,0
2018-08-11 06:48,0.15828661,7148000,565.71,-1131999,0
2018-08-11 06:49,0.06298330,7163000,225.57,-451375,0
2018-08-11 06:49,0.05111670,7163000,183.07,-366332,0
2018-08-11 06:52,0.01140000,7180000,40.92,-81893,0
2018-08-11 06:53,0.07310000,7182000,262.50,-525267,0
2018-08-11 06:53,0.40644419,7184000,1459.94,-2921355,0
2018-08-11 06:53,0.11680000,7192000,420.01,-840446,0
2018-08-11 06:54,0.79110000,7169000,2835.69,-5674232,0
2018-08-11 06:57,0.51823278,7177000,1859.67,3717496,1
2018-08-11 06:57,0.01392837,7176000,49.97,99900,1
2018-08-11 06:57,0.03569513,7175000,128.05,255984,1
2018-08-11 06:58,0.02822143,7176000,101.25,202415,1
2018-08-11 06:58,0.00839160,7176000,30.10,60188,1
2018-08-11 06:58,0.00419580,7176000,15.05,30094,1
2018-08-11 07:05,0.00614107,7204000,22.12,44218,1
2018-08-11 07:05,0.00000596,7186000,0.02,-43,0
2018-08-11 07:05,0.71551040,7206000,2577.98,5153389,1
2018-08-11 07:06,0.03990960,7208000,143.83,287524,1
2018-08-11 07:07,0.10706022,7219000,386.43,772481,1
2018-08-11 07:07,0.13500000,7219000,487.28,974077,1
2018-08-11 07:07,0.00869843,7219000,31.39,62762,1
2018-08-11 07:07,0.10050000,7219000,362.75,725146,1
2018-08-11 07:07,0.09023663,7219000,325.70,651092,1
2018-08-11 07:07,0.13100000,7218000,472.77,945085,1
2018-08-11 07:07,0.01869000,7224000,67.50,134949,1
2018-08-11 07:07,0.00413000,7224000,14.91,29820,1
2018-08-11 07:07,0.00760000,7224000,27.45,54874,1
2018-08-11 07:07,0.08405000,7224000,303.58,606873,1
2018-08-11 07:07,0.02354000,7224000,85.02,169967,1
2018-08-11 07:07,0.00760000,7224000,27.45,54874,1
2018-08-11 07:07,0.00785000,7224000,28.35,56680,1
2018-08-11 07:07,0.07396000,7224000,267.14,534019,1
2018-08-11 07:07,0.00760000,7224000,27.45,54874,1
2018-08-11 07:07,0.00610000,7224000,22.03,44044,1
2018-08-11 07:07,0.03224000,7224000,116.45,232785,1
2018-08-11 07:07,0.01186800,7222000,42.85,85667,1
2018-08-11 07:07,0.01347000,7222000,48.64,97231,1
2018-08-11 07:07,0.01347000,7222000,48.64,97231,1
2018-08-11 07:07,0.01347000,7222000,48.64,97231,1
2018-08-11 07:07,0.09440000,7222000,340.87,681415,1
2018-08-11 07:07,0.01413000,7221000,51.01,101981,1
2018-08-11 07:07,0.04441000,7221000,160.34,320524,1
2018-08-11 07:07,0.00415282,7221000,14.99,29972,1
2018-08-11 07:08,0.17441801,7219000,629.56,1258494,1
2018-08-11 07:09,0.08670920,7218000,312.93,625554,1
2018-08-11 07:12,0.18140000,7215000,654.40,1308146,1
2018-08-11 07:12,0.25370000,7198000,913.06,-1827046,0
2018-08-11 07:13,0.04881727,7212000,176.03,351894,1
2018-08-11 07:13,0.01281261,7206000,46.16,92281,1
2018-08-11 07:14,0.50743305,7192000,1824.72,-3651284,0
2018-08-11 07:23,0.48693232,7210000,1755.39,3509026,1
2018-08-11 07:25,0.01224930,7212000,44.17,88297,1
2018-08-11 07:25,0.15997851,7212000,576.88,1153188,1
2018-08-11 07:25,0.01070000,7212000,38.58,77129,1
2018-08-11 07:26,0.02960000,7206000,106.64,213190,1
2018-08-11 07:27,0.00008578,7186000,0.30,-617,0
2018-08-11 07:27,0.10000000,7186000,359.30,-718960,0
2018-08-11 07:27,0.00007961,7186000,0.28,-573,0
2018-08-11 07:27,0.10000000,7186000,359.30,-718960,0
2018-08-11 07:27,0.00682678,7198000,24.56,49114,1
2018-08-11 07:32,0.15640519,7204000,563.37,-1127307,0
2018-08-11 07:32,0.08200000,7208000,295.52,-591352,0
2018-08-11 07:35,0.42363004,7197000,1524.43,3047340,1
2018-08-11 07:35,0.00816996,7197000,29.39,58769,1
2018-08-11 07:37,3.50000000,7177000,12559.75,-25132060,0
2018-08-11 07:47,0.07482168,7192000,269.05,537848,1
2018-08-11 07:47,0.20000000,7192000,719.20,1437680,1
2018-08-11 07:53,0.00071903,7188000,2.58,5165,1
2018-08-11 07:53,0.00155000,7188000,5.57,11135,1
2018-08-11 07:53,0.00151000,7188000,5.42,10848,1
2018-08-11 07:53,0.04064732,7188000,146.08,292026,1
2018-08-11 07:53,0.00155000,7188000,5.57,11135,1
2018-08-11 07:54,0.02988156,7189000,107.40,214711,1
2018-08-11 07:54,0.02690000,7189000,96.69,193287,1
2018-08-11 07:54,0.36965000,7189000,1328.70,2656085,1
2018-08-11 07:54,0.00704399,7189000,25.31,50613,1
2018-08-11 07:54,0.12509642,7189000,449.65,898868,1
2018-08-11 08:10,0.07363521,7172000,264.05,527847,1
2018-08-11 08:19,0.63379420,7216000,2286.72,4571172,1
2018-08-11 08:19,1.28000000,7216000,4618.24,9231861,1
2018-08-11 08:19,0.33606822,7236000,1215.89,2430573,1
2018-08-11 08:19,0.29713178,7236000,1075.02,2148970,1
2018-08-11 08:24,0.35615084,7210000,1283.92,-2569132,0
2018-08-11 08:24,0.03532825,7210000,127.35,-254844,0
2018-08-11 08:24,0.25140000,7211000,906.42,-1813752,0
2018-08-11 08:24,0.02500000,7212000,90.15,-180391,0
2018-08-11 08:24,0.00001937,7212000,0.06,-140,0
2018-08-11 08:25,0.36998063,7212000,1334.15,-2669635,0
2018-08-11 08:38,0.32734761,7213000,1180.57,2359977,1
2018-08-11 08:39,0.44970000,7200000,1618.92,-3239459,0
2018-08-11 08:40,0.16490000,7200000,593.64,-1187874,0
2018-08-11 08:40,0.00100000,7201000,3.60,-7205,0
2018-08-11 08:40,0.01340000,7200000,48.24,-96529,0
2018-08-11 08:41,0.03030000,7199000,109.06,-218239,0
2018-08-11 08:41,0.15250000,7199000,548.92,-1098397,0
2018-08-11 08:41,0.00300000,7199000,10.79,-21608,0
2018-08-11 08:41,0.01912941,7199000,68.85,-137782,0
2018-08-11 08:43,0.15006506,7217000,541.50,-1083561,0
2018-08-11 08:53,0.07620000,7236000,275.69,-551659,0
2018-08-11 09:05,0.03273732,7245000,118.59,237063,1
2018-08-11 09:05,0.01988964,7245000,72.05,144028,1
2018-08-11 09:05,0.17993045,7245000,651.79,1302944,1
2018-08-11 09:08,0.00970288,7241000,35.12,70223,1
2018-08-11 09:08,0.00800000,7241000,28.96,57899,1
2018-08-11 09:08,0.67350000,7230000,2434.70,-4871840,0
2018-08-11 09:09,0.04513766,7224000,163.03,-326238,0
2018-08-11 09:12,0.02975850,7226000,107.51,214927,1
2018-08-11 09:12,0.08330929,7226000,300.99,601691,1
2018-08-11 09:14,0.00002300,7205000,0.08,-166,0
2018-08-11 09:14,0.25698800,7205000,925.79,-1852525,0
2018-08-11 09:14,0.00349940,7205000,12.60,-25226,0
2018-08-11 09:15,0.04910000,7203000,176.83,-353845,0
2018-08-11 09:21,0.04626557,7194000,166.41,-333001,0
2018-08-11 09:23,0.06388666,7190000,229.67,-459575,0
2018-08-11 09:27,1.66920000,7207000,6014.96,12023909,1
2018-08-11 09:27,0.87660000,7207000,3158.82,6314497,1
2018-08-11 09:43,0.00004821,7200000,0.17,-348,0
2018-08-11 09:43,0.01912500,7200000,68.85,-137769,0
2018-08-11 09:43,0.00212679,7200000,7.65,-15321,0
2018-08-11 09:44,0.00722841,7227000,26.11,52213,1
2018-08-11 09:44,0.01407159,7227000,50.84,101644,1
2018-08-11 09:47,0.22601232,7190000,812.51,-1625841,0
2018-08-11 09:49,0.06850000,7190000,246.25,-492762,0
2018-08-11 09:49,0.10421134,7190000,374.63,-749655,0
2018-08-11 09:49,0.45571617,7190000,1638.29,-3278238,0
2018-08-11 09:49,0.21967249,7190000,789.72,-1580235,0
2018-08-11 09:51,2.42590000,7180000,8708.98,-17426671,0
2018-08-11 09:58,0.02408546,7187000,86.55,173015,1
2018-08-11 10:00,0.07647975,7186000,274.79,549308,1
2018-08-11 10:00,0.89249119,7186000,3206.72,6410234,1
2018-08-11 10:00,0.10845523,7186000,389.67,778969,1
2018-08-11 10:02,0.00418000,7173000,14.99,29968,1
2018-08-11 10:02,0.00418000,7173000,14.99,29968,1
2018-08-11 10:02,0.00432338,7173000,15.50,30996,1
2018-08-11 10:02,0.58183884,7173000,2086.76,4171443,1
2018-08-11 10:02,0.00418000,7173000,14.99,29968,1
2018-08-11 10:02,0.00415000,7173000,14.88,29753,1
2018-08-11 10:02,0.00415000,7173000,14.88,29753,1
2018-08-11 10:02,0.01430000,7173000,51.28,102522,1
2018-08-11 10:02,0.00418000,7173000,14.99,29968,1
2018-08-11 10:02,0.00418000,7173000,14.99,29968,1
2018-08-11 10:02,0.01383000,7173000,49.60,99152,1
2018-08-11 10:02,0.00418000,7173000,14.99,29968,1
2018-08-11 10:02,0.00604000,7173000,21.66,43303,1
2018-08-11 10:02,0.00418000,7173000,14.99,29968,1
2018-08-11 10:02,0.00417000,7173000,14.95,29896,1
2018-08-11 10:05,0.09410000,7178000,337.72,-675788,0
2018-08-11 10:10,0.00081248,7189000,2.92,5837,1
2018-08-11 10:34,1.18877504,7189000,4273.05,-8550377,0
2018-08-11 10:34,0.06292496,7189000,226.18,-452594,0
2018-08-11 10:35,0.00572905,7202000,20.63,41239,1
2018-08-11 10:35,0.00248461,7202000,8.94,17885,1
2018-08-11 10:35,0.00236361,7202000,8.51,17014,1
2018-08-11 10:37,0.05039979,7200000,181.43,362697,1
2018-08-11 10:37,0.00001072,7197000,0.03,77,1
2018-08-11 10:49,3.02040000,7185000,10850.78,21690723,1
2018-08-11 11:18,3.50000000,7180000,12565.00,-25142565,0
2018-08-11 11:25,0.38581824,7205000,1389.91,2778430,1
2018-08-11 11:26,0.00474966,7203000,17.10,34194,1
2018-08-11 11:26,0.18115247,7203000,652.42,1304188,1
2018-08-11 11:28,0.00000001,7210000,0,0,1
2018-08-11 11:28,2.60169374,7210000,9379.10,18748832,1
2018-08-11 11:28,0.02348964,7210000,84.68,169275,1
2018-08-11 11:30,0.00837500,7208000,30.18,60336,1
2018-08-11 11:41,0.16600987,7226000,599.79,1198987,1
2018-08-11 11:41,0.05900000,7226000,213.16,426120,1
2018-08-11 11:41,0.00687079,7226000,24.82,49623,1
2018-08-11 11:41,0.06281934,7226000,226.96,453705,1
2018-08-11 12:00,0.26317225,7212000,948.99,-1898948,0
2018-08-11 12:11,0.26320000,7215000,949.49,1898038,1
2018-08-11 12:23,3.24242110,7201000,11674.33,-23360349,0
2018-08-11 12:46,0.00200859,7188000,7.21,14430,1
2018-08-11 12:46,0.00997734,7188000,35.85,71681,1
2018-08-11 12:46,0.05530461,7188000,198.76,397330,1
2018-08-11 12:54,0.44429896,7220000,1603.91,3206234,1
2018-08-11 12:55,0.00145249,7220000,5.24,10481,1
2018-08-11 12:55,0.00410000,7220000,14.80,29587,1
2018-08-11 13:02,0.97024100,7225000,3504.99,7006486,1
2018-08-11 13:03,1.74500000,7210000,6290.72,-12587741,0
2018-08-11 13:04,0.11268183,7224000,407.00,813606,1
2018-08-11 13:04,0.01700000,7224000,61.40,122746,1
2018-08-11 13:05,1.55647604,7223000,5621.21,11236805,1
2018-08-11 13:05,0.00020410,7223000,0.73,1473,1
2018-08-11 13:05,0.04382148,7223000,158.26,316364,1
2018-08-11 13:08,0.79121507,7225000,2858.26,5713670,1
2018-08-11 13:08,0.97868493,7225000,3535.49,7067463,1
2018-08-11 13:27,3.50000000,7216000,12628.00,-25268628,0
2018-08-11 13:27,0.00175600,7229000,6.34,12687,1
2018-08-11 13:27,0.00261954,7229000,9.46,18927,1
2018-08-11 13:27,0.06311319,7229000,228.12,456017,1
2018-08-11 13:28,0.05164821,7228000,186.65,373126,1
2018-08-11 13:28,0.08474886,7228000,306.28,612258,1
2018-08-11 13:28,0.01495641,7228000,54.05,108050,1
2018-08-11 13:28,0.01502389,7228000,54.29,108538,1
2018-08-11 13:31,0.75727615,7222000,2734.52,5466313,1
2018-08-11 13:31,0.46385882,7221000,1674.76,3347849,1
2018-08-11 13:39,0.01386829,7213000,50.01,99981,1
2018-08-11 13:40,0.02078539,7213000,74.96,149850,1
2018-08-11 13:46,1.31946650,7193000,4745.46,-9495668,0
2018-08-11 13:59,0.38263761,7209000,1379.21,2757055,1
2018-08-11 14:02,0.03472512,7206000,125.11,250104,1
2018-08-11 14:11,0.01540900,7164000,55.19,110334,1
2018-08-11 14:11,0.00695735,7164000,24.92,49817,1
2018-08-11 14:11,0.01389908,7164000,49.78,99523,1
2018-08-11 14:11,0.00061276,7164000,2.19,4387,1
2018-08-11 14:11,0.15346873,7164000,549.72,1098900,1
2018-08-11 14:11,0.02917927,7164000,104.52,208935,1
2018-08-11 14:11,0.00643389,7164000,23.04,46069,1
2018-08-11 14:11,0.00079408,7169000,2.84,5689,1
2018-08-11 14:11,0.61842196,7169000,2216.73,4431250,1
2018-08-11 14:12,0.18508504,7168000,663.34,1326026,1
2018-08-11 14:12,0.00436000,7168000,15.62,31236,1
2018-08-11 14:12,1.62220000,7174000,5818.83,-11643482,0
2018-08-11 14:14,0.00350374,7187000,12.59,25168,1
2018-08-11 14:14,0.10405146,7187000,373.90,747443,1
2018-08-11 14:14,0.51314293,7187000,1843.97,3686114,1
2018-08-11 14:14,0.00030000,7186000,1.07,2154,1
2018-08-11 14:14,0.67999914,7187000,2443.57,4884710,1
2018-08-11 14:14,0.30000000,7187000,1078.05,2155021,1
2018-08-11 14:14,0.10000000,7187000,359.35,718340,1
2018-08-11 14:14,0.00008530,7202000,0.30,-615,0
2018-08-11 14:14,0.89771470,7202000,3232.67,-6468574,0
2018-08-11 14:15,0.28751463,7238000,1040.51,2079990,1
2018-08-11 14:15,0.04309001,7238000,155.94,311729,1
2018-08-11 14:15,0.03462500,7238000,125.30,250490,1
2018-08-11 14:15,0.05852550,7238000,211.80,423395,1
2018-08-11 14:15,0.09130602,7238000,330.43,660542,1
2018-08-11 14:15,0.16501322,7238000,597.18,1193768,1
2018-08-11 14:15,0.48331721,7238000,1749.12,3496500,1
2018-08-11 14:16,1.53340000,7235000,5547.07,11088601,1
2018-08-11 14:20,0.08830000,7223000,318.89,-638110,0
2018-08-11 14:21,1.40264470,7223000,5065.65,-10136369,0
2018-08-11 14:21,0.05641595,7223000,203.74,-407697,0
2018-08-11 14:24,0.00192516,7202000,6.93,13858,1
2018-08-11 14:29,0.38549814,7204000,1388.56,-2778518,0
2018-08-11 14:29,0.01130186,7204000,40.70,-81460,0
2018-08-11 14:30,0.58000000,7199000,2087.71,4173332,1
2018-08-11 14:30,0.44667914,7199000,1607.82,3214035,1
2018-08-11 14:32,0.12563530,7199000,452.22,903996,1
2018-08-11 14:38,0.00020000,7204000,0.72,1440,1
2018-08-11 14:38,0.02154824,7204000,77.61,155155,1
2018-08-11 14:38,0.03841632,7204000,138.37,276612,1
2018-08-11 14:45,0.00008876,7166000,0.31,-637,0
2018-08-11 14:49,0.01040451,7182000,37.36,74687,1
2018-08-11 14:49,0.01392369,7182000,49.99,99949,1
2018-08-11 14:56,0.32463091,7169000,1163.63,-2328443,0
2018-08-11 14:56,0.01046909,7169000,37.52,-75091,0
2018-08-11 15:01,0.43080087,7188000,1548.29,3095048,1
2018-08-11 15:01,0.09245799,7187000,332.24,664163,1
2018-08-11 15:01,0.00069000,7187000,2.47,4956,1
2018-08-11 15:01,0.00069000,7187000,2.47,4956,1
2018-08-11 15:01,0.29562271,7187000,1062.32,2123578,1
2018-08-11 15:04,0.07906961,7175000,283.66,567040,1
2018-08-11 15:04,0.00014634,7175000,0.52,1049,1
2018-08-11 15:06,0.14110000,7172000,505.98,1011463,1
2018-08-11 15:07,3.50000000,7162000,12533.50,-25079534,0
2018-08-11 15:09,0.08733904,7172000,313.19,626082,1
2018-08-11 16:14,0.29041093,7138000,1036.47,2071916,1
2018-08-11 16:14,0.26072445,7138000,930.52,1860120,1
2018-08-11 16:32,0.18906449,7159000,676.75,1352835,1
2018-08-11 16:32,0.12565305,7159000,449.77,899100,1
2018-08-11 16:32,0.11990000,7159000,429.18,857934,1
2018-08-11 16:33,0.85170000,7154000,3046.53,-6096109,0
2018-08-11 17:01,0.00375014,7210000,13.51,27024,1
2018-08-11 17:01,0.02900000,7210000,104.54,208985,1
2018-08-11 17:01,1.78218930,7210000,6424.79,12843160,1
2018-08-11 17:01,0.15422515,7210000,555.98,1111407,1
2018-08-11 17:01,0.00596000,7210000,21.48,42950,1
2018-08-11 17:01,0.00791000,7210000,28.51,57002,1
2018-08-11 17:01,0.00596000,7210000,21.48,42950,1
2018-08-11 17:01,0.00414000,7210000,14.92,29834,1
2018-08-11 17:01,0.00791000,7210000,28.51,57002,1
2018-08-11 17:01,0.00414000,7210000,14.92,29834,1
2018-08-11 17:01,0.31203808,7215000,1125.67,2250229,1
2018-08-11 17:27,0.00227016,7198000,8.17,16332,1
2018-08-11 17:27,0.00069000,7198000,2.48,4964,1
2018-08-11 17:27,0.00069000,7198000,2.48,4964,1
2018-08-11 17:27,0.00069000,7198000,2.48,4964,1
2018-08-11 17:38,0.00271483,7186000,9.75,19499,1
2018-08-11 17:38,0.07510439,7186000,269.85,539430,1
2018-08-11 17:38,0.02690402,7186000,96.66,193235,1
2018-08-11 17:38,0.01390899,7186000,49.97,99900,1
2018-08-11 18:16,0.15257732,7181000,547.82,1095109,1
2018-08-11 18:16,0.68592268,7181000,2462.80,4923147,1
2018-08-11 18:56,0.20323709,7160000,727.58,-1455906,0
2018-08-11 18:57,0.07911972,7174000,283.80,567321,1
2018-08-11 18:59,0.11873195,7174000,425.89,851357,1
2018-08-11 19:02,0.00530000,7176000,19.01,38013,1
2018-08-11 19:46,0.01300000,7230000,46.99,-94037,0
2018-08-11 19:47,0.01300000,7229000,46.98,93930,1
2018-08-11 19:52,0.01740119,7203000,62.67,-125404,0
2018-08-11 19:52,1.26940000,7203000,4571.74,-9148060,0
2018-08-11 19:52,0.00405408,7216000,14.62,29239,1
2018-08-11 19:53,0.07173999,7212000,258.69,517130,1
2018-08-11 19:53,0.00069000,7212000,2.48,4973,1
2018-08-11 19:53,0.00069000,7212000,2.48,4973,1
2018-08-11 19:53,0.00069000,7212000,2.48,4973,1
2018-08-11 19:53,0.00069000,7212000,2.48,4973,1
2018-08-11 19:53,0.00069000,7212000,2.48,4973,1
2018-08-11 19:53,0.00069000,7212000,2.48,4973,1
2018-08-11 19:53,0.00069000,7212000,2.48,4973,1
2018-08-11 19:53,0.00069000,7212000,2.48,4973,1
2018-08-11 19:53,0.00069000,7212000,2.48,4973,1
2018-08-11 19:53,0.00069000,7212000,2.48,4973,1
2018-08-11 19:53,0.00069000,7212000,2.48,4973,1
2018-08-11 19:54,0.00429093,7205000,15.45,30900,1
2018-08-11 19:54,0.00424345,7205000,15.28,30558,1
2018-08-11 19:59,0.00013925,7188000,0.50,1000,1
2018-08-11 19:59,0.02000000,7188000,71.88,143688,1
2018-08-11 19:59,0.00500000,7188000,17.97,35922,1
2018-08-11 19:59,0.01000000,7188000,35.94,71844,1
2018-08-11 19:59,0.03915000,7188000,140.70,281269,1
2018-08-11 19:59,0.02040000,7188000,73.31,146561,1
2018-08-11 19:59,0.11641721,7188000,418.40,836388,1
2018-08-11 19:59,0.00688347,7188000,24.73,49453,1
2018-08-11 20:02,0.00003442,7183000,0.12,-248,0
2018-08-11 20:04,0.02732922,7181000,98.12,-196350,0
2018-08-11 20:04,0.00791444,7181000,28.41,-56862,0
2018-08-11 20:11,0.00374217,7204000,13.47,26945,1
2018-08-11 20:11,0.00069000,7204000,2.48,4968,1
2018-08-11 20:11,0.00069000,7204000,2.48,4968,1
2018-08-11 20:12,0.00258077,7204000,9.29,18582,1
2018-08-11 20:12,0.18705015,7204000,673.75,1346835,1
2018-08-11 20:24,0.00008030,7179000,0.28,-577,0
2018-08-11 20:26,0.80000000,7188000,2875.20,-5753276,0
2018-08-11 20:28,0.18183341,7190000,653.69,1306728,1
2018-08-11 20:28,0.08191260,7190000,294.47,588657,1
2018-08-11 20:33,0.01290000,7174000,46.27,-92591,0
2018-08-11 20:39,0.08775557,7177000,314.91,629506,1
2018-08-11 20:39,0.00228900,7177000,8.21,16419,1
2018-08-11 20:45,0.00182600,7180000,6.55,13104,1
2018-08-11 20:45,0.00415000,7180000,14.89,29782,1
2018-08-11 20:45,0.00415000,7180000,14.89,29782,1
2018-08-11 20:45,0.00069000,7180000,2.47,4951,1
2018-08-11 20:45,0.01686000,7180000,60.52,120994,1
2018-08-11 20:45,0.01690000,7180000,60.67,121281,1
2018-08-11 20:45,0.23665666,7180000,849.59,1698345,1
2018-08-11 20:54,0.14188770,7193000,510.29,1020087,1
2018-08-11 20:54,0.41686361,7193000,1499.24,2997000,1
2018-08-11 20:55,0.00014000,7193000,0.50,1006,1
2018-08-11 21:02,0.00101083,7178000,3.62,7252,1
2018-08-11 21:15,0.01234005,7194000,44.38,88729,1
2018-08-11 21:23,0.00069000,7198000,2.48,4964,1
2018-08-11 21:23,0.00069000,7198000,2.48,4964,1
2018-08-11 21:23,0.00069000,7198000,2.48,4964,1
2018-08-11 21:23,0.00069000,7198000,2.48,4964,1
2018-08-11 21:23,0.26937174,7198000,969.46,1937968,1
2018-08-11 21:27,0.00086739,7184000,3.11,6228,1
2018-08-11 21:27,0.05776296,7184000,207.48,414761,1
2018-08-11 21:27,0.08347717,7184000,299.84,599400,1
2018-08-11 21:27,0.00889248,7184000,31.94,63851,1
2018-08-11 21:50,2.89320889,7167000,10367.81,-20745996,0
2018-08-11 21:56,0.12089500,7242000,437.76,875083,1
2018-08-11 21:57,0.01138037,7239000,41.19,82341,1
2018-08-11 21:57,0.00910712,7231000,32.92,65820,1
2018-08-11 21:57,0.03041898,7231000,109.97,219849,1
2018-08-11 21:57,0.00203700,7231000,7.36,14722,1
2018-08-11 21:57,0.00233900,7231000,8.45,16904,1
2018-08-11 21:58,0.66423069,7230000,2401.19,4799986,1
2018-08-11 21:58,0.05322490,7229000,192.38,384570,1
2018-08-11 21:58,0.10188822,7230000,368.32,736283,1
2018-08-11 21:59,0.03892232,7230000,140.70,281267,1
2018-08-11 22:01,1.85880000,7240000,6728.85,13450983,1
2018-08-11 22:14,0.00080000,7221000,2.88,-5780,0
2018-08-11 22:19,0.00956711,7214000,34.50,-69052,0
2018-08-11 22:19,0.13583289,7214000,489.94,-980389,0
2018-08-11 22:29,0.14620000,7218000,527.63,1054743,1
2018-08-11 23:19,0.07970000,7203000,287.03,-574367,0
2018-08-11 23:21,0.07970000,7218000,287.63,574986,1
2018-08-11 23:44,0.00800000,7213000,28.85,-57733,0
2018-08-11 23:48,0.00002039,7221000,0.07,-148,0
2018-08-11 23:48,0.00003458,7223000,0.12,-250,0
2018-08-11 23:48,0.00000967,7224000,0.03,-70,0
2018-08-11 23:48,0.00600000,7224000,21.67,-43366,0
2018-08-11 23:49,0.01500000,7221000,54.15,-108370,0
2018-08-11 23:49,2.08200000,7220000,7516.02,-15039556,0
2018-08-08 00:00,0.00142702,8127000,5.79,11591,1
2018-08-08 00:00,0.00414619,8127000,16.84,33679,1
2018-08-08 00:11,0.00811074,8135000,32.99,65947,1
2018-08-08 00:23,0.00014960,8124000,0.60,1214,1
2018-08-08 00:31,0.01025927,8141000,41.76,83478,1
2018-08-08 00:31,0.50000000,8141000,2035.25,4068464,1
2018-08-08 00:35,0.11863217,8135000,482.53,964590,1
2018-08-08 00:46,0.01643915,8138000,66.89,133714,1
2018-08-08 00:49,0.04557239,8139000,185.45,370728,1
2018-08-08 01:03,0.07566690,8139000,307.92,615544,1
2018-08-08 01:12,1.74708206,8129000,7101.01,14194929,1
2018-08-08 01:15,0.00015066,8131000,0.61,1224,1
2018-08-08 01:18,0.80868395,8132000,3288.10,6572929,1
2018-08-08 01:24,0.13590764,8143000,553.34,1106142,1
2018-08-08 01:49,0.02550000,8147000,103.87,207644,1
2018-08-08 02:05,0.00000302,8143000,0.01,-25,0
2018-08-08 02:07,0.00992049,8146000,40.40,-80853,0
2018-08-08 02:10,0.00210000,8146000,8.55,-17116,0
2018-08-08 02:11,0.00003687,8143000,0.15,-301,0
2018-08-08 02:11,0.00316313,8143000,12.87,-25771,0
2018-08-08 02:12,0.00000319,8141000,0.01,-26,0
2018-08-08 02:12,0.00149681,8141000,6.09,-12192,0
2018-08-08 02:12,0.00100000,8141000,4.07,-8145,0
2018-08-08 02:12,0.00150000,8141000,6.10,-12218,0
2018-08-08 02:18,0.00450000,8121000,18.27,-36563,0
2018-08-08 02:18,0.21440000,8121000,870.57,-1742013,0
2018-08-08 02:18,0.01470000,8121000,59.68,-119439,0
2018-08-08 02:19,0.00550000,8118000,22.32,-44672,0
2018-08-08 02:20,0.48400000,8120000,1965.04,-3932045,0
2018-08-08 02:21,0.00001553,8120000,0.06,-127,0
2018-08-08 02:21,0.01068447,8120000,43.37,-86802,0
2018-08-08 02:21,0.00002591,8120000,0.10,-211,0
2018-08-08 02:21,0.00417409,8120000,16.94,-33911,0
2018-08-08 02:21,0.01290000,8115000,52.34,-104736,0
2018-08-08 02:21,0.04260000,8115000,172.84,-345872,0
2018-08-08 02:21,0.00000598,8115000,0.02,-49,0
2018-08-08 02:21,0.36399402,8115000,1476.90,-2955289,0
2018-08-08 02:28,0.05370615,8146000,218.74,437271,1
2018-08-08 02:38,0.95455633,8137000,3883.61,7763341,1
2018-08-08 02:53,0.00250000,8125000,10.15,-20323,0
2018-08-08 03:04,0.00720000,8115000,29.21,-58458,0
2018-08-08 03:05,0.00004547,8115000,0.18,-370,0
2018-08-08 03:05,0.06995453,8115000,283.84,-567965,0
2018-08-08 03:15,0.03620000,8115000,146.88,-293910,0
2018-08-08 03:17,0.28560000,8109000,1157.96,-2317089,0
2018-08-08 03:53,0.00451367,8123000,18.33,36646,1
2018-08-08 03:53,0.00218833,8123000,8.88,17766,1
2018-08-08 04:38,0.00610000,8110000,24.73,-49496,0
2018-08-08 04:39,0.23092662,8106000,935.94,-1872828,0
2018-08-08 04:41,0.39000000,8105000,1580.47,-3162531,0
2018-08-08 04:41,0.00000212,8105000,0,-18,0
2018-08-08 04:41,0.08149788,8105000,330.27,-660871,0
2018-08-08 04:41,1.46380000,8105000,5932.04,-11870031,0
2018-08-08 04:46,0.00100526,8111000,4.07,8149,1
2018-08-08 05:01,0.04423416,8069000,178.46,356746,1
2018-08-08 05:01,0.00062000,8069000,2.50,5000,1
2018-08-08 05:01,0.00084000,8069000,3.38,6774,1
2018-08-08 05:01,0.00062000,8069000,2.50,5000,1
2018-08-08 05:01,0.00062000,8069000,2.50,5000,1
2018-08-08 05:01,0.00062000,8069000,2.50,5000,1
2018-08-08 05:01,0.00615319,8069000,24.82,49625,1
2018-08-08 05:01,0.00062000,8069000,2.50,5000,1
2018-08-08 05:01,0.00062000,8069000,2.50,5000,1
2018-08-08 05:01,0.00062000,8069000,2.50,5000,1
2018-08-08 05:01,0.00062000,8069000,2.50,5000,1
2018-08-08 05:03,0.00577501,8053000,23.25,46482,1
2018-08-08 05:04,0.22624053,8046000,910.16,1819421,1
2018-08-08 05:05,0.00862998,8028000,34.64,69246,1
2018-08-08 05:05,0.01104000,8028000,44.31,88584,1
2018-08-08 05:05,0.00372000,8028000,14.93,29849,1
2018-08-08 05:05,0.01104000,8028000,44.31,88584,1
2018-08-08 05:05,0.00372000,8028000,14.93,29849,1
2018-08-08 05:05,0.02085000,8028000,83.69,167300,1
2018-08-08 05:05,0.01132578,8028000,45.46,90877,1
2018-08-08 05:05,0.74760000,8017000,2996.75,-5996506,0
2018-08-08 05:06,0.00304415,8027000,12.21,24423,1
2018-08-08 05:06,0.06359565,8027000,255.24,510227,1
2018-08-08 05:06,3.05700000,8010000,12243.28,24474326,1
2018-08-08 05:07,0.13329661,8001000,533.25,-1067040,0
2018-08-08 05:07,0.09360339,8001000,374.46,-749296,0
2018-08-08 05:08,0.24361206,8001000,974.57,-1950115,0
2018-08-08 05:09,0.47050000,8021000,1886.94,3771993,1
2018-08-08 05:12,0.00930000,7993000,37.16,-74372,0
2018-08-08 05:12,0.00592687,8007000,23.72,47432,1
2018-08-08 05:12,0.00337313,8007000,13.50,26995,1
2018-08-08 05:26,0.03350000,7964000,133.39,-266928,0
2018-08-08 05:26,0.03470000,7962000,138.14,-276420,0
2018-08-08 05:27,0.00000265,7973000,0.01,-22,0
2018-08-08 05:28,0.13000000,7973000,518.24,-1037009,0
2018-08-08 05:30,0.01947095,7970000,77.59,-155261,0
2018-08-08 05:30,0.00009539,7968000,0.38,-761,0
2018-08-08 05:30,0.00450461,7968000,17.94,-35911,0
2018-08-08 05:31,0.78261335,7966000,3117.14,-6237415,0
2018-08-08 05:33,1.79935068,7960000,7161.41,-14329993,0
2018-08-08 05:33,0.09282617,7960000,369.44,-739266,0
2018-08-08 05:37,0.01736265,7977000,69.25,138432,1
2018-08-08 05:42,0.10973337,7980000,437.83,875234,1
2018-08-08 05:56,0.22738549,7961000,905.10,1809310,1
2018-08-08 05:56,0.06185425,7961000,246.21,492175,1
2018-08-08 05:56,0.04720054,7961000,187.88,375575,1
2018-08-08 05:56,0.06137021,7961000,244.28,488323,1
2018-08-08 05:56,0.09091513,7961000,361.88,723413,1
2018-08-08 05:57,0.01731549,7952000,68.84,-137762,0
2018-08-08 05:58,0.24612278,7950000,978.33,-1957655,0
2018-08-08 06:03,0.00032126,7879000,1.26,2529,1
2018-08-08 06:03,0.48349322,7879000,1904.72,3807538,1
2018-08-08 06:03,0.16836807,7879000,663.28,1325908,1
2018-08-08 06:03,0.13007795,7879000,512.44,1024371,1
2018-08-08 06:03,0.02028493,7879000,79.91,159745,1
2018-08-08 06:03,0.04843931,7879000,190.82,381462,1
2018-08-08 06:03,0.22570000,7879000,889.14,1777401,1
2018-08-08 06:03,0.00380000,7879000,14.97,29925,1
2018-08-08 06:03,0.12196221,7879000,480.47,960459,1
2018-08-08 06:03,0.12148690,7879000,478.59,956716,1
2018-08-08 06:03,0.12148690,7879000,478.59,956716,1
2018-08-08 06:03,0.00625889,7879000,24.65,49289,1
2018-08-08 06:03,0.00391000,7868000,15.38,30748,1
2018-08-08 06:03,0.68270000,7868000,2685.74,5368797,1
2018-08-08 06:03,0.10183999,7868000,400.63,800876,1
2018-08-08 06:03,0.25140000,7868000,989.00,1977026,1
2018-08-08 06:03,0.05315001,7868000,209.09,417975,1
2018-08-08 06:03,0.24319315,7851000,954.65,-1910264,0
2018-08-08 06:03,0.03846019,7851000,150.97,-302102,0
2018-08-08 06:03,0.12554666,7851000,492.83,-986160,0
2018-08-08 06:04,0.00270000,7846000,10.59,-21195,0
2018-08-08 06:04,0.51784502,7835000,2028.65,-4059345,0
2018-08-08 06:04,0.15913507,7811000,621.50,-1243626,0
2018-08-08 06:04,0.09596493,7811000,374.79,-749957,0
2018-08-08 06:04,0.17437521,7811000,681.02,-1362726,0
2018-08-08 06:04,0.06667985,7811000,260.41,-521097,0
2018-08-08 06:04,0.01894494,7811000,73.98,-148053,0
2018-08-08 06:04,0.21085337,7818000,824.22,-1649276,0
2018-08-08 06:04,0.67050000,7818000,2620.98,-5244590,0
2018-08-08 06:05,0.01080000,7810000,42.17,-84391,0
2018-08-08 06:05,0.21940000,7810000,856.75,-1714371,0
2018-08-08 06:08,0.83573615,7839000,3275.66,6548060,1
2018-08-08 06:09,0.15320000,7824000,599.31,-1199237,0
2018-08-08 06:10,1.87190000,7840000,7337.84,14668358,1
2018-08-08 06:12,0.33710340,7800000,1314.70,-2630722,0
2018-08-08 06:12,0.30550464,7800000,1191.46,-2384128,0
2018-08-08 06:12,0.04236400,7800000,165.21,-330605,0
2018-08-08 06:13,0.21580000,7800000,841.62,-1684082,0
2018-08-08 06:14,0.00210000,7806000,8.19,-16401,0
2018-08-08 06:14,0.00061725,7797000,2.40,-4816,0
2018-08-08 06:14,0.00498275,7797000,19.42,-38870,0
2018-08-08 06:15,0.35346684,7793000,1377.28,-2755945,0
2018-08-08 06:15,0.49993316,7793000,1947.98,-3897928,0
2018-08-08 06:15,0.14358197,7797000,559.75,-1120069,0
2018-08-08 06:15,0.61781803,7797000,2408.56,-4819536,0
2018-08-08 06:15,0.12565352,7816000,491.05,981616,1
2018-08-08 06:16,0.00070000,7814000,2.73,5467,1
2018-08-08 06:16,1.57642918,7815000,6159.89,12313634,1
2018-08-08 06:16,0.82047082,7814000,3205.57,6407953,1
2018-08-08 06:18,0.01020000,7804000,39.80,-79641,0
2018-08-08 06:18,0.01020000,7797000,39.76,79489,1
2018-08-08 06:19,0.23610000,7795000,920.19,-1841320,0
2018-08-08 06:19,0.07610000,7788000,296.33,-592964,0
2018-08-08 06:20,0.00001419,7790000,0.05,-111,0
2018-08-08 06:20,0.13181945,7792000,513.56,1026623,1
2018-08-08 06:24,0.00006061,7800000,0.23,-473,0
2018-08-08 06:24,0.35710000,7800000,1392.69,-2786773,0
2018-08-08 06:25,0.01200000,7803000,46.81,-93683,0
2018-08-08 06:28,0.18391190,7828000,719.83,1438942,1
2018-08-08 06:28,0.06145858,7824000,240.42,480611,1
2018-08-08 06:28,0.00127811,7824000,4.99,9994,1
2018-08-08 06:29,0.08929499,7824000,349.32,698294,1
2018-08-08 06:30,0.00139296,7806000,5.43,10868,1
2018-08-08 06:30,0.00640532,7806000,24.99,49974,1
2018-08-08 06:30,0.06828952,7806000,266.53,532801,1
2018-08-08 06:30,0.03684533,7799000,143.67,287213,1
2018-08-08 06:30,0.00100000,7799000,3.89,7795,1
2018-08-08 06:30,0.00128221,7799000,4.99,9994,1
2018-08-08 06:30,0.00012834,7799000,0.50,1000,1
2018-08-08 06:30,0.07200000,7799000,280.76,561247,1
2018-08-08 06:30,0.00054829,7799000,2.13,4273,1
2018-08-08 06:31,0.02570000,7799000,100.21,200334,1
2018-08-08 06:34,0.10000000,7800000,390.00,-780390,0
2018-08-08 06:34,0.10000000,7800000,390.00,-780390,0
2018-08-08 06:34,0.05690000,7798000,221.85,-443928,0
2018-08-08 06:36,0.25690000,7813000,1003.57,2006156,1
2018-08-08 06:40,2.29846225,7801000,8965.15,-17939270,0
2018-08-08 06:40,0.00120000,7801000,4.68,-9366,0
2018-08-08 06:40,0.03293775,7801000,128.47,-257076,0
2018-08-08 06:41,1.16740000,7812000,4559.86,-9124289,0
2018-08-08 07:02,0.00130578,7811000,5.09,10194,1
2018-08-08 07:12,0.27927217,7803000,1089.58,2178071,1
2018-08-08 07:12,0.00056870,7803000,2.21,4435,1
2018-08-08 07:12,0.02901150,7803000,113.18,226263,1
2018-08-08 07:18,0.01300000,7770000,50.50,100959,1
2018-08-08 07:23,0.00304800,7792000,11.87,23738,1
2018-08-08 07:24,0.26048894,7792000,1014.86,2028714,1
2018-08-08 07:24,0.21020589,7791000,818.85,1636895,1
2018-08-08 07:25,0.03814862,7788000,148.55,296952,1
2018-08-08 07:27,0.87392943,7790000,3403.95,6804506,1
2018-08-08 07:27,0.00100000,7790000,3.89,7786,1
2018-08-08 07:27,0.00570837,7790000,22.23,44445,1
2018-08-08 07:29,1.71570000,7780000,6674.07,-13354820,0
2018-08-08 07:30,0.52717070,7789000,2053.06,4104079,1
2018-08-08 07:30,0.01570000,7789000,61.14,122226,1
2018-08-08 07:30,0.00393187,7789000,15.31,30610,1
2018-08-08 07:40,0.26540045,7827000,1038.64,2076250,1
2018-08-08 07:40,0.00070000,7827000,2.73,5476,1
2018-08-08 07:43,0.08427256,7832000,330.01,659692,1
2018-08-08 07:43,0.00337303,7832000,13.20,26404,1
2018-08-08 07:43,0.01541832,7832000,60.37,120695,1
2018-08-08 07:47,0.00107372,7826000,4.20,8398,1
2018-08-08 07:47,0.00086904,7826000,3.40,6797,1
2018-08-08 07:47,0.37506011,7826000,1467.61,2933752,1
2018-08-08 07:47,0.00063000,7826000,2.46,4927,1
2018-08-08 07:49,0.06354456,7818000,248.39,-497040,0
2018-08-08 07:49,1.23005544,7818000,4808.28,-9621382,0
2018-08-08 07:51,0.03116192,7815000,121.76,243408,1
2018-08-08 07:51,0.03836362,7815000,149.90,299661,1
2018-08-08 08:03,0.67393274,7790000,2624.96,5247311,1
2018-08-08 08:04,0.00719270,7793000,28.02,56024,1
2018-08-08 08:54,0.02611344,7765000,101.38,202669,1
2018-08-08 09:04,0.00258097,7749000,9.99,19989,1
2018-08-08 09:04,0.00108572,7749000,4.20,8409,1
2018-08-08 09:04,0.26700000,7746000,1034.09,2067147,1
2018-08-08 09:04,0.03240000,7745000,125.46,250812,1
2018-08-08 09:04,0.00258231,7745000,9.99,19989,1
2018-08-08 09:04,0.00051646,7745000,1.99,3997,1
2018-08-08 09:04,0.00122043,7745000,4.72,9447,1
2018-08-08 09:04,0.00058023,7745000,2.24,4491,1
2018-08-08 09:04,0.07745501,7745000,299.94,599589,1
2018-08-08 09:04,0.50000000,7745000,1936.25,3870563,1
2018-08-08 09:04,0.00639042,7745000,24.74,49469,1
2018-08-08 09:04,0.03857552,7745000,149.38,298618,1
2018-08-08 09:04,0.01000000,7745000,38.72,77411,1
2018-08-08 09:10,1.78290000,7700000,6864.16,13721465,1
2018-08-08 09:14,0.03910000,7584000,148.26,-296683,0
2018-08-08 09:14,3.46090000,7584000,13123.73,-26260590,0
2018-08-08 09:14,3.50000000,7599000,13298.25,26583201,1
2018-08-08 09:16,2.66489078,7603000,10130.58,-20271296,0
2018-08-08 09:16,0.06500000,7603000,247.09,-494442,0
2018-08-08 09:16,0.02772566,7603000,105.39,-210904,0
2018-08-08 09:16,0.01318397,7603000,50.11,-100288,0
2018-08-08 09:21,0.00001670,7630000,0.06,127,1
2018-08-08 09:21,0.00138489,7630000,5.28,10561,1
2018-08-08 09:21,0.00424700,7630000,16.20,32388,1
2018-08-08 09:21,0.02523762,7629000,96.26,192441,1
2018-08-08 09:21,0.08839814,7629000,337.19,674052,1
2018-08-08 09:21,0.00320000,7629000,12.20,24400,1
2018-08-08 09:21,0.02350696,7626000,89.63,179174,1
2018-08-08 09:21,0.00262260,7626000,9.99,19989,1
2018-08-08 09:21,0.10000000,7626000,381.30,762218,1
2018-08-08 09:21,2.06895922,7626000,7888.94,15769994,1
2018-08-08 09:21,0.04492746,7626000,171.30,342445,1
2018-08-08 09:21,0.00065000,7626000,2.47,4954,1
2018-08-08 09:21,0.00065000,7626000,2.47,4954,1
2018-08-08 09:23,0.00200000,7589000,7.58,-15186,0
2018-08-08 09:24,0.91035073,7600000,3459.33,-6922125,0
2018-08-08 09:24,2.00000000,7600000,7600.00,-15207600,0
2018-08-08 09:24,0.00584927,7600000,22.22,-44477,0
2018-08-08 09:26,0.90779548,7593000,3446.44,6889444,1
2018-08-08 09:26,0.00065000,7593000,2.46,4932,1
2018-08-08 09:26,2.41675000,7593000,9175.19,18341207,1
2018-08-08 09:29,0.07530000,7600000,286.14,-572567,0
2018-08-08 09:30,0.00237000,7602000,9.00,18007,1
2018-08-08 09:36,0.00002389,7621000,0.09,181,1
2018-08-08 09:36,0.04106660,7621000,156.48,312812,1
2018-08-08 09:36,0.01213400,7621000,46.23,92426,1
2018-08-08 09:36,0.01967551,7621000,74.97,149872,1
2018-08-08 09:37,0.00950000,7626000,36.22,-72484,0
2018-08-08 09:39,0.72161566,7650000,2760.17,-5523120,0
2018-08-08 09:39,0.05332460,7650000,203.96,-408138,0
2018-08-08 09:39,0.49995974,7650000,1912.34,-3826605,0
2018-08-08 09:40,0.32990000,7649000,1261.70,-2524667,0
2018-08-08 09:40,0.05070000,7646000,193.82,-387846,0
2018-08-08 09:40,1.83500000,7650000,7018.87,-14044769,0
2018-08-08 10:11,1.17410117,7681000,4509.13,9013761,1
2018-08-08 10:11,0.58063651,7681000,2229.93,4457639,1
2018-08-08 10:11,0.00780757,7681000,29.98,59939,1
2018-08-08 10:13,0.13335025,7694000,512.99,1025483,1
2018-08-08 10:13,0.52770000,7681000,2026.63,-4055291,0
2018-08-08 10:17,0.01140000,7675000,43.74,-87539,0
2018-08-08 10:17,0.18450000,7680000,708.48,-1417669,0
2018-08-08 10:27,0.04946748,7655000,189.33,378484,1
2018-08-08 10:38,0.49010924,7658000,1876.62,-3755134,0
2018-08-08 10:38,0.22519076,7658000,862.25,-1725373,0
2018-08-08 10:52,1.45195264,7650000,5553.71,11101883,1
2018-08-08 10:52,0.01000000,7650000,38.25,76461,1
2018-08-08 10:52,0.10589528,7650000,405.04,809693,1
2018-08-08 10:52,0.01000000,7650000,38.25,76461,1
2018-08-08 10:57,2.08430000,7635000,7956.81,-15921588,0
2018-08-08 11:00,0.33808827,7625000,1288.96,2576634,1
2018-08-08 11:13,0.70141514,7648000,2682.21,5361740,1
2018-08-08 11:13,0.11791898,7648000,450.92,901393,1
2018-08-08 11:16,0.05605134,7635000,213.97,427738,1
2018-08-08 11:16,0.00100000,7635000,3.81,7631,1
2018-08-08 11:16,0.89382845,7630000,3409.95,6816501,1
2018-08-08 11:16,0.07090000,7621000,270.16,-540599,0
2018-08-08 11:16,2.03740000,7621000,7763.51,-15534789,0
2018-08-08 12:03,0.00374664,7650000,14.33,28647,1
2018-08-08 12:03,0.08264024,7650000,316.09,631881,1
2018-08-08 12:03,0.07699431,7650000,294.50,588711,1
2018-08-08 12:24,0.19925266,7634000,760.54,1520334,1
2018-08-08 12:25,0.01011600,7634000,38.61,77186,1
2018-08-08 12:25,0.01715204,7633000,65.46,130856,1
2018-08-08 12:25,0.45000000,7633000,1717.42,3433132,1
2018-08-08 12:25,0.00320364,7634000,12.22,24444,1
2018-08-08 12:25,2.65690000,7635000,10142.71,20275288,1
2018-08-08 12:34,0.06656656,7623000,253.71,-507691,0
2018-08-08 12:37,0.06650000,7637000,253.93,507606,1
2018-08-08 12:42,0.00002324,7624000,0.08,-178,0
2018-08-08 12:42,0.29947676,7624000,1141.60,-2284353,0
2018-08-08 12:42,0.00000147,7624000,0,-12,0
2018-08-08 12:55,0.16648358,7616000,633.96,1267304,1
2018-08-08 12:55,0.07900000,7616000,300.83,601363,1
2018-08-08 12:55,0.05401642,7616000,205.69,411183,1
2018-08-08 13:07,0.00497503,7581000,18.85,-37735,0
2018-08-08 13:07,0.00002249,7581000,0.08,-171,0
2018-08-08 13:07,0.00070248,7581000,2.66,-5329,0
2018-08-08 13:08,0.00513000,7580000,19.44,38865,1
2018-08-08 13:08,0.00057000,7580000,2.16,4318,1
2018-08-08 13:12,0.21596907,7534000,813.55,-1627925,0
2018-08-08 13:12,1.60773967,7534000,6056.35,-12118767,0
2018-08-08 13:12,0.03505010,7534000,132.03,-264200,0
2018-08-08 13:12,0.16618804,7534000,626.03,-1252687,0
2018-08-08 13:12,0.01015000,7534000,38.23,-76509,0
2018-08-08 13:12,0.60370312,7534000,2274.14,-4550574,0
2018-08-08 13:15,0.01010346,7528000,38.02,76020,1
2018-08-08 13:15,0.00892919,7528000,33.60,67185,1
2018-08-08 13:22,0.03491721,7527000,131.41,262690,1
2018-08-08 13:22,0.01327753,7527000,49.96,99889,1
2018-08-08 13:22,0.23600000,7527000,888.18,1775483,1
2018-08-08 13:26,0.00997704,7521000,37.51,-75075,0
2018-08-08 13:26,0.08082296,7521000,303.93,-608174,0
2018-08-08 13:26,0.00003298,7514000,0.12,-248,0
2018-08-08 13:29,0.31433715,7532000,1183.79,2366403,1
2018-08-08 13:29,0.00663502,7532000,24.98,49949,1
2018-08-08 13:30,0.04092293,7531000,154.09,308036,1
2018-08-08 13:34,0.21519436,7550000,812.35,-1625530,0
2018-08-08 13:34,0.02750000,7550000,103.81,-207729,0
2018-08-08 13:34,0.00300564,7550000,11.34,-22704,0
2018-08-08 13:35,0.20142380,7550000,760.37,-1521510,0
2018-08-08 13:35,0.00257620,7550000,9.72,-19460,0
2018-08-08 13:38,0.05571012,7550000,210.30,420401,1
2018-08-08 13:38,0.20781035,7547000,784.17,1567560,1
2018-08-08 13:38,0.07164961,7547000,270.36,540469,1
2018-08-08 13:38,0.00264873,7547000,9.99,19979,1
2018-08-08 13:38,0.45922950,7547000,1732.90,3464072,1
2018-08-08 13:38,0.00010600,7543000,0.39,799,1
2018-08-08 13:40,0.00645200,7530000,24.29,48559,1
2018-08-08 13:40,0.15963908,7530000,601.04,1201481,1
2018-08-08 13:43,0.11057939,7503000,414.83,-830092,0
2018-08-08 13:43,0.04047164,7503000,151.82,-303811,0
2018-08-08 13:43,0.02454897,7503000,92.09,-184283,0
2018-08-08 13:43,0.00250000,7503000,9.37,-18767,0
2018-08-08 13:47,0.00736254,7522000,27.69,-55409,0
2018-08-08 13:49,0.40000000,7533000,1506.60,3011693,1
2018-08-08 13:49,0.05720925,7533000,215.47,430741,1
2018-08-08 13:49,0.53815481,7530000,2026.15,4050279,1
2018-08-08 13:54,0.34118445,7529000,1284.38,2567493,1
2018-08-08 13:54,0.00242000,7529000,9.11,18211,1
2018-08-08 13:54,0.20770700,7529000,781.91,1563044,1
2018-08-08 13:54,0.18978855,7529000,714.45,1428203,1
2018-08-08 13:59,3.50000000,7536000,13188.00,-26389188,0
2018-08-08 14:02,3.50000000,7544000,13202.00,26390798,1
2018-08-08 14:21,0.00187528,7505000,7.03,-14081,0
2018-08-08 14:21,0.00962472,7505000,36.11,-72270,0
2018-08-08 14:21,1.32960000,7505000,4989.32,-9983638,0
2018-08-08 14:21,0.12009226,7503000,450.52,-901503,0
2018-08-08 14:21,0.35468561,7511000,1332.02,2662711,1
2018-08-08 14:23,0.09843455,7506000,369.42,-739220,0
2018-08-08 14:24,0.38550000,7507000,1446.97,-2895396,0
2018-08-08 14:25,0.07200000,7503000,270.10,-540487,0
2018-08-08 14:25,0.00345480,7500000,12.95,25898,1
2018-08-08 14:25,0.01400000,7500000,52.50,104947,1
2018-08-08 14:25,0.10027700,7500000,376.03,751701,1
2018-08-08 14:25,0.00266666,7500000,9.99,19989,1
2018-08-08 14:25,0.04547036,7500000,170.51,340857,1
2018-08-08 14:25,0.01000000,7500000,37.50,74962,1
2018-08-08 14:25,0.10666666,7500000,399.99,799599,1
2018-08-08 14:25,0.20000000,7500000,750.00,1499250,1
2018-08-08 14:25,0.02666666,7500000,99.99,199899,1
2018-08-08 14:25,0.00399800,7500000,14.99,29970,1
2018-08-08 14:25,0.30000000,7500000,1125.00,2248875,1
2018-08-08 14:25,0.06666666,7500000,249.99,499749,1
2018-08-08 14:25,0.00200000,7500000,7.50,14992,1
2018-08-08 14:25,0.00130881,7500000,4.90,9811,1
2018-08-08 14:25,0.00666666,7500000,24.99,49974,1
2018-08-08 14:25,0.02181028,7500000,81.78,163495,1
2018-08-08 14:25,0.75074745,7500000,2815.30,5627790,1
2018-08-08 14:27,1.26711351,7490000,4745.34,-9495426,0
2018-08-08 14:29,0.02634449,7474000,98.44,-196998,0
2018-08-08 14:29,0.25829942,7474000,965.26,-1931496,0
2018-08-08 14:29,0.03330000,7477000,124.49,-249109,0
2018-08-08 14:31,0.47123866,7488000,1764.31,3526870,1
2018-08-08 14:31,0.62810497,7476000,2347.85,-4698061,0
2018-08-08 14:31,0.01213202,7476000,45.34,-90745,0
2018-08-08 14:31,0.00769000,7476000,28.74,-57520,0
2018-08-08 14:32,0.87110000,7482000,3258.78,-6520829,0
2018-08-08 14:43,0.02856139,7509000,107.23,214360,1
2018-08-08 14:43,0.02641000,7509000,99.15,198213,1
2018-08-08 14:43,0.04102000,7509000,154.00,307865,1
2018-08-08 14:43,0.00250000,7509000,9.38,18763,1
2018-08-08 14:43,0.09417600,7509000,353.58,706814,1
2018-08-08 14:43,0.00250000,7509000,9.38,18763,1
2018-08-08 14:43,0.00250000,7509000,9.38,18763,1
2018-08-08 14:43,0.00823057,7509000,30.90,61772,1
2018-08-08 14:43,0.02671597,7509000,100.30,200509,1
2018-08-08 14:43,1.06660000,7517000,4008.81,-8021641,0
2018-08-08 14:47,0.01175143,7599000,44.64,89254,1
2018-08-08 14:47,0.13916063,7597000,528.60,1056674,1
2018-08-08 14:47,1.71149147,7598000,6501.95,12997410,1
2018-08-08 14:47,0.18615324,7598000,707.19,1413685,1
2018-08-08 14:48,0.00352871,7581000,13.37,26737,1
2018-08-08 14:48,0.62300148,7581000,2361.48,4720612,1
2018-08-08 14:48,0.08002076,7581000,303.31,606334,1
2018-08-08 14:48,0.22454582,7585000,851.59,1702328,1
2018-08-08 14:48,0.13370400,7585000,507.07,1013637,1
2018-08-08 14:48,0.35355018,7584000,1340.66,2679983,1
2018-08-08 14:49,3.50000000,7556000,13223.00,-26459223,0
2018-08-08 14:54,0.69326838,7613000,2638.92,5275213,1
2018-08-08 14:54,0.00400980,7613000,15.26,30511,1
2018-08-08 14:54,0.30000000,7613000,1141.95,2282758,1
2018-08-08 14:54,0.04821535,7613000,183.53,366879,1
2018-08-08 14:54,0.29207795,7593000,1108.87,-2218857,0
2018-08-08 14:54,0.08000000,7593000,303.72,-607744,0
2018-08-08 14:55,0.00323801,7593000,12.29,24573,1
2018-08-08 14:55,0.00773276,7593000,29.35,58685,1
2018-08-08 14:57,0.03870000,7589000,146.84,293547,1
2018-08-08 14:57,0.26340762,7589000,999.50,1998000,1
2018-08-08 14:57,0.61423332,7577000,2327.02,4651718,1
2018-08-08 14:57,0.00396700,7577000,15.02,30042,1
2018-08-08 14:58,1.54000000,7577000,5834.29,11662745,1
2018-08-08 14:59,0.00920000,7577000,34.85,-69744,0
2018-08-08 15:00,0.09263852,7595000,351.79,703237,1
2018-08-08 15:00,0.00065000,7595000,2.46,4934,1
2018-08-08 15:00,0.00065000,7595000,2.46,4934,1
2018-08-08 15:00,0.00065000,7595000,2.46,4934,1
2018-08-08 15:00,0.00065000,7595000,2.46,4934,1
2018-08-08 15:00,0.00065000,7595000,2.46,4934,1
2018-08-08 15:00,0.09796800,7595000,372.03,743694,1
2018-08-08 15:00,0.00065000,7595000,2.46,4934,1
2018-08-08 15:00,0.17000000,7595000,645.57,1290504,1
2018-08-08 15:02,0.75713305,7562000,2862.72,-5728303,0
2018-08-08 15:02,0.00061612,7562000,2.32,-4662,0
2018-08-08 15:02,0.00495083,7562000,18.71,-37457,0
2018-08-08 15:06,0.37635406,7572000,1424.87,-2851178,0
2018-08-08 15:06,0.10000000,7572000,378.60,-757579,0
2018-08-08 15:06,0.02834435,7572000,107.31,-214731,0
2018-08-08 15:06,2.23265565,7573000,8453.95,-16916356,0
2018-08-08 15:19,0.04968035,7581000,188.31,376438,1
2018-08-08 15:19,0.11602548,7581000,439.79,879149,1
2018-08-08 15:19,0.11602548,7581000,439.79,879149,1
2018-08-08 15:19,0.00259536,7581000,9.83,19665,1
2018-08-08 15:22,0.12468048,7602000,473.91,947347,1
2018-08-08 15:22,0.03961600,7602000,150.58,301010,1
2018-08-08 15:22,0.09882974,7602000,375.65,750928,1
2018-08-08 15:22,0.10617035,7601000,403.50,806597,1
2018-08-08 15:22,0.06556858,7601000,249.19,498137,1
2018-08-08 15:22,0.70000000,7601000,2660.35,5318039,1
2018-08-08 15:22,0.12000000,7601000,456.06,911663,1
2018-08-08 15:22,0.31974933,7603000,1215.52,2429838,1
2018-08-08 15:23,0.04855207,7607000,184.66,369150,1
2018-08-08 15:23,0.33078846,7607000,1258.15,2515049,1
2018-08-08 15:23,0.03941765,7607000,149.92,299700,1
2018-08-08 15:24,0.07320867,7587000,277.71,-555712,0
2018-08-08 15:34,0.06324875,7597000,240.25,480260,1
2018-08-08 15:34,0.11858022,7581000,449.47,898507,1
2018-08-08 15:34,0.00013850,7581000,0.52,1049,1
2018-08-08 15:34,0.04147400,7581000,157.20,314257,1
2018-08-08 15:34,0.09999900,7581000,379.04,757713,1
2018-08-08 15:34,0.05709819,7581000,216.43,432644,1
2018-08-08 15:37,0.05147000,7581000,195.09,389998,1
2018-08-08 15:37,0.86353000,7581000,3273.21,6543147,1
2018-08-08 15:38,0.00620000,7578000,23.49,-47007,0
2018-08-08 15:38,0.04740000,7578000,179.59,-359377,0
2018-08-08 15:41,0.05360000,7592000,203.46,406727,1
2018-08-08 15:44,0.34630000,7580000,1312.47,-2626267,0
2018-08-08 15:44,0.20270000,7581000,768.33,-1537437,0
2018-08-08 15:45,0.38203410,7592000,1450.20,2898952,1
2018-08-08 15:45,0.00126020,7596000,4.78,9567,1
2018-08-08 15:45,0.16570000,7595000,629.24,1257862,1
2018-08-08 15:58,0.10317979,7581000,391.10,-782597,0
2018-08-08 16:01,0.05948579,7603000,226.13,-452497,0
2018-08-08 16:01,0.00145592,7603000,5.53,-11075,0
2018-08-08 16:01,0.00121275,7603000,4.61,-9226,0
2018-08-08 16:01,0.00131562,7603000,5.00,-10008,0
2018-08-08 16:04,0.03386579,7615000,128.94,257759,1
2018-08-08 16:04,0.13273421,7615000,505.38,1010265,1
2018-08-08 16:18,0.00220000,7590000,8.34,-16707,0
2018-08-08 16:26,0.00220000,7600000,8.36,16711,1
2018-08-08 16:31,0.14340220,7581000,543.56,-1087676,0
2018-08-08 16:31,0.01810257,7581000,68.61,-137305,0
2018-08-08 16:31,0.12669523,7581000,480.23,-960957,0
2018-08-08 16:32,0.00722646,7598000,27.45,54879,1
2018-08-08 16:32,0.28100000,7602000,1068.08,2135093,1
2018-08-08 16:32,0.00000002,7580000,0,-1,0
2018-08-08 16:32,0.03190000,7580000,120.90,-241923,0
2018-08-08 16:34,0.03190000,7593000,121.10,242095,1
2018-08-08 16:53,0.90610000,7543000,3417.35,-6838130,0
2018-08-08 16:59,0.14256390,7532000,536.89,1073254,1
2018-08-08 17:00,0.10780400,7516000,405.12,809849,1
2018-08-08 17:00,0.04447834,7516000,167.14,334132,1
2018-08-08 17:03,0.32782818,7533000,1234.76,2468294,1
2018-08-08 17:04,0.27289200,7534000,1027.98,2054940,1
2018-08-08 17:04,0.00401000,7534000,15.10,30196,1
2018-08-08 17:04,0.00401000,7534000,15.10,30196,1
2018-08-08 17:04,0.00248800,7534000,9.37,18735,1
2018-08-08 17:17,3.50000000,7525000,13168.75,-26350669,0
2018-08-08 17:18,0.41067669,7543000,1548.86,3096185,1
2018-08-08 17:19,1.39391006,7543000,5257.13,10509006,1
2018-08-08 17:21,0.70933230,7530000,2670.63,-5343943,0
2018-08-08 17:21,1.09516770,7530000,4123.30,-8250736,0
2018-08-08 17:23,0.00064913,7543000,2.44,4893,1
2018-08-08 17:26,0.54829689,7550000,2069.82,4137571,1
2018-08-08 17:26,2.95100311,7550000,11140.03,22268933,1
2018-08-08 17:29,0.01103974,7531000,41.57,-83182,0
2018-08-08 17:29,0.04700948,7531000,177.01,-354206,0
2018-08-08 17:29,0.08405078,7531000,316.49,-633303,0
2018-08-08 17:30,0.14210000,7541000,535.78,1071040,1
2018-08-08 17:59,3.50000000,7553000,13217.75,-26448718,0
2018-08-08 18:40,0.10000000,7525000,376.25,752123,1
2018-08-08 18:40,0.59400000,7525000,2234.92,4467615,1
2018-08-08 18:43,0.00065998,7524000,2.48,4963,1
2018-08-08 18:43,0.73043431,7524000,2747.89,5493039,1
2018-08-08 18:43,0.06642080,7524000,249.87,499500,1
2018-08-08 18:43,0.10324198,7524000,388.39,776404,1
2018-08-08 18:43,0.03785426,7524000,142.40,284673,1
2018-08-08 18:43,0.00066000,7524000,2.48,4963,1
2018-08-08 18:43,0.00014000,7524000,0.52,1052,1
2018-08-08 18:50,0.19934000,7530000,750.51,1500279,1
2018-08-08 18:50,0.00017791,7530000,0.66,1338,1
2018-08-08 18:50,1.11153600,7530000,4184.93,8365681,1
2018-08-08 18:50,0.55554609,7530000,2091.63,4181170,1
2018-08-08 18:57,0.00590000,7520000,22.18,-44391,0
2018-08-08 18:57,0.00590000,7531000,22.21,44410,1
2018-08-08 19:00,0.02280000,7522000,85.75,-171588,0
2018-08-08 19:00,0.02280000,7533000,85.87,171666,1
2018-08-08 19:09,0.90278161,7510000,3389.94,-6783280,0
2018-08-08 19:09,0.04171839,7510000,156.65,-313462,0
2018-08-08 19:10,0.34950000,7514000,1313.07,-2627456,0
2018-08-08 19:10,0.01002000,7514000,37.64,-75328,0
2018-08-08 19:10,0.03998000,7514000,150.20,-300560,0
2018-08-08 19:10,0.04810000,7506000,180.51,-361220,0
2018-08-08 19:10,0.04510432,7503000,169.20,-338587,0
2018-08-08 19:10,0.12580000,7502000,471.87,-944224,0
2018-08-08 19:10,0.00157000,7510000,5.89,-11797,0
2018-08-08 19:10,0.03678700,7510000,138.13,-276409,0
2018-08-08 19:10,0.03924300,7510000,147.35,-294863,0
2018-08-08 19:10,1.85940000,7503000,6975.53,-13958054,0
2018-08-08 19:16,0.25318092,7518000,951.70,1902462,1
2018-08-08 19:16,0.54367486,7515000,2042.85,4083673,1
2018-08-08 19:16,0.00015800,7515000,0.59,1186,1
2018-08-08 19:33,0.04932214,7536000,185.84,371505,1
2018-08-08 20:03,0.01815500,7533000,68.38,136693,1
2018-08-08 20:04,0.06434033,7534000,242.37,484497,1
2018-08-08 20:09,0.26044800,7543000,982.27,1963576,1
2018-08-08 20:15,0.08660463,7573000,327.92,655528,1
2018-08-08 20:19,0.19328746,7552000,729.85,-1460437,0
2018-08-08 20:19,0.52721254,7552000,1990.75,-3983500,0
2018-08-08 20:28,0.01035621,7563000,39.16,78284,1
2018-08-08 20:28,0.39646975,7563000,1499.25,2997001,1
2018-08-08 20:29,0.04227781,7563000,159.87,319587,1
2018-08-08 20:29,0.20000000,7563000,756.30,1511843,1
2018-08-08 20:29,0.31010000,7562000,1172.48,2343803,1
2018-08-08 20:29,0.01000000,7562000,37.81,75582,1
2018-08-08 20:38,0.00243085,7567000,9.19,18385,1
2018-08-08 20:38,0.00056237,7567000,2.12,4253,1
2018-08-08 20:43,0.01260000,7566000,47.66,-95380,0
2018-08-08 20:57,0.17344013,7541000,653.95,-1308566,0
2018-08-08 20:57,0.02835987,7541000,106.93,-213969,0
2018-08-08 20:57,0.00003508,7541000,0.13,-265,0
2018-08-08 20:57,0.01396492,7541000,52.65,-105363,0
2018-08-08 20:57,0.24949500,7538000,940.34,-1881634,0
2018-08-08 20:58,0.10711111,7541000,403.86,-808129,0
2018-08-08 21:38,0.03006585,7543000,113.39,226673,1
2018-08-08 21:38,0.14617626,7542000,551.23,1101910,1
2018-08-08 21:42,0.00176153,7544000,6.64,13282,1
2018-08-08 21:42,0.02154370,7544000,81.26,162444,1
2018-08-08 21:42,0.00024140,7544000,0.91,1820,1
2018-08-08 21:42,0.00861230,7544000,32.48,64938,1
2018-08-08 21:42,0.05624853,7545000,212.19,424182,1
2018-08-08 21:42,0.01001447,7545000,37.77,75521,1
2018-08-08 21:43,0.01346086,7545000,50.78,101511,1
2018-08-08 21:43,0.20200419,7545000,762.06,1523359,1
2018-08-08 21:43,0.02030000,7545000,76.58,153086,1
2018-08-08 21:43,1.23491991,7548000,4660.58,9316514,1
2018-08-08 21:43,0.16399375,7545000,618.66,1236714,1
2018-08-08 21:43,0.00279740,7545000,10.55,21095,1
2018-08-08 21:43,0.26507620,7545000,999.99,1998999,1
2018-08-08 21:44,2.90815916,7541000,10965.21,-21941394,0
2018-08-08 21:46,0.59852114,7547000,2258.51,4514780,1
2018-08-08 21:46,2.68987886,7547000,10150.25,20290365,1
2018-08-08 22:32,0.02340000,7512000,87.89,-175869,0
2018-08-08 22:32,0.26150000,7509000,981.80,-1964586,0
2018-08-08 22:35,0.02877326,7511000,108.05,-216224,0
2018-08-08 22:36,0.18942442,7508000,711.09,-1422910,0
2018-08-08 22:39,0.08430000,7503000,316.25,-632820,0
2018-08-08 22:39,0.10134200,7503000,380.18,-760750,0
2018-08-08 22:39,0.56309782,7506000,2113.30,-4228726,0
2018-08-08 22:39,0.16660218,7506000,625.25,-1251142,0
2018-08-08 22:39,0.08080000,7506000,303.24,-606788,0
2018-08-08 22:40,0.11696149,7502000,438.72,-877884,0
2018-08-08 22:40,1.88383851,7502000,7066.27,-14139623,0
2018-08-08 22:42,1.43136455,7515000,5378.35,10751326,1
2018-08-08 22:45,0.51470000,7504000,1931.15,-3864240,0
2018-08-08 22:48,0.00687920,7519000,25.86,51698,1
2018-08-08 22:48,1.55000000,7519000,5827.22,11648622,1
2018-08-08 22:48,0.01602143,7519000,60.23,120404,1
2018-08-08 22:51,0.01424551,7520000,53.56,107072,1
2018-08-08 22:51,0.01267443,7520000,47.65,95264,1
2018-08-08 22:51,0.00266249,7520000,10.01,20011,1
2018-08-08 22:51,0.07343742,7519000,276.08,551899,1
2018-08-08 22:51,0.78980257,7519000,2969.26,5935556,1
2018-08-08 22:52,0.03243539,7508000,121.76,-243647,0
2018-08-08 22:52,0.10000000,7516000,375.80,751224,1
2018-08-08 22:53,0.06281616,7507000,235.78,-471797,0
2018-08-08 22:53,0.04112758,7503000,154.29,-308735,0
2018-08-08 22:53,0.23192577,7503000,870.06,-1741010,0
2018-08-08 22:55,0.77020000,7500000,2888.25,-5779389,0
2018-08-08 23:04,0.18270000,7504000,685.49,-1371667,0
2018-08-08 23:08,0.47324834,7490000,1772.31,-3546403,0
2018-08-08 23:08,0.04995166,7490000,187.06,-374325,0
2018-08-08 23:09,1.63790000,7488000,6132.29,-12270728,0
2018-08-08 23:12,0.07153521,7497000,268.14,536031,1
2018-08-08 23:12,0.00033306,7497000,1.24,2495,1
2018-08-08 23:12,0.00813848,7497000,30.50,60983,1
2018-08-08 23:12,0.01604520,7497000,60.14,120230,1
2018-08-08 23:12,0.03600000,7497000,134.94,269757,1
2018-08-08 23:13,0.08098504,7506000,303.93,607569,1
2018-08-08 23:13,0.07938000,7506000,297.91,595528,1
2018-08-08 23:13,0.07938000,7506000,297.91,595528,1
2018-08-08 23:13,0.07938000,7506000,297.91,595528,1
2018-08-08 23:13,0.07938000,7506000,297.91,595528,1
2018-08-08 23:13,0.07938000,7506000,297.91,595528,1
2018-08-08 23:13,0.39688000,7506000,1489.49,2977491,1
2018-08-08 23:13,0.39688000,7506000,1489.49,2977491,1
2018-08-08 23:13,0.03010473,7508000,113.01,225913,1
2018-08-08 23:13,0.15000000,7508000,563.10,1125636,1
2018-08-08 23:13,0.06684000,7508000,250.91,501583,1
2018-08-08 23:13,0.75000000,7508000,2815.50,5628184,1
2018-08-08 23:13,0.01069730,7508000,40.15,80275,1
2018-08-08 23:14,0.00150000,7498000,5.62,-11253,0
2018-08-08 23:16,0.09474942,7517000,356.11,711875,1
2018-08-08 23:16,0.00998688,7517000,37.53,75033,1
2018-08-08 23:16,0.06940074,7517000,260.84,521424,1
2018-08-08 23:16,0.00133013,7517000,4.99,9993,1
2018-08-08 23:17,0.09807635,7523000,368.91,737459,1
2018-08-08 23:17,0.00418481,7523000,15.74,31466,1
2018-08-08 23:17,0.15806037,7523000,594.54,1188493,1
2018-08-08 23:17,0.02058840,7523000,77.44,154809,1
2018-08-08 23:17,0.02297952,7523000,86.43,172788,1
2018-08-08 23:18,0.00606590,7528000,22.83,45641,1
2018-08-08 23:18,0.04127200,7528000,155.34,310540,1
2018-08-08 23:18,0.00659979,7528000,24.84,49658,1
2018-08-08 23:18,0.05140000,7528000,193.46,386745,1
2018-08-08 23:19,0.01986214,7529000,74.77,149467,1
2018-08-08 23:19,0.21258383,7529000,800.27,1599743,1
2018-08-08 23:19,0.00964335,7529000,36.30,72568,1
2018-08-08 23:19,0.00661524,7529000,24.90,49781,1
2018-08-08 23:19,0.00600000,7529000,22.58,45151,1
2018-08-08 23:19,0.12770000,7529000,480.72,960972,1
2018-08-08 23:20,0.00599532,7532000,22.57,45134,1
2018-08-08 23:20,0.00318953,7532000,12.01,24011,1
2018-08-08 23:20,0.00663190,7532000,24.97,49926,1
2018-08-08 23:24,1.12680880,7515000,4233.98,-8472203,0
2018-08-08 23:24,0.01628665,7515000,61.19,-122456,0
2018-08-08 23:26,0.00014000,7523000,0.52,1052,1
2018-08-08 23:26,0.05600000,7523000,210.64,421077,1
2018-08-08 23:27,0.38271370,7522000,1439.38,2877333,1
2018-08-08 23:27,0.39604000,7522000,1489.50,2977523,1
2018-08-08 23:27,0.39604000,7522000,1489.50,2977523,1
2018-08-08 23:27,0.01930630,7522000,72.61,145149,1
2018-08-08 23:27,0.00071245,7506000,2.67,-5351,0
2018-08-08 23:27,0.00088000,7506000,3.30,-6609,0
2018-08-08 23:27,0.00241000,7506000,9.04,-18099,0
2018-08-08 23:27,0.00247000,7506000,9.26,-18549,0
2018-08-08 23:28,0.00045972,7507000,1.72,-3453,0
2018-08-08 23:29,0.00700000,7521000,26.32,52620,1
2018-08-08 23:29,0.00001330,7510000,0.04,-100,0
2018-08-08 23:29,0.00168670,7510000,6.33,-12674,0
2018-08-08 23:31,0.00170000,7521000,6.39,12779,1
2018-08-08 23:35,0.55564782,7501000,2083.95,-4169999,0
2018-08-08 23:35,0.05992320,7501000,224.74,-449709,0
2018-08-08 23:36,0.23121849,7506000,867.76,-1736394,0
2018-08-08 23:36,0.46705221,7506000,1752.84,-3507447,0
2018-08-08 23:36,0.73332027,7505000,2751.78,-5506321,0
2018-08-08 23:36,0.11941573,7505000,448.10,-896664,0
2018-08-08 23:36,0.02331827,7505000,87.50,-175092,0
2018-08-08 23:36,1.31000000,7507000,4917.08,-9839087,0
2018-08-08 23:38,1.26070000,7520000,4740.23,9475723,1
2018-08-08 23:38,0.00000100,7520000,0,7,1
2018-08-08 23:42,0.31629908,7519000,1189.12,2377063,1
2018-08-08 23:42,0.16020870,7519000,602.30,1204006,1
2018-08-08 23:42,0.06408991,7519000,240.94,481651,1
2018-08-08 23:42,0.82000000,7519000,3082.79,6162497,1
2018-08-08 23:42,0.50000000,7519000,1879.75,3757620,1
2018-08-08 23:42,0.04744074,7519000,178.35,356528,1
2018-08-08 23:42,0.00255824,7519000,9.61,19225,1
2018-08-08 23:48,0.00146154,7520000,5.49,10985,1
2018-08-08 23:48,0.04027000,7520000,151.41,302678,1
2018-08-08 23:48,0.22947626,7520000,862.83,1724798,1
2018-08-08 23:48,0.04027000,7520000,151.41,302678,1
2018-08-08 23:48,0.01712220,7520000,64.37,128694,1
2018-08-09 00:23,0.00003294,7526000,0.12,-248,0
2018-08-09 00:37,0.00240000,7508000,9.00,-18029,0
2018-08-09 00:37,0.19200000,7505000,720.48,-1441681,0
2018-08-09 00:37,0.00004610,7505000,0.17,-347,0
2018-08-09 00:37,0.00575390,7505000,21.59,-43205,0
2018-08-09 00:37,0.00005033,7506000,0.18,-378,0
2018-08-09 00:37,0.00820187,7506000,30.78,-61594,0
2018-08-09 00:37,0.02464780,7506000,92.50,-185099,0
2018-08-09 00:40,0.00000459,7503000,0.01,-35,0
2018-08-09 00:40,0.00005295,7503000,0.19,-398,0
2018-08-09 00:41,0.00002985,7509000,0.11,-225,0
2018-08-09 00:56,0.02714767,7524000,102.12,204156,1
2018-08-09 00:56,0.00014000,7524000,0.52,1052,1
2018-08-09 01:12,0.00003195,7505000,0.11,-240,0
2018-08-09 01:12,0.00766805,7505000,28.77,-57578,0
2018-08-09 01:13,0.00024769,7519000,0.93,1861,1
2018-08-09 01:13,0.02588546,7519000,97.31,194535,1
2018-08-09 01:14,0.00000768,7513000,0.02,57,1
2018-08-09 01:16,0.00039203,7510000,1.47,2942,1
2018-08-09 01:16,0.06515168,7510000,244.64,489044,1
2018-08-09 01:16,0.00340795,7510000,12.79,25580,1
2018-08-09 01:16,0.01998216,7510000,75.03,149990,1
2018-08-09 01:20,0.00952271,7493000,35.67,71317,1
2018-08-09 01:20,0.02389035,7493000,89.50,178920,1
2018-08-09 01:20,0.04710000,7496000,176.53,-353239,0
2018-08-09 01:21,0.00000060,7503000,0,-5,0
2018-08-09 01:29,0.00508933,7480000,19.03,-38088,0
2018-08-09 01:29,0.78205632,7480000,2924.89,-5852707,0
2018-08-09 01:30,0.04960000,7484000,185.60,-371392,0
2018-08-09 01:30,0.47613501,7497000,1784.79,3567799,1
2018-08-09 01:30,0.02870100,7497000,107.58,215063,1
2018-08-09 01:31,0.63265570,7482000,2366.76,-4735897,0
2018-08-09 01:32,0.04120000,7483000,154.14,-308454,0
2018-08-09 01:36,0.00785280,7488000,29.40,58772,1
2018-08-09 01:36,0.00772842,7488000,28.93,57841,1
2018-08-09 01:38,0.28307482,7471000,1057.42,-2115910,0
2018-08-09 01:38,0.14301928,7469000,534.10,-1068746,0
2018-08-09 01:38,0.65488072,7469000,2445.65,-4893750,0
2018-08-09 01:38,0.34750000,7466000,1297.21,-2595733,0
2018-08-09 01:41,0.27933000,7444000,1039.66,2078292,1
2018-08-09 01:41,0.11000000,7444000,409.42,818430,1
2018-08-09 01:42,0.00100000,7426000,3.71,7422,1
2018-08-09 01:42,0.38761248,7426000,1439.20,2876971,1
2018-08-09 01:42,0.13017300,7426000,483.33,966181,1
2018-08-09 01:42,0.00776789,7426000,28.84,57655,1
2018-08-09 01:42,0.00776789,7426000,28.84,57655,1
2018-08-09 01:43,0.00616100,7392000,22.77,45519,1
2018-08-09 01:43,0.00676406,7392000,24.99,49974,1
2018-08-09 01:43,0.03000000,7392000,110.88,221649,1
2018-08-09 01:43,0.01000000,7392000,36.96,73883,1
2018-08-09 01:43,0.06657600,7392000,246.06,491883,1
2018-08-09 01:43,1.00000000,7392000,3696.00,7388304,1
2018-08-09 01:43,0.01196900,7392000,44.23,88430,1
2018-08-09 01:43,0.00836810,7392000,30.92,61826,1
2018-08-09 01:44,0.00983169,7371000,36.23,-72506,0
2018-08-09 01:44,0.00186831,7371000,6.88,-13779,0
2018-08-09 01:45,0.01176722,7363000,43.32,86598,1
2018-08-09 01:45,0.00864000,7363000,31.80,63584,1
2018-08-09 01:45,0.00282600,7363000,10.40,20797,1
2018-08-09 01:45,0.03803363,7363000,140.02,279901,1
2018-08-09 01:45,0.04185000,7363000,154.07,307987,1
2018-08-09 01:45,0.06017794,7363000,221.54,442868,1
2018-08-09 01:45,0.22927240,7363000,844.06,1687288,1
2018-08-09 01:46,0.00047776,7329000,1.75,-3504,0
2018-08-09 01:46,0.13702224,7329000,502.11,-1004739,0
2018-08-09 01:47,0.00002724,7323000,0.09,-200,0
2018-08-09 01:47,0.07747276,7323000,283.66,-567617,0
2018-08-09 01:47,0.03040000,7323000,111.30,-222731,0
2018-08-09 01:47,0.00255246,7315000,9.33,-18681,0
2018-08-09 01:47,0.17554754,7315000,642.06,-1284773,0
2018-08-09 01:48,0.14750000,7329000,540.51,-1081568,0
2018-08-09 01:48,0.62443252,7366000,2299.78,4597270,1
2018-08-09 01:48,0.02030000,7366000,74.76,149455,1
2018-08-09 01:48,0.01280000,7368000,47.15,94263,1
2018-08-09 01:54,0.04550960,7362000,167.52,-335210,0
2018-08-09 01:54,0.01930527,7362000,71.06,-142197,0
2018-08-09 01:55,0.00004375,7360000,0.16,-323,0
2018-08-09 01:55,0.07521700,7360000,276.79,-553874,0
2018-08-09 01:56,0.29374708,7360000,1080.98,-2163060,0
2018-08-09 01:56,0.13445292,7360000,494.78,-990069,0
2018-08-09 01:56,0.00006468,7369000,0.23,-477,0
2018-08-09 01:56,0.05467500,7369000,201.45,-403102,0
2018-08-09 02:03,0.14149078,7353000,520.19,1039861,1
2018-08-09 02:04,0.02050163,7364000,75.48,150898,1
2018-08-09 02:05,0.01310000,7371000,48.28,-96609,0
2018-08-09 02:06,0.00989231,7369000,36.44,-72933,0
2018-08-09 02:06,0.11000000,7369000,405.29,-810996,0
2018-08-09 02:06,0.59400000,7387000,2193.93,4385684,1
2018-08-09 02:20,1.53340000,7333000,5622.21,-11250045,0
2018-08-09 02:24,0.03360518,7309000,122.81,-245743,0
2018-08-09 02:32,0.68836292,7313000,2516.99,-5036515,0
2018-08-09 02:32,0.08743708,7313000,319.71,-639747,0
2018-08-09 02:32,0.04250000,7313000,155.40,-310958,0
2018-08-09 02:32,0.44000000,7314000,1609.08,-3219769,0
2018-08-09 02:37,0.00030000,7340000,1.10,2200,1
2018-08-09 02:44,0.00068000,7353000,2.50,4997,1
2018-08-09 02:53,0.05323807,7338000,195.33,390465,1
2018-08-09 02:54,0.00015130,7335000,0.55,1109,1
2018-08-09 03:15,0.00285120,7332000,10.45,20894,1
2018-08-09 03:15,1.26002600,7340000,4624.29,9243966,1
2018-08-09 03:15,0.00068000,7340000,2.49,4988,1
2018-08-09 03:15,0.00068000,7340000,2.49,4988,1
2018-08-09 03:15,0.00068000,7340000,2.49,4988,1
2018-08-09 03:15,0.00068000,7340000,2.49,4988,1
2018-08-09 03:15,0.00068000,7340000,2.49,4988,1
2018-08-09 03:15,0.00068000,7340000,2.49,4988,1
2018-08-09 03:15,1.14866291,7348000,4220.18,8436154,1
2018-08-09 03:16,0.00043104,7340000,1.58,3162,1
2018-08-09 03:17,0.09236548,7317000,337.91,-676177,0
2018-08-09 03:23,0.01105789,7323000,40.48,80936,1
2018-08-09 03:25,1.17960000,7310000,4311.43,-8627188,0
2018-08-09 03:25,1.44020000,7314000,5266.81,-10538890,0
2018-08-09 03:32,0.11648594,7298000,425.05,849689,1
2018-08-09 03:32,0.16110000,7298000,587.85,1175119,1
2018-08-09 03:36,2.77840000,7247000,10067.53,20124997,1
2018-08-09 03:43,0.68702792,7243000,2488.07,-4978632,0
2018-08-09 03:43,0.02571000,7243000,93.10,-186311,0
2018-08-09 03:43,0.00500000,7243000,18.10,-36234,0
2018-08-09 03:50,0.55329482,7295000,2018.14,-4038304,0
2018-08-09 03:50,0.00643372,7295000,23.46,-46958,0
2018-08-09 03:51,0.00059428,7330000,2.17,4353,1
2018-08-09 03:51,1.27690572,7330000,4679.85,9355039,1
2018-08-09 03:59,0.98063180,7317000,3587.64,-7178871,0
2018-08-09 04:01,0.45913260,7323000,1681.11,3360546,1
2018-08-09 04:01,0.00350000,7331000,12.82,-25672,0
2018-08-09 04:01,0.00013633,7350000,0.50,1001,1
2018-08-09 04:02,0.35107900,7340000,1288.45,-2578209,0
2018-08-09 04:02,0.26740000,7340000,981.35,1961734,1
2018-08-09 04:02,0.15210381,7340000,558.22,1115883,1
2018-08-09 04:02,0.01021600,7340000,37.49,74947,1
2018-08-09 04:02,0.00219900,7340000,8.07,16132,1
2018-08-09 04:03,0.05364234,7340000,196.86,393537,1
2018-08-09 04:03,0.13617183,7340000,499.75,999001,1
2018-08-09 04:03,0.22726184,7340000,834.05,1667267,1
2018-08-09 04:03,0.02690000,7340000,98.72,197347,1
2018-08-09 04:03,3.50000000,7359000,12878.25,-25769379,0
2018-08-09 04:07,0.02440240,7376000,89.99,179902,1
2018-08-09 04:08,0.03029351,7396000,112.02,223938,1
2018-08-09 04:09,3.44530000,7380000,12713.15,25413600,1
2018-08-09 04:21,0.28000000,7396000,1035.44,-2071916,0
2018-08-09 04:21,0.00800000,7396000,29.58,-59198,0
2018-08-09 04:21,0.02789891,7396000,103.17,-206444,0
2018-08-09 04:21,0.00333000,7423000,12.35,24706,1
2018-08-09 04:21,0.00423000,7423000,15.69,31383,1
2018-08-09 04:21,0.02791000,7423000,103.58,207072,1
2018-08-09 04:21,0.01084000,7423000,40.23,80425,1
2018-08-09 04:21,0.02214000,7423000,82.17,164263,1
2018-08-09 04:21,0.02078000,7423000,77.12,154172,1
2018-08-09 04:21,0.02214000,7423000,82.17,164263,1
2018-08-09 04:21,0.00418000,7423000,15.51,31012,1
2018-08-09 04:21,0.00423000,7423000,15.69,31383,1
2018-08-09 04:21,0.02078000,7423000,77.12,154172,1
2018-08-09 04:21,0.02214000,7423000,82.17,164263,1
2018-08-09 04:21,0.02078000,7423000,77.12,154172,1
2018-08-09 04:21,0.02214000,7423000,82.17,164263,1
2018-08-09 04:21,0.11028000,7423000,409.30,818199,1
2018-08-09 04:21,0.00510000,7422000,18.92,-37872,0
2018-08-09 04:22,0.10000000,7414000,370.70,-741771,0
2018-08-09 04:22,0.20000000,7414000,741.40,-1483542,0
2018-08-09 04:23,0.00580520,7408000,21.50,42983,1
2018-08-09 04:25,0.00994894,7410000,36.86,73684,1
2018-08-09 04:27,0.04118732,7389000,152.16,304180,1
2018-08-09 04:27,0.02600000,7389000,96.05,192017,1
2018-08-09 04:28,0.01604027,7384000,59.22,-118501,0
2018-08-09 04:28,0.01875973,7384000,69.26,-138592,0
2018-08-09 04:29,0.00000518,7390000,0.01,38,1
2018-08-09 04:29,0.01418854,7390000,52.42,104800,1
2018-08-09 04:30,0.03729838,7379000,137.61,275087,1
2018-08-09 04:30,0.02158400,7379000,79.63,159188,1
2018-08-09 04:31,0.16025707,7379000,591.26,1181945,1
2018-08-09 04:31,0.00067000,7379000,2.47,4941,1
2018-08-09 04:32,0.02300000,7379000,84.85,169632,1
2018-08-09 04:36,0.05839520,7369000,215.15,-430530,0
2018-08-09 04:36,0.28000000,7369000,1031.66,-2064352,0
2018-08-09 04:37,0.09936173,7369000,366.09,-732563,0
2018-08-09 04:37,0.01740000,7368000,64.10,-128268,0
2018-08-09 04:47,0.00000802,7374000,0.02,-60,0
2018-08-09 04:51,0.06920000,7376000,255.20,-510675,0
2018-08-09 04:51,0.00618525,7376000,22.81,-45646,0
2018-08-09 04:52,0.01642763,7392000,60.71,121372,1
2018-08-09 04:57,0.00041652,7383000,1.53,3073,1
2018-08-09 04:57,0.08068327,7384000,297.88,595467,1
2018-08-09 04:58,0.00016092,7391000,0.59,1188,1
2018-08-09 04:58,0.00413000,7391000,15.26,30509,1
2018-08-09 04:58,0.00413000,7391000,15.26,30509,1
2018-08-09 04:58,0.00413000,7391000,15.26,30509,1
2018-08-09 04:59,0.00001383,7388000,0.05,102,1
2018-08-09 04:59,0.04058609,7388000,149.92,299700,1
2018-08-09 05:06,0.00146626,7367000,5.40,-10808,0
2018-08-09 05:06,0.00683172,7367000,25.16,-50355,0
2018-08-09 05:06,0.00630202,7367000,23.21,-46451,0
2018-08-09 05:06,0.00950000,7365000,34.98,-70003,0
2018-08-09 05:09,0.00014800,7378000,0.54,1091,1
2018-08-09 05:09,0.00830000,7378000,30.61,61206,1
2018-08-09 05:09,0.00431000,7378000,15.89,31783,1
2018-08-09 05:15,0.39120000,7383000,1444.11,2886785,1
2018-08-09 05:31,1.12666331,7363000,4147.81,-8299770,0
2018-08-09 05:31,0.00861142,7363000,31.70,-63438,0
2018-08-09 05:37,0.00110000,7365000,4.05,-8106,0
2018-08-09 05:38,0.09350310,7365000,344.32,-688995,0
2018-08-09 05:38,0.20306925,7367000,748.00,-1496760,0
2018-08-09 05:38,0.11363075,7367000,418.55,-837537,0
2018-08-09 05:39,0.00089088,7379000,3.28,6570,1
2018-08-09 05:39,0.06544359,7379000,241.45,482666,1
2018-08-09 05:42,0.02087883,7368000,76.91,-153913,0
2018-08-09 05:42,0.01466940,7368000,54.04,-108139,0
2018-08-09 05:42,0.04883264,7368000,179.89,-359979,0
2018-08-09 05:42,0.00023913,7368000,0.88,-1763,0
2018-08-09 05:42,0.00068000,7368000,2.50,-5013,0
2018-08-09 05:44,0.02755315,7372000,101.56,203020,1
2018-08-09 05:50,0.00000184,7372000,0,13,1
2018-08-09 05:51,0.00227789,7372000,8.39,16784,1
2018-08-09 05:51,0.03722086,7372000,137.19,274254,1
2018-08-09 05:51,0.00177880,7372000,6.55,13106,1
2018-08-09 05:52,0.00000206,7370000,0,15,1
2018-08-09 05:52,0.00084014,7372000,3.09,6190,1
2018-08-09 05:54,0.25747405,7372000,949.04,1897149,1
2018-08-09 05:54,0.00200000,7372000,7.37,14736,1
2018-08-09 05:57,0.00292000,7369000,10.75,21506,1
2018-08-09 05:57,1.23348000,7368000,4544.14,9083736,1
2018-08-09 05:58,0.47070000,7351000,1730.05,-3461846,0
2018-08-09 05:59,0.10450000,7353000,384.19,-768773,0
2018-08-09 05:59,0.00103652,7368000,3.81,7633,1
2018-08-09 05:59,0.00000001,7368000,0,0,1
2018-08-09 06:00,0.19596558,7369000,722.03,1443348,1
2018-08-09 06:00,0.00200000,7369000,7.36,14730,1
2018-08-09 06:00,0.05377881,7371000,198.20,396205,1
2018-08-09 06:00,0.12000000,7371000,442.26,884077,1
2018-08-09 06:00,0.20242119,7371000,746.02,1491300,1
2018-08-09 06:06,3.01210000,7356000,11078.50,-22168087,0
2018-08-09 06:15,0.10000000,7348000,367.40,734432,1
2018-08-09 06:15,0.14620001,7348000,537.13,1073740,1
2018-08-09 06:15,0.05000000,7348000,183.70,367216,1
2018-08-09 06:15,0.00014290,7348000,0.52,1049,1
2018-08-09 06:15,0.00408496,7344000,14.99,29984,1
2018-08-09 06:15,0.30000000,7344000,1101.60,2202098,1
2018-08-09 06:15,0.00014297,7344000,0.52,1049,1
2018-08-09 06:15,0.01140480,7344000,41.87,83714,1
2018-08-09 06:15,0.22176000,7344000,814.30,1627791,1
2018-08-09 06:15,0.04670989,7344000,171.51,342865,1
2018-08-09 06:15,0.11660880,7344000,428.18,855946,1
2018-08-09 06:15,0.83039570,7330000,3043.40,-6089844,0
2018-08-09 06:15,0.20520430,7330000,752.07,-1504900,0
2018-08-09 06:18,0.55204985,7319000,2020.22,4038432,1
2018-08-09 06:18,0.00700000,7319000,25.61,51207,1
2018-08-09 06:18,0.01751850,7319000,64.10,128153,1
2018-08-09 06:18,2.03126854,7322000,7436.47,14865511,1
2018-08-09 06:18,0.00771571,7322000,28.24,56466,1
2018-08-09 06:19,0.04075676,7309000,148.94,-298041,0
2018-08-09 06:20,0.10645165,7316000,389.40,-779190,0
2018-08-09 06:20,0.00002300,7316000,0.08,-169,0
2018-08-09 06:21,0.30000000,7334000,1100.10,-2201301,0
2018-08-09 06:22,0.22780427,7356000,837.86,1674890,1
2018-08-09 06:22,0.04096687,7356000,150.67,301201,1
2018-08-09 06:27,0.00052883,7339000,1.94,3879,1
2018-08-09 06:27,0.00068000,7339000,2.49,4988,1
2018-08-09 06:27,0.00068000,7339000,2.49,4988,1
2018-08-09 06:28,2.43523820,7326000,8920.27,-17849476,0
2018-08-09 06:29,0.00301481,7344000,11.07,22129,1
2018-08-09 06:33,0.01410000,7341000,51.75,103456,1
2018-08-09 06:53,0.21937614,7351000,806.31,1611827,1
2018-08-09 06:56,2.81040000,7360000,10342.27,20674201,1
2018-08-09 06:58,0.02270000,7345000,83.36,-166815,0
2018-08-09 06:58,0.07970000,7345000,292.69,-585690,0
2018-08-09 06:59,0.10240000,7372000,377.44,754515,1
2018-08-09 07:08,0.01560000,7350000,57.33,-114718,0
2018-08-09 07:10,0.19270000,7349000,708.07,-1416861,0
2018-08-09 07:11,0.06820000,7350000,250.63,-501521,0
2018-08-09 07:14,0.01511304,7331000,55.39,-110849,0
2018-08-09 07:17,0.00810000,7332000,29.69,-59419,0
2018-08-09 07:18,0.05463223,7337000,200.41,-401037,0
2018-08-09 07:18,0.04996777,7337000,183.30,-366797,0
2018-08-09 07:18,0.59250000,7330000,2171.51,-4345197,0
2018-08-09 07:20,0.01680000,7331000,61.58,-123223,0
2018-08-09 07:22,0.01220000,7330000,44.71,-89471,0
2018-08-09 07:22,0.00780000,7329000,28.58,-57195,0
2018-08-09 07:24,0.19617480,7339000,719.86,1439006,1
2018-08-09 07:27,0.02806256,7327000,102.80,-205718,0
2018-08-09 07:29,0.00970000,7326000,35.53,-71098,0
2018-08-09 07:37,0.08120000,7317000,297.07,-594438,0
2018-08-09 07:38,0.00820000,7313000,29.98,-59997,0
2018-08-09 07:42,0.02020000,7318000,73.91,-147898,0
2018-08-09 07:51,0.06716869,7325000,246.00,491764,1
2018-08-09 07:53,0.09020000,7296000,329.04,-658429,0
2018-08-09 07:53,1.60200000,7296000,5844.09,-11694036,0
2018-08-09 07:58,0.05068670,7304000,185.10,370030,1
2018-08-09 07:58,0.00500000,7304000,18.26,36501,1
2018-08-09 07:58,0.05259175,7304000,192.06,383938,1
2018-08-09 07:58,0.00718726,7304000,26.24,52469,1
2018-08-09 07:58,0.00644469,7304000,23.53,47048,1
2018-08-09 07:59,0.61730000,7295000,2251.60,-4505456,0
2018-08-09 08:03,0.20329082,7306000,742.62,1484500,1
2018-08-09 08:05,0.66563724,7302000,2430.24,4858052,1
2018-08-09 08:05,0.12079731,7302000,441.03,881620,1
2018-08-09 08:06,0.06103764,7297000,222.69,445168,1
2018-08-09 08:09,0.50717518,7276000,1845.10,-3692052,0
2018-08-09 08:09,0.02692482,7276000,97.95,-196003,0
2018-08-09 08:13,0.00302052,7278000,10.99,21972,1
2018-08-09 08:13,0.32300000,7278000,1175.39,2349618,1
2018-08-09 08:15,0.00730000,7271000,26.53,-53105,0
2018-08-09 08:17,1.23020000,7260000,4465.62,-8935718,0
2018-08-09 08:18,1.08160000,7269000,3931.07,7858219,1
2018-08-09 08:19,0.07560000,7264000,274.57,-549433,0
2018-08-09 08:21,0.01636649,7264000,59.44,-118946,0
2018-08-09 08:21,0.16443351,7264000,597.22,-1195043,0
2018-08-09 08:26,0.00100000,7262000,3.63,7258,1
2018-08-09 08:31,0.03086033,7284000,112.39,224674,1
2018-08-09 08:39,0.00004588,7323000,0.16,335,1
2018-08-09 08:40,0.00334523,7325000,12.25,24491,1
2018-08-09 08:42,0.08188150,7324000,299.85,599400,1
2018-08-09 08:48,0.00463394,7321000,16.96,33908,1
2018-08-09 08:48,0.17261511,7321000,631.85,1263083,1
2018-08-09 08:48,0.02369346,7320000,86.71,173349,1
2018-08-09 08:48,0.05580000,7320000,204.22,408251,1
2018-08-09 08:48,0.01015362,7320000,37.16,74287,1
2018-08-09 08:51,0.14531611,7307000,530.91,-1062356,0
2018-08-09 08:51,0.00508389,7307000,18.57,-37167,0
2018-08-09 08:56,0.56241000,7306000,2054.48,4106912,1
2018-08-09 09:00,0.00240000,7312000,8.77,-17558,0
2018-08-09 09:05,0.00250000,7334000,9.16,-18345,0
2018-08-09 09:06,0.13623680,7357000,501.14,1001792,1
2018-08-09 09:06,0.53130163,7357000,1954.39,3906831,1
2018-08-09 09:06,0.00067000,7357000,2.46,4926,1
2018-08-09 09:06,0.00067000,7357000,2.46,4926,1
2018-08-09 09:06,0.78170426,7349000,2872.37,5741872,1
2018-08-09 09:06,0.01663789,7349000,61.13,122210,1
2018-08-09 09:06,0.14911948,7349000,547.93,1095331,1
2018-08-09 09:06,0.00270785,7349000,9.94,19890,1
2018-08-09 09:06,0.04400000,7349000,161.67,323194,1
2018-08-09 09:06,0.04640013,7349000,170.49,340824,1
2018-08-09 09:06,0.16328752,7349000,599.99,1199399,1
2018-08-09 09:07,0.01100000,7343000,40.38,80732,1
2018-08-09 09:07,0.18600000,7350000,683.55,-1367784,0
2018-08-09 09:08,0.02853372,7364000,105.06,210017,1
2018-08-09 09:08,0.00280570,7364000,10.33,20650,1
2018-08-09 09:08,0.15466058,7364000,569.46,1138351,1
2018-08-09 09:08,0.01022756,7357000,37.62,-75282,0
2018-08-09 09:08,0.03160000,7357000,116.24,-232598,0
2018-08-09 09:09,0.05000000,7361000,184.02,-368234,0
2018-08-09 09:14,0.09180000,7379000,338.69,677053,1
2018-08-09 09:33,0.00001698,7360000,0.06,-125,0
2018-08-09 09:33,0.00538302,7360000,19.80,-39639,0
2018-08-09 09:33,0.00540000,7371000,19.90,39783,1
2018-08-09 10:01,0.01520000,7342000,55.79,-111655,0
2018-08-09 10:02,0.01520000,7353000,55.88,111709,1
2018-08-09 10:08,0.23356161,7335000,856.58,-1714031,0
2018-08-09 10:08,0.05733839,7335000,210.28,-420788,0
2018-08-09 10:12,0.27212402,7350000,1000.05,1999111,1
2018-08-09 10:13,0.01443525,7353000,53.07,106089,1
2018-08-09 10:13,0.00436475,7351000,16.04,32069,1
2018-08-09 10:24,3.50000000,7351000,12864.25,-25741365,0
2018-08-09 10:31,0.05671303,7368000,208.93,417652,1
2018-08-09 10:31,0.00435000,7368000,16.02,32034,1
2018-08-09 10:31,0.01352200,7368000,49.81,99580,1
2018-08-09 10:31,0.10857763,7368000,399.99,799599,1
2018-08-09 10:31,0.00674990,7368000,24.86,49708,1
2018-08-09 10:32,0.08996831,7367000,331.39,662465,1
2018-08-09 10:39,0.00020000,7364000,0.73,1472,1
2018-08-09 10:39,0.07000000,7364000,257.74,515222,1
2018-08-09 10:51,0.15109164,7366000,556.47,1112384,1
2018-08-09 10:51,0.36636582,7366000,1349.32,2697301,1
2018-08-09 10:51,0.75949033,7366000,2797.20,5591608,1
2018-08-09 10:51,0.06893402,7366000,253.88,507514,1
2018-08-09 11:24,1.69600000,7353000,6235.34,-12476924,0
2018-08-09 11:31,0.31199385,7359000,1147.98,2294814,1
2018-08-09 11:32,0.01341133,7359000,49.34,98644,1
2018-08-09 11:35,0.32606229,7363000,1200.39,2399596,1
2018-08-09 11:35,0.00182225,7363000,6.70,13410,1
2018-08-09 12:12,0.02256333,7366000,83.10,166118,1
2018-08-09 12:13,0.03423114,7366000,126.07,252020,1
2018-08-09 12:20,0.06214079,7357000,228.58,456941,1
2018-08-09 12:20,0.00676852,7357000,24.89,49771,1
2018-08-09 12:20,0.02110400,7357000,77.63,155184,1
2018-08-09 12:20,0.31160000,7357000,1146.22,2291294,1
2018-08-09 12:20,0.00677676,7357000,24.92,49831,1
2018-08-09 12:21,0.00718522,7358000,26.43,52842,1
2018-08-09 12:21,0.00630000,7358000,23.17,46332,1
2018-08-09 12:21,0.00664000,7358000,24.42,48832,1
2018-08-09 12:21,0.00664000,7358000,24.42,48832,1
2018-08-09 12:21,0.00906000,7358000,33.33,66630,1
2018-08-09 12:21,0.00927000,7358000,34.10,68174,1
2018-08-09 12:38,0.00352857,7343000,12.95,-25924,0
2018-08-09 12:38,0.00067143,7343000,2.46,-4933,0
2018-08-09 12:46,0.59280000,7360000,2181.50,-4365190,0
2018-08-09 12:48,0.13546411,7365000,498.84,997194,1
2018-08-09 12:48,0.30000000,7365000,1104.75,2208395,1
2018-08-09 12:55,0.00181605,7367000,6.68,13372,1
2018-08-09 12:55,1.08062895,7367000,3980.49,7957012,1
2018-08-09 13:00,0.03134132,7380000,115.64,231183,1
2018-08-09 13:00,0.06480000,7372000,238.85,477466,1
2018-08-09 13:00,0.20767675,7372000,765.49,1530227,1
2018-08-09 13:00,0.20186293,7372000,744.06,1487389,1
2018-08-09 13:00,0.12316389,7372000,453.98,907510,1
2018-08-09 13:01,0.06995649,7375000,257.96,515671,1
2018-08-09 13:04,0.10025052,7369000,369.37,738376,1
2018-08-09 13:12,0.01860125,7350000,68.35,136650,1
2018-08-09 13:12,0.00020000,7350000,0.73,1469,1
2018-08-09 13:12,0.00652734,7350000,23.98,47951,1
2018-08-09 13:31,0.03682868,7337000,135.10,270076,1
2018-08-09 13:34,0.00245868,7345000,9.02,18049,1
2018-08-09 13:34,0.04765674,7345000,175.01,349863,1
2018-08-09 13:34,0.02700000,7345000,99.15,198215,1
2018-08-09 13:34,0.02533000,7345000,93.02,185955,1
2018-08-09 13:34,0.16217708,7345000,595.59,1190595,1
2018-08-09 13:34,0.24038750,7345000,882.82,1764763,1
2018-08-09 13:34,0.00422000,7345000,15.49,30980,1
2018-08-09 13:34,0.00902000,7345000,33.12,66218,1
2018-08-09 13:34,0.00902000,7345000,33.12,66218,1
2018-08-09 13:34,0.00902000,7345000,33.12,66218,1
2018-08-09 13:34,0.00902000,7345000,33.12,66218,1
2018-08-09 13:34,0.00899000,7345000,33.01,65998,1
2018-08-09 13:42,0.00830000,7341000,30.46,-60961,0
2018-08-09 13:42,0.03730000,7340000,136.89,-273919,0
2018-08-09 13:44,0.02070000,7342000,75.98,-152056,0
2018-08-09 13:48,0.06630000,7363000,244.08,487922,1
2018-08-09 14:08,0.66724185,7406000,2470.79,-4944064,0
2018-08-09 14:13,0.07140000,7395000,264.00,-528267,0
2018-08-09 14:14,1.65335900,7380000,6100.89,-12207891,0
2018-08-09 14:14,0.15970994,7380000,589.32,-1179249,0
2018-08-09 14:25,0.58919700,7394000,2178.26,4354344,1
2018-08-09 14:25,0.01792409,7394000,66.26,132464,1
2018-08-09 14:31,0.04430000,7380000,163.46,-327098,0
2018-08-09 14:38,0.06310286,7380000,232.84,-465932,0
2018-08-09 14:57,1.61165220,7379000,5946.19,11886435,1
2018-08-09 14:57,0.44034780,7379000,1624.66,3247701,1
2018-08-09 15:07,0.13520000,7386000,499.29,-999087,0
2018-08-09 15:11,0.01352836,7392000,50.00,99951,1
2018-08-09 15:11,0.14190000,7386000,524.03,-1048598,0
2018-08-09 15:11,0.63853390,7386000,2358.10,-4718570,0
2018-08-09 15:11,0.00068000,7386000,2.51,-5025,0
2018-08-09 15:13,0.04380222,7391000,161.87,323580,1
2018-08-09 15:13,0.03357041,7391000,124.05,247994,1
2018-08-09 15:13,0.00284420,7391000,10.51,21010,1
2018-08-09 15:13,0.10000000,7391000,369.55,738730,1
2018-08-09 15:17,0.00069924,7392000,2.58,5166,1
2018-08-09 15:19,0.00098311,7374000,3.62,-7253,0
2018-08-09 15:19,0.07591689,7374000,279.90,-560091,0
2018-08-09 15:19,0.00084322,7374000,3.10,-6221,0
2018-08-09 15:22,0.16381780,7368000,603.50,-1207613,0
2018-08-09 15:22,0.00068000,7368000,2.50,-5013,0
2018-08-09 15:28,0.01233696,7361000,45.40,90766,1
2018-08-09 15:28,0.04199885,7361000,154.57,308998,1
2018-08-09 15:28,0.90976419,7361000,3348.38,6693425,1
2018-08-09 15:32,0.16570000,7358000,609.61,-1219831,0
2018-08-09 15:32,0.74618775,7357000,2744.85,-5492449,0
2018-08-09 15:39,0.00262000,7359000,9.64,-19291,0
2018-08-09 15:40,0.01164243,7372000,42.91,85785,1
2018-08-09 15:40,0.00410000,7372000,15.11,30210,1
2018-08-09 15:40,0.00435000,7372000,16.03,32052,1
2018-08-09 15:40,0.01469000,7372000,54.14,108240,1
2018-08-09 15:40,0.00666248,7372000,24.55,49091,1
2018-08-09 15:40,0.00410000,7372000,15.11,30210,1
2018-08-09 15:40,0.00675735,7372000,24.90,49790,1
2018-08-09 15:40,0.00410000,7372000,15.11,30210,1
2018-08-09 15:40,0.00435000,7372000,16.03,32052,1
2018-08-09 15:49,0.22997674,7360000,846.31,1691782,1
2018-08-09 15:50,0.06790081,7360000,249.87,499500,1
2018-08-09 15:50,0.00072613,7364000,2.67,5344,1
2018-08-09 15:57,0.35254850,7367000,1298.61,2595926,1
2018-08-09 16:01,0.03263963,7370000,120.27,240433,1
2018-08-09 16:06,2.90074294,7360000,10674.73,-21360143,0
2018-08-09 16:08,0.26918809,7372000,992.22,1983462,1
2018-08-09 16:09,0.02408900,7374000,88.81,177543,1
2018-08-09 16:09,0.05922222,7374000,218.35,436486,1
2018-08-09 16:09,0.00014239,7374000,0.52,1049,1
2018-08-09 16:18,0.02366000,7386000,87.37,174665,1
2018-08-09 16:18,0.00136000,7386000,5.02,10039,1
2018-08-09 16:19,0.02600000,7386000,96.01,191939,1
2018-08-09 16:19,0.01244853,7386000,45.97,91898,1
2018-08-09 16:19,0.10000000,7384000,369.20,738030,1
2018-08-09 16:30,2.28743411,7357000,8414.32,16820238,1
2018-08-09 16:30,0.04075711,7357000,149.92,299700,1
2018-08-09 16:30,0.01000000,7357000,36.78,73533,1
2018-08-09 16:30,0.21640878,7357000,796.05,1591323,1
2018-08-09 16:34,0.03638484,7340000,133.53,-267199,0
2018-08-09 16:34,0.06000000,7340000,220.20,-440621,0
2018-08-09 16:34,0.05991516,7340000,219.88,-439998,0
2018-08-09 16:34,0.00316674,7340000,11.62,-23256,0
2018-08-09 16:34,0.02843326,7340000,104.35,-208805,0
2018-08-09 16:38,0.18790000,7355000,691.00,1381313,1
2018-08-09 16:42,1.37107528,7344000,5034.58,-10074212,0
2018-08-09 16:44,1.58504931,7340000,5817.13,-11640079,0
2018-08-09 16:52,0.00010359,7351000,0.38,761,1
2018-08-09 17:05,0.01362769,7338000,49.99,99949,1
2018-08-09 17:05,0.00025811,7338000,0.94,1893,1
2018-08-09 17:21,0.00001113,7340000,0.04,81,1
2018-08-09 17:21,0.00480000,7340000,17.61,35214,1
2018-08-09 17:49,1.29014327,7323000,4723.85,9442995,1
2018-08-09 17:49,0.13769122,7323000,504.15,1007808,1
2018-08-09 17:49,0.04674245,7323000,171.14,342123,1
2018-08-09 17:49,0.09454160,7323000,346.16,691981,1
2018-08-09 17:50,0.22401924,7323000,820.24,1639672,1
2018-08-09 17:51,0.66348229,7326000,2430.33,4858240,1
2018-08-09 17:55,0.26098048,7325000,955.84,1910726,1
2018-08-09 17:55,0.03749799,7323000,137.29,274460,1
2018-08-09 17:55,0.18220201,7323000,667.13,1333598,1
2018-08-09 18:19,0.36124747,7345000,1326.68,-2654690,0
2018-08-09 18:19,0.00274472,7345000,10.07,-20170,0
2018-08-09 18:19,0.00210000,7347000,7.71,-15437,0
2018-08-09 18:27,0.05181827,7350000,190.43,380673,1
2018-08-09 18:27,0.00014286,7350000,0.52,1049,1
2018-08-09 18:27,0.01430808,7350000,52.58,105111,1
2018-08-09 18:27,0.06230000,7350000,228.95,457676,1
2018-08-09 18:30,0.08414044,7367000,309.93,619552,1
2018-08-09 18:31,0.09497083,7367000,349.82,699300,1
2018-08-09 18:46,0.05840000,7343000,214.41,428616,1
2018-08-09 20:07,0.00290000,7358000,10.66,-21349,0
2018-08-09 20:07,0.00008148,7358000,0.29,-600,0
2018-08-09 20:19,0.59071732,7354000,2172.06,-4346308,0
2018-08-09 20:19,0.02276580,7354000,83.70,-167504,0
2018-08-09 20:19,0.02700000,7354000,99.27,-198658,0
2018-08-09 20:19,0.01529168,7354000,56.22,-112512,0
2018-08-09 20:20,0.02125220,7364000,78.25,156422,1
2018-08-09 20:20,0.00161000,7364000,5.92,11850,1
2018-08-09 20:23,0.00008844,7341000,0.32,-650,0
2018-08-09 20:23,0.00160000,7341000,5.87,-11752,0
2018-08-09 20:50,0.63760000,7350000,2343.18,4684016,1
2018-08-09 20:52,2.48755229,7340000,9129.31,-18267764,0
2018-08-09 20:52,0.00330440,7340000,12.12,-24267,0
2018-08-09 20:52,1.00910000,7341000,3703.90,-7411507,0
2018-08-09 20:56,0.31044814,7351000,1141.05,2280963,1
2018-08-09 20:56,0.00068000,7351000,2.49,4996,1
2018-08-09 20:56,0.00771000,7351000,28.33,56647,1
2018-08-09 20:56,0.00068000,7351000,2.49,4996,1
2018-08-09 20:56,0.00771000,7351000,28.33,56647,1
2018-08-09 20:56,0.00771000,7351000,28.33,56647,1
2018-08-09 20:56,0.00771000,7351000,28.33,56647,1
2018-08-09 20:56,0.00771000,7351000,28.33,56647,1
2018-08-09 20:56,0.00771000,7351000,28.33,56647,1
2018-08-09 20:56,0.00653000,7351000,24.00,47978,1
2018-08-09 20:56,0.00405000,7351000,14.88,29756,1
2018-08-09 20:56,0.00405000,7351000,14.88,29756,1
2018-08-09 20:56,0.00771000,7351000,28.33,56647,1
2018-08-09 20:57,0.00327534,7350000,12.03,24061,1
2018-08-09 20:57,0.00068000,7350000,2.49,4995,1
2018-08-09 20:57,0.01527000,7350000,56.11,112178,1
2018-08-09 20:57,0.00068000,7350000,2.49,4995,1
2018-08-09 20:57,0.00426000,7350000,15.65,31295,1
2018-08-09 20:57,0.00405000,7350000,14.88,29752,1
2018-08-09 20:57,0.04990000,7350000,183.38,366581,1
2018-08-09 20:57,0.00820000,7350000,30.13,60239,1
2018-08-09 20:57,0.00426000,7350000,15.65,31295,1
2018-08-09 20:57,0.04990000,7350000,183.38,366581,1
2018-08-09 20:57,0.01501000,7350000,55.16,110268,1
2018-08-09 20:57,0.01489000,7350000,54.72,109386,1
2018-08-09 20:57,0.00426000,7350000,15.65,31295,1
2018-08-09 20:57,0.01493000,7350000,54.86,109680,1
2018-08-09 20:57,0.01476000,7350000,54.24,108431,1
2018-08-09 20:57,0.00820000,7350000,30.13,60239,1
2018-08-09 20:57,0.00405000,7350000,14.88,29752,1
2018-08-09 20:57,0.01518000,7350000,55.78,111517,1
2018-08-09 20:57,0.00426000,7350000,15.65,31295,1
2018-08-09 20:57,0.05785800,7350000,212.62,425043,1
2018-08-09 20:57,0.00820000,7350000,30.13,60239,1
2018-08-09 21:00,0.03401727,7346000,124.94,249765,1
2018-08-09 21:02,0.02585660,7343000,94.93,189770,1
2018-08-09 21:02,0.23491818,7343000,862.50,1724141,1
2018-08-09 21:16,2.52270000,7329000,9244.43,18479623,1
2018-08-09 21:25,0.07000000,7251000,253.78,-507824,0
2018-08-09 21:28,0.00248763,7254000,9.02,18036,1
2018-08-09 21:28,0.00411000,7254000,14.90,29799,1
2018-08-09 21:28,0.00411000,7254000,14.90,29799,1
2018-08-09 21:28,0.00411000,7254000,14.90,29799,1
2018-08-09 21:28,0.00411000,7254000,14.90,29799,1
2018-08-09 21:28,0.00411000,7254000,14.90,29799,1
2018-08-09 21:28,0.00411000,7254000,14.90,29799,1
2018-08-09 21:30,2.30030508,7255000,8344.35,-16697058,0
2018-08-09 21:30,0.14496633,7255000,525.86,-1052257,0
2018-08-09 21:30,0.32619771,7255000,1183.28,-2367748,0
2018-08-09 21:30,0.08155498,7255000,295.84,-591978,0
2018-08-09 21:30,0.08237900,7255000,298.82,-597959,0
2018-08-09 21:36,0.05962860,7278000,216.98,433759,1
2018-08-09 21:36,0.19304006,7278000,702.47,1404243,1
2018-08-09 21:36,0.00536612,7283000,19.54,39061,1
2018-08-09 21:36,0.07891260,7283000,287.36,574433,1
2018-08-09 21:36,0.05487235,7283000,199.81,399435,1
2018-08-09 21:36,0.78566338,7283000,2860.99,5719125,1
2018-08-09 21:37,0.09187976,7280000,334.44,668550,1
2018-08-09 21:37,0.00041220,7278000,1.49,2998,1
2018-08-09 21:37,0.00041220,7278000,1.49,2998,1
2018-08-09 21:37,0.20000000,7278000,727.80,1454872,1
2018-08-09 21:37,0.01000000,7278000,36.39,72743,1
2018-08-09 21:37,0.08131241,7278000,295.89,591495,1
2018-08-09 21:37,0.04800308,7278000,174.68,349191,1
2018-08-09 21:38,0.01658885,7284000,60.41,120772,1
2018-08-09 21:40,0.45000000,7277000,1637.32,3273012,1
2018-08-09 21:40,0.00073901,7269000,2.68,5369,1
2018-08-09 21:40,0.00014445,7269000,0.52,1049,1
2018-08-09 21:40,0.00013770,7269000,0.50,1000,1
2018-08-09 21:48,0.08777044,7262000,318.69,-637708,0
2018-08-09 22:12,2.51110000,7237000,9086.41,-18181918,0
2018-08-09 22:13,0.23889381,7247000,865.63,1730397,1
2018-08-09 22:15,0.00068000,7255000,2.46,4930,1
2018-08-09 22:15,0.00068000,7255000,2.46,4930,1
2018-08-09 22:15,0.00068000,7255000,2.46,4930,1
2018-08-09 22:16,0.00411000,7257000,14.91,29811,1
2018-08-09 22:16,0.00411000,7257000,14.91,29811,1
2018-08-09 22:16,0.00411000,7257000,14.91,29811,1
2018-08-09 22:16,0.00411000,7257000,14.91,29811,1
2018-08-09 22:16,0.00411000,7257000,14.91,29811,1
2018-08-09 22:16,0.00411000,7257000,14.91,29811,1
2018-08-09 22:16,0.00411000,7257000,14.91,29811,1
2018-08-09 22:16,0.00068000,7257000,2.46,4932,1
2018-08-09 22:16,0.00068000,7257000,2.46,4932,1
2018-08-09 22:16,0.00068000,7257000,2.46,4932,1
2018-08-09 22:16,0.08067048,7257000,292.71,585132,1
2018-08-09 22:16,0.00068000,7257000,2.46,4932,1
2018-08-09 22:16,0.00411000,7257000,14.91,29811,1
2018-08-09 22:16,0.00411000,7257000,14.91,29811,1
2018-08-09 22:16,0.00068000,7257000,2.46,4932,1
2018-08-09 22:16,0.00411000,7257000,14.91,29811,1
2018-08-09 22:16,0.00411000,7257000,14.91,29811,1
2018-08-09 22:16,0.04950207,7257000,179.61,359056,1
2018-08-09 22:16,0.00068000,7257000,2.46,4932,1
2018-08-09 22:16,0.02200303,7257000,79.83,159596,1
2018-08-09 22:20,0.15318693,7248000,555.14,1109743,1
2018-08-09 22:20,0.05956541,7248000,215.86,431514,1
2018-08-09 22:20,0.02131053,7248000,77.22,154381,1
2018-08-09 22:20,0.09653009,7248000,349.82,699300,1
2018-08-09 22:20,0.00181722,7248000,6.58,13164,1
2018-08-09 22:20,0.07784887,7248000,282.12,563966,1
2018-08-09 22:20,0.06812418,7248000,246.88,493517,1
2018-08-09 22:22,2.57920000,7250000,9349.60,18689850,1
2018-08-09 22:28,0.07775745,7231000,281.13,-562546,0
2018-08-09 22:28,0.14843825,7231000,536.67,-1073894,0
2018-08-09 22:30,1.03940000,7231000,3757.95,-7519660,0
2018-08-09 22:30,0.02460000,7231000,88.94,-177972,0
2018-08-09 22:30,0.04310000,7231000,155.82,-311812,0
2018-08-09 22:33,1.32381726,7205000,4769.05,-9542873,0
2018-08-09 22:37,0.00097900,7222000,3.53,7066,1
2018-08-09 22:37,0.06218704,7222000,224.55,448890,1
2018-08-09 22:37,0.30400000,7222000,1097.74,2194390,1
2018-08-09 22:37,0.00755230,7249000,27.37,54719,1
2018-08-09 22:41,0.02388756,7274000,86.87,173671,1
2018-08-09 22:41,0.00861438,7274000,31.33,62629,1
2018-08-09 22:41,0.11369703,7274000,413.51,826618,1
2018-08-09 22:45,0.00690000,7300000,25.18,-50396,0
2018-08-09 22:46,0.18882576,7330000,692.04,-1384785,0
2018-08-09 22:46,0.00686030,7350000,25.21,-50449,0
2018-08-09 22:46,0.03334500,7350000,122.54,-245209,0
2018-08-09 22:46,0.01291798,7350000,47.47,-94995,0
2018-08-09 22:46,0.50469526,7397000,1866.61,-3735098,0
2018-08-09 22:46,0.61020474,7397000,2256.84,-4515942,0
2018-08-09 22:47,0.00300000,7486000,11.22,22446,1
2018-08-09 22:47,0.00398000,7486000,14.89,29779,1
2018-08-09 22:47,0.00398000,7486000,14.89,29779,1
2018-08-09 22:47,0.00398000,7486000,14.89,29779,1
2018-08-09 22:47,0.00398000,7486000,14.89,29779,1
2018-08-09 22:47,0.00398000,7486000,14.89,29779,1
2018-08-09 22:47,2.15283800,7486000,8058.07,16108087,1
2018-08-09 22:47,0.00398000,7486000,14.89,29779,1
2018-08-09 22:47,0.00398000,7486000,14.89,29779,1
2018-08-09 22:47,1.20082567,7486000,4494.69,8984886,1
2018-08-09 22:47,0.00398000,7486000,14.89,29779,1
2018-08-09 22:47,0.11149633,7486000,417.33,834244,1
2018-08-09 22:48,0.08104388,7473000,302.82,-605944,0
2018-08-09 22:48,0.01495612,7473000,55.88,-111823,0
2018-08-09 22:48,2.93664405,7470000,10968.36,-21947700,0
2018-08-09 22:48,0.01460294,7470000,54.54,-109139,0
2018-08-09 22:48,0.04115301,7470000,153.70,-307567,0
2018-08-09 22:49,0.22463710,7448000,836.54,1672260,1
2018-08-09 22:49,0.35318726,7448000,1315.26,2629223,1
2018-08-09 22:49,0.01200000,7448000,44.68,89331,1
2018-08-09 22:49,0.51994308,7448000,1936.26,3870599,1
2018-08-09 22:49,0.02930438,7448000,109.12,218149,1
2018-08-09 22:49,0.07295177,7448000,271.67,543073,1
2018-08-09 22:49,1.87640000,7447000,6986.77,13966564,1
2018-08-09 22:50,0.13090000,7442000,487.07,-974645,0
2018-08-09 22:50,0.01229288,7447000,45.77,-91591,0
2018-08-09 22:50,0.00677846,7447000,25.23,-50505,0
2018-08-09 22:50,0.09092866,7447000,338.57,-677485,0
2018-08-09 22:50,0.08650000,7447000,322.08,-644488,0
2018-08-09 22:50,2.09542564,7460000,7815.93,-15639692,0
2018-08-09 22:50,0.00596550,7460000,22.25,-44525,0
2018-08-09 22:50,0.18863924,7460000,703.62,-1407953,0
2018-08-09 22:50,0.02211677,7460000,82.49,-165074,0
2018-08-09 22:50,0.16295285,7460000,607.81,-1216236,0
2018-08-09 22:51,0.12672302,7440000,471.40,942347,1
2018-08-09 22:52,0.24020000,7430000,892.34,1783793,1
2018-08-09 22:52,0.00401000,7424000,14.88,29755,1
2018-08-09 22:52,0.01932800,7424000,71.74,143419,1
2018-08-09 22:53,0.75202582,7410000,2786.25,-5575298,0
2018-08-09 22:59,0.00064914,7464000,2.42,4842,1
2018-08-09 23:00,0.80951191,7464000,3021.09,6039175,1
2018-08-09 23:00,0.01117073,7460000,41.66,83291,1
2018-08-09 23:00,0.00013538,7460000,0.50,1009,1
2018-08-09 23:00,0.14075067,7460000,524.99,1049474,1
2018-08-09 23:00,0.10000000,7460000,373.00,745627,1
2018-08-09 23:00,0.05637403,7460000,210.27,420339,1
2018-08-09 23:00,0.00520000,7453000,19.37,-38775,0
2018-08-09 23:00,0.03890000,7453000,144.96,-290067,0
2018-08-09 23:01,1.09543128,7450000,4080.48,8156882,1
2018-08-09 23:01,0.06710508,7450000,249.96,499682,1
2018-08-09 23:01,0.04864195,7450000,181.19,362201,1
2018-08-09 23:01,0.11967380,7450000,445.78,891124,1
2018-08-09 23:01,0.05000000,7438000,185.95,371714,1
2018-08-09 23:01,0.00001793,7430000,0.06,-134,0
2018-08-09 23:02,0.01150000,7439000,42.77,-85592,0
2018-08-09 23:02,0.08850000,7440000,329.22,-658770,0
2018-08-09 23:04,0.01806745,7451000,67.31,-134688,0
2018-08-09 23:04,0.03363255,7451000,125.29,-250722,0
2018-08-09 23:06,0.86060000,7448000,3204.87,6406543,1
2018-08-09 23:08,0.06879764,7503000,258.09,-516447,0
2018-08-09 23:08,0.00049504,7503000,1.85,-3717,0
2018-08-09 23:08,0.00223760,7503000,8.39,-16798,0
2018-08-09 23:08,0.02256972,7503000,84.67,-169426,0
2018-08-09 23:08,0.14260000,7504000,535.03,-1070606,0
2018-08-09 23:08,0.23670000,7497000,887.26,1773652,1
2018-08-09 23:09,0.00157446,7464000,5.87,-11758,0
2018-08-09 23:09,3.49840000,7485000,13092.76,-26198617,0
2018-08-09 23:13,0.08240547,7500000,309.02,617732,1
2018-08-09 23:13,0.08035382,7500000,301.32,602352,1
2018-08-09 23:13,0.05631268,7500000,211.17,422133,1
2018-08-09 23:13,0.43915650,7511000,1649.25,3296855,1
2018-08-09 23:13,0.06424972,7511000,241.28,482338,1
2018-08-09 23:13,0.00924144,7511000,34.70,69377,1
2018-08-09 23:19,0.03194809,7489000,119.62,239139,1
2018-08-09 23:19,0.04240000,7489000,158.76,317374,1
2018-08-09 23:19,0.44503549,7489000,1666.43,3331204,1
2018-08-09 23:19,0.13342681,7489000,499.61,998733,1
2018-08-09 23:20,2.11540000,7500000,7932.75,15857567,1
2018-08-09 23:22,0.00004392,7460000,0.16,-328,0
2018-08-09 23:23,0.14561432,7461000,543.21,-1086972,0
2018-08-09 23:30,0.14570000,7498000,546.22,1091912,1
2018-08-09 23:39,1.97210000,7480000,7375.65,-14758684,0
2018-08-09 23:47,0.00006451,7467000,0.24,-482,0
2018-08-09 23:48,0.00007450,7476000,0.27,-558,0
2018-08-09 23:49,0.27440407,7485000,1026.95,2052887,1
2018-08-09 23:49,0.00066000,7485000,2.47,4937,1
2018-08-09 23:49,0.00066000,7485000,2.47,4937,1
2018-08-09 23:49,0.00066000,7485000,2.47,4937,1
2018-08-09 23:49,0.00066000,7485000,2.47,4937,1
2018-08-09 23:49,0.00066000,7485000,2.47,4937,1
2018-08-09 23:49,0.00066000,7485000,2.47,4937,1
2018-08-09 23:49,0.00066000,7485000,2.47,4937,1
2018-08-09 23:49,0.00066000,7485000,2.47,4937,1
2018-08-09 23:49,0.00066000,7485000,2.47,4937,1
2018-08-09 23:55,0.58650000,7478000,2192.92,-4388040,0
2018-08-09 23:55,0.00067971,7483000,2.54,-5089,0
2018-08-09 23:55,0.09992029,7483000,373.85,-748078,0
2018-08-09 23:57,0.24350000,7507000,913.97,-1828869,0
2018-08-09 23:58,0.01458106,7548000,55.02,110002,1
2018-08-09 23:58,0.07578345,7548000,286.00,571727,1
2018-08-09 23:59,0.09964717,7537000,375.52,750665,1
2018-08-09 23:59,0.00513395,7537000,19.34,38675,1
2018-08-09 23:59,0.00006871,7531000,0.25,-518,0
2018-08-10 00:01,0.32273069,7540000,1216.69,2432172,1
2018-08-10 00:01,0.11808522,7540000,445.18,889917,1
2018-08-10 00:01,0.25000000,7540000,942.50,1884057,1
2018-08-10 00:01,0.67896661,7540000,2559.70,5116848,1
2018-08-10 00:01,0.00210000,7540000,7.91,15826,1
2018-08-10 00:03,0.53068664,7563000,2006.79,4011576,1
2018-08-10 00:03,0.52481336,7563000,1984.58,3967178,1
2018-08-10 00:03,0.16135692,7565000,610.33,-1221276,0
2018-08-10 00:03,0.08614308,7565000,325.83,-651999,0
2018-08-10 00:03,0.24750000,7562000,935.79,1870659,1
2018-08-10 00:14,0.29955836,7526000,1127.23,-2255604,0
2018-08-10 00:15,0.05451823,7520000,204.98,409772,1
2018-08-10 00:15,0.24508177,7520000,921.50,1842093,1
2018-08-10 00:16,0.10052026,7527000,378.30,-756995,0
2018-08-10 00:16,0.02000000,7527000,75.27,-150616,0
2018-08-10 00:16,0.01095340,7527000,41.22,-82488,0
2018-08-10 00:16,0.00919944,7527000,34.62,-69279,0
2018-08-10 00:16,0.02151000,7526000,80.94,-161966,0
2018-08-10 00:16,0.01187567,7526000,44.68,-89421,0
2018-08-10 00:16,0.01331161,7526000,50.09,-100234,0
2018-08-10 00:16,0.01439000,7526000,54.14,-108354,0
2018-08-10 00:16,0.00008653,7533000,0.32,-653,0
2018-08-10 00:16,0.00330400,7533000,12.44,-24902,0
2018-08-10 00:16,0.10740947,7533000,404.55,-809520,0
2018-08-10 00:16,0.14880000,7526000,559.93,-1120429,0
2018-08-10 00:18,0.29150000,7531000,1097.64,-2196385,0
2018-08-10 00:18,0.00006180,7532000,0.23,-466,0
2018-08-10 00:18,0.00001276,7537000,0.04,-97,0
2018-08-10 00:18,0.01328605,7537000,50.06,-100187,0
2018-08-10 00:18,0.00630000,7533000,23.72,-47482,0
2018-08-10 00:21,0.00560661,7527000,21.10,42179,1
2018-08-10 00:21,0.03771000,7527000,141.92,283701,1
2018-08-10 00:22,0.03348000,7527000,126.00,251877,1
2018-08-10 00:22,0.04749000,7527000,178.72,357278,1
2018-08-10 00:22,0.04749000,7527000,178.72,357278,1
2018-08-10 00:22,0.02328000,7527000,87.61,175140,1
2018-08-10 00:22,0.04215000,7527000,158.63,317104,1
2018-08-10 00:24,0.35069114,7506000,1316.14,-2633604,0
2018-08-10 00:27,0.51074406,7478000,1909.67,-3821254,0
2018-08-10 00:28,0.08942872,7480000,334.46,-669262,0
2018-08-10 00:28,0.07228719,7478000,270.28,-540834,0
2018-08-10 00:28,0.17961601,7483000,672.03,-1344739,0
2018-08-10 00:28,0.30000000,7483000,1122.45,-2246023,0
2018-08-10 00:28,0.05648399,7483000,211.33,-422881,0
2018-08-10 00:28,0.85176150,7485000,3187.71,-6378623,0
2018-08-10 00:52,0.00660880,7470000,24.68,49343,1
2018-08-10 00:52,0.05354752,7470000,199.99,399799,1
2018-08-10 00:52,0.10756482,7470000,401.75,803107,1
2018-08-10 00:57,2.17972770,7477000,8148.91,16289675,1
2018-08-10 00:58,0.59890000,7479000,2239.58,4476933,1
2018-08-10 01:01,0.00602505,7472000,22.50,-45042,0
2018-08-10 01:08,0.00399000,7475000,14.91,29810,1
2018-08-10 01:08,0.00201000,7475000,7.51,15017,1
2018-08-10 01:29,0.00001714,7491000,0.06,-129,0
2018-08-10 01:48,0.00007399,7522000,0.27,-557,0
2018-08-10 01:48,0.07522601,7522000,282.92,-566133,0
2018-08-10 01:48,0.00000844,7522000,0.03,-64,0
2018-08-10 01:50,0.00001320,7515000,0.04,99,1
2018-08-10 01:50,0.03206300,7515000,120.47,240832,1
2018-08-10 01:53,0.00184936,7510000,6.94,13881,1
2018-08-10 01:53,0.00397000,7510000,14.90,29799,1
2018-08-10 01:53,0.00337632,7510000,12.67,25343,1
2018-08-10 01:53,0.00583000,7510000,21.89,43761,1
2018-08-10 01:53,0.01394146,7510000,52.35,104648,1
2018-08-10 01:57,0.01430000,7496000,53.59,107139,1
2018-08-10 01:59,0.01124380,7486000,42.08,-84214,0
2018-08-10 01:59,0.00145620,7486000,5.45,-10907,0
2018-08-10 01:59,0.01270000,7496000,47.59,95151,1
2018-08-10 02:52,0.00180000,7488000,6.73,-13486,0
2018-08-10 02:52,0.00009272,7488000,0.34,-695,0
2018-08-10 02:52,0.00990728,7488000,37.09,-74223,0
2018-08-10 02:53,0.00130000,7489000,4.86,-9741,0
2018-08-10 02:54,0.48519100,7480000,1814.61,-3631044,0
2018-08-10 02:57,0.05150000,7485000,192.73,-385671,0
2018-08-10 03:08,0.08780000,7479000,328.32,-656985,0
2018-08-10 03:09,0.01040000,7479000,38.89,-77821,0
2018-08-10 03:24,0.10500000,7464000,391.86,-784112,0
2018-08-10 03:36,0.00803890,7470000,30.02,60020,1
2018-08-10 03:43,0.07240000,7464000,270.19,-540664,0
2018-08-10 03:43,0.01340000,7466000,50.02,-100095,0
2018-08-10 03:43,0.00001739,7466000,0.06,-130,0
2018-08-10 03:43,0.04868261,7466000,181.73,-363646,0
2018-08-10 03:43,0.00002169,7466000,0.08,-162,0
2018-08-10 03:43,0.19077831,7466000,712.17,-1425063,0
2018-08-10 03:43,0.04857532,7466000,181.33,-362845,0
2018-08-10 03:43,0.04502190,7466000,168.06,-336302,0
2018-08-10 03:43,0.09933638,7466000,370.82,-742017,0
2018-08-10 03:43,0.02766640,7466000,103.27,-206661,0
2018-08-10 03:43,0.04323839,7466000,161.40,-322980,0
2018-08-10 03:43,0.05316161,7472000,198.61,-397423,0
2018-08-10 03:44,0.58090000,7466000,2168.49,-4339168,0
2018-08-10 03:44,0.00009217,7466000,0.34,-689,0
2018-08-10 03:44,0.10500783,7466000,391.99,-784381,0
2018-08-10 03:45,0.18700000,7465000,697.97,-1396653,0
2018-08-10 03:45,0.00006681,7465000,0.24,-499,0
2018-08-10 03:45,0.00533319,7465000,19.90,-39833,0
2018-08-10 03:45,0.25870000,7465000,965.59,-1932161,0
2018-08-10 04:15,0.04833634,7514000,181.59,363017,1
2018-08-10 04:19,0.24196471,7489000,906.03,-1812980,0
2018-08-10 04:32,0.00014000,7498000,0.52,1049,1
2018-08-10 04:32,0.49505003,7498000,1855.94,3710029,1
2018-08-10 04:32,0.01367500,7486000,51.18,-102423,0
2018-08-10 04:32,0.00067000,7486000,2.50,-5019,0
2018-08-10 04:32,0.00015500,7486000,0.58,-1161,0
2018-08-10 04:34,0.27770000,7467000,1036.79,-2074623,0
2018-08-10 04:35,0.00881299,7495000,33.02,66020,1
2018-08-10 04:36,0.03579576,7491000,134.07,268011,1
2018-08-10 04:40,0.00014000,7498000,0.52,1049,1
2018-08-10 04:41,0.00066000,7502000,2.47,4948,1
2018-08-10 04:42,1.03040000,7485000,3856.27,-7716401,0
2018-08-10 04:53,0.52859025,7501000,1982.47,3962972,1
2018-08-10 04:53,0.03197974,7501000,119.94,239760,1
2018-08-10 04:53,0.68922837,7501000,2584.95,5167317,1
2018-08-10 04:54,1.25972490,7499000,4723.33,9441953,1
2018-08-10 05:01,0.99040000,7499000,3713.50,7423296,1
2018-08-10 05:24,0.00001780,7490000,0.06,-134,0
2018-08-10 05:24,0.00854740,7490000,32.01,-64052,0
2018-08-10 05:24,0.00843480,7490000,31.58,-63209,0
2018-08-10 05:26,0.00292068,7501000,10.95,21897,1
2018-08-10 05:26,0.00397000,7501000,14.88,29764,1
2018-08-10 05:26,0.00066000,7501000,2.47,4948,1
2018-08-10 05:26,0.00397000,7501000,14.88,29764,1
2018-08-10 05:26,0.00066000,7501000,2.47,4948,1
2018-08-10 05:26,0.00481932,7501000,18.07,36131,1
2018-08-10 05:38,0.42970000,7502000,1611.80,-3225222,0
2018-08-10 05:38,0.00003237,7502000,0.12,-243,0
2018-08-10 05:38,0.07066763,7502000,265.07,-530414,0
2018-08-10 05:41,0.00067000,7512000,2.51,-5036,0
2018-08-10 05:41,0.01014632,7512000,38.10,-76258,0
2018-08-10 05:41,0.00058368,7512000,2.19,-4387,0
2018-08-10 05:43,0.41480000,7509000,1557.36,-3116291,0
2018-08-10 06:02,0.05626898,7543000,212.21,424224,1
2018-08-10 06:03,0.03198728,7543000,120.64,241159,1
2018-08-10 06:03,0.83841272,7543000,3162.07,6320985,1
2018-08-10 06:06,0.00330000,7570000,12.49,-24994,0
2018-08-10 06:06,0.00330000,7589000,12.52,25031,1
2018-08-10 06:07,0.00560000,7574000,21.20,-42436,0
2018-08-10 06:07,0.63850000,7574000,2417.99,-4838417,0
2018-08-10 06:14,0.00000045,7589000,0,3,1
2018-08-10 06:15,0.12772473,7590000,484.71,968945,1
2018-08-10 06:16,0.51630000,7594000,1960.39,3918821,1
2018-08-10 06:43,0.09570000,7613000,364.28,-728929,0
2018-08-10 06:43,0.00790000,7605000,30.03,-60110,0
2018-08-10 06:43,0.04270000,7602000,162.30,-324768,0
2018-08-10 06:44,0.01000000,7587000,37.93,-75908,0
2018-08-10 06:44,0.00000847,7594000,0.03,-65,0
2018-08-10 06:44,0.05039153,7594000,191.33,-382865,0
2018-08-10 06:45,0.31849097,7588000,1208.35,-2417918,0
2018-08-10 06:45,0.00664531,7588000,25.21,-50450,0
2018-08-10 06:45,0.00858246,7588000,32.56,-65157,0
2018-08-10 06:45,0.00139371,7588000,5.28,-10581,0
2018-08-10 06:46,0.03620000,7586000,137.30,-274751,0
2018-08-10 06:46,0.00003369,7588000,0.12,-256,0
2018-08-10 06:46,0.00664703,7588000,25.21,-50463,0
2018-08-10 06:50,0.58470000,7585000,2217.47,4432732,1
2018-08-10 06:57,0.00350000,7599000,13.29,-26610,0
2018-08-10 06:59,0.32380000,7600000,1230.44,-2462111,0
2018-08-10 07:04,0.00003618,7588000,0.13,-275,0
2018-08-10 07:07,0.28314303,7587000,1074.10,2147132,1
2018-08-10 07:11,0.00660000,7577000,25.00,-50034,0
2018-08-10 07:11,0.00400000,7576000,15.15,-30320,0
2018-08-10 07:13,0.78560000,7576000,2975.85,-5954682,0
2018-08-10 07:16,0.02120000,7578000,80.32,-160734,0
2018-08-10 07:17,0.00660000,7580000,25.01,-50053,0
2018-08-10 07:20,0.16788330,7583000,636.52,-1273696,0
2018-08-10 07:20,0.00661670,7583000,25.08,-50200,0
2018-08-10 07:20,0.06171433,7596000,234.39,468547,1
2018-08-10 07:20,0.29618730,7596000,1124.91,2248713,1
2018-08-10 07:20,0.36374849,7596000,1381.51,2761652,1
2018-08-10 07:24,0.00004500,7589000,0.17,-342,0
2018-08-10 07:25,0.00008000,7590000,0.30,-608,0
2018-08-10 07:25,0.00662000,7590000,25.12,-50271,0
2018-08-10 07:25,0.00220000,7590000,8.34,-16707,0
2018-08-10 07:48,0.30832633,7619000,1174.56,2347963,1
2018-08-10 07:55,0.00005732,7629000,0.21,-438,0
2018-08-10 07:55,0.04300000,7629000,164.02,-328211,0
2018-08-10 07:55,0.00898210,7629000,34.26,-68559,0
2018-08-10 07:57,0.07370000,7638000,281.46,562639,1
2018-08-10 08:05,0.00003176,7615000,0.12,-242,0
2018-08-10 08:13,2.61535810,7603000,9942.28,-19894510,0
2018-08-10 08:13,0.05534190,7603000,210.38,-420975,0
2018-08-10 08:28,0.06594921,7580000,249.94,499645,1
2018-08-10 08:28,1.14401493,7580000,4335.81,8667297,1
2018-08-10 08:28,0.00039577,7580000,1.49,2998,1
2018-08-10 08:28,0.65623421,7580000,2487.12,4971768,1
2018-08-10 08:28,0.79116114,7580000,2998.50,5994002,1
2018-08-10 08:28,0.01304474,7580000,49.43,98829,1
2018-08-10 08:51,0.00003504,7555000,0.13,-265,0
2018-08-10 08:51,0.14051741,7555000,530.80,-1062140,0
2018-08-10 08:51,0.00797022,7555000,30.10,-60246,0
2018-08-10 08:51,0.05665190,7554000,213.97,-428163,0
2018-08-10 08:51,0.02354810,7554000,88.94,-177972,0
2018-08-10 08:52,0.06420000,7554000,242.48,-485210,0
2018-08-10 09:00,0.40026055,7551000,1511.18,-3023879,0
2018-08-10 09:03,0.08283095,7566000,313.34,626385,1
2018-08-10 09:08,0.11080995,7577000,419.80,839187,1
2018-08-10 09:08,0.01443715,7577000,54.69,109335,1
2018-08-10 09:08,0.01662214,7577000,62.97,125882,1
2018-08-10 09:08,0.00079094,7577000,2.99,5989,1
2018-08-10 09:08,0.03492486,7577000,132.31,264493,1
2018-08-10 09:08,0.02104638,7577000,79.73,159388,1
2018-08-10 09:09,0.00000640,7562000,0.02,-49,0
2018-08-10 09:11,0.06520000,7575000,246.94,493643,1
2018-08-10 09:13,0.70993707,7570000,2687.11,-5376911,0
2018-08-10 09:20,0.02778146,7608000,105.68,211255,1
2018-08-10 09:21,0.00117080,7602000,4.45,8895,1
2018-08-10 09:22,0.02188142,7600000,83.14,166215,1
2018-08-10 09:22,0.49240724,7590000,1868.68,3735502,1
2018-08-10 09:22,0.03699000,7590000,140.37,280613,1
2018-08-10 09:22,0.02400000,7590000,91.08,182068,1
2018-08-10 09:22,0.45220276,7590000,1716.10,3430502,1
2018-08-10 09:23,0.00006521,7580000,0.24,-495,0
2018-08-10 09:26,0.00180000,7584000,6.82,-13658,0
2018-08-10 09:27,2.11485624,7580000,8015.30,-16038626,0
2018-08-10 09:27,0.00264298,7580000,10.01,-20044,0
2018-08-10 09:28,0.37300000,7580000,1413.67,-2828754,0
2018-08-10 09:33,0.17037702,7595000,647.00,1293366,1
2018-08-10 09:33,0.11207806,7595000,425.61,850807,1
2018-08-10 09:33,0.00654074,7595000,24.83,49652,1
2018-08-10 09:34,0.05738586,7595000,217.92,435627,1
2018-08-10 09:34,0.06788363,7595000,257.78,515318,1
2018-08-10 09:36,0.05028390,7574000,190.42,-381041,0
2018-08-10 09:36,0.00195000,7574000,7.38,-14777,0
2018-08-10 09:36,0.00260000,7574000,9.84,-19703,0
2018-08-10 09:36,0.02990000,7574000,113.23,-226576,0
2018-08-10 09:37,0.34000000,7575000,1287.75,-2576788,0
2018-08-10 09:39,0.00000085,7588000,0,6,1
2018-08-10 09:48,0.02343074,7593000,88.95,177820,1
2018-08-10 09:48,0.01096896,7593000,41.64,83245,1
2018-08-10 09:48,0.08411084,7593000,319.32,638334,1
2018-08-10 09:48,0.01096763,7593000,41.63,83235,1
2018-08-10 09:48,0.01096763,7593000,41.63,83235,1
2018-08-10 10:02,0.83326852,7594000,3163.92,6324677,1
2018-08-10 10:02,0.69190398,7594000,2627.15,5251691,1
2018-08-10 10:03,0.25185350,7598000,956.79,1912626,1
2018-08-10 10:04,0.58540000,7594000,2222.76,4443304,1
2018-08-10 10:31,0.04724859,7560000,178.59,-357378,0
2018-08-10 10:31,0.65778855,7560000,2486.44,-4975368,0
2018-08-10 10:31,0.10000000,7560000,378.00,-756378,0
2018-08-10 10:31,0.20132247,7560000,760.99,-1522759,0
2018-08-10 10:31,0.06794039,7560000,256.81,-513887,0
2018-08-10 10:31,0.71860000,7562000,2717.02,-5436771,0
2018-08-10 10:31,0.01920000,7555000,72.52,-145129,0
2018-08-10 10:32,1.14630000,7556000,4330.72,-8665774,0
2018-08-10 10:38,0.00271749,7530000,10.23,20452,1
2018-08-10 11:30,0.72402779,7450000,2697.00,5391310,1
2018-08-10 11:30,0.03101549,7450000,115.53,230949,1
2018-08-10 11:30,0.01207072,7450000,44.96,89881,1
2018-08-10 11:30,0.10010000,7450000,372.87,745372,1
2018-08-10 11:30,0.10005050,7450000,372.68,745003,1
2018-08-10 11:30,0.10013302,7450000,372.99,745618,1
2018-08-10 11:30,1.03994649,7450000,3873.80,7743727,1
2018-08-10 11:30,0.84825599,7450000,3159.75,6316347,1
2018-08-10 11:31,0.01285711,7464000,47.98,-96014,0
2018-08-10 11:31,0.02840000,7471000,106.08,-212283,0
2018-08-10 11:31,0.00160000,7472000,5.97,-11962,0
2018-08-10 11:38,0.04290000,7479000,160.42,320688,1
2018-08-10 11:59,0.00519970,7466000,19.41,-38841,0
2018-08-10 11:59,0.49990030,7466000,1866.12,-3734122,0
2018-08-10 11:59,0.00003899,7468000,0.14,-292,0
2018-08-10 11:59,0.12465234,7470000,465.57,-931619,0
2018-08-10 11:59,0.01804687,7470000,67.40,-134878,0
2018-08-10 11:59,0.03268511,7470000,122.07,-244280,0
2018-08-10 12:00,0.00933038,7484000,34.91,69793,1
2018-08-10 12:00,0.06565886,7487000,245.79,491342,1
2018-08-10 12:00,0.00410000,7487000,15.34,30681,1
2018-08-10 12:00,0.00410000,7487000,15.34,30681,1
2018-08-10 12:00,0.00733000,7487000,27.43,54852,1
2018-08-10 12:00,0.04207000,7487000,157.48,314820,1
2018-08-10 12:00,0.00401000,7487000,15.01,30007,1
2018-08-10 12:00,0.04211000,7487000,157.63,315119,1
2018-08-10 12:00,0.00401000,7487000,15.01,30007,1
2018-08-10 12:00,0.00410000,7487000,15.34,30681,1
2018-08-10 12:00,0.00401000,7487000,15.01,30007,1
2018-08-10 12:00,0.00410000,7487000,15.34,30681,1
2018-08-10 12:00,0.00401000,7487000,15.01,30007,1
2018-08-10 12:00,0.04112000,7487000,153.93,307711,1
2018-08-10 12:00,0.00667490,7487000,24.98,49949,1
2018-08-10 12:00,0.04141000,7487000,155.01,309881,1
2018-08-10 12:00,0.00401000,7487000,15.01,30007,1
2018-08-10 12:01,0.38840000,7495000,1455.52,2909602,1
2018-08-10 12:07,0.00800000,7475000,29.90,-59830,0
2018-08-10 13:01,0.24160566,7450000,899.98,-1800863,0
2018-08-10 13:03,0.00000047,7445000,0,-4,0
2018-08-10 13:03,0.00649953,7445000,24.19,-48414,0
2018-08-10 13:05,0.51530000,7437000,1916.14,-3834203,0
2018-08-10 13:14,0.05976982,7443000,222.43,444644,1
2018-08-10 13:17,0.10000000,7429000,371.45,-743272,0
2018-08-10 13:28,0.10473802,7404000,387.74,-775868,0
2018-08-10 13:28,0.04055086,7404000,150.11,-300389,0
2018-08-10 13:28,0.11068982,7404000,409.77,-819958,0
2018-08-10 13:28,0.08300000,7405000,307.30,-614923,0
2018-08-10 13:28,0.05480000,7404000,202.86,-405942,0
2018-08-10 13:28,1.83070000,7402000,6775.42,-13557617,0
2018-08-10 13:37,0.87034174,7410000,3224.61,6446007,1
2018-08-10 13:37,0.02291634,7410000,84.90,169725,1
2018-08-10 13:37,0.01070000,7399000,39.58,-79209,0
2018-08-10 13:37,0.00001826,7399000,0.06,-136,0
2018-08-10 13:37,1.34638174,7399000,4980.93,-9966860,0
2018-08-10 13:41,0.00372000,7410000,13.78,27551,1
2018-08-10 13:41,0.00812000,7410000,30.08,60139,1
2018-08-10 13:41,0.00812000,7410000,30.08,60139,1
2018-08-10 13:41,0.00459000,7410000,17.00,33994,1
2018-08-10 13:41,0.00812000,7410000,30.08,60139,1
2018-08-10 13:41,0.00812000,7410000,30.08,60139,1
2018-08-10 13:41,0.00812000,7410000,30.08,60139,1
2018-08-10 13:41,0.00812000,7410000,30.08,60139,1
2018-08-10 14:14,0.00200999,7436000,7.47,14938,1
2018-08-10 14:24,0.01000000,7434000,37.17,74302,1
2018-08-10 14:24,0.00669119,7434000,24.87,49717,1
2018-08-10 14:34,0.05566233,7407000,206.14,412084,1
2018-08-10 14:34,1.18273269,7407000,4380.25,8756120,1
2018-08-10 14:34,0.91842441,7407000,3401.38,6799368,1
2018-08-10 14:39,0.00691080,7416000,25.62,-51277,0
2018-08-10 14:39,0.00378920,7416000,14.05,-28115,0
2018-08-10 14:39,1.55340196,7417000,5760.79,-11527344,0
2018-08-10 14:39,0.04499804,7417000,166.87,-333918,0
2018-08-10 14:48,0.68418268,7450000,2548.58,5094612,1
2018-08-10 14:53,0.14266695,7443000,530.93,-1062401,0
2018-08-10 14:53,0.01345309,7443000,50.06,-100182,0
2018-08-10 14:53,0.00723000,7443000,26.90,-53840,0
2018-08-10 14:56,0.00410747,7447000,15.29,30573,1
2018-08-10 14:56,0.00732000,7447000,27.25,54484,1
2018-08-10 14:56,0.03447000,7447000,128.34,256569,1
2018-08-10 14:56,0.03336000,7447000,124.21,248307,1
2018-08-10 14:56,0.01163000,7447000,43.30,86565,1
2018-08-10 14:56,0.03336000,7447000,124.21,248307,1
2018-08-10 14:56,0.03336000,7447000,124.21,248307,1
2018-08-10 14:56,0.03336000,7447000,124.21,248307,1
2018-08-10 14:56,0.01835000,7447000,68.32,136584,1
2018-08-10 14:56,0.02510000,7447000,93.45,186826,1
2018-08-10 14:56,0.02772000,7447000,103.21,206327,1
2018-08-10 14:57,1.23268685,7442000,4586.82,-9178243,0
2018-08-10 14:57,0.00034198,7442000,1.27,-2547,0
2018-08-10 15:24,0.22293517,7480000,833.77,1666721,1
2018-08-10 15:41,0.00070834,7480000,2.64,5295,1
2018-08-10 16:05,1.45194284,7489000,5436.79,10868163,1
2018-08-10 16:05,0.04459276,7489000,166.97,333788,1
2018-08-10 16:05,0.00053377,7489000,1.99,3995,1
2018-08-10 16:07,0.04266498,7500000,159.99,319827,1
2018-08-10 16:07,0.19307056,7500000,724.01,1447305,1
2018-08-10 16:11,0.00582753,7489000,21.82,43620,1
2018-08-10 16:11,0.00197247,7489000,7.38,14764,1
2018-08-10 16:11,0.10000000,7489000,374.45,748525,1
2018-08-10 16:12,0.01221000,7488000,45.71,91382,1
2018-08-10 16:39,0.39864295,7465000,1487.93,2974381,1
2018-08-10 16:39,0.85145705,7465000,3178.06,6352948,1
2018-08-10 17:17,0.10470000,7448000,389.90,-780196,0
2018-08-10 17:19,1.04076732,7430000,3866.45,-7736768,0
2018-08-10 17:20,0.00664861,7446000,24.75,49480,1
2018-08-10 17:20,0.01412138,7446000,52.57,105095,1
2018-08-10 17:26,0.61104944,7452000,2276.77,4551263,1
2018-08-10 17:26,0.01196632,7452000,44.58,89128,1
2018-08-10 17:26,0.19542266,7452000,728.14,1455561,1
2018-08-10 17:26,0.09355889,7452000,348.60,696852,1
2018-08-10 17:33,0.00009184,7430000,0.34,-683,0
2018-08-10 17:35,0.00007000,7448000,0.26,521,1
2018-08-10 17:35,0.00021400,7453000,0.79,-1596,0
2018-08-10 17:36,0.03532449,7458000,131.72,263318,1
2018-08-10 17:47,0.17760000,7464000,662.80,1324943,1
2018-08-10 17:58,0.06590000,7440000,245.14,-490542,0
2018-08-10 17:59,0.00000206,7442000,0,-16,0
2018-08-10 17:59,0.06798890,7442000,252.98,-506227,0
2018-08-10 18:01,1.76018828,7436000,6544.38,-13095305,0
2018-08-10 18:03,0.55315516,7412000,2049.99,-4102036,0
2018-08-10 18:03,0.28300000,7405000,1047.80,-2096663,0
2018-08-10 18:30,0.00067000,7396000,2.47,4952,1
2018-08-10 18:30,0.00090000,7396000,3.32,6653,1
2018-08-10 18:30,0.18177156,7396000,672.19,1343710,1
2018-08-10 18:39,0.00064392,7404000,2.38,4765,1
2018-08-10 18:39,0.00067000,7404000,2.48,4958,1
2018-08-10 18:39,0.00067000,7404000,2.48,4958,1
2018-08-10 18:39,0.00067000,7404000,2.48,4958,1
2018-08-10 18:39,0.00067000,7404000,2.48,4958,1
2018-08-10 18:39,0.00067000,7404000,2.48,4958,1
2018-08-10 18:39,0.00067000,7404000,2.48,4958,1
2018-08-10 18:45,0.13709435,7397000,507.04,1013579,1
2018-08-10 18:47,0.02855087,7386000,105.43,210771,1
2018-08-10 18:47,0.11820000,7386000,436.51,872588,1
2018-08-10 18:47,0.09990000,7386000,368.93,737492,1
2018-08-10 18:56,1.34150000,7387000,4954.83,-9914616,0
2018-08-10 18:57,0.13312078,7399000,492.48,984468,1
2018-08-10 18:57,0.09088300,7399000,336.22,672107,1
2018-08-10 18:57,0.02000000,7399000,73.99,147906,1
2018-08-10 18:57,0.00669914,7399000,24.78,49542,1
2018-08-10 18:57,0.10971898,7399000,405.90,811404,1
2018-08-10 19:01,0.04554807,7388000,168.25,336340,1
2018-08-10 19:06,0.00167751,7396000,6.20,12400,1
2018-08-10 19:06,0.00403000,7396000,14.90,29790,1
2018-08-10 19:06,0.00403000,7396000,14.90,29790,1
2018-08-10 19:06,0.00403000,7396000,14.90,29790,1
2018-08-10 19:06,0.00403000,7396000,14.90,29790,1
2018-08-10 19:06,0.00403000,7396000,14.90,29790,1
2018-08-10 19:06,0.00403000,7396000,14.90,29790,1
2018-08-10 19:06,0.00403000,7396000,14.90,29790,1
2018-08-10 19:06,0.00403000,7396000,14.90,29790,1
2018-08-10 19:06,0.00067000,7396000,2.47,4952,1
2018-08-10 19:06,0.00067000,7396000,2.47,4952,1
2018-08-10 19:06,0.00067000,7396000,2.47,4952,1
2018-08-10 19:06,0.00067000,7396000,2.47,4952,1
2018-08-10 19:06,0.00403000,7396000,14.90,29790,1
2018-08-10 19:06,0.00067000,7397000,2.47,4953,1
2018-08-10 19:06,0.00067000,7397000,2.47,4953,1
2018-08-10 19:06,0.00581700,7397000,21.51,43006,1
2018-08-10 19:07,0.00549836,7398000,20.33,40656,1
2018-08-10 19:32,3.04070000,7395000,11242.98,22474733,1
2018-08-10 20:00,0.00003012,7352000,0.11,-222,0
2018-08-10 20:00,0.30170000,7360000,1110.25,-2221623,0
2018-08-10 20:01,0.31876782,7350000,1171.47,-2344115,0
2018-08-10 20:02,0.08030000,7367000,295.78,591274,1
2018-08-10 20:02,2.95980000,7350000,10877.26,-21765408,0
2018-08-10 20:05,0.00220365,7373000,8.12,16239,1
2018-08-10 20:05,0.00404000,7373000,14.89,29772,1
2018-08-10 20:05,0.00404000,7373000,14.89,29772,1
2018-08-10 20:05,0.00800000,7373000,29.49,58954,1
2018-08-10 20:05,0.10386553,7373000,382.90,765417,1
2018-08-10 20:05,0.00669168,7373000,24.66,49313,1
2018-08-10 20:06,0.04406644,7368000,162.34,324519,1
2018-08-10 20:07,0.38818311,7376000,1431.61,2861807,1
2018-08-10 20:08,0.96072638,7376000,3543.15,7082774,1
2018-08-10 20:08,0.02045355,7376000,75.43,150789,1
2018-08-10 20:08,0.03652715,7376000,134.71,269289,1
2018-08-10 20:08,0.00067000,7376000,2.47,4939,1
2018-08-10 20:08,0.00404000,7376000,14.89,29784,1
2018-08-10 20:08,0.00404000,7376000,14.89,29784,1
2018-08-10 20:10,0.05878269,7385000,217.05,433893,1
2018-08-10 20:10,0.00389400,7385000,14.37,28742,1
2018-08-10 20:11,0.03534900,7385000,130.52,260921,1
2018-08-10 20:11,0.01150300,7385000,42.47,84907,1
2018-08-10 20:11,0.00671716,7385000,24.80,49581,1
2018-08-10 20:11,0.06766179,7385000,249.84,499432,1
2018-08-10 20:11,0.07609499,7385000,280.98,561680,1
2018-08-10 20:18,0.00032779,7385000,1.21,2419,1
2018-08-10 20:18,0.33304013,7385000,1229.75,2458271,1
2018-08-10 20:18,0.00853432,7385000,31.51,62994,1
2018-08-10 20:18,0.13061858,7389000,482.57,964658,1
2018-08-10 20:23,1.17990000,7411000,4372.11,8739866,1
2018-08-10 20:26,0.01208729,7411000,44.78,-89624,0
2018-08-10 20:26,0.06938446,7411000,257.10,-514466,0
2018-08-10 20:27,0.17530000,7406000,649.13,-1298921,0
2018-08-10 20:28,0.00111982,7421000,4.15,8306,1
2018-08-10 20:28,0.00276000,7421000,10.24,20471,1
2018-08-10 20:32,0.26260000,7405000,972.27,-1945526,0
2018-08-10 20:32,0.00130000,7405000,4.81,-9632,0
2018-08-10 20:34,0.02590000,7397000,95.79,-191678,0
2018-08-10 20:34,0.02680000,7394000,99.07,-198259,0
2018-08-10 20:34,0.08310000,7392000,307.13,-614583,0
2018-08-10 20:34,0.05320000,7394000,196.68,-393558,0
2018-08-10 20:40,0.32956720,7379000,1215.93,-2433093,0
2018-08-10 20:42,0.00700000,7380000,25.83,-51686,0
2018-08-10 20:46,0.11960000,7381000,441.38,-883209,0
2018-08-10 20:47,0.12494647,7392000,461.80,923142,1
2018-08-10 20:54,0.12000000,7355000,441.30,-883042,0
2018-08-10 20:55,0.83588004,7355000,3073.94,-6150972,0
2018-08-10 20:55,0.00941515,7355000,34.62,-69283,0
2018-08-10 20:55,0.45020481,7355000,1655.62,-3312912,0
2018-08-10 20:57,0.04020741,7333000,147.42,-294989,0
2018-08-10 20:57,0.00400000,7348000,14.69,29377,1
2018-08-10 20:57,0.08865105,7348000,325.70,651082,1
2018-08-10 20:58,0.33160000,7354000,1219.29,-2439806,0
2018-08-10 21:01,1.29873777,7366000,4783.25,9561719,1
2018-08-10 21:02,1.43300000,7366000,5277.73,10550200,1
2018-08-10 21:09,0.30000000,7494000,1124.10,-2249325,0
2018-08-10 21:13,0.00005482,7484000,0.20,-411,0
2018-08-10 21:14,0.00006458,7484000,0.24,-484,0
2018-08-10 21:14,0.00983542,7484000,36.80,-73645,0
2018-08-10 21:14,0.02060000,7484000,77.08,-154248,0
2018-08-10 21:17,0.33050000,7517000,1242.18,2483126,1
2018-08-10 21:52,0.01300000,7528000,48.93,-97913,0
2018-08-10 21:53,0.01300000,7536000,48.98,97919,1
2018-08-10 21:54,0.31438183,7504000,1179.56,-2360301,0
2018-08-10 21:59,0.00008007,7533000,0.30,-604,0
2018-08-10 21:59,0.31450000,7533000,1184.56,2367943,1
2018-08-10 22:21,0.00554444,7520000,20.84,-41715,0
2018-08-10 22:21,0.12952136,7520000,487.00,-974488,0
2018-08-10 22:21,0.00150599,7520000,5.66,-11331,0
2018-08-10 22:21,0.00102821,7520000,3.86,-7736,0
2018-08-10 22:22,0.00005326,7505000,0.19,-400,0
2018-08-10 22:25,0.01538171,7501000,57.68,115320,1
2018-08-10 22:25,0.12221829,7501000,458.37,916301,1
2018-08-10 22:38,0.00008648,7490000,0.32,-648,0
2018-08-10 22:38,0.00004112,7490000,0.15,-309,0
2018-08-10 22:58,3.49980000,7473000,13077.00,-26167083,0
2018-08-10 23:00,0.00829483,7489000,31.05,62088,1
2018-08-10 23:04,0.00625414,7480000,23.39,46757,1
2018-08-10 23:04,0.18204226,7480000,680.83,1360995,1
2018-08-10 23:04,0.13358730,7480000,499.61,998733,1
2018-08-10 23:07,0.03719175,7469000,138.89,277646,1
2018-08-10 23:07,0.01253096,7469000,46.79,93546,1
2018-08-10 23:40,0.01000000,7434000,37.17,74302,1
2018-08-11 00:24,2.13974156,7458000,7979.09,15950213,1
2018-08-11 00:25,0.04073997,7458000,151.91,303686,1
2018-08-11 00:25,0.01340842,7458000,49.99,99949,1
2018-08-11 00:25,0.01340842,7458000,49.99,99949,1
2018-08-11 00:30,0.01818168,7449000,67.71,135367,1
2018-08-11 00:30,0.01342462,7449000,49.99,99949,1
2018-08-11 00:30,0.87119370,7449000,3244.76,6486277,1
2018-08-11 00:31,0.11280000,7441000,419.67,-839765,0
2018-08-11 00:31,0.00310000,7441000,11.53,-23079,0
2018-08-11 00:32,3.38410000,7430000,12571.93,-25156435,0
2018-08-11 00:37,0.49678261,7471000,1855.73,3709607,1
2018-08-11 00:46,1.43502385,7468000,5358.37,10711399,1
2018-08-11 00:51,0.02279704,7483000,85.29,170504,1
2018-08-11 00:51,0.03128958,7483000,117.06,234022,1
2018-08-11 00:51,0.10000000,7483000,374.15,747925,1
2018-08-11 00:59,0.10430000,7458000,388.93,-778259,0
2018-08-11 00:59,0.00250000,7468000,9.33,-18680,0
2018-08-11 01:00,0.00460000,7464000,17.16,-34352,0
2018-08-11 01:00,0.10000000,7464000,373.20,-746774,0
2018-08-11 01:16,0.01500000,7451000,55.88,-111821,0
2018-08-11 01:16,0.24130000,7452000,899.08,-1799067,0
2018-08-11 01:17,0.02207732,7452000,82.26,-164603,0
2018-08-11 01:20,0.20930000,7459000,780.58,-1561950,0
2018-08-11 01:21,0.11331433,7470000,423.22,846034,1
2018-08-11 01:44,0.02980000,7456000,111.09,-222300,0
2018-08-11 01:48,0.00117807,7399000,4.35,-8721,0
2018-08-11 01:48,0.03416017,7399000,126.37,-252878,0
2018-08-11 01:49,1.43500000,7400000,5309.50,-10624310,0
2018-08-11 02:42,0.49301424,7416000,1828.09,3654365,1
2018-08-11 03:26,0.16217186,7414000,601.17,1201740,1
2018-08-11 03:43,0.13581515,7414000,503.46,1006430,1
2018-08-11 03:46,0.00413000,7428000,15.33,30662,1
2018-08-11 04:03,0.05478849,7418000,203.21,406217,1
2018-08-11 04:09,0.17111340,7418000,634.65,1268684,1
2018-08-11 04:14,0.13480722,7418000,499.99,999499,1
2018-08-11 04:26,0.00006000,7418000,0.22,-446,0
2018-08-11 04:53,0.02104449,7428000,78.15,156240,1
2018-08-11 05:05,0.07209992,7419000,267.45,534641,1
2018-08-11 05:05,0.62470927,7418000,2317.04,4631776,1
2018-08-11 05:05,0.00380000,7418000,14.09,28174,1
2018-08-11 05:05,0.01001473,7418000,37.14,74252,1
2018-08-11 05:08,0.00900000,7410000,33.34,66656,1
2018-08-11 05:08,0.05066096,7410000,187.69,375210,1
2018-08-11 05:08,0.04235700,7410000,156.93,313708,1
2018-08-11 05:08,0.07320000,7410000,271.20,542140,1
2018-08-11 05:08,0.03500000,7410000,129.67,259220,1
2018-08-11 05:10,0.00000761,7410000,0.02,56,1
2018-08-11 05:10,0.04259851,7410000,157.82,315497,1
2018-08-11 05:10,0.04173820,7410000,154.64,309125,1
2018-08-11 05:10,0.10500000,7410000,389.02,777660,1
2018-08-11 05:13,0.00690000,7416000,25.58,51144,1
2018-08-11 05:13,0.19920000,7416000,738.63,1476528,1
2018-08-11 05:16,0.07803714,7415000,289.32,578356,1
2018-08-11 05:30,0.00690000,7398000,25.52,-51072,0
2018-08-11 05:30,0.08329154,7408000,308.51,616715,1
2018-08-11 05:32,0.13485459,7407000,499.43,998368,1
2018-08-11 05:32,0.00624257,7407000,23.11,46215,1
2018-08-11 05:34,0.00242826,7380000,8.96,-17930,0
2018-08-11 05:34,0.00088000,7380000,3.24,-6498,0
2018-08-11 05:34,0.00088000,7380000,3.24,-6498,0
2018-08-11 05:34,0.00081174,7380000,2.99,-5994,0
2018-08-11 05:36,0.59813413,7399000,2212.79,4423381,1
2018-08-11 05:39,0.00421000,7413000,15.60,31193,1
2018-08-11 05:39,0.00067000,7413000,2.48,4964,1
2018-08-11 05:39,0.00421000,7413000,15.60,31193,1
2018-08-11 05:39,0.00421000,7413000,15.60,31193,1
2018-08-11 05:39,0.00402000,7413000,14.90,29785,1
2018-08-11 05:39,0.00421000,7413000,15.60,31193,1
2018-08-11 05:39,0.00454000,7413000,16.82,33638,1
2018-08-11 05:39,0.00462811,7413000,17.15,34291,1
2018-08-11 05:39,0.00402000,7413000,14.90,29785,1
2018-08-11 05:39,0.00454000,7413000,16.82,33638,1
2018-08-11 05:39,0.00454000,7413000,16.82,33638,1
2018-08-11 05:39,0.00067000,7413000,2.48,4964,1
2018-08-11 05:40,0.01433270,7415000,53.13,106223,1
2018-08-11 05:40,0.00402000,7415000,14.90,29793,1
2018-08-11 05:40,0.00402000,7415000,14.90,29793,1
2018-08-11 05:40,0.00402000,7415000,14.90,29793,1
2018-08-11 05:40,0.00447000,7415000,16.57,33128,1
2018-08-11 05:40,0.01739000,7415000,64.47,128882,1
2018-08-11 05:40,0.01748000,7415000,64.80,129549,1
2018-08-11 05:44,0.00342732,7399000,12.67,25346,1
2018-08-11 05:44,0.00403000,7399000,14.90,29803,1
2018-08-11 05:44,0.00054268,7399000,2.00,4013,1
2018-08-11 05:47,0.09170000,7332000,336.17,-672681,0
2018-08-11 05:47,0.00397000,7324000,14.53,-29091,0
2018-08-11 05:47,1.94263000,7324000,7113.91,-14234936,0
2018-08-11 05:47,0.09277970,7324000,339.75,-679859,0
2018-08-11 05:47,0.87202030,7324000,3193.33,-6389870,0
2018-08-11 05:51,0.89375651,7242000,3236.29,6469348,1
2018-08-11 05:52,0.00060000,7242000,2.17,4343,1
2018-08-11 05:52,1.38930000,7243000,5031.34,-10067732,0
2018-08-11 05:54,0.00409000,7289000,14.90,29797,1
2018-08-11 05:54,0.00420000,7289000,15.30,30598,1
2018-08-11 05:54,0.00420000,7289000,15.30,30598,1
2018-08-11 05:54,0.01576000,7289000,57.43,114817,1
2018-08-11 05:54,0.01059000,7289000,38.59,77151,1
2018-08-11 05:57,0.00186000,7245000,6.73,13468,1
2018-08-11 05:57,0.00002177,7244000,0.07,157,1
2018-08-11 05:57,0.00922000,7244000,33.39,66756,1
2018-08-11 05:57,0.00774000,7244000,28.03,56040,1
2018-08-11 05:57,0.01218000,7244000,44.11,88187,1
2018-08-11 05:57,0.00411000,7244000,14.88,29757,1
2018-08-11 05:57,0.00411000,7244000,14.88,29757,1
2018-08-11 05:57,0.00411000,7244000,14.88,29757,1
2018-08-11 05:57,0.00681992,7244000,24.70,49378,1
2018-08-11 05:57,0.00411000,7244000,14.88,29757,1
2018-08-11 05:57,0.00411000,7244000,14.88,29757,1
2018-08-11 05:57,0.00430000,7244000,15.57,31133,1
2018-08-11 05:57,0.00186000,7244000,6.73,13467,1
2018-08-11 05:57,0.00070000,7244000,2.53,5068,1
2018-08-11 05:57,0.03104038,7244000,112.42,224744,1
2018-08-11 06:00,0.00069000,7246000,2.49,4997,1
2018-08-11 06:00,0.00069000,7246000,2.49,4997,1
2018-08-11 06:00,0.00089000,7246000,3.22,6445,1
2018-08-11 06:00,0.00411000,7246000,14.89,29766,1
2018-08-11 06:00,0.00069000,7246000,2.49,4997,1
2018-08-11 06:00,0.00089000,7246000,3.22,6445,1
2018-08-11 06:00,0.00069000,7246000,2.49,4997,1
2018-08-11 06:04,0.26346844,7214000,950.33,1899710,1
2018-08-11 06:04,0.01039213,7214000,37.48,74931,1
2018-08-11 06:08,0.18495969,7133000,659.65,1318657,1
2018-08-11 06:08,0.24028400,7133000,856.97,1713088,1
2018-08-11 06:09,0.01772000,7131000,63.18,126298,1
2018-08-11 06:09,0.01041000,7131000,37.11,74196,1
2018-08-11 06:09,0.03494290,7131000,124.58,249053,1
2018-08-11 06:09,0.00693704,7127000,24.72,49415,1
2018-08-11 06:09,0.00931973,7127000,33.21,66388,1
2018-08-11 06:09,0.00862926,7127000,30.75,61469,1
2018-08-11 06:09,0.00799496,7127000,28.49,56951,1
2018-08-11 06:09,0.00106000,7127000,3.77,7550,1
2018-08-11 06:09,0.00099000,7127000,3.52,7052,1
2018-08-11 06:10,0.00595000,7137000,21.23,42443,1
2018-08-11 06:10,0.00644000,7137000,22.98,45939,1
2018-08-11 06:10,0.00764000,7137000,27.26,54499,1
2018-08-11 06:10,0.00417000,7137000,14.88,29746,1
2018-08-11 06:10,0.00712000,7137000,25.40,50790,1
2018-08-11 06:11,0.00495532,7129000,17.66,35308,1
2018-08-11 06:11,0.01391000,7129000,49.58,99114,1
2018-08-11 06:11,0.00779000,7129000,27.76,55507,1
2018-08-11 06:11,0.01042000,7129000,37.14,74247,1
2018-08-11 06:11,0.00779000,7129000,27.76,55507,1
2018-08-11 06:11,0.01105000,7129000,39.38,78736,1
2018-08-11 06:11,0.00461000,7129000,16.43,32848,1
2018-08-11 06:11,0.00418000,7129000,14.89,29784,1
2018-08-11 06:11,0.00426860,7129000,15.21,30415,1
2018-08-11 06:11,0.00939000,7129000,33.47,66907,1
2018-08-11 06:11,0.14109622,7127000,502.79,1005089,1
2018-08-11 06:11,0.00200000,7127000,7.12,14246,1
2018-08-11 06:11,0.00697442,7127000,24.85,49681,1
2018-08-11 06:12,0.00950000,7173000,34.07,-68178,0
2018-08-11 06:14,0.00907754,7163000,32.51,64989,1
2018-08-11 06:14,0.02854000,7163000,102.21,204329,1
2018-08-11 06:14,0.08816000,7163000,315.74,631174,1
2018-08-11 06:14,0.08647000,7163000,309.69,619074,1
2018-08-11 06:14,0.05429000,7163000,194.43,388684,1
2018-08-11 06:14,0.13122000,7163000,469.96,939458,1
2018-08-11 06:14,0.04965000,7163000,177.82,355465,1
2018-08-11 06:14,0.00416000,7163000,14.89,29783,1
2018-08-11 06:14,0.03846000,7163000,137.74,275351,1
2018-08-11 06:14,0.18733138,7163000,670.92,1341183,1
2018-08-11 06:14,0.41030000,7161000,1469.07,-2939628,0
2018-08-11 06:16,0.02288014,7158000,81.88,-163858,0
2018-08-11 06:16,1.43731986,7158000,5144.16,-10293480,0
2018-08-11 06:19,3.50000000,7161000,12531.75,25050968,1
2018-08-11 06:21,0.01650000,7139000,58.89,-117853,0
2018-08-11 06:25,0.00005787,7151000,0.20,-414,0
2018-08-11 06:26,0.23793111,7150000,850.60,-1702058,0
2018-08-11 06:26,0.20110000,7165000,720.44,-1441602,0
2018-08-11 06:27,0.01387516,7173000,49.76,-99577,0
2018-08-11 06:27,0.02772484,7173000,99.43,-198970,0
2018-08-11 06:27,0.00380000,7174000,13.63,-27275,0
2018-08-11 06:27,0.44470000,7174000,1595.13,-3191873,0
2018-08-11 06:28,0.53208027,7174000,1908.57,3815235,1
2018-08-11 06:28,0.00433000,7174000,15.53,31047,1
2018-08-11 06:28,0.00442000,7174000,15.85,31693,1
2018-08-11 06:28,0.00442000,7174000,15.85,31693,1
2018-08-11 06:29,0.02043259,7168000,73.23,146387,1
2018-08-11 06:29,0.10000000,7168000,358.40,716441,1
2018-08-11 06:29,0.02728700,7168000,97.79,195495,1
2018-08-11 06:30,0.00012537,7168000,0.44,898,1
2018-08-11 06:30,0.10000000,7168000,358.40,716441,1
2018-08-11 06:30,0.15267463,7168000,547.18,1093824,1
2018-08-11 06:32,0.00007213,7180000,0.25,-519,0
2018-08-11 06:41,0.04253710,7210000,153.34,-306846,0
2018-08-11 06:41,0.00597364,7210000,21.53,-43092,0
2018-08-11 06:41,0.09348926,7210000,337.02,-674395,0
2018-08-11 06:42,0.14200000,7218000,512.47,1024443,1
2018-08-11 06:45,0.76563791,7192000,2753.23,-5509221,0
2018-08-11 06:45,0.00379405,7192000,13.64,-27301,0
2018-08-11 06:46,0.01671643,7177000,59.98,119913,1
2018-08-11 06:46,0.01400000,7177000,50.23,100427,1
2018-08-11 06:46,0.04389631,7179000,157.56,314974,1
2018-08-11 06:46,0.00451296,7172000,16.18,32350,1
2018-08-11 06:47,0.00682775,7173000,24.48,48950,1
2018-08-11 06:47,0.01000000,7159000,35.79,71554,1
2018-08-11 06:47,0.01481815,7158000,53.03,106015,1
2018-08-11 06:48,0.23258769,7148000,831.26,-1663368,0
2018-08-11 06:48,0.30544465,7148000,1091.65,-2184410,0
2018-08-11 06:48,0.15828661,7148000,565.71,-1131999,0
2018-08-11 06:49,0.06298330,7163000,225.57,-451375,0
2018-08-11 06:49,0.05111670,7163000,183.07,-366332,0
2018-08-11 06:52,0.01140000,7180000,40.92,-81893,0
2018-08-11 06:53,0.07310000,7182000,262.50,-525267,0
2018-08-11 06:53,0.40644419,7184000,1459.94,-2921355,0
2018-08-11 06:53,0.11680000,7192000,420.01,-840446,0
2018-08-11 06:54,0.79110000,7169000,2835.69,-5674232,0
2018-08-11 06:57,0.51823278,7177000,1859.67,3717496,1
2018-08-11 06:57,0.01392837,7176000,49.97,99900,1
2018-08-11 06:57,0.03569513,7175000,128.05,255984,1
2018-08-11 06:58,0.02822143,7176000,101.25,202415,1
2018-08-11 06:58,0.00839160,7176000,30.10,60188,1
2018-08-11 06:58,0.00419580,7176000,15.05,30094,1
2018-08-11 07:05,0.00614107,7204000,22.12,44218,1
2018-08-11 07:05,0.00000596,7186000,0.02,-43,0
2018-08-11 07:05,0.71551040,7206000,2577.98,5153389,1
2018-08-11 07:06,0.03990960,7208000,143.83,287524,1
2018-08-11 07:07,0.10706022,7219000,386.43,772481,1
2018-08-11 07:07,0.13500000,7219000,487.28,974077,1
2018-08-11 07:07,0.00869843,7219000,31.39,62762,1
2018-08-11 07:07,0.10050000,7219000,362.75,725146,1
2018-08-11 07:07,0.09023663,7219000,325.70,651092,1
2018-08-11 07:07,0.13100000,7218000,472.77,945085,1
2018-08-11 07:07,0.01869000,7224000,67.50,134949,1
2018-08-11 07:07,0.00413000,7224000,14.91,29820,1
2018-08-11 07:07,0.00760000,7224000,27.45,54874,1
2018-08-11 07:07,0.08405000,7224000,303.58,606873,1
2018-08-11 07:07,0.02354000,7224000,85.02,169967,1
2018-08-11 07:07,0.00760000,7224000,27.45,54874,1
2018-08-11 07:07,0.00785000,7224000,28.35,56680,1
2018-08-11 07:07,0.07396000,7224000,267.14,534019,1
2018-08-11 07:07,0.00760000,7224000,27.45,54874,1
2018-08-11 07:07,0.00610000,7224000,22.03,44044,1
2018-08-11 07:07,0.03224000,7224000,116.45,232785,1
2018-08-11 07:07,0.01186800,7222000,42.85,85667,1
2018-08-11 07:07,0.01347000,7222000,48.64,97231,1
2018-08-11 07:07,0.01347000,7222000,48.64,97231,1
2018-08-11 07:07,0.01347000,7222000,48.64,97231,1
2018-08-11 07:07,0.09440000,7222000,340.87,681415,1
2018-08-11 07:07,0.01413000,7221000,51.01,101981,1
2018-08-11 07:07,0.04441000,7221000,160.34,320524,1
2018-08-11 07:07,0.00415282,7221000,14.99,29972,1
2018-08-11 07:08,0.17441801,7219000,629.56,1258494,1
2018-08-11 07:09,0.08670920,7218000,312.93,625554,1
2018-08-11 07:12,0.18140000,7215000,654.40,1308146,1
2018-08-11 07:12,0.25370000,7198000,913.06,-1827046,0
2018-08-11 07:13,0.04881727,7212000,176.03,351894,1
2018-08-11 07:13,0.01281261,7206000,46.16,92281,1
2018-08-11 07:14,0.50743305,7192000,1824.72,-3651284,0
2018-08-11 07:23,0.48693232,7210000,1755.39,3509026,1
2018-08-11 07:25,0.01224930,7212000,44.17,88297,1
2018-08-11 07:25,0.15997851,7212000,576.88,1153188,1
2018-08-11 07:25,0.01070000,7212000,38.58,77129,1
2018-08-11 07:26,0.02960000,7206000,106.64,213190,1
2018-08-11 07:27,0.00008578,7186000,0.30,-617,0
2018-08-11 07:27,0.10000000,7186000,359.30,-718960,0
2018-08-11 07:27,0.00007961,7186000,0.28,-573,0
2018-08-11 07:27,0.10000000,7186000,359.30,-718960,0
2018-08-11 07:27,0.00682678,7198000,24.56,49114,1
2018-08-11 07:32,0.15640519,7204000,563.37,-1127307,0
2018-08-11 07:32,0.08200000,7208000,295.52,-591352,0
2018-08-11 07:35,0.42363004,7197000,1524.43,3047340,1
2018-08-11 07:35,0.00816996,7197000,29.39,58769,1
2018-08-11 07:37,3.50000000,7177000,12559.75,-25132060,0
2018-08-11 07:47,0.07482168,7192000,269.05,537848,1
2018-08-11 07:47,0.20000000,7192000,719.20,1437680,1
2018-08-11 07:53,0.00071903,7188000,2.58,5165,1
2018-08-11 07:53,0.00155000,7188000,5.57,11135,1
2018-08-11 07:53,0.00151000,7188000,5.42,10848,1
2018-08-11 07:53,0.04064732,7188000,146.08,292026,1
2018-08-11 07:53,0.00155000,7188000,5.57,11135,1
2018-08-11 07:54,0.02988156,7189000,107.40,214711,1
2018-08-11 07:54,0.02690000,7189000,96.69,193287,1
2018-08-11 07:54,0.36965000,7189000,1328.70,2656085,1
2018-08-11 07:54,0.00704399,7189000,25.31,50613,1
2018-08-11 07:54,0.12509642,7189000,449.65,898868,1
2018-08-11 08:10,0.07363521,7172000,264.05,527847,1
2018-08-11 08:19,0.63379420,7216000,2286.72,4571172,1
2018-08-11 08:19,1.28000000,7216000,4618.24,9231861,1
2018-08-11 08:19,0.33606822,7236000,1215.89,2430573,1
2018-08-11 08:19,0.29713178,7236000,1075.02,2148970,1
2018-08-11 08:24,0.35615084,7210000,1283.92,-2569132,0
2018-08-11 08:24,0.03532825,7210000,127.35,-254844,0
2018-08-11 08:24,0.25140000,7211000,906.42,-1813752,0
2018-08-11 08:24,0.02500000,7212000,90.15,-180391,0
2018-08-11 08:24,0.00001937,7212000,0.06,-140,0
2018-08-11 08:25,0.36998063,7212000,1334.15,-2669635,0
2018-08-11 08:38,0.32734761,7213000,1180.57,2359977,1
2018-08-11 08:39,0.44970000,7200000,1618.92,-3239459,0
2018-08-11 08:40,0.16490000,7200000,593.64,-1187874,0
2018-08-11 08:40,0.00100000,7201000,3.60,-7205,0
2018-08-11 08:40,0.01340000,7200000,48.24,-96529,0
2018-08-11 08:41,0.03030000,7199000,109.06,-218239,0
2018-08-11 08:41,0.15250000,7199000,548.92,-1098397,0
2018-08-11 08:41,0.00300000,7199000,10.79,-21608,0
2018-08-11 08:41,0.01912941,7199000,68.85,-137782,0
2018-08-11 08:43,0.15006506,7217000,541.50,-1083561,0
2018-08-11 08:53,0.07620000,7236000,275.69,-551659,0
2018-08-11 09:05,0.03273732,7245000,118.59,237063,1
2018-08-11 09:05,0.01988964,7245000,72.05,144028,1
2018-08-11 09:05,0.17993045,7245000,651.79,1302944,1
2018-08-11 09:08,0.00970288,7241000,35.12,70223,1
2018-08-11 09:08,0.00800000,7241000,28.96,57899,1
2018-08-11 09:08,0.67350000,7230000,2434.70,-4871840,0
2018-08-11 09:09,0.04513766,7224000,163.03,-326238,0
2018-08-11 09:12,0.02975850,7226000,107.51,214927,1
2018-08-11 09:12,0.08330929,7226000,300.99,601691,1
2018-08-11 09:14,0.00002300,7205000,0.08,-166,0
2018-08-11 09:14,0.25698800,7205000,925.79,-1852525,0
2018-08-11 09:14,0.00349940,7205000,12.60,-25226,0
2018-08-11 09:15,0.04910000,7203000,176.83,-353845,0
2018-08-11 09:21,0.04626557,7194000,166.41,-333001,0
2018-08-11 09:23,0.06388666,7190000,229.67,-459575,0
2018-08-11 09:27,1.66920000,7207000,6014.96,12023909,1
2018-08-11 09:27,0.87660000,7207000,3158.82,6314497,1
2018-08-11 09:43,0.00004821,7200000,0.17,-348,0
2018-08-11 09:43,0.01912500,7200000,68.85,-137769,0
2018-08-11 09:43,0.00212679,7200000,7.65,-15321,0
2018-08-11 09:44,0.00722841,7227000,26.11,52213,1
2018-08-11 09:44,0.01407159,7227000,50.84,101644,1
2018-08-11 09:47,0.22601232,7190000,812.51,-1625841,0
2018-08-11 09:49,0.06850000,7190000,246.25,-492762,0
2018-08-11 09:49,0.10421134,7190000,374.63,-749655,0
2018-08-11 09:49,0.45571617,7190000,1638.29,-3278238,0
2018-08-11 09:49,0.21967249,7190000,789.72,-1580235,0
2018-08-11 09:51,2.42590000,7180000,8708.98,-17426671,0
2018-08-11 09:58,0.02408546,7187000,86.55,173015,1
2018-08-11 10:00,0.07647975,7186000,274.79,549308,1
2018-08-11 10:00,0.89249119,7186000,3206.72,6410234,1
2018-08-11 10:00,0.10845523,7186000,389.67,778969,1
2018-08-11 10:02,0.00418000,7173000,14.99,29968,1
2018-08-11 10:02,0.00418000,7173000,14.99,29968,1
2018-08-11 10:02,0.00432338,7173000,15.50,30996,1
2018-08-11 10:02,0.58183884,7173000,2086.76,4171443,1
2018-08-11 10:02,0.00418000,7173000,14.99,29968,1
2018-08-11 10:02,0.00415000,7173000,14.88,29753,1
2018-08-11 10:02,0.00415000,7173000,14.88,29753,1
2018-08-11 10:02,0.01430000,7173000,51.28,102522,1
2018-08-11 10:02,0.00418000,7173000,14.99,29968,1
2018-08-11 10:02,0.00418000,7173000,14.99,29968,1
2018-08-11 10:02,0.01383000,7173000,49.60,99152,1
2018-08-11 10:02,0.00418000,7173000,14.99,29968,1
2018-08-11 10:02,0.00604000,7173000,21.66,43303,1
2018-08-11 10:02,0.00418000,7173000,14.99,29968,1
2018-08-11 10:02,0.00417000,7173000,14.95,29896,1
2018-08-11 10:05,0.09410000,7178000,337.72,-675788,0
2018-08-11 10:10,0.00081248,7189000,2.92,5837,1
2018-08-11 10:34,1.18877504,7189000,4273.05,-8550377,0
2018-08-11 10:34,0.06292496,7189000,226.18,-452594,0
2018-08-11 10:35,0.00572905,7202000,20.63,41239,1
2018-08-11 10:35,0.00248461,7202000,8.94,17885,1
2018-08-11 10:35,0.00236361,7202000,8.51,17014,1
2018-08-11 10:37,0.05039979,7200000,181.43,362697,1
2018-08-11 10:37,0.00001072,7197000,0.03,77,1
2018-08-11 10:49,3.02040000,7185000,10850.78,21690723,1
2018-08-11 11:18,3.50000000,7180000,12565.00,-25142565,0
2018-08-11 11:25,0.38581824,7205000,1389.91,2778430,1
2018-08-11 11:26,0.00474966,7203000,17.10,34194,1
2018-08-11 11:26,0.18115247,7203000,652.42,1304188,1
2018-08-11 11:28,0.00000001,7210000,0,0,1
2018-08-11 11:28,2.60169374,7210000,9379.10,18748832,1
2018-08-11 11:28,0.02348964,7210000,84.68,169275,1
2018-08-11 11:30,0.00837500,7208000,30.18,60336,1
2018-08-11 11:41,0.16600987,7226000,599.79,1198987,1
2018-08-11 11:41,0.05900000,7226000,213.16,426120,1
2018-08-11 11:41,0.00687079,7226000,24.82,49623,1
2018-08-11 11:41,0.06281934,7226000,226.96,453705,1
2018-08-11 12:00,0.26317225,7212000,948.99,-1898948,0
2018-08-11 12:11,0.26320000,7215000,949.49,1898038,1
2018-08-11 12:23,3.24242110,7201000,11674.33,-23360349,0
2018-08-11 12:46,0.00200859,7188000,7.21,14430,1
2018-08-11 12:46,0.00997734,7188000,35.85,71681,1
2018-08-11 12:46,0.05530461,7188000,198.76,397330,1
2018-08-11 12:54,0.44429896,7220000,1603.91,3206234,1
2018-08-11 12:55,0.00145249,7220000,5.24,10481,1
2018-08-11 12:55,0.00410000,7220000,14.80,29587,1
2018-08-11 13:02,0.97024100,7225000,3504.99,7006486,1
2018-08-11 13:03,1.74500000,7210000,6290.72,-12587741,0
2018-08-11 13:04,0.11268183,7224000,407.00,813606,1
2018-08-11 13:04,0.01700000,7224000,61.40,122746,1
2018-08-11 13:05,1.55647604,7223000,5621.21,11236805,1
2018-08-11 13:05,0.00020410,7223000,0.73,1473,1
2018-08-11 13:05,0.04382148,7223000,158.26,316364,1
2018-08-11 13:08,0.79121507,7225000,2858.26,5713670,1
2018-08-11 13:08,0.97868493,7225000,3535.49,7067463,1
2018-08-11 13:27,3.50000000,7216000,12628.00,-25268628,0
2018-08-11 13:27,0.00175600,7229000,6.34,12687,1
2018-08-11 13:27,0.00261954,7229000,9.46,18927,1
2018-08-11 13:27,0.06311319,7229000,228.12,456017,1
2018-08-11 13:28,0.05164821,7228000,186.65,373126,1
2018-08-11 13:28,0.08474886,7228000,306.28,612258,1
2018-08-11 13:28,0.01495641,7228000,54.05,108050,1
2018-08-11 13:28,0.01502389,7228000,54.29,108538,1
2018-08-11 13:31,0.75727615,7222000,2734.52,5466313,1
2018-08-11 13:31,0.46385882,7221000,1674.76,3347849,1
2018-08-11 13:39,0.01386829,7213000,50.01,99981,1
2018-08-11 13:40,0.02078539,7213000,74.96,149850,1
2018-08-11 13:46,1.31946650,7193000,4745.46,-9495668,0
2018-08-11 13:59,0.38263761,7209000,1379.21,2757055,1
2018-08-11 14:02,0.03472512,7206000,125.11,250104,1
2018-08-11 14:11,0.01540900,7164000,55.19,110334,1
2018-08-11 14:11,0.00695735,7164000,24.92,49817,1
2018-08-11 14:11,0.01389908,7164000,49.78,99523,1
2018-08-11 14:11,0.00061276,7164000,2.19,4387,1
2018-08-11 14:11,0.15346873,7164000,549.72,1098900,1
2018-08-11 14:11,0.02917927,7164000,104.52,208935,1
2018-08-11 14:11,0.00643389,7164000,23.04,46069,1
2018-08-11 14:11,0.00079408,7169000,2.84,5689,1
2018-08-11 14:11,0.61842196,7169000,2216.73,4431250,1
2018-08-11 14:12,0.18508504,7168000,663.34,1326026,1
2018-08-11 14:12,0.00436000,7168000,15.62,31236,1
2018-08-11 14:12,1.62220000,7174000,5818.83,-11643482,0
2018-08-11 14:14,0.00350374,7187000,12.59,25168,1
2018-08-11 14:14,0.10405146,7187000,373.90,747443,1
2018-08-11 14:14,0.51314293,7187000,1843.97,3686114,1
2018-08-11 14:14,0.00030000,7186000,1.07,2154,1
2018-08-11 14:14,0.67999914,7187000,2443.57,4884710,1
2018-08-11 14:14,0.30000000,7187000,1078.05,2155021,1
2018-08-11 14:14,0.10000000,7187000,359.35,718340,1
2018-08-11 14:14,0.00008530,7202000,0.30,-615,0
2018-08-11 14:14,0.89771470,7202000,3232.67,-6468574,0
2018-08-11 14:15,0.28751463,7238000,1040.51,2079990,1
2018-08-11 14:15,0.04309001,7238000,155.94,311729,1
2018-08-11 14:15,0.03462500,7238000,125.30,250490,1
2018-08-11 14:15,0.05852550,7238000,211.80,423395,1
2018-08-11 14:15,0.09130602,7238000,330.43,660542,1
2018-08-11 14:15,0.16501322,7238000,597.18,1193768,1
2018-08-11 14:15,0.48331721,7238000,1749.12,3496500,1
2018-08-11 14:16,1.53340000,7235000,5547.07,11088601,1
2018-08-11 14:20,0.08830000,7223000,318.89,-638110,0
2018-08-11 14:21,1.40264470,7223000,5065.65,-10136369,0
2018-08-11 14:21,0.05641595,7223000,203.74,-407697,0
2018-08-11 14:24,0.00192516,7202000,6.93,13858,1
2018-08-11 14:29,0.38549814,7204000,1388.56,-2778518,0
2018-08-11 14:29,0.01130186,7204000,40.70,-81460,0
2018-08-11 14:30,0.58000000,7199000,2087.71,4173332,1
2018-08-11 14:30,0.44667914,7199000,1607.82,3214035,1
2018-08-11 14:32,0.12563530,7199000,452.22,903996,1
2018-08-11 14:38,0.00020000,7204000,0.72,1440,1
2018-08-11 14:38,0.02154824,7204000,77.61,155155,1
2018-08-11 14:38,0.03841632,7204000,138.37,276612,1
2018-08-11 14:45,0.00008876,7166000,0.31,-637,0
2018-08-11 14:49,0.01040451,7182000,37.36,74687,1
2018-08-11 14:49,0.01392369,7182000,49.99,99949,1
2018-08-11 14:56,0.32463091,7169000,1163.63,-2328443,0
2018-08-11 14:56,0.01046909,7169000,37.52,-75091,0
2018-08-11 15:01,0.43080087,7188000,1548.29,3095048,1
2018-08-11 15:01,0.09245799,7187000,332.24,664163,1
2018-08-11 15:01,0.00069000,7187000,2.47,4956,1
2018-08-11 15:01,0.00069000,7187000,2.47,4956,1
2018-08-11 15:01,0.29562271,7187000,1062.32,2123578,1
2018-08-11 15:04,0.07906961,7175000,283.66,567040,1
2018-08-11 15:04,0.00014634,7175000,0.52,1049,1
2018-08-11 15:06,0.14110000,7172000,505.98,1011463,1
2018-08-11 15:07,3.50000000,7162000,12533.50,-25079534,0
2018-08-11 15:09,0.08733904,7172000,313.19,626082,1
2018-08-11 16:14,0.29041093,7138000,1036.47,2071916,1
2018-08-11 16:14,0.26072445,7138000,930.52,1860120,1
2018-08-11 16:32,0.18906449,7159000,676.75,1352835,1
2018-08-11 16:32,0.12565305,7159000,449.77,899100,1
2018-08-11 16:32,0.11990000,7159000,429.18,857934,1
2018-08-11 16:33,0.85170000,7154000,3046.53,-6096109,0
2018-08-11 17:01,0.00375014,7210000,13.51,27024,1
2018-08-11 17:01,0.02900000,7210000,104.54,208985,1
2018-08-11 17:01,1.78218930,7210000,6424.79,12843160,1
2018-08-11 17:01,0.15422515,7210000,555.98,1111407,1
2018-08-11 17:01,0.00596000,7210000,21.48,42950,1
2018-08-11 17:01,0.00791000,7210000,28.51,57002,1
2018-08-11 17:01,0.00596000,7210000,21.48,42950,1
2018-08-11 17:01,0.00414000,7210000,14.92,29834,1
2018-08-11 17:01,0.00791000,7210000,28.51,57002,1
2018-08-11 17:01,0.00414000,7210000,14.92,29834,1
2018-08-11 17:01,0.31203808,7215000,1125.67,2250229,1
2018-08-11 17:27,0.00227016,7198000,8.17,16332,1
2018-08-11 17:27,0.00069000,7198000,2.48,4964,1
2018-08-11 17:27,0.00069000,7198000,2.48,4964,1
2018-08-11 17:27,0.00069000,7198000,2.48,4964,1
2018-08-11 17:38,0.00271483,7186000,9.75,19499,1
2018-08-11 17:38,0.07510439,7186000,269.85,539430,1
2018-08-11 17:38,0.02690402,7186000,96.66,193235,1
2018-08-11 17:38,0.01390899,7186000,49.97,99900,1
2018-08-11 18:16,0.15257732,7181000,547.82,1095109,1
2018-08-11 18:16,0.68592268,7181000,2462.80,4923147,1
2018-08-11 18:56,0.20323709,7160000,727.58,-1455906,0
2018-08-11 18:57,0.07911972,7174000,283.80,567321,1
2018-08-11 18:59,0.11873195,7174000,425.89,851357,1
2018-08-11 19:02,0.00530000,7176000,19.01,38013,1
2018-08-11 19:46,0.01300000,7230000,46.99,-94037,0
2018-08-11 19:47,0.01300000,7229000,46.98,93930,1
2018-08-11 19:52,0.01740119,7203000,62.67,-125404,0
2018-08-11 19:52,1.26940000,7203000,4571.74,-9148060,0
2018-08-11 19:52,0.00405408,7216000,14.62,29239,1
2018-08-11 19:53,0.07173999,7212000,258.69,517130,1
2018-08-11 19:53,0.00069000,7212000,2.48,4973,1
2018-08-11 19:53,0.00069000,7212000,2.48,4973,1
2018-08-11 19:53,0.00069000,7212000,2.48,4973,1
2018-08-11 19:53,0.00069000,7212000,2.48,4973,1
2018-08-11 19:53,0.00069000,7212000,2.48,4973,1
2018-08-11 19:53,0.00069000,7212000,2.48,4973,1
2018-08-11 19:53,0.00069000,7212000,2.48,4973,1
2018-08-11 19:53,0.00069000,7212000,2.48,4973,1
2018-08-11 19:53,0.00069000,7212000,2.48,4973,1
2018-08-11 19:53,0.00069000,7212000,2.48,4973,1
2018-08-11 19:53,0.00069000,7212000,2.48,4973,1
2018-08-11 19:54,0.00429093,7205000,15.45,30900,1
2018-08-11 19:54,0.00424345,7205000,15.28,30558,1
2018-08-11 19:59,0.00013925,7188000,0.50,1000,1
2018-08-11 19:59,0.02000000,7188000,71.88,143688,1
2018-08-11 19:59,0.00500000,7188000,17.97,35922,1
2018-08-11 19:59,0.01000000,7188000,35.94,71844,1
2018-08-11 19:59,0.03915000,7188000,140.70,281269,1
2018-08-11 19:59,0.02040000,7188000,73.31,146561,1
2018-08-11 19:59,0.11641721,7188000,418.40,836388,1
2018-08-11 19:59,0.00688347,7188000,24.73,49453,1
2018-08-11 20:02,0.00003442,7183000,0.12,-248,0
2018-08-11 20:04,0.02732922,7181000,98.12,-196350,0
2018-08-11 20:04,0.00791444,7181000,28.41,-56862,0
2018-08-11 20:11,0.00374217,7204000,13.47,26945,1
2018-08-11 20:11,0.00069000,7204000,2.48,4968,1
2018-08-11 20:11,0.00069000,7204000,2.48,4968,1
2018-08-11 20:12,0.00258077,7204000,9.29,18582,1
2018-08-11 20:12,0.18705015,7204000,673.75,1346835,1
2018-08-11 20:24,0.00008030,7179000,0.28,-577,0
2018-08-11 20:26,0.80000000,7188000,2875.20,-5753276,0
2018-08-11 20:28,0.18183341,7190000,653.69,1306728,1
2018-08-11 20:28,0.08191260,7190000,294.47,588657,1
2018-08-11 20:33,0.01290000,7174000,46.27,-92591,0
2018-08-11 20:39,0.08775557,7177000,314.91,629506,1
2018-08-11 20:39,0.00228900,7177000,8.21,16419,1
2018-08-11 20:45,0.00182600,7180000,6.55,13104,1
2018-08-11 20:45,0.00415000,7180000,14.89,29782,1
2018-08-11 20:45,0.00415000,7180000,14.89,29782,1
2018-08-11 20:45,0.00069000,7180000,2.47,4951,1
2018-08-11 20:45,0.01686000,7180000,60.52,120994,1
2018-08-11 20:45,0.01690000,7180000,60.67,121281,1
2018-08-11 20:45,0.23665666,7180000,849.59,1698345,1
2018-08-11 20:54,0.14188770,7193000,510.29,1020087,1
2018-08-11 20:54,0.41686361,7193000,1499.24,2997000,1
2018-08-11 20:55,0.00014000,7193000,0.50,1006,1
2018-08-11 21:02,0.00101083,7178000,3.62,7252,1
2018-08-11 21:15,0.01234005,7194000,44.38,88729,1
2018-08-11 21:23,0.00069000,7198000,2.48,4964,1
2018-08-11 21:23,0.00069000,7198000,2.48,4964,1
2018-08-11 21:23,0.00069000,7198000,2.48,4964,1
2018-08-11 21:23,0.00069000,7198000,2.48,4964,1
2018-08-11 21:23,0.26937174,7198000,969.46,1937968,1
2018-08-11 21:27,0.00086739,7184000,3.11,6228,1
2018-08-11 21:27,0.05776296,7184000,207.48,414761,1
2018-08-11 21:27,0.08347717,7184000,299.84,599400,1
2018-08-11 21:27,0.00889248,7184000,31.94,63851,1
2018-08-11 21:50,2.89320889,7167000,10367.81,-20745996,0
2018-08-11 21:56,0.12089500,7242000,437.76,875083,1
2018-08-11 21:57,0.01138037,7239000,41.19,82341,1
2018-08-11 21:57,0.00910712,7231000,32.92,65820,1
2018-08-11 21:57,0.03041898,7231000,109.97,219849,1
2018-08-11 21:57,0.00203700,7231000,7.36,14722,1
2018-08-11 21:57,0.00233900,7231000,8.45,16904,1
2018-08-11 21:58,0.66423069,7230000,2401.19,4799986,1
2018-08-11 21:58,0.05322490,7229000,192.38,384570,1
2018-08-11 21:58,0.10188822,7230000,368.32,736283,1
2018-08-11 21:59,0.03892232,7230000,140.70,281267,1
2018-08-11 22:01,1.85880000,7240000,6728.85,13450983,1
2018-08-11 22:14,0.00080000,7221000,2.88,-5780,0
2018-08-11 22:19,0.00956711,7214000,34.50,-69052,0
2018-08-11 22:19,0.13583289,7214000,489.94,-980389,0
2018-08-11 22:29,0.14620000,7218000,527.63,1054743,1
2018-08-11 23:19,0.07970000,7203000,287.03,-574367,0
2018-08-11 23:21,0.07970000,7218000,287.63,574986,1
2018-08-11 23:44,0.00800000,7213000,28.85,-57733,0
2018-08-11 23:48,0.00002039,7221000,0.07,-148,0
2018-08-11 23:48,0.00003458,7223000,0.12,-250,0
2018-08-11 23:48,0.00000967,7224000,0.03,-70,0
2018-08-11 23:48,0.00600000,7224000,21.67,-43366,0
2018-08-11 23:49,0.01500000,7221000,54.15,-108370,0
2018-08-11 23:49,2.08200000,7220000,7516.02,-15039556,0
2018-08-12 00:39,1.22580000,7195000,4409.81,-8824041,0
2018-08-12 00:51,0.00390497,7195000,14.04,28082,1
2018-08-12 00:51,0.05251500,7195000,188.92,377656,1
2018-08-12 00:58,0.07087641,7207000,255.40,510550,1
2018-08-12 00:58,0.06171415,7207000,222.38,444551,1
2018-08-12 00:58,0.08697400,7207000,313.41,626508,1
2018-08-12 01:02,0.43425181,7201000,1563.52,3125483,1
2018-08-12 01:02,0.09312933,7200000,335.26,670195,1
2018-08-12 01:12,0.00148605,7193000,5.34,10683,1
2018-08-12 01:15,0.00014000,7197000,0.50,1007,1
2018-08-12 01:15,0.03926484,7198000,141.31,282487,1
2018-08-12 01:15,0.00069000,7198000,2.48,4964,1
2018-08-12 01:15,0.00069000,7198000,2.48,4964,1
2018-08-12 01:15,0.00069000,7198000,2.48,4964,1
2018-08-12 01:15,0.00069000,7198000,2.48,4964,1
2018-08-12 01:15,0.00069000,7198000,2.48,4964,1
2018-08-12 01:15,0.00069000,7198000,2.48,4964,1
2018-08-12 01:15,0.00069000,7198000,2.48,4964,1
2018-08-12 01:15,0.00069000,7198000,2.48,4964,1
2018-08-12 01:15,0.11939573,7199000,429.76,859100,1
2018-08-12 01:16,0.06941190,7198000,249.81,499377,1
2018-08-12 01:16,0.02408000,7198000,86.66,173241,1
2018-08-12 01:17,0.00461308,7194000,16.59,33169,1
2018-08-12 01:21,0.02849804,7239000,103.14,206194,1
2018-08-12 01:21,0.00069000,7239000,2.49,4992,1
2018-08-12 01:21,0.00069000,7239000,2.49,4992,1
2018-08-12 01:21,0.00069000,7239000,2.49,4992,1
2018-08-12 01:21,0.00069000,7239000,2.49,4992,1
2018-08-12 01:21,0.00412000,7239000,14.91,29809,1
2018-08-12 01:21,0.00412000,7239000,14.91,29809,1
2018-08-12 01:21,0.00412000,7239000,14.91,29809,1
2018-08-12 01:21,0.00412000,7239000,14.91,29809,1
2018-08-12 01:21,0.00412000,7239000,14.91,29809,1
2018-08-12 01:21,0.00412000,7239000,14.91,29809,1
2018-08-12 01:21,0.00412000,7239000,14.91,29809,1
2018-08-12 01:21,0.00412000,7239000,14.91,29809,1
2018-08-12 01:21,0.00412000,7239000,14.91,29809,1
2018-08-12 01:21,0.00412000,7239000,14.91,29809,1
2018-08-12 01:21,0.00412000,7239000,14.91,29809,1
2018-08-12 01:21,0.00412000,7239000,14.91,29809,1
2018-08-12 01:21,0.15589197,7239000,564.25,1127937,1
2018-08-12 01:21,0.02700000,7239000,97.72,195355,1
2018-08-12 01:21,1.74255999,7239000,6307.19,12608084,1
2018-08-12 01:21,0.00069000,7239000,2.49,4992,1
2018-08-12 01:21,0.00069000,7239000,2.49,4992,1
2018-08-12 01:21,0.00069000,7239000,2.49,4992,1
2018-08-12 01:21,0.26000000,7239000,941.07,1881198,1
2018-08-12 01:21,0.00069000,7239000,2.49,4992,1
2018-08-12 01:21,0.00069000,7239000,2.49,4992,1
2018-08-12 01:31,0.00640000,7216000,23.09,-46206,0
2018-08-12 01:31,0.00640000,7234000,23.14,46274,1
2018-08-12 01:38,0.00007978,7203000,0.28,-575,0
2018-08-12 01:38,0.00412022,7203000,14.83,-29693,0
2018-08-12 01:39,0.00023000,7213000,0.82,1658,1
2018-08-12 01:39,0.00069000,7213000,2.48,4974,1
2018-08-12 01:39,0.00328000,7213000,11.82,23646,1
2018-08-12 01:48,0.67200000,7212000,2423.23,-4848888,0
2018-08-12 01:48,0.66890000,7214000,2412.72,-4827858,0
2018-08-12 01:48,0.00005133,7218000,0.18,-371,0
2018-08-12 01:48,0.00623000,7218000,22.48,-44991,0
2018-08-12 01:48,0.04200000,7218000,151.57,-303308,0
2018-08-12 01:48,0.00900000,7218000,32.48,-64995,0
2018-08-12 01:50,0.04845600,7218000,174.87,349580,1
2018-08-12 01:51,0.08046220,7223000,290.58,580887,1
2018-08-12 01:51,0.08057200,7223000,290.98,581680,1
2018-08-12 01:52,0.14389147,7219000,519.37,-1039272,0
2018-08-12 01:52,0.13050000,7215000,470.77,-942029,0
2018-08-12 01:53,0.04960513,7215000,178.95,-358080,0
2018-08-12 01:53,0.05839487,7215000,210.65,-421530,0
2018-08-12 01:53,0.00298518,7215000,10.76,-21549,0
2018-08-12 01:53,0.00783752,7216000,28.27,-56584,0
2018-08-12 01:53,0.01487730,7216000,53.67,-107409,0
2018-08-12 02:03,1.02763550,7235000,3717.47,-7438661,0
2018-08-12 02:03,0.00004788,7248000,0.17,346,1
2018-08-12 02:04,1.60606628,7248000,5820.38,11634948,1
2018-08-12 02:04,0.10000000,7248000,362.40,724437,1
2018-08-12 02:04,0.06972254,7249000,252.70,505165,1
2018-08-12 02:04,0.10000000,7249000,362.45,724537,1
2018-08-12 02:05,0.74860000,7249000,2713.30,5423888,1
2018-08-12 02:08,0.32110000,7262000,1165.91,-2332995,0
2018-08-12 02:10,0.01590000,7265000,57.75,-115572,0
2018-08-12 02:11,1.88340000,7271000,6847.10,-13701049,0
2018-08-12 02:13,2.22040000,7289000,8092.24,16176403,1
2018-08-12 02:15,0.00001837,7329000,0.06,-135,0
2018-08-12 02:16,0.00008839,7351000,0.32,-650,0
2018-08-12 02:16,0.05431161,7351000,199.62,-399445,0
2018-08-12 02:16,0.01570000,7390000,58.01,-116081,0
2018-08-12 02:16,0.09376174,7410000,347.38,-695122,0
2018-08-12 02:16,0.60353826,7410000,2236.10,-4474455,0
2018-08-12 02:16,0.01870000,7410000,69.28,-138637,0
2018-08-12 02:16,0.00500000,7431000,18.57,-37174,0
2018-08-12 02:16,0.00300000,7431000,11.14,-22305,0
2018-08-12 02:16,0.00008269,7431000,0.30,-615,0
2018-08-12 02:16,0.00676577,7431000,25.13,-50302,0
2018-08-12 02:16,0.05065154,7431000,188.19,-376580,0
2018-08-12 02:17,0.00317965,7445000,11.83,-23685,0
2018-08-12 02:17,2.05983256,7445000,7667.72,-15343122,0
2018-08-12 02:17,0.05900000,7484000,220.77,441335,1
2018-08-12 02:17,0.77197061,7526000,2904.92,5806945,1
2018-08-12 02:17,0.09194120,7526000,345.97,691603,1
2018-08-12 02:17,0.00116427,7520000,4.37,-8760,0
2018-08-12 02:17,0.03000000,7520000,112.80,-225713,0
2018-08-12 02:17,0.16993573,7520000,638.95,-1278556,0
2018-08-12 02:18,0.02360300,7531000,88.87,177665,1
2018-08-12 02:18,0.26360000,7531000,992.58,1984179,1
2018-08-12 02:18,0.04626839,7531000,174.22,348273,1
2018-08-12 02:18,0.41176446,7527000,1549.67,3097801,1
2018-08-12 02:18,1.00000000,7527000,3763.50,7523236,1
2018-08-12 02:19,0.10050000,7500000,376.87,-754127,0
2018-08-12 02:19,1.16768037,7491000,4373.54,-8751468,0
2018-08-12 02:20,1.71570000,7501000,6434.73,12863030,1
2018-08-12 02:25,0.26980000,7507000,1012.69,-2026402,0
2018-08-12 02:25,0.01130000,7507000,42.41,-84872,0
2018-08-12 02:25,0.23490000,7507000,881.69,-1764276,0
2018-08-12 02:26,0.51600000,7504000,1936.03,3870127,1
2018-08-12 02:28,0.00004302,7485000,0.16,-323,0
2018-08-12 02:28,0.08200000,7485000,306.88,-614077,0
2018-08-12 02:28,0.06700000,7485000,250.74,-501746,0
2018-08-12 02:28,0.00004107,7485000,0.15,-308,0
2018-08-12 02:28,0.00265893,7485000,9.95,-19912,0
2018-08-12 02:29,0.16189439,7481000,605.56,-1211738,0
2018-08-12 02:29,0.00977025,7481000,36.54,-73128,0
2018-08-12 02:29,0.01359000,7481000,50.83,-101718,0
2018-08-12 02:29,0.00771000,7481000,28.83,-57708,0
2018-08-12 02:29,0.06883536,7481000,257.47,-515215,0
2018-08-12 02:29,0.41360000,7471000,1545.00,3088460,1
2018-08-12 02:31,0.01332154,7515000,50.05,-100162,0
2018-08-12 02:31,0.00672413,7515000,25.26,-50558,0
2018-08-12 02:31,0.00672413,7515000,25.26,-50558,0
2018-08-12 02:31,0.02710000,7515000,101.82,-203759,0
2018-08-12 02:31,3.44620000,7510000,12940.48,-25893903,0
2018-08-12 02:34,0.89319345,7526000,3361.08,6718812,1
2018-08-12 02:34,0.18592882,7526000,699.65,1398600,1
2018-08-12 02:34,0.48503486,7526000,1825.18,3648547,1
2018-08-12 02:35,0.01050000,7570000,39.74,-79525,0
2018-08-12 02:35,0.00710000,7570000,26.87,-53774,0
2018-08-12 02:35,1.11656130,7570000,4226.18,-8456596,0
2018-08-12 02:35,0.00665523,7570000,25.19,-50406,0
2018-08-12 02:35,0.00658347,7570000,24.91,-49862,0
2018-08-12 02:35,0.71736828,7567000,2714.16,5425611,1
2018-08-12 02:35,0.00236237,7567000,8.93,17867,1
2018-08-12 02:36,0.25720000,7558000,971.95,1942945,1
2018-08-12 02:36,0.01845717,7558000,69.74,139429,1
2018-08-12 02:37,0.99260732,7538000,3741.13,7478532,1
2018-08-12 02:37,0.01000000,7538000,37.69,75342,1
2018-08-12 02:37,0.05024345,7538000,189.36,378545,1
2018-08-12 02:38,0.63015134,7511000,2366.53,-4735434,0
2018-08-12 02:38,0.03384866,7511000,127.11,-254365,0
2018-08-12 02:38,0.00100000,7509000,3.75,-7513,0
2018-08-12 02:39,0.00000944,7518000,0.03,-71,0
2018-08-12 02:40,0.02150000,7511000,80.74,-161568,0
2018-08-12 02:42,0.12704581,7497000,476.23,-952939,0
2018-08-12 02:42,0.03906163,7497000,146.42,-292992,0
2018-08-12 02:42,0.62530000,7498000,2344.24,-4690844,0
2018-08-12 02:47,0.30626529,7505000,1149.26,2297371,1
2018-08-12 02:47,1.33277238,7505000,5001.22,9997455,1
2018-08-12 02:47,0.03500000,7505000,131.33,262543,1
2018-08-12 02:47,0.02103134,7501000,78.87,157677,1
2018-08-12 02:47,0.00684033,7501000,25.65,51283,1
2018-08-12 02:47,0.24825355,7501000,931.07,1861218,1
2018-08-12 02:51,0.56280000,7505000,2111.90,4221702,1
2018-08-12 03:17,0.35205723,7490000,1318.45,-2638228,0
2018-08-12 03:17,0.18964277,7490000,710.21,-1421135,0
2018-08-12 03:18,0.44878779,7490000,1680.71,-3363102,0
2018-08-12 03:21,0.53726651,7489000,2011.79,4021577,1
2018-08-12 03:21,0.04096847,7489000,153.40,306659,1
2018-08-12 03:21,0.00133529,7489000,4.99,9994,1
2018-08-12 03:21,0.08800000,7489000,329.51,658702,1
2018-08-12 03:21,0.07241258,7487000,271.07,541881,1
2018-08-12 03:21,0.23221259,7487000,869.28,1737706,1
2018-08-12 03:22,0.01830000,7485000,68.48,136907,1
2018-08-12 03:24,1.04600000,7470000,3906.81,-7817527,0
2018-08-12 03:34,0.18650000,7480000,697.51,-1395718,0
2018-08-12 03:35,0.09436996,7495000,353.65,706949,1
2018-08-12 03:35,0.02666413,7495000,99.92,199747,1
2018-08-12 03:35,1.11143587,7495000,4165.10,8326046,1
2018-08-12 03:41,0.01340000,7489000,50.17,-100403,0
2018-08-12 03:41,0.00180000,7489000,6.74,-13487,0
2018-08-12 03:42,0.00007965,7490000,0.29,-597,0
2018-08-12 03:42,0.00001000,7490000,0.03,-75,0
2018-08-12 03:42,0.00067000,7490000,2.50,-5021,0
2018-08-12 03:42,0.00042000,7490000,1.57,-3148,0
2018-08-12 03:45,0.00006071,7494000,0.22,-456,0
2018-08-12 03:59,0.01650000,7481000,61.71,123374,1
2018-08-12 04:01,0.04456825,7470000,166.46,-333092,0
2018-08-12 04:01,1.82754792,7470000,6825.89,-13658609,0
2018-08-12 04:01,0.99998383,7470000,3734.93,-7473615,0
2018-08-12 04:25,0.03654005,7458000,136.25,272379,1
2018-08-12 04:47,0.19500000,7478000,729.10,1457480,1
2018-08-12 04:47,0.07770426,7478000,290.53,580781,1
2018-08-12 04:47,0.21067443,7478000,787.71,1574635,1
2018-08-12 05:01,0.37640000,7483000,1408.30,-2818010,0
2018-08-12 05:32,0.35412353,7485000,1325.30,2649289,1
2018-08-12 05:33,0.01922251,7484000,71.93,143789,1
2018-08-12 05:33,0.04503759,7481000,168.46,336757,1
2018-08-12 05:34,0.00002955,7465000,0.11,-221,0
2018-08-12 05:36,0.11705519,7466000,436.96,-874371,0
2018-08-12 05:36,0.06814481,7466000,254.38,-509024,0
2018-08-12 05:36,0.00006514,7466000,0.24,-487,0
2018-08-12 05:36,0.15020000,7466000,560.69,-1121954,0
2018-08-12 05:39,0.00398000,7478000,14.88,29747,1
2018-08-12 05:39,0.00398000,7478000,14.88,29747,1
2018-08-12 05:39,0.00398000,7478000,14.88,29747,1
2018-08-12 05:39,0.00398000,7478000,14.88,29747,1
2018-08-12 05:39,0.00398000,7478000,14.88,29747,1
2018-08-12 05:39,0.00398000,7478000,14.88,29747,1
2018-08-12 05:39,0.00398000,7478000,14.88,29747,1
2018-08-12 05:39,0.00398000,7478000,14.88,29747,1
2018-08-12 05:39,0.00398000,7478000,14.88,29747,1
2018-08-12 05:53,0.42631850,7483000,1595.07,3188546,1
2018-08-12 05:56,0.00285132,7481000,10.66,21320,1
2018-08-12 05:56,0.00066000,7481000,2.46,4934,1
2018-08-12 05:56,0.00398000,7481000,14.88,29759,1
2018-08-12 05:56,0.00066000,7481000,2.46,4934,1
2018-08-12 05:56,0.00066000,7481000,2.46,4934,1
2018-08-12 05:56,0.00066000,7481000,2.46,4934,1
2018-08-12 05:56,0.00066000,7481000,2.46,4934,1
2018-08-12 05:56,0.00066000,7481000,2.46,4934,1
2018-08-12 05:56,0.00066000,7481000,2.46,4934,1
2018-08-12 05:56,0.00066000,7481000,2.46,4934,1
2018-08-12 05:59,0.26050000,7491000,975.70,1950429,1
2018-08-12 05:59,0.02988658,7490000,111.92,223738,1
2018-08-12 05:59,0.00066000,7490000,2.47,4940,1
2018-08-12 05:59,0.10000000,7490000,374.50,748625,1
2018-08-12 06:00,0.00100000,7493000,3.74,7489,1
2018-08-12 06:04,0.06760920,7501000,253.56,506883,1
2018-08-12 06:07,0.04614362,7487000,172.73,-345650,0
2018-08-12 06:08,0.94679163,7499000,3549.99,7096440,1
2018-08-12 06:08,0.01833000,7497000,68.71,137351,1
2018-08-12 06:09,0.00109999,7495000,4.12,8240,1
2018-08-12 06:09,0.45920000,7495000,1720.85,3439983,1
2018-08-12 06:16,0.00002000,7494000,0.07,149,1
2018-08-12 06:16,0.00100000,7494000,3.74,7490,1
2018-08-12 06:16,0.09010000,7477000,336.83,-674015,0
2018-08-12 06:16,0.01610369,7477000,60.20,-120468,0
2018-08-12 06:19,0.00150000,7478000,5.60,-11223,0
2018-08-12 06:23,0.00005997,7488000,0.22,448,1
2018-08-12 06:30,0.00000001,7476000,0,0,1
2018-08-12 06:36,0.01650000,7482000,61.72,123391,1
2018-08-12 06:36,0.00665139,7482000,24.88,49740,1
2018-08-12 06:36,0.02520900,7482000,94.30,188519,1
2018-08-12 06:36,0.00661882,7482000,24.76,49497,1
2018-08-12 06:37,0.08417602,7482000,314.90,629490,1
2018-08-12 06:44,0.29990000,7479000,1121.47,2241830,1
2018-08-12 07:02,0.01970000,7481000,73.68,-147450,0
2018-08-12 07:03,0.01970000,7494000,73.81,147557,1
2018-08-12 07:30,3.50000000,7480000,13090.00,-26193090,0
2018-08-12 07:37,0.34084212,7488000,1276.11,2550949,1
2018-08-12 07:37,0.01000000,7488000,37.44,74842,1
2018-08-12 08:32,0.01364587,7444000,50.78,101529,1
2018-08-12 08:32,0.00667744,7444000,24.85,49682,1
2018-08-12 08:48,0.74286775,7400000,2748.61,5494472,1
2018-08-12 08:48,0.10000000,7400000,370.00,739630,1
2018-08-12 08:48,0.56213433,7400000,2079.89,4157714,1
2018-08-12 08:48,0.03825816,7400000,141.55,282968,1
2018-08-12 08:48,0.07277343,7400000,269.26,538254,1
2018-08-12 08:48,0.10209600,7400000,377.75,755132,1
2018-08-12 08:48,0.00100000,7400000,3.70,7396,1
2018-08-12 08:48,0.04421866,7400000,163.60,327054,1
2018-08-12 08:48,0.02000000,7400000,74.00,147926,1
2018-08-12 08:48,0.01351350,7400000,49.99,99949,1
2018-08-12 08:48,0.00037184,7400000,1.37,2750,1
2018-08-12 08:48,0.10000000,7400000,370.00,739630,1
2018-08-12 08:48,2.16840000,7364000,7984.04,-15976082,0
2018-08-12 08:51,0.10640092,7357000,391.39,782400,1
2018-08-12 08:51,0.87775284,7357000,3228.81,6454398,1
2018-08-12 08:51,0.02495045,7357000,91.78,183468,1
2018-08-12 08:51,0.66003833,7357000,2427.95,4853474,1
2018-08-12 08:52,0.00001756,7364000,0.06,-130,0
2018-08-12 08:52,0.28365400,7364000,1044.41,-2089873,0
2018-08-12 08:55,0.40614639,7340000,1490.55,-2982605,0
2018-08-12 08:55,0.06705361,7340000,246.08,-492420,0
2018-08-12 09:00,0.11585276,7347000,425.58,850744,1
2018-08-12 09:02,0.21931274,7348000,805.75,1610704,1
2018-08-12 09:02,0.10412417,7348000,382.55,764721,1
2018-08-12 09:02,0.06877698,7348000,252.68,505120,1
2018-08-12 09:03,0.06829522,7306000,249.48,-499215,0
2018-08-12 09:03,0.11250000,7306000,410.96,-822336,0
2018-08-12 09:03,0.07422390,7305000,271.10,-542477,0
2018-08-12 09:03,0.09997610,7305000,365.16,-730691,0
2018-08-12 09:03,0.02560000,7306000,93.51,-187128,0
2018-08-12 09:04,0.28209760,7310000,1031.06,-2063165,0
2018-08-12 09:10,0.15409358,7312000,563.36,1126168,1
2018-08-12 09:14,0.25496355,7305000,931.25,1861577,1
2018-08-12 09:16,0.00087044,7297000,3.17,6348,1
2018-08-12 09:25,1.16750000,7304000,4263.71,-8531684,0
2018-08-12 09:26,0.25262081,7318000,924.33,1847754,1
2018-08-12 09:26,0.00068000,7318000,2.48,4973,1
2018-08-12 09:26,0.00068000,7318000,2.48,4973,1
2018-08-12 09:26,0.00068000,7318000,2.48,4973,1
2018-08-12 09:26,0.00068000,7318000,2.48,4973,1
2018-08-12 09:26,0.19121349,7318000,699.65,1398600,1
2018-08-12 09:26,0.00068000,7318000,2.48,4973,1
2018-08-12 09:26,0.00068000,7318000,2.48,4973,1
2018-08-12 09:33,0.75815718,7317000,2773.71,5544662,1
2018-08-12 09:37,0.01640000,7311000,59.95,-119961,0
2018-08-12 09:38,0.12423339,7314000,454.32,-909098,0
2018-08-12 09:38,0.00116661,7314000,4.26,-8537,0
2018-08-12 09:40,2.43570000,7355000,8957.28,17905616,1
2018-08-12 09:42,0.00002917,7364000,0.10,-215,0
2018-08-12 09:42,0.00000104,7360000,0,-8,0
2018-08-12 09:42,0.00008565,7367000,0.31,-632,0
2018-08-12 09:42,0.20860000,7370000,768.69,-1538151,0
2018-08-12 09:43,0.02000000,7380000,73.80,-147674,0
2018-08-12 09:43,0.10000000,7380000,369.00,-738369,0
2018-08-12 09:43,0.02080000,7378000,76.73,-153540,0
2018-08-12 09:44,0.00190000,7377000,7.00,-14024,0
2018-08-12 09:44,0.03530000,7375000,130.16,-260468,0
2018-08-12 09:45,0.08301457,7368000,305.82,611345,1
2018-08-12 09:48,0.00009193,7362000,0.33,-678,0
2018-08-12 09:48,0.00950807,7362000,34.99,-70034,0
2018-08-12 09:48,0.00005613,7362000,0.20,-414,0
2018-08-12 09:48,0.00414387,7362000,15.25,-30523,0
2018-08-12 09:49,0.00007217,7360000,0.26,-532,0
2018-08-12 09:54,0.08827241,7398000,326.51,652712,1
2018-08-12 10:09,0.20000000,7367000,736.70,1472663,1
2018-08-12 10:09,0.00067000,7367000,2.46,4933,1
2018-08-12 10:09,0.00067000,7367000,2.46,4933,1
2018-08-12 10:09,0.00067000,7367000,2.46,4933,1
2018-08-12 10:09,0.00067000,7367000,2.46,4933,1
2018-08-12 10:09,0.00067000,7367000,2.46,4933,1
2018-08-12 10:09,0.00067000,7367000,2.46,4933,1
2018-08-12 10:09,0.00404000,7367000,14.88,29747,1
2018-08-12 10:09,0.00067000,7367000,2.46,4933,1
2018-08-12 10:09,0.00067000,7367000,2.46,4933,1
2018-08-12 10:09,0.00067000,7367000,2.46,4933,1
2018-08-12 10:09,0.00067000,7367000,2.46,4933,1
2018-08-12 10:09,0.19890000,7337000,729.66,-1460059,0
2018-08-12 10:10,3.28250000,7341000,12048.41,-24108881,0
2018-08-12 10:26,0.13841312,7377000,510.53,1020563,1
2018-08-12 10:30,0.13977247,7357000,514.15,1027791,1
2018-08-12 12:08,0.18531495,7389000,684.64,1368607,1
2018-08-12 12:10,1.94730620,7389000,7194.32,14381451,1
2018-08-12 12:18,1.25173819,7373000,4614.53,-9233681,0
2018-08-12 12:33,0.01500000,7360000,55.20,-110456,0
2018-08-12 12:35,1.14400000,7359000,4209.34,-8422906,0
2018-08-12 13:04,0.16510405,7370000,608.40,1216208,1
2018-08-12 14:36,0.19919109,7397000,736.70,1472679,1
2018-08-12 14:37,0.03904289,7396000,144.38,288616,1
2018-08-12 14:37,0.01870000,7396000,69.15,138236,1
2018-08-12 14:37,0.00743273,7396000,27.48,54944,1
2018-08-12 14:37,0.02403900,7396000,88.89,177703,1
2018-08-12 14:37,0.09705105,7396000,358.89,717430,1
2018-08-12 14:37,0.00028037,7397000,1.03,2072,1
2018-08-12 14:40,2.94910000,7420000,10941.16,21871380,1
2018-08-12 14:58,0.00008517,7437000,0.31,-634,0
2018-08-12 15:16,0.00008337,7415000,0.30,-619,0
2018-08-12 15:18,0.03730000,7423000,138.43,-277017,0
2018-08-12 15:19,0.00003806,7439000,0.14,282,1
2018-08-12 15:19,0.03736194,7439000,138.96,277796,1
2018-08-12 15:22,0.00004532,7423000,0.16,-337,0
2018-08-12 15:42,0.00002536,7421000,0.09,-189,0
2018-08-12 15:56,0.63820000,7429000,2370.59,-4743559,0
2018-08-12 16:00,2.86170000,7429000,10629.78,-21270199,0
2018-08-12 16:14,0.34828677,7418000,1291.79,2582299,1
2018-08-12 16:51,0.79310166,7417000,2941.21,5879493,1
2018-08-12 17:21,0.00004158,7381000,0.15,-307,0
2018-08-12 17:33,0.30374124,7394000,1122.93,-2246986,0
2018-08-12 17:59,2.66240000,7405000,9857.53,19705214,1
2018-08-12 18:21,0.06100000,7410000,226.00,-452236,0
2018-08-12 18:29,0.18100000,7411000,670.69,-1342062,0
2018-08-12 18:30,0.01490000,7414000,55.23,-110524,0
2018-08-12 18:30,0.00006464,7414000,0.23,-480,0
2018-08-12 18:30,0.00002346,7414000,0.08,-174,0
2018-08-12 18:31,0.25700000,7424000,953.98,1907014,1
2018-08-12 19:02,0.00007024,7430000,0.26,-523,0
2018-08-12 19:05,0.00001231,7421000,0.04,-92,0
2018-08-12 19:05,0.00586740,7421000,21.77,-43564,0
2018-08-12 19:06,0.00134228,7437000,4.99,9977,1
2018-08-12 19:12,0.20780000,7423000,771.24,-1543271,0
2018-08-12 19:17,0.02529243,7435000,94.02,187955,1
2018-08-12 19:22,0.05814289,7447000,216.49,432773,1
2018-08-12 19:22,0.12890000,7449000,480.08,959696,1
2018-08-12 20:00,0.00007174,7423000,0.26,-533,0
2018-08-12 20:24,0.02040000,7413000,75.61,-151301,0
2018-08-12 20:43,0.01000000,7418000,37.09,-74217,0
2018-08-12 20:43,0.03050000,7440000,113.46,226806,1
2018-08-12 20:43,0.07540000,7431000,280.14,-560578,0
2018-08-12 20:45,0.00067000,7449000,2.49,4988,1
2018-08-12 21:03,0.00004645,7423000,0.17,-345,0
2018-08-12 21:03,0.02587569,7424000,96.05,-192198,0
2018-08-12 21:03,0.06652431,7424000,246.93,-494124,0
2018-08-12 21:03,0.35736561,7421000,1326.00,-2653337,0
2018-08-12 21:03,0.50060000,7423000,1857.97,-3717812,0
2018-08-12 21:04,0.32560000,7419000,1207.81,-2416835,0
2018-08-12 21:04,0.08949935,7419000,331.99,-664328,0
2018-08-12 21:04,0.19960065,7419000,740.41,-1481578,0
2018-08-12 21:04,0.39730000,7419000,1473.78,-2949043,0
2018-08-12 21:04,0.24413411,7419000,905.61,-1812137,0
2018-08-12 21:04,0.48670000,7419000,1805.41,-3612633,0
2018-08-12 21:49,0.00068000,7343000,2.49,4990,1
2018-08-12 21:49,0.00068000,7343000,2.49,4990,1
2018-08-12 21:49,0.00068000,7343000,2.49,4990,1
2018-08-12 21:49,0.02900000,7343000,106.47,212840,1
2018-08-12 21:49,0.00068000,7343000,2.49,4990,1
2018-08-12 21:49,0.00406000,7343000,14.90,29797,1
2018-08-12 21:49,0.00068000,7343000,2.49,4990,1
2018-08-12 21:49,0.00068000,7343000,2.49,4990,1
2018-08-12 21:49,0.01361160,7343000,49.97,99900,1
2018-08-12 21:49,0.01639462,7343000,60.19,120325,1
2018-08-12 21:49,0.02900000,7343000,106.47,212840,1
2018-08-12 21:49,0.00072500,7343000,2.66,5321,1
2018-08-12 22:01,0.49203124,7351000,1808.46,3615113,1
2018-08-12 22:06,0.00076886,7344000,2.82,5643,1
2018-08-12 22:07,0.01051620,7342000,38.60,77171,1
2018-08-12 22:07,0.05449701,7342000,200.05,399916,1
2018-08-12 22:07,0.13613456,7342000,499.74,999000,1
2018-08-12 22:08,0.00061119,7341000,2.24,4484,1
2018-08-12 22:08,0.01376283,7341000,50.51,100982,1
2018-08-12 22:08,0.01206328,7341000,44.27,88512,1
2018-08-12 22:12,0.03196321,7339000,117.28,234460,1
2018-08-12 22:16,0.24543578,7346000,901.48,-1803873,0
2018-08-12 22:16,0.04735336,7346000,173.92,-348032,0
2018-08-12 22:18,0.01789012,7351000,65.75,131444,1
2018-08-12 22:30,0.49612001,7343000,1821.50,3641187,1
2018-08-12 22:37,0.00000663,7325000,0.02,-49,0
2018-08-12 22:43,0.81364377,7342000,2986.88,5970785,1
2018-08-12 22:43,0.02441269,7342000,89.61,179148,1
2018-08-12 22:56,0.56080000,7350000,2060.94,-4123941,0
2018-08-12 23:01,0.00440000,7384000,16.24,-32506,0
2018-08-12 23:02,0.93162133,7392000,3443.27,-6889989,0
2018-08-12 23:04,0.06689053,7394000,247.29,-494836,0
2018-08-12 23:04,0.10000000,7394000,369.70,-739770,0
2018-08-12 23:07,0.00612000,7392000,22.61,45216,1
2018-08-12 23:09,0.01352996,7391000,49.99,99949,1
2018-08-12 23:09,0.02000000,7391000,73.91,147746,1
2018-08-12 23:20,0.05810926,7410000,215.29,430374,1
2018-08-12 23:21,0.40394209,7408000,1496.20,2990906,1
2018-08-12 23:24,0.04993167,7403000,184.82,369459,1
2018-08-12 23:27,0.28904285,7415000,1071.62,2142181,1
2018-08-12 23:27,0.05978220,7415000,221.64,443063,1
2018-08-12 23:28,0.13477619,7416000,499.75,999000,1
2018-08-12 23:28,1.48800000,7413000,5515.27,11025028,1
2018-08-12 23:42,0.37045069,7381000,1367.14,-2735664,0
2018-08-12 23:42,0.22064931,7381000,814.30,-1629427,0
2018-08-12 23:42,0.00003404,7381000,0.12,-252,0
2018-08-12 23:42,0.05656391,7381000,208.74,-417707,0
2018-08-12 23:53,0.00000271,7382000,0.01,-20,0
2018-08-12 23:55,1.30270000,7378000,4805.66,-9616127,0
2018-08-12 23:56,0.00002562,7375000,0.09,-189,0
2018-08-13 00:17,1.24478370,7396000,4603.21,9201817,1
2018-08-13 00:21,0.26497340,7400000,980.40,1959822,1
2018-08-13 00:40,0.44070000,7447000,1640.94,3280251,1
2018-08-13 00:47,0.00883155,7403000,32.68,-65413,0
2018-08-13 00:47,0.00206845,7403000,7.65,-15321,0
2018-08-13 00:55,0.69410000,7391000,2565.04,-5132659,0
2018-08-13 00:55,0.00002337,7391000,0.08,-173,0
2018-08-13 00:55,0.00127663,7391000,4.71,-9441,0
2018-08-13 00:55,0.30410000,7390000,1123.64,-2248423,0
2018-08-13 00:57,0.00007359,7400000,0.27,544,1
2018-08-13 00:58,0.04549862,7393000,168.18,-336540,0
2018-08-13 00:58,0.07290138,7393000,269.47,-539230,0
2018-08-13 00:58,0.01600000,7393000,59.14,-118348,0
2018-08-13 00:58,0.04600000,7393000,170.03,-340248,0
2018-08-13 00:58,0.03200000,7393000,118.28,-236695,0
2018-08-13 00:59,0.00023017,7392000,0.85,-1703,0
2018-08-13 01:00,0.13400000,7393000,495.33,-991158,0
2018-08-13 01:03,0.28684303,7399000,1061.17,-2123413,0
2018-08-13 01:03,0.00900000,7399000,33.29,-66625,0
2018-08-13 01:03,0.00127654,7399000,4.72,-9450,0
2018-08-13 01:03,0.03418043,7399000,126.45,-253028,0
2018-08-13 01:04,0.00164385,7405000,6.08,12166,1
2018-08-13 01:04,0.14892127,7391000,550.33,-1101228,0
2018-08-13 01:07,0.05390000,7378000,198.83,-397873,0
2018-08-13 01:08,0.04300000,7378000,158.62,-317413,0
2018-08-13 01:08,0.27639211,7378000,1019.61,-2040241,0
2018-08-13 01:12,2.20880000,7406000,8179.18,16350193,1
2018-08-13 01:12,3.50000000,7377000,12909.75,-25832410,0
2018-08-13 01:20,0.51996850,7406000,1925.44,3848961,1
2018-08-13 01:20,0.00482165,7406000,17.85,35691,1
2018-08-13 01:24,0.00402000,7402000,14.87,29741,1
2018-08-13 01:24,0.00402000,7402000,14.87,29741,1
2018-08-13 01:24,0.00402000,7402000,14.87,29741,1
2018-08-13 01:24,0.00402000,7402000,14.87,29741,1
2018-08-13 01:24,0.00402000,7402000,14.87,29741,1
2018-08-13 01:24,0.00402000,7402000,14.87,29741,1
2018-08-13 01:24,0.00402000,7402000,14.87,29741,1
2018-08-13 01:24,0.00402000,7402000,14.87,29741,1
2018-08-13 01:24,0.00402000,7402000,14.87,29741,1
2018-08-13 01:24,0.00402000,7402000,14.87,29741,1
2018-08-13 01:24,0.00402000,7402000,14.87,29741,1
2018-08-13 01:26,0.25962533,7410000,961.91,1922861,1
2018-08-13 01:26,0.00500000,7410000,18.52,37031,1
2018-08-13 01:26,0.69914860,7405000,2588.59,5174606,1
2018-08-13 01:26,0.14000000,7405000,518.35,1036181,1
2018-08-13 01:27,0.06834975,7400000,252.89,-506041,0
2018-08-13 01:27,0.01085025,7400000,40.14,-80332,0
2018-08-13 01:34,0.06930000,7407000,256.65,-513562,0
2018-08-13 01:45,1.24520000,7389000,4600.39,-9205384,0
2018-08-13 02:09,0.00668333,7397000,24.71,49411,1
2018-08-13 02:09,0.01351223,7397000,49.97,99899,1
2018-08-13 02:09,0.00675611,7397000,24.98,49949,1
2018-08-13 02:15,0.03300000,7404000,122.16,244209,1
2018-08-13 02:15,0.34140000,7404000,1263.86,2526461,1
2018-08-13 02:24,0.00742347,7408000,27.49,54965,1
2018-08-13 02:55,0.10000000,7378000,368.90,737431,1
2018-08-13 02:58,0.29662195,7394000,1096.61,2192126,1
2018-08-13 02:58,0.00230000,7394000,8.50,16997,1
2018-08-13 03:03,0.16943918,7373000,624.63,-1249900,0
2018-08-13 03:13,0.00067000,7389000,2.47,4948,1
2018-08-13 03:13,0.00067000,7389000,2.47,4948,1
2018-08-13 03:13,0.00067000,7389000,2.47,4948,1
2018-08-13 03:13,0.00035908,7389000,1.32,2651,1
2018-08-13 03:13,0.00067000,7389000,2.47,4948,1
2018-08-13 03:13,0.00067000,7389000,2.47,4948,1
2018-08-13 03:13,0.00067000,7389000,2.47,4948,1
2018-08-13 03:17,0.78389944,7393000,2897.68,5792470,1
2018-08-13 03:17,0.05710000,7393000,211.07,421929,1
2018-08-13 03:17,0.07164912,7393000,264.85,529437,1
2018-08-13 03:17,0.01058772,7375000,39.04,-78124,0
2018-08-13 03:18,0.04930000,7375000,181.79,-363770,0
2018-08-13 03:31,0.09371360,7361000,344.91,-690171,0
2018-08-13 03:37,0.05393835,7370000,198.76,-397725,0
2018-08-13 03:46,0.01170000,7362000,43.06,-86179,0
2018-08-13 03:46,0.24830000,7363000,914.11,-1829147,0
2018-08-13 03:47,0.05790000,7362000,213.12,-426473,0
2018-08-13 04:10,0.19779855,7359000,727.79,-1456328,0
2018-08-13 04:12,0.00084361,7369000,3.10,6213,1
2018-08-13 04:12,0.00671044,7369000,24.72,49424,1
2018-08-13 04:31,0.01300000,7413000,48.18,96320,1
2018-08-13 04:31,0.30743291,7413000,1139.50,2277860,1
2018-08-13 04:31,0.15369991,7413000,569.68,1138807,1
2018-08-13 04:33,0.02981533,7410000,110.46,220821,1
2018-08-13 04:33,0.04510263,7410000,167.10,334043,1
2018-08-13 04:33,0.05322294,7410000,197.19,394184,1
2018-08-13 04:33,0.09816380,7414000,363.89,727422,1
2018-08-13 04:33,0.00600291,7411000,22.24,44465,1
2018-08-13 04:37,0.02625004,7480000,98.17,-196449,0
2018-08-13 04:37,0.06912760,7480000,258.53,-517333,0
2018-08-13 04:37,0.01338328,7480000,50.05,-100157,0
2018-08-13 04:37,0.50000000,7480000,1870.00,-3741870,0
2018-08-13 04:37,0.00393391,7480000,14.71,-29441,0
2018-08-13 04:37,0.01997100,7480000,74.69,-149458,0
2018-08-13 04:37,0.00431099,7480000,16.12,-32263,0
2018-08-13 04:37,0.07924120,7480000,296.36,-593021,0
2018-08-13 04:37,0.00671956,7480000,25.13,-50288,0
2018-08-13 04:37,0.00491132,7480000,18.36,-36755,0
2018-08-13 04:37,0.00446269,7480000,16.69,-33398,0
2018-08-13 04:38,0.36763165,7509000,1380.27,2759165,1
2018-08-13 04:38,1.10436368,7500000,4141.36,8278586,1
2018-08-13 04:38,0.08562123,7500000,321.07,641838,1
2018-08-13 04:38,0.09814676,7500000,368.05,735732,1
2018-08-13 04:38,0.74693668,7500000,2801.01,5599224,1
2018-08-13 04:38,0.00450000,7517000,16.91,33809,1
2018-08-13 04:40,0.06868433,7480000,256.87,-514016,0
2018-08-13 04:40,0.06860000,7488000,256.83,513419,1
2018-08-13 04:43,0.00300000,7371000,11.05,-22124,0
2018-08-13 04:44,0.00650000,7328000,23.81,-47656,0
2018-08-13 04:44,0.04186675,7322000,153.27,-306702,0
2018-08-13 04:45,0.01350000,7376000,49.78,-99626,0
2018-08-13 04:45,0.06730000,7376000,248.20,-496653,0
2018-08-13 04:46,0.01926500,7379000,71.07,-142228,0
2018-08-13 04:46,0.07093500,7379000,261.71,-523691,0
2018-08-13 04:49,0.01000000,7380000,36.90,73763,1
2018-08-13 04:50,0.01587249,7393000,58.67,117286,1
2018-08-13 04:51,0.07624856,7393000,281.85,563423,1
2018-08-13 04:54,0.02625269,7399000,97.12,194146,1
2018-08-13 04:57,0.01901649,7403000,70.38,140708,1
2018-08-13 05:03,0.08242167,7374000,303.88,-608082,0
2018-08-13 05:11,0.00020000,7395000,0.73,1478,1
2018-08-13 05:11,0.05002501,7395000,184.96,369749,1
2018-08-13 05:11,0.10717499,7395000,396.27,792162,1
2018-08-13 05:44,1.73360000,7389000,6404.78,-12815976,0
2018-08-13 05:52,0.17740948,7404000,656.76,-1314197,0
2018-08-13 05:59,0.00470000,7407000,17.40,-34831,0
2018-08-13 05:59,0.04640000,7407000,171.84,-343857,0
2018-08-13 06:09,0.00395836,7414000,14.67,29332,1
2018-08-13 06:11,0.52064932,7404000,1927.44,-3856815,0
2018-08-13 06:18,0.00170000,7419000,6.30,-12619,0
2018-08-13 06:18,0.01020000,7420000,37.84,-75722,0
2018-08-13 06:18,0.00007578,7420000,0.28,-563,0
2018-08-13 06:18,0.00392422,7420000,14.55,-29133,0
2018-08-13 06:19,0.00180000,7409000,6.66,-13343,0
2018-08-13 06:20,0.01400000,7408000,51.85,-103764,0
2018-08-13 06:29,0.00416739,7426000,15.47,30931,1
2018-08-13 06:39,0.00749101,7430000,27.82,55630,1
2018-08-13 06:39,0.20190000,7430000,750.05,1499366,1
2018-08-13 06:39,0.04278994,7430000,158.96,317770,1
2018-08-13 06:39,0.09970000,7430000,370.38,740400,1
2018-08-13 06:42,0.05864193,7433000,217.94,435667,1
2018-08-13 06:42,0.01952818,7433000,72.57,145080,1
2018-08-13 06:42,0.17628148,7433000,655.15,1309645,1
2018-08-13 06:42,0.02205338,7433000,81.96,163840,1
2018-08-13 06:44,0.08783583,7432000,326.39,652469,1
2018-08-13 06:52,0.10609571,7434000,394.35,788321,1
2018-08-13 06:56,0.07303743,7434000,271.48,542688,1
2018-08-13 06:56,0.05252468,7434000,195.23,390273,1
2018-08-13 06:56,0.45203629,7434000,1680.21,3358757,1
2018-08-13 06:57,0.09970000,7430000,370.38,740400,1
2018-08-13 06:57,0.09025188,7429000,335.24,670145,1
2018-08-13 06:57,0.09995500,7429000,371.28,742194,1
2018-08-13 06:57,0.14526500,7430000,539.65,1078779,1
2018-08-13 06:58,0.40894852,7437000,1520.67,3039829,1
2018-08-13 06:58,0.22000000,7437000,818.07,1635321,1
2018-08-13 06:58,0.04230000,7437000,157.29,314427,1
2018-08-13 07:03,0.01310000,7428000,48.65,-97356,0
2018-08-13 07:04,0.00108000,7463000,4.03,8056,1
2018-08-13 07:04,0.00399000,7463000,14.88,29762,1
2018-08-13 07:04,0.00399000,7463000,14.88,29762,1
2018-08-13 07:04,0.00399000,7463000,14.88,29762,1
2018-08-13 07:04,0.00005000,7463000,0.18,372,1
2018-08-13 07:05,0.00005466,7428000,0.20,-407,0
2018-08-13 07:05,0.05396957,7428000,200.44,-401087,0
2018-08-13 07:05,0.04570000,7428000,169.72,-339630,0
2018-08-13 07:11,0.00009226,7447000,0.34,686,1
2018-08-13 07:11,0.01340000,7437000,49.82,-99706,0
2018-08-13 07:11,0.00450000,7436000,16.73,-33479,0
2018-08-13 07:17,0.10540000,7417000,390.87,-782143,0
2018-08-13 07:24,0.00300000,7439000,11.15,22305,1
2018-08-13 07:24,0.00067000,7439000,2.49,4981,1
2018-08-13 07:24,0.00067000,7439000,2.49,4981,1
2018-08-13 07:24,0.00067000,7439000,2.49,4981,1
2018-08-13 07:24,0.00067000,7439000,2.49,4981,1
2018-08-13 07:24,0.00067000,7439000,2.49,4981,1
2018-08-13 07:24,0.00067000,7439000,2.49,4981,1
2018-08-13 07:24,0.00511000,7439000,19.00,37994,1
2018-08-13 07:24,0.00067000,7439000,2.49,4981,1
2018-08-13 07:24,0.00067000,7439000,2.49,4981,1
2018-08-13 07:24,0.00067000,7439000,2.49,4981,1
2018-08-13 07:24,0.00067000,7439000,2.49,4981,1
2018-08-13 07:24,0.20820000,7440000,774.50,1548233,1
2018-08-13 08:29,0.05544598,7394000,204.98,-410173,0
2018-08-13 08:30,0.00154443,7406000,5.71,11432,1
2018-08-13 08:30,0.00240000,7406000,8.88,17765,1
2018-08-13 08:30,0.00212800,7406000,7.87,15752,1
2018-08-13 08:35,0.07060000,7396000,261.07,-522419,0
2018-08-13 08:41,0.02581641,7395000,95.45,190816,1
2018-08-13 08:41,0.01000000,7395000,36.97,73913,1
2018-08-13 08:42,0.08410000,7392000,310.83,621356,1
2018-08-13 08:49,0.95380000,7380000,3519.52,-7042564,0
2018-08-13 08:50,0.32730000,7378000,1207.40,-2416027,0
2018-08-13 09:04,0.02300000,7411000,85.22,-170539,0
2018-08-13 09:12,0.00073344,7416000,2.71,5436,1
2018-08-13 09:24,0.04354256,7405000,161.21,-322594,0
2018-08-13 09:42,0.00169907,7409000,6.29,12582,1
2018-08-13 09:42,0.02974682,7409000,110.19,220283,1
2018-08-13 09:42,0.01000000,7409000,37.04,74052,1
2018-08-13 09:42,1.30545411,7409000,4836.05,9667273,1
2018-08-13 10:27,3.50000000,7412000,12971.00,-25954971,0
2018-08-13 10:37,0.00005983,7416000,0.22,443,1
2018-08-13 10:37,0.53432012,7416000,1981.25,3960536,1
2018-08-13 10:37,0.67782266,7416000,2513.36,5024219,1
2018-08-13 10:37,0.33694048,7416000,1249.37,2497501,1
2018-08-13 10:38,0.00090066,7416000,3.33,6675,1
2018-08-13 10:38,0.20483730,7416000,759.53,1518313,1
2018-08-13 10:52,0.09068937,7416000,336.27,672216,1
2018-08-13 10:52,0.32511932,7415000,1205.37,2409554,1
2018-08-13 10:56,0.00540000,7405000,19.99,-40007,0
2018-08-13 11:01,0.00005479,7408000,0.20,-406,0
2018-08-13 11:24,1.47320000,7383000,5438.31,-10882074,0
2018-08-13 11:36,0.47603935,7391000,1759.20,3516647,1
2018-08-13 12:13,0.02496864,7407000,92.47,-185036,0
2018-08-13 12:13,0.03183136,7407000,117.88,-235893,0
2018-08-13 12:25,0.47762072,7435000,1775.55,3549334,1
2018-08-13 12:27,0.08945882,7435000,332.56,664793,1
2018-08-13 12:27,0.14555963,7435000,541.11,1081694,1
2018-08-13 12:27,1.62304079,7435000,6033.65,12061274,1
2018-08-13 12:27,0.05310000,7440000,197.53,394866,1
2018-08-13 13:12,0.37370000,7424000,1387.17,-2775736,0
2018-08-13 13:13,0.22870000,7424000,848.93,-1698718,0
2018-08-13 13:13,2.45000000,7425000,9095.62,-18200346,0
2018-08-13 13:21,0.00479607,7437000,17.83,35650,1
2018-08-13 13:35,0.00632000,7471000,23.60,47193,1
2018-08-13 13:35,0.00485000,7471000,18.11,36216,1
2018-08-13 13:35,0.02302600,7471000,86.01,171941,1
2018-08-13 13:35,0.14454469,7471000,539.94,1079353,1
2018-08-13 13:35,0.00655834,7471000,24.49,48972,1
2018-08-13 14:19,1.45061418,7448000,5402.08,10798772,1
2018-08-13 14:19,0.22000000,7448000,819.28,1637740,1
2018-08-13 14:29,0.02146116,7448000,79.92,159762,1
2018-08-13 14:29,0.03360920,7448000,125.16,250196,1
2018-08-13 14:29,0.20000000,7448000,744.80,1488855,1
2018-08-13 14:31,0.23374917,7442000,869.78,-1740432,0
2018-08-13 14:32,0.00579000,7448000,21.56,43102,1
2018-08-13 14:32,0.49889843,7448000,1857.89,3713937,1
2018-08-13 14:50,0.00160000,7426000,5.94,-11888,0
2018-08-13 14:54,0.13200001,7404000,488.66,-977817,0
2018-08-13 14:54,0.02500000,7422000,92.77,185457,1
2018-08-13 14:54,0.05204457,7422000,193.13,386081,1
2018-08-13 14:54,0.04087813,7422000,151.69,303245,1
2018-08-13 14:54,0.40400161,7422000,1499.24,2997000,1
2018-08-13 14:57,0.05817678,7425000,215.98,-432179,0
2018-08-13 15:05,2.76928703,7434000,10293.43,-20597174,0
2018-08-13 15:08,0.01271718,7448000,47.35,94670,1
2018-08-13 15:08,0.00398772,7448000,14.85,29685,1
2018-08-13 15:13,0.00000001,7459000,0,0,1
2018-08-13 15:13,0.17430000,7459000,650.05,1299453,1
2018-08-13 15:13,0.10492200,7459000,391.30,782221,1
2018-08-13 15:15,0.00358500,7466000,13.38,26752,1
2018-08-13 15:15,0.00663776,7466000,24.77,49532,1
2018-08-13 15:15,0.05585627,7462000,208.39,416591,1
2018-08-13 15:16,0.17331671,7464000,646.81,1292989,1
2018-08-13 15:16,0.00500000,7464000,18.66,37301,1
2018-08-13 15:16,0.50000000,7464000,1866.00,3730134,1
2018-08-13 15:16,1.40000000,7464000,5224.80,10444375,1
2018-08-13 15:16,0.55000000,7464000,2052.60,4103147,1
2018-08-13 15:16,0.00180000,7464000,6.71,13428,1
2018-08-13 15:16,0.11270000,7464000,420.59,840772,1
2018-08-13 15:17,0.06070897,7500000,227.65,-455545,0
2018-08-13 15:17,0.06999103,7500000,262.46,-525196,0
2018-08-13 15:17,3.36930000,7494000,12624.76,-25262159,0
2018-08-13 15:17,0.08125553,7508000,305.03,609761,1
2018-08-13 15:19,1.00467132,7513000,3774.04,7544321,1
2018-08-13 15:19,0.03314000,7513000,124.49,248856,1
2018-08-13 15:19,1.70686556,7513000,6411.84,12817269,1
2018-08-13 15:19,0.04098444,7513000,153.95,307762,1
2018-08-13 15:19,0.15951556,7513000,599.22,1197841,1
2018-08-13 15:19,0.02340817,7513000,87.93,175777,1
2018-08-13 15:19,0.45500000,7531000,1713.30,-3428319,0
2018-08-13 15:20,2.59490000,7531000,9771.09,-19551963,0
2018-08-13 15:20,3.50000000,7517000,13154.75,26296345,1
2018-08-13 15:25,0.01710154,7513000,64.24,-128549,0
2018-08-13 15:26,0.84849592,7530000,3194.58,-6392369,0
2018-08-13 15:26,0.14840408,7530000,558.74,-1118042,0
2018-08-13 15:27,0.00395000,7533000,14.87,29740,1
2018-08-13 15:27,0.14278961,7533000,537.81,1075096,1
2018-08-13 15:27,0.30152307,7533000,1135.68,2270237,1
2018-08-13 15:27,0.13530699,7533000,509.63,1018757,1
2018-08-13 15:38,0.02175000,7528000,81.86,163652,1
2018-08-13 15:38,0.02905000,7528000,109.34,218579,1
2018-08-13 15:38,0.07038999,7528000,264.94,529630,1
2018-08-13 15:38,0.09512934,7528000,358.06,715775,1
2018-08-13 15:42,0.00080000,7525000,3.01,6016,1
2018-08-13 15:42,0.04398236,7525000,165.48,330801,1
2018-08-13 15:42,0.04169139,7525000,156.86,313570,1
2018-08-13 15:45,0.12090001,7542000,455.91,-912284,0
2018-08-13 15:47,0.12770000,7537000,481.23,961993,1
2018-08-13 15:54,0.05474892,7537000,206.32,412436,1
2018-08-13 16:04,0.06610000,7529000,248.83,497418,1
2018-08-13 16:26,2.97195945,7515000,11167.13,-22345443,0
2018-08-13 16:26,0.00014000,7515000,0.52,-1053,0
2018-08-13 16:26,0.00015000,7515000,0.56,-1128,0
2018-08-13 16:26,0.09940000,7515000,373.49,-747365,0
2018-08-13 16:26,0.01332084,7515000,50.05,-100157,0
2018-08-13 16:26,0.03996251,7515000,150.15,-300469,0
2018-08-13 16:42,1.25857844,7535000,4741.69,9478646,1
2018-08-13 16:42,0.02949182,7535000,111.11,222109,1
2018-08-13 16:49,0.01320000,7513000,49.58,-99222,0
2018-08-13 16:51,1.10062057,7512000,4133.93,-8271996,0
2018-08-13 16:51,0.02207943,7512000,82.93,-165944,0
2018-08-13 17:06,0.70400017,7554000,2659.00,5315358,1
2018-08-13 17:13,2.26880000,7565000,8581.73,17154890,1
2018-08-13 17:20,3.50000000,7565000,13238.75,-26490739,0
2018-08-13 17:21,0.07123891,7579000,269.95,539649,1
2018-08-13 17:22,0.03511598,7578000,133.05,265975,1
2018-08-13 17:22,0.00277000,7574000,10.48,20969,1
2018-08-13 17:22,0.11671791,7574000,442.01,883579,1
2018-08-13 17:22,0.17031951,7574000,644.99,1289354,1
2018-08-13 17:22,0.25967970,7574000,983.40,1965830,1
2018-08-13 17:22,0.00130000,7574000,4.92,9841,1
2018-08-13 17:22,0.12409000,7574000,469.92,939387,1
2018-08-13 17:22,0.02060900,7574000,78.04,156014,1
2018-08-13 17:22,0.00638729,7574000,24.18,48353,1
2018-08-13 17:22,0.11786150,7574000,446.34,892236,1
2018-08-13 17:23,0.05026807,7576000,190.41,380640,1
2018-08-13 17:23,0.50000000,7576000,1894.00,3786106,1
2018-08-13 17:30,0.04037037,7586000,153.12,-306403,0
2018-08-13 17:30,0.01118220,7586000,42.41,-84871,0
2018-08-13 17:30,0.05005150,7586000,189.84,-379881,0
2018-08-13 17:30,0.83940000,7588000,3184.68,-6372552,0
2018-08-13 17:31,0.95129754,7597000,3613.50,7223393,1
2018-08-13 17:31,0.16137191,7595000,612.80,1225006,1
2018-08-13 17:32,0.03313914,7601000,125.94,-252017,0
2018-08-13 17:32,0.04816086,7601000,183.03,-366254,0
2018-08-13 17:32,0.18861500,7606000,717.30,-1435323,0
2018-08-13 17:32,0.08011600,7606000,304.68,-609667,0
2018-08-13 17:32,0.14307500,7606000,544.11,-1088773,0
2018-08-13 17:32,0.26021800,7606000,989.60,-1980208,0
2018-08-13 17:32,0.19997600,7606000,760.50,-1521778,0
2018-08-13 17:33,0.06840156,7635000,261.12,521984,1
2018-08-13 17:33,0.09797000,7635000,374.00,747626,1
2018-08-13 17:33,0.52494761,7616000,1999.00,3996001,1
2018-08-13 17:33,0.00148400,7616000,5.65,11296,1
2018-08-13 17:34,1.38750000,7605000,5275.96,-10557214,0
2018-08-13 17:37,0.00065000,7590000,2.46,4931,1
2018-08-13 17:37,0.00065000,7590000,2.46,4931,1
2018-08-13 17:37,0.00065000,7590000,2.46,4931,1
2018-08-13 17:37,0.00392000,7590000,14.87,29737,1
2018-08-13 17:37,0.00065000,7590000,2.46,4931,1
2018-08-13 17:37,0.00758100,7590000,28.76,57511,1
2018-08-13 17:37,0.00065000,7590000,2.46,4931,1
2018-08-13 17:37,0.00065000,7590000,2.46,4931,1
2018-08-13 17:37,0.00065000,7590000,2.46,4931,1
2018-08-13 17:37,0.07381098,7590000,280.11,559945,1
2018-08-13 17:37,0.00392000,7590000,14.87,29737,1
2018-08-13 17:37,0.00065000,7590000,2.46,4931,1
2018-08-13 17:37,0.00580000,7590000,22.01,43999,1
2018-08-13 17:37,0.00065000,7590000,2.46,4931,1
2018-08-13 17:37,0.00055308,7597000,2.10,4199,1
2018-08-13 17:38,0.08829184,7595000,335.28,670241,1
2018-08-13 17:38,3.31020000,7593000,12567.17,25121781,1
2018-08-13 18:32,2.34751487,7600000,8920.55,-17850034,0
2018-08-13 18:32,0.15808513,7600000,600.72,-1202048,0
2018-08-13 18:33,0.09909179,7604000,376.74,753117,1
2018-08-13 18:33,0.04954914,7604000,188.38,376583,1
2018-08-13 18:34,1.14290000,7590000,4337.30,-8678949,0
2018-08-13 18:51,0.03338110,7575000,126.43,252735,1
2018-08-13 19:00,0.00260252,7568000,9.84,19686,1
2018-08-13 19:01,0.00197424,7568000,7.47,14933,1
2018-08-13 19:01,0.06100000,7568000,230.82,461417,1
2018-08-13 19:01,0.00014000,7571000,0.52,1059,1
2018-08-13 19:02,0.00485314,7559000,18.34,36666,1
2018-08-13 19:02,0.15060630,7559000,569.21,1137863,1
2018-08-13 19:02,0.06304799,7569000,238.60,476971,1
2018-08-13 19:14,0.03333970,7575000,126.27,252421,1
2018-08-13 19:14,0.12867471,7576000,487.41,974352,1
2018-08-13 19:15,0.00263010,7575000,9.96,19913,1
2018-08-13 19:20,0.04273154,7575000,161.84,323529,1
2018-08-13 19:24,0.00411641,7564000,15.56,31120,1
2018-08-13 19:24,0.12849949,7562000,485.85,971227,1
2018-08-13 19:24,0.04416371,7562000,166.98,333798,1
2018-08-13 19:24,0.01321259,7562000,49.95,99863,1
2018-08-13 19:24,0.04700366,7562000,177.72,355263,1
2018-08-13 19:26,0.02027216,7560000,76.62,153180,1
2018-08-13 19:26,0.01321783,7560000,49.96,99876,1
2018-08-13 19:34,0.05085235,7560000,192.22,384251,1
2018-08-13 19:34,0.99609831,7560000,3765.25,7526737,1
2018-08-13 19:34,0.01118329,7560000,42.27,84503,1
2018-08-13 19:35,0.00293900,7558000,11.10,22201,1
2018-08-13 19:35,0.02615200,7558000,98.82,197557,1
2018-08-13 19:54,0.13000000,7552000,490.88,-982251,0
2018-08-13 19:55,0.08146767,7563000,308.06,615831,1
2018-08-13 20:03,0.00394000,7555000,14.88,29751,1
2018-08-13 20:03,0.00394000,7555000,14.88,29751,1
2018-08-13 20:03,0.00066000,7555000,2.49,4983,1
2018-08-13 20:03,0.00066000,7555000,2.49,4983,1
2018-08-13 20:03,0.00066000,7555000,2.49,4983,1
2018-08-13 20:03,0.00066000,7555000,2.49,4983,1
2018-08-13 20:03,0.13108053,7555000,495.15,989818,1
2018-08-13 20:03,0.00066000,7555000,2.49,4983,1
2018-08-13 20:03,0.00066000,7555000,2.49,4983,1
2018-08-13 20:03,0.00066000,7555000,2.49,4983,1
2018-08-13 20:03,0.00066000,7555000,2.49,4983,1
2018-08-13 20:05,0.22070000,7545000,832.59,-1666014,0
2018-08-13 20:06,0.41586714,7555000,1570.93,3140305,1
2018-08-13 20:09,0.45862371,7543000,1729.69,-3461129,0
2018-08-13 20:09,0.00804000,7543000,30.32,-60676,0
2018-08-13 20:55,0.00170185,7536000,6.41,12818,1
2018-08-13 21:01,0.04592283,7536000,173.03,-346248,0
2018-08-13 21:03,0.57100000,7530000,2149.81,-4301780,0
2018-08-13 21:05,1.73123551,7547000,6532.81,13059101,1
2018-08-13 21:05,0.33410912,7546000,1260.59,2519926,1
2018-08-13 21:05,0.00658230,7546000,24.83,49645,1
2018-08-13 21:17,0.01036007,7545000,39.08,78127,1
2018-08-13 21:17,0.00435461,7545000,16.42,32839,1
2018-08-13 21:17,0.10000000,7545000,377.25,754122,1
2018-08-13 21:17,0.03975772,7545000,149.98,299822,1
2018-08-13 21:21,0.18180000,7559000,687.11,1373539,1
2018-08-13 21:28,0.00069619,7540000,2.62,-5252,0
2018-08-13 22:06,0.06758616,7511000,253.81,-507894,0
2018-08-13 22:07,0.13331991,7511000,500.68,-1001867,0
2018-08-13 22:07,0.02361100,7512000,88.68,-177455,0
2018-08-13 22:07,0.01599698,7512000,60.08,-120230,0
2018-08-13 22:07,0.31676475,7512000,1189.76,-2380727,0
2018-08-13 22:07,0.13984518,7512000,525.25,-1051043,0
2018-08-13 22:07,0.00855482,7512000,32.13,-64296,0
2018-08-13 22:11,0.06110000,7509000,229.39,-459030,0
2018-08-13 22:14,0.76750000,7500000,2878.12,5753371,1
2018-08-13 22:37,0.11450000,7468000,427.54,-855514,0
2018-08-13 22:40,0.10000000,7477000,373.85,-748074,0
2018-08-13 22:43,0.02159919,7483000,80.81,-161708,0
2018-08-13 22:43,0.03888700,7483000,145.49,-291137,0
2018-08-13 22:43,0.01000000,7483000,37.41,-74868,0
2018-08-13 22:43,0.09501381,7483000,355.49,-711344,0
2018-08-13 22:45,0.05363539,7488000,200.81,401420,1
2018-08-13 22:45,0.13354700,7488000,499.99,999499,1
2018-08-13 22:45,0.10000000,7488000,374.40,748425,1
2018-08-13 22:45,0.03965738,7488000,148.47,296805,1
2018-08-13 22:53,0.53262508,7489000,1994.41,-3990824,0
2018-08-13 22:53,0.00997492,7489000,37.35,-74740,0
2018-08-13 23:03,0.01000000,7515000,37.57,-75188,0
2018-08-13 23:05,0.43148337,7508000,1619.78,3237957,1
2018-08-13 23:05,0.00181775,7508000,6.82,13640,1
2018-08-13 23:05,0.00055386,7512000,2.08,4158,1
2018-08-13 23:19,1.13891117,7495000,4268.06,-8540408,0
2018-08-13 23:19,0.00890908,7495000,33.38,-66807,0
2018-08-13 23:19,0.07066333,7495000,264.81,-529887,0
2018-08-13 23:19,0.13341642,7495000,499.97,-1000456,0
2018-08-13 23:19,0.13630000,7494000,510.71,-1021943,0
2018-08-13 23:19,0.00004000,7494000,0.14,-300,0
2018-08-13 23:19,0.00436000,7494000,16.33,-32691,0
2018-08-13 23:19,0.00220000,7494000,8.24,-16495,0
2018-08-13 23:19,0.09650000,7495000,361.63,-723630,0
2018-08-13 23:20,0.01365307,7504000,51.22,102401,1
2018-08-13 23:38,0.00545645,7459000,20.34,-40720,0
2018-08-13 23:38,0.02704355,7459000,100.85,-201819,0
2018-08-13 23:39,0.75392684,7470000,2815.91,-5634650,0
2018-08-13 23:39,0.15850000,7470000,591.99,-1184587,0
2018-08-13 23:39,0.00475000,7470000,17.74,-35501,0
2018-08-13 23:39,0.03499999,7470000,130.72,-261581,0
2018-08-13 23:39,0.11102317,7470000,414.67,-829758,0
2018-08-13 23:40,0.00195576,7466000,7.30,14594,1
2018-08-13 23:48,0.04935116,7469000,184.30,368419,1
2018-08-13 23:48,0.22172203,7469000,828.02,1655213,1
2018-08-14 00:21,0.05690479,7445000,211.82,423444,1
2018-08-14 00:21,0.00121089,7445000,4.50,9010,1
2018-08-14 00:21,0.00531127,7448000,19.77,39538,1
2018-08-14 00:45,0.01675736,7466000,62.55,125047,1
2018-08-14 00:46,1.00800000,7422000,3740.68,-7485117,0
2018-08-14 00:49,0.31185208,7421000,1157.12,-2315412,0
2018-08-14 00:49,0.00222373,7421000,8.25,-16511,0
2018-08-14 00:49,0.01319701,7421000,48.96,-97984,0
2018-08-14 00:49,0.15755428,7421000,584.60,-1169795,0
2018-08-14 00:49,0.00997290,7421000,37.00,-74046,0
2018-08-14 00:49,0.00377027,7439000,14.02,28033,1
2018-08-14 00:51,0.13000000,7435000,483.27,966066,1
2018-08-14 00:54,0.18888457,7390000,697.92,1395159,1
2018-08-14 00:55,2.97438254,7419000,11033.47,22055910,1
2018-08-14 00:55,0.08074594,7419000,299.52,598754,1
2018-08-14 00:58,0.00791058,7400000,29.26,58509,1
2018-08-14 01:00,0.19613965,7395000,725.22,1449727,1
2018-08-14 01:01,0.10630000,7395000,393.04,-786482,0
2018-08-14 01:02,0.13400000,7407000,496.26,-993035,0
2018-08-14 01:02,0.08000000,7407000,296.28,-592857,0
2018-08-14 01:13,0.56699489,7400000,2097.88,-4197860,0
2018-08-14 01:13,0.00390511,7400000,14.44,-28913,0
2018-08-14 01:14,2.19580000,7400000,8124.46,-16257045,0
2018-08-14 01:30,0.06806200,7424000,252.64,505039,1
2018-08-14 01:30,0.07229956,7423000,268.33,536411,1
2018-08-14 01:30,0.10000000,7423000,371.15,741928,1
2018-08-14 01:30,0.28040000,7423000,1040.70,2080368,1
2018-08-14 01:30,0.04560000,7423000,169.24,338319,1
2018-08-14 01:30,0.04284781,7423000,159.02,317900,1
2018-08-14 01:30,0.01155219,7423000,42.87,85709,1
2018-08-14 01:34,0.27622485,7419000,1024.65,2048287,1
2018-08-14 01:34,0.22012868,7419000,816.56,1632318,1
2018-08-14 01:34,1.11710000,7402000,4134.38,-8272909,0
2018-08-14 01:36,0.00169139,7416000,6.27,12537,1
2018-08-14 01:36,0.01815093,7416000,67.30,134539,1
2018-08-14 01:36,0.00189907,7416000,7.04,14076,1
2018-08-14 01:44,0.02111084,7401000,78.12,156163,1
2018-08-14 01:44,0.01639788,7401000,60.68,121300,1
2018-08-14 01:44,0.04216537,7401000,156.03,311909,1
2018-08-14 01:52,0.07839621,7400000,290.06,579841,1
2018-08-14 01:52,0.07000000,7400000,259.00,517741,1
2018-08-14 01:52,0.04988184,7402000,184.61,369040,1
2018-08-14 02:04,0.00588762,7407000,21.80,43587,1
2018-08-14 02:04,0.00327904,7407000,12.14,24275,1
2018-08-14 02:09,0.00007000,7360000,0.25,514,1
2018-08-14 02:14,0.15561291,7362000,572.81,1145049,1
2018-08-14 02:16,0.00979927,7353000,36.02,72018,1
2018-08-14 02:16,0.00606215,7353000,22.28,44552,1
2018-08-14 02:17,0.00002091,7330000,0.07,153,1
2018-08-14 02:20,0.02439906,7322000,89.32,178560,1
2018-08-14 02:20,0.01581381,7322000,57.89,115730,1
2018-08-14 02:21,1.00000000,7298000,3649.00,7294351,1
2018-08-14 02:21,0.00675175,7298000,24.63,49249,1
2018-08-14 02:21,0.00068000,7298000,2.48,4960,1
2018-08-14 02:21,0.00068000,7298000,2.48,4960,1
2018-08-14 02:21,0.00068000,7298000,2.48,4960,1
2018-08-14 02:21,0.00200000,7298000,7.29,14588,1
2018-08-14 02:22,1.06061528,7300000,3871.24,-7746363,0
2018-08-14 02:22,0.11568472,7300000,422.24,-844921,0
2018-08-14 02:24,0.00174630,7341000,6.40,12813,1
2018-08-14 02:24,0.00068000,7341000,2.49,4989,1
2018-08-14 02:24,0.00190600,7341000,6.99,13984,1
2018-08-14 02:24,0.00286886,7341000,10.53,21049,1
2018-08-14 02:24,0.13638000,7341000,500.58,1000664,1
2018-08-14 02:24,0.02524000,7341000,92.64,185194,1
2018-08-14 02:24,0.11026000,7341000,404.70,809013,1
2018-08-14 02:24,0.13388000,7341000,491.40,982321,1
2018-08-14 02:24,0.01440000,7341000,52.85,105657,1
2018-08-14 02:25,0.00801081,7340000,29.39,58769,1
2018-08-14 02:25,0.01362397,7340000,49.99,99949,1
2018-08-14 02:25,0.09384653,7340000,344.41,688489,1
2018-08-14 02:34,0.00001252,7353000,0.04,92,1
2018-08-14 02:34,0.00004362,7353000,0.16,320,1
2018-08-14 02:34,0.01433226,7353000,52.69,105332,1
2018-08-14 02:40,0.00000123,7326000,0,9,1
2018-08-14 02:43,0.56003248,7318000,2049.15,4096268,1
2018-08-14 02:43,0.04761690,7318000,174.23,348286,1
2018-08-14 02:45,0.01439508,7327000,52.73,105420,1
2018-08-14 02:45,0.09990000,7327000,365.98,731601,1
2018-08-14 02:45,0.00691695,7327000,25.34,50655,1
2018-08-14 02:45,0.15000000,7328000,549.60,1098650,1
2018-08-14 02:45,0.64000000,7328000,2344.96,4687575,1
2018-08-14 02:45,0.00707568,7328000,25.92,51824,1
2018-08-14 02:45,0.00624280,7328000,22.87,45724,1
2018-08-14 02:45,0.00507441,7328000,18.59,37166,1
2018-08-14 02:45,0.06679119,7328000,244.72,489201,1
2018-08-14 02:45,0.27169174,7332000,996.02,1991047,1
2018-08-14 02:45,0.04894126,7332000,179.41,358657,1
2018-08-14 02:45,0.10859400,7332000,398.10,795813,1
2018-08-14 02:45,0.55437300,7332000,2032.33,4062630,1
2018-08-14 02:47,0.02600000,7354000,95.60,-191300,0
2018-08-14 02:47,0.02600000,7379000,95.92,191758,1
2018-08-14 02:48,0.25330653,7368000,933.18,-1867296,0
2018-08-14 02:48,0.00358931,7357000,13.20,26393,1
2018-08-14 02:52,0.26665225,7348000,979.68,-1960341,0
2018-08-14 02:52,0.03264775,7348000,119.94,-240016,0
2018-08-14 02:53,0.26370000,7355000,969.75,-1940484,0
2018-08-14 02:53,0.00000027,7355000,0,-2,0
2018-08-14 02:53,0.00600000,7355000,22.06,-44152,0
2018-08-14 02:53,0.16559462,7352000,608.72,-1218061,0
2018-08-14 03:04,0.01517233,7330000,55.60,-111269,0
2018-08-14 03:04,0.54552767,7330000,1999.35,-4000718,0
2018-08-14 03:05,1.95500000,7321000,7156.27,-14319712,0
2018-08-14 03:14,0.00099719,7360000,3.66,7335,1
2018-08-14 03:14,0.00670873,7360000,24.68,49351,1
2018-08-14 03:14,0.27149259,7360000,999.09,1997186,1
2018-08-14 03:21,0.10022059,7350000,368.31,736253,1
2018-08-14 03:33,0.03123047,7356000,114.86,229616,1
2018-08-14 03:33,0.03982338,7355000,146.45,292754,1
2018-08-14 03:33,0.41053674,7355000,1509.74,3017987,1
2018-08-14 03:36,0.00022000,7349000,0.80,1615,1
2018-08-14 03:36,0.10000000,7349000,367.45,734532,1
2018-08-14 03:38,0.06289850,7350000,231.15,462072,1
2018-08-14 03:41,0.00266999,7368000,9.83,-19683,0
2018-08-14 03:44,0.00527556,7387000,19.48,38951,1
2018-08-14 03:51,0.42920000,7353000,1577.95,-3157486,0
2018-08-14 04:05,0.08116092,7388000,299.80,599317,1
2018-08-14 04:18,0.00266400,7355000,9.79,19583,1
2018-08-14 04:18,0.00670671,7355000,24.66,49303,1
2018-08-14 04:23,0.00068000,7355000,2.50,4998,1
2018-08-14 04:23,0.00155000,7355000,5.70,11394,1
2018-08-14 04:23,0.00068000,7355000,2.50,4998,1
2018-08-14 04:23,0.00195000,7355000,7.17,14335,1
2018-08-14 04:23,0.00156000,7355000,5.73,11468,1
2018-08-14 04:23,0.00405000,7355000,14.89,29772,1
2018-08-14 04:23,0.00405000,7355000,14.89,29772,1
2018-08-14 04:23,0.00405000,7355000,14.89,29772,1
2018-08-14 04:23,0.07370900,7355000,271.06,541858,1
2018-08-14 04:23,0.00453000,7355000,16.65,33301,1
2018-08-14 04:23,0.00067000,7355000,2.46,4925,1
2018-08-14 04:23,0.00405000,7355000,14.89,29772,1
2018-08-14 04:23,0.01823000,7355000,67.04,134014,1
2018-08-14 04:23,0.00068900,7355000,2.53,5065,1
2018-08-14 04:23,0.00453000,7355000,16.65,33301,1
2018-08-14 04:23,0.00454000,7355000,16.69,33375,1
2018-08-14 04:23,0.01816000,7355000,66.78,133500,1
2018-08-14 04:23,0.06562000,7355000,241.31,482393,1
2018-08-14 04:23,0.01816000,7355000,66.78,133500,1
2018-08-14 04:23,0.01816000,7355000,66.78,133500,1
2018-08-14 04:23,0.01034000,7355000,38.02,76012,1
2018-08-14 04:23,0.01034000,7355000,38.02,76012,1
2018-08-14 04:23,0.02338000,7355000,85.97,171873,1
2018-08-14 04:23,0.02558000,7355000,94.07,188046,1
2018-08-14 04:23,0.01778000,7355000,65.38,130706,1
2018-08-14 04:23,0.01833000,7341000,67.28,-134628,0
2018-08-14 04:23,0.01090000,7340000,40.00,-80046,0
2018-08-14 04:23,0.48124741,7352000,1769.06,3536361,1
2018-08-14 04:23,0.00860000,7352000,31.61,63195,1
2018-08-14 04:23,0.00775000,7352000,28.48,56949,1
2018-08-14 04:23,0.00860000,7352000,31.61,63195,1
2018-08-14 04:23,0.06396000,7352000,235.11,469998,1
2018-08-14 04:23,0.00860000,7352000,31.61,63195,1
2018-08-14 04:23,0.54379760,7352000,1998.99,3996000,1
2018-08-14 04:24,1.38160000,7353000,5079.45,10153825,1
2018-08-14 04:31,0.16270000,7356000,598.41,-1197420,0
2018-08-14 04:33,0.12990000,7360000,478.03,-956542,0
2018-08-14 04:33,0.10000000,7361000,368.05,-736468,0
2018-08-14 04:33,0.09620000,7362000,354.11,-708579,0
2018-08-14 04:33,0.00310000,7358000,11.40,-22822,0
2018-08-14 04:34,0.00320000,7358000,11.77,-23558,0
2018-08-14 04:34,0.08475147,7362000,311.97,-624253,0
2018-08-14 04:34,0.09994853,7362000,367.91,-736189,0
2018-08-14 04:34,0.01290000,7362000,47.48,-95018,0
2018-08-14 04:34,0.10000000,7361000,368.05,-736468,0
2018-08-14 04:34,1.13690749,7350000,4178.13,-8360449,0
2018-08-14 04:35,0.91266199,7350000,3354.03,-6711420,0
2018-08-14 04:35,0.01482517,7372000,54.64,109236,1
2018-08-14 04:35,0.00480000,7372000,17.69,35367,1
2018-08-14 04:35,0.01514000,7372000,55.80,111556,1
2018-08-14 04:35,0.01522000,7372000,56.10,112145,1
2018-08-14 04:35,0.02365000,7372000,87.17,174260,1
2018-08-14 04:35,0.00733000,7372000,27.01,54009,1
2018-08-14 04:35,0.00407000,7372000,15.00,29989,1
2018-08-14 04:35,0.00455000,7372000,16.77,33525,1
2018-08-14 04:35,0.00492000,7372000,18.13,36252,1
2018-08-14 04:35,0.00404000,7372000,14.89,29767,1
2018-08-14 04:35,0.00470000,7372000,17.32,34631,1
2018-08-14 04:35,0.00428000,7372000,15.77,31536,1
2018-08-14 04:35,0.02636717,7372000,97.18,194281,1
2018-08-14 04:37,0.00016929,7370000,0.62,1247,1
2018-08-14 04:39,0.00060000,7375000,2.21,4422,1
2018-08-14 04:39,0.64002960,7375000,2360.10,4717858,1
2018-08-14 04:39,0.09960000,7375000,367.27,734182,1
2018-08-14 04:42,0.00001954,7369000,0.07,143,1
2018-08-14 04:44,0.85750000,7352000,3152.17,-6307493,0
2018-08-14 04:45,0.08771424,7367000,323.09,645867,1
2018-08-14 04:47,0.00004583,7372000,0.16,337,1
2018-08-14 04:48,0.08014891,7371000,295.38,590482,1
2018-08-14 04:52,0.00007338,7365000,0.27,540,1
2018-08-14 04:52,0.04710629,7365000,173.46,346764,1
2018-08-14 04:58,1.85299486,7370000,6828.28,13649743,1
2018-08-14 04:58,0.01616921,7370000,59.58,119107,1
2018-08-14 05:01,0.82400000,7357000,3031.08,-6065199,0
2018-08-14 05:01,0.05250000,7356000,193.09,-386383,0
2018-08-14 05:01,0.79084867,7356000,2908.74,-5820392,0
2018-08-14 05:01,0.04745133,7356000,174.52,-349227,0
2018-08-14 05:01,0.39795945,7351000,1462.69,-2926863,0
2018-08-14 05:12,0.00679672,7363000,25.02,50019,1
2018-08-14 05:15,0.00372422,7425000,13.82,27638,1
2018-08-14 05:15,0.00067000,7425000,2.48,4972,1
2018-08-14 05:15,0.00067000,7425000,2.48,4972,1
2018-08-14 05:15,0.00067000,7425000,2.48,4972,1
2018-08-14 05:15,0.00067000,7425000,2.48,4972,1
2018-08-14 05:15,0.00121000,7425000,4.49,8979,1
2018-08-14 05:21,0.11171021,7424000,414.66,828921,1
2018-08-14 05:21,0.00243500,7424000,9.03,18068,1
2018-08-14 05:21,0.04421960,7408000,163.78,327415,1
2018-08-14 05:21,0.00240013,7408000,8.89,17771,1
2018-08-14 05:21,0.00194457,7408000,7.20,14398,1
2018-08-14 05:21,0.11525490,7408000,426.90,853381,1
2018-08-14 05:30,0.02897265,7410000,107.34,214579,1
2018-08-14 05:30,0.01040000,7410000,38.53,77025,1
2018-08-14 05:33,0.08342360,7400000,308.66,617025,1
2018-08-14 05:33,0.00199100,7400000,7.36,14726,1
2018-08-14 05:33,0.16910000,7400000,625.67,-1251966,0
2018-08-14 05:40,0.01975343,7415000,73.23,146398,1
2018-08-14 05:45,0.00026000,7412000,0.96,1926,1
2018-08-14 05:46,0.09129865,7416000,338.53,676732,1
2018-08-14 05:47,0.04197812,7401000,155.34,-310836,0
2018-08-14 05:47,0.00762188,7401000,28.20,-56438,0
2018-08-14 05:53,0.00034000,7414000,1.26,2519,1
2018-08-14 05:53,0.00067000,7414000,2.48,4964,1
2018-08-14 05:53,0.00067000,7414000,2.48,4964,1
2018-08-14 05:53,0.00067000,7414000,2.48,4964,1
2018-08-14 05:53,0.00067000,7414000,2.48,4964,1
2018-08-14 05:53,0.00067000,7414000,2.48,4964,1
2018-08-14 05:53,0.00067000,7414000,2.48,4964,1
2018-08-14 05:53,0.00067000,7414000,2.48,4964,1
2018-08-14 05:53,0.00067000,7414000,2.48,4964,1
2018-08-14 05:53,0.00464000,7414000,17.20,34383,1
2018-08-14 05:53,0.00067000,7414000,2.48,4964,1
2018-08-14 05:53,0.00067000,7414000,2.48,4964,1
2018-08-14 05:53,0.00464000,7414000,17.20,34383,1
2018-08-14 05:53,0.00067000,7414000,2.48,4964,1
2018-08-14 05:53,0.00067000,7414000,2.48,4964,1
2018-08-14 05:53,0.00464000,7414000,17.20,34383,1
2018-08-14 05:53,0.00402000,7414000,14.90,29789,1
2018-08-14 05:53,0.00464000,7414000,17.20,34383,1
2018-08-14 05:53,0.00402000,7414000,14.90,29789,1
2018-08-14 05:53,0.00067000,7414000,2.48,4964,1
2018-08-14 05:53,0.00402000,7414000,14.90,29789,1
2018-08-14 05:53,0.00464000,7414000,17.20,34383,1
2018-08-14 05:53,0.00464000,7414000,17.20,34383,1
2018-08-14 05:53,0.00067000,7414000,2.48,4964,1
2018-08-14 05:53,0.00067000,7414000,2.48,4964,1
2018-08-14 05:53,0.01959000,7414000,72.62,145167,1
2018-08-14 05:53,0.01945000,7414000,72.10,144130,1
2018-08-14 05:53,0.01959000,7414000,72.62,145167,1
2018-08-14 05:53,0.01945000,7414000,72.10,144130,1
2018-08-14 05:53,0.01959000,7414000,72.62,145167,1
2018-08-14 05:53,0.01945000,7414000,72.10,144130,1
2018-08-14 05:53,0.01922000,7414000,71.24,142425,1
2018-08-14 05:53,0.00533171,7414000,19.76,39509,1
2018-08-14 05:53,0.01110000,7414000,41.14,82254,1
2018-08-14 05:53,0.01110000,7414000,41.14,82254,1
2018-08-14 05:53,0.01950000,7414000,72.28,144500,1
2018-08-14 05:53,0.01110000,7414000,41.14,82254,1
2018-08-14 05:53,0.01945000,7414000,72.10,144130,1
2018-08-14 05:53,0.01945000,7414000,72.10,144130,1
2018-08-14 05:53,0.00290000,7404000,10.73,-21483,0
2018-08-14 06:00,0.04669614,7408000,172.96,345752,1
2018-08-14 06:04,0.26762921,7389000,988.75,1976523,1
2018-08-14 06:04,0.00275412,7389000,10.17,20340,1
2018-08-14 06:05,0.07230000,7380000,266.78,-533841,0
2018-08-14 06:07,0.04672539,7391000,172.67,345174,1
2018-08-14 06:07,0.00191526,7392000,7.07,14150,1
2018-08-14 06:07,0.05847533,7392000,216.12,432033,1
2018-08-14 06:07,0.01502265,7392000,55.52,110991,1
2018-08-14 06:09,0.05383852,7395000,199.06,397936,1
2018-08-14 06:09,0.00963269,7395000,35.61,71198,1
2018-08-14 06:09,0.02660402,7395000,98.36,196638,1
2018-08-14 06:09,0.01502088,7395000,55.53,111023,1
2018-08-14 06:09,0.15534243,7395000,574.37,1148182,1
2018-08-14 06:09,0.00871207,7395000,32.21,64393,1
2018-08-14 06:09,0.01001743,7395000,37.03,74041,1
2018-08-14 06:09,0.00815095,7395000,30.13,60246,1
2018-08-14 06:09,0.01000000,7395000,36.97,73913,1
2018-08-14 06:09,0.07405202,7395000,273.80,547340,1
2018-08-14 06:11,0.01790000,7380000,66.05,-132168,0
2018-08-14 06:15,0.26752616,7394000,989.04,1977099,1
2018-08-14 06:15,0.00037279,7395000,1.37,2755,1
2018-08-14 06:24,0.00013237,7400000,0.48,979,1
2018-08-14 06:42,0.00551128,7372000,20.31,-40650,0
2018-08-14 06:42,0.01320000,7372000,48.65,-97359,0
2018-08-14 06:44,0.32683016,7369000,1204.20,-2409616,0
2018-08-14 06:44,0.05348748,7369000,197.07,-394347,0
2018-08-14 06:44,0.07489704,7371000,276.03,-552343,0
2018-08-14 06:44,0.00150296,7371000,5.53,-11084,0
2018-08-14 06:44,0.16110000,7371000,593.73,-1188062,0
2018-08-14 06:45,0.39489368,7371000,1455.38,-2912217,0
2018-08-14 06:45,0.05690632,7371000,209.72,-419667,0
2018-08-14 06:45,0.56736407,7371000,2091.02,-4184132,0
2018-08-14 06:45,0.03377126,7371000,124.46,-249053,0
2018-08-14 07:02,0.47693239,7370000,1757.49,3513234,1
2018-08-14 07:18,0.21304579,7360000,784.00,1567233,1
2018-08-14 07:18,0.02717391,7360000,99.99,199899,1
2018-08-14 07:21,0.55390000,7346000,2034.47,-4070984,0
2018-08-14 07:21,0.08517360,7360000,313.43,626564,1
2018-08-14 07:21,0.20050000,7360000,737.84,1474942,1
2018-08-14 07:22,1.08086187,7357000,3975.95,7947924,1
2018-08-14 07:22,0.14110160,7332000,517.27,-1035075,0
2018-08-14 07:22,0.15646025,7332000,573.58,-1147741,0
2018-08-14 07:22,0.00882495,7324000,32.31,-64667,0
2018-08-14 07:22,0.00487505,7324000,17.85,-35723,0
2018-08-14 07:23,0.01680000,7332000,61.58,-123240,0
2018-08-14 07:25,0.00167060,7366000,6.15,12299,1
2018-08-14 07:25,0.02278589,7365000,83.90,167734,1
2018-08-14 07:26,0.00067000,7369000,2.46,4934,1
2018-08-14 07:26,0.01400000,7369000,51.58,-103218,0
2018-08-14 07:27,0.00250000,7369000,9.21,-18432,0
2018-08-14 07:27,0.01303523,7389000,48.15,96269,1
2018-08-14 07:28,0.21985808,7386000,811.93,1623059,1
2018-08-14 07:29,0.04984859,7372000,183.74,-367668,0
2018-08-14 07:30,0.02700349,7384000,99.69,199294,1
2018-08-14 07:32,0.01619623,7376000,59.73,119403,1
2018-08-14 07:32,1.36239919,7376000,5024.52,10044031,1
2018-08-14 07:32,0.41555883,7360000,1529.25,-3060043,0
2018-08-14 07:32,0.06374117,7360000,234.56,-469370,0
2018-08-14 07:34,0.06338832,7379000,233.87,467508,1
2018-08-14 07:35,0.03072325,7379000,113.35,226593,1
2018-08-14 07:35,0.02475746,7382000,91.37,182668,1
2018-08-14 07:40,0.00814221,7369000,29.99,59969,1
2018-08-14 07:40,0.06940134,7369000,255.70,511162,1
2018-08-14 07:40,0.00816151,7369000,30.07,60112,1
2018-08-14 07:40,0.00929100,7369000,34.23,68431,1
2018-08-14 07:40,0.01305000,7369000,48.08,96117,1
2018-08-14 07:40,0.00814221,7369000,29.99,59969,1
2018-08-14 07:40,0.01495830,7369000,55.11,110172,1
2018-08-14 07:41,0.09970000,7365000,367.14,733923,1
2018-08-14 07:41,0.00750120,7365000,27.62,55218,1
2018-08-14 07:41,0.09977916,7366000,367.48,734605,1
2018-08-14 07:41,0.00215793,7366000,7.94,15887,1
2018-08-14 07:41,0.05488627,7366000,202.14,404090,1
2018-08-14 07:41,0.13070000,7367000,481.43,962385,1
2018-08-14 07:44,0.25750000,7373000,949.27,-1899497,0
2018-08-14 07:44,2.25984094,7365000,8321.86,-16652051,0
2018-08-14 07:45,0.26256284,7379000,968.72,1936482,1
2018-08-14 07:45,0.00028000,7378000,1.03,2064,1
2018-08-14 07:46,0.23940862,7378000,883.17,1765473,1
2018-08-14 07:46,0.01050000,7378000,38.73,77430,1
2018-08-14 07:52,0.06995727,7380000,258.14,-516543,0
2018-08-14 07:55,0.02512786,7395000,92.91,185727,1
2018-08-14 07:55,0.00815228,7395000,30.14,60255,1
2018-08-14 07:55,0.06476800,7395000,239.47,478719,1
2018-08-14 08:05,0.44269817,7393000,1636.43,3271231,1
2018-08-14 08:11,0.00106372,7403000,3.93,7870,1
2018-08-14 08:11,0.03811000,7403000,141.06,281987,1
2018-08-14 08:11,0.00666686,7403000,24.67,49330,1
2018-08-14 08:11,0.00531587,7402000,19.67,39328,1
2018-08-14 08:13,0.16139677,7396000,596.84,1193093,1
2018-08-14 08:14,0.05124631,7394000,189.45,378725,1
2018-08-14 08:14,0.57847131,7400000,2140.34,4278547,1
2018-08-14 08:14,0.01588240,7400000,58.76,117470,1
2018-08-14 08:22,0.00001154,7405000,0.04,85,1
2018-08-14 08:26,0.05326592,7410000,197.35,394503,1
2018-08-14 08:26,0.03400400,7410000,125.98,251843,1
2018-08-14 08:35,0.54190246,7420000,2010.45,4018905,1
2018-08-14 08:35,0.00527309,7419000,19.56,39101,1
2018-08-14 08:35,0.02334700,7421000,86.62,173171,1
2018-08-14 08:48,1.17160000,7406000,4338.43,-8681208,0
2018-08-14 08:49,0.00224092,7408000,8.30,16592,1
2018-08-14 08:49,0.07367247,7408000,272.88,545492,1
2018-08-14 08:51,0.01400000,7402000,51.81,103576,1
2018-08-14 08:51,0.03397624,7402000,125.74,251366,1
2018-08-14 08:51,0.05864735,7400000,216.99,433773,1
2018-08-14 08:51,0.41571498,7400000,1538.14,3074752,1
2018-08-14 08:51,0.11737155,7400000,434.27,868115,1
2018-08-14 08:51,0.01200886,7400000,44.43,88821,1
2018-08-14 08:53,0.64480000,7388000,2381.89,-4766165,0
2018-08-14 09:00,0.40657627,7375000,1499.24,2997000,1
2018-08-14 09:00,0.09990000,7375000,368.38,736394,1
2018-08-14 09:00,0.34983685,7375000,1290.02,2578756,1
2018-08-14 09:00,0.00661914,7375000,24.40,48791,1
2018-08-14 09:00,0.02769400,7375000,102.12,204141,1
2018-08-14 09:00,0.21597374,7375000,796.40,1592009,1
2018-08-14 09:03,0.00150000,7351000,5.51,-11032,0
2018-08-14 09:03,0.01948223,7354000,71.63,-143344,0
2018-08-14 09:03,0.01751777,7354000,64.41,-128890,0
2018-08-14 09:07,0.00505781,7376000,18.65,37287,1
2018-08-14 09:07,0.00278000,7376000,10.25,20495,1
2018-08-14 09:14,0.03070000,7355000,112.89,225685,1
2018-08-14 09:14,0.59670000,7336000,2188.69,-4379580,0
2018-08-14 09:15,0.22900000,7338000,840.20,-1681243,0
2018-08-14 09:16,0.02730000,7338000,100.16,-200428,0
2018-08-14 09:16,0.85300000,7359000,3138.61,6274088,1
2018-08-14 09:16,0.20071285,7329000,735.51,-1471760,0
2018-08-14 09:16,0.20070000,7355000,738.07,1475410,1
2018-08-14 09:17,0.00685929,7325000,25.12,-50270,0
2018-08-14 09:17,0.00117000,7325000,4.28,-8575,0
2018-08-14 09:17,0.02767071,7325000,101.34,-202790,0
2018-08-14 09:20,0.06740000,7319000,246.65,-493548,0
2018-08-14 09:20,0.08260000,7319000,302.27,-604852,0
2018-08-14 09:21,0.01852708,7318000,67.79,-135649,0
2018-08-14 09:21,0.53997292,7318000,1975.76,-3953498,0
2018-08-14 09:22,0.00200000,7319000,7.31,-14646,0
2018-08-14 09:22,0.02740000,7319000,100.27,-200641,0
2018-08-14 09:27,0.29917535,7316000,1094.38,2187672,1
2018-08-14 09:27,0.01000000,7316000,36.58,73123,1
2018-08-14 09:27,0.01366867,7316000,49.99,99949,1
2018-08-14 09:28,0.02597787,7289000,94.67,-189448,0
2018-08-14 09:28,0.00300000,7290000,10.93,-21881,0
2018-08-14 09:28,0.00500000,7290000,18.22,-36469,0
2018-08-14 09:28,0.20010000,7290000,729.36,-1459459,0
2018-08-14 09:29,2.09738419,7292000,7647.06,-15301773,0
2018-08-14 09:29,0.01751581,7292000,63.86,-127790,0
2018-08-14 09:30,0.33523737,7310000,1225.29,2449359,1
2018-08-14 09:35,0.95990683,7293000,3500.30,6997100,1
2018-08-14 09:35,0.23673690,7293000,863.26,1725658,1
2018-08-14 09:35,0.24966661,7293000,910.40,1819908,1
2018-08-14 09:35,0.00100000,7293000,3.64,7289,1
2018-08-14 09:35,0.05000000,7286000,182.15,364117,1
2018-08-14 09:35,0.96720000,7286000,3523.50,7043495,1
2018-08-14 09:39,0.01590000,7295000,57.99,-116049,0
2018-08-14 09:40,0.01590000,7313000,58.13,116218,1
2018-08-14 09:41,1.71000000,7303000,6244.06,-12494374,0
2018-08-14 09:41,0.01850000,7306000,67.58,-135229,0
2018-08-14 09:43,0.00167400,7297000,6.10,-12222,0
2018-08-14 09:43,0.01192600,7297000,43.51,-87068,0
2018-08-14 09:46,0.67438899,7312000,2465.56,-4933598,0
2018-08-14 09:46,0.01010786,7312000,36.95,-73946,0
2018-08-14 09:49,0.01028688,7339000,37.74,75457,1
2018-08-14 09:49,0.03390000,7339000,124.39,248667,1
2018-08-14 09:52,0.00136351,7333000,4.99,9993,1
2018-08-14 09:52,0.04470000,7333000,163.89,327621,1
2018-08-14 10:00,1.16370000,7305000,4250.41,-8505079,0
2018-08-14 10:08,0.01364581,7326000,49.98,99919,1
2018-08-14 10:09,0.00100000,7317000,3.65,7313,1
2018-08-14 10:15,1.35533760,7310000,4953.75,9902564,1
2018-08-14 10:15,0.01975300,7310000,72.19,144322,1
2018-08-14 10:15,0.00374026,7318000,13.68,27357,1
2018-08-14 10:15,0.00068000,7318000,2.48,4973,1
2018-08-14 10:15,0.00260086,7318000,9.51,19023,1
2018-08-14 10:15,0.20222900,7318000,739.95,1479171,1
2018-08-14 10:16,0.19060000,7303000,695.97,-1392648,0
2018-08-14 10:16,0.00000561,7303000,0.02,-41,0
2018-08-14 10:16,0.08979439,7303000,327.88,-656097,0
2018-08-14 10:20,0.28845216,7291000,1051.55,2102053,1
2018-08-14 10:20,0.06809999,7291000,248.25,496268,1
2018-08-14 10:22,0.10000000,7275000,363.75,-727864,0
2018-08-14 10:26,0.04976024,7267000,180.80,361426,1
2018-08-14 10:26,0.00769464,7267000,27.95,55888,1
2018-08-14 10:28,0.00054231,7268000,1.97,3939,1
2018-08-14 10:28,0.00068000,7268000,2.47,4939,1
2018-08-14 10:28,0.00068000,7268000,2.47,4939,1
2018-08-14 10:28,0.00068000,7268000,2.47,4939,1
2018-08-14 10:28,0.02314039,7268000,84.09,168100,1
2018-08-14 10:28,1.65830000,7253000,6013.82,-12033664,0
2018-08-14 10:31,0.33722497,7284000,1228.17,2455118,1
2018-08-14 10:31,0.01000000,7284000,36.42,72803,1
2018-08-14 10:31,0.11463208,7284000,417.49,834562,1
2018-08-14 10:31,0.23758952,7284000,865.30,1729736,1
2018-08-14 10:31,0.05734220,7284000,208.84,417471,1
2018-08-14 10:33,0.02215440,7276000,80.59,161114,1
2018-08-14 10:37,0.92818365,7293000,3384.62,6765858,1
2018-08-14 10:37,1.79281635,7293000,6537.50,13068472,1
2018-08-14 10:40,0.08110000,7249000,293.94,-588188,0
2018-08-14 10:41,0.06895865,7249000,249.94,-500132,0
2018-08-14 10:41,0.16824135,7249000,609.79,-1220192,0
2018-08-14 10:42,0.08850000,7252000,320.90,-642123,0
2018-08-14 10:43,0.16962886,7248000,614.73,-1230085,0
2018-08-14 10:43,0.04419739,7248000,160.17,-320503,0
2018-08-14 10:43,0.04040078,7261000,146.67,293203,1
2018-08-14 10:43,0.00068000,7261000,2.46,4935,1
2018-08-14 10:43,0.00068000,7261000,2.46,4935,1
2018-08-14 10:43,0.00068000,7261000,2.46,4935,1
2018-08-14 10:43,0.00068000,7261000,2.46,4935,1
2018-08-14 10:43,0.00681884,7261000,24.75,49486,1
2018-08-14 10:43,0.00068000,7261000,2.46,4935,1
2018-08-14 10:43,0.00068000,7261000,2.46,4935,1
2018-08-14 10:44,0.07210000,7247000,261.25,-522770,0
2018-08-14 10:44,2.85850000,7247000,10357.77,-20725908,0
2018-08-14 10:45,0.00000233,7255000,0,16,1
2018-08-14 10:45,0.04195173,7255000,152.17,304207,1
2018-08-14 10:46,3.45800000,7235000,12509.31,25006120,1
2018-08-14 10:50,0.36114921,7167000,1294.17,-2589651,0
2018-08-14 10:50,0.00053288,7167000,1.90,-3821,0
2018-08-14 10:50,0.00705375,7167000,25.27,-50580,0
2018-08-14 10:50,0.42482968,7167000,1522.37,-3046277,0
2018-08-14 10:51,0.00139703,7158000,4.99,9994,1
2018-08-14 10:51,0.05901795,7158000,211.22,422239,1
2018-08-14 10:51,0.22900000,7153000,819.01,-1638856,0
2018-08-14 10:52,0.96220000,7158000,3443.71,6883983,1
2018-08-14 10:54,1.91070000,7171000,6850.81,-13708481,0
2018-08-14 10:55,0.10620000,7172000,380.83,-762048,0
2018-08-14 10:55,0.00700000,7173000,25.10,-50237,0
2018-08-14 10:55,1.47610000,7171000,5292.55,-10590406,0
2018-08-14 10:57,3.50000000,7141000,12496.75,24981003,1
2018-08-14 11:05,0.04012663,7003000,140.50,-281148,0
2018-08-14 11:05,1.50561952,7003000,5271.92,-10549126,0
2018-08-14 11:05,0.00671646,7003000,23.51,-47059,0
2018-08-14 11:06,0.00608238,7000000,21.28,42555,1
2018-08-14 11:06,0.01379981,7000000,48.29,96550,1
2018-08-14 11:06,0.11453130,7000000,400.85,801318,1
2018-08-14 11:06,0.02873042,7000000,100.55,201012,1
2018-08-14 11:06,0.03549275,7000000,124.22,248325,1
2018-08-14 11:06,0.02874391,7000000,100.60,201106,1
2018-08-14 11:06,0.05300606,7000000,185.52,370856,1
2018-08-14 11:06,0.10000000,7000000,350.00,699650,1
2018-08-14 11:06,0.00928107,7000000,32.48,64935,1
2018-08-14 11:06,0.41162276,7000000,1440.67,2879918,1
2018-08-14 11:06,0.62713243,7000000,2194.96,4387732,1
2018-08-14 11:06,0.12397711,7000000,433.91,867405,1
2018-08-14 11:08,0.00400000,7007000,14.01,-28042,0
2018-08-14 11:08,0.00400000,7019000,14.03,28061,1
2018-08-14 11:10,0.01205470,7012000,42.26,-84570,0
2018-08-14 11:10,0.01787495,7013000,62.67,-125420,0
2018-08-14 11:10,0.01037035,7013000,36.36,-72764,0
2018-08-14 11:10,0.00100000,7019000,3.50,-7023,0
2018-08-14 11:10,0.32920000,7023000,1155.98,-2313128,0
2018-08-14 11:11,0.01540000,7040000,54.20,-108471,0
2018-08-14 11:12,0.38590000,7050000,1360.29,2719234,1
2018-08-14 11:13,0.01040000,7041000,36.61,-73263,0
2018-08-14 11:13,0.01040000,7038000,36.59,73158,1
2018-08-14 11:14,0.08800000,7026000,309.14,-618598,0
2018-08-14 11:15,0.10380000,7026000,364.64,-729664,0
2018-08-14 11:15,0.06340000,7027000,222.75,-445735,0
2018-08-14 11:16,0.00931274,7022000,32.69,65361,1
2018-08-14 11:16,0.06649585,7022000,233.46,466700,1
2018-08-14 11:16,0.17940000,7025000,630.14,1259654,1
2018-08-14 11:18,0.00680000,7020000,23.86,-47760,0
2018-08-14 11:20,0.19828742,7035000,697.47,-1395650,0
2018-08-14 11:20,0.00471258,7035000,16.57,-33170,0
2018-08-14 11:20,0.01091413,7039000,38.41,76786,1
2018-08-14 11:21,0.00500000,7036000,17.59,-35198,0
2018-08-14 11:21,0.00500000,7037000,17.59,-35203,0
2018-08-14 11:22,0.00140000,7051000,4.93,-9877,0
2018-08-14 11:26,0.18160000,7083000,643.13,-1286916,0
2018-08-14 11:26,0.36166043,7095000,1282.99,2564697,1
2018-08-14 11:26,0.03023957,7095000,107.27,214442,1
2018-08-14 11:28,0.11393326,7054000,401.84,-804087,0
2018-08-14 11:28,0.03011019,7054000,106.19,-212504,0
2018-08-14 11:28,0.11372495,7054000,401.10,-802617,0
2018-08-14 11:28,0.06440000,7053000,227.10,-454441,0
2018-08-14 11:31,0.32220000,7050000,1135.75,2270374,1
2018-08-14 11:33,0.32150000,7040000,1131.68,-2264492,0
2018-08-14 11:37,0.06560000,7025000,230.42,-461071,0
2018-08-14 11:37,3.11280000,7026000,10935.26,-21881468,0
2018-08-14 11:40,0.00021231,7039000,0.74,1493,1
2018-08-14 11:40,0.02000000,7039000,70.39,140709,1
2018-08-14 11:40,0.05662036,7039000,199.27,398351,1
2018-08-14 11:49,0.31671063,7034000,1113.87,2226628,1
2018-08-14 12:02,3.10630000,7018000,10900.00,21789113,1
2018-08-14 12:06,0.01956015,6987000,68.33,-136736,0
2018-08-14 12:06,0.16773985,6987000,585.99,-1172585,0
2018-08-14 12:06,3.31270000,6979000,11559.66,-23130893,0
2018-08-14 12:10,0.05931419,7021000,208.22,416236,1
2018-08-14 12:10,0.00104440,7021000,3.66,7329,1
2018-08-14 12:13,3.43970000,7037000,12102.58,24193066,1
2018-08-14 12:14,0.07530066,7043000,265.17,-530608,0
2018-08-14 12:14,0.00698250,7043000,24.58,-49203,0
2018-08-14 12:15,0.12315270,7052000,434.23,-868907,0
2018-08-14 12:15,0.00614730,7052000,21.67,-43373,0
2018-08-14 12:16,0.21160000,7070000,748.00,1495263,1
2018-08-14 12:23,0.43080000,7035000,1515.33,-3032194,0
2018-08-14 12:26,0.00250000,7032000,8.79,-17589,0
2018-08-14 12:35,0.04266525,7029000,149.94,299744,1
2018-08-14 12:35,0.02226149,7028000,78.22,156375,1
2018-08-14 12:36,0.00874662,7025000,30.72,61414,1
2018-08-14 12:36,0.10000000,7025000,351.25,702148,1
2018-08-14 12:36,0.25955338,7025000,911.68,1822450,1
2018-08-14 12:38,0.20115266,7025000,706.54,-1413804,0
2018-08-14 12:39,0.10020855,7025000,351.98,-704317,0
2018-08-14 12:39,0.02383879,7025000,83.73,-167552,0
2018-08-14 12:39,0.03000000,7025000,105.37,-210856,0
2018-08-14 12:49,0.08674960,7043000,305.48,610671,1
2018-08-14 12:49,0.10000000,7043000,352.15,703947,1
2018-08-14 13:01,1.65060000,7042000,5811.76,-11629337,0
2018-08-14 13:01,1.68090000,7043000,5919.28,-11844498,0
2018-08-14 13:07,0.07955921,7067000,281.12,561963,1
2018-08-14 13:07,0.10850400,7067000,383.39,766414,1
2018-08-14 13:07,0.01210000,7067000,42.75,85467,1
2018-08-14 13:07,0.00495762,7067000,17.51,35017,1
2018-08-14 13:07,0.01702640,7067000,60.16,120265,1
2018-08-14 13:07,0.88378649,7067000,3122.85,6242596,1
2018-08-14 13:07,0.89460000,7067000,3161.06,6318977,1
2018-08-14 13:07,1.07519109,7067000,3799.18,7594576,1
2018-08-14 13:07,0.42429602,7067000,1499.24,2997000,1
2018-08-14 13:49,3.50000000,7049000,12335.75,-24683836,0
2018-08-14 14:08,3.50000000,7073000,12377.75,24743122,1
2018-08-14 14:24,0.00001672,7055000,0.05,-118,0
2018-08-14 14:54,0.55000000,7033000,1934.07,-3870084,0
2018-08-14 14:54,0.00199329,7034000,7.01,-14028,0
2018-08-14 14:54,0.11766848,7034000,413.84,-828094,0
2018-08-14 14:54,1.35840000,7035000,4778.17,-9561123,0
2018-08-14 14:54,1.37210000,7036000,4827.04,-9658923,0
2018-08-14 14:58,0.02316912,7029000,81.42,162774,1
2018-08-14 15:07,0.00150847,7034000,5.30,10605,1
2018-08-14 15:07,0.00071000,7034000,2.49,4991,1
2018-08-14 15:07,0.00071000,7034000,2.49,4991,1
2018-08-14 15:26,0.00774419,7046000,27.28,54538,1
2018-08-14 15:26,0.00527175,7046000,18.57,37126,1
2018-08-14 15:28,0.01068054,7042000,37.60,75174,1
2018-08-14 15:28,0.00700000,7042000,24.64,49269,1
2018-08-14 15:28,0.17755026,7042000,625.15,1249683,1
2018-08-14 15:28,0.11356344,7041000,399.80,799200,1
2018-08-14 15:28,0.01137600,7041000,40.04,80058,1
2018-08-14 15:57,3.04090000,7025000,10681.16,21351641,1
2018-08-14 16:06,0.42821363,7012000,1501.31,-3004136,0
2018-08-14 16:07,3.07180000,7003000,10755.90,-21522572,0
2018-08-14 16:07,0.00105419,7023000,3.70,7399,1
2018-08-14 16:07,0.05374614,7023000,188.72,377270,1
2018-08-14 16:07,0.00071000,7023000,2.49,4983,1
2018-08-14 16:07,0.00071000,7023000,2.49,4983,1
2018-08-14 16:07,0.00424000,7023000,14.88,29762,1
2018-08-14 16:07,0.00071000,7023000,2.49,4983,1
2018-08-14 16:07,0.00424000,7023000,14.88,29762,1
2018-08-14 16:07,0.00071000,7023000,2.49,4983,1
2018-08-14 16:07,0.00071000,7023000,2.49,4983,1
2018-08-14 16:07,0.00424000,7023000,14.88,29762,1
2018-08-14 16:07,0.00424000,7023000,14.88,29762,1
2018-08-14 16:07,0.00071000,7023000,2.49,4983,1
2018-08-14 16:07,0.00071000,7023000,2.49,4983,1
2018-08-14 16:07,0.00424000,7023000,14.88,29762,1
2018-08-14 16:07,0.00071000,7023000,2.49,4983,1
2018-08-14 16:07,0.00424000,7023000,14.88,29762,1
2018-08-14 16:07,0.20260949,7022000,711.36,1422012,1
2018-08-14 16:07,0.00424000,7022000,14.88,29758,1
2018-08-14 16:07,0.00424000,7022000,14.88,29758,1
2018-08-14 16:07,0.42424000,7022000,1489.50,2977523,1
2018-08-14 16:07,0.00424000,7022000,14.88,29758,1
2018-08-14 16:07,0.00424000,7022000,14.88,29758,1
2018-08-14 16:07,0.00424000,7022000,14.88,29758,1
2018-08-14 16:07,0.00071000,7022000,2.49,4983,1
2018-08-14 16:07,0.00263487,7022000,9.25,18492,1
2018-08-14 16:07,0.00071000,7022000,2.49,4983,1
2018-08-14 16:07,0.00071000,7022000,2.49,4983,1
2018-08-14 16:07,0.00071000,7022000,2.49,4983,1
2018-08-14 16:07,0.00340556,7022000,11.95,23901,1
2018-08-14 16:07,0.02086000,7022000,73.23,146405,1
2018-08-14 16:07,0.01755000,7022000,61.61,123174,1
2018-08-14 16:07,0.01748000,7022000,61.37,122683,1
2018-08-14 16:07,0.05400000,7022000,189.59,378998,1
2018-08-14 16:07,0.00837000,7022000,29.38,58744,1
2018-08-14 16:07,0.00837000,7022000,29.38,58744,1
2018-08-14 16:07,0.00837000,7022000,29.38,58744,1
2018-08-14 16:07,0.03519000,7022000,123.55,246980,1
2018-08-14 16:07,0.04584000,7022000,160.94,321727,1
2018-08-14 16:07,0.03508000,7022000,123.16,246208,1
2018-08-14 16:07,0.00816000,7022000,28.64,57270,1
2018-08-14 16:07,0.00837000,7022000,29.38,58744,1
2018-08-14 16:07,0.00071000,7022000,2.49,4983,1
2018-08-14 16:07,0.16303804,7022000,572.42,1144280,1
2018-08-14 16:07,0.00071000,7022000,2.49,4983,1
2018-08-14 16:07,0.00071000,7022000,2.49,4983,1
2018-08-14 16:08,0.01877866,7021000,65.92,131779,1
2018-08-14 16:08,0.05490000,7009000,192.39,-384987,0
2018-08-14 16:08,0.01530000,7009000,53.61,-107292,0
2018-08-14 16:09,0.00007965,7006000,0.27,-559,0
2018-08-14 16:09,0.00176926,7006000,6.19,-12402,0
2018-08-14 16:09,0.02725252,7014000,95.57,191053,1
2018-08-14 16:10,0.01750000,7016000,61.39,-122842,0
2018-08-14 16:12,0.11602598,7024000,407.48,814559,1
2018-08-14 16:12,0.02730000,7024000,95.87,191659,1
2018-08-14 16:12,0.01815956,7024000,63.77,127488,1
2018-08-14 16:18,0.00390000,7011000,13.67,-27357,0
2018-08-14 16:35,0.00236305,7017000,8.29,16573,1
2018-08-14 16:35,0.74699786,7017000,2620.84,5239063,1
2018-08-14 16:35,2.03910000,7027000,7164.37,-14335920,0
2018-08-14 16:36,0.67612660,7027000,2375.57,4748766,1
2018-08-14 16:36,0.18072000,7027000,634.95,1269284,1
2018-08-14 16:36,0.02300000,7027000,80.81,161540,1
2018-08-14 16:37,0.20690421,7026000,726.85,1452982,1
2018-08-14 16:37,0.08900000,7026000,312.65,625001,1
2018-08-14 16:37,1.17580000,7030000,4132.93,-8270007,0
2018-08-14 16:39,0.01414120,7068000,49.97,99900,1
2018-08-14 16:39,1.00000000,7061000,3530.50,7057469,1
2018-08-14 16:39,2.48590000,7061000,8776.46,17544163,1
2018-08-14 16:57,0.10962524,7056000,386.75,-773903,0
2018-08-14 16:57,0.01500000,7056000,52.92,-105893,0
2018-08-14 17:00,0.09049908,7059000,319.41,638513,1
2018-08-14 17:00,0.01910092,7059000,67.41,134765,1
2018-08-14 17:00,0.01500000,7059000,52.94,105832,1
2018-08-14 17:37,0.08630648,7070000,305.09,-610492,0
2018-08-14 17:38,0.21590000,7080000,764.28,-1529337,0
2018-08-14 17:39,0.26586835,7084000,941.70,1882469,1
2018-08-14 17:39,0.03633165,7084000,128.68,257244,1
2018-08-14 18:30,0.00250000,7080000,8.85,-17709,0
2018-08-14 18:41,0.00250000,7098000,8.87,17736,1
2018-08-14 19:00,0.01680000,7114000,59.75,-119575,0
2018-08-14 19:06,0.01680000,7134000,59.92,119791,1
2018-08-14 19:21,0.00000746,7125000,0.02,-54,0
2018-08-14 19:21,0.09999254,7125000,356.22,-712803,0
2018-08-14 19:21,1.53210000,7125000,5458.10,-10921671,0
2018-08-14 19:22,0.07779723,7119000,276.91,553561,1
2018-08-14 19:22,0.20000000,7119000,711.90,1423088,1
2018-08-14 19:22,1.15110983,7119000,4097.37,8190653,1
2018-08-14 19:22,0.02870000,7119000,102.15,204213,1
2018-08-14 19:22,0.17450000,7118000,621.04,1241469,1
2018-08-14 19:33,0.06070000,7089000,215.15,-430518,0
2018-08-14 19:33,0.00780000,7089000,27.64,-55322,0
2018-08-14 19:34,0.15070000,7087000,534.00,-1068545,0
2018-08-14 19:34,0.00340000,7088000,12.04,-24112,0
2018-08-14 19:34,0.00970000,7088000,34.37,-68788,0
2018-08-14 19:35,1.07052846,7095000,3797.69,-7599198,0
2018-08-14 19:40,0.08336446,7094000,295.69,591091,1
2018-08-14 19:40,0.08799588,7094000,312.12,623930,1
2018-08-14 19:40,0.04661596,7094000,165.34,330528,1
2018-08-14 19:58,0.56800757,7078000,2010.17,-4022368,0
2018-08-14 20:10,1.46185545,7040000,5145.73,-10296608,0
2018-08-14 20:10,0.38524455,7040000,1356.06,-2713478,0
2018-08-14 20:38,0.05591376,7084000,198.04,395895,1
2018-08-14 20:38,0.00894414,7084000,31.68,63328,1
2018-08-14 20:38,0.06763366,7085000,239.59,478944,1
2018-08-14 20:38,0.00533000,7085000,18.88,37744,1
2018-08-14 20:42,0.10000000,7085000,354.25,708145,1
2018-08-14 20:42,0.15643300,7085000,554.16,1107773,1
2018-08-14 20:51,0.00378709,7097000,13.43,26863,1
2018-08-14 20:51,0.82282739,7095000,2918.98,5835041,1
2018-08-14 20:51,0.02860852,7095000,101.48,202875,1
2018-08-14 20:52,0.38069043,7095000,1350.49,2699648,1
2018-08-14 20:52,0.00564326,7095000,20.01,40018,1
2018-08-14 20:52,0.04346607,7095000,154.19,308237,1
2018-08-14 20:52,0.23819675,7095000,845.00,1689160,1
2018-08-14 20:52,1.09352821,7095000,3879.29,7754703,1
2018-08-14 20:52,0.03129202,7095000,111.00,221905,1
2018-08-14 20:52,0.00595593,7095000,21.12,42236,1
2018-08-14 20:53,0.13791920,7095000,489.26,978047,1
2018-08-14 20:56,0.00750000,7080000,26.55,-53127,0
2018-08-14 20:58,0.32130000,7099000,1140.45,2279768,1
2018-08-14 21:02,0.00356120,7066000,12.58,-25176,0
2018-08-14 21:02,0.00983880,7066000,34.76,-69556,0
2018-08-14 21:02,0.35642133,7065000,1259.05,-2519376,0
2018-08-14 21:02,0.69681977,7065000,2461.51,-4925494,0
2018-08-14 21:02,0.00588023,7065000,20.77,-41565,0
2018-08-14 21:02,0.00680000,7060000,24.00,-48032,0
2018-08-14 21:02,0.00919150,7074000,32.51,64988,1
2018-08-14 21:03,0.03504056,7072000,123.90,247682,1
2018-08-14 21:03,0.06830730,7072000,241.53,482827,1
2018-08-14 21:04,0.04500034,7057000,158.78,-317727,0
2018-08-14 21:04,0.29889966,7057000,1054.66,-2110390,0
2018-08-14 21:04,0.27810000,7057000,981.27,-1963533,0
2018-08-14 21:04,0.98165970,7057000,3463.78,-6931037,0
2018-08-14 21:04,0.34021099,7057000,1200.43,-2402070,0
2018-08-14 21:04,0.34012931,7057000,1200.14,-2401493,0
2018-08-14 21:16,0.01991026,7070000,70.38,140695,1
2018-08-14 21:16,0.00180000,7070000,6.36,12719,1
2018-08-14 21:17,0.00700000,7068000,24.73,49451,1
2018-08-14 21:17,0.01020000,7068000,36.04,72057,1
2018-08-14 21:19,0.58041832,7099000,2060.19,4118329,1
2018-08-14 21:21,2.63150000,7094000,9333.93,18658527,1
2018-08-14 21:49,0.62646363,7098000,2223.31,-4448863,0
2018-08-14 21:49,0.02510000,7125000,89.41,-178927,0
2018-08-14 21:49,0.51005978,7148000,1822.95,3644084,1
2018-08-14 21:49,0.00069000,7148000,2.46,4929,1
2018-08-14 21:49,0.00417000,7148000,14.90,29792,1
2018-08-14 21:49,0.00069000,7148000,2.46,4929,1
2018-08-14 21:49,0.13589022,7148000,485.67,970857,1
2018-08-14 21:49,3.50000000,7150000,12512.50,-25037513,0
2018-08-14 21:51,0.00999792,7188000,35.93,71829,1
2018-08-14 21:51,0.05554013,7188000,199.61,399022,1
2018-08-14 21:51,0.10000000,7188000,359.40,718440,1
2018-08-14 21:51,0.10000000,7188000,359.40,718440,1
2018-08-14 21:51,0.00069000,7188000,2.47,4957,1
2018-08-14 21:51,0.01620842,7188000,58.25,116447,1
2018-08-14 21:51,0.00069000,7188000,2.47,4957,1
2018-08-14 21:51,0.05550000,7188000,199.46,398734,1
2018-08-14 21:51,0.13901255,7190000,499.75,999000,1
2018-08-14 21:51,0.15316454,7189000,550.54,1100549,1
2018-08-14 21:51,0.04500000,7189000,161.75,323343,1
2018-08-14 21:51,0.06033455,7189000,216.87,433528,1
2018-08-14 21:51,0.26630459,7189000,957.23,1913506,1
2018-08-14 21:51,0.01060500,7186000,38.10,76169,1
2018-08-14 21:51,0.43935519,7172000,1575.52,3149479,1
2018-08-14 21:51,0.23130000,7172000,829.44,1658054,1
2018-08-14 21:51,0.09000000,7172000,322.74,645157,1
2018-08-14 21:51,0.12700000,7172000,455.42,910388,1
2018-08-14 21:51,0.73283172,7172000,2627.93,-5258497,0
2018-08-14 21:51,0.25000000,7172000,896.50,-1793897,0
2018-08-14 21:52,0.20000000,7190000,719.00,1437281,1
2018-08-14 21:52,0.82030000,7190000,2948.97,5895008,1
2018-08-14 21:54,0.27170573,7221000,980.99,1961006,1
2018-08-14 21:54,0.03379611,7197000,121.61,243108,1
2018-08-14 21:55,0.80872311,7197000,2910.19,5817470,1
2018-08-14 21:55,0.10000000,7197000,359.85,719340,1
2018-08-14 21:56,0.23174998,7185000,832.56,1664291,1
2018-08-14 21:56,0.00077872,7185000,2.79,5592,1
2018-08-14 21:56,0.00020000,7185000,0.71,1436,1
2018-08-14 21:56,0.11405702,7179000,409.40,818405,1
2018-08-14 22:07,3.49920000,7180000,12562.12,-25136819,0
2018-08-14 22:08,0.05624426,7189000,202.16,404137,1
2018-08-14 22:08,0.00277970,7189000,9.99,19973,1
2018-08-14 22:12,3.44100000,7211000,12406.52,24800644,1
2018-08-14 22:14,3.50000000,7191000,12584.25,-25181085,0
2018-08-14 22:16,0.32478067,7190000,1167.58,2334005,1
2018-08-14 22:16,0.01430181,7190000,51.41,102778,1
2018-08-14 22:16,0.52481330,7190000,1886.70,3771520,1
2018-08-14 22:28,0.00398874,7223000,14.40,28796,1
2018-08-14 22:28,0.06800337,7223000,245.59,490942,1
2018-08-14 22:29,0.09000000,7224000,325.08,649834,1
2018-08-14 22:29,0.10758580,7224000,388.59,776811,1
2018-08-14 22:47,0.02644925,7196000,95.16,190233,1
2018-08-14 22:47,0.53421431,7195000,1921.83,3841750,1
2018-08-14 22:47,0.18263980,7195000,657.04,1313436,1
2018-08-14 22:47,0.01582191,7195000,56.91,113781,1
2018-08-14 22:47,0.00138985,7195000,4.99,9994,1
2018-08-14 22:48,0.00429430,7195000,15.44,30882,1
2018-08-14 23:05,0.02138678,7180000,76.77,-153634,0
2018-08-14 23:12,1.62310000,7207000,5848.84,11691832,1
2018-08-14 23:32,0.00000233,7140000,0,-17,0
2018-08-14 23:32,1.48389767,7140000,5297.51,-10600327,0
2018-08-14 23:37,1.63700000,7123000,5830.17,-11666182,0
2018-08-14 23:48,0.01566267,7141000,55.92,111791,1
2018-08-14 23:54,0.00546430,7114000,19.43,38853,1
2018-08-14 23:54,0.07970669,7114000,283.51,566749,1
2018-08-14 23:54,0.00326400,7114000,11.61,23208,1
2018-08-14 23:54,0.00698742,7114000,24.85,49683,1
2018-08-14 23:56,0.00050460,7112000,1.79,3586,1
2018-08-14 23:56,0.00696180,7112000,24.75,49487,1
2018-08-14 23:56,0.14140000,7112000,502.81,1005133,1
2018-08-15 00:00,0.25790810,7125000,918.79,1836676,1
2018-08-15 00:00,0.69550892,7134000,2480.88,4959279,1
2018-08-15 00:00,0.14748017,7127000,525.54,1050565,1
2018-08-15 00:00,0.00688734,7127000,24.54,49061,1
2018-08-15 00:00,0.00293200,7127000,10.44,20885,1
2018-08-15 00:00,0.00688734,7127000,24.54,49061,1
2018-08-15 00:02,0.85570000,7135000,3052.70,-6108473,0
2018-08-15 00:03,2.04635472,7149000,7314.69,14622075,1
2018-08-15 00:07,0.00020000,7130000,0.71,1425,1
2018-08-15 00:07,0.00020000,7131000,0.71,1425,1
2018-08-15 00:08,0.00020000,7127000,0.71,1424,1
2018-08-15 00:08,0.00020000,7127000,0.71,1424,1
2018-08-15 00:08,0.00020000,7124000,0.71,1424,1
2018-08-15 00:09,0.00020000,7122000,0.71,1423,1
2018-08-15 00:13,0.55150000,7100000,1957.82,3913692,1
2018-08-15 00:14,0.30336806,7063000,1071.34,-2143760,0
2018-08-15 00:14,0.54924192,7070000,1941.57,-3885082,0
2018-08-15 00:14,0.00695808,7070000,24.59,-49219,0
2018-08-15 00:15,0.03392685,7076000,120.03,-240187,0
2018-08-15 00:15,0.02748899,7076000,97.25,-194610,0
2018-08-15 00:15,0.00070000,7084000,2.47,4956,1
2018-08-15 00:15,0.04442615,7084000,157.35,314557,1
2018-08-15 00:15,0.06630731,7061000,234.09,-468430,0
2018-08-15 00:17,0.01190000,7073000,42.08,-84211,0
2018-08-15 00:17,0.03966560,7073000,140.27,-280695,0
2018-08-15 00:17,0.21430000,7076000,758.19,-1517145,0
2018-08-15 00:20,0.08861493,7090000,314.13,-628594,0
2018-08-15 00:20,0.34424871,7090000,1220.36,-2441944,0
2018-08-15 00:20,0.00890000,7090000,31.55,-63133,0
2018-08-15 00:20,0.01118490,7087000,39.63,-79307,0
2018-08-15 00:20,0.07390765,7089000,261.96,-524194,0
2018-08-15 00:20,0.01060745,7089000,37.59,-75234,0
2018-08-15 00:24,1.64077098,7097000,5822.27,-11650374,0
2018-08-15 00:24,0.00012902,7097000,0.45,-917,0
2018-08-15 00:29,0.00020000,7116000,0.71,1422,1
2018-08-15 00:29,0.10324698,7115000,367.30,734234,1
2018-08-15 00:29,0.07785303,7115000,276.96,553647,1
2018-08-15 00:29,0.05143957,7115000,182.99,365809,1
2018-08-15 00:31,0.00418000,7120000,14.88,29746,1
2018-08-15 00:31,0.00418000,7120000,14.88,29746,1
2018-08-15 00:31,0.00418000,7120000,14.88,29746,1
2018-08-15 00:31,0.00418000,7120000,14.88,29746,1
2018-08-15 00:31,0.00418000,7120000,14.88,29746,1
2018-08-15 00:31,0.00418000,7120000,14.88,29746,1
2018-08-15 00:31,0.00418000,7120000,14.88,29746,1
2018-08-15 00:31,0.00694616,7120000,24.72,49431,1
2018-08-15 00:32,0.00020000,7114000,0.71,1422,1
2018-08-15 00:32,0.05863900,7114000,208.57,416949,1
2018-08-15 00:44,0.96269034,7110000,3422.36,6841305,1
2018-08-15 00:45,0.01387072,7104000,49.26,98488,1
2018-08-15 00:45,0.05597972,7104000,198.83,397481,1
2018-08-15 00:49,0.00020000,7114000,0.71,1422,1
2018-08-15 00:51,0.00903200,7118000,32.14,64257,1
2018-08-15 00:51,0.04604595,7118000,163.87,327591,1
2018-08-15 00:52,0.20684459,7118000,736.15,1471583,1
2018-08-15 00:52,0.00741005,7119000,26.37,52725,1
2018-08-15 00:52,0.01687000,7119000,60.04,120037,1
2018-08-15 00:52,0.02305640,7119000,82.06,164056,1
2018-08-15 00:52,0.01523442,7122000,54.24,108445,1
2018-08-15 00:52,1.70140000,7122000,6058.68,12111312,1
2018-08-15 01:02,0.13310000,7105000,472.83,-946149,0
2018-08-15 01:02,0.01340000,7105000,47.60,-95255,0
2018-08-15 01:02,0.12738036,7105000,452.51,-905490,0
2018-08-15 01:02,0.14071964,7105000,499.90,-1000313,0
2018-08-15 01:03,0.12160000,7117000,432.71,864994,1
2018-08-15 01:03,0.00419000,7117000,14.91,29805,1
2018-08-15 01:03,0.00419000,7117000,14.91,29805,1
2018-08-15 01:03,0.00419000,7117000,14.91,29805,1
2018-08-15 01:03,0.00419000,7117000,14.91,29805,1
2018-08-15 01:03,0.00419000,7117000,14.91,29805,1
2018-08-15 01:03,0.00419000,7117000,14.91,29805,1
2018-08-15 01:03,0.00419000,7117000,14.91,29805,1
2018-08-15 01:03,0.00419000,7117000,14.91,29805,1
2018-08-15 01:03,0.00419000,7117000,14.91,29805,1
2018-08-15 01:03,0.00419000,7117000,14.91,29805,1
2018-08-15 01:03,0.00419000,7117000,14.91,29805,1
2018-08-15 01:03,0.00419000,7117000,14.91,29805,1
2018-08-15 01:03,0.00168746,7116000,6.00,12001,1
2018-08-15 01:04,0.06879000,7110000,244.54,-489342,0
2018-08-15 01:04,0.00781000,7110000,27.76,-55557,0
2018-08-15 01:08,0.00377298,7110000,13.41,-26840,0
2018-08-15 01:14,0.00201967,7089000,7.15,-14325,0
2018-08-15 01:14,0.14098033,7089000,499.70,-999910,0
2018-08-15 01:14,0.06227754,7096000,220.96,441700,1
2018-08-15 01:14,0.40212246,7096000,1426.73,2852034,1
2018-08-15 01:21,0.00006416,7080000,0.22,-455,0
2018-08-15 01:28,3.49990000,7101000,12426.39,-24865217,0
2018-08-15 01:32,0.04722894,7107000,167.82,335488,1
2018-08-15 01:32,0.04737319,7107000,168.34,336512,1
2018-08-15 01:32,0.04736653,7107000,168.31,336465,1
2018-08-15 01:33,0.00339769,7100000,12.06,24111,1
2018-08-15 01:33,0.02690288,7099000,95.49,190888,1
2018-08-15 01:33,0.24178000,7099000,858.19,1715538,1
2018-08-15 01:33,0.23205000,7099000,823.66,1646499,1
2018-08-15 01:33,0.21439000,7099000,760.97,1521193,1
2018-08-15 01:33,0.19365000,7099000,687.36,1374033,1
2018-08-15 01:33,0.32497000,7099000,1153.48,2305808,1
2018-08-15 01:33,0.13518000,7099000,479.82,959162,1
2018-08-15 01:33,0.22829210,7099000,810.32,1619835,1
2018-08-15 01:33,0.13988000,7099000,496.50,992511,1
2018-08-15 01:33,0.13988000,7099000,496.50,992511,1
2018-08-15 01:33,0.22837115,7099000,810.60,1620396,1
2018-08-15 01:33,0.13988000,7099000,496.50,992511,1
2018-08-15 01:33,0.00535332,7103000,19.01,38005,1
2018-08-15 01:33,0.00695000,7103000,24.68,49341,1
2018-08-15 01:33,0.00695000,7103000,24.68,49341,1
2018-08-15 01:33,0.06365544,7103000,226.07,451918,1
2018-08-15 01:33,0.30000000,7103000,1065.45,2129834,1
2018-08-15 01:33,0.06210000,7085000,219.98,-440199,0
2018-08-15 01:33,0.00480000,7086000,17.00,-34030,0
2018-08-15 01:38,0.04916260,7087000,174.20,348241,1
2018-08-15 01:38,0.02335950,7083000,82.72,165372,1
2018-08-15 01:38,0.26120000,7083000,925.03,1849154,1
2018-08-15 01:38,0.06310000,7083000,223.46,446713,1
2018-08-15 01:38,0.05000000,7085000,177.12,354072,1
2018-08-15 01:38,0.01051000,7085000,37.23,74426,1
2018-08-15 01:40,0.00120000,7076000,4.24,-8496,0
2018-08-15 01:42,0.43590000,7078000,1542.65,-3086843,0
2018-08-15 01:42,0.01340241,7078000,47.43,-94910,0
2018-08-15 01:43,0.47552788,7077000,1682.65,-3366994,0
2018-08-15 01:43,0.00667212,7077000,23.60,-47243,0
2018-08-15 01:48,0.29090000,7070000,1028.33,-2057692,0
2018-08-15 01:53,0.00134180,7081000,4.75,9496,1
2018-08-15 01:53,0.39596218,7080000,1401.70,2802010,1
2018-08-15 01:53,0.00106900,7080000,3.78,7564,1
2018-08-15 01:53,0.01052577,7080000,37.26,74485,1
2018-08-15 01:53,0.05309446,7080000,187.95,375720,1
2018-08-15 01:53,0.00855300,7080000,30.27,60524,1
2018-08-15 01:54,0.00765286,7078000,27.08,54139,1
2018-08-15 01:54,0.26565249,7084000,940.94,1880941,1
2018-08-15 01:56,0.81580000,7087000,2890.78,5778683,1
2018-08-15 01:58,0.01264465,7092000,44.83,-89721,0
2018-08-15 01:58,0.00978914,7092000,34.71,-69460,0
2018-08-15 01:58,0.00276621,7092000,9.80,-19628,0
2018-08-15 02:01,0.07550000,7092000,267.72,-535714,0
2018-08-15 02:02,0.00005680,7096000,0.20,-404,0
2018-08-15 02:02,0.10000000,7096000,354.80,-709955,0
2018-08-15 02:02,0.08044320,7096000,285.41,-571111,0
2018-08-15 02:02,0.02038788,7099000,72.36,-144806,0
2018-08-15 02:02,0.00846352,7100000,30.04,-60121,0
2018-08-15 02:02,0.01530000,7100000,54.31,-108685,0
2018-08-15 02:02,0.06810000,7093000,241.51,-483275,0
2018-08-15 02:10,0.00002893,7085000,0.10,-205,0
2018-08-15 02:10,0.05127107,7085000,181.62,-363438,0
2018-08-15 02:11,0.10000000,7095000,354.75,709145,1
2018-08-15 02:11,0.10000000,7095000,354.75,709145,1
2018-08-15 02:14,0.00000840,7097000,0.02,59,1
2018-08-15 02:14,0.00420000,7097000,14.90,29792,1
2018-08-15 02:14,0.00420000,7097000,14.90,29792,1
2018-08-15 02:14,0.00420000,7097000,14.90,29792,1
2018-08-15 02:14,0.00420000,7097000,14.90,29792,1
2018-08-15 02:14,0.00420000,7097000,14.90,29792,1
2018-08-15 02:14,0.00070000,7097000,2.48,4965,1
2018-08-15 02:25,0.22300000,7107000,792.43,1584068,1
2018-08-15 02:28,0.26359638,7111000,937.21,-1875371,0
2018-08-15 02:29,0.16986148,7134000,605.89,1211185,1
2018-08-15 02:29,0.00476000,7134000,16.97,33940,1
2018-08-15 02:30,0.00015000,7133000,0.53,1069,1
2018-08-15 02:30,0.08885000,7133000,316.88,633450,1
2018-08-15 02:37,0.00040100,7132000,1.42,-2862,0
2018-08-15 02:37,0.07629900,7132000,272.08,-544437,0
2018-08-15 02:42,3.42330000,7118000,12183.52,-24379233,0
2018-08-15 02:50,0.04133608,7144000,147.65,295157,1
2018-08-15 02:51,0.00106100,7142000,3.78,7573,1
2018-08-15 02:51,0.00684432,7142000,24.44,48857,1
2018-08-15 02:51,0.00699380,7142000,24.97,49924,1
2018-08-15 02:51,0.00294574,7142000,10.51,21027,1
2018-08-15 02:51,0.00000908,7146000,0.03,64,1
2018-08-15 02:52,1.86732423,7143000,6669.14,13331627,1
2018-08-15 02:52,0.00560000,7127000,19.95,-39932,0
2018-08-15 02:57,0.00004426,7105000,0.15,-315,0
2018-08-15 02:58,0.00002600,7102000,0.09,-185,0
2018-08-15 02:58,0.00105000,7102000,3.72,-7461,0
2018-08-15 02:58,0.00095000,7102000,3.37,-6751,0
2018-08-15 03:01,0.00004000,7083000,0.14,-284,0
2018-08-15 03:01,0.07520945,7083000,266.35,-532975,0
2018-08-15 03:01,0.00085000,7083000,3.01,-6024,0
2018-08-15 03:01,1.84280000,7092000,6534.56,-13075673,0
2018-08-15 03:32,0.01906553,7096000,67.64,135221,1
2018-08-15 03:33,0.13155112,7094000,466.61,932757,1
2018-08-15 03:54,0.00015000,7109000,0.53,1065,1
2018-08-15 03:55,3.34930000,7119000,11921.83,23831744,1
2018-08-15 04:03,0.00007456,7163000,0.26,-535,0
2018-08-15 04:03,0.00700000,7165000,25.07,-50180,0
2018-08-15 04:04,0.00930000,7166000,33.32,-66678,0
2018-08-15 04:04,0.00001490,7166000,0.05,-107,0
2018-08-15 04:04,0.00208510,7166000,7.47,-14950,0
2018-08-15 04:05,0.01192461,7163000,42.70,85373,1
2018-08-15 04:05,0.00650000,7163000,23.27,46536,1
2018-08-15 04:15,0.00006955,7133000,0.24,-497,0
2018-08-15 04:22,0.00110000,7132000,3.92,-7850,0
2018-08-15 04:29,0.00000579,7147000,0.02,-42,0
2018-08-15 04:29,0.01000000,7148000,35.74,-71516,0
2018-08-15 04:29,0.00845653,7148000,30.22,-60478,0
2018-08-15 04:29,0.00004169,7148000,0.14,-299,0
2018-08-15 04:29,0.00070000,7148000,2.50,-5007,0
2018-08-15 04:29,0.00008700,7148000,0.31,-623,0
2018-08-15 04:35,0.00150000,7139000,5.35,-10714,0
2018-08-15 04:35,0.00009424,7139000,0.33,-674,0
2018-08-15 04:35,0.07430576,7139000,265.23,-530734,0
2018-08-15 04:40,0.08327707,7143000,297.42,-595146,0
2018-08-15 04:40,0.16053186,7142000,573.25,-1147092,0
2018-08-15 04:50,0.00001578,7153000,0.05,-113,0
2018-08-15 04:53,0.01449152,7172000,51.96,103881,1
2018-08-15 04:53,0.04986028,7172000,178.79,357419,1
2018-08-15 04:56,0.00002652,7133000,0.09,-190,0
2018-08-15 04:58,0.00008600,7133000,0.30,-614,0
2018-08-15 04:59,0.00002005,7134000,0.07,-144,0
2018-08-15 04:59,0.02357995,7134000,84.10,-168304,0
2018-08-15 05:00,0.82680590,7138000,2950.87,-5904692,0
2018-08-15 05:00,0.08069410,7138000,287.99,-576283,0
2018-08-15 05:00,0.00432345,7137000,15.42,-30872,0
2018-08-15 05:00,0.10000000,7137000,356.85,-714057,0
2018-08-15 05:00,0.05975606,7137000,213.23,-426693,0
2018-08-15 05:00,0.03753814,7137000,133.95,-268044,0
2018-08-15 05:00,2.09128235,7137000,7462.74,-14932945,0
2018-08-15 05:02,0.65733347,7126000,2342.07,4681816,1
2018-08-15 05:32,0.00104569,7121000,3.72,7442,1
2018-08-15 05:32,0.05980000,7121000,212.91,425622,1
2018-08-15 06:01,0.00600000,7128000,21.38,42746,1
2018-08-15 06:26,0.70545949,7154000,2523.42,5044333,1
2018-08-15 06:26,0.00416000,7154000,14.88,29745,1
2018-08-15 06:26,0.02508000,7154000,89.71,179332,1
2018-08-15 06:26,0.04545750,7154000,162.60,325040,1
2018-08-15 06:26,0.02508000,7154000,89.71,179332,1
2018-08-15 06:26,0.02510000,7154000,89.78,179475,1
2018-08-15 06:26,0.00692644,7154000,24.77,49526,1
2018-08-15 06:26,0.02510000,7154000,89.78,179475,1
2018-08-15 06:26,0.05110000,7154000,182.78,365386,1
2018-08-15 06:26,0.01784000,7154000,63.81,127563,1
2018-08-15 06:26,0.03164000,7154000,113.17,226239,1
2018-08-15 06:26,0.02510000,7154000,89.78,179475,1
2018-08-15 06:27,0.01740268,7148000,62.19,124332,1
2018-08-15 06:28,1.06107239,7135000,3785.37,-7574537,0
2018-08-15 06:28,0.05943241,7135000,212.02,-424263,0
2018-08-15 06:38,0.52384899,7149000,1872.49,3743123,1
2018-08-15 06:38,0.00842000,7149000,30.09,60164,1
2018-08-15 06:38,0.00693287,7149000,24.78,49538,1
2018-08-15 06:38,0.22400000,7131000,798.67,-1598143,0
2018-08-15 06:39,0.00100000,7143000,3.57,7139,1
2018-08-15 06:41,0.00292382,7147000,10.44,20886,1
2018-08-15 06:41,0.00686017,7147000,24.51,49005,1
2018-08-15 06:41,0.00428000,7147000,15.29,30573,1
2018-08-15 06:41,0.00574000,7147000,20.51,41003,1
2018-08-15 06:41,0.00657000,7147000,23.47,46932,1
2018-08-15 06:41,0.00686017,7147000,24.51,49005,1
2018-08-15 06:41,0.00580000,7147000,20.72,41431,1
2018-08-15 06:53,0.00926548,7173000,33.23,66428,1
2018-08-15 06:53,0.00467000,7173000,16.74,33481,1
2018-08-15 06:53,0.03794000,7173000,136.07,272007,1
2018-08-15 06:53,0.01205000,7173000,43.21,86391,1
2018-08-15 06:53,0.01686000,7173000,60.46,120876,1
2018-08-15 06:53,0.03760000,7173000,134.85,269569,1
2018-08-15 06:53,0.01682000,7173000,60.32,120589,1
2018-08-15 06:59,0.14884915,7159000,532.80,1065078,1
2018-08-15 06:59,0.02346630,7158000,83.98,167887,1
2018-08-15 06:59,0.00682438,7158000,24.42,48824,1
2018-08-15 07:00,0.00279666,7164000,10.01,20025,1
2018-08-15 07:00,0.00807900,7164000,28.93,57849,1
2018-08-15 07:01,0.99665793,7166000,3571.02,7138479,1
2018-08-15 07:03,1.04532304,7167000,3745.91,7488084,1
2018-08-15 07:08,0.00005920,7166000,0.21,-425,0
2018-08-15 07:09,0.16850000,7176000,604.57,1208551,1
2018-08-15 07:15,0.01880000,7135000,67.06,-134205,0
2018-08-15 07:18,0.01438431,7157000,51.47,102897,1
2018-08-15 07:23,0.00002964,7143000,0.10,-212,0
2018-08-15 07:23,0.00707036,7143000,25.25,-50529,0
2018-08-15 07:23,0.01150000,7157000,41.15,82264,1
2018-08-15 07:30,0.00002200,7147000,0.07,-158,0
2018-08-15 07:36,1.58621438,7154000,5673.88,-11353452,0
2018-08-15 07:36,0.00015000,7154000,0.53,-1074,0
2018-08-15 07:36,0.00565859,7154000,20.24,-40502,0
2018-08-15 07:38,0.95365112,7163000,3415.50,6827587,1
2018-08-15 07:38,0.00713315,7164000,25.55,51076,1
2018-08-15 07:40,0.00206800,7163000,7.40,14805,1
2018-08-15 07:42,0.06636043,7184000,238.36,476494,1
2018-08-15 07:42,0.00630000,7184000,22.62,45236,1
2018-08-15 07:42,0.09303299,7182000,334.08,667828,1
2018-08-15 07:42,0.10000000,7182000,359.10,717840,1
2018-08-15 07:42,0.36346701,7182000,1305.21,2609114,1
2018-08-15 07:49,0.12810000,7201000,461.22,-922910,0
2018-08-15 07:51,0.10949380,7207000,394.56,788727,1
2018-08-15 07:51,0.00070396,7207000,2.53,5070,1
2018-08-15 07:52,0.00414000,7192000,14.88,29759,1
2018-08-15 07:52,0.00414000,7192000,14.88,29759,1
2018-08-15 07:52,0.00414000,7192000,14.88,29759,1
2018-08-15 07:52,0.00414000,7192000,14.88,29759,1
2018-08-15 07:52,0.00134000,7192000,4.81,9632,1
2018-08-15 08:13,0.49810000,7171000,1785.93,-3573661,0
2018-08-15 08:25,0.00739481,7216000,26.68,53334,1
2018-08-15 08:26,0.49070000,7234000,1774.86,3547948,1
2018-08-15 08:29,3.50000000,7206000,12610.50,-25233611,0
2018-08-15 08:31,0.00069000,7218000,2.49,4977,1
2018-08-15 08:33,0.25267945,7239000,914.57,1828231,1
2018-08-15 08:33,0.18271300,7239000,661.32,1321998,1
2018-08-15 08:33,0.10000000,7239000,361.95,723538,1
2018-08-15 08:35,0.29475329,7235000,1066.27,2131473,1
2018-08-15 08:35,0.00096738,7235000,3.49,6995,1
2018-08-15 08:35,0.00412965,7235000,14.93,29863,1
2018-08-15 08:36,2.66410000,7262000,9673.34,19337020,1
2018-08-15 08:40,1.92597245,7236000,6968.16,-13943305,0
2018-08-15 08:42,0.00680293,7249000,24.65,49289,1
2018-08-15 08:42,0.04593780,7249000,166.50,332836,1
2018-08-15 08:42,0.02528900,7249000,91.65,183228,1
2018-08-15 08:43,0.20631761,7252000,748.10,1495467,1
2018-08-15 08:44,0.00843931,7249000,30.58,61145,1
2018-08-15 08:44,0.16271632,7249000,589.76,1178940,1
2018-08-15 08:49,2.02950000,7210000,7316.34,-14640012,0
2018-08-15 09:02,0.00002116,7279000,0.07,153,1
2018-08-15 09:02,0.37602795,7277000,1368.17,2734987,1
2018-08-15 09:03,0.03773156,7277000,137.28,274435,1
2018-08-15 09:03,0.03420644,7277000,124.46,248795,1
2018-08-15 09:03,0.01370000,7277000,49.84,99645,1
2018-08-15 09:03,0.01370000,7277000,49.84,99645,1
2018-08-15 09:03,0.01528000,7277000,55.59,111136,1
2018-08-15 09:03,0.00886000,7277000,32.23,64441,1
2018-08-15 09:03,0.01167000,7277000,42.46,84880,1
2018-08-15 09:03,1.18191019,7277000,4300.38,8596460,1
2018-08-15 09:03,0.21207986,7277000,771.65,1542533,1
2018-08-15 09:04,1.59480000,7276000,5801.88,11597962,1
2018-08-15 09:08,0.00086776,7268000,3.15,-6310,0
2018-08-15 09:11,3.49910000,7300000,12771.71,-25556202,0
2018-08-15 09:11,1.48341553,7300000,5414.46,10823518,1
2018-08-15 09:11,0.14384848,7300000,525.04,1049568,1
2018-08-15 09:11,0.10000000,7300000,365.00,729635,1
2018-08-15 09:11,0.10336831,7300000,377.29,754211,1
2018-08-15 09:11,0.00019948,7300000,0.72,1455,1
2018-08-15 09:11,0.68449767,7300000,2498.41,4994334,1
2018-08-15 09:11,0.00676814,7300000,24.70,49382,1
2018-08-15 09:11,0.02483128,7298000,90.60,181128,1
2018-08-15 09:11,0.00459937,7298000,16.78,33549,1
2018-08-15 09:11,0.05000000,7298000,182.45,364717,1
2018-08-15 09:11,0.46426363,7298000,1694.09,3386501,1
2018-08-15 09:12,0.00000072,7290000,0,5,1
2018-08-15 09:12,0.14490963,7290000,528.19,1055863,1
2018-08-15 09:12,0.01600000,7290000,58.32,116581,1
2018-08-15 09:13,0.00005200,7270000,0.18,-379,0
2018-08-15 09:13,0.01904800,7270000,69.23,-138549,0
2018-08-15 09:13,0.00810002,7287000,29.51,58995,1
2018-08-15 09:13,0.05000000,7287000,182.17,364167,1
2018-08-15 09:13,0.00893000,7287000,32.53,65040,1
2018-08-15 09:13,0.00893000,7287000,32.53,65040,1
2018-08-15 09:13,0.00893000,7287000,32.53,65040,1
2018-08-15 09:13,0.00893000,7287000,32.53,65040,1
2018-08-15 09:13,0.00893000,7287000,32.53,65040,1
2018-08-15 09:13,0.00409000,7287000,14.90,29788,1
2018-08-15 09:13,0.14398000,7287000,524.59,1048657,1
2018-08-15 09:13,0.04147998,7287000,151.13,302113,1
2018-08-15 09:23,0.00007009,7254000,0.25,-509,0
2018-08-15 09:23,0.00142991,7254000,5.18,-10378,0
2018-08-15 09:26,0.00150000,7251000,5.43,10871,1
2018-08-15 09:34,0.00988755,7234000,35.76,-71563,0
2018-08-15 09:42,0.00660000,7219000,23.82,-47670,0
2018-08-15 09:45,0.01650000,7215000,59.52,118987,1
2018-08-15 10:00,0.00008963,7245000,0.32,-650,0
2018-08-15 10:00,0.21340000,7248000,773.36,-1547497,0
2018-08-15 10:00,0.00000434,7248000,0.01,-32,0
2018-08-15 10:00,0.08999566,7248000,326.14,-652615,0
2018-08-15 10:01,0.06782918,7250000,245.88,-492008,0
2018-08-15 10:01,1.23609965,7255000,4483.95,-8972387,0
2018-08-15 10:01,0.01658536,7255000,60.16,-120387,0
2018-08-15 10:01,0.30000000,7255000,1088.25,-2177589,0
2018-08-15 10:02,0.00206034,7263000,7.48,14956,1
2018-08-15 10:02,0.01703000,7263000,61.84,123627,1
2018-08-15 10:02,0.01428000,7263000,51.85,103663,1
2018-08-15 10:02,0.00856999,7263000,31.12,62212,1
2018-08-15 10:02,0.01713000,7263000,62.20,124352,1
2018-08-15 10:02,0.01433000,7263000,52.03,104026,1
2018-08-15 10:02,0.01912000,7263000,69.43,138799,1
2018-08-15 10:02,0.01638000,7263000,59.48,118908,1
2018-08-15 10:02,0.09415782,7263000,341.93,683526,1
2018-08-15 10:02,0.80789391,7263000,2933.86,5864799,1
2018-08-15 10:02,0.27204000,7263000,987.91,1974838,1
2018-08-15 10:02,0.34774883,7263000,1262.84,2524436,1
2018-08-15 10:02,0.04037960,7253000,146.43,-293020,0
2018-08-15 10:11,0.02860114,7256000,103.76,207426,1
2018-08-15 10:11,0.01617000,7256000,58.66,117270,1
2018-08-15 10:11,0.00085520,7256000,3.10,6202,1
2018-08-15 10:12,0.28810000,7258000,1045.51,2089984,1
2018-08-15 10:31,0.00046000,7215000,1.65,-3321,0
2018-08-15 10:31,0.00564000,7215000,20.34,-40713,0
2018-08-15 10:33,0.33687728,7223000,1216.63,-2434482,0
2018-08-15 10:33,0.00382272,7223000,13.80,-27626,0
2018-08-15 10:43,0.34680000,7239000,1255.24,2509229,1
2018-08-15 11:12,0.15695013,7271000,570.59,-1141755,0
2018-08-15 11:14,0.15690000,7289000,571.82,1143072,1
2018-08-15 11:15,0.10000000,7305000,365.25,-730866,0
2018-08-15 11:16,0.02439513,7294000,88.96,177849,1
2018-08-15 11:16,0.07560000,7291000,275.59,550924,1
2018-08-15 11:25,0.42920000,7323000,1571.51,-3144604,0
2018-08-15 11:25,0.01187060,7332000,43.51,86991,1
2018-08-15 11:26,0.41730000,7319000,1527.10,3052691,1
2018-08-15 11:41,0.00004358,7314000,0.15,-319,0
2018-08-15 11:41,0.00110000,7315000,4.02,-8051,0
2018-08-15 11:42,0.00120000,7325000,4.39,8785,1
2018-08-15 12:04,0.00009239,7305000,0.33,-676,0
2018-08-15 12:04,0.25350000,7308000,926.28,-1853505,0
2018-08-15 12:06,0.00168134,7312000,6.14,12287,1
2018-08-15 12:06,0.07904160,7312000,288.97,577663,1
2018-08-15 12:06,0.15400000,7312000,563.02,1125484,1
2018-08-15 12:07,0.01890000,7299000,68.97,137882,1
2018-08-15 12:09,0.04716411,7286000,171.81,-343810,0
2018-08-15 12:09,0.02350000,7286000,85.61,-171307,0
2018-08-15 12:09,0.01260000,7286000,45.90,-91850,0
2018-08-15 12:17,0.01180000,7274000,42.91,-85877,0
2018-08-15 12:17,0.00280000,7275000,10.18,-20381,0
2018-08-15 12:17,0.01900000,7275000,69.11,-138295,0
2018-08-15 12:19,0.11680000,7287000,425.56,850696,1
2018-08-15 12:22,0.43875118,7273000,1595.51,-3192633,0
2018-08-15 12:22,0.00940199,7273000,34.19,-68415,0
2018-08-15 12:22,0.04034683,7273000,146.72,-293590,0
2018-08-15 12:26,0.01487537,7286000,54.19,108327,1
2018-08-15 12:42,0.00005000,7311000,0.18,365,1
2018-08-15 12:42,0.00425000,7311000,15.53,31056,1
2018-08-15 12:42,0.00425000,7311000,15.53,31056,1
2018-08-15 12:44,0.86750000,7321000,3175.48,-6354143,0
2018-08-15 12:45,0.00042732,7332000,1.56,3131,1
2018-08-15 12:45,0.00870750,7332000,31.92,63811,1
2018-08-15 12:45,0.01741500,7332000,63.84,127622,1
2018-08-15 12:48,1.30600000,7326000,4783.87,9562972,1
2018-08-15 13:01,0.74710000,7338000,2741.10,-5484961,0
2018-08-15 13:02,1.79050000,7341000,6572.03,-13150633,0
2018-08-15 13:09,0.27926163,7335000,1024.19,2047359,1
2018-08-15 13:09,0.09397418,7335000,344.65,688955,1
2018-08-15 13:12,0.13210928,7330000,484.18,967876,1
2018-08-15 13:12,0.00906119,7330000,33.20,66385,1
2018-08-15 13:12,0.02869674,7330000,105.17,210241,1
2018-08-15 13:13,0.19828145,7330000,726.70,1452676,1
2018-08-15 13:14,0.24811307,7380000,915.53,1830158,1
2018-08-15 13:14,0.12900200,7380000,476.01,951558,1
2018-08-15 13:14,1.41918493,7380000,5236.79,10468347,1
2018-08-15 13:27,0.05056970,7366000,186.24,-372683,0
2018-08-15 13:27,0.06242481,7366000,229.91,-460051,0
2018-08-15 13:27,0.01800000,7366000,66.29,-132655,0
2018-08-15 13:27,0.21100000,7366000,777.11,-1555004,0
2018-08-15 13:27,0.09990549,7366000,367.95,-736272,0
2018-08-15 13:29,0.09363353,7362000,344.66,688985,1
2018-08-15 13:30,0.34820000,7363000,1281.89,2562514,1
2018-08-15 13:50,0.09269074,7375000,341.79,-683936,0
2018-08-15 13:58,0.09270000,7389000,342.48,684617,1
2018-08-15 14:21,0.00007726,7346000,0.28,-568,0
2018-08-15 14:21,0.01720000,7350000,63.21,-126484,0
2018-08-15 14:23,0.01730000,7359000,63.65,127247,1
2018-08-15 14:36,0.16380000,7339000,601.06,-1202730,0
2018-08-15 14:37,0.00583741,7334000,21.40,42790,1
2018-08-15 14:37,0.01686059,7334000,61.82,123593,1
2018-08-15 14:37,0.14110200,7334000,517.42,1034324,1
2018-08-15 14:56,0.00004454,7342000,0.16,-328,0
2018-08-15 14:57,3.50000000,7340000,12845.00,-25702845,0
2018-08-15 14:58,0.69080000,7346000,2537.30,5072079,1
2018-08-15 14:58,0.00923592,7346000,33.92,67813,1
2018-08-15 14:58,0.00653000,7346000,23.98,47945,1
2018-08-15 14:58,0.00673000,7346000,24.71,49413,1
2018-08-15 14:58,0.00661000,7346000,24.27,48532,1
2018-08-15 14:58,0.00658000,7346000,24.16,48312,1
2018-08-15 14:58,0.00671000,7346000,24.64,49267,1
2018-08-15 14:58,0.00681000,7346000,25.01,50001,1
2018-08-15 14:58,0.00660000,7346000,24.24,48459,1
2018-08-15 14:58,1.03403370,7345000,3797.48,7591180,1
2018-08-15 15:05,0.00005553,7334000,0.20,-408,0
2018-08-15 15:05,0.00968675,7334000,35.52,-71079,0
2018-08-15 15:14,0.00003012,7347000,0.11,-222,0
2018-08-15 15:14,0.01367249,7347000,50.22,-100502,0
2018-08-15 15:29,0.00672730,7348000,24.71,49407,1
2018-08-15 15:29,0.00151600,7348000,5.56,11133,1
2018-08-15 15:29,0.07499483,7348000,275.53,550786,1
2018-08-15 15:29,0.74299978,7348000,2729.78,5456832,1
2018-08-15 15:35,0.00206779,7348000,7.59,15186,1
2018-08-15 15:53,2.58550000,7340000,9488.78,-18987059,0
2018-08-15 16:06,0.07729430,7367000,284.71,569142,1
2018-08-15 16:16,0.00096502,7387000,3.56,7125,1
2018-08-15 16:16,0.16825209,7387000,621.43,1242256,1
2018-08-15 16:16,0.00340000,7387000,12.55,25103,1
2018-08-15 16:18,0.00631441,7384000,23.31,46602,1
2018-08-15 16:18,0.04120783,7384000,152.13,304126,1
2018-08-15 16:36,1.00290806,7466000,3743.85,7483967,1
2018-08-15 16:36,0.27938756,7466000,1042.95,2084864,1
2018-08-15 16:36,0.01338735,7466000,49.97,99899,1
2018-08-15 16:38,1.90690000,7454000,7107.01,14206925,1
2018-08-15 16:57,0.00004083,7430000,0.15,-304,0
2018-08-15 17:07,0.15930000,7447000,593.15,-1186901,0
2018-08-15 17:07,0.00005996,7446000,0.22,-447,0
2018-08-15 17:07,0.00644004,7446000,23.97,-47977,0
2018-08-15 17:15,0.00280093,7454000,10.43,20867,1
2018-08-15 17:16,0.14641500,7453000,545.61,1090685,1
2018-08-15 17:18,0.01660000,7452000,61.85,123641,1
2018-08-15 17:19,0.00001596,7455000,0.05,-119,0
2018-08-15 17:24,0.00001491,7459000,0.05,-112,0
2018-08-15 17:26,0.02337638,7455000,87.13,-174358,0
2018-08-15 17:34,0.02340000,7490000,87.63,175178,1
2018-08-15 18:04,0.00104750,7448000,3.90,-7806,0
2018-08-15 18:05,0.00008693,7435000,0.32,-647,0
2018-08-15 18:10,0.00007252,7413000,0.26,-538,0
2018-08-15 18:10,0.19252748,7413000,713.60,-1427920,0
2018-08-15 18:10,3.30620000,7408000,12246.16,-24504576,0
2018-08-15 18:31,1.77310704,7385000,6547.19,13087848,1
2018-08-15 18:31,0.05000000,7385000,184.62,369065,1
2018-08-15 18:34,0.43620000,7350000,1603.03,-3207673,0
2018-08-15 18:34,0.28760303,7343000,1055.93,-2112925,0
2018-08-15 18:34,1.09919697,7343000,4035.70,-8075439,0
2018-08-15 18:37,0.00002305,7356000,0.08,169,1
2018-08-15 18:37,1.81521315,7360000,6679.98,13353288,1
2018-08-15 18:37,0.00578000,7358000,21.26,42507,1
2018-08-15 18:37,0.00289000,7358000,10.63,21253,1
2018-08-15 18:38,0.00405000,7357000,14.89,29780,1
2018-08-15 18:38,0.36000000,7357000,1324.26,2647195,1
2018-08-15 18:41,0.32551683,7355000,1197.08,-2395374,0
2018-08-15 18:41,0.14828317,7355000,545.31,-1091168,0
2018-08-15 18:42,0.06270000,7354000,230.54,-461327,0
2018-08-15 18:46,0.03310000,7340000,121.47,-243076,0
2018-08-15 18:56,0.00500000,7389000,18.47,-36964,0
2018-08-15 18:56,0.00020000,7389000,0.73,-1479,0
2018-08-15 18:56,0.01000000,7393000,36.96,-73967,0
2018-08-15 18:57,0.42160178,7405000,1560.98,3120400,1
2018-08-15 18:57,0.39141307,7405000,1449.20,2896964,1
2018-08-15 18:58,0.03258018,7398000,120.51,-241149,0
2018-08-15 18:58,0.00041424,7398000,1.53,-3066,0
2018-08-15 19:10,0.00231688,7387000,8.55,17106,1
2018-08-15 19:10,0.11066755,7387000,408.75,817092,1
2018-08-15 19:10,0.06164553,7387000,227.68,455147,1
2018-08-15 19:10,0.03527774,7387000,130.29,260466,1
2018-08-15 19:10,0.07050723,7387000,260.41,520576,1
2018-08-15 19:10,0.31527000,7387000,1164.44,2327735,1
2018-08-15 19:10,0.50000000,7387000,1846.75,3691653,1
2018-08-15 19:10,0.02101507,7387000,77.61,155160,1
2018-08-15 19:30,0.08740000,7370000,322.06,-644460,0
2018-08-15 19:32,0.03120000,7372000,115.00,-230122,0
2018-08-15 19:35,0.00460000,7369000,16.94,-33915,0
2018-08-15 19:41,0.20835605,7358000,766.54,-1533851,0
2018-08-15 19:41,0.00674395,7358000,24.81,-49647,0
2018-08-15 19:41,0.09840000,7358000,362.01,-724390,0
2018-08-15 19:42,0.43670000,7370000,1609.23,3216869,1
2018-08-15 19:44,0.00009363,7335000,0.34,-688,0
2018-08-15 19:44,0.02754098,7335000,101.00,-202114,0
2018-08-15 19:45,1.62965779,7335000,5976.76,-11959517,0
2018-08-15 19:45,0.00499253,7335000,18.31,-36639,0
2018-08-15 19:46,0.00345820,7347000,12.70,25394,1
2018-08-15 19:49,0.58921896,7337000,2161.54,-4325261,0
2018-08-15 19:49,0.02708104,7337000,99.34,-198793,0
2018-08-15 19:49,1.22480000,7338000,4493.79,-8992077,0
2018-08-15 19:57,0.10385445,7343000,381.30,762221,1
2018-08-15 19:57,0.20000000,7343000,734.30,1467865,1
2018-08-15 19:57,0.20000000,7342000,734.20,1467665,1
2018-08-15 20:05,0.05232671,7338000,191.98,383781,1
2018-08-15 20:26,0.63080986,7339000,2314.75,4627198,1
2018-08-15 20:50,0.00052821,7374000,1.94,3893,1
2018-08-15 20:50,0.20736431,7374000,764.55,1528339,1
2018-08-15 20:50,0.31055093,7377000,1145.46,2289788,1
2018-08-15 20:51,0.50000000,7378000,1844.50,3687155,1
2018-08-15 20:54,0.20000000,7370000,737.00,1473263,1
2018-08-15 20:54,0.00583337,7370000,21.49,42970,1
2018-08-15 20:54,0.13371484,7368000,492.60,984718,1
2018-08-15 20:54,0.00215785,7368000,7.94,15891,1
2018-08-15 20:54,0.20000000,7368000,736.80,1472863,1
2018-08-15 20:55,0.20000000,7365000,736.50,1472263,1
2018-08-15 20:55,0.08195800,7369000,301.97,603646,1
2018-08-15 20:55,0.47084200,7369000,1734.81,3467899,1
2018-08-15 21:01,0.00270000,7360000,9.93,-19882,0
2018-08-15 21:03,0.00006051,7360000,0.22,-446,0
2018-08-15 21:03,0.12850000,7358000,472.75,-945976,0
2018-08-15 21:04,0.01133974,7376000,41.82,83600,1
2018-08-15 21:04,0.00528841,7376000,19.50,38987,1
2018-08-15 21:05,0.00680000,7354000,25.00,-50033,0
2018-08-15 21:05,0.72396973,7354000,2662.03,-5326736,0
2018-08-15 21:05,0.18932299,7353000,696.04,-1392788,0
2018-08-15 21:06,0.00430000,7350000,15.80,-31621,0
2018-08-15 21:07,0.21157115,7347000,777.20,-1555191,0
2018-08-15 21:07,0.00398560,7347000,14.64,-29297,0
2018-08-15 21:14,0.00400000,7344000,14.68,-29391,0
2018-08-15 21:17,0.86037423,7356000,3164.45,6325748,1
2018-08-15 21:17,0.06793775,7356000,249.87,499500,1
2018-08-15 21:17,0.09889454,7356000,363.73,727104,1
2018-08-15 21:17,0.00134843,7356000,4.95,9914,1
2018-08-15 21:17,0.08885638,7356000,326.81,653300,1
2018-08-15 21:17,0.00665900,7356000,24.49,48959,1
2018-08-15 21:20,0.13450000,7350000,494.28,988080,1
2018-08-15 21:32,0.00530000,7357000,19.49,-39012,0
2018-08-15 21:33,0.00530000,7381000,19.55,39099,1
2018-08-15 21:38,0.00004050,7370000,0.14,-299,0
2018-08-15 21:56,0.04440641,7392000,164.12,-328417,0
2018-08-15 21:56,0.00949359,7392000,35.08,-70212,0
2018-08-15 22:01,0.05390000,7405000,199.56,398929,1
2018-08-15 22:11,0.26336985,7430000,978.41,-1957817,0
2018-08-15 22:11,0.03761218,7430000,139.72,-279599,0
2018-08-15 22:11,0.61361797,7430000,2279.59,-4561462,0
2018-08-15 22:12,0.91460000,7440000,3402.31,6801221,1
2018-08-15 22:35,2.68880380,7403000,9952.60,-19915168,0
2018-08-15 22:39,0.20697917,7400000,765.82,1530880,1
2018-08-15 22:39,0.06563800,7400000,242.86,485478,1
2018-08-15 22:42,0.05000063,7383000,184.57,368970,1
2018-08-15 22:42,1.13380000,7372000,4179.18,-8362553,0
2018-08-15 22:52,0.72936440,7378000,2690.62,5378559,1
2018-08-15 22:52,0.00833490,7378000,30.74,61464,1
2018-08-15 22:52,0.13313100,7378000,491.12,981749,1
2018-08-15 22:52,0.12759902,7378000,470.71,940954,1
2018-08-15 22:52,0.04772947,7378000,176.07,351971,1
2018-08-15 22:52,0.20526627,7378000,757.22,1513697,1
2018-08-15 22:53,0.00005737,7353000,0.21,-422,0
2018-08-15 22:53,0.00163476,7353000,6.01,-12027,0
2018-08-15 22:54,0.02350000,7351000,86.37,-172835,0
2018-08-15 22:57,1.22620000,7342000,4501.38,-9007262,0
2018-08-15 22:58,0.00774597,7364000,28.52,57012,1
2018-08-15 22:59,0.21515760,7366000,792.42,1584058,1
2018-08-15 22:59,0.40443000,7366000,1489.51,2977541,1
2018-08-15 22:59,0.40443000,7366000,1489.51,2977541,1
2018-08-15 22:59,0.40443000,7366000,1489.51,2977541,1
2018-08-15 22:59,0.39094000,7366000,1439.83,2878224,1
2018-08-15 22:59,0.40443000,7366000,1489.51,2977541,1
2018-08-15 22:59,0.40443000,7366000,1489.51,2977541,1
2018-08-15 22:59,0.40443000,7366000,1489.51,2977541,1
2018-08-15 22:59,0.33702000,7366000,1241.24,2481248,1
2018-08-15 22:59,0.12250240,7366000,451.17,901901,1
2018-08-15 22:59,0.00660000,7345000,24.23,-48502,0
2018-08-15 23:01,0.12744000,7346000,468.08,-936643,0
2018-08-15 23:01,0.13609000,7346000,499.85,-1000217,0
2018-08-15 23:01,0.13607000,7346000,499.78,-1000070,0
2018-08-15 23:01,0.11380000,7346000,417.98,-836393,0
2018-08-15 23:03,0.03910000,7350000,143.69,-287529,0
2018-08-15 23:16,0.13530589,7346000,496.97,-994454,0
2018-08-15 23:16,0.06459411,7350000,237.38,-475004,0
2018-08-15 23:16,0.13535695,7350000,497.43,-995371,0
2018-08-15 23:16,0.00114305,7350000,4.20,-8406,0
2018-08-15 23:19,0.00005297,7356000,0.19,-390,0
2018-08-15 23:19,0.03924703,7356000,144.35,-288846,0
2018-08-15 23:20,0.16638183,7371000,613.20,1225787,1
2018-08-15 23:20,0.02900000,7371000,106.87,213652,1
2018-08-15 23:22,0.02380000,7361000,87.59,-175280,0
2018-08-15 23:25,0.76330000,7376000,2815.05,5627285,1
2018-08-15 23:44,0.00006061,7386000,0.22,-448,0
2018-08-15 23:46,0.00210000,7383000,7.75,-15512,0
2018-08-15 23:51,0.08626800,7393000,318.88,-638099,0
2018-08-15 23:51,0.02000000,7393000,73.93,-147934,0
2018-08-15 23:51,0.00723200,7393000,26.73,-53493,0
2018-08-15 23:55,0.10750294,7396000,397.54,794694,1
2018-08-15 23:55,0.00809706,7396000,29.94,59855,1
2018-08-15 23:59,0.16930000,7392000,625.73,-1252092,0
2018-08-16 00:00,0.00150000,7420000,5.56,-11136,0
2018-08-16 00:00,0.17080000,7435000,634.94,1269263,1
2018-08-16 00:14,0.91340000,7435000,3395.56,-6794525,0
2018-08-16 00:14,0.00003600,7442000,0.13,-268,0
2018-08-16 00:14,0.00674812,7442000,25.10,-50245,0
2018-08-16 00:14,0.00674999,7442000,25.11,-50259,0
2018-08-16 00:14,0.03246589,7442000,120.80,-241732,0
2018-08-16 00:15,0.88385729,7460000,3296.78,6590278,1
2018-08-16 00:15,0.07554271,7460000,281.77,563266,1
2018-08-16 00:35,2.44512323,7436000,9090.96,-18191028,0
2018-08-16 00:35,0.12690000,7438000,471.94,-944355,0
2018-08-16 00:41,0.06208489,7476000,232.07,463914,1
2018-08-16 00:41,0.03447594,7476000,128.87,257613,1
2018-08-16 00:42,0.00315249,7488000,11.80,23594,1
2018-08-16 00:42,0.00000188,7479000,0,14,1
2018-08-16 00:42,0.00001169,7479000,0.04,87,1
2018-08-16 00:42,0.03191535,7479000,119.34,238575,1
2018-08-16 00:42,0.03000000,7479000,112.18,224257,1
2018-08-16 00:43,0.02673532,7477000,99.94,199800,1
2018-08-16 00:43,0.00002452,7477000,0.09,183,1
2018-08-16 00:43,0.00377628,7477000,14.11,28221,1
2018-08-16 00:43,0.00408000,7477000,15.25,30490,1
2018-08-16 00:43,0.00408000,7477000,15.25,30490,1
2018-08-16 00:43,0.00010628,7477000,0.39,794,1
2018-08-16 00:43,0.00066000,7477000,2.46,4932,1
2018-08-16 00:43,0.00066000,7477000,2.46,4932,1
2018-08-16 00:43,0.01320852,7477000,49.38,98710,1
2018-08-16 00:43,0.00066000,7477000,2.46,4932,1
2018-08-16 00:43,0.00789800,7477000,29.52,59023,1
2018-08-16 00:43,0.00066000,7477000,2.46,4932,1
2018-08-16 00:47,0.14244560,7486000,533.17,1065814,1
2018-08-16 00:47,0.07950206,7486000,297.57,594854,1
2018-08-16 00:47,0.00258019,7486000,9.65,19305,1
2018-08-16 00:47,0.06452600,7486000,241.52,482800,1
2018-08-16 00:47,0.06453293,7482000,241.41,482593,1
2018-08-16 00:47,0.00001171,7477000,0.04,87,1
2018-08-16 00:49,0.00050000,7466000,1.86,3731,1
2018-08-16 00:49,0.06321439,7460000,235.78,471343,1
2018-08-16 00:49,0.16207579,7460000,604.54,1208480,1
2018-08-16 00:52,0.07316352,7466000,273.11,545965,1
2018-08-16 00:52,0.01338556,7466000,49.96,99886,1
2018-08-16 00:54,0.81968271,7476000,3063.97,6124883,1
2018-08-16 00:54,0.00484709,7476000,18.11,36218,1
2018-08-16 00:55,0.01956962,7468000,73.07,146072,1
2018-08-16 00:55,0.07335251,7468000,273.89,547522,1
2018-08-16 00:55,0.02000000,7468000,74.68,149285,1
2018-08-16 00:55,0.00100000,7468000,3.73,7464,1
2018-08-16 00:55,0.00077432,7466000,2.89,5778,1
2018-08-16 00:55,0.00114131,7466000,4.26,8516,1
2018-08-16 01:01,0.02045356,7462000,76.31,-152701,0
2018-08-16 01:01,0.10000000,7462000,373.10,-746574,0
2018-08-16 01:01,0.12847751,7462000,479.34,-959179,0
2018-08-16 01:02,0.17586049,7462000,656.13,1311614,1
2018-08-16 01:09,0.08760000,7457000,326.61,-653560,0
2018-08-16 01:11,0.02123160,7456000,79.15,158223,1
2018-08-16 01:12,1.00810000,7467000,3763.74,-7531247,0
2018-08-16 01:13,1.88910000,7480000,7065.23,14123402,1
2018-08-16 01:15,3.50000000,7561000,13231.75,-26476732,0
2018-08-16 01:16,0.08056778,7590000,305.75,611203,1
2018-08-16 01:16,0.00526399,7590000,19.97,39933,1
2018-08-16 01:16,0.07310083,7590000,277.41,554557,1
2018-08-16 01:16,0.00110000,7590000,4.17,8344,1
2018-08-16 01:16,0.00783093,7590000,29.71,59407,1
2018-08-16 01:16,0.02639047,7593000,100.19,200282,1
2018-08-16 01:16,0.08817844,7590000,334.63,668939,1
2018-08-16 01:16,1.30752199,7590000,4962.04,9919129,1
2018-08-16 01:16,0.00526537,7590000,19.98,39944,1
2018-08-16 01:16,0.01844284,7590000,69.99,139911,1
2018-08-16 01:16,0.00960050,7590000,36.43,72831,1
2018-08-16 01:16,1.87670000,7590000,7122.07,14237030,1
2018-08-16 01:18,2.77519809,7551000,10477.76,-20965999,0
2018-08-16 01:20,1.33314059,7592000,5060.60,10116142,1
2018-08-16 01:20,0.14237100,7592000,540.44,1080340,1
2018-08-16 01:21,0.08665092,7590000,328.84,657351,1
2018-08-16 01:21,0.08171716,7584000,309.87,619433,1
2018-08-16 01:21,1.13130000,7584000,4289.88,8575489,1
2018-08-16 01:24,0.40767168,7557000,1540.38,-3082316,0
2018-08-16 01:24,0.00531600,7557000,20.08,-40193,0
2018-08-16 01:24,0.00781172,7557000,29.51,-59063,0
2018-08-16 01:24,0.05330000,7557000,201.39,-402990,0
2018-08-16 01:28,0.05825774,7580000,220.79,441372,1
2018-08-16 01:28,0.41590000,7584000,1577.09,3152608,1
2018-08-16 01:39,0.19710000,7542000,743.26,-1487272,0
2018-08-16 01:39,0.21169930,7551000,799.27,-1599341,0
2018-08-16 01:39,0.16300070,7551000,615.40,-1231434,0
2018-08-16 01:40,0.01027641,7547000,38.77,-77595,0
2018-08-16 01:40,0.00666303,7547000,25.14,-50311,0
2018-08-16 01:40,0.50118471,7547000,1891.22,-3784333,0
2018-08-16 01:40,0.01010000,7550000,38.12,-76294,0
2018-08-16 01:41,0.17130000,7552000,646.82,-1294305,0
2018-08-16 01:48,0.00565000,7555000,21.34,42664,1
2018-08-16 01:48,0.00565000,7555000,21.34,42664,1
2018-08-16 01:48,0.00565000,7555000,21.34,42664,1
2018-08-16 01:48,0.00565000,7555000,21.34,42664,1
2018-08-16 01:48,0.00556000,7555000,21.00,41984,1
2018-08-16 01:48,0.00350056,7555000,13.22,26433,1
2018-08-16 01:48,0.00066000,7555000,2.49,4983,1
2018-08-16 01:48,0.00066000,7555000,2.49,4983,1
2018-08-16 01:48,0.00066000,7555000,2.49,4983,1
2018-08-16 01:48,0.00278700,7555000,10.52,21045,1
2018-08-16 01:48,0.00347028,7555000,13.10,26204,1
2018-08-16 01:49,0.00004154,7542000,0.15,-314,0
2018-08-16 01:49,0.00096000,7542000,3.62,-7244,0
2018-08-16 01:49,0.05701517,7551000,215.26,430306,1
2018-08-16 01:54,0.58321172,7561000,2204.83,4407458,1
2018-08-16 01:54,0.00453608,7561000,17.14,34280,1
2018-08-16 01:54,0.03301650,7561000,124.81,249512,1
2018-08-16 01:54,0.46578297,7561000,1760.89,3520024,1
2018-08-16 01:54,0.00330559,7560000,12.49,24977,1
2018-08-16 01:56,0.08550000,7573000,323.74,647167,1
2018-08-16 02:01,0.02250000,7580000,85.27,-170636,0
2018-08-16 02:01,0.01778317,7580000,67.39,-134864,0
2018-08-16 02:01,0.00781683,7580000,29.62,-59282,0
2018-08-16 02:02,0.00059886,7580000,2.26,-4542,0
2018-08-16 02:02,0.00230114,7580000,8.72,-17452,0
2018-08-16 02:16,0.05100000,7571000,193.06,385927,1
2018-08-16 02:22,0.00007338,7557000,0.27,-555,0
2018-08-16 02:35,0.00000900,7551000,0.03,-68,0
2018-08-16 02:50,0.00003681,7581000,0.13,-280,0
2018-08-16 02:51,0.00004164,7581000,0.15,-316,0
2018-08-16 03:23,0.00066000,7567000,2.49,-4997,0
2018-08-16 03:23,0.41460000,7567000,1568.63,-3138847,0
2018-08-16 03:40,3.08450000,7555000,11651.69,-23315050,0
2018-08-16 03:40,0.05033064,7559000,190.22,380259,1
2018-08-16 03:40,0.04395675,7559000,166.13,332102,1
2018-08-16 03:40,0.00066000,7559000,2.49,4986,1
2018-08-16 03:40,0.00066000,7559000,2.49,4986,1
2018-08-16 03:40,0.00066000,7559000,2.49,4986,1
2018-08-16 03:40,0.00066000,7559000,2.49,4986,1
2018-08-16 03:40,0.00066000,7559000,2.49,4986,1
2018-08-16 03:40,0.00066000,7559000,2.49,4986,1
2018-08-16 03:40,0.00066000,7559000,2.49,4986,1
2018-08-16 03:40,0.14433272,7559000,545.50,1090465,1
2018-08-16 03:40,0.00118522,7559000,4.47,8954,1
2018-08-16 03:47,0.01115661,7567000,42.21,84379,1
2018-08-16 03:49,0.44589918,7569000,1687.50,3373323,1
2018-08-16 03:53,0.00013879,7565000,0.52,1049,1
2018-08-16 04:09,0.00445998,7527000,16.78,33553,1
2018-08-16 04:09,0.00020000,7527000,0.75,1504,1
2018-08-16 04:09,0.00250000,7527000,9.40,18808,1
2018-08-16 04:09,0.00040000,7527000,1.50,3009,1
2018-08-16 04:09,0.00030000,7527000,1.12,2256,1
2018-08-16 04:09,0.00230000,7527000,8.65,17303,1
2018-08-16 04:09,0.00390000,7527000,14.67,29340,1
2018-08-16 04:13,0.02184206,7523000,82.15,164235,1
2018-08-16 04:32,0.33541285,7541000,1264.67,2528083,1
2018-08-16 04:36,0.00161066,7517000,6.05,12101,1
2018-08-16 04:36,0.01000000,7517000,37.58,75132,1
2018-08-16 04:38,0.06770000,7517000,254.45,-509156,0
2018-08-16 04:38,0.10000000,7518000,375.90,-752176,0
2018-08-16 04:49,0.03628673,7490000,135.89,271651,1
2018-08-16 04:49,0.40053404,7490000,1499.99,2998499,1
2018-08-16 04:49,0.00050000,7490000,1.87,3743,1
2018-08-16 04:49,0.00534045,7490000,19.99,39979,1
2018-08-16 04:49,0.19053142,7490000,713.54,1426366,1
2018-08-16 04:49,0.12325795,7480000,460.98,921508,1
2018-08-16 04:49,0.05457244,7470000,203.82,407452,1
2018-08-16 04:49,0.28567200,7470000,1066.98,2132902,1
2018-08-16 04:49,0.00590738,7470000,22.06,44106,1
2018-08-16 04:50,0.10120000,7453000,377.12,-754621,0
2018-08-16 04:52,0.13768766,7465000,513.91,-1028353,0
2018-08-16 04:52,0.10000000,7465000,373.25,-746874,0
2018-08-16 04:52,0.03000000,7453000,111.79,-223702,0
2018-08-16 04:52,0.03413476,7452000,127.18,-254500,0
2018-08-16 04:52,0.09330000,7454000,347.72,-695806,0
2018-08-16 04:52,0.10000000,7453000,372.65,-745673,0
2018-08-16 04:53,1.42320000,7451000,5302.13,-10609566,0
2018-08-16 04:54,0.00067000,7409000,2.48,4961,1
2018-08-16 04:54,0.00067000,7409000,2.48,4961,1
2018-08-16 04:54,0.00407000,7409000,15.07,30139,1
2018-08-16 04:54,0.07066891,7409000,261.79,523324,1
2018-08-16 04:54,0.00411000,7409000,15.22,30435,1
2018-08-16 04:54,0.00067000,7409000,2.48,4961,1
2018-08-16 04:59,0.00671764,7401000,24.85,49692,1
2018-08-16 05:01,0.00242849,7363000,8.94,17872,1
2018-08-16 05:01,0.00241641,7363000,8.89,17783,1
2018-08-16 05:01,0.00218800,7363000,8.05,16102,1
2018-08-16 05:01,0.01506947,7363000,55.47,110901,1
2018-08-16 05:01,0.00223610,7363000,8.23,16456,1
2018-08-16 05:01,0.07975003,7363000,293.59,586905,1
2018-08-16 05:01,0.08300000,7363000,305.56,610823,1
2018-08-16 05:01,0.10000000,7363000,368.15,735931,1
2018-08-16 05:07,0.07318997,7385000,270.25,540237,1
2018-08-16 05:07,0.00544000,7385000,20.08,40154,1
2018-08-16 05:07,0.00067000,7385000,2.47,4945,1
2018-08-16 05:07,0.00189000,7385000,6.97,13950,1
2018-08-16 05:07,0.00067000,7385000,2.47,4945,1
2018-08-16 05:24,0.13507953,7381000,498.51,996523,1
2018-08-16 05:24,0.00671541,7381000,24.78,49541,1
2018-08-16 05:24,0.69147416,7380000,2551.53,5100527,1
2018-08-16 05:24,1.44031629,7380000,5314.76,10624219,1
2018-08-16 05:28,0.00230000,7371000,8.47,-16962,0
2018-08-16 05:29,0.15660000,7372000,577.22,-1155033,0
2018-08-16 05:31,0.00465326,7366000,17.13,34258,1
2018-08-16 05:38,0.27480000,7364000,1011.81,-2024639,0
2018-08-16 05:38,1.19900000,7379000,4423.71,8842997,1
2018-08-16 05:44,0.17660000,7397000,653.15,-1306964,0
2018-08-16 05:44,0.31450000,7398000,1163.33,-2327835,0
2018-08-16 05:50,0.04618277,7404000,170.96,341766,1
2018-08-16 05:50,0.00100000,7403000,3.70,7399,1
2018-08-16 05:58,0.07770000,7404000,287.64,-575579,0
2018-08-16 05:58,0.22646471,7405000,838.48,-1677810,0
2018-08-16 06:06,0.00100000,7379000,3.68,7375,1
2018-08-16 06:06,0.00193536,7379000,7.14,14273,1
2018-08-16 06:07,0.24340000,7379000,898.02,-1796947,0
2018-08-16 06:07,1.46790000,7379000,5415.81,-10837050,0
2018-08-16 06:08,0.00260000,7385000,9.60,-19211,0
2018-08-16 06:08,0.08210000,7382000,303.03,-606366,0
2018-08-16 06:32,0.00076924,7436000,2.86,5717,1
2018-08-16 06:32,0.00217854,7436000,8.09,16191,1
2018-08-16 06:34,1.18944596,7449000,4430.09,8855752,1
2018-08-16 06:44,0.72050739,7444000,2681.72,5360775,1
2018-08-16 06:49,0.00214288,7440000,7.97,15935,1
2018-08-16 06:51,0.05000500,7444000,186.11,372051,1
2018-08-16 06:52,0.00009641,7439000,0.35,-718,0
2018-08-16 06:53,0.00002193,7440000,0.08,-164,0
2018-08-16 06:54,0.01309990,7456000,48.83,97624,1
2018-08-16 07:01,0.67475590,7460000,2516.83,-5036196,0
2018-08-16 07:01,0.01784410,7460000,66.55,-133184,0
2018-08-16 07:01,0.00000749,7458000,0.02,-56,0
2018-08-16 07:28,0.00479689,7442000,17.84,35680,1
2018-08-16 07:28,0.02630000,7442000,97.86,195626,1
2018-08-16 07:28,0.01000000,7440000,37.20,74362,1
2018-08-16 07:28,0.00680103,7440000,25.29,50574,1
2018-08-16 07:28,0.04243475,7437000,157.79,315429,1
2018-08-16 07:35,0.38484757,7403000,1424.51,-2850451,0
2018-08-16 07:35,0.31530000,7403000,1167.08,-2335333,0
2018-08-16 07:35,0.00008246,7403000,0.30,-611,0
2018-08-16 07:35,1.63441754,7403000,6049.79,-12105643,0
2018-08-16 07:53,0.12269159,7418000,455.06,909671,1
2018-08-16 07:53,0.00663919,7418000,24.62,49224,1
2018-08-16 07:53,0.05591623,7418000,207.39,414579,1
2018-08-16 08:17,1.02590951,7350000,3770.21,7536664,1
2018-08-16 08:17,0.01796856,7350000,66.03,132002,1
2018-08-16 08:17,0.00030000,7350000,1.10,2203,1
2018-08-16 08:17,0.01721745,7350000,63.27,126484,1
2018-08-16 08:17,0.50000000,7350000,1837.50,3673162,1
2018-08-16 08:17,0.81956654,7350000,3011.90,6020802,1
2018-08-16 08:17,0.02677851,7350000,98.41,196723,1
2018-08-16 08:17,0.62729179,7350000,2305.29,4608289,1
2018-08-16 08:17,0.27976764,7350000,1028.14,2055264,1
2018-08-16 08:18,0.00007825,7324000,0.28,-574,0
2018-08-16 08:20,0.01000000,7309000,36.54,-73127,0
2018-08-16 08:21,0.01362151,7318000,49.84,-99732,0
2018-08-16 08:21,0.01447849,7318000,52.97,-106007,0
2018-08-16 08:21,0.09950000,7321000,364.21,-728804,0
2018-08-16 08:25,1.27077796,7296000,4635.79,-9276232,0
2018-08-16 08:25,0.00151700,7296000,5.53,-11074,0
2018-08-16 08:27,0.05230000,7299000,190.86,-381929,0
2018-08-16 08:27,0.00001454,7297000,0.05,-107,0
2018-08-16 08:27,0.00453000,7297000,16.52,-33072,0
2018-08-16 08:27,0.01990000,7302000,72.65,-145383,0
2018-08-16 08:31,0.12241701,7281000,445.65,-891764,0
2018-08-16 08:32,0.18459332,7283000,672.19,-1345066,0
2018-08-16 08:35,0.01414055,7300000,51.61,103174,1
2018-08-16 08:35,0.00200000,7300000,7.30,14592,1
2018-08-16 08:35,0.00015000,7300000,0.54,1094,1
2018-08-16 08:35,0.39082664,7300000,1426.51,2851607,1
2018-08-16 08:36,0.00150000,7293000,5.46,-10945,0
2018-08-16 08:39,0.14717767,7306000,537.64,1074742,1
2018-08-16 08:43,1.24090000,7299000,4528.66,9052800,1
2018-08-16 08:47,0.01830000,7283000,66.63,-133346,0
2018-08-16 08:48,0.01830000,7295000,66.74,133431,1
2018-08-16 09:01,0.03590000,7307000,131.16,-262453,0
2018-08-16 09:02,0.00750600,7323000,27.48,54938,1
2018-08-16 09:02,0.00455000,7323000,16.65,33302,1
2018-08-16 09:02,0.00678329,7323000,24.83,49649,1
2018-08-16 09:04,0.09220000,7312000,337.08,-674504,0
2018-08-16 09:04,0.10930000,7326000,400.36,800331,1
2018-08-16 09:09,0.04311632,7262000,156.55,-313268,0
2018-08-16 09:12,0.00320000,7264000,11.62,-23257,0
2018-08-16 09:12,0.00761800,7271000,27.69,-55419,0
2018-08-16 09:12,0.00692883,7271000,25.18,-50405,0
2018-08-16 09:16,0.00780560,7282000,28.42,-56869,0
2018-08-16 09:16,0.10879440,7282000,396.12,-792637,0
2018-08-16 09:16,0.20760000,7281000,755.76,-1512292,0
2018-08-16 09:17,0.38500000,7289000,1403.13,2804861,1
2018-08-16 09:17,0.65400000,7291000,2384.15,-4770699,0
2018-08-16 09:20,0.00286978,7294000,10.46,20921,1
2018-08-16 09:20,0.00801999,7294000,29.24,58468,1
2018-08-16 09:20,0.00801999,7294000,29.24,58468,1
2018-08-16 09:20,0.00801999,7294000,29.24,58468,1
2018-08-16 09:20,0.00801999,7294000,29.24,58468,1
2018-08-16 09:20,0.00801999,7294000,29.24,58468,1
2018-08-16 09:20,0.00801999,7294000,29.24,58468,1
2018-08-16 09:20,0.01226000,7294000,44.71,89379,1
2018-08-16 09:20,0.00680287,7294000,24.81,49595,1
2018-08-16 09:20,0.01226000,7294000,44.71,89379,1
2018-08-16 09:20,0.00425000,7294000,15.49,30984,1
2018-08-16 09:20,0.01227000,7293000,44.74,89440,1
2018-08-16 09:20,0.00373600,7293000,13.62,27233,1
2018-08-16 09:22,0.16808536,7295000,613.09,1225569,1
2018-08-16 09:22,0.00683619,7295000,24.93,49845,1
2018-08-16 09:22,0.16283700,7295000,593.94,1187301,1
2018-08-16 09:22,0.21370000,7297000,779.68,1558589,1
2018-08-16 09:23,0.02653871,7281000,96.61,-193325,0
2018-08-16 09:23,0.02650000,7309000,96.84,193591,1
2018-08-16 09:24,0.12720968,7292000,463.80,-928077,0
2018-08-16 09:24,0.13950112,7292000,508.62,-1017751,0
2018-08-16 09:24,0.84558920,7293000,3083.44,-6169966,0
2018-08-16 09:24,1.49962430,7288000,5464.63,-10934727,0
2018-08-16 09:24,0.06062693,7309000,221.56,442900,1
2018-08-16 09:24,0.05244877,7309000,191.67,383156,1
2018-08-16 09:24,0.00679929,7309000,24.84,49671,1
2018-08-16 09:24,0.45250000,7295000,1650.49,-3302638,0
2018-08-16 09:26,0.19566809,7315000,715.65,1430596,1
2018-08-16 09:27,0.00094777,7315000,3.46,6929,1
2018-08-16 09:27,0.00987000,7315000,36.09,72162,1
2018-08-16 09:39,0.02729442,7319000,99.88,199667,1
2018-08-16 09:39,0.00015000,7319000,0.54,1097,1
2018-08-16 09:40,0.54496786,7320000,1994.58,3987170,1
2018-08-16 09:41,0.03000000,7315000,109.72,-219560,0
2018-08-16 09:54,0.00573386,7384000,21.16,42317,1
2018-08-16 09:54,0.00436099,7383000,16.09,32181,1
2018-08-16 09:54,0.00407000,7383000,15.02,30033,1
2018-08-16 09:54,0.01276000,7383000,47.10,94159,1
2018-08-16 09:54,0.00407000,7383000,15.02,30033,1
2018-08-16 09:54,0.01251000,7383000,46.18,92315,1
2018-08-16 09:54,0.01353602,7383000,49.96,99886,1
2018-08-16 09:54,0.01985593,7383000,73.29,146523,1
2018-08-16 09:54,0.00541514,7383000,19.98,39959,1
2018-08-16 09:54,0.19586850,7378000,722.55,1444395,1
2018-08-16 09:57,0.00006306,7363000,0.23,-465,0
2018-08-16 09:57,0.00433694,7363000,15.96,-31949,0
2018-08-16 09:58,0.06789669,7381000,250.57,500894,1
2018-08-16 09:58,0.07452000,7381000,275.01,549757,1
2018-08-16 09:58,0.06555000,7381000,241.91,483582,1
2018-08-16 09:58,0.06421000,7381000,236.96,473697,1
2018-08-16 09:58,0.05552000,7381000,204.89,409588,1
2018-08-16 09:58,0.63158813,7381000,2330.87,4659421,1
2018-08-16 10:01,0.16396957,7382000,605.21,1209818,1
2018-08-16 10:01,0.03119455,7382000,115.13,230163,1
2018-08-16 10:01,0.00658510,7382000,24.30,48586,1
2018-08-16 10:01,0.00615000,7382000,22.69,45376,1
2018-08-16 10:01,0.00247000,7382000,9.11,18224,1
2018-08-16 10:01,0.00831000,7382000,30.67,61313,1
2018-08-16 10:15,0.02500000,7331000,91.63,183183,1
2018-08-16 10:15,0.07314451,7331000,268.11,535954,1
2018-08-16 10:15,0.35520000,7331000,1301.98,2602669,1
2018-08-16 10:15,0.04718122,7333000,172.98,345806,1
2018-08-16 10:15,0.01362088,7333000,49.94,99831,1
2018-08-16 10:15,0.00544835,7333000,19.97,39932,1
2018-08-16 10:15,0.00406000,7333000,14.88,29757,1
2018-08-16 10:15,0.00406000,7333000,14.88,29757,1
2018-08-16 10:15,0.00406000,7333000,14.88,29757,1
2018-08-16 10:15,0.02410000,7320000,88.20,-176501,0
2018-08-16 10:16,1.69330000,7318000,6195.78,-12397766,0
2018-08-16 10:16,0.86462120,7310000,3160.19,-6323542,0
2018-08-16 10:16,0.01217880,7310000,44.51,-89072,0
2018-08-16 10:17,0.02820979,7325000,103.31,206533,1
2018-08-16 10:17,0.03410000,7325000,124.89,249657,1
2018-08-16 10:17,0.00680290,7325000,24.91,49806,1
2018-08-16 10:20,0.00155760,7327000,5.70,11406,1
2018-08-16 10:34,0.13691277,7328000,501.64,1002795,1
2018-08-16 10:34,0.07250875,7328000,265.67,531078,1
2018-08-16 10:45,0.09117976,7295000,332.57,664823,1
2018-08-16 10:45,0.05176545,7296000,188.84,377491,1
2018-08-16 10:49,0.16884317,7279000,614.50,1228394,1
2018-08-16 10:49,0.00015000,7279000,0.54,1091,1
2018-08-16 10:49,0.04475600,7279000,162.88,325616,1
2018-08-16 10:49,0.00000438,7279000,0.01,31,1
2018-08-16 10:51,0.40000000,7285000,1457.00,-2915457,0
2018-08-16 10:51,0.00002400,7306000,0.08,175,1
2018-08-16 10:52,0.06317985,7310000,230.92,461613,1
2018-08-16 10:52,0.17800000,7310000,650.59,1300529,1
2018-08-16 10:52,0.08970000,7310000,327.85,655379,1
2018-08-16 10:52,0.32004200,7310000,1169.75,2338337,1
2018-08-16 10:52,0.08203830,7310000,299.84,599400,1
2018-08-16 10:52,0.08970000,7310000,327.85,655379,1
2018-08-16 10:52,0.00376260,7310000,13.75,27490,1
2018-08-16 10:52,0.00763985,7317000,27.95,55872,1
2018-08-16 10:52,0.46332527,7310000,1693.45,3385214,1
2018-08-16 10:52,0.08970000,7310000,327.85,655379,1
2018-08-16 10:52,2.31750000,7300000,8458.87,-16926209,0
2018-08-16 10:57,0.43360193,7329000,1588.93,3176279,1
2018-08-16 10:58,0.06253047,7329000,229.14,458056,1
2018-08-16 10:58,0.07223298,7329000,264.69,529130,1
2018-08-16 11:00,0.04942456,7313000,180.72,361261,1
2018-08-16 11:00,0.13665576,7313000,499.68,998863,1
2018-08-16 11:37,0.08339500,7331000,305.68,611063,1
2018-08-16 11:37,0.12734287,7331000,466.77,933083,1
2018-08-16 11:41,0.00337900,7330000,12.38,24755,1
2018-08-16 11:55,0.02138575,7326000,78.33,156593,1
2018-08-16 11:58,0.00089000,7328000,3.26,6518,1
2018-08-16 11:58,0.00090000,7328000,3.29,6591,1
2018-08-16 11:58,0.00089000,7328000,3.26,6518,1
2018-08-16 11:58,1.55000000,7328000,5679.20,11352720,1
2018-08-16 11:58,0.00680267,7328000,24.92,49825,1
2018-08-16 11:58,0.00687833,7328000,25.20,50379,1
2018-08-16 11:58,0.05723702,7326000,209.65,419108,1
2018-08-16 11:59,0.22558712,7327000,826.43,1652050,1
2018-08-16 11:59,0.34617125,7327000,1268.19,2535128,1
2018-08-16 11:59,0.31470000,7327000,1152.90,2304653,1
2018-08-16 12:02,0.01230000,7337000,45.12,-90291,0
2018-08-16 12:07,0.37070000,7351000,1362.50,-2726379,0
2018-08-16 12:07,0.16396394,7351000,602.64,-1205902,0
2018-08-16 12:08,0.28557944,7362000,1051.21,2101384,1
2018-08-16 12:09,0.59560000,7351000,2189.12,-4380445,0
2018-08-16 12:09,0.02630000,7351000,96.66,-193428,0
2018-08-16 12:18,0.10780000,7343000,395.78,-791972,0
2018-08-16 12:20,0.21203381,7348000,779.01,1557245,1
2018-08-16 12:23,0.06888185,7344000,252.93,-506122,0
2018-08-16 12:23,0.07291815,7344000,267.75,-535779,0
2018-08-16 12:23,0.04702832,7343000,172.66,-345502,0
2018-08-16 12:23,0.04133535,7343000,151.76,-303678,0
2018-08-16 12:32,0.01636006,7346000,60.09,120120,1
2018-08-16 12:32,0.10000000,7346000,367.30,734232,1
2018-08-16 12:32,0.11029700,7346000,405.12,809836,1
2018-08-16 12:32,0.16363831,7346000,601.04,1201485,1
2018-08-16 12:32,1.32070000,7337000,4844.98,-9694821,0
2018-08-16 12:32,0.04405356,7340000,161.67,-323515,0
2018-08-16 12:32,0.01804644,7340000,66.23,-132528,0
2018-08-16 12:32,0.01250000,7338000,45.86,-91771,0
2018-08-16 12:33,1.48570000,7332000,5446.57,-10898599,0
2018-08-16 12:38,0.08162517,7347000,299.85,599400,1
2018-08-16 12:39,0.11068611,7341000,406.27,812140,1
2018-08-16 12:52,0.11524670,7320000,421.80,843184,1
2018-08-16 12:52,0.02321243,7320000,84.95,169830,1
2018-08-16 12:52,0.04290312,7320000,157.02,313893,1
2018-08-16 12:53,0.00663400,7319000,24.27,48529,1
2018-08-16 12:53,0.34720353,7319000,1270.59,2539912,1
2018-08-16 13:17,0.19935387,7320000,729.63,1458540,1
2018-08-16 13:31,0.15471346,7330000,567.02,1133482,1
2018-08-16 13:31,0.01070000,7315000,39.13,-78310,0
2018-08-16 13:35,0.06286978,7335000,230.57,460919,1
2018-08-16 13:46,0.27484466,7327000,1006.89,2012779,1
2018-08-16 13:46,0.13648150,7327000,499.99,999499,1
2018-08-16 13:48,0.10739850,7313000,392.70,-785798,0
2018-08-16 14:04,0.02833913,7332000,103.89,207678,1
2018-08-16 14:05,0.18701447,7327000,685.12,1369569,1
2018-08-16 14:06,1.65310000,7315000,6046.21,-12098473,0
2018-08-16 14:32,0.01891325,7328000,69.29,138526,1
2018-08-16 14:32,0.10000000,7328000,366.40,732433,1
2018-08-16 14:43,0.00434074,7324000,15.89,31775,1
2018-08-16 14:43,0.05724537,7324000,209.63,419055,1
2018-08-16 14:44,0.00678030,7325000,24.83,49640,1
2018-08-16 14:44,0.06151809,7325000,225.31,450394,1
2018-08-16 14:49,0.05025994,7335000,184.32,368472,1
2018-08-16 14:49,0.00408793,7335000,14.99,29969,1
2018-08-16 14:49,0.00136330,7335000,4.99,9994,1
2018-08-16 14:54,0.44607460,7326000,1633.97,3266308,1
2018-08-16 14:54,0.00014000,7326000,0.51,1025,1
2018-08-16 14:54,0.20000000,7326000,732.60,1464467,1
2018-08-16 14:56,0.05154847,7325000,188.79,377403,1
2018-08-16 14:57,0.25820737,7324000,945.55,1890165,1
2018-08-16 15:06,0.00003021,7301000,0.11,-221,0
2018-08-16 15:36,0.15129787,7329000,554.43,1108307,1
2018-08-16 15:39,0.14265466,7319000,522.04,1043567,1
2018-08-16 15:42,0.01018832,7317000,37.27,74510,1
2018-08-16 15:42,0.30000000,7317000,1097.55,2194002,1
2018-08-16 15:42,0.00387800,7317000,14.18,28361,1
2018-08-16 15:50,0.00410000,7302000,14.96,-29954,0
2018-08-16 15:50,0.00692932,7302000,25.29,-50624,0
2018-08-16 16:03,0.04770000,7330000,174.82,-349816,0
2018-08-16 16:06,0.01256082,7347000,46.14,92238,1
2018-08-16 16:07,0.05943253,7355000,218.56,436907,1
2018-08-16 16:09,0.00092795,7351000,3.41,6817,1
2018-08-16 16:09,0.67936671,7352000,2497.35,4992206,1
2018-08-16 16:09,0.70486519,7352000,2591.08,5179577,1
2018-08-16 16:09,0.23310000,7354000,857.10,1713360,1
2018-08-16 16:10,0.39000000,7346000,1432.47,-2866373,0
2018-08-16 16:10,0.00000746,7346000,0.02,-55,0
2018-08-16 16:10,0.21110000,7346000,775.37,-1551516,0
2018-08-16 16:12,0.29733464,7382000,1097.46,-2196022,0
2018-08-16 16:12,0.09996536,7382000,368.97,-738314,0
2018-08-16 16:13,0.99840000,7396000,3692.08,7380474,1
2018-08-16 16:13,0.94285398,7404000,3490.44,-6984382,0
2018-08-16 16:13,0.13994602,7404000,518.08,-1036679,0
2018-08-16 16:14,1.08280000,7396000,4004.19,8004384,1
2018-08-16 16:16,0.21995627,7390000,812.73,-1626290,0
2018-08-16 16:16,0.27344373,7390000,1010.37,-2021760,0
2018-08-16 16:16,0.01404184,7392000,51.89,-103850,0
2018-08-16 16:16,0.00314098,7392000,11.60,-23230,0
2018-08-16 16:16,0.00011718,7392000,0.43,-867,0
2018-08-16 16:16,0.00524733,7400000,19.41,-38850,0
2018-08-16 16:16,0.00015267,7400000,0.56,-1131,0
2018-08-16 16:17,0.05196230,7409000,192.49,384796,1
2018-08-16 16:18,0.46410000,7400000,1717.17,3432622,1
2018-08-16 16:27,3.10630000,7423000,11529.03,-23069594,0
2018-08-16 17:20,2.27043624,7426000,8430.12,16851829,1
2018-08-16 17:21,0.40346253,7436000,1500.07,2998647,1
2018-08-16 17:22,0.05099358,7428000,189.39,378590,1
2018-08-16 17:22,0.03281086,7428000,121.85,243597,1
2018-08-16 17:28,0.04961392,7421000,184.09,368000,1
2018-08-16 17:34,0.29900000,7422000,1109.58,2218068,1
2018-08-16 18:11,1.27889057,7401000,4732.53,-9469802,0
2018-08-16 18:11,0.70337326,7402000,2603.18,-5208972,0
2018-08-16 18:11,0.22972674,7402000,850.21,-1701288,0
2018-08-16 18:14,0.11631939,7420000,431.54,862658,1
2018-08-16 18:14,0.30763922,7419000,1141.18,2281234,1
2018-08-16 18:14,0.16811879,7419000,623.63,1246649,1
2018-08-16 18:15,0.08653000,7419000,320.98,641645,1
2018-08-16 18:15,0.32644858,7419000,1210.96,2420711,1
2018-08-16 18:15,0.57842538,7419000,2145.66,4289192,1
2018-08-16 18:15,0.13772368,7419000,510.88,1021261,1
2018-08-16 18:17,0.11636785,7420000,431.72,863017,1
2018-08-16 18:22,0.01696494,7425000,62.98,125901,1
2018-08-16 18:22,0.01611166,7425000,59.81,119569,1
2018-08-16 18:23,0.00500000,7425000,18.56,37106,1
2018-08-16 18:23,0.16340326,7425000,606.63,1212662,1
2018-08-16 18:28,0.17290000,7425000,641.89,1283140,1
2018-08-16 19:42,0.00100000,7442000,3.72,-7446,0
2018-08-16 19:43,0.01000000,7462000,37.31,-74658,0
2018-08-16 19:43,0.01100000,7470000,41.08,82128,1
2018-08-16 19:49,0.02620000,7471000,97.87,-195838,0
2018-08-16 19:56,0.02620000,7479000,97.97,195851,1
2018-08-16 20:17,0.97709829,7451000,3640.17,-7284000,0
2018-08-16 20:17,0.05990171,7451000,223.16,-446551,0
2018-08-16 20:21,1.33335034,7450000,4966.73,-9938427,0
2018-08-16 20:21,0.01460000,7450000,54.38,-108825,0
2018-08-16 20:21,0.00344431,7450000,12.83,-25673,0
2018-08-16 20:21,0.01343487,7450000,50.04,-100140,0
2018-08-16 20:21,0.00580000,7449000,21.60,-43226,0
2018-08-16 20:22,0.21208546,7457000,790.76,1580730,1
2018-08-16 20:23,0.98133981,7458000,3659.41,7315172,1
2018-08-16 20:24,1.21420000,7458000,4527.75,9050975,1
2018-08-16 20:27,1.27555307,7451000,4752.07,-9508898,0
2018-08-16 20:27,0.45731903,7451000,1703.74,-3409188,0
2018-08-16 20:27,0.00075000,7451000,2.79,-5591,0
2018-08-16 20:35,0.08848614,7456000,329.87,659422,1
2018-08-16 20:35,0.00335132,7456000,12.49,24974,1
2018-08-16 20:35,0.01919614,7456000,71.56,143054,1
2018-08-16 21:14,0.47963525,7480000,1793.83,3585877,1
2018-08-16 21:15,0.02507688,7471000,93.67,187255,1
2018-08-16 21:15,0.24350000,7471000,909.59,1818278,1
2018-08-16 21:15,0.15042577,7470000,561.84,1123118,1
2018-08-16 21:15,0.72397423,7470000,2704.04,5405383,1
2018-08-16 21:28,0.06070000,7403000,224.68,-449587,0
2018-08-16 21:29,0.06610000,7406000,244.76,-489782,0
2018-08-16 21:29,0.12680000,7391000,468.58,936710,1
2018-08-16 21:29,0.18000000,7394000,665.46,-1331586,0
2018-08-16 21:30,0.14000000,7383000,516.81,-1034137,0
2018-08-16 21:31,0.32000000,7366000,1178.56,2355941,1
2018-08-16 21:31,0.95858605,7349000,3522.32,-7048172,0
2018-08-16 21:31,0.39577413,7349000,1454.27,-2909999,0
2018-08-16 21:31,1.00000000,7349000,3674.50,-7352675,0
2018-08-16 21:31,0.03053982,7349000,112.21,-224550,0
2018-08-16 21:31,0.07513294,7350000,276.11,-552504,0
2018-08-16 21:31,0.20000000,7350000,735.00,-1470735,0
2018-08-16 21:31,0.00993868,7350000,36.52,-73086,0
2018-08-16 21:32,0.03585283,7350000,131.75,-263650,0
2018-08-16 21:37,0.13728251,7355000,504.85,1009208,1
2018-08-16 21:37,0.00679008,7355000,24.97,49916,1
2018-08-16 21:49,2.56180000,7367000,9436.39,18863344,1
2018-08-16 21:56,3.34890000,7317000,12251.95,-24516154,0
2018-08-16 22:45,0.20000000,7365000,736.50,1472263,1
2018-08-16 22:45,0.02041914,7365000,75.19,150311,1
2018-08-16 22:45,0.00080000,7365000,2.94,5889,1
2018-08-16 22:45,3.12760000,7365000,11517.38,23023256,1
2018-08-16 22:52,0.71114406,7355000,2615.23,-5233080,0
2018-08-16 22:54,0.71120000,7368000,2620.06,5237501,1
2018-08-16 23:02,0.00400000,7353000,14.70,-29427,0
2018-08-16 23:02,0.00400000,7354000,14.70,-29431,0
2018-08-16 23:07,0.00800000,7339000,29.35,58682,1
2018-08-16 23:08,0.90047285,7340000,3304.73,-6612776,0
2018-08-16 23:08,0.02992715,7340000,109.83,-219776,0
2018-08-16 23:32,0.31279274,7358000,1150.76,-2302680,0
2018-08-16 23:32,0.06000000,7358000,220.74,-441701,0
2018-08-16 23:32,0.29002712,7369000,1068.60,2136141,1
2018-08-16 23:36,0.03918722,7376000,144.52,288900,1
2018-08-16 23:36,0.84059326,7376000,3100.10,6197115,1
2018-08-16 23:49,0.86560000,7357000,3184.10,-6371404,0
2018-08-17 00:00,0.99900000,7330000,3661.33,7319008,1
2018-08-17 00:00,0.42010913,7331000,1539.91,-3081360,0
2018-08-17 00:00,0.13011082,7331000,476.92,-954320,0
2018-08-17 00:01,0.00186200,7331000,6.82,-13658,0
2018-08-17 00:07,0.01500000,7404000,55.53,-111116,0
2018-08-17 00:08,0.08590347,7420000,318.70,637085,1
2018-08-17 00:08,0.14246231,7420000,528.53,1056541,1
2018-08-17 00:08,0.33873422,7420000,1256.70,2512151,1
2018-08-17 00:12,0.09242299,7401000,342.01,-684365,0
2018-08-17 00:12,0.02157701,7401000,79.84,-159772,0
2018-08-17 00:12,0.11400000,7412000,422.48,844545,1
2018-08-17 00:45,0.01456327,7422000,54.04,-108143,0
2018-08-17 00:45,0.00067000,7422000,2.48,-4976,0
2018-08-17 00:45,0.00067000,7422000,2.48,-4976,0
2018-08-17 00:45,0.00363512,7422000,13.48,-26994,0
2018-08-17 00:45,0.00096161,7422000,3.56,-7141,0
2018-08-17 00:45,0.05190000,7421000,192.57,-385343,0
2018-08-17 00:48,0.07240000,7421000,268.64,537011,1
2018-08-17 00:51,0.34855320,7418000,1292.78,-2586861,0
2018-08-17 00:51,0.00825175,7418000,30.60,-61242,0
2018-08-17 00:51,0.00015000,7418000,0.55,-1114,0
2018-08-17 00:51,0.01000000,7418000,37.09,-74217,0
2018-08-17 00:51,0.01232096,7418000,45.69,-91443,0
2018-08-17 00:51,1.99992409,7418000,7417.71,-14842855,0
2018-08-17 00:52,1.81865420,7424000,6750.84,13494937,1
2018-08-17 00:52,0.12116786,7424000,449.77,899100,1
2018-08-17 01:00,0.08190000,7413000,303.56,-607429,0
2018-08-17 01:01,0.76820000,7427000,2852.71,-5708275,0
2018-08-17 01:02,0.50740000,7427000,1884.22,3766575,1
2018-08-17 01:02,0.00699830,7427000,25.98,51950,1
2018-08-17 01:02,0.02550000,7427000,94.69,189293,1
2018-08-17 01:02,0.00069293,7427000,2.57,5143,1
2018-08-17 01:02,0.00656398,7427000,24.37,48726,1
2018-08-17 01:03,0.00624166,7427000,23.17,46333,1
2018-08-17 01:04,0.00230499,7431000,8.56,17119,1
2018-08-17 01:04,0.00414000,7431000,15.38,30748,1
2018-08-17 01:04,0.00414000,7431000,15.38,30748,1
2018-08-17 01:04,0.00414000,7431000,15.38,30748,1
2018-08-17 01:04,0.00414000,7431000,15.38,30748,1
2018-08-17 01:04,0.01405000,7431000,52.20,104353,1
2018-08-17 01:04,0.00810999,7431000,30.13,60235,1
2018-08-17 01:04,0.01385000,7431000,51.45,102867,1
2018-08-17 01:04,0.00810999,7431000,30.13,60235,1
2018-08-17 01:04,0.00414000,7431000,15.38,30748,1
2018-08-17 01:04,0.01385000,7431000,51.45,102867,1
2018-08-17 01:04,0.04356000,7431000,161.84,323532,1
2018-08-17 01:04,0.01372000,7431000,50.97,101902,1
2018-08-17 01:04,0.01397000,7431000,51.90,103759,1
2018-08-17 01:04,0.01389000,7431000,51.60,103164,1
2018-08-17 01:04,0.00810999,7431000,30.13,60235,1
2018-08-17 01:04,0.00810999,7431000,30.13,60235,1
2018-08-17 01:04,0.00810999,7431000,30.13,60235,1
2018-08-17 01:04,0.00810999,7431000,30.13,60235,1
2018-08-17 01:04,0.00810999,7431000,30.13,60235,1
2018-08-17 01:04,0.00810999,7431000,30.13,60235,1
2018-08-17 01:04,0.00810999,7431000,30.13,60235,1
2018-08-17 01:04,0.01372000,7431000,50.97,101902,1
2018-08-17 01:04,0.01376000,7431000,51.12,102199,1
2018-08-17 01:04,0.00810999,7431000,30.13,60235,1
2018-08-17 01:04,0.00810999,7431000,30.13,60235,1
2018-08-17 01:04,0.01372000,7431000,50.97,101902,1
2018-08-17 01:04,0.01372000,7431000,50.97,101902,1
2018-08-17 01:04,0.01368000,7431000,50.82,101605,1
2018-08-17 01:04,0.02309600,7431000,85.81,171540,1
2018-08-17 01:04,0.04249000,7431000,157.87,315585,1
2018-08-17 01:04,0.11842000,7431000,439.98,879539,1
2018-08-17 01:04,0.04239000,7431000,157.50,314842,1
2018-08-17 01:04,0.11646000,7431000,432.70,864981,1
2018-08-17 01:04,0.04180409,7431000,155.32,310490,1
2018-08-17 01:04,0.04365000,7431000,162.18,324200,1
2018-08-17 01:23,0.07270000,7412000,269.42,-539122,0
2018-08-17 01:28,0.00001469,7428000,0.05,109,1
2018-08-17 01:28,0.07270000,7430000,270.08,539890,1
2018-08-17 01:29,0.02035455,7412000,75.43,-150944,0
2018-08-17 01:29,0.00067000,7426000,2.48,4972,1
2018-08-17 01:29,0.00067000,7426000,2.48,4972,1
2018-08-17 01:29,0.00067000,7426000,2.48,4972,1
2018-08-17 01:29,0.00067000,7426000,2.48,4972,1
2018-08-17 01:29,0.00067000,7426000,2.48,4972,1
2018-08-17 01:29,0.00227187,7426000,8.43,16862,1
2018-08-17 01:44,0.33910000,7392000,1253.31,-2507881,0
2018-08-17 01:44,0.33900000,7402000,1254.63,2508023,1
2018-08-17 01:44,0.00665638,7402000,24.63,49245,1
2018-08-17 01:44,0.00814362,7402000,30.13,60248,1
2018-08-17 02:23,0.00006227,7409000,0.23,-462,0
2018-08-17 02:38,0.31660000,7441000,1177.91,-2356999,0
2018-08-17 02:41,0.00190000,7413000,7.04,-14092,0
2018-08-17 02:41,0.00354823,7426000,13.17,26335,1
2018-08-17 02:41,0.00756000,7426000,28.07,56112,1
2018-08-17 02:41,0.00401000,7426000,14.88,29763,1
2018-08-17 02:41,0.00401000,7426000,14.88,29763,1
2018-08-17 02:41,0.00756000,7426000,28.07,56112,1
2018-08-17 02:41,0.00401000,7426000,14.88,29763,1
2018-08-17 02:41,0.00401000,7426000,14.88,29763,1
2018-08-17 02:41,0.00401000,7426000,14.88,29763,1
2018-08-17 02:41,0.00067000,7426000,2.48,4972,1
2018-08-17 02:42,0.15570000,7402000,576.24,-1153068,0
2018-08-17 02:43,0.00001300,7401000,0.04,-97,0
2018-08-17 02:48,0.14490000,7394000,535.69,-1071927,0
2018-08-17 02:49,0.00005974,7394000,0.22,-442,0
2018-08-17 02:57,0.16120802,7404000,596.79,1192987,1
2018-08-17 02:57,0.02476300,7404000,91.67,183253,1
2018-08-17 02:57,0.02476300,7404000,91.67,183253,1
2018-08-17 02:57,0.02355305,7404000,87.19,174299,1
2018-08-17 02:59,0.13104257,7410000,485.51,970539,1
2018-08-17 02:59,0.21455743,7410000,794.93,1589075,1
2018-08-17 03:11,0.03770000,7386000,139.22,-278592,0
2018-08-17 03:11,1.09733470,7386000,4052.45,-8108967,0
2018-08-17 03:19,0.15403199,7394000,569.45,1138343,1
2018-08-17 03:19,0.00646797,7394000,23.91,47800,1
2018-08-17 03:20,0.00229279,7397000,8.47,16951,1
2018-08-17 03:20,0.00426000,7397000,15.75,31495,1
2018-08-17 03:20,0.00403000,7397000,14.90,29795,1
2018-08-17 03:20,0.00403000,7397000,14.90,29795,1
2018-08-17 03:20,0.00403000,7397000,14.90,29795,1
2018-08-17 03:20,0.00403000,7397000,14.90,29795,1
2018-08-17 03:20,0.06057640,7397000,224.04,447859,1
2018-08-17 03:20,0.09786674,7398000,362.00,723656,1
2018-08-17 03:26,0.13192562,7398000,487.99,975497,1
2018-08-17 03:26,0.00196171,7398000,7.25,14505,1
2018-08-17 03:26,0.00694000,7398000,25.67,51316,1
2018-08-17 03:26,0.00702000,7398000,25.96,51907,1
2018-08-17 03:26,0.00067000,7398000,2.47,4954,1
2018-08-17 03:26,0.00067000,7398000,2.47,4954,1
2018-08-17 03:26,0.00421000,7398000,15.57,31130,1
2018-08-17 03:26,0.00403000,7398000,14.90,29799,1
2018-08-17 03:26,0.00067000,7398000,2.47,4954,1
2018-08-17 03:26,0.00067000,7398000,2.47,4954,1
2018-08-17 03:27,0.23503724,7398000,869.40,1737936,1
2018-08-17 03:27,0.00403000,7398000,14.90,29799,1
2018-08-17 03:27,0.00403000,7398000,14.90,29799,1
2018-08-17 03:27,0.00403000,7398000,14.90,29799,1
2018-08-17 03:27,0.00067000,7398000,2.47,4954,1
2018-08-17 03:27,0.20000000,7398000,739.80,1478860,1
2018-08-17 03:56,0.18680000,7417000,692.74,1384802,1
2018-08-17 04:08,0.28100000,7401000,1039.84,-2080721,0
2018-08-17 04:09,0.31456101,7400000,1163.87,-2328916,0
2018-08-17 04:10,0.23729946,7400000,878.00,-1756894,0
2018-08-17 04:10,0.49010000,7400000,1813.37,-3628554,0
2018-08-17 04:10,0.00670000,7411000,24.82,-49679,0
2018-08-17 04:11,0.41650000,7397000,1540.42,-3082391,0
2018-08-17 04:17,0.06194528,7420000,229.81,459404,1
2018-08-17 04:17,0.65027147,7420000,2412.50,4822601,1
2018-08-17 04:17,0.94112977,7420000,3491.59,6979691,1
2018-08-17 04:18,0.00116000,7419000,4.30,8601,1
2018-08-17 04:18,0.00402000,7419000,14.91,29809,1
2018-08-17 04:18,0.00402000,7419000,14.91,29809,1
2018-08-17 04:18,0.00402000,7419000,14.91,29809,1
2018-08-17 04:18,0.00402000,7419000,14.91,29809,1
2018-08-17 04:18,0.00402000,7419000,14.91,29809,1
2018-08-17 04:18,0.00402000,7419000,14.91,29809,1
2018-08-17 04:18,0.00402000,7419000,14.91,29809,1
2018-08-17 04:18,0.00402000,7419000,14.91,29809,1
2018-08-17 04:18,0.00402000,7419000,14.91,29809,1
2018-08-17 04:18,0.00402000,7419000,14.91,29809,1
2018-08-17 04:18,0.00067000,7419000,2.48,4968,1
2018-08-17 04:18,0.00715800,7419000,26.55,53078,1
2018-08-17 04:18,0.00030900,7419000,1.14,2291,1
2018-08-17 04:20,0.31830000,7399000,1177.55,-2356280,0
2018-08-17 04:20,0.46140000,7399000,1706.94,-3415606,0
2018-08-17 04:20,0.00003509,7399000,0.12,-260,0
2018-08-17 04:20,0.13516491,7399000,500.04,-1000586,0
2018-08-17 04:20,0.00009529,7399000,0.35,-706,0
2018-08-17 04:20,0.41930471,7399000,1551.21,-3103987,0
2018-08-17 04:21,0.28980000,7399000,1072.11,-2145303,0
2018-08-17 04:22,0.00295299,7419000,10.95,21897,1
2018-08-17 04:22,0.15583696,7419000,578.07,1155576,1
2018-08-17 04:22,0.25964109,7419000,963.13,1925314,1
2018-08-17 04:22,0.00410000,7400000,15.17,-30356,0
2018-08-17 04:23,0.16466654,7417000,610.66,1220721,1
2018-08-17 04:23,0.74613937,7417000,2767.05,5531348,1
2018-08-17 04:24,0.34230000,7417000,1269.41,2537569,1
2018-08-17 04:28,0.21720000,7399000,803.53,-1607867,0
2018-08-17 04:28,0.85920000,7400000,3179.04,-6361259,0
2018-08-17 04:28,0.80984620,7402000,2997.24,-5997479,0
2018-08-17 04:28,0.00465380,7402000,17.22,-34465,0
2018-08-17 04:29,0.46640000,7402000,1726.14,-3454019,0
2018-08-17 04:29,0.21770000,7402000,805.70,-1612222,0
2018-08-17 04:31,0.60835543,7417000,2256.08,4509916,1
2018-08-17 04:31,0.98969367,7417000,3670.27,7336887,1
2018-08-17 04:31,0.97700000,7417000,3623.20,7242785,1
2018-08-17 04:31,0.34940000,7402000,1293.12,-2587552,0
2018-08-17 04:32,0.57654447,7400000,2133.21,-4268563,0
2018-08-17 04:32,0.00131000,7400000,4.84,-9699,0
2018-08-17 04:32,0.61380000,7400000,2271.06,-4544391,0
2018-08-17 04:32,0.52680000,7400000,1949.16,-3900270,0
2018-08-17 04:32,0.53950000,7401000,1996.41,-3994836,0
2018-08-17 04:46,0.73841970,7420000,2739.53,5476334,1
2018-08-17 04:46,0.92913092,7420000,3447.07,6890704,1
2018-08-17 04:46,0.00272950,7400000,10.09,-20209,0
2018-08-17 04:46,0.00376306,7400000,13.92,-27861,0
2018-08-17 04:46,0.00400744,7400000,14.82,-29670,0
2018-08-17 04:46,0.89521131,7400000,3312.28,-6627876,0
2018-08-17 04:46,0.85780000,7400000,3173.86,-6350894,0
2018-08-17 04:51,0.53925964,7423000,2001.46,4000922,1
2018-08-17 04:52,0.21060000,7404000,779.64,-1560062,0
2018-08-17 04:53,0.04033332,7400000,149.23,-298616,0
2018-08-17 04:53,0.39650000,7400000,1467.05,-2935567,0
2018-08-17 04:54,0.83143527,7416000,3082.96,6162841,1
2018-08-17 04:55,0.80370128,7413000,2978.91,5954858,1
2018-08-17 04:55,0.42076004,7413000,1559.54,3117534,1
2018-08-17 04:56,0.00330000,7419000,12.24,24470,1
2018-08-17 04:57,0.11562497,7419000,428.91,857392,1
2018-08-17 05:00,0.00330000,7421000,12.24,24477,1
2018-08-17 05:00,0.43990921,7398000,1627.22,-3256076,0
2018-08-17 05:01,0.54507262,7425000,2023.58,4045140,1
2018-08-17 05:05,0.00008002,7406000,0.29,-593,0
2018-08-17 05:05,0.51440000,7406000,1904.82,-3811552,0
2018-08-17 05:06,0.04180000,7399000,154.63,-309433,0
2018-08-17 05:06,0.02570785,7399000,95.10,-190308,0
2018-08-17 05:06,0.51959215,7399000,1922.23,-3846385,0
2018-08-17 05:06,0.00001388,7399000,0.05,-103,0
2018-08-17 05:06,0.00004339,7399000,0.16,-322,0
2018-08-17 05:06,0.00089000,7399000,3.29,-6589,0
2018-08-17 05:06,0.51676661,7399000,1911.77,-3825468,0
2018-08-17 05:06,0.41880000,7400000,1549.56,-3100670,0
2018-08-17 05:17,0.02993374,7367000,110.26,220411,1
2018-08-17 05:17,0.00067000,7367000,2.46,4933,1
2018-08-17 05:17,0.00067000,7367000,2.46,4933,1
2018-08-17 05:17,0.00067000,7367000,2.46,4933,1
2018-08-17 05:17,0.00067000,7367000,2.46,4933,1
2018-08-17 05:17,0.00067000,7367000,2.46,4933,1
2018-08-17 05:17,0.00067000,7367000,2.46,4933,1
2018-08-17 05:17,0.00067000,7367000,2.46,4933,1
2018-08-17 05:17,0.00067000,7367000,2.46,4933,1
2018-08-17 05:17,0.00067000,7367000,2.46,4933,1
2018-08-17 05:29,0.05502292,7376000,202.92,405646,1
2018-08-17 05:29,0.46743831,7376000,1723.91,3446101,1
2018-08-17 05:30,0.00444000,7377000,16.37,32737,1
2018-08-17 05:30,0.00765000,7377000,28.21,56405,1
2018-08-17 05:30,0.00404000,7377000,14.90,29788,1
2018-08-17 05:30,0.00404000,7377000,14.90,29788,1
2018-08-17 05:30,0.00765000,7377000,28.21,56405,1
2018-08-17 05:30,0.00765000,7377000,28.21,56405,1
2018-08-17 05:30,0.00510978,7377000,18.84,37675,1
2018-08-17 05:31,0.00067000,7379000,2.47,4941,1
2018-08-17 05:31,0.00613904,7379000,22.64,45277,1
2018-08-17 05:35,0.00064851,7371000,2.39,4777,1
2018-08-17 05:35,0.00404000,7371000,14.88,29763,1
2018-08-17 05:35,0.00404000,7371000,14.88,29763,1
2018-08-17 05:35,0.00404000,7371000,14.88,29763,1
2018-08-17 05:35,0.00404000,7371000,14.88,29763,1
2018-08-17 05:35,0.00404000,7371000,14.88,29763,1
2018-08-17 05:35,0.00404000,7371000,14.88,29763,1
2018-08-17 05:35,0.00404000,7371000,14.88,29763,1
2018-08-17 05:35,0.00404000,7371000,14.88,29763,1
2018-08-17 05:35,0.00404000,7371000,14.88,29763,1
2018-08-17 05:40,0.00404000,7374000,14.89,29776,1
2018-08-17 05:40,0.00404000,7374000,14.89,29776,1
2018-08-17 05:40,0.00404000,7374000,14.89,29776,1
2018-08-17 05:40,0.00404000,7374000,14.89,29776,1
2018-08-17 05:40,0.00404000,7374000,14.89,29776,1
2018-08-17 05:40,0.00404000,7374000,14.89,29776,1
2018-08-17 05:40,0.00404000,7374000,14.89,29776,1
2018-08-17 05:40,0.00432000,7374000,15.92,31839,1
2018-08-17 05:40,0.00677966,7374000,24.99,49968,1
2018-08-17 05:40,0.00067000,7374000,2.47,4938,1
2018-08-17 05:40,0.00067000,7374000,2.47,4938,1
2018-08-17 05:40,0.00067000,7374000,2.47,4938,1
2018-08-17 05:40,0.00067000,7374000,2.47,4938,1
2018-08-17 05:40,0.00067000,7374000,2.47,4938,1
2018-08-17 05:40,0.01355254,7374000,49.96,99886,1
2018-08-17 05:42,0.10780000,7355000,396.43,-793266,0
2018-08-17 05:50,0.10000000,7341000,367.05,-734467,0
2018-08-17 05:51,0.08420000,7333000,308.71,-617748,0
2018-08-17 05:51,0.16450000,7336000,603.38,-1207376,0
2018-08-17 05:51,0.12820000,7334000,470.10,-940689,0
2018-08-17 05:51,0.00411000,7329000,15.06,-30138,0
2018-08-17 05:51,0.04500000,7330000,164.92,-330015,0
2018-08-17 05:51,0.01600000,7330000,58.64,-117339,0
2018-08-17 05:51,0.03900000,7330000,142.93,-286013,0
2018-08-17 05:51,0.35933466,7330000,1316.96,-2635240,0
2018-08-17 05:51,0.06685534,7330000,245.02,-490295,0
2018-08-17 05:56,0.05458241,7300000,199.22,398252,1
2018-08-17 05:56,0.41075297,7300000,1499.24,2996997,1
2018-08-17 05:56,0.01470000,7300000,53.65,107256,1
2018-08-17 05:56,0.00477720,7300000,17.43,34856,1
2018-08-17 05:56,0.50000000,7300000,1825.00,3648175,1
2018-08-17 05:56,0.02000000,7300000,73.00,145927,1
2018-08-17 05:56,0.00293538,7300000,10.71,21417,1
2018-08-17 05:56,0.00014000,7300000,0.51,1021,1
2018-08-17 05:56,0.00050000,7300000,1.82,3648,1
2018-08-17 05:56,0.10000000,7300000,365.00,729635,1
2018-08-17 05:56,0.01369863,7300000,49.99,99949,1
2018-08-17 05:56,1.21856879,7300000,4447.77,8891104,1
2018-08-17 05:56,0.19255824,7300000,702.83,1404972,1
2018-08-17 05:56,0.00415162,7300000,15.15,30291,1
2018-08-17 05:56,0.00500000,7300000,18.25,36481,1
2018-08-17 05:56,0.13871201,7300000,506.29,1012091,1
2018-08-17 05:56,0.01671164,7300000,60.99,121933,1
2018-08-17 05:56,0.28441111,7300000,1038.10,2075163,1
2018-08-17 06:00,0.02710000,7268000,98.48,-197062,0
2018-08-17 06:05,3.47290000,7280000,12641.35,-25295354,0
2018-08-17 06:16,0.04165460,7299000,152.01,303884,1
2018-08-17 06:59,0.07380089,7307000,269.63,538993,1
2018-08-17 07:31,0.04441747,7300000,162.12,324085,1
2018-08-17 08:07,0.00013170,7310000,0.48,962,1
2018-08-17 08:07,0.00529500,7310000,19.35,38687,1
2018-08-17 08:07,0.06843900,7310000,250.14,500038,1
2018-08-17 08:07,0.00675570,7310000,24.69,49359,1
2018-08-17 08:07,0.21053221,7310000,769.49,1538220,1
2018-08-17 08:53,0.04012201,7338000,147.20,294268,1
2018-08-17 08:53,0.00264000,7338000,9.68,19362,1
2018-08-17 08:53,0.00946999,7338000,34.74,69456,1
2018-08-17 08:53,0.00890000,7338000,32.65,65275,1
2018-08-17 08:53,0.00890000,7338000,32.65,65275,1
2018-08-17 08:53,0.00946999,7338000,34.74,69456,1
2018-08-17 08:53,0.00264000,7338000,9.68,19362,1
2018-08-17 08:53,0.00890000,7338000,32.65,65275,1
2018-08-17 08:53,0.00258000,7338000,9.46,18922,1
2018-08-17 08:53,0.00890000,7338000,32.65,65275,1
2018-08-17 08:53,0.00890000,7338000,32.65,65275,1
2018-08-17 08:53,0.00258000,7338000,9.46,18922,1
2018-08-17 08:53,0.00258000,7338000,9.46,18922,1
2018-08-17 08:53,0.02180700,7338000,80.00,159939,1
2018-08-17 08:53,0.00264000,7338000,9.68,19362,1
2018-08-17 08:53,0.00264000,7338000,9.68,19362,1
2018-08-17 08:53,0.00264000,7338000,9.68,19362,1
2018-08-17 08:53,0.00890000,7338000,32.65,65275,1
2018-08-17 08:53,0.00886000,7338000,32.50,64982,1
2018-08-17 08:53,0.00258000,7338000,9.46,18922,1
2018-08-17 08:53,0.00258000,7338000,9.46,18922,1
2018-08-17 09:04,0.01827984,7332000,67.01,133960,1
2018-08-17 09:04,0.02607000,7332000,95.57,191049,1
2018-08-17 09:04,0.06053000,7332000,221.90,443584,1
2018-08-17 09:04,0.07133000,7332000,261.49,522730,1
2018-08-17 09:04,0.08716000,7332000,319.52,638737,1
2018-08-17 09:04,0.26331581,7332000,965.31,1929666,1
2018-08-17 09:04,0.18821000,7332000,689.97,1379265,1
2018-08-17 09:04,0.09897000,7332000,362.82,725285,1
2018-08-17 09:04,0.22961000,7332000,841.75,1682658,1
2018-08-17 09:04,0.03150435,7332000,115.49,230874,1
2018-08-17 09:04,0.40630000,7332000,1489.49,2977502,1
2018-08-17 09:04,0.33858000,7332000,1241.23,2481227,1
2018-08-17 09:04,0.40630000,7332000,1489.49,2977502,1
2018-08-17 09:04,0.11450000,7332000,419.75,839094,1
2018-08-17 09:04,0.40630000,7332000,1489.49,2977502,1
2018-08-17 09:04,0.13274000,7332000,486.62,972763,1
2018-08-17 09:11,0.06410733,7344000,235.40,-471040,0
2018-08-17 09:11,0.13609267,7344000,499.73,-999965,0
2018-08-17 09:15,0.04644100,7336000,170.34,-340862,0
2018-08-17 09:15,0.04895900,7336000,179.58,-359343,0
2018-08-17 09:19,0.29560000,7355000,1087.06,2173050,1
2018-08-17 09:26,0.01760000,7336000,64.55,-129179,0
2018-08-17 09:27,0.04740000,7345000,174.07,-348327,0
2018-08-17 09:27,0.06500000,7361000,239.23,478225,1
2018-08-17 09:28,0.42813317,7344000,1572.10,-3145783,0
2018-08-17 09:28,0.10843820,7344000,398.18,-796769,0
2018-08-17 09:28,0.01416993,7344000,52.03,-104116,0
2018-08-17 09:28,0.15193162,7361000,559.18,1117809,1
2018-08-17 09:28,0.06904000,7361000,254.10,507949,1
2018-08-17 09:28,0.11905000,7361000,438.16,875888,1
2018-08-17 09:28,0.13451000,7361000,495.06,989633,1
2018-08-17 09:28,0.07626838,7361000,280.70,561130,1
2018-08-17 09:29,0.22989402,7345000,844.28,-1689416,0
2018-08-17 09:29,0.00570529,7345000,20.95,-41927,0
2018-08-17 09:29,0.34880000,7345000,1280.96,-2563217,0
2018-08-17 09:30,0.04950000,7339000,181.64,-363463,0
2018-08-17 09:30,0.00001927,7338000,0.07,-142,0
2018-08-17 09:31,0.34392636,7338000,1261.86,-2524994,0
2018-08-17 09:31,0.01368076,7338000,50.19,-100440,0
2018-08-17 09:31,0.02939288,7338000,107.84,-215793,0
2018-08-17 09:31,0.00000472,7338000,0.01,-35,0
2018-08-17 09:31,0.18570000,7338000,681.33,-1363348,0
2018-08-17 09:32,0.00006589,7338000,0.24,-484,0
2018-08-17 09:32,0.00993411,7338000,36.44,-72933,0
2018-08-17 09:32,0.00490000,7338000,17.97,-35975,0
2018-08-17 09:33,0.00000893,7341000,0.03,-66,0
2018-08-17 09:35,0.50000000,7333000,1833.25,3664666,1
2018-08-17 09:35,0.72150000,7333000,2645.37,5288114,1
2018-08-17 09:37,0.01050000,7345000,38.56,-77161,0
2018-08-17 09:37,0.00003000,7345000,0.11,-221,0
2018-08-17 09:37,0.01827000,7345000,67.09,-134261,0
2018-08-17 09:38,0.02880000,7356000,105.92,211746,1
2018-08-17 09:51,0.12128675,7348000,445.60,-891661,0
2018-08-17 09:51,0.13351697,7348000,490.54,-981574,0
2018-08-17 09:51,0.01150084,7348000,42.25,-84551,0
2018-08-17 09:51,0.00001283,7348000,0.04,-95,0
2018-08-17 09:55,0.26630000,7349000,978.51,1956060,1
2018-08-17 10:06,0.45840000,7351000,1684.84,-3371384,0
2018-08-17 10:06,0.65725159,7352000,2416.05,-4834530,0
2018-08-17 10:07,0.07130000,7356000,262.24,-524745,0
2018-08-17 10:08,0.05282489,7352000,194.18,-388563,0
2018-08-17 10:08,0.00457511,7352000,16.81,-33653,0
2018-08-17 10:15,0.86084018,7362000,3168.75,-6340675,0
2018-08-17 10:30,0.00001575,7370000,0.05,-117,0
2018-08-17 10:30,0.00200000,7370000,7.37,-14748,0
2018-08-17 10:51,0.80565473,7357000,2963.60,5924238,1
2018-08-17 11:01,0.01157779,7347000,42.53,-85105,0
2018-08-17 11:06,0.00000222,7351000,0,-17,0
2018-08-17 11:09,0.35524063,7364000,1307.99,2614684,1
2018-08-17 11:09,0.03394119,7362000,124.93,249750,1
2018-08-17 11:09,0.00016728,7362000,0.61,1230,1
2018-08-17 11:12,0.00000001,7365000,0,0,1
2018-08-17 11:12,0.16285136,7365000,599.70,1198800,1
2018-08-17 11:12,0.00068000,7365000,2.50,5005,1
2018-08-17 11:24,0.61614817,7378000,2272.97,-4548215,0
2018-08-17 11:24,0.00991230,7378000,36.56,-73170,0
2018-08-17 11:24,0.06000000,7378000,221.34,-442902,0
2018-08-17 11:24,0.04117556,7388000,152.10,304052,1
2018-08-17 11:25,0.00187000,7389000,6.90,13810,1
2018-08-17 11:25,0.02000000,7389000,73.89,147706,1
2018-08-17 11:26,0.39981341,7377000,1474.71,-2950899,0
2018-08-17 11:26,0.20282393,7377000,748.11,-1496981,0
2018-08-17 11:26,0.00330000,7377000,12.17,-24357,0
2018-08-17 11:26,0.10382063,7377000,382.94,-766268,0
2018-08-17 11:26,0.00068000,7377000,2.50,-5019,0
2018-08-17 11:26,0.00001312,7377000,0.04,-97,0
2018-08-17 11:26,0.00704637,7377000,25.99,-52007,0
2018-08-17 11:27,2.10080000,7387000,7759.30,15510850,1
2018-08-17 11:55,0.00630000,7424000,23.38,-46795,0
2018-08-17 12:01,0.00002590,7419000,0.09,-193,0
2018-08-17 12:02,0.00630000,7428000,23.39,46773,1
2018-08-17 12:05,0.01370000,7415000,50.79,-101637,0
2018-08-17 12:11,0.00140000,7401000,5.18,-10367,0
2018-08-17 12:17,0.01510000,7417000,55.99,111940,1
2018-08-17 12:30,0.00002312,7423000,0.08,-172,0
2018-08-17 13:19,0.00000892,7440000,0.03,-67,0
2018-08-17 13:22,3.50000000,7454000,13044.50,-26102045,0
2018-08-17 13:25,1.37386200,7471000,5132.06,10258990,1
2018-08-17 13:25,0.04346410,7471000,162.36,324557,1
2018-08-17 13:25,1.74384704,7471000,6514.14,13021767,1
2018-08-17 13:31,0.00003995,7479000,0.14,-299,0
2018-08-17 13:31,0.00073000,7479000,2.72,-5463,0
2018-08-17 13:31,1.09110179,7490000,4086.17,-8176439,0
2018-08-17 13:31,0.71999821,7490000,2696.39,-5395483,0
2018-08-17 13:32,0.04073683,7495000,152.66,305169,1
2018-08-17 13:36,0.06708331,7505000,251.73,503208,1
2018-08-17 13:37,0.60941547,7499000,2285.00,4567721,1
2018-08-17 13:37,0.00097801,7499000,3.66,7330,1
2018-08-17 13:37,0.00666755,7499000,24.99,49974,1
2018-08-17 13:37,0.02695506,7499000,101.06,202034,1
2018-08-17 13:37,0.00020000,7499000,0.74,1499,1
2018-08-17 13:39,1.39870000,7494000,5240.92,10476616,1
2018-08-17 14:26,0.37124560,7468000,1386.23,-2773849,0
2018-08-17 14:27,0.00285434,7467000,10.65,-21324,0
2018-08-17 14:27,0.00804877,7467000,30.05,-60131,0
2018-08-17 14:27,0.00066000,7481000,2.46,4934,1
2018-08-17 14:27,0.00869000,7481000,32.50,64977,1
2018-08-17 14:27,0.00816000,7481000,30.52,61014,1
2018-08-17 14:27,0.00801999,7481000,29.99,59967,1
2018-08-17 14:27,0.01246000,7481000,46.60,93166,1
2018-08-17 14:27,0.00398000,7481000,14.88,29759,1
2018-08-17 14:27,0.00398000,7481000,14.88,29759,1
2018-08-17 14:27,0.00398000,7481000,14.88,29759,1
2018-08-17 14:27,0.00398000,7481000,14.88,29759,1
2018-08-17 14:27,0.00398000,7481000,14.88,29759,1
2018-08-17 14:27,0.00398000,7481000,14.88,29759,1
2018-08-17 14:27,0.00753862,7481000,28.19,56368,1
2018-08-17 14:27,0.03341000,7481000,124.97,249815,1
2018-08-17 14:27,0.00652000,7481000,24.38,48751,1
2018-08-17 14:27,0.02725000,7481000,101.92,203755,1
2018-08-17 14:27,0.00649000,7481000,24.27,48527,1
2018-08-17 14:27,0.00117893,7481000,4.40,8815,1
2018-08-17 14:27,0.01184000,7481000,44.28,88530,1
2018-08-17 14:28,0.00666328,7481000,24.92,49823,1
2018-08-17 14:28,0.01287000,7481000,48.14,96232,1
2018-08-17 14:28,0.00667000,7481000,24.94,49873,1
2018-08-17 14:28,0.19980000,7481000,747.35,1493956,1
2018-08-17 14:45,0.04587642,7423000,170.27,-340711,0
2018-08-17 14:52,0.00006833,7424000,0.25,-508,0
2018-08-17 14:55,0.00000145,7436000,0,-11,0
2018-08-17 14:55,0.00067000,7436000,2.49,-4985,0
2018-08-17 14:56,0.04670000,7435000,173.60,347040,1
2018-08-17 15:17,1.51690010,7434000,5638.31,-11282274,0
2018-08-17 15:17,0.37800000,7430000,1404.27,-2809945,0
2018-08-17 15:43,0.20091688,7448000,748.21,1495680,1
2018-08-17 15:43,1.69398312,7448000,6308.39,12610477,1
2018-08-17 15:50,1.72011555,7434000,6393.66,-12793733,0
2018-08-17 15:53,0.30052792,7445000,1118.71,2236311,1
2018-08-17 15:53,0.14745700,7445000,548.90,1097268,1
2018-08-17 15:58,0.61919498,7451000,2306.81,-4615929,0
2018-08-17 15:58,0.18425508,7451000,686.44,-1373571,0
2018-08-17 15:59,1.50378392,7476000,5621.14,11236667,1
2018-08-17 15:59,0.15737823,7477000,588.35,1176128,1
2018-08-17 16:00,0.01682962,7477000,62.91,125772,1
2018-08-17 16:00,0.39750000,7473000,1485.25,2969032,1
2018-08-17 16:07,0.01296100,7463000,48.36,-96777,0
2018-08-17 16:07,0.02133400,7463000,79.60,-159296,0
2018-08-17 16:09,0.03430000,7468000,128.07,256024,1
2018-08-17 16:23,3.50000000,7450000,13037.50,-26088038,0
2018-08-17 16:34,0.05337296,7431000,198.30,396416,1
2018-08-17 16:34,1.34520507,7431000,4998.10,9991220,1
2018-08-17 16:34,0.37824198,7431000,1405.35,2809310,1
2018-08-17 16:38,0.08578631,7430000,318.69,637073,1
2018-08-17 16:41,0.19506500,7432000,724.86,1448998,1
2018-08-17 16:44,0.49514204,7439000,1841.68,3681519,1
2018-08-17 16:44,0.94720000,7440000,3523.58,7043644,1
2018-08-17 16:48,1.10992460,7435000,4126.14,-8256416,0
2018-08-17 16:48,0.01847540,7435000,68.68,-137434,0
2018-08-17 16:50,0.00290000,7449000,10.80,21591,1
2018-08-17 16:50,0.00290000,7449000,10.80,21591,1
2018-08-17 17:00,0.24307528,7454000,905.94,1810977,1
2018-08-17 17:00,0.03439224,7454000,128.17,256231,1
2018-08-17 17:00,0.07400000,7454000,275.79,551320,1
2018-08-17 17:00,0.20425414,7454000,761.25,1521749,1
2018-08-17 17:02,0.31481365,7455000,1173.46,2345762,1
2018-08-17 17:02,0.00043397,7455000,1.61,3233,1
2018-08-17 17:08,0.01240000,7441000,46.13,-92315,0
2018-08-17 17:20,0.16060000,7435000,597.03,-1194658,0
2018-08-17 17:22,0.06430000,7431000,238.90,-478053,0
2018-08-17 17:23,0.02810000,7424000,104.30,-208719,0
2018-08-17 17:27,0.11070000,7429000,411.19,-822802,0
2018-08-17 17:31,0.01907434,7449000,71.04,142013,1
2018-08-17 17:31,0.10000000,7449000,372.45,744527,1
2018-08-17 17:33,0.06784444,7452000,252.78,505323,1
2018-08-17 17:33,0.01341921,7452000,49.99,99949,1
2018-08-17 17:58,0.03020000,7441000,112.35,-224831,0
2018-08-17 17:58,0.44741822,7450000,1666.63,3331599,1
2018-08-17 17:58,0.00330000,7440000,12.27,-24565,0
2018-08-17 17:59,0.00090467,7450000,3.36,6736,1
2018-08-17 18:19,0.01260000,7452000,46.94,93848,1
2018-08-17 18:40,0.00137242,7455000,5.11,-10237,0
2018-08-17 18:40,0.00240423,7455000,8.96,-17933,0
2018-08-17 18:49,0.00380000,7467000,14.18,28360,1
2018-08-17 19:09,0.67367539,7475000,2517.86,-5038242,0
2018-08-17 19:14,0.07112113,7487000,266.24,532217,1
2018-08-17 19:14,0.01105419,7487000,41.38,82721,1
2018-08-17 19:14,0.13356484,7487000,499.99,999499,1
2018-08-17 19:14,0.26389595,7487000,987.89,1974801,1
2018-08-17 19:14,0.19400000,7486000,726.14,1451557,1
2018-08-17 19:18,3.50000000,7499000,13123.25,-26259624,0
2018-08-17 19:19,0.02633041,7517000,98.96,197826,1
2018-08-17 19:19,0.35828008,7517000,1346.59,2691844,1
2018-08-17 19:20,0.06339509,7516000,238.23,476239,1
2018-08-17 19:20,0.03739649,7516000,140.53,280931,1
2018-08-17 19:20,0.18292438,7516000,687.42,1374172,1
2018-08-17 19:20,0.00488408,7516000,18.35,36690,1
2018-08-17 19:20,0.58847814,7516000,2211.50,4420790,1
2018-08-17 19:20,0.00487855,7516000,18.33,36648,1
2018-08-17 19:20,0.04307249,7516000,161.86,323570,1
2018-08-17 19:20,0.00066000,7516000,2.48,4958,1
2018-08-17 19:20,0.00066000,7516000,2.48,4958,1
2018-08-17 19:21,0.00144311,7514000,5.42,10838,1
2018-08-17 19:21,0.27194391,7500000,1019.78,2038559,1
2018-08-17 19:21,0.15963522,7500000,598.63,1196665,1
2018-08-17 19:21,0.00684717,7500000,25.67,51328,1
2018-08-17 19:21,0.06835123,7500000,256.31,512377,1
2018-08-17 19:21,0.36319600,7500000,1361.98,2722608,1
2018-08-17 19:21,0.43289029,7500000,1623.33,3245053,1
2018-08-17 19:21,0.02858676,7494000,107.11,214122,1
2018-08-17 19:21,0.01431905,7494000,53.65,107253,1
2018-08-17 19:21,0.04231053,7494000,158.53,316916,1
2018-08-17 19:21,0.00205606,7493000,7.70,15398,1
2018-08-17 19:23,0.54056836,7488000,2023.88,4045751,1
2018-08-17 19:23,0.01045824,7488000,39.15,78272,1
2018-08-17 19:23,0.24647340,7488000,922.79,1844670,1
2018-08-17 19:23,0.06300000,7429000,234.01,-468261,0
2018-08-17 19:23,0.12542547,7429000,465.89,-932252,0
2018-08-17 19:23,0.00800000,7429000,29.71,-59462,0
2018-08-17 19:23,0.04000000,7429000,148.58,-297309,0
2018-08-17 19:23,0.05983600,7429000,222.26,-444744,0
2018-08-17 19:23,0.77953853,7429000,2895.59,-5794088,0
2018-08-17 19:23,0.07220004,7439000,268.54,536827,1
2018-08-17 19:23,0.00067000,7439000,2.49,4981,1
2018-08-17 19:23,0.06115350,7439000,227.46,454693,1
2018-08-17 19:23,0.19814896,7435000,736.61,1472500,1
2018-08-17 19:23,0.74365104,7435000,2764.52,5526280,1
2018-08-17 19:27,0.15161050,7400000,560.95,-1122479,0
2018-08-17 19:27,0.20000000,7400000,740.00,-1480740,0
2018-08-17 19:27,3.14840000,7400000,11649.08,-23309809,0
2018-08-17 19:29,0.08882190,7400000,328.64,656953,1
2018-08-17 19:29,0.07266425,7400000,268.85,537446,1
2018-08-17 19:29,0.00203074,7399000,7.51,15017,1
2018-08-17 19:29,0.00100000,7399000,3.69,7395,1
2018-08-17 19:29,0.04400000,7399000,162.77,325393,1
2018-08-17 19:30,0.03050295,7390000,112.70,225304,1
2018-08-17 19:57,0.02388826,7417000,88.58,177090,1
2018-08-17 19:57,0.02139148,7417000,79.33,158581,1
2018-08-17 19:57,0.00090184,7417000,3.34,6685,1
2018-08-17 19:57,0.05967007,7417000,221.28,442351,1
2018-08-17 19:57,0.01804500,7417000,66.91,133772,1
2018-08-17 19:57,0.00036299,7416000,1.34,2690,1
2018-08-17 20:05,0.10841935,7420000,402.23,804069,1
2018-08-17 20:29,0.00259000,7435000,9.62,19247,1
2018-08-17 21:27,0.09668194,7454000,360.33,720306,1
2018-08-17 21:27,0.62145905,7454000,2316.17,4630039,1
2018-08-17 21:27,0.18000987,7454000,670.89,1341122,1
2018-08-17 21:40,1.37250000,7450000,5112.56,-10230238,0
2018-08-17 21:42,0.12687262,7467000,473.67,946884,1
2018-08-17 21:42,0.03984804,7467000,148.77,297396,1
2018-08-17 21:46,0.00086960,7468000,3.24,6490,1
2018-08-17 21:51,3.33240000,7460000,12429.85,24847274,1
2018-08-17 23:03,0.00034844,7441000,1.29,-2594,0
2018-08-17 23:03,0.02498253,7441000,92.94,-185988,0
2018-08-17 23:03,0.01920000,7442000,71.44,-142958,0
2018-08-17 23:05,0.04460000,7447000,166.06,331970,1
2018-08-17 23:12,1.92960605,7432000,7170.41,-14348003,0
2018-08-17 23:17,0.07540000,7430000,280.11,-560503,0
2018-08-17 23:20,0.00990000,7432000,36.78,-73614,0
2018-08-17 23:21,0.59506636,7432000,2211.26,-4424745,0
2018-08-17 23:21,0.01625832,7432000,60.41,-120893,0
2018-08-17 23:21,0.00398009,7432000,14.79,-29595,0
2018-08-17 23:24,2.63020000,7419000,9756.72,19503697,1
2018-08-17 23:25,0.74857755,7421000,2777.59,-5557972,0
2018-08-17 23:25,0.02655875,7421000,98.54,-197191,0
2018-08-17 23:31,0.09600686,7427000,356.52,-713400,0
2018-08-17 23:35,0.01035440,7440000,38.51,-77076,0
2018-08-17 23:35,0.91176593,7440000,3391.76,-6786931,0
2018-08-17 23:35,0.03427967,7440000,127.52,-255169,0
2018-08-17 23:35,1.62770000,7441000,6055.85,-12117772,0
2018-08-17 23:40,3.45520000,7458000,12884.44,25755997,1
2018-08-17 23:41,0.03050000,7459000,113.74,-227614,0
2018-08-17 23:41,1.27397533,7460000,4751.92,-9508608,0
2018-08-17 23:41,0.09304602,7460000,347.06,-694471,0
2018-08-17 23:41,0.00134049,7460000,5.00,-10005,0
2018-08-17 23:41,0.00043816,7460000,1.63,-3271,0
2018-08-17 23:42,0.00804100,7461000,29.99,-60024,0
2018-08-17 23:43,0.00002136,7462000,0.07,-160,0
2018-08-17 23:43,0.00507864,7462000,18.94,-37916,0
2018-08-17 23:46,1.41250000,7468000,5274.27,10543275,1
2018-08-18 00:25,0.27480000,7442000,1022.53,-2046085,0
2018-08-18 00:29,0.00384083,7453000,14.31,28611,1
2018-08-18 00:35,0.27090000,7456000,1009.91,2018820,1
2018-08-18 00:52,0.18711656,7454000,697.38,-1395465,0
2018-08-18 00:52,0.07806006,7454000,290.92,-582151,0
2018-08-18 00:52,0.05749595,7454000,214.28,-428789,0
2018-08-18 00:52,0.08497304,7454000,316.69,-633706,0
2018-08-18 00:52,0.02730878,7454000,101.77,-203662,0
2018-08-18 00:52,0.02724561,7454000,101.54,-203191,0
2018-08-18 00:52,0.00950000,7452000,35.39,-70830,0
2018-08-18 00:52,0.00143000,7465000,5.33,10669,1
2018-08-18 00:52,0.01779000,7465000,66.40,132735,1
2018-08-18 00:52,0.00669792,7465000,24.99,49974,1
2018-08-18 00:52,0.15501559,7463000,578.44,1156302,1
2018-08-18 01:00,0.00003186,7443000,0.11,-238,0
2018-08-18 01:00,0.00336814,7443000,12.53,-25082,0
2018-08-18 01:00,0.89340000,7443000,3324.78,-6652901,0
2018-08-18 01:00,0.51076234,7443000,1900.80,-3803505,0
2018-08-18 01:02,0.14433604,7443000,537.14,-1074831,0
2018-08-18 01:02,0.00875701,7443000,32.58,-65211,0
2018-08-18 01:21,0.02150395,7451000,80.11,160145,1
2018-08-18 01:21,0.10000000,7451000,372.55,744727,1
2018-08-18 01:21,0.03052155,7451000,113.70,227302,1
2018-08-18 01:21,0.00605243,7451000,22.54,45074,1
2018-08-18 01:21,0.01206174,7451000,44.93,89827,1
2018-08-18 01:21,0.00289700,7451000,10.79,21574,1
2018-08-18 01:26,0.80371945,7456000,2996.26,5989535,1
2018-08-18 01:32,0.15233801,7451000,567.53,-1135638,0
2018-08-18 01:34,0.07846328,7465000,292.86,585435,1
2018-08-18 01:34,0.00321741,7465000,12.00,24005,1
2018-08-18 01:34,0.00965573,7465000,36.04,72043,1
2018-08-18 01:36,0.02972941,7466000,110.97,221848,1
2018-08-18 01:36,0.00067000,7466000,2.50,4999,1
2018-08-18 01:36,0.00399000,7466000,14.89,29774,1
2018-08-18 01:36,0.00067000,7466000,2.50,4999,1
2018-08-18 01:36,0.00516201,7466000,19.26,38520,1
2018-08-18 01:36,0.00399000,7466000,14.89,29774,1
2018-08-18 01:36,0.00399000,7466000,14.89,29774,1
2018-08-18 01:36,0.00399000,7466000,14.89,29774,1
2018-08-18 01:36,0.00399000,7466000,14.89,29774,1
2018-08-18 01:36,0.00399000,7466000,14.89,29774,1
2018-08-18 01:36,0.00399000,7466000,14.89,29774,1
2018-08-18 01:37,0.37192511,7483000,1391.55,2781724,1
2018-08-18 01:37,0.20000000,7483000,748.30,1495851,1
2018-08-18 01:38,0.29960000,7490000,1122.00,2242881,1
2018-08-18 01:39,0.74257427,7460000,2769.80,-5542374,0
2018-08-18 01:39,0.00662573,7460000,24.71,-49453,0
2018-08-18 01:39,0.13550000,7451000,504.80,-1010116,0
2018-08-18 01:39,0.00370000,7450000,13.78,-27579,0
2018-08-18 01:39,0.04820000,7444000,179.40,-358981,0
2018-08-18 01:40,0.37876153,7423000,1405.77,2810141,1
2018-08-18 01:40,0.02926517,7423000,108.61,217126,1
2018-08-18 01:45,0.12296245,7432000,456.92,-914314,0
2018-08-18 01:46,0.00001887,7435000,0.07,-141,0
2018-08-18 01:46,0.00807940,7435000,30.03,-60101,0
2018-08-18 01:46,0.00000173,7435000,0,-13,0
2018-08-18 01:47,0.54426687,7442000,2025.21,4048408,1
2018-08-18 01:51,0.01831011,7437000,68.08,-136241,0
2018-08-18 01:54,0.04780000,7437000,177.74,-355667,0
2018-08-18 01:59,2.10599640,7429000,7822.72,-15653270,0
2018-08-18 01:59,1.21250360,7429000,4503.84,-9012193,0
2018-08-18 02:02,0.06365263,7452000,237.16,474102,1
2018-08-18 02:03,0.00581024,7466000,21.68,43357,1
2018-08-18 02:03,0.78710000,7466000,2938.24,5873550,1
2018-08-18 02:10,0.01911572,7475000,71.44,142818,1
2018-08-18 02:10,0.00204545,7475000,7.64,15282,1
2018-08-18 02:10,0.15470612,7478000,578.44,1156313,1
2018-08-18 02:10,0.36848882,7478000,1377.77,2754181,1
2018-08-18 02:12,0.00750387,7487000,28.09,56153,1
2018-08-18 02:12,0.65180945,7486000,2439.72,4877005,1
2018-08-18 02:12,0.45154283,7494000,1691.93,3382170,1
2018-08-18 02:13,0.23892161,7473000,892.73,1784568,1
2018-08-18 02:13,0.20075100,7473000,750.10,1499462,1
2018-08-18 02:13,0.00066000,7473000,2.46,4929,1
2018-08-18 02:13,0.00066000,7473000,2.46,4929,1
2018-08-18 02:13,0.00066000,7473000,2.46,4929,1
2018-08-18 02:13,0.00066000,7473000,2.46,4929,1
2018-08-18 02:13,0.00399000,7473000,14.90,29802,1
2018-08-18 02:13,0.00399000,7473000,14.90,29802,1
2018-08-18 02:13,0.00399000,7473000,14.90,29802,1
2018-08-18 02:13,0.00399000,7473000,14.90,29802,1
2018-08-18 02:13,0.00399000,7473000,14.90,29802,1
2018-08-18 02:13,0.00066000,7473000,2.46,4929,1
2018-08-18 02:13,0.07808402,7480000,292.03,583776,1
2018-08-18 02:15,0.23943086,7473000,894.63,1788372,1
2018-08-18 02:15,0.00133815,7473000,4.99,9994,1
2018-08-18 02:15,0.20643099,7473000,771.32,1541887,1
2018-08-18 02:16,0.26244061,7455000,978.24,-1957473,0
2018-08-18 02:17,0.20000000,7456000,745.60,-1491946,0
2018-08-18 02:19,3.02894530,7453000,11287.36,-22586017,0
2018-08-18 02:19,0.00246245,7453000,9.17,-18362,0
2018-08-18 02:32,0.05467282,7481000,204.50,408802,1
2018-08-18 02:33,0.00548596,7479000,20.51,41008,1
2018-08-18 02:40,3.11699408,7500000,11688.72,23365766,1
2018-08-18 02:40,0.31670000,7489000,1185.88,2370580,1
2018-08-18 02:52,0.00006788,7462000,0.25,-507,0
2018-08-18 02:52,0.01909347,7462000,71.23,-142547,0
2018-08-18 02:52,0.04310000,7465000,160.87,-321903,0
2018-08-18 03:02,0.00268636,7444000,9.99,19987,1
2018-08-18 03:02,0.05900000,7444000,219.59,438976,1
2018-08-18 03:03,0.03970000,7441000,147.70,-295556,0
2018-08-18 03:04,0.00017249,7429000,0.64,-1282,0
2018-08-18 03:04,0.01440000,7428000,53.48,-107017,0
2018-08-18 03:06,0.55035397,7429000,2044.28,-4090624,0
2018-08-18 03:06,0.01347691,7429000,50.05,-100170,0
2018-08-18 03:06,0.08646912,7429000,321.18,-642701,0
2018-08-18 03:06,0.01670000,7428000,62.02,-124110,0
2018-08-18 03:06,0.05810000,7440000,216.13,-432481,0
2018-08-18 03:10,0.77990000,7451000,2905.51,5808129,1
2018-08-18 03:13,3.08840000,7442000,11491.93,-22995365,0
2018-08-18 03:20,0.00087732,7448000,3.26,6531,1
2018-08-18 03:20,0.00400000,7448000,14.89,29777,1
2018-08-18 03:20,0.00400000,7448000,14.89,29777,1
2018-08-18 03:20,0.00067000,7448000,2.49,4987,1
2018-08-18 03:24,0.11801548,7444000,439.25,878067,1
2018-08-18 03:28,0.00898975,7442000,33.45,66868,1
2018-08-18 04:09,0.09034248,7453000,336.66,672985,1
2018-08-18 04:09,0.00097037,7453000,3.61,7228,1
2018-08-18 04:15,0.00067000,7454000,2.49,4991,1
2018-08-18 04:15,0.00067000,7454000,2.49,4991,1
2018-08-18 04:15,0.00067000,7454000,2.49,4991,1
2018-08-18 04:15,0.00067000,7454000,2.49,4991,1
2018-08-18 04:15,0.00067000,7454000,2.49,4991,1
2018-08-18 04:15,0.00420000,7454000,15.65,31291,1
2018-08-18 04:15,0.03079923,7454000,114.78,229462,1
2018-08-18 04:38,0.04092762,7448000,152.41,304676,1
2018-08-18 04:38,0.09706678,7450000,361.57,722785,1
2018-08-18 05:15,0.20665741,7437000,768.45,1536142,1
2018-08-18 05:22,0.53773245,7437000,1999.55,3997116,1
2018-08-18 05:22,0.04907059,7437000,182.46,364755,1
2018-08-18 05:23,0.05080000,7428000,188.67,-377531,0
2018-08-18 05:26,0.30240000,7425000,1122.66,-2246443,0
2018-08-18 05:26,0.00210000,7427000,7.79,-15605,0
2018-08-18 05:27,0.00005997,7427000,0.22,-446,0
2018-08-18 05:27,0.00374003,7427000,13.88,-27791,0
2018-08-18 05:30,0.42590000,7421000,1580.30,-3162185,0
2018-08-18 05:40,0.06201218,7434000,230.49,460768,1
2018-08-18 05:51,0.00868098,7438000,32.28,64536,1
2018-08-18 06:09,1.89583796,7450000,7061.99,14116930,1
2018-08-18 06:15,0.17170130,7447000,639.32,1278020,1
2018-08-18 06:15,0.00693000,7447000,25.80,51581,1
2018-08-18 06:18,0.19011031,7455000,708.63,1416563,1
2018-08-18 06:27,0.09999490,7451000,372.53,744689,1
2018-08-18 06:28,0.00901144,7450000,33.56,67101,1
2018-08-18 06:28,0.23148856,7450000,862.29,1723727,1
2018-08-18 06:47,1.03175005,7457000,3846.88,-7697607,0
2018-08-18 06:47,0.22503404,7457000,839.03,-1678918,0
2018-08-18 06:51,0.04155739,7466000,155.13,310112,1
2018-08-18 06:56,0.33220000,7440000,1235.78,-2472804,0
2018-08-18 06:57,0.00094300,7464000,3.51,7035,1
2018-08-18 06:58,0.00057197,7459000,2.13,4264,1
2018-08-18 06:58,0.05020000,7450000,186.99,-374177,0
2018-08-18 07:09,0.18534641,7474000,692.63,1384586,1
2018-08-18 07:14,1.41080000,7495000,5286.97,10568659,1
2018-08-18 07:21,0.03330000,7456000,124.14,-248409,0
2018-08-18 07:23,0.02220000,7472000,82.93,-165962,0
2018-08-18 07:25,0.00666695,7474000,24.91,49803,1
2018-08-18 07:27,0.01621071,7483000,60.65,121244,1
2018-08-18 07:27,0.00668181,7483000,24.99,49974,1
2018-08-18 07:27,0.01169800,7483000,43.76,87492,1
2018-08-18 07:27,0.01420948,7483000,53.16,106276,1
2018-08-18 07:31,3.15973559,7500000,11849.00,-23709866,0
2018-08-18 07:31,0.29486651,7500000,1105.74,-2212605,0
2018-08-18 07:31,0.00200000,7500000,7.50,-15008,0
2018-08-18 07:32,3.45660000,7510000,12979.53,25946086,1
2018-08-18 07:36,1.45890000,7483000,5458.47,-10922408,0
2018-08-18 07:41,0.00760000,7482000,28.43,-56892,0
2018-08-18 07:45,1.20125925,7494000,4501.11,-9006738,0
2018-08-18 07:45,0.33844075,7494000,1268.13,-2537544,0
2018-08-18 07:47,0.07960779,7512000,299.00,597714,1
2018-08-18 07:47,0.04536070,7512000,170.37,340579,1
2018-08-18 07:47,0.10000000,7512000,375.60,750824,1
2018-08-18 07:47,1.50030059,7512000,5635.12,11264622,1
2018-08-18 07:47,0.76256241,7512000,2864.18,5725504,1
2018-08-18 07:47,0.44262024,7517000,1663.58,3325512,1
2018-08-18 07:47,0.06529181,7497000,244.74,-489738,0
2018-08-18 07:50,0.14100000,7510000,529.45,1058380,1
2018-08-18 07:57,0.00530000,7506000,19.89,-39802,0
2018-08-18 07:58,0.18620000,7506000,698.80,-1398316,0
2018-08-18 07:58,0.14400000,7506000,540.43,-1081405,0
2018-08-18 07:58,0.14610000,7506000,548.31,-1097175,0
2018-08-18 07:58,0.00500000,7507000,18.76,-37554,0
2018-08-18 07:58,0.00542389,7507000,20.35,-40738,0
2018-08-18 07:58,0.03407611,7507000,127.90,-255938,0
2018-08-18 07:59,0.01400000,7503000,52.52,-105095,0
2018-08-18 07:59,0.00902000,7503000,33.83,-67711,0
2018-08-18 07:59,0.00311879,7503000,11.70,-23412,0
2018-08-18 08:05,0.55230000,7500000,2071.12,4140178,1
2018-08-18 08:19,0.87066345,7500000,3264.98,-6533241,0
2018-08-18 08:23,0.00210675,7486000,7.88,-15779,0
2018-08-18 08:24,0.20000000,7490000,749.00,-1498749,0
2018-08-18 08:25,1.07270000,7471000,4007.07,8010134,1
2018-08-18 08:31,0.01038693,7461000,38.74,-77536,0
2018-08-18 08:31,0.00671307,7461000,25.04,-50112,0
2018-08-18 08:33,0.20000000,7462000,746.20,-1493147,0
2018-08-18 08:33,0.04900000,7453000,182.59,-365380,0
2018-08-18 08:33,0.31480000,7453000,1173.10,-2347378,0
2018-08-18 08:34,0.08100000,7455000,301.92,-604157,0
2018-08-18 08:34,0.12251351,7455000,456.66,-913795,0
2018-08-18 08:34,0.23667592,7455000,882.20,-1765302,0
2018-08-18 08:34,0.15844878,7455000,590.61,-1181827,0
2018-08-18 08:34,0.02126463,7455000,79.26,-158607,0
2018-08-18 08:40,0.02000000,7454000,74.54,-149155,0
2018-08-18 08:44,0.02940000,7469000,109.79,-219699,0
2018-08-18 08:44,0.06810000,7470000,254.35,-508962,0
2018-08-18 08:44,1.71470000,7471000,6405.26,-12816929,0
2018-08-18 08:52,0.74185089,7493000,2779.34,5555909,1
2018-08-18 08:52,0.00360000,7493000,13.48,26961,1
2018-08-18 08:52,0.00398000,7493000,14.91,29807,1
2018-08-18 08:54,0.95445043,7496000,3577.28,7150983,1
2018-08-18 08:54,1.32920000,7496000,4981.84,9958701,1
2018-08-18 08:55,0.01390000,7486000,52.02,-104108,0
2018-08-18 08:56,0.01390000,7494000,52.08,104114,1
2018-08-18 09:02,0.28938896,7461000,1079.56,-2160211,0
2018-08-18 09:02,0.00661104,7461000,24.66,-49350,0
2018-08-18 09:02,0.05117406,7461000,190.90,-382001,0
2018-08-18 09:02,0.14550999,7461000,542.82,-1086193,0
2018-08-18 09:03,0.00003548,7461000,0.13,-265,0
2018-08-18 09:03,0.00004572,7453000,0.17,-341,0
2018-08-18 09:03,0.00565428,7453000,21.07,-42163,0
2018-08-18 09:03,0.01160000,7455000,43.23,-86522,0
2018-08-18 09:03,2.02490219,7452000,7544.78,-15097116,0
2018-08-18 09:03,0.03772724,7452000,140.57,-281284,0
2018-08-18 09:04,0.00435811,7475000,16.28,32560,1
2018-08-18 09:04,0.01390000,7475000,51.95,103850,1
2018-08-18 09:04,0.00437000,7475000,16.33,32649,1
2018-08-18 09:04,0.04769000,7475000,178.24,356304,1
2018-08-18 09:04,0.01543000,7475000,57.66,115281,1
2018-08-18 09:04,0.00437000,7475000,16.33,32649,1
2018-08-18 09:04,0.02464306,7475000,92.10,184114,1
2018-08-18 09:04,0.05520000,7475000,206.31,412413,1
2018-08-18 09:05,0.01076426,7475000,40.23,80422,1
2018-08-18 09:05,0.00954000,7475000,35.65,71275,1
2018-08-18 09:05,0.00954000,7475000,35.65,71275,1
2018-08-18 09:05,0.04330800,7475000,161.86,323565,1
2018-08-18 09:05,0.00986000,7475000,36.85,73666,1
2018-08-18 09:05,0.00143608,7475000,5.36,10729,1
2018-08-18 09:05,0.00986000,7475000,36.85,73666,1
2018-08-18 09:05,0.27914906,7458000,1040.94,-2082935,0
2018-08-18 09:05,0.00374529,7472000,13.99,27970,1
2018-08-18 09:08,0.17770181,7484000,664.96,1329255,1
2018-08-18 09:09,0.01966625,7493000,73.67,147285,1
2018-08-18 09:09,0.19505000,7493000,730.75,1460778,1
2018-08-18 09:09,0.33263000,7493000,1246.19,2491150,1
2018-08-18 09:09,0.05438000,7493000,203.73,407265,1
2018-08-18 09:09,0.14586000,7493000,546.46,1092382,1
2018-08-18 09:09,0.10482225,7493000,392.71,785040,1
2018-08-18 09:09,0.08312000,7493000,311.40,622506,1
2018-08-18 09:09,0.01045611,7493000,39.17,78308,1
2018-08-18 09:09,0.27651000,7493000,1035.94,2070853,1
2018-08-18 09:09,0.14921000,7493000,559.01,1117471,1
2018-08-18 09:09,0.27666000,7493000,1036.50,2071976,1
2018-08-18 09:09,0.35904000,7493000,1345.14,2688941,1
2018-08-18 09:09,0.39868164,7493000,1493.66,2985827,1
2018-08-18 09:11,0.05424310,7478000,202.81,-405833,0
2018-08-18 09:11,0.05420000,7488000,202.92,405646,1
2018-08-18 09:12,0.16910000,7476000,632.09,-1264824,0
2018-08-18 09:15,0.17334007,7478000,648.11,-1296886,0
2018-08-18 09:16,0.08343225,7486000,312.28,624261,1
2018-08-18 09:16,0.00979000,7486000,36.64,73251,1
2018-08-18 09:16,0.00104999,7486000,3.93,7856,1
2018-08-18 09:18,0.96219946,7475000,3596.22,-7196038,0
2018-08-18 09:18,0.03215939,7475000,120.19,-240512,0
2018-08-18 09:24,0.00007787,7509000,0.29,584,1
2018-08-18 09:24,1.00000000,7509000,3754.50,7505245,1
2018-08-18 09:24,0.00151800,7509000,5.69,11392,1
2018-08-18 09:24,0.01020600,7509000,38.31,76598,1
2018-08-18 09:24,0.00321555,7509000,12.07,24133,1
2018-08-18 09:24,0.20879637,7516000,784.65,1568528,1
2018-08-18 09:24,0.00090000,7516000,3.38,6761,1
2018-08-18 09:24,0.00381675,7516000,14.34,28672,1
2018-08-18 09:24,0.01400000,7510000,52.57,105087,1
2018-08-18 09:39,0.22393678,7526000,842.67,-1686191,0
2018-08-18 09:41,0.64750000,7538000,2440.42,-4883296,0
2018-08-18 09:42,0.00199881,7547000,7.54,15077,1
2018-08-18 09:42,0.00023013,7542000,0.86,1734,1
2018-08-18 09:42,0.00395000,7542000,14.89,29776,1
2018-08-18 09:42,0.01580584,7542000,59.60,119148,1
2018-08-18 09:42,0.00395000,7542000,14.89,29776,1
2018-08-18 09:42,0.00395000,7542000,14.89,29776,1
2018-08-18 09:42,0.00395000,7542000,14.89,29776,1
2018-08-18 09:42,0.00395000,7542000,14.89,29776,1
2018-08-18 09:42,0.00395000,7542000,14.89,29776,1
2018-08-18 09:42,0.00395000,7542000,14.89,29776,1
2018-08-18 09:43,0.00585564,7542000,22.08,44141,1
2018-08-18 09:43,0.00787000,7547000,29.69,59365,1
2018-08-18 09:43,0.00807000,7547000,30.45,60873,1
2018-08-18 09:43,0.01422000,7547000,53.65,107264,1
2018-08-18 09:43,0.00134100,7547000,5.06,10115,1
2018-08-18 09:47,0.33293055,7551000,1256.97,-2515216,0
2018-08-18 09:47,0.06131246,7551000,231.48,-463202,0
2018-08-18 09:47,0.00015000,7551000,0.56,-1134,0
2018-08-18 09:47,0.00273929,7551000,10.34,-20695,0
2018-08-18 09:47,0.05518642,7551000,208.35,-416921,0
2018-08-18 09:48,1.17019795,7552000,4418.66,-8841754,0
2018-08-18 09:48,0.01727322,7552000,65.22,-130513,0
2018-08-18 09:48,0.12972883,7552000,489.85,-980202,0
2018-08-18 09:51,0.06142545,7574000,232.61,465003,1
2018-08-18 09:51,0.08707000,7574000,329.73,659138,1
2018-08-18 09:51,0.03138000,7574000,118.83,237553,1
2018-08-18 09:51,0.03828000,7574000,144.96,289787,1
2018-08-18 09:51,0.36207694,7574000,1371.18,2740999,1
2018-08-18 09:51,0.08370000,7574000,316.97,633626,1
2018-08-18 09:51,0.00345682,7574000,13.09,26168,1
2018-08-18 09:51,0.03828000,7574000,144.96,289787,1
2018-08-18 09:51,0.25690000,7574000,972.88,1944787,1
2018-08-18 09:51,0.39332000,7574000,1489.50,2977516,1
2018-08-18 09:51,0.03847000,7574000,145.68,291226,1
2018-08-18 09:51,0.02195000,7574000,83.12,166166,1
2018-08-18 09:51,0.02185000,7574000,82.74,165409,1
2018-08-18 09:51,0.11838000,7574000,448.30,896161,1
2018-08-18 09:51,0.39332000,7574000,1489.50,2977516,1
2018-08-18 09:51,0.25854000,7574000,979.09,1957202,1
2018-08-18 09:51,0.18397079,7574000,696.69,1392698,1
2018-08-18 09:51,0.09255000,7574000,350.48,700623,1
2018-08-18 09:51,0.04555000,7574000,172.49,344823,1
2018-08-18 09:51,0.02743000,7574000,103.87,207650,1
2018-08-18 10:06,0.00459151,7547000,17.32,-34670,0
2018-08-18 10:06,0.20850849,7549000,787.01,-1574818,0
2018-08-18 10:09,0.00300442,7552000,11.34,22678,1
2018-08-18 10:10,0.21010000,7547000,792.81,1584831,1
2018-08-18 10:15,0.59897940,7520000,2252.16,-4506578,0
2018-08-18 10:15,0.01732496,7520000,65.14,-130349,0
2018-08-18 10:15,0.53658403,7520000,2017.55,-4037130,0
2018-08-18 10:15,0.18325047,7520000,689.02,-1378733,0
2018-08-18 10:15,1.84313566,7520000,6930.19,-13867311,0
2018-08-18 10:15,0.30081173,7520000,1131.05,-2263236,0
2018-08-18 10:15,0.01985261,7520000,74.64,-149367,0
2018-08-18 10:16,0.00412822,7514000,15.50,31003,1
2018-08-18 10:17,0.14480587,7511000,543.81,1087093,1
2018-08-18 10:17,0.86523019,7511000,3249.37,6495494,1
2018-08-18 10:17,0.10039442,7511000,377.03,753685,1
2018-08-18 10:17,0.00074859,7511000,2.81,5619,1
2018-08-18 10:17,0.00365500,7511000,13.72,27438,1
2018-08-18 10:17,0.00397000,7511000,14.90,29803,1
2018-08-18 10:17,0.00397000,7511000,14.90,29803,1
2018-08-18 10:17,0.00397000,7511000,14.90,29803,1
2018-08-18 10:17,0.00074784,7511000,2.80,5614,1
2018-08-18 10:17,0.00397000,7511000,14.90,29803,1
2018-08-18 10:17,0.00397000,7511000,14.90,29803,1
2018-08-18 10:17,0.00397000,7511000,14.90,29803,1
2018-08-18 10:17,0.00397000,7511000,14.90,29803,1
2018-08-18 10:17,0.00397000,7511000,14.90,29803,1
2018-08-18 10:17,1.15150000,7507000,4322.15,-8648633,0
2018-08-18 10:19,0.27164159,7500000,1018.65,2036293,1
2018-08-18 10:19,0.01000000,7500000,37.50,74962,1
2018-08-18 10:19,0.01000000,7500000,37.50,74962,1
2018-08-18 10:19,0.22863541,7500000,857.38,1713908,1
2018-08-18 10:19,0.13203238,7500000,495.12,989747,1
2018-08-18 10:25,0.11702841,7497000,438.68,876923,1
2018-08-18 10:25,0.10510102,7497000,393.97,787548,1
2018-08-18 10:25,0.32437370,7496000,1215.75,2430289,1
2018-08-18 10:26,0.40893035,7485000,1530.42,-3062374,0
2018-08-18 10:26,0.00316965,7485000,11.86,-23737,0
2018-08-18 10:26,0.00809000,7492000,30.30,60579,1
2018-08-18 10:38,0.00639076,7467000,23.85,47695,1
2018-08-18 10:38,0.01000000,7467000,37.33,74632,1
2018-08-18 10:38,0.02000000,7467000,74.67,149265,1
2018-08-18 10:38,0.01444958,7467000,53.94,107841,1
2018-08-18 10:38,0.00400000,7467000,14.93,29853,1
2018-08-18 10:38,0.01922786,7466000,71.77,143483,1
2018-08-18 10:38,0.53496631,7466000,1997.02,3992061,1
2018-08-18 10:38,0.00253800,7466000,9.47,18939,1
2018-08-18 10:38,2.09360000,7464000,7813.31,15618817,1
2018-08-18 10:43,0.01346863,7443000,50.12,-100298,0
2018-08-18 10:50,0.01180000,7464000,44.03,-88120,0
2018-08-18 10:53,0.00630864,7475000,23.57,47133,1
2018-08-18 10:53,0.01899136,7475000,70.98,141889,1
2018-08-18 11:00,0.88616054,7466000,3308.03,-6619383,0
2018-08-18 11:00,1.96513946,7466000,7335.86,-14679067,0
2018-08-18 11:07,0.08212251,7490000,307.54,614790,1
2018-08-18 11:07,0.02599538,7490000,97.35,194608,1
2018-08-18 11:08,0.76260604,7489000,2855.57,5708301,1
2018-08-18 11:09,0.00028980,7487000,1.08,2168,1
2018-08-18 11:09,0.06508825,7487000,243.65,487072,1
2018-08-18 11:10,0.00257026,7485000,9.61,19228,1
2018-08-18 11:10,0.00370000,7485000,13.84,27680,1
2018-08-18 11:10,0.07013639,7485000,262.48,524708,1
2018-08-18 11:14,0.12520000,7486000,468.62,936778,1
2018-08-18 11:15,0.00240490,7468000,8.97,-17969,0
2018-08-18 11:15,0.05572442,7474000,208.24,-416693,0
2018-08-18 11:15,0.00947558,7474000,35.41,-70856,0
2018-08-18 11:16,0.01427133,7484000,53.40,106753,1
2018-08-18 11:18,0.22451791,7490000,840.81,1680798,1
2018-08-18 11:18,0.04670000,7490000,174.89,349608,1
2018-08-18 11:20,0.04925797,7484000,184.32,368462,1
2018-08-18 11:21,0.01847370,7484000,69.12,138188,1
2018-08-18 11:21,0.00398000,7484000,14.89,29771,1
2018-08-18 11:21,0.00398000,7484000,14.89,29771,1
2018-08-18 11:34,0.87752542,7486000,3284.57,6565870,1
2018-08-18 11:34,0.00426043,7486000,15.94,31877,1
2018-08-18 11:34,0.00569000,7486000,21.29,42574,1
2018-08-18 11:34,0.00398000,7486000,14.89,29779,1
2018-08-18 11:34,0.00569000,7486000,21.29,42574,1
2018-08-18 11:34,0.00569000,7486000,21.29,42574,1
2018-08-18 11:36,0.43346251,7473000,1619.63,-3240885,0
2018-08-18 11:36,0.93380701,7472000,3488.70,-6980895,0
2018-08-18 11:37,1.61560000,7470000,6034.26,-12074567,0
2018-08-18 11:55,0.00039572,7478000,1.47,2957,1
2018-08-18 12:01,0.03987859,7450000,148.54,296946,1
2018-08-18 12:01,0.02104183,7450000,78.38,156683,1
2018-08-18 12:02,0.00292256,7444000,10.87,21744,1
2018-08-18 12:07,0.57068090,7443000,2123.78,4245454,1
2018-08-18 12:07,0.00073047,7442000,2.71,5433,1
2018-08-18 12:09,0.00158474,7441000,5.89,11786,1
2018-08-18 12:09,0.06641020,7435000,246.87,493512,1
2018-08-18 12:11,0.05709918,7434000,212.23,424263,1
2018-08-18 12:11,0.00048657,7434000,1.80,3615,1
2018-08-18 12:11,0.14000000,7434000,520.38,1040239,1
2018-08-18 12:28,0.04664955,7438000,173.48,346805,1
2018-08-18 12:37,0.00698807,7437000,25.98,51944,1
2018-08-18 12:43,0.00172726,7435000,6.42,12835,1
2018-08-18 12:43,0.00667902,7435000,24.82,49633,1
2018-08-18 12:45,0.01914012,7435000,71.15,142235,1
2018-08-18 12:45,0.06350799,7435000,236.09,471945,1
2018-08-18 12:48,0.18819897,7447000,700.75,1400816,1
2018-08-18 12:54,0.08881759,7454000,331.02,661715,1
2018-08-18 12:54,0.00100000,7454000,3.72,7450,1
2018-08-18 12:54,0.00100000,7454000,3.72,7450,1
2018-08-18 12:59,0.08522231,7456000,317.70,635099,1
2018-08-18 13:00,0.58079860,7453000,2164.34,4326527,1
2018-08-18 13:00,0.00407216,7453000,15.17,30334,1
2018-08-18 13:06,0.40870000,7457000,1523.83,-3049200,0
2018-08-18 13:54,0.20789055,7447000,774.08,-1548935,0
2018-08-18 13:57,0.14000000,7449000,521.43,-1043382,0
2018-08-18 13:57,0.09380000,7450000,349.40,-699160,0
2018-08-18 14:09,0.00100000,7457000,3.72,-7461,0
2018-08-18 14:10,0.00067000,7466000,2.50,4999,1
2018-08-18 14:10,0.00067000,7466000,2.50,4999,1
2018-08-18 14:10,0.00066000,7466000,2.46,4925,1
2018-08-18 14:10,0.00066000,7466000,2.46,4925,1
2018-08-18 14:10,0.00066000,7466000,2.46,4925,1
2018-08-18 14:10,0.00066000,7466000,2.46,4925,1
2018-08-18 14:10,0.00067000,7466000,2.50,4999,1
2018-08-18 14:10,0.00067000,7466000,2.50,4999,1
2018-08-18 14:11,0.01719819,7466000,64.20,128337,1
2018-08-18 14:11,0.05120000,7455000,190.84,-381887,0
2018-08-18 14:13,1.11490000,7451000,4153.55,-8311274,0
2018-08-18 14:15,0.00551504,7460000,20.57,41121,1
2018-08-18 14:22,0.79709610,7460000,2973.16,5943363,1
2018-08-18 14:31,0.03351922,7460000,125.02,249928,1
2018-08-18 14:38,0.08918818,7458000,332.58,664832,1
2018-08-18 14:38,0.00014741,7458000,0.54,1098,1
2018-08-18 14:39,0.00572054,7455000,21.32,42625,1
2018-08-18 15:13,0.14423603,7465000,538.36,1076183,1
2018-08-18 15:13,0.39321089,7465000,1467.65,2933851,1
2018-08-18 15:13,0.19669890,7465000,734.17,1467623,1
2018-08-18 15:13,0.07089154,7465000,264.60,528940,1
2018-08-18 15:14,0.00557110,7468000,20.80,41584,1
2018-08-18 15:15,0.05316519,7467000,198.49,396785,1
2018-08-18 15:15,0.06483499,7467000,242.06,483880,1
2018-08-18 15:15,0.00488120,7467000,18.22,36429,1
2018-08-18 15:15,0.00110200,7467000,4.11,8224,1
2018-08-18 15:15,0.17577707,7467000,656.26,1311871,1
2018-08-18 15:17,1.45840000,7466000,5444.20,10882970,1
2018-08-18 15:18,0.00006111,7455000,0.22,-456,0
2018-08-18 15:24,0.00300000,7455000,11.18,-22377,0
2018-08-18 15:29,0.00001572,7455000,0.05,-118,0
2018-08-18 15:29,0.00193100,7455000,7.19,-14403,0
2018-08-18 15:30,0.53230000,7455000,1984.14,-3970281,0
2018-08-18 15:30,0.06470000,7455000,241.16,-482580,0
2018-08-18 15:36,0.12778086,7465000,476.94,953407,1
2018-08-18 15:38,0.09039686,7446000,336.54,-673432,0
2018-08-18 15:38,0.00320314,7446000,11.92,-23863,0
2018-08-18 15:38,0.07406658,7446000,275.74,-551776,0
2018-08-18 15:38,0.15783342,7446000,587.61,-1175816,0
2018-08-18 15:38,0.01348103,7446000,50.18,-100430,0
2018-08-18 15:38,0.03651897,7446000,135.96,-272057,0
2018-08-18 15:39,0.00000695,7440000,0.02,-52,0
2018-08-18 15:39,0.05748333,7441000,213.86,-427948,0
2018-08-18 15:39,0.03455408,7441000,128.55,-257246,0
2018-08-18 15:39,0.00507105,7441000,18.86,-37753,0
2018-08-18 15:39,0.33120000,7445000,1232.89,-2467017,0
2018-08-18 15:40,0.16455134,7456000,613.44,1226281,1
2018-08-18 15:40,0.04770526,7456000,177.84,355512,1
2018-08-18 15:42,0.04490000,7441000,167.05,-334268,0
2018-08-18 15:42,0.02854189,7437000,106.13,-212373,0
2018-08-18 15:48,0.45590000,7434000,1694.58,-3390856,0
2018-08-18 15:49,0.00821804,7435000,30.55,-61132,0
2018-08-18 15:49,0.01668196,7435000,62.01,-124093,0
2018-08-18 15:49,0.02770000,7434000,102.96,-206025,0
2018-08-18 15:49,0.01290000,7435000,47.95,-95960,0
2018-08-18 15:50,0.75051648,7449000,2795.29,5587801,1
2018-08-18 15:51,0.10390000,7433000,386.14,-772675,0
2018-08-18 15:54,0.05980000,7441000,222.48,-445195,0
2018-08-18 15:54,0.37400000,7440000,1391.28,-2783952,0
2018-08-18 15:54,0.39880000,7436000,1482.73,-2966960,0
2018-08-18 15:55,0.05220000,7436000,194.07,-388354,0
2018-08-18 15:55,0.16040000,7434000,596.20,-1193010,0
2018-08-18 15:57,0.62020000,7433000,2304.97,-4612252,0
2018-08-18 16:02,2.67940000,7430000,9953.97,19897988,1
2018-08-18 16:05,0.01133362,7418000,42.03,-84115,0
2018-08-18 16:05,0.01345351,7418000,49.89,-99848,0
2018-08-18 16:05,0.02690702,7418000,99.79,-199696,0
2018-08-18 16:05,0.00673522,7418000,24.98,-49987,0
2018-08-18 16:06,0.08489360,7419000,314.91,-630141,0
2018-08-18 16:06,1.64490000,7420000,6102.57,-12211261,0
2018-08-18 16:06,0.00003082,7420000,0.11,-229,0
2018-08-18 16:07,0.62168185,7420000,2306.43,-4615186,0
2018-08-18 16:07,0.00995006,7420000,36.91,-73867,0
2018-08-18 16:07,0.03416809,7420000,126.76,-253654,0
2018-08-18 16:19,1.04590000,7429000,3884.99,-7773876,0
2018-08-18 16:26,0.03199820,7445000,119.11,238107,1
2018-08-18 16:26,3.46800000,7445000,12909.63,25806350,1
2018-08-18 16:39,2.48690000,7416000,9221.42,-18452072,0
2018-08-18 16:41,0.24760000,7424000,919.09,-1839102,0
2018-08-18 16:41,0.02618082,7434000,97.31,194530,1
2018-08-18 17:14,0.00067000,7429000,2.48,4974,1
2018-08-18 17:15,0.01924988,7431000,71.52,142974,1
2018-08-18 17:20,0.00358505,7438000,13.33,26652,1
2018-08-18 17:20,0.00183232,7438000,6.81,13621,1
2018-08-18 17:20,0.00988286,7439000,36.75,73481,1
2018-08-18 17:20,0.14000000,7439000,520.73,1040939,1
2018-08-18 17:21,0.05017818,7440000,186.66,373138,1
2018-08-18 17:38,0.07830745,7459000,292.04,583803,1
2018-08-18 17:49,0.34287542,7447000,1276.69,2552116,1
2018-08-18 17:49,0.00014000,7447000,0.52,1042,1
2018-08-18 17:49,0.10000000,7445000,372.25,744127,1
2018-08-18 17:49,1.96160000,7445000,7302.05,14596809,1
2018-08-18 18:19,3.50000000,7450000,13037.50,-26088038,0
2018-08-18 18:39,0.01215525,7456000,45.31,90584,1
2018-08-18 18:42,0.00459403,7457000,17.12,34240,1
2018-08-18 19:17,0.05159871,7458000,192.41,384630,1
2018-08-18 19:17,0.00668333,7458000,24.92,49819,1
2018-08-18 19:57,1.05316800,7467000,3932.00,7860073,1
2018-08-18 19:57,0.13159290,7467000,491.30,982112,1
2018-08-18 20:40,0.00002472,7462000,0.09,-185,0
2018-08-18 20:40,0.00005910,7462000,0.22,-442,0
2018-08-18 20:41,0.00004982,7462000,0.18,-372,0
2018-08-18 20:41,0.00003250,7462000,0.12,-243,0
2018-08-18 20:41,0.00001861,7462000,0.06,-139,0
2018-08-18 20:41,0.00468139,7462000,17.46,-34950,0
2018-08-18 20:41,2.24500000,7470000,8385.07,16761764,1
2018-08-18 21:48,0.10099960,7450000,376.22,-752824,0
2018-08-18 21:48,0.00003965,7450000,0.14,-296,0
2018-08-18 21:48,0.00807328,7450000,30.07,-60176,0
2018-08-18 21:48,0.08468341,7450000,315.44,-631207,0
2018-08-18 21:49,0.00006619,7450000,0.24,-494,0
2018-08-18 21:49,0.01743381,7450000,64.94,-129947,0
2018-08-18 21:49,0.01330150,7444000,49.50,-99066,0
2018-08-18 21:49,0.00189850,7444000,7.06,-14140,0
2018-08-18 22:00,0.02969488,7438000,110.43,220760,1
2018-08-18 22:00,0.11133176,7438000,414.04,827671,1
2018-08-18 22:00,0.08547336,7438000,317.87,635432,1
2018-08-18 22:01,0.01480000,7424000,54.93,-109931,0
2018-08-18 22:01,0.01280000,7424000,47.51,-95075,0
2018-08-18 22:04,0.02760000,7440000,102.67,205241,1
2018-08-18 22:05,0.00008465,7409000,0.31,-628,0
2018-08-18 22:05,0.00560000,7409000,20.74,-41512,0
2018-08-18 22:06,0.00007438,7402000,0.27,-551,0
2018-08-18 22:06,0.03882562,7402000,143.69,-287531,0
2018-08-18 22:06,0.00008012,7401000,0.29,-594,0
2018-08-18 22:06,0.03491988,7401000,129.22,-258572,0
2018-08-18 22:07,0.02351481,7359000,86.52,-173132,0
2018-08-18 22:07,0.00002094,7363000,0.07,-155,0
2018-08-18 22:07,0.00167906,7363000,6.18,-12370,0
2018-08-18 22:07,0.00373641,7366000,13.76,-27537,0
2018-08-18 22:07,0.13640000,7366000,502.36,-1005225,0
2018-08-18 22:07,3.25500000,7367000,11989.79,-23991575,0
2018-08-18 22:11,0.28101124,7356000,1033.55,2066085,1
2018-08-18 22:11,0.00013607,7356000,0.50,1000,1
2018-08-18 22:11,0.09025200,7333000,330.90,661487,1
2018-08-18 22:12,1.00000000,7327000,3663.50,7323336,1
2018-08-18 22:12,0.00273112,7323000,9.99,19989,1
2018-08-18 22:12,0.00136556,7323000,4.99,9994,1
2018-08-18 22:12,0.01000000,7323000,36.61,73193,1
2018-08-18 22:12,0.07160000,7323000,262.16,524064,1
2018-08-18 22:12,0.07369203,7323000,269.82,539376,1
2018-08-18 22:12,0.85944765,7323000,3146.86,6290588,1
2018-08-18 22:12,0.09445000,7323000,345.82,691311,1
2018-08-18 22:12,0.73076787,7323000,2675.70,5348737,1
2018-08-18 22:12,0.08856730,7326000,324.42,-649169,0
2018-08-18 22:12,0.87763270,7326000,3214.76,-6432752,0
2018-08-18 22:12,1.67318546,7330000,6132.22,-12270582,0
2018-08-18 22:12,0.57611454,7330000,2111.45,-4225031,0
2018-08-18 22:13,0.25953953,7336000,951.99,1903030,1
2018-08-18 22:13,3.01378918,7337000,11056.08,22101115,1
2018-08-18 22:13,0.13993870,7337000,513.36,1026216,1
2018-08-18 22:15,0.00031458,7319000,1.15,2301,1
2018-08-18 22:15,0.07025285,7319000,257.09,513923,1
2018-08-18 22:15,0.01623257,7319000,59.40,118746,1
2018-08-18 22:16,0.00004033,7338000,0.14,-296,0
2018-08-18 22:16,0.04510873,7338000,165.50,-331174,0
2018-08-18 22:16,0.05064453,7340000,185.86,-371917,0
2018-08-18 22:16,0.00013638,7340000,0.50,-1002,0
2018-08-18 22:16,0.12056883,7340000,442.48,-885418,0
2018-08-18 22:17,0.56117673,7339000,2059.23,-4120536,0
2018-08-18 22:17,1.28855902,7341000,4729.65,-9464042,0
2018-08-18 22:17,0.25975069,7341000,953.41,-1907784,0
2018-08-18 22:17,0.00209029,7341000,7.67,-15353,0
2018-08-18 22:19,0.28923791,7334000,1060.63,-2122332,0
2018-08-18 22:24,0.10173545,7324000,372.55,744737,1
2018-08-18 22:24,0.01637630,7324000,59.97,119880,1
2018-08-18 22:25,0.78179363,7316000,2859.80,-5722462,0
2018-08-18 22:25,0.02710637,7317000,99.16,-198437,0
2018-08-18 22:47,2.06795127,7310000,7558.36,15109165,1
2018-08-18 22:47,0.01000000,7310000,36.55,73063,1
2018-08-18 22:47,0.13446282,7310000,491.46,982431,1
2018-08-18 22:47,0.02051983,7310000,74.99,149924,1
2018-08-18 22:47,0.00100000,7310000,3.65,7306,1
2018-08-18 22:47,0.01000000,7310000,36.55,73063,1
2018-08-18 22:47,0.14951590,7310000,546.48,1092414,1
2018-08-18 22:47,0.01000000,7310000,36.55,73063,1
2018-08-18 22:47,0.20000000,7310000,731.00,1461269,1
2018-08-18 22:47,0.10000000,7310000,365.50,730634,1
2018-08-18 22:47,0.00100000,7310000,3.65,7306,1
2018-08-18 22:47,0.00013693,7310000,0.50,1000,1
2018-08-18 22:47,0.01000000,7310000,36.55,73063,1
2018-08-18 22:47,0.00136798,7310000,4.99,9994,1
2018-08-18 22:47,0.04157086,7310000,151.94,303731,1
2018-08-18 22:47,0.00013693,7310000,0.50,1000,1
2018-08-18 22:47,0.00013693,7310000,0.50,1000,1
2018-08-18 22:47,0.00041039,7310000,1.49,2998,1
2018-08-18 22:47,0.00020000,7310000,0.73,1461,1
2018-08-18 22:47,0.00700000,7310000,25.58,51144,1
2018-08-18 22:47,0.03296340,7310000,120.48,240841,1
2018-08-18 22:47,0.04101916,7310000,149.92,299700,1
2018-08-18 22:47,0.00015000,7310000,0.54,1095,1
2018-08-18 22:47,0.00041039,7310000,1.49,2998,1
2018-08-18 22:47,0.00465307,7310000,17.00,33996,1
2018-08-18 22:47,0.25062475,7310000,916.03,1831150,1
2018-08-18 22:47,0.21280000,7305000,777.25,1553726,1
2018-08-18 22:50,1.54160000,7295000,5622.98,-11251595,0
2018-08-18 22:52,0.01730000,7307000,63.20,-126475,0
2018-08-18 22:53,0.08870000,7310000,324.19,-648722,0
2018-08-18 22:54,0.01109369,7322000,40.61,-81269,0
2018-08-18 22:54,0.02140631,7322000,78.36,-156816,0
2018-08-18 22:58,0.35977919,7322000,1317.15,2632986,1
2018-08-18 22:59,0.12348430,7325000,452.26,904070,1
2018-08-18 23:06,0.14634561,7347000,537.60,1074663,1
2018-08-18 23:06,1.00000000,7347000,3673.50,7343326,1
2018-08-18 23:06,0.05055439,7347000,185.71,371237,1
2018-08-18 23:07,0.00005118,7341000,0.18,-376,0
2018-08-18 23:41,0.00006080,7334000,0.22,-447,0
2018-08-19 00:04,0.00470000,7295000,17.14,-34304,0
2018-08-19 00:04,2.13730317,7291000,7791.53,-15590869,0
2018-08-19 00:04,0.00824375,7291000,30.05,-60136,0
2018-08-19 00:04,1.34960000,7291000,4919.96,-9844854,0
2018-08-19 00:07,0.05640768,7309000,206.14,412077,1
2018-08-19 00:07,0.00169035,7309000,6.17,12348,1
2018-08-19 00:07,1.06729899,7309000,3900.44,7796987,1
2018-08-19 00:07,0.02328973,7309000,85.11,170139,1
2018-08-19 00:09,0.73496427,7305000,2684.45,-5371599,0
2018-08-19 00:09,0.00187900,7305000,6.86,-13733,0
2018-08-19 00:09,0.02962062,7305000,108.18,-216487,0
2018-08-19 00:18,0.03690207,7325000,135.15,270172,1
2018-08-19 00:29,0.54354368,7327000,1991.27,3980553,1
2018-08-19 00:31,0.00051984,7335000,1.90,3811,1
2018-08-19 00:31,0.20000000,7335000,733.50,1466266,1
2018-08-19 00:32,0.00585269,7332000,21.45,42890,1
2018-08-19 00:32,0.03310260,7332000,121.35,242586,1
2018-08-19 00:48,0.32102841,7343000,1178.65,2356132,1
2018-08-19 00:48,0.00500000,7343000,18.35,36696,1
2018-08-19 00:59,0.03807102,7351000,139.93,279720,1
2018-08-19 00:59,1.26542931,7351000,4651.08,9297519,1
2018-08-19 00:59,0.43045681,7351000,1582.14,3162705,1
2018-08-19 01:05,0.00169400,7345000,6.22,12436,1
2018-08-19 01:05,0.00958067,7345000,35.18,70334,1
2018-08-19 01:09,0.04000000,7334000,146.68,-293507,0
2018-08-19 01:09,0.34180000,7336000,1253.72,-2508699,0
2018-08-19 01:11,0.07050245,7349000,259.06,517863,1
2018-08-19 01:14,0.00580000,7341000,21.28,-42599,0
2018-08-19 01:15,2.95640000,7340000,10849.98,-21710826,0
2018-08-19 01:27,0.02560000,7326000,93.77,187451,1
2018-08-19 01:27,0.05052654,7322000,184.97,369770,1
2018-08-19 01:27,0.00819448,7322000,29.99,59969,1
2018-08-19 01:27,0.00125613,7322000,4.59,9192,1
2018-08-19 01:28,0.00341681,7331000,12.52,25036,1
2018-08-19 01:32,0.11078396,7346000,406.90,813412,1
2018-08-19 01:32,0.00044517,7346000,1.63,3268,1
2018-08-19 01:37,0.05790000,7348000,212.72,425236,1
2018-08-19 01:45,0.30607721,7345000,1124.06,2247013,1
2018-08-19 01:45,0.09807853,7345000,360.19,720026,1
2018-08-19 01:45,0.01361470,7345000,49.99,99949,1
2018-08-19 01:45,0.20000000,7345000,734.50,1468265,1
2018-08-19 01:45,0.03835524,7345000,140.85,281578,1
2018-08-19 01:58,0.02223022,7356000,81.76,163443,1
2018-08-19 02:20,0.07752674,7337000,284.40,568529,1
2018-08-19 02:32,0.01335931,7351000,49.10,98155,1
2018-08-19 02:32,0.10178788,7351000,374.12,747868,1
2018-08-19 02:32,0.05720853,7351000,210.26,420329,1
2018-08-19 02:36,0.02410000,7335000,88.38,-176862,0
2018-08-19 02:40,0.16187119,7343000,594.31,1188025,1
2018-08-19 02:40,0.01364461,7343000,50.09,100142,1
2018-08-19 02:55,0.00685834,7349000,25.20,50376,1
2018-08-19 02:55,0.01964969,7349000,72.20,144333,1
2018-08-19 02:55,0.50000000,7349000,1837.25,3672662,1
2018-08-19 03:02,0.03132004,7353000,115.14,230181,1
2018-08-19 03:09,0.00674560,7356000,24.81,49595,1
2018-08-19 03:14,0.03575396,7352000,131.43,262731,1
2018-08-19 03:14,0.08156966,7352000,299.85,599400,1
2018-08-19 03:14,0.20610519,7352000,757.64,1514527,1
2018-08-19 03:14,0.88523100,7349000,3252.78,6502309,1
2018-08-19 03:14,0.12434540,7349000,456.90,913357,1
2018-08-19 03:15,0.00013680,7346000,0.50,1004,1
2018-08-19 03:15,0.26450000,7346000,971.50,1942045,1
2018-08-19 04:15,0.06479004,7353000,238.20,-476640,0
2018-08-19 04:15,0.00320996,7353000,11.80,-23615,0
2018-08-19 04:52,0.02197200,7367000,80.93,161786,1
2018-08-19 04:53,0.00680000,7357000,25.01,-50053,0
2018-08-19 05:08,0.78580000,7348000,2887.02,-5776946,0
2018-08-19 05:08,0.16056353,7345000,589.66,-1179929,0
2018-08-19 05:09,0.01520000,7347000,55.83,-111731,0
2018-08-19 05:09,0.00004617,7350000,0.16,-340,0
2018-08-19 05:10,0.34695151,7345000,1274.17,-2549633,0
2018-08-19 05:10,0.91290000,7344000,3352.16,-6707690,0
2018-08-19 05:18,0.01362100,7348000,50.04,-100138,0
2018-08-19 05:36,0.25444423,7331000,932.66,-1866264,0
2018-08-19 05:39,0.05298613,7348000,194.67,389147,1
2018-08-19 05:40,0.01106947,7339000,40.61,-81280,0
2018-08-19 05:53,0.00331959,7354000,12.20,24400,1
2018-08-19 05:55,0.01725624,7356000,63.46,126873,1
2018-08-19 05:56,0.01629139,7343000,59.81,-119688,0
2018-08-19 06:02,0.48456399,7356000,1782.22,3562670,1
2018-08-19 06:02,0.02642466,7356000,97.18,194282,1
2018-08-19 06:24,0.03325378,7350000,122.20,-244538,0
2018-08-19 06:39,0.01951536,7381000,72.02,143970,1
2018-08-19 06:39,1.38000000,7381000,5092.89,10180687,1
2018-08-19 06:39,0.50000000,7381000,1845.25,3688654,1
2018-08-19 06:39,0.11890000,7384000,438.97,877518,1
2018-08-19 07:11,0.02000000,7401000,74.01,-148094,0
2018-08-19 07:21,0.02000000,7419000,74.19,148305,1
2018-08-19 09:02,0.00560000,7376000,20.65,-41327,0
2018-08-19 09:09,0.22164860,7366000,816.33,-1633480,0
2018-08-19 09:09,0.07140000,7366000,262.96,-526196,0
2018-08-19 09:09,0.01781371,7377000,65.70,131346,1
2018-08-19 09:13,0.28090000,7385000,1037.22,2073409,1
2018-08-19 09:24,0.30337611,7353000,1115.36,-2231840,0
2018-08-19 09:45,0.12360000,7359000,454.78,-910028,0
2018-08-19 10:20,0.04843667,7380000,178.73,-357642,0
2018-08-19 10:20,0.67527011,7380000,2491.74,-4985986,0
2018-08-19 10:20,0.74852535,7380000,2762.05,-5526880,0
2018-08-19 10:20,0.00143640,7380000,5.30,-10606,0
2018-08-19 10:20,0.08003147,7380000,295.31,-590928,0
2018-08-19 10:27,1.98060000,7381000,7309.40,14611499,1
2018-08-19 11:49,0.00005845,7333000,0.21,-429,0
2018-08-19 11:49,0.00974155,7333000,35.71,-71471,0
2018-08-19 11:49,0.00008607,7333000,0.31,-632,0
2018-08-19 11:50,0.00990000,7349000,36.37,72718,1
2018-08-19 12:32,1.99506686,7335000,7316.90,-14641133,0
2018-08-19 12:32,0.01561478,7335000,57.26,-114592,0
2018-08-19 12:32,0.01748522,7335000,64.12,-128319,0
2018-08-19 12:40,0.07610000,7318000,278.44,-557179,0
2018-08-19 12:40,0.52670000,7317000,1926.93,-3855791,0
2018-08-19 12:40,0.01147440,7317000,41.97,-84001,0
2018-08-19 12:40,0.02653569,7317000,97.08,-194259,0
2018-08-19 13:53,0.34281549,7350000,1259.84,2518434,1
2018-08-19 13:53,0.00396788,7350000,14.58,29149,1
2018-08-19 13:53,0.00095172,7350000,3.49,6991,1
2018-08-19 13:53,0.60895141,7353000,2238.80,4475380,1
2018-08-19 14:16,0.57556968,7350000,2115.21,4228321,1
2018-08-19 14:42,0.03576700,7381000,131.99,263864,1
2018-08-19 14:42,0.00674414,7381000,24.88,49753,1
2018-08-19 14:42,0.50278098,7383000,1856.01,3710175,1
2018-08-19 14:45,0.07956076,7380000,293.57,586864,1
2018-08-19 14:45,0.00013678,7380000,0.50,1008,1
2018-08-19 14:46,0.12497265,7377000,460.96,921462,1
2018-08-19 14:47,0.19060851,7374000,702.77,1404844,1
2018-08-19 15:08,0.00928494,7373000,34.22,68423,1
2018-08-19 15:10,0.00462168,7373000,17.03,34058,1
2018-08-19 15:31,0.00013665,7387000,0.50,1008,1
2018-08-19 16:05,0.00008145,7357000,0.29,-600,0
2018-08-19 16:13,0.00007194,7360000,0.26,-530,0
2018-08-19 16:14,0.00361400,7377000,13.33,26647,1
2018-08-19 16:34,0.00000670,7357000,0.02,-50,0
2018-08-19 16:34,0.03979330,7357000,146.37,-292906,0
2018-08-19 16:37,0.00008479,7349000,0.31,-624,0
2018-08-19 16:38,0.00006467,7347000,0.23,-476,0
2018-08-19 16:38,0.41883533,7347000,1538.59,-3078722,0
2018-08-19 16:38,0.26420000,7347000,970.53,-1942048,0
2018-08-19 16:40,0.15776760,7349000,579.71,-1160014,0
2018-08-19 16:40,0.00663240,7349000,24.37,-48766,0
2018-08-19 17:05,0.00240000,7353000,8.82,-17656,0
2018-08-19 17:10,0.15534094,7365000,572.04,1143513,1
2018-08-19 17:30,0.26359519,7355000,969.37,1937773,1
2018-08-19 17:44,0.20000000,7356000,735.60,1470464,1
2018-08-19 17:44,0.07240770,7356000,266.31,532364,1
2018-08-19 17:44,0.03342042,7356000,122.92,245717,1
2018-08-19 17:44,0.02018704,7356000,74.24,148421,1
2018-08-19 17:44,0.01604900,7356000,59.02,117997,1
2018-08-19 17:44,0.20000000,7357000,735.70,1470664,1
2018-08-19 17:44,0.02717510,7356000,99.95,199800,1
2018-08-19 17:44,0.01100000,7356000,40.45,80875,1
2018-08-19 17:44,0.01200000,7356000,44.13,88227,1
2018-08-19 17:51,0.00582362,7356000,21.41,42817,1
2018-08-19 17:51,0.05147638,7356000,189.33,378470,1
2018-08-19 18:12,3.50000000,7370000,12897.50,-25807898,0
2018-08-19 18:25,0.11719533,7384000,432.68,864937,1
2018-08-19 18:25,0.21657643,7384000,799.60,1598400,1
2018-08-19 18:25,0.16053592,7384000,592.69,1184804,1
2018-08-19 18:26,0.00013684,7377000,0.50,1008,1
2018-08-19 18:26,0.00670634,7377000,24.73,49447,1
2018-08-19 18:26,0.18594210,7382000,686.31,1371938,1
2018-08-19 18:31,0.08165548,7383000,301.43,602560,1
2018-08-19 18:31,0.04061358,7383000,149.92,299700,1
2018-08-19 18:31,0.06671742,7383000,246.28,492328,1
2018-08-19 18:31,0.44174637,7381000,1630.26,3258899,1
2018-08-19 18:32,0.05163554,7381000,190.56,380931,1
2018-08-19 18:32,0.15924481,7380000,587.61,1174639,1
2018-08-19 18:32,0.01354336,7380000,49.97,99900,1
2018-08-19 19:33,0.58991296,7367000,2172.94,4343715,1
2018-08-19 19:33,0.00072598,7367000,2.67,5345,1
2018-08-19 19:44,0.00307219,7369000,11.31,22627,1
2018-08-19 20:05,0.09132871,7394000,337.64,674946,1
2018-08-19 20:05,0.00400425,7394000,14.80,29592,1
2018-08-19 20:08,0.00500000,7401000,18.50,-37024,0
2018-08-19 20:09,0.09826966,7413000,364.23,728108,1
2018-08-19 20:09,0.98960326,7413000,3667.96,7332261,1
2018-08-19 20:37,0.00300000,7413000,11.11,22227,1
2018-08-19 20:48,0.18280000,7440000,680.01,1359351,1
2018-08-19 20:52,1.49191191,7422000,5536.48,-11078507,0
2018-08-19 20:52,0.20000000,7422000,742.20,-1485143,0
2018-08-19 21:06,0.05318504,7416000,197.21,394223,1
2018-08-19 21:39,0.00000090,7386000,0,-7,0
2018-08-19 21:51,0.02604395,7395000,96.29,-192692,0
2018-08-19 21:51,0.09995605,7395000,369.58,-739545,0
2018-08-19 22:17,0.67426267,7391000,2491.73,-4985968,0
2018-08-19 22:17,0.11000000,7391000,406.50,-813417,0
2018-08-19 22:17,0.19993733,7391000,738.86,-1478476,0
2018-08-19 22:39,0.44810380,7412000,1660.67,3319684,1
2018-08-19 22:39,0.03464995,7412000,128.41,256697,1
2018-08-19 22:39,0.04337089,7409000,160.66,321174,1
2018-08-19 22:39,0.01000000,7409000,37.04,74052,1
2018-08-19 22:39,0.09121434,7409000,337.90,675469,1
2018-08-19 22:41,0.00893257,7425000,33.16,66291,1
2018-08-19 22:41,0.00578695,7425000,21.48,42946,1
2018-08-19 22:41,0.10397666,7425000,386.01,771640,1
2018-08-19 22:45,0.01611790,7421000,59.80,119551,1
2018-08-19 22:46,0.27639035,7422000,1025.68,2050343,1
2018-08-19 22:46,0.10648354,7422000,395.16,789925,1
2018-08-19 22:46,0.02950904,7420000,109.47,218847,1
2018-08-19 22:46,0.04887515,7420000,181.32,362472,1
2018-08-19 22:46,0.04484264,7420000,166.36,332566,1
2018-08-19 22:46,0.09108760,7420000,337.93,675532,1
2018-08-19 22:46,0.15147852,7420000,561.98,1123408,1
2018-08-19 22:46,0.21596977,7420000,801.24,1601694,1
2018-08-19 22:52,0.02460000,7412000,91.16,-182427,0
2018-08-19 22:58,1.04680000,7433000,3890.43,7776973,1
2018-08-19 23:37,0.09474304,7402000,350.64,-701639,0
2018-08-19 23:37,0.00805696,7402000,29.81,-59668,0
2018-08-19 23:43,0.07873681,7422000,292.19,584092,1
2018-08-19 23:43,0.02406319,7422000,89.29,178507,1
2018-08-20 00:09,0.03450000,7362000,126.99,-254116,0
2018-08-20 00:11,0.16595432,7354000,610.21,-1221039,0
2018-08-20 00:11,0.16736239,7354000,615.39,-1231399,0
2018-08-20 00:11,0.00493761,7354000,18.15,-36330,0
2018-08-20 00:17,0.15980531,7365000,588.48,-1177555,0
2018-08-20 00:17,0.20663680,7365000,760.94,-1522641,0
2018-08-20 00:17,0.02705789,7365000,99.64,-199381,0
2018-08-20 00:17,0.09710000,7365000,357.57,-715499,0
2018-08-20 00:17,0.44400000,7365000,1635.03,-3271695,0
2018-08-20 00:22,0.37290000,7353000,1370.96,-2743305,0
2018-08-20 00:24,1.81980000,7350000,6687.76,-13382218,0
2018-08-20 00:43,0.07593635,7362000,279.52,558763,1
2018-08-20 02:01,0.06275930,7353000,230.73,461238,1
2018-08-20 02:13,0.03501058,7356000,128.76,257409,1
2018-08-20 02:13,0.71378472,7358000,2626.01,5249401,1
2018-08-20 02:14,0.00899824,7358000,33.10,66175,1
2018-08-20 02:17,0.01874437,7355000,68.93,137795,1
2018-08-20 02:17,0.27360000,7355000,1006.16,2011321,1
2018-08-20 02:23,0.02418082,7355000,88.92,177761,1
2018-08-20 02:44,0.00000311,7324000,0.01,-23,0
2018-08-20 02:44,0.20000000,7325000,732.50,-1465733,0
2018-08-20 02:44,0.20000000,7324000,732.40,-1465533,0
2018-08-20 03:29,0.09598411,7345000,352.50,704650,1
2018-08-20 03:52,0.00424473,7342000,15.58,31149,1
2018-08-20 04:32,0.04678414,7354000,172.02,343878,1
2018-08-20 04:37,1.24971370,7347000,4590.82,9177055,1
2018-08-20 04:45,0.17993358,7332000,659.63,-1319933,0
2018-08-20 05:12,1.37686968,7340000,5053.11,-10111277,0
2018-08-20 05:12,0.09993032,7340000,366.74,-733856,0
2018-08-20 05:19,0.06191012,7356000,227.70,455183,1
2018-08-20 05:20,0.00014000,7355000,0.51,1029,1
2018-08-20 05:20,0.24340873,7355000,895.13,1789376,1
2018-08-20 05:20,0.03433249,7357000,126.29,252457,1
2018-08-20 05:20,0.00014000,7357000,0.51,1029,1
2018-08-20 05:20,0.25225012,7357000,927.90,1854876,1
2018-08-20 05:20,0.24660191,7357000,907.12,1813343,1
2018-08-20 05:21,0.17578124,7357000,646.61,1292575,1
2018-08-20 05:21,0.00014000,7357000,0.51,1029,1
2018-08-20 05:21,0.15034177,7360000,553.25,1105962,1
2018-08-20 05:21,0.00014000,7360000,0.51,1029,1
2018-08-20 05:21,0.04059195,7356000,149.29,298445,1
2018-08-20 05:21,0.23208898,7356000,853.62,1706392,1
2018-08-20 05:21,0.06757959,7356000,248.55,496866,1
2018-08-20 05:22,0.21663962,7356000,796.80,1592804,1
2018-08-20 05:22,0.19971112,7359000,734.83,1468939,1
2018-08-20 05:22,0.00014000,7359000,0.51,1029,1
2018-08-20 05:22,0.02565353,7358000,94.37,188664,1
2018-08-20 05:22,0.19090756,7358000,702.34,1403995,1
2018-08-20 05:22,0.14434326,7358000,531.03,1061546,1
2018-08-20 05:23,0.14938492,7359000,549.66,1098773,1
2018-08-20 05:23,0.00014000,7359000,0.51,1029,1
2018-08-20 05:23,0.12522285,7359000,460.75,921054,1
2018-08-20 05:23,0.17427659,7359000,641.25,1281860,1
2018-08-20 05:23,0.00014000,7359000,0.51,1029,1
2018-08-20 05:23,0.00014000,7359000,0.51,1029,1
2018-08-20 05:23,0.09163883,7360000,337.23,674124,1
2018-08-20 05:23,0.00014000,7360000,0.51,1029,1
2018-08-20 05:24,0.08189543,7362000,301.45,602612,1
2018-08-20 05:25,0.00008565,7364000,0.31,630,1
2018-08-20 05:26,0.04110000,7363000,151.30,302467,1
2018-08-20 05:32,0.01360000,7351000,49.98,-100024,0
2018-08-20 05:32,0.01360000,7363000,50.06,100086,1
2018-08-20 05:52,1.15830000,7409000,4290.92,-8586136,0
2018-08-20 05:52,0.01000000,7427000,37.13,74232,1
2018-08-20 05:53,0.02101726,7427000,78.04,156017,1
2018-08-20 05:53,2.37270000,7441000,8827.63,-17664089,0
2018-08-20 05:54,0.20979076,7441000,780.52,1560272,1
2018-08-20 05:54,0.03877500,7441000,144.26,288380,1
2018-08-20 05:54,0.13818555,7434000,513.63,1026757,1
2018-08-20 05:54,0.00372840,7434000,13.85,27703,1
2018-08-20 05:54,0.35600000,7434000,1323.25,2645180,1
2018-08-20 05:54,0.62000000,7434000,2304.54,4606775,1
2018-08-20 05:54,0.14920100,7434000,554.58,1108605,1
2018-08-20 05:54,0.04400096,7434000,163.55,326939,1
2018-08-20 05:54,0.30000000,7434000,1115.10,2229084,1
2018-08-20 05:54,0.02900000,7434000,107.79,215478,1
2018-08-20 05:54,0.03456528,7442000,128.61,257106,1
2018-08-20 05:54,0.03190000,7442000,118.69,237281,1
2018-08-20 05:54,0.06530000,7442000,242.98,485719,1
2018-08-20 05:54,0.20000000,7437000,743.70,1486656,1
2018-08-20 05:54,0.26000000,7437000,966.81,1932653,1
2018-08-20 05:54,0.72000000,7437000,2677.32,5351962,1
2018-08-20 05:54,0.17440000,7437000,648.50,1296364,1
2018-08-20 05:54,0.12510000,7437000,465.18,929903,1
2018-08-20 05:55,0.00005500,7461000,0.20,-411,0
2018-08-20 05:55,0.00363400,7461000,13.55,-27127,0
2018-08-20 05:55,0.00805323,7461000,30.04,-60116,0
2018-08-20 05:55,0.00215777,7461000,8.04,-16108,0
2018-08-20 05:55,0.00220000,7468000,8.21,-16438,0
2018-08-20 05:55,0.01010000,7468000,37.71,-75465,0
2018-08-20 05:56,0.00448134,7464000,16.72,33431,1
2018-08-20 05:58,0.02180000,7479000,81.52,162960,1
2018-08-20 06:04,0.30260943,7473000,1130.70,-2262531,0
2018-08-20 06:04,0.08519057,7473000,318.31,-636948,0
2018-08-20 06:14,1.50942745,7456000,5627.14,-11259919,0
2018-08-20 06:14,0.00197255,7456000,7.35,-14715,0
2018-08-20 06:15,0.00000665,7453000,0.02,-50,0
2018-08-20 06:15,0.06173875,7453000,230.06,-460369,0
2018-08-20 06:19,0.16875001,7468000,630.11,-1260856,0
2018-08-20 06:24,0.54185822,7488000,2028.71,4055405,1
2018-08-20 06:24,0.02215729,7494000,83.02,165963,1
2018-08-20 06:24,1.56560000,7493000,5865.52,11725175,1
2018-08-20 06:34,0.03150681,7456000,117.45,-235033,0
2018-08-20 06:34,0.19416476,7456000,723.84,-1448417,0
2018-08-20 06:35,0.07017506,7473000,262.20,524156,1
2018-08-20 06:37,0.37610000,7455000,1401.91,-2805228,0
2018-08-20 06:42,0.26581866,7458000,991.23,-1983467,0
2018-08-20 06:42,0.43338134,7458000,1616.07,-3233775,0
2018-08-20 06:45,0.00095358,7472000,3.56,7121,1
2018-08-20 06:45,0.04799988,7472000,179.32,358475,1
2018-08-20 06:46,0.42461278,7472000,1586.35,3171120,1
2018-08-20 06:46,0.00839574,7472000,31.36,62701,1
2018-08-20 07:04,0.00400000,7453000,14.90,29797,1
2018-08-20 07:04,0.00400000,7453000,14.90,29797,1
2018-08-20 07:06,2.72406349,7442000,10136.24,-20282617,0
2018-08-20 07:11,0.00400000,7449000,14.89,29781,1
2018-08-20 07:11,0.00400000,7449000,14.89,29781,1
2018-08-20 07:11,0.00400000,7449000,14.89,29781,1
2018-08-20 07:11,0.00400000,7449000,14.89,29781,1
2018-08-20 07:11,0.00400000,7449000,14.89,29781,1
2018-08-20 07:11,0.00400000,7449000,14.89,29781,1
2018-08-20 07:25,0.47023846,7465000,1755.16,3508574,1
2018-08-20 07:25,0.00014000,7465000,0.52,1044,1
2018-08-20 07:25,0.07014014,7465000,261.79,523334,1
2018-08-20 07:25,1.49532165,7465000,5581.28,11156994,1
2018-08-20 07:33,0.01020000,7444000,37.96,-75967,0
2018-08-20 07:35,0.09727839,7448000,362.26,-724892,0
2018-08-20 07:35,0.15343747,7448000,571.40,-1143374,0
2018-08-20 07:35,0.07328414,7448000,272.91,-546094,0
2018-08-20 07:38,0.00097500,7460000,3.63,7269,1
2018-08-20 07:38,0.01494058,7460000,55.72,111400,1
2018-08-20 07:40,0.01000000,7458000,37.29,74542,1
2018-08-20 07:40,0.21346834,7462000,796.45,1592104,1
2018-08-20 07:41,0.23964665,7461000,894.00,1787109,1
2018-08-20 07:41,0.24171899,7461000,901.73,1802563,1
2018-08-20 07:51,0.48743258,7458000,1817.63,3633454,1
2018-08-20 07:51,0.04020381,7458000,149.92,299690,1
2018-08-20 07:52,0.13378647,7460000,499.02,997548,1
2018-08-20 07:52,0.02807314,7460000,104.71,209320,1
2018-08-20 07:53,0.32900000,7469000,1228.65,2456072,1
2018-08-20 09:00,0.02680000,7419000,99.41,-198929,0
2018-08-20 09:00,0.02680000,7431000,99.57,199051,1
2018-08-20 09:26,1.18580000,7447000,4415.32,-8835068,0
2018-08-20 09:27,0.22508177,7457000,839.21,1677595,1
2018-08-20 09:27,0.16634325,7457000,620.21,1239801,1
2018-08-20 09:36,0.04939496,7461000,184.26,368351,1
2018-08-20 09:39,0.12509978,7460000,466.62,932777,1
2018-08-20 09:39,0.14653035,7460000,546.55,1092569,1
2018-08-20 09:39,0.00535938,7460000,19.99,39960,1
2018-08-20 09:39,0.46801027,7460000,1745.67,3489610,1
2018-08-20 09:57,3.50000000,7445000,13028.75,-26070529,0
2018-08-20 09:58,0.00193438,7457000,7.21,14417,1
2018-08-20 10:00,0.00070506,7453000,2.62,5252,1
2018-08-20 10:04,0.06478586,7457000,241.55,482866,1
2018-08-20 10:04,0.02611058,7457000,97.35,194609,1
2018-08-20 10:07,0.40226733,7454000,1499.25,2997001,1
2018-08-20 10:08,0.10998983,7454000,409.93,819454,1
2018-08-20 10:08,0.02500000,7454000,93.17,186256,1
2018-08-20 10:10,0.33546675,7454000,1250.28,2499318,1
2018-08-20 10:46,2.53380000,7460000,9451.07,18892696,1
2018-08-20 12:22,0.04770000,7435000,177.32,-354827,0
2018-08-20 12:22,0.00680000,7434000,25.27,-50577,0
2018-08-20 12:31,0.39820000,7412000,1475.72,-2952935,0
2018-08-20 12:37,0.17602402,7431000,654.01,1307380,1
2018-08-20 12:37,0.02770432,7431000,102.93,205767,1
2018-08-20 12:37,0.04037141,7431000,149.99,299849,1
2018-08-20 12:37,0.03536961,7431000,131.41,262700,1
2018-08-20 12:38,0.00979873,7430000,36.40,72768,1
2018-08-20 12:42,0.00046442,7439000,1.72,3453,1
2018-08-20 12:42,0.16290000,7450000,606.80,1212998,1
2018-08-20 13:06,0.01840000,7440000,68.44,-136965,0
2018-08-20 13:08,0.18300000,7436000,680.39,-1361469,0
2018-08-20 13:08,1.60630000,7436000,5972.22,-11950419,0
2018-08-20 13:13,0.10365346,7441000,385.64,-771671,0
2018-08-20 13:13,0.04000000,7441000,148.82,-297789,0
2018-08-20 13:14,1.54860000,7440000,5760.79,-11527345,0
2018-08-20 13:17,0.24557792,7450000,914.77,1828640,1
2018-08-20 13:23,0.00913332,7447000,34.00,67981,1
2018-08-20 13:23,0.03585369,7447000,133.50,266868,1
2018-08-20 13:25,0.19030716,7450000,708.89,1417079,1
2018-08-20 13:26,0.08502719,7450000,316.72,633135,1
2018-08-20 13:27,0.05957029,7450000,221.89,443576,1
2018-08-20 13:28,0.30761524,7448000,1145.55,2289972,1
2018-08-20 13:33,0.00071871,7429000,2.66,5336,1
2018-08-20 13:33,0.00795450,7429000,29.54,59064,1
2018-08-20 13:33,0.01400000,7429000,52.00,103953,1
2018-08-20 14:32,0.01271207,7404000,47.06,94073,1
2018-08-20 14:35,1.18434239,7405000,4385.02,8765670,1
2018-08-20 14:44,0.04250792,7410000,157.49,314826,1
2018-08-20 14:44,0.17127969,7410000,634.59,1268547,1
2018-08-20 16:01,0.00003404,7405000,0.12,251,1
2018-08-20 16:01,0.01886428,7405000,69.84,139620,1
2018-08-20 16:01,0.50124917,7405000,1855.87,3709894,1
2018-08-20 16:12,0.10000000,7401000,370.05,739729,1
2018-08-20 16:12,0.00020000,7401000,0.74,1479,1
2018-08-20 16:12,0.00014000,7401000,0.51,1035,1
2018-08-20 16:25,2.79641866,7387000,10328.57,-20667474,0
2018-08-20 16:25,0.00360000,7387000,13.29,-26607,0
2018-08-20 16:40,0.96405774,7410000,3571.83,7140096,1
2018-08-20 16:41,0.01142031,7407000,42.29,84547,1
2018-08-20 16:54,0.14332803,7411000,531.10,1061672,1
2018-08-20 16:59,0.02251367,7418000,83.50,166922,1
2018-08-20 17:00,0.02826139,7416000,104.79,209481,1
2018-08-20 17:20,0.00032172,7421000,1.19,2386,1
2018-08-20 17:23,0.16723396,7416000,620.10,1239586,1
2018-08-20 17:40,1.52420000,7386000,5628.87,-11263370,0
2018-08-20 17:40,0.06931413,7386000,255.97,-512211,0
2018-08-20 17:41,0.24659071,7424000,915.34,1829774,1
2018-08-20 17:44,0.41422827,7400000,1532.64,3063756,1
2018-08-20 17:44,0.20000000,7400000,740.00,1479260,1
2018-08-20 17:44,0.10193931,7400000,377.17,753973,1
2018-08-20 17:44,0.07408114,7400000,274.10,547926,1
2018-08-20 17:44,0.41422235,7412000,1535.10,3068680,1
2018-08-20 17:44,0.03040032,7399000,112.46,224819,1
2018-08-20 17:44,0.14143106,7399000,523.22,1045925,1
2018-08-20 17:44,0.09050000,7399000,334.80,669274,1
2018-08-20 17:44,0.30800000,7399000,1139.44,2277752,1
2018-08-20 17:44,0.20000000,7399000,739.90,1479060,1
2018-08-20 17:44,0.00794008,7399000,29.37,58719,1
2018-08-20 17:44,0.60000000,7399000,2219.70,4437180,1
2018-08-20 17:44,0.09021965,7399000,333.76,667201,1
2018-08-20 17:44,0.15100000,7399000,558.62,1116690,1
2018-08-20 17:45,0.00095013,7394000,3.51,-7029,0
2018-08-20 17:45,0.00807098,7409000,29.89,59767,1
2018-08-20 17:46,0.23220000,7396000,858.67,-1718210,0
2018-08-20 17:46,0.14161098,7414000,524.95,1049378,1
2018-08-20 17:46,0.50540000,7397000,1869.22,-3740313,0
2018-08-20 17:46,0.13550000,7399000,501.28,-1003066,0
2018-08-20 17:46,0.00800000,7397000,29.58,-59206,0
2018-08-20 17:46,0.01210000,7395000,44.73,-89525,0
2018-08-20 17:47,1.24320000,7417000,4610.40,9216203,1
2018-08-20 17:48,0.98350000,7399000,3638.45,-7280555,0
2018-08-20 17:48,0.41792674,7399000,1546.11,-3093786,0
2018-08-20 17:48,1.40140000,7425000,5202.69,10400192,1
2018-08-20 17:49,3.50000000,7395000,12941.25,-25895442,0
2018-08-20 17:49,3.50000000,7425000,12993.75,25974506,1
2018-08-20 17:49,1.09139147,7387000,4031.05,-8066140,0
2018-08-20 17:49,0.10439252,7430000,387.81,775248,1
2018-08-20 17:49,2.51300000,7375000,9266.68,-18542642,0
2018-08-20 17:50,3.50000000,7433000,13007.75,26002492,1
2018-08-20 17:50,0.80942144,7381000,2987.16,-5977327,0
2018-08-20 17:50,0.07048216,7381000,260.11,-520489,0
2018-08-20 17:50,0.39793995,7381000,1468.59,-2938664,0
2018-08-20 17:50,0.97827875,7381000,3610.33,-7224286,0
2018-08-20 17:50,2.25620000,7432000,8384.03,16759694,1
2018-08-20 17:52,0.03820000,7402000,141.37,-282898,0
2018-08-20 17:54,0.03508703,7395000,129.73,259338,1
2018-08-20 17:54,0.00311297,7395000,11.51,23008,1
2018-08-20 17:57,0.36637228,7399000,1355.39,-2712144,0
2018-08-20 17:57,0.00068000,7399000,2.51,-5034,0
2018-08-20 18:03,0.00277946,7385000,10.26,-20537,0
2018-08-20 18:03,0.19992054,7385000,738.20,-1477152,0
2018-08-20 18:03,0.13176271,7384000,486.46,-973423,0
2018-08-20 18:03,0.04993729,7384000,184.36,-368922,0
2018-08-20 18:05,0.03420000,7370000,126.02,-252180,0
2018-08-20 18:05,0.07740693,7370000,285.24,-570775,0
2018-08-20 18:06,0.02233807,7367000,82.28,-164647,0
2018-08-20 18:06,0.01496193,7367000,55.11,-110280,0
2018-08-20 18:09,0.14020000,7368000,516.49,-1033510,0
2018-08-20 18:17,1.04050000,7366000,3832.16,7660490,1
2018-08-20 19:10,1.31815110,7370000,4857.38,-9719631,0
2018-08-20 19:10,0.79577291,7369000,2932.02,-5866983,0
2018-08-20 19:18,0.01426426,7373000,52.58,105117,1
2018-08-20 19:18,0.29446685,7373000,1085.55,2170018,1
2018-08-20 19:22,0.10347431,7370000,381.30,-762987,0
2018-08-20 19:22,0.01392569,7370000,51.31,-102684,0
2018-08-20 20:13,0.77816385,7407000,2881.92,5760977,1
2018-08-20 20:13,0.00402000,7407000,14.88,29761,1
2018-08-20 20:13,0.00402000,7407000,14.88,29761,1
2018-08-20 20:13,0.04904700,7407000,181.64,363109,1
2018-08-20 20:14,0.19939082,7404000,738.14,1475551,1
2018-08-20 20:33,0.02338249,7397000,86.48,-173047,0
2018-08-20 20:33,0.01580000,7400000,58.46,-116979,0
2018-08-20 20:33,0.04629535,7414000,171.61,343062,1
2018-08-20 20:36,0.01713705,7416000,63.54,127024,1
2018-08-20 20:36,0.20000000,7416000,741.60,1482458,1
2018-08-20 20:36,0.00824753,7416000,30.58,61133,1
2018-08-20 20:37,0.05284950,7416000,195.96,391735,1
2018-08-20 21:02,0.00099318,7443000,3.69,7388,1
2018-08-20 21:02,0.04365100,7443000,162.44,324731,1
2018-08-20 21:02,0.00668006,7443000,24.85,49694,1
2018-08-20 21:02,0.39951165,7443000,1486.78,2972078,1
2018-08-20 21:02,0.06910855,7443000,257.18,514117,1
2018-08-20 21:04,0.00929368,7448000,34.60,69184,1
2018-08-20 21:11,0.07340000,7454000,273.56,546850,1
2018-08-20 22:01,0.51864894,7435000,1928.07,-3858083,0
2018-08-20 22:01,3.48140000,7433000,12938.62,-25890185,0
2018-08-20 22:02,4.00000000,7442000,14884.00,29753116,1
2018-08-20 22:08,2.15565764,7405000,7981.32,-15970627,0
2018-08-20 22:08,0.41110410,7405000,1522.11,-3045748,0
2018-08-20 22:08,0.36621608,7405000,1355.91,-2713186,0
2018-08-20 22:08,0.00265043,7405000,9.81,-19637,0
2018-08-20 22:08,0.05749959,7405000,212.89,-425998,0
2018-08-20 22:08,0.00098111,7405000,3.63,-7269,0
2018-08-20 22:08,0.06718581,7405000,248.75,-497760,0
2018-08-20 22:11,0.07903012,7420000,293.20,586110,1
2018-08-20 22:11,0.07662381,7420000,284.27,568264,1
2018-08-20 22:14,0.13622918,7417000,505.20,1009906,1
2018-08-20 22:14,0.01500000,7417000,55.62,111199,1
2018-08-20 22:15,0.02148562,7424000,79.75,159429,1
2018-08-20 22:15,0.07802993,7424000,289.64,579004,1
2018-08-20 22:15,0.00067000,7424000,2.48,4971,1
2018-08-20 22:15,0.00067000,7424000,2.48,4971,1
2018-08-20 22:15,0.00067000,7424000,2.48,4971,1
2018-08-20 22:15,0.00067000,7424000,2.48,4971,1
2018-08-20 22:15,0.00067000,7424000,2.48,4971,1
2018-08-20 22:15,0.00067000,7424000,2.48,4971,1
2018-08-20 22:15,0.00067000,7424000,2.48,4971,1
2018-08-20 22:15,0.00770761,7424000,28.61,57192,1
2018-08-20 22:15,0.21924671,7424000,813.84,1626873,1
2018-08-20 22:16,0.09255806,7426000,343.66,686992,1
2018-08-20 22:16,0.70921636,7426000,2633.32,5264007,1
2018-08-20 22:17,0.98445326,7420000,3652.32,7300990,1
2018-08-20 22:18,0.00003673,7405000,0.13,-273,0
2018-08-20 22:19,0.16495608,7417000,611.73,1222867,1
2018-08-20 22:23,0.00312694,7399000,11.56,23124,1
2018-08-20 22:24,0.00008639,7399000,0.31,-640,0
2018-08-20 22:35,0.10661799,7425000,395.81,791242,1
2018-08-20 22:35,0.02700000,7425000,100.23,200374,1
2018-08-20 22:42,0.00565058,7413000,20.94,41866,1
2018-08-20 22:42,0.12000000,7413000,444.78,889115,1
2018-08-20 22:49,0.20980000,7425000,778.88,1556986,1
2018-08-20 23:42,0.01030000,7415000,38.18,-76413,0
2018-08-20 23:45,0.01030000,7431000,38.26,76501,1
2018-08-20 23:55,0.00008603,7423000,0.31,-639,0
2018-08-21 00:13,2.49325426,7411000,9238.75,-18486746,0
2018-08-21 00:13,0.07820185,7426000,290.36,580436,1
2018-08-21 00:17,0.00359004,7422000,13.32,-26659,0
2018-08-21 00:20,0.43698735,7422000,1621.66,3241698,1
2018-08-21 00:20,0.04040017,7422000,149.92,299700,1
2018-08-21 00:20,0.05386689,7422000,199.90,399600,1
2018-08-21 00:38,1.68371996,7413000,6240.70,-12487657,0
2018-08-21 00:40,0.09547000,7422000,354.28,708224,1
2018-08-21 00:53,0.11091575,7417000,411.33,822250,1
2018-08-21 00:54,0.00100000,7417000,3.70,7413,1
2018-08-21 01:02,0.05085909,7421000,188.71,377236,1
2018-08-21 01:20,0.00301857,7403000,11.17,22335,1
2018-08-21 01:20,0.10892676,7403000,403.19,805981,1
2018-08-21 01:32,0.20000000,7416000,741.60,1482458,1
2018-08-21 01:37,0.03180369,7443000,118.35,236596,1
2018-08-21 01:37,0.20000000,7443000,744.30,1487855,1
2018-08-21 01:37,0.98000000,7443000,3647.07,7290492,1
2018-08-21 01:37,0.23000000,7441000,855.71,-1712286,0
2018-08-21 01:37,0.13510000,7443000,502.77,-1006052,0
2018-08-21 01:39,0.40000000,7465000,1493.00,2984507,1
2018-08-21 01:39,1.30000000,7465000,4852.25,9699647,1
2018-08-21 01:39,0.00181215,7451000,6.75,-13509,0
2018-08-21 01:40,0.45610000,7450000,1698.97,3396246,1
2018-08-21 02:05,0.13900000,7423000,515.89,-1032313,0
2018-08-21 02:08,0.73940000,7422000,2743.91,-5490571,0
2018-08-21 02:12,0.17130000,7422000,635.69,-1272025,0
2018-08-21 02:19,0.04500000,7430000,167.17,-334518,0
2018-08-21 03:01,0.89400181,7435000,3323.45,6643580,1
2018-08-21 03:01,0.02163253,7433000,80.39,160714,1
2018-08-21 03:13,0.17910000,7434000,665.71,1330763,1
2018-08-21 04:58,0.20090000,7423000,745.64,-1492027,0
2018-08-21 05:01,0.00000421,7433000,0.01,31,1
2018-08-21 05:23,0.27550000,7422000,1022.38,-2045784,0
2018-08-21 05:23,0.06376450,7422000,236.63,-473497,0
2018-08-21 05:26,0.27420000,7424000,1017.83,-2036679,0
2018-08-21 05:28,0.00049000,7434000,1.82,3640,1
2018-08-21 05:48,0.01380000,7408000,51.11,-102282,0
2018-08-21 06:01,0.00005240,7423000,0.19,388,1
2018-08-21 06:42,0.00097311,7416000,3.60,7212,1
2018-08-21 06:42,0.00071067,7416000,2.63,5267,1
2018-08-21 06:55,0.09230000,7401000,341.55,-683454,0
2018-08-21 07:07,0.00922031,7381000,34.02,68021,1
2018-08-21 07:07,0.00675776,7381000,24.93,49854,1
2018-08-21 07:07,0.03308800,7381000,122.11,244100,1
2018-08-21 07:07,0.00067000,7381000,2.47,4942,1
2018-08-21 07:07,0.00672935,7381000,24.83,49644,1
2018-08-21 07:07,0.00067000,7381000,2.47,4942,1
2018-08-21 07:07,0.00677414,7381000,24.99,49974,1
2018-08-21 07:07,0.00067000,7381000,2.47,4942,1
2018-08-21 07:07,0.00067000,7381000,2.47,4942,1
2018-08-21 07:07,0.00067000,7381000,2.47,4942,1
2018-08-21 07:07,0.00067000,7381000,2.47,4942,1
2018-08-21 07:07,0.00067000,7381000,2.47,4942,1
2018-08-21 07:07,0.00067000,7381000,2.47,4942,1
2018-08-21 07:07,0.00067000,7381000,2.47,4942,1
2018-08-21 07:07,0.00067000,7381000,2.47,4942,1
2018-08-21 07:07,0.00067000,7381000,2.47,4942,1
2018-08-21 07:07,0.00067000,7381000,2.47,4942,1
2018-08-21 07:07,0.11647223,7365000,428.90,857389,1
2018-08-21 07:07,0.73112777,7365000,2692.37,5382063,1
2018-08-21 07:09,0.18675860,7334000,684.84,-1370373,0
2018-08-21 07:09,1.50250000,7333000,5508.91,-11023342,0
2018-08-21 07:09,0.00112732,7352000,4.14,8283,1
2018-08-21 07:09,0.00410000,7352000,15.07,30128,1
2018-08-21 07:09,0.01509900,7352000,55.50,110952,1
2018-08-21 07:09,0.00410000,7352000,15.07,30128,1
2018-08-21 07:09,0.01740000,7352000,63.96,127860,1
2018-08-21 07:09,0.00410000,7352000,15.07,30128,1
2018-08-21 07:09,0.01740000,7352000,63.96,127860,1
2018-08-21 07:09,0.00410000,7352000,15.07,30128,1
2018-08-21 07:10,0.19499921,7333000,714.96,-1430645,0
2018-08-21 07:10,0.19551785,7348000,718.33,1435946,1
2018-08-21 07:10,0.17192175,7348000,631.64,1262649,1
2018-08-21 07:13,0.00180000,7340000,6.60,-13219,0
2018-08-21 07:13,0.01733824,7338000,63.61,-127292,0
2018-08-21 07:13,0.00346176,7340000,12.70,-25422,0
2018-08-21 07:13,0.00250000,7348000,9.18,18360,1
2018-08-21 07:14,0.00348704,7346000,12.80,25602,1
2018-08-21 07:14,0.12250157,7346000,449.94,899446,1
2018-08-21 07:14,0.23490000,7346000,862.78,1724712,1
2018-08-21 07:15,0.00406000,7331000,14.88,29748,1
2018-08-21 07:15,0.00406000,7331000,14.88,29748,1
2018-08-21 07:15,0.00068000,7331000,2.49,4982,1
2018-08-21 07:15,0.00068000,7331000,2.49,4982,1
2018-08-21 07:15,0.00068000,7331000,2.49,4982,1
2018-08-21 07:15,0.00068000,7331000,2.49,4982,1
2018-08-21 07:15,0.21824498,7331000,799.97,1599153,1
2018-08-21 07:15,0.00068000,7331000,2.49,4982,1
2018-08-21 07:15,0.16949393,7331000,621.28,1241938,1
2018-08-21 07:15,0.31498600,7331000,1154.58,2308007,1
2018-08-21 07:15,0.00522214,7331000,19.14,38264,1
2018-08-21 07:15,0.00068000,7331000,2.49,4982,1
2018-08-21 07:15,0.01003017,7331000,36.76,73494,1
2018-08-21 07:15,0.00068000,7331000,2.49,4982,1
2018-08-21 07:15,0.03194815,7331000,117.10,234094,1
2018-08-21 07:15,0.06286543,7331000,230.43,460636,1
2018-08-21 07:15,0.00482000,7331000,17.66,35317,1
2018-08-21 07:15,0.00054324,7331000,1.99,3980,1
2018-08-21 07:15,0.00990000,7331000,36.28,72540,1
2018-08-21 07:16,0.15000000,7320000,549.00,-1098549,0
2018-08-21 07:18,0.13064793,7309000,477.45,-955384,0
2018-08-21 07:19,0.00003009,7330000,0.11,-221,0
2018-08-21 07:19,0.01786991,7330000,65.49,-131052,0
2018-08-21 07:19,0.20000000,7343000,734.30,1467865,1
2018-08-21 07:19,0.00688917,7343000,25.29,50561,1
2018-08-21 07:19,0.28499877,7343000,1046.37,2091699,1
2018-08-21 07:19,0.00616000,7343000,22.61,45210,1
2018-08-21 07:19,0.00419000,7343000,15.38,30751,1
2018-08-21 07:19,0.01445000,7343000,53.05,106053,1
2018-08-21 07:19,0.00647855,7343000,23.78,47548,1
2018-08-21 07:19,0.03302000,7343000,121.23,242344,1
2018-08-21 07:19,0.01001351,7343000,36.76,73492,1
2018-08-21 07:19,1.39860970,7330000,5125.90,-10256935,0
2018-08-21 07:19,0.42766165,7330000,1567.37,-3136328,0
2018-08-21 07:19,0.11003835,7330000,403.29,-806985,0
2018-08-21 07:20,2.06360000,7339000,7572.38,-15152333,0
2018-08-21 07:26,0.56418173,7326000,2066.59,4131128,1
2018-08-21 07:26,0.01364319,7326000,49.97,99900,1
2018-08-21 07:28,0.02187988,7320000,80.08,160080,1
2018-08-21 07:30,0.04560501,7319000,166.89,333616,1
2018-08-21 07:30,0.15000000,7319000,548.92,1097301,1
2018-08-21 07:30,0.00102372,7319000,3.74,7488,1
2018-08-21 07:30,0.00129693,7319000,4.74,9487,1
2018-08-21 07:30,0.00126937,7319000,4.64,9285,1
2018-08-21 08:01,3.20110000,7305000,11692.01,23372343,1
2018-08-21 08:02,0.20000000,7256000,725.60,-1451926,0
2018-08-21 08:02,0.13980000,7256000,507.19,-1014896,0
2018-08-21 08:02,0.11280000,7248000,408.78,-817984,0
2018-08-21 08:05,0.00851841,7274000,30.98,61931,1
2018-08-21 08:05,0.05113926,7274000,185.99,371800,1
2018-08-21 08:05,0.00498531,7274000,18.13,36245,1
2018-08-21 08:05,0.10000000,7274000,363.70,727036,1
2018-08-21 08:07,3.71210000,7260000,13474.92,-26963321,0
2018-08-21 08:09,2.84890031,7270000,10355.75,20701149,1
2018-08-21 08:10,0.00997847,7271000,36.27,72517,1
2018-08-21 08:11,1.42590000,7280000,5190.27,-10385743,0
2018-08-21 08:11,0.00348622,7275000,12.68,-25375,0
2018-08-21 08:11,0.01511378,7275000,54.97,-110008,0
2018-08-21 08:11,0.04554571,7274000,165.64,-331466,0
2018-08-21 08:11,0.00825822,7274000,30.03,-60101,0
2018-08-21 08:11,0.00690130,7274000,25.10,-50226,0
2018-08-21 08:11,0.16849477,7274000,612.81,-1226244,0
2018-08-21 08:11,0.03903219,7274000,141.96,-284063,0
2018-08-21 08:11,0.01508800,7274000,54.87,-109805,0
2018-08-21 08:11,0.00587981,7274000,21.38,-42792,0
2018-08-21 08:11,0.00984999,7279000,35.84,-71734,0
2018-08-21 08:11,0.19995001,7279000,727.71,-1456164,0
2018-08-21 08:13,0.22664493,7284000,825.44,1650056,1
2018-08-21 08:13,0.01372185,7284000,49.97,99899,1
2018-08-21 08:13,0.03752100,7284000,136.65,273166,1
2018-08-21 08:13,0.05140000,7284000,187.19,374210,1
2018-08-21 08:20,0.00242438,7266000,8.80,17606,1
2018-08-21 08:20,0.00075248,7266000,2.73,5464,1
2018-08-21 08:20,0.00020000,7267000,0.72,1452,1
2018-08-21 08:24,0.01631841,7250000,59.15,-118368,0
2018-08-21 08:24,0.03948159,7250000,143.12,-286385,0
2018-08-21 08:24,0.10774294,7255000,390.83,-782066,0
2018-08-21 08:25,0.52089551,7255000,1889.54,-3780987,0
2018-08-21 08:25,0.02754097,7255000,99.90,-199910,0
2018-08-21 08:25,0.01379812,7255000,50.05,-100156,0
2018-08-21 08:27,0.08221732,7276000,299.10,597914,1
2018-08-21 09:06,0.91880065,7279000,3343.97,6684605,1
2018-08-21 09:06,0.05496233,7279000,200.03,399870,1
2018-08-21 09:06,0.11099447,7279000,403.96,807524,1
2018-08-21 09:06,2.02284829,7279000,7362.15,14716950,1
2018-08-21 09:06,0.08653181,7279000,314.93,629550,1
2018-08-21 09:06,0.04909579,7279000,178.68,357189,1
2018-08-21 09:07,0.64137043,7270000,2331.38,-4665095,0
2018-08-21 09:07,0.00764173,7279000,27.81,55596,1
2018-08-21 09:07,0.13738150,7279000,499.99,999499,1
2018-08-21 09:07,0.02746257,7279000,99.95,199800,1
2018-08-21 09:07,0.00200000,7279000,7.27,14550,1
2018-08-21 09:07,0.12664254,7279000,460.91,921370,1
2018-08-21 09:07,0.00180000,7279000,6.55,13095,1
2018-08-21 09:07,0.49075746,7279000,1786.11,3570437,1
2018-08-21 09:41,0.03740149,7286000,136.25,-272644,0
2018-08-21 09:45,0.00072570,7314000,2.65,5305,1
2018-08-21 09:45,0.00407000,7314000,14.88,29753,1
2018-08-21 09:45,0.00407000,7314000,14.88,29753,1
2018-08-21 09:45,0.00407000,7314000,14.88,29753,1
2018-08-21 09:45,0.00407000,7314000,14.88,29753,1
2018-08-21 09:45,0.00407000,7314000,14.88,29753,1
2018-08-21 09:45,0.00407000,7314000,14.88,29753,1
2018-08-21 09:45,0.01220000,7315000,44.62,89198,1
2018-08-21 10:32,0.16257322,7330000,595.83,-1192258,0
2018-08-21 10:32,0.13672678,7330000,501.10,-1002709,0
2018-08-21 10:33,0.09088124,7339000,333.48,666643,1
2018-08-21 10:34,0.00544983,7336000,19.98,39959,1
2018-08-21 10:35,0.20300000,7338000,744.80,1488869,1
2018-08-21 11:20,0.00004020,7287000,0.14,-293,0
2018-08-21 11:49,0.67030000,7297000,2445.58,-4893625,0
2018-08-21 12:25,0.00899106,7300000,32.81,65601,1
2018-08-21 12:26,0.60213441,7301000,2198.09,4393985,1
2018-08-21 12:26,0.05926559,7301000,216.34,432481,1
2018-08-21 13:16,0.11460000,7261000,416.05,-832527,0
2018-08-21 13:17,0.11460000,7264000,416.22,832038,1
2018-08-21 13:20,0.00001424,7257000,0.05,-104,0
2018-08-21 13:20,0.39548812,7257000,1435.02,-2871493,0
2018-08-21 13:20,0.04790000,7255000,173.75,-347689,0
2018-08-21 13:43,0.44340000,7270000,1611.75,3221906,1
2018-08-21 15:13,0.01000000,7291000,36.45,-72947,0
2018-08-21 15:17,0.00650000,7320000,23.79,-47604,0
2018-08-21 15:18,0.01356276,7326000,49.68,-99411,0
2018-08-21 15:19,0.03000000,7330000,109.95,219790,1
2018-08-21 15:35,4.00000000,7332000,14664.00,-29342664,0
2018-08-21 15:40,0.00014000,7345000,0.51,1027,1
2018-08-21 15:42,0.00374500,7350000,13.76,27511,1
2018-08-21 15:44,0.01921905,7353000,70.65,141247,1
2018-08-21 15:55,0.30527904,7344000,1120.98,2240848,1
2018-08-21 16:00,0.33898242,7352000,1246.09,2490952,1
2018-08-21 16:13,0.87076776,7355000,3202.24,6401294,1
2018-08-21 16:15,0.56807903,7362000,2091.09,-4184289,0
2018-08-21 16:15,0.00332097,7362000,12.22,-24462,0
2018-08-21 16:15,0.24920496,7387000,920.43,1839956,1
2018-08-21 16:16,0.00697458,7372000,25.70,51390,1
2018-08-21 16:16,0.07279196,7372000,268.31,536354,1
2018-08-21 16:16,0.17740000,7372000,653.89,1307138,1
2018-08-21 16:16,0.02059049,7372000,75.89,151717,1
2018-08-21 16:16,0.00600000,7372000,22.11,44209,1
2018-08-21 16:16,0.01831788,7372000,67.51,134971,1
2018-08-21 16:16,0.00850000,7372000,31.33,62630,1
2018-08-21 16:16,0.10000000,7372000,368.60,736831,1
2018-08-21 16:16,0.40000000,7372000,1474.40,2947325,1
2018-08-21 16:17,0.05711785,7369000,210.45,420690,1
2018-08-21 16:17,0.11688551,7369000,430.66,860898,1
2018-08-21 16:27,0.08390000,7360000,308.75,-617813,0
2018-08-21 16:38,0.11663782,7354000,428.87,857325,1
2018-08-21 16:38,0.10000000,7354000,367.70,735032,1
2018-08-21 16:38,0.10000000,7354000,367.70,735032,1
2018-08-21 17:16,0.11826382,7419000,438.69,876960,1
2018-08-21 17:26,0.08459923,7386000,312.42,624537,1
2018-08-21 17:26,0.00014885,7386000,0.54,1098,1
2018-08-21 17:26,0.02646824,7386000,97.74,195396,1
2018-08-21 17:26,0.23060000,7386000,851.60,1702359,1
2018-08-21 17:39,0.17686179,7394000,653.85,1307062,1
2018-08-21 17:39,0.00014869,7394000,0.54,1098,1
2018-08-21 17:40,0.01048226,7399000,38.77,77519,1
2018-08-21 17:40,0.00297219,7399000,10.99,21980,1
2018-08-21 17:45,0.00629069,7400000,23.27,46527,1
2018-08-21 17:52,2.55946769,7389000,9455.95,-18921363,0
2018-08-21 17:52,0.09314225,7389000,344.11,-688573,0
2018-08-21 17:52,0.01599006,7389000,59.07,-118210,0
2018-08-21 17:59,0.33818902,7421000,1254.85,2508445,1
2018-08-21 17:59,3.24030000,7420000,12021.51,24031004,1
2018-08-21 18:51,0.26409027,7377000,974.09,-1949168,0
2018-08-21 18:51,0.20498291,7376000,755.97,-1512710,0
2018-08-21 19:29,0.00040263,7379000,1.48,-2973,0
2018-08-21 19:29,0.02899737,7379000,106.98,-214079,0
2018-08-21 19:57,0.08465047,7400000,313.20,626100,1
2018-08-21 19:57,0.03000000,7400000,111.00,221889,1
2018-08-21 19:59,0.36395477,7400000,1346.63,2691918,1
2018-08-21 19:59,0.01990000,7398000,73.61,147146,1
2018-08-21 20:40,0.07849000,7381000,289.66,-579625,0
2018-08-21 20:40,0.00581000,7381000,21.44,-42905,0
2018-08-21 20:40,0.01040000,7380000,38.37,-76791,0
2018-08-21 20:40,0.00002904,7380000,0.10,-215,0
2018-08-21 20:40,0.11103663,7380000,409.72,-819860,0
2018-08-21 20:40,0.01450000,7380000,53.50,-107064,0
2018-08-21 20:40,0.12100000,7380000,446.49,-893427,0
2018-08-21 20:50,0.09387911,7380000,346.41,-693175,0
2018-08-21 20:50,0.44562089,7380000,1644.34,-3290327,0
2018-08-21 20:50,0.03860000,7382000,142.47,-285088,0
2018-08-21 20:54,0.01025991,7387000,37.89,75752,1
2018-08-21 20:57,0.90910000,7384000,3356.39,6709438,1
2018-08-21 21:30,0.10000000,7376000,368.80,-737969,0
2018-08-21 23:06,0.00006773,7352000,0.24,-499,0
2018-08-21 23:37,0.10760000,7365000,396.23,-792871,0
2018-08-21 23:58,0.07710687,7385000,284.71,569149,1
2018-08-22 00:15,0.00657522,7360000,24.19,48369,1
2018-08-22 00:48,0.03989182,7358000,146.76,293377,1
2018-08-22 00:48,0.07299460,7358000,268.54,536825,1
2018-08-22 00:52,0.01110000,7377000,40.94,81843,1
2018-08-22 01:02,0.01670000,7359000,61.44,-122957,0
2018-08-22 01:14,0.00184400,7368000,6.79,13579,1
2018-08-22 01:16,0.01490000,7372000,54.92,109787,1
2018-08-22 10:14,0.53525988,7583000,2029.43,-4060906,0
2018-08-22 10:15,0.53520000,7587000,2030.28,4058532,1
2018-08-22 10:16,0.21698365,7608000,825.40,-1651637,0
2018-08-22 10:16,3.12591635,7608000,11890.98,-23793863,0
2018-08-22 10:18,3.34290000,7666000,12813.33,25613858,1
2018-08-22 10:19,0.03443990,7693000,132.47,-265079,0
2018-08-22 10:20,0.07476982,7698000,287.78,-575866,0
2018-08-22 10:20,0.10895385,7698000,419.36,-839147,0
2018-08-22 10:20,0.01500000,7698000,57.73,-115528,0
2018-08-22 10:20,0.07712240,7702000,296.99,-594294,0
2018-08-22 10:20,0.14607760,7702000,562.54,-1125653,0
2018-08-22 10:22,0.05807329,7676000,222.88,-445994,0
2018-08-22 10:22,0.02422671,7676000,92.98,-186058,0
2018-08-22 10:22,0.00171274,7676000,6.57,-13154,0
2018-08-22 10:22,0.01168726,7676000,44.85,-89757,0
2018-08-22 10:22,0.02828471,7673000,108.51,216920,1
2018-08-22 10:22,0.00050000,7673000,1.91,3834,1
2018-08-22 10:22,0.01302450,7673000,49.96,99887,1
2018-08-22 10:22,0.02062511,7659000,78.98,157888,1
2018-08-22 10:22,0.00050000,7659000,1.91,3827,1
2018-08-22 10:22,0.01500000,7659000,57.44,114827,1
2018-08-22 10:23,0.10538734,7659000,403.58,806758,1
2018-08-22 10:23,0.36881266,7659000,1412.36,2823323,1
2018-08-22 10:24,0.01627126,7641000,62.16,-124391,0
2018-08-22 10:24,0.00408834,7641000,15.61,-31255,0
2018-08-22 10:24,0.02030000,7640000,77.54,155014,1
2018-08-22 10:25,0.23470000,7628000,895.14,-1791187,0
2018-08-22 10:25,3.76530000,7623000,14351.44,-28717234,0
2018-08-22 10:29,1.25888496,7681000,4834.74,9664660,1
2018-08-22 10:29,0.41106357,7681000,1578.68,3155800,1
2018-08-22 10:29,0.03903789,7681000,149.92,299700,1
2018-08-22 10:29,0.02694577,7681000,103.48,206866,1
2018-08-22 10:29,0.03901757,7681000,149.84,299544,1
2018-08-22 10:29,0.20290000,7681000,779.23,1557695,1
2018-08-22 10:29,0.00095044,7681000,3.65,7296,1
2018-08-22 10:29,0.11139599,7672000,427.31,854202,1
2018-08-22 10:29,0.02585885,7672000,99.19,198289,1
2018-08-22 10:30,0.11644960,7684000,447.39,894351,1
2018-08-22 10:31,0.02050224,7681000,78.73,157398,1
2018-08-22 10:31,0.49717973,7681000,1909.41,3816928,1
2018-08-22 10:31,0.04424980,7681000,169.94,339712,1
2018-08-22 10:31,0.67914000,7681000,2608.23,5213866,1
2018-08-22 10:31,0.52642823,7681000,2021.74,4041473,1
2018-08-22 10:33,0.02965930,7708000,114.30,-228729,0
2018-08-22 10:33,0.10444070,7708000,402.51,-805432,0
2018-08-22 10:34,0.00572575,7697000,22.03,44049,1
2018-08-22 10:34,0.03906944,7697000,150.35,300567,1
2018-08-22 10:35,0.16023356,7678000,615.13,-1230889,0
2018-08-22 10:35,0.20000000,7678000,767.80,-1536368,0
2018-08-22 10:35,0.00406841,7678000,15.61,-31253,0
2018-08-22 10:35,0.01985999,7678000,76.24,-152562,0
2018-08-22 10:35,0.49683804,7678000,1907.36,-3816630,0
2018-08-22 10:35,0.68760000,7678000,2639.69,-5282033,0
2018-08-22 10:35,0.05000000,7680000,192.00,-384192,0
2018-08-22 10:35,0.02700000,7680000,103.68,-207464,0
2018-08-22 10:35,0.07530791,7680000,289.18,-578654,0
2018-08-22 10:35,0.01962343,7680000,75.35,-150784,0
2018-08-22 10:35,0.00700000,7680000,26.88,-53787,0
2018-08-22 10:36,0.29669724,7674000,1138.42,-2277993,0
2018-08-22 10:36,0.00000657,7672000,0.02,-51,0
2018-08-22 10:36,0.00899999,7672000,34.52,-69083,0
2018-08-22 10:37,0.02878287,7667000,110.33,220567,1
2018-08-22 10:37,0.01200000,7667000,46.00,91957,1
2018-08-22 10:37,0.11814037,7663000,452.65,904857,1
2018-08-22 10:37,0.11701767,7663000,448.35,896258,1
2018-08-22 10:37,0.06144536,7663000,235.42,470620,1
2018-08-22 10:37,1.80520000,7660000,6913.91,13820918,1
2018-08-22 10:41,0.47320000,7670000,1814.72,-3631259,0
2018-08-22 10:42,0.02030000,7672000,77.87,-155820,0
2018-08-22 10:42,0.15350279,7690000,590.21,1179846,1
2018-08-22 10:45,0.34000000,7669000,1303.73,2606156,1
2018-08-22 10:53,0.08330000,7673000,319.58,-639481,0
2018-08-22 10:53,0.07000000,7674000,268.59,-537449,0
2018-08-22 10:54,0.15330000,7682000,588.82,1177061,1
2018-08-22 10:58,0.03967600,7702000,152.79,-305738,0
2018-08-22 10:58,0.29037772,7702000,1118.24,-2237608,0
2018-08-22 10:58,0.18339122,7702000,706.23,-1413186,0
2018-08-22 10:59,0.12340000,7702000,475.21,-950902,0
2018-08-22 10:59,0.17210000,7702000,662.75,-1326177,0
2018-08-22 11:00,0.06900000,7709000,265.96,-532187,0
2018-08-22 11:00,0.87790000,7727000,3391.76,6780141,1
2018-08-22 11:01,1.32053154,7727000,5101.87,-10208849,0
2018-08-22 11:01,0.01346846,7727000,52.03,-104123,0
2018-08-22 11:02,0.03129365,7745000,121.18,242248,1
2018-08-22 11:02,0.00399649,7745000,15.47,30937,1
2018-08-22 11:02,0.12166247,7745000,471.13,941804,1
2018-08-22 11:02,0.05204898,7745000,201.55,402917,1
2018-08-22 11:02,0.26931262,7745000,1042.91,2084783,1
2018-08-22 11:02,0.00020000,7745000,0.77,1548,1
2018-08-22 11:02,0.22406652,7745000,867.69,1734527,1
2018-08-22 11:03,0.05556711,7726000,214.65,-429527,0
2018-08-22 11:03,0.13323289,7726000,514.67,-1029872,0
2018-08-22 11:03,0.00580000,7714000,22.37,-44764,0
2018-08-22 11:03,3.17400000,7703000,12224.66,-24461547,0
2018-08-22 11:04,0.67040825,7697000,2580.06,5157552,1
2018-08-22 11:04,2.01643003,7700000,7763.25,15518747,1
2018-08-22 11:05,0.09360000,7684000,359.61,-719582,0
2018-08-22 11:05,2.21380000,7685000,8506.52,-17021560,0
2018-08-22 11:05,0.16401471,7665000,628.58,1256544,1
2018-08-22 11:05,0.00200000,7665000,7.66,15322,1
2018-08-22 11:05,0.01353510,7653000,51.79,103532,1
2018-08-22 11:06,0.00860626,7633000,32.84,65658,1
2018-08-22 11:06,1.00000000,7633000,3816.50,7629183,1
2018-08-22 11:06,0.50000000,7633000,1908.25,3814591,1
2018-08-22 11:06,1.17980141,7626000,4498.58,8992666,1
2018-08-22 11:06,0.02000000,7626000,76.26,152443,1
2018-08-22 11:06,0.26970000,7626000,1028.36,2055703,1
2018-08-22 11:06,0.10000000,7626000,381.30,762218,1
2018-08-22 11:06,0.34723468,7626000,1324.00,2646687,1
2018-08-22 11:06,0.01566391,7626000,59.72,119393,1
2018-08-22 11:09,0.08298579,7626000,316.42,-633166,0
2018-08-22 11:09,0.13500000,7626000,514.75,-1030025,0
2018-08-22 11:09,0.06711421,7626000,255.90,-512069,0
2018-08-22 11:10,0.18313781,7611000,696.93,1393164,1
2018-08-22 11:15,0.10200000,7608000,388.00,775627,1
2018-08-22 11:21,0.94800000,7591000,3598.13,-7199867,0
2018-08-22 11:22,0.43250000,7605000,1644.58,-3290807,0
2018-08-22 11:23,0.05073314,7607000,192.96,385734,1
2018-08-22 11:23,0.02668561,7607000,101.49,202895,1
2018-08-22 11:23,0.02000000,7607000,76.07,152063,1
2018-08-22 11:23,0.86243801,7610000,3281.57,6559871,1
2018-08-22 11:23,0.17550000,7610000,667.77,1334887,1
2018-08-22 11:25,0.42270000,7590000,1604.14,-3209898,0
2018-08-22 11:28,0.24355709,7589000,924.17,-1849279,0
2018-08-22 11:28,0.00090548,7589000,3.43,-6876,0
2018-08-22 11:29,0.91230000,7610000,3471.30,6939131,1
2018-08-22 11:45,0.92794657,7602000,3527.12,-7057777,0
2018-08-22 11:45,0.92800000,7621000,3536.14,7068751,1
2018-08-22 11:51,4.00000000,7615000,15230.00,-30475230,0
2018-08-22 11:53,3.76783509,7619000,14353.56,28692781,1
2018-08-22 11:53,0.23210000,7615000,883.72,1766557,1
2018-08-22 12:04,0.48490000,7606000,1844.07,-3689994,0
2018-08-22 12:05,0.01318660,7607000,50.15,-100361,0
2018-08-22 12:08,0.01250030,7605000,47.53,-95113,0
2018-08-22 12:08,0.00129970,7605000,4.94,-9890,0
2018-08-22 12:09,0.71720000,7604000,2726.79,-5456316,0
2018-08-22 12:11,0.00941415,7615000,35.84,71652,1
2018-08-22 12:15,1.21970000,7617000,4645.22,9285809,1
2018-08-22 12:39,0.00190000,7614000,7.23,-14474,0
2018-08-22 12:48,0.00190000,7630000,7.24,14489,1
2018-08-22 13:24,0.03110000,7655000,119.03,-238190,0
2018-08-22 13:29,0.01794325,7666000,68.77,137484,1
2018-08-22 13:29,0.01315675,7666000,50.42,100809,1
2018-08-22 13:37,0.55096710,7663000,2111.03,-4224172,0
2018-08-22 13:38,0.53694457,7672000,2059.71,4117379,1
2018-08-22 13:41,0.12229128,7665000,468.68,-937832,0
2018-08-22 13:47,0.01000000,7672000,38.36,76681,1
2018-08-22 13:47,0.00013158,7672000,0.50,1008,1
2018-08-22 14:15,0.02954817,7643000,112.91,-225950,0
2018-08-22 14:15,0.99995183,7643000,3821.31,-7646454,0
2018-08-22 14:22,0.17780067,7641000,679.28,1357895,1
2018-08-22 14:22,0.00654535,7639000,24.99,49974,1
2018-08-22 14:29,0.54661887,7587000,2073.59,-4149271,0
2018-08-22 14:29,2.04085038,7590000,7745.02,-15497800,0
2018-08-22 14:29,0.17024932,7590000,646.09,-1292839,0
2018-08-22 14:29,0.03065460,7590000,116.33,-232785,0
2018-08-22 14:29,0.00504231,7590000,19.13,-38291,0
2018-08-22 14:29,0.09990339,7590000,379.13,-758646,0
2018-08-22 14:29,0.40384809,7598000,1534.21,3066903,1
2018-08-22 14:29,0.02600000,7598000,98.77,197449,1
2018-08-22 14:36,0.18977295,7616000,722.65,1444588,1
2018-08-22 14:36,0.17453724,7620000,664.98,1329308,1
2018-08-22 14:36,1.69660998,7620000,6464.08,12921703,1
2018-08-22 14:36,0.45159763,7620000,1720.58,3439453,1
2018-08-22 14:36,0.12674919,7620000,482.91,965345,1
2018-08-22 14:37,0.01890000,7609000,71.90,-143882,0
2018-08-22 14:37,0.81440000,7620000,3102.86,6202625,1
2018-08-22 14:45,0.01850902,7625000,70.56,-141202,0
2018-08-22 14:47,0.16631185,7625000,634.06,-1268762,0
2018-08-22 14:48,0.01002499,7628000,38.23,76432,1
2018-08-22 14:52,0.17480000,7630000,666.86,1333057,1
2018-08-22 15:01,0.71880000,7613000,2736.11,-5474961,0
2018-08-22 15:02,2.31570000,7613000,8814.71,-17638239,0
2018-08-22 15:02,0.19689015,7628000,750.93,1501127,1
2018-08-22 15:03,1.16230000,7615000,4425.45,-8855340,0
2018-08-22 15:04,0.03930398,7629000,149.92,299700,1
2018-08-22 15:04,0.10000000,7629000,381.45,762518,1
2018-08-22 15:04,0.40825857,7629000,1557.30,3113047,1
2018-08-22 15:22,0.00245204,7629000,9.35,18697,1
2018-08-22 16:00,0.33043587,7616000,1258.29,2515341,1
2018-08-22 16:04,0.06729179,7629000,256.68,513112,1
2018-08-22 16:44,0.00017574,7598000,0.66,1334,1
2018-08-22 16:44,0.00020000,7598000,0.75,1518,1
2018-08-22 16:45,0.00214219,7598000,8.13,16268,1
2018-08-22 16:51,0.00059237,7596000,2.24,4497,1
2018-08-22 16:57,0.01644863,7574000,62.29,124519,1
2018-08-22 16:57,0.02384453,7563000,90.16,180246,1
2018-08-22 16:57,0.06578953,7563000,248.78,497317,1
2018-08-22 16:59,0.03548848,7556000,134.07,-268285,0
2018-08-22 17:03,0.07227470,7573000,273.66,547062,1
2018-08-22 17:03,0.10000000,7573000,378.65,756921,1
2018-08-22 17:05,0.00316532,7560000,11.96,-23942,0
2018-08-22 17:05,1.19050000,7558000,4498.89,-9002298,0
2018-08-22 17:15,0.17118202,7577000,648.52,1296397,1
2018-08-22 17:15,0.10162286,7577000,384.99,769611,1
2018-08-22 17:15,0.04785396,7577000,181.29,362408,1
2018-08-22 17:15,0.07883751,7577000,298.67,597053,1
2018-08-22 17:15,0.08714134,7577000,330.13,659939,1
2018-08-22 17:19,0.38549642,7583000,1461.60,2921757,1
2018-08-22 17:21,3.12770000,7601000,11886.82,23761760,1
2018-08-22 20:12,0.20540000,7557000,776.10,-1552984,0
2018-08-22 20:46,0.00115661,7576000,4.38,8758,1
2018-08-22 20:47,0.17681201,7576000,669.76,1338858,1
2018-08-22 20:48,0.02750000,7576000,104.17,208235,1
2018-08-22 22:05,0.16106954,7563000,609.08,-1218778,0
2018-08-22 22:05,3.01653046,7563000,11407.00,-22825427,0
2018-08-22 22:07,0.06362217,7581000,241.15,482078,1
2018-08-22 22:07,0.01603717,7581000,60.78,121516,1
2018-08-22 22:09,0.13675854,7581000,518.38,1036248,1
2018-08-22 22:09,0.01000000,7581000,37.90,75772,1
2018-08-22 22:31,0.01624207,7570000,61.47,-123014,0
2018-08-22 22:31,0.00965793,7570000,36.55,-73147,0
2018-08-22 22:40,0.14760000,7576000,559.10,-1118777,0
2018-08-22 22:59,0.00258090,7562000,9.75,19507,1
2018-08-22 23:00,0.00072063,7562000,2.72,5446,1
2018-08-22 23:00,0.36185696,7562000,1368.18,2734994,1
2018-08-22 23:00,0.08675839,7562000,328.03,655738,1
2018-08-22 23:04,0.08376672,7556000,316.47,632624,1
2018-08-22 23:04,0.75007500,7556000,2833.78,5664732,1
2018-08-22 23:04,0.00656577,7556000,24.80,49586,1
2018-08-22 23:04,0.09976353,7555000,376.85,753336,1
2018-08-22 23:04,0.00020000,7555000,0.75,1510,1
2018-08-22 23:07,0.01100000,7554000,41.54,83052,1
2018-08-22 23:07,0.00655052,7554000,24.74,49457,1
2018-08-22 23:10,0.07008791,7551000,264.61,528969,1
2018-08-22 23:19,0.02829886,7558000,106.94,213775,1
2018-08-22 23:19,0.01184551,7558000,44.76,89483,1
2018-08-22 23:22,0.01540000,7540000,58.05,-116174,0
2018-08-22 23:31,0.03000000,7533000,112.99,-226103,0
2018-08-22 23:45,0.00197630,7547000,7.45,14907,1
2018-08-23 00:09,0.05260000,7540000,198.30,-396803,0
2018-08-23 00:13,0.00934064,7551000,35.26,70495,1
2018-08-23 00:13,0.02600000,7551000,98.16,196227,1
2018-08-23 00:13,0.31857346,7551000,1202.77,2404345,1
2018-08-23 00:22,0.95850000,7553000,3619.77,-7243171,0
2018-08-23 00:24,0.21310981,7569000,806.51,1612221,1
2018-08-23 00:25,0.03511922,7565000,132.83,265544,1
2018-08-23 00:26,0.14664752,7566000,554.76,1108980,1
2018-08-23 00:33,0.15641295,7561000,591.31,1182046,1
2018-08-23 00:33,0.00595257,7561000,22.50,44984,1
2018-08-23 00:47,0.25276950,7544000,953.44,-1907847,0
2018-08-23 00:47,0.28606302,7544000,1079.02,-2159139,0
2018-08-23 00:50,0.00620000,7543000,23.38,-46790,0
2018-08-23 00:58,1.49272939,7510000,5605.19,11204792,1
2018-08-23 00:58,0.01000000,7510000,37.55,75062,1
2018-08-23 00:58,0.79027061,7510000,2967.46,5931964,1
2018-08-23 01:04,1.67692572,7323000,6140.06,-12286268,0
2018-08-23 01:04,0.13165812,7323000,482.06,-964615,0
2018-08-23 01:04,0.34523313,7325000,1264.41,-2530097,0
2018-08-23 01:04,0.00047829,7325000,1.75,-3506,0
2018-08-23 01:05,0.09200000,7341000,337.68,-675710,0
2018-08-23 01:08,1.01130000,7335000,3708.94,-7421595,0
2018-08-23 01:09,0.01652192,7358000,60.78,121507,1
2018-08-23 01:13,0.00014247,7370000,0.52,1049,1
2018-08-23 01:13,0.00798874,7370000,29.43,58847,1
2018-08-23 01:20,0.28907532,7318000,1057.72,2114395,1
2018-08-23 01:20,0.06749514,7318000,246.96,493682,1
2018-08-23 01:20,0.10585439,7318000,387.32,774255,1
2018-08-23 01:20,0.00660342,7318000,24.16,48299,1
2018-08-23 01:20,0.00669191,7318000,24.48,48946,1
2018-08-23 01:20,0.00600000,7318000,21.95,43886,1
2018-08-23 01:20,1.24750000,7325000,4568.96,-9142507,0
2018-08-23 01:54,0.09308925,7370000,343.03,685724,1
2018-08-23 04:16,0.01037599,7356000,38.16,76287,1
2018-08-23 04:20,0.25066559,7354000,921.69,1842473,1
2018-08-23 04:32,0.23316928,7359000,857.94,1715034,1
2018-08-23 04:37,0.00237542,7365000,8.74,17486,1
2018-08-23 04:37,0.00266717,7365000,9.82,19633,1
2018-08-23 04:37,0.00172622,7370000,6.36,12715,1
2018-08-23 04:42,2.13369884,7356000,7847.74,15687640,1
2018-08-23 04:42,0.13399500,7356000,492.83,985174,1
2018-08-23 04:54,0.32130000,7342000,1179.49,-2360164,0
2018-08-23 04:58,0.01258236,7345000,46.20,-92464,0
2018-08-23 05:00,1.14723177,7357000,4220.09,8435964,1
2018-08-23 05:00,0.06639349,7357000,244.22,488212,1
2018-08-23 05:00,0.09534292,7357000,350.71,701087,1
2018-08-23 05:06,0.40159203,7316000,1469.02,-2939517,0
2018-08-23 05:06,0.10000000,7314000,365.70,-731766,0
2018-08-23 05:07,0.66350000,7299000,2421.44,4840465,1
2018-08-23 05:07,0.00220000,7264000,7.99,-15989,0
2018-08-23 05:07,0.00220000,7280000,8.00,16007,1
2018-08-23 05:08,0.00920000,7262000,33.40,-66844,0
2018-08-23 05:08,0.05460000,7254000,198.03,-396267,0
2018-08-23 05:08,0.14835800,7254000,538.09,-1076727,0
2018-08-23 05:08,0.10000000,7261000,363.05,-726463,0
2018-08-23 05:08,0.10000000,7261000,363.05,-726463,0
2018-08-23 05:08,0.02610000,7261000,94.75,-189607,0
2018-08-23 05:08,0.06300000,7263000,228.78,-457798,0
2018-08-23 05:08,1.90240000,7267000,6912.37,-13831654,0
2018-08-23 05:08,0.04533166,7271000,164.80,-329772,0
2018-08-23 05:08,0.02302012,7271000,83.68,-167463,0
2018-08-23 05:08,0.03164822,7271000,115.05,-230230,0
2018-08-23 05:08,0.05179529,7270000,188.27,-376740,0
2018-08-23 05:08,0.01377143,7270000,50.05,-100169,0
2018-08-23 05:08,0.03443328,7270000,125.16,-250456,0
2018-08-23 05:08,0.00760000,7272000,27.63,-55295,0
2018-08-23 05:09,0.00286631,7272000,10.42,-20855,0
2018-08-23 05:09,0.00473369,7272000,17.21,-34441,0
2018-08-23 05:09,0.00465325,7261000,16.89,-33805,0
2018-08-23 05:09,0.14110000,7263000,512.40,-1025322,0
2018-08-23 05:10,0.00020000,7255000,0.72,-1452,0
2018-08-23 05:10,0.00140000,7255000,5.07,-10162,0
2018-08-23 05:10,0.00140000,7255000,5.07,-10162,0
2018-08-23 05:10,0.00070000,7255000,2.53,-5081,0
2018-08-23 05:10,0.00200000,7255000,7.25,-14518,0
2018-08-23 05:10,0.00100000,7255000,3.62,-7259,0
2018-08-23 05:10,0.00040000,7255000,1.45,-2904,0
2018-08-23 05:10,0.00030000,7255000,1.08,-2178,0
2018-08-23 05:10,0.00050000,7255000,1.81,-3630,0
2018-08-23 05:10,0.00080000,7255000,2.90,-5807,0
2018-08-23 05:10,0.00650000,7255000,23.57,-47181,0
2018-08-23 05:10,0.00030000,7255000,1.08,-2178,0
2018-08-23 05:10,0.00300000,7255000,10.88,-21776,0
2018-08-23 05:10,0.00070000,7255000,2.53,-5081,0
2018-08-23 05:10,0.00350000,7255000,12.69,-25406,0
2018-08-23 05:10,0.00140000,7255000,5.07,-10162,0
2018-08-23 05:10,0.00170000,7255000,6.16,-12340,0
2018-08-23 05:10,0.00140000,7255000,5.07,-10162,0
2018-08-23 05:10,0.02050000,7256000,74.37,-148823,0
2018-08-23 05:11,0.60088340,7263000,2182.10,-4366399,0
2018-08-23 05:33,0.00140506,7275000,5.11,10216,1
2018-08-23 05:33,0.00271749,7275000,9.88,19759,1
2018-08-23 05:33,0.16600000,7275000,603.82,1207046,1
2018-08-23 05:33,0.05400000,7275000,196.42,392653,1
2018-08-23 05:33,0.20000000,7275000,727.50,1454272,1
2018-08-23 05:33,0.15723000,7275000,571.92,1143276,1
2018-08-23 05:35,0.26850000,7264000,975.19,-1951360,0
2018-08-23 06:04,0.07316712,7265000,265.77,531293,1
2018-08-23 06:04,0.06087431,7265000,221.12,442030,1
2018-08-23 06:07,0.94493738,7266000,3432.95,6862482,1
2018-08-23 06:07,0.09625000,7261000,349.43,698521,1
2018-08-23 06:08,0.10000000,7263000,363.15,725936,1
2018-08-23 06:08,0.10000000,7263000,363.15,725936,1
2018-08-23 06:08,0.07849634,7263000,285.05,569833,1
2018-08-23 06:10,0.10309698,7265000,374.49,748625,1
2018-08-23 06:13,0.17151896,7266000,623.12,1245633,1
2018-08-23 06:13,0.00022088,7266000,0.80,1604,1
2018-08-23 06:13,0.01882009,7266000,68.37,136678,1
2018-08-23 06:18,0.00186469,7286000,6.79,13579,1
2018-08-23 06:18,0.01384707,7287000,50.45,100853,1
2018-08-23 06:19,0.35621358,7287000,1297.86,2594430,1
2018-08-23 06:22,0.00059054,7285000,2.15,4299,1
2018-08-23 06:22,0.00050075,7288000,1.82,3647,1
2018-08-23 06:28,0.34243888,7287000,1247.67,2494104,1
2018-08-23 06:29,0.36283517,7288000,1322.17,2643020,1
2018-08-23 06:29,0.09088558,7288000,331.18,662042,1
2018-08-23 06:32,0.03248190,7288000,118.36,236609,1
2018-08-23 06:32,0.07741328,7288000,282.09,563905,1
2018-08-23 06:32,0.07388672,7288000,269.24,538217,1
2018-08-23 06:33,0.14620000,7295000,533.26,-1067063,0
2018-08-23 06:51,0.03442844,7320000,126.00,251890,1
2018-08-23 06:51,0.08397746,7320000,307.35,614407,1
2018-08-23 06:51,0.02770000,7320000,101.38,202662,1
2018-08-23 07:05,0.00930000,7267000,33.79,-67617,0
2018-08-23 07:05,0.08925908,7258000,323.92,-648167,0
2018-08-23 07:05,2.45104092,7260000,8897.27,-17803455,0
2018-08-23 07:05,0.08805104,7264000,319.80,-639923,0
2018-08-23 07:06,0.10000000,7270000,363.50,-727364,0
2018-08-23 07:06,0.10000000,7265000,363.25,-726864,0
2018-08-23 07:06,0.10000000,7265000,363.25,-726864,0
2018-08-23 07:06,0.01302749,7242000,47.17,-94393,0
2018-08-23 07:07,0.35985348,7242000,1303.02,-2607362,0
2018-08-23 07:10,0.03100000,7220000,111.91,223708,1
2018-08-23 07:10,0.00350000,7220000,12.63,25257,1
2018-08-23 07:10,0.01370000,7220000,49.45,98864,1
2018-08-23 07:10,0.09000000,7220000,324.90,649475,1
2018-08-23 07:10,0.14500000,7220000,523.45,1046376,1
2018-08-23 07:11,0.47802092,7200000,1720.87,3440029,1
2018-08-23 07:11,0.03000000,7200000,108.00,215892,1
2018-08-23 07:11,0.06807415,7200000,245.06,489888,1
2018-08-23 07:11,0.00868166,7200000,31.25,62476,1
2018-08-23 07:11,1.00000000,7200000,3600.00,7196400,1
2018-08-23 07:11,0.21338886,7200000,768.19,1535631,1
2018-08-23 07:11,0.01388888,7200000,49.99,99949,1
2018-08-23 07:11,0.00997972,7200000,35.92,71818,1
2018-08-23 07:11,0.20000000,7200000,720.00,1439280,1
2018-08-23 07:11,0.30000000,7200000,1080.00,2158920,1
2018-08-23 07:11,0.10000000,7200000,360.00,719640,1
2018-08-23 07:11,0.01388194,7200000,49.97,99899,1
2018-08-23 07:11,0.05000000,7200000,180.00,359820,1
2018-08-23 07:11,0.16115928,7200000,580.17,1159766,1
2018-08-23 07:11,0.38032459,7200000,1369.16,2736967,1
2018-08-23 07:11,4.00000000,7200000,14400.00,-28814400,0
2018-08-23 07:11,0.02972555,7221000,107.32,214540,1
2018-08-23 07:11,0.98000000,7221000,3538.29,7073041,1
2018-08-23 07:12,1.00970000,7200000,3634.92,-7273475,0
2018-08-23 07:16,0.49961405,7202000,1799.11,3596421,1
2018-08-23 07:16,0.00050000,7202000,1.80,3599,1
2018-08-23 07:24,0.10082162,7364000,371.22,742079,1
2018-08-23 07:24,1.83182628,7378000,6757.60,13508456,1
2018-08-23 07:24,0.13462168,7378000,496.61,992742,1
2018-08-23 07:24,0.16853065,7378000,621.70,1242797,1
2018-08-23 07:24,0.24995000,7378000,922.06,1843209,1
2018-08-23 07:24,0.10000000,7378000,368.90,737431,1
2018-08-23 07:25,0.48864567,7345000,1794.55,3587307,1
2018-08-23 07:25,0.02243220,7345000,82.38,164682,1
2018-08-23 07:25,0.10800000,7345000,396.63,792863,1
2018-08-23 07:25,0.25312833,7320000,926.44,1851972,1
2018-08-23 07:25,0.04187167,7320000,153.25,306347,1
2018-08-23 07:29,0.45810000,7310000,1674.35,-3350386,0
2018-08-23 07:31,0.01388255,7310000,50.74,-101533,0
2018-08-23 07:31,0.14491745,7310000,529.67,-1059877,0
2018-08-23 07:31,0.14750000,7312000,539.26,-1079060,0
2018-08-23 07:31,0.09990000,7308000,365.03,-730435,0
2018-08-23 07:35,0.00690408,7315000,25.25,50478,1
2018-08-23 07:36,0.62010000,7302000,2263.98,-4530235,0
2018-08-23 07:36,0.00220413,7315000,8.06,16115,1
2018-08-23 07:37,0.02800000,7300000,102.20,-204503,0
2018-08-23 07:44,0.06010000,7304000,219.48,-439190,0
2018-08-23 07:45,1.11173590,7297000,4056.16,8108280,1
2018-08-23 07:47,0.06963046,7297000,254.04,507839,1
2018-08-23 07:47,0.06848706,7297000,249.87,499500,1
2018-08-23 07:47,0.00684870,7297000,24.98,49949,1
2018-08-23 07:47,0.00100000,7297000,3.64,7293,1
2018-08-23 07:47,0.06044878,7297000,220.54,440874,1
2018-08-23 07:48,0.05784011,7288000,210.76,421327,1
2018-08-23 07:48,0.00014000,7288000,0.51,1019,1
2018-08-23 07:51,0.05870000,7285000,213.81,-427844,0
2018-08-23 07:51,0.03130000,7285000,114.01,-228135,0
2018-08-23 07:53,1.15062658,7279000,4187.70,-8379599,0
2018-08-23 07:53,0.00230000,7276000,8.36,-16744,0
2018-08-23 07:57,0.03658691,7285000,133.26,266402,1
2018-08-23 07:57,0.00018648,7285000,0.67,1357,1
2018-08-23 07:57,0.06732723,7285000,245.23,490233,1
2018-08-23 08:08,0.05260000,7298000,191.93,-384067,0
2018-08-23 08:12,0.10790000,7300000,393.83,-788064,0
2018-08-23 08:14,0.10000000,7298000,364.90,729435,1
2018-08-23 08:14,0.05808425,7299000,211.97,423744,1
2018-08-23 08:14,0.10000000,7299000,364.95,729535,1
2018-08-23 08:14,0.00030000,7297000,1.09,2188,1
2018-08-23 08:14,0.02800000,7297000,102.15,204213,1
2018-08-23 08:15,0.00500000,7296000,18.24,36461,1
2018-08-23 08:15,0.62690000,7301000,2288.49,-4579286,0
2018-08-23 08:23,1.06660000,7322000,3904.82,-7813550,0
2018-08-23 08:23,0.00006246,7323000,0.22,-458,0
2018-08-23 08:23,0.13064291,7333000,479.00,957525,1
2018-08-23 08:23,0.10000000,7323000,366.15,-732667,0
2018-08-23 08:23,0.10000000,7323000,366.15,-732667,0
2018-08-23 08:25,0.06690000,7310000,244.51,-489284,0
2018-08-23 08:37,1.92858840,7334000,7072.13,14137195,1
2018-08-23 08:38,0.39040000,7313000,1427.49,-2856423,0
2018-08-23 08:38,1.31432780,7314000,4806.49,-9617800,0
2018-08-23 08:39,0.82902149,7328000,3037.53,6072031,1
2018-08-23 08:43,0.12907303,7316000,472.14,943826,1
2018-08-23 08:43,0.01397682,7316000,51.12,102203,1
2018-08-23 08:44,0.05740811,7310000,209.82,-419864,0
2018-08-23 08:44,0.00409189,7310000,14.95,-29927,0
2018-08-23 08:47,0.04036229,7308000,147.48,294820,1
2018-08-23 08:49,0.84996336,7300000,3102.36,6201630,1
2018-08-23 08:50,0.10000000,7290000,364.50,-729365,0
2018-08-23 09:14,0.36041007,7334000,1321.62,2641925,1
2018-08-23 09:14,0.48277606,7334000,1770.33,3538909,1
2018-08-23 09:22,0.00787830,7332000,28.88,57734,1
2018-08-23 09:22,0.13769657,7329000,504.58,1008673,1
2018-08-23 09:22,0.11150343,7329000,408.60,816800,1
2018-08-23 09:28,0.43380000,7329000,1589.66,-3180910,0
2018-08-23 09:38,0.16723727,7319000,612.00,-1224622,0
2018-08-23 10:04,0.03427750,7378000,126.44,252772,1
2018-08-23 10:05,0.49469459,7375000,1824.18,3646548,1
2018-08-23 10:05,0.07210000,7373000,265.79,531327,1
2018-08-23 10:16,0.49860000,7363000,1835.59,-3673028,0
2018-08-23 10:16,0.85039806,7362000,3130.31,-6263761,0
2018-08-23 11:07,0.73598318,7355000,2706.57,5410449,1
2018-08-23 11:11,0.59896952,7359000,2203.90,4405612,1
2018-08-23 11:14,0.00804852,7360000,29.61,59207,1
2018-08-23 11:14,0.00600000,7360000,22.08,44137,1
2018-08-23 11:32,0.42746756,7361000,1573.29,-3148162,0
2018-08-23 11:32,0.68205000,7361000,2510.28,-5023081,0
2018-08-23 12:23,1.56320588,7311000,5714.29,-11434313,0
2018-08-23 12:23,1.20784514,7312000,4415.88,-8836180,0
2018-08-23 12:34,0.04652282,7309000,170.01,339865,1
2018-08-23 13:02,0.74243661,7329000,2720.65,5438597,1
2018-08-23 13:31,3.09160000,7340000,11346.17,22680997,1
2018-08-23 20:10,0.00050961,7354000,1.87,-3750,0
2018-08-23 22:43,0.00008743,7339000,0.32,-642,0
2018-08-24 01:12,0.01041495,7377000,38.41,-76870,0
2018-08-24 01:13,0.02860000,7377000,105.49,-211088,0
2018-08-24 01:14,0.01480000,7375000,54.57,-109205,0
2018-08-24 01:27,0.00002552,7383000,0.09,-189,0
2018-08-24 01:27,0.00687448,7383000,25.37,-50780,0
2018-08-24 01:29,1.29160000,7382000,4767.29,-9539359,0
2018-08-24 01:44,0.43336610,7393000,1601.93,3202273,1
2018-08-24 02:15,0.16725098,7376000,616.82,1233026,1
2018-08-24 03:26,0.00006004,7366000,0.22,-443,0
2018-08-24 03:27,0.13340000,7365000,491.24,-982983,0
2018-08-24 03:45,0.00006166,7347000,0.22,-454,0
2018-08-24 03:45,0.10000000,7349000,367.45,-735268,0
2018-08-24 03:46,0.00009900,7350000,0.36,-728,0
2018-08-24 03:47,0.10000000,7349000,367.45,-735268,0
2018-08-24 04:30,0.03080520,7358000,113.33,226551,1
2018-08-24 04:32,0.06800000,7313000,248.64,497035,1
2018-08-24 04:33,0.42139239,7313000,1540.82,3080101,1
2018-08-24 04:33,1.63600000,7318000,5986.12,-11978235,0
2018-08-24 04:33,1.79830000,7318000,6579.97,-13166540,0
2018-08-24 05:50,0.25255838,7327000,925.24,1849570,1
2018-08-24 06:03,0.00652900,7343000,23.97,47918,1
2018-08-24 06:07,1.20000000,7359000,4415.40,8826384,1
2018-08-24 06:08,1.84093644,7359000,6773.72,13540677,1
2018-08-24 06:08,0.05978232,7359000,219.96,439718,1
2018-08-24 06:15,0.38538035,7376000,1421.28,2841144,1
2018-08-24 06:15,0.00440712,7379000,16.26,32503,1
2018-08-24 06:46,0.02934922,7391000,108.46,216811,1
2018-08-24 06:46,0.22105078,7391000,816.89,1632969,1
2018-08-24 07:08,1.82570000,7466000,6815.33,-13637492,0
2018-08-24 07:10,1.76920000,7466000,6604.42,-13215452,0
2018-08-24 07:11,0.19697011,7464000,735.09,1469449,1
2018-08-24 07:11,0.02861725,7464000,106.79,213492,1
2018-08-24 07:11,0.01000000,7464000,37.32,74602,1
2018-08-24 07:12,0.36606030,7459000,1365.22,2729078,1
2018-08-24 07:12,0.00374996,7459000,13.98,27956,1
2018-08-24 07:12,0.01894973,7459000,70.67,141275,1
2018-08-24 07:12,0.00374996,7459000,13.98,27956,1
2018-08-24 07:12,0.06822101,7459000,254.43,508606,1
2018-08-24 07:12,0.00829535,7459000,30.93,61844,1
2018-08-24 07:12,0.06822101,7459000,254.43,508606,1
2018-08-24 07:12,0.12039717,7459000,449.02,897593,1
2018-08-24 07:12,0.80578909,7458000,3004.78,6006570,1
2018-08-24 07:12,0.16178102,7458000,603.28,1205959,1
2018-08-24 07:12,0.10000000,7450000,372.50,744627,1
2018-08-24 07:12,0.12772015,7450000,475.75,951039,1
2018-08-24 07:12,0.10000000,7450000,372.50,744627,1
2018-08-24 07:12,0.01339083,7450000,49.88,99711,1
2018-08-24 07:12,0.01113200,7450000,41.46,82891,1
2018-08-24 07:12,0.19219506,7450000,715.92,1431137,1
2018-08-24 07:12,0.01493307,7450000,55.62,111195,1
2018-08-24 07:12,0.04596764,7450000,171.22,342287,1
2018-08-24 07:12,0.01400000,7450000,52.15,104247,1
2018-08-24 07:12,0.14735800,7450000,548.90,1097268,1
2018-08-24 07:12,0.08859800,7450000,330.02,659725,1
2018-08-24 07:13,0.00282748,7446000,10.52,21042,1
2018-08-24 07:13,0.87597252,7446000,3261.24,6519230,1
2018-08-24 07:15,0.00000938,7436000,0.03,-70,0
2018-08-24 07:22,0.02556138,7435000,95.02,-190144,0
2018-08-24 07:22,0.01094035,7435000,40.67,-81383,0
2018-08-24 07:45,0.00162000,7430000,6.01,12030,1
2018-08-24 07:45,0.00900000,7430000,33.43,66836,1
2018-08-24 07:46,0.02590000,7423000,96.12,192159,1
2018-08-24 07:49,0.52010000,7403000,1925.15,-3852226,0
2018-08-24 07:50,0.02139618,7422000,79.40,158723,1
2018-08-24 07:50,0.11581837,7420000,429.68,858942,1
2018-08-24 07:51,0.38290000,7420000,1420.55,2839697,1
2018-08-24 09:06,0.00009435,7440000,0.35,-703,0
2018-08-24 09:39,0.00002033,7412000,0.07,-151,0
2018-08-24 09:39,0.03567967,7412000,132.22,-264590,0
2018-08-24 10:54,2.24100000,7400000,8291.70,-16591692,0
2018-08-24 10:55,0.00006024,7401000,0.22,-446,0
2018-08-24 11:03,0.53498582,7426000,1986.40,3970818,1
2018-08-24 11:03,0.11278179,7426000,418.75,837098,1
2018-08-24 11:03,1.62903239,7426000,6048.59,12091145,1
2018-08-24 12:59,0.35119801,7399000,1299.25,-2599814,0
2018-08-24 12:59,0.00226033,7399000,8.36,-16733,0
2018-08-24 13:45,0.14906053,7411000,552.34,1104135,1
2018-08-24 13:46,0.20440000,7420000,758.32,1515889,1
2018-08-24 15:48,0.10230000,7408000,378.91,-758218,0
2018-08-24 15:58,0.10230000,7420000,379.53,758686,1
2018-08-24 17:05,2.22310000,7420000,8247.70,-16503650,0
2018-08-24 17:06,0.00611896,7435000,22.74,45471,1
2018-08-24 17:06,0.00212100,7435000,7.88,15761,1
2018-08-24 17:06,0.00665081,7435000,24.72,49424,1
2018-08-24 17:06,0.06683100,7435000,248.44,496640,1
2018-08-24 17:06,0.00665081,7435000,24.72,49424,1
2018-08-24 17:51,0.21660000,7425000,804.12,-1609060,0
2018-08-24 17:52,0.04661307,7425000,173.05,-346275,0
2018-08-24 17:52,0.17548693,7425000,651.49,-1303642,0
2018-08-24 18:10,2.57350000,7445000,9579.85,19150127,1
2018-08-24 20:36,4.00000000,7440000,14880.00,-29774880,0
2018-08-24 21:03,0.03205825,7444000,119.32,238522,1
2018-08-24 21:03,0.10542395,7444000,392.38,784383,1
2018-08-24 21:03,0.01240444,7442000,46.15,92267,1
2018-08-24 21:03,0.00111487,7442000,4.14,8292,1
2018-08-24 21:03,0.00111394,7442000,4.14,8285,1
2018-08-24 21:04,0.56816980,7439000,2113.30,4224501,1
2018-08-24 21:06,1.39103313,7435000,5171.16,10337160,1
2018-08-24 21:07,1.25355344,7422000,4651.93,-9308526,0
2018-08-24 21:07,0.46534656,7422000,1726.90,-3455529,0
2018-08-24 21:15,0.23429029,7427000,870.03,1739203,1
2018-08-24 21:37,0.02644386,7423000,98.14,196194,1
2018-08-24 21:37,0.65514129,7423000,2431.55,4860682,1
2018-08-24 21:57,0.26275670,7426000,975.61,1950255,1
2018-08-24 21:57,0.10000000,7426000,371.30,742228,1
2018-08-24 21:57,0.10000000,7426000,371.30,742228,1
2018-08-24 21:57,0.54971958,7430000,2042.20,-4086459,0
2018-08-24 21:57,0.00500000,7430000,18.57,-37169,0
2018-08-24 22:02,0.01878507,7449000,69.96,139860,1
2018-08-24 22:16,0.00013509,7432000,0.50,1003,1
2018-08-24 22:34,0.07800505,7428000,289.71,579131,1
2018-08-24 22:48,0.01423237,7436000,52.91,105778,1
2018-08-24 22:48,0.74367224,7435000,2764.60,5526438,1
2018-08-24 22:50,0.00243080,7435000,9.03,18063,1
2018-08-24 22:51,0.16744665,7435000,622.48,1244343,1
2018-08-24 22:51,0.15437351,7435000,573.88,1147193,1
2018-08-24 22:51,0.04706482,7435000,174.96,349751,1
2018-08-24 22:52,0.11702860,7435000,435.05,869672,1
2018-08-24 22:52,0.23614381,7435000,877.86,1754851,1
2018-08-24 22:52,0.02185974,7435000,81.26,162445,1
2018-08-24 23:05,0.00574247,7434000,21.34,42668,1
2018-08-24 23:05,0.01003800,7434000,37.31,74585,1
2018-08-24 23:05,0.00440390,7434000,16.36,32722,1
2018-08-24 23:27,1.16230000,7455000,4332.47,8660614,1
2018-08-24 23:44,0.54999301,7370000,2026.72,-4055476,0
2018-08-24 23:45,1.41454936,7368000,5211.19,-10427611,0
2018-08-24 23:46,0.76189295,7374000,2809.09,-5621008,0
2018-08-24 23:46,0.01451816,7374000,53.52,-107111,0
2018-08-24 23:53,0.10000000,7418000,370.90,-742171,0
2018-08-25 00:09,0.00671616,7408000,24.87,49728,1
2018-08-25 00:09,0.00316887,7408000,11.73,23463,1
2018-08-25 00:09,0.29640179,7408000,1097.87,2194646,1
2018-08-25 00:12,0.73327058,7410000,2716.76,5430818,1
2018-08-25 00:12,0.00292957,7410000,10.85,21697,1
2018-08-25 00:13,0.01445987,7408000,53.55,107065,1
2018-08-25 00:14,0.00014000,7409000,0.51,1036,1
2018-08-25 00:20,0.65785818,7410000,2437.36,4872291,1
2018-08-25 00:20,0.06074628,7410000,225.06,449904,1
2018-08-25 00:22,0.07800297,7409000,288.96,577635,1
2018-08-25 00:24,0.29977448,7409000,1110.51,2219918,1
2018-08-25 00:31,0.00291704,7404000,10.79,21586,1
2018-08-25 00:31,0.03580000,7405000,132.54,264966,1
2018-08-25 01:00,0.40487442,7405000,1499.04,2996596,1
2018-08-25 01:00,0.24382558,7405000,902.76,1804625,1
2018-08-25 01:09,0.04821862,7400000,178.40,-356997,0
2018-08-25 01:09,0.07838138,7400000,290.01,-580313,0
2018-08-25 01:12,0.00683666,7423000,25.37,50723,1
2018-08-25 01:12,0.11980000,7425000,444.75,889070,1
2018-08-25 02:25,0.00001240,7468000,0.04,-93,0
2018-08-25 02:25,0.00668760,7468000,24.97,-49968,0
2018-08-25 02:26,0.00670000,7475000,25.04,50057,1
2018-08-25 02:57,0.01391662,7453000,51.86,-103773,0
2018-08-25 02:57,0.02716361,7453000,101.22,-202552,0
2018-08-25 02:57,0.00806332,7453000,30.04,-60126,0
2018-08-25 02:57,0.01175645,7453000,43.81,-87665,0
2018-08-25 02:59,0.00662219,7464000,24.71,49403,1
2018-08-25 02:59,0.02700755,7464000,100.79,201483,1
2018-08-25 03:03,0.02730000,7477000,102.06,204020,1
2018-08-25 04:11,0.00008175,7488000,0.30,-613,0
2018-08-25 04:11,0.00406771,7488000,15.22,-30475,0
2018-08-25 04:11,0.00388814,7488000,14.55,-29129,0
2018-08-25 04:13,0.00009948,7483000,0.37,-745,0
2018-08-25 04:13,0.19167681,7483000,717.15,-1435035,0
2018-08-25 04:13,0.17636823,7488000,660.32,-1321306,0
2018-08-25 04:13,0.10669774,7488000,399.47,-799353,0
2018-08-25 04:13,0.01336851,7488000,50.05,-100154,0
2018-08-25 04:13,0.00670927,7488000,25.11,-50265,0
2018-08-25 04:29,0.10000000,7483000,374.15,747925,1
2018-08-25 04:29,0.30000000,7483000,1122.45,2243777,1
2018-08-25 04:29,0.01700000,7483000,63.60,127147,1
2018-08-25 04:29,0.08590000,7483000,321.39,642468,1
2018-08-25 05:29,0.02430000,7470000,90.76,-181612,0
2018-08-25 05:33,0.02430000,7489000,90.99,181891,1
2018-08-25 05:44,0.01190000,7483000,44.52,-89093,0
2018-08-25 05:46,0.01190000,7496000,44.60,89157,1
2018-08-25 05:51,0.04700000,7485000,175.89,-351971,0
2018-08-25 05:53,0.00004296,7484000,0.16,-322,0
2018-08-25 05:55,0.00002768,7487000,0.10,-208,0
2018-08-25 05:55,0.01336851,7487000,50.04,-100140,0
2018-08-25 05:55,0.00670927,7487000,25.11,-50258,0
2018-08-25 05:56,0.02100000,7488000,78.62,-157327,0
2018-08-25 05:56,0.71680000,7487000,2683.34,-5369365,0
2018-08-25 05:56,0.00006162,7486000,0.23,-462,0
2018-08-25 05:56,0.00312200,7486000,11.68,-23383,0
2018-08-25 05:56,0.03660560,7486000,137.01,-274167,0
2018-08-25 06:27,0.84480000,7520000,3176.44,6349719,1
2018-08-25 06:37,0.01555586,7550000,58.72,-117506,0
2018-08-25 06:37,0.30000000,7550000,1132.50,-2266133,0
2018-08-25 06:37,0.49550123,7550000,1870.51,-3742905,0
2018-08-25 06:37,0.16814291,7550000,634.73,-1270114,0
2018-08-25 06:38,0.03252759,7566000,123.05,-246227,0
2018-08-25 06:40,0.07019473,7574000,265.82,531389,1
2018-08-25 06:49,0.01428102,7540000,53.83,107625,1
2018-08-25 06:49,0.10000000,7540000,377.00,753623,1
2018-08-25 06:49,0.74449800,7540000,2806.75,5610708,1
2018-08-25 06:49,0.08272098,7540000,311.85,623404,1
2018-08-25 07:21,0.00329625,7573000,12.48,-24975,0
2018-08-25 07:39,0.00972183,7555000,36.72,-73486,0
2018-08-25 07:43,0.01300000,7566000,49.17,98308,1
2018-08-25 08:08,4.00000000,7537000,15074.00,-30163074,0
2018-08-25 08:17,0.02465467,7543000,92.98,185877,1
2018-08-25 08:17,0.14414600,7543000,543.64,1086749,1
2018-08-25 08:34,0.13478679,7573000,510.37,1020229,1
2018-08-25 08:38,0.32692303,7586000,1240.01,2478798,1
2018-08-25 08:43,1.88844201,7590000,7166.63,14326108,1
2018-08-25 08:46,1.35532319,7577000,5134.64,10264149,1
2018-08-25 08:46,0.02578150,7577000,97.67,195248,1
2018-08-25 08:50,0.10000000,7580000,379.00,757621,1
2018-08-25 09:45,0.02508597,7603000,95.36,-190824,0
2018-08-25 09:45,0.00131403,7603000,4.99,-9996,0
2018-08-25 09:46,0.02640000,7609000,100.43,200777,1
2018-08-25 10:39,0.37040000,7589000,1405.48,-2812371,0
2018-08-25 11:00,0.05677003,7602000,215.78,431349,1
2018-08-25 11:00,0.00200000,7602000,7.60,15196,1
2018-08-25 11:04,0.18365448,7615000,699.26,1397829,1
2018-08-25 11:04,0.00651828,7615000,24.81,49611,1
2018-08-25 11:04,0.04941302,7616000,188.16,376141,1
2018-08-25 11:06,0.26967842,7622000,1027.74,-2056517,0
2018-08-25 11:06,0.00655996,7622000,25.00,-50025,0
2018-08-25 11:06,0.36233699,7625000,1381.40,-2764201,0
2018-08-25 11:06,0.00626301,7625000,23.87,-47780,0
2018-08-25 11:13,0.00008372,7635000,0.31,-640,0
2018-08-25 11:15,0.26563885,7645000,1015.40,2029793,1
2018-08-25 11:16,0.02316485,7645000,88.54,177006,1
2018-08-25 11:16,0.42813515,7645000,1636.54,3271456,1
2018-08-25 12:26,0.00004566,7626000,0.17,-349,0
2018-08-25 12:27,0.00530000,7626000,20.20,-40438,0
2018-08-25 12:27,0.00330000,7626000,12.58,-25179,0
2018-08-25 12:44,0.00014436,7616000,0.54,1098,1
2018-08-25 12:44,0.00100000,7616000,3.80,7612,1
2018-08-25 12:44,0.00745564,7616000,28.39,56753,1
2018-08-25 13:41,0.00007075,7561000,0.26,-536,0
2018-08-25 15:17,0.00002283,7577000,0.08,-173,0
2018-08-25 15:17,0.05296565,7577000,200.66,-401522,0
2018-08-25 15:23,0.00131069,7575000,4.96,9923,1
2018-08-25 15:24,0.01386066,7573000,52.48,104914,1
2018-08-25 15:24,0.00013858,7573000,0.52,1048,1
2018-08-25 15:24,0.00026409,7573000,0.99,1998,1
2018-08-25 15:24,0.03753667,7573000,142.13,284123,1
2018-08-25 15:28,0.03620000,7566000,136.94,-274027,0
2018-08-25 15:29,0.19385018,7566000,733.33,-1467404,0
2018-08-25 15:56,0.01040000,7551000,39.26,-78570,0
2018-08-25 16:09,0.24040000,7560000,908.71,1816515,1
2018-08-25 16:28,0.19591733,7526000,737.23,-1475211,0
2018-08-25 16:28,0.08758211,7526000,329.57,-659473,0
2018-08-25 16:28,0.18700056,7526000,703.68,-1408070,0
2018-08-25 16:32,1.11379646,7526000,4191.21,-8386624,0
2018-08-25 16:32,0.77716021,7526000,2924.45,-5851833,0
2018-08-25 16:46,0.52730974,7537000,1987.16,-3976321,0
2018-08-25 16:46,0.03899026,7537000,146.93,-294017,0
2018-08-25 16:57,0.22970000,7539000,865.85,-1732575,0
2018-08-25 17:47,0.99415000,7589000,3772.30,7540832,1
2018-08-25 17:47,0.01217091,7589000,46.18,92318,1
2018-08-25 17:55,0.01318775,7579000,49.97,99899,1
2018-08-25 17:55,0.19750000,7579000,748.42,1496104,1
2018-08-25 18:00,0.09554612,7583000,362.26,724163,1
2018-08-25 18:00,0.41303810,7583000,1566.03,3130501,1
2018-08-25 18:05,0.99048445,7578000,3752.94,-7509645,0
2018-08-25 18:22,0.21193085,7578000,803.00,1605208,1
2018-08-25 18:38,0.11820000,7566000,447.15,-894749,0
2018-08-25 18:44,1.67130000,7566000,6322.52,-12651379,0
2018-08-25 18:49,1.03409822,7561000,3909.40,7814907,1
2018-08-25 18:49,0.00300000,7561000,11.34,22671,1
2018-08-25 18:49,0.00013272,7561000,0.50,1002,1
2018-08-25 19:07,0.00004819,7547000,0.18,-364,0
2018-08-25 19:07,0.26691426,7564000,1009.46,2017929,1
2018-08-25 19:08,0.18530000,7552000,699.69,-1400086,0
2018-08-25 19:09,0.00004503,7552000,0.17,-341,0
2018-08-25 19:09,0.58549900,7552000,2210.84,-4423900,0
2018-08-25 19:09,0.00033134,7552000,1.25,-2504,0
2018-08-25 20:02,0.00748080,7568000,28.30,56586,1
2018-08-25 20:28,0.29706176,7576000,1125.26,2249414,1
2018-08-25 20:39,0.09760681,7560000,368.95,737538,1
2018-08-25 20:39,0.06512999,7558000,246.12,492006,1
2018-08-25 20:39,0.00300000,7558000,11.33,22662,1
2018-08-25 20:39,0.00100000,7558000,3.77,7554,1
2018-08-25 20:39,0.00889195,7558000,33.60,67171,1
2018-08-25 20:55,1.04531719,7563000,3952.86,7901781,1
2018-08-25 21:03,0.42810026,7559000,1618.00,3234391,1
2018-08-25 21:03,0.32259164,7559000,1219.23,2437250,1
2018-08-25 21:03,0.32259164,7559000,1219.23,2437250,1
2018-08-25 21:03,0.01454491,7559000,54.97,109890,1
2018-08-25 21:03,0.02900000,7559000,109.60,219101,1
2018-08-25 21:03,0.30886022,7559000,1167.33,2333507,1
2018-08-25 21:04,0.03018181,7559000,114.07,228030,1
2018-08-25 21:04,0.30886022,7559000,1167.33,2333507,1
2018-08-25 21:08,0.17680000,7560000,668.30,1335939,1
2018-08-25 21:24,4.00000000,7550000,15100.00,-30215100,0
2018-08-25 21:49,4.00000000,7540000,15080.00,30144920,1
2018-08-25 22:26,0.04840000,7539000,182.44,-365070,0
2018-08-25 22:37,0.00110000,7553000,4.15,-8313,0
2018-08-25 22:39,0.04950000,7561000,187.13,374082,1
2018-08-26 00:31,0.00004230,7603000,0.16,-322,0
2018-08-26 01:05,0.00618678,7575000,23.43,-46889,0
2018-08-26 01:05,0.12430504,7575000,470.80,-942082,0
2018-08-26 01:05,0.15262648,7575000,578.07,-1156724,0
2018-08-26 01:08,0.28320000,7574000,1072.47,2143884,1
2018-08-26 01:46,0.00002979,7573000,0.11,-226,0
2018-08-26 01:57,0.00001671,7579000,0.06,-127,0
2018-08-26 02:08,0.00006783,7575000,0.25,-514,0
2018-08-26 02:08,0.00002194,7577000,0.08,-167,0
2018-08-26 02:09,0.00002319,7574000,0.08,-176,0
2018-08-26 02:12,0.76011992,7577000,2879.71,-5762309,0
2018-08-26 02:14,0.00009206,7578000,0.34,-698,0
2018-08-26 02:25,0.01638122,7596000,62.21,124369,1
2018-08-26 03:36,1.02509722,7560000,3874.86,-7753610,0
2018-08-26 03:38,0.26698510,7560000,1009.20,-2019417,0
2018-08-26 03:38,0.03626061,7560000,137.06,-274268,0
2018-08-26 05:09,0.00003474,7565000,0.13,-263,0
2018-08-26 05:10,0.03989561,7578000,151.16,302177,1
2018-08-26 05:30,0.02490000,7565000,94.18,-188463,0
2018-08-26 06:00,0.00632684,7568000,23.94,47857,1
2018-08-26 06:04,0.00474263,7558000,17.92,-35863,0
2018-08-26 06:04,0.04255737,7558000,160.82,-321810,0
2018-08-26 06:10,0.15020000,7559000,567.68,-1135930,0
2018-08-26 06:10,0.37891078,7561000,1432.47,-2866377,0
2018-08-26 06:10,0.00480000,7561000,18.14,-36311,0
2018-08-26 06:10,0.00670000,7561000,25.32,-50684,0
2018-08-26 06:10,0.00380615,7561000,14.38,-28793,0
2018-08-26 06:20,0.09420000,7567000,356.40,-713168,0
2018-08-26 06:23,0.38090000,7557000,1439.23,-2879901,0
2018-08-26 07:50,3.11780000,7582000,11819.57,23627340,1
2018-08-26 08:19,0.09820000,7586000,372.47,-745318,0
2018-08-26 08:38,0.00521869,7620000,19.88,39746,1
2018-08-26 08:38,0.09300000,7620000,354.33,708305,1
2018-08-26 08:57,0.11043054,7603000,419.80,-840024,0
2018-08-26 08:57,0.01000000,7603000,38.01,-76068,0
2018-08-26 08:57,0.07139396,7603000,271.40,-543080,0
2018-08-26 08:57,0.06822093,7603000,259.34,-518943,0
2018-08-26 08:57,0.05085457,7603000,193.32,-386841,0
2018-08-26 09:03,0.00129441,7596000,4.91,9827,1
2018-08-26 09:03,0.01400000,7596000,53.17,106290,1
2018-08-26 09:10,0.05876415,7622000,223.95,447676,1
2018-08-26 09:10,0.01233800,7622000,47.02,93993,1
2018-08-26 09:11,0.07345549,7621000,279.90,559524,1
2018-08-26 09:11,0.00562964,7621000,21.45,42882,1
2018-08-26 09:11,0.07609513,7621000,289.96,579631,1
2018-08-26 09:11,0.01311508,7621000,49.97,99900,1
2018-08-26 09:11,0.00506668,7621000,19.30,38593,1
2018-08-26 09:11,0.05113798,7621000,194.86,389527,1
2018-08-26 09:47,0.00004233,7621000,0.16,-323,0
2018-08-26 09:48,0.29780000,7621000,1134.76,-2270669,0
2018-08-26 09:58,0.29790000,7631000,1136.63,2272138,1
2018-08-26 10:54,0.12560000,7604000,477.53,-955540,0
2018-08-26 10:57,0.11630000,7604000,442.17,-884788,0
2018-08-26 10:58,1.69038321,7605000,6427.68,-12861792,0
2018-08-26 10:58,0.02622704,7605000,99.72,-199557,0
2018-08-26 10:58,0.06935876,7605000,263.73,-527738,0
2018-08-26 10:58,0.01503099,7605000,57.15,-114368,0
2018-08-26 10:58,0.00002985,7605000,0.11,-228,0
2018-08-26 11:04,2.04290000,7621000,7784.47,15561156,1
2018-08-26 11:07,0.00009851,7603000,0.37,-750,0
2018-08-26 11:07,0.17050000,7601000,647.98,-1296619,0
2018-08-26 11:10,0.21490000,7588000,815.33,-1631477,0
2018-08-26 11:15,0.00509940,7611000,19.40,38792,1
2018-08-26 11:16,0.00203630,7602000,7.73,15472,1
2018-08-26 11:16,1.26020000,7586000,4779.93,-9564658,0
2018-08-26 11:24,0.00380000,7565000,14.37,-28762,0
2018-08-26 11:25,0.00710000,7564000,26.85,-53732,0
2018-08-26 11:30,0.95093604,7576000,3602.14,7200689,1
2018-08-26 11:32,0.26700000,7555000,1008.59,2016176,1
2018-08-26 11:32,0.00127767,7550000,4.82,9641,1
2018-08-26 11:32,0.05263168,7550000,198.68,397170,1
2018-08-26 11:32,0.00127767,7550000,4.82,9641,1
2018-08-26 11:32,0.00558510,7550000,21.08,42146,1
2018-08-26 11:32,0.01700699,7550000,64.20,128338,1
2018-08-26 11:32,0.00131705,7550000,4.97,9938,1
2018-08-26 11:32,0.00131705,7543000,4.96,9929,1
2018-08-26 11:32,0.00244004,7543000,9.20,18396,1
2018-08-26 11:32,0.00131993,7535000,4.97,9940,1
2018-08-26 11:32,0.07070000,7535000,266.36,532458,1
2018-08-26 11:32,0.10000000,7535000,376.75,753123,1
2018-08-26 11:32,0.00131993,7535000,4.97,9940,1
2018-08-26 11:32,0.17530000,7534000,660.35,1320049,1
2018-08-26 11:33,0.00549272,7530000,20.68,-41381,0
2018-08-26 11:33,0.00013508,7530000,0.50,-1018,0
2018-08-26 11:33,0.01057220,7530000,39.80,-79649,0
2018-08-26 11:33,2.91696623,7535000,10989.67,-21990331,0
2018-08-26 11:33,0.07502363,7535000,282.65,-565586,0
2018-08-26 11:33,0.00531014,7535000,20.00,-40032,0
2018-08-26 12:04,0.54511265,7520000,2049.62,4097197,1
2018-08-26 12:04,0.08900376,7520000,334.65,668973,1
2018-08-26 12:04,0.10000000,7520000,376.00,751624,1
2018-08-26 12:04,0.01994680,7520000,74.99,149924,1
2018-08-26 12:04,0.00200000,7520000,7.52,15032,1
2018-08-26 12:07,0.12358497,7502000,463.56,-927598,0
2018-08-26 12:08,0.19492191,7498000,730.76,1460793,1
2018-08-26 12:08,0.08692150,7498000,325.86,651411,1
2018-08-26 12:08,0.01000000,7498000,37.49,74942,1
2018-08-26 12:08,0.02485955,7490000,93.09,-186292,0
2018-08-26 12:08,0.00755918,7490000,28.30,-56647,0
2018-08-26 12:08,0.34525906,7490000,1292.99,-2587284,0
2018-08-26 12:09,0.16478767,7490000,617.12,-1234877,0
2018-08-26 12:11,0.02067214,7516000,77.68,155294,1
2018-08-26 12:16,0.01363061,7492000,51.06,-102172,0
2018-08-26 12:16,0.00072819,7492000,2.72,-5459,0
2018-08-26 12:16,0.00124120,7492000,4.64,-9304,0
2018-08-26 12:17,0.27910000,7491000,1045.36,-2091784,0
2018-08-26 12:17,0.00008743,7491000,0.32,-656,0
2018-08-26 12:17,0.02491257,7491000,93.31,-186714,0
2018-08-26 12:17,0.53700000,7491000,2011.33,-4024679,0
2018-08-26 12:23,0.13204144,7509000,495.74,991003,1
2018-08-26 12:23,0.02802649,7509000,105.22,210345,1
2018-08-26 12:23,0.97445589,7510000,3659.08,7314504,1
2018-08-26 12:42,0.00132452,7510000,4.97,9942,1
2018-08-26 13:04,0.38240000,7505000,1434.95,-2871347,0
2018-08-26 13:19,0.08395189,7499000,314.77,629240,1
2018-08-26 13:31,1.36970000,7497000,5134.32,-10273776,0
2018-08-26 14:13,0.00132714,7490000,4.97,9935,1
2018-08-26 15:46,2.06439731,7480000,7720.84,15433971,1
2018-08-26 16:10,0.03115915,7481000,116.55,-233219,0
2018-08-26 16:10,0.01520000,7481000,56.85,-113768,0
2018-08-26 16:13,0.00133065,7495000,4.98,9968,1
2018-08-26 16:13,0.00133065,7495000,4.98,9968,1
2018-08-26 16:14,1.97800000,7495000,7412.55,14817697,1
2018-08-26 17:30,0.51325601,7509000,1927.01,-3855967,0
2018-08-26 17:30,0.00100000,7509000,3.75,-7513,0
2018-08-26 17:43,0.02991625,7499000,112.17,224229,1
2018-08-26 17:43,0.00177116,7499000,6.64,13275,1
2018-08-26 17:43,0.00422505,7499000,15.84,31667,1
2018-08-26 17:43,0.07011720,7499000,262.90,525545,1
2018-08-26 17:48,0.40985799,7490000,1534.91,-3071372,0
2018-08-26 18:01,3.18180000,7490000,11915.84,-23843598,0
2018-08-26 18:43,0.10000000,7519000,375.95,751524,1
2018-08-26 18:43,0.10000000,7519000,375.95,751524,1
2018-08-26 18:43,0.00019942,7518000,0.74,1498,1
2018-08-26 18:43,0.40410000,7518000,1519.01,3036504,1
2018-08-26 18:46,0.17994798,7529000,677.41,1354150,1
2018-08-26 18:46,0.02000000,7527000,75.27,150464,1
2018-08-26 19:37,0.01324919,7528000,49.86,99690,1
2018-08-26 20:09,0.02260549,7530000,85.10,170134,1
2018-08-26 20:09,0.02000000,7530000,75.30,150524,1
2018-08-26 20:20,0.02878049,7542000,108.53,216953,1
2018-08-26 20:21,0.28205927,7542000,1063.64,2126227,1
2018-08-26 20:21,0.00016000,7542000,0.60,1206,1
2018-08-26 20:21,0.00053000,7542000,1.99,3995,1
2018-08-26 20:21,0.37049835,7542000,1397.14,2792901,1
2018-08-26 20:21,0.05669042,7542000,213.77,427345,1
2018-08-26 20:35,0.07009955,7554000,264.76,529267,1
2018-08-26 20:35,0.01000000,7554000,37.77,75502,1
2018-08-26 20:35,0.01630000,7554000,61.56,123068,1
2018-08-26 20:50,0.58416222,7572000,2211.63,4421064,1
2018-08-26 20:50,0.00490000,7572000,18.55,37084,1
2018-08-26 20:50,0.00050000,7572000,1.89,3784,1
2018-08-26 20:50,0.00390000,7572000,14.76,29516,1
2018-08-26 20:50,0.00550000,7572000,20.82,41625,1
2018-08-26 20:50,0.00530000,7572000,20.06,40111,1
2018-08-26 20:50,0.00550000,7572000,20.82,41625,1
2018-08-26 20:50,0.02313674,7572000,87.59,175103,1
2018-08-26 20:54,0.57396042,7558000,2168.99,4335823,1
2018-08-26 20:54,0.00100000,7558000,3.77,7554,1
2018-08-26 20:54,0.00052900,7558000,1.99,3996,1
2018-08-26 20:54,0.01319444,7558000,49.86,99673,1
2018-08-26 21:06,0.25744039,7560000,973.12,1945276,1
2018-08-26 21:09,0.29858393,7565000,1129.39,2257658,1
2018-08-26 21:09,0.00015423,7565000,0.58,1166,1
2018-08-26 21:13,0.48812666,7554000,1843.65,3685465,1
2018-08-26 21:13,0.01000000,7554000,37.77,75502,1
2018-08-26 21:13,0.02877334,7554000,108.67,217245,1
2018-08-26 21:19,0.00005717,7532000,0.21,-431,0
2018-08-26 21:19,0.00001688,7532000,0.06,-128,0
2018-08-26 21:24,0.02318442,7533000,87.32,-174736,0
2018-08-26 21:28,0.00035589,7551000,1.34,2685,1
2018-08-26 21:28,0.01152339,7551000,43.50,86969,1
2018-08-26 21:28,0.01137661,7551000,42.95,85861,1
2018-08-26 21:39,0.10700000,7537000,403.22,-806863,0
2018-08-26 21:49,0.10700000,7546000,403.71,807018,1
2018-08-26 23:13,0.00008832,7583000,0.33,-670,0
2018-08-26 23:13,0.00671168,7583000,25.44,-50921,0
2018-08-26 23:15,0.00680000,7588000,25.79,51572,1
2018-08-26 23:42,0.00008220,7561000,0.31,-622,0
2018-08-26 23:42,0.00291780,7561000,11.03,-22073,0
2018-08-26 23:42,0.00300000,7562000,11.34,-22698,0
2018-08-26 23:44,0.00002574,7568000,0.09,194,1
2018-08-26 23:52,0.12178049,7546000,459.47,-919415,0
2018-08-26 23:52,0.28144208,7546000,1061.88,-2124824,0
2018-08-26 23:52,0.27980000,7546000,1055.68,-2112427,0
2018-08-27 00:12,0.02332496,7557000,88.13,176178,1
2018-08-27 00:14,0.02619985,7554000,98.95,197814,1
2018-08-27 00:18,0.43600000,7545000,1644.81,-3291265,0
2018-08-27 00:19,1.07610000,7544000,4059.04,-8122158,0
2018-08-27 00:19,0.20710000,7544000,781.18,-1563144,0
2018-08-27 00:26,0.08910000,7536000,335.72,671121,1
2018-08-27 00:26,0.29783700,7536000,1122.24,2243377,1
2018-08-27 00:50,0.13640683,7537000,514.04,1027584,1
2018-08-27 00:50,0.00026535,7537000,0.99,1998,1
2018-08-27 00:51,0.03110000,7537000,117.20,234283,1
2018-08-27 00:53,0.20022943,7530000,753.86,-1508482,0
2018-08-27 01:35,0.01600000,7553000,60.42,120787,1
2018-08-27 01:50,0.42670000,7531000,1606.73,-3215085,0
2018-08-27 01:53,0.55004853,7530000,2070.93,4139794,1
2018-08-27 01:53,0.02130817,7530000,80.22,160370,1
2018-08-27 01:53,0.00059999,7530000,2.25,4515,1
2018-08-27 01:54,0.15751910,7528000,592.90,1185210,1
2018-08-27 01:54,0.02751576,7528000,103.56,207035,1
2018-08-27 01:54,0.01410383,7528000,53.08,106120,1
2018-08-27 01:55,1.10278177,7512000,4142.04,-8288239,0
2018-08-27 01:56,0.10000000,7524000,376.20,752023,1
2018-08-27 02:11,0.04610000,7520000,173.33,-346846,0
2018-08-27 02:35,0.09770876,7522000,367.48,734597,1
2018-08-27 02:37,0.00542761,7525000,20.42,40822,1
2018-08-27 02:37,0.02800000,7525000,105.35,210594,1
2018-08-27 02:37,0.13025767,7525000,490.09,979698,1
2018-08-27 02:57,0.06550177,7517000,246.18,-492623,0
2018-08-27 02:57,0.06010000,7517000,225.88,-451998,0
2018-08-27 02:59,1.08035108,7523000,4063.74,-8131545,0
2018-08-27 03:17,0.05900345,7539000,222.41,444604,1
2018-08-27 03:26,0.01339878,7532000,50.45,100869,1
2018-08-27 03:26,0.00387180,7532000,14.58,29147,1
2018-08-27 03:26,0.00715747,7532000,26.95,53883,1
2018-08-27 03:52,0.04016963,7539000,151.41,302687,1
2018-08-27 03:52,0.10000000,7538000,376.90,753423,1
2018-08-27 03:53,0.08007710,7543000,302.01,603719,1
2018-08-27 03:54,0.00574192,7543000,21.65,43289,1
2018-08-27 04:03,0.00169502,7543000,6.39,12779,1
2018-08-27 04:03,0.14529565,7547000,548.27,1095997,1
2018-08-27 04:58,0.79046475,7551000,2984.39,5965814,1
2018-08-27 05:01,0.00600000,7536000,22.60,-45239,0
2018-08-27 05:23,0.95347316,7534000,3591.73,7179875,1
2018-08-27 06:11,0.00005000,7532000,0.18,-377,0
2018-08-27 06:11,0.01070000,7532000,40.29,-80633,0
2018-08-27 06:12,0.05910000,7532000,222.57,-445364,0
2018-08-27 06:18,0.07587502,7540000,286.04,571811,1
2018-08-27 06:18,1.31415403,7539000,4953.70,9902453,1
2018-08-27 06:31,0.12270000,7537000,462.39,924327,1
2018-08-27 06:44,0.00001613,7533000,0.06,-122,0
2018-08-27 06:44,0.00797601,7533000,30.04,-60114,0
2018-08-27 06:45,0.32030141,7531000,1206.09,-2413396,0
2018-08-27 06:45,0.05279859,7531000,198.81,-397825,0
2018-08-27 06:52,0.05430000,7533000,204.52,-409247,0
2018-08-27 06:52,0.04250000,7532000,160.05,-320270,0
2018-08-27 07:05,0.00066532,7521000,2.50,-5007,0
2018-08-27 07:08,0.03020010,7518000,113.52,-227158,0
2018-08-27 07:10,0.09382406,7526000,353.05,705766,1
2018-08-27 07:28,0.00008651,7523000,0.32,650,1
2018-08-27 07:36,0.08937611,7524000,336.23,672129,1
2018-08-27 07:37,0.00000055,7511000,0,-5,0
2018-08-27 07:59,0.12500000,7519000,469.93,-940345,0
2018-08-27 08:01,0.09520000,7522000,358.04,-716453,0
2018-08-27 08:01,0.10937770,7537000,412.18,823967,1
2018-08-27 08:04,0.09740000,7523000,366.37,-733107,0
2018-08-27 08:05,0.01230693,7534000,46.36,92674,1
2018-08-27 08:12,0.00291118,7540000,10.97,21939,1
2018-08-27 08:12,0.00693073,7540000,26.12,52231,1
2018-08-27 08:15,0.00100000,7540000,3.77,7536,1
2018-08-27 08:15,0.12400000,7540000,467.48,934492,1
2018-08-27 08:16,0.00971727,7539000,36.62,73221,1
2018-08-27 08:34,0.37680000,7535000,1419.59,2837768,1
2018-08-27 08:51,0.01320000,7534000,49.72,-99499,0
2018-08-27 08:54,0.01320000,7553000,49.84,99649,1
2018-08-27 09:42,0.00006872,7542000,0.25,-519,0
2018-08-27 10:19,3.99990000,7525000,15049.62,-30114298,0
2018-08-27 10:32,0.12440328,7528000,468.25,936039,1
2018-08-27 10:51,0.22314200,7535000,840.68,1680534,1
2018-08-27 10:53,0.13929306,7533000,524.64,1048769,1
2018-08-27 10:53,0.04941490,7533000,186.12,372056,1
2018-08-27 11:06,0.00651374,7534000,24.53,49049,1
2018-08-27 13:20,0.44000000,7532000,1657.04,3312422,1
2018-08-27 13:24,0.16675110,7547000,629.23,1257841,1
2018-08-27 13:24,0.02609690,7547000,98.47,196854,1
2018-08-27 13:24,0.31474589,7547000,1187.69,2374199,1
2018-08-27 13:24,0.02611897,7547000,98.55,197021,1
2018-08-27 13:24,0.05889144,7547000,222.22,444231,1
2018-08-27 13:24,2.42460000,7547000,9149.22,18289306,1
2018-08-27 13:34,0.00670283,7528000,25.22,-50485,0
2018-08-27 13:54,0.00670000,7524000,25.20,50385,1
2018-08-27 14:21,0.00801588,7531000,30.18,-60398,0
2018-08-27 14:21,0.00668993,7531000,25.19,-50407,0
2018-08-27 14:30,0.01470000,7546000,55.46,110870,1
2018-08-27 14:35,0.00000415,7534000,0.01,-32,0
2018-08-27 14:35,1.55454093,7535000,5856.73,-11719323,0
2018-08-27 14:37,0.06894172,7543000,260.01,519767,1
2018-08-27 14:37,0.38846936,7543000,1465.11,2928759,1
2018-08-27 14:37,0.04900000,7543000,184.80,369422,1
2018-08-27 14:38,0.07607968,7543000,286.93,573582,1
2018-08-27 14:38,0.00006219,7542000,0.23,468,1
2018-08-27 14:38,0.07202271,7542000,271.59,542923,1
2018-08-27 15:00,0.15614155,7524000,587.40,1174221,1
2018-08-27 15:00,0.06863500,7524000,258.20,516151,1
2018-08-27 15:00,0.00661422,7524000,24.88,49740,1
2018-08-27 15:10,0.65383049,7540000,2464.94,4927416,1
2018-08-27 15:10,0.01476951,7540000,55.68,111306,1
2018-08-27 15:11,0.00050763,7525000,1.90,-3822,0
2018-08-27 15:11,0.02629237,7526000,98.93,-197976,0
2018-08-27 15:12,0.02680000,7540000,101.03,201970,1
2018-08-27 15:16,0.10404095,7527000,391.55,-783508,0
2018-08-27 15:16,0.00244481,7527000,9.20,-18412,0
2018-08-27 15:16,0.04041424,7527000,152.09,-304350,0
2018-08-27 15:52,0.14690000,7536000,553.51,1106484,1
2018-08-27 17:38,0.10415971,7530000,392.16,-784715,0
2018-08-27 17:38,0.17660479,7530000,664.91,-1330499,0
2018-08-27 17:39,0.13090000,7531000,492.90,-986301,0
2018-08-27 17:43,1.75535171,7528000,6607.14,-13220895,0
2018-08-27 17:43,0.00020532,7528000,0.77,-1547,0
2018-08-27 17:43,1.83280000,7529000,6899.57,-13806051,0
2018-08-27 18:14,0.36155053,7524000,1360.15,2718946,1
2018-08-27 18:14,0.28286723,7524000,1064.14,2127228,1
2018-08-27 18:30,0.01000000,7533000,37.66,75292,1
2018-08-27 18:59,1.79271245,7526000,6745.97,13485207,1
2018-08-27 19:32,0.00507462,7527000,19.09,38177,1
2018-08-27 19:32,0.00857642,7527000,32.27,64522,1
2018-08-27 19:47,0.00094479,7532000,3.55,7112,1
2018-08-27 19:55,0.06720500,7533000,253.12,506002,1
2018-08-27 19:55,0.04954137,7533000,186.59,373008,1
2018-08-27 19:56,0.04868252,7533000,183.36,366542,1
2018-08-27 20:34,2.53173265,7528000,9529.44,-19068413,0
2018-08-27 20:34,0.01696735,7528000,63.86,-127794,0
2018-08-27 20:40,0.00675106,7540000,25.45,50877,1
2018-08-27 20:40,0.00486079,7540000,18.32,36632,1
2018-08-27 20:40,0.01042993,7540000,39.32,78602,1
2018-08-27 20:44,0.18446774,7536000,695.07,1389453,1
2018-08-27 20:44,0.00437704,7536000,16.49,32968,1
2018-08-27 20:44,0.33178793,7536000,1250.17,2499103,1
2018-08-27 20:44,0.01248254,7535000,47.02,94008,1
2018-08-27 20:45,0.02022824,7538000,76.24,152404,1
2018-08-27 20:45,0.55226763,7538000,2081.49,4160911,1
2018-08-27 21:03,0.00000720,7543000,0.02,54,1
2018-08-27 21:03,0.00000002,7543000,0,0,1
2018-08-27 21:05,0.04554029,7545000,171.80,343429,1
2018-08-27 21:05,0.01790985,7543000,67.54,135026,1
2018-08-27 21:05,0.03974102,7543000,149.88,299616,1
2018-08-27 21:05,0.05928578,7540000,223.50,446791,1
2018-08-27 21:05,0.00200000,7540000,7.54,15072,1
2018-08-27 21:05,0.03000000,7540000,113.10,226086,1
2018-08-27 21:06,0.06210703,7543000,234.23,468239,1
2018-08-27 21:06,0.00000002,7543000,0,0,1
2018-08-27 21:14,0.26109108,7538000,984.05,1967120,1
2018-08-27 21:14,0.09882999,7538000,372.49,744607,1
2018-08-27 21:19,0.92618152,7545000,3494.01,6984545,1
2018-08-27 21:19,0.00001984,7545000,0.07,149,1
2018-08-27 21:19,0.03044117,7545000,114.83,229563,1
2018-08-27 21:19,0.05909503,7545000,222.93,445649,1
2018-08-27 21:20,0.00314984,7546000,11.88,23756,1
2018-08-27 21:20,0.98349571,7546000,3710.72,7417747,1
2018-08-27 21:22,0.17500000,7547000,660.36,1320064,1
2018-08-27 21:35,0.70124576,7558000,2650.00,-5302666,0
2018-08-27 21:35,0.12098490,7558000,457.20,-914861,0
2018-08-27 21:36,0.91083410,7559000,3442.49,-6888438,0
2018-08-27 21:36,0.00510001,7559000,19.27,-38571,0
2018-08-27 21:36,0.00220000,7559000,8.31,-16639,0
2018-08-27 21:36,0.61019980,7564000,2307.77,-4617859,0
2018-08-27 21:36,0.05585520,7564000,211.24,-422700,0
2018-08-27 21:36,1.59350000,7575000,6035.38,-12076798,0
2018-08-27 21:36,0.73074543,7574000,2767.33,5531898,1
2018-08-27 21:36,0.72460000,7574000,2744.06,5485376,1
2018-08-27 21:36,0.47300000,7574000,1791.25,3580710,1
2018-08-27 21:36,0.00560019,7574000,21.20,42394,1
2018-08-27 21:37,0.11849676,7570000,448.51,896571,1
2018-08-27 21:37,0.00530213,7570000,20.06,40117,1
2018-08-27 21:37,0.00484750,7570000,18.34,36677,1
2018-08-27 21:41,0.03760000,7558000,142.09,-284323,0
2018-08-27 21:42,0.06210000,7557000,234.64,-469525,0
2018-08-27 21:44,0.11600000,7559000,438.42,-877283,0
2018-08-27 21:48,0.00009957,7531000,0.37,-751,0
2018-08-27 21:49,0.03230043,7531000,121.62,-243377,0
2018-08-27 21:52,0.01881931,7539000,70.93,141807,1
2018-08-27 21:52,0.13257729,7539000,499.75,999000,1
2018-08-27 21:52,0.09665170,7539000,364.32,728292,1
2018-08-27 21:56,0.23480000,7530000,884.02,-1768928,0
2018-08-27 21:56,0.00049038,7530000,1.84,-3695,0
2018-08-27 21:56,0.05960000,7534000,224.51,-449251,0
2018-08-27 21:56,0.57290000,7525000,2155.53,-4313228,0
2018-08-27 21:56,0.03370000,7534000,126.94,-254023,0
2018-08-27 21:57,0.00710000,7533000,26.74,-53511,0
2018-08-27 21:57,0.02686997,7533000,101.20,-202513,0
2018-08-27 21:57,0.02143003,7533000,80.71,-161514,0
2018-08-27 21:57,0.07328100,7526000,275.75,-551789,0
2018-08-27 21:57,0.11150000,7527000,419.63,-839681,0
2018-08-27 22:23,0.36000000,7523000,1354.14,2706925,1
2018-08-27 22:25,0.06540000,7525000,246.06,-492381,0
2018-08-27 22:25,1.21550000,7524000,4572.71,-9149995,0
2018-08-27 22:26,1.08359537,7537000,4083.52,8162974,1
2018-08-27 22:35,0.05593123,7532000,210.63,421063,1
2018-08-27 22:35,0.01276692,7532000,48.08,96112,1
2018-08-27 22:38,0.10370000,7526000,390.22,-780837,0
2018-08-27 22:39,0.47014617,7519000,1767.51,-3536797,0
2018-08-27 22:39,0.01785383,7519000,67.12,-134310,0
2018-08-27 22:53,0.03038825,7531000,114.42,228739,1
2018-08-27 22:53,0.13240451,7531000,498.56,996639,1
2018-08-27 22:53,0.42469802,7531000,1599.20,3196801,1
2018-08-27 22:53,0.30400000,7531000,1144.71,2288279,1
2018-08-27 22:53,0.36000000,7531000,1355.58,2709804,1
2018-08-27 23:01,0.00300000,7543000,11.31,22617,1
2018-08-27 23:01,0.04101633,7543000,154.69,309231,1
2018-08-27 23:01,0.10000000,7543000,377.15,753922,1
2018-08-27 23:01,0.36000000,7541000,1357.38,2713402,1
2018-08-27 23:01,0.15801688,7540000,595.72,1190851,1
2018-08-27 23:01,0.36000000,7540000,1357.20,2713042,1
2018-08-27 23:01,0.01656124,7540000,62.43,124809,1
2018-08-27 23:01,0.36000000,7540000,1357.20,2713042,1
2018-08-27 23:01,0.78932188,7540000,2975.74,5948511,1
2018-08-27 23:48,0.29770000,7561000,1125.45,-2252036,0
2018-08-27 23:49,0.13701007,7558000,517.76,1035004,1
2018-08-27 23:49,0.08208346,7558000,310.19,620076,1
2018-08-27 23:51,0.15000000,7554000,566.55,-1133667,0
2018-08-27 23:56,0.18864666,7575000,714.49,1428283,1
2018-08-28 00:16,0.00002108,7555000,0.07,-160,0
2018-08-28 00:19,0.03990000,7564000,150.90,301652,1
2018-08-28 00:56,0.01896720,7556000,71.65,-143388,0
2018-08-28 00:59,0.01900000,7573000,71.94,143815,1
2018-08-28 01:05,0.32716593,7555000,1235.86,-2472975,0
2018-08-28 01:08,0.05226641,7560000,197.56,-395332,0
2018-08-28 01:08,0.04183359,7560000,158.13,-316420,0
2018-08-28 01:10,0.42130000,7568000,1594.19,3186804,1
2018-08-28 01:12,0.03740000,7560000,141.37,-282886,0
2018-08-28 01:21,0.03740000,7567000,141.50,282864,1
2018-08-28 01:35,0.00009320,7559000,0.35,-705,0
2018-08-28 02:07,0.02240000,7565000,84.72,-169541,0
2018-08-28 02:21,0.02250000,7564000,85.09,170104,1
2018-08-28 02:41,0.03710457,7558000,140.21,-280577,0
2018-08-28 02:41,0.09360000,7558000,353.71,-707783,0
2018-08-28 02:43,0.00941116,7566000,35.60,71169,1
2018-08-28 02:54,0.12130000,7562000,458.63,916811,1
2018-08-28 02:57,0.01060000,7556000,40.04,-80134,0
2018-08-28 03:14,0.00000988,7547000,0.03,-75,0
2018-08-28 03:21,0.01060000,7559000,40.06,80085,1
2018-08-28 04:12,0.00008519,7547000,0.32,-644,0
2018-08-28 04:25,0.19710000,7542000,743.26,-1487272,0
2018-08-28 04:51,0.01820566,7556000,68.78,137493,1
2018-08-28 04:52,0.00003729,7551000,0.14,-282,0
2018-08-28 04:54,1.83622512,7540000,6922.56,-13852060,0
2018-08-28 04:54,0.00006230,7545000,0.23,-471,0
2018-08-28 05:00,0.14520000,7550000,548.13,-1096809,0
2018-08-28 05:00,0.04520000,7548000,170.58,-341341,0
2018-08-28 05:25,0.00105935,7548000,3.99,7991,1
2018-08-28 05:26,0.00082375,7548000,3.10,6214,1
2018-08-28 05:27,0.02719021,7539000,102.49,-205090,0
2018-08-28 05:27,0.20490774,7539000,772.39,-1545572,0
2018-08-28 05:39,0.16635077,7539000,627.05,-1254746,0
2018-08-28 05:56,0.00007416,7535000,0.27,-559,0
2018-08-28 05:57,0.00006521,7535000,0.24,-492,0
2018-08-28 06:04,0.36301093,7536000,1367.82,-2737019,0
2018-08-28 06:28,0.00741323,7557000,28.01,55993,1
2018-08-28 06:32,0.02336758,7560000,88.32,176570,1
2018-08-28 06:32,0.10000000,7560000,378.00,755622,1
2018-08-28 06:32,0.10000000,7560000,378.00,755622,1
2018-08-28 06:32,0.10000000,7560000,378.00,755622,1
2018-08-28 06:33,0.08187927,7561000,309.54,618779,1
2018-08-28 06:33,0.09180000,7561000,347.04,693752,1
2018-08-28 06:33,0.01164541,7561000,44.02,88006,1
2018-08-28 06:33,0.04711037,7561000,178.10,356023,1
2018-08-28 06:33,0.01318921,7561000,49.86,99673,1
2018-08-28 06:37,0.00360182,7557000,13.60,27205,1
2018-08-28 06:38,0.17242246,7559000,651.67,1302689,1
2018-08-28 06:43,0.34933374,7561000,1320.65,2639991,1
2018-08-28 06:43,0.20090721,7561000,759.52,1518299,1
2018-08-28 06:48,0.01159613,7557000,43.81,87588,1
2018-08-28 06:58,1.36058542,7557000,5140.97,10276803,1
2018-08-28 06:58,0.03284238,7557000,124.09,248065,1
2018-08-28 06:59,0.16856036,7555000,636.73,1272836,1
2018-08-28 06:59,0.05730901,7555000,216.48,432753,1
2018-08-28 06:59,0.03183063,7555000,120.24,240360,1
2018-08-28 07:31,0.19026201,7543000,717.57,-1435864,0
2018-08-28 07:31,1.03523799,7544000,3904.91,-7813741,0
2018-08-28 07:31,0.00004168,7544000,0.15,-315,0
2018-08-28 07:31,0.17545832,7544000,661.82,-1324320,0
2018-08-28 07:32,0.00005148,7544000,0.19,-389,0
2018-08-28 07:33,0.09890000,7542000,372.95,-746277,0
2018-08-28 07:41,0.00009574,7543000,0.36,-723,0
2018-08-28 07:50,0.72910724,7564000,2757.48,5512209,1
2018-08-28 07:53,0.10479592,7563000,396.28,792175,1
2018-08-28 07:58,0.66610000,7570000,2521.18,5039855,1
2018-08-28 08:19,0.00005373,7564000,0.20,-407,0
2018-08-28 08:19,0.00000572,7561000,0.02,-44,0
2018-08-28 08:20,0.08770000,7564000,331.68,-663695,0
2018-08-28 08:28,0.08780000,7573000,332.45,664576,1
2018-08-28 08:38,0.00600000,7578000,22.73,-45491,0
2018-08-28 08:38,0.00449108,7592000,17.04,-34114,0
2018-08-28 08:39,3.98950000,7600000,15160.10,-30335361,0
2018-08-28 08:40,0.30000000,7647000,1147.05,2292952,1
2018-08-28 08:40,3.30848124,7647000,12649.97,25287306,1
2018-08-28 08:40,0.39151876,7647000,1496.97,2992446,1
2018-08-28 08:40,0.56250000,7655000,2152.96,-4308091,0
2018-08-28 08:40,0.59200000,7655000,2265.88,-4534026,0
2018-08-28 08:40,0.03340000,7655000,127.83,-255805,0
2018-08-28 08:40,0.13800000,7660000,528.54,-1057609,0
2018-08-28 08:40,0.04900000,7660000,187.67,-375528,0
2018-08-28 08:40,0.00788340,7660000,30.19,-60417,0
2018-08-28 08:40,0.04181381,7660000,160.14,-320454,0
2018-08-28 08:40,0.04900000,7660000,187.67,-375528,0
2018-08-28 08:41,0.06230000,7652000,238.35,-476958,0
2018-08-28 08:43,1.53590000,7699000,5912.44,11818981,1
2018-08-28 08:43,0.00150000,7675000,5.75,-11519,0
2018-08-28 08:43,0.01320000,7703000,50.83,-101731,0
2018-08-28 08:43,0.06130495,7711000,236.36,-472959,0
2018-08-28 08:44,0.07600000,7721000,293.39,586502,1
2018-08-28 08:44,0.02890000,7704000,111.32,-222757,0
2018-08-28 08:45,0.00009028,7703000,0.34,-696,0
2018-08-28 08:45,0.01921738,7703000,74.01,-148106,0
2018-08-28 08:45,0.01701990,7703000,65.55,-131170,0
2018-08-28 08:45,0.23967244,7703000,923.09,-1847120,0
2018-08-28 08:46,0.30490000,7709000,1175.23,2349298,1
2018-08-28 08:54,0.41085051,7668000,1575.20,-3151977,0
2018-08-28 08:55,0.05070000,7669000,194.40,-389013,0
2018-08-28 08:57,0.46160000,7691000,1775.08,3548390,1
2018-08-28 09:10,0.00470000,7675000,18.03,-36091,0
2018-08-28 09:10,0.00470000,7693000,18.07,36139,1
2018-08-28 09:16,4.00000000,7660000,15320.00,-30655320,0
2018-08-28 09:26,0.23202738,7673000,890.17,1779455,1
2018-08-28 09:26,0.02277435,7673000,87.37,174660,1
2018-08-28 09:27,0.05895666,7674000,226.21,452207,1
2018-08-28 09:43,0.24505254,7680000,941.00,1881062,1
2018-08-28 09:47,1.22410320,7688000,4705.45,9406199,1
2018-08-28 09:47,0.00762985,7688000,29.32,58628,1
2018-08-28 09:47,0.23283131,7688000,895.00,1789112,1
2018-08-28 09:47,0.39109672,7688000,1503.37,3005248,1
2018-08-28 10:00,0.00644753,7706000,24.84,49659,1
2018-08-28 10:02,0.74582582,7698000,2870.68,5738496,1
2018-08-28 10:02,0.28186716,7704000,1085.75,-2172591,0
2018-08-28 10:03,0.03540000,7710000,136.46,-273071,0
2018-08-28 10:03,0.24741639,7712000,954.03,-1909030,0
2018-08-28 10:03,0.12805150,7712000,493.76,-988027,0
2018-08-28 10:03,0.01296032,7712000,49.97,-100000,0
2018-08-28 10:19,0.99274145,7724000,3833.96,7664100,1
2018-08-28 10:19,0.00687344,7724000,26.54,53063,1
2018-08-28 10:19,0.03746054,7724000,144.67,289200,1
2018-08-28 10:19,0.03572714,7724000,137.97,275818,1
2018-08-28 10:20,0.46610000,7723000,1799.84,3597890,1
2018-08-28 10:54,0.14391129,7708000,554.63,-1109823,0
2018-08-28 11:00,0.14390000,7706000,554.44,1108338,1
2018-08-28 11:20,0.02680000,7699000,103.16,-206437,0
2018-08-28 11:20,0.04870000,7702000,187.54,-375275,0
2018-08-28 11:21,0.70044734,7705000,2698.47,-5399646,0
2018-08-28 11:21,0.13535266,7705000,521.44,-1043414,0
2018-08-28 11:21,1.01138907,7706000,3896.88,-7797661,0
2018-08-28 11:21,0.39000000,7706000,1502.67,-3006843,0
2018-08-28 11:21,0.19788719,7706000,762.45,-1525682,0
2018-08-28 11:21,0.03672374,7706000,141.49,-283135,0
2018-08-28 11:21,0.39713742,7706000,1530.17,-3061872,0
2018-08-28 11:21,0.02896258,7706000,111.59,-223298,0
2018-08-28 11:21,0.60561254,7697000,2330.69,-4663731,0
2018-08-28 11:23,0.00046362,7701000,1.78,3568,1
2018-08-28 11:23,0.31783498,7701000,1223.82,2446423,1
2018-08-28 11:36,0.14257300,7700000,548.90,1097263,1
2018-08-28 12:04,1.84591251,7674000,7082.76,14158449,1
2018-08-28 12:04,0.36000000,7674000,1381.32,2761258,1
2018-08-28 12:04,0.36000000,7674000,1381.32,2761258,1
2018-08-28 13:07,0.04050000,7687000,155.66,-311480,0
2018-08-28 13:10,0.71017034,7689000,2730.24,-5463230,0
2018-08-28 13:10,0.10000000,7689000,384.45,-769285,0
2018-08-28 13:10,0.42960895,7689000,1651.63,-3304915,0
2018-08-28 13:10,0.01012071,7689000,38.90,-77857,0
2018-08-28 13:12,1.22360000,7695000,4707.80,-9420310,0
2018-08-28 13:18,3.06620000,7700000,11804.87,23597935,1
2018-08-28 14:03,0.20240000,7701000,779.34,-1559462,0
2018-08-28 14:04,0.00002007,7702000,0.07,-155,0
2018-08-28 14:04,0.03096700,7702000,119.25,-238627,0
2018-08-28 14:04,0.01446936,7702000,55.72,-111499,0
2018-08-28 14:04,0.03274357,7702000,126.09,-252317,0
2018-08-28 14:04,0.00006979,7702000,0.26,-538,0
2018-08-28 14:04,0.00724241,7702000,27.89,-55809,0
2018-08-28 14:14,0.00007762,7695000,0.29,-598,0
2018-08-28 14:14,0.05986239,7696000,230.35,-460932,0
2018-08-28 14:14,0.26592889,7696000,1023.29,-2047612,0
2018-08-28 14:25,0.23936914,7710000,922.76,1844613,1
2018-08-28 14:28,0.00006366,7702000,0.24,-491,0
2018-08-28 14:28,0.00000329,7702000,0.01,-26,0
2018-08-28 14:45,0.37450000,7707000,1443.13,2884828,1
2018-08-28 16:46,0.65450000,7722000,2527.02,-5056576,0
2018-08-28 17:00,0.03159491,7722000,121.98,243853,1
2018-08-28 17:00,0.00548075,7722000,21.16,42301,1
2018-08-28 17:15,0.00012540,7720000,0.48,967,1
2018-08-28 17:15,0.04631712,7720000,178.78,357389,1
2018-08-28 17:15,0.05020000,7720000,193.77,387350,1
2018-08-28 17:21,0.00351568,7713000,13.55,27102,1
2018-08-28 17:21,0.17821900,7713000,687.30,1373915,1
2018-08-28 17:21,0.01375220,7713000,53.03,106017,1
2018-08-28 17:24,0.30825434,7707000,1187.85,2374528,1
2018-08-28 17:30,0.01710000,7714000,65.95,131843,1
2018-08-28 18:28,0.00000718,7708000,0.02,-56,0
2018-08-28 20:02,0.26053470,7720000,1005.66,-2012334,0
2018-08-28 20:02,0.00300000,7720000,11.58,-23172,0
2018-08-28 20:02,0.45002389,7720000,1737.09,-3475922,0
2018-08-28 20:02,0.21735199,7720000,838.97,-1678797,0
2018-08-28 20:02,0.02437865,7720000,94.10,-188298,0
2018-08-28 20:02,0.05071077,7720000,195.74,-391683,0
2018-08-28 20:02,0.77988327,7721000,3010.73,6018467,1
2018-08-28 20:02,0.22611673,7721000,872.92,1744974,1
2018-08-28 20:09,4.00000000,7731000,15462.00,-30939462,0
2018-08-28 20:11,0.98119849,7758000,3806.06,7608331,1
2018-08-28 20:19,0.10000000,7767000,388.35,776311,1
2018-08-28 20:19,0.09700000,7767000,376.69,753022,1
2018-08-28 20:25,0.99551527,7769000,3867.07,7730291,1
2018-08-28 20:25,1.30403435,7769000,5065.52,10125977,1
2018-08-28 20:25,0.09576313,7769000,371.99,743611,1
2018-08-28 20:25,0.42648725,7769000,1656.68,3311722,1
2018-08-28 20:28,0.08990000,7763000,348.94,-698243,0
2018-08-28 20:30,0.08990000,7780000,349.71,699072,1
2018-08-28 20:37,0.13780000,7790000,536.73,-1073999,0
2018-08-28 20:46,0.03861037,7800000,150.58,-301312,0
2018-08-28 20:46,0.01172332,7800000,45.72,-91488,0
2018-08-28 20:46,0.01281782,7800000,49.98,-100029,0
2018-08-28 20:46,0.15256854,7800000,595.01,-1190630,0
2018-08-28 20:46,0.50208236,7800000,1958.12,-3918201,0
2018-08-28 20:46,0.12672800,7800000,494.23,-988973,0
2018-08-28 20:46,0.13045203,7800000,508.76,-1018035,0
2018-08-28 20:46,0.06868056,7800000,267.85,-535977,0
2018-08-28 20:46,2.00000000,7800000,7800.00,-15607800,0
2018-08-28 20:46,0.04746605,7800000,185.11,-370421,0
2018-08-28 20:46,0.77107095,7800000,3007.17,-6017361,0
2018-08-28 20:52,0.09293268,7807000,362.76,725162,1
2018-08-28 20:52,0.35224222,7807000,1374.97,2748580,1
2018-08-28 20:52,0.09026515,7800000,352.03,703716,1
2018-08-28 20:56,0.18250000,7802000,711.93,1423153,1
2018-08-28 20:56,0.36000000,7802000,1404.36,2807315,1
2018-08-28 20:56,0.12000000,7802000,468.12,935771,1
2018-08-28 20:56,0.20303138,7802000,792.02,1583258,1
2018-08-28 20:56,0.12000000,7802000,468.12,935771,1
2018-08-28 20:56,0.25621641,7802000,999.50,1998000,1
2018-08-28 20:56,0.17849300,7802000,696.30,1391906,1
2018-08-28 20:56,0.36000000,7802000,1404.36,2807315,1
2018-08-28 20:56,0.17859436,7802000,696.69,1392696,1
2018-08-28 20:57,0.08491634,7803000,331.30,662270,1
2018-08-28 20:57,0.36000000,7803000,1404.54,2807675,1
2018-08-28 21:15,0.00002419,7787000,0.09,-189,0
2018-08-28 21:39,0.50343276,7800000,1963.38,3924812,1
2018-08-28 21:39,0.01361235,7800000,53.08,106123,1
2018-08-28 21:39,0.02185404,7800000,85.23,170376,1
2018-08-28 21:39,0.19286561,7800000,752.17,1503599,1
2018-08-28 21:49,0.16752456,7801000,653.42,1306205,1
2018-08-28 21:49,0.06891859,7801000,268.81,537365,1
2018-08-28 21:59,0.09260000,7814000,361.78,723214,1
2018-08-29 01:38,0.12330000,7816000,481.85,-964195,0
2018-08-29 01:38,0.21650000,7813000,845.75,-1692361,0
2018-08-29 01:41,3.66020000,7811000,14294.91,-28604118,0
2018-08-29 01:41,0.10167328,7810000,397.03,793671,1
2018-08-29 01:41,3.89832672,7810000,15222.96,30430708,1
2018-08-29 01:43,1.79134728,7810000,6995.21,-13997418,0
2018-08-29 01:43,0.44972445,7810000,1756.17,-3514105,0
2018-08-29 01:43,0.00081000,7810000,3.16,-6330,0
2018-08-29 01:43,0.00004412,7809000,0.17,-345,0
2018-08-29 01:43,0.02137518,7810000,83.47,-167024,0
2018-08-29 01:43,0.01382482,7810000,53.98,-108026,0
2018-08-29 01:43,0.48399594,7806000,1889.03,-3779962,0
2018-08-29 01:43,0.03795281,7806000,148.12,-296408,0
2018-08-29 01:43,0.06075125,7806000,237.11,-474462,0
2018-08-29 01:43,1.14020000,7810000,4452.48,-8909415,0
2018-08-29 02:04,0.09256623,7815000,361.70,723043,1
2018-08-29 02:04,0.00573088,7815000,22.39,44764,1
2018-08-29 02:27,0.00501335,7818000,19.59,39174,1
2018-08-29 02:35,0.02303170,7814000,89.98,179879,1
2018-08-29 02:56,0.30749641,7828000,1203.54,2405878,1
2018-08-29 02:56,0.00360000,7828000,14.09,28166,1
2018-08-29 02:56,0.00050000,7828000,1.95,3912,1
2018-08-29 02:56,0.00050000,7828000,1.95,3912,1
2018-08-29 02:56,0.00410000,7828000,16.04,32078,1
2018-08-29 02:56,0.00390000,7828000,15.26,30513,1
2018-08-29 02:56,0.00410000,7828000,16.04,32078,1
2018-08-29 02:56,0.25553754,7828000,1000.17,1999347,1
2018-08-29 02:57,0.01913963,7828000,74.91,149750,1
2018-08-29 02:57,0.11989406,7828000,469.26,938061,1
2018-08-29 02:57,0.91804772,7828000,3593.23,7182884,1
2018-08-29 03:11,0.01720925,7827000,67.34,134629,1
2018-08-29 03:24,0.36000000,7841000,1411.38,-2824172,0
2018-08-29 03:25,2.57970000,7840000,10112.42,20214735,1
2018-08-29 03:42,0.03415460,7820000,133.54,-267223,0
2018-08-29 03:44,0.16549446,7826000,647.57,-1295808,0
2018-08-29 03:44,0.00006568,7822000,0.25,-514,0
2018-08-29 03:48,0.39200000,7824000,1533.50,-3068542,0
2018-08-29 03:50,0.04602646,7823000,180.03,-360245,0
2018-08-29 03:50,0.12000000,7823000,469.38,-939230,0
2018-08-29 03:50,0.11600000,7823000,453.73,-907922,0
2018-08-29 03:50,0.00910000,7823000,35.59,-71225,0
2018-08-29 03:50,0.12000000,7824000,469.44,-939350,0
2018-08-29 03:51,0.05000000,7824000,195.60,-391396,0
2018-08-29 03:51,0.12000000,7827000,469.62,-939710,0
2018-08-29 03:51,0.02415567,7828000,94.54,-189186,0
2018-08-29 03:53,0.71890000,7826000,2813.05,-5628925,0
2018-08-29 03:54,0.17494685,7835000,685.35,1370023,1
2018-08-29 03:54,0.82697315,7835000,3239.66,6476094,1
2018-08-29 03:54,0.00644601,7835000,25.25,50479,1
2018-08-29 03:55,0.08256668,7838000,323.57,646834,1
2018-08-29 03:55,0.51033426,7838000,1999.99,3997999,1
2018-08-29 03:55,0.31459906,7838000,1232.91,2464594,1
2018-08-29 04:02,0.00003292,7826000,0.12,-258,0
2018-08-29 04:04,0.09186480,7826000,359.46,-719294,0
2018-08-29 04:12,3.21485013,7850000,12618.28,-25249192,0
2018-08-29 04:12,0.10000000,7850000,392.50,-785393,0
2018-08-29 04:12,0.00500000,7850000,19.62,-39270,0
2018-08-29 04:12,0.13789093,7850000,541.22,-1082985,0
2018-08-29 04:12,0.07000000,7850000,274.75,-549775,0
2018-08-29 04:12,0.38035894,7850000,1492.90,-2987311,0
2018-08-29 04:49,0.00079606,7869000,3.13,6261,1
2018-08-29 04:49,0.00156100,7869000,6.14,12277,1
2018-08-29 04:53,0.01000000,7856000,39.28,78520,1
2018-08-29 05:29,0.00170533,7874000,6.71,13421,1
2018-08-29 05:35,3.19650112,7878000,12591.01,25169444,1
2018-08-29 05:36,0.00009846,7867000,0.38,-775,0
2018-08-29 05:37,0.06654219,7880000,262.17,524090,1
2018-08-29 05:37,0.19941215,7884000,786.08,1571379,1
2018-08-29 05:37,0.21890812,7884000,862.93,1725008,1
2018-08-29 05:37,0.13924600,7884000,548.90,1097266,1
2018-08-29 05:38,0.11023357,7884000,434.54,868646,1
2018-08-29 05:38,0.05516643,7884000,217.46,434714,1
2018-08-29 05:49,0.00340000,7852000,13.34,-26711,0
2018-08-29 05:51,3.99660000,7851000,15688.65,-31392996,0
2018-08-29 06:05,0.08180000,7853000,321.18,642054,1
2018-08-29 06:59,0.63296626,7817000,2473.94,4945423,1
2018-08-29 06:59,0.09431838,7817000,368.64,736918,1
2018-08-29 06:59,0.03054334,7817000,119.37,238637,1
2018-08-29 06:59,0.08461870,7817000,330.73,661133,1
2018-08-29 06:59,0.01901121,7817000,74.30,148536,1
2018-08-29 06:59,0.00317439,7817000,12.40,24801,1
2018-08-29 06:59,0.00912618,7817000,35.66,71303,1
2018-08-29 07:48,0.10819891,7828000,423.49,846557,1
2018-08-29 07:48,2.24114884,7827000,8770.73,17532701,1
2018-08-29 07:58,0.83082883,7830000,3252.69,-6508643,0
2018-08-29 07:58,0.00414160,7830000,16.21,-32445,0
2018-08-29 07:58,0.30916198,7830000,1210.36,-2421949,0
2018-08-29 07:58,0.02858212,7830000,111.89,-223910,0
2018-08-29 07:58,0.01882427,7830000,73.69,-147468,0
2018-08-29 07:58,0.01605502,7830000,62.85,-125774,0
2018-08-29 07:58,0.08310618,7830000,325.36,-651047,0
2018-08-29 08:18,1.87073341,7847000,7339.82,14672305,1
2018-08-29 08:18,0.09331965,7847000,366.13,731913,1
2018-08-29 08:18,0.02174694,7847000,85.32,170562,1
2018-08-29 08:47,0.22053795,7856000,866.27,-1733413,0
2018-08-29 08:47,0.02419312,7856000,95.03,-190157,0
2018-08-29 08:47,0.37168745,7855000,1459.80,-2921065,0
2018-08-29 08:47,1.46371255,7855000,5748.73,-11503211,0
2018-08-29 08:51,0.00001817,7850000,0.07,-143,0
2018-08-29 08:51,0.00016677,7850000,0.65,-1310,0
2018-08-29 08:51,0.46316228,7852000,1818.37,-3638569,0
2018-08-29 08:53,0.00009682,7831000,0.37,-759,0
2018-08-29 08:53,0.20085028,7831000,786.42,-1573645,0
2018-08-29 08:55,0.09174842,7838000,359.56,-719484,0
2018-08-29 08:55,0.01195158,7838000,46.83,-93724,0
2018-08-29 08:59,1.08300000,7839000,4244.81,-8493882,0
2018-08-29 09:06,0.03607884,7833000,141.30,282464,1
2018-08-29 09:06,3.89500000,7830000,15248.92,30482601,1
2018-08-29 09:10,2.02306606,7837000,7927.38,-15862696,0
2018-08-29 09:10,0.00108586,7836000,4.25,-8513,0
2018-08-29 09:10,0.52785829,7839000,2068.94,-4139950,0
2018-08-29 09:10,1.44795585,7839000,5675.26,-11356202,0
2018-08-29 09:21,0.05591451,7850000,219.46,438709,1
2018-08-29 09:22,0.57305543,7850000,2249.24,4496235,1
2018-08-29 09:22,0.09282228,7850000,364.32,728290,1
2018-08-29 09:22,0.12738853,7850000,499.99,999499,1
2018-08-29 09:22,0.66423630,7850000,2607.12,5211647,1
2018-08-29 09:27,0.00006932,7826000,0.27,-543,0
2018-08-29 09:27,0.01000000,7826000,39.13,-78300,0
2018-08-29 09:31,0.02600000,7821000,101.67,-203448,0
2018-08-29 10:04,0.58824159,7848000,2308.25,4614211,1
2018-08-29 10:05,0.03158489,7848000,123.93,247754,1
2018-08-29 10:05,0.01064885,7848000,41.78,83530,1
2018-08-29 10:08,0.00061204,7842000,2.39,4797,1
2018-08-29 10:13,0.21587600,7847000,846.98,1693131,1
2018-08-29 10:13,0.04069084,7847000,159.65,319141,1
2018-08-29 10:13,0.00127437,7847000,4.99,9994,1
2018-08-29 10:39,0.40195224,7846000,1576.85,3152140,1
2018-08-29 10:39,0.20000000,7846000,784.60,1568415,1
2018-08-29 10:43,0.08430000,7827000,329.90,-660146,0
2018-08-29 10:49,0.00306547,7814000,11.97,-23966,0
2018-08-29 10:54,0.00003363,7830000,0.13,-264,0
2018-08-29 10:54,0.12856157,7837000,503.76,1007033,1
2018-08-29 10:56,0.08432612,7839000,330.51,660701,1
2018-08-29 10:56,0.05121421,7839000,200.73,401267,1
2018-08-29 10:56,0.85510000,7839000,3351.56,6699777,1
2018-08-29 11:12,0.00003297,7828000,0.12,-259,0
2018-08-29 11:58,0.00005849,7811000,0.22,-457,0
2018-08-29 11:58,0.01940428,7811000,75.78,-151643,0
2018-08-29 12:09,0.01800000,7808000,70.27,140473,1
2018-08-29 12:09,0.00150000,7808000,5.85,11706,1
2018-08-29 12:21,0.00008389,7817000,0.32,-656,0
2018-08-29 12:21,0.03898822,7817000,152.38,-304924,0
2018-08-29 12:31,0.00003561,7822000,0.13,-279,0
2018-08-29 12:32,0.00005123,7824000,0.20,-401,0
2018-08-29 12:32,0.63926676,7824000,2500.81,-5004124,0
2018-08-29 12:39,0.05779192,7831000,226.28,452342,1
2018-08-29 13:00,0.03027324,7822000,118.39,236678,1
2018-08-29 13:42,0.08315673,7822000,325.22,650126,1
2018-08-29 13:51,0.05707187,7823000,223.23,446250,1
2018-08-29 13:51,0.03197008,7823000,125.05,249976,1
2018-08-29 13:52,0.00222382,7823000,8.69,17388,1
2018-08-29 13:55,0.00009426,7815000,0.36,-737,0
2018-08-29 13:55,0.03460935,7815000,135.23,-270608,0
2018-08-29 14:37,0.01831175,7830000,71.69,143309,1
2018-08-29 14:49,0.01896635,7828000,74.23,148394,1
2018-08-29 15:00,0.41330000,7827000,1617.44,3233281,1
2018-08-29 15:49,0.94240000,7841000,3694.67,-7393053,0
2018-08-29 16:09,0.00009311,7835000,0.36,-730,0
2018-08-29 16:09,0.03970000,7835000,155.52,-311205,0
2018-08-29 16:09,0.19990123,7835000,783.11,-1567010,0
2018-08-29 16:10,0.08859877,7835000,347.08,-694519,0
2018-08-29 16:10,0.07200000,7833000,281.98,-564258,0
2018-08-29 16:17,0.22244116,7848000,872.85,1744845,1
2018-08-29 16:17,0.04875416,7848000,191.31,382431,1
2018-08-29 16:17,0.00007212,7840000,0.28,-566,0
2018-08-29 16:31,0.15627736,7863000,614.40,1228194,1
2018-08-29 16:31,0.03595171,7863000,141.34,282546,1
2018-08-29 16:31,0.00510904,7863000,20.08,40152,1
2018-08-29 16:39,0.57832115,7858000,2272.22,4542175,1
2018-08-29 16:39,0.05601258,7858000,220.07,439926,1
2018-08-29 16:39,0.23996627,7858000,942.82,1884712,1
2018-08-29 17:09,1.33559961,7838000,5234.21,-10473664,0
2018-08-29 17:29,0.12000000,7859000,471.54,942608,1
2018-08-29 17:37,0.00310247,7869000,12.20,24401,1
2018-08-29 17:44,0.00041145,7877000,1.62,-3243,0
2018-08-29 17:44,0.06320010,7877000,248.91,-498077,0
2018-08-29 17:44,0.10000000,7877000,393.85,-788094,0
2018-08-29 17:44,0.17793257,7877000,700.78,-1402276,0
2018-08-29 17:44,0.01564034,7877000,61.59,-123261,0
2018-08-29 17:44,0.00609612,7877000,24.00,-48044,0
2018-08-29 17:44,0.06316054,7877000,248.75,-497765,0
2018-08-29 17:44,0.00995888,7877000,39.22,-78486,0
2018-08-29 17:44,0.79281924,7878000,3122.91,-6248953,0
2018-08-29 17:44,0.00130753,7878000,5.15,-10306,0
2018-08-29 17:44,0.05000000,7878000,196.95,-394097,0
2018-08-29 17:44,0.46127323,7878000,1816.95,-3635728,0
2018-08-29 17:44,1.00000000,7879000,3939.50,-7882940,0
2018-08-29 17:44,0.00240000,7879000,9.45,-18919,0
2018-08-29 17:44,0.04330000,7879000,170.58,-341332,0
2018-08-29 18:00,1.28124301,7871000,5042.33,10079621,1
2018-08-29 18:00,0.36000000,7871000,1416.78,2832143,1
2018-08-29 18:00,0.18257367,7871000,718.51,1436318,1
2018-08-29 18:00,0.12699977,7870000,499.74,998988,1
2018-08-29 18:00,0.03530267,7870000,138.91,277693,1
2018-08-29 18:00,0.00369256,7870000,14.53,29045,1
2018-08-29 18:00,0.00800000,7870000,31.48,62928,1
2018-08-29 18:00,0.29703445,7870000,1168.83,2336492,1
2018-08-29 18:00,0.12000000,7870000,472.20,943927,1
2018-08-29 18:00,0.36000000,7870000,1416.60,2831783,1
2018-08-29 18:00,0.12000000,7871000,472.26,944047,1
2018-08-29 18:00,0.36000000,7871000,1416.78,2832143,1
2018-08-29 18:00,0.04766030,7870000,187.54,374899,1
2018-08-29 18:00,0.12000000,7870000,472.20,943927,1
2018-08-29 18:00,0.08020000,7870000,315.58,630858,1
2018-08-29 18:00,0.29679989,7870000,1167.90,2334647,1
2018-08-29 18:00,0.18882499,7870000,743.02,1485309,1
2018-08-29 18:00,0.01161482,7870000,45.70,91362,1
2018-08-29 20:06,0.56850000,7879000,2239.60,-4481452,0
2018-08-29 20:07,0.36610000,7881000,1442.61,-2886677,0
2018-08-29 20:08,0.44671758,7890000,1762.30,3522839,1
2018-08-29 20:08,0.00631088,7890000,24.89,49767,1
2018-08-29 20:08,0.12369176,7890000,487.96,975440,1
2018-08-29 20:08,0.00377525,7890000,14.89,29771,1
2018-08-29 20:08,0.00613964,7890000,24.22,48417,1
2018-08-29 20:10,0.70779049,7882000,2789.40,-5581594,0
2018-08-29 20:10,1.20924541,7882000,4765.63,-9536038,0
2018-08-29 20:18,0.17706542,7874000,697.10,1393516,1
2018-08-29 20:20,0.13737821,7873000,540.78,-1082120,0
2018-08-29 20:20,0.00192179,7873000,7.56,-15138,0
2018-08-29 20:34,0.01799601,7876000,70.86,141665,1
2018-08-29 20:34,0.03807136,7876000,149.92,299700,1
2018-08-29 21:05,1.69419512,7900000,6692.07,-13390834,0
2018-08-29 21:05,0.13460488,7900000,531.68,-1063911,0
2018-08-29 21:19,0.85081020,7921000,3369.63,6735897,1
2018-08-29 21:57,0.04905057,7923000,194.31,388433,1
2018-08-29 21:57,0.10597325,7923000,419.81,839206,1
2018-08-29 21:57,0.00268600,7923000,10.64,21270,1
2018-08-29 21:59,0.02129773,7922000,84.36,168636,1
2018-08-29 22:03,0.34776112,7910000,1375.39,2749415,1
2018-08-29 22:03,0.00632111,7910000,24.99,49974,1
2018-08-29 22:03,0.02618001,7910000,103.54,206980,1
2018-08-29 22:03,0.03953493,7910000,156.36,312564,1
2018-08-29 22:03,0.00020000,7910000,0.79,1581,1
2018-08-29 22:03,0.01264222,7910000,49.99,99949,1
2018-08-29 22:08,0.37671354,7915000,1490.84,2980196,1
2018-08-29 22:08,0.11838679,7915000,468.51,936562,1
2018-08-29 22:08,0.50000000,7915000,1978.75,3955521,1
2018-08-29 22:08,0.72244904,7915000,2859.09,5715325,1
2018-08-29 22:11,0.16584150,7915000,656.31,1311979,1
2018-08-29 22:12,0.65410000,7914000,2588.27,5173959,1
2018-08-29 23:17,0.01570000,7904000,62.04,-124155,0
2018-08-29 23:18,0.00008817,7904000,0.34,-698,0
2018-08-29 23:18,0.01211183,7904000,47.86,-95780,0
2018-08-29 23:19,3.37754726,7900000,13341.31,-26695965,0
2018-08-29 23:19,0.11194541,7900000,442.18,-884811,0
2018-08-29 23:19,0.01000000,7900000,39.50,-79040,0
2018-08-29 23:37,0.10000000,7887000,394.35,788305,1
2018-08-29 23:38,0.06471990,7883000,255.09,509931,1
2018-08-29 23:44,0.02541619,7869000,99.99,199899,1
2018-08-29 23:44,0.02344778,7869000,92.25,184418,1
2018-08-29 23:44,0.00200000,7869000,7.86,15730,1
2018-08-30 00:11,1.55473417,7869000,6117.10,12228086,1
2018-08-30 00:11,0.00300179,7869000,11.81,23609,1
2018-08-30 00:11,0.26765251,7868000,1052.94,2104837,1
2018-08-30 00:15,0.20820000,7850000,817.18,-1635188,0
2018-08-30 00:15,0.03400000,7850000,133.45,-267034,0
2018-08-30 00:16,0.89090308,7846000,3495.01,-6993521,0
2018-08-30 00:16,0.00489692,7846000,19.21,-38441,0
2018-08-30 00:17,0.08629963,7845000,338.51,-677360,0
2018-08-30 00:17,0.17390037,7845000,682.12,-1364931,0
2018-08-30 00:17,0.10716752,7840000,420.09,-840614,0
2018-08-30 00:17,0.02549194,7840000,99.92,-199957,0
2018-08-30 02:02,0.00070665,7816000,2.76,5520,1
2018-08-30 02:06,0.07819039,7816000,305.56,610830,1
2018-08-30 02:07,0.19315883,7815000,754.76,1508781,1
2018-08-30 02:07,0.36000000,7815000,1406.70,2811993,1
2018-08-30 02:07,0.12000000,7815000,468.90,937331,1
2018-08-30 02:13,1.18882206,7800000,4636.40,-9277449,0
2018-08-30 02:41,0.08536402,7811000,333.38,666444,1
2018-08-30 03:00,0.01065533,7807000,41.59,83144,1
2018-08-30 03:00,0.00256180,7807000,9.99,19989,1
2018-08-30 03:00,1.28850000,7807000,5029.65,10054289,1
2018-08-30 03:00,0.00051242,7806000,1.99,3997,1
2018-08-30 03:00,0.00237043,7804000,9.24,18489,1
2018-08-30 03:00,0.11534019,7803000,449.99,899549,1
2018-08-30 03:03,1.94596514,7792000,7581.48,-15170542,0
2018-08-30 03:03,0.10513486,7792000,409.60,-819621,0
2018-08-30 03:43,0.02899762,7802000,113.11,226126,1
2018-08-30 03:43,0.00635914,7802000,24.80,49589,1
2018-08-30 03:44,0.08720368,7799000,340.05,679761,1
2018-08-30 03:44,0.09386500,7799000,366.02,731687,1
2018-08-30 03:45,0.06853182,7799000,267.23,534212,1
2018-08-30 03:45,0.09386500,7799000,366.02,731687,1
2018-08-30 03:45,0.06853182,7799000,267.23,534212,1
2018-08-30 03:45,0.04544449,7799000,177.21,354244,1
2018-08-30 03:53,0.18413620,7802000,718.31,1435912,1
2018-08-30 04:59,0.04625705,7811000,180.65,361133,1
2018-08-30 05:00,0.00440593,7811000,17.20,34397,1
2018-08-30 05:08,0.30263800,7816000,1182.70,2364235,1
2018-08-30 05:08,0.02216340,7816000,86.61,173142,1
2018-08-30 05:09,0.00209781,7817000,8.19,16390,1
2018-08-30 05:09,0.02196302,7817000,85.84,171599,1
2018-08-30 05:09,0.01388509,7817000,54.26,108485,1
2018-08-30 05:09,0.35893800,7817000,1402.90,2804415,1
2018-08-30 05:12,0.00009010,7814000,0.35,-705,0
2018-08-30 05:15,0.00009765,7816000,0.38,-764,0
2018-08-30 05:19,0.03040000,7813000,118.75,-237634,0
2018-08-30 05:21,0.57990000,7812000,2265.08,-4532444,0
2018-08-30 05:32,1.67458431,7819000,6546.78,13087027,1
2018-08-30 05:35,0.86204488,7819000,3370.16,6736958,1
2018-08-30 05:38,0.38252951,7829000,1497.41,2993326,1
2018-08-30 05:46,0.00008997,7812000,0.35,-704,0
2018-08-30 05:46,0.00151003,7812000,5.89,-11803,0
2018-08-30 05:51,0.05580000,7821000,218.20,-436630,0
2018-08-30 05:53,0.01102982,7835000,43.20,86375,1
2018-08-30 05:54,0.16970000,7824000,663.86,-1328397,0
2018-08-30 05:59,0.70000000,7828000,2739.80,-5482340,0
2018-08-30 06:01,0.70000000,7829000,2740.15,-5483041,0
2018-08-30 06:02,0.05280000,7830000,206.71,-413631,0
2018-08-30 06:03,0.00190000,7829000,7.43,-14883,0
2018-08-30 06:04,0.05430000,7829000,212.55,-425328,0
2018-08-30 06:42,0.03226373,7849000,126.61,253111,1
2018-08-30 07:14,0.00023320,7844000,0.91,-1831,0
2018-08-30 07:23,2.06500000,7845000,8099.96,-16208025,0
2018-08-30 07:29,0.00127226,7860000,4.99,9994,1
2018-08-30 07:30,0.23950211,7860000,941.24,1881545,1
2018-08-30 07:33,1.19159119,7860000,4682.95,9361223,1
2018-08-30 07:33,0.02854488,7860000,112.18,224250,1
2018-08-30 07:34,0.00178100,7860000,6.99,13991,1
2018-08-30 07:34,0.00625159,7860000,24.56,49112,1
2018-08-30 07:41,0.31616828,7860000,1242.54,2483840,1
2018-08-30 08:13,0.06910000,7848000,271.14,-542568,0
2018-08-30 08:15,1.54337006,7844000,6053.09,-12112248,0
2018-08-30 08:15,0.17262994,7844000,677.05,-1354787,0
2018-08-30 08:31,0.10408466,7854000,408.74,817072,1
2018-08-30 08:32,0.06721511,7855000,263.98,527710,1
2018-08-30 08:32,0.51115539,7855000,2007.56,4013118,1
2018-08-30 08:32,0.00412940,7855000,16.21,32420,1
2018-08-30 08:32,0.37563030,7855000,1475.28,2949100,1
2018-08-30 08:33,0.25940000,7841000,1016.97,-2034973,0
2018-08-30 08:41,0.90046678,7838000,3528.92,7054329,1
2018-08-30 08:42,0.10000000,7838000,391.90,783408,1
2018-08-30 08:42,0.25116546,7830000,983.31,-1967609,0
2018-08-30 08:42,0.01193454,7830000,46.72,-93495,0
2018-08-30 09:00,0.03069300,7825000,120.08,-240293,0
2018-08-30 09:00,0.20192710,7828000,790.34,-1581476,0
2018-08-30 09:00,0.19213567,7828000,752.01,-1504790,0
2018-08-30 09:00,0.00626433,7828000,24.51,-49062,0
2018-08-30 09:01,0.00009973,7837000,0.39,781,1
2018-08-30 09:01,0.00624146,7837000,24.45,48889,1
2018-08-30 09:01,0.02987861,7837000,117.07,234041,1
2018-08-30 09:01,0.04366437,7837000,171.09,342026,1
2018-08-30 09:01,0.00625822,7837000,24.52,49021,1
2018-08-30 09:01,0.00006803,7837000,0.26,532,1
2018-08-30 09:01,0.00623777,7837000,24.44,48860,1
2018-08-30 09:01,0.06294868,7836000,246.63,493019,1
2018-08-30 09:02,0.00375769,7836000,14.72,29430,1
2018-08-30 09:02,0.11109200,7836000,435.25,870081,1
2018-08-30 09:02,0.25297635,7836000,991.16,1981331,1
2018-08-30 09:02,0.04837318,7836000,189.52,378862,1
2018-08-30 09:02,0.20373000,7836000,798.21,1595630,1
2018-08-30 09:03,0.05532460,7838000,216.81,433417,1
2018-08-30 09:03,0.25737600,7838000,1008.65,2016304,1
2018-08-30 09:03,0.29197757,7837000,1144.11,2287084,1
2018-08-30 09:04,0.73160000,7828000,2863.48,-5729829,0
2018-08-30 09:11,0.02958222,7836000,115.90,231690,1
2018-08-30 09:12,0.00017308,7829000,0.67,-1356,0
2018-08-30 09:17,1.14250000,7844000,4480.88,-8966251,0
2018-08-30 10:15,0.00089994,7865000,3.53,7074,1
2018-08-30 10:32,0.01014962,7866000,39.91,79796,1
2018-08-30 10:35,0.00074911,7867000,2.94,5890,1
2018-08-30 10:58,0.33063167,7883000,1303.18,2605066,1
2018-08-30 10:58,0.01000000,7883000,39.41,78790,1
2018-08-30 10:58,1.89900000,7883000,7484.90,14962332,1
2018-08-30 10:58,0.01000000,7883000,39.41,78790,1
2018-08-30 10:58,1.09400000,7883000,4312.00,8619689,1
2018-08-30 11:04,0.08253074,7871000,324.79,-649925,0
2018-08-30 11:04,0.13076926,7873000,514.77,-1030062,0
2018-08-30 11:07,3.78660000,7845000,14852.93,-29720730,0
2018-08-30 11:46,0.00930690,7802000,36.30,72576,1
2018-08-30 11:51,0.18174909,7825000,711.09,1421475,1
2018-08-30 11:51,0.07928317,7825000,310.19,620080,1
2018-08-30 11:52,0.01240751,7825000,48.54,97040,1
2018-08-30 12:11,0.00649556,7805000,25.34,50672,1
2018-08-30 12:11,0.00100000,7805000,3.90,7801,1
2018-08-30 12:11,0.00100000,7805000,3.90,7801,1
2018-08-30 12:11,0.00091845,7805000,3.58,7164,1
2018-08-30 12:11,0.70000000,7805000,2731.75,5460768,1
2018-08-30 12:11,0.20577890,7804000,802.94,1605095,1
2018-08-30 12:11,1.00000000,7804000,3902.00,7800098,1
2018-08-30 12:11,0.01969881,7804000,76.86,153652,1
2018-08-30 12:16,0.00100000,7805000,3.90,7801,1
2018-08-30 12:20,0.00882262,7810000,34.45,-68940,0
2018-08-30 12:20,0.19670540,7810000,768.13,-1537038,0
2018-08-30 12:20,0.02307198,7810000,90.09,-180283,0
2018-08-30 12:27,0.04744134,7827000,185.66,371137,1
2018-08-30 12:47,0.11744154,7825000,459.49,918520,1
2018-08-30 12:47,0.17821415,7825000,697.26,1393828,1
2018-08-30 12:47,0.12575601,7824000,491.95,983423,1
2018-08-30 12:47,0.00485227,7824000,18.98,37945,1
2018-08-30 12:47,0.09201322,7822000,359.86,719367,1
2018-08-30 12:51,1.31014927,7816000,5120.06,-10245247,0
2018-08-30 12:51,0.02188551,7816000,85.52,-171143,0
2018-08-30 12:51,0.00194515,7816000,7.60,-15211,0
2018-08-30 12:51,0.06362158,7817000,248.66,-497579,0
2018-08-30 12:51,0.08007842,7817000,312.98,-626286,0
2018-08-30 12:51,0.00009377,7817000,0.36,-734,0
2018-08-30 12:51,0.00670623,7817000,26.21,-52449,0
2018-08-30 13:25,0.23113069,7824000,904.18,-1809271,0
2018-08-30 13:25,0.08829649,7824000,345.41,-691178,0
2018-08-30 13:25,0.06399354,7824000,250.34,-500936,0
2018-08-30 13:25,0.01927057,7824000,75.38,-150849,0
2018-08-30 13:32,0.00701217,7829000,27.44,54870,1
2018-08-30 13:32,0.01380000,7829000,54.02,107986,1
2018-08-30 14:00,0.00770143,7833000,30.16,60295,1
2018-08-30 14:00,0.00770143,7833000,30.16,60295,1
2018-08-30 14:00,0.01531019,7833000,59.96,119864,1
2018-08-30 14:14,0.36583296,7830000,1432.23,2863039,1
2018-08-30 14:17,0.13766123,7831000,539.01,1077486,1
2018-08-30 14:28,0.04363887,7832000,170.88,341608,1
2018-08-30 14:32,0.11520000,7810000,449.85,-900162,0
2018-08-30 14:33,0.02490000,7809000,97.22,-194542,0
2018-08-30 14:33,0.00008956,7804000,0.34,-700,0
2018-08-30 14:33,0.03700000,7804000,144.37,-288893,0
2018-08-30 14:40,0.56379469,7795000,2197.38,-4396977,0
2018-08-30 14:45,0.93516562,7799000,3646.67,7289709,1
2018-08-30 14:46,0.05422603,7790000,211.21,422209,1
2018-08-30 14:46,0.10000000,7790000,389.50,778610,1
2018-08-30 14:46,0.01500000,7790000,58.42,116791,1
2018-08-30 14:46,0.10000000,7790000,389.50,778610,1
2018-08-30 14:49,0.04498012,7791000,175.22,350264,1
2018-08-30 14:49,0.02105454,7791000,82.01,163953,1
2018-08-30 14:49,0.01100000,7791000,42.85,85658,1
2018-08-30 14:49,0.09900000,7791000,385.65,770923,1
2018-08-30 14:59,1.01709568,7770000,3951.41,-7906785,0
2018-08-30 14:59,0.01287002,7770000,50.00,-100050,0
2018-08-30 15:10,0.12582353,7779000,489.39,978291,1
2018-08-30 15:10,0.06132887,7779000,238.53,476838,1
2018-08-30 15:12,0.13795491,7788000,537.19,1073855,1
2018-08-30 15:20,0.00638114,7790000,24.85,49684,1
2018-08-30 15:33,1.12578350,7802000,4391.68,8778971,1
2018-08-30 15:38,0.64070528,7800000,2498.75,4995002,1
2018-08-30 15:54,0.39998214,7807000,1561.33,3121099,1
2018-08-30 15:54,0.00800000,7807000,31.22,62424,1
2018-08-30 15:54,0.05211892,7807000,203.44,406688,1
2018-08-30 16:06,0.10769405,7812000,420.65,-841727,0
2018-08-30 16:26,0.67280000,7830000,2634.01,5265389,1
2018-08-30 16:56,0.00006407,7798000,0.24,-500,0
2018-08-30 16:56,0.01476990,7798000,57.58,-115234,0
2018-08-30 16:58,0.00000154,7800000,0,-12,0
2018-08-30 16:59,0.10000000,7800000,390.00,-780390,0
2018-08-30 16:59,0.04610000,7800000,179.79,-359760,0
2018-08-30 17:08,0.00007015,7799000,0.27,-548,0
2018-08-30 17:17,0.05092697,7808000,198.81,397438,1
2018-08-30 17:17,0.00257512,7808000,10.05,20096,1
2018-08-30 17:17,0.10760000,7808000,420.07,839720,1
2018-08-30 17:47,0.00000958,7801000,0.03,-75,0
2018-08-30 17:47,0.02259042,7801000,88.11,-176316,0
2018-08-30 17:47,0.00002161,7801000,0.08,-169,0
2018-08-30 17:50,0.00400000,7796000,15.59,-31200,0
2018-08-30 17:50,0.14807351,7796000,577.19,-1154959,0
2018-08-30 17:50,0.00199005,7796000,7.75,-15523,0
2018-08-30 17:50,0.17660000,7813000,689.88,1379085,1
2018-08-30 17:56,0.00002602,7781000,0.10,-203,0
2018-08-30 17:56,0.02579051,7781000,100.33,-200777,0
2018-08-30 17:58,0.01620000,7772000,62.95,-125970,0
2018-08-30 18:03,0.04210000,7785000,163.87,327584,1
2018-08-30 18:10,0.45552599,7780000,1771.99,-3545765,0
2018-08-30 18:10,0.00610236,7780000,23.73,-47500,0
2018-08-30 18:12,0.35640000,7770000,1384.61,-2770613,0
2018-08-30 18:12,0.00004997,7767000,0.19,-389,0
2018-08-30 18:12,0.12835003,7767000,498.44,-997394,0
2018-08-30 18:12,0.09504846,7767000,369.12,-738611,0
2018-08-30 18:12,0.03479142,7767000,135.11,-270360,0
2018-08-30 18:12,0.00660000,7767000,25.63,-51288,0
2018-08-30 18:13,0.00304633,7765000,11.82,-23667,0
2018-08-30 18:21,0.11209029,7776000,435.80,871178,1
2018-08-30 18:21,0.04420446,7772000,171.77,343385,1
2018-08-30 18:21,0.00050810,7772000,1.97,3946,1
2018-08-30 18:21,0.50000000,7772000,1943.00,3884057,1
2018-08-30 18:32,0.00006705,7785000,0.26,521,1
2018-08-30 18:32,0.00635212,7785000,24.72,49426,1
2018-08-30 18:34,0.10000000,7788000,389.40,-779190,0
2018-08-30 18:41,0.47991454,7758000,1861.58,-3725039,0
2018-08-30 18:41,0.02595428,7758000,100.67,-201454,0
2018-08-30 18:46,0.01817516,7753000,70.45,-140983,0
2018-08-30 18:46,0.00412841,7753000,16.00,-32024,0
2018-08-30 18:46,0.48570317,7764000,1885.49,3769113,1
2018-08-30 18:59,0.05020000,7759000,194.75,-389697,0
2018-08-30 18:59,0.14244627,7762000,552.83,-1106221,0
2018-08-30 18:59,0.00759743,7762000,29.48,-59001,0
2018-08-30 18:59,0.23287076,7762000,903.77,-1808447,0
2018-08-30 18:59,0.21368554,7762000,829.31,-1659457,0
2018-08-30 19:01,0.04599096,7755000,178.32,-356839,0
2018-08-30 19:01,0.09720904,7755000,376.92,-754233,0
2018-08-30 19:05,0.02615822,7761000,101.50,-203116,0
2018-08-30 19:10,0.16460259,7768000,639.31,1277993,1
2018-08-30 19:10,0.03861997,7768000,149.99,299849,1
2018-08-30 19:10,0.00207544,7768000,8.06,16113,1
2018-08-30 19:11,0.00443874,7770000,17.24,34471,1
2018-08-30 19:11,0.00639504,7770000,24.84,49664,1
2018-08-30 19:11,0.00639504,7770000,24.84,49664,1
2018-08-30 19:11,0.03900000,7770000,151.51,302878,1
2018-08-30 19:15,0.00058244,7766000,2.26,4520,1
2018-08-30 19:15,0.00640844,7766000,24.88,49743,1
2018-08-30 19:15,0.00171257,7766000,6.64,13293,1
2018-08-30 19:38,0.85898930,7763000,3334.16,6664999,1
2018-08-30 19:38,0.04101978,7763000,159.21,318277,1
2018-08-30 19:39,0.01799300,7763000,69.83,139609,1
2018-08-30 19:39,0.07726937,7763000,299.92,599542,1
2018-08-30 19:39,0.11580000,7762000,449.41,898390,1
2018-08-30 20:11,0.14000000,7761000,543.27,-1087084,0
2018-08-30 20:12,0.00497883,7775000,19.35,38691,1
2018-08-30 20:12,0.00638606,7775000,24.82,49626,1
2018-08-30 20:12,0.03500000,7775000,136.06,271988,1
2018-08-30 20:13,0.00001587,7763000,0.06,-124,0
2018-08-30 20:14,0.90325115,7761000,3505.06,-7013638,0
2018-08-30 20:14,0.00280000,7762000,10.86,-21745,0
2018-08-30 20:20,0.70527892,7765000,2738.24,5473752,1
2018-08-30 20:20,0.01673342,7765000,64.96,129870,1
2018-08-30 20:20,0.00014159,7765000,0.54,1098,1
2018-08-30 20:30,0.30930220,7764000,1200.71,-2402623,0
2018-08-30 20:30,2.30306482,7764000,8940.49,-17889936,0
2018-08-30 20:33,1.11010000,7765000,4309.96,-8624237,0
2018-08-30 20:36,0.03646412,7768000,141.62,283111,1
2018-08-30 20:38,3.96350000,7757000,15372.43,30729497,1
2018-08-30 20:40,2.47608841,7740000,9582.46,-19174507,0
2018-08-30 20:41,0.41432187,7731000,1601.56,-3204724,0
2018-08-30 20:41,0.62117813,7731000,2401.16,-4804730,0
2018-08-30 20:45,0.01000000,7737000,38.68,77331,1
2018-08-30 20:47,0.00402519,7736000,15.56,31123,1
2018-08-30 21:09,0.02817467,7745000,109.10,218103,1
2018-08-30 21:09,1.00131086,7745000,3877.57,7751275,1
2018-08-30 21:09,0.00641495,7745000,24.84,49658,1
2018-08-30 21:09,0.00641495,7745000,24.84,49658,1
2018-08-30 21:10,1.22504979,7745000,4744.00,9483266,1
2018-08-30 21:10,0.03700000,7745000,143.28,286421,1
2018-08-30 21:19,0.11657673,7723000,450.16,-900773,0
2018-08-30 21:29,0.04483077,7737000,173.42,346682,1
2018-08-30 21:38,0.00005037,7713000,0.19,-389,0
2018-08-30 21:38,0.00442261,7713000,17.05,-34129,0
2018-08-30 21:39,0.05750000,7713000,221.74,-443720,0
2018-08-30 21:41,0.31388185,7710000,1210.01,2418819,1
2018-08-30 21:41,1.01301815,7710000,3905.18,7806464,1
2018-08-30 21:47,0.01305384,7698000,50.24,-100539,0
2018-08-30 21:47,0.01310000,7714000,50.52,101002,1
2018-08-30 22:01,1.39035571,7682000,5340.35,-10686053,0
2018-08-30 22:01,0.53140000,7682000,2041.10,-4084256,0
2018-08-30 22:01,0.00009759,7683000,0.37,-751,0
2018-08-30 22:01,0.02140241,7683000,82.21,-164517,0
2018-08-30 22:10,0.04770000,7692000,183.45,-367092,0
2018-08-30 22:12,0.00002617,7690000,0.10,-202,0
2018-08-30 22:13,1.06810000,7691000,4107.37,-8218865,0
2018-08-30 22:14,0.11041774,7708000,425.54,850674,1
2018-08-30 22:14,0.94647189,7708000,3647.70,7291757,1
2018-08-30 22:16,0.00007795,7699000,0.30,-601,0
2018-08-30 22:21,1.08094945,7702000,4162.73,-8329636,0
2018-08-30 22:29,0.26341320,7700000,1014.14,2027267,1
2018-08-30 22:35,1.18020000,7691000,4538.45,-9081457,0
2018-08-30 23:03,0.00567383,7697000,21.83,43649,1
2018-08-30 23:03,2.31782158,7698000,8921.29,17833669,1
2018-08-30 23:04,0.24839916,7697000,955.96,1910972,1
2018-08-30 23:04,0.01241771,7697000,47.78,95531,1
2018-08-30 23:13,0.66575077,7710000,2566.46,5130371,1
2018-08-30 23:14,0.15881243,7710000,612.22,1223831,1
2018-08-30 23:25,0.28020422,7716000,1081.02,2160974,1
2018-08-30 23:25,0.02260203,7716000,87.19,174310,1
2018-08-30 23:25,0.04000000,7716000,154.32,308485,1
2018-08-30 23:25,0.24829375,7716000,957.91,1914876,1
2018-08-30 23:56,0.00007600,7711000,0.29,-587,0
2018-08-31 00:18,0.44004287,7719000,1698.34,-3398390,0
2018-08-31 00:18,2.00000000,7719000,7719.00,-15445719,0
2018-08-31 00:18,1.55980000,7720000,6020.82,-12047677,0
2018-08-31 00:19,1.08040109,7733000,4177.37,8350564,1
2018-08-31 00:25,2.36552383,7738000,9152.21,18295271,1
2018-08-31 00:26,0.19202278,7733000,742.45,1484169,1
2018-08-31 00:30,0.36200000,7740000,1400.94,2800479,1
2018-08-31 00:35,0.10810000,7725000,417.53,-835490,0
2018-08-31 00:56,0.00056331,7726000,2.17,-4355,0
2018-08-31 00:56,0.00503669,7726000,19.45,-38933,0
2018-08-31 00:57,3.88630000,7719000,14999.17,-30013349,0
2018-08-31 01:48,0.01931376,7734000,74.68,149297,1
2018-08-31 01:48,0.03876536,7734000,149.90,299661,1
2018-08-31 01:48,1.89977897,7734000,7346.44,14685544,1
2018-08-31 01:49,0.01057470,7735000,40.89,81754,1
2018-08-31 01:49,0.00628019,7735000,24.28,48552,1
2018-08-31 01:49,0.00464295,7730000,17.94,35872,1
2018-08-31 01:49,0.00628019,7730000,24.27,48521,1
2018-08-31 01:49,0.00670178,7730000,25.90,51778,1
2018-08-31 01:49,0.03309687,7730000,127.91,255710,1
2018-08-31 01:49,0.01000000,7730000,38.65,77261,1
2018-08-31 01:52,0.05033634,7719000,194.27,-388741,0
2018-08-31 02:07,0.58660679,7734000,2268.40,4534548,1
2018-08-31 02:07,0.06974276,7734000,269.69,539120,1
2018-08-31 02:07,0.09541787,7734000,368.98,737592,1
2018-08-31 02:08,0.00020000,7734000,0.77,1546,1
2018-08-31 02:18,0.00020000,7742000,0.77,1547,1
2018-08-31 02:19,0.14630000,7727000,565.23,-1131026,0
2018-08-31 02:27,0.05000000,7740000,193.50,386806,1
2018-08-31 02:40,0.02000000,7738000,77.38,154682,1
2018-08-31 02:40,0.03100828,7736000,119.94,239760,1
2018-08-31 02:40,0.03100828,7736000,119.94,239760,1
2018-08-31 02:40,0.01000000,7736000,38.68,77321,1
2018-08-31 03:10,0.14616049,7726000,564.61,-1129801,0
2018-08-31 03:10,0.00284307,7726000,10.98,-21977,0
2018-08-31 03:10,0.09089644,7726000,351.13,-702617,0
2018-08-31 03:11,0.00009162,7723000,0.35,-708,0
2018-08-31 03:11,0.01113129,7723000,42.98,-86010,0
2018-08-31 03:12,0.03600000,7725000,139.05,-278239,0
2018-08-31 03:14,1.17493472,7722000,4536.42,-9077383,0
2018-08-31 03:14,0.01316528,7722000,50.83,-101714,0
2018-08-31 03:16,0.00003306,7720000,0.12,-256,0
2018-08-31 03:24,0.00000738,7727000,0.02,-57,0
2018-08-31 03:30,0.00002341,7725000,0.09,-181,0
2018-08-31 03:34,0.01153086,7734000,44.58,89135,1
2018-08-31 03:39,0.26960000,7703000,1038.36,-2077768,0
2018-08-31 03:43,3.00040000,7710000,11566.54,23121517,1
2018-08-31 03:49,0.10869230,7685000,417.65,-835718,0
2018-08-31 03:49,0.01315264,7685000,50.53,-101129,0
2018-08-31 03:50,0.06402289,7685000,246.00,-492262,0
2018-08-31 03:50,0.06597711,7689000,253.64,-507552,0
2018-08-31 03:50,0.06400000,7689000,246.04,-492342,0
2018-08-31 03:54,0.01400000,7687000,53.80,-107672,0
2018-08-31 04:02,0.25055000,7705000,965.24,1929522,1
2018-08-31 04:03,0.07930000,7712000,305.78,611255,1
2018-08-31 04:27,0.00002770,7703000,0.10,-214,0
2018-08-31 04:27,0.36000000,7703000,1386.54,-2774467,0
2018-08-31 04:27,0.04520000,7703000,174.08,-348350,0
2018-08-31 04:28,0.00001582,7700000,0.06,-122,0
2018-08-31 04:28,0.00468418,7700000,18.03,-36087,0
2018-08-31 04:32,0.40990000,7700000,1578.11,3154651,1
2018-08-31 04:35,0.00008196,7680000,0.31,-630,0
2018-08-31 04:35,0.00008126,7683000,0.31,-625,0
2018-08-31 04:35,0.36000000,7685000,1383.30,-2767984,0
2018-08-31 04:35,0.01137558,7686000,43.71,-87477,0
2018-08-31 04:35,0.01782442,7686000,68.49,-137067,0
2018-08-31 04:45,0.30300000,7685000,1164.27,-2329720,0
2018-08-31 04:59,0.10000000,7694000,384.70,769015,1
2018-08-31 05:00,0.10950285,7695000,421.31,842203,1
2018-08-31 05:03,0.03204836,7679000,123.04,-246223,0
2018-08-31 05:07,0.47599600,7695000,1831.39,3660957,1
2018-08-31 05:07,0.03890400,7695000,149.68,299216,1
2018-08-31 05:23,0.00008949,7716000,0.34,-691,0
2018-08-31 05:57,0.08240000,7750000,319.30,-638920,0
2018-08-31 06:06,0.05170125,7767000,200.78,401362,1
2018-08-31 06:07,0.26496098,7753000,1027.12,-2055270,0
2018-08-31 06:07,0.02703902,7753000,104.81,-209739,0
2018-08-31 06:07,0.03000000,7751000,116.26,-232647,0
2018-08-31 06:14,0.04234217,7760000,164.28,-328740,0
2018-08-31 06:14,0.04914239,7760000,190.67,-381536,0
2018-08-31 06:14,0.01511544,7760000,58.64,-117355,0
2018-08-31 06:14,0.37884775,7770000,1471.82,2942175,1
2018-08-31 06:25,0.00000078,7758000,0,-6,0
2018-08-31 06:42,0.03370338,7785000,131.19,262249,1
2018-08-31 06:42,0.04679662,7785000,182.15,364129,1
2018-08-31 08:39,4.00000000,7833000,15666.00,-31347666,0
2018-08-31 08:45,0.01715537,7851000,67.34,134619,1
2018-08-31 08:45,0.00300000,7851000,11.77,23541,1
2018-08-31 08:45,0.00240000,7851000,9.42,18832,1
2018-08-31 08:45,0.00040000,7851000,1.57,3138,1
2018-08-31 08:45,0.00330000,7851000,12.95,25895,1
2018-08-31 08:45,0.00320000,7851000,12.56,25110,1
2018-08-31 08:45,0.00340000,7851000,13.34,26680,1
2018-08-31 08:45,0.00200000,7851000,7.85,15694,1
2018-08-31 08:45,0.00200000,7851000,7.85,15694,1
2018-08-31 08:45,0.00670000,7851000,26.30,52575,1
2018-08-31 08:45,0.03310000,7851000,129.93,259738,1
2018-08-31 08:45,0.01340000,7851000,52.60,105150,1
2018-08-31 08:45,0.00350000,7851000,13.73,27464,1
2018-08-31 08:45,0.05083423,7851000,199.54,398899,1
2018-08-31 08:45,0.30472920,7851000,1196.21,2391232,1
2018-08-31 08:52,0.01525574,7852000,59.89,119728,1
2018-08-31 08:55,1.60257999,7863000,6300.54,12594785,1
2018-08-31 08:55,0.02958107,7863000,116.29,232479,1
2018-08-31 08:55,0.78229253,7861000,3074.80,6146526,1
2018-08-31 08:55,0.00459413,7860000,18.05,36091,1
2018-08-31 08:55,0.51019341,7856000,2004.03,4006075,1
2018-08-31 08:57,0.17660000,7845000,692.71,-1386120,0
2018-08-31 08:58,0.00581856,7853000,22.84,45670,1
2018-08-31 09:00,0.00400588,7855000,15.73,31450,1
2018-08-31 09:00,0.00406749,7855000,15.97,31934,1
2018-08-31 09:00,0.00670626,7855000,26.33,52651,1
2018-08-31 09:01,0.00008598,7830000,0.33,-674,0
2018-08-31 09:03,0.04030000,7835000,157.87,-315909,0
2018-08-31 09:04,0.24578483,7837000,963.10,-1927179,0
2018-08-31 09:04,0.00766476,7837000,30.03,-60099,0
2018-08-31 09:04,0.04912584,7837000,192.49,-385192,0
2018-08-31 09:04,0.00740000,7837000,28.99,-58023,0
2018-08-31 09:04,0.02477072,7837000,97.06,-194226,0
2018-08-31 09:07,0.03565889,7842000,139.81,-279777,0
2018-08-31 09:07,0.01620000,7842000,63.52,-127104,0
2018-08-31 09:13,0.00680000,7840000,26.65,-53339,0
2018-08-31 09:17,0.26269322,7838000,1029.49,2057959,1
2018-08-31 09:34,0.15168119,7827000,593.60,1186615,1
2018-08-31 09:34,0.78181881,7827000,3059.64,6116236,1
2018-08-31 10:04,0.12740000,7792000,496.35,-993198,0
2018-08-31 10:04,0.00760000,7793000,29.61,-59257,0
2018-08-31 10:06,0.00700000,7801000,27.30,-54635,0
2018-08-31 10:12,0.14200000,7811000,554.58,1108607,1
2018-08-31 10:45,0.00890000,7816000,34.78,-69598,0
2018-08-31 10:46,0.02616924,7816000,102.26,-204641,0
2018-08-31 10:46,0.01961634,7816000,76.66,-153398,0
2018-08-31 10:46,0.03510000,7835000,137.50,274870,1
2018-08-31 10:46,0.01960000,7835000,76.78,153489,1
2018-08-31 10:52,0.00310000,7822000,12.12,-24261,0
2018-08-31 10:52,0.00310000,7832000,12.13,24267,1
2018-08-31 11:11,0.09930000,7802000,387.36,-775126,0
2018-08-31 11:12,3.34286402,7802000,13040.51,-26094066,0
2018-08-31 11:12,0.00257298,7802000,10.03,-20085,0
2018-08-31 11:12,0.02594808,7802000,101.22,-202549,0
2018-08-31 11:21,0.00000082,7805000,0,6,1
2018-08-31 11:34,0.05925645,7814000,231.51,462798,1
2018-08-31 11:53,3.41140000,7819000,13336.86,26660399,1
2018-08-31 12:00,0.40698729,7808000,1588.87,-3179346,0
2018-08-31 12:00,0.06401271,7808000,249.90,-500062,0
2018-08-31 12:00,0.04380000,7803000,170.88,-341943,0
2018-08-31 12:01,2.66855316,7804000,10412.69,-20835802,0
2018-08-31 12:01,0.01241515,7804000,48.44,-96937,0
2018-08-31 12:01,0.07263169,7804000,283.40,-567102,0
2018-08-31 12:07,0.17599527,7810000,687.26,1373835,1
2018-08-31 12:07,0.10000000,7810000,390.50,780609,1
2018-08-31 12:46,1.26051606,7814000,4924.83,9844747,1
2018-08-31 12:46,0.04000000,7814000,156.28,312403,1
2018-08-31 12:48,0.16589441,7809000,647.73,1294821,1
2018-08-31 12:53,0.00170000,7822000,6.64,13290,1
2018-08-31 13:04,0.85924086,7826000,3362.20,6721056,1
2018-08-31 13:09,0.66510000,7826000,2602.53,5202470,1
2018-08-31 13:20,0.00085087,7820000,3.32,-6658,0
2018-08-31 14:00,1.71130000,7857000,6722.84,-13452407,0
2018-08-31 14:03,0.74349995,7871000,2926.04,5849162,1
2018-08-31 14:03,0.00877148,7871000,34.52,69005,1
2018-08-31 14:04,0.09883756,7877000,389.27,778154,1
2018-08-31 14:05,0.29560785,7869000,1163.06,-2327302,0
2018-08-31 14:05,0.17824700,7869000,701.31,-1403327,0
2018-08-31 14:05,0.00100000,7869000,3.93,-7873,0
2018-08-31 14:05,0.26387335,7878000,1039.39,2077754,1
2018-08-31 14:08,0.44139712,7870000,1736.89,3472058,1
2018-08-31 14:08,0.05867549,7870000,230.88,461545,1
2018-08-31 14:08,0.57192739,7870000,2250.53,4498818,1
2018-08-31 14:14,0.00003244,7853000,0.12,-255,0
2018-08-31 15:14,0.78030000,7838000,3057.99,-6119050,0
2018-08-31 15:14,0.19980000,7840000,783.21,-1567216,0
2018-08-31 15:14,0.00000079,7840000,0,-7,0
2018-08-31 15:14,0.03099921,7840000,121.51,-243156,0
2018-08-31 15:22,1.61350000,7838000,6323.30,-12652937,0
2018-08-31 15:38,0.00183646,7859000,7.21,14425,1
2018-08-31 15:38,0.35082151,7859000,1378.55,2755727,1
2018-08-31 15:40,0.19819798,7856000,778.52,1556264,1
2018-08-31 15:46,0.21928007,7850000,860.67,1720487,1
2018-08-31 15:46,0.00201242,7850000,7.89,15789,1
2018-08-31 15:48,0.10670543,7852000,418.92,837432,1
2018-08-31 16:01,0.15500000,7861000,609.22,1217845,1
2018-08-31 16:02,0.21499571,7861000,845.04,1689236,1
2018-08-31 16:02,0.00082982,7861000,3.26,6519,1
2018-08-31 16:06,0.99083921,7865000,3896.47,7789053,1
2018-08-31 16:06,0.02179403,7865000,85.70,171324,1
2018-08-31 16:06,0.00319141,7865000,12.55,25087,1
2018-08-31 16:06,0.09262209,7865000,364.23,728108,1
2018-08-31 16:06,0.01280000,7865000,50.33,100621,1
2018-08-31 16:12,0.10617388,7854000,416.94,833472,1
2018-08-31 16:12,0.01000000,7854000,39.27,78500,1
2018-08-31 16:13,0.13750000,7859000,540.30,1080072,1
2018-08-31 16:49,0.00006482,7846000,0.25,-509,0
2018-08-31 16:49,0.03488372,7846000,136.84,-273835,0
2018-08-31 16:49,0.14400000,7846000,564.91,-1130389,0
2018-08-31 16:54,0.17900000,7843000,701.94,1403195,1
2018-08-31 17:32,0.07257733,7855000,285.04,-570380,0
2018-08-31 17:32,0.00300000,7855000,11.78,-23577,0
2018-08-31 17:33,0.00003578,7856000,0.14,-282,0
2018-08-31 17:33,0.16503718,7856000,648.26,-1297181,0
2018-08-31 17:36,0.24060000,7856000,945.07,1889208,1
2018-08-31 17:57,0.00006399,7839000,0.25,-502,0
2018-08-31 17:57,0.03383340,7839000,132.61,-265353,0
2018-08-31 18:00,0.00000322,7831000,0.01,-26,0
2018-08-31 18:09,0.00530000,7829000,20.74,-41515,0
2018-08-31 18:09,0.01278581,7829000,50.05,-100151,0
2018-08-31 18:09,0.00642297,7829000,25.14,-50311,0
2018-08-31 18:09,0.05225798,7828000,204.53,-409280,0
2018-08-31 18:09,0.03744202,7828000,146.54,-293243,0
2018-08-31 18:14,0.14820000,7834000,580.49,1160418,1
2018-08-31 18:58,0.70000000,7811000,2733.85,-5470434,0
2018-08-31 18:58,3.30000000,7809000,12884.85,-25782585,0
2018-08-31 19:18,0.10382847,7813000,405.60,810806,1
2018-08-31 19:20,0.26017814,7810000,1015.99,2030975,1
2018-08-31 19:20,0.05461168,7810000,213.25,426303,1
2018-08-31 19:20,0.03832693,7810000,149.66,299183,1
2018-08-31 19:20,0.81286201,7808000,3173.41,6343653,1
2018-08-31 19:20,0.00128073,7808000,4.99,9994,1
2018-08-31 19:20,0.01282574,7808000,50.07,100093,1
2018-08-31 19:20,0.01638770,7808000,63.97,127891,1
2018-08-31 19:26,1.30030000,7787000,5062.71,-10130499,0
2018-08-31 20:30,0.40712941,7836000,1595.13,3188670,1
2018-08-31 20:31,0.46290467,7835000,1813.42,3625044,1
2018-08-31 20:35,0.10919735,7819000,426.90,853387,1
2018-08-31 20:35,0.21338764,7818000,834.13,1667430,1
2018-08-31 20:36,0.00000854,7812000,0.03,-67,0
2018-08-31 20:46,0.00110000,7804000,4.29,-8589,0
2018-08-31 20:47,0.71525546,7803000,2790.56,-5583929,0
2018-08-31 20:49,0.00247230,7809000,9.65,19296,1
2018-08-31 20:49,0.01889381,7809000,73.77,147467,1
2018-08-31 20:57,0.07204944,7814000,281.49,562712,1
2018-08-31 20:57,0.50000000,7814000,1953.50,3905046,1
2018-08-31 20:57,0.48000000,7814000,1875.36,3748844,1
2018-08-31 20:57,0.01789920,7814000,69.93,139794,1
2018-08-31 20:58,0.00310000,7811000,12.10,-24227,0
2018-08-31 21:02,0.00370000,7825000,14.47,-28967,0
2018-08-31 21:04,0.18681798,7830000,731.39,1462053,1
2018-08-31 21:04,0.12777919,7830000,500.25,1000010,1
2018-08-31 21:06,0.12139161,7822000,474.76,949050,1
2018-08-31 21:06,0.08737977,7822000,341.74,683142,1
2018-08-31 21:06,0.36000000,7821000,1407.78,2814152,1
2018-08-31 21:06,0.70000000,7821000,2737.35,5471962,1
2018-08-31 21:07,0.40631069,7821000,1588.87,3176167,1
2018-08-31 21:07,0.08674949,7821000,339.23,678128,1
2018-08-31 21:07,0.00100000,7821000,3.91,7817,1
2018-08-31 21:12,0.25550000,7802000,996.70,-1994408,0
2018-08-31 21:15,0.00006420,7809000,0.25,-502,0
2018-08-31 21:23,0.25770000,7802000,1005.28,-2011581,0
2018-08-31 21:31,0.70000000,7782000,2723.70,-5450124,0
2018-08-31 21:31,0.13038290,7782000,507.31,-1015147,0
2018-08-31 21:31,0.09531710,7782000,370.87,-742129,0
2018-08-31 21:31,0.44040000,7782000,1713.59,-3428907,0
2018-08-31 21:31,0.34730000,7782000,1351.34,-2704040,0
2018-08-31 21:31,0.08419670,7783000,327.65,-655631,0
2018-08-31 21:31,0.35990330,7783000,1400.56,-2802528,0
2018-08-31 21:50,3.03250000,7780000,11796.42,23581053,1
2018-08-31 21:53,0.70000000,7764000,2717.40,-5437518,0
2018-08-31 21:53,0.36000000,7764000,1397.52,-2796438,0
2018-08-31 21:53,0.20708113,7764000,803.88,-1608582,0
2018-08-31 21:53,0.69991887,7764000,2717.08,-5436888,0
2018-08-31 21:53,0.04750000,7764000,184.39,-368975,0
2018-08-31 21:54,0.00009577,7764000,0.37,-744,0
2018-08-31 21:54,0.29990423,7764000,1164.22,-2329621,0
2018-08-31 21:54,1.68550000,7757000,6537.21,-13080961,0
2018-08-31 22:07,0.03138012,7770000,121.91,243701,1
2018-08-31 22:07,0.01000000,7770000,38.85,77661,1
2018-08-31 22:07,0.00062285,7770000,2.41,4837,1
2018-08-31 22:39,0.60051035,7772000,2333.58,4664832,1
2018-08-31 22:41,0.03061764,7776000,119.04,237963,1
2018-08-31 22:44,0.03142597,7779000,122.23,244340,1
2018-08-31 22:47,0.00005644,7775000,0.21,438,1
2018-08-31 22:52,0.00135814,7799000,5.29,10586,1
2018-08-31 22:54,0.00002586,7794000,0.10,201,1
2018-08-31 23:00,0.21943234,7790000,854.68,1708523,1
2018-08-31 23:00,0.00071299,7790000,2.77,5551,1
2018-08-31 23:00,0.06612277,7790000,257.54,514838,1
2018-08-31 23:00,0.01500000,7790000,58.42,116791,1
2018-08-31 23:00,0.04983700,7790000,194.11,388036,1
2018-08-31 23:13,1.56782308,7798000,6112.94,12219771,1
2018-08-31 23:28,0.02786480,7782000,108.42,-216953,0
2018-08-31 23:28,0.02233099,7782000,86.88,-173867,0
2018-08-31 23:29,0.08970000,7782000,349.02,-698395,0
2018-08-31 23:31,1.91985959,7785000,7473.05,-14953580,0
2018-08-31 23:31,0.12293594,7785000,478.52,-957535,0
2018-08-31 23:31,0.44220447,7785000,1721.28,-3444283,0
